scan_ts_kst,date,ticker,name,market,sector,bar_date,close,volume,avg_vol20,atr14,market_cap,tech,macro,filing,value,total,consensus,signal,ev,target,hitl,source,asset_type,flow,regime
2026-08-25T07:30:54.613177+09:00,2026-08-25,NVDA,NVIDIA Corporation,US,반도체,2026-08-24,208.48,134405887,115567704.35,5.8793,5049593888768,43,65,71,58,55,1,HOLD,0.1,1,False,live,STOCK,48,NEUTRAL
2026-08-25T07:30:54.613177+09:00,2026-08-25,AAPL,Apple Inc.,US,IT,2026-08-24,310.34,34379936,52252896.8,6.0232,4529157832704,43,60,58,42,54,1,HOLD,0.16,2,False,live,STOCK,77,NEUTRAL
2026-08-25T07:30:54.613177+09:00,2026-08-25,GOOGL,Alphabet Inc.,US,인터넷,2026-08-24,348.06,26279090,26588199.5,8.0121,4256751157248,17,65,60,68,46,0,HOLD,-0.44,-5,False,live,STOCK,49,NEUTRAL
2026-08-25T07:30:54.613177+09:00,2026-08-25,GOOG,Alphabet Inc.,US,인터넷,2026-08-24,344.59,16410606,17777875.3,7.55,4214313189376,17,65,60,68,46,0,HOLD,-0.44,-5,False,live,STOCK,49,NEUTRAL
2026-08-25T07:30:54.613177+09:00,2026-08-25,MSFT,Microsoft Corporation,US,IT,2026-08-24,487.31,16754809,36097075.45,9.6942,3618542714880,55,60,50,50,56,1,HOLD,0.44,5,False,live,STOCK,75,NEUTRAL
2026-08-25T07:30:54.613177+09:00,2026-08-25,AMZN,"Amazon.com, Inc.",US,소비재,2026-08-24,262.07,27975466,47621468.3,6.1364,2826769268736,40,60,60,50,52,0,HOLD,0.03,0,False,live,STOCK,61,NEUTRAL
2026-08-25T07:30:54.613177+09:00,2026-08-25,TSM,Taiwan Semiconductor Manufacturing Compa,US,반도체,2026-08-24,410.12,10623060,11803313.0,11.2436,2127076655104,28,65,77,58,50,1,HOLD,-0.12,-1,False,live,STOCK,33,NEUTRAL
2026-08-25T07:30:54.613177+09:00,2026-08-25,AVGO,Broadcom Inc.,US,반도체,2026-08-24,358.76,18635761,19938363.05,13.5743,1706829545472,35,65,60,50,45,0,HOLD,-0.43,-5,False,live,STOCK,32,NEUTRAL
2026-08-25T07:30:54.613177+09:00,2026-08-25,META,"Meta Platforms, Inc.",US,인터넷,2026-08-24,559.02,12868199,17434469.95,17.0621,1424106979328,25,65,50,66,45,0,HOLD,-0.43,-5,False,live,STOCK,47,NEUTRAL
2026-08-25T07:30:54.613177+09:00,2026-08-25,TSLA,"Tesla, Inc.",US,소비재,2026-08-24,348.95,39022052,34779577.6,11.9514,1378194685952,62,60,70,30,57,1,HOLD,0.17,2,False,live,STOCK,59,NEUTRAL
2026-08-25T07:30:54.613177+09:00,2026-08-25,LLY,Eli Lilly and Company,US,제약/바이오,2026-08-24,1246.9301,1661745,2858162.25,45.4088,1111939088384,91,65,71,42,71,2,WATCH,1.1,13,False,live,STOCK,69,NEUTRAL
2026-08-25T07:30:54.613177+09:00,2026-08-25,MU,"Micron Technology, Inc.",US,반도체,2026-08-24,910.43,29794356,38334597.8,56.6639,,65,65,65,58,60,0,HOLD,0.4,5,False,live,STOCK,47,NEUTRAL
2026-08-25T07:30:54.613177+09:00,2026-08-25,JPM,JPMorgan Chase & Co.,US,금융,2026-08-24,356.39,4236267,6031198.35,5.4671,947351060480,47,60,71,60,59,1,HOLD,0.48,6,False,live,STOCK,60,NEUTRAL
2026-08-25T07:30:54.613177+09:00,2026-08-25,WMT,Walmart Inc.,US,소매,2026-08-24,106.49,33533583,27055414.15,2.8494,847455780864,28,60,50,37,39,0,AVOID,-0.55,-7,True,live,STOCK,41,NEUTRAL
2026-08-25T07:30:54.613177+09:00,2026-08-25,AMD,"Advanced Micro Devices, Inc.",US,반도체,2026-08-24,456.745,16521739,25781991.95,21.735,745624764416,25,65,65,35,42,0,AVOID,-0.45,-5,True,live,STOCK,39,NEUTRAL
2026-08-25T07:30:54.613177+09:00,2026-08-25,V,Visa Inc.,US,금융,2026-08-24,382.41,8469839,7467291.95,6.5084,713977561088,88,60,63,50,71,2,WATCH,1.06,13,False,live,STOCK,77,NEUTRAL
2026-08-25T07:30:54.613177+09:00,2026-08-25,XOM,Exxon Mobil Corporation,US,에너지,2026-08-24,164.05,10341598,14100534.9,3.5051,674559164416,81,60,50,58,65,2,WATCH,0.75,9,False,live,STOCK,71,NEUTRAL
2026-08-25T07:30:54.613177+09:00,2026-08-25,ASML,ASML Holding N.V.,US,반도체,2026-08-24,1740.13,1074112,1445795.6,55.9786,668383903744,47,65,70,42,51,1,HOLD,0.15,2,False,live,STOCK,39,NEUTRAL
2026-08-25T07:30:54.613177+09:00,2026-08-25,JNJ,Johnson & Johnson,US,제약/바이오,2026-08-24,273.04,5411856,6779377.8,5.435,657998675968,78,65,56,53,67,2,WATCH,0.9,11,False,live,STOCK,83,NEUTRAL
2026-08-25T07:30:54.613177+09:00,2026-08-25,MA,Mastercard Incorporated,US,금융,2026-08-24,599.86,3121031,3114356.55,10.4714,525483311104,92,60,53,50,70,2,WATCH,1.05,13,False,live,STOCK,83,NEUTRAL
2026-08-25T07:30:54.613177+09:00,2026-08-25,ABBV,AbbVie Inc.,US,제약/바이오,2026-08-24,264.52,3873934,5345746.7,5.5162,467437846528,80,65,81,51,72,2,WATCH,1.08,13,False,live,STOCK,69,NEUTRAL
2026-08-25T07:30:54.613177+09:00,2026-08-25,BAC,Bank of America Corporation,US,금융,2026-08-24,62.33,26723346,27326217.3,1.0586,435858014208,51,60,81,60,65,1,HOLD,0.71,9,False,live,STOCK,69,NEUTRAL
2026-08-25T07:30:54.613177+09:00,2026-08-25,INTC,Intel Corp.,US,반도체,2026-08-24,87.26,96389505,112565460.25,5.3164,461265534976,10,65,83,42,43,1,AVOID,-0.56,-7,True,live,STOCK,33,NEUTRAL
2026-08-25T07:30:54.613177+09:00,2026-08-25,CSCO,"Cisco Systems, Inc.",US,IT,2026-08-24,110.23,12620795,22859159.75,3.96,434464358400,17,60,65,50,43,0,AVOID,-0.45,-5,True,live,STOCK,41,NEUTRAL
2026-08-25T07:30:54.613177+09:00,2026-08-25,COST,Costco Wholesale Corporation,US,소매,2026-08-24,971.4,2202405,1870970.25,17.9839,430795325440,77,60,60,29,57,1,HOLD,0.36,4,False,live,STOCK,49,NEUTRAL
2026-08-25T07:30:54.613177+09:00,2026-08-25,ORCL,Oracle Corporation,US,IT,2026-08-24,142.45,14120539,27944686.95,6.3143,410323091456,55,60,50,50,53,0,HOLD,-0.09,-1,False,live,STOCK,56,NEUTRAL
2026-08-25T07:30:54.613177+09:00,2026-08-25,CVX,Chevron Corporation,US,에너지,2026-08-24,203.09,5559861,8021208.05,3.9383,398382006272,81,60,32,74,63,3,WATCH,0.62,7,False,live,STOCK,71,NEUTRAL
2026-08-25T07:30:54.613177+09:00,2026-08-25,PLTR,Palantir Technologies Inc.,US,IT,2026-08-24,175.89,35003354,47551657.7,7.4531,422673940480,88,60,42,35,62,2,WATCH,0.81,10,False,live,STOCK,81,NEUTRAL
2026-08-25T07:30:54.613177+09:00,2026-08-25,KO,The Coca-Cola Company,US,소매,2026-08-24,91.99,14746920,15872526.0,1.3357,395791466496,73,60,53,37,61,2,WATCH,0.7,8,False,live,STOCK,77,NEUTRAL
2026-08-25T07:30:54.613177+09:00,2026-08-25,LRCX,Lam Research Corporation,US,반도체,2026-08-24,310.17,8343932,10292876.6,16.7164,388122247168,65,65,73,42,58,1,HOLD,0.3,4,False,live,STOCK,39,NEUTRAL
2026-08-25T07:30:54.613177+09:00,2026-08-25,AMAT,"Applied Materials, Inc.",US,반도체,2026-08-24,484.19,8790077,8049263.85,26.1916,384427229184,29,65,65,50,46,0,HOLD,-0.13,-2,False,live,STOCK,39,NEUTRAL
2026-08-25T07:30:54.613177+09:00,2026-08-25,CAT,Caterpillar Inc.,US,산업재,2026-08-24,811.02,2522990,3124474.5,27.3443,372805533696,25,60,70,50,45,1,HOLD,-0.41,-5,False,live,STOCK,32,NEUTRAL
2026-08-25T07:30:54.613177+09:00,2026-08-25,MRK,"Merck & Co., Inc.",US,제약/바이오,2026-08-24,150.66,14977716,10924205.8,4.4714,371704070144,77,65,50,30,60,2,WATCH,0.72,9,False,live,STOCK,80,NEUTRAL
2026-08-25T07:30:54.613177+09:00,2026-08-25,UNH,UnitedHealth Group Incorporated,US,제약/바이오,2026-08-24,398.76,4680109,4359865.45,9.5671,357924929536,32,65,83,66,58,1,HOLD,0.24,3,False,live,STOCK,51,NEUTRAL
2026-08-25T07:30:54.613177+09:00,2026-08-25,HSBC,HSBC Holdings plc,US,금융,2026-08-24,104.09,1354239,1238516.95,1.509,356801150976,62,60,55,60,59,0,HOLD,0.49,6,False,live,STOCK,61,NEUTRAL
2026-08-25T07:30:54.613177+09:00,2026-08-25,GE,GE Aerospace,US,산업재,2026-08-24,341.84,2661087,3568839.35,9.4164,354680373248,39,60,60,29,49,0,HOLD,0.11,1,False,live,STOCK,67,NEUTRAL
2026-08-25T07:30:54.613177+09:00,2026-08-25,PG,The Procter & Gamble Company,US,소매,2026-08-24,146.6,6983878,9743253.9,2.3726,340761903104,65,60,50,45,60,1,HOLD,0.47,6,False,live,STOCK,84,NEUTRAL
2026-08-25T07:30:54.613177+09:00,2026-08-25,MS,Morgan Stanley,US,금융,2026-08-24,214.08,3435002,4685485.1,4.5345,336226844672,47,60,60,60,57,0,HOLD,0.28,3,False,live,STOCK,63,NEUTRAL
2026-08-25T07:30:54.613177+09:00,2026-08-25,HD,"The Home Depot, Inc.",US,소비재,2026-08-24,337.43,3289739,3956066.95,8.5632,,47,60,63,42,54,0,HOLD,0.28,3,False,live,STOCK,63,NEUTRAL
2026-08-25T07:30:54.613177+09:00,2026-08-25,NFLX,"Netflix, Inc.",US,인터넷,2026-08-24,80.01,20917627,32714336.35,2.2257,333156810752,80,65,45,50,60,1,HOLD,0.33,4,False,live,STOCK,62,NEUTRAL
2026-08-25T07:30:54.613177+09:00,2026-08-25,GS,"The Goldman Sachs Group, Inc.",US,금융,2026-08-24,1036.28,1986510,1970565.5,23.1415,301735084032,43,60,60,60,50,0,HOLD,-0.01,0,False,live,STOCK,33,NEUTRAL
2026-08-25T07:30:54.613177+09:00,2026-08-25,NVS,Novartis AG,US,제약/바이오,2026-08-24,158.02,801110,1501365.5,2.8279,300350963712,87,65,55,53,62,1,HOLD,0.59,7,False,live,STOCK,42,NEUTRAL
2026-08-25T07:30:54.613177+09:00,2026-08-25,PM,Philip Morris International Inc.,US,소매,2026-08-24,191.46,4660436,4971086.8,4.3286,298412113920,69,60,58,58,56,0,HOLD,0.34,4,False,live,STOCK,32,NEUTRAL
2026-08-25T07:30:54.613177+09:00,2026-08-25,DELL,Dell Technologies Inc.,US,IT,2026-08-24,433.19,4334912,5758600.6,28.28,279902420992,51,60,65,51,58,0,HOLD,0.47,6,False,live,STOCK,63,NEUTRAL
2026-08-25T07:30:54.613177+09:00,2026-08-25,PANW,"Palo Alto Networks, Inc.",US,IT,2026-08-24,350.9,5426403,5662705.15,14.6181,285983506432,51,60,52,30,54,1,HOLD,0.4,5,False,live,STOCK,84,NEUTRAL
2026-08-25T07:30:54.613177+09:00,2026-08-25,BABA,Alibaba Group Holding Limited,US,소비재,2026-08-24,118.47,23889884,12466729.2,4.355,283957624832,40,60,45,58,51,1,HOLD,-0.12,-1,False,live,STOCK,71,NEUTRAL
2026-08-25T07:30:54.613177+09:00,2026-08-25,RY,Royal Bank of Canada,US,금융,2026-08-24,204.02,1718008,1303535.4,3.4864,283518926848,50,60,60,50,55,0,HOLD,0.29,3,False,live,STOCK,61,NEUTRAL
2026-08-25T07:30:54.613177+09:00,2026-08-25,RTX,RTX Corporation,US,산업재,2026-08-24,209.22,3837174,4864043.7,4.4467,281977946112,47,60,45,58,53,0,HOLD,0.27,3,False,live,STOCK,69,NEUTRAL
2026-08-25T07:30:54.613177+09:00,2026-08-25,SHEL,Shell plc,US,에너지,2026-08-24,93.0,5658574,5917377.0,1.4596,256582746112,91,60,55,78,73,2,WATCH,1.0,12,False,live,STOCK,69,NEUTRAL
2026-08-25T07:30:54.613177+09:00,2026-08-25,AZN,AstraZeneca PLC,US,제약/바이오,2026-08-24,166.71,2780131,4378981.55,3.4268,258548203520,62,65,68,58,61,0,HOLD,0.25,3,False,live,STOCK,52,NEUTRAL
2026-08-25T07:30:54.613177+09:00,2026-08-25,WFC,Wells Fargo & Company,US,금융,2026-08-24,84.72,7919106,12420525.3,1.6865,256193216512,44,60,60,60,54,0,HOLD,0.22,3,False,live,STOCK,55,NEUTRAL
2026-08-25T07:30:54.613177+09:00,2026-08-25,ARM,Arm Holdings plc American Depositary Sha,US,반도체,2026-08-24,238.78,3303912,5237015.6,16.6298,255016697856,7,65,65,35,34,0,AVOID,-0.84,-10,True,live,STOCK,29,NEUTRAL
2026-08-25T07:30:54.613177+09:00,2026-08-25,SAP,SAP SE,US,IT,2026-08-24,218.66,2117590,2876844.5,5.4554,252378316800,73,60,58,42,64,2,WATCH,0.82,10,False,live,STOCK,84,NEUTRAL
2026-08-25T07:30:54.613177+09:00,2026-08-25,GEV,GE Vernova Inc.,US,산업재,2026-08-24,942.1,1890484,2219004.2,40.6909,250912866304,28,60,60,50,47,0,HOLD,-0.33,-4,False,live,STOCK,55,NEUTRAL
2026-08-25T07:30:54.613177+09:00,2026-08-25,MUFG,"Mitsubishi UFJ Financial Group, Inc.",US,금융,2026-08-24,21.96,2119610,3065555.5,0.4679,247640113152,47,60,58,60,54,0,HOLD,0.29,3,False,live,STOCK,54,NEUTRAL
2026-08-25T07:30:54.613177+09:00,2026-08-25,BHP,BHP Group Limited,US,소재,2026-08-24,97.13,3964171,2819453.55,2.35,246718119936,78,60,50,45,63,2,WATCH,0.73,9,False,live,STOCK,77,NEUTRAL
2026-08-25T07:30:54.613177+09:00,2026-08-25,AMGN,Amgen Inc.,US,제약/바이오,2026-08-24,443.84,2372805,2745505.25,11.6125,239954100224,77,65,45,50,63,2,WATCH,0.76,9,False,live,STOCK,84,NEUTRAL
2026-08-25T07:30:54.613177+09:00,2026-08-25,KLAC,KLA Corporation,US,반도체,2026-08-24,181.57,9663565,11463383.25,9.4521,237229719552,25,65,73,42,43,1,AVOID,-0.43,-5,True,live,STOCK,26,NEUTRAL
2026-08-25T07:30:54.613177+09:00,2026-08-25,ANET,"Arista Networks, Inc.",US,IT,2026-08-24,188.15,5304758,8121672.9,9.2864,237299417088,47,60,60,42,54,0,HOLD,0.37,4,False,live,STOCK,69,NEUTRAL
2026-08-25T07:30:54.613177+09:00,2026-08-25,TXN,Texas Instruments Incorporated,US,반도체,2026-08-24,258.94,6417216,6843230.8,8.9721,236476350464,18,65,75,50,43,1,AVOID,-0.55,-7,True,live,STOCK,26,NEUTRAL
2026-08-25T07:30:54.613177+09:00,2026-08-25,TMO,Thermo Fisher Scientific Inc.,US,제약/바이오,2026-08-24,628.74,1727016,1883680.8,14.5043,232474918912,77,65,53,58,69,2,WATCH,0.92,11,False,live,STOCK,90,NEUTRAL
2026-08-25T07:30:54.613177+09:00,2026-08-25,TM,Toyota Motor Corporation,US,소비재,2026-08-24,193.81,329234,389021.7,2.9943,229491425280,80,60,50,54,56,1,HOLD,0.33,4,False,live,STOCK,32,NEUTRAL
2026-08-25T07:30:54.613177+09:00,2026-08-25,AXP,American Express Company,US,금융,2026-08-24,337.33,2401920,2542996.0,6.2929,227802251264,29,60,81,50,49,1,HOLD,0.02,0,False,live,STOCK,32,NEUTRAL
2026-08-25T07:30:54.613177+09:00,2026-08-25,LIN,Linde plc,US,소재,2026-08-24,490.03,2182504,2294100.2,8.2993,225894105088,72,60,60,58,58,1,HOLD,0.26,3,False,live,STOCK,33,NEUTRAL
2026-08-25T07:30:54.613177+09:00,2026-08-25,C,Citigroup Inc.,US,금융,2026-08-24,131.72,8713843,9125852.15,2.8118,220951969792,25,60,70,76,53,2,HOLD,-0.01,0,False,live,STOCK,47,NEUTRAL
2026-08-25T07:30:54.613177+09:00,2026-08-25,SNDK,Sandisk Corporation,US,IT,2026-08-24,1493.12,13930510,16847260.5,134.3788,218621149184,65,60,50,50,53,0,HOLD,0.07,1,False,live,STOCK,41,NEUTRAL
2026-08-25T07:30:54.613177+09:00,2026-08-25,IBM,International Business Machines Corporat,US,IT,2026-08-24,231.04,3917215,6441265.75,6.0425,217670729728,50,60,81,58,61,1,HOLD,0.27,3,False,live,STOCK,52,NEUTRAL
2026-08-25T07:30:54.613177+09:00,2026-08-25,SAN,"Banco Santander, S.A.",US,금융,2026-08-24,14.72,31206748,20067017.4,0.2693,214123085824,69,60,55,63,60,0,HOLD,0.57,7,False,live,STOCK,51,NEUTRAL
2026-08-25T07:30:54.613177+09:00,2026-08-25,VZ,Verizon Communications Inc.,US,인터넷,2026-08-24,50.15,19429718,20954345.9,0.8871,208361979904,73,65,60,84,68,2,WATCH,0.65,8,False,live,STOCK,55,NEUTRAL
2026-08-25T07:30:54.613177+09:00,2026-08-25,NVO,Novo Nordisk A/S,US,제약/바이오,2026-08-24,46.92,9649942,14375312.1,1.1618,207483748352,76,65,68,73,72,2,WATCH,0.87,10,False,live,STOCK,69,NEUTRAL
2026-08-25T07:30:54.613177+09:00,2026-08-25,ABT,Abbott Laboratories,US,제약/바이오,2026-08-24,116.67,5916525,8205671.25,2.3,201883828224,70,65,63,58,70,2,WATCH,0.92,11,False,live,STOCK,90,NEUTRAL
2026-08-25T07:30:54.613177+09:00,2026-08-25,MRVL,"Marvell Technology, Inc.",US,반도체,2026-08-24,229.29,18712071,23976663.55,16.6586,205797965824,69,65,69,35,63,1,HOLD,0.71,9,False,live,STOCK,73,NEUTRAL
2026-08-25T07:30:54.613177+09:00,2026-08-25,TTE,TotalEnergies SE,US,에너지,2026-08-24,89.35,1796135,1272286.75,1.5484,198103810048,87,60,55,86,72,2,WATCH,0.78,9,False,live,STOCK,63,NEUTRAL
2026-08-25T07:30:54.613177+09:00,2026-08-25,SCHW,The Charles Schwab Corporation,US,금융,2026-08-24,113.65,8274280,6934164.0,1.9158,196539006976,77,60,50,58,68,2,WATCH,0.89,11,False,live,STOCK,90,NEUTRAL
2026-08-25T07:30:54.613177+09:00,2026-08-25,PEP,"PepsiCo, Inc.",US,소매,2026-08-24,144.67,5976609,6847395.45,2.3293,197619220480,77,60,60,42,60,1,HOLD,0.49,6,False,live,STOCK,55,NEUTRAL
2026-08-25T07:30:54.613177+09:00,2026-08-25,TD,The Toronto-Dominion Bank,US,금융,2026-08-24,116.55,1163815,2064685.75,2.0064,192546537472,46,60,55,58,54,0,HOLD,0.15,2,False,live,STOCK,60,NEUTRAL
2026-08-25T07:30:54.613177+09:00,2026-08-25,TMUS,"T-Mobile US, Inc.",US,인터넷,2026-08-24,182.62,4023472,4639838.6,4.6186,195891281920,72,65,55,74,67,3,WATCH,0.53,6,False,live,STOCK,70,NEUTRAL
2026-08-25T07:30:54.613177+09:00,2026-08-25,SHOP,Shopify Inc.,US,IT,2026-08-24,149.8,5508872,11011163.6,7.2026,194388672512,56,60,60,35,55,0,HOLD,0.43,5,False,live,STOCK,64,NEUTRAL
2026-08-25T07:30:54.613177+09:00,2026-08-25,CRWD,"CrowdStrike Holdings, Inc.",US,IT,2026-08-24,190.68,7229076,7681118.8,8.9118,194161672192,44,60,65,22,51,1,HOLD,0.3,4,False,live,STOCK,71,NEUTRAL
2026-08-25T07:30:54.613177+09:00,2026-08-25,MCD,McDonald's Corporation,US,소비재,2026-08-24,272.54,4111699,4519684.95,5.0436,192860635136,72,60,60,50,57,1,HOLD,0.31,4,False,live,STOCK,39,NEUTRAL
2026-08-25T07:30:54.613177+09:00,2026-08-25,DIS,The Walt Disney Company,US,인터넷,2026-08-24,110.61,12059583,10746359.15,2.475,190988828672,66,65,60,58,60,0,HOLD,0.5,6,False,live,STOCK,55,NEUTRAL
2026-08-25T07:30:54.613177+09:00,2026-08-25,APH,Amphenol Corporation,US,IT,2026-08-24,155.55,5263520,6776146.0,5.7657,191790579712,44,60,63,50,54,0,HOLD,0.28,3,False,live,STOCK,61,NEUTRAL
2026-08-25T07:30:54.613177+09:00,2026-08-25,UNP,Union Pacific Corporation,US,산업재,2026-08-24,309.86,2265692,2668984.6,5.5297,184080236544,78,60,60,37,61,1,HOLD,0.73,9,False,live,STOCK,61,NEUTRAL
2026-08-25T07:30:54.613177+09:00,2026-08-25,GILD,"Gilead Sciences, Inc.",US,제약/바이오,2026-08-24,146.74,6181558,6794347.9,4.1404,181951037440,88,65,50,60,64,1,HOLD,0.74,9,False,live,STOCK,55,NEUTRAL
2026-08-25T07:30:54.613177+09:00,2026-08-25,BLK,"BlackRock, Inc.",US,금융,2026-08-24,1172.61,494061,596258.05,20.2393,190521212928,69,60,60,58,58,0,HOLD,0.46,6,False,live,STOCK,40,NEUTRAL
2026-08-25T07:30:54.613177+09:00,2026-08-25,ADI,"Analog Devices, Inc.",US,반도체,2026-08-24,371.17,4730640,4015062.0,11.6514,,28,65,53,58,42,0,AVOID,-0.53,-6,True,live,STOCK,32,NEUTRAL
2026-08-25T07:30:54.613177+09:00,2026-08-25,SCCO,Southern Copper Corporation,US,소재,2026-08-24,214.25,1023769,1093939.85,9.0407,180900626432,88,60,51,37,59,1,HOLD,0.68,8,False,live,STOCK,48,NEUTRAL
2026-08-25T07:30:54.613177+09:00,2026-08-25,STX,Seagate Technology Holdings plc,US,IT,2026-08-24,794.65,3199686,5193309.3,65.8507,180103069696,28,60,68,43,51,0,HOLD,-0.1,-1,False,live,STOCK,68,NEUTRAL
2026-08-25T07:30:54.613177+09:00,2026-08-25,UBS,UBS Group AG,US,금융,2026-08-24,53.71,1130419,1650385.95,0.6931,164446158848,62,60,73,66,66,1,HOLD,0.7,8,False,live,STOCK,60,NEUTRAL
2026-08-25T07:30:54.613177+09:00,2026-08-25,T,AT&T Inc.,US,인터넷,2026-08-24,25.69,26242530,42862376.5,0.5136,176037789696,62,65,45,78,64,2,WATCH,0.5,6,False,live,STOCK,83,NEUTRAL
2026-08-25T07:30:54.613177+09:00,2026-08-25,NEE,"NextEra Energy, Inc.",US,유틸리티,2026-08-24,84.1,7669417,11105690.85,1.3882,175430762496,20,60,63,42,44,0,AVOID,-0.32,-4,True,live,STOCK,55,NEUTRAL
2026-08-25T07:30:54.613177+09:00,2026-08-25,DE,Deere & Company,US,산업재,2026-08-24,648.64,1228915,1227620.75,19.1408,175092219904,92,60,60,50,67,1,HOLD,0.93,11,False,live,STOCK,55,NEUTRAL
2026-08-25T07:30:54.613177+09:00,2026-08-25,BX,Blackstone Inc.,US,금융,2026-08-24,143.64,2169479,4480053.95,4.6596,171692572672,66,60,72,50,67,2,WATCH,0.84,10,False,live,STOCK,77,NEUTRAL
2026-08-25T07:30:54.613177+09:00,2026-08-25,WELL,Welltower Inc.,US,리츠,2026-08-24,240.01,1674913,3120445.65,4.6716,172944490496,91,60,66,38,68,1,HOLD,0.97,12,False,live,STOCK,69,NEUTRAL
2026-08-25T07:30:54.613177+09:00,2026-08-25,CRM,"Salesforce, Inc.",US,IT,2026-08-24,209.06,8432380,12352059.0,7.5707,,81,60,52,66,63,1,HOLD,0.7,8,False,live,STOCK,49,NEUTRAL
2026-08-25T07:30:54.613177+09:00,2026-08-25,RIO,Rio Tinto Group,US,소재,2026-08-24,104.8,2418581,2576974.05,2.2776,170499489792,84,60,55,55,65,1,HOLD,0.63,8,False,live,STOCK,62,NEUTRAL
2026-08-25T07:30:54.613177+09:00,2026-08-25,QCOM,QUALCOMM Incorporated,US,반도체,2026-08-24,158.53,10497754,11138732.7,5.4004,166493585408,40,65,65,66,50,0,HOLD,-0.31,-4,False,live,STOCK,24,NEUTRAL
2026-08-25T07:30:54.613177+09:00,2026-08-25,BA,The Boeing Company,US,산업재,2026-08-24,210.46,7055202,6070010.1,5.1579,166341279744,35,60,60,30,41,0,AVOID,-0.34,-4,True,live,STOCK,34,NEUTRAL
2026-08-25T07:30:54.613177+09:00,2026-08-25,BKNG,Booking Holdings Inc.,US,소비재,2026-08-24,213.36,4910595,5961224.75,6.935,160314540032,63,60,58,66,66,1,HOLD,0.75,9,False,live,STOCK,83,NEUTRAL
2026-08-25T07:30:54.613177+09:00,2026-08-25,COP,ConocoPhillips,US,에너지,2026-08-24,133.35,6125422,7024086.1,3.4254,160198361088,76,60,42,68,65,2,WATCH,0.74,9,False,live,STOCK,78,NEUTRAL
2026-08-25T07:30:54.613177+09:00,2026-08-25,UBER,"Uber Technologies, Inc.",US,IT,2026-08-24,79.29,11936387,19538699.35,3.0167,161954594816,84,60,66,55,73,2,WATCH,1.07,13,False,live,STOCK,84,NEUTRAL
2026-08-25T07:30:54.613177+09:00,2026-08-25,BBVA,"Banco Bilbao Vizcaya Argentaria, S.A.",US,금융,2026-08-24,29.21,1241970,1879588.5,0.3507,161189691392,58,60,55,60,58,0,HOLD,0.49,6,False,live,STOCK,63,NEUTRAL
2026-08-25T07:30:54.613177+09:00,2026-08-25,IBKR,"Interactive Brokers Group, Inc.",US,금융,2026-08-24,93.05,3692234,4596666.7,2.8007,158540038144,76,60,85,58,68,2,WATCH,0.85,10,False,live,STOCK,40,NEUTRAL
2026-08-25T07:30:54.613177+09:00,2026-08-25,PFE,Pfizer Inc.,US,제약/바이오,2026-08-24,27.97,23807987,40342129.35,0.6058,159419858944,74,65,64,66,66,1,HOLD,0.71,9,False,live,STOCK,55,NEUTRAL
2026-08-25T07:30:54.613177+09:00,2026-08-25,TBB,AT&T Inc. 5.35% GLB NTS 66,US,인터넷,2026-08-24,19.57,85037,100316.85,0.1519,,47,65,58,80,56,1,HOLD,0.0,0,False,live,STOCK,40,NEUTRAL
2026-08-25T07:30:54.613177+09:00,2026-08-25,ETN,Eaton Corporation plc,US,산업재,2026-08-24,408.67,1549272,2328213.6,13.3205,158727438336,40,60,60,45,53,0,HOLD,0.1,1,False,live,STOCK,69,NEUTRAL
2026-08-25T07:30:54.613177+09:00,2026-08-25,BUD,Anheuser-Busch InBev SA/NV,US,소매,2026-08-24,79.3,2662179,1954938.95,1.4971,156151726080,32,60,58,60,54,1,HOLD,0.0,0,False,live,STOCK,77,NEUTRAL
2026-08-25T07:30:54.613177+09:00,2026-08-25,TJX,"The TJX Companies, Inc.",US,소비재,2026-08-24,140.71,7290285,6334599.25,3.3786,155442954240,20,60,50,42,42,0,AVOID,-0.5,-6,True,live,STOCK,64,NEUTRAL
2026-08-25T07:30:54.613177+09:00,2026-08-25,DHR,Danaher Corporation,US,제약/바이오,2026-08-24,215.11,2510205,4164985.25,6.4414,151219322880,75,65,60,58,66,1,HOLD,0.82,10,False,live,STOCK,69,NEUTRAL
2026-08-25T07:30:54.613177+09:00,2026-08-25,WDC,Western Digital Corporation,US,IT,2026-08-24,435.38,7755568,8616198.4,40.165,156972318720,18,60,55,68,43,0,AVOID,-0.61,-7,True,live,STOCK,39,NEUTRAL
2026-08-25T07:30:54.613177+09:00,2026-08-25,SONY,Sony Group Corporation,US,IT,2026-08-24,24.26,3191360,5403793.0,0.4821,142013333504,49,60,45,58,54,0,HOLD,0.22,3,False,live,STOCK,69,NEUTRAL
2026-08-25T07:30:54.613177+09:00,2026-08-25,UL,Unilever PLC,US,소매,2026-08-24,65.32,2961179,4635128.95,0.9303,140651233280,84,60,58,53,68,2,WATCH,0.92,11,False,live,STOCK,72,NEUTRAL
2026-08-25T07:30:54.613177+09:00,2026-08-25,VRTX,Vertex Pharmaceuticals Incorporated,US,제약/바이오,2026-08-24,547.59,766897,1301144.85,16.7882,138792681472,85,65,50,58,67,2,WATCH,0.89,11,False,live,STOCK,75,NEUTRAL
2026-08-25T07:30:54.613177+09:00,2026-08-25,NEM,Newmont Corporation,US,소재,2026-08-24,131.84,6465899,7552194.95,5.1429,138918789120,69,60,53,76,64,1,HOLD,0.67,8,False,live,STOCK,61,NEUTRAL
2026-08-25T07:30:54.613177+09:00,2026-08-25,BMY,Bristol-Myers Squibb Company,US,제약/바이오,2026-08-24,67.28,6802392,12195894.6,1.6282,137433833472,81,65,60,76,74,3,BUY,1.06,13,False,live,STOCK,83,NEUTRAL
2026-08-25T07:30:54.613177+09:00,2026-08-25,PLD,"Prologis, Inc.",US,리츠,2026-08-24,143.36,2897583,4658869.15,2.0779,139359027200,72,60,58,45,59,1,HOLD,0.39,5,False,live,STOCK,55,NEUTRAL
2026-08-25T07:30:54.613177+09:00,2026-08-25,CB,Chubb Limited,US,금융,2026-08-24,345.83,2448131,1682586.55,5.3771,133421162496,47,60,50,68,54,0,HOLD,0.14,2,False,live,STOCK,54,NEUTRAL
2026-08-25T07:30:54.613177+09:00,2026-08-25,COF,Capital One Financial Corporation,US,금융,2026-08-24,216.27,3272916,3348515.8,4.8568,132678377472,47,60,53,86,63,2,WATCH,0.5,6,False,live,STOCK,77,NEUTRAL
2026-08-25T07:30:54.613177+09:00,2026-08-25,NOW,"ServiceNow, Inc.",US,IT,2026-08-24,128.05,8930312,20339415.6,5.6671,132386037760,88,60,60,35,67,2,WATCH,0.98,12,False,live,STOCK,78,NEUTRAL
2026-08-25T07:30:54.613177+09:00,2026-08-25,ISRG,"Intuitive Surgical, Inc.",US,제약/바이오,2026-08-24,373.57,1517119,2841995.95,10.9879,133841936384,28,65,50,50,47,1,HOLD,-0.36,-4,False,live,STOCK,70,NEUTRAL
2026-08-25T07:30:54.613177+09:00,2026-08-25,LMT,Lockheed Martin Corporation,US,산업재,2026-08-24,564.14,1017871,1103398.55,14.8529,130198298624,50,60,50,42,51,0,HOLD,0.15,2,False,live,STOCK,63,NEUTRAL
2026-08-25T07:30:54.613177+09:00,2026-08-25,PGR,The Progressive Corporation,US,금융,2026-08-24,223.92,1798252,2512772.6,4.7514,130180767744,73,60,48,73,68,3,WATCH,0.78,9,False,live,STOCK,83,NEUTRAL
2026-08-25T07:30:54.613177+09:00,2026-08-25,SPGI,S&P Global Inc.,US,금융,2026-08-24,435.42,1844715,2135235.75,9.4491,128361816064,73,60,63,50,59,1,HOLD,0.55,7,False,live,STOCK,40,NEUTRAL
2026-08-25T07:30:54.613177+09:00,2026-08-25,PH,Parker-Hannifin Corporation,US,산업재,2026-08-24,1014.24,638792,666009.6,25.9161,127881863168,54,60,50,45,52,0,HOLD,0.32,4,False,live,STOCK,61,NEUTRAL
2026-08-25T07:30:54.613177+09:00,2026-08-25,SYK,Stryker Corporation,US,제약/바이오,2026-08-24,327.81,1878071,2426203.55,8.9929,125739081728,50,65,53,58,55,0,HOLD,0.22,3,False,live,STOCK,63,NEUTRAL
2026-08-25T07:30:54.613177+09:00,2026-08-25,GLW,Corning Inc,US,IT,2026-08-24,145.55,10229949,13504247.45,9.6807,125375078400,40,60,70,35,50,1,HOLD,-0.19,-2,False,live,STOCK,49,NEUTRAL
2026-08-25T07:30:54.613177+09:00,2026-08-25,MFG,"Mizuho Financial Group, Inc.",US,금융,2026-08-24,10.23,2960222,3321646.1,0.2407,124278587392,47,60,58,68,55,0,HOLD,0.25,3,False,live,STOCK,51,NEUTRAL
2026-08-25T07:30:54.613177+09:00,2026-08-25,PDD,PDD Holdings Inc.,US,소비재,2026-08-24,87.07,13580130,6285051.5,2.5721,123935129600,43,60,60,94,60,1,HOLD,0.02,0,False,live,STOCK,49,NEUTRAL
2026-08-25T07:30:54.613177+09:00,2026-08-25,SBUX,Starbucks Corporation,US,소비재,2026-08-24,107.49,6780620,7731391.0,2.5795,122538598400,69,60,50,43,56,0,HOLD,0.41,5,False,live,STOCK,61,NEUTRAL
2026-08-25T07:30:54.613177+09:00,2026-08-25,BTI,British American Tobacco p.l.c.,US,소매,2026-08-24,56.71,5626772,4252623.6,1.1668,122208903168,25,60,55,60,41,0,AVOID,-0.58,-7,True,live,STOCK,26,NEUTRAL
2026-08-25T07:30:54.613177+09:00,2026-08-25,LOW,"Lowe's Companies, Inc.",US,소비재,2026-08-24,216.98,2552842,2920067.1,5.485,,51,60,60,50,53,0,HOLD,0.14,2,False,live,STOCK,48,NEUTRAL
2026-08-25T07:30:54.613177+09:00,2026-08-25,HDB,HDFC Bank Limited,US,금융,2026-08-24,23.54,7598811,7441515.55,0.3371,120924979200,50,60,60,52,54,0,HOLD,0.08,1,False,live,STOCK,55,NEUTRAL
2026-08-25T07:30:54.613177+09:00,2026-08-25,BMO,Bank of Montreal,US,금융,2026-08-24,172.35,1012447,871522.35,3.2664,120716812288,47,60,63,58,57,0,HOLD,0.31,4,False,live,STOCK,63,NEUTRAL
2026-08-25T07:30:54.613177+09:00,2026-08-25,CVS,CVS Health Corp.,US,제약/바이오,2026-08-24,94.11,8496748,8184877.4,2.9591,120363900928,17,65,70,74,55,3,HOLD,0.04,0,False,live,STOCK,71,NEUTRAL
2026-08-25T07:30:54.613177+09:00,2026-08-25,PBR,Petróleo Brasileiro S.A. - Petrobras,US,에너지,2026-08-24,18.6,19892852,16361437.6,0.5211,119865212928,80,60,50,73,63,2,WATCH,0.44,5,False,live,STOCK,48,NEUTRAL
2026-08-25T07:30:54.613177+09:00,2026-08-25,MDT,Medtronic plc,US,제약/바이오,2026-08-24,92.9,5975633,7184316.65,2.0161,118910222336,78,65,55,58,67,2,WATCH,0.86,10,False,live,STOCK,77,NEUTRAL
2026-08-25T07:30:54.613177+09:00,2026-08-25,BP,BP p.l.c.,US,에너지,2026-08-24,43.74,7543396,8520859.8,0.949,112645480448,87,60,55,74,70,2,WATCH,0.8,10,False,live,STOCK,63,NEUTRAL
2026-08-25T07:30:54.613177+09:00,2026-08-25,MO,"Altria Group, Inc.",US,소매,2026-08-24,68.47,10119167,10743448.35,1.5707,114327363584,65,60,60,68,65,1,HOLD,0.47,6,False,live,STOCK,71,NEUTRAL
2026-08-25T07:30:54.613177+09:00,2026-08-25,ACN,Accenture plc,US,IT,2026-08-24,186.53,6687539,6405711.95,7.5314,114145558528,71,60,50,68,61,1,HOLD,0.48,6,False,live,STOCK,55,NEUTRAL
2026-08-25T07:30:54.613177+09:00,2026-08-25,ADP,"Automatic Data Processing, Inc.",US,IT,2026-08-24,283.01,2448827,2512926.35,6.2271,112429334528,70,60,50,42,59,2,HOLD,0.6,7,False,live,STOCK,71,NEUTRAL
2026-08-25T07:30:54.613177+09:00,2026-08-25,ABNB,"Airbnb, Inc.",US,소비재,2026-08-24,190.21,5595891,5546339.55,7.2319,113895022592,80,60,50,42,65,2,WATCH,0.85,10,False,live,STOCK,87,NEUTRAL
2026-08-25T07:30:54.613177+09:00,2026-08-25,SNOW,Snowflake Inc.,US,IT,2026-08-24,322.78,3717833,4884356.65,11.9128,111875547136,66,60,60,22,58,1,HOLD,0.62,7,False,live,STOCK,77,NEUTRAL
2026-08-25T07:30:54.613177+09:00,2026-08-25,FCX,Freeport-McMoRan Inc.,US,소재,2026-08-24,77.8,21326276,14105723.8,2.8128,111722168320,82,60,60,53,64,1,HOLD,0.8,10,False,live,STOCK,55,NEUTRAL
2026-08-25T07:30:54.613177+09:00,2026-08-25,FTNT,"Fortinet, Inc.",US,IT,2026-08-24,151.99,3422183,5372509.15,5.6402,111517147136,47,60,65,42,56,0,HOLD,0.4,5,False,live,STOCK,69,NEUTRAL
2026-08-25T07:30:54.613177+09:00,2026-08-25,BNY,Bank of New York Mellon Corp,US,금융,2026-08-24,162.14,1818376,2442703.8,2.8307,110012661760,69,60,48,50,56,0,HOLD,0.46,6,False,live,STOCK,52,NEUTRAL
2026-08-25T07:30:54.613177+09:00,2026-08-25,SPOT,Spotify Technology S.A.,US,인터넷,2026-08-24,537.84,1351015,2149280.75,22.0061,110571413504,77,65,50,42,57,1,HOLD,0.41,5,False,live,STOCK,55,NEUTRAL
2026-08-25T07:30:54.613177+09:00,2026-08-25,AEM,Agnico Eagle Mines Limited,US,소재,2026-08-24,217.89,3570151,3475187.55,8.685,110331838464,70,60,55,45,65,2,WATCH,0.82,10,False,live,STOCK,93,NEUTRAL
2026-08-25T07:30:54.613177+09:00,2026-08-25,ADBE,Adobe Inc.,US,IT,2026-08-24,276.27,3444005,4913870.25,10.0454,109817323520,84,60,60,76,75,3,BUY,1.11,13,False,live,STOCK,84,NEUTRAL
2026-08-25T07:30:54.613177+09:00,2026-08-25,SNY,Sanofi,US,제약/바이오,2026-08-24,45.69,1719123,3092526.15,0.665,109479518208,65,65,55,61,57,0,HOLD,0.29,3,False,live,STOCK,42,NEUTRAL
2026-08-25T07:30:54.613177+09:00,2026-08-25,ENB,Enbridge Inc.,US,에너지,2026-08-24,50.08,3159760,5472958.0,1.0111,109379002368,25,60,60,37,39,0,AVOID,-0.58,-7,True,live,STOCK,29,NEUTRAL
2026-08-25T07:30:54.613177+09:00,2026-08-25,CM,Canadian Imperial Bank of Commerce,US,금융,2026-08-24,114.93,648727,959891.35,2.3086,104908185600,46,60,55,60,52,0,HOLD,0.02,0,False,live,STOCK,48,NEUTRAL
2026-08-25T07:30:54.613177+09:00,2026-08-25,IBN,ICICI Bank Limited,US,금융,2026-08-24,29.64,3632745,5193572.25,0.3929,,44,60,53,58,54,0,HOLD,0.29,3,False,live,STOCK,69,NEUTRAL
2026-08-25T07:30:54.613177+09:00,2026-08-25,BNS,The Bank of Nova Scotia,US,금융,2026-08-24,86.86,2117155,1940007.75,1.4271,105890463744,47,60,60,68,57,0,HOLD,0.28,3,False,live,STOCK,55,NEUTRAL
2026-08-25T07:30:54.613177+09:00,2026-08-25,MPC,Marathon Petroleum Corporation,US,에너지,2026-08-24,362.52,2123729,2405931.45,12.1051,101804589056,80,60,50,68,70,2,WATCH,0.93,11,False,live,STOCK,86,NEUTRAL
2026-08-25T07:30:54.613177+09:00,2026-08-25,CNQ,Canadian Natural Resources Limited,US,에너지,2026-08-24,50.68,6565219,6224780.95,1.1371,104476819456,81,60,53,63,62,1,HOLD,0.62,7,False,live,STOCK,48,NEUTRAL
2026-08-25T07:30:54.613177+09:00,2026-08-25,SOMN,The Southern Company,US,유틸리티,2026-08-24,48.26,24941,44547.05,0.5486,,28,60,45,50,37,0,AVOID,-0.6,-7,True,live,STOCK,27,NEUTRAL
2026-08-25T07:30:54.613177+09:00,2026-08-25,HWM,Howmet Aerospace Inc.,US,산업재,2026-08-24,263.29,2408441,2192922.05,8.9484,105000427520,35,60,63,50,43,0,AVOID,-0.28,-3,True,live,STOCK,19,NEUTRAL
2026-08-25T07:30:54.613177+09:00,2026-08-25,SOJE,Southern Company (The) Series 2,US,유틸리티,2026-08-24,16.03,33340,54437.0,0.1771,,17,60,48,50,38,0,AVOID,-0.61,-7,True,live,STOCK,40,NEUTRAL
2026-08-25T07:30:54.613177+09:00,2026-08-25,EQIX,"Equinix, Inc.",US,리츠,2026-08-24,1055.2,630672,620173.6,27.2147,104118362112,80,60,48,30,51,1,HOLD,0.19,2,False,live,STOCK,33,NEUTRAL
2026-08-25T07:30:54.613177+09:00,2026-08-25,GD,General Dynamics Corporation,US,산업재,2026-08-24,383.77,824702,962150.1,6.1871,103831724032,47,60,53,50,54,0,HOLD,0.28,3,False,live,STOCK,69,NEUTRAL
2026-08-25T07:30:54.613177+09:00,2026-08-25,GSK,GSK plc,US,제약/바이오,2026-08-24,51.78,2886128,3814956.4,1.0906,103705272320,65,65,45,63,52,0,HOLD,0.11,1,False,live,STOCK,34,NEUTRAL
2026-08-25T07:30:54.613177+09:00,2026-08-25,SO,The Southern Company,US,유틸리티,2026-08-24,90.1,8593918,5764410.9,1.5123,103647707136,28,60,53,42,45,0,HOLD,-0.27,-3,False,live,STOCK,61,NEUTRAL
2026-08-25T07:30:54.613177+09:00,2026-08-25,MCK,McKesson Corporation,US,제약/바이오,2026-08-24,873.79,600462,1039803.1,28.6164,101875490816,62,65,56,66,54,0,HOLD,0.32,4,False,live,STOCK,26,NEUTRAL
2026-08-25T07:30:54.613177+09:00,2026-08-25,EQNR,Equinor ASA,US,에너지,2026-08-24,42.37,2279619,2811440.95,0.99,100598505472,81,60,55,78,66,2,WATCH,0.75,9,False,live,STOCK,48,NEUTRAL
2026-08-25T07:30:54.613177+09:00,2026-08-25,INTU,Intuit Inc.,US,IT,2026-08-24,369.92,3137681,3697419.05,13.2021,101186805760,75,60,60,74,72,3,BUY,0.98,12,False,live,STOCK,84,NEUTRAL
2026-08-25T07:30:54.613177+09:00,2026-08-25,CME,CME Group Inc.,US,금융,2026-08-24,279.165,1317808,1947460.4,5.9936,100381949952,67,60,60,45,58,0,HOLD,0.33,4,False,live,STOCK,52,NEUTRAL
2026-08-25T07:30:54.613177+09:00,2026-08-25,APP,AppLovin Corporation,US,IT,2026-08-24,298.59,4529293,7306459.65,19.0284,100308180992,7,60,60,58,36,0,AVOID,-0.88,-11,True,live,STOCK,20,NEUTRAL
2026-08-25T07:30:54.613177+09:00,2026-08-25,ING,ING Groep N.V.,US,금융,2026-08-24,35.03,1166198,2251684.9,0.4154,99996434432,62,60,50,60,58,0,HOLD,0.46,6,False,live,STOCK,61,NEUTRAL
2026-08-25T07:30:54.613177+09:00,2026-08-25,DASH,"DoorDash, Inc.",US,인터넷,2026-08-24,229.06,3879915,4518455.75,8.3131,99805732864,77,65,50,38,62,2,WATCH,0.77,9,False,live,STOCK,83,NEUTRAL
2026-08-25T07:30:54.613177+09:00,2026-08-25,TT,Trane Technologies plc,US,산업재,2026-08-24,452.96,1256795,1189644.75,10.592,99661701120,25,60,63,50,41,0,AVOID,-0.41,-5,True,live,STOCK,25,NEUTRAL
2026-08-25T07:30:54.613177+09:00,2026-08-25,VLO,Valero Energy Corporation,US,에너지,2026-08-24,346.0,1988392,2542224.6,10.9732,99622903808,85,60,55,71,70,3,BUY,0.96,12,False,live,STOCK,71,NEUTRAL
2026-08-25T07:30:54.613177+09:00,2026-08-25,NET,"Cloudflare, Inc.",US,IT,2026-08-24,280.35,2625851,4118327.55,17.5456,99826950144,51,60,50,27,50,1,HOLD,0.29,3,False,live,STOCK,72,NEUTRAL
2026-08-25T07:30:54.613177+09:00,2026-08-25,MELI,"MercadoLibre, Inc.",US,소비재,2026-08-24,1947.9,459649,496377.45,77.0471,98752299008,74,60,65,42,66,2,WATCH,0.85,10,False,live,STOCK,77,NEUTRAL
2026-08-25T07:30:54.613177+09:00,2026-08-25,CEG,Constellation Energy Corporation,US,유틸리티,2026-08-24,273.43,2567282,2736549.1,9.5596,96878264320,58,60,63,45,50,0,HOLD,-0.07,-1,False,live,STOCK,25,NEUTRAL
2026-08-25T07:30:54.613177+09:00,2026-08-25,VRT,Vertiv Holdings Co,US,산업재,2026-08-24,254.97,3972513,6482445.65,13.6713,98160435200,18,60,55,42,37,0,AVOID,-0.75,-9,True,live,STOCK,32,NEUTRAL
2026-08-25T07:30:54.613177+09:00,2026-08-25,USB,U.S. Bancorp,US,금융,2026-08-24,62.42,6113253,6399027.65,1.0357,97253572608,47,60,73,60,63,2,WATCH,0.6,7,False,live,STOCK,75,NEUTRAL
2026-08-25T07:30:54.613177+09:00,2026-08-25,PNC,"The PNC Financial Services Group, Inc.",US,금융,2026-08-24,243.68,1807741,1451957.05,4.2709,97214595072,47,60,63,60,57,0,HOLD,0.36,4,False,live,STOCK,61,NEUTRAL
2026-08-25T07:30:54.613177+09:00,2026-08-25,PSX,Phillips 66,US,에너지,2026-08-24,241.96,2301268,2782003.4,7.5333,97010237440,80,60,50,43,65,2,WATCH,0.85,10,False,live,STOCK,87,NEUTRAL
2026-08-25T07:30:54.613177+09:00,2026-08-25,SMFG,"Sumitomo Mitsui Financial Group, Inc.",US,금융,2026-08-24,25.0,1106772,1495958.6,0.5336,158833377280,47,60,50,60,53,0,HOLD,0.17,2,False,live,STOCK,58,NEUTRAL
2026-08-25T07:30:54.613177+09:00,2026-08-25,KKR,KKR & Co. Inc.,US,금융,2026-08-24,107.32,2941909,5212945.45,4.3526,99119734784,55,60,55,66,61,1,HOLD,0.52,6,False,live,STOCK,74,NEUTRAL
2026-08-25T07:30:54.613177+09:00,2026-08-25,CMCSA,Comcast Corporation,US,인터넷,2026-08-24,27.02,16601322,25469961.1,0.5886,95884165120,71,65,52,73,68,3,WATCH,0.75,9,False,live,STOCK,84,NEUTRAL
2026-08-25T07:30:54.613177+09:00,2026-08-25,MNST,Monster Beverage Corporation,US,소매,2026-08-24,48.92,11664971,8866298.55,10.9675,95836807168,15,60,70,34,50,2,HOLD,-0.26,-3,False,live,STOCK,90,NEUTRAL
2026-08-25T07:30:54.613177+09:00,2026-08-25,CSX,CSX Corporation,US,산업재,2026-08-24,51.44,10378185,10926239.25,0.8195,95291301888,88,60,45,58,62,1,HOLD,0.68,8,False,live,STOCK,54,NEUTRAL
2026-08-25T07:30:54.613177+09:00,2026-08-25,DUK,Duke Energy Corporation,US,유틸리티,2026-08-24,121.97,3356238,4839441.9,2.1783,95100280832,28,60,63,42,47,0,HOLD,-0.16,-2,False,live,STOCK,58,NEUTRAL
2026-08-25T07:30:54.613177+09:00,2026-08-25,BNH,Brookfield Finance Inc.,US,금융,2026-08-24,15.06,5294,26729.7,0.1033,,28,60,55,50,43,0,AVOID,-0.34,-4,True,live,STOCK,40,NEUTRAL
2026-08-25T07:30:54.613177+09:00,2026-08-25,MAR,"Marriott International, Inc.",US,소비재,2026-08-24,360.2,954454,1778027.7,7.5555,93928022016,72,60,60,58,59,1,HOLD,0.33,4,False,live,STOCK,41,NEUTRAL
2026-08-25T07:30:54.613177+09:00,2026-08-25,BN,Brookfield Corporation,US,금융,2026-08-24,41.97,2923251,4484042.55,0.9879,93691797504,17,60,50,35,36,0,AVOID,-0.65,-8,True,live,STOCK,47,NEUTRAL
2026-08-25T07:30:54.613177+09:00,2026-08-25,HOOD,"Robinhood Markets, Inc.",US,금융,2026-08-24,103.62,22030340,19911162.0,5.3082,93162913792,77,60,60,42,60,1,HOLD,0.69,8,False,live,STOCK,55,NEUTRAL
2026-08-25T07:30:54.613177+09:00,2026-08-25,HCA,"HCA Healthcare, Inc.",US,제약/바이오,2026-08-24,429.24,1306652,1331072.6,11.4879,92931104768,71,65,66,60,68,2,WATCH,0.81,10,False,live,STOCK,77,NEUTRAL
2026-08-25T07:30:54.613177+09:00,2026-08-25,MRSH,"Marsh & McLennan Companies, Inc.",US,금융,2026-08-24,194.67,1909521,2252911.05,3.5979,92898713600,73,60,32,66,62,2,WATCH,0.63,8,False,live,STOCK,84,NEUTRAL
2026-08-25T07:30:54.613177+09:00,2026-08-25,BNJ,Brookfield Finance Inc. 4.50% P,US,금융,2026-08-24,15.04,7531,19761.55,0.1055,,43,60,55,50,47,0,HOLD,-0.08,-1,False,live,STOCK,40,NEUTRAL
2026-08-25T07:30:54.613177+09:00,2026-08-25,PWR,"Quanta Services, Inc.",US,산업재,2026-08-24,616.78,1599783,1279214.15,27.3393,92728803328,18,60,63,35,36,0,AVOID,-0.73,-9,True,live,STOCK,26,NEUTRAL
2026-08-25T07:30:54.613177+09:00,2026-08-25,MMM,3M Company,US,산업재,2026-08-24,179.01,2088107,2940210.35,3.2043,92319473664,47,60,53,58,54,0,HOLD,0.29,3,False,live,STOCK,61,NEUTRAL
2026-08-25T07:30:54.613177+09:00,2026-08-25,ICE,"Intercontinental Exchange, Inc.",US,금융,2026-08-24,162.99,3641558,4157162.9,3.2389,91501690880,66,60,53,50,64,1,HOLD,0.65,8,False,live,STOCK,90,NEUTRAL
2026-08-25T07:30:54.613177+09:00,2026-08-25,BCS,Barclays PLC,US,금융,2026-08-24,26.97,2481299,3656594.95,0.4024,90703601664,44,60,50,78,58,1,HOLD,0.3,4,False,live,STOCK,69,NEUTRAL
2026-08-25T07:30:54.613177+09:00,2026-08-25,WM,"Waste Management, Inc.",US,산업재,2026-08-24,226.46,1606753,2046862.65,3.8301,90519502848,32,60,60,50,41,0,AVOID,-0.29,-3,True,live,STOCK,19,NEUTRAL
2026-08-25T07:30:54.613177+09:00,2026-08-25,MCO,Moody's Corporation,US,금융,2026-08-24,511.35,655835,744066.75,10.4159,88556101632,88,60,45,42,64,2,WATCH,0.82,10,False,live,STOCK,77,NEUTRAL
2026-08-25T07:30:54.613177+09:00,2026-08-25,EMR,Emerson Electric Co.,US,산업재,2026-08-24,157.57,1715755,2919897.75,4.0829,87892549632,62,60,70,58,69,2,WATCH,0.85,10,False,live,STOCK,90,NEUTRAL
2026-08-25T07:30:54.613177+09:00,2026-08-25,LYG,Lloyds Banking Group plc,US,금융,2026-08-24,6.04,15102703,13785555.15,0.0948,87569055744,47,60,58,76,52,1,HOLD,0.11,1,False,live,STOCK,25,NEUTRAL
2026-08-25T07:30:54.613177+09:00,2026-08-25,ELV,Elevance Health Inc.,US,제약/바이오,2026-08-24,402.63,805530,973641.5,9.9029,87318085632,72,65,85,68,76,3,BUY,0.97,12,False,live,STOCK,75,NEUTRAL
2026-08-25T07:30:54.613177+09:00,2026-08-25,UPS,"United Parcel Service, Inc.",US,산업재,2026-08-24,102.72,4254613,5360580.65,1.9324,87392280576,25,60,63,66,46,0,HOLD,-0.25,-3,False,live,STOCK,33,NEUTRAL
2026-08-25T07:30:54.613177+09:00,2026-08-25,CDNS,"Cadence Design Systems, Inc.",US,IT,2026-08-24,315.92,1959616,2224170.8,8.9493,87002161152,10,60,60,35,33,0,AVOID,-0.88,-11,True,live,STOCK,26,NEUTRAL
2026-08-25T07:30:54.613177+09:00,2026-08-25,WMB,"The Williams Companies, Inc.",US,에너지,2026-08-24,70.97,5507863,6340713.15,1.9929,86808199168,28,60,53,42,45,0,HOLD,-0.3,-4,False,live,STOCK,63,NEUTRAL
2026-08-25T07:30:54.613177+09:00,2026-08-25,JCI,Johnson Controls International plc,US,소재,2026-08-24,142.99,2384890,3659979.5,3.7921,86614974464,32,60,50,50,46,0,HOLD,-0.19,-2,False,live,STOCK,55,NEUTRAL
2026-08-25T07:30:54.613177+09:00,2026-08-25,REGN,"Regeneron Pharmaceuticals, Inc.",US,제약/바이오,2026-08-24,828.5,671968,817208.4,19.6837,85298208768,73,65,60,58,70,2,WATCH,0.93,11,False,live,STOCK,90,NEUTRAL
2026-08-25T07:30:54.613177+09:00,2026-08-25,SHW,The Sherwin-Williams Company,US,소재,2026-08-24,346.73,1389463,1893183.15,7.9753,84171530240,44,60,60,50,56,1,HOLD,0.35,4,False,live,STOCK,75,NEUTRAL
2026-08-25T07:30:54.613177+09:00,2026-08-25,BAM,Brookfield Asset Management Ltd.,US,금융,2026-08-24,52.31,1059867,2647353.35,1.5241,83552231424,62,60,61,42,55,0,HOLD,0.34,4,False,live,STOCK,48,NEUTRAL
2026-08-25T07:30:54.613177+09:00,2026-08-25,CP,Canadian Pacific Kansas City Ltd.,US,산업재,2026-08-24,94.68,2555979,2775603.95,1.8379,83231219712,91,60,63,58,73,2,WATCH,1.01,12,False,live,STOCK,77,NEUTRAL
2026-08-25T07:30:54.613177+09:00,2026-08-25,AMT,American Tower Corporation,US,리츠,2026-08-24,178.39,1596482,2631629.1,4.345,83122618368,77,60,60,42,59,1,HOLD,0.4,5,False,live,STOCK,47,NEUTRAL
2026-08-25T07:30:54.613177+09:00,2026-08-25,CTAS,Cintas Corporation,US,산업재,2026-08-24,207.4,1819032,2073961.6,3.9586,82995167232,73,60,55,29,58,1,HOLD,0.63,8,False,live,STOCK,69,NEUTRAL
2026-08-25T07:30:54.613177+09:00,2026-08-25,EPD,Enterprise Products Partners L.P.,US,에너지,2026-08-24,38.36,2636664,3410343.2,0.5707,82837544960,58,60,55,60,58,0,HOLD,0.31,4,False,live,STOCK,63,NEUTRAL
2026-08-25T07:30:54.613177+09:00,2026-08-25,ITUB,Itaú Unibanco Holding S.A.,US,금융,2026-08-24,7.52,14525909,20679215.45,0.2271,82884476928,25,60,55,70,43,1,AVOID,-0.45,-5,True,live,STOCK,26,NEUTRAL
2026-08-25T07:30:54.613177+09:00,2026-08-25,MDLZ,"Mondelez International, Inc.",US,소매,2026-08-24,64.7,7048703,8351335.15,1.2332,82577129472,88,60,63,50,63,1,HOLD,0.69,8,False,live,STOCK,40,NEUTRAL
2026-08-25T07:30:54.613177+09:00,2026-08-25,ITW,Illinois Tool Works Inc.,US,산업재,2026-08-24,283.95,806026,1211216.3,4.5179,80868966400,39,60,50,42,46,0,HOLD,0.03,0,False,live,STOCK,54,NEUTRAL
2026-08-25T07:30:54.613177+09:00,2026-08-25,NGG,National Grid plc,US,유틸리티,2026-08-24,80.42,542315,778320.75,1.1293,80851050496,50,60,55,50,55,0,HOLD,0.09,1,False,live,STOCK,67,NEUTRAL
2026-08-25T07:30:54.613177+09:00,2026-08-25,ECL,Ecolab Inc.,US,소재,2026-08-24,286.98,1664484,1457814.2,5.3607,80448708608,91,60,55,50,72,2,WATCH,1.08,13,False,live,STOCK,90,NEUTRAL
2026-08-25T07:30:54.613177+09:00,2026-08-25,B,Barrick Mining Corporation,US,소재,2026-08-24,48.16,13307543,11717887.15,1.8614,79265792000,66,60,50,68,59,0,HOLD,0.52,6,False,live,STOCK,55,NEUTRAL
2026-08-25T07:30:54.613177+09:00,2026-08-25,DDOG,"Datadog, Inc.",US,IT,2026-08-24,225.77,2774825,5375451.25,16.8346,81068367872,43,60,63,35,44,0,AVOID,-0.18,-2,True,live,STOCK,25,NEUTRAL
2026-08-25T07:30:54.613177+09:00,2026-08-25,SLB,Slb N.V.,US,에너지,2026-08-24,54.0,14020584,10029919.2,1.4168,80143736832,87,60,60,58,64,1,HOLD,0.5,6,False,live,STOCK,41,NEUTRAL
2026-08-25T07:30:54.613177+09:00,2026-08-25,EOG,"EOG Resources, Inc.",US,에너지,2026-08-24,150.21,2168831,2856226.55,3.8196,78789533696,91,60,60,78,72,2,WATCH,0.96,12,False,live,STOCK,55,NEUTRAL
2026-08-25T07:30:54.613177+09:00,2026-08-25,E,Eni S.p.A.,US,에너지,2026-08-24,55.22,356034,412276.7,1.075,79727484928,65,60,50,60,57,0,HOLD,0.3,4,False,live,STOCK,52,NEUTRAL
2026-08-25T07:30:54.613177+09:00,2026-08-25,MSI,"Motorola Solutions, Inc.",US,IT,2026-08-24,481.52,919391,1039294.55,14.4821,79688572928,91,60,50,50,59,1,HOLD,0.65,8,False,live,STOCK,32,NEUTRAL
2026-08-25T07:30:54.613177+09:00,2026-08-25,ASX,"ASE Technology Holding Co., Ltd.",US,반도체,2026-08-24,36.24,6458569,8296623.45,1.7939,94356840448,25,65,55,37,41,0,AVOID,-0.44,-5,True,live,STOCK,47,NEUTRAL
2026-08-25T07:30:54.613177+09:00,2026-08-25,SU,Suncor Energy Inc.,US,에너지,2026-08-24,67.37,2173048,4383752.4,1.7554,79546810368,87,60,53,63,61,1,HOLD,0.53,6,False,live,STOCK,34,NEUTRAL
2026-08-25T07:30:54.613177+09:00,2026-08-25,CVNA,Carvana Co.,US,소비재,2026-08-24,72.33,9539156,11319742.8,3.7053,107632271360,80,60,58,42,67,2,WATCH,0.76,9,False,live,STOCK,84,NEUTRAL
2026-08-25T07:30:54.613177+09:00,2026-08-25,NSC,Norfolk Southern Corporation,US,산업재,2026-08-24,352.98,1277993,1245894.65,6.2455,79282266112,88,60,60,45,64,1,HOLD,0.79,9,False,live,STOCK,54,NEUTRAL
2026-08-25T07:30:54.613177+09:00,2026-08-25,FDX,FedEx Corporation,US,산업재,2026-08-24,334.05,1489711,1531295.55,8.0486,79059755008,87,60,66,68,68,1,HOLD,0.74,9,False,live,STOCK,41,NEUTRAL
2026-08-25T07:30:54.613177+09:00,2026-08-25,CMI,Cummins Inc.,US,산업재,2026-08-24,571.62,1242244,1008387.2,16.9629,78691770368,20,60,70,58,44,1,AVOID,-0.54,-6,True,live,STOCK,26,NEUTRAL
2026-08-25T07:30:54.613177+09:00,2026-08-25,GM,General Motors Company,US,소비재,2026-08-24,86.98,4745644,5448042.2,2.0736,78669193216,47,60,45,74,50,1,HOLD,0.04,0,False,live,STOCK,40,NEUTRAL
2026-08-25T07:30:54.613177+09:00,2026-08-25,RCL,Royal Caribbean Cruises Ltd.,US,소비재,2026-08-24,293.0,1604961,1756938.05,7.9439,78363459584,39,60,63,50,46,0,HOLD,-0.03,0,False,live,STOCK,29,NEUTRAL
2026-08-25T07:30:54.613177+09:00,2026-08-25,NTES,"NetEase, Inc.",US,IT,2026-08-24,122.965,766175,846848.75,4.1909,78728364032,46,60,58,68,59,1,HOLD,0.24,3,False,live,STOCK,71,NEUTRAL
2026-08-25T07:30:54.613177+09:00,2026-08-25,NOC,Northrop Grumman Corporation,US,산업재,2026-08-24,549.28,440871,692003.55,12.76,78032379904,43,60,45,55,50,0,HOLD,-0.05,-1,False,live,STOCK,63,NEUTRAL
2026-08-25T07:30:54.613177+09:00,2026-08-25,ROST,"Ross Stores, Inc.",US,소비재,2026-08-24,241.52,2594943,2773582.15,6.2029,77475053568,40,60,55,42,48,0,HOLD,-0.04,0,False,live,STOCK,55,NEUTRAL
2026-08-25T07:30:54.613177+09:00,2026-08-25,TRV,"The Travelers Companies, Inc.",US,금융,2026-08-24,370.55,1553875,1868793.75,7.0536,77287473152,51,60,53,78,59,1,HOLD,0.43,5,False,live,STOCK,63,NEUTRAL
2026-08-25T07:30:54.613177+09:00,2026-08-25,TGT,Target Corporation,US,소매,2026-08-24,169.89,6143195,4624304.75,4.9801,,77,60,53,60,68,2,WATCH,0.88,11,False,live,STOCK,84,NEUTRAL
2026-08-25T07:30:54.613177+09:00,2026-08-25,CNI,Canadian National Railway Company,US,산업재,2026-08-24,127.4,1036721,1336746.05,1.983,77064257536,62,60,63,50,62,1,HOLD,0.61,7,False,live,STOCK,75,NEUTRAL
2026-08-25T07:30:54.613177+09:00,2026-08-25,APO,"Apollo Global Management, Inc.",US,금융,2026-08-24,132.79,1355741,3857662.05,4.7058,78418223104,51,60,48,58,56,1,HOLD,0.2,2,False,live,STOCK,71,NEUTRAL
2026-08-25T07:30:54.613177+09:00,2026-08-25,AON,Aon plc,US,금융,2026-08-24,359.1,626235,1138691.75,7.2439,76174245888,62,60,53,45,53,0,HOLD,0.34,4,False,live,STOCK,48,NEUTRAL
2026-08-25T07:30:54.613177+09:00,2026-08-25,SNPS,"Synopsys, Inc.",US,IT,2026-08-24,394.51,1478117,1504815.85,10.5886,75540512768,40,60,60,43,43,0,AVOID,-0.44,-5,True,live,STOCK,24,NEUTRAL
2026-08-25T07:30:54.613177+09:00,2026-08-25,ORLY,"O'Reilly Automotive, Inc.",US,소비재,2026-08-24,90.68,3943474,5680103.7,2.0586,73356566528,43,60,58,50,51,0,HOLD,0.03,0,False,live,STOCK,55,NEUTRAL
2026-08-25T07:30:54.613177+09:00,2026-08-25,APOS,"Apollo Global Management, Inc.",US,금융,2026-08-24,25.57,204230,59591.5,0.151,,43,60,48,50,45,0,HOLD,-0.2,-2,False,live,STOCK,40,NEUTRAL
2026-08-25T07:30:54.613177+09:00,2026-08-25,RACE,Ferrari N.V.,US,소비재,2026-08-24,424.44,502681,535449.05,7.415,74601627648,95,60,60,37,70,2,WATCH,1.12,13,False,live,STOCK,83,NEUTRAL
2026-08-25T07:30:54.613177+09:00,2026-08-25,HLT,Hilton Worldwide Holdings Inc.,US,소비재,2026-08-24,330.07,991611,2177980.55,7.1504,74287177728,72,60,60,50,55,1,HOLD,0.28,3,False,live,STOCK,27,NEUTRAL
2026-08-25T07:30:54.613177+09:00,2026-08-25,CI,Cigna Corporation,US,제약/바이오,2026-08-24,280.45,1736047,1871667.35,6.9129,74106249216,72,65,60,94,68,2,WATCH,0.55,7,False,live,STOCK,47,NEUTRAL
2026-08-25T07:30:54.613177+09:00,2026-08-25,CL,Colgate-Palmolive Company,US,소매,2026-08-24,92.55,4012657,4589252.85,1.8179,73778348032,58,60,58,50,59,1,HOLD,0.39,5,False,live,STOCK,71,NEUTRAL
2026-08-25T07:30:54.613177+09:00,2026-08-25,BSX,Boston Scientific Corporation,US,제약/바이오,2026-08-24,49.01,22023419,21215285.95,1.7171,71026737152,43,65,72,66,57,1,HOLD,-0.02,0,False,live,STOCK,48,NEUTRAL
2026-08-25T07:30:54.613177+09:00,2026-08-25,WPM,Wheaton Precious Metals Corp.,US,소재,2026-08-24,160.19,2756149,2335302.45,6.0336,72751890432,70,60,60,50,68,2,WATCH,0.89,11,False,live,STOCK,93,NEUTRAL
2026-08-25T07:30:54.613177+09:00,2026-08-25,ET,Energy Transfer LP,US,에너지,2026-08-24,21.08,5513100,9847630.0,0.366,72584757248,91,60,75,68,76,2,WATCH,1.1,13,False,live,STOCK,61,NEUTRAL
2026-08-25T07:30:54.613177+09:00,2026-08-25,DB,Deutsche Bank AG,US,금융,2026-08-24,38.42,1308501,1773800.05,0.5075,72191180800,69,60,63,80,69,1,HOLD,0.83,10,False,live,STOCK,67,NEUTRAL
2026-08-25T07:30:54.613177+09:00,2026-08-25,WBD,"Warner Bros. Discovery, Inc.",US,인터넷,2026-08-24,28.7,21302361,20789983.05,0.4646,71954825216,69,65,53,38,54,0,HOLD,0.33,4,False,live,STOCK,48,NEUTRAL
2026-08-25T07:30:54.613177+09:00,2026-08-25,SPG,"Simon Property Group, Inc.",US,리츠,2026-08-24,220.73,1015260,1337743.0,3.6757,83794288640,44,60,72,47,54,1,HOLD,0.23,3,False,live,STOCK,48,NEUTRAL
2026-08-25T07:30:54.613177+09:00,2026-08-25,NU,Nu Holdings Ltd.,US,금융,2026-08-24,14.76,42478250,64570447.5,0.6841,71300964352,77,60,55,66,64,1,HOLD,0.7,8,False,live,STOCK,54,NEUTRAL
2026-08-25T07:30:54.613177+09:00,2026-08-25,MFC,Manulife Financial Corporation,US,금융,2026-08-24,42.82,1503642,3150942.1,0.8946,71162626048,47,60,58,76,57,1,HOLD,0.31,4,False,live,STOCK,51,NEUTRAL
2026-08-25T07:30:54.613177+09:00,2026-08-25,AMX,"América Móvil, S.A.B. de C.V.",US,인터넷,2026-08-24,23.8,5118751,2896792.55,0.4782,71301226496,47,65,55,76,53,1,HOLD,-0.1,-1,False,live,STOCK,35,NEUTRAL
2026-08-25T07:30:54.613177+09:00,2026-08-25,AJG,Arthur J. Gallagher & Co.,US,금융,2026-08-24,271.99,1512941,1357882.05,7.3243,69722185728,77,60,60,58,70,2,WATCH,0.95,11,False,live,STOCK,84,NEUTRAL
2026-08-25T07:30:54.613177+09:00,2026-08-25,SATA,Strive Inc. Perp. Pfd. Series A,US,금융,2026-08-24,100.0,347076,179593.8,0.5901,,65,60,58,42,55,0,HOLD,0.31,4,False,live,STOCK,49,NEUTRAL
2026-08-25T07:30:54.613177+09:00,2026-08-25,DLR,"Digital Realty Trust, Inc.",US,리츠,2026-08-24,188.55,1739761,2074968.05,4.5529,71027007488,46,60,66,46,52,0,HOLD,0.06,1,False,live,STOCK,48,NEUTRAL
2026-08-25T07:30:54.613177+09:00,2026-08-25,SE,Sea Limited,US,소비재,2026-08-24,115.68,2356317,4889110.85,4.9593,,51,60,50,50,59,1,HOLD,0.52,6,False,live,STOCK,93,NEUTRAL
2026-08-25T07:30:54.613177+09:00,2026-08-25,HPE,Hewlett Packard Enterprise Company,US,IT,2026-08-24,52.43,10477405,16336895.25,3.0402,69427994624,51,60,78,66,64,1,HOLD,0.66,8,False,live,STOCK,63,NEUTRAL
2026-08-25T07:30:54.613177+09:00,2026-08-25,KMI,"Kinder Morgan, Inc.",US,에너지,2026-08-24,31.0,13104785,10427409.25,0.7239,69030871040,28,60,53,45,46,0,HOLD,-0.27,-3,False,live,STOCK,63,NEUTRAL
2026-08-25T07:30:54.613177+09:00,2026-08-25,RSG,"Republic Services, Inc.",US,산업재,2026-08-24,223.08,1362344,1424917.2,4.0857,68309995520,58,60,67,45,53,0,HOLD,0.25,3,False,live,STOCK,32,NEUTRAL
2026-08-25T07:30:54.613177+09:00,2026-08-25,PCAR,PACCAR Inc,US,산업재,2026-08-24,129.94,1655067,3447818.35,2.9485,68395864064,44,60,45,58,50,0,HOLD,0.15,2,False,live,STOCK,58,NEUTRAL
2026-08-25T07:30:54.613177+09:00,2026-08-25,APD,"Air Products and Chemicals, Inc.",US,소재,2026-08-24,306.24,1182087,1037829.35,6.1736,68195217408,69,60,60,42,61,0,HOLD,0.56,7,False,live,STOCK,69,NEUTRAL
2026-08-25T07:30:54.613177+09:00,2026-08-25,HON,Honeywell International Inc.,US,산업재,2026-08-24,214.77,2557687,3063709.35,5.7667,68069203968,35,60,52,65,51,0,HOLD,-0.23,-3,False,live,STOCK,58,NEUTRAL
2026-08-25T07:30:54.613177+09:00,2026-08-25,URI,"United Rentals, Inc.",US,산업재,2026-08-24,1083.5601,401931,448186.55,28.6825,67443474432,44,60,70,58,57,1,HOLD,0.35,4,False,live,STOCK,54,NEUTRAL
2026-08-25T07:30:54.613177+09:00,2026-08-25,TDG,TransDigm Group Incorporated,US,산업재,2026-08-24,1199.08,459467,454493.35,28.5418,66280972288,28,60,56,53,44,0,AVOID,-0.33,-4,True,live,STOCK,41,NEUTRAL
2026-08-25T07:30:54.613177+09:00,2026-08-25,ALL,The Allstate Corporation,US,금융,2026-08-24,260.19,1616329,1819026.45,6.7407,65791111168,51,60,53,73,57,1,HOLD,0.36,4,False,live,STOCK,55,NEUTRAL
2026-08-25T07:30:54.613177+09:00,2026-08-25,AEP,"American Electric Power Company, Inc.",US,유틸리티,2026-08-24,121.98,3877950,3924922.5,2.5364,66405593088,28,60,60,42,47,0,HOLD,-0.23,-3,False,live,STOCK,62,NEUTRAL
2026-08-25T07:30:54.613177+09:00,2026-08-25,TRP,TC Energy Corporation,US,에너지,2026-08-24,62.06,1293796,2288749.8,1.4957,,28,60,50,45,39,0,AVOID,-0.58,-7,True,live,STOCK,32,NEUTRAL
2026-08-25T07:30:54.613177+09:00,2026-08-25,LITE,Lumentum Holdings Inc.,US,IT,2026-08-24,830.17,3905688,5343739.4,83.2644,74466246656,58,60,50,50,58,1,HOLD,0.18,2,False,live,STOCK,76,NEUTRAL
2026-08-25T07:30:54.613177+09:00,2026-08-25,VALE,Vale S.A.,US,소재,2026-08-24,15.04,48259175,24869008.75,0.3812,64006672384,69,60,62,74,64,1,HOLD,0.37,4,False,live,STOCK,47,NEUTRAL
2026-08-25T07:30:54.613177+09:00,2026-08-25,CRH,CRH plc,US,소재,2026-08-24,95.79,3872043,4698902.15,2.5006,63727599616,28,60,55,60,49,0,HOLD,-0.21,-3,False,live,STOCK,62,NEUTRAL
2026-08-25T07:30:54.613177+09:00,2026-08-25,RELX,RELX Plc,US,산업재,2026-08-24,36.39,1506005,2484055.25,0.9119,63413727232,55,60,55,50,60,1,HOLD,0.51,6,False,live,STOCK,84,NEUTRAL
2026-08-25T07:30:54.613177+09:00,2026-08-25,TFC,Truist Financial Corporation,US,금융,2026-08-24,50.81,4130473,6385273.65,0.8316,62070829056,47,60,66,70,60,1,HOLD,0.34,4,False,live,STOCK,60,NEUTRAL
2026-08-25T07:30:54.613177+09:00,2026-08-25,TRGP,Targa Resources Corp.,US,에너지,2026-08-24,294.26,1150553,1340977.65,9.4579,63098474496,91,60,63,42,63,1,HOLD,0.74,9,False,live,STOCK,40,NEUTRAL
2026-08-25T07:30:54.613177+09:00,2026-08-25,MPWR,"Monolithic Power Systems, Inc.",US,반도체,2026-08-24,1285.03,897489,828874.45,62.2921,63150231552,21,65,50,35,34,0,AVOID,-0.83,-10,True,live,STOCK,26,NEUTRAL
2026-08-25T07:30:54.613177+09:00,2026-08-25,COR,"Cencora, Inc.",US,제약/바이오,2026-08-24,323.77,756628,1484011.4,10.2487,61784109056,62,65,75,58,65,1,HOLD,0.75,9,False,live,STOCK,63,NEUTRAL
2026-08-25T07:30:54.613177+09:00,2026-08-25,ARGX,argenx SE,US,제약/바이오,2026-08-24,1011.11,318417,312695.85,36.4784,62878679040,80,65,55,50,59,1,HOLD,0.62,7,False,live,STOCK,42,NEUTRAL
2026-08-25T07:30:54.613177+09:00,2026-08-25,GWW,"W.W. Grainger, Inc.",US,산업재,2026-08-24,1321.9,155701,284400.05,21.2829,62262738944,76,60,60,50,58,1,HOLD,0.44,5,False,live,STOCK,34,NEUTRAL
2026-08-25T07:30:54.613177+09:00,2026-08-25,MET,"MetLife, Inc.",US,금융,2026-08-24,96.21,2963906,3776700.3,1.8343,61139234816,47,60,76,58,61,1,HOLD,0.54,6,False,live,STOCK,61,NEUTRAL
2026-08-25T07:30:54.613177+09:00,2026-08-25,BKR,Baker Hughes Company,US,에너지,2026-08-24,61.985,5217015,7338570.75,1.522,61530902528,43,60,50,58,46,0,HOLD,-0.29,-3,False,live,STOCK,32,NEUTRAL
2026-08-25T07:30:54.613177+09:00,2026-08-25,AU,AngloGold Ashanti plc,US,소재,2026-08-24,120.47,4450111,3107885.55,5.3466,60930023424,70,60,63,84,74,3,BUY,0.97,12,False,live,STOCK,84,NEUTRAL
2026-08-25T07:30:54.613177+09:00,2026-08-25,PSA,Public Storage,US,리츠,2026-08-24,324.97,665939,904921.95,5.36,60686766080,47,60,63,37,53,0,HOLD,0.24,3,False,live,STOCK,63,NEUTRAL
2026-08-25T07:30:54.613177+09:00,2026-08-25,NKE,"NIKE, Inc.",US,소비재,2026-08-24,40.75,18808641,24146977.05,1.0725,60452573184,28,60,50,50,39,0,AVOID,-0.58,-7,True,live,STOCK,27,NEUTRAL
2026-08-25T07:30:54.613177+09:00,2026-08-25,AFL,Aflac Incorporated,US,금융,2026-08-24,118.2,1346582,2016209.1,2.1144,59258777600,40,60,50,68,50,0,HOLD,-0.07,-1,False,live,STOCK,48,NEUTRAL
2026-08-25T07:30:54.613177+09:00,2026-08-25,BE,Bloom Energy Corporation,US,산업재,2026-08-24,204.02,15079952,16800422.6,19.7004,60089475072,15,60,55,43,35,0,AVOID,-0.83,-10,True,live,STOCK,26,NEUTRAL
2026-08-25T07:30:54.613177+09:00,2026-08-25,OXY,Occidental Petroleum Corporation,US,에너지,2026-08-24,60.11,6911668,8282798.4,1.5718,60088205312,91,60,65,76,70,2,WATCH,0.82,10,False,live,STOCK,40,NEUTRAL
2026-08-25T07:30:54.613177+09:00,2026-08-25,CVE,Cenovus Energy Inc.,US,에너지,2026-08-24,32.17,7293882,7083579.1,0.8964,59329359872,81,60,53,68,61,1,HOLD,0.57,7,False,live,STOCK,34,NEUTRAL
2026-08-25T07:30:54.613177+09:00,2026-08-25,MPLX,MPLX Lp,US,에너지,2026-08-24,58.46,664245,1486662.25,0.9849,59270152192,47,60,55,55,53,0,HOLD,0.14,2,False,live,STOCK,55,NEUTRAL
2026-08-25T07:30:54.613177+09:00,2026-08-25,O,Realty Income Corporation,US,리츠,2026-08-24,63.17,3890739,5511726.95,0.9421,59772592128,58,60,63,42,51,0,HOLD,0.14,2,False,live,STOCK,34,NEUTRAL
2026-08-25T07:30:54.613177+09:00,2026-08-25,FAST,Fastenal Company,US,산업재,2026-08-24,51.28,5432665,7696828.25,0.9636,58843676672,69,60,53,29,57,1,HOLD,0.6,7,False,live,STOCK,75,NEUTRAL
2026-08-25T07:30:54.613177+09:00,2026-08-25,LNG,"Cheniere Energy, Inc.",US,에너지,2026-08-24,280.79,1136390,1529689.5,7.2295,57992728576,92,60,66,45,73,2,WATCH,1.17,14,False,live,STOCK,83,NEUTRAL
2026-08-25T07:30:54.613177+09:00,2026-08-25,TEL,TE Connectivity plc,US,반도체,2026-08-24,202.41,1705295,2186229.75,5.5584,58600370176,43,65,63,66,54,0,HOLD,0.04,0,False,live,STOCK,47,NEUTRAL
2026-08-25T07:30:54.613177+09:00,2026-08-25,OKE,"ONEOK, Inc.",US,에너지,2026-08-24,93.02,2979561,3794313.05,2.3129,58636984320,87,60,55,60,64,1,HOLD,0.65,8,False,live,STOCK,49,NEUTRAL
2026-08-25T07:30:54.613177+09:00,2026-08-25,D,"Dominion Energy, Inc.",US,유틸리티,2026-08-24,66.61,5593611,3515585.55,1.1343,58585223168,28,60,60,50,45,0,HOLD,-0.24,-3,False,live,STOCK,45,NEUTRAL
2026-08-25T07:30:54.613177+09:00,2026-08-25,TAK,Takeda Pharmaceutical Company Limited,US,제약/바이오,2026-08-24,18.24,2232857,3515102.85,0.3164,58249494528,76,65,45,66,65,2,WATCH,0.76,9,False,live,STOCK,77,NEUTRAL
2026-08-25T07:30:54.613177+09:00,2026-08-25,FANG,"Diamondback Energy, Inc.",US,에너지,2026-08-24,205.6,2263465,1827818.25,5.755,57572069376,91,60,50,61,63,1,HOLD,0.64,8,False,live,STOCK,42,NEUTRAL
2026-08-25T07:30:54.613177+09:00,2026-08-25,TER,"Teradyne, Inc.",US,반도체,2026-08-24,364.9,2661317,3504530.85,25.8493,57048739840,28,65,45,50,41,0,AVOID,-0.46,-6,True,live,STOCK,47,NEUTRAL
2026-08-25T07:30:54.613177+09:00,2026-08-25,FIX,"Comfort Systems USA, Inc.",US,산업재,2026-08-24,1609.6899,451020,442881.0,84.4492,56651956224,28,60,50,58,41,0,AVOID,-0.6,-7,True,live,STOCK,32,NEUTRAL
2026-08-25T07:30:54.613177+09:00,2026-08-25,GRMN,Garmin Ltd.,US,IT,2026-08-24,291.25,1870110,1079405.5,7.1682,56168304640,48,60,48,45,54,1,HOLD,0.34,4,False,live,STOCK,80,NEUTRAL
2026-08-25T07:30:54.613177+09:00,2026-08-25,NXPI,NXP Semiconductors N.V.,US,반도체,2026-08-24,222.44,2967530,4316181.5,6.9536,56091398144,40,65,73,74,54,2,HOLD,-0.18,-2,False,live,STOCK,26,NEUTRAL
2026-08-25T07:30:54.613177+09:00,2026-08-25,NUE,Nucor Corporation,US,소재,2026-08-24,244.64,1459233,1656191.65,9.3471,55502864384,35,60,60,53,49,0,HOLD,-0.08,-1,False,live,STOCK,48,NEUTRAL
2026-08-25T07:30:54.613177+09:00,2026-08-25,AME,"AMETEK, Inc.",US,산업재,2026-08-24,242.33,1825269,1392138.45,5.0429,55556878336,44,60,60,53,55,0,HOLD,0.21,3,False,live,STOCK,64,NEUTRAL
2026-08-25T07:30:54.613177+09:00,2026-08-25,F,Ford Motor Company,US,소비재,2026-08-24,13.93,53243732,47991671.6,0.4118,55547211776,65,60,68,57,62,0,HOLD,0.35,4,False,live,STOCK,55,NEUTRAL
2026-08-25T07:30:54.613177+09:00,2026-08-25,CTVA,"Corteva, Inc.",US,소재,2026-08-24,82.81,9216202,5286955.1,1.9571,55250501632,72,60,58,50,62,1,HOLD,0.55,7,False,live,STOCK,63,NEUTRAL
2026-08-25T07:30:54.613177+09:00,2026-08-25,MT,ArcelorMittal S.A.,US,소재,2026-08-24,72.64,1472691,1508419.55,2.1602,54773592064,62,60,60,58,64,1,HOLD,0.58,7,False,live,STOCK,78,NEUTRAL
2026-08-25T07:30:54.613177+09:00,2026-08-25,SRE,Sempra,US,유틸리티,2026-08-24,84.57,3765722,4091686.1,1.9961,55300354048,50,60,58,58,49,0,HOLD,-0.15,-2,False,live,STOCK,26,NEUTRAL
2026-08-25T07:30:54.613177+09:00,2026-08-25,NDAQ,"Nasdaq, Inc.",US,금융,2026-08-24,98.79,3699419,2987550.95,1.8629,55221370880,73,60,45,58,59,1,HOLD,0.5,6,False,live,STOCK,61,NEUTRAL
2026-08-25T07:30:54.613177+09:00,2026-08-25,MRNA,"Moderna, Inc.",US,제약/바이오,2026-08-24,138.89,31457113,25339515.65,16.9831,55449874432,82,65,50,50,68,2,WATCH,0.95,11,False,live,STOCK,93,NEUTRAL
2026-08-25T07:30:54.613177+09:00,2026-08-25,CAH,"Cardinal Health, Inc.",US,제약/바이오,2026-08-24,232.37,1398875,2019578.75,6.8393,54043619328,47,65,53,66,55,0,HOLD,0.32,4,False,live,STOCK,61,NEUTRAL
2026-08-25T07:30:54.613177+09:00,2026-08-25,DAL,"Delta Air Lines, Inc.",US,산업재,2026-08-24,82.48,4078573,4735013.65,2.2239,,35,60,60,51,49,0,HOLD,-0.04,0,False,live,STOCK,51,NEUTRAL
2026-08-25T07:30:54.613177+09:00,2026-08-25,COHR,"Coherent, Inc.",US,IT,2026-08-24,275.49,6899280,7944004.0,34.1843,53949820928,18,60,45,43,40,0,AVOID,-0.64,-8,True,live,STOCK,62,NEUTRAL
2026-08-25T07:30:54.613177+09:00,2026-08-25,NOK,Nokia Oyj,US,IT,2026-08-24,9.96,48231800,80165535.0,0.4818,,55,60,55,51,49,0,HOLD,-0.22,-3,False,live,STOCK,29,NEUTRAL
2026-08-25T07:30:54.613177+09:00,2026-08-25,ADSK,"Autodesk, Inc.",US,IT,2026-08-24,254.42,1397200,1888165.0,9.0593,53719572480,62,60,72,66,70,2,WATCH,0.78,9,False,live,STOCK,83,NEUTRAL
2026-08-25T07:30:54.613177+09:00,2026-08-25,DEO,Diageo plc,US,소매,2026-08-24,96.07,711877,1362553.85,2.3171,53405310976,69,60,58,58,68,1,HOLD,0.85,10,False,live,STOCK,93,NEUTRAL
2026-08-25T07:30:54.613177+09:00,2026-08-25,KEYS,"Keysight Technologies, Inc.",US,IT,2026-08-24,310.66,1037944,1394437.2,13.4345,52905398272,25,60,53,50,40,0,AVOID,-0.61,-7,True,live,STOCK,33,NEUTRAL
2026-08-25T07:30:54.613177+09:00,2026-08-25,DVN,Devon Energy Corporation,US,에너지,2026-08-24,48.23,7558075,10863903.75,1.35,53052997632,91,60,84,70,75,3,BUY,1.05,13,False,live,STOCK,42,NEUTRAL
2026-08-25T07:30:54.613177+09:00,2026-08-25,STT,State Street Corporation,US,금융,2026-08-24,190.92,1664630,1535621.5,3.9329,52446060544,73,60,63,76,69,2,WATCH,0.84,10,False,live,STOCK,63,NEUTRAL
2026-08-25T07:30:54.613177+09:00,2026-08-25,PYPL,"PayPal Holdings, Inc.",US,금융,2026-08-24,61.68,8243996,10949379.8,1.4691,52764827648,73,60,50,78,70,3,BUY,0.9,11,False,live,STOCK,90,NEUTRAL
2026-08-25T07:30:54.613177+09:00,2026-08-25,CIEN,Ciena Corporation,US,IT,2026-08-24,371.95,1776808,2215490.4,29.6836,52650614784,18,60,50,43,35,0,AVOID,-0.81,-10,True,live,STOCK,30,NEUTRAL
2026-08-25T07:30:54.613177+09:00,2026-08-25,BDX,"Becton, Dickinson and Company",US,제약/바이오,2026-08-24,190.74,1310990,1965099.5,4.53,51955060736,80,65,50,66,70,2,WATCH,0.96,12,False,live,STOCK,90,NEUTRAL
2026-08-25T07:30:54.613177+09:00,2026-08-25,WDAY,"Workday, Inc.",US,IT,2026-08-24,199.15,3100744,5069007.2,11.2831,49184763904,88,60,45,59,69,2,WATCH,0.97,12,False,live,STOCK,87,NEUTRAL
2026-08-25T07:30:54.613177+09:00,2026-08-25,EW,Edwards Lifesciences Corporation,US,제약/바이오,2026-08-24,90.5,2722011,3415915.55,1.9229,52164198400,58,65,53,50,54,0,HOLD,0.2,2,False,live,STOCK,52,NEUTRAL
2026-08-25T07:30:54.613177+09:00,2026-08-25,FNV,Franco-Nevada Corporation,US,소재,2026-08-24,270.13,640218,820220.9,8.8611,52101001216,66,60,55,50,64,1,HOLD,0.76,9,False,live,STOCK,90,NEUTRAL
2026-08-25T07:30:54.613177+09:00,2026-08-25,NBIS,Nebius Group N.V.,US,IT,2026-08-24,210.91,16817431,28897511.55,23.327,57336987648,28,60,65,58,54,1,HOLD,0.06,1,False,live,STOCK,73,NEUTRAL
2026-08-25T07:30:54.613177+09:00,2026-08-25,AMP,"Ameriprise Financial, Inc.",US,금융,2026-08-24,561.13,249535,421706.75,10.7121,49566416896,73,60,48,68,64,1,HOLD,0.7,8,False,live,STOCK,69,NEUTRAL
2026-08-25T07:30:54.613177+09:00,2026-08-25,WAB,Westinghouse Air Brake Technologies Corp,US,산업재,2026-08-24,297.62,636765,955798.25,5.3446,50271244288,62,60,40,50,53,0,HOLD,0.33,4,False,live,STOCK,61,NEUTRAL
2026-08-25T07:30:54.613177+09:00,2026-08-25,ELC,"Entergy Louisiana, LLC COLLATERAL TR MT",US,유틸리티,2026-08-24,19.77,24541,16882.05,0.1049,,17,60,58,50,40,0,AVOID,-0.46,-6,True,live,STOCK,40,NEUTRAL
2026-08-25T07:30:54.613177+09:00,2026-08-25,FITB,Fifth Third Bancorp,US,금융,2026-08-24,54.9,4613129,5558886.45,1.0243,49788403712,39,60,45,58,48,0,HOLD,-0.0,0,False,live,STOCK,54,NEUTRAL
2026-08-25T07:30:54.613177+09:00,2026-08-25,CARR,Carrier Global Corporation,US,산업재,2026-08-24,59.97,3957333,6622361.65,1.3921,49434775552,20,60,73,50,43,1,AVOID,-0.44,-5,True,live,STOCK,26,NEUTRAL
2026-08-25T07:30:54.613177+09:00,2026-08-25,ETR,Entergy Corporation,US,유틸리티,2026-08-24,105.79,1383783,2427589.15,2.1442,49364946944,50,60,60,50,55,0,HOLD,0.09,1,False,live,STOCK,58,NEUTRAL
2026-08-25T07:30:54.613177+09:00,2026-08-25,HEI,HEICO Corporation,US,산업재,2026-08-24,352.67,605772,424963.6,8.3936,,47,60,60,27,50,0,HOLD,0.26,3,False,live,STOCK,63,NEUTRAL
2026-08-25T07:30:54.613177+09:00,2026-08-25,AZO,"AutoZone, Inc.",US,소비재,2026-08-24,3009.4399,254399,195559.95,78.3193,,28,60,60,50,49,0,HOLD,-0.14,-2,False,live,STOCK,65,NEUTRAL
2026-08-25T07:30:54.613177+09:00,2026-08-25,LHX,"L3Harris Technologies, Inc.",US,산업재,2026-08-24,262.83,1558376,1755878.8,6.4679,48942788608,10,60,63,58,45,0,HOLD,-0.54,-6,False,live,STOCK,58,NEUTRAL
2026-08-25T07:30:54.613177+09:00,2026-08-25,CCEP,Coca-Cola Europacific Partners PLC,US,소매,2026-08-24,110.12,1903624,2045996.2,2.025,48637358080,69,60,60,45,64,1,HOLD,0.76,9,False,live,STOCK,80,NEUTRAL
2026-08-25T07:30:54.613177+09:00,2026-08-25,CMG,"Chipotle Mexican Grill, Inc.",US,소비재,2026-08-24,38.02,18188255,19948817.75,1.2029,48111194112,71,60,63,50,62,1,HOLD,0.71,9,False,live,STOCK,61,NEUTRAL
2026-08-25T07:30:54.613177+09:00,2026-08-25,PCG,PG&E Corporation,US,유틸리티,2026-08-24,18.11,21810909,26704680.45,0.5396,39884865536,88,60,63,68,74,2,WATCH,1.07,13,False,live,STOCK,78,NEUTRAL
2026-08-25T07:30:54.613177+09:00,2026-08-25,XYZ,"Block, Inc.",US,IT,2026-08-24,81.38,4066938,4940836.9,2.7649,48892694528,62,60,63,43,59,0,HOLD,0.57,7,False,live,STOCK,63,NEUTRAL
2026-08-25T07:30:54.613177+09:00,2026-08-25,XEL,Xcel Energy Inc.,US,유틸리티,2026-08-24,77.33,5471251,5010627.55,1.4586,48302972928,28,60,58,42,39,0,AVOID,-0.47,-6,True,live,STOCK,26,NEUTRAL
2026-08-25T07:30:54.613177+09:00,2026-08-25,AXON,"Axon Enterprise, Inc.",US,산업재,2026-08-24,597.59,656033,958151.65,41.07,48546668544,66,60,60,35,63,1,HOLD,0.76,9,False,live,STOCK,90,NEUTRAL
2026-08-25T07:30:54.613177+09:00,2026-08-25,INFY,Infosys Limited,US,IT,2026-08-24,11.82,15897333,20209066.65,0.3393,47872458752,43,60,60,60,52,0,HOLD,0.03,0,False,live,STOCK,48,NEUTRAL
2026-08-25T07:30:54.613177+09:00,2026-08-25,ROK,"Rockwell Automation, Inc.",US,산업재,2026-08-24,429.69,602336,883711.8,10.4421,47813304320,31,60,60,42,44,0,AVOID,-0.34,-4,True,live,STOCK,39,NEUTRAL
2026-08-25T07:30:54.613177+09:00,2026-08-25,ALAB,"Astera Labs, Inc. Common Stock",US,반도체,2026-08-24,277.53,3690442,4725122.1,25.2579,48147320832,17,65,65,35,39,0,AVOID,-0.61,-7,True,live,STOCK,39,NEUTRAL
2026-08-25T07:30:54.613177+09:00,2026-08-25,EBAY,eBay Inc.,US,소비재,2026-08-24,107.08,3826319,4667800.95,3.6343,47650598912,28,60,53,50,47,0,HOLD,-0.28,-3,False,live,STOCK,62,NEUTRAL
2026-08-25T07:30:54.613177+09:00,2026-08-25,UMC,United Microelectronics Corporation,US,반도체,2026-08-24,19.05,14922828,13925706.4,0.8257,47775657984,62,65,55,66,58,0,HOLD,0.15,2,False,live,STOCK,47,NEUTRAL
2026-08-25T07:30:54.613177+09:00,2026-08-25,TRI,Thomson Reuters Corporation,US,산업재,2026-08-24,108.62,1449043,2353027.15,5.2068,47056855040,78,60,50,58,66,2,WATCH,0.83,10,False,live,STOCK,80,NEUTRAL
2026-08-25T07:30:54.613177+09:00,2026-08-25,COIN,"Coinbase Global, Inc.",US,금융,2026-08-24,179.48,13096337,9723076.85,9.1313,47353450496,69,60,53,38,55,0,HOLD,0.27,3,False,live,STOCK,53,NEUTRAL
2026-08-25T07:30:54.613177+09:00,2026-08-25,CRWV,"CoreWeave, Inc. Class A Common Stock",US,IT,2026-08-24,86.25,19118817,33318095.85,7.7604,47570030592,18,60,60,42,37,0,AVOID,-0.74,-9,True,live,STOCK,26,NEUTRAL
2026-08-25T07:30:54.613177+09:00,2026-08-25,NTRA,"Natera, Inc.",US,제약/바이오,2026-08-24,327.72,1219248,1475102.4,14.1585,47238930432,85,65,63,50,73,2,WATCH,1.13,14,False,live,STOCK,93,NEUTRAL
2026-08-25T07:30:54.613177+09:00,2026-08-25,HUM,Humana Inc.,US,제약/바이오,2026-08-24,386.61,1454977,1430743.85,13.2631,46424244224,80,65,70,58,70,2,WATCH,0.99,12,False,live,STOCK,69,NEUTRAL
2026-08-25T07:30:54.613177+09:00,2026-08-25,ARES,Ares Management Corporation,US,금융,2026-08-24,140.01,1531982,2382684.1,4.8625,46181822464,55,60,60,35,57,1,HOLD,0.49,6,False,live,STOCK,78,NEUTRAL
2026-08-25T07:30:54.613177+09:00,2026-08-25,FERG,Ferguson plc,US,산업재,2026-08-24,236.45,1290925,4467641.25,6.8674,45741895680,40,60,63,50,56,1,HOLD,0.25,3,False,live,STOCK,78,NEUTRAL
2026-08-25T07:30:54.613177+09:00,2026-08-25,VST,Vistra Corp.,US,유틸리티,2026-08-24,135.66,4798724,4874231.2,4.6116,45532270592,18,60,56,58,40,0,AVOID,-0.68,-8,True,live,STOCK,32,NEUTRAL
2026-08-25T07:30:54.613177+09:00,2026-08-25,EXC,Exelon Corporation,US,유틸리티,2026-08-24,44.34,4868478,7058998.9,0.8668,45681459200,28,60,60,52,45,0,HOLD,-0.31,-4,False,live,STOCK,39,NEUTRAL
2026-08-25T07:30:54.613177+09:00,2026-08-25,FER,Ferrovial SE,US,산업재,2026-08-24,62.74,1212493,1559424.65,1.0536,45223129088,28,60,55,38,44,0,AVOID,-0.39,-5,True,live,STOCK,55,NEUTRAL
2026-08-25T07:30:54.613177+09:00,2026-08-25,VTR,"Ventas, Inc.",US,리츠,2026-08-24,93.47,2133627,3488911.35,2.0296,47945097216,91,60,65,43,70,2,WATCH,0.97,12,False,live,STOCK,75,NEUTRAL
2026-08-25T07:30:54.613177+09:00,2026-08-25,ABEV,Ambev S.A.,US,소매,2026-08-24,2.92,26633505,37485430.25,0.0654,45026394112,47,60,58,68,51,0,HOLD,-0.18,-2,False,live,STOCK,29,NEUTRAL
2026-08-25T07:30:54.613177+09:00,2026-08-25,WDS,Woodside Energy Group Ltd,US,에너지,2026-08-24,23.82,348898,591629.9,0.475,,91,60,55,60,69,1,HOLD,0.9,11,False,live,STOCK,66,NEUTRAL
2026-08-25T07:30:54.613177+09:00,2026-08-25,TEAM,Atlassian Corporation,US,IT,2026-08-24,171.33,2581982,5548654.1,10.2321,43370274816,73,60,60,42,67,2,WATCH,0.9,11,False,live,STOCK,93,NEUTRAL
2026-08-25T07:30:54.613177+09:00,2026-08-25,RVMD,"Revolution Medicines, Inc.",US,제약/바이오,2026-08-24,211.58,1597915,1710990.75,6.9576,45349298176,85,65,63,42,71,2,WATCH,1.08,13,False,live,STOCK,90,NEUTRAL
2026-08-25T07:30:54.613177+09:00,2026-08-25,PAYX,"Paychex, Inc.",US,산업재,2026-08-24,126.01,2307201,2777145.05,3.1471,44819595264,70,60,50,50,64,2,WATCH,0.76,9,False,live,STOCK,90,NEUTRAL
2026-08-25T07:30:54.613177+09:00,2026-08-25,HLN,Haleon plc,US,제약/바이오,2026-08-24,10.16,13657422,9844146.1,0.1662,44687765504,81,65,55,58,69,2,WATCH,0.89,11,False,live,STOCK,84,NEUTRAL
2026-08-25T07:30:54.613177+09:00,2026-08-25,CCJ,Cameco Corporation,US,에너지,2026-08-24,102.27,1963861,2920873.05,3.44,44541956096,72,60,60,35,58,1,HOLD,0.32,4,False,live,STOCK,55,NEUTRAL
2026-08-25T07:30:54.613177+09:00,2026-08-25,KDP,Keurig Dr Pepper Inc.,US,소매,2026-08-24,32.51,8249154,12813127.7,1.0768,44240449536,73,60,63,66,71,2,WATCH,0.9,11,False,live,STOCK,84,NEUTRAL
2026-08-25T07:30:54.613177+09:00,2026-08-25,IDXX,"IDEXX Laboratories, Inc.",US,제약/바이오,2026-08-24,559.51,382910,639730.5,17.6664,44078825472,40,65,60,37,48,0,HOLD,-0.05,-1,False,live,STOCK,54,NEUTRAL
2026-08-25T07:30:54.613177+09:00,2026-08-25,STM,STMicroelectronics N.V.,US,반도체,2026-08-24,49.35,7093336,9078771.8,2.0886,44042579968,40,65,70,58,48,1,HOLD,-0.33,-4,False,live,STOCK,17,NEUTRAL
2026-08-25T07:30:54.613177+09:00,2026-08-25,CBRE,"CBRE Group, Inc.",US,리츠,2026-08-24,151.93,771498,1629564.9,4.425,43995172864,77,60,63,58,69,2,WATCH,0.92,11,False,live,STOCK,75,NEUTRAL
2026-08-25T07:30:54.613177+09:00,2026-08-25,SLF,Sun Life Financial Inc.,US,금융,2026-08-24,79.05,508581,785184.05,1.3893,44008288256,47,60,55,50,51,0,HOLD,0.14,2,False,live,STOCK,51,NEUTRAL
2026-08-25T07:30:54.613177+09:00,2026-08-25,TTWO,"Take-Two Interactive Software, Inc.",US,IT,2026-08-24,233.5,2711480,2316584.0,9.292,43659935744,50,60,53,37,48,0,HOLD,0.05,1,False,live,STOCK,48,NEUTRAL
2026-08-25T07:30:54.613177+09:00,2026-08-25,IX,ORIX Corporation,US,금융,2026-08-24,39.11,203511,266180.55,0.8528,42481123328,43,60,55,70,52,1,HOLD,-0.04,0,False,live,STOCK,45,NEUTRAL
2026-08-25T07:30:54.613177+09:00,2026-08-25,YUM,"Yum! Brands, Inc.",US,소비재,2026-08-24,157.35,2253872,2634208.6,4.2571,42940989440,69,60,53,50,54,0,HOLD,0.26,3,False,live,STOCK,39,NEUTRAL
2026-08-25T07:30:54.613177+09:00,2026-08-25,A,"Agilent Technologies, Inc.",US,제약/바이오,2026-08-24,153.43,3945982,1839654.1,3.9843,43333529600,85,65,60,58,72,2,WATCH,1.06,13,False,live,STOCK,84,NEUTRAL
2026-08-25T07:30:54.613177+09:00,2026-08-25,BSBR,Banco Santander (Brasil) S.A.,US,금융,2026-08-24,5.78,2281863,4921753.15,0.1307,43277910016,62,60,45,86,59,1,HOLD,0.34,4,False,live,STOCK,48,NEUTRAL
2026-08-25T07:30:54.613177+09:00,2026-08-25,TEVA,Teva Pharmaceutical Industries Limited,US,제약/바이오,2026-08-24,36.93,3338116,5998880.8,0.885,43034386432,81,65,50,51,64,2,WATCH,0.67,8,False,live,STOCK,71,NEUTRAL
2026-08-25T07:30:54.613177+09:00,2026-08-25,LYV,"Live Nation Entertainment, Inc.",US,인터넷,2026-08-24,184.59,1696771,2135978.55,3.8921,43001995264,62,65,60,22,55,0,HOLD,0.45,5,False,live,STOCK,69,NEUTRAL
2026-08-25T07:30:54.613177+09:00,2026-08-25,IQV,IQVIA Holdings Inc.,US,제약/바이오,2026-08-24,260.24,1113626,1507416.3,7.8,42835501056,77,65,50,51,67,2,WATCH,0.88,11,False,live,STOCK,93,NEUTRAL
2026-08-25T07:30:54.613177+09:00,2026-08-25,WCN,"Waste Connections, Inc.",US,산업재,2026-08-24,168.97,805506,1222230.3,2.9395,42507657216,91,60,53,50,60,1,HOLD,0.62,7,False,live,STOCK,32,NEUTRAL
2026-08-25T07:30:54.613177+09:00,2026-08-25,PRU,"Prudential Financial, Inc.",US,금융,2026-08-24,122.67,1635189,1905329.45,2.5829,42321149952,47,60,63,94,65,1,HOLD,0.57,7,False,live,STOCK,67,NEUTRAL
2026-08-25T07:30:54.613177+09:00,2026-08-25,GFI,Gold Fields Limited,US,소재,2026-08-24,47.33,3387245,3794942.25,2.1121,,66,60,60,55,60,0,HOLD,0.57,7,False,live,STOCK,54,NEUTRAL
2026-08-25T07:30:54.613177+09:00,2026-08-25,HMC,"Honda Motor Co., Ltd.",US,소비재,2026-08-24,32.59,1079700,1180775.0,0.6321,42291138560,85,60,58,63,69,1,HOLD,0.93,11,False,live,STOCK,66,NEUTRAL
2026-08-25T07:30:54.613177+09:00,2026-08-25,CBRS,Cerebras Systems Inc.,US,반도체,2026-08-24,185.43,5715245,7578977.25,21.9529,44051501056,36,65,68,35,54,1,HOLD,-0.06,-1,False,live,STOCK,78,NEUTRAL
2026-08-25T07:30:54.613177+09:00,2026-08-25,ROP,"Roper Technologies, Inc.",US,IT,2026-08-24,415.51,619280,778799.0,9.9093,41094303744,85,60,60,68,75,2,WATCH,1.14,14,False,live,STOCK,90,NEUTRAL
2026-08-25T07:30:54.613177+09:00,2026-08-25,ODFL,"Old Dominion Freight Line, Inc.",US,산업재,2026-08-24,201.48,1527594,1739479.7,6.3111,41901449216,28,60,60,50,40,0,AVOID,-0.5,-6,True,live,STOCK,20,NEUTRAL
2026-08-25T07:30:54.613177+09:00,2026-08-25,KB,KB Financial Group Inc.,US,금융,2026-08-24,118.72,161148,224197.4,2.7861,41683316736,62,60,55,78,61,1,HOLD,0.5,6,False,live,STOCK,52,NEUTRAL
2026-08-25T07:30:54.613177+09:00,2026-08-25,DHI,"D.R. Horton, Inc.",US,소비재,2026-08-24,148.97,1720524,2146041.2,4.4272,41667100672,65,60,73,68,62,1,HOLD,0.43,5,False,live,STOCK,33,NEUTRAL
2026-08-25T07:30:54.613177+09:00,2026-08-25,FMX,"Fomento Económico Mexicano, S.A.B. de C.",US,소매,2026-08-24,121.99,282600,533360.0,2.3491,41559732224,62,60,60,53,59,0,HOLD,0.38,5,False,live,STOCK,61,NEUTRAL
2026-08-25T07:30:54.613177+09:00,2026-08-25,MSCI,MSCI Inc.,US,금융,2026-08-24,571.36,409110,660835.5,12.5216,41537871872,65,60,63,50,56,0,HOLD,0.24,3,False,live,STOCK,39,NEUTRAL
2026-08-25T07:30:54.613177+09:00,2026-08-25,CRDO,Credo Technology Group Holding Ltd,US,반도체,2026-08-24,222.61,4254742,4964652.1,21.7465,41511845888,28,65,68,35,45,0,HOLD,-0.19,-2,False,live,STOCK,46,NEUTRAL
2026-08-25T07:30:54.613177+09:00,2026-08-25,AIG,"American International Group, Inc.",US,금융,2026-08-24,77.38,2715404,3015960.2,1.3743,40461471744,40,60,55,94,60,1,HOLD,0.16,2,False,live,STOCK,61,NEUTRAL
2026-08-25T07:30:54.613177+09:00,2026-08-25,JD,"JD.com, Inc.",US,소비재,2026-08-24,29.2,5062369,9575233.45,0.8175,,32,60,63,66,57,1,HOLD,0.1,1,False,live,STOCK,78,NEUTRAL
2026-08-25T07:30:54.613177+09:00,2026-08-25,VIK,Viking Holdings Ltd,US,소비재,2026-08-24,91.47,4438306,3194420.3,4.1072,40809992192,35,60,55,50,42,0,AVOID,-0.27,-3,True,live,STOCK,26,NEUTRAL
2026-08-25T07:30:54.613177+09:00,2026-08-25,MSTR,Strategy Inc,US,IT,2026-08-24,122.63,41024349,22022292.45,6.3964,48718651392,49,60,53,62,54,0,HOLD,-0.11,-1,False,live,STOCK,55,NEUTRAL
2026-08-25T07:30:54.613177+09:00,2026-08-25,VEEV,Veeva Systems Inc.,US,IT,2026-08-24,248.46,1569988,1751239.4,8.6636,40360660992,73,60,60,50,68,2,WATCH,0.91,11,False,live,STOCK,90,NEUTRAL
2026-08-25T07:30:54.613177+09:00,2026-08-25,MCHP,Microchip Technology Incorporated,US,반도체,2026-08-24,74.21,10300210,10813180.5,3.8518,40296677376,18,65,73,51,43,1,AVOID,-0.57,-7,True,live,STOCK,26,NEUTRAL
2026-08-25T07:30:54.613177+09:00,2026-08-25,SYY,Sysco Corporation,US,소매,2026-08-24,83.86,1746824,3609126.2,1.5357,40130666496,54,60,73,50,61,1,HOLD,0.55,7,False,live,STOCK,63,NEUTRAL
2026-08-25T07:30:54.613177+09:00,2026-08-25,PFH,"Prudential Financial, Inc. 4.125% Junior",US,금융,2026-08-24,15.3,45359,34497.95,0.1962,,20,60,58,50,41,0,AVOID,-0.47,-6,True,live,STOCK,40,NEUTRAL
2026-08-25T07:30:54.613177+09:00,2026-08-25,RKT,"Rocket Companies, Inc.",US,금융,2026-08-24,14.09,17785217,27319660.85,0.7246,39897841664,65,60,63,60,64,0,HOLD,0.52,6,False,live,STOCK,69,NEUTRAL
2026-08-25T07:30:54.613177+09:00,2026-08-25,ONC,BeOne Medicines AG,US,제약/바이오,2026-08-24,371.98,349775,397218.75,10.5321,42079182848,73,65,48,35,62,2,WATCH,0.75,9,False,live,STOCK,93,NEUTRAL
2026-08-25T07:30:54.613177+09:00,2026-08-25,ED,"Consolidated Edison, Inc.",US,유틸리티,2026-08-24,107.71,2136762,2370163.1,1.8682,39834243072,50,60,65,52,59,0,HOLD,0.31,4,False,live,STOCK,69,NEUTRAL
2026-08-25T07:30:54.613177+09:00,2026-08-25,RKLB,"Rocket Lab USA, Inc.",US,산업재,2026-08-24,68.28,14282637,18600506.85,5.3743,43658981376,15,60,63,19,35,0,AVOID,-0.75,-9,True,live,STOCK,38,NEUTRAL
2026-08-25T07:30:54.613177+09:00,2026-08-25,FLEX,Flex Ltd.,US,IT,2026-08-24,106.65,2740233,4318706.65,6.1968,39396827136,10,60,66,58,49,1,HOLD,-0.4,-5,False,live,STOCK,73,NEUTRAL
2026-08-25T07:30:54.613177+09:00,2026-08-25,KGC,Kinross Gold Corporation,US,소재,2026-08-24,32.98,9503116,8744920.8,1.2844,39122219008,66,60,55,68,61,0,HOLD,0.53,6,False,live,STOCK,55,NEUTRAL
2026-08-25T07:30:54.613177+09:00,2026-08-25,EXPE,"Expedia Group, Inc.",US,소비재,2026-08-24,339.125,1562298,1653054.9,12.8914,40702488576,70,60,45,58,62,2,WATCH,0.65,8,False,live,STOCK,78,NEUTRAL
2026-08-25T07:30:54.613177+09:00,2026-08-25,HSY,The Hershey Company,US,소매,2026-08-24,189.94,1072066,1395708.3,3.4308,38163820544,67,60,50,50,59,0,HOLD,0.37,4,False,live,STOCK,68,NEUTRAL
2026-08-25T07:30:54.613177+09:00,2026-08-25,HIG,"The Hartford Insurance Group, Inc.",US,금융,2026-08-24,138.98,991433,1477051.65,2.4071,37645791232,43,60,58,86,60,1,HOLD,0.25,3,False,live,STOCK,63,NEUTRAL
2026-08-25T07:30:54.613177+09:00,2026-08-25,ADM,Archer-Daniels-Midland Company,US,소매,2026-08-24,78.16,3461493,4144719.65,2.5661,37669961728,28,60,63,58,44,0,AVOID,-0.31,-4,True,live,STOCK,25,NEUTRAL
2026-08-25T07:30:54.613177+09:00,2026-08-25,EL,The Estée Lauder Companies Inc.,US,소매,2026-08-24,104.13,4352790,3438184.5,3.6464,,70,60,61,35,57,1,HOLD,0.58,7,False,live,STOCK,55,NEUTRAL
2026-08-25T07:30:54.613177+09:00,2026-08-25,KVUE,Kenvue Inc.,US,소매,2026-08-24,19.43,16095934,21545096.7,0.3846,37320630272,62,60,60,66,65,1,HOLD,0.68,8,False,live,STOCK,77,NEUTRAL
2026-08-25T07:30:54.613177+09:00,2026-08-25,NWG,NatWest Group plc,US,금융,2026-08-24,18.73,1981936,3506536.8,0.2517,74444218368,62,60,55,70,60,1,HOLD,0.53,6,False,live,STOCK,55,NEUTRAL
2026-08-25T07:30:54.613177+09:00,2026-08-25,KMB,Kimberly-Clark Corporation,US,소매,2026-08-24,111.37,2684825,3453406.25,2.4764,37039329280,62,60,60,50,63,1,HOLD,0.69,8,False,live,STOCK,83,NEUTRAL
2026-08-25T07:30:54.613177+09:00,2026-08-25,UAL,"United Airlines Holdings, Inc.",US,산업재,2026-08-24,113.57,2418084,3100614.2,3.5864,36861382656,24,60,60,73,49,1,HOLD,-0.12,-1,False,live,STOCK,45,NEUTRAL
2026-08-25T07:30:54.613177+09:00,2026-08-25,VOD,Vodafone Group Public Limited Company,US,인터넷,2026-08-24,15.98,2292610,4065920.5,0.2857,36929822720,47,65,55,86,62,2,WATCH,0.41,5,False,live,STOCK,71,NEUTRAL
2026-08-25T07:30:54.613177+09:00,2026-08-25,NTAP,"NetApp, Inc.",US,IT,2026-08-24,186.86,2276388,2530829.4,7.5021,36668338176,51,60,55,50,54,0,HOLD,0.36,4,False,live,STOCK,63,NEUTRAL
2026-08-25T07:30:54.613177+09:00,2026-08-25,PEG,Public Service Enterprise Group Incorpor,US,유틸리티,2026-08-24,73.53,1607603,2771015.15,1.2332,36648824832,28,60,50,45,38,0,AVOID,-0.59,-7,True,live,STOCK,26,NEUTRAL
2026-08-25T07:30:54.613177+09:00,2026-08-25,KR,The Kroger Co.,US,소매,2026-08-24,59.08,4675048,6200977.4,1.3173,,69,60,60,66,61,0,HOLD,0.3,4,False,live,STOCK,47,NEUTRAL
2026-08-25T07:30:54.613177+09:00,2026-08-25,IRM,Iron Mountain Incorporated,US,리츠,2026-08-24,121.19,1555157,1726787.85,4.2236,36078604288,28,60,50,35,46,1,HOLD,-0.24,-3,False,live,STOCK,76,NEUTRAL
2026-08-25T07:30:54.613177+09:00,2026-08-25,ALC,Alcon Inc.,US,제약/바이오,2026-08-24,73.7,1159810,2079015.5,1.745,35626577920,62,65,60,50,56,0,HOLD,0.38,5,False,live,STOCK,48,NEUTRAL
2026-08-25T07:30:54.613177+09:00,2026-08-25,VMC,Vulcan Materials Company,US,소재,2026-08-24,275.94,825854,1030892.7,6.2139,35755958272,28,60,63,58,51,0,HOLD,-0.02,0,False,live,STOCK,62,NEUTRAL
2026-08-25T07:30:54.613177+09:00,2026-08-25,NTR,Nutrien Ltd.,US,소재,2026-08-24,74.29,2167749,2789197.45,1.9154,35451936768,66,60,50,60,64,1,HOLD,0.59,7,False,live,STOCK,84,NEUTRAL
2026-08-25T07:30:54.613177+09:00,2026-08-25,EC,Ecopetrol S.A.,US,에너지,2026-08-24,17.33,1282491,1908069.55,0.5679,35627614208,69,60,55,96,70,1,HOLD,0.81,10,False,live,STOCK,68,NEUTRAL
2026-08-25T07:30:54.613177+09:00,2026-08-25,SHG,"Shinhan Financial Group Co., Ltd.",US,금융,2026-08-24,75.04,160818,194375.9,1.8809,35333660672,69,60,50,75,56,1,HOLD,0.41,5,False,live,STOCK,29,NEUTRAL
2026-08-25T07:30:54.613177+09:00,2026-08-25,PUK,Prudential plc,US,금융,2026-08-24,28.5,588530,1181451.5,0.565,35373838336,43,60,55,78,49,1,HOLD,-0.24,-3,False,live,STOCK,22,NEUTRAL
2026-08-25T07:30:54.613177+09:00,2026-08-25,ACGL,Arch Capital Group Ltd.,US,금융,2026-08-24,101.14,1196762,1660408.1,1.76,34511912960,91,60,55,78,72,2,WATCH,0.9,11,False,live,STOCK,63,NEUTRAL
2026-08-25T07:30:54.613177+09:00,2026-08-25,CCL,Carnival Corporation & plc,US,소비재,2026-08-24,25.71,20275061,17739148.05,0.8448,35213676544,35,60,55,86,49,1,HOLD,-0.24,-3,False,live,STOCK,26,NEUTRAL
2026-08-25T07:30:54.613177+09:00,2026-08-25,VG,"Venture Global, Inc.",US,에너지,2026-08-24,14.39,12319915,13502195.75,0.7361,35976339456,91,60,48,70,68,2,WATCH,0.87,10,False,live,STOCK,63,NEUTRAL
2026-08-25T07:30:54.613177+09:00,2026-08-25,MTB,M&T Bank Corporation,US,금융,2026-08-24,241.79,567763,958288.15,3.9943,34918404096,39,60,50,60,50,0,HOLD,0.08,1,False,live,STOCK,54,NEUTRAL
2026-08-25T07:30:54.613177+09:00,2026-08-25,WEC,"WEC Energy Group, Inc.",US,유틸리티,2026-08-24,107.58,2703416,2606965.8,1.9495,35054874624,50,60,63,42,49,0,HOLD,-0.06,-1,False,live,STOCK,33,NEUTRAL
2026-08-25T07:30:54.613177+09:00,2026-08-25,BBDO,Banco Bradesco S.A.,US,금융,2026-08-24,3.2,57560,95903.0,0.1107,34853359616,55,60,55,80,57,1,HOLD,0.23,3,False,live,STOCK,40,NEUTRAL
2026-08-25T07:30:54.613177+09:00,2026-08-25,HBAN,Huntington Bancshares Incorporated,US,금융,2026-08-24,17.04,20431989,22678259.45,0.3396,34427871232,29,60,42,68,47,0,HOLD,-0.14,-2,False,live,STOCK,61,NEUTRAL
2026-08-25T07:30:54.613177+09:00,2026-08-25,PPLC,PPL Corporation,US,유틸리티,2026-08-24,46.34,25380,227509.0,0.6114,,31,60,55,50,45,0,HOLD,-0.29,-3,False,live,STOCK,44,NEUTRAL
2026-08-25T07:30:54.613177+09:00,2026-08-25,DXCM,"DexCom, Inc.",US,제약/바이오,2026-08-24,91.06,4450025,5738326.25,2.5686,34362470400,95,65,50,42,70,2,WATCH,1.1,13,False,live,STOCK,93,NEUTRAL
2026-08-25T07:30:54.613177+09:00,2026-08-25,ESLT,Elbit Systems Ltd.,US,산업재,2026-08-24,730.4,90244,87432.2,24.3051,34223185920,35,60,55,37,47,0,HOLD,-0.31,-4,False,live,STOCK,62,NEUTRAL
2026-08-25T07:30:54.613177+09:00,2026-08-25,NTRS,Northern Trust Corporation,US,금융,2026-08-24,186.66,1118907,1053095.35,3.8529,34150502400,69,60,55,60,61,0,HOLD,0.57,7,False,live,STOCK,61,NEUTRAL
2026-08-25T07:30:54.613177+09:00,2026-08-25,RJF,"Raymond James Financial, Inc.",US,금융,2026-08-24,176.68,666750,974302.5,3.5986,33940226048,47,60,55,68,57,0,HOLD,0.36,4,False,live,STOCK,63,NEUTRAL
2026-08-25T07:30:54.613177+09:00,2026-08-25,TECK,Teck Resources Limited,US,소재,2026-08-24,70.2,2735585,2956029.25,1.9375,34440118272,88,60,55,53,63,1,HOLD,0.69,8,False,live,STOCK,48,NEUTRAL
2026-08-25T07:30:54.613177+09:00,2026-08-25,CLS,Celestica Inc.,US,IT,2026-08-24,294.57,1644982,3274519.1,20.9521,37148553216,10,60,63,50,41,0,AVOID,-0.67,-8,True,live,STOCK,44,NEUTRAL
2026-08-25T07:30:54.613177+09:00,2026-08-25,TWLO,Twilio Inc.,US,IT,2026-08-24,222.59,1377382,2616339.1,14.9888,34184306688,69,60,60,58,58,0,HOLD,0.53,6,False,live,STOCK,40,NEUTRAL
2026-08-25T07:30:54.613177+09:00,2026-08-25,ILMN,"Illumina, Inc.",US,제약/바이오,2026-08-24,223.22,2249764,2117533.2,9.1036,33706219520,92,65,58,29,68,2,WATCH,1.06,13,False,live,STOCK,87,NEUTRAL
2026-08-25T07:30:54.613177+09:00,2026-08-25,EME,"EMCOR Group, Inc.",US,산업재,2026-08-24,764.9,304321,416511.05,25.5099,33739663360,40,60,55,50,44,0,AVOID,-0.4,-5,True,live,STOCK,26,NEUTRAL
2026-08-25T07:30:54.613177+09:00,2026-08-25,RMD,ResMed Inc.,US,제약/바이오,2026-08-24,232.45,1113366,1501083.3,7.2529,33531447296,84,65,56,58,70,2,WATCH,0.97,12,False,live,STOCK,84,NEUTRAL
2026-08-25T07:30:54.613177+09:00,2026-08-25,EQT,EQT Corporation,US,에너지,2026-08-24,53.79,6348219,6100100.95,1.2568,33646508032,80,60,45,68,60,1,HOLD,0.35,4,False,live,STOCK,46,NEUTRAL
2026-08-25T07:30:54.613177+09:00,2026-08-25,STRC,Strategy Inc,US,IT,2026-08-24,97.21,1845450,1387252.5,1.1614,,65,60,48,60,52,0,HOLD,0.1,1,False,live,STOCK,31,NEUTRAL
2026-08-25T07:30:54.613177+09:00,2026-08-25,GEHC,GE HealthCare Technologies Inc.,US,제약/바이오,2026-08-24,74.19,2485876,4094638.8,1.5768,33510602752,84,65,66,60,74,2,WATCH,1.12,13,False,live,STOCK,84,NEUTRAL
2026-08-25T07:30:54.613177+09:00,2026-08-25,CHT,"Chunghwa Telecom Co., Ltd.",US,인터넷,2026-08-24,43.17,179011,173625.55,0.3839,33488893952,57,65,55,50,52,0,HOLD,0.14,2,False,live,STOCK,42,NEUTRAL
2026-08-25T07:30:54.613177+09:00,2026-08-25,UI,Ubiquiti Inc.,US,IT,2026-08-24,553.11,240165,132723.25,28.5532,33475368960,43,60,55,42,50,0,HOLD,-0.11,-1,False,live,STOCK,62,NEUTRAL
2026-08-25T07:30:54.613177+09:00,2026-08-25,P,"Everpure, Inc.",US,IT,2026-08-24,100.44,3605296,3213234.8,6.0789,,69,60,45,35,57,1,HOLD,0.55,7,False,live,STOCK,80,NEUTRAL
2026-08-25T07:30:54.613177+09:00,2026-08-25,CCI,Crown Castle Inc.,US,리츠,2026-08-24,76.4,2391922,3599271.1,2.1786,33386801152,65,60,60,58,58,0,HOLD,0.13,2,False,live,STOCK,47,NEUTRAL
2026-08-25T07:30:54.613177+09:00,2026-08-25,ERIC,Telefonaktiebolaget LM Ericsson (publ),US,IT,2026-08-24,10.16,4933685,10429334.25,0.1654,33260613632,55,60,50,78,54,1,HOLD,-0.15,-2,False,live,STOCK,33,NEUTRAL
2026-08-25T07:30:54.613177+09:00,2026-08-25,BBD,Banco Bradesco S.A.,US,금융,2026-08-24,3.15,17494215,28980585.75,0.0935,34308775936,17,60,50,88,43,1,AVOID,-0.62,-7,True,live,STOCK,26,NEUTRAL
2026-08-25T07:30:54.613177+09:00,2026-08-25,CQP,"Cheniere Energy Partners, L.P.",US,에너지,2026-08-24,68.05,60232,133951.6,2.1049,32940128256,91,60,53,55,68,1,HOLD,0.93,11,False,live,STOCK,69,NEUTRAL
2026-08-25T07:30:54.613177+09:00,2026-08-25,STLD,"Steel Dynamics, Inc.",US,소재,2026-08-24,229.27,2077443,1262507.15,10.2871,32860833792,35,60,53,53,45,0,HOLD,-0.36,-4,False,live,STOCK,39,NEUTRAL
2026-08-25T07:30:54.613177+09:00,2026-08-25,WTW,Willis Towers Watson Public Limited Comp,US,금융,2026-08-24,350.75,415668,602843.4,7.5793,32574830592,70,60,60,58,66,2,WATCH,0.81,10,False,live,STOCK,78,NEUTRAL
2026-08-25T07:30:54.613177+09:00,2026-08-25,CNC,Centene Corp.,US,제약/바이오,2026-08-24,65.65,3490745,4787287.25,2.405,32430772224,47,65,76,76,62,2,WATCH,0.5,6,False,live,STOCK,48,NEUTRAL
2026-08-25T07:30:54.613177+09:00,2026-08-25,MDB,"MongoDB, Inc.",US,IT,2026-08-24,402.69,1453000,1523060.0,22.5686,32389132288,73,60,50,34,59,2,HOLD,0.66,8,False,live,STOCK,78,NEUTRAL
2026-08-25T07:30:54.613177+09:00,2026-08-25,ZTS,Zoetis Inc.,US,제약/바이오,2026-08-24,77.17,4065541,6825112.05,3.3114,31888465920,73,65,50,63,65,2,WATCH,0.52,6,False,live,STOCK,78,NEUTRAL
2026-08-25T07:30:54.613177+09:00,2026-08-25,BIIB,Biogen Inc.,US,제약/바이오,2026-08-24,218.12,649816,958265.8,5.49,32228102144,88,65,63,58,70,1,HOLD,0.96,12,False,live,STOCK,63,NEUTRAL
2026-08-25T07:30:54.613177+09:00,2026-08-25,MLM,"Martin Marietta Materials, Inc.",US,소재,2026-08-24,533.11,431255,621617.75,12.63,32021698560,25,60,63,58,44,0,AVOID,-0.38,-5,True,live,STOCK,32,NEUTRAL
2026-08-25T07:30:54.613177+09:00,2026-08-25,JBL,Jabil Inc.,US,IT,2026-08-24,304.89,1063666,1072718.3,14.886,31948535808,15,60,60,58,40,0,AVOID,-0.72,-9,True,live,STOCK,27,NEUTRAL
2026-08-25T07:30:54.613177+09:00,2026-08-25,CASY,"Casey's General Stores, Inc.",US,소비재,2026-08-24,854.21,202482,290639.1,25.8011,31609966592,62,60,53,37,46,0,HOLD,0.04,0,False,live,STOCK,23,NEUTRAL
2026-08-25T07:30:54.613177+09:00,2026-08-25,ALNY,"Alnylam Pharmaceuticals, Inc.",US,제약/바이오,2026-08-24,236.01,2117013,2423715.65,9.9661,31580289024,62,65,50,50,57,0,HOLD,0.07,1,False,live,STOCK,65,NEUTRAL
2026-08-25T07:30:54.613177+09:00,2026-08-25,BIDU,"Baidu, Inc.",US,인터넷,2026-08-24,92.18,2211430,3179371.5,3.5186,31266213888,10,65,60,88,47,1,HOLD,-0.58,-7,False,live,STOCK,41,NEUTRAL
2026-08-25T07:30:54.613177+09:00,2026-08-25,SUNB,Sunbelt Rentals Holdings Inc,US,산업재,2026-08-24,76.38,2423265,1978143.25,2.7286,31311792128,43,60,45,66,52,0,HOLD,-0.05,-1,False,live,STOCK,60,NEUTRAL
2026-08-25T07:30:54.613177+09:00,2026-08-25,IR,Ingersoll Rand Inc.,US,산업재,2026-08-24,79.99,3866108,4210225.4,2.1105,31036073984,39,60,65,66,55,0,HOLD,0.23,3,False,live,STOCK,55,NEUTRAL
2026-08-25T07:30:54.613177+09:00,2026-08-25,EXR,Extra Space Storage Inc.,US,리츠,2026-08-24,146.25,781895,1097819.75,2.4264,32277747712,43,60,63,45,53,0,HOLD,0.13,2,False,live,STOCK,61,NEUTRAL
2026-08-25T07:30:54.613177+09:00,2026-08-25,CPRT,"Copart, Inc.",US,산업재,2026-08-24,33.26,8496798,11398314.9,1.1996,30792486912,70,60,58,45,63,2,WATCH,0.54,6,False,live,STOCK,77,NEUTRAL
2026-08-25T07:30:54.613177+09:00,2026-08-25,JBS,Jbs N.V.,US,소매,2026-08-24,13.88,5571019,6357900.95,0.4928,14864242688,55,60,60,76,64,1,HOLD,0.49,6,False,live,STOCK,69,NEUTRAL
2026-08-25T07:30:54.613177+09:00,2026-08-25,ZM,"Zoom Communications, Inc.",US,IT,2026-08-24,104.83,4418190,2972414.5,3.58,30739533824,58,60,50,63,56,0,HOLD,0.26,3,False,live,STOCK,55,NEUTRAL
2026-08-25T07:30:54.613177+09:00,2026-08-25,WAT,Waters Corporation,US,제약/바이오,2026-08-24,410.75,600289,879449.45,11.7407,40329838592,73,65,42,35,57,2,HOLD,0.58,7,False,live,STOCK,78,NEUTRAL
2026-08-25T07:30:54.613177+09:00,2026-08-25,KHC,The Kraft Heinz Company,US,소매,2026-08-24,25.67,11205160,14509763.0,0.7349,30440095744,62,60,63,86,67,1,HOLD,0.65,8,False,live,STOCK,63,NEUTRAL
2026-08-25T07:30:54.613177+09:00,2026-08-25,LVS,Las Vegas Sands Corp.,US,소비재,2026-08-24,46.97,3818606,4794575.3,1.05,30422525952,80,60,55,58,66,2,WATCH,0.57,7,False,live,STOCK,70,NEUTRAL
2026-08-25T07:30:54.613177+09:00,2026-08-25,FOXA,Fox Corporation,US,인터넷,2026-08-24,69.21,4643325,5227531.25,2.0464,29043986432,69,65,66,58,68,1,HOLD,0.75,9,False,live,STOCK,78,NEUTRAL
2026-08-25T07:30:54.613177+09:00,2026-08-25,BAP,Credicorp Ltd.,US,금융,2026-08-24,379.74,199261,282793.05,12.2993,30158692352,32,60,63,63,51,0,HOLD,0.04,0,False,live,STOCK,51,NEUTRAL
2026-08-25T07:30:54.613177+09:00,2026-08-25,STRF,MicroStrategy Incorporated 10.00% Series,US,IT,2026-08-24,101.0,106484,83604.2,0.9695,,62,60,48,60,51,0,HOLD,0.09,1,False,live,STOCK,32,NEUTRAL
2026-08-25T07:30:54.613177+09:00,2026-08-25,TCOM,Trip.com Group Limited,US,소비재,2026-08-24,46.02,1729554,2613532.7,0.8896,28979034112,43,60,55,70,60,2,WATCH,0.23,3,False,live,STOCK,85,NEUTRAL
2026-08-25T07:30:54.613177+09:00,2026-08-25,FTI,TechnipFMC plc,US,에너지,2026-08-24,75.85,2107322,3395946.1,2.454,29745668096,91,60,65,50,68,1,HOLD,0.85,10,False,live,STOCK,55,NEUTRAL
2026-08-25T07:30:54.613177+09:00,2026-08-25,CFG,"Citizens Financial Group, Inc.",US,금융,2026-08-24,70.23,2288417,3228790.85,1.4195,29579247616,47,60,63,68,59,0,HOLD,0.38,5,False,live,STOCK,61,NEUTRAL
2026-08-25T07:30:54.613177+09:00,2026-08-25,AEE,Ameren Corporation,US,유틸리티,2026-08-24,107.16,1265271,1601258.55,1.8728,29666525184,28,60,53,42,39,0,AVOID,-0.47,-6,True,live,STOCK,32,NEUTRAL
2026-08-25T07:30:54.613177+09:00,2026-08-25,CPNG,"Coupang, Inc.",US,소비재,2026-08-24,16.44,7966460,18422718.0,0.5448,29551093760,69,60,50,27,48,0,HOLD,0.15,2,False,live,STOCK,33,NEUTRAL
2026-08-25T07:30:54.613177+09:00,2026-08-25,VICI,VICI Properties Inc.,US,리츠,2026-08-24,26.78,11110166,10494983.3,0.4329,29486856192,65,60,63,70,66,1,HOLD,0.48,6,False,live,STOCK,68,NEUTRAL
2026-08-25T07:30:54.613177+09:00,2026-08-25,RYAAY,Ryanair Holdings plc,US,산업재,2026-08-24,56.59,732354,1117722.7,1.1559,29359796224,25,60,55,47,38,0,AVOID,-0.58,-7,True,live,STOCK,23,NEUTRAL
2026-08-25T07:30:54.613177+09:00,2026-08-25,RDDT,"Reddit, Inc.",US,인터넷,2026-08-24,152.7,3522872,9117963.6,8.9956,29378947072,32,65,60,58,44,0,AVOID,-0.23,-3,True,live,STOCK,23,NEUTRAL
2026-08-25T07:30:54.613177+09:00,2026-08-25,MDLN,Medline Inc.,US,제약/바이오,2026-08-24,34.7,5784060,7588033.0,1.9039,46686531584,17,65,45,50,41,0,AVOID,-0.48,-6,True,live,STOCK,62,NEUTRAL
2026-08-25T07:30:54.613177+09:00,2026-08-25,LPLA,LPL Financial Holdings Inc.,US,금융,2026-08-24,364.18,388261,672783.05,9.0385,28676366336,66,60,53,66,63,0,HOLD,0.64,8,False,live,STOCK,69,NEUTRAL
2026-08-25T07:30:54.613177+09:00,2026-08-25,TDY,Teledyne Technologies Incorporated,US,IT,2026-08-24,625.21,224160,321373.0,14.4925,28982030336,35,60,45,58,51,1,HOLD,-0.05,-1,False,live,STOCK,77,NEUTRAL
2026-08-25T07:30:54.613177+09:00,2026-08-25,HAL,Halliburton Company,US,에너지,2026-08-24,34.63,14648238,10301181.9,0.9289,28851306496,62,60,50,74,55,1,HOLD,-0.05,-1,False,live,STOCK,35,NEUTRAL
2026-08-25T07:30:54.613177+09:00,2026-08-25,TS,Tenaris S.A.,US,에너지,2026-08-24,53.42,1711141,1667437.05,1.3429,,17,60,50,55,36,0,AVOID,-0.8,-10,True,live,STOCK,27,NEUTRAL
2026-08-25T07:30:54.613177+09:00,2026-08-25,ATI,ATI Inc.,US,산업재,2026-08-24,209.81,1690500,1593965.0,10.2193,28569907200,58,60,45,35,50,0,HOLD,0.28,3,False,live,STOCK,61,NEUTRAL
2026-08-25T07:30:54.613177+09:00,2026-08-25,NMR,"Nomura Holdings, Inc.",US,금융,2026-08-24,9.76,584218,794560.9,0.1639,28524509184,66,60,55,78,65,1,HOLD,0.69,8,False,live,STOCK,67,NEUTRAL
2026-08-25T07:30:54.613177+09:00,2026-08-25,ZS,"Zscaler, Inc.",US,IT,2026-08-24,176.06,1427476,2234143.8,7.9294,28470577152,58,60,50,42,58,1,HOLD,0.28,3,False,live,STOCK,87,NEUTRAL
2026-08-25T07:30:54.613177+09:00,2026-08-25,EIX,Edison International,US,유틸리티,2026-08-24,73.97,1803331,3577401.55,2.4414,28464691200,76,60,60,65,64,1,HOLD,0.6,7,False,live,STOCK,51,NEUTRAL
2026-08-25T07:30:54.613177+09:00,2026-08-25,BNTX,BioNTech SE,US,제약/바이오,2026-08-24,112.82,1831855,1656707.75,4.8213,28340877312,70,65,53,58,66,2,WATCH,0.8,10,False,live,STOCK,87,NEUTRAL
2026-08-25T07:30:54.613177+09:00,2026-08-25,PBA,Pembina Pipeline Corporation,US,에너지,2026-08-24,48.73,664681,878204.05,0.9339,28339175424,43,60,60,58,53,0,HOLD,0.08,1,False,live,STOCK,52,NEUTRAL
2026-08-25T07:30:54.613177+09:00,2026-08-25,QSR,Restaurant Brands International Inc.,US,소비재,2026-08-24,81.57,2145592,2440634.6,1.9359,37368111104,73,60,63,50,68,2,WATCH,0.82,10,False,live,STOCK,84,NEUTRAL
2026-08-25T07:30:54.613177+09:00,2026-08-25,MTD,Mettler-Toledo International Inc.,US,제약/바이오,2026-08-24,1398.89,164010,183320.5,34.6996,28028944384,48,65,50,42,52,0,HOLD,0.28,3,False,live,STOCK,69,NEUTRAL
2026-08-25T07:30:54.613177+09:00,2026-08-25,FISV,"Fiserv, Inc.",US,IT,2026-08-24,52.96,4537334,8518951.7,2.22,28162365440,43,60,67,78,63,2,WATCH,0.26,3,False,live,STOCK,71,NEUTRAL
2026-08-25T07:30:54.613177+09:00,2026-08-25,DTE,DTE Energy Company,US,유틸리티,2026-08-24,135.66,1445569,1345983.45,2.3512,28229228544,28,60,55,50,43,0,AVOID,-0.41,-5,True,live,STOCK,39,NEUTRAL
2026-08-25T07:30:54.613177+09:00,2026-08-25,FTS,Fortis Inc.,US,유틸리티,2026-08-24,55.32,773398,792559.9,0.8227,28262987776,28,60,63,42,46,0,HOLD,-0.21,-3,False,live,STOCK,51,NEUTRAL
2026-08-25T07:30:54.613177+09:00,2026-08-25,DTW,DTE Energy Company 5.25 % Debentures 201,US,유틸리티,2026-08-24,19.33,23933,27046.65,0.2044,,28,60,55,80,49,1,HOLD,-0.32,-4,False,live,STOCK,40,NEUTRAL
2026-08-25T07:30:54.613177+09:00,2026-08-25,CTSH,Cognizant Technology Solutions Corporati,US,IT,2026-08-24,62.2,4122692,9358589.6,2.31,28017631232,75,60,60,84,68,2,WATCH,0.81,10,False,live,STOCK,55,NEUTRAL
2026-08-25T07:30:54.613177+09:00,2026-08-25,ATO,Atmos Energy Corporation,US,유틸리티,2026-08-24,167.82,784984,1078909.2,2.7257,28359661568,25,60,65,42,40,0,AVOID,-0.47,-6,True,live,STOCK,25,NEUTRAL
2026-08-25T07:30:54.613177+09:00,2026-08-25,WSM,"Williams-Sonoma, Inc.",US,소비재,2026-08-24,237.77,1023936,885081.8,6.0271,27996610560,48,60,63,37,47,0,HOLD,0.14,2,False,live,STOCK,32,NEUTRAL
2026-08-25T07:30:54.613177+09:00,2026-08-25,ON,ON Semiconductor Corporation,US,반도체,2026-08-24,71.93,8487500,9830180.0,3.4657,28003190784,18,65,76,66,46,1,HOLD,-0.51,-6,False,live,STOCK,23,NEUTRAL
2026-08-25T07:30:54.613177+09:00,2026-08-25,LH,Labcorp Holdings Inc.,US,제약/바이오,2026-08-24,339.34,466287,687839.35,6.685,27520473088,77,65,48,58,66,2,WATCH,0.84,10,False,live,STOCK,87,NEUTRAL
2026-08-25T07:30:54.613177+09:00,2026-08-25,AWK,"American Water Works Company, Inc.",US,유틸리티,2026-08-24,139.91,2405881,2531414.05,2.8696,27804174336,88,60,63,42,68,2,WATCH,0.98,12,False,live,STOCK,72,NEUTRAL
2026-08-25T07:30:54.613177+09:00,2026-08-25,RBLX,Roblox Corporation,US,IT,2026-08-24,38.76,8332649,16482007.45,1.7964,27689209856,47,60,50,53,45,0,HOLD,-0.4,-5,False,live,STOCK,26,NEUTRAL
2026-08-25T07:30:54.613177+09:00,2026-08-25,DG,Dollar General Corporation,US,소매,2026-08-24,125.33,2129306,1928300.3,3.405,27646124032,59,60,60,68,61,0,HOLD,0.56,7,False,live,STOCK,60,NEUTRAL
2026-08-25T07:30:54.613177+09:00,2026-08-25,OTIS,Otis Worldwide Corporation,US,산업재,2026-08-24,72.19,2609002,3167355.1,1.3921,27480520704,43,60,60,58,50,0,HOLD,-0.04,0,False,live,STOCK,40,NEUTRAL
2026-08-25T07:30:54.613177+09:00,2026-08-25,DOV,Dover Corporation,US,산업재,2026-08-24,203.62,744728,978411.4,3.505,27423586304,25,60,60,58,48,0,HOLD,-0.25,-3,False,live,STOCK,55,NEUTRAL
2026-08-25T07:30:54.613177+09:00,2026-08-25,RPRX,Royalty Pharma plc,US,제약/바이오,2026-08-24,61.33,2346651,2875607.55,1.4611,35438649344,78,65,50,50,61,1,HOLD,0.67,8,False,live,STOCK,63,NEUTRAL
2026-08-25T07:30:54.613177+09:00,2026-08-25,CPAY,"Corpay, Inc.",US,IT,2026-08-24,413.92,492385,569064.25,10.97,27177822208,69,60,50,74,67,2,WATCH,0.78,9,False,live,STOCK,83,NEUTRAL
2026-08-25T07:30:54.613177+09:00,2026-08-25,FOX,Fox Corporation,US,인터넷,2026-08-24,61.59,800298,993834.9,1.7344,25846251520,69,65,66,68,69,1,HOLD,0.75,9,False,live,STOCK,75,NEUTRAL
2026-08-25T07:30:54.613177+09:00,2026-08-25,FE,FirstEnergy Corp.,US,유틸리티,2026-08-24,46.57,3374973,4577063.65,0.8897,26947262464,25,60,55,35,41,0,AVOID,-0.35,-4,True,live,STOCK,48,NEUTRAL
2026-08-25T07:30:54.613177+09:00,2026-08-25,DGX,Quest Diagnostics Incorporated,US,제약/바이오,2026-08-24,243.87,837683,849149.15,4.5897,26916751360,60,65,60,58,57,0,HOLD,0.46,6,False,live,STOCK,48,NEUTRAL
2026-08-25T07:30:54.613177+09:00,2026-08-25,PHG,Koninklijke Philips N.V.,US,제약/바이오,2026-08-24,27.52,566562,1043593.1,0.4336,26898804736,72,65,58,74,70,3,BUY,0.72,9,False,live,STOCK,81,NEUTRAL
2026-08-25T07:30:54.613177+09:00,2026-08-25,INSM,Insmed Incorporated,US,제약/바이오,2026-08-24,123.98,1340655,3066877.75,7.03,27074938880,62,65,50,19,45,0,HOLD,0.17,2,False,live,STOCK,40,NEUTRAL
2026-08-25T07:30:54.613177+09:00,2026-08-25,ES,Eversource Energy,US,유틸리티,2026-08-24,71.25,1674819,2328550.95,1.2593,26838075392,28,60,63,58,50,0,HOLD,-0.09,-1,False,live,STOCK,54,NEUTRAL
2026-08-25T07:30:54.613177+09:00,2026-08-25,FWONK,Liberty Media Corporation,US,인터넷,2026-08-24,106.66,2034018,2080430.9,2.5814,26740568064,73,65,58,38,64,2,WATCH,0.8,10,False,live,STOCK,84,NEUTRAL
2026-08-25T07:30:54.613177+09:00,2026-08-25,TPR,"Tapestry, Inc.",US,소비재,2026-08-24,132.16,3902367,3235818.35,6.1264,26351605760,32,60,55,50,51,1,HOLD,-0.12,-1,False,live,STOCK,73,NEUTRAL
2026-08-25T07:30:54.613177+09:00,2026-08-25,XYL,Xylem Inc.,US,산업재,2026-08-24,114.18,1598910,1767490.5,2.7421,26659524608,35,60,58,58,52,0,HOLD,0.02,0,False,live,STOCK,61,NEUTRAL
2026-08-25T07:30:54.613177+09:00,2026-08-25,Q,"Qnity Electronics, Inc.",US,반도체,2026-08-24,126.24,1567607,2034405.35,6.5463,26410485760,18,65,63,50,48,0,HOLD,-0.39,-5,False,live,STOCK,68,NEUTRAL
2026-08-25T07:30:54.613177+09:00,2026-08-25,PPL,PPL Corporation,US,유틸리티,2026-08-24,35.04,8487508,8415620.4,0.6979,26369171456,28,60,63,50,48,0,HOLD,-0.17,-2,False,live,STOCK,55,NEUTRAL
2026-08-25T07:30:54.613177+09:00,2026-08-25,VRSN,"VeriSign, Inc.",US,IT,2026-08-24,290.785,640167,761753.35,7.8162,26286964736,58,60,53,50,56,0,HOLD,0.17,2,False,live,STOCK,63,NEUTRAL
2026-08-25T07:30:54.613177+09:00,2026-08-25,DLTR,"Dollar Tree, Inc.",US,소매,2026-08-24,136.75,2413229,1910541.45,3.4936,26279874560,92,60,53,58,68,1,HOLD,0.96,12,False,live,STOCK,66,NEUTRAL
2026-08-25T07:30:54.613177+09:00,2026-08-25,CINF,Cincinnati Financial Corporation,US,금융,2026-08-24,171.21,412397,594264.85,3.1021,26276976640,17,60,60,78,53,2,HOLD,-0.07,-1,False,live,STOCK,71,NEUTRAL
2026-08-25T07:30:54.613177+09:00,2026-08-25,ROIV,Roivant Sciences Ltd.,US,제약/바이오,2026-08-24,36.36,5117075,5780453.75,1.2285,26263664640,95,65,45,50,69,2,WATCH,1.01,12,False,live,STOCK,83,NEUTRAL
2026-08-25T07:30:54.613177+09:00,2026-08-25,RF,Regions Financial Corporation,US,금융,2026-08-24,30.63,9863372,7686348.6,0.5189,26094600192,39,60,63,60,55,0,HOLD,0.22,3,False,live,STOCK,61,NEUTRAL
2026-08-25T07:30:54.613177+09:00,2026-08-25,HPQ,HP Inc.,US,IT,2026-08-24,28.58,13958904,14351420.2,1.2579,,47,60,45,65,56,1,HOLD,0.35,4,False,live,STOCK,77,NEUTRAL
2026-08-25T07:30:54.613177+09:00,2026-08-25,SYF,Synchrony Financial,US,금융,2026-08-24,80.02,3946615,3173460.75,1.7909,26036174848,69,60,50,70,64,1,HOLD,0.63,8,False,live,STOCK,69,NEUTRAL
2026-08-25T07:30:54.613177+09:00,2026-08-25,WRB,W. R. Berkley Corporation,US,금융,2026-08-24,69.7,1317641,1643347.05,1.2861,25874556928,40,60,60,63,52,0,HOLD,0.06,1,False,live,STOCK,48,NEUTRAL
2026-08-25T07:30:54.613177+09:00,2026-08-25,INCY,Incyte Corporation,US,제약/바이오,2026-08-24,127.98,799410,1790460.5,3.3664,25941258240,85,65,53,55,68,2,WATCH,0.95,11,False,live,STOCK,80,NEUTRAL
2026-08-25T07:30:54.613177+09:00,2026-08-25,SN,"SharkNinja, Inc.",US,소비재,2026-08-24,182.99,973765,1767708.25,6.6415,25896816640,73,60,55,50,64,2,WATCH,0.77,9,False,live,STOCK,78,NEUTRAL
2026-08-25T07:30:54.613177+09:00,2026-08-25,DRI,"Darden Restaurants, Inc.",US,소비재,2026-08-24,225.56,888578,1121083.9,5.7182,25610479616,81,60,50,42,63,2,WATCH,0.75,9,False,live,STOCK,77,NEUTRAL
2026-08-25T07:30:54.613177+09:00,2026-08-25,TPL,Texas Pacific Land Corporation,US,에너지,2026-08-24,373.45,347606,425040.3,19.9211,25758595072,65,60,75,29,60,1,HOLD,0.4,5,False,live,STOCK,62,NEUTRAL
2026-08-25T07:30:54.613177+09:00,2026-08-25,CNP,"CenterPoint Energy, Inc.",US,유틸리티,2026-08-24,39.1,5908193,6325959.65,0.8818,25755961344,20,60,65,42,40,0,AVOID,-0.53,-6,True,live,STOCK,32,NEUTRAL
2026-08-25T07:30:54.613177+09:00,2026-08-25,AFRM,"Affirm Holdings, Inc.",US,금융,2026-08-24,76.88,2669331,2870316.55,3.4093,25747001344,69,60,70,51,58,1,HOLD,0.48,6,False,live,STOCK,29,NEUTRAL
2026-08-25T07:30:54.613177+09:00,2026-08-25,SYM,Symbotic Inc.,US,산업재,2026-08-24,40.03,1494762,1864008.1,2.1935,24232753152,30,60,50,38,45,0,HOLD,-0.4,-5,False,live,STOCK,68,NEUTRAL
2026-08-25T07:30:54.613177+09:00,2026-08-25,SW,Smurfit Westrock plc,US,소비재,2026-08-24,48.69,4692540,4809047.0,1.4154,25539020800,66,60,63,58,63,0,HOLD,0.68,8,False,live,STOCK,63,NEUTRAL
2026-08-25T07:30:54.613177+09:00,2026-08-25,ASTS,"AST SpaceMobile, Inc.",US,인터넷,2026-08-24,62.35,12029044,11816207.2,4.6989,24264591360,15,65,63,42,40,0,AVOID,-0.65,-8,True,live,STOCK,40,NEUTRAL
2026-08-25T07:30:54.613177+09:00,2026-08-25,GFS,GLOBALFOUNDRIES Inc.,US,반도체,2026-08-24,45.95,3674742,4513497.1,2.9452,25212805120,40,65,45,66,43,0,AVOID,-0.53,-6,True,live,STOCK,23,NEUTRAL
2026-08-25T07:30:54.613177+09:00,2026-08-25,FICO,Fair Isaac Corporation,US,IT,2026-08-24,1166.4,296471,409428.55,47.9804,25191483392,72,60,60,66,67,2,WATCH,0.53,6,False,live,STOCK,73,NEUTRAL
2026-08-25T07:30:54.613177+09:00,2026-08-25,PPG,"PPG Industries, Inc.",US,소재,2026-08-24,113.23,1113306,1759885.3,2.3413,25171030016,25,60,65,60,53,0,HOLD,0.02,0,False,live,STOCK,68,NEUTRAL
2026-08-25T07:30:54.613177+09:00,2026-08-25,PHM,"PulteGroup, Inc.",US,소비재,2026-08-24,129.61,1100663,1422973.15,3.76,,47,60,55,60,55,0,HOLD,0.26,3,False,live,STOCK,61,NEUTRAL
2026-08-25T07:30:54.613177+09:00,2026-08-25,AMRZ,Amrize Ltd,US,소재,2026-08-24,45.18,3069111,3897600.55,1.5542,24710100992,17,60,72,58,44,1,AVOID,-0.53,-6,True,live,STOCK,26,NEUTRAL
2026-08-25T07:30:54.613177+09:00,2026-08-25,BRO,"Brown & Brown, Inc.",US,금융,2026-08-24,74.62,1318359,2235742.95,1.8119,24968626176,85,60,65,66,75,2,WATCH,1.14,14,False,live,STOCK,84,NEUTRAL
2026-08-25T07:30:54.613177+09:00,2026-08-25,FCNCA,"First Citizens BancShares, Inc.",US,금융,2026-08-24,2183.05,53293,52594.65,45.8207,24653447168,44,60,72,70,61,2,WATCH,0.43,5,False,live,STOCK,63,NEUTRAL
2026-08-25T07:30:54.613177+09:00,2026-08-25,WST,"West Pharmaceutical Services, Inc.",US,제약/바이오,2026-08-24,353.32,472559,560642.95,7.2296,24865163264,91,65,73,37,75,3,BUY,1.21,15,False,live,STOCK,90,NEUTRAL
2026-08-25T07:30:54.613177+09:00,2026-08-25,NVT,nVent Electric plc,US,산업재,2026-08-24,153.35,2572146,2318892.3,7.4349,24820916224,28,60,60,50,49,0,HOLD,-0.25,-3,False,live,STOCK,61,NEUTRAL
2026-08-25T07:30:54.613177+09:00,2026-08-25,VRSK,"Verisk Analytics, Inc.",US,IT,2026-08-24,189.55,616557,1548352.85,6.8736,24671072256,69,60,48,58,50,0,HOLD,0.2,2,False,live,STOCK,19,NEUTRAL
2026-08-25T07:30:54.613177+09:00,2026-08-25,HUBB,Hubbell Incorporated,US,산업재,2026-08-24,466.76,607924,601901.65,12.9807,24660131840,28,60,58,58,47,0,HOLD,-0.24,-3,False,live,STOCK,48,NEUTRAL
2026-08-25T07:30:54.613177+09:00,2026-08-25,FWONA,Formula One Group,US,인터넷,2026-08-24,98.18,144783,140634.15,2.4264,24614557696,73,65,61,38,61,1,HOLD,0.71,9,False,live,STOCK,66,NEUTRAL
2026-08-25T07:30:54.613177+09:00,2026-08-25,EXPD,"Expeditors International of Washington, ",US,산업재,2026-08-24,187.83,692430,1064356.5,4.2405,24416139264,91,60,50,37,66,2,WATCH,0.96,12,False,live,STOCK,83,NEUTRAL
2026-08-25T07:30:54.613177+09:00,2026-08-25,JBHT,"J.B. Hunt Transport Services, Inc.",US,산업재,2026-08-24,259.88,1266500,867975.0,8.55,24406614016,28,60,60,58,45,0,HOLD,-0.33,-4,False,live,STOCK,33,NEUTRAL
2026-08-25T07:30:54.613177+09:00,2026-08-25,OMC,Omnicom Group Inc.,US,인터넷,2026-08-24,88.94,2312262,2814563.1,2.3471,24400328704,85,65,45,46,59,1,HOLD,0.66,8,False,live,STOCK,55,NEUTRAL
2026-08-25T07:30:54.613177+09:00,2026-08-25,CHD,"Church & Dwight Co., Inc.",US,소매,2026-08-24,102.53,1849521,1974956.05,2.2371,24320516096,62,60,50,58,55,0,HOLD,0.27,3,False,live,STOCK,48,NEUTRAL
2026-08-25T07:30:54.613177+09:00,2026-08-25,VLTO,Veralto Corporation,US,산업재,2026-08-24,99.37,1871359,1592872.95,1.9099,24225744896,62,60,60,50,63,1,HOLD,0.7,8,False,live,STOCK,83,NEUTRAL
2026-08-25T07:30:54.613177+09:00,2026-08-25,CIB,Grupo Cibest S.A.,US,금융,2026-08-24,101.82,158635,308056.75,3.3579,24046370816,77,60,58,88,71,2,WATCH,0.91,11,False,live,STOCK,66,NEUTRAL
2026-08-25T07:30:54.613177+09:00,2026-08-25,KOF,"Coca-Cola FEMSA, S.A.B. de C.V.",US,소매,2026-08-24,114.87,91208,134190.4,2.2711,,78,60,53,55,62,1,HOLD,0.59,7,False,live,STOCK,58,NEUTRAL
2026-08-25T07:30:54.613177+09:00,2026-08-25,USFD,US Foods Holding Corp.,US,소매,2026-08-24,109.37,1748855,2315457.75,3.2379,23660091392,58,60,63,66,66,1,HOLD,0.74,9,False,live,STOCK,84,NEUTRAL
2026-08-25T07:30:54.613177+09:00,2026-08-25,TROW,"T. Rowe Price Group, Inc.",US,금융,2026-08-24,112.3,1665429,1915261.45,2.0579,23955372032,29,60,70,78,56,2,HOLD,0.18,2,False,live,STOCK,55,NEUTRAL
2026-08-25T07:30:54.613177+09:00,2026-08-25,STRD,Strategy Inc,US,IT,2026-08-24,72.69,245105,129670.25,1.5766,,65,60,58,60,65,1,HOLD,0.57,7,False,live,STOCK,79,NEUTRAL
2026-08-25T07:30:54.613177+09:00,2026-08-25,IHG,InterContinental Hotels Group PLC,US,소비재,2026-08-24,162.53,252899,270279.95,3.1276,23976540160,76,60,55,58,64,1,HOLD,0.64,8,False,live,STOCK,67,NEUTRAL
2026-08-25T07:30:54.613177+09:00,2026-08-25,PFG,"Principal Financial Group, Inc.",US,금융,2026-08-24,111.89,689847,1224792.35,2.0736,23956168704,44,60,55,68,59,1,HOLD,0.32,4,False,live,STOCK,77,NEUTRAL
2026-08-25T07:30:54.613177+09:00,2026-08-25,TSEM,Tower Semiconductor Ltd.,US,반도체,2026-08-24,211.1,1905739,2061121.95,18.6621,23860895744,18,65,40,38,36,0,AVOID,-0.76,-9,True,live,STOCK,55,NEUTRAL
2026-08-25T07:30:54.613177+09:00,2026-08-25,CRS,Carpenter Technology Corporation,US,소재,2026-08-24,477.1,761762,712273.1,22.8836,23644393472,24,60,68,42,44,0,AVOID,-0.2,-2,True,live,STOCK,41,NEUTRAL
2026-08-25T07:30:54.613177+09:00,2026-08-25,KEY,KeyCorp,US,금융,2026-08-24,21.87,11303504,9535965.2,0.4264,23338102784,20,60,63,60,41,0,AVOID,-0.45,-5,True,live,STOCK,19,NEUTRAL
2026-08-25T07:30:54.613177+09:00,2026-08-25,NRG,"NRG Energy, Inc.",US,유틸리티,2026-08-24,111.78,4769870,3351488.5,5.1093,23497326592,21,60,63,66,45,0,HOLD,-0.54,-6,False,live,STOCK,32,NEUTRAL
2026-08-25T07:30:54.613177+09:00,2026-08-25,SQM,Sociedad Química y Minera de Chile S.A.,US,소재,2026-08-24,82.33,1260455,1000577.75,2.6918,23516563456,54,60,50,84,59,1,HOLD,0.24,3,False,live,STOCK,55,NEUTRAL
2026-08-25T07:30:54.613177+09:00,2026-08-25,STZ,"Constellation Brands, Inc.",US,소매,2026-08-24,137.6,1932225,1809536.25,3.51,23502680064,69,60,60,68,70,1,HOLD,0.64,8,False,live,STOCK,91,NEUTRAL
2026-08-25T07:30:54.613177+09:00,2026-08-25,ROKU,"Roku, Inc.",US,인터넷,2026-08-24,158.18,1526051,2564362.55,2.1432,23476912128,80,65,60,43,67,2,WATCH,0.92,11,False,live,STOCK,81,NEUTRAL
2026-08-25T07:30:54.613177+09:00,2026-08-25,CRCL,Circle Internet Group,US,금융,2026-08-24,87.72,17319744,13428972.2,5.5915,23911956480,52,60,50,55,59,1,HOLD,0.11,1,False,live,STOCK,88,NEUTRAL
2026-08-25T07:30:54.613177+09:00,2026-08-25,GPN,Global Payments Inc.,US,금융,2026-08-24,94.3,3307091,3193549.55,3.1529,24953513984,92,60,60,66,77,2,WATCH,1.23,15,False,live,STOCK,90,NEUTRAL
2026-08-25T07:30:54.613177+09:00,2026-08-25,SOFI,"SoFi Technologies, Inc.",US,금융,2026-08-24,18.24,33223252,60631912.6,0.7379,23558242304,77,60,40,66,58,1,HOLD,0.5,6,False,live,STOCK,48,NEUTRAL
2026-08-25T07:30:54.613177+09:00,2026-08-25,IOT,Samsara Inc.,US,IT,2026-08-24,40.33,5713769,5024393.45,1.9574,,73,60,50,35,58,1,HOLD,0.6,7,False,live,STOCK,69,NEUTRAL
2026-08-25T07:30:54.613177+09:00,2026-08-25,AER,AerCap Holdings N.V.,US,산업재,2026-08-24,147.56,776162,1074748.1,3.2302,23194079232,44,60,53,70,53,1,HOLD,0.08,1,False,live,STOCK,48,NEUTRAL
2026-08-25T07:30:54.613177+09:00,2026-08-25,STE,STERIS plc,US,제약/바이오,2026-08-24,237.87,360952,743057.6,6.0543,23192350720,62,65,53,58,63,1,HOLD,0.6,7,False,live,STOCK,84,NEUTRAL
2026-08-25T07:30:54.613177+09:00,2026-08-25,ULTA,"Ulta Beauty, Inc.",US,소비재,2026-08-24,538.76,607568,579088.4,17.9886,23160922112,51,60,60,42,56,0,HOLD,0.28,3,False,live,STOCK,69,NEUTRAL
2026-08-25T07:30:54.613177+09:00,2026-08-25,TW,Tradeweb Markets Inc.,US,금융,2026-08-24,108.38,1062559,1710982.95,2.2104,23413141504,71,60,60,50,66,2,WATCH,0.72,9,False,live,STOCK,84,NEUTRAL
2026-08-25T07:30:54.613177+09:00,2026-08-25,L,Loews Corporation,US,금융,2026-08-24,111.45,379338,682771.9,1.9421,22783467520,32,60,65,68,52,0,HOLD,-0.02,0,False,live,STOCK,48,NEUTRAL
2026-08-25T07:30:54.613177+09:00,2026-08-25,EFX,Equifax Inc.,US,산업재,2026-08-24,194.63,1251034,1243336.7,6.1979,22866085888,81,60,50,58,65,1,HOLD,0.8,10,False,live,STOCK,69,NEUTRAL
2026-08-25T07:30:54.613177+09:00,2026-08-25,SMCI,"Super Micro Computer, Inc.",US,IT,2026-08-24,35.17,39804131,54949001.55,2.545,22750523392,80,60,63,78,72,3,BUY,0.73,9,False,live,STOCK,70,NEUTRAL
2026-08-25T07:30:54.613177+09:00,2026-08-25,CW,Curtiss-Wright Corporation,US,산업재,2026-08-24,614.97,841314,352965.7,28.1229,22713573376,10,60,53,34,30,0,AVOID,-0.99,-12,True,live,STOCK,20,NEUTRAL
2026-08-25T07:30:54.613177+09:00,2026-08-25,DOW,Dow Inc.,US,소재,2026-08-24,31.44,8241925,8924696.25,1.0353,22710392832,80,60,63,55,62,1,HOLD,0.38,5,False,live,STOCK,41,NEUTRAL
2026-08-25T07:30:54.613177+09:00,2026-08-25,RL,Ralph Lauren Corporation,US,소비재,2026-08-24,370.82,570755,615122.75,12.9461,22094286848,31,60,55,50,42,0,AVOID,-0.37,-4,True,live,STOCK,32,NEUTRAL
2026-08-25T07:30:54.613177+09:00,2026-08-25,PAAS,Pan American Silver Corp.,US,소재,2026-08-24,53.63,5927675,5066473.75,2.3704,22235963392,80,60,55,71,68,2,WATCH,0.63,8,False,live,STOCK,68,NEUTRAL
2026-08-25T07:30:54.613177+09:00,2026-08-25,MKL,Markel Corporation,US,금융,2026-08-24,1817.3,57098,68584.9,30.9643,22516271104,25,60,60,62,43,0,AVOID,-0.41,-5,True,live,STOCK,25,NEUTRAL
2026-08-25T07:30:54.613177+09:00,2026-08-25,XPO,"XPO Logistics, Inc.",US,산업재,2026-08-24,191.99,974459,972177.95,6.3554,22479431680,28,60,48,42,35,0,AVOID,-0.71,-9,True,live,STOCK,17,NEUTRAL
2026-08-25T07:30:54.613177+09:00,2026-08-25,FCNCN,First Citizens BancShares Inc. Depositar,US,금융,2026-08-24,24.94,8262,16883.1,0.2182,,57,60,55,50,52,0,HOLD,0.1,1,False,live,STOCK,40,NEUTRAL
2026-08-25T07:30:54.613177+09:00,2026-08-25,THC,Tenet Healthcare Corporation,US,제약/바이오,2026-08-24,278.59,752423,886766.15,7.6046,22431787008,60,65,50,78,65,2,WATCH,0.67,8,False,live,STOCK,83,NEUTRAL
2026-08-25T07:30:54.613177+09:00,2026-08-25,FSLR,"First Solar, Inc.",US,에너지,2026-08-24,208.31,1498251,2654537.55,12.3414,22387032064,7,60,50,84,40,1,AVOID,-0.81,-10,True,live,STOCK,32,NEUTRAL
2026-08-25T07:30:54.613177+09:00,2026-08-25,RGLD,"Royal Gold, Inc.",US,소재,2026-08-24,263.75,1063841,785492.05,8.3043,22346971136,66,60,50,50,56,0,HOLD,0.46,6,False,live,STOCK,55,NEUTRAL
2026-08-25T07:30:54.613177+09:00,2026-08-25,TCPA,TransCanada PipeLines Limited 6,US,에너지,2026-08-24,22.04,57887,29139.35,0.3662,,20,60,55,50,40,0,AVOID,-0.53,-6,True,live,STOCK,40,NEUTRAL
2026-08-25T07:30:54.613177+09:00,2026-08-25,EXE,Expand Energy Corporation,US,에너지,2026-08-24,96.33,4071301,3068940.05,2.3754,22300760064,80,60,70,78,70,3,BUY,0.75,9,False,live,STOCK,48,NEUTRAL
2026-08-25T07:30:54.613177+09:00,2026-08-25,BCE,BCE Inc.,US,인터넷,2026-08-24,23.85,2013374,3695493.7,0.4243,22240741376,65,65,63,86,68,1,HOLD,0.52,6,False,live,STOCK,62,NEUTRAL
2026-08-25T07:30:54.613177+09:00,2026-08-25,PKG,Packaging Corporation of America,US,소비재,2026-08-24,248.88,560367,544383.35,5.2189,22174783488,47,60,53,58,48,0,HOLD,0.09,1,False,live,STOCK,32,NEUTRAL
2026-08-25T07:30:54.613177+09:00,2026-08-25,AMCR,Amcor plc,US,소비재,2026-08-24,47.91,5029112,4113950.6,1.1957,22150981632,88,60,71,66,77,3,BUY,1.23,15,False,live,STOCK,81,NEUTRAL
2026-08-25T07:30:54.613177+09:00,2026-08-25,IFF,International Flavors & Fragrances Inc.,US,소재,2026-08-24,85.81,1568812,1601035.6,2.5732,21894418432,69,60,63,42,64,1,HOLD,0.75,9,False,live,STOCK,78,NEUTRAL
2026-08-25T07:30:54.613177+09:00,2026-08-25,GH,"Guardant Health, Inc.",US,제약/바이오,2026-08-24,163.18,2211077,2323958.85,7.1063,21898129408,66,65,63,58,64,0,HOLD,0.71,9,False,live,STOCK,67,NEUTRAL
2026-08-25T07:30:54.613177+09:00,2026-08-25,LEN,Lennar Corporation,US,소비재,2026-08-24,88.16,3575413,2371470.65,2.7857,21237315584,65,60,60,73,59,1,HOLD,0.27,3,False,live,STOCK,33,NEUTRAL
2026-08-25T07:30:54.613177+09:00,2026-08-25,GIS,"General Mills, Inc.",US,소매,2026-08-24,40.92,9297786,8141504.3,1.0211,21877037056,70,60,73,63,74,3,BUY,1.05,13,False,live,STOCK,90,NEUTRAL
2026-08-25T07:30:54.613177+09:00,2026-08-25,CMSA,CMS Energy Corporation 5.6% JRSUB NT 78,US,유틸리티,2026-08-24,20.25,15132,12716.6,0.1295,,20,60,60,70,46,1,HOLD,-0.39,-5,False,live,STOCK,40,NEUTRAL
2026-08-25T07:30:54.613177+09:00,2026-08-25,UTHR,United Therapeutics Corporation,US,제약/바이오,2026-08-24,512.88,323885,530754.25,15.8644,21997778944,50,65,45,50,51,0,HOLD,-0.12,-1,False,live,STOCK,62,NEUTRAL
2026-08-25T07:30:54.613177+09:00,2026-08-25,OKTA,"Okta, Inc.",US,IT,2026-08-24,130.97,2349657,2557562.85,6.7014,22763550720,51,60,60,43,54,0,HOLD,0.39,5,False,live,STOCK,63,NEUTRAL
2026-08-25T07:30:54.613177+09:00,2026-08-25,BCH,Banco de Chile,US,금융,2026-08-24,43.04,246847,294622.35,1.0189,21738876928,88,60,55,70,68,2,WATCH,0.88,11,False,live,STOCK,58,NEUTRAL
2026-08-25T07:30:54.613177+09:00,2026-08-25,IP,International Paper Company,US,소재,2026-08-24,41.04,3630278,4280693.9,1.1741,21733548032,51,60,55,68,56,0,HOLD,0.36,4,False,live,STOCK,54,NEUTRAL
2026-08-25T07:30:54.613177+09:00,2026-08-25,STRK,Strategy Inc,US,IT,2026-08-24,72.75,118643,98397.15,1.9814,,62,60,48,60,53,0,HOLD,0.13,2,False,live,STOCK,40,NEUTRAL
2026-08-25T07:30:54.613177+09:00,2026-08-25,CDE,"Coeur Mining, Inc.",US,소재,2026-08-24,20.88,38979113,39249075.65,1.2032,21463281664,74,60,60,63,68,2,WATCH,0.84,10,False,live,STOCK,74,NEUTRAL
2026-08-25T07:30:54.613177+09:00,2026-08-25,CMS,CMS Energy Corporation,US,유틸리티,2026-08-24,68.42,3973448,3933777.4,1.2737,21454948352,28,60,65,50,46,0,HOLD,-0.32,-4,False,live,STOCK,39,NEUTRAL
2026-08-25T07:30:54.613177+09:00,2026-08-25,BR,"Broadridge Financial Solutions, Inc.",US,IT,2026-08-24,185.45,1409598,1403284.9,5.5007,21145341952,85,60,60,58,72,2,WATCH,1.05,13,False,live,STOCK,83,NEUTRAL
2026-08-25T07:30:54.613177+09:00,2026-08-25,FIS,"Fidelity National Information Services, ",US,IT,2026-08-24,41.4,4847621,6587951.05,1.4264,21350225920,40,60,65,86,57,1,HOLD,0.06,1,False,live,STOCK,40,NEUTRAL
2026-08-25T07:30:54.613177+09:00,2026-08-25,FFIV,"F5, Inc.",US,IT,2026-08-24,379.04,296869,665488.45,11.9032,21463967744,28,60,50,58,49,0,HOLD,-0.21,-3,False,live,STOCK,69,NEUTRAL
2026-08-25T07:30:54.613177+09:00,2026-08-25,TOST,"Toast, Inc.",US,IT,2026-08-24,36.71,7407829,9748061.45,1.2471,21218379776,92,60,50,50,68,2,WATCH,0.98,12,False,live,STOCK,77,NEUTRAL
2026-08-25T07:30:54.613177+09:00,2026-08-25,BG,Bunge Global S.A.,US,소매,2026-08-24,110.16,1622416,1448670.8,3.2905,21163843584,57,60,65,50,51,0,HOLD,-0.06,-1,False,live,STOCK,20,NEUTRAL
2026-08-25T07:30:54.613177+09:00,2026-08-25,ENTG,"Entegris, Inc.",US,반도체,2026-08-24,138.25,2454339,2703946.95,8.4579,21124599808,28,65,53,43,41,0,AVOID,-0.41,-5,True,live,STOCK,39,NEUTRAL
2026-08-25T07:30:54.613177+09:00,2026-08-25,LYB,LyondellBasell Industries N.V.,US,소재,2026-08-24,65.2,2707348,4443172.4,2.1486,21062074368,87,60,55,78,65,2,WATCH,0.5,6,False,live,STOCK,34,NEUTRAL
2026-08-25T07:30:54.613177+09:00,2026-08-25,BURL,"Burlington Stores, Inc.",US,소비재,2026-08-24,330.64,679196,774064.8,10.0836,20811212800,35,60,53,58,49,0,HOLD,-0.1,-1,False,live,STOCK,55,NEUTRAL
2026-08-25T07:30:54.613177+09:00,2026-08-25,SOJD,Southern Company (The) Series 2,US,유틸리티,2026-08-24,18.48,116808,80930.4,0.1677,,25,60,58,50,43,0,AVOID,-0.39,-5,True,live,STOCK,40,NEUTRAL
2026-08-25T07:30:54.613177+09:00,2026-08-25,GMAB,Genmab A/S,US,제약/바이오,2026-08-24,33.02,3246490,2865239.5,0.8986,20294832128,73,65,60,53,68,2,WATCH,0.9,11,False,live,STOCK,87,NEUTRAL
2026-08-25T07:30:54.613177+09:00,2026-08-25,CHTR,"Charter Communications, Inc.",US,인터넷,2026-08-24,150.3,3613366,2908173.3,7.2282,20257056768,51,65,63,86,62,1,HOLD,0.37,4,False,live,STOCK,55,NEUTRAL
2026-08-25T07:30:54.613177+09:00,2026-08-25,TPG,TPG Inc.,US,금융,2026-08-24,52.84,2649775,3416153.75,2.1445,20637579264,88,60,53,43,70,2,WATCH,1.04,12,False,live,STOCK,93,NEUTRAL
2026-08-25T07:30:54.613177+09:00,2026-08-25,KSPI,Joint Stock Company Kaspi.kz,US,IT,2026-08-24,106.46,579290,597739.5,3.3371,20230301696,73,60,45,80,69,3,WATCH,0.83,10,False,live,STOCK,86,NEUTRAL
2026-08-25T07:30:54.613177+09:00,2026-08-25,RBRK,"Rubrik, Inc.",US,IT,2026-08-24,98.04,1979708,3098760.4,5.1386,20179431424,85,60,60,35,67,2,WATCH,0.98,12,False,live,STOCK,84,NEUTRAL
2026-08-25T07:30:54.613177+09:00,2026-08-25,U,Unity Software Inc.,US,IT,2026-08-24,46.16,9371732,13094876.6,2.118,20314505216,80,60,63,50,72,2,WATCH,1.06,13,False,live,STOCK,93,NEUTRAL
2026-08-25T07:30:54.613177+09:00,2026-08-25,RIVN,"Rivian Automotive, Inc.",US,소비재,2026-08-24,16.6,21733084,22676844.2,0.6471,24034486272,76,60,53,50,63,2,WATCH,0.76,9,False,live,STOCK,73,NEUTRAL
2026-08-25T07:30:54.613177+09:00,2026-08-25,YPF,YPF Sociedad Anónima,US,에너지,2026-08-24,51.28,1155374,1115388.7,1.9736,20105609216,91,60,67,74,73,2,WATCH,0.93,11,False,live,STOCK,53,NEUTRAL
2026-08-25T07:30:54.613177+09:00,2026-08-25,WES,"Western Midstream Partners, LP",US,에너지,2026-08-24,48.53,524242,881197.1,0.9654,20051361792,69,60,68,60,65,0,HOLD,0.68,8,False,live,STOCK,60,NEUTRAL
2026-08-25T07:30:54.613177+09:00,2026-08-25,LUV,Southwest Airlines Co.,US,산업재,2026-08-24,40.71,5805297,4560079.85,1.2321,19915665408,20,60,63,58,49,0,HOLD,-0.22,-3,False,live,STOCK,61,NEUTRAL
2026-08-25T07:30:54.613177+09:00,2026-08-25,SOJC,The Southern Company JR 2017B NT 77,US,유틸리티,2026-08-24,19.89,34770,33158.5,0.1588,,25,60,58,60,45,0,HOLD,-0.38,-5,False,live,STOCK,40,NEUTRAL
2026-08-25T07:30:54.613177+09:00,2026-08-25,CF,"CF Industries Holdings, Inc.",US,소재,2026-08-24,129.24,2018089,2419874.45,5.1958,19558940672,88,60,63,86,76,2,WATCH,1.05,13,False,live,STOCK,69,NEUTRAL
2026-08-25T07:30:54.613177+09:00,2026-08-25,WWD,"Woodward, Inc.",US,산업재,2026-08-24,333.15,560677,673683.85,11.1598,19671113728,20,60,53,50,37,0,AVOID,-0.66,-8,True,live,STOCK,26,NEUTRAL
2026-08-25T07:30:54.613177+09:00,2026-08-25,PR,Permian Resources Corporation,US,에너지,2026-08-24,23.69,12397626,9216781.3,0.7012,19841726464,77,60,60,68,66,1,HOLD,0.78,9,False,live,STOCK,55,NEUTRAL
2026-08-25T07:30:54.613177+09:00,2026-08-25,ATHS,Athene Holding Ltd. 7.250% Fixe,US,금융,2026-08-24,24.54,34419,24450.95,0.2062,,43,60,58,50,48,0,HOLD,-0.09,-1,False,live,STOCK,40,NEUTRAL
2026-08-25T07:30:54.613177+09:00,2026-08-25,RCI,Rogers Communications Inc.,US,인터넷,2026-08-24,36.39,689580,1177154.0,0.6779,19658797056,65,65,55,86,68,2,WATCH,0.56,7,False,live,STOCK,75,NEUTRAL
2026-08-25T07:30:54.613177+09:00,2026-08-25,MTSI,"MACOM Technology Solutions Holdings, Inc",US,반도체,2026-08-24,257.43,1547263,1558428.15,19.7043,19660167168,18,65,60,35,37,0,AVOID,-0.72,-9,True,live,STOCK,32,NEUTRAL
2026-08-25T07:30:54.613177+09:00,2026-08-25,SBAC,SBA Communications Corporation,US,리츠,2026-08-24,185.07,978947,1120662.35,4.9613,19633727488,65,60,63,45,57,0,HOLD,0.22,3,False,live,STOCK,49,NEUTRAL
2026-08-25T07:30:54.613177+09:00,2026-08-25,FDXF,"FedEx Freight Holding Company, Inc.",US,산업재,2026-08-24,131.27,1228103,1172590.15,5.865,19627245568,28,60,81,42,46,1,HOLD,-0.17,-2,False,live,STOCK,27,NEUTRAL
2026-08-25T07:30:54.613177+09:00,2026-08-25,SSNC,"SS&C Technologies Holdings, Inc.",US,IT,2026-08-24,83.54,1278476,1745618.8,1.7789,19603079168,63,60,60,74,63,1,HOLD,0.61,7,False,live,STOCK,55,NEUTRAL
2026-08-25T07:30:54.613177+09:00,2026-08-25,NI,NiSource Inc,US,유틸리티,2026-08-24,40.83,5679615,6311165.75,0.9261,19580440576,20,60,55,42,38,0,AVOID,-0.68,-8,True,live,STOCK,36,NEUTRAL
2026-08-25T07:30:54.613177+09:00,2026-08-25,BEKE,KE Holdings Inc.,US,리츠,2026-08-24,17.71,7719388,3185534.4,0.5079,19540910080,81,60,55,66,69,2,WATCH,0.82,10,False,live,STOCK,75,NEUTRAL
2026-08-25T07:30:54.613177+09:00,2026-08-25,ZBH,"Zimmer Biomet Holdings, Inc.",US,제약/바이오,2026-08-24,100.98,1499755,2536367.75,2.8914,19260692480,91,65,63,74,78,3,BUY,1.25,15,False,live,STOCK,87,NEUTRAL
2026-08-25T07:30:54.613177+09:00,2026-08-25,RS,Reliance Steel & Aluminum Co.,US,소재,2026-08-24,382.49,407386,351059.3,12.995,19527856128,43,60,60,58,55,0,HOLD,0.15,2,False,live,STOCK,63,NEUTRAL
2026-08-25T07:30:54.613177+09:00,2026-08-25,SNX,TD Synnex Corp,US,IT,2026-08-24,243.65,435955,670342.75,7.0546,,20,60,61,76,45,1,HOLD,-0.36,-4,False,live,STOCK,26,NEUTRAL
2026-08-25T07:30:54.613177+09:00,2026-08-25,VTRS,Viatris Inc.,US,제약/바이오,2026-08-24,16.54,4980414,10372345.7,0.5109,18997694464,40,65,55,78,48,1,HOLD,-0.17,-2,False,live,STOCK,19,NEUTRAL
2026-08-25T07:30:54.613177+09:00,2026-08-25,AQNB,Algonquin Power & Utilities Corp.,US,유틸리티,2026-08-24,26.15,22127,19416.35,0.1586,,69,60,55,50,55,0,HOLD,0.28,3,False,live,STOCK,40,NEUTRAL
2026-08-25T07:30:54.613177+09:00,2026-08-25,NWS,News Corporation,US,인터넷,2026-08-24,35.05,1355764,1130413.2,0.9264,18929612800,88,65,48,61,63,1,HOLD,0.76,9,False,live,STOCK,52,NEUTRAL
2026-08-25T07:30:54.613177+09:00,2026-08-25,ESS,"Essex Property Trust, Inc.",US,리츠,2026-08-24,293.61,357456,413717.8,4.8829,20239384576,73,60,55,45,64,2,WATCH,0.68,8,False,live,STOCK,83,NEUTRAL
2026-08-25T07:30:54.613177+09:00,2026-08-25,TSCO,Tractor Supply Company,US,소비재,2026-08-24,35.92,9423336,11471446.8,1.1643,18715760640,88,60,75,50,76,3,BUY,1.23,15,False,live,STOCK,84,NEUTRAL
2026-08-25T07:30:54.613177+09:00,2026-08-25,EVRG,"Evergy, Inc.",US,유틸리티,2026-08-24,81.39,2544175,1944628.75,1.3928,18765860864,28,60,53,42,39,0,AVOID,-0.46,-6,True,live,STOCK,32,NEUTRAL
2026-08-25T07:30:54.613177+09:00,2026-08-25,GPC,Genuine Parts Company,US,소비재,2026-08-24,135.69,669778,1143683.9,2.9129,18706190336,73,60,63,43,66,2,WATCH,0.87,10,False,live,STOCK,84,NEUTRAL
2026-08-25T07:30:54.613177+09:00,2026-08-25,NDSN,Nordson Corporation,US,산업재,2026-08-24,333.93,439627,420576.35,7.0907,18605893632,78,60,60,58,68,2,WATCH,0.91,11,False,live,STOCK,77,NEUTRAL
2026-08-25T07:30:54.613177+09:00,2026-08-25,WIT,Wipro Limited,US,IT,2026-08-24,1.88,5636424,5813196.2,0.0561,18598148096,20,60,55,68,43,0,AVOID,-0.53,-6,True,live,STOCK,33,NEUTRAL
2026-08-25T07:30:54.613177+09:00,2026-08-25,DD,"DuPont de Nemours, Inc.",US,소재,2026-08-24,136.67,1013429,1749956.45,3.5739,18456324096,43,60,47,58,43,0,AVOID,-0.4,-5,True,live,STOCK,23,NEUTRAL
2026-08-25T07:30:54.613177+09:00,2026-08-25,MGA,Magna International Inc.,US,소비재,2026-08-24,67.8,2047702,1299265.1,2.1249,18137845760,46,60,55,74,60,2,WATCH,0.33,4,False,live,STOCK,77,NEUTRAL
2026-08-25T07:30:54.613177+09:00,2026-08-25,BBY,"Best Buy Co., Inc.",US,소비재,2026-08-24,87.48,2748555,3227822.75,2.7907,,66,60,50,68,59,0,HOLD,0.51,6,False,live,STOCK,54,NEUTRAL
2026-08-25T07:30:54.613177+09:00,2026-08-25,VIV,Telefônica Brasil S.A.,US,인터넷,2026-08-24,11.45,862782,1853544.1,0.2675,,17,65,55,76,42,1,AVOID,-0.68,-8,True,live,STOCK,26,NEUTRAL
2026-08-25T07:30:54.613177+09:00,2026-08-25,ITT,ITT Inc.,US,산업재,2026-08-24,204.96,493122,926201.1,6.8071,,43,60,53,50,51,0,HOLD,0.04,0,False,live,STOCK,61,NEUTRAL
2026-08-25T07:30:54.613177+09:00,2026-08-25,FTV,Fortive Corporation,US,IT,2026-08-24,60.46,1901726,2641336.3,1.1021,18259951616,28,60,63,74,56,1,HOLD,0.05,1,False,live,STOCK,69,NEUTRAL
2026-08-25T07:30:54.613177+09:00,2026-08-25,OWL,Blue Owl Capital Inc.,US,금융,2026-08-24,11.68,10869327,21408701.35,0.4416,28526532608,55,60,56,59,62,1,HOLD,0.6,7,False,live,STOCK,84,NEUTRAL
2026-08-25T07:30:54.613177+09:00,2026-08-25,OVV,Ovintiv Inc.,US,에너지,2026-08-24,65.92,2933383,3430464.15,1.8246,18233470976,91,60,60,66,75,2,WATCH,1.17,14,False,live,STOCK,84,NEUTRAL
2026-08-25T07:30:54.613177+09:00,2026-08-25,MKSI,MKS Inc.,US,IT,2026-08-24,269.06,1884302,1629905.1,16.9464,18193180672,18,60,60,50,39,0,AVOID,-0.71,-9,True,live,STOCK,26,NEUTRAL
2026-08-25T07:30:54.613177+09:00,2026-08-25,INVH,Invitation Homes Inc.,US,리츠,2026-08-24,30.46,2723625,3807786.25,0.465,18094518272,80,60,63,53,66,1,HOLD,0.72,9,False,live,STOCK,63,NEUTRAL
2026-08-25T07:30:54.613177+09:00,2026-08-25,AS,"Amer Sports, Inc.",US,소비재,2026-08-24,31.24,10490927,6484811.35,1.3745,,10,60,45,66,41,0,AVOID,-0.7,-8,True,live,STOCK,58,NEUTRAL
2026-08-25T07:30:54.613177+09:00,2026-08-25,NTNX,"Nutanix, Inc.",US,IT,2026-08-24,66.68,2964055,2505372.75,2.1759,18024972288,73,60,60,43,66,2,WATCH,0.88,11,False,live,STOCK,90,NEUTRAL
2026-08-25T07:30:54.613177+09:00,2026-08-25,BEN,"Franklin Resources, Inc.",US,금융,2026-08-24,34.62,1728080,4339229.0,0.7211,17589620736,81,60,53,58,66,1,HOLD,0.77,9,False,live,STOCK,69,NEUTRAL
2026-08-25T07:30:54.613177+09:00,2026-08-25,ROL,"Rollins, Inc.",US,산업재,2026-08-24,37.26,3391264,5188873.2,0.8093,17927477248,55,60,60,37,47,0,HOLD,-0.23,-3,False,live,STOCK,27,NEUTRAL
2026-08-25T07:30:54.613177+09:00,2026-08-25,J,Jacobs Solutions Inc.,US,산업재,2026-08-24,151.61,1024747,939327.35,3.6449,17744224256,82,60,60,58,71,2,WATCH,1.02,12,False,live,STOCK,84,NEUTRAL
2026-08-25T07:30:54.613177+09:00,2026-08-25,PTC,PTC Inc.,US,IT,2026-08-24,154.31,901277,1432898.85,5.3755,16743601152,84,60,63,68,72,1,HOLD,0.9,11,False,live,STOCK,69,NEUTRAL
2026-08-25T07:30:54.613177+09:00,2026-08-25,JLL,Jones Lang LaSalle Incorporated,US,리츠,2026-08-24,387.21,225242,355322.1,10.5736,17814642688,95,60,53,66,73,2,WATCH,1.11,13,False,live,STOCK,78,NEUTRAL
2026-08-25T07:30:54.613177+09:00,2026-08-25,FLUT,Flutter Entertainment plc,US,소비재,2026-08-24,102.58,1120382,3584079.1,5.363,17801641984,69,60,70,60,68,2,WATCH,0.8,10,False,live,STOCK,73,NEUTRAL
2026-08-25T07:30:54.613177+09:00,2026-08-25,BIP,Brookfield Infrastructure Partners L.P.,US,유틸리티,2026-08-24,38.56,640994,913774.7,1.0228,30532540416,43,60,55,30,44,0,AVOID,-0.14,-2,True,live,STOCK,45,NEUTRAL
2026-08-25T07:30:54.613177+09:00,2026-08-25,PKX,POSCO Holdings Inc.,US,소재,2026-08-24,58.66,169659,289177.95,1.52,17743659008,70,60,50,58,52,1,HOLD,-0.1,-1,False,live,STOCK,20,NEUTRAL
2026-08-25T07:30:54.613177+09:00,2026-08-25,CG,The Carlyle Group Inc.,US,금융,2026-08-24,49.14,3189183,4500089.15,1.783,17510193152,55,60,55,50,58,1,HOLD,0.4,5,False,live,STOCK,74,NEUTRAL
2026-08-25T07:30:54.613177+09:00,2026-08-25,LNT,Alliant Energy Corporation,US,유틸리티,2026-08-24,68.42,1776071,2649878.55,1.2986,17740259328,28,60,60,42,43,0,AVOID,-0.39,-5,True,live,STOCK,39,NEUTRAL
2026-08-25T07:30:54.613177+09:00,2026-08-25,EWBC,"East West Bancorp, Inc.",US,금융,2026-08-24,128.91,662145,604987.25,2.4276,17662199808,43,60,50,55,41,0,AVOID,-0.31,-4,True,live,STOCK,10,NEUTRAL
2026-08-25T07:30:54.613177+09:00,2026-08-25,PAA,"Plains All American Pipeline, L.P.",US,에너지,2026-08-24,24.96,2303085,2715684.25,0.4932,17610938368,88,60,55,66,70,2,WATCH,0.89,11,False,live,STOCK,71,NEUTRAL
2026-08-25T07:30:54.613177+09:00,2026-08-25,APG,APi Group Corporation,US,산업재,2026-08-24,40.72,2333326,2796791.3,1.045,17597566976,43,60,45,50,50,1,HOLD,-0.06,-1,False,live,STOCK,70,NEUTRAL
2026-08-25T07:30:54.613177+09:00,2026-08-25,WY,Weyerhaeuser Company,US,리츠,2026-08-24,24.39,4323674,5585473.7,0.5728,17578749952,40,60,60,50,47,0,HOLD,-0.1,-1,False,live,STOCK,34,NEUTRAL
2026-08-25T07:30:54.613177+09:00,2026-08-25,JHX,James Hardie Industries plc,US,소재,2026-08-24,30.2,4557226,6815781.3,0.9775,17531779072,73,60,63,51,63,1,HOLD,0.74,9,False,live,STOCK,61,NEUTRAL
2026-08-25T07:30:54.613177+09:00,2026-08-25,NLY,"Annaly Capital Management, Inc.",US,리츠,2026-08-24,23.25,5512839,6917221.95,0.3387,17523861504,69,60,53,65,63,0,HOLD,0.63,8,False,live,STOCK,69,NEUTRAL
2026-08-25T07:30:54.613177+09:00,2026-08-25,GEN,Gen Digital Inc.,US,IT,2026-08-24,29.11,5641307,5220100.35,1.0233,17424867328,69,60,63,76,73,2,WATCH,0.97,12,False,live,STOCK,90,NEUTRAL
2026-08-25T07:30:54.613177+09:00,2026-08-25,LDOS,"Leidos Holdings, Inc.",US,IT,2026-08-24,138.43,725077,1562018.85,4.4271,17371885568,62,60,55,68,60,0,HOLD,0.43,5,False,live,STOCK,55,NEUTRAL
2026-08-25T07:30:54.613177+09:00,2026-08-25,DUKB,Duke Energy Corporation 5.625%,US,유틸리티,2026-08-24,22.27,42251,42287.55,0.1564,,39,60,58,50,47,0,HOLD,-0.21,-3,False,live,STOCK,40,NEUTRAL
2026-08-25T07:30:54.613177+09:00,2026-08-25,MEDP,"Medpace Holdings, Inc.",US,제약/바이오,2026-08-24,620.03,185026,255941.3,17.3539,17306064896,92,65,45,37,64,2,WATCH,0.88,11,False,live,STOCK,77,NEUTRAL
2026-08-25T07:30:54.613177+09:00,2026-08-25,ZBRA,Zebra Technologies Corporation,US,IT,2026-08-24,363.3,637873,901018.65,11.8364,17187962880,66,60,55,66,67,1,HOLD,0.79,9,False,live,STOCK,87,NEUTRAL
2026-08-25T07:30:54.613177+09:00,2026-08-25,NVR,"NVR, Inc.",US,소비재,2026-08-24,6397.5898,25630,32761.5,154.6089,17133724672,76,60,65,63,63,1,HOLD,0.57,7,False,live,STOCK,39,NEUTRAL
2026-08-25T07:30:54.613177+09:00,2026-08-25,NWSA,News Corporation,US,인터넷,2026-08-24,30.76,3053237,3843076.85,0.7589,16612694016,88,65,53,66,72,2,WATCH,1.06,13,False,live,STOCK,84,NEUTRAL
2026-08-25T07:30:54.613177+09:00,2026-08-25,IEX,IDEX Corporation,US,산업재,2026-08-24,233.69,406555,707477.75,4.8157,17227601920,47,60,63,58,57,0,HOLD,0.34,4,False,live,STOCK,60,NEUTRAL
2026-08-25T07:30:54.613177+09:00,2026-08-25,BALL,Ball Corporation,US,소비재,2026-08-24,64.42,1606795,1884944.75,1.1675,17052189696,62,60,55,58,64,1,HOLD,0.68,8,False,live,STOCK,84,NEUTRAL
2026-08-25T07:30:54.613177+09:00,2026-08-25,YUMC,"Yum China Holdings, Inc.",US,소비재,2026-08-24,48.92,1741672,1525063.6,0.9711,16712259584,84,60,53,68,69,2,WATCH,0.87,10,False,live,STOCK,71,NEUTRAL
2026-08-25T07:30:54.613177+09:00,2026-08-25,H,Hyatt Hotels Corporation,US,소비재,2026-08-24,180.09,654786,911854.3,4.6136,16971092992,72,60,53,43,56,1,HOLD,0.31,4,False,live,STOCK,49,NEUTRAL
2026-08-25T07:30:54.613177+09:00,2026-08-25,BSAC,Banco Santander-Chile,US,금융,2026-08-24,36.1,194698,268924.9,0.8507,17007262720,88,60,55,60,67,1,HOLD,0.87,10,False,live,STOCK,62,NEUTRAL
2026-08-25T07:30:54.613177+09:00,2026-08-25,CDW,CDW Corporation,US,IT,2026-08-24,132.51,1597389,1994114.45,7.9957,16566057984,43,60,60,68,60,1,HOLD,0.47,6,False,live,STOCK,78,NEUTRAL
2026-08-25T07:30:54.613177+09:00,2026-08-25,DINO,HF Sinclair Corporation,US,에너지,2026-08-24,95.18,1953657,2811007.85,3.7474,16921467904,95,60,58,78,78,3,BUY,1.22,15,False,live,STOCK,80,NEUTRAL
2026-08-25T07:30:54.613177+09:00,2026-08-25,WF,Woori Financial Group Inc.,US,금융,2026-08-24,69.51,89476,101588.8,1.8471,16868588544,47,60,55,88,50,1,HOLD,0.01,0,False,live,STOCK,11,NEUTRAL
2026-08-25T07:30:54.613177+09:00,2026-08-25,ZTO,ZTO Express (Cayman) Inc.,US,산업재,2026-08-24,21.28,1758417,2121765.85,0.5881,16172954624,35,60,55,78,56,1,HOLD,-0.04,0,False,live,STOCK,65,NEUTRAL
2026-08-25T07:30:54.613177+09:00,2026-08-25,CHRW,"C.H. Robinson Worldwide, Inc.",US,산업재,2026-08-24,142.86,1095905,2123620.25,4.2625,16693370880,29,60,60,50,42,0,AVOID,-0.56,-7,True,live,STOCK,26,NEUTRAL
2026-08-25T07:30:54.613177+09:00,2026-08-25,ALB,Albemarle Corporation,US,소재,2026-08-24,141.51,2105567,2324898.35,5.6739,16698894336,47,60,63,59,53,0,HOLD,-0.14,-2,False,live,STOCK,41,NEUTRAL
2026-08-25T07:30:54.613177+09:00,2026-08-25,PFGC,Performance Food Group Co,US,소매,2026-08-24,105.78,1314809,1800960.45,3.2091,16615124992,44,60,48,50,50,0,HOLD,0.14,2,False,live,STOCK,61,NEUTRAL
2026-08-25T07:30:54.613177+09:00,2026-08-25,CLH,"Clean Harbors, Inc.",US,산업재,2026-08-24,313.74,362740,528767.0,6.7398,16561470464,47,60,55,58,56,0,HOLD,0.28,3,False,live,STOCK,67,NEUTRAL
2026-08-25T07:30:54.613177+09:00,2026-08-25,CCZ,Comcast Holdings Corp.,US,인터넷,2026-08-21,66.45,0,130.0,0.5743,,65,65,55,50,54,0,HOLD,0.26,3,False,live,STOCK,40,NEUTRAL
2026-08-25T07:30:54.613177+09:00,2026-08-25,WCC,"WESCO International, Inc.",US,산업재,2026-08-24,337.01,514267,635148.35,12.2521,16423459840,32,60,50,58,47,0,HOLD,-0.32,-4,False,live,STOCK,55,NEUTRAL
2026-08-25T07:30:54.613177+09:00,2026-08-25,PS,Pershing Square Inc.,US,금융,2026-08-24,40.95,186103,157145.15,2.5543,16380000256,74,60,65,34,56,1,HOLD,0.56,7,False,live,STOCK,40,NEUTRAL
2026-08-25T07:30:54.613177+09:00,2026-08-25,KIM,Kimco Realty Corporation,US,리츠,2026-08-24,24.22,2914960,4283718.0,0.3964,16246517760,25,60,63,53,41,0,AVOID,-0.42,-5,True,live,STOCK,19,NEUTRAL
2026-08-25T07:30:54.613177+09:00,2026-08-25,WPC,W. P. Carey Inc.,US,리츠,2026-08-24,71.58,894559,1206182.95,1.026,16306443264,28,60,63,58,46,0,HOLD,-0.3,-4,False,live,STOCK,33,NEUTRAL
2026-08-25T07:30:54.613177+09:00,2026-08-25,TRU,TransUnion,US,금융,2026-08-24,84.87,1484491,2068479.55,2.5551,16261092352,92,60,53,58,72,2,WATCH,1.08,13,False,live,STOCK,83,NEUTRAL
2026-08-25T07:30:54.613177+09:00,2026-08-25,FUTU,Futu Holdings Limited,US,금융,2026-08-24,115.81,1901170,1356758.5,5.2078,16235924480,84,60,60,70,73,3,BUY,0.96,12,False,live,STOCK,80,NEUTRAL
2026-08-25T07:30:54.613177+09:00,2026-08-25,VNOM,"Viper Energy, Inc.",US,에너지,2026-08-24,44.71,1383454,1733012.7,1.0181,23427356672,87,60,60,50,62,1,HOLD,0.56,7,False,live,STOCK,41,NEUTRAL
2026-08-25T07:30:54.613177+09:00,2026-08-25,AGI,Alamos Gold Inc.,US,소재,2026-08-24,38.32,5141166,5308128.3,1.5154,16040923136,62,60,55,60,58,0,HOLD,0.23,3,False,live,STOCK,55,NEUTRAL
2026-08-25T07:30:54.613177+09:00,2026-08-25,RGA,"Reinsurance Group of America, Incorporat",US,금융,2026-08-24,245.57,280701,373800.05,5.1737,16036129792,69,60,66,86,69,1,HOLD,0.8,10,False,live,STOCK,55,NEUTRAL
2026-08-25T07:30:54.613177+09:00,2026-08-25,CX,"CEMEX, S.A.B. de C.V.",US,소재,2026-08-24,11.03,4998308,7511955.4,0.276,,15,60,63,66,42,0,AVOID,-0.64,-8,True,live,STOCK,29,NEUTRAL
2026-08-25T07:30:54.613177+09:00,2026-08-25,GIB,CGI Inc.,US,IT,2026-08-24,74.82,277798,475459.9,1.7174,15493382144,55,60,60,68,64,1,HOLD,0.61,7,False,live,STOCK,81,NEUTRAL
2026-08-25T07:30:54.613177+09:00,2026-08-25,JAZZ,Jazz Pharmaceuticals plc,US,제약/바이오,2026-08-24,254.47,419812,769330.6,6.7914,16518812672,62,65,48,84,62,1,HOLD,0.45,5,False,live,STOCK,63,NEUTRAL
2026-08-25T07:30:54.613177+09:00,2026-08-25,GWRE,"Guidewire Software, Inc.",US,IT,2026-08-24,191.89,1550928,1127431.4,7.9025,15976064000,70,60,50,35,60,2,WATCH,0.67,8,False,live,STOCK,84,NEUTRAL
2026-08-25T07:30:54.613177+09:00,2026-08-25,HST,"Host Hotels & Resorts, Inc.",US,리츠,2026-08-24,23.19,7727246,10341962.3,0.5739,16110706688,17,60,63,63,46,0,HOLD,-0.24,-3,False,live,STOCK,48,NEUTRAL
2026-08-25T07:30:54.613177+09:00,2026-08-25,BBIO,"BridgeBio Pharma, Inc.",US,제약/바이오,2026-08-24,81.07,1113353,2248637.65,2.843,15848616960,47,65,53,27,49,0,HOLD,0.23,3,False,live,STOCK,67,NEUTRAL
2026-08-25T07:30:54.613177+09:00,2026-08-25,SBS,Companhia de Saneamento Básico do Estado,US,유틸리티,2026-08-24,4.63,12679509,9582970.45,0.1725,16282348544,7,60,55,70,37,1,AVOID,-0.89,-11,True,live,STOCK,20,NEUTRAL
2026-08-25T07:30:54.613177+09:00,2026-08-25,SOLV,Solventum Corporation,US,제약/바이오,2026-08-24,91.25,1144696,1334144.8,2.9211,15532914688,88,65,58,70,69,2,WATCH,0.92,11,False,live,STOCK,55,NEUTRAL
2026-08-25T07:30:54.613177+09:00,2026-08-25,RBC,RBC Bearings Incorporated,US,산업재,2026-08-24,495.9,375541,253847.05,15.1449,15699818496,10,60,50,50,33,0,AVOID,-0.93,-11,True,live,STOCK,26,NEUTRAL
2026-08-25T07:30:54.613177+09:00,2026-08-25,RBA,"RB Global, Inc.",US,산업재,2026-08-24,84.07,2219273,2235853.65,4.2704,15569764352,7,60,60,58,36,0,AVOID,-0.86,-10,True,live,STOCK,23,NEUTRAL
2026-08-25T07:30:54.613177+09:00,2026-08-25,ASND,Ascendis Pharma A/S,US,제약/바이오,2026-08-24,251.95,329915,543220.75,8.2332,16526113792,76,65,82,42,64,2,WATCH,0.67,8,False,live,STOCK,40,NEUTRAL
2026-08-25T07:30:54.613177+09:00,2026-08-25,LSCC,Lattice Semiconductor Corporation,US,반도체,2026-08-24,114.15,1036146,1893507.3,6.7286,16212755456,10,65,58,43,35,0,AVOID,-0.83,-10,True,live,STOCK,32,NEUTRAL
2026-08-25T07:30:54.613177+09:00,2026-08-25,ARMK,Aramark,US,산업재,2026-08-24,59.28,2447889,2786904.45,1.5213,15627692032,69,60,60,58,55,0,HOLD,0.41,5,False,live,STOCK,25,NEUTRAL
2026-08-25T07:30:54.613177+09:00,2026-08-25,TIGO,Millicom International Cellular S.A.,US,인터넷,2026-08-24,92.97,653693,1416759.65,4.4315,15591998464,47,65,60,74,56,1,HOLD,0.31,4,False,live,STOCK,48,NEUTRAL
2026-08-25T07:30:54.613177+09:00,2026-08-25,RZC,"Reinsurance Group of America, Incorporat",US,금융,2026-08-24,25.58,36004,42760.2,0.1311,,43,60,58,50,48,0,HOLD,-0.05,-1,False,live,STOCK,40,NEUTRAL
2026-08-25T07:30:54.613177+09:00,2026-08-25,MAA,"Mid-America Apartment Communities, Inc.",US,리츠,2026-08-24,133.16,682175,1014948.75,2.4943,15841218560,43,60,66,53,49,0,HOLD,-0.04,0,False,live,STOCK,26,NEUTRAL
2026-08-25T07:30:54.613177+09:00,2026-08-25,LAMR,Lamar Advertising Company,US,리츠,2026-08-24,152.68,472414,738090.7,3.4379,15504604160,25,60,65,42,49,0,HOLD,-0.1,-1,False,live,STOCK,67,NEUTRAL
2026-08-25T07:30:54.613177+09:00,2026-08-25,EMA,Emera Incorporated,US,유틸리티,2026-08-24,50.39,271150,606937.5,0.8554,15477288960,28,60,55,42,44,0,AVOID,-0.31,-4,True,live,STOCK,55,NEUTRAL
2026-08-25T07:30:54.613177+09:00,2026-08-25,NBIX,"Neurocrine Biosciences, Inc.",US,제약/바이오,2026-08-24,153.04,1207517,1468785.85,4.265,15556390912,25,65,63,66,45,0,HOLD,-0.33,-4,False,live,STOCK,29,NEUTRAL
2026-08-25T07:30:54.613177+09:00,2026-08-25,LECO,"Lincoln Electric Holdings, Inc.",US,산업재,2026-08-24,282.24,554223,510776.15,6.8187,15383703552,69,60,63,50,66,1,HOLD,0.7,8,False,live,STOCK,80,NEUTRAL
2026-08-25T07:30:54.613177+09:00,2026-08-25,AKAM,"Akamai Technologies, Inc.",US,IT,2026-08-24,105.66,2759186,3564979.3,6.1707,15185097728,18,60,60,58,41,0,AVOID,-0.66,-8,True,live,STOCK,30,NEUTRAL
2026-08-25T07:30:54.613177+09:00,2026-08-25,SKM,"SK Telecom Co.,Ltd",US,인터넷,2026-08-24,40.0,2034041,2127952.05,1.485,15355525120,87,65,55,74,70,2,WATCH,0.79,9,False,live,STOCK,62,NEUTRAL
2026-08-25T07:30:54.613177+09:00,2026-08-25,TU,Telus Corp,US,인터넷,2026-08-24,9.83,3581821,9505011.05,0.2336,15482250240,47,65,55,68,56,0,HOLD,-0.06,-1,False,live,STOCK,59,NEUTRAL
2026-08-25T07:30:54.613177+09:00,2026-08-25,SITM,SiTime Corporation,US,반도체,2026-08-24,580.97,328806,509525.3,55.8484,17403256832,18,65,60,30,35,0,AVOID,-0.78,-9,True,live,STOCK,26,NEUTRAL
2026-08-25T07:30:54.613177+09:00,2026-08-25,IONQ,"IonQ, Inc.",US,IT,2026-08-24,41.06,17148766,20571103.3,2.9239,16634869760,40,60,73,50,50,1,HOLD,-0.22,-3,False,live,STOCK,32,NEUTRAL
2026-08-25T07:30:54.613177+09:00,2026-08-25,DKS,"DICK'S Sporting Goods, Inc.",US,소비재,2026-08-24,179.33,3918028,1754236.4,7.2357,16050490368,18,60,63,60,42,0,AVOID,-0.62,-7,True,live,STOCK,30,NEUTRAL
2026-08-25T07:30:54.613177+09:00,2026-08-25,PNFP,"Pinnacle Financial Partners, Inc.",US,금융,2026-08-24,101.34,704589,999389.45,2.1847,15313754112,35,60,60,68,54,0,HOLD,0.08,1,False,live,STOCK,61,NEUTRAL
2026-08-25T07:30:54.613177+09:00,2026-08-25,LTM,LATAM Airlines Group S.A.,US,산업재,2026-08-24,53.16,580928,709721.4,1.7291,,28,60,53,62,41,0,AVOID,-0.41,-5,True,live,STOCK,22,NEUTRAL
2026-08-25T07:30:54.613177+09:00,2026-08-25,STRL,"Sterling Infrastructure, Inc.",US,산업재,2026-08-24,496.66,673882,858384.1,31.2822,15192093696,40,60,68,58,49,0,HOLD,-0.28,-3,False,live,STOCK,27,NEUTRAL
2026-08-25T07:30:54.613177+09:00,2026-08-25,SUI,"Sun Communities, Inc.",US,리츠,2026-08-24,123.43,1052383,2323559.15,2.4611,15595713536,80,60,60,46,65,2,WATCH,0.65,8,False,live,STOCK,70,NEUTRAL
2026-08-25T07:30:54.613177+09:00,2026-08-25,APA,APA Corporation,US,에너지,2026-08-24,42.96,6205025,6090141.25,1.6276,15051101184,81,60,60,86,75,3,BUY,1.06,13,False,live,STOCK,78,NEUTRAL
2026-08-25T07:30:54.613177+09:00,2026-08-25,COKE,"Coca-Cola Consolidated, Inc.",US,소매,2026-08-24,192.6,350998,466564.9,7.3314,12820283392,91,60,55,53,64,1,HOLD,0.75,9,False,live,STOCK,48,NEUTRAL
2026-08-25T07:30:54.613177+09:00,2026-08-25,STLA,Stellantis N.V.,US,소비재,2026-08-24,5.22,25906368,23626068.4,0.2064,19665430528,37,60,58,72,51,1,HOLD,-0.28,-3,False,live,STOCK,41,NEUTRAL
2026-08-25T07:30:54.613177+09:00,2026-08-25,MKC,"McCormick & Company, Incorporated",US,소매,2026-08-24,56.2,1921973,2741328.65,1.3679,15109457920,75,60,63,70,72,3,BUY,0.99,12,False,live,STOCK,83,NEUTRAL
2026-08-25T07:30:54.613177+09:00,2026-08-25,FN,Fabrinet,US,IT,2026-08-24,421.14,1142663,1051248.15,41.6243,15091494912,18,60,55,50,37,0,AVOID,-0.76,-9,True,live,STOCK,27,NEUTRAL
2026-08-25T07:30:54.613177+09:00,2026-08-25,HTHT,H World Group Limited,US,소비재,2026-08-24,48.64,1433638,1646106.9,1.5629,14957958144,71,60,60,74,65,2,WATCH,0.69,8,False,live,STOCK,55,NEUTRAL
2026-08-25T07:30:54.613177+09:00,2026-08-25,PINS,"Pinterest, Inc.",US,인터넷,2026-08-24,23.47,11456045,11523942.25,0.9168,13291366400,48,65,45,59,55,1,HOLD,0.34,4,False,live,STOCK,77,NEUTRAL
2026-08-25T07:30:54.613177+09:00,2026-08-25,DOC,"Healthpeak Properties, Inc.",US,리츠,2026-08-24,21.63,4019294,5492519.7,0.4602,15334529024,69,60,55,46,57,0,HOLD,0.46,6,False,live,STOCK,54,NEUTRAL
2026-08-25T07:30:54.613177+09:00,2026-08-25,EG,"Everest Group, Ltd.",US,금융,2026-08-24,376.79,237169,317833.45,7.065,14447160320,69,60,63,100,66,1,HOLD,0.55,7,False,live,STOCK,32,NEUTRAL
2026-08-25T07:30:54.613177+09:00,2026-08-25,ULS,UL Solutions Inc.,US,산업재,2026-08-24,74.16,496015,982750.75,2.1904,14972769280,7,60,53,42,32,0,AVOID,-0.97,-12,True,live,STOCK,26,NEUTRAL
2026-08-25T07:30:54.613177+09:00,2026-08-25,SWK,"Stanley Black & Decker, Inc.",US,산업재,2026-08-24,98.51,1307873,2168968.65,2.7125,14876649472,48,60,60,66,63,1,HOLD,0.59,7,False,live,STOCK,87,NEUTRAL
2026-08-25T07:30:54.613177+09:00,2026-08-25,TLK,Telkom Indonesia Persero Tbk PT ADR,US,인터넷,2026-08-24,15.02,428106,666370.3,0.2586,14806857728,73,65,55,63,62,1,HOLD,0.43,5,False,live,STOCK,55,NEUTRAL
2026-08-25T07:30:54.613177+09:00,2026-08-25,COO,"The Cooper Companies, Inc.",US,제약/바이오,2026-08-24,75.8,1140684,1774544.2,1.4679,,66,65,63,51,64,1,HOLD,0.73,9,False,live,STOCK,74,NEUTRAL
2026-08-25T07:30:54.613177+09:00,2026-08-25,CSL,Carlisle Companies Incorporated,US,소재,2026-08-24,362.52,424791,468464.55,11.4746,14397166592,44,60,60,50,51,0,HOLD,0.1,1,False,live,STOCK,48,NEUTRAL
2026-08-25T07:30:54.613177+09:00,2026-08-25,CNH,CNH Industrial N.V.,US,산업재,2026-08-24,11.76,20688778,17206908.9,0.4361,18911946752,88,60,55,58,67,1,HOLD,0.91,11,False,live,STOCK,64,NEUTRAL
2026-08-25T07:30:54.613177+09:00,2026-08-25,TYL,"Tyler Technologies, Inc.",US,IT,2026-08-24,355.79,720674,866363.7,12.6586,14570408960,66,60,60,50,63,1,HOLD,0.72,9,False,live,STOCK,77,NEUTRAL
2026-08-25T07:30:54.613177+09:00,2026-08-25,FIVE,"Five Below, Inc.",US,소비재,2026-08-24,262.72,2036956,947642.8,9.3693,14527195136,78,60,68,66,74,2,WATCH,1.07,13,False,live,STOCK,83,NEUTRAL
2026-08-25T07:30:54.613177+09:00,2026-08-25,KEP,Korea Electric Power Corporation,US,유틸리티,2026-08-24,11.31,800942,1038327.1,0.2832,14521228288,7,60,58,96,43,1,AVOID,-0.75,-9,True,live,STOCK,23,NEUTRAL
2026-08-25T07:30:54.613177+09:00,2026-08-25,UNMA,Unum Group 6.250% JR NT58,US,금융,2026-08-24,21.48,25408,28520.4,0.1909,,65,60,58,80,61,1,HOLD,0.26,3,False,live,STOCK,40,NEUTRAL
2026-08-25T07:30:54.613177+09:00,2026-08-25,TKO,"TKO Group Holdings, Inc.",US,인터넷,2026-08-24,193.42,2041300,1165485.0,5.5214,36608548864,72,65,53,43,56,1,HOLD,0.34,4,False,live,STOCK,47,NEUTRAL
2026-08-25T07:30:54.613177+09:00,2026-08-25,GFL,GFL Environmental Inc.,US,산업재,2026-08-24,41.5,1470368,2166643.4,1.0596,14976949248,55,60,55,42,46,0,HOLD,0.12,1,False,live,STOCK,25,NEUTRAL
2026-08-25T07:30:54.613177+09:00,2026-08-25,WMG,Warner Music Group Corp.,US,인터넷,2026-08-24,27.76,1066199,2455584.95,0.857,14521527296,62,65,58,58,55,0,HOLD,0.0,0,False,live,STOCK,39,NEUTRAL
2026-08-25T07:30:54.613177+09:00,2026-08-25,AIZN,"Assurant, Inc. 5.25% Subordinat",US,금융,2026-08-24,18.585,12657,12257.85,0.242,,17,60,55,50,40,0,AVOID,-0.53,-6,True,live,STOCK,40,NEUTRAL
2026-08-25T07:30:54.613177+09:00,2026-08-25,MAS,Masco Corporation,US,소재,2026-08-24,73.21,1285484,2777039.2,2.0893,14436090880,29,60,73,68,55,1,HOLD,0.13,2,False,live,STOCK,55,NEUTRAL
2026-08-25T07:30:54.613177+09:00,2026-08-25,ARCC,Ares Capital Corporation,US,금융,2026-08-24,20.05,3145836,4292536.8,0.3014,14396357632,69,60,53,71,68,2,WATCH,0.73,9,False,live,STOCK,84,NEUTRAL
2026-08-25T07:30:54.613177+09:00,2026-08-25,IVZ,Invesco Ltd.,US,금융,2026-08-24,32.45,2800631,4767551.55,0.7892,14326668288,69,60,60,86,70,1,HOLD,0.83,10,False,live,STOCK,69,NEUTRAL
2026-08-25T07:30:54.613177+09:00,2026-08-25,CRL,Charles River Laboratories International,US,제약/바이오,2026-08-24,298.58,786058,983707.9,12.0875,14381919232,80,65,50,58,69,2,WATCH,0.95,11,False,live,STOCK,93,NEUTRAL
2026-08-25T07:30:54.613177+09:00,2026-08-25,KKRS,KKR Group Finance Co. IX LLC 4.,US,금융,2026-08-24,16.15,14202,29545.1,0.1413,,28,60,55,50,43,0,AVOID,-0.31,-4,True,live,STOCK,40,NEUTRAL
2026-08-25T07:30:54.613177+09:00,2026-08-25,PAG,"Penske Automotive Group, Inc.",US,소비재,2026-08-24,218.07,279736,397046.8,2.7284,14319102976,66,60,66,60,66,1,HOLD,0.77,9,False,live,STOCK,70,NEUTRAL
2026-08-25T07:30:54.613177+09:00,2026-08-25,DT,"Dynatrace, Inc.",US,IT,2026-08-24,49.05,5584533,6893356.65,2.3161,14235725824,73,60,53,43,62,2,WATCH,0.73,9,False,live,STOCK,78,NEUTRAL
2026-08-25T07:30:54.613177+09:00,2026-08-25,AIZ,"Assurant, Inc.",US,금융,2026-08-24,287.81,309928,424231.4,7.8914,14195873792,69,60,63,68,64,0,HOLD,0.67,8,False,live,STOCK,55,NEUTRAL
2026-08-25T07:30:54.613177+09:00,2026-08-25,HMY,Harmony Gold Mining Company Limited,US,소재,2026-08-24,22.81,4309289,3008994.45,1.0468,,70,60,50,76,62,2,WATCH,0.6,7,False,live,STOCK,54,NEUTRAL
2026-08-25T07:30:54.613177+09:00,2026-08-25,CRBG,"Corebridge Financial, Inc.",US,금융,2026-08-24,31.96,3628310,4981675.5,1.0212,14246764544,47,60,53,58,60,1,HOLD,0.5,6,False,live,STOCK,90,NEUTRAL
2026-08-25T07:30:54.613177+09:00,2026-08-25,IREN,IREN Limited,US,IT,2026-08-24,39.81,32081524,47427111.2,3.4232,14227246080,40,60,73,37,45,1,HOLD,-0.35,-4,False,live,STOCK,20,NEUTRAL
2026-08-25T07:30:54.613177+09:00,2026-08-25,UNM,Unum Group,US,금융,2026-08-24,89.49,1072402,1451955.1,2.1464,14166875136,62,60,66,50,63,1,HOLD,0.57,7,False,live,STOCK,71,NEUTRAL
2026-08-25T07:30:54.613177+09:00,2026-08-25,TRMB,Trimble Inc.,US,IT,2026-08-24,60.67,2534769,2855123.45,2.1254,14147020800,74,60,63,60,71,2,WATCH,0.89,11,False,live,STOCK,90,NEUTRAL
2026-08-25T07:30:54.613177+09:00,2026-08-25,W,Wayfair Inc.,US,소비재,2026-08-24,103.19,1660355,3720567.75,4.9033,14133734400,63,60,50,45,54,0,HOLD,0.42,5,False,live,STOCK,58,NEUTRAL
2026-08-25T07:30:54.613177+09:00,2026-08-25,TXT,Textron Inc.,US,산업재,2026-08-24,82.13,1246501,1733150.05,1.9243,14125284352,20,60,63,68,44,0,AVOID,-0.54,-6,True,live,STOCK,26,NEUTRAL
2026-08-25T07:30:54.613177+09:00,2026-08-25,VIRT,"Virtu Financial, Inc.",US,금융,2026-08-24,66.29,1414494,1550944.7,3.1824,5853452288,67,60,63,70,67,2,WATCH,0.8,10,False,live,STOCK,72,NEUTRAL
2026-08-25T07:30:54.613177+09:00,2026-08-25,AEFC,Aegon Funding Company LLC,US,금융,2026-08-24,18.13,43656,41162.8,0.1898,,50,60,55,50,50,0,HOLD,-0.07,-1,False,live,STOCK,40,NEUTRAL
2026-08-25T07:30:54.613177+09:00,2026-08-25,ONTO,Onto Innovation Inc.,US,반도체,2026-08-24,282.91,713793,1241024.65,23.9406,17292431360,28,65,63,43,47,0,HOLD,-0.12,-1,False,live,STOCK,55,NEUTRAL
2026-08-25T07:30:54.613177+09:00,2026-08-25,CACI,CACI International Inc,US,IT,2026-08-24,636.5,287713,298205.65,27.9007,14066357248,56,60,55,53,61,1,HOLD,0.61,7,False,live,STOCK,87,NEUTRAL
2026-08-25T07:30:54.613177+09:00,2026-08-25,AVY,Avery Dennison Corporation,US,소비재,2026-08-24,183.69,646498,853779.9,4.8364,13921524736,74,60,55,58,68,2,WATCH,0.88,11,False,live,STOCK,87,NEUTRAL
2026-08-25T07:30:54.613177+09:00,2026-08-25,MLI,"Mueller Industries, Inc.",US,산업재,2026-08-24,63.45,1114293,1101394.65,1.6675,14033959936,35,60,53,55,48,0,HOLD,-0.23,-3,False,live,STOCK,55,NEUTRAL
2026-08-25T07:30:54.613177+09:00,2026-08-25,REG,Regency Centers Corporation,US,리츠,2026-08-24,76.69,836221,1364261.05,1.2093,14337865728,25,60,63,58,45,0,HOLD,-0.33,-4,False,live,STOCK,33,NEUTRAL
2026-08-25T07:30:54.613177+09:00,2026-08-25,EMBJ,Embraer S.A.,US,산업재,2026-08-24,76.26,1093956,1361182.8,2.5657,13571095552,95,60,55,61,72,2,WATCH,1.1,13,False,live,STOCK,75,NEUTRAL
2026-08-25T07:30:54.613177+09:00,2026-08-25,GRAB,Grab Holdings Limited,US,IT,2026-08-24,3.52,31420189,43554199.45,0.1218,14401382400,25,60,45,66,51,1,HOLD,-0.14,-2,False,live,STOCK,83,NEUTRAL
2026-08-25T07:30:54.613177+09:00,2026-08-25,BNT,Brookfield Wealth Solutions Ltd.,US,금융,2026-08-24,42.04,11452,14172.6,0.8404,11534684160,35,60,55,60,47,0,HOLD,-0.3,-4,False,live,STOCK,40,NEUTRAL
2026-08-25T07:30:54.613177+09:00,2026-08-25,LOGI,Logitech International S.A.,US,IT,2026-08-24,97.21,786700,1117915.0,3.0932,13919338496,35,60,60,68,54,0,HOLD,-0.13,-2,False,live,STOCK,62,NEUTRAL
2026-08-25T07:30:54.613177+09:00,2026-08-25,LULU,Lululemon Athletica Inc.,US,소비재,2026-08-24,122.78,2725352,2606647.6,4.1107,13942150144,51,60,65,86,62,1,HOLD,0.24,3,False,live,STOCK,48,NEUTRAL
2026-08-25T07:30:54.613177+09:00,2026-08-25,OHI,"Omega Healthcare Investors, Inc.",US,리츠,2026-08-24,46.59,1216714,1930705.7,0.8264,14876060672,32,60,63,55,50,0,HOLD,-0.09,-1,False,live,STOCK,55,NEUTRAL
2026-08-25T07:30:54.613177+09:00,2026-08-25,QXO,"QXO, Inc.",US,산업재,2026-08-24,13.41,13438089,18480839.45,0.8018,13912750080,15,60,63,37,36,0,AVOID,-0.77,-9,True,live,STOCK,26,NEUTRAL
2026-08-25T07:30:54.613177+09:00,2026-08-25,UHAL,U-Haul Holding Company,US,산업재,2026-08-24,71.1,122368,158113.4,1.9057,13899637760,51,60,63,35,54,0,HOLD,0.4,5,False,live,STOCK,64,NEUTRAL
2026-08-25T07:30:54.613177+09:00,2026-08-25,TLN,Talen Energy Corporation,US,유틸리티,2026-08-24,305.535,835209,930735.45,17.5281,14639483904,18,60,63,70,49,1,HOLD,-0.41,-5,False,live,STOCK,55,NEUTRAL
2026-08-25T07:30:54.613177+09:00,2026-08-25,ALLE,Allegion plc,US,산업재,2026-08-24,162.63,1329591,1139739.55,3.7529,13829532672,51,60,45,58,55,1,HOLD,0.36,4,False,live,STOCK,75,NEUTRAL
2026-08-25T07:30:54.613177+09:00,2026-08-25,AEG,Aegon Ltd.,US,금융,2026-08-24,9.19,3462954,4459442.7,0.1407,13588480000,47,60,50,47,49,0,HOLD,0.07,1,False,live,STOCK,51,NEUTRAL
2026-08-25T07:30:54.613177+09:00,2026-08-25,LII,Lennox International Inc.,US,산업재,2026-08-24,399.1,307784,646169.2,12.3257,13793166336,29,60,63,52,43,0,AVOID,-0.54,-6,True,live,STOCK,23,NEUTRAL
2026-08-25T07:30:54.613177+09:00,2026-08-25,TOL,"Toll Brothers, Inc.",US,소비재,2026-08-24,147.45,535834,898446.7,4.6443,,32,60,60,78,54,1,HOLD,0.08,1,False,live,STOCK,55,NEUTRAL
2026-08-25T07:30:54.613177+09:00,2026-08-25,XELLL,Xcel Energy Inc. 6.25% Junior Subordinat,US,유틸리티,2026-08-24,22.59,54322,64181.1,0.2671,,20,60,55,60,42,0,AVOID,-0.46,-6,True,live,STOCK,40,NEUTRAL
2026-08-25T07:30:54.613177+09:00,2026-08-25,BMNR,"Bitmine Immersion Technologies, Inc.",US,금융,2026-08-24,24.14,66089552,35448322.6,1.1878,14561884160,70,60,63,42,65,2,WATCH,0.83,10,False,live,STOCK,84,NEUTRAL
2026-08-25T07:30:54.613177+09:00,2026-08-25,RVTY,"Revvity, Inc.",US,제약/바이오,2026-08-24,123.0,1505356,1615717.8,3.5636,13725127680,82,65,63,58,72,2,WATCH,1.07,13,False,live,STOCK,87,NEUTRAL
2026-08-25T07:30:54.613177+09:00,2026-08-25,EXEL,"Exelixis, Inc.",US,제약/바이오,2026-08-24,54.55,2422929,2759296.45,1.7121,13516491776,69,65,63,76,69,2,WATCH,0.76,9,False,live,STOCK,71,NEUTRAL
2026-08-25T07:30:54.613177+09:00,2026-08-25,BWXT,"BWX Technologies, Inc.",US,산업재,2026-08-24,149.52,1710732,982326.6,5.6065,13699319808,10,60,50,50,32,0,AVOID,-0.97,-12,True,live,STOCK,20,NEUTRAL
2026-08-25T07:30:54.613177+09:00,2026-08-25,BAX,Baxter International Inc.,US,제약/바이오,2026-08-24,26.49,4426550,7894917.5,0.8536,13695223808,48,65,66,63,60,0,HOLD,0.48,6,False,live,STOCK,64,NEUTRAL
2026-08-25T07:30:54.613177+09:00,2026-08-25,RNR,RenaissanceRe Holdings Ltd.,US,금융,2026-08-24,329.42,233130,277006.5,6.1364,13688025088,91,60,53,73,64,2,WATCH,0.72,9,False,live,STOCK,32,NEUTRAL
2026-08-25T07:30:54.613177+09:00,2026-08-25,HL,Hecla Mining Company,US,소재,2026-08-24,20.4,24428174,37863643.7,1.0614,13704076288,69,60,40,53,61,1,HOLD,0.63,8,False,live,STOCK,87,NEUTRAL
2026-08-25T07:30:54.613177+09:00,2026-08-25,RPM,RPM International Inc.,US,소재,2026-08-24,106.36,1467626,1006631.3,3.0526,13576109056,35,60,60,58,48,0,HOLD,-0.12,-1,False,live,STOCK,37,NEUTRAL
2026-08-25T07:30:54.613177+09:00,2026-08-25,IT,"Gartner, Inc.",US,IT,2026-08-24,202.78,1292029,1616396.45,9.1818,12805349376,88,60,55,74,74,3,BUY,1.09,13,False,live,STOCK,81,NEUTRAL
2026-08-25T07:30:54.613177+09:00,2026-08-25,SGI,Somnigroup International Inc,US,소비재,2026-08-24,64.31,2041114,3147800.7,2.1884,13528603648,47,60,63,74,54,1,HOLD,-0.04,0,False,live,STOCK,33,NEUTRAL
2026-08-25T07:30:54.613177+09:00,2026-08-25,ECHO,EchoStar Corporation,US,인터넷,2026-08-24,85.32,2335099,4344694.95,3.5193,24784668672,37,65,48,62,44,0,AVOID,-0.49,-6,True,live,STOCK,32,NEUTRAL
2026-08-25T07:30:54.613177+09:00,2026-08-25,TXRH,"Texas Roadhouse, Inc.",US,소비재,2026-08-24,205.29,614498,836919.9,5.1171,13475425280,47,60,53,42,52,0,HOLD,0.27,3,False,live,STOCK,69,NEUTRAL
2026-08-25T07:30:54.613177+09:00,2026-08-25,HAS,"Hasbro, Inc.",US,소비재,2026-08-24,95.41,1738861,1797033.05,2.1845,13457052672,62,60,45,60,58,0,HOLD,0.42,5,False,live,STOCK,69,NEUTRAL
2026-08-25T07:30:54.613177+09:00,2026-08-25,SJM,The J. M. Smucker Company,US,소매,2026-08-24,125.87,1106198,1144874.9,2.8212,13453072384,92,60,40,78,69,2,WATCH,0.91,11,False,live,STOCK,69,NEUTRAL
2026-08-25T07:30:54.613177+09:00,2026-08-25,GL,Globe Life Inc.,US,금융,2026-08-24,173.13,521927,597631.35,3.6489,13304945664,39,60,53,78,57,1,HOLD,0.25,3,False,live,STOCK,69,NEUTRAL
2026-08-25T07:30:54.613177+09:00,2026-08-25,CNA,CNA Financial Corporation,US,금융,2026-08-24,49.65,283545,410872.25,0.9311,13435336704,36,60,60,86,55,1,HOLD,0.19,2,False,live,STOCK,45,NEUTRAL
2026-08-25T07:30:54.613177+09:00,2026-08-25,EQH,"Equitable Holdings, Inc.",US,금융,2026-08-24,49.03,2315358,2940482.9,1.5582,13373706240,47,60,56,62,59,1,HOLD,0.45,5,False,live,STOCK,77,NEUTRAL
2026-08-25T07:30:54.613177+09:00,2026-08-25,CSGP,"CoStar Group, Inc.",US,리츠,2026-08-24,32.84,5034975,6984958.75,1.4614,13306689536,80,60,63,51,63,1,HOLD,0.57,7,False,live,STOCK,50,NEUTRAL
2026-08-25T07:30:54.613177+09:00,2026-08-25,SEIC,SEI Investments Company,US,금융,2026-08-24,110.75,866711,601835.55,1.805,13292124160,77,60,45,50,63,2,WATCH,0.76,9,False,live,STOCK,83,NEUTRAL
2026-08-25T07:30:54.613177+09:00,2026-08-25,ICLR,ICON Public Limited Company,US,제약/바이오,2026-08-24,173.48,420647,778547.35,6.8325,13384711168,85,65,50,51,64,1,HOLD,0.83,10,False,live,STOCK,69,NEUTRAL
2026-08-25T07:30:54.613177+09:00,2026-08-25,HRL,Hormel Foods Corporation,US,소매,2026-08-24,24.09,3874934,3639641.7,0.4411,,21,60,55,58,44,0,AVOID,-0.14,-2,True,live,STOCK,48,NEUTRAL
2026-08-25T07:30:54.613177+09:00,2026-08-25,BIPI,BIP Bermuda Holdings I Limited,US,산업재,2026-08-24,16.6701,5099,17434.95,0.1591,,43,60,55,50,47,0,HOLD,-0.07,-1,False,live,STOCK,40,NEUTRAL
2026-08-25T07:30:54.613177+09:00,2026-08-25,BWA,BorgWarner Inc.,US,소비재,2026-08-24,64.36,2151110,2298455.5,2.6822,13107966976,28,60,63,74,49,1,HOLD,-0.28,-3,False,live,STOCK,33,NEUTRAL
2026-08-25T07:30:54.613177+09:00,2026-08-25,HBM,Hudbay Minerals Inc.,US,소재,2026-08-24,29.6,3647369,5215163.45,1.2921,13146685440,81,60,60,50,69,2,WATCH,0.93,11,False,live,STOCK,84,NEUTRAL
2026-08-25T07:30:54.613177+09:00,2026-08-25,WSE,Wise Group plc Class A Ordinary Shares,US,IT,2026-08-24,13.1,726923,989951.15,0.357,12886855680,80,60,75,45,69,2,WATCH,0.81,10,False,live,STOCK,66,NEUTRAL
2026-08-25T07:30:54.613177+09:00,2026-08-25,DOCN,"DigitalOcean Holdings, Inc.",US,IT,2026-08-24,111.54,2700216,3156905.8,9.696,13114823680,18,60,63,26,36,0,AVOID,-0.74,-9,True,live,STOCK,30,NEUTRAL
2026-08-25T07:30:54.613177+09:00,2026-08-25,AA,Alcoa Corporation,US,소재,2026-08-24,49.39,5890979,5343898.95,2.4393,13034486784,62,60,63,73,61,1,HOLD,0.14,2,False,live,STOCK,43,NEUTRAL
2026-08-25T07:30:54.613177+09:00,2026-08-25,CCK,"Crown Holdings, Inc.",US,소비재,2026-08-24,119.76,678875,835628.75,2.7378,13025159168,66,60,50,84,67,2,WATCH,0.73,9,False,live,STOCK,77,NEUTRAL
2026-08-25T07:30:54.613177+09:00,2026-08-25,GGG,Graco Inc.,US,산업재,2026-08-24,80.16,1789768,1417078.4,1.4214,12982218752,47,60,63,50,56,0,HOLD,0.26,3,False,live,STOCK,63,NEUTRAL
2026-08-25T07:30:54.613177+09:00,2026-08-25,CLX,The Clorox Company,US,소매,2026-08-24,107.17,1818284,2718639.2,2.6733,12960176128,84,60,60,50,70,2,WATCH,0.99,12,False,live,STOCK,84,NEUTRAL
2026-08-25T07:30:54.613177+09:00,2026-08-25,IESC,"IES Holdings, Inc.",US,산업재,2026-08-24,324.12,207204,367571.7,60.1629,12915764224,10,60,45,50,38,0,AVOID,-0.76,-9,True,live,STOCK,58,NEUTRAL
2026-08-25T07:30:54.613177+09:00,2026-08-25,ALLY,Ally Financial Inc.,US,금융,2026-08-24,42.45,2395623,2663381.15,0.8271,12913276928,20,60,63,96,55,1,HOLD,-0.09,-1,False,live,STOCK,54,NEUTRAL
2026-08-25T07:30:54.613177+09:00,2026-08-25,HALO,"Halozyme Therapeutics, Inc.",US,제약/바이오,2026-08-24,108.64,2090553,2457212.65,3.9543,12330422272,80,65,53,50,67,2,WATCH,0.91,11,False,live,STOCK,87,NEUTRAL
2026-08-25T07:30:54.613177+09:00,2026-08-25,DKNG,DraftKings Inc.,US,소비재,2026-08-24,25.97,6439622,12820441.1,1.3576,12892911616,76,60,60,60,70,2,WATCH,0.87,10,False,live,STOCK,85,NEUTRAL
2026-08-25T07:30:54.613177+09:00,2026-08-25,NXT,Nextpower Inc.,US,에너지,2026-08-24,84.72,1940047,2814187.35,4.5579,13016241152,10,60,53,53,34,0,AVOID,-0.93,-11,True,live,STOCK,20,NEUTRAL
2026-08-25T07:30:54.613177+09:00,2026-08-25,DTM,"DT Midstream, Inc.",US,에너지,2026-08-24,125.74,1029760,1014483.0,3.5596,12827403264,18,60,65,50,41,0,AVOID,-0.64,-8,True,live,STOCK,29,NEUTRAL
2026-08-25T07:30:54.613177+09:00,2026-08-25,WSO,"Watsco, Inc.",US,산업재,2026-08-24,310.8,296617,567385.85,8.5965,12821180416,37,60,63,50,46,0,HOLD,-0.39,-5,False,live,STOCK,30,NEUTRAL
2026-08-25T07:30:54.613177+09:00,2026-08-25,FNF,"Fidelity National Financial, Inc.",US,금융,2026-08-24,47.43,1771042,1573697.1,1.225,12720386048,40,60,63,84,52,1,HOLD,-0.12,-1,False,live,STOCK,19,NEUTRAL
2026-08-25T07:30:54.613177+09:00,2026-08-25,ELS,"Equity LifeStyle Properties, Inc.",US,리츠,2026-08-24,65.74,1317139,1367171.95,1.0357,13181586432,91,60,55,45,68,2,WATCH,0.88,11,False,live,STOCK,77,NEUTRAL
2026-08-25T07:30:54.613177+09:00,2026-08-25,PEN,"Penumbra, Inc.",US,제약/바이오,2026-08-24,323.75,144266,263538.3,2.0961,12752325632,43,65,55,30,50,1,HOLD,0.02,0,False,live,STOCK,72,NEUTRAL
2026-08-25T07:30:54.613177+09:00,2026-08-25,FMS,Fresenius Medical Care AG & Co. KGaA,US,제약/바이오,2026-08-24,23.53,510820,832041.0,0.3979,12523121664,47,65,58,94,61,1,HOLD,0.35,4,False,live,STOCK,55,NEUTRAL
2026-08-25T07:30:54.613177+09:00,2026-08-25,LI,Li Auto Inc.,US,소비재,2026-08-24,12.48,3393801,3046400.05,0.323,12234093568,55,60,55,70,54,1,HOLD,-0.11,-1,False,live,STOCK,35,NEUTRAL
2026-08-25T07:30:54.613177+09:00,2026-08-25,AGNC,AGNC Investment Corp.,US,리츠,2026-08-24,10.98,14081871,17466008.55,0.1671,13016586240,91,60,60,65,70,1,HOLD,0.93,11,False,live,STOCK,61,NEUTRAL
2026-08-25T07:30:54.613177+09:00,2026-08-25,IAG,Iamgold Corporation,US,소재,2026-08-24,21.8,7039859,6416207.95,1.0268,12447799296,70,60,55,73,70,3,BUY,0.87,10,False,live,STOCK,87,NEUTRAL
2026-08-25T07:30:54.613177+09:00,2026-08-25,BMRN,BioMarin Pharmaceutical Inc.,US,제약/바이오,2026-08-24,65.07,2264338,2340156.9,2.3979,12595844096,73,65,66,51,66,2,WATCH,0.85,10,False,live,STOCK,72,NEUTRAL
2026-08-25T07:30:54.613177+09:00,2026-08-25,BJ,"BJ's Wholesale Club Holdings, Inc.",US,소매,2026-08-24,98.49,2872825,1851496.25,2.5971,12576580608,62,60,50,50,50,0,HOLD,0.26,3,False,live,STOCK,34,NEUTRAL
2026-08-25T07:30:54.613177+09:00,2026-08-25,WBS,Webster Financial Corporation,US,금융,2026-08-20,77.57,0,10126728.95,0.7775,12568934400,69,60,55,60,57,0,HOLD,0.36,4,False,live,STOCK,39,NEUTRAL
2026-08-25T07:30:54.613177+09:00,2026-08-25,DECK,Deckers Outdoor Corporation,US,소비재,2026-08-24,92.08,2745984,2262394.2,2.7664,12539625472,15,60,63,68,42,0,AVOID,-0.66,-8,True,live,STOCK,26,NEUTRAL
2026-08-25T07:30:54.613177+09:00,2026-08-25,AIT,"Applied Industrial Technologies, Inc.",US,산업재,2026-08-24,338.75,195419,264380.95,8.1032,12431737856,47,60,63,50,54,0,HOLD,0.24,3,False,live,STOCK,54,NEUTRAL
2026-08-25T07:30:54.613177+09:00,2026-08-25,MAIR,Madison Air Solutions Corporation,US,산업재,2026-08-24,24.97,1056840,3011542.0,1.6876,12528013312,10,60,70,50,39,1,AVOID,-0.74,-9,True,live,STOCK,23,NEUTRAL
2026-08-25T07:30:54.613177+09:00,2026-08-25,HUBS,"HubSpot, Inc.",US,IT,2026-08-24,244.17,805840,2172147.0,18.3909,12499234816,81,60,55,59,70,2,WATCH,0.98,12,False,live,STOCK,87,NEUTRAL
2026-08-25T07:30:54.613177+09:00,2026-08-25,AMH,American Homes 4 Rent,US,리츠,2026-08-24,34.81,1283885,2166799.25,0.5393,,84,60,75,50,66,2,WATCH,0.8,10,False,live,STOCK,40,NEUTRAL
2026-08-25T07:30:54.613177+09:00,2026-08-25,CHYM,"Chime Financial, Inc. Class A Common Sto",US,IT,2026-08-24,32.7,8290345,9989842.25,1.9135,12379734016,85,60,55,62,72,2,WATCH,1.04,12,False,live,STOCK,86,NEUTRAL
2026-08-25T07:30:54.613177+09:00,2026-08-25,WTS,"Watts Water Technologies, Inc.",US,산업재,2026-08-24,372.8,143324,194086.2,9.7636,12445200384,69,60,73,45,57,1,HOLD,0.54,6,False,live,STOCK,29,NEUTRAL
2026-08-25T07:30:54.613177+09:00,2026-08-25,GLPI,"Gaming and Leisure Properties, Inc.",US,리츠,2026-08-24,43.93,3347626,2760076.3,0.8654,13157088256,65,60,60,60,59,0,HOLD,0.24,3,False,live,STOCK,47,NEUTRAL
2026-08-25T07:30:54.613177+09:00,2026-08-25,SNN,Smith & Nephew plc,US,제약/바이오,2026-08-24,29.62,1051734,1516091.7,0.5589,12396158976,43,65,60,58,52,0,HOLD,-0.03,0,False,live,STOCK,46,NEUTRAL
2026-08-25T07:30:54.613177+09:00,2026-08-25,MANH,"Manhattan Associates, Inc.",US,IT,2026-08-24,213.18,1156892,1095359.6,7.1906,12429453312,77,60,50,35,64,2,WATCH,0.83,10,False,live,STOCK,93,NEUTRAL
2026-08-25T07:30:54.613177+09:00,2026-08-25,ERIE,Erie Indemnity Company,US,금융,2026-08-24,268.64,242891,275859.55,8.4529,14047151104,75,60,72,58,73,3,BUY,1.07,13,False,live,STOCK,87,NEUTRAL
2026-08-25T07:30:54.613177+09:00,2026-08-25,MICC,The Magnum Ice Cream Company N.V.,US,소매,2026-08-24,20.15,848613,773730.65,0.4291,12338402304,75,60,63,50,63,1,HOLD,0.74,9,False,live,STOCK,57,NEUTRAL
2026-08-25T07:30:54.613177+09:00,2026-08-25,UDR,"UDR, Inc.",US,리츠,2026-08-24,38.39,2727570,3402983.5,0.6382,14103112704,65,60,60,53,58,0,HOLD,0.34,4,False,live,STOCK,49,NEUTRAL
2026-08-25T07:30:54.613177+09:00,2026-08-25,SF,Stifel Financial Corp,US,금융,2026-08-24,80.8,714345,1021227.25,1.7167,12200940544,47,60,52,76,57,1,HOLD,0.3,4,False,live,STOCK,61,NEUTRAL
2026-08-25T07:30:54.613177+09:00,2026-08-25,ARWR,"Arrowhead Pharmaceuticals, Inc.",US,제약/바이오,2026-08-24,86.73,1104361,1241233.05,2.9196,12250999808,47,65,60,42,50,0,HOLD,0.14,2,False,live,STOCK,46,NEUTRAL
2026-08-25T07:30:54.613177+09:00,2026-08-25,ELAN,Elanco Animal Health Incorporated,US,제약/바이오,2026-08-24,24.42,3952064,8654368.2,1.2307,12196558848,69,65,72,53,67,2,WATCH,0.75,9,False,live,STOCK,72,NEUTRAL
2026-08-25T07:30:54.613177+09:00,2026-08-25,CART,Maplebear Inc.,US,IT,2026-08-24,51.78,3862809,4497070.45,2.2574,11987073024,95,60,50,66,74,2,WATCH,1.12,13,False,live,STOCK,84,NEUTRAL
2026-08-25T07:30:54.613177+09:00,2026-08-25,JKHY,"Jack Henry & Associates, Inc.",US,IT,2026-08-24,170.51,1032414,966210.7,5.3271,12114869248,85,60,63,50,70,2,WATCH,1.04,12,False,live,STOCK,80,NEUTRAL
2026-08-25T07:30:54.613177+09:00,2026-08-25,EGO,Eldorado Gold Corporation,US,소재,2026-08-24,46.37,3400606,2921885.3,2.1579,12093774848,70,60,55,55,58,1,HOLD,0.54,6,False,live,STOCK,48,NEUTRAL
2026-08-25T07:30:54.613177+09:00,2026-08-25,AFG,"American Financial Group, Inc.",US,금융,2026-08-24,144.44,270458,370462.9,2.8207,11977176064,69,60,63,60,67,1,HOLD,0.71,9,False,live,STOCK,75,NEUTRAL
2026-08-25T07:30:54.613177+09:00,2026-08-25,EHC,Encompass Health Corporation,US,제약/바이오,2026-08-24,120.92,689468,956698.4,3.4614,11929166848,59,65,45,58,55,0,HOLD,0.38,5,False,live,STOCK,61,NEUTRAL
2026-08-25T07:30:54.613177+09:00,2026-08-25,GNRC,Generac Holdings Inc.,US,산업재,2026-08-24,203.56,890689,1180769.45,8.5071,12011334656,37,60,50,58,44,0,AVOID,-0.47,-6,True,live,STOCK,33,NEUTRAL
2026-08-25T07:30:54.613177+09:00,2026-08-25,RTO,Rentokil Initial plc,US,산업재,2026-08-24,23.8,925483,1802459.15,0.3842,11977300992,37,60,55,74,48,1,HOLD,-0.41,-5,False,live,STOCK,27,NEUTRAL
2026-08-25T07:30:54.613177+09:00,2026-08-25,DOCU,"DocuSign, Inc.",US,IT,2026-08-24,62.56,1780364,2910018.2,2.5633,11945494528,66,60,50,66,65,1,HOLD,0.72,9,False,live,STOCK,84,NEUTRAL
2026-08-25T07:30:54.613177+09:00,2026-08-25,CR,Crane Company,US,산업재,2026-08-24,206.33,354116,449885.8,6.2644,11925947392,24,60,63,58,47,0,HOLD,-0.03,0,False,live,STOCK,48,NEUTRAL
2026-08-25T07:30:54.613177+09:00,2026-08-25,AMKR,"Amkor Technology, Inc.",US,반도체,2026-08-24,47.9,4918373,5700003.65,3.4521,11900873728,37,65,50,58,44,0,AVOID,-0.5,-6,True,live,STOCK,29,NEUTRAL
2026-08-25T07:30:54.613177+09:00,2026-08-25,PNW,Pinnacle West Capital Corporation,US,유틸리티,2026-08-24,97.71,859621,1204261.05,1.6819,11842181120,28,60,63,37,41,0,AVOID,-0.4,-5,True,live,STOCK,32,NEUTRAL
2026-08-25T07:30:54.613177+09:00,2026-08-25,OC,Owens Corning,US,소재,2026-08-24,146.97,552322,843641.1,5.2843,11617784832,51,60,60,68,61,0,HOLD,0.51,6,False,live,STOCK,69,NEUTRAL
2026-08-25T07:30:54.613177+09:00,2026-08-25,MDGL,"Madrigal Pharmaceuticals, Inc.",US,제약/바이오,2026-08-24,511.97,145521,386496.05,18.0882,11828619264,50,65,40,26,43,0,AVOID,-0.19,-2,True,live,STOCK,55,NEUTRAL
2026-08-25T07:30:54.613177+09:00,2026-08-25,WTRG,"Essential Utilities, Inc.",US,유틸리티,2026-08-24,41.34,2501573,1999098.65,0.8279,11725387776,88,60,60,37,64,1,HOLD,0.85,10,False,live,STOCK,63,NEUTRAL
2026-08-25T07:30:54.613177+09:00,2026-08-25,BTSG,"BrightSpring Health Services, Inc. Commo",US,제약/바이오,2026-08-24,59.49,2191469,2884463.45,2.3264,11770943488,28,65,40,58,40,0,AVOID,-0.48,-6,True,live,STOCK,39,NEUTRAL
2026-08-25T07:30:54.613177+09:00,2026-08-25,AR,Antero Resources Corporation,US,에너지,2026-08-24,37.9,3534597,4279049.85,1.0825,11651939328,84,60,55,78,73,3,BUY,0.9,11,False,live,STOCK,78,NEUTRAL
2026-08-25T07:30:54.613177+09:00,2026-08-25,FHN,First Horizon Corporation,US,금융,2026-08-24,24.53,3700135,4923701.75,0.4957,11621753856,35,60,55,70,55,1,HOLD,0.06,1,False,live,STOCK,69,NEUTRAL
2026-08-25T07:30:54.613177+09:00,2026-08-25,AHR,"American Healthcare REIT, Inc.",US,리츠,2026-08-24,56.19,2560383,2947874.15,1.4037,12249350144,91,60,58,43,68,2,WATCH,0.95,11,False,live,STOCK,75,NEUTRAL
2026-08-25T07:30:54.613177+09:00,2026-08-25,HII,"Huntington Ingalls Industries, Inc.",US,산업재,2026-08-24,294.63,335455,562287.75,8.1714,11609777152,35,60,55,52,44,0,AVOID,-0.37,-4,True,live,STOCK,34,NEUTRAL
2026-08-25T07:30:54.613177+09:00,2026-08-25,TEM,"Tempus AI, Inc.",US,제약/바이오,2026-08-24,66.17,11876818,7213550.9,4.6904,11939366912,67,65,53,42,62,1,HOLD,0.7,8,False,live,STOCK,87,NEUTRAL
2026-08-25T07:30:54.613177+09:00,2026-08-25,DPZ,"Domino's Pizza, Inc.",US,소비재,2026-08-24,349.01,706577,763203.85,10.3832,11545857024,44,60,50,50,51,0,HOLD,0.18,2,False,live,STOCK,63,NEUTRAL
2026-08-25T07:30:54.613177+09:00,2026-08-25,NVMI,Nova Ltd.,US,반도체,2026-08-24,362.75,526968,566798.4,19.1943,11537684480,18,65,40,50,34,0,AVOID,-0.87,-10,True,live,STOCK,33,NEUTRAL
2026-08-25T07:30:54.613177+09:00,2026-08-25,SCI,Service Corporation International,US,소비재,2026-08-24,84.23,641997,1015249.85,1.7971,11479840768,47,60,48,50,54,1,HOLD,0.26,3,False,live,STOCK,77,NEUTRAL
2026-08-25T07:30:54.613177+09:00,2026-08-25,DY,"Dycom Industries, Inc.",US,산업재,2026-08-24,380.95,549484,433939.2,16.0929,,28,60,65,53,42,0,AVOID,-0.5,-6,True,live,STOCK,17,NEUTRAL
2026-08-25T07:30:54.613177+09:00,2026-08-25,ALGN,"Align Technology, Inc.",US,제약/바이오,2026-08-24,159.64,762024,949586.2,6.2314,11340803072,28,65,63,74,59,2,HOLD,0.12,1,False,live,STOCK,84,NEUTRAL
2026-08-25T07:30:54.613177+09:00,2026-08-25,GMED,"Globus Medical, Inc.",US,제약/바이오,2026-08-24,84.08,1132276,1390673.8,2.8143,11288742912,80,65,60,58,70,2,WATCH,0.78,9,False,live,STOCK,84,NEUTRAL
2026-08-25T07:30:54.613177+09:00,2026-08-25,TECH,Bio-Techne Corporation,US,제약/바이오,2026-08-24,72.39,1548861,3507073.05,0.2811,11279133696,73,65,76,51,68,2,WATCH,0.92,11,False,live,STOCK,67,NEUTRAL
2026-08-25T07:30:54.613177+09:00,2026-08-25,DVA,DaVita Inc.,US,제약/바이오,2026-08-24,176.5,1102452,1044267.6,7.8307,11260699648,17,65,53,84,49,1,HOLD,-0.41,-5,False,live,STOCK,55,NEUTRAL
2026-08-25T07:30:54.613177+09:00,2026-08-25,SMTC,Semtech Corporation,US,반도체,2026-08-24,120.91,2669053,2391722.65,11.3814,11262908416,18,65,53,42,37,0,AVOID,-0.74,-9,True,live,STOCK,36,NEUTRAL
2026-08-25T07:30:54.613177+09:00,2026-08-25,APC,ARKO Petroleum Corp. Class A Common Stoc,US,에너지,2026-08-24,18.77,133104,169280.2,0.6992,1549843200,25,60,55,58,51,1,HOLD,-0.12,-1,False,live,STOCK,78,NEUTRAL
2026-08-25T07:30:54.613177+09:00,2026-08-25,PSKY,Paramount Skydance Corporation Class B C,US,인터넷,2026-08-24,10.35,11255355,12346102.75,0.425,11612138496,57,65,63,61,66,1,HOLD,0.56,7,False,live,STOCK,91,NEUTRAL
2026-08-25T07:30:54.613177+09:00,2026-08-25,KNX,Knight-Swift Transportation Holdings Inc,US,산업재,2026-08-24,69.12,3272484,3355364.2,2.1911,11249694720,50,60,63,51,51,0,HOLD,-0.03,0,False,live,STOCK,35,NEUTRAL
2026-08-25T07:30:54.613177+09:00,2026-08-25,EVR,Evercore Inc.,US,금융,2026-08-24,290.11,499601,594255.05,10.0621,11156984832,18,60,63,68,44,0,AVOID,-0.6,-7,True,live,STOCK,29,NEUTRAL
2026-08-25T07:30:54.613177+09:00,2026-08-25,SUZ,Suzano S.A.,US,소재,2026-08-24,9.07,8186258,3659702.9,0.2639,11170254848,81,60,55,70,68,2,WATCH,0.77,9,False,live,STOCK,64,NEUTRAL
2026-08-25T07:30:54.613177+09:00,2026-08-25,TFII,TFI International Inc.,US,산업재,2026-08-24,135.82,212080,336454.0,3.9686,11163458560,28,60,63,66,45,0,HOLD,-0.43,-5,False,live,STOCK,23,NEUTRAL
2026-08-25T07:30:54.613177+09:00,2026-08-25,BXP,"BXP, Inc.",US,리츠,2026-08-24,69.99,1520878,1434413.9,1.7264,12659610624,62,60,63,53,60,0,HOLD,0.59,7,False,live,STOCK,61,NEUTRAL
2026-08-25T07:30:54.613177+09:00,2026-08-25,AUR,"Aurora Innovation, Inc.",US,IT,2026-08-24,5.69,39926005,29669065.25,0.3993,11403643904,25,60,45,50,48,1,HOLD,-0.36,-4,False,live,STOCK,84,NEUTRAL
2026-08-25T07:30:54.613177+09:00,2026-08-25,TTMI,"TTM Technologies, Inc.",US,IT,2026-08-24,107.12,3225180,3477059.0,10.4793,11284970496,10,60,56,50,35,0,AVOID,-0.86,-10,True,live,STOCK,26,NEUTRAL
2026-08-25T07:30:54.613177+09:00,2026-08-25,BSY,"Bentley Systems, Incorporated",US,IT,2026-08-24,37.68,2091291,2757154.55,1.5046,11382860800,81,60,60,42,69,2,WATCH,0.99,12,False,live,STOCK,90,NEUTRAL
2026-08-25T07:30:54.613177+09:00,2026-08-25,AEIS,"Advanced Energy Industries, Inc.",US,IT,2026-08-24,274.67,866604,711410.2,18.4619,11000654848,10,60,45,50,32,0,AVOID,-0.95,-11,True,live,STOCK,30,NEUTRAL
2026-08-25T07:30:54.613177+09:00,2026-08-25,MGM,MGM Resorts International,US,소비재,2026-08-24,43.69,1572951,2395442.55,0.7996,11178139648,29,60,63,74,47,1,HOLD,-0.07,-1,False,live,STOCK,24,NEUTRAL
2026-08-25T07:30:54.613177+09:00,2026-08-25,CPT,Camden Property Trust,US,리츠,2026-08-24,109.15,744098,964649.9,1.935,10973870080,28,60,63,45,43,0,AVOID,-0.28,-3,True,live,STOCK,33,NEUTRAL
2026-08-25T07:30:54.613177+09:00,2026-08-25,NYT,The New York Times Company,US,인터넷,2026-08-24,67.49,2192164,2397683.2,2.3,10885028864,39,65,63,53,50,0,HOLD,-0.19,-2,False,live,STOCK,42,NEUTRAL
2026-08-25T07:30:54.613177+09:00,2026-08-25,GKOS,Glaukos Corporation,US,제약/바이오,2026-08-24,185.65,622284,959014.2,6.1007,10950367232,63,65,45,27,55,1,HOLD,0.5,6,False,live,STOCK,86,NEUTRAL
2026-08-25T07:30:54.613177+09:00,2026-08-25,UMBF,UMB Financial Corporation,US,금융,2026-08-24,143.96,262190,554979.5,2.9843,10933767168,47,60,50,70,56,1,HOLD,0.25,3,False,live,STOCK,67,NEUTRAL
2026-08-25T07:30:54.613177+09:00,2026-08-25,FROG,JFrog Ltd.,US,IT,2026-08-24,90.14,1119109,2320700.45,5.5066,11114380288,95,60,60,27,66,1,HOLD,0.99,12,False,live,STOCK,69,NEUTRAL
2026-08-25T07:30:54.613177+09:00,2026-08-25,ALSN,"Allison Transmission Holdings, Inc.",US,소비재,2026-08-24,131.38,863332,867611.6,3.9849,10849102848,88,60,60,66,67,1,HOLD,0.88,11,False,live,STOCK,48,NEUTRAL
2026-08-25T07:30:54.613177+09:00,2026-08-25,EAT,"Brinker International, Inc.",US,소비재,2026-08-24,253.94,968360,1107258.0,11.2529,10890926080,82,60,53,50,68,2,WATCH,0.94,11,False,live,STOCK,87,NEUTRAL
2026-08-25T07:30:54.613177+09:00,2026-08-25,EGP,"EastGroup Properties, Inc.",US,리츠,2026-08-24,202.36,270999,484194.95,3.6621,10881568768,28,60,63,45,42,0,AVOID,-0.36,-4,True,live,STOCK,29,NEUTRAL
2026-08-25T07:30:54.613177+09:00,2026-08-25,FDS,FactSet Research Systems Inc.,US,금융,2026-08-24,305.31,649363,802088.15,9.9268,10858516480,82,60,55,66,68,2,WATCH,0.9,11,False,live,STOCK,71,NEUTRAL
2026-08-25T07:30:54.613177+09:00,2026-08-25,ENLT,Enlight Renewable Energy Ltd,US,유틸리티,2026-08-24,77.635,246392,203744.6,3.1925,10853961728,10,60,40,35,27,0,AVOID,-1.11,-13,True,live,STOCK,23,NEUTRAL
2026-08-25T07:30:54.613177+09:00,2026-08-25,RRX,Regal Rexnord Corporation,US,산업재,2026-08-24,162.72,1107109,1487060.45,8.7814,10832200704,7,60,63,58,37,0,AVOID,-0.85,-10,True,live,STOCK,20,NEUTRAL
2026-08-25T07:30:54.613177+09:00,2026-08-25,TX,Ternium S.A.,US,소재,2026-08-24,55.11,578554,701472.7,1.9414,,69,60,60,76,69,2,WATCH,0.79,9,False,live,STOCK,75,NEUTRAL
2026-08-25T07:30:54.613177+09:00,2026-08-25,NIO,NIO Inc.,US,소비재,2026-08-24,4.36,52214651,27328717.55,0.1364,,18,60,50,42,39,0,AVOID,-0.68,-8,True,live,STOCK,49,NEUTRAL
2026-08-25T07:30:54.613177+09:00,2026-08-25,WMS,"Advanced Drainage Systems, Inc.",US,소재,2026-08-24,140.46,503922,713241.1,5.3728,10591434752,25,60,55,58,44,0,AVOID,-0.31,-4,True,live,STOCK,40,NEUTRAL
2026-08-25T07:30:54.613177+09:00,2026-08-25,BPOP,"Popular, Inc.",US,금융,2026-08-24,168.43,262546,403162.3,3.26,10742212608,47,60,53,70,55,1,HOLD,0.24,3,False,live,STOCK,54,NEUTRAL
2026-08-25T07:30:54.613177+09:00,2026-08-25,DCI,"Donaldson Company, Inc.",US,산업재,2026-08-24,92.43,572401,635895.05,1.8991,,39,60,63,50,54,0,HOLD,0.23,3,False,live,STOCK,67,NEUTRAL
2026-08-25T07:30:54.613177+09:00,2026-08-25,UHS,"Universal Health Services, Inc.",US,제약/바이오,2026-08-24,176.4,553717,852485.85,5.1343,10396400640,81,65,63,70,73,3,BUY,1.0,12,False,live,STOCK,77,NEUTRAL
2026-08-25T07:30:54.613177+09:00,2026-08-25,PAC,"Grupo Aeroportuario del Pacífico, S.A.B.",US,산업재,2026-08-24,205.41,94483,125599.15,5.5438,12222269440,40,60,60,50,46,0,HOLD,-0.38,-5,False,live,STOCK,29,NEUTRAL
2026-08-25T07:30:54.613177+09:00,2026-08-25,XPEV,XPeng Inc.,US,소비재,2026-08-24,11.15,26369089,7605859.45,0.4044,10666017792,40,60,60,50,47,0,HOLD,-0.35,-4,False,live,STOCK,33,NEUTRAL
2026-08-25T07:30:54.613177+09:00,2026-08-25,GSAT,"Globalstar, Inc.",US,인터넷,2026-08-24,82.11,496941,949687.05,0.7614,10638450688,40,65,53,27,49,1,HOLD,-0.02,0,False,live,STOCK,77,NEUTRAL
2026-08-25T07:30:54.613177+09:00,2026-08-25,AXSM,"Axsome Therapeutics, Inc.",US,제약/바이오,2026-08-24,205.4,293213,692030.65,7.2376,10759019520,31,65,60,26,43,0,AVOID,-0.39,-5,True,live,STOCK,52,NEUTRAL
2026-08-25T07:30:54.613177+09:00,2026-08-25,JEF,Jefferies Financial Group Inc.,US,금융,2026-08-24,51.91,1168442,1995282.1,1.383,10558078976,20,60,60,78,46,1,HOLD,-0.33,-4,False,live,STOCK,33,NEUTRAL
2026-08-25T07:30:54.613177+09:00,2026-08-25,AES,The AES Corporation,US,유틸리티,2026-08-24,14.75,12517946,7187377.3,0.0493,10523219968,65,60,58,70,65,1,HOLD,0.52,6,False,live,STOCK,69,NEUTRAL
2026-08-25T07:30:54.613177+09:00,2026-08-25,AM,Antero Midstream Corporation,US,에너지,2026-08-24,22.14,1781238,2632561.9,0.5439,10509281280,65,60,60,58,60,0,HOLD,0.41,5,False,live,STOCK,55,NEUTRAL
2026-08-25T07:30:54.613177+09:00,2026-08-25,MUSA,Murphy USA Inc.,US,소비재,2026-08-24,567.9,189517,289915.85,21.6336,10438200320,54,60,58,52,55,0,HOLD,0.27,3,False,live,STOCK,55,NEUTRAL
2026-08-25T07:30:54.613177+09:00,2026-08-25,ENSG,"The Ensign Group, Inc.",US,제약/바이오,2026-08-24,179.37,260202,344925.1,3.8936,10454119424,50,65,45,58,49,0,HOLD,0.0,0,False,live,STOCK,46,NEUTRAL
2026-08-25T07:30:54.613177+09:00,2026-08-25,DRS,"Leonardo DRS, Inc.",US,산업재,2026-08-24,39.01,771008,810195.4,1.4844,10411438080,20,60,53,50,36,0,AVOID,-0.77,-9,True,live,STOCK,23,NEUTRAL
2026-08-25T07:30:54.613177+09:00,2026-08-25,SUN,Sunoco LP,US,에너지,2026-08-24,76.11,256843,503952.15,1.9828,14340178944,69,60,58,63,65,1,HOLD,0.73,9,False,live,STOCK,72,NEUTRAL
2026-08-25T07:30:54.613177+09:00,2026-08-25,SSB,SouthState Bank Corp.,US,금융,2026-08-24,106.91,1103480,839114.0,1.8184,10367548416,47,60,53,70,56,1,HOLD,0.3,4,False,live,STOCK,61,NEUTRAL
2026-08-25T07:30:54.613177+09:00,2026-08-25,MOH,"Molina Healthcare, Inc.",US,제약/바이오,2026-08-24,198.5,555950,672677.5,7.1954,10361700352,61,65,63,51,51,0,HOLD,0.23,3,False,live,STOCK,17,NEUTRAL
2026-08-25T07:30:54.613177+09:00,2026-08-25,PAYC,"Paycom Software, Inc.",US,IT,2026-08-24,229.62,490008,995905.4,10.2667,10349344768,80,60,58,50,70,2,WATCH,1.0,12,False,live,STOCK,93,NEUTRAL
2026-08-25T07:30:54.613177+09:00,2026-08-25,ARW,"Arrow Electronics, Inc.",US,IT,2026-08-24,201.84,383123,635266.15,8.9479,10274750464,28,60,60,84,54,1,HOLD,-0.18,-2,False,live,STOCK,55,NEUTRAL
2026-08-25T07:30:54.613177+09:00,2026-08-25,WYNN,"Wynn Resorts, Limited",US,소비재,2026-08-24,99.41,1523867,1546753.35,3.1025,10236634112,50,60,50,50,47,0,HOLD,-0.09,-1,False,live,STOCK,33,NEUTRAL
2026-08-25T07:30:54.613177+09:00,2026-08-25,FLS,Flowserve Corporation,US,산업재,2026-08-24,80.46,1831347,1749132.35,2.0326,10227494912,55,60,66,58,62,0,HOLD,0.53,6,False,live,STOCK,69,NEUTRAL
2026-08-25T07:30:54.613177+09:00,2026-08-25,IONS,"Ionis Pharmaceuticals, Inc.",US,제약/바이오,2026-08-24,62.04,2206566,2438478.3,1.9429,10310075392,49,65,56,37,49,0,HOLD,-0.2,-2,False,live,STOCK,49,NEUTRAL
2026-08-25T07:30:54.613177+09:00,2026-08-25,PAYP,PayPay Corporation,US,IT,2026-08-24,15.2,452758,875597.9,0.6138,10292575232,52,60,55,68,52,0,HOLD,-0.2,-2,False,live,STOCK,29,NEUTRAL
2026-08-25T07:30:54.613177+09:00,2026-08-25,SAIL,"SailPoint, Inc.",US,IT,2026-08-24,18.13,2376105,3035575.25,0.8792,10283026432,55,60,60,42,60,1,HOLD,0.57,7,False,live,STOCK,84,NEUTRAL
2026-08-25T07:30:54.613177+09:00,2026-08-25,BIO,"Bio-Rad Laboratories, Inc.",US,제약/바이오,2026-08-24,381.76,300148,287612.4,11.9257,10207565824,77,65,60,37,64,2,WATCH,0.83,10,False,live,STOCK,78,NEUTRAL
2026-08-25T07:30:54.613177+09:00,2026-08-25,AG,First Majestic Silver Corp.,US,소재,2026-08-24,20.83,9071408,11293900.4,1.0436,10267239424,65,60,45,66,56,0,HOLD,0.24,3,False,live,STOCK,48,NEUTRAL
2026-08-25T07:30:54.613177+09:00,2026-08-25,PRAX,"Praxis Precision Medicines, Inc.",US,제약/바이오,2026-08-24,368.03,265005,447735.25,22.686,10275393536,87,65,48,50,67,2,WATCH,0.8,10,False,live,STOCK,84,NEUTRAL
2026-08-25T07:30:54.613177+09:00,2026-08-25,FCFS,"FirstCash Holdings, Inc",US,금융,2026-08-24,236.43,1047342,397612.1,8.2682,10254394368,69,60,53,58,59,0,HOLD,0.39,5,False,live,STOCK,55,NEUTRAL
2026-08-25T07:30:54.613177+09:00,2026-08-25,WTFC,Wintrust Financial Corporation,US,금융,2026-08-24,151.99,370766,569513.3,3.1985,10252549120,20,60,63,60,43,0,AVOID,-0.36,-4,True,live,STOCK,32,NEUTRAL
2026-08-25T07:30:54.613177+09:00,2026-08-25,RGEN,Repligen Corporation,US,제약/바이오,2026-08-24,181.62,1497947,1138402.35,7.1064,10249836544,80,65,60,43,69,2,WATCH,0.98,12,False,live,STOCK,90,NEUTRAL
2026-08-25T07:30:54.613177+09:00,2026-08-25,LFUS,"Littelfuse, Inc.",US,IT,2026-08-24,403.37,213096,332114.8,16.8609,10245092352,25,60,45,50,39,0,AVOID,-0.67,-8,True,live,STOCK,41,NEUTRAL
2026-08-25T07:30:54.613177+09:00,2026-08-25,MP,MP Materials Corp.,US,소재,2026-08-24,57.42,7082416,7533015.8,3.5462,10226592768,72,60,50,27,53,1,HOLD,0.07,1,False,live,STOCK,55,NEUTRAL
2026-08-25T07:30:54.613177+09:00,2026-08-25,ORI,Old Republic International Corporation,US,금융,2026-08-24,41.97,977082,1115794.1,0.7007,10132939776,36,60,60,78,56,1,HOLD,0.18,2,False,live,STOCK,60,NEUTRAL
2026-08-25T07:30:54.613177+09:00,2026-08-25,LTH,"Life Time Group Holdings, Inc.",US,소비재,2026-08-24,45.73,2529813,3185190.65,1.2072,10218914816,73,60,53,42,59,1,HOLD,0.62,7,False,live,STOCK,63,NEUTRAL
2026-08-25T07:30:54.613177+09:00,2026-08-25,CFR,"Cullen/Frost Bankers, Inc.",US,금융,2026-08-24,164.39,347846,572467.3,2.8593,10216638464,44,60,60,55,56,0,HOLD,0.37,4,False,live,STOCK,69,NEUTRAL
2026-08-25T07:30:54.613177+09:00,2026-08-25,HSIC,"Henry Schein, Inc.",US,제약/바이오,2026-08-24,89.51,668483,1277114.15,1.8736,9975580672,66,65,60,58,62,0,HOLD,0.63,8,False,live,STOCK,61,NEUTRAL
2026-08-25T07:30:54.613177+09:00,2026-08-25,RDY,Dr. Reddy's Laboratories Limited,US,제약/바이오,2026-08-24,12.22,2069530,2607006.5,0.2221,10179261440,72,65,55,42,55,1,HOLD,0.15,2,False,live,STOCK,44,NEUTRAL
2026-08-25T07:30:54.613177+09:00,2026-08-25,SMMT,Summit Therapeutics Inc.,US,제약/바이오,2026-08-24,12.73,4388648,4913267.4,0.8394,10155352064,18,65,78,42,50,1,HOLD,-0.3,-4,False,live,STOCK,62,NEUTRAL
2026-08-25T07:30:54.613177+09:00,2026-08-25,FRT,Federal Realty Investment Trust,US,리츠,2026-08-24,117.54,531378,865168.9,1.8761,10275150848,17,60,63,45,38,0,AVOID,-0.53,-6,True,live,STOCK,26,NEUTRAL
2026-08-25T07:30:54.613177+09:00,2026-08-25,CHWY,"Chewy, Inc.",US,소비재,2026-08-24,24.5,7912462,6480508.1,0.842,10030893056,74,60,40,50,62,2,WATCH,0.71,9,False,live,STOCK,90,NEUTRAL
2026-08-25T07:30:54.613177+09:00,2026-08-25,BEPI,Brookfield Renewable Partners L.P.,US,유틸리티,2026-08-24,16.21,8589,27859.45,0.1033,,69,60,55,50,55,0,HOLD,0.33,4,False,live,STOCK,40,NEUTRAL
2026-08-25T07:30:54.613177+09:00,2026-08-25,PNR,Pentair plc,US,산업재,2026-08-24,63.31,2032621,2915121.05,1.9111,10104275968,28,60,58,76,52,1,HOLD,-0.28,-3,False,live,STOCK,55,NEUTRAL
2026-08-25T07:30:54.613177+09:00,2026-08-25,AYI,"Acuity Brands, Inc.",US,산업재,2026-08-24,336.59,154714,262970.7,9.015,10076006400,47,60,60,58,56,0,HOLD,0.34,4,False,live,STOCK,61,NEUTRAL
2026-08-25T07:30:54.613177+09:00,2026-08-25,KRYS,"Krystal Biotech, Inc.",US,제약/바이오,2026-08-24,341.72,236702,306840.1,9.9626,10114513920,76,65,45,42,53,1,HOLD,0.4,5,False,live,STOCK,42,NEUTRAL
2026-08-25T07:30:54.613177+09:00,2026-08-25,PODD,Insulet Corp.,US,제약/바이오,2026-08-24,145.42,1568481,1758879.05,8.4257,10085487616,47,65,60,58,60,1,HOLD,0.26,3,False,live,STOCK,84,NEUTRAL
2026-08-25T07:30:54.613177+09:00,2026-08-25,BEPH,Brookfield BRP Holdings (Canada) Inc 4.6,US,유틸리티,2026-08-24,15.11,10270,21498.5,0.0926,,43,60,55,50,47,0,HOLD,-0.07,-1,False,live,STOCK,40,NEUTRAL
2026-08-25T07:30:54.613177+09:00,2026-08-25,SWKS,"Skyworks Solutions, Inc.",US,반도체,2026-08-24,66.86,3635959,5733682.95,2.5046,10060610560,48,65,66,53,56,0,HOLD,-0.01,0,False,live,STOCK,56,NEUTRAL
2026-08-25T07:30:54.613177+09:00,2026-08-25,SPXC,"SPX Technologies, Inc.",US,소재,2026-08-24,200.9,447214,478610.7,7.3829,10062248960,28,60,50,58,40,0,AVOID,-0.58,-7,True,live,STOCK,23,NEUTRAL
2026-08-25T07:30:54.613177+09:00,2026-08-25,DDS,"Dillard's, Inc.",US,소비재,2026-08-24,642.63,177961,157753.05,30.2211,,84,60,60,60,73,2,WATCH,1.03,12,False,live,STOCK,87,NEUTRAL
2026-08-25T07:30:54.613177+09:00,2026-08-25,APTV,Aptiv PLC,US,소비재,2026-08-24,47.34,2555130,4469071.5,1.6943,9829361664,40,60,72,74,54,2,HOLD,-0.19,-2,False,live,STOCK,27,NEUTRAL
2026-08-25T07:30:54.613177+09:00,2026-08-25,MOD,Modine Manufacturing Company,US,산업재,2026-08-24,188.37,1436117,1724690.85,11.9793,10004840448,40,60,53,35,40,0,AVOID,-0.53,-6,True,live,STOCK,26,NEUTRAL
2026-08-25T07:30:54.613177+09:00,2026-08-25,VTI,Vanguard Morningstar Total Stock Market ,US,미분류,2026-08-24,377.07,2962506,3180330.3,2.5669,,58,60,,,45,0,HOLD,-0.04,0,False,live,ETF,25,NEUTRAL
2026-08-25T07:30:54.613177+09:00,2026-08-25,VOO,Vanguard S&P 500 ETF,US,미분류,2026-08-24,701.83,7716969,6289323.45,4.6643,,43,60,,,39,0,AVOID,-0.33,-4,True,live,ETF,32,NEUTRAL
2026-08-25T07:30:54.613177+09:00,2026-08-25,IVV,iShares Core S&P 500 ETF,US,미분류,2026-08-24,767.13,6382790,4425274.5,5.1575,,43,60,,,35,0,AVOID,-0.43,-5,True,live,ETF,23,NEUTRAL
2026-08-25T07:30:54.613177+09:00,2026-08-25,SPY,State Street SPDR S&P 500 ETF,US,미분류,2026-08-24,763.47,31916629,45713681.45,5.1028,,43,60,,,39,0,AVOID,-0.33,-4,True,live,ETF,32,NEUTRAL
2026-08-25T07:30:54.613177+09:00,2026-08-25,VXUS,Vanguard Total International Stock ETF,US,미분류,2026-08-24,87.2,4609426,4899266.3,0.7429,,87,60,,,65,1,WATCH,0.74,9,False,live,ETF,32,NEUTRAL
2026-08-25T07:30:54.613177+09:00,2026-08-25,QQQ,"Invesco QQQ Trust, Series 1",US,IT,2026-08-24,706.32,37094975,39167123.75,8.69,,25,60,,,31,0,AVOID,-0.75,-9,True,live,ETF,41,NEUTRAL
2026-08-25T07:30:54.613177+09:00,2026-08-25,VUG,Vanguard Morningstar Growth ETF,US,미분류,2026-08-24,86.93,4451888,6285919.4,0.8879,,40,60,,,37,0,AVOID,-0.45,-5,True,live,ETF,32,NEUTRAL
2026-08-25T07:30:54.613177+09:00,2026-08-25,VEA,Vanguard FTSE Developed Markets ETF,US,미분류,2026-08-24,73.06,10569289,10013599.45,0.6432,,87,60,,,77,1,WATCH,1.05,13,False,live,ETF,61,NEUTRAL
2026-08-25T07:30:54.613177+09:00,2026-08-25,VTV,Vanguard Morningstar Value ETF,US,미분류,2026-08-24,226.7,1771174,2808573.7,1.4904,,69,60,,,68,0,HOLD,0.74,9,False,live,ETF,67,NEUTRAL
2026-08-25T07:30:54.613177+09:00,2026-08-25,VO,Vanguard Morningstar Mid-Cap ETF,US,미분류,2026-08-24,82.8,1659326,2553961.3,0.6321,,62,60,,,48,0,HOLD,0.12,1,False,live,ETF,26,NEUTRAL
2026-08-25T07:30:54.613177+09:00,2026-08-25,VB,Vanguard Morningstar Small-Cap ETF,US,미분류,2026-08-24,302.9,370072,439828.6,2.8129,,43,60,,,50,0,HOLD,-0.01,0,False,live,ETF,61,NEUTRAL
2026-08-25T07:30:54.613177+09:00,2026-08-25,VWO,Vanguard FTSE Emerging Markets ETF,US,미분류,2026-08-24,59.97,5320028,6801861.4,0.5071,,80,60,,,73,1,WATCH,0.87,10,False,live,ETF,63,NEUTRAL
2026-08-25T07:30:54.613177+09:00,2026-08-25,SPCK,SPAC and New Issue ETF,US,금융,2026-08-24,22.0333,455,2852.75,0.3237,,50,60,,,46,0,HOLD,-0.12,-1,False,live,ETF,40,NEUTRAL
2026-08-25T07:30:54.613177+09:00,2026-08-25,IEMG,iShares Core MSCI Emerging Markets ETF,US,미분류,2026-08-24,80.49,7612060,10242888.0,1.1471,,65,60,,,64,0,HOLD,0.45,5,False,live,ETF,62,NEUTRAL
2026-08-25T07:30:54.613177+09:00,2026-08-25,SPYM,State Street SPDR Portfolio S&P 500 ETF,US,미분류,2026-08-24,89.88,6486566,8840048.3,0.5946,,43,60,,,48,0,HOLD,-0.09,-1,False,live,ETF,55,NEUTRAL
2026-08-25T07:30:54.613177+09:00,2026-08-25,VGT,Vanguard Information Technology ETF,US,IT,2026-08-24,116.42,3281315,4166570.75,1.91,,40,60,,,40,0,AVOID,-0.36,-4,True,live,ETF,41,NEUTRAL
2026-08-25T07:30:54.613177+09:00,2026-08-25,VIG,Vanguard Dividend Appreciation ETF,US,미분류,2026-08-24,244.57,935031,948011.55,1.5071,,62,60,,,67,1,WATCH,0.63,8,False,live,ETF,75,NEUTRAL
2026-08-25T07:30:54.613177+09:00,2026-08-25,IWF,iShares Russell 1000 Growth ETF,US,미분류,2026-08-24,121.04,3859791,3303819.55,1.4164,,40,60,,,36,0,AVOID,-0.5,-6,True,live,ETF,30,NEUTRAL
2026-08-25T07:30:54.613177+09:00,2026-08-25,IJH,iShares Core S&P Mid-Cap ETF,US,미분류,2026-08-24,76.2,3788115,5720615.75,0.7298,,43,60,,,48,0,HOLD,-0.09,-1,False,live,ETF,55,NEUTRAL
2026-08-25T07:30:54.613177+09:00,2026-08-25,XLK,State Street Technology Select Sector SP,US,IT,2026-08-24,180.05,6535013,7898025.65,3.3061,,40,60,,,39,0,AVOID,-0.41,-5,True,live,ETF,38,NEUTRAL
2026-08-25T07:30:54.613177+09:00,2026-08-25,IJR,iShares Core S&P Small-Cap ETF,US,미분류,2026-08-24,146.77,1960509,2630340.45,1.3557,,44,60,,,48,0,HOLD,-0.02,0,False,live,ETF,55,NEUTRAL
2026-08-25T07:30:54.613177+09:00,2026-08-25,SCHD,Schwab U.S. Dividend Equity ETF,US,미분류,2026-08-24,35.21,24076092,23986409.6,0.3454,,78,60,,,82,2,STRONG_BUY,1.19,14,False,live,ETF,87,NEUTRAL
2026-08-25T07:30:54.613177+09:00,2026-08-25,VXF,Vanguard Extended Market ETF,US,미분류,2026-08-24,243.43,295791,399929.55,2.3964,,43,60,,,57,1,HOLD,0.17,2,False,live,ETF,77,NEUTRAL
2026-08-25T07:30:54.613177+09:00,2026-08-25,RSP,Invesco S&P 500 Equal Weight ETF,US,미분류,2026-08-24,221.93,4814670,7447823.5,1.7361,,69,60,,,70,1,WATCH,0.78,9,False,live,ETF,71,NEUTRAL
2026-08-25T07:30:54.613177+09:00,2026-08-25,VT,Vanguard Total World Stock ETF,US,미분류,2026-08-24,160.1,1823984,2614694.2,1.14,,58,60,,,45,0,HOLD,-0.04,0,False,live,ETF,25,NEUTRAL
2026-08-25T07:30:54.613177+09:00,2026-08-25,VYM,Vanguard High Dividend Yield ETF,US,미분류,2026-08-24,165.09,999083,1095464.15,1.0489,,58,60,,,62,0,HOLD,0.46,6,False,live,ETF,69,NEUTRAL
2026-08-25T07:30:54.613177+09:00,2026-08-25,VEU,Vanguard FTSE All-World ex-US ETF,US,미분류,2026-08-24,85.21,1761958,2384717.9,0.7169,,87,60,,,68,1,WATCH,0.83,10,False,live,ETF,40,NEUTRAL
2026-08-25T07:30:54.613177+09:00,2026-08-25,ITOT,iShares Core S&P Total U.S. Stock Market,US,미분류,2026-08-24,167.41,987376,1509053.8,1.1368,,43,60,,,33,0,AVOID,-0.47,-6,True,live,ETF,19,NEUTRAL
2026-08-25T07:30:54.613177+09:00,2026-08-25,IWM,iShares Russell 2000 ETF,US,미분류,2026-08-24,297.97,12813758,19027642.9,2.9357,,43,60,,,42,0,AVOID,-0.24,-3,True,live,ETF,40,NEUTRAL
2026-08-25T07:30:54.613177+09:00,2026-08-25,IWD,iShares Russell 1000 Value ETF,US,미분류,2026-08-24,258.32,2295491,1495714.55,1.7239,,69,60,,,65,0,HOLD,0.69,8,False,live,ETF,60,NEUTRAL
2026-08-25T07:30:54.613177+09:00,2026-08-25,EFA,iShares MSCI EAFE ETF,US,미분류,2026-08-24,108.03,6075683,9680309.15,0.7418,,65,60,,,63,0,HOLD,0.54,6,False,live,ETF,61,NEUTRAL
2026-08-25T07:30:54.613177+09:00,2026-08-25,QQQM,Invesco NASDAQ 100 ETF,US,IT,2026-08-24,290.81,2725133,3240751.65,3.5361,,25,60,,,31,0,AVOID,-0.75,-9,True,live,ETF,41,NEUTRAL
2026-08-25T07:30:54.613177+09:00,2026-08-25,IVW,iShares S&P 500 Growth ETF,US,미분류,2026-08-24,137.88,1145437,1275056.85,1.3861,,40,60,,,42,0,AVOID,-0.3,-4,True,live,ETF,45,NEUTRAL
2026-08-25T07:30:54.613177+09:00,2026-08-25,VV,Vanguard Morningstar Large-Cap ETF,US,미분류,2026-08-24,351.65,228829,242891.45,2.3382,,58,60,,,57,0,HOLD,0.28,3,False,live,ETF,55,NEUTRAL
2026-08-25T07:30:54.613177+09:00,2026-08-25,SCHX,Schwab U.S. Large-Cap ETF,US,미분류,2026-08-24,30.13,5292192,7050429.6,0.1986,,58,60,,,46,0,HOLD,0.01,0,False,live,ETF,29,NEUTRAL
2026-08-25T07:30:54.613177+09:00,2026-08-25,SMH,VanEck Semiconductor ETF,US,IT,2026-08-24,546.8,7655162,9250488.1,16.0021,,25,60,,,25,0,AVOID,-0.99,-12,True,live,ETF,26,NEUTRAL
2026-08-25T07:30:54.613177+09:00,2026-08-25,XLF,State Street Financial Select Sector SPD,US,금융,2026-08-24,58.22,30768438,30269806.9,0.5876,,62,60,,,65,0,HOLD,0.66,8,False,live,ETF,69,NEUTRAL
2026-08-25T07:30:54.613177+09:00,2026-08-25,IWR,iShares Russell Mid-Cap ETF,US,미분류,2026-08-24,113.01,1331981,1278709.05,0.8829,,62,60,,,55,0,HOLD,0.32,4,False,live,ETF,45,NEUTRAL
2026-08-25T07:30:54.613177+09:00,2026-08-25,VONG,Vanguard Russell 1000 Growth ETF,US,미분류,2026-08-24,124.66,727056,1160992.8,1.4507,,40,60,,,32,0,AVOID,-0.61,-7,True,live,ETF,20,NEUTRAL
2026-08-25T07:30:54.613177+09:00,2026-08-25,SPYG,State Street SPDR Portfolio S&P 500 Grow,US,미분류,2026-08-24,119.34,1581540,2825822.0,1.2057,,40,60,,,49,0,HOLD,-0.11,-1,False,live,ETF,63,NEUTRAL
2026-08-25T07:30:54.613177+09:00,2026-08-25,IVE,iShares S&P 500 Value ETF,US,미분류,2026-08-24,237.76,487780,620539.0,1.5557,,65,60,,,69,1,WATCH,0.68,8,False,live,ETF,74,NEUTRAL
2026-08-25T07:30:54.613177+09:00,2026-08-25,VBK,Vanguard Morningstar Small-Cap Growth ET,US,미분류,2026-08-24,354.85,132610,179145.5,4.4799,,58,60,,,51,0,HOLD,0.1,1,False,live,ETF,40,NEUTRAL
2026-08-25T07:30:54.613177+09:00,2026-08-25,IWB,iShares Russell 1000 ETF,US,미분류,2026-08-24,418.37,332246,538037.3,2.8257,,58,60,,,42,0,AVOID,-0.1,-1,True,live,ETF,19,NEUTRAL
2026-08-25T07:30:54.613177+09:00,2026-08-25,DFAC,Dimensional - US Core Equity 2 ETF,US,미분류,2026-08-24,45.47,1227396,1987919.8,0.2956,,58,60,,,59,0,HOLD,0.36,4,False,live,ETF,61,NEUTRAL
2026-08-25T07:30:54.613177+09:00,2026-08-25,JEPI,JPMorgan Equity Premium Income ETF,US,미분류,2026-08-24,58.09,4405961,4514603.05,0.2257,,59,60,,,71,1,WATCH,0.71,9,False,live,ETF,90,NEUTRAL
2026-08-25T07:30:54.613177+09:00,2026-08-25,XLV,State Street Health Care Select Sector S,US,제약/바이오,2026-08-24,174.7,5926453,9744017.65,3.0604,,73,65,,,77,2,BUY,1.12,13,False,live,ETF,84,NEUTRAL
2026-08-25T07:30:54.613177+09:00,2026-08-25,SOXX,iShares Semiconductor ETF,US,IT,2026-08-24,506.18,7686231,9315971.55,18.2486,,25,60,,,28,0,AVOID,-0.95,-11,True,live,ETF,32,NEUTRAL
2026-08-25T07:30:54.613177+09:00,2026-08-25,DIA,State Street SPDR Dow Jones Industrial A,US,미분류,2026-08-24,533.65,4284127,3758736.35,4.0312,,59,60,,,62,0,HOLD,0.48,6,False,live,ETF,67,NEUTRAL
2026-08-25T07:30:54.613177+09:00,2026-08-25,SCHB,Schwab U.S. Broad Market ETF,US,미분류,2026-08-24,29.52,6008799,5908199.95,0.205,,43,60,,,35,0,AVOID,-0.42,-5,True,live,ETF,23,NEUTRAL
2026-08-25T07:30:54.613177+09:00,2026-08-25,DGRO,iShares Core Dividend Growth ETF,US,미분류,2026-08-24,79.93,1217366,1272243.3,0.5614,,69,60,,,71,1,WATCH,0.83,10,False,live,ETF,75,NEUTRAL
2026-08-25T07:30:54.613177+09:00,2026-08-25,XLE,State Street Energy Select Sector SPDR E,US,에너지,2026-08-24,63.11,21731418,26200015.9,1.1968,,81,60,,,82,2,STRONG_BUY,1.25,15,False,live,ETF,84,NEUTRAL
2026-08-25T07:30:54.613177+09:00,2026-08-25,SPDW,State Street SPDR Portfolio Developed Wo,US,미분류,2026-08-24,51.8,1742480,2267459.0,0.4521,,87,60,,,77,1,WATCH,1.06,13,False,live,ETF,61,NEUTRAL
2026-08-25T07:30:54.613177+09:00,2026-08-25,JEPQ,JPMorgan Nasdaq Equity Premium Income ET,US,미분류,2026-08-24,59.42,5678825,6489011.25,0.4421,,58,60,,,54,0,HOLD,0.19,2,False,live,ETF,48,NEUTRAL
2026-08-25T07:30:54.613177+09:00,2026-08-25,DYNF,iShares U.S. Equity Factor Rotation Acti,US,미분류,2026-08-24,68.85,1489915,2426660.75,0.4782,,40,60,,,43,0,AVOID,-0.23,-3,True,live,ETF,48,NEUTRAL
2026-08-25T07:30:54.613177+09:00,2026-08-25,VGK,Vanguard FTSE Europe ETF,US,미분류,2026-08-24,92.61,1023979,1939903.95,0.5521,,65,60,,,64,0,HOLD,0.57,7,False,live,ETF,63,NEUTRAL
2026-08-25T07:30:54.613177+09:00,2026-08-25,VOE,Vanguard Morningstar Mid-Cap Value ETF,US,미분류,2026-08-24,209.56,237408,252990.4,1.6221,,69,60,,,71,1,WATCH,0.83,10,False,live,ETF,75,NEUTRAL
2026-08-25T07:30:54.613177+09:00,2026-08-25,CGDV,Capital Group Dividend Value ETF,US,미분류,2026-08-24,50.04,2206022,3614801.1,0.3498,,40,60,,,34,0,AVOID,-0.45,-5,True,live,ETF,25,NEUTRAL
2026-08-25T07:30:54.613177+09:00,2026-08-25,SPYV,State Street SPDR Portfolio S&P 500 Valu,US,미분류,2026-08-24,63.68,1205221,2008811.05,0.4279,,65,60,,,75,1,WATCH,0.85,10,False,live,ETF,90,NEUTRAL
2026-08-25T07:30:54.613177+09:00,2026-08-25,VOT,Vanguard Morningstar Mid-Cap Growth ETF,US,미분류,2026-08-24,302.19,104826,163471.3,3.6107,,43,60,,,32,0,AVOID,-0.49,-6,True,live,ETF,16,NEUTRAL
2026-08-25T07:30:54.613177+09:00,2026-08-25,MGK,Vanguard Morningstar Mega Cap Growth ETF,US,미분류,2026-08-24,88.36,1553981,1149119.05,0.93,,40,60,,,34,0,AVOID,-0.52,-6,True,live,ETF,26,NEUTRAL
2026-08-25T07:30:54.613177+09:00,2026-08-25,ACWI,iShares MSCI ACWI ETF,US,미분류,2026-08-24,160.2,929577,2234898.85,1.2204,,58,60,,,50,0,HOLD,0.11,1,False,live,ETF,39,NEUTRAL
2026-08-25T07:30:54.613177+09:00,2026-08-25,IUSG,iShares Core S&P U.S. Growth ETF,US,미분류,2026-08-24,188.48,514237,498856.85,1.8229,,40,60,,,29,0,AVOID,-0.64,-8,True,live,ETF,13,NEUTRAL
2026-08-25T07:30:54.613177+09:00,2026-08-25,XLI,State Street Industrial Select Sector SP,US,산업재,2026-08-24,179.0,5204866,6142078.3,2.11,,35,60,,,43,0,AVOID,-0.29,-3,True,live,ETF,54,NEUTRAL
2026-08-25T07:30:54.613177+09:00,2026-08-25,GDX,VanEck Gold Miners ETF,US,소재,2026-08-24,103.54,22715654,25257567.7,3.8661,,66,60,,,65,0,HOLD,0.74,9,False,live,ETF,64,NEUTRAL
2026-08-25T07:30:54.613177+09:00,2026-08-25,GTOP,Goldman Sachs Technology Opportunities E,US,미분류,2026-08-24,47.644,4063,15663.15,0.6048,,32,60,,,35,0,AVOID,-0.56,-7,True,live,ETF,40,NEUTRAL
2026-08-25T07:30:54.613177+09:00,2026-08-25,IDEV,iShares Core MSCI International Develope,US,미분류,2026-08-24,93.13,753216,1738255.8,0.6421,,65,60,,,65,0,HOLD,0.59,7,False,live,ETF,66,NEUTRAL
2026-08-25T07:30:54.613177+09:00,2026-08-25,EEM,iShares MSCI Emerging Markets ETF,US,미분류,2026-08-24,66.11,16065696,21551094.8,1.0068,,65,60,,,69,1,WATCH,0.6,7,False,live,ETF,76,NEUTRAL
2026-08-25T07:30:54.613177+09:00,2026-08-25,AVUV,Avantis U.S. Small Cap Value ETF,US,미분류,2026-08-24,125.79,1125647,1207387.35,1.1447,,40,60,,,48,0,HOLD,-0.08,-1,False,live,ETF,61,NEUTRAL
2026-08-25T07:30:54.613177+09:00,2026-08-25,MDY,State Street SPDR S&P MIDCAP 400 ETF Tru,US,미분류,2026-08-24,694.45,434098,566874.9,6.5728,,40,60,,,49,0,HOLD,-0.08,-1,False,live,ETF,63,NEUTRAL
2026-08-25T07:30:54.613177+09:00,2026-08-25,IUSV,iShares Core S&P U.S. Value ETF,US,미분류,2026-08-24,115.13,518407,561820.35,0.7886,,65,60,,,66,0,HOLD,0.61,7,False,live,ETF,67,NEUTRAL
2026-08-25T07:30:54.613177+09:00,2026-08-25,AVEM,Avantis Emerging Markets Equity ETF,US,미분류,2026-08-24,93.11,1737319,1863225.95,1.3136,,65,60,,,66,0,HOLD,0.51,6,False,live,ETF,68,NEUTRAL
2026-08-25T07:30:54.613177+09:00,2026-08-25,EMXC,iShares MSCI Emerging Markets ex China E,US,미분류,2026-08-24,96.36,1049337,2127596.85,1.7717,,65,60,,,55,0,HOLD,0.21,3,False,live,ETF,39,NEUTRAL
2026-08-25T07:30:54.613177+09:00,2026-08-25,VOOG,Vanguard S&P 500 Growth ETF,US,미분류,2026-08-24,82.88,1275900,1224525.0,0.8486,,40,60,,,34,0,AVOID,-0.5,-6,True,live,ETF,26,NEUTRAL
2026-08-25T07:30:54.613177+09:00,2026-08-25,FBND,Fidelity Total Bond ETF,US,산업재,2026-08-24,44.98,3001592,3606609.6,0.2141,,65,60,,,65,0,HOLD,0.51,6,False,live,ETF,64,NEUTRAL
2026-08-25T07:30:54.613177+09:00,2026-08-25,FNDX,Schwab Fundamental U.S. Large Company ET,US,미분류,2026-08-24,32.56,1956395,2258374.75,0.2121,,69,60,,,70,1,WATCH,0.77,9,False,live,ETF,72,NEUTRAL
2026-08-25T07:30:54.613177+09:00,2026-08-25,CGGR,Capital Group Growth ETF,US,미분류,2026-08-24,46.65,2039392,2637414.6,0.5196,,80,60,,,64,1,WATCH,0.61,7,False,live,ETF,39,NEUTRAL
2026-08-25T07:30:54.613177+09:00,2026-08-25,RDVY,First Trust Rising Dividend Achievers ET,US,미분류,2026-08-24,82.32,987323,1054046.15,0.5944,,47,60,,,56,0,HOLD,0.23,3,False,live,ETF,69,NEUTRAL
2026-08-25T07:30:54.613177+09:00,2026-08-25,SCHA,Schwab U.S. Small-Cap ETF,US,미분류,2026-08-24,34.47,1335307,1881270.35,0.4236,,28,60,,,27,0,AVOID,-0.77,-9,True,live,ETF,26,NEUTRAL
2026-08-25T07:30:54.613177+09:00,2026-08-25,FNDF,Schwab Fundamental International Large C,US,미분류,2026-08-24,55.62,1141317,1420720.85,0.4462,,87,60,,,77,1,WATCH,1.06,13,False,live,ETF,61,NEUTRAL
2026-08-25T07:30:54.613177+09:00,2026-08-25,IYW,iShares U.S. Technology ETF,US,미분류,2026-08-24,244.11,473837,479856.85,3.7236,,40,60,,,42,0,AVOID,-0.33,-4,True,live,ETF,44,NEUTRAL
2026-08-25T07:30:54.613177+09:00,2026-08-25,DVY,iShares Select Dividend ETF,US,미분류,2026-08-24,164.64,232294,333834.7,1.53,,69,60,,,57,0,HOLD,0.45,5,False,live,ETF,40,NEUTRAL
2026-08-25T07:30:54.613177+09:00,2026-08-25,XLC,State Street Communication Services Sele,US,인터넷,2026-08-24,112.32,4133072,4958893.6,1.5607,,73,65,,,80,2,STRONG_BUY,0.96,12,False,live,ETF,91,NEUTRAL
2026-08-25T07:30:54.613177+09:00,2026-08-25,XLY,State Street Consumer Discretionary Sele,US,소비재,2026-08-24,118.3,4654712,6426045.6,1.5286,,51,60,,,58,0,HOLD,0.21,3,False,live,ETF,69,NEUTRAL
2026-08-25T07:30:54.613177+09:00,2026-08-25,XLU,State Street Utilities Select Sector SPD,US,유틸리티,2026-08-24,43.22,20010761,20780613.05,0.6586,,31,60,,,31,0,AVOID,-0.71,-9,True,live,ETF,32,NEUTRAL
2026-08-25T07:30:54.613177+09:00,2026-08-25,EWJ,iShares MSCI Japan ETF,US,미분류,2026-08-24,94.84,2474799,3667949.95,1.2214,,43,60,,,37,0,AVOID,-0.36,-4,True,live,ETF,29,NEUTRAL
2026-08-25T07:30:54.613177+09:00,2026-08-25,VONV,Vanguard Russell 1000 Value ETF,US,미분류,2026-08-24,113.29,366389,641154.45,0.78,,69,60,,,69,0,HOLD,0.78,9,False,live,ETF,69,NEUTRAL
2026-08-25T07:30:54.613177+09:00,2026-08-25,SDY,State Street SPDR S&P Dividend ETF,US,미분류,2026-08-24,159.18,157610,212330.5,1.3737,,69,60,,,65,0,HOLD,0.66,8,False,live,ETF,60,NEUTRAL
2026-08-25T07:30:54.613177+09:00,2026-08-25,VHT,Vanguard Health Care ETF,US,제약/바이오,2026-08-24,327.49,232816,213105.8,5.3825,,73,65,,,77,2,BUY,1.12,13,False,live,ETF,84,NEUTRAL
2026-08-25T07:30:54.613177+09:00,2026-08-25,DFUS,Dimensional U.S. Equity ETF,US,미분류,2026-08-24,83.35,490139,576996.95,0.5617,,40,60,,,36,0,AVOID,-0.44,-5,True,live,ETF,29,NEUTRAL
2026-08-25T07:30:54.613177+09:00,2026-08-25,VYMI,Vanguard International High Dividend Yie,US,미분류,2026-08-24,105.17,718715,777005.75,0.6054,,69,60,,,63,0,HOLD,0.6,7,False,live,ETF,55,NEUTRAL
2026-08-25T07:30:54.613177+09:00,2026-08-25,SPHQ,Invesco S&P 500 Quality ETF,US,미분류,2026-08-24,85.9,842501,1650430.05,0.8393,,25,60,,,25,0,AVOID,-0.86,-10,True,live,ETF,26,NEUTRAL
2026-08-25T07:30:54.613177+09:00,2026-08-25,IWP,iShares Russell Mid-Cap Growth ETF,US,미분류,2026-08-24,141.78,1691726,667376.3,1.9921,,43,60,,,36,0,AVOID,-0.41,-5,True,live,ETF,26,NEUTRAL
2026-08-25T07:30:54.613177+09:00,2026-08-25,DFIV,Dimensional - International Value ETF,US,미분류,2026-08-24,58.24,970429,1228791.45,0.3384,,69,60,,,69,0,HOLD,0.74,9,False,live,ETF,69,NEUTRAL
2026-08-25T07:30:54.613177+09:00,2026-08-25,AVDV,Avantis International Small Cap Value ET,US,미분류,2026-08-24,111.83,537600,874060.0,1.0091,,72,60,,,76,2,BUY,0.92,11,False,live,ETF,83,NEUTRAL
2026-08-25T07:30:54.613177+09:00,2026-08-25,OEF,iShares S&P 100 ETF,US,미분류,2026-08-24,376.87,154785,214289.25,2.775,,40,60,,,48,0,HOLD,-0.12,-1,False,live,ETF,60,NEUTRAL
2026-08-25T07:30:54.613177+09:00,2026-08-25,IWV,iShares Russell 3000 ETF,US,미분류,2026-08-24,435.11,110292,170584.6,2.89,,58,60,,,57,0,HOLD,0.28,3,False,live,ETF,55,NEUTRAL
2026-08-25T07:30:54.613177+09:00,2026-08-25,VTWO,Vanguard Russell 2000 ETF,US,미분류,2026-08-24,120.47,658516,1189615.8,1.1725,,43,60,,,38,0,AVOID,-0.33,-4,True,live,ETF,31,NEUTRAL
2026-08-25T07:30:54.613177+09:00,2026-08-25,SPMD,State Street SPDR Portfolio S&P 400 Mid ,US,미분류,2026-08-24,66.76,830523,1453046.15,0.6336,,40,60,,,49,0,HOLD,-0.08,-1,False,live,ETF,63,NEUTRAL
2026-08-25T07:30:54.613177+09:00,2026-08-25,ESGU,iShares ESG Aware MSCI USA ETF,US,미분류,2026-08-24,167.26,190703,353205.15,1.0725,,40,60,,,40,0,AVOID,-0.32,-4,True,live,ETF,40,NEUTRAL
2026-08-25T07:30:54.613177+09:00,2026-08-25,AVDE,Avantis International Equity ETF,US,미분류,2026-08-24,94.05,685946,1069222.3,0.6686,,65,60,,,67,0,HOLD,0.62,7,False,live,ETF,69,NEUTRAL
2026-08-25T07:30:54.613177+09:00,2026-08-25,SPEM,State Street SPDR Portfolio Emerging Mar,US,미분류,2026-08-24,52.0,705386,1741519.3,0.4229,,80,60,,,67,1,WATCH,0.72,9,False,live,ETF,48,NEUTRAL
2026-08-25T07:30:54.613177+09:00,2026-08-25,DFAI,Dimensional - International Core Equity ,US,미분류,2026-08-24,43.29,2336240,1874717.0,0.2968,,65,60,,,73,1,WATCH,0.8,10,False,live,ETF,86,NEUTRAL
2026-08-25T07:30:54.613177+09:00,2026-08-25,DGRW,WisdomTree U.S. Quality Dividend Growth ,US,미분류,2026-08-24,99.25,488118,578475.9,0.6068,,58,60,,,62,0,HOLD,0.42,5,False,live,ETF,67,NEUTRAL
2026-08-25T07:30:54.613177+09:00,2026-08-25,SPSM,State Street SPDR Portfolio S&P 600 Smal,US,미분류,2026-08-24,57.06,823856,1387947.8,0.5125,,44,60,,,54,0,HOLD,0.13,2,False,live,ETF,69,NEUTRAL
2026-08-25T07:30:54.613177+09:00,2026-08-25,IWY,iShares Russell Top 200 Growth ETF,US,미분류,2026-08-24,282.72,189982,385194.1,3.289,,40,60,,,37,0,AVOID,-0.48,-6,True,live,ETF,33,NEUTRAL
2026-08-25T07:30:54.613177+09:00,2026-08-25,FTEC,Fidelity MSCI Information Technology Ind,US,IT,2026-08-24,277.79,251711,287010.55,4.4628,,40,60,,,37,0,AVOID,-0.44,-5,True,live,ETF,33,NEUTRAL
2026-08-25T07:30:54.613177+09:00,2026-08-25,SCHV,Schwab U.S. Large-Cap Value ETF,US,미분류,2026-08-24,34.88,2308831,3385716.55,0.2329,,58,60,,,56,0,HOLD,0.3,4,False,live,ETF,54,NEUTRAL
2026-08-25T07:30:54.613177+09:00,2026-08-25,IWS,iShares Russell Mid-Cap Value ETF,US,미분류,2026-08-24,171.81,406751,410772.55,1.3426,,62,60,,,71,1,WATCH,0.75,9,False,live,ETF,84,NEUTRAL
2026-08-25T07:30:54.613177+09:00,2026-08-25,DFUV,Dimensional - US Marketwide Value ETF,US,미분류,2026-08-24,57.4,237663,423928.15,0.3592,,69,60,,,64,0,HOLD,0.64,8,False,live,ETF,57,NEUTRAL
2026-08-25T07:30:54.613177+09:00,2026-08-25,SCHM,Schwab U.S. Mid-Cap ETF,US,미분류,2026-08-24,35.81,595473,867793.65,0.3954,,58,60,,,47,0,HOLD,0.02,0,False,live,ETF,31,NEUTRAL
2026-08-25T07:30:54.613177+09:00,2026-08-25,GSLC,Goldman Sachs ActiveBeta U.S. Large Cap ,US,미분류,2026-08-24,145.9,217845,258652.25,0.9396,,43,60,,,32,0,AVOID,-0.49,-6,True,live,ETF,16,NEUTRAL
2026-08-25T07:30:54.613177+09:00,2026-08-25,DFAS,Dimensional - US Small Cap ETF,US,미분류,2026-08-24,82.61,404576,432148.8,0.7239,,47,60,,,49,0,HOLD,0.02,0,False,live,ETF,52,NEUTRAL
2026-08-25T07:30:54.613177+09:00,2026-08-25,SPMO,Invesco S&P 500 Momentum ETF,US,미분류,2026-08-24,146.14,1924374,2054468.7,2.9409,,25,60,,,31,0,AVOID,-0.76,-9,True,live,ETF,39,NEUTRAL
2026-08-25T07:30:54.613177+09:00,2026-08-25,IWO,iShares Russell 2000 Growth ETF,US,미분류,2026-08-24,383.16,573239,437391.95,4.8361,,43,60,,,39,0,AVOID,-0.33,-4,True,live,ETF,34,NEUTRAL
2026-08-25T07:30:54.613177+09:00,2026-08-25,VSS,Vanguard FTSE All-World ex-US Small-Cap ,US,미분류,2026-08-24,158.95,757578,186053.9,1.2757,,87,60,,,70,1,WATCH,0.83,10,False,live,ETF,45,NEUTRAL
2026-08-25T07:30:54.613177+09:00,2026-08-25,IWN,iShares Russell 2000 Value ETF,US,미분류,2026-08-24,224.06,410722,503716.1,1.9164,,43,60,,,53,0,HOLD,0.09,1,False,live,ETF,69,NEUTRAL
2026-08-25T07:30:54.613177+09:00,2026-08-25,DFAT,Dimensional - US Targeted Value ETF,US,미분류,2026-08-24,71.4,354562,272273.1,0.6352,,44,60,,,50,0,HOLD,0.04,0,False,live,ETF,60,NEUTRAL
2026-08-25T07:30:54.613177+09:00,2026-08-25,HDV,iShares Core High Dividend ETF,US,미분류,2026-08-24,29.92,2597615,5334730.75,0.3089,,73,60,,,61,1,WATCH,0.62,7,False,live,ETF,43,NEUTRAL
2026-08-25T07:30:54.613177+09:00,2026-08-25,AVUS,Avantis U.S. Equity ETF,US,미분류,2026-08-24,130.21,203390,268339.5,0.8379,,58,60,,,58,0,HOLD,0.32,4,False,live,ETF,58,NEUTRAL
2026-08-25T07:30:54.613177+09:00,2026-08-25,VFH,Vanguard Financials ETF,US,금융,2026-08-24,142.21,1171244,456612.2,1.3539,,62,60,,,67,1,WATCH,0.72,9,False,live,ETF,75,NEUTRAL
2026-08-25T07:30:54.613177+09:00,2026-08-25,IQLT,iShares MSCI Intl Quality Factor ETF,US,미분류,2026-08-24,51.97,647505,1224590.25,0.357,,69,60,,,69,0,HOLD,0.75,9,False,live,ETF,69,NEUTRAL
2026-08-25T07:30:54.613177+09:00,2026-08-25,XLP,State Street Consumer Staples Select Sec,US,소매,2026-08-24,87.45,9092715,10744950.75,1.1625,,88,60,,,81,2,STRONG_BUY,1.22,15,True,live,ETF,71,NEUTRAL
2026-08-25T07:30:54.613177+09:00,2026-08-25,SPTM,State Street SPDR Portfolio S&P 1500 Com,US,미분류,2026-08-24,92.67,286797,381564.85,0.5957,,43,60,,,37,0,AVOID,-0.36,-4,True,live,ETF,29,NEUTRAL
2026-08-25T07:30:54.613177+09:00,2026-08-25,MGV,Vanguard Morningstar Mega Cap Value ETF,US,미분류,2026-08-24,168.3,338745,234032.25,1.0307,,69,60,,,68,0,HOLD,0.73,9,False,live,ETF,66,NEUTRAL
2026-08-25T07:30:54.613177+09:00,2026-08-25,SCZ,iShares MSCI EAFE Small-Cap ETF,US,미분류,2026-08-24,86.5,464724,1219341.2,0.6911,,65,60,,,67,0,HOLD,0.59,7,False,live,ETF,69,NEUTRAL
2026-08-25T07:30:54.613177+09:00,2026-08-25,QQQI,NEOS Nasdaq-100 High Income ETF,US,미분류,2026-08-24,53.84,4514750,5165262.5,0.4707,,43,60,,,42,0,AVOID,-0.29,-3,True,live,ETF,41,NEUTRAL
2026-08-25T07:30:54.613177+09:00,2026-08-25,AVLV,Avantis U.S. Large Cap Value ETF,US,미분류,2026-08-24,94.73,873574,2500038.7,0.6189,,69,60,,,64,0,HOLD,0.61,7,False,live,ETF,57,NEUTRAL
2026-08-25T07:30:54.613177+09:00,2026-08-25,BAI,iShares A.I. Innovation and Tech Active ,US,IT,2026-08-24,43.05,2268910,3229495.5,1.4436,,47,60,,,46,0,HOLD,-0.32,-4,False,live,ETF,44,NEUTRAL
2026-08-25T07:30:54.613177+09:00,2026-08-25,PFF,iShares Preferred and Income Securities ,US,미분류,2026-08-24,30.51,2232498,2564364.9,0.1768,,43,60,,,48,0,HOLD,-0.14,-2,False,live,ETF,55,NEUTRAL
2026-08-25T07:30:54.613177+09:00,2026-08-25,EWY,iShares MSCI South Korea ETF,US,미분류,2026-08-24,173.64,14320330,22238011.5,6.9764,,65,60,,,52,0,HOLD,0.01,0,False,live,ETF,33,NEUTRAL
2026-08-25T07:30:54.613177+09:00,2026-08-25,SCHE,Schwab Emerging Markets Equity ETF,US,미분류,2026-08-24,36.68,3597350,3065687.5,0.3221,,58,60,,,51,0,HOLD,0.1,1,False,live,ETF,40,NEUTRAL
2026-08-25T07:30:54.613177+09:00,2026-08-25,DUHP,Dimensional - US High Profitability ETF,US,미분류,2026-08-24,42.33,567829,710491.45,0.2832,,58,60,,,61,0,HOLD,0.41,5,False,live,ETF,66,NEUTRAL
2026-08-25T07:30:54.613177+09:00,2026-08-25,DFAU,Dimensional - US Core Equity Market ETF,US,미분류,2026-08-24,52.89,526672,529048.6,0.3436,,43,60,,,37,0,AVOID,-0.36,-4,True,live,ETF,29,NEUTRAL
2026-08-25T07:30:54.613177+09:00,2026-08-25,DFAX,Dimensional World ex U.S. Core Equity 2 ,US,미분류,2026-08-24,37.96,553011,731465.55,0.4369,,87,60,,,79,1,WATCH,1.09,13,False,live,ETF,66,NEUTRAL
2026-08-25T07:30:54.613177+09:00,2026-08-25,CGGO,Capital Group Global Growth Equity ETF,US,미분류,2026-08-24,40.38,926566,1182433.3,0.4704,,43,60,,,35,0,AVOID,-0.46,-6,True,live,ETF,23,NEUTRAL
2026-08-25T07:30:54.613177+09:00,2026-08-25,AMLP,Alerian MLP ETF,US,에너지,2026-08-24,54.92,705899,1399314.95,0.7071,,65,60,,,70,1,WATCH,0.72,9,False,live,ETF,77,NEUTRAL
2026-08-25T07:30:54.613177+09:00,2026-08-25,ESGD,iShares ESG Aware MSCI EAFE ETF,US,미분류,2026-08-24,107.04,166463,266028.15,0.7559,,65,60,,,59,0,HOLD,0.44,5,False,live,ETF,51,NEUTRAL
2026-08-25T07:30:54.613177+09:00,2026-08-25,ACWX,iShares MSCI ACWI ex U.S. ETF,US,미분류,2026-08-24,77.45,920173,1754853.65,0.6821,,87,60,,,71,1,WATCH,0.92,11,False,live,ETF,48,NEUTRAL
2026-08-25T07:30:54.613177+09:00,2026-08-25,VONE,Vanguard Russell 1000 ETF,US,미분류,2026-08-24,345.98,83097,64379.85,2.36,,58,60,,,46,0,HOLD,0.01,0,False,live,ETF,29,NEUTRAL
2026-08-25T07:30:54.613177+09:00,2026-08-25,VDE,Vanguard Energy ETF,US,에너지,2026-08-24,177.87,345441,448852.05,3.2357,,81,60,,,67,1,WATCH,0.83,10,False,live,ETF,45,NEUTRAL
2026-08-25T07:30:54.613177+09:00,2026-08-25,GRID,First Trust NASDAQ Clean Edge Smart Grid,US,미분류,2026-08-24,178.2,384796,727244.8,2.955,,17,60,,,32,0,AVOID,-0.88,-11,True,live,ETF,55,NEUTRAL
2026-08-25T07:30:54.613177+09:00,2026-08-25,SDVY,First Trust SMID Cap Rising Dividend Ach,US,미분류,2026-08-24,43.87,1045161,910228.05,0.3903,,32,60,,,45,0,HOLD,-0.23,-3,False,live,ETF,64,NEUTRAL
2026-08-25T07:30:54.613177+09:00,2026-08-25,JIRE,JPMorgan International Research Enhanced,US,미분류,2026-08-24,85.13,895031,385846.55,0.5765,,58,60,,,59,0,HOLD,0.36,4,False,live,ETF,60,NEUTRAL
2026-08-25T07:30:54.613177+09:00,2026-08-25,CGUS,Capital Group Core Equity ETF,US,미분류,2026-08-24,45.02,1993666,1194073.3,0.3455,,32,60,,,27,0,AVOID,-0.73,-9,True,live,ETF,19,NEUTRAL
2026-08-25T07:30:54.613177+09:00,2026-08-25,EWT,iShares MSCI Taiwan ETF,US,IT,2026-08-24,103.33,3269843,4672667.15,1.8729,,65,60,,,64,0,HOLD,0.51,6,False,live,ETF,62,NEUTRAL
2026-08-25T07:30:54.613177+09:00,2026-08-25,SCHH,Schwab U.S. REIT ETF,US,리츠,2026-08-24,24.18,3383713,5244430.65,0.2779,,58,60,,,62,0,HOLD,0.42,5,False,live,ETF,69,NEUTRAL
2026-08-25T07:30:54.613177+09:00,2026-08-25,FENI,Fidelity Enhanced International ETF,US,미분류,2026-08-24,41.65,952432,1093636.6,0.3011,,65,60,,,62,0,HOLD,0.5,6,False,live,ETF,58,NEUTRAL
2026-08-25T07:30:54.613177+09:00,2026-08-25,ONEQ,Fidelity Nasdaq Composite Index ETF,US,미분류,2026-08-24,102.4,154167,279773.35,1.1243,,40,60,,,42,0,AVOID,-0.32,-4,True,live,ETF,46,NEUTRAL
2026-08-25T07:30:54.613177+09:00,2026-08-25,IJK,iShares S&P Mid-Cap 400 Growth ETF,US,미분류,2026-08-24,114.31,208008,190870.4,1.3064,,43,60,,,39,0,AVOID,-0.34,-4,True,live,ETF,34,NEUTRAL
2026-08-25T07:30:54.613177+09:00,2026-08-25,AIQ,Global X - Artificial Intelligence & Tec,US,IT,2026-08-24,62.3,801943,1508972.15,1.0396,,65,60,,,51,0,HOLD,0.1,1,False,live,ETF,30,NEUTRAL
2026-08-25T07:30:54.613177+09:00,2026-08-25,MGC,Vanguard Morningstar Mega Cap ETF,US,미분류,2026-08-24,279.4,86062,80058.1,1.8804,,40,60,,,33,0,AVOID,-0.51,-6,True,live,ETF,23,NEUTRAL
2026-08-25T07:30:54.613177+09:00,2026-08-25,IGF,iShares Global Infrastructure ETF,US,미분류,2026-08-24,65.52,599266,992913.3,0.515,,28,60,,,23,0,AVOID,-0.92,-11,True,live,ETF,16,NEUTRAL
2026-08-25T07:30:54.613177+09:00,2026-08-25,VPU,Vanguard Utilities ETF,US,유틸리티,2026-08-24,186.88,302323,280311.15,2.7051,,31,60,,,33,0,AVOID,-0.68,-8,True,live,ETF,35,NEUTRAL
2026-08-25T07:30:54.613177+09:00,2026-08-25,IBB,iShares Biotechnology ETF,US,제약/바이오,2026-08-24,212.53,1239332,1602071.6,4.46,,80,65,,,84,2,STRONG_BUY,1.35,16,False,live,ETF,90,NEUTRAL
2026-08-25T07:30:54.613177+09:00,2026-08-25,IGM,iShares Expanded Tech Sector ETF,US,IT,2026-08-24,156.61,229179,345878.95,2.5654,,40,60,,,39,0,AVOID,-0.41,-5,True,live,ETF,38,NEUTRAL
2026-08-25T07:30:54.613177+09:00,2026-08-25,XLG,Invesco S&P 500 Top 50 ETF,US,미분류,2026-08-24,61.82,573132,1000566.6,0.5311,,40,60,,,33,0,AVOID,-0.56,-7,True,live,ETF,23,NEUTRAL
2026-08-25T07:30:54.613177+09:00,2026-08-25,JGRO,JPMorgan Active Growth ETF,US,미분류,2026-08-24,93.17,416995,598604.75,1.1813,,25,60,,,26,0,AVOID,-0.92,-11,True,live,ETF,27,NEUTRAL
2026-08-25T07:30:54.613177+09:00,2026-08-25,CIBR,First Trust Nasdaq Cybersecurity ETF,US,IT,2026-08-24,93.23,1330669,1561833.45,2.4768,,44,60,,,46,0,HOLD,-0.03,0,False,live,ETF,48,NEUTRAL
2026-08-25T07:30:54.613177+09:00,2026-08-25,DFAE,Dimensional - Emerging Core Equity Marke,US,미분류,2026-08-24,39.03,638981,1143934.05,0.6367,,65,60,,,57,0,HOLD,0.26,3,False,live,ETF,44,NEUTRAL
2026-08-25T07:30:54.613177+09:00,2026-08-25,GDXJ,VanEck Junior Gold Miners ETF,US,소재,2026-08-24,133.58,5249874,5509018.7,5.1179,,66,60,,,62,0,HOLD,0.64,8,False,live,ETF,55,NEUTRAL
2026-08-25T07:30:54.613177+09:00,2026-08-25,FDVV,Fidelity High Dividend ETF ,US,미분류,2026-08-24,63.19,593591,766799.55,0.4376,,40,60,,,47,0,HOLD,-0.09,-1,False,live,ETF,58,NEUTRAL
2026-08-25T07:30:54.613177+09:00,2026-08-25,PRF,Invesco RAFI US 1000 ETF,US,미분류,2026-08-24,56.15,190635,268021.75,0.3443,,62,60,,,65,0,HOLD,0.56,7,False,live,ETF,69,NEUTRAL
2026-08-25T07:30:54.613177+09:00,2026-08-25,AIRR,First Trust RBA American Industrial Rena,US,산업재,2026-08-24,112.36,801481,640554.05,2.5562,,20,60,,,20,0,AVOID,-1.22,-15,True,live,ETF,20,NEUTRAL
2026-08-25T07:30:54.613177+09:00,2026-08-25,DFEM,Dimensional - Emerging Markets Core Equi,US,미분류,2026-08-24,39.53,603034,962071.7,0.502,,65,60,,,65,0,HOLD,0.48,6,False,live,ETF,65,NEUTRAL
2026-08-25T07:30:54.613177+09:00,2026-08-25,FNDA,Schwab Fundamental U.S. Small Company In,US,미분류,2026-08-24,37.51,424490,429114.5,0.3632,,40,60,,,48,0,HOLD,-0.08,-1,False,live,ETF,61,NEUTRAL
2026-08-25T07:30:54.613177+09:00,2026-08-25,VDC,Vanguard Consumer Staples ETF,US,소매,2026-08-24,235.69,201485,154134.25,2.9407,,84,60,,,71,1,WATCH,0.92,11,False,live,ETF,52,NEUTRAL
2026-08-25T07:30:54.613177+09:00,2026-08-25,RWL,Invesco S&P 500 Revenue ETF,US,미분류,2026-08-24,134.44,365316,288070.8,0.9736,,62,60,,,73,1,WATCH,0.81,10,False,live,ETF,90,NEUTRAL
2026-08-25T07:30:54.613177+09:00,2026-08-25,FNDE,Schwab Fundamental Emerging Markets Larg,US,미분류,2026-08-24,41.7,818706,830370.3,0.3357,,58,60,,,56,0,HOLD,0.24,3,False,live,ETF,52,NEUTRAL
2026-08-25T07:30:54.613177+09:00,2026-08-25,AKRE,Akre Focus ETF,US,미분류,2026-08-24,61.16,295448,369897.4,1.206,,81,60,,,77,2,BUY,1.16,14,False,live,ETF,72,NEUTRAL
2026-08-25T07:30:54.613177+09:00,2026-08-25,VIGI,Vanguard International Dividend Apprecia,US,미분류,2026-08-24,98.42,196373,258938.65,0.7023,,62,60,,,64,0,HOLD,0.53,6,False,live,ETF,66,NEUTRAL
2026-08-25T07:30:54.613177+09:00,2026-08-25,DBEF,Xtrackers MSCI EAFE Hedged Equity ETF,US,미분류,2026-08-24,55.84,522039,387621.95,0.4289,,58,60,,,61,0,HOLD,0.43,5,False,live,ETF,66,NEUTRAL
2026-08-25T07:30:54.613177+09:00,2026-08-25,VIS,Vanguard Industrials ETF,US,산업재,2026-08-24,342.79,154201,84840.05,4.1999,,35,60,,,39,0,AVOID,-0.41,-5,True,live,ETF,45,NEUTRAL
2026-08-25T07:30:54.613177+09:00,2026-08-25,IJJ,iShares S&P Mid-Cap 400 Value ETF,US,미분류,2026-08-24,148.26,102589,149959.45,1.2556,,40,60,,,47,0,HOLD,-0.1,-1,False,live,ETF,58,NEUTRAL
2026-08-25T07:30:54.613177+09:00,2026-08-25,IEUR,iShares Core MSCI Europe ETF,US,미분류,2026-08-24,78.31,452598,1172639.9,0.4709,,65,60,,,74,1,WATCH,0.82,10,False,live,ETF,87,NEUTRAL
2026-08-25T07:30:54.613177+09:00,2026-08-25,COPX,Global X - Copper Miners ETF,US,소재,2026-08-24,94.53,4017769,3034918.45,2.5679,,78,60,,,69,1,WATCH,0.85,10,False,live,ETF,55,NEUTRAL
2026-08-25T07:30:54.613177+09:00,2026-08-25,XLB,State Street Materials Select Sector SPD,US,소재,2026-08-24,53.58,11956095,11544564.75,0.8043,,88,60,,,80,1,WATCH,1.2,14,False,live,ETF,69,NEUTRAL
2026-08-25T07:30:54.613177+09:00,2026-08-25,VFLO,VictoryShares Free Cash Flow ETF,US,미분류,2026-08-24,55.43,2142819,2038555.95,0.7566,,80,60,,,85,2,STRONG_BUY,1.39,17,False,live,ETF,93,NEUTRAL
2026-08-25T07:30:54.613177+09:00,2026-08-25,XBI,State Street SPDR S&P Biotech ETF,US,제약/바이오,2026-08-24,164.17,8520652,8376762.6,4.2514,,95,65,,,93,2,STRONG_BUY,1.72,21,True,live,ETF,90,NEUTRAL
2026-08-25T07:30:54.613177+09:00,2026-08-25,IXN,iShares Global Tech ETF,US,IT,2026-08-24,136.76,339676,470148.8,2.4779,,25,60,,,28,0,AVOID,-0.82,-10,True,live,ETF,33,NEUTRAL
2026-08-25T07:30:54.613177+09:00,2026-08-25,QYLD,Global X - Nasdaq 100 Covered Call ETF,US,IT,2026-08-24,18.06,3646236,3509321.8,0.0664,,80,60,,,69,1,WATCH,0.79,9,False,live,ETF,52,NEUTRAL
2026-08-25T07:30:54.613177+09:00,2026-08-25,IOO,iShares Global 100 ETF,US,미분류,2026-08-24,143.15,183146,366922.3,1.085,,40,60,,,53,1,HOLD,0.0,0,False,live,ETF,72,NEUTRAL
2026-08-25T07:30:54.613177+09:00,2026-08-25,JQUA,JPMorgan U.S. Quality Factor ETF,US,미분류,2026-08-24,74.64,325861,487388.05,0.52,,62,60,,,55,0,HOLD,0.32,4,False,live,ETF,45,NEUTRAL
2026-08-25T07:30:54.613177+09:00,2026-08-25,IJS,iShares S&P Small-Cap 600 Value ETF,US,미분류,2026-08-24,137.87,277787,173564.35,1.3346,,47,60,,,48,0,HOLD,-0.01,0,False,live,ETF,49,NEUTRAL
2026-08-25T07:30:54.613177+09:00,2026-08-25,URTH,iShares MSCI World ETF,US,미분류,2026-08-24,208.48,201029,510266.45,1.3639,,58,60,,,50,0,HOLD,0.1,1,False,live,ETF,37,NEUTRAL
2026-08-25T07:30:54.613177+09:00,2026-08-25,FVD,First Trust Value Line Dividend Index Fu,US,미분류,2026-08-24,51.05,399167,490993.35,0.4046,,66,60,,,64,0,HOLD,0.6,7,False,live,ETF,60,NEUTRAL
2026-08-25T07:30:54.613177+09:00,2026-08-25,XLRE,State Street Real Estate Select Sector S,US,리츠,2026-08-24,45.33,3870687,5547309.35,0.5297,,80,60,,,64,1,WATCH,0.66,8,False,live,ETF,40,NEUTRAL
2026-08-25T07:30:54.613177+09:00,2026-08-25,IJT,iShares S&P Small-Cap 600 Growth ETF,US,미분류,2026-08-24,173.32,1475471,218373.55,1.6414,,44,60,,,37,0,AVOID,-0.33,-4,True,live,ETF,26,NEUTRAL
2026-08-25T07:30:54.613177+09:00,2026-08-25,PPA,Invesco Aerospace & Defense ETF,US,산업재,2026-08-24,170.79,194796,175319.8,2.7237,,35,60,,,39,0,AVOID,-0.44,-5,True,live,ETF,45,NEUTRAL
2026-08-25T07:30:54.613177+09:00,2026-08-25,CORO,iShares International Country Rotation A,US,미분류,2026-08-24,36.915,745583,741009.15,0.3853,,87,60,,,60,1,WATCH,0.61,7,False,live,ETF,19,NEUTRAL
2026-08-25T07:30:54.613177+09:00,2026-08-25,FELC,Fidelity Enhanced Large Cap Core ETF,US,미분류,2026-08-24,43.33,913874,720413.7,0.2995,,40,60,,,50,0,HOLD,-0.03,0,False,live,ETF,66,NEUTRAL
2026-08-25T07:30:54.613177+09:00,2026-08-25,DFSV,Dimensional - US Small Cap Value ETF,US,미분류,2026-08-24,40.04,525549,646872.45,0.3584,,44,60,,,53,0,HOLD,0.1,1,False,live,ETF,66,NEUTRAL
2026-08-25T07:30:54.613177+09:00,2026-08-25,XMMO,Invesco S&P MidCap Momentum ETF,US,미분류,2026-08-24,154.95,365496,350034.8,2.84,,25,60,,,25,0,AVOID,-0.98,-12,True,live,ETF,26,NEUTRAL
2026-08-25T07:30:54.613177+09:00,2026-08-25,FTCS,First Trust Capital Strength ETF,US,미분류,2026-08-24,102.28,212054,402957.7,1.0314,,66,60,,,68,1,WATCH,0.73,9,False,live,ETF,71,NEUTRAL
2026-08-25T07:30:54.613177+09:00,2026-08-25,FMDE,Fidelity Enhanced Mid Cap ETF,US,미분류,2026-08-24,42.28,492655,861577.75,0.3462,,62,60,,,67,1,WATCH,0.64,8,False,live,ETF,74,NEUTRAL
2026-08-25T07:30:54.613177+09:00,2026-08-25,FDL,First Trust Morningstar Dividend Leaders,US,미분류,2026-08-24,53.46,673649,703467.45,0.5536,,88,60,,,82,2,STRONG_BUY,1.28,15,True,live,ETF,74,NEUTRAL
2026-08-25T07:30:54.613177+09:00,2026-08-25,TCAF,T. Rowe Price Capital Appreciation Equit,US,미분류,2026-08-24,42.412,363218,594230.9,0.2738,,58,60,,,58,0,HOLD,0.34,4,False,live,ETF,58,NEUTRAL
2026-08-25T07:30:54.613177+09:00,2026-08-25,SPYD,State Street SPDR Portfolio S&P 500 High,US,미분류,2026-08-24,50.68,521083,1048184.15,0.5379,,66,60,,,70,1,WATCH,0.78,9,False,live,ETF,77,NEUTRAL
2026-08-25T07:30:54.613177+09:00,2026-08-25,DIVO,Amplify CWP Enhanced Dividend Income ETF,US,미분류,2026-08-24,48.68,856542,758272.1,0.3064,,81,60,,,81,2,STRONG_BUY,1.17,14,False,live,ETF,80,NEUTRAL
2026-08-25T07:30:54.613177+09:00,2026-08-25,GUNR,FlexShares Morningstar Global Upstream N,US,미분류,2026-08-24,56.74,543464,922208.2,0.6939,,73,60,,,61,1,WATCH,0.56,7,False,live,ETF,43,NEUTRAL
2026-08-25T07:30:54.613177+09:00,2026-08-25,DXJ,WisdomTree Japan Hedged Equity Fund,US,미분류,2026-08-24,177.17,231057,255447.85,1.945,,50,60,,,62,1,WATCH,0.37,4,False,live,ETF,80,NEUTRAL
2026-08-25T07:30:54.613177+09:00,2026-08-25,VCR,Vanguard Consumer Discretionary ETF,US,미분류,2026-08-24,397.58,46529,47826.45,5.0957,,58,60,,,61,0,HOLD,0.37,4,False,live,ETF,66,NEUTRAL
2026-08-25T07:30:54.613177+09:00,2026-08-25,VOOV,Vanguard S&P 500 Value ETF,US,미분류,2026-08-24,229.51,62405,70120.25,1.4571,,65,60,,,71,1,WATCH,0.75,9,False,live,ETF,80,NEUTRAL
2026-08-25T07:30:54.613177+09:00,2026-08-25,JAVA,JPMorgan Active Value ETF,US,미분류,2026-08-24,83.35,251183,353744.15,0.5646,,62,60,,,46,0,HOLD,0.11,1,False,live,ETF,22,NEUTRAL
2026-08-25T07:30:54.613177+09:00,2026-08-25,DFLV,Dimensional - US Large Cap Value ETF,US,미분류,2026-08-24,42.09,409702,625945.1,0.2764,,69,60,,,73,1,WATCH,0.89,11,False,live,ETF,80,NEUTRAL
2026-08-25T07:30:54.613177+09:00,2026-08-25,HIDE,Alpha Architect High Inflation And Defla,US,리츠,2026-08-24,24.7656,64820,51296.0,0.1062,,69,60,,,57,0,HOLD,0.38,5,False,live,ETF,40,NEUTRAL
2026-08-25T07:30:54.613177+09:00,2026-08-25,THRO,iShares U.S. Thematic Rotation Active ET,US,미분류,2026-08-24,43.43,436664,571013.2,0.3202,,40,60,,,29,0,AVOID,-0.62,-7,True,live,ETF,13,NEUTRAL
2026-08-25T07:30:54.613177+09:00,2026-08-25,VIOO,Vanguard S&P Small-Cap 600 ETF,US,미분류,2026-08-24,136.05,66153,78252.65,1.2082,,44,60,,,56,1,HOLD,0.18,2,False,live,ETF,74,NEUTRAL
2026-08-25T07:30:54.613177+09:00,2026-08-25,CGXU,Capital Group International Focus Equity,US,미분류,2026-08-24,34.79,673998,881389.9,0.3946,,80,60,,,63,1,WATCH,0.62,7,False,live,ETF,37,NEUTRAL
2026-08-25T07:30:54.613177+09:00,2026-08-25,DLN,WisdomTree U.S. LargeCap Dividend Fund,US,미분류,2026-08-24,100.965,89868,118638.4,0.5546,,69,60,,,70,1,WATCH,0.77,9,False,live,ETF,72,NEUTRAL
2026-08-25T07:30:54.613177+09:00,2026-08-25,VTHR,Vanguard Russell 3000 ETF,US,미분류,2026-08-24,337.77,23163,21723.15,2.3157,,58,60,,,39,0,AVOID,-0.18,-2,True,live,ETF,11,NEUTRAL
2026-08-25T07:30:54.613177+09:00,2026-08-25,EWC,iShares MSCI Canada ETF,US,미분류,2026-08-24,62.12,1356607,1790070.35,0.5846,,76,60,,,72,1,WATCH,0.9,11,False,live,ETF,67,NEUTRAL
2026-08-25T07:30:54.613177+09:00,2026-08-25,VOX,Vanguard Communication Services ETF,US,미분류,2026-08-24,187.35,516353,264762.65,2.6307,,65,60,,,74,1,WATCH,0.71,9,False,live,ETF,88,NEUTRAL
2026-08-25T07:30:54.613177+09:00,2026-08-25,RECS,Columbia Research Enhanced Core ETF,US,미분류,2026-08-24,45.06,334542,407497.1,0.295,,58,60,,,61,0,HOLD,0.42,5,False,live,ETF,66,NEUTRAL
2026-08-25T07:30:54.613177+09:00,2026-08-25,FESM,Fidelity Enhanced Small Cap ETF,US,미분류,2026-08-24,47.62,714152,938337.6,0.4746,,43,60,,,36,0,AVOID,-0.37,-4,True,live,ETF,25,NEUTRAL
2026-08-25T07:30:54.613177+09:00,2026-08-25,GSIE,Goldman Sachs ActiveBeta International E,US,미분류,2026-08-24,48.11,280233,393411.65,0.3018,,69,60,,,73,1,WATCH,0.86,10,False,live,ETF,80,NEUTRAL
2026-08-25T07:30:54.613177+09:00,2026-08-25,IVOO,Vanguard S&P Mid-Cap 400 ETF,US,미분류,2026-08-24,128.94,73714,73785.7,1.1672,,40,60,,,47,0,HOLD,-0.13,-2,False,live,ETF,58,NEUTRAL
2026-08-25T07:30:54.613177+09:00,2026-08-25,JHMM,John Hancock Investments - Multifactor M,US,미분류,2026-08-24,75.69,147032,198141.6,0.6222,,43,60,,,35,0,AVOID,-0.42,-5,True,live,ETF,22,NEUTRAL
2026-08-25T07:30:54.613177+09:00,2026-08-25,PVAL,Putnam Focused Large Cap Value ETF,US,미분류,2026-08-24,54.43,967602,1530150.1,0.3633,,69,60,,,71,1,WATCH,0.84,10,False,live,ETF,75,NEUTRAL
2026-08-25T07:30:54.613177+09:00,2026-08-25,SCHK,Schwab 1000 Index ETF,US,미분류,2026-08-24,36.85,1126766,1017073.3,0.2475,,58,60,,,54,0,HOLD,0.21,3,False,live,ETF,48,NEUTRAL
2026-08-25T07:30:54.613177+09:00,2026-08-25,FELG,Fidelity Enhanced Large Cap Growth ETF,US,미분류,2026-08-24,43.445,227513,403360.65,0.4961,,40,60,,,36,0,AVOID,-0.49,-6,True,live,ETF,29,NEUTRAL
2026-08-25T07:30:54.613177+09:00,2026-08-25,MCHI,iShares MSCI China ETF,US,미분류,2026-08-24,54.93,1061031,2453921.55,0.6429,,43,60,,,48,0,HOLD,-0.14,-2,False,live,ETF,55,NEUTRAL
2026-08-25T07:30:54.613177+09:00,2026-08-25,SIL,Global X - Silver Miners ETF,US,소재,2026-08-24,100.37,1595793,1425644.65,3.8375,,66,60,,,64,0,HOLD,0.64,8,False,live,ETF,61,NEUTRAL
2026-08-25T07:30:54.613177+09:00,2026-08-25,SCHC,Schwab International Small-Cap Equity ET,US,미분류,2026-08-24,51.26,281394,296919.7,0.4316,,77,60,,,73,1,WATCH,0.84,10,False,live,ETF,66,NEUTRAL
2026-08-25T07:30:54.613177+09:00,2026-08-25,XMHQ,Invesco S&P MidCap Quality ETF,US,미분류,2026-08-24,118.71,277155,149362.75,1.0086,,62,60,,,67,1,WATCH,0.65,8,False,live,ETF,74,NEUTRAL
2026-08-25T07:30:54.613177+09:00,2026-08-25,BKLC,BNY Mellon US Large Cap Core Equity ETF,US,미분류,2026-08-24,48.81,516378,394333.9,0.3392,,58,60,,,53,0,HOLD,0.17,2,False,live,ETF,45,NEUTRAL
2026-08-25T07:30:54.613177+09:00,2026-08-25,ETFT,Fundsmith Equity ETF,US,미분류,2026-08-21,10.061,5100,820.0,0.0626,,58,60,,,51,0,HOLD,0.13,2,False,live,ETF,40,NEUTRAL
2026-08-25T07:30:54.613177+09:00,2026-08-25,DSI,iShares ESG MSCI KLD 400 ETF,US,미분류,2026-08-24,145.92,100204,92155.2,1.0543,,58,60,,,46,0,HOLD,0.01,0,False,live,ETF,29,NEUTRAL
2026-08-25T07:30:54.613177+09:00,2026-08-25,KBWB,Invesco KBW Bank ETF,US,금융,2026-08-24,96.15,1194143,1266452.15,1.4021,,44,60,,,51,0,HOLD,0.11,1,False,live,ETF,61,NEUTRAL
2026-08-25T07:30:54.613177+09:00,2026-08-25,VMSB,Voya Multi-Sector Income ETF,US,미분류,2026-08-21,49.525,100,2415.0,0.1298,,80,60,,,64,1,WATCH,0.65,8,False,live,ETF,40,NEUTRAL
2026-08-25T07:30:54.613177+09:00,2026-08-25,EUFN,iShares MSCI Europe Financials ETF,US,금융,2026-08-24,42.48,2140486,1187409.3,0.3746,,62,60,,,55,0,HOLD,0.41,5,False,live,ETF,45,NEUTRAL
2026-08-25T07:30:54.613177+09:00,2026-08-25,CGDG,Capital Group Dividend Growers ETF,US,미분류,2026-08-24,38.91,458603,539905.15,0.2207,,65,60,,,51,0,HOLD,0.21,3,False,live,ETF,29,NEUTRAL
2026-08-25T07:30:54.613177+09:00,2026-08-25,KWEB,KraneShares CSI China Internet ETF,US,미분류,2026-08-24,26.25,19112593,20639529.65,0.5214,,35,60,,,49,1,HOLD,-0.2,-2,False,live,ETF,71,NEUTRAL
2026-08-25T07:30:54.613177+09:00,2026-08-25,FDN,First Trust Dow Jones Internet Index Fun,US,미분류,2026-08-24,286.5,185985,349864.25,4.5779,,58,60,,,68,1,WATCH,0.61,7,False,live,ETF,84,NEUTRAL
2026-08-25T07:30:54.613177+09:00,2026-08-25,SLYG,State Street SPDR S&P 600 Small Cap Grow,US,미분류,2026-08-24,115.7,133424,116876.2,1.085,,44,60,,,50,0,HOLD,0.01,0,False,live,ETF,58,NEUTRAL
2026-08-25T07:30:54.613177+09:00,2026-08-25,AIA,iShares Asia 50 ETF,US,미분류,2026-08-24,136.085,106663,439863.15,2.6557,,65,60,,,73,1,WATCH,0.68,8,False,live,ETF,84,NEUTRAL
2026-08-25T07:30:54.613177+09:00,2026-08-25,SLYV,State Street SPDR S&P 600 Small Cap Valu,US,미분류,2026-08-24,110.0,121420,169721.0,1.0339,,47,60,,,63,1,WATCH,0.39,5,False,live,ETF,87,NEUTRAL
2026-08-25T07:30:54.613177+09:00,2026-08-25,GNR,State Street SPDR S&P Global Natural Res,US,미분류,2026-08-24,79.02,224650,219582.5,0.9488,,73,60,,,76,2,BUY,1.0,12,False,live,ETF,81,NEUTRAL
2026-08-25T07:30:54.613177+09:00,2026-08-25,QLTY,GMO US Quality ETF,US,미분류,2026-08-24,43.07,312960,414953.0,0.3079,,65,60,,,62,0,HOLD,0.51,6,False,live,ETF,58,NEUTRAL
2026-08-25T07:30:54.613177+09:00,2026-08-25,VAW,Vanguard Materials ETF,US,소재,2026-08-24,239.35,58203,42255.15,3.3661,,87,60,,,75,1,WATCH,1.04,12,False,live,ETF,58,NEUTRAL
2026-08-25T07:30:54.613177+09:00,2026-08-25,EAGL,Eagle Capital Select Equity ETF,US,미분류,2026-08-24,35.94,131730,173406.5,0.4178,,88,60,,,76,1,WATCH,1.16,14,False,live,ETF,59,NEUTRAL
2026-08-25T07:30:54.613177+09:00,2026-08-25,SHLD,Global X - Defense Tech ETF,US,산업재,2026-08-24,66.02,942420,929556.0,1.016,,43,60,,,50,0,HOLD,-0.06,-1,False,live,ETF,60,NEUTRAL
2026-08-25T07:30:54.613177+09:00,2026-08-25,URA,Global X - Uranium ETF,US,미분류,2026-08-24,45.69,2651930,3160231.5,1.3857,,80,60,,,70,1,WATCH,0.65,8,False,live,ETF,55,NEUTRAL
2026-08-25T07:30:54.613177+09:00,2026-08-25,TDIV,First Trust NASDAQ Technology Dividend I,US,IT,2026-08-24,113.47,481854,124822.7,1.4386,,40,60,,,36,0,AVOID,-0.5,-6,True,live,ETF,30,NEUTRAL
2026-08-25T07:30:54.613177+09:00,2026-08-25,FEZ,State Street SPDR EURO STOXX 50 ETF,US,미분류,2026-08-24,71.6,522812,719950.6,0.4704,,62,60,,,64,0,HOLD,0.55,7,False,live,ETF,66,NEUTRAL
2026-08-25T07:30:54.613177+09:00,2026-08-25,SILJ,Amplify Junior Silver Miners ETF,US,소재,2026-08-24,32.01,4506836,4435836.8,1.2599,,69,60,,,66,0,HOLD,0.67,8,False,live,ETF,61,NEUTRAL
2026-08-25T07:30:54.613177+09:00,2026-08-25,IYF,iShares U.S. Financials ETF,US,금융,2026-08-24,137.36,133844,372297.2,1.3,,62,60,,,74,1,WATCH,0.9,11,False,live,ETF,93,NEUTRAL
2026-08-25T07:30:54.613177+09:00,2026-08-25,XME,State Street SPDR S&P Metals & Mining ET,US,소재,2026-08-24,117.87,2760464,2356168.2,3.7086,,80,60,,,70,1,WATCH,0.74,9,False,live,ETF,55,NEUTRAL
2026-08-25T07:30:54.613177+09:00,2026-08-25,XAR,State Street SPDR S&P Aerospace & Defens,US,산업재,2026-08-24,265.61,208813,220520.65,6.3107,,43,60,,,45,0,HOLD,-0.25,-3,False,live,ETF,48,NEUTRAL
2026-08-25T07:30:54.613177+09:00,2026-08-25,IXJ,iShares Global Healthcare ETF,US,제약/바이오,2026-08-24,106.8,925181,210794.05,1.5763,,73,65,,,76,2,BUY,1.08,13,False,live,ETF,81,NEUTRAL
2026-08-25T07:30:54.613177+09:00,2026-08-25,IVLU,iShares MSCI Intl Value Factor ETF,US,미분류,2026-08-24,44.45,1045475,738758.75,0.29,,65,60,,,65,0,HOLD,0.6,7,False,live,ETF,66,NEUTRAL
2026-08-25T07:30:54.613177+09:00,2026-08-25,JTEK,JPMorgan U.S. Tech Leaders ETF,US,IT,2026-08-24,97.88,292910,246545.5,1.9226,,28,60,,,32,0,AVOID,-0.77,-9,True,live,ETF,38,NEUTRAL
2026-08-25T07:30:54.613177+09:00,2026-08-25,RSPT,Invesco S&P 500 Equal Weight Technology ,US,IT,2026-08-24,63.04,510045,516862.25,1.155,,43,60,,,41,0,AVOID,-0.28,-3,True,live,ETF,38,NEUTRAL
2026-08-25T07:30:54.613177+09:00,2026-08-25,IMTM,iShares MSCI Intl Momentum Factor ETF,US,미분류,2026-08-24,53.63,219700,322715.0,0.5319,,65,60,,,48,0,HOLD,0.09,1,False,live,ETF,22,NEUTRAL
2026-08-25T07:30:54.613177+09:00,2026-08-25,IDMO,Invesco S&P International Developed Mome,US,미분류,2026-08-24,62.65,202712,333530.6,0.6436,,65,60,,,65,0,HOLD,0.56,7,False,live,ETF,64,NEUTRAL
2026-08-25T07:30:54.613177+09:00,2026-08-25,FXI,iShares China Large-Cap ETF,US,미분류,2026-08-24,35.55,16314538,18083956.9,0.4336,,43,60,,,53,0,HOLD,0.02,0,False,live,ETF,68,NEUTRAL
2026-08-25T07:30:54.613177+09:00,2026-08-25,SMLF,iShares U.S. Small-Cap Equity Factor ETF,US,미분류,2026-08-24,88.63,149350,141627.5,0.8504,,43,60,,,50,0,HOLD,-0.01,0,False,live,ETF,60,NEUTRAL
2026-08-25T07:30:54.613177+09:00,2026-08-25,IDEF,iShares Defense Industrials Act,US,산업재,2026-08-24,33.11,391216,406810.8,0.5194,,40,60,,,38,0,AVOID,-0.43,-5,True,live,ETF,34,NEUTRAL
2026-08-25T07:30:54.613177+09:00,2026-08-25,FV,First Trust Dorsey Wright Focus 5 ETF,US,미분류,2026-08-24,73.2613,39181,58564.05,0.8186,,72,60,,,60,1,WATCH,0.48,6,False,live,ETF,42,NEUTRAL
2026-08-25T07:30:54.613177+09:00,2026-08-25,SUSA,iShares ESG Optimized MSCI USA ETF,US,미분류,2026-08-24,157.35,30797,44779.85,0.9486,,58,60,,,42,0,AVOID,-0.11,-1,True,live,ETF,17,NEUTRAL
2026-08-25T07:30:54.613177+09:00,2026-08-25,RWLC,Rayliant Wilshire NxtGen US Large Cap Eq,US,미분류,2026-08-24,38.645,2751,6507.55,0.277,,58,60,,,51,0,HOLD,0.14,2,False,live,ETF,40,NEUTRAL
2026-08-25T07:30:54.613177+09:00,2026-08-25,EMLP,First Trust North American Energy Infras,US,미분류,2026-08-24,44.0,128582,257679.1,0.4586,,43,60,,,41,0,AVOID,-0.3,-4,True,live,ETF,37,NEUTRAL
2026-08-25T07:30:54.613177+09:00,2026-08-25,IMCG,iShares Morningstar Mid-Cap Growth ETF,US,미분류,2026-08-24,97.6,174093,128924.65,0.9507,,47,60,,,39,0,AVOID,-0.25,-3,True,live,ETF,26,NEUTRAL
2026-08-25T07:30:54.613177+09:00,2026-08-25,XT,iShares Future Exponential Technologies ,US,미분류,2026-08-24,82.0868,51902,75770.1,0.8671,,58,60,,,42,0,AVOID,-0.14,-2,True,live,ETF,18,NEUTRAL
2026-08-25T07:30:54.613177+09:00,2026-08-25,AAXJ,iShares MSCI All Country Asia ex Japan E,US,미분류,2026-08-24,114.34,264148,364457.4,1.8361,,65,60,,,52,0,HOLD,0.15,2,False,live,ETF,33,NEUTRAL
2026-08-25T07:30:54.613177+09:00,2026-08-25,DON,WisdomTree U.S. MidCap Dividend Fund,US,미분류,2026-08-24,58.26,143483,118559.15,0.4691,,62,60,,,60,0,HOLD,0.43,5,False,live,ETF,56,NEUTRAL
2026-08-25T07:30:54.613177+09:00,2026-08-25,DEM,WisdomTree Emerging Markets High Dividen,US,미분류,2026-08-24,55.08,135810,313240.5,0.4303,,87,60,,,63,1,WATCH,0.67,8,False,live,ETF,26,NEUTRAL
2026-08-25T07:30:54.613177+09:00,2026-08-25,HELO,JPMorgan Hedged Equity Laddered Overlay ,US,미분류,2026-08-24,69.3,446138,292306.9,0.2741,,58,60,,,44,0,AVOID,-0.06,-1,True,live,ETF,23,NEUTRAL
2026-08-25T07:30:54.613177+09:00,2026-08-25,GRNY,Tidal Trust III - Fundstrat Granny Shots,US,미분류,2026-08-24,27.61,1509880,1315854.0,0.2397,,43,60,,,44,0,AVOID,-0.21,-3,True,live,ETF,45,NEUTRAL
2026-08-25T07:30:54.613177+09:00,2026-08-25,QTUM,Defiance Quantum ETF,US,IT,2026-08-24,146.94,343641,387212.05,3.4201,,28,60,,,34,0,AVOID,-0.7,-8,True,live,ETF,44,NEUTRAL
2026-08-25T07:30:54.613177+09:00,2026-08-25,IYH,iShares U.S. Healthcare ETF,US,제약/바이오,2026-08-24,73.84,274309,821790.45,1.2568,,73,65,,,66,1,WATCH,0.82,10,False,live,ETF,55,NEUTRAL
2026-08-25T07:30:54.613177+09:00,2026-08-25,PGX,Invesco Preferred ETF,US,금융,2026-08-24,10.61,5260522,3591476.1,0.0514,,28,60,,,33,0,AVOID,-0.67,-8,True,live,ETF,41,NEUTRAL
2026-08-25T07:30:54.613177+09:00,2026-08-25,TMH,Toyota Motor Corporation ADRhedged,US,미분류,2026-08-24,51.3805,151,312.55,0.5817,,80,60,,,64,1,WATCH,0.68,8,False,live,ETF,40,NEUTRAL
2026-08-25T07:30:54.613177+09:00,2026-08-25,ARTY,iShares Future AI & Tech ETF,US,IT,2026-08-24,72.32,526531,502051.55,2.0094,,58,60,,,51,0,HOLD,0.11,1,False,live,ETF,41,NEUTRAL
2026-08-25T07:30:54.613177+09:00,2026-08-25,KRE,State Street SPDR S&P Regional Banking E,US,금융,2026-08-24,74.76,7522527,11779021.35,1.0404,,39,60,,,43,0,AVOID,-0.2,-2,True,live,ETF,48,NEUTRAL
2026-08-25T07:30:54.613177+09:00,2026-08-25,EWU,iShares MSCI United Kingdom ETF,US,미분류,2026-08-24,49.1,422690,1225059.5,0.3257,,88,60,,,60,1,WATCH,0.67,8,False,live,ETF,19,NEUTRAL
2026-08-25T07:30:54.613177+09:00,2026-08-25,VNQI,Vanguard Global ex-U.S. Real Estate ETF,US,리츠,2026-08-24,45.8,311797,252334.85,0.3071,,43,60,,,46,0,HOLD,-0.17,-2,False,live,ETF,51,NEUTRAL
2026-08-25T07:30:54.613177+09:00,2026-08-25,IWX,iShares Russell Top 200 Value ETF,US,미분류,2026-08-24,112.95,204690,321969.5,0.7871,,69,60,,,62,0,HOLD,0.61,7,False,live,ETF,52,NEUTRAL
2026-08-25T07:30:54.613177+09:00,2026-08-25,USMC,Principal U.S. Mega-Cap ETF,US,미분류,2026-08-24,75.83,49118,69995.9,0.4882,,58,60,,,55,0,HOLD,0.24,3,False,live,ETF,50,NEUTRAL
2026-08-25T07:30:54.613177+09:00,2026-08-25,JIVE,JPMorgan International Value ETF,US,미분류,2026-08-24,97.7,209759,308732.95,0.7296,,65,60,,,68,1,WATCH,0.66,8,False,live,ETF,72,NEUTRAL
2026-08-25T07:30:54.613177+09:00,2026-08-25,INTF,iShares International Equity Factor ETF,US,미분류,2026-08-24,43.08,172109,216765.45,0.2903,,69,60,,,67,0,HOLD,0.68,8,False,live,ETF,64,NEUTRAL
2026-08-25T07:30:54.613177+09:00,2026-08-25,LRGF,iShares U.S. Equity Factor ETF,US,미분류,2026-08-24,77.81,113786,119269.3,0.5103,,58,60,,,52,0,HOLD,0.17,2,False,live,ETF,43,NEUTRAL
2026-08-25T07:30:54.613177+09:00,2026-08-25,FHLC,Fidelity MSCI Health Care Index ETF,US,제약/바이오,2026-08-24,84.61,167666,183263.3,1.3644,,73,65,,,76,2,BUY,1.09,13,False,live,ETF,81,NEUTRAL
2026-08-25T07:30:54.613177+09:00,2026-08-25,MLPX,Global X - MLP & Energy Infrastructure E,US,에너지,2026-08-24,74.39,270149,431097.45,1.2665,,80,60,,,72,1,WATCH,0.83,10,False,live,ETF,60,NEUTRAL
2026-08-25T07:30:54.613177+09:00,2026-08-25,SPHD,Invesco S&P 500 High Dividend Low Volati,US,미분류,2026-08-24,53.49,592067,804393.35,0.5789,,91,60,,,67,1,WATCH,0.9,11,False,live,ETF,31,NEUTRAL
2026-08-25T07:30:54.613177+09:00,2026-08-25,DCOR,Dimensional - US Core Equity 1 ETF,US,미분류,2026-08-24,84.35,90586,145179.3,0.5265,,58,60,,,54,0,HOLD,0.22,3,False,live,ETF,48,NEUTRAL
2026-08-25T07:30:54.613177+09:00,2026-08-25,FLTW,Franklin FTSE Taiwan ETF,US,IT,2026-08-24,99.08,51686,503974.3,1.7226,,65,60,,,60,0,HOLD,0.38,5,False,live,ETF,52,NEUTRAL
2026-08-25T07:30:54.613177+09:00,2026-08-25,BOTZ,Global X - Robotics & Artificial Intelli,US,미분류,2026-08-24,35.25,682324,721596.2,0.5405,,40,60,,,40,0,AVOID,-0.52,-6,True,live,ETF,41,NEUTRAL
2026-08-25T07:30:54.613177+09:00,2026-08-25,CGMM,Capital Group U.S. Small and Mid Cap ETF,US,미분류,2026-08-24,33.05,505340,689552.0,0.2725,,58,60,,,47,0,HOLD,0.05,1,False,live,ETF,31,NEUTRAL
2026-08-25T07:30:54.613177+09:00,2026-08-25,FELV,Fidelity Enhanced Large Cap Value ETF ,US,미분류,2026-08-24,42.87,180669,186818.45,0.3143,,62,60,,,66,1,WATCH,0.66,8,False,live,ETF,73,NEUTRAL
2026-08-25T07:30:54.613177+09:00,2026-08-25,USCA,Xtrackers MSCI USA Climate Action Equity,US,미분류,2026-08-24,45.2926,313,33120.65,0.304,,58,60,,,51,0,HOLD,0.13,2,False,live,ETF,40,NEUTRAL
2026-08-25T07:30:54.613177+09:00,2026-08-25,XYLD,Global X - S&P 500 Covered Call ETF,US,미분류,2026-08-24,41.29,524030,494571.5,0.085,,40,60,,,55,1,HOLD,0.09,1,False,live,ETF,77,NEUTRAL
2026-08-25T07:30:54.613177+09:00,2026-08-25,ILCG,iShares Morningstar Growth ETF,US,미분류,2026-08-24,113.635,78148,74237.4,1.2167,,40,60,,,32,0,AVOID,-0.59,-7,True,live,ETF,21,NEUTRAL
2026-08-25T07:30:54.613177+09:00,2026-08-25,IHI,iShares U.S. Medical Devices ETF,US,제약/바이오,2026-08-24,55.88,2744419,2627250.95,1.0054,,62,65,,,73,1,WATCH,0.86,10,False,live,ETF,90,NEUTRAL
2026-08-25T07:30:54.613177+09:00,2026-08-25,FNDC,Schwab Fundamental International Small C,US,미분류,2026-08-24,50.99,157527,85156.35,0.4009,,65,60,,,57,0,HOLD,0.35,4,False,live,ETF,46,NEUTRAL
2026-08-25T07:30:54.613177+09:00,2026-08-25,FLJP,Franklin FTSE Japan ETF,US,미분류,2026-08-24,40.48,878779,732328.95,0.4868,,58,60,,,60,0,HOLD,0.36,4,False,live,ETF,63,NEUTRAL
2026-08-25T07:30:54.613177+09:00,2026-08-25,CGGE,Capital Group Global Equity ETF,US,미분류,2026-08-24,35.35,489485,551274.25,0.2445,,40,60,,,45,0,HOLD,-0.19,-2,False,live,ETF,52,NEUTRAL
2026-08-25T07:30:54.613177+09:00,2026-08-25,AVSC,Avantis U.S. Small Cap Equity ETF,US,미분류,2026-08-24,73.47,123332,113136.6,0.6799,,44,60,,,50,0,HOLD,0.03,0,False,live,ETF,58,NEUTRAL
2026-08-25T07:30:54.613177+09:00,2026-08-25,BDYN,iShares Dynamic Equity Active ETF,US,미분류,2026-08-24,28.15,279624,396456.2,0.3258,,58,60,,,44,0,AVOID,-0.06,-1,True,live,ETF,23,NEUTRAL
2026-08-25T07:30:54.613177+09:00,2026-08-25,XOP,State Street SPDR S&P Oil & Gas Explorat,US,에너지,2026-08-24,186.24,2954117,3073170.85,4.4325,,81,60,,,71,1,WATCH,0.98,12,False,live,ETF,55,NEUTRAL
2026-08-25T07:30:54.613177+09:00,2026-08-25,WTV,WisdomTree U.S. Value Fund,US,미분류,2026-08-24,108.7,142039,172551.95,0.86,,69,60,,,70,1,WATCH,0.79,9,False,live,ETF,72,NEUTRAL
2026-08-25T07:30:54.613177+09:00,2026-08-25,IYY,iShares Dow Jones U.S. ETF,US,미분류,2026-08-24,186.07,10803,34860.15,1.1232,,43,60,,,61,1,WATCH,0.26,3,False,live,ETF,88,NEUTRAL
2026-08-25T07:30:54.613177+09:00,2026-08-25,MDYG,State Street SPDR S&P 400 Mid Cap Growth,US,미분류,2026-08-24,109.13,72989,83369.45,1.2681,,43,60,,,40,0,AVOID,-0.32,-4,True,live,ETF,35,NEUTRAL
2026-08-25T07:30:54.613177+09:00,2026-08-25,IXC,iShares Global Energy ETF,US,에너지,2026-08-24,57.91,285607,625170.35,0.9421,,81,60,,,80,2,STRONG_BUY,1.15,14,False,live,ETF,78,NEUTRAL
2026-08-25T07:30:54.613177+09:00,2026-08-25,NFRA,Northern Trust STOXX Global Broad Infras,US,미분류,2026-08-24,65.9393,46703,44880.15,0.4515,,80,60,,,69,1,WATCH,0.75,9,False,live,ETF,52,NEUTRAL
2026-08-25T07:30:54.613177+09:00,2026-08-25,SPUS,SP Funds S&P 500 Sharia Industry Exclusi,US,미분류,2026-08-24,58.08,401236,507051.8,0.4879,,43,60,,,41,0,AVOID,-0.3,-4,True,live,ETF,37,NEUTRAL
2026-08-25T07:30:54.613177+09:00,2026-08-25,KOMP,State Street SPDR S&P Kensho New Economi,US,미분류,2026-08-24,67.78,47418,81700.9,1.0614,,40,60,,,42,0,AVOID,-0.39,-5,True,live,ETF,44,NEUTRAL
2026-08-25T07:30:54.613177+09:00,2026-08-25,PRFZ,Invesco RAFI US 1500 Small-Mid ETF,US,미분류,2026-08-24,55.4293,32049,71882.45,0.52,,47,60,,,41,0,AVOID,-0.17,-2,True,live,ETF,32,NEUTRAL
2026-08-25T07:30:54.613177+09:00,2026-08-25,JMEE,JPMorgan Small & Mid Cap Enhanced Equity,US,미분류,2026-08-24,77.3,60889,113274.45,0.7544,,43,60,,,43,0,AVOID,-0.2,-2,True,live,ETF,43,NEUTRAL
2026-08-25T07:30:54.613177+09:00,2026-08-25,RING,iShares MSCI Global Gold Miners ETF,US,소재,2026-08-24,91.24,1064001,923070.05,3.4557,,66,60,,,62,0,HOLD,0.67,8,False,live,ETF,57,NEUTRAL
2026-08-25T07:30:54.613177+09:00,2026-08-25,CQQQ,Invesco China Technology ETF,US,미분류,2026-08-24,47.97,897419,792260.95,0.9271,,28,60,,,36,0,AVOID,-0.71,-9,True,live,ETF,49,NEUTRAL
2026-08-25T07:30:54.613177+09:00,2026-08-25,PXF,Invesco RAFI Developed Markets ex-U.S. E,US,미분류,2026-08-24,79.4,61888,99459.4,0.5986,,87,60,,,86,2,STRONG_BUY,1.31,16,True,live,ETF,85,NEUTRAL
2026-08-25T07:30:54.613177+09:00,2026-08-25,CGNG,Capital Group New Geography Equity ETF,US,미분류,2026-08-24,36.53,439291,650059.55,0.4349,,65,60,,,65,0,HOLD,0.52,6,False,live,ETF,65,NEUTRAL
2026-08-25T07:30:54.613177+09:00,2026-08-25,QTEC,First Trust NASDAQ-100-Technology Sector,US,IT,2026-08-24,309.86,103055,187307.75,6.2358,,25,60,,,31,0,AVOID,-0.74,-9,True,live,ETF,40,NEUTRAL
2026-08-25T07:30:54.613177+09:00,2026-08-25,CWI,State Street SPDR MSCI ACWI ex-US ETF,US,미분류,2026-08-24,41.28,212707,214125.35,0.3529,,58,60,,,49,0,HOLD,0.07,1,False,live,ETF,35,NEUTRAL
2026-08-25T07:30:54.613177+09:00,2026-08-25,NLR,VanEck Uranium and Nuclear ETF,US,미분류,2026-08-24,118.73,241030,341771.5,3.1536,,72,60,,,60,1,WATCH,0.29,3,False,live,ETF,41,NEUTRAL
2026-08-25T07:30:54.613177+09:00,2026-08-25,RWEM,Rayliant Wilshire NxtGen Emerging Market,US,미분류,2026-08-24,35.59,10216,6655.8,3.1736,,58,60,,,51,0,HOLD,0.05,1,False,live,ETF,40,NEUTRAL
2026-08-25T07:30:54.613177+09:00,2026-08-25,SPYX,State Street SPDR S&P 500 Fossil Fuel Re,US,미분류,2026-08-24,62.58,25738,66101.9,0.3974,,40,60,,,57,1,HOLD,0.12,1,False,live,ETF,82,NEUTRAL
2026-08-25T07:30:54.613177+09:00,2026-08-25,EQWL,Invesco S&P 100 Equal Weight ETF,US,미분류,2026-08-24,135.19,82969,93823.45,0.91,,69,60,,,71,1,WATCH,0.82,10,False,live,ETF,75,NEUTRAL
2026-08-25T07:30:54.613177+09:00,2026-08-25,SCYB,Schwab High Yield Bond ETF,US,금융,2026-08-24,26.04,1037432,885241.6,0.0529,,87,60,,,65,1,WATCH,0.72,9,False,live,ETF,31,NEUTRAL
2026-08-25T07:30:54.613177+09:00,2026-08-25,FLIN,Franklin FTSE India ETF,US,미분류,2026-08-24,35.52,121909,261120.45,0.1743,,32,60,,,40,0,AVOID,-0.39,-5,True,live,ETF,52,NEUTRAL
2026-08-25T07:30:54.613177+09:00,2026-08-25,SNPE,Xtrackers S&P 500 Scored & Screened ETF,US,미분류,2026-08-24,70.65,235900,359005.0,0.485,,58,60,,,45,0,HOLD,-0.02,0,False,live,ETF,25,NEUTRAL
2026-08-25T07:30:54.613177+09:00,2026-08-25,XSD,State Street SPDR S&P Semiconductor ETF,US,IT,2026-08-24,481.6,134231,84771.55,19.4225,,15,60,,,25,0,AVOID,-1.15,-14,True,live,ETF,41,NEUTRAL
2026-08-25T07:30:54.613177+09:00,2026-08-25,MDYV,State Street SPDR S&P 400 Mid Cap Value ,US,미분류,2026-08-24,95.195,49229,91861.45,0.7882,,43,60,,,53,0,HOLD,0.07,1,False,live,ETF,67,NEUTRAL
2026-08-25T07:30:54.613177+09:00,2026-08-25,SOXQ,Invesco PHLX Semiconductor ETF,US,IT,2026-08-24,89.93,1442168,1902033.4,3.1711,,25,60,,,27,0,AVOID,-0.98,-12,True,live,ETF,29,NEUTRAL
2026-08-25T07:30:54.613177+09:00,2026-08-25,FSMD,Fidelity Small-Mid Multifactor ETF,US,미분류,2026-08-24,51.74,87849,96167.45,0.5615,,43,60,,,49,0,HOLD,-0.05,-1,False,live,ETF,58,NEUTRAL
2026-08-25T07:30:54.613177+09:00,2026-08-25,IPAC,iShares Core MSCI Pacific ETF,US,미분류,2026-08-24,84.93,105129,73011.45,0.8259,,58,60,,,53,0,HOLD,0.2,2,False,live,ETF,46,NEUTRAL
2026-08-25T07:30:54.613177+09:00,2026-08-25,NUGO,Nuveen Growth Opportunities,US,미분류,2026-08-24,42.6868,7580,65709.0,0.4163,,40,60,,,40,0,AVOID,-0.36,-4,True,live,ETF,41,NEUTRAL
2026-08-25T07:30:54.613177+09:00,2026-08-25,JMOM,JPMorgan U.S. Momentum Factor ETF,US,미분류,2026-08-24,82.32,97162,123998.1,0.8476,,40,60,,,47,0,HOLD,-0.15,-2,False,live,ETF,58,NEUTRAL
2026-08-25T07:30:54.613177+09:00,2026-08-25,APUE,ActivePassive U.S. Equity ETF,US,미분류,2026-08-24,47.22,86244,80897.2,0.2858,,58,60,,,37,0,AVOID,-0.24,-3,True,live,ETF,5,NEUTRAL
2026-08-25T07:30:54.613177+09:00,2026-08-25,DIVI,Franklin International Core Dividend Til,US,미분류,2026-08-24,44.49,104202,198325.1,0.3426,,65,60,,,59,0,HOLD,0.41,5,False,live,ETF,49,NEUTRAL
2026-08-25T07:30:54.613177+09:00,2026-08-25,AVOS,Avos Global Equities ETF,US,미분류,2026-08-24,27.955,17,1765.85,0.1089,,80,60,,,64,1,WATCH,0.67,8,False,live,ETF,40,NEUTRAL
2026-08-25T07:30:54.613177+09:00,2026-08-25,USCL,iShares Climate Conscious & Transition M,US,미분류,2026-08-24,86.0592,69,218.45,0.3743,,58,60,,,51,0,HOLD,0.13,2,False,live,ETF,40,NEUTRAL
2026-08-25T07:30:54.613177+09:00,2026-08-25,SKYY,First Trust Cloud Computing ETF,US,IT,2026-08-24,158.97,131114,294835.7,3.9164,,69,60,,,59,0,HOLD,0.61,7,False,live,ETF,45,NEUTRAL
2026-08-25T07:30:54.613177+09:00,2026-08-25,PABU,iShares Paris-Aligned Climate Optimized ,US,미분류,2026-08-24,77.9444,939,6626.95,0.4718,,58,60,,,51,0,HOLD,0.09,1,False,live,ETF,40,NEUTRAL
2026-08-25T07:30:54.613177+09:00,2026-08-25,COWG,Pacer US Large Cap Cash Cows Growth Lead,US,미분류,2026-08-24,39.31,359558,254947.9,0.5633,,80,60,,,60,1,WATCH,0.54,6,False,live,ETF,29,NEUTRAL
2026-08-25T07:30:54.613177+09:00,2026-08-25,CGIC,Capital Group International Core Equity ,US,미분류,2026-08-24,36.98,311735,554666.75,0.3029,,87,60,,,61,1,WATCH,0.65,8,False,live,ETF,23,NEUTRAL
2026-08-25T07:30:54.613177+09:00,2026-08-25,FXO,First Trust Financials AlphaDEX Fund,US,금융,2026-08-24,66.27,19543,48772.15,0.5793,,47,60,,,45,0,HOLD,0.01,0,False,live,ETF,43,NEUTRAL
2026-08-25T07:30:54.613177+09:00,2026-08-25,BSVO,EA Bridgeway Omni Small-Cap Value ETF,US,미분류,2026-08-24,29.4931,76017,119660.85,0.2671,,44,60,,,51,0,HOLD,0.05,1,False,live,ETF,62,NEUTRAL
2026-08-25T07:30:54.613177+09:00,2026-08-25,GUSA,Goldman Sachs MarketBeta US 1000 Equity ,US,미분류,2026-08-21,66.378,100,155.0,0.3406,,65,60,,,55,0,HOLD,0.31,4,False,live,ETF,40,NEUTRAL
2026-08-25T07:30:54.613177+09:00,2026-08-25,PWB,Invesco Large Cap Growth ETF,US,미분류,2026-08-24,154.34,173188,110049.4,2.8186,,25,60,,,38,0,AVOID,-0.57,-7,True,live,ETF,58,NEUTRAL
2026-08-25T07:30:54.613177+09:00,2026-08-25,CGIE,Capital Group International Equity ETF,US,미분류,2026-08-24,38.02,274864,377753.2,0.2661,,69,60,,,65,0,HOLD,0.62,7,False,live,ETF,58,NEUTRAL
2026-08-25T07:30:54.613177+09:00,2026-08-25,FTHI,First Trust BuyWrite Income ETF,US,미분류,2026-08-24,23.78,749079,594153.95,0.1553,,58,60,,,50,0,HOLD,0.08,1,False,live,ETF,37,NEUTRAL
2026-08-25T07:30:54.613177+09:00,2026-08-25,ILF,iShares Latin America 40 ETF,US,미분류,2026-08-24,34.77,4390358,2995192.9,0.5807,,80,60,,,57,1,HOLD,0.44,5,False,live,ETF,22,NEUTRAL
2026-08-25T07:30:54.613177+09:00,2026-08-25,FIDU,Fidelity MSCI Industrials Index ETF,US,산업재,2026-08-24,94.84,149202,84145.1,1.0871,,35,60,,,41,0,AVOID,-0.36,-4,True,live,ETF,50,NEUTRAL
2026-08-25T07:30:54.613177+09:00,2026-08-25,RPG,Invesco S&P 500 Pure Growth ETF,US,미분류,2026-08-24,57.29,257949,729457.45,1.1114,,25,60,,,29,0,AVOID,-0.8,-10,True,live,ETF,36,NEUTRAL
2026-08-25T07:30:54.613177+09:00,2026-08-25,FUTY,Fidelity MSCI Utilities Index ETF,US,유틸리티,2026-08-24,55.79,398305,465915.25,0.8057,,31,60,,,43,0,AVOID,-0.4,-5,True,live,ETF,62,NEUTRAL
2026-08-25T07:30:54.613177+09:00,2026-08-25,DSTL,Distillate U.S. Fundamental Stability & ,US,미분류,2026-08-24,70.06,35998,86829.9,0.87,,78,60,,,82,2,STRONG_BUY,1.28,15,False,live,ETF,88,NEUTRAL
2026-08-25T07:30:54.613177+09:00,2026-08-25,ICLN,iShares Global Clean Energy ETF,US,미분류,2026-08-24,17.43,6385439,7512816.95,0.3775,,29,60,,,31,0,AVOID,-0.89,-11,True,live,ETF,33,NEUTRAL
2026-08-25T07:30:54.613177+09:00,2026-08-25,FNCL,Fidelity MSCI Financials Index ETF,US,금융,2026-08-24,82.8,77038,82736.9,0.7179,,62,60,,,63,0,HOLD,0.61,7,False,live,ETF,64,NEUTRAL
2026-08-25T07:30:54.613177+09:00,2026-08-25,DFSU,Dimensional - US Sustainability Core 1 E,US,미분류,2026-08-24,48.2,28230,98656.5,0.3594,,58,60,,,57,0,HOLD,0.32,4,False,live,ETF,56,NEUTRAL
2026-08-25T07:30:54.613177+09:00,2026-08-25,PSI,Invesco Semiconductors ETF,US,IT,2026-08-24,134.06,438483,498464.15,6.5543,,15,60,,,28,0,AVOID,-1.09,-13,True,live,ETF,47,NEUTRAL
2026-08-25T07:30:54.613177+09:00,2026-08-25,HDEF,Xtrackers MSCI EAFE High Dividend Yield ,US,미분류,2026-08-24,34.4,53227,102986.35,0.2308,,88,60,,,74,1,WATCH,1.03,12,False,live,ETF,52,NEUTRAL
2026-08-25T07:30:54.613177+09:00,2026-08-25,EEMA,iShares MSCI Emerging Markets Asia ETF,US,미분류,2026-08-24,114.505,177829,66291.45,1.4121,,65,60,,,53,0,HOLD,0.18,2,False,live,ETF,35,NEUTRAL
2026-08-25T07:30:54.613177+09:00,2026-08-25,XSMO,Invesco S&P SmallCap Momentum ETF,US,미분류,2026-08-24,85.27,242420,264881.0,1.2386,,20,60,,,21,0,AVOID,-1.07,-13,True,live,ETF,23,NEUTRAL
2026-08-25T07:30:54.613177+09:00,2026-08-25,QDF,FlexShares Quality Dividend Index Fund,US,미분류,2026-08-24,92.2223,23996,25364.8,0.4979,,40,60,,,44,0,AVOID,-0.19,-2,True,live,ETF,50,NEUTRAL
2026-08-25T07:30:54.613177+09:00,2026-08-25,SPGP,Invesco S&P 500 GARP ETF,US,미분류,2026-08-24,128.11,50832,104046.6,1.0047,,62,60,,,48,0,HOLD,0.14,2,False,live,ETF,26,NEUTRAL
2026-08-25T07:30:54.613177+09:00,2026-08-25,QGRW,WisdomTree U.S. Quality Growth Fund,US,미분류,2026-08-24,66.51,193690,207399.5,0.6754,,40,60,,,29,0,AVOID,-0.63,-8,True,live,ETF,13,NEUTRAL
2026-08-25T07:30:54.613177+09:00,2026-08-25,IYG,iShares U.S. Financial Services ETF,US,금융,2026-08-24,97.77,80197,66384.85,0.9232,,62,60,,,64,0,HOLD,0.63,8,False,live,ETF,67,NEUTRAL
2026-08-25T07:30:54.613177+09:00,2026-08-25,IHDG,WisdomTree International Hedged Quality ,US,미분류,2026-08-24,53.38,434542,124842.1,0.2711,,62,60,,,68,1,WATCH,0.66,8,False,live,ETF,78,NEUTRAL
2026-08-25T07:30:54.613177+09:00,2026-08-25,XSOE,WisdomTree Emerging Markets ex-State-Own,US,미분류,2026-08-24,46.79,68752,104742.6,0.6604,,65,60,,,63,0,HOLD,0.42,5,False,live,ETF,60,NEUTRAL
2026-08-25T07:30:54.613177+09:00,2026-08-25,TCHP,T. Rowe Price Blue Chip Growth ETF,US,미분류,2026-08-24,49.96,63280,207659.0,0.5519,,40,60,,,31,0,AVOID,-0.64,-8,True,live,ETF,17,NEUTRAL
2026-08-25T07:30:54.613177+09:00,2026-08-25,TSPA,T. Rowe Price U.S. Equity Research ETF,US,미분류,2026-08-24,48.06,389299,377464.95,0.3629,,40,60,,,27,0,AVOID,-0.68,-8,True,live,ETF,7,NEUTRAL
2026-08-25T07:30:54.613177+09:00,2026-08-25,IWL,iShares Russell Top 200 ETF,US,미분류,2026-08-24,188.85,40212,45110.6,1.2721,,40,60,,,27,0,AVOID,-0.67,-8,True,live,ETF,8,NEUTRAL
2026-08-25T07:30:54.613177+09:00,2026-08-25,QGRO,American Century U.S. Quality Growth ETF,US,미분류,2026-08-24,117.89,57508,74160.4,1.1279,,58,60,,,45,0,HOLD,-0.03,0,False,live,ETF,26,NEUTRAL
2026-08-25T07:30:54.613177+09:00,2026-08-25,MLPA,Global X - MLP ETF,US,에너지,2026-08-24,56.39,138142,221952.1,0.7144,,65,60,,,57,0,HOLD,0.39,5,False,live,ETF,46,NEUTRAL
2026-08-25T07:30:54.613177+09:00,2026-08-25,EPI,WisdomTree India Earnings Fund,US,미분류,2026-08-24,42.8,261489,272014.45,0.24,,32,60,,,24,0,AVOID,-0.82,-10,True,live,ETF,13,NEUTRAL
2026-08-25T07:30:54.613177+09:00,2026-08-25,DFEV,Dimensional - Emerging Markets Value ETF,US,미분류,2026-08-24,41.66,208543,237462.15,0.5077,,65,60,,,67,1,WATCH,0.55,7,False,live,ETF,71,NEUTRAL
2026-08-25T07:30:54.613177+09:00,2026-08-25,EPP,iShares MSCI Pacific ex Japan ETF,US,미분류,2026-08-24,57.9,266351,330577.55,0.4384,,62,60,,,64,0,HOLD,0.55,7,False,live,ETF,66,NEUTRAL
2026-08-25T07:30:54.613177+09:00,2026-08-25,EMOP,Alliance Bernstein - AB Emerging Markets,US,미분류,2026-08-24,50.06,47649,51727.45,0.7005,,65,60,,,52,0,HOLD,0.13,2,False,live,ETF,33,NEUTRAL
2026-08-25T07:30:54.613177+09:00,2026-08-25,ROBO,ROBO Global Robotics and Automation Inde,US,미분류,2026-08-24,79.97,133434,181026.7,1.2385,,17,60,,,25,0,AVOID,-1.1,-13,True,live,ETF,36,NEUTRAL
2026-08-25T07:30:54.613177+09:00,2026-08-25,HACK,Amplify Cybersecurity ETF,US,IT,2026-08-24,109.57,163772,253648.6,3.253,,47,60,,,59,1,HOLD,0.41,5,False,live,ETF,77,NEUTRAL
2026-08-25T07:30:54.613177+09:00,2026-08-25,USPX,Franklin U.S. Equity Index ETF,US,미분류,2026-08-24,66.7,29976,70073.8,0.3941,,43,60,,,48,0,HOLD,-0.09,-1,False,live,ETF,55,NEUTRAL
2026-08-25T07:30:54.613177+09:00,2026-08-25,PHO,Invesco Water Resources ETF,US,미분류,2026-08-24,72.31,59992,79629.6,0.8836,,55,60,,,43,0,AVOID,0.0,0,True,live,ETF,26,NEUTRAL
2026-08-25T07:30:54.613177+09:00,2026-08-25,JPEF,JPMorgan Equity Focus ETF,US,미분류,2026-08-24,81.0292,75102,72005.1,0.5569,,40,60,,,30,0,AVOID,-0.61,-7,True,live,ETF,14,NEUTRAL
2026-08-25T07:30:54.613177+09:00,2026-08-25,VIOV,Vanguard S&P Small-Cap 600 Value ETF,US,미분류,2026-08-24,118.43,28362,36908.1,1.1,,47,60,,,51,0,HOLD,0.09,1,False,live,ETF,58,NEUTRAL
2026-08-25T07:30:54.613177+09:00,2026-08-25,CGCV,Capital Group Conservative Equity ETF,US,미분류,2026-08-24,33.38,143328,263631.4,0.1871,,40,60,,,41,0,AVOID,-0.26,-3,True,live,ETF,43,NEUTRAL
2026-08-25T07:30:54.613177+09:00,2026-08-25,RWJ,Invesco S&P SmallCap 600 Revenue ETF,US,미분류,2026-08-24,61.22,70952,85912.6,0.6693,,44,60,,,44,0,AVOID,-0.09,-1,True,live,ETF,43,NEUTRAL
2026-08-25T07:30:54.613177+09:00,2026-08-25,EWW,iShares MSCI Mexico ETF,US,미분류,2026-08-24,77.15,1252780,1372354.0,1.2464,,80,60,,,58,1,HOLD,0.46,6,False,live,ETF,25,NEUTRAL
2026-08-25T07:30:54.613177+09:00,2026-08-25,BKDV,BNY Mellon Dynamic Value ETF,US,미분류,2026-08-24,34.92,206055,329097.75,0.2309,,69,60,,,68,0,HOLD,0.72,9,False,live,ETF,66,NEUTRAL
2026-08-25T07:30:54.613177+09:00,2026-08-25,HFXI,NYLI FTSE International Equity Currency ,US,미분류,2026-08-24,38.09,958680,336049.0,0.3311,,58,60,,,64,1,WATCH,0.47,6,False,live,ETF,74,NEUTRAL
2026-08-25T07:30:54.613177+09:00,2026-08-25,EWP,iShares MSCI Spain ETF,US,미분류,2026-08-24,63.23,190707,321245.35,0.5421,,69,60,,,67,0,HOLD,0.76,9,False,live,ETF,64,NEUTRAL
2026-08-25T07:30:54.613177+09:00,2026-08-25,IVOG,Vanguard S&P Mid-Cap 400 Growth ETF,US,미분류,2026-08-24,142.378,58452,27042.6,1.6743,,43,60,,,43,0,AVOID,-0.24,-3,True,live,ETF,43,NEUTRAL
2026-08-25T07:30:54.613177+09:00,2026-08-25,FIW,First Trust Water ETF,US,미분류,2026-08-24,111.07,52163,40283.15,1.215,,47,60,,,56,1,HOLD,0.24,3,False,live,ETF,70,NEUTRAL
2026-08-25T07:30:54.613177+09:00,2026-08-25,SCHY,Schwab International Dividend Equity ETF,US,미분류,2026-08-24,33.64,686642,696802.1,0.2005,,58,60,,,62,0,HOLD,0.46,6,False,live,ETF,69,NEUTRAL
2026-08-25T07:30:54.613177+09:00,2026-08-25,SPGM,State Street SPDR Portfolio MSCI Global ,US,미분류,2026-08-24,87.46,66881,87404.05,0.5729,,58,60,,,37,0,AVOID,-0.25,-3,True,live,ETF,5,NEUTRAL
2026-08-25T07:30:54.613177+09:00,2026-08-25,PXH,Invesco RAFI Emerging Markets ETF,US,미분류,2026-08-24,29.19,140759,152802.95,0.2563,,58,60,,,62,0,HOLD,0.41,5,False,live,ETF,69,NEUTRAL
2026-08-25T07:30:54.613177+09:00,2026-08-25,FXR,First Trust Industrials/Producer Durable,US,산업재,2026-08-24,88.78,7262,17113.1,0.8779,,32,60,,,35,0,AVOID,-0.51,-6,True,live,ETF,40,NEUTRAL
2026-08-25T07:30:54.613177+09:00,2026-08-25,VTWG,Vanguard Russell 2000 Growth ETF,US,미분류,2026-08-24,279.75,13426,23146.3,3.2107,,43,60,,,51,0,HOLD,-0.01,0,False,live,ETF,64,NEUTRAL
2026-08-25T07:30:54.613177+09:00,2026-08-25,HEDJ,WisdomTree Europe Hedged Equity Fund,US,미분류,2026-08-24,57.59,26512,57730.6,0.6336,,58,60,,,42,0,AVOID,-0.1,-1,True,live,ETF,18,NEUTRAL
2026-08-25T07:30:54.613177+09:00,2026-08-25,IYE,iShares U.S. Energy ETF,US,에너지,2026-08-24,66.805,398583,647134.15,1.1886,,81,60,,,77,2,BUY,1.12,13,False,live,ETF,72,NEUTRAL
2026-08-25T07:30:54.613177+09:00,2026-08-25,FXU,First Trust Utilities AlphaDEX Fund,US,유틸리티,2026-08-24,47.94,110786,280914.3,0.6464,,28,60,,,26,0,AVOID,-0.85,-10,True,live,ETF,22,NEUTRAL
2026-08-25T07:30:54.613177+09:00,2026-08-25,FENY,Fidelity MSCI Energy Index ETF,US,에너지,2026-08-24,35.02,762444,1211932.2,0.6379,,81,60,,,81,2,STRONG_BUY,1.21,15,False,live,ETF,81,NEUTRAL
2026-08-25T07:30:54.613177+09:00,2026-08-25,WCMI,First Trust WCM International Equity ETF,US,미분류,2026-08-24,19.65,460660,781068.0,0.2181,,58,60,,,53,0,HOLD,0.18,2,False,live,ETF,45,NEUTRAL
2026-08-25T07:30:54.613177+09:00,2026-08-25,DGS,WisdomTree Emerging Markets SmallCap Div,US,미분류,2026-08-24,63.226,35138,39281.9,0.5814,,65,60,,,53,0,HOLD,0.16,2,False,live,ETF,34,NEUTRAL
2026-08-25T07:30:54.613177+09:00,2026-08-25,RWR,State Street SPDR Dow Jones REIT ETF,US,리츠,2026-08-24,115.18,73881,359854.05,1.2968,,58,60,,,63,1,WATCH,0.47,6,False,live,ETF,71,NEUTRAL
2026-08-25T07:30:54.613177+09:00,2026-08-25,ILOW,Alliance Bernstein - AB International Lo,US,미분류,2026-08-24,47.3752,51925,46191.25,0.4207,,65,60,,,47,0,HOLD,0.11,1,False,live,ETF,20,NEUTRAL
2026-08-25T07:30:54.613177+09:00,2026-08-25,EUSA,iShares MSCI USA Equal Weighted ETF,US,미분류,2026-08-24,118.27,33093,71119.65,0.8243,,62,60,,,64,0,HOLD,0.56,7,False,live,ETF,67,NEUTRAL
2026-08-25T07:30:54.613177+09:00,2026-08-25,CHAT,Roundhill Generative AI & Technology ETF,US,IT,2026-08-24,85.58,303134,526636.7,2.7039,,25,60,,,31,0,AVOID,-0.83,-10,True,live,ETF,41,NEUTRAL
2026-08-25T07:30:54.613177+09:00,2026-08-25,JEMA,JPMorgan ActiveBuilders Emerging Markets,US,미분류,2026-08-24,61.26,302698,168174.9,0.9161,,65,60,,,66,0,HOLD,0.52,6,False,live,ETF,68,NEUTRAL
2026-08-25T07:30:54.613177+09:00,2026-08-25,KBE,State Street SPDR S&P Bank ETF,US,금융,2026-08-24,68.79,675649,1339892.45,0.8875,,47,60,,,47,0,HOLD,0.01,0,False,live,ETF,48,NEUTRAL
2026-08-25T07:30:54.613177+09:00,2026-08-25,USVM,VictoryShares US Small Mid Cap Value Mom,US,미분류,2026-08-24,109.75,45986,37924.3,0.8801,,40,60,,,46,0,HOLD,-0.12,-1,False,live,ETF,56,NEUTRAL
2026-08-25T07:30:54.613177+09:00,2026-08-25,FCOM,Fidelity MSCI Communication Services Ind,US,인터넷,2026-08-24,70.79,164589,213794.45,0.9554,,65,65,,,75,1,WATCH,0.74,9,False,live,ETF,91,NEUTRAL
2026-08-25T07:30:54.613177+09:00,2026-08-25,BAFE,Brown Advisory Flexible Equity ETF,US,미분류,2026-08-24,30.1671,6038,45856.9,0.2096,,62,60,,,53,0,HOLD,0.26,3,False,live,ETF,40,NEUTRAL
2026-08-25T07:30:54.613177+09:00,2026-08-25,FDIS,Fidelity MSCI Consumer Discretionary Ind,US,소비재,2026-08-24,103.275,73698,68504.9,1.3211,,58,60,,,60,0,HOLD,0.35,4,False,live,ETF,64,NEUTRAL
2026-08-25T07:30:54.613177+09:00,2026-08-25,BDVL,iShares Disciplined Volatility Equity Ac,US,미분류,2026-08-24,26.638,167204,232635.2,0.143,,58,60,,,41,0,AVOID,-0.14,-2,True,live,ETF,15,NEUTRAL
2026-08-25T07:30:54.613177+09:00,2026-08-25,PKW,Invesco BuyBack Achievers ETF,US,미분류,2026-08-24,151.8045,24726,38756.3,1.2136,,69,60,,,68,0,HOLD,0.79,9,False,live,ETF,67,NEUTRAL
2026-08-25T07:30:54.613177+09:00,2026-08-25,EWL,iShares MSCI Switzerland ETF,US,미분류,2026-08-24,64.23,230518,544565.9,0.6114,,80,60,,,72,1,WATCH,0.89,11,False,live,ETF,60,NEUTRAL
2026-08-25T07:30:54.613177+09:00,2026-08-25,GEM,Goldman Sachs ActiveBeta Emerging Market,US,미분류,2026-08-24,50.52,105362,111063.1,0.7101,,65,60,,,67,1,WATCH,0.55,7,False,live,ETF,71,NEUTRAL
2026-08-25T07:30:54.613177+09:00,2026-08-25,QDPL,Pacer Metaurus US Large Cap Dividend Mul,US,미분류,2026-08-24,46.27,90356,118867.8,0.3351,,58,60,,,43,0,AVOID,-0.09,-1,True,live,ETF,20,NEUTRAL
2026-08-25T07:30:54.613177+09:00,2026-08-25,IMCB,iShares Morningstar Mid-Cap ETF,US,미분류,2026-08-24,99.77,18986,25969.3,0.6707,,62,60,,,65,1,WATCH,0.61,7,False,live,ETF,70,NEUTRAL
2026-08-25T07:30:54.613177+09:00,2026-08-25,RPV,Invesco S&P 500 Pure Value ETF,US,미분류,2026-08-24,122.65,269703,212655.15,1.125,,69,60,,,75,1,WATCH,0.95,11,False,live,ETF,84,NEUTRAL
2026-08-25T07:30:54.613177+09:00,2026-08-25,IEV,iShares Europe ETF,US,미분류,2026-08-24,75.91,94484,113789.2,0.4629,,69,60,,,70,1,WATCH,0.76,9,False,live,ETF,72,NEUTRAL
2026-08-25T07:30:54.613177+09:00,2026-08-25,XNTK,State Street SPDR NYSE Technology ETF,US,IT,2026-08-24,351.37,36959,66427.95,6.9454,,25,60,,,26,0,AVOID,-0.89,-11,True,live,ETF,27,NEUTRAL
2026-08-25T07:30:54.613177+09:00,2026-08-25,FBT,First Trust NYSE Arca Biotechnology Inde,US,제약/바이오,2026-08-24,268.96,189577,63173.85,4.2036,,80,65,,,72,1,WATCH,1.04,12,False,live,ETF,60,NEUTRAL
2026-08-25T07:30:54.613177+09:00,2026-08-25,FEX,First Trust Large Cap Core AlphaDEX Fund,US,미분류,2026-08-24,139.3615,7354,27777.7,1.0007,,58,60,,,58,0,HOLD,0.33,4,False,live,ETF,58,NEUTRAL
2026-08-25T07:30:54.613177+09:00,2026-08-25,DTD,WisdomTree U.S. Total Dividend Fund,US,미분류,2026-08-24,97.5,12998,27109.9,0.4989,,69,60,,,74,1,WATCH,0.86,10,False,live,ETF,81,NEUTRAL
2026-08-25T07:30:54.613177+09:00,2026-08-25,TOUS,T. Rowe Price International Equity ETF,US,미분류,2026-08-24,39.83,87602,123445.1,0.2745,,58,60,,,64,1,WATCH,0.49,6,False,live,ETF,72,NEUTRAL
2026-08-25T07:30:54.613177+09:00,2026-08-25,USFE,First Eagle US Equity ETF,US,미분류,2026-08-21,37.85,100,1650.0,0.255,,69,60,,,57,0,HOLD,0.48,6,False,live,ETF,40,NEUTRAL
2026-08-25T07:30:54.613177+09:00,2026-08-25,EPS,WisdomTree U.S. LargeCap Fund,US,미분류,2026-08-24,80.4,26492,47454.6,0.52,,58,60,,,40,0,AVOID,-0.14,-2,True,live,ETF,14,NEUTRAL
2026-08-25T07:30:54.613177+09:00,2026-08-25,PWV,Invesco Large Cap Value ETF,US,미분류,2026-08-24,82.57,100169,155918.45,0.7239,,73,60,,,80,2,STRONG_BUY,1.14,14,False,live,ETF,90,NEUTRAL
2026-08-25T07:30:54.613177+09:00,2026-08-25,EWG,iShares MSCI Germany ETF,US,미분류,2026-08-24,44.13,299411,771530.55,0.3025,,65,60,,,67,0,HOLD,0.61,7,False,live,ETF,69,NEUTRAL
2026-08-25T07:30:54.613177+09:00,2026-08-25,KLMT,Invesco MSCI Global Climate 500 ETF,US,미분류,2026-08-21,35.307,100,1490.0,0.1971,,65,60,,,55,0,HOLD,0.32,4,False,live,ETF,40,NEUTRAL
2026-08-25T07:30:54.613177+09:00,2026-08-25,INFL,Horizon Kinetics Inflation Beneficiaries,US,미분류,2026-08-24,55.72,183466,134353.3,0.7256,,73,60,,,77,2,BUY,0.97,12,False,live,ETF,82,NEUTRAL
2026-08-25T07:30:54.613177+09:00,2026-08-25,FEMD,First Eagle Mid Cap Equity ETF,US,미분류,2026-08-21,36.9,100,115.0,0.2336,,43,60,,,42,0,AVOID,-0.24,-3,True,live,ETF,40,NEUTRAL
2026-08-25T07:30:54.613177+09:00,2026-08-25,QUS,State Street SPDR MSCI USA StrategicFact,US,미분류,2026-08-24,195.271,13433,16156.65,1.0378,,69,60,,,61,0,HOLD,0.54,6,False,live,ETF,50,NEUTRAL
2026-08-25T07:30:54.613177+09:00,2026-08-25,RODM,Hartford Multifactor Developed Markets (,US,미분류,2026-08-24,42.16,53951,67292.55,0.3437,,65,60,,,63,0,HOLD,0.5,6,False,live,ETF,59,NEUTRAL
2026-08-25T07:30:54.613177+09:00,2026-08-25,IWC,iShares Micro-Cap ETF,US,미분류,2026-08-24,196.57,46387,51374.35,2.3193,,58,60,,,66,1,WATCH,0.53,6,False,live,ETF,78,NEUTRAL
2026-08-25T07:30:54.613177+09:00,2026-08-25,ASHR,Xtrackers Harvest CSI 300 China A-Shares,US,미분류,2026-08-24,33.93,2466790,3564384.5,0.3525,,31,60,,,32,0,AVOID,-0.72,-9,True,live,ETF,33,NEUTRAL
2026-08-25T07:30:54.613177+09:00,2026-08-25,DHS,WisdomTree U.S. High Dividend Fund,US,미분류,2026-08-24,119.57,32361,32183.05,0.9379,,91,60,,,78,1,WATCH,1.19,14,False,live,ETF,59,NEUTRAL
2026-08-25T07:30:54.613177+09:00,2026-08-25,FLKR,Franklin FTSE South Korea ETF,US,미분류,2026-08-24,57.31,209093,790479.65,2.1463,,65,60,,,57,0,HOLD,0.16,2,False,live,ETF,44,NEUTRAL
2026-08-25T07:30:54.613177+09:00,2026-08-25,TGRT,T. Rowe Price Growth ETF,US,미분류,2026-08-24,45.78,57885,104474.25,0.4916,,40,60,,,29,0,AVOID,-0.66,-8,True,live,ETF,12,NEUTRAL
2026-08-25T07:30:54.613177+09:00,2026-08-25,RSSL,Global X - Russell 2000 ETF,US,미분류,2026-08-24,116.61,12228,14741.4,0.916,,43,60,,,42,0,AVOID,-0.24,-3,True,live,ETF,40,NEUTRAL
2026-08-25T07:30:54.613177+09:00,2026-08-25,JSI,Janus Henderson Securitized Income ETF,US,미분류,2026-08-24,51.06,376643,149467.15,0.1072,,43,60,,,55,1,HOLD,0.08,1,False,live,ETF,73,NEUTRAL
2026-08-25T07:30:54.613177+09:00,2026-08-25,LCTU,iShares U.S. Carbon Transition Readiness,US,미분류,2026-08-24,82.3485,17009,19825.45,0.4762,,58,60,,,51,0,HOLD,0.13,2,False,live,ETF,40,NEUTRAL
2026-08-25T07:30:54.613177+09:00,2026-08-25,LIT,Global X - Lithium & Battery Tech ETF,US,미분류,2026-08-24,77.03,1212970,242718.5,1.3093,,62,60,,,60,0,HOLD,0.22,3,False,live,ETF,56,NEUTRAL
2026-08-25T07:30:54.613177+09:00,2026-08-25,IVOV,Vanguard S&P Mid-Cap 400 Value ETF,US,미분류,2026-08-24,114.566,13667,14108.35,0.9371,,40,60,,,40,0,AVOID,-0.29,-3,True,live,ETF,40,NEUTRAL
2026-08-25T07:30:54.613177+09:00,2026-08-25,QVML,Invesco S&P 500 QVM Multi-factor ETF,US,미분류,2026-08-24,45.1386,20966,40078.3,0.2784,,40,60,,,40,0,AVOID,-0.32,-4,True,live,ETF,40,NEUTRAL
2026-08-25T07:30:54.613177+09:00,2026-08-25,DFAW,Dimensional - World Equity ETF,US,미분류,2026-08-24,85.02,91579,79833.95,0.5925,,58,60,,,54,0,HOLD,0.23,3,False,live,ETF,49,NEUTRAL
2026-08-25T07:30:54.613177+09:00,2026-08-25,USXF,iShares ESG Advanced MSCI USA ETF,US,미분류,2026-08-24,67.53,75925,55371.25,0.7332,,40,60,,,32,0,AVOID,-0.55,-7,True,live,ETF,21,NEUTRAL
2026-08-25T07:30:54.613177+09:00,2026-08-25,OIH,VanEck Oil Services ETF,US,에너지,2026-08-24,408.71,266677,226398.85,10.3811,,87,60,,,67,1,WATCH,0.68,8,False,live,ETF,38,NEUTRAL
2026-08-25T07:30:54.613177+09:00,2026-08-25,PDP,Invesco Dorsey Wright Momentum ETF,US,미분류,2026-08-24,134.25,19485,30959.25,2.8429,,25,60,,,26,0,AVOID,-0.94,-11,True,live,ETF,27,NEUTRAL
2026-08-25T07:30:54.613177+09:00,2026-08-25,XHB,State Street SPDR S&P Homebuilders ETF,US,미분류,2026-08-24,106.29,812283,1969844.15,2.4204,,28,60,,,24,0,AVOID,-0.81,-10,True,live,ETF,19,NEUTRAL
2026-08-25T07:30:54.613177+09:00,2026-08-25,EWA,iShares MSCI Australia ETF,US,미분류,2026-08-24,30.06,1675797,1829299.85,0.2629,,62,60,,,66,1,WATCH,0.59,7,False,live,ETF,71,NEUTRAL
2026-08-25T07:30:54.613177+09:00,2026-08-25,QQQE,Direxion NASDAQ-100 Equal Weighted Index,US,미분류,2026-08-24,122.04,274936,156561.8,1.1636,,58,60,,,50,0,HOLD,0.1,1,False,live,ETF,37,NEUTRAL
2026-08-25T07:30:54.613177+09:00,2026-08-25,FGD,First Trust Dow Jones Global Select Divi,US,미분류,2026-08-24,35.68,126363,131848.15,0.2226,,78,60,,,75,2,BUY,0.98,12,False,live,ETF,70,NEUTRAL
2026-08-25T07:30:54.613177+09:00,2026-08-25,FQAL,Fidelity Quality Factor ETF,US,미분류,2026-08-24,84.4864,14328,31701.4,0.493,,58,60,,,60,0,HOLD,0.39,5,False,live,ETF,62,NEUTRAL
2026-08-25T07:30:54.613177+09:00,2026-08-25,FTC,First Trust Large Cap Growth AlphaDEX Fu,US,미분류,2026-08-24,178.5094,7972,10808.6,2.3714,,25,60,,,31,0,AVOID,-0.75,-9,True,live,ETF,40,NEUTRAL
2026-08-25T07:30:54.613177+09:00,2026-08-25,IYK,iShares U.S. Consumer Staples ETF,US,소매,2026-08-24,76.23,122210,207270.5,0.8832,,91,60,,,67,1,WATCH,0.9,11,False,live,ETF,31,NEUTRAL
2026-08-25T07:30:54.613177+09:00,2026-08-25,SMIG,Bahl & Gaynor Small/Mid Cap Income Growt,US,미분류,2026-08-24,32.79,153898,250039.9,0.2674,,43,60,,,48,0,HOLD,-0.09,-1,False,live,ETF,55,NEUTRAL
2026-08-25T07:30:54.613177+09:00,2026-08-25,TDVG,T. Rowe Price Dividend Growth ETF,US,미분류,2026-08-24,50.28,37024,64931.2,0.3023,,62,60,,,44,0,AVOID,0.02,0,True,live,ETF,17,NEUTRAL
2026-08-25T07:30:54.613177+09:00,2026-08-25,EXI,iShares Global Industrials ETF,US,산업재,2026-08-24,200.29,83396,33774.8,1.8807,,40,60,,,45,0,HOLD,-0.19,-2,False,live,ETF,52,NEUTRAL
2026-08-25T07:30:54.613177+09:00,2026-08-25,EQTY,Kovitz Core Equity ETF,US,미분류,2026-08-24,29.96,20982,17259.1,0.1918,,62,60,,,53,0,HOLD,0.3,4,False,live,ETF,40,NEUTRAL
2026-08-25T07:30:54.613177+09:00,2026-08-25,FNX,First Trust Mid Cap Core AlphaDEX Fund,US,미분류,2026-08-24,145.3334,3502,10500.1,1.0529,,43,60,,,42,0,AVOID,-0.23,-3,True,live,ETF,40,NEUTRAL
2026-08-25T07:30:54.613177+09:00,2026-08-25,IDU,iShares U.S. Utilities ETF,US,유틸리티,2026-08-24,110.03,125277,172328.85,1.4271,,28,60,,,26,0,AVOID,-0.87,-10,True,live,ETF,23,NEUTRAL
2026-08-25T07:30:54.613177+09:00,2026-08-25,FWD,Alliance Bernstein - AB Disruptors ETF,US,미분류,2026-08-24,127.55,192821,290746.05,2.3889,,25,60,,,30,0,AVOID,-0.87,-10,True,live,ETF,38,NEUTRAL
2026-08-25T07:30:54.613177+09:00,2026-08-25,FSTA,Fidelity MSCI Consumer Staples Index ETF,US,소매,2026-08-24,54.92,127327,138491.35,0.6982,,84,60,,,68,1,WATCH,0.82,10,False,live,ETF,43,NEUTRAL
2026-08-25T07:30:54.613177+09:00,2026-08-25,DVGR,DAC 3D Dividend Growth ETF,US,미분류,2026-08-24,27.2551,1496,1474.8,0.142,1408915200,40,60,,,40,0,AVOID,-0.3,-4,True,live,ETF,40,NEUTRAL
2026-08-25T07:30:54.613177+09:00,2026-08-25,SQS,Sapient Quality Select ETF,US,미분류,2026-08-24,27.9867,5149,10547.45,0.2086,,40,60,,,40,0,AVOID,-0.36,-4,True,live,ETF,40,NEUTRAL
2026-08-25T07:30:54.613177+09:00,2026-08-25,FXL,First Trust Technology AlphaDEX Fund,US,IT,2026-08-24,210.87,69402,31940.1,4.2436,,43,60,,,37,0,AVOID,-0.39,-5,True,live,ETF,27,NEUTRAL
2026-08-25T07:30:54.613177+09:00,2026-08-25,FNDB,Schwab Fundamental U.S. Broad Market Ind,US,미분류,2026-08-24,31.75,171802,213925.1,0.1936,,62,60,,,70,1,WATCH,0.69,8,False,live,ETF,81,NEUTRAL
2026-08-25T07:30:54.613177+09:00,2026-08-25,FDLO,Fidelity Low Volatility Factor ETF ,US,미분류,2026-08-24,73.0614,32665,53853.25,0.4935,,58,60,,,60,0,HOLD,0.38,5,False,live,ETF,62,NEUTRAL
2026-08-25T07:30:54.613177+09:00,2026-08-25,IAI,iShares U.S. Broker-Dealers & Securities,US,금융,2026-08-24,194.76,77394,71209.7,2.3828,,88,60,,,59,1,HOLD,0.69,8,False,live,ETF,16,NEUTRAL
2026-08-25T07:30:54.613177+09:00,2026-08-25,IDVO,Amplify CWP International Enhanced Divid,US,미분류,2026-08-24,43.12,255838,241746.9,0.3831,,65,60,,,62,0,HOLD,0.48,6,False,live,ETF,58,NEUTRAL
2026-08-25T07:30:54.613177+09:00,2026-08-25,FYX,First Trust Small Cap Core AlphaDEX Fund,US,미분류,2026-08-24,142.8991,30317,29685.85,1.2815,,44,60,,,46,0,HOLD,-0.07,-1,False,live,ETF,49,NEUTRAL
2026-08-25T07:30:54.613177+09:00,2026-08-25,RYLD,Global X - Russell 2000 Covered Call ETF,US,미분류,2026-08-24,16.21,343835,492376.75,0.0592,,47,60,,,62,1,WATCH,0.36,4,False,live,ETF,85,NEUTRAL
2026-08-25T07:30:54.613177+09:00,2026-08-25,VTWV,Vanguard Russell 2000 Value ETF,US,미분류,2026-08-24,197.75,15287,35459.35,1.7393,,43,60,,,50,0,HOLD,0.01,0,False,live,ETF,61,NEUTRAL
2026-08-25T07:30:54.613177+09:00,2026-08-25,FTA,First Trust Large Cap Value AlphaDEX Fun,US,미분류,2026-08-24,104.2211,23338,27256.9,0.8725,,69,60,,,73,1,WATCH,0.91,11,False,live,ETF,79,NEUTRAL
2026-08-25T07:30:54.613177+09:00,2026-08-25,SDOG,ALPS Sector Dividend Dogs ETF,US,미분류,2026-08-24,74.17,17155,35117.75,0.665,,91,60,,,83,2,STRONG_BUY,1.35,16,True,live,ETF,70,NEUTRAL
2026-08-25T07:30:54.613177+09:00,2026-08-25,AVLC,Avantis U.S. Large Cap Equity ETF,US,미분류,2026-08-24,91.31,50654,70627.7,0.6174,,58,60,,,43,0,AVOID,-0.08,-1,True,live,ETF,20,NEUTRAL
2026-08-25T07:30:54.613177+09:00,2026-08-25,URNM,Sprott Uranium Miners ETF,US,에너지,2026-08-24,58.72,673012,447770.6,1.8359,,67,60,,,62,0,HOLD,0.42,5,False,live,ETF,55,NEUTRAL
2026-08-25T07:30:54.613177+09:00,2026-08-25,TMSL,T. Rowe Price Small-Mid Cap ETF,US,미분류,2026-08-24,43.26,310236,467066.8,0.4633,,40,60,,,30,0,AVOID,-0.56,-7,True,live,ETF,16,NEUTRAL
2026-08-25T07:30:54.613177+09:00,2026-08-25,PTNQ,Pacer Trendpilot 100 ETF,US,미분류,2026-08-24,85.1774,33165,50938.25,0.9583,,25,60,,,28,0,AVOID,-0.84,-10,True,live,ETF,33,NEUTRAL
2026-08-25T07:30:54.613177+09:00,2026-08-25,FYC,First Trust Small Cap Growth AlphaDEX Fu,US,미분류,2026-08-24,121.07,142724,99781.2,1.3236,,40,60,,,46,0,HOLD,-0.14,-2,False,live,ETF,55,NEUTRAL
2026-08-25T07:30:54.613177+09:00,2026-08-25,AVIV,Avantis International Large Cap Value ET,US,미분류,2026-08-24,83.4,57736,113771.8,0.545,,59,60,,,60,0,HOLD,0.41,5,False,live,ETF,61,NEUTRAL
2026-08-25T07:30:54.613177+09:00,2026-08-25,BKIE,BNY Mellon International Equity ETF,US,미분류,2026-08-24,34.805,80343,128742.15,0.2602,,69,60,,,65,0,HOLD,0.62,7,False,live,ETF,58,NEUTRAL
2026-08-25T07:30:54.613177+09:00,2026-08-25,CATH,Global X - S&P 500 Catholic Values ETF,US,미분류,2026-08-24,90.87,78599,44394.95,0.6019,,40,60,,,30,0,AVOID,-0.6,-7,True,live,ETF,14,NEUTRAL
2026-08-25T07:30:54.613177+09:00,2026-08-25,ILCV,iShares Morningstar Value ETF,US,미분류,2026-08-24,108.5,39643,22087.15,0.6857,,69,60,,,73,1,WATCH,0.85,10,False,live,ETF,78,NEUTRAL
2026-08-25T07:30:54.613177+09:00,2026-08-25,FTGS,First Trust Growth Strength ETF,US,미분류,2026-08-24,39.43,66535,112851.75,0.3144,,62,60,,,57,0,HOLD,0.38,5,False,live,ETF,50,NEUTRAL
2026-08-25T07:30:54.613177+09:00,2026-08-25,FVAL,Fidelity Value Factor ETF,US,미분류,2026-08-24,82.4548,37014,57605.7,0.56,,58,60,,,53,0,HOLD,0.22,3,False,live,ETF,46,NEUTRAL
2026-08-25T07:30:54.613177+09:00,2026-08-25,RWK,Invesco S&P MidCap 400 Revenue ETF,US,미분류,2026-08-24,148.908,11873,23583.65,1.2629,,47,60,,,47,0,HOLD,-0.04,0,False,live,ETF,46,NEUTRAL
2026-08-25T07:30:54.613177+09:00,2026-08-25,ILCB,iShares Morningstar U.S. Equity ETF,US,미분류,2026-08-24,105.869,15264,12118.2,0.6219,,58,60,,,51,0,HOLD,0.12,1,False,live,ETF,40,NEUTRAL
2026-08-25T07:30:54.613177+09:00,2026-08-25,FEGE,First Eagle Global Equity ETF,US,미분류,2026-08-24,53.45,257491,320029.55,0.4524,,88,60,,,88,2,STRONG_BUY,1.41,17,True,live,ETF,87,NEUTRAL
2026-08-25T07:30:54.613177+09:00,2026-08-25,DMXF,iShares ESG Advanced MSCI EAFE ETF,US,미분류,2026-08-24,86.595,14819,24180.95,0.7536,,65,60,,,46,0,HOLD,0.09,1,False,live,ETF,18,NEUTRAL
2026-08-25T07:30:54.613177+09:00,2026-08-25,RWO,State Street SPDR Dow Jones Global Real ,US,리츠,2026-08-24,50.73,100282,192549.1,0.4961,,58,60,,,39,0,AVOID,-0.18,-2,True,live,ETF,11,NEUTRAL
2026-08-25T07:30:54.613177+09:00,2026-08-25,EDIV,State Street SPDR S&P Emerging Markets D,US,미분류,2026-08-24,42.065,73942,97877.1,0.2892,,80,60,,,57,1,HOLD,0.48,6,False,live,ETF,23,NEUTRAL
2026-08-25T07:30:54.613177+09:00,2026-08-25,TAN,Invesco Solar ETF,US,IT,2026-08-24,48.32,916107,1421630.35,1.4975,,10,60,,,14,0,AVOID,-1.5,-15,True,live,ETF,20,NEUTRAL
2026-08-25T07:30:54.613177+09:00,2026-08-25,BLOK,Amplify Blockchain Technology ETF,US,미분류,2026-08-24,62.34,482867,190063.35,1.4867,,65,60,,,50,0,HOLD,0.07,1,False,live,ETF,27,NEUTRAL
2026-08-25T07:30:54.613177+09:00,2026-08-25,IYC,iShares U.S. Consumer Discretionary ETF,US,소비재,2026-08-24,103.41,100623,92036.15,1.195,,51,60,,,59,1,HOLD,0.27,3,False,live,ETF,72,NEUTRAL
2026-08-25T07:30:54.613177+09:00,2026-08-25,PSC,Principal U.S. Small-Cap Multi-Factor ET,US,미분류,2026-08-24,69.5153,118365,152903.25,0.637,,47,60,,,64,1,WATCH,0.42,5,False,live,ETF,90,NEUTRAL
2026-08-25T07:30:54.613177+09:00,2026-08-25,JHMD,John Hancock Investments - Multifactor D,US,미분류,2026-08-24,46.415,189332,79891.6,0.3432,,58,60,,,66,1,WATCH,0.55,7,False,live,ETF,78,NEUTRAL
2026-08-25T07:30:54.613177+09:00,2026-08-25,DVYE,iShares Emerging Markets Dividend ETF,US,미분류,2026-08-24,35.42,58754,115267.7,0.3286,,74,60,,,60,1,WATCH,0.54,6,False,live,ETF,40,NEUTRAL
2026-08-25T07:30:54.613177+09:00,2026-08-25,IHE,iShares U.S. Pharmaceuticals ETF,US,제약/바이오,2026-08-24,106.8,133643,237887.15,1.9207,,78,65,,,77,2,BUY,1.15,14,False,live,ETF,75,NEUTRAL
2026-08-25T07:30:54.613177+09:00,2026-08-25,XXX,CYBER HORNET S&P 500 and XRP 75/25 Strat,US,미분류,2026-08-24,21.9857,207,1885.35,0.2657,,66,60,,,56,0,HOLD,0.36,4,False,live,ETF,40,NEUTRAL
2026-08-25T07:30:54.613177+09:00,2026-08-25,GPIQ,Goldman Sachs Nasdaq-100 Premium Income ,US,IT,2026-08-24,56.19,1429828,1477671.4,0.5503,,25,60,,,31,0,AVOID,-0.73,-9,True,live,ETF,41,NEUTRAL
2026-08-25T07:30:54.613177+09:00,2026-08-25,SDIV,Global X - SuperDividend ETF,US,미분류,2026-08-24,24.96,390152,382522.6,0.197,,84,60,,,76,1,WATCH,0.99,12,False,live,ETF,64,NEUTRAL
2026-08-25T07:30:54.613177+09:00,2026-08-25,FREL,Fidelity MSCI Real Estate Index ETF,US,리츠,2026-08-24,30.08,266374,347658.7,0.3204,,80,60,,,68,1,WATCH,0.76,9,False,live,ETF,49,NEUTRAL
2026-08-25T07:30:54.613177+09:00,2026-08-25,JHML,John Hancock Investments - Multifactor L,US,미분류,2026-08-24,90.83,16001,31655.05,0.5342,,58,60,,,52,0,HOLD,0.16,2,False,live,ETF,43,NEUTRAL
2026-08-25T07:30:54.613177+09:00,2026-08-25,PEY,Invesco High Yield Equity Dividend Achie,US,미분류,2026-08-24,25.22,256891,291129.55,0.2804,,69,60,,,68,0,HOLD,0.82,10,False,live,ETF,67,NEUTRAL
2026-08-25T07:30:54.613177+09:00,2026-08-25,SUSL,iShares ESG MSCI USA Leaders ETF,US,미분류,2026-08-24,137.1141,17325,24951.25,0.9011,,58,60,,,43,0,AVOID,-0.07,-1,True,live,ETF,20,NEUTRAL
2026-08-25T07:30:54.613177+09:00,2026-08-25,GPIX,Goldman Sachs S&P 500 Premium Income ETF,US,미분류,2026-08-24,55.94,1324136,1198216.8,0.2996,,58,60,,,49,0,HOLD,0.07,1,False,live,ETF,35,NEUTRAL
2026-08-25T07:30:54.613177+09:00,2026-08-25,WINN,Harbor Long-Term Growers ETF (WINN),US,미분류,2026-08-24,33.23,119029,96791.45,0.3081,,40,60,,,47,0,HOLD,-0.15,-2,False,live,ETF,58,NEUTRAL
2026-08-25T07:30:54.613177+09:00,2026-08-25,PRMR,PeakShares RMR Prime Equity ETF,US,미분류,2026-08-24,28.5927,3169,34153.45,0.1929,,55,60,,,49,0,HOLD,0.09,1,False,live,ETF,40,NEUTRAL
2026-08-25T07:30:54.613177+09:00,2026-08-25,UFO,Procure Space ETF,US,미분류,2026-08-24,44.67,231240,386937.0,1.1561,,15,60,,,24,0,AVOID,-1.19,-14,True,live,ETF,37,NEUTRAL
2026-08-25T07:30:54.613177+09:00,2026-08-25,IQDF,FlexShares International Quality Dividen,US,미분류,2026-08-24,35.8675,21535,32886.75,0.2729,,87,60,,,68,1,WATCH,0.85,10,False,live,ETF,40,NEUTRAL
2026-08-25T07:30:54.613177+09:00,2026-08-25,LGLV,State Street SPDR US Large Cap Low Volat,US,미분류,2026-08-24,189.89,10307,19385.35,1.2471,,69,60,,,54,0,HOLD,0.36,4,False,live,ETF,32,NEUTRAL
2026-08-25T07:30:54.613177+09:00,2026-08-25,QQQJ,Invesco NASDAQ Next Gen 100 ETF,US,미분류,2026-08-24,45.64,98147,143242.35,0.5053,,58,60,,,46,0,HOLD,0.03,0,False,live,ETF,29,NEUTRAL
2026-08-25T07:30:54.613177+09:00,2026-08-25,CRBN,iShares Low Carbon Optimized MSCI ACWI E,US,미분류,2026-08-24,257.85,6865,5863.25,1.6656,,58,60,,,51,0,HOLD,0.12,1,False,live,ETF,40,NEUTRAL
2026-08-25T07:30:54.613177+09:00,2026-08-25,JSMD,Janus Henderson Small/Mid Cap Growth Alp,US,미분류,2026-08-24,94.0069,52484,59634.2,1.3033,,25,60,,,23,0,AVOID,-0.93,-11,True,live,ETF,21,NEUTRAL
2026-08-25T07:30:54.613177+09:00,2026-08-25,STXF,Strive 500 ETF,US,미분류,2026-08-24,49.43,41166,50943.3,0.3132,,58,60,,,46,0,HOLD,-0.02,0,False,live,ETF,27,NEUTRAL
2026-08-25T07:30:54.613177+09:00,2026-08-25,DFSI,Dimensional International Sustainability,US,미분류,2026-08-24,47.35,43194,49974.7,0.4373,,65,60,,,59,0,HOLD,0.42,5,False,live,ETF,49,NEUTRAL
2026-08-25T07:30:54.613177+09:00,2026-08-25,EFIV,State Street SPDR S&P 500 ESG ETF,US,미분류,2026-08-24,74.83,14317,26310.85,0.4797,,58,60,,,51,0,HOLD,0.14,2,False,live,ETF,40,NEUTRAL
2026-08-25T07:30:54.613177+09:00,2026-08-25,IMCV,iShares Morningstar Mid-Cap Value ETF,US,미분류,2026-08-24,98.49,16903,23450.15,0.7714,,69,60,,,75,1,WATCH,0.97,12,False,live,ETF,85,NEUTRAL
2026-08-25T07:30:54.613177+09:00,2026-08-25,WSGE,Warren Street Global Equity ETF,US,미분류,2026-08-24,28.6703,515,2085.75,0.1266,,51,60,,,47,0,HOLD,-0.04,0,False,live,ETF,40,NEUTRAL
2026-08-25T07:30:54.613177+09:00,2026-08-25,VOTE,TCW Transform 500 ETF,US,미분류,2026-08-24,90.0603,13095,20834.75,0.5542,,58,60,,,51,0,HOLD,0.12,1,False,live,ETF,40,NEUTRAL
2026-08-25T07:30:54.613177+09:00,2026-08-25,OAKM,Oakmark U.S. Large Cap ETF,US,미분류,2026-08-24,31.71,115740,185592.0,0.33,,78,60,,,81,2,STRONG_BUY,1.23,15,False,live,ETF,85,NEUTRAL
2026-08-25T07:30:54.613177+09:00,2026-08-25,EWS,iShares MSCI Singapore ETF,US,미분류,2026-08-24,33.74,689442,1019647.1,0.3525,,69,60,,,73,1,WATCH,0.98,12,False,live,ETF,80,NEUTRAL
2026-08-25T07:30:54.613177+09:00,2026-08-25,APIE,ActivePassive International Equity ETF,US,미분류,2026-08-24,39.5997,39463,47623.15,0.3849,,58,60,,,51,0,HOLD,0.13,2,False,live,ETF,40,NEUTRAL
2026-08-25T07:30:54.613177+09:00,2026-08-25,VIOG,Vanguard S&P Small-Cap 600 Growth ETF,US,미분류,2026-08-24,149.01,17696,23279.8,1.4007,,44,60,,,48,0,HOLD,-0.02,0,False,live,ETF,55,NEUTRAL
2026-08-25T07:30:54.613177+09:00,2026-08-25,AVGE,Avantis All Equity Markets ETF,US,미분류,2026-08-24,101.36,82154,91092.7,0.6537,,58,60,,,44,0,AVOID,-0.05,-1,True,live,ETF,23,NEUTRAL
2026-08-25T07:30:54.613177+09:00,2026-08-25,EWI,iShares MSCI Italy ETF,US,미분류,2026-08-24,62.76,65488,477999.4,0.3839,,59,60,,,51,0,HOLD,0.22,3,False,live,ETF,40,NEUTRAL
2026-08-25T07:30:54.613177+09:00,2026-08-25,MODL,VictoryShares WestEnd U.S. Sector ETF,US,미분류,2026-08-24,52.78,26995,46704.75,0.3413,,58,60,,,54,0,HOLD,0.24,3,False,live,ETF,49,NEUTRAL
2026-08-25T07:30:54.613177+09:00,2026-08-25,DLS,WisdomTree International SmallCap Divide,US,미분류,2026-08-24,88.7958,20261,18738.05,0.6236,,87,60,,,68,1,WATCH,0.84,10,False,live,ETF,40,NEUTRAL
2026-08-25T07:30:54.613177+09:00,2026-08-25,QEFA,State Street SPDR MSCI EAFE StrategicFac,US,미분류,2026-08-24,102.0,16430,19926.5,0.6473,,69,60,,,65,0,HOLD,0.63,8,False,live,ETF,59,NEUTRAL
2026-08-25T07:30:54.613177+09:00,2026-08-25,EIPI,FT Energy Income Partners Enhanced Incom,US,에너지,2026-08-24,22.57,49428,67141.4,0.2091,,87,60,,,68,1,WATCH,0.83,10,False,live,ETF,40,NEUTRAL
2026-08-25T07:30:54.613177+09:00,2026-08-25,IYM,iShares U.S. Basic Materials ETF,US,소재,2026-08-24,195.1,84813,171570.65,3.2232,,78,60,,,68,1,WATCH,0.78,9,False,live,ETF,52,NEUTRAL
2026-08-25T07:30:54.613177+09:00,2026-08-25,CGW,Invesco S&P Global Water Index ETF,US,미분류,2026-08-24,65.44,40430,20726.5,0.6025,,43,60,,,42,0,AVOID,-0.23,-3,True,live,ETF,40,NEUTRAL
2026-08-25T07:30:54.613177+09:00,2026-08-25,TGRW,T. Rowe Price Growth Stock ETF,US,미분류,2026-08-24,46.6861,832,18516.6,0.4055,,40,60,,,40,0,AVOID,-0.39,-5,True,live,ETF,40,NEUTRAL
2026-08-25T07:30:54.613177+09:00,2026-08-25,FTXH,First Trust Nasdaq Pharmaceuticals ETF,US,제약/바이오,2026-08-24,42.2235,124100,179235.0,0.7379,,82,65,,,82,2,STRONG_BUY,1.32,16,False,live,ETF,82,NEUTRAL
2026-08-25T07:30:54.613177+09:00,2026-08-25,EMCS,Xtrackers MSCI Emerging Markets Climate ,US,미분류,2026-08-24,44.9201,11060,30958.0,0.8204,,65,60,,,55,0,HOLD,0.24,3,False,live,ETF,40,NEUTRAL
2026-08-25T07:30:54.613177+09:00,2026-08-25,DSPY,Tema S&P 500 Historical Weight ETF Strat,US,미분류,2026-08-24,66.8671,2154,4677.7,0.3942,,58,60,,,51,0,HOLD,0.14,2,False,live,ETF,40,NEUTRAL
2026-08-25T07:30:54.613177+09:00,2026-08-25,JHEM,John Hancock Multifactor Emerging Market,US,미분류,2026-08-24,39.38,10277,33408.85,0.4504,,65,60,,,55,0,HOLD,0.23,3,False,live,ETF,40,NEUTRAL
2026-08-25T07:30:54.613177+09:00,2026-08-25,SLVR,Sprott Silver Miners & Physical Silver E,US,미분류,2026-08-24,63.39,163285,137599.25,2.4948,,65,60,,,68,1,WATCH,0.64,8,False,live,ETF,72,NEUTRAL
2026-08-25T07:30:54.613177+09:00,2026-08-25,KXI,iShares Global Consumer Staples ETF,US,소매,2026-08-24,69.92,124797,109724.85,0.7636,,65,60,,,69,1,WATCH,0.69,8,False,live,ETF,76,NEUTRAL
2026-08-25T07:30:54.613177+09:00,2026-08-25,ISCG,iShares Morningstar Small-Cap Growth ETF,US,미분류,2026-08-24,64.5116,13024,18961.2,0.6565,,43,60,,,42,0,AVOID,-0.24,-3,True,live,ETF,40,NEUTRAL
2026-08-25T07:30:54.613177+09:00,2026-08-25,FXH,First Trust Health Care AlphaDEX Fund,US,제약/바이오,2026-08-24,134.8,18193,57804.65,1.5679,,81,65,,,79,2,BUY,1.23,15,False,live,ETF,76,NEUTRAL
2026-08-25T07:30:54.613177+09:00,2026-08-25,SPHB,Invesco S&P 500 High Beta ETF,US,미분류,2026-08-24,145.63,182628,276081.4,2.6914,,28,60,,,32,0,AVOID,-0.67,-8,True,live,ETF,38,NEUTRAL
2026-08-25T07:30:54.613177+09:00,2026-08-25,PPH,VanEck Pharmaceutical ETF,US,제약/바이오,2026-08-24,116.48,97644,276797.2,2.0668,,78,65,,,75,2,BUY,1.07,13,False,live,ETF,71,NEUTRAL
2026-08-25T07:30:54.613177+09:00,2026-08-25,HAUZ,Xtrackers International Real Estate ETF,US,리츠,2026-08-24,22.9902,83501,81525.05,0.1821,,43,60,,,42,0,AVOID,-0.28,-3,True,live,ETF,40,NEUTRAL
2026-08-25T07:30:54.613177+09:00,2026-08-25,XLSR,State Street US Sector Rotation ETF,US,미분류,2026-08-24,65.7825,38834,42936.7,0.4506,,40,60,,,28,0,AVOID,-0.66,-8,True,live,ETF,11,NEUTRAL
