scan_ts_kst,date,ticker,name,market,sector,bar_date,close,volume,avg_vol20,atr14,market_cap,tech,macro,filing,value,total,consensus,signal,ev,target,hitl,source,asset_type,flow,regime,exchange
2026-08-27T09:18:07.571916+09:00,2026-08-27,NVDA,NVIDIA Corporation,US,반도체,2026-08-26,209.66,145070184,114902304.2,5.4386,5078174924800,40,65,71,58,53,1,HOLD,0.03,0,False,live,STOCK,42,NEUTRAL,NASDAQ
2026-08-27T09:18:07.571916+09:00,2026-08-27,AAPL,Apple Inc.,US,IT,2026-08-26,313.45,33571543,49847592.15,5.9462,4574545969152,65,60,68,42,65,1,HOLD,0.61,7,False,live,STOCK,84,NEUTRAL,NASDAQ
2026-08-27T09:18:07.571916+09:00,2026-08-27,GOOGL,Alphabet Inc.,US,인터넷,2026-08-26,342.0,20094343,25779987.15,6.3257,4182637805568,25,65,60,68,47,0,HOLD,-0.41,-5,False,live,STOCK,41,NEUTRAL,NASDAQ
2026-08-27T09:18:07.571916+09:00,2026-08-27,GOOG,Alphabet Inc.,US,인터넷,2026-08-26,339.1,15952092,17218919.6,5.9861,4147171033088,17,65,60,68,45,0,HOLD,-0.52,-6,False,live,STOCK,41,NEUTRAL,NASDAQ
2026-08-27T09:18:07.571916+09:00,2026-08-27,MSFT,Microsoft Corporation,US,IT,2026-08-26,496.37,19997284,34118944.2,9.096,3685818040320,55,60,50,50,60,1,HOLD,0.55,7,False,live,STOCK,90,NEUTRAL,NASDAQ
2026-08-27T09:18:07.571916+09:00,2026-08-27,AMZN,"Amazon.com, Inc.",US,소비재,2026-08-26,260.28,20669810,45466770.5,5.5214,2807461576704,40,60,60,50,52,0,HOLD,-0.02,0,False,live,STOCK,61,NEUTRAL,NASDAQ
2026-08-27T09:18:07.571916+09:00,2026-08-27,TSM,Taiwan Semiconductor Manufacturing Compa,US,반도체,2026-08-26,417.69,7201789,10518714.45,10.3036,2166338355200,43,65,77,58,56,1,HOLD,0.13,2,False,live,STOCK,41,NEUTRAL,NYSE
2026-08-27T09:18:07.571916+09:00,2026-08-27,AVGO,Broadcom Inc.,US,반도체,2026-08-26,355.59,18558282,19687794.1,12.8386,1691748007936,25,65,60,50,46,0,HOLD,-0.41,-5,False,live,STOCK,55,NEUTRAL,NASDAQ
2026-08-27T09:18:07.571916+09:00,2026-08-27,META,"Meta Platforms, Inc.",US,인터넷,2026-08-26,576.14,31187505,17778610.25,17.9846,1467720269824,65,65,50,66,60,0,HOLD,0.22,3,False,live,STOCK,61,NEUTRAL,NASDAQ
2026-08-27T09:18:07.571916+09:00,2026-08-27,TSLA,"Tesla, Inc.",US,소비재,2026-08-26,345.82,28245570,33739303.5,12.1586,1365832499200,62,60,70,30,57,1,HOLD,0.17,2,False,live,STOCK,59,NEUTRAL,NASDAQ
2026-08-27T09:18:07.571916+09:00,2026-08-27,LLY,Eli Lilly and Company,US,제약/바이오,2026-08-26,1189.41,2990458,2887567.9,40.3147,1060646158336,47,65,71,42,56,1,HOLD,0.3,4,False,live,STOCK,61,NEUTRAL,NYSE
2026-08-27T09:18:07.571916+09:00,2026-08-27,MU,"Micron Technology, Inc.",US,반도체,2026-08-26,938.4,17071668,33617078.4,51.1836,,72,65,65,58,63,1,HOLD,0.53,6,False,live,STOCK,52,NEUTRAL,NASDAQ
2026-08-27T09:18:07.571916+09:00,2026-08-27,JPM,JPMorgan Chase & Co.,US,금융,2026-08-26,356.5,5793081,5805639.05,5.1486,947643416576,51,60,71,60,61,1,HOLD,0.57,7,False,live,STOCK,64,NEUTRAL,NYSE
2026-08-27T09:18:07.571916+09:00,2026-08-27,WMT,Walmart Inc.,US,소매,2026-08-26,104.34,28200356,27507657.8,2.7639,830345904128,28,60,50,37,39,0,AVOID,-0.58,-7,True,live,STOCK,41,NEUTRAL,NASDAQ
2026-08-27T09:18:07.571916+09:00,2026-08-27,AMD,"Advanced Micro Devices, Inc.",US,반도체,2026-08-26,480.93,13804691,23996964.55,19.8686,785106206720,28,65,65,35,43,0,AVOID,-0.38,-5,True,live,STOCK,39,NEUTRAL,NASDAQ
2026-08-27T09:18:07.571916+09:00,2026-08-27,V,Visa Inc.,US,금융,2026-08-26,383.9,6071882,6992559.1,6.2881,716759433216,88,60,60,50,71,2,WATCH,1.08,13,False,live,STOCK,84,NEUTRAL,NYSE
2026-08-27T09:18:07.571916+09:00,2026-08-27,ASML,ASML Holding N.V.,US,반도체,2026-08-26,1745.64,847368,1257558.4,51.88,670500323328,39,65,70,42,48,1,HOLD,0.05,1,False,live,STOCK,36,NEUTRAL,NASDAQ
2026-08-27T09:18:07.571916+09:00,2026-08-27,XOM,Exxon Mobil Corporation,US,에너지,2026-08-26,158.19,14144765,14166203.25,3.4898,650463346688,54,60,50,58,57,1,HOLD,0.34,4,False,live,STOCK,71,NEUTRAL,NYSE
2026-08-27T09:18:07.571916+09:00,2026-08-27,JNJ,Johnson & Johnson,US,제약/바이오,2026-08-26,270.0,7193946,6545342.3,5.0924,650672603136,91,65,56,53,73,2,WATCH,1.13,14,False,live,STOCK,90,NEUTRAL,NYSE
2026-08-27T09:18:07.571916+09:00,2026-08-27,MA,Mastercard Incorporated,US,금융,2026-08-26,598.47,3106001,3105750.05,9.9007,524265619456,92,60,53,50,69,2,WATCH,1.01,12,False,live,STOCK,77,NEUTRAL,NYSE
2026-08-27T09:18:07.571916+09:00,2026-08-27,ABBV,AbbVie Inc.,US,제약/바이오,2026-08-26,262.9,3303234,5064996.7,5.1621,464575135744,85,65,81,51,75,3,BUY,1.21,15,False,live,STOCK,77,NEUTRAL,NYSE
2026-08-27T09:18:07.571916+09:00,2026-08-27,INTC,Intel Corp.,US,반도체,2026-08-26,88.24,72044374,104972898.7,4.8064,466445893632,18,65,88,42,48,1,HOLD,-0.36,-4,False,live,STOCK,38,NEUTRAL,NASDAQ
2026-08-27T09:18:07.571916+09:00,2026-08-27,CSCO,"Cisco Systems, Inc.",US,IT,2026-08-26,112.36,10244011,21426905.55,3.4236,442859585536,40,60,65,50,51,0,HOLD,-0.07,-1,False,live,STOCK,47,NEUTRAL,NASDAQ
2026-08-27T09:18:07.571916+09:00,2026-08-27,BAC,Bank of America Corporation,US,금융,2026-08-26,62.23,21749284,26285559.2,1.0261,435158745088,51,60,81,60,65,1,HOLD,0.71,9,False,live,STOCK,69,NEUTRAL,NYSE
2026-08-27T09:18:07.571916+09:00,2026-08-27,ORCL,Oracle Corporation,US,IT,2026-08-26,148.87,18073128,26482716.4,6.2429,428815712256,63,60,50,50,55,0,HOLD,0.02,0,False,live,STOCK,56,NEUTRAL,NYSE
2026-08-27T09:18:07.571916+09:00,2026-08-27,COST,Costco Wholesale Corporation,US,소매,2026-08-26,956.12,1217556,1767147.8,16.2189,424018968576,73,60,60,29,56,1,HOLD,0.3,4,False,live,STOCK,49,NEUTRAL,NASDAQ
2026-08-27T09:18:07.571916+09:00,2026-08-27,PLTR,Palantir Technologies Inc.,US,IT,2026-08-26,177.5,27720671,46635443.55,7.7174,426542858240,66,60,42,35,56,1,HOLD,0.5,6,False,live,STOCK,81,NEUTRAL,NASDAQ
2026-08-27T09:18:07.571916+09:00,2026-08-27,CVX,Chevron Corporation,US,에너지,2026-08-26,200.21,6856153,8012157.65,3.8802,392732606464,59,60,32,74,56,2,HOLD,0.31,4,False,live,STOCK,71,NEUTRAL,NYSE
2026-08-27T09:18:07.571916+09:00,2026-08-27,LRCX,Lam Research Corporation,US,반도체,2026-08-26,312.88,4037925,9148871.25,15.2582,391513309184,50,65,73,42,54,1,HOLD,0.13,2,False,live,STOCK,41,NEUTRAL,NASDAQ
2026-08-27T09:18:07.571916+09:00,2026-08-27,KO,The Coca-Cola Company,US,소매,2026-08-26,90.08,17024430,14491106.5,1.37,387573612544,91,60,50,37,65,2,WATCH,0.89,11,False,live,STOCK,77,NEUTRAL,NYSE
2026-08-27T09:18:07.571916+09:00,2026-08-27,AMAT,"Applied Materials, Inc.",US,반도체,2026-08-26,479.76,5083566,7583523.3,24.2452,380736307200,32,65,65,50,47,0,HOLD,-0.07,-1,False,live,STOCK,41,NEUTRAL,NASDAQ
2026-08-27T09:18:07.571916+09:00,2026-08-27,CAT,Caterpillar Inc.,US,산업재,2026-08-26,821.93,1844577,2811388.85,26.2682,377820577792,25,60,70,50,45,1,HOLD,-0.36,-4,False,live,STOCK,32,NEUTRAL,NYSE
2026-08-27T09:18:07.571916+09:00,2026-08-27,MRK,"Merck & Co., Inc.",US,제약/바이오,2026-08-26,153.1,8622014,11169120.7,4.7064,377723977728,80,65,50,30,64,2,WATCH,0.85,10,False,live,STOCK,93,NEUTRAL,NYSE
2026-08-27T09:18:07.571916+09:00,2026-08-27,GE,GE Aerospace,US,산업재,2026-08-26,354.39,3034519,3510045.95,8.8257,367701786624,44,60,60,29,52,1,HOLD,0.26,3,False,live,STOCK,75,NEUTRAL,NYSE
2026-08-27T09:18:07.571916+09:00,2026-08-27,UNH,UnitedHealth Group Incorporated,US,제약/바이오,2026-08-26,401.01,3554732,4111781.6,8.1757,359944519680,32,65,83,66,58,1,HOLD,0.24,3,False,live,STOCK,52,NEUTRAL,NYSE
2026-08-27T09:18:07.571916+09:00,2026-08-27,HSBC,HSBC Holdings plc,US,금융,2026-08-26,103.65,1396361,1229118.05,1.3055,355195027456,54,60,55,60,57,0,HOLD,0.38,5,False,live,STOCK,61,NEUTRAL,NYSE
2026-08-27T09:18:07.571916+09:00,2026-08-27,PG,The Procter & Gamble Company,US,소매,2026-08-26,145.0,7117785,9186044.25,2.1358,337042800640,50,60,50,45,55,1,HOLD,0.18,2,False,live,STOCK,78,NEUTRAL,NYSE
2026-08-27T09:18:07.571916+09:00,2026-08-27,NFLX,"Netflix, Inc.",US,인터넷,2026-08-26,81.46,22615250,30789402.5,2.2211,339194511360,70,65,45,50,56,1,HOLD,0.21,3,False,live,STOCK,59,NEUTRAL,NASDAQ
2026-08-27T09:18:07.571916+09:00,2026-08-27,MS,Morgan Stanley,US,금융,2026-08-26,214.08,4124943,4419232.15,4.5036,336226844672,32,60,60,60,54,1,HOLD,0.1,1,False,live,STOCK,70,NEUTRAL,NYSE
2026-08-27T09:18:07.571916+09:00,2026-08-27,HD,"The Home Depot, Inc.",US,소비재,2026-08-26,334.85,3360291,3835659.55,8.4343,334076379136,44,60,63,42,53,0,HOLD,0.18,2,False,live,STOCK,63,NEUTRAL,NYSE
2026-08-27T09:18:07.571916+09:00,2026-08-27,DELL,Dell Technologies Inc.,US,IT,2026-08-26,463.82,4352278,5381893.9,26.8414,299693768704,73,60,65,66,67,1,HOLD,0.83,10,False,live,STOCK,63,NEUTRAL,NYSE
2026-08-27T09:18:07.571916+09:00,2026-08-27,GS,"The Goldman Sachs Group, Inc.",US,금융,2026-08-26,1040.46,1482204,1901015.2,22.4675,302952185856,65,60,60,60,56,0,HOLD,0.28,3,False,live,STOCK,33,NEUTRAL,NYSE
2026-08-27T09:18:07.571916+09:00,2026-08-27,PM,Philip Morris International Inc.,US,소매,2026-08-26,194.1,4567505,4737295.25,4.2433,302526857216,88,60,58,58,68,1,HOLD,0.86,10,False,live,STOCK,63,NEUTRAL,NYSE
2026-08-27T09:18:07.571916+09:00,2026-08-27,NVS,Novartis AG,US,제약/바이오,2026-08-26,157.54,1473492,1459104.6,2.8621,299438604288,87,65,55,53,60,1,HOLD,0.52,6,False,live,STOCK,34,NEUTRAL,NYSE
2026-08-27T09:18:07.571916+09:00,2026-08-27,RY,Royal Bank of Canada,US,금융,2026-08-26,207.21,1066827,1315901.35,3.4446,287951945728,47,60,60,50,54,0,HOLD,0.28,3,False,live,STOCK,61,NEUTRAL,NYSE
2026-08-27T09:18:07.571916+09:00,2026-08-27,BABA,Alibaba Group Holding Limited,US,소비재,2026-08-26,119.83,12795588,13128994.4,4.2471,297852272640,43,60,55,58,58,1,HOLD,0.17,2,False,live,STOCK,84,NEUTRAL,NYSE
2026-08-27T09:18:07.571916+09:00,2026-08-27,RTX,RTX Corporation,US,산업재,2026-08-26,211.99,3785540,4498242.0,4.2317,285711237120,44,60,45,58,54,1,HOLD,0.28,3,False,live,STOCK,77,NEUTRAL,NYSE
2026-08-27T09:18:07.571916+09:00,2026-08-27,PANW,"Palo Alto Networks, Inc.",US,IT,2026-08-26,339.31,4545167,5486023.35,14.91,276537638912,51,60,57,30,54,1,HOLD,0.41,5,False,live,STOCK,78,NEUTRAL,NASDAQ
2026-08-27T09:18:07.571916+09:00,2026-08-27,ARM,Arm Holdings plc American Depositary Sha,US,반도체,2026-08-26,251.06,3830094,4839324.7,15.3419,268131729408,7,65,65,35,35,0,AVOID,-0.84,-10,True,live,STOCK,30,NEUTRAL,NASDAQ
2026-08-27T09:18:07.571916+09:00,2026-08-27,AZN,AstraZeneca PLC,US,제약/바이오,2026-08-26,166.27,2680494,4336024.7,3.1379,257865809920,72,65,68,58,64,1,HOLD,0.4,5,False,live,STOCK,52,NEUTRAL,NYSE
2026-08-27T09:18:07.571916+09:00,2026-08-27,WFC,Wells Fargo & Company,US,금융,2026-08-26,85.23,9891669,11634073.45,1.5854,257735458816,47,60,60,60,57,0,HOLD,0.35,4,False,live,STOCK,63,NEUTRAL,NYSE
2026-08-27T09:18:07.571916+09:00,2026-08-27,ANET,"Arista Networks, Inc.",US,IT,2026-08-26,202.25,7610378,7883973.9,8.2368,255082692608,73,60,60,35,61,1,HOLD,0.71,9,False,live,STOCK,69,NEUTRAL,NYSE
2026-08-27T09:18:07.571916+09:00,2026-08-27,SHEL,Shell plc,US,에너지,2026-08-26,91.11,7935825,5787140.2,1.284,250854359040,69,60,55,78,67,1,HOLD,0.68,8,False,live,STOCK,69,NEUTRAL,NYSE
2026-08-27T09:18:07.571916+09:00,2026-08-27,GEV,GE Vernova Inc.,US,산업재,2026-08-26,953.09,2231601,2052125.05,41.9519,253839884288,28,60,60,50,45,0,HOLD,-0.3,-4,False,live,STOCK,44,NEUTRAL,NYSE
2026-08-27T09:18:07.571916+09:00,2026-08-27,MUFG,"Mitsubishi UFJ Financial Group, Inc.",US,금융,2026-08-26,22.44,1944460,2876033.0,0.4339,253053026304,62,60,58,60,59,0,HOLD,0.51,6,False,live,STOCK,54,NEUTRAL,NYSE
2026-08-27T09:18:07.571916+09:00,2026-08-27,SAP,SAP SE,US,IT,2026-08-26,211.68,2820232,2600436.6,5.6964,244321959936,66,60,58,42,62,1,HOLD,0.72,9,False,live,STOCK,84,NEUTRAL,NYSE
2026-08-27T09:18:07.571916+09:00,2026-08-27,BHP,BHP Group Limited,US,소재,2026-08-26,96.33,2222819,2808510.95,2.4749,244820475904,81,60,50,45,62,2,WATCH,0.69,8,False,live,STOCK,71,NEUTRAL,NYSE
2026-08-27T09:18:07.571916+09:00,2026-08-27,KLAC,KLA Corporation,US,반도체,2026-08-26,183.83,5886856,10331457.8,8.5603,240182509568,28,65,73,42,45,1,HOLD,-0.27,-3,False,live,STOCK,33,NEUTRAL,NASDAQ
2026-08-27T09:18:07.571916+09:00,2026-08-27,TXN,Texas Instruments Incorporated,US,반도체,2026-08-26,261.77,3777521,6188796.05,8.3489,239060828160,18,65,75,50,42,1,AVOID,-0.57,-7,True,live,STOCK,23,NEUTRAL,NASDAQ
2026-08-27T09:18:07.571916+09:00,2026-08-27,AMGN,Amgen Inc.,US,제약/바이오,2026-08-26,440.34,2268864,2647683.2,9.2731,238061895680,80,65,45,50,64,2,WATCH,0.81,10,False,live,STOCK,84,NEUTRAL,NASDAQ
2026-08-27T09:18:07.571916+09:00,2026-08-27,TMO,Thermo Fisher Scientific Inc.,US,제약/바이오,2026-08-26,633.71,1842590,1773524.5,15.7521,234312564736,77,65,53,58,69,2,WATCH,0.92,11,False,live,STOCK,90,NEUTRAL,NYSE
2026-08-27T09:18:07.571916+09:00,2026-08-27,C,Citigroup Inc.,US,금융,2026-08-26,133.56,4416741,8594117.05,2.5157,224038453248,32,60,70,76,55,2,HOLD,0.11,1,False,live,STOCK,44,NEUTRAL,NYSE
2026-08-27T09:18:07.571916+09:00,2026-08-27,TM,Toyota Motor Corporation,US,소비재,2026-08-26,191.84,259314,357675.7,2.6893,227158736896,80,60,50,54,61,1,HOLD,0.47,6,False,live,STOCK,55,NEUTRAL,NYSE
2026-08-27T09:18:07.571916+09:00,2026-08-27,AXP,American Express Company,US,금융,2026-08-26,336.15,1624377,2376448.85,5.8864,227005399040,32,60,81,50,50,1,HOLD,0.04,0,False,live,STOCK,32,NEUTRAL,NYSE
2026-08-27T09:18:07.571916+09:00,2026-08-27,LIN,Linde plc,US,소재,2026-08-26,490.33,1842227,2257081.35,7.7907,226032402432,65,60,60,58,56,0,HOLD,0.2,2,False,live,STOCK,33,NEUTRAL,NASDAQ
2026-08-27T09:18:07.571916+09:00,2026-08-27,SNDK,Sandisk Corporation,US,IT,2026-08-26,1499.37,8401653,15170457.65,125.4879,219536261120,72,60,60,50,59,1,HOLD,0.29,3,False,live,STOCK,49,NEUTRAL,NASDAQ
2026-08-27T09:18:07.571916+09:00,2026-08-27,IBM,International Business Machines Corporat,US,IT,2026-08-26,229.87,4610520,5729936.0,5.8505,216568430592,50,60,81,58,61,1,HOLD,0.2,2,False,live,STOCK,52,NEUTRAL,NYSE
2026-08-27T09:18:07.571916+09:00,2026-08-27,SAN,"Banco Santander, S.A.",US,금융,2026-08-26,14.7,15187773,20723118.65,0.2536,213832155136,62,60,55,63,58,0,HOLD,0.47,6,False,live,STOCK,51,NEUTRAL,NYSE
2026-08-27T09:18:07.571916+09:00,2026-08-27,MRVL,"Marvell Technology, Inc.",US,반도체,2026-08-26,245.11,15919680,23102054.0,16.3714,220281487360,76,65,76,35,69,3,WATCH,1.0,12,False,live,STOCK,81,NEUTRAL,NASDAQ
2026-08-27T09:18:07.571916+09:00,2026-08-27,VZ,Verizon Communications Inc.,US,인터넷,2026-08-26,50.19,20697480,19505109.0,0.7736,208528162816,73,65,60,84,68,2,WATCH,0.67,8,False,live,STOCK,55,NEUTRAL,NYSE
2026-08-27T09:18:07.571916+09:00,2026-08-27,NVO,Novo Nordisk A/S,US,제약/바이오,2026-08-26,47.19,8822325,14683261.25,1.2098,208628400128,76,65,68,73,72,3,BUY,0.85,10,False,live,STOCK,72,NEUTRAL,NYSE
2026-08-27T09:18:07.571916+09:00,2026-08-27,TD,The Toronto-Dominion Bank,US,금융,2026-08-26,119.43,1455793,2036799.65,2.0118,197304451072,47,60,55,58,54,0,HOLD,0.2,2,False,live,STOCK,61,NEUTRAL,NYSE
2026-08-27T09:18:07.571916+09:00,2026-08-27,APH,Amphenol Corporation,US,IT,2026-08-26,161.34,5820977,6223048.85,5.4857,198929547264,44,60,63,42,51,0,HOLD,0.19,2,False,live,STOCK,55,NEUTRAL,NYSE
2026-08-27T09:18:07.571916+09:00,2026-08-27,ABT,Abbott Laboratories,US,제약/바이오,2026-08-26,114.1,6956107,7692335.35,2.2536,197436735488,56,65,63,58,65,1,HOLD,0.73,9,False,live,STOCK,90,NEUTRAL,NYSE
2026-08-27T09:18:07.571916+09:00,2026-08-27,SHOP,Shopify Inc.,US,IT,2026-08-26,150.29,5660573,10706188.65,5.2426,195024502784,59,60,60,35,57,1,HOLD,0.53,6,False,live,STOCK,72,NEUTRAL,NASDAQ
2026-08-27T09:18:07.571916+09:00,2026-08-27,PEP,"PepsiCo, Inc.",US,소매,2026-08-26,142.19,7101833,6761231.65,2.21,194231549952,80,60,60,42,60,1,HOLD,0.47,6,False,live,STOCK,49,NEUTRAL,NASDAQ
2026-08-27T09:18:07.571916+09:00,2026-08-27,TTE,TotalEnergies SE,US,에너지,2026-08-26,87.13,1503363,1350588.15,1.4886,192789725184,43,60,55,86,59,1,HOLD,0.17,2,False,live,STOCK,63,NEUTRAL,NYSE
2026-08-27T09:18:07.571916+09:00,2026-08-27,TMUS,"T-Mobile US, Inc.",US,인터넷,2026-08-26,179.61,3224657,4352472.85,4.0616,192662552576,65,65,60,74,65,1,HOLD,0.42,5,False,live,STOCK,62,NEUTRAL,NASDAQ
2026-08-27T09:18:07.571916+09:00,2026-08-27,CRWD,"CrowdStrike Holdings, Inc.",US,IT,2026-08-26,189.18,12947753,7966472.65,9.2171,192634273792,47,60,65,22,54,1,HOLD,0.38,5,False,live,STOCK,78,NEUTRAL,NASDAQ
2026-08-27T09:18:07.571916+09:00,2026-08-27,DIS,The Walt Disney Company,US,인터넷,2026-08-26,109.63,7334028,10357956.4,2.1829,189296672768,84,65,60,58,66,1,HOLD,0.73,9,False,live,STOCK,55,NEUTRAL,NYSE
2026-08-27T09:18:07.571916+09:00,2026-08-27,SCHW,The Charles Schwab Corporation,US,금융,2026-08-26,109.39,13945969,7135973.45,2.1353,189172023296,73,60,50,58,66,2,WATCH,0.83,10,False,live,STOCK,90,NEUTRAL,NYSE
2026-08-27T09:18:07.571916+09:00,2026-08-27,STX,Seagate Technology Holdings plc,US,IT,2026-08-26,846.37,2068146,4513867.3,59.1186,191825117184,28,60,68,43,51,0,HOLD,-0.07,-1,False,live,STOCK,68,NEUTRAL,NASDAQ
2026-08-27T09:18:07.571916+09:00,2026-08-27,MCD,McDonald's Corporation,US,소비재,2026-08-26,266.93,4172227,4442531.35,4.7319,188890742784,25,60,60,50,42,0,AVOID,-0.41,-5,True,live,STOCK,33,NEUTRAL,NYSE
2026-08-27T09:18:07.571916+09:00,2026-08-27,UNP,Union Pacific Corporation,US,산업재,2026-08-26,310.62,2443348,2506752.4,5.7421,184531730432,78,60,60,37,63,1,HOLD,0.78,9,False,live,STOCK,69,NEUTRAL,NYSE
2026-08-27T09:18:07.571916+09:00,2026-08-27,GILD,"Gilead Sciences, Inc.",US,제약/바이오,2026-08-26,148.09,5247787,6552859.35,3.5919,183624957952,76,65,50,60,62,1,HOLD,0.6,7,False,live,STOCK,61,NEUTRAL,NASDAQ
2026-08-27T09:18:07.571916+09:00,2026-08-27,BLK,"BlackRock, Inc.",US,금융,2026-08-26,1173.21,644834,549181.7,19.345,190618681344,69,60,60,58,58,0,HOLD,0.5,6,False,live,STOCK,40,NEUTRAL,NYSE
2026-08-27T09:18:07.571916+09:00,2026-08-27,ADI,"Analog Devices, Inc.",US,반도체,2026-08-26,371.8,2023660,3778433.0,11.3679,180161429504,28,65,53,58,41,0,AVOID,-0.56,-7,True,live,STOCK,26,NEUTRAL,NASDAQ
2026-08-27T09:18:07.571916+09:00,2026-08-27,UBS,UBS Group AG,US,금융,2026-08-26,54.52,1204248,1530012.4,0.6417,166926172160,56,60,73,66,64,1,HOLD,0.66,8,False,live,STOCK,61,NEUTRAL,NYSE
2026-08-27T09:18:07.571916+09:00,2026-08-27,SCCO,Southern Copper Corporation,US,소재,2026-08-26,213.75,1118186,1062980.7,8.9649,180478459904,91,60,53,37,59,1,HOLD,0.67,8,False,live,STOCK,40,NEUTRAL,NYSE
2026-08-27T09:18:07.571916+09:00,2026-08-27,T,AT&T Inc.,US,인터넷,2026-08-26,25.87,26367317,38882840.85,0.4611,177271226368,66,65,50,78,68,2,WATCH,0.65,8,False,live,STOCK,87,NEUTRAL,NYSE
2026-08-27T09:18:07.571916+09:00,2026-08-27,NEE,"NextEra Energy, Inc.",US,유틸리티,2026-08-26,84.22,5682590,10590964.5,1.1582,175681093632,31,60,63,42,51,1,HOLD,-0.05,-1,False,live,STOCK,70,NEUTRAL,NYSE
2026-08-27T09:18:07.571916+09:00,2026-08-27,WELL,Welltower Inc.,US,리츠,2026-08-26,241.56,2351924,2960451.2,4.2393,174061371392,88,60,66,38,70,2,WATCH,1.09,13,False,live,STOCK,83,NEUTRAL,NYSE
2026-08-27T09:18:07.571916+09:00,2026-08-27,BX,Blackstone Inc.,US,금융,2026-08-26,143.2,3686298,4146024.9,4.3407,171166646272,73,60,72,50,69,3,WATCH,0.94,11,False,live,STOCK,77,NEUTRAL,NYSE
2026-08-27T09:18:07.571916+09:00,2026-08-27,QCOM,QUALCOMM Incorporated,US,반도체,2026-08-26,163.72,10419287,10462169.35,4.9829,174862860288,62,65,65,66,59,0,HOLD,0.11,1,False,live,STOCK,40,NEUTRAL,NASDAQ
2026-08-27T09:18:07.571916+09:00,2026-08-27,DE,Deere & Company,US,산업재,2026-08-26,634.54,830669,1194173.45,20.2282,171286102016,91,60,50,50,57,1,HOLD,0.6,7,False,live,STOCK,25,NEUTRAL,NYSE
2026-08-27T09:18:07.571916+09:00,2026-08-27,RIO,Rio Tinto Group,US,소재,2026-08-26,104.7,1726949,2389132.45,2.2524,170279813120,87,60,55,55,63,1,HOLD,0.59,7,False,live,STOCK,49,NEUTRAL,NYSE
2026-08-27T09:18:07.571916+09:00,2026-08-27,CRM,"Salesforce, Inc.",US,IT,2026-08-26,205.62,14051371,11852533.55,7.4921,,84,60,52,66,64,1,HOLD,0.75,9,False,live,STOCK,49,NEUTRAL,NYSE
2026-08-27T09:18:07.571916+09:00,2026-08-27,IBKR,"Interactive Brokers Group, Inc.",US,금융,2026-08-26,97.02,3028159,4431617.95,3.0571,165304172544,63,60,85,58,64,1,HOLD,0.72,9,False,live,STOCK,42,NEUTRAL,NASDAQ
2026-08-27T09:18:07.571916+09:00,2026-08-27,BA,The Boeing Company,US,산업재,2026-08-26,212.09,4346178,5559693.9,4.605,167629586432,35,60,60,30,41,0,AVOID,-0.38,-5,True,live,STOCK,34,NEUTRAL,NYSE
2026-08-27T09:18:07.571916+09:00,2026-08-27,ETN,Eaton Corporation plc,US,산업재,2026-08-26,419.44,1749019,2119070.95,13.2271,162910502912,40,60,60,37,51,0,HOLD,0.11,1,False,live,STOCK,69,NEUTRAL,NYSE
2026-08-27T09:18:07.571916+09:00,2026-08-27,BKNG,Booking Holdings Inc.,US,소비재,2026-08-26,208.89,4006072,5589088.6,6.2046,156955869184,66,60,58,66,65,1,HOLD,0.74,9,False,live,STOCK,75,NEUTRAL,NASDAQ
2026-08-27T09:18:07.571916+09:00,2026-08-27,WDC,Western Digital Corporation,US,IT,2026-08-26,468.88,5049250,8119182.5,31.9571,169050439680,28,60,55,68,48,0,HOLD,-0.37,-4,False,live,STOCK,47,NEUTRAL,NASDAQ
2026-08-27T09:18:07.571916+09:00,2026-08-27,PFE,Pfizer Inc.,US,제약/바이오,2026-08-26,28.3,35017573,39675483.65,0.6254,161300758528,74,65,64,66,70,2,WATCH,0.87,10,False,live,STOCK,78,NEUTRAL,NYSE
2026-08-27T09:18:07.571916+09:00,2026-08-27,BBVA,"Banco Bilbao Vizcaya Argentaria, S.A.",US,금융,2026-08-26,29.03,1245709,1866835.45,0.3471,160196411392,63,60,55,60,60,0,HOLD,0.56,7,False,live,STOCK,63,NEUTRAL,NYSE
2026-08-27T09:18:07.571916+09:00,2026-08-27,UBER,"Uber Technologies, Inc.",US,IT,2026-08-26,78.49,14447602,19329580.1,2.8249,160320536576,84,60,66,55,73,2,WATCH,1.04,12,False,live,STOCK,84,NEUTRAL,NYSE
2026-08-27T09:18:07.571916+09:00,2026-08-27,COP,ConocoPhillips,US,에너지,2026-08-26,130.61,5819009,6936035.45,3.1705,156906684416,76,60,42,68,65,2,WATCH,0.73,9,False,live,STOCK,78,NEUTRAL,NYSE
2026-08-27T09:18:07.571916+09:00,2026-08-27,TBB,AT&T Inc. 5.35% GLB NTS 66,US,인터넷,2026-08-26,19.61,72346,93262.3,0.1585,,50,65,58,80,56,1,HOLD,0.05,1,False,live,STOCK,40,NEUTRAL,NYSE
2026-08-27T09:18:07.571916+09:00,2026-08-27,BUD,Anheuser-Busch InBev SA/NV,US,소매,2026-08-26,78.43,1449255,1769047.75,1.3864,154438582272,17,60,58,60,50,1,HOLD,-0.22,-3,False,live,STOCK,76,NEUTRAL,NYSE
2026-08-27T09:18:07.571916+09:00,2026-08-27,DHR,Danaher Corporation,US,제약/바이오,2026-08-26,215.36,2530883,3529639.15,6.1393,151395074048,84,65,60,58,70,2,WATCH,1.0,12,False,live,STOCK,78,NEUTRAL,NYSE
2026-08-27T09:18:07.571916+09:00,2026-08-27,TJX,"The TJX Companies, Inc.",US,소비재,2026-08-26,136.83,10449044,6670867.2,3.4234,151156703232,20,60,50,42,39,0,AVOID,-0.61,-7,True,live,STOCK,49,NEUTRAL,NYSE
2026-08-27T09:18:07.571916+09:00,2026-08-27,SONY,Sony Group Corporation,US,IT,2026-08-26,24.12,3319143,4783552.15,0.4586,141193805824,62,60,45,58,56,0,HOLD,0.37,4,False,live,STOCK,61,NEUTRAL,NYSE
2026-08-27T09:18:07.571916+09:00,2026-08-27,UL,Unilever PLC,US,소매,2026-08-26,64.96,4089052,3848022.6,0.9243,139876057088,84,60,58,53,66,1,HOLD,0.86,10,False,live,STOCK,63,NEUTRAL,NYSE
2026-08-27T09:18:07.571916+09:00,2026-08-27,VRTX,Vertex Pharmaceuticals Incorporated,US,제약/바이오,2026-08-26,547.29,833051,1224012.55,16.3882,138716626944,85,65,50,58,67,2,WATCH,0.89,11,False,live,STOCK,75,NEUTRAL,NASDAQ
2026-08-27T09:18:07.571916+09:00,2026-08-27,NEM,Newmont Corporation,US,소재,2026-08-26,131.6,8931258,7730627.9,5.0071,138665918464,73,60,53,76,64,2,WATCH,0.68,8,False,live,STOCK,55,NEUTRAL,NYSE
2026-08-27T09:18:07.571916+09:00,2026-08-27,BMY,Bristol-Myers Squibb Company,US,제약/바이오,2026-08-26,67.57,7505226,11679801.3,1.4804,138026221568,95,65,60,76,80,3,STRONG_BUY,1.31,16,True,live,STOCK,90,NEUTRAL,NYSE
2026-08-27T09:18:07.571916+09:00,2026-08-27,COF,Capital One Financial Corporation,US,금융,2026-08-26,217.21,2044155,3144937.75,4.5934,133255053312,47,60,53,86,61,1,HOLD,0.45,5,False,live,STOCK,69,NEUTRAL,NYSE
2026-08-27T09:18:07.571916+09:00,2026-08-27,PLD,"Prologis, Inc.",US,리츠,2026-08-26,142.59,3832493,4509504.65,1.926,138610507776,72,60,58,45,58,1,HOLD,0.35,4,False,live,STOCK,49,NEUTRAL,NYSE
2026-08-27T09:18:07.571916+09:00,2026-08-27,CB,Chubb Limited,US,금융,2026-08-26,343.77,998676,1621893.8,5.2746,132626415616,29,60,60,68,51,0,HOLD,0.02,0,False,live,STOCK,54,NEUTRAL,NYSE
2026-08-27T09:18:07.571916+09:00,2026-08-27,GLW,Corning Inc,US,IT,2026-08-26,152.78,5983819,10575585.95,9.0286,131602915328,40,60,70,35,48,1,HOLD,-0.27,-3,False,live,STOCK,38,NEUTRAL,NYSE
2026-08-27T09:18:07.571916+09:00,2026-08-27,PH,Parker-Hannifin Corporation,US,산업재,2026-08-26,1039.49,585165,678413.25,20.4705,131025084416,63,60,50,45,55,0,HOLD,0.44,5,False,live,STOCK,61,NEUTRAL,NYSE
2026-08-27T09:18:07.571916+09:00,2026-08-27,ISRG,"Intuitive Surgical, Inc.",US,제약/바이오,2026-08-26,370.42,1662686,2672519.3,11.0937,132713357312,28,65,50,50,49,1,HOLD,-0.28,-3,False,live,STOCK,78,NEUTRAL,NASDAQ
2026-08-27T09:18:07.571916+09:00,2026-08-27,LMT,Lockheed Martin Corporation,US,산업재,2026-08-26,565.62,843004,1069260.2,14.765,130539864064,50,60,50,42,51,0,HOLD,0.14,2,False,live,STOCK,63,NEUTRAL,NYSE
2026-08-27T09:18:07.571916+09:00,2026-08-27,NOW,"ServiceNow, Inc.",US,IT,2026-08-26,125.8,13167281,17910574.05,5.6521,130059845632,62,60,60,35,59,1,HOLD,0.62,7,False,live,STOCK,78,NEUTRAL,NYSE
2026-08-27T09:18:07.571916+09:00,2026-08-27,PGR,The Progressive Corporation,US,금융,2026-08-26,222.51,1446944,2376252.2,4.7571,129300561920,76,60,53,73,70,3,BUY,0.9,11,False,live,STOCK,83,NEUTRAL,NYSE
2026-08-27T09:18:07.571916+09:00,2026-08-27,SPGI,S&P Global Inc.,US,금융,2026-08-26,436.49,1398491,1913554.55,9.4439,128677249024,63,60,63,50,56,0,HOLD,0.39,5,False,live,STOCK,40,NEUTRAL,NYSE
2026-08-27T09:18:07.571916+09:00,2026-08-27,MFG,"Mizuho Financial Group, Inc.",US,금융,2026-08-26,10.45,1841333,2964886.65,0.2175,126951251968,47,60,58,68,55,0,HOLD,0.31,4,False,live,STOCK,51,NEUTRAL,NYSE
2026-08-27T09:18:07.571916+09:00,2026-08-27,SYK,Stryker Corporation,US,제약/바이오,2026-08-26,329.67,1571355,2384447.75,8.7257,126452531200,47,65,53,58,56,1,HOLD,0.26,3,False,live,STOCK,71,NEUTRAL,NYSE
2026-08-27T09:18:07.571916+09:00,2026-08-27,BTI,British American Tobacco p.l.c.,US,소매,2026-08-26,57.44,3620736,4370471.8,1.1579,123737325568,50,60,55,60,48,0,HOLD,-0.22,-3,False,live,STOCK,20,NEUTRAL,NYSE
2026-08-27T09:18:07.571916+09:00,2026-08-27,SBUX,Starbucks Corporation,US,소비재,2026-08-26,108.49,6044130,7342811.5,2.6221,123678597120,88,60,50,43,64,1,HOLD,0.75,9,False,live,STOCK,69,NEUTRAL,NASDAQ
2026-08-27T09:18:07.571916+09:00,2026-08-27,PDD,PDD Holdings Inc.,US,소비재,2026-08-26,86.74,5239486,6053139.3,2.6879,123465408512,43,60,60,94,59,1,HOLD,0.19,2,False,live,STOCK,46,NEUTRAL,NASDAQ
2026-08-27T09:18:07.571916+09:00,2026-08-27,BMO,Bank of Montreal,US,금융,2026-08-26,172.9,1131433,819761.65,3.4343,120536604672,47,60,63,58,58,0,HOLD,0.34,4,False,live,STOCK,67,NEUTRAL,NYSE
2026-08-27T09:18:07.571916+09:00,2026-08-27,CVS,CVS Health Corp.,US,제약/바이오,2026-08-26,94.32,6160068,8014708.4,2.0696,120632483840,28,65,70,74,55,2,HOLD,0.05,1,False,live,STOCK,55,NEUTRAL,NYSE
2026-08-27T09:18:07.571916+09:00,2026-08-27,HDB,HDFC Bank Limited,US,금융,2026-08-26,23.17,15961993,7642679.65,0.3679,119024287744,47,60,60,52,49,0,HOLD,-0.08,-1,False,live,STOCK,33,NEUTRAL,NYSE
2026-08-27T09:18:07.571916+09:00,2026-08-27,LOW,"Lowe's Companies, Inc.",US,소비재,2026-08-26,210.36,3775094,2888909.7,5.6443,,43,60,60,60,52,0,HOLD,-0.01,0,False,live,STOCK,48,NEUTRAL,NYSE
2026-08-27T09:18:07.571916+09:00,2026-08-27,MDT,Medtronic plc,US,제약/바이오,2026-08-26,92.02,5984233,6685296.65,2.025,117783830528,66,65,55,58,63,1,HOLD,0.69,8,False,live,STOCK,77,NEUTRAL,NYSE
2026-08-27T09:18:07.571916+09:00,2026-08-27,FTNT,"Fortinet, Inc.",US,IT,2026-08-26,157.54,2982167,4774763.35,5.4679,115589242880,51,60,65,42,55,0,HOLD,0.42,5,False,live,STOCK,61,NEUTRAL,NASDAQ
2026-08-27T09:18:07.571916+09:00,2026-08-27,MO,"Altria Group, Inc.",US,소매,2026-08-26,69.12,6204546,10395617.3,1.5214,115412697088,65,60,60,68,65,1,HOLD,0.49,6,False,live,STOCK,71,NEUTRAL,NYSE
2026-08-27T09:18:07.571916+09:00,2026-08-27,PBR,Petróleo Brasileiro S.A. - Petrobras,US,에너지,2026-08-26,17.76,28992149,17595062.45,0.5068,114451947520,43,60,50,73,52,1,HOLD,-0.06,-1,False,live,STOCK,48,NEUTRAL,NYSE
2026-08-27T09:18:07.571916+09:00,2026-08-27,BNS,The Bank of Nova Scotia,US,금융,2026-08-26,93.59,3472042,2177612.1,1.8729,114070290432,88,60,60,60,69,1,HOLD,0.96,12,False,live,STOCK,63,NEUTRAL,NYSE
2026-08-27T09:18:07.571916+09:00,2026-08-27,FCX,Freeport-McMoRan Inc.,US,소재,2026-08-26,79.0,18256242,14002112.1,2.8214,113445388288,82,60,50,53,61,1,HOLD,0.69,8,False,live,STOCK,55,NEUTRAL,NYSE
2026-08-27T09:18:07.571916+09:00,2026-08-27,SPOT,Spotify Technology S.A.,US,인터넷,2026-08-26,550.03,1249588,2052889.4,20.6425,113077485568,71,65,50,42,56,1,HOLD,0.39,5,False,live,STOCK,55,NEUTRAL,NYSE
2026-08-27T09:18:07.571916+09:00,2026-08-27,ADP,"Automatic Data Processing, Inc.",US,IT,2026-08-26,281.39,1220895,2270914.75,5.8261,111785771008,73,60,50,42,60,2,WATCH,0.64,8,False,live,STOCK,71,NEUTRAL,NASDAQ
2026-08-27T09:18:07.571916+09:00,2026-08-27,BNY,Bank of New York Mellon Corp,US,금융,2026-08-26,163.08,2057406,2328105.3,2.835,110650458112,69,60,48,50,57,0,HOLD,0.51,6,False,live,STOCK,60,NEUTRAL,NYSE
2026-08-27T09:18:07.571916+09:00,2026-08-27,ABNB,"Airbnb, Inc.",US,소비재,2026-08-26,188.07,3367496,5405224.8,6.9811,112613621760,80,60,50,42,65,2,WATCH,0.85,10,False,live,STOCK,87,NEUTRAL,NASDAQ
2026-08-27T09:18:07.571916+09:00,2026-08-27,BP,BP p.l.c.,US,에너지,2026-08-26,42.5,11500752,8588057.6,0.8733,109452050432,43,60,55,74,57,1,HOLD,0.18,2,False,live,STOCK,63,NEUTRAL,NYSE
2026-08-27T09:18:07.571916+09:00,2026-08-27,ACN,Accenture plc,US,IT,2026-08-26,181.38,4370137,5784146.85,6.9793,110994055168,58,60,50,68,60,1,HOLD,0.36,4,False,live,STOCK,71,NEUTRAL,NYSE
2026-08-27T09:18:07.571916+09:00,2026-08-27,ENB,Enbridge Inc.,US,에너지,2026-08-26,50.37,4291153,5597542.65,0.8847,110012383232,28,60,60,37,40,0,AVOID,-0.5,-6,True,live,STOCK,29,NEUTRAL,NYSE
2026-08-27T09:18:07.571916+09:00,2026-08-27,CM,Canadian Imperial Bank of Commerce,US,금융,2026-08-26,118.2,1246922,958166.1,2.3143,107893039104,47,60,55,60,52,0,HOLD,0.15,2,False,live,STOCK,48,NEUTRAL,NYSE
2026-08-27T09:18:07.571916+09:00,2026-08-27,SNOW,Snowflake Inc.,US,IT,2026-08-26,315.37,3068241,4564262.05,12.0514,109307240448,51,60,60,22,54,1,HOLD,0.46,6,False,live,STOCK,84,NEUTRAL,NYSE
2026-08-27T09:18:07.571916+09:00,2026-08-27,SNY,Sanofi,US,제약/바이오,2026-08-26,45.42,1628335,2917901.75,0.6557,108832563200,70,65,55,61,58,1,HOLD,0.35,4,False,live,STOCK,42,NEUTRAL,NASDAQ
2026-08-27T09:18:07.571916+09:00,2026-08-27,ADBE,Adobe Inc.,US,IT,2026-08-26,273.47,3526551,4355512.55,10.1382,108704325632,62,60,60,76,69,2,WATCH,0.78,9,False,live,STOCK,84,NEUTRAL,NASDAQ
2026-08-27T09:18:07.571916+09:00,2026-08-27,AEM,Agnico Eagle Mines Limited,US,소재,2026-08-26,214.04,3557315,3586880.75,8.7507,108382330880,73,60,55,45,65,2,WATCH,0.82,10,False,live,STOCK,87,NEUTRAL,NYSE
2026-08-27T09:18:07.571916+09:00,2026-08-27,IBN,ICICI Bank Limited,US,금융,2026-08-26,30.15,9605959,5282737.95,0.4604,,62,60,53,58,62,1,HOLD,0.62,7,False,live,STOCK,77,NEUTRAL,NYSE
2026-08-27T09:18:07.571916+09:00,2026-08-27,HWM,Howmet Aerospace Inc.,US,산업재,2026-08-26,269.34,1609920,2107831.0,8.1229,107413168128,43,60,63,50,46,0,HOLD,-0.13,-2,False,live,STOCK,19,NEUTRAL,NYSE
2026-08-27T09:18:07.571916+09:00,2026-08-27,EQIX,"Equinix, Inc.",US,리츠,2026-08-26,1079.61,507657,602067.85,29.4483,106526941184,87,60,48,30,55,1,HOLD,0.38,5,False,live,STOCK,41,NEUTRAL,NASDAQ
2026-08-27T09:18:07.571916+09:00,2026-08-27,SOJE,Southern Company (The) Series 2,US,유틸리티,2026-08-26,16.15,61942,52902.1,0.1768,,25,60,48,50,40,0,AVOID,-0.49,-6,True,live,STOCK,40,NEUTRAL,NYSE
2026-08-27T09:18:07.571916+09:00,2026-08-27,SOMN,The Southern Company,US,유틸리티,2026-08-26,48.3,74547,49222.35,0.5125,,28,60,45,50,36,0,AVOID,-0.64,-8,True,live,STOCK,19,NEUTRAL,NYSE
2026-08-27T09:18:07.571916+09:00,2026-08-27,MPC,Marathon Petroleum Corporation,US,에너지,2026-08-26,362.27,2089238,2451426.9,11.9526,101734383616,80,60,50,68,71,2,WATCH,0.98,12,False,live,STOCK,93,NEUTRAL,NYSE
2026-08-27T09:18:07.571916+09:00,2026-08-27,MCK,McKesson Corporation,US,제약/바이오,2026-08-26,896.65,1058317,1014850.85,24.384,104540749824,84,65,56,66,62,1,HOLD,0.67,8,False,live,STOCK,32,NEUTRAL,NYSE
2026-08-27T09:18:07.571916+09:00,2026-08-27,CNQ,Canadian Natural Resources Limited,US,에너지,2026-08-26,49.64,5169764,5952573.2,1.1043,102332858368,76,60,53,63,66,2,WATCH,0.71,9,False,live,STOCK,71,NEUTRAL,NYSE
2026-08-27T09:18:07.571916+09:00,2026-08-27,APP,AppLovin Corporation,US,IT,2026-08-26,308.11,3545407,7128320.35,12.95,103506321408,37,60,60,58,45,0,HOLD,-0.46,-6,False,live,STOCK,20,NEUTRAL,NASDAQ
2026-08-27T09:18:07.571916+09:00,2026-08-27,GD,General Dynamics Corporation,US,산업재,2026-08-26,382.02,819804,870150.2,6.3586,103358251008,47,60,53,50,55,1,HOLD,0.31,4,False,live,STOCK,77,NEUTRAL,NYSE
2026-08-27T09:18:07.571916+09:00,2026-08-27,SO,The Southern Company,US,유틸리티,2026-08-26,89.76,4542768,5701713.4,1.3008,103256588288,28,60,53,42,45,0,HOLD,-0.26,-3,False,live,STOCK,61,NEUTRAL,NYSE
2026-08-27T09:18:07.571916+09:00,2026-08-27,DASH,"DoorDash, Inc.",US,인터넷,2026-08-26,236.93,5006177,4594023.85,8.1341,103234830336,77,65,50,30,62,2,WATCH,0.79,9,False,live,STOCK,90,NEUTRAL,NASDAQ
2026-08-27T09:18:07.571916+09:00,2026-08-27,GSK,GSK plc,US,제약/바이오,2026-08-26,51.43,1716368,3305678.4,1.0568,103004291072,65,65,45,63,54,0,HOLD,0.16,2,False,live,STOCK,42,NEUTRAL,NYSE
2026-08-27T09:18:07.571916+09:00,2026-08-27,TT,Trane Technologies plc,US,산업재,2026-08-26,463.4,1289125,1125801.25,9.7986,101958746112,25,60,63,50,43,0,AVOID,-0.3,-4,True,live,STOCK,32,NEUTRAL,NYSE
2026-08-27T09:18:07.571916+09:00,2026-08-27,ING,ING Groep N.V.,US,금융,2026-08-26,35.57,2371550,2181877.5,0.3751,101475467264,69,60,50,60,62,0,HOLD,0.63,8,False,live,STOCK,69,NEUTRAL,NYSE
2026-08-27T09:18:07.571916+09:00,2026-08-27,VRT,Vertiv Holdings Co,US,산업재,2026-08-26,263.81,3847716,5400230.8,13.1976,101563727872,18,60,60,42,40,0,AVOID,-0.65,-8,True,live,STOCK,39,NEUTRAL,NYSE
2026-08-27T09:18:07.571916+09:00,2026-08-27,CME,CME Group Inc.,US,금융,2026-08-26,280.98,1721245,1846022.25,5.8514,101034582016,77,60,65,45,67,2,WATCH,0.72,9,False,live,STOCK,75,NEUTRAL,NASDAQ
2026-08-27T09:18:07.571916+09:00,2026-08-27,NET,"Cloudflare, Inc.",US,IT,2026-08-26,284.89,3098952,4069202.6,17.9363,101443551232,51,60,50,27,50,1,HOLD,0.29,3,False,live,STOCK,72,NEUTRAL,NYSE
2026-08-27T09:18:07.571916+09:00,2026-08-27,CEG,Constellation Energy Corporation,US,유틸리티,2026-08-26,279.52,1932346,2670587.3,8.4431,99035996160,80,60,63,45,57,1,HOLD,0.33,4,False,live,STOCK,25,NEUTRAL,NASDAQ
2026-08-27T09:18:07.571916+09:00,2026-08-27,VLO,Valero Energy Corporation,US,에너지,2026-08-26,348.03,2155397,2497229.85,10.7258,100207394816,63,60,60,71,68,2,WATCH,0.8,10,False,live,STOCK,84,NEUTRAL,NYSE
2026-08-27T09:18:07.571916+09:00,2026-08-27,MELI,"MercadoLibre, Inc.",US,소비재,2026-08-26,1950.4399,325844,498937.2,72.0078,98881060864,84,60,65,42,68,2,WATCH,0.99,12,False,live,STOCK,77,NEUTRAL,NASDAQ
2026-08-27T09:18:07.571916+09:00,2026-08-27,EQNR,Equinor ASA,US,에너지,2026-08-26,41.31,2693384,2780329.2,0.9208,98043756544,69,60,55,78,61,1,HOLD,0.53,6,False,live,STOCK,40,NEUTRAL,NYSE
2026-08-27T09:18:07.571916+09:00,2026-08-27,SMFG,"Sumitomo Mitsui Financial Group, Inc.",US,금융,2026-08-26,25.42,933644,1401787.2,0.4761,161501773824,47,60,50,60,54,0,HOLD,0.29,3,False,live,STOCK,66,NEUTRAL,NYSE
2026-08-27T09:18:07.571916+09:00,2026-08-27,USB,U.S. Bancorp,US,금융,2026-08-26,62.8,6387652,6220097.6,1.0068,97845633024,47,60,73,60,63,2,WATCH,0.61,7,False,live,STOCK,75,NEUTRAL,NYSE
2026-08-27T09:18:07.571916+09:00,2026-08-27,PNC,"The PNC Financial Services Group, Inc.",US,금융,2026-08-26,244.67,1519015,1428860.75,4.0689,97609547776,47,60,63,60,60,1,HOLD,0.47,6,False,live,STOCK,75,NEUTRAL,NYSE
2026-08-27T09:18:07.571916+09:00,2026-08-27,HOOD,"Robinhood Markets, Inc.",US,금융,2026-08-26,108.54,13230040,19587627.0,5.8557,97586397184,77,60,60,42,60,1,HOLD,0.69,8,False,live,STOCK,55,NEUTRAL,NASDAQ
2026-08-27T09:18:07.571916+09:00,2026-08-27,KKR,KKR & Co. Inc.,US,금융,2026-08-26,108.5,2301142,5042642.1,3.9736,100209573888,62,60,55,66,63,1,HOLD,0.64,8,False,live,STOCK,74,NEUTRAL,NYSE
2026-08-27T09:18:07.571916+09:00,2026-08-27,PSX,Phillips 66,US,에너지,2026-08-26,242.23,2223039,2783811.95,7.2498,97118486528,80,60,50,60,68,2,WATCH,0.91,11,False,live,STOCK,87,NEUTRAL,NYSE
2026-08-27T09:18:07.571916+09:00,2026-08-27,CMCSA,Comcast Corporation,US,인터넷,2026-08-26,27.2,13754085,23364314.25,0.5825,96522919936,74,65,52,73,69,3,WATCH,0.78,9,False,live,STOCK,81,NEUTRAL,NASDAQ
2026-08-27T09:18:07.571916+09:00,2026-08-27,CSX,CSX Corporation,US,산업재,2026-08-26,51.76,6838586,10084704.3,0.8371,95884099584,88,60,45,58,64,1,HOLD,0.76,9,False,live,STOCK,61,NEUTRAL,NASDAQ
2026-08-27T09:18:07.571916+09:00,2026-08-27,DUK,Duke Energy Corporation,US,유틸리티,2026-08-26,121.89,2743442,4749452.1,2.0042,95037898752,28,60,63,42,49,0,HOLD,-0.1,-1,False,live,STOCK,65,NEUTRAL,NYSE
2026-08-27T09:18:07.571916+09:00,2026-08-27,BNH,Brookfield Finance Inc.,US,금융,2026-08-26,15.08,6179,19753.95,0.0933,,50,60,55,50,50,0,HOLD,-0.03,0,False,live,STOCK,40,NEUTRAL,NYSE
2026-08-27T09:18:07.571916+09:00,2026-08-27,INTU,Intuit Inc.,US,IT,2026-08-26,345.88,11419543,4041497.15,15.2364,94610972672,62,60,60,74,67,2,WATCH,0.7,8,False,live,STOCK,78,NEUTRAL,NASDAQ
2026-08-27T09:18:07.571916+09:00,2026-08-27,MAR,"Marriott International, Inc.",US,소비재,2026-08-26,358.67,1855316,1775265.8,6.4946,93529047040,65,60,60,58,56,0,HOLD,0.13,2,False,live,STOCK,33,NEUTRAL,NASDAQ
2026-08-27T09:18:07.571916+09:00,2026-08-27,MNST,Monster Beverage Corporation,US,소매,2026-08-26,47.81,6204301,8989690.05,10.8682,93662265344,15,60,70,34,49,2,HOLD,-0.3,-4,False,live,STOCK,84,NEUTRAL,NASDAQ
2026-08-27T09:18:07.571916+09:00,2026-08-27,BNJ,Brookfield Finance Inc. 4.50% P,US,금융,2026-08-26,15.1,8003,16840.15,0.0994,,58,60,55,50,52,0,HOLD,0.14,2,False,live,STOCK,40,NEUTRAL,NYSE
2026-08-27T09:18:07.571916+09:00,2026-08-27,BN,Brookfield Corporation,US,금융,2026-08-26,41.67,2151301,4272975.05,0.9339,93022085120,43,60,50,35,44,0,AVOID,-0.3,-4,True,live,STOCK,47,NEUTRAL,NYSE
2026-08-27T09:18:07.571916+09:00,2026-08-27,MMM,3M Company,US,산업재,2026-08-26,180.0,2620270,2670888.5,3.0526,92830040064,62,60,53,58,58,0,HOLD,0.5,6,False,live,STOCK,61,NEUTRAL,NYSE
2026-08-27T09:18:07.571916+09:00,2026-08-27,PWR,"Quanta Services, Inc.",US,산업재,2026-08-26,616.73,1162190,1228714.5,27.3057,92721274880,33,60,58,35,40,0,AVOID,-0.57,-7,True,live,STOCK,26,NEUTRAL,NYSE
2026-08-27T09:18:07.571916+09:00,2026-08-27,HCA,"HCA Healthcare, Inc.",US,제약/바이오,2026-08-26,427.16,1318126,1198576.3,10.8871,92480782336,81,65,66,60,70,1,HOLD,0.92,11,False,live,STOCK,69,NEUTRAL,NYSE
2026-08-27T09:18:07.571916+09:00,2026-08-27,MRSH,"Marsh & McLennan Companies, Inc.",US,금융,2026-08-26,193.26,2929660,1993738.0,3.5095,92225847296,66,60,32,66,55,0,HOLD,0.38,5,False,live,STOCK,63,NEUTRAL,NYSE
2026-08-27T09:18:07.571916+09:00,2026-08-27,CDNS,"Cadence Design Systems, Inc.",US,IT,2026-08-26,334.68,2202306,2070620.3,9.6093,92168527872,65,60,60,35,51,0,HOLD,0.0,0,False,live,STOCK,33,NEUTRAL,NASDAQ
2026-08-27T09:18:07.571916+09:00,2026-08-27,BCS,Barclays PLC,US,금융,2026-08-26,27.13,2413265,2893998.25,0.3657,91128700928,44,60,50,78,54,1,HOLD,0.2,2,False,live,STOCK,52,NEUTRAL,NYSE
2026-08-27T09:18:07.571916+09:00,2026-08-27,WMB,"The Williams Companies, Inc.",US,에너지,2026-08-26,74.41,8266846,6447042.3,2.1693,91015897088,72,60,53,42,61,2,WATCH,0.53,6,False,live,STOCK,76,NEUTRAL,NYSE
2026-08-27T09:18:07.571916+09:00,2026-08-27,ICE,"Intercontinental Exchange, Inc.",US,금융,2026-08-26,161.92,1998191,3793169.55,3.1046,90900996096,69,60,53,50,63,1,HOLD,0.66,8,False,live,STOCK,83,NEUTRAL,NYSE
2026-08-27T09:18:07.571916+09:00,2026-08-27,UPS,"United Parcel Service, Inc.",US,산업재,2026-08-26,105.65,4532014,4935135.7,1.8702,89885073408,72,60,63,66,63,1,HOLD,0.49,6,False,live,STOCK,47,NEUTRAL,NYSE
2026-08-27T09:18:07.571916+09:00,2026-08-27,MCO,Moody's Corporation,US,금융,2026-08-26,514.55,756145,719107.25,10.2322,89110274048,73,60,50,42,61,2,WATCH,0.68,8,False,live,STOCK,77,NEUTRAL,NYSE
2026-08-27T09:18:07.571916+09:00,2026-08-27,EMR,Emerson Electric Co.,US,산업재,2026-08-26,158.29,2064446,2861957.3,3.4255,88294154240,62,60,70,58,68,2,WATCH,0.8,10,False,live,STOCK,83,NEUTRAL,NYSE
2026-08-27T09:18:07.571916+09:00,2026-08-27,WM,"Waste Management, Inc.",US,산업재,2026-08-26,221.24,2465159,2041967.95,3.6146,88432992256,20,60,60,50,38,0,AVOID,-0.48,-6,True,live,STOCK,19,NEUTRAL,NYSE
2026-08-27T09:18:07.571916+09:00,2026-08-27,LYG,Lloyds Banking Group plc,US,금융,2026-08-26,6.04,9686767,12552558.35,0.0882,87477460992,47,60,58,76,51,1,HOLD,0.1,1,False,live,STOCK,22,NEUTRAL,NYSE
2026-08-27T09:18:07.571916+09:00,2026-08-27,JCI,Johnson Controls International plc,US,소재,2026-08-26,144.33,1920390,3226959.5,3.7014,87426662400,44,60,50,50,49,0,HOLD,0.04,0,False,live,STOCK,55,NEUTRAL,NYSE
2026-08-27T09:18:07.571916+09:00,2026-08-27,ELV,Elevance Health Inc.,US,제약/바이오,2026-08-26,402.54,683832,913511.6,9.0732,87298572288,72,65,85,68,74,2,WATCH,0.9,11,False,live,STOCK,67,NEUTRAL,NYSE
2026-08-27T09:18:07.571916+09:00,2026-08-27,EPD,Enterprise Products Partners L.P.,US,에너지,2026-08-26,39.14,2586018,3246060.9,0.5814,84521934848,88,60,55,60,70,2,WATCH,0.89,11,False,live,STOCK,77,NEUTRAL,NYSE
2026-08-27T09:18:07.571916+09:00,2026-08-27,SHW,The Sherwin-Williams Company,US,소재,2026-08-26,348.66,1655309,1697720.45,7.6932,84640055296,44,60,60,50,56,1,HOLD,0.39,5,False,live,STOCK,75,NEUTRAL,NYSE
2026-08-27T09:18:07.571916+09:00,2026-08-27,REGN,"Regeneron Pharmaceuticals, Inc.",US,제약/바이오,2026-08-26,814.79,583476,775538.8,19.3492,83886694400,66,65,60,58,67,1,HOLD,0.84,10,False,live,STOCK,90,NEUTRAL,NASDAQ
2026-08-27T09:18:07.571916+09:00,2026-08-27,ITUB,Itaú Unibanco Holding S.A.,US,금융,2026-08-26,7.61,26138780,21167914.0,0.2207,83876446208,47,60,55,70,50,1,HOLD,-0.12,-1,False,live,STOCK,26,NEUTRAL,NYSE
2026-08-27T09:18:07.571916+09:00,2026-08-27,CP,Canadian Pacific Kansas City Ltd.,US,산업재,2026-08-26,94.71,2242548,2687247.4,1.7707,83257589760,87,60,63,58,72,2,WATCH,0.94,11,False,live,STOCK,77,NEUTRAL,NYSE
2026-08-27T09:18:07.571916+09:00,2026-08-27,BAM,Brookfield Asset Management Ltd.,US,금융,2026-08-26,52.01,1071527,2623621.35,1.3819,83073048576,47,60,61,42,55,1,HOLD,0.29,3,False,live,STOCK,71,NEUTRAL,NYSE
2026-08-27T09:18:07.571916+09:00,2026-08-27,CTAS,Cintas Corporation,US,산업재,2026-08-26,205.78,1516295,1951054.75,3.7011,82346893312,69,60,55,29,57,0,HOLD,0.58,7,False,live,STOCK,69,NEUTRAL,NASDAQ
2026-08-27T09:18:07.571916+09:00,2026-08-27,ITW,Illinois Tool Works Inc.,US,산업재,2026-08-26,285.51,889299,1058959.95,4.4753,81313251328,44,60,50,42,49,0,HOLD,0.17,2,False,live,STOCK,61,NEUTRAL,NYSE
2026-08-27T09:18:07.571916+09:00,2026-08-27,ASX,"ASE Technology Holding Co., Ltd.",US,반도체,2026-08-26,37.26,2452436,7359266.8,1.63,97012572160,28,65,55,37,43,0,AVOID,-0.38,-5,True,live,STOCK,52,NEUTRAL,NYSE
2026-08-27T09:18:07.571916+09:00,2026-08-27,AMT,American Tower Corporation,US,리츠,2026-08-26,175.73,2001846,2313617.3,3.6179,81883160576,80,60,60,42,59,1,HOLD,0.39,5,False,live,STOCK,44,NEUTRAL,NYSE
2026-08-27T09:18:07.571916+09:00,2026-08-27,ECL,Ecolab Inc.,US,소재,2026-08-26,290.6,1417066,1447263.3,5.3079,81463492608,88,60,55,50,71,2,WATCH,1.02,12,False,live,STOCK,90,NEUTRAL,NYSE
2026-08-27T09:18:07.571916+09:00,2026-08-27,CVNA,Carvana Co.,US,소비재,2026-08-26,73.95,5392282,10589989.1,3.9217,81970888704,80,60,58,42,67,2,WATCH,0.72,9,False,live,STOCK,84,NEUTRAL,NYSE
2026-08-27T09:18:07.571916+09:00,2026-08-27,DDOG,"Datadog, Inc.",US,IT,2026-08-26,227.67,4038696,5198624.8,13.6982,81750605824,28,60,63,35,39,0,AVOID,-0.38,-5,True,live,STOCK,25,NEUTRAL,NASDAQ
2026-08-27T09:18:07.571916+09:00,2026-08-27,NGG,National Grid plc,US,유틸리티,2026-08-26,80.53,568692,750674.6,1.0943,80961642496,50,60,55,42,55,1,HOLD,0.16,2,False,live,STOCK,75,NEUTRAL,NYSE
2026-08-27T09:18:07.571916+09:00,2026-08-27,MSI,"Motorola Solutions, Inc.",US,IT,2026-08-26,487.28,805551,1026237.55,11.0079,80641818624,91,60,50,50,60,1,HOLD,0.7,8,False,live,STOCK,40,NEUTRAL,NYSE
2026-08-27T09:18:07.571916+09:00,2026-08-27,MDLZ,"Mondelez International, Inc.",US,소매,2026-08-26,63.01,6971939,7397691.95,1.2046,80420167680,58,60,63,50,54,0,HOLD,0.2,2,False,live,STOCK,40,NEUTRAL,NASDAQ
2026-08-27T09:18:07.571916+09:00,2026-08-27,CMI,Cummins Inc.,US,산업재,2026-08-26,578.14,681399,948564.95,15.629,79589343232,20,60,70,58,44,1,AVOID,-0.53,-6,True,live,STOCK,26,NEUTRAL,NYSE
2026-08-27T09:18:07.571916+09:00,2026-08-27,SLB,Slb N.V.,US,에너지,2026-08-26,53.6,7925110,9524610.5,1.4164,79550078976,87,60,60,58,65,1,HOLD,0.59,7,False,live,STOCK,46,NEUTRAL,NYSE
2026-08-27T09:18:07.571916+09:00,2026-08-27,FDX,FedEx Corporation,US,산업재,2026-08-26,335.99,1168979,1479878.95,8.4821,79518900224,87,60,66,58,66,1,HOLD,0.67,8,False,live,STOCK,41,NEUTRAL,NYSE
2026-08-27T09:18:07.571916+09:00,2026-08-27,NSC,Norfolk Southern Corporation,US,산업재,2026-08-26,352.68,602500,1159810.0,6.2186,79214878720,88,60,60,45,66,1,HOLD,0.9,11,False,live,STOCK,61,NEUTRAL,NYSE
2026-08-27T09:18:07.571916+09:00,2026-08-27,NTES,"NetEase, Inc.",US,IT,2026-08-26,123.43,746153,869922.65,4.6364,79026077696,43,60,58,68,60,1,HOLD,0.25,3,False,live,STOCK,78,NEUTRAL,NASDAQ
2026-08-27T09:18:07.571916+09:00,2026-08-27,B,Barrick Mining Corporation,US,소재,2026-08-26,47.0,11540447,12095967.35,1.8125,77356564480,84,60,50,68,65,1,HOLD,0.75,9,False,live,STOCK,55,NEUTRAL,NYSE
2026-08-27T09:18:07.571916+09:00,2026-08-27,SNPS,"Synopsys, Inc.",US,IT,2026-08-26,410.0,2551875,1563328.75,11.1264,78506524672,65,60,63,43,55,0,HOLD,0.06,1,False,live,STOCK,40,NEUTRAL,NASDAQ
2026-08-27T09:18:07.571916+09:00,2026-08-27,NOC,Northrop Grumman Corporation,US,산업재,2026-08-26,549.95,533243,661152.15,12.9521,78127562752,43,60,45,55,52,1,HOLD,-0.0,0,False,live,STOCK,71,NEUTRAL,NYSE
2026-08-27T09:18:07.571916+09:00,2026-08-27,GM,General Motors Company,US,소비재,2026-08-26,86.33,5393345,4892167.25,1.9753,78081302528,43,60,50,74,55,1,HOLD,0.09,1,False,live,STOCK,60,NEUTRAL,NYSE
2026-08-27T09:18:07.571916+09:00,2026-08-27,RCL,Royal Caribbean Cruises Ltd.,US,소비재,2026-08-26,290.0,1120175,1567523.75,7.9614,77561102336,35,60,63,60,45,0,HOLD,-0.23,-3,False,live,STOCK,16,NEUTRAL,NYSE
2026-08-27T09:18:07.571916+09:00,2026-08-27,E,Eni S.p.A.,US,에너지,2026-08-26,53.57,368686,407269.3,0.9771,77177339904,46,60,50,70,53,1,HOLD,0.06,1,False,live,STOCK,52,NEUTRAL,NYSE
2026-08-27T09:18:07.571916+09:00,2026-08-27,SU,Suncor Energy Inc.,US,에너지,2026-08-26,65.67,2255339,4304781.95,1.6175,77539532800,65,60,53,63,55,0,HOLD,0.23,3,False,live,STOCK,34,NEUTRAL,NYSE
2026-08-27T09:18:07.571916+09:00,2026-08-27,TRV,"The Travelers Companies, Inc.",US,금융,2026-08-26,371.15,1634926,1711326.3,6.76,77412622336,48,60,53,78,58,1,HOLD,0.37,4,False,live,STOCK,60,NEUTRAL,NYSE
2026-08-27T09:18:07.571916+09:00,2026-08-27,CNI,Canadian National Railway Company,US,산업재,2026-08-26,127.54,864043,1256437.15,1.9425,77148946432,62,60,63,50,61,0,HOLD,0.53,6,False,live,STOCK,67,NEUTRAL,NYSE
2026-08-27T09:18:07.571916+09:00,2026-08-27,EOG,"EOG Resources, Inc.",US,에너지,2026-08-26,144.84,2826496,2820564.8,3.4029,75972804608,91,60,60,78,76,3,BUY,1.09,13,False,live,STOCK,78,NEUTRAL,NYSE
2026-08-27T09:18:07.571916+09:00,2026-08-27,APO,"Apollo Global Management, Inc.",US,금융,2026-08-26,133.67,1461007,3725805.35,4.2845,78937907200,62,60,63,58,63,1,HOLD,0.55,7,False,live,STOCK,71,NEUTRAL,NYSE
2026-08-27T09:18:07.571916+09:00,2026-08-27,ROST,"Ross Stores, Inc.",US,소비재,2026-08-26,236.27,2463294,2737689.7,6.6461,75790950400,40,60,55,42,46,0,HOLD,-0.07,-1,False,live,STOCK,48,NEUTRAL,NASDAQ
2026-08-27T09:18:07.571916+09:00,2026-08-27,DB,Deutsche Bank AG,US,금융,2026-08-26,40.23,2996585,1738204.25,0.5664,75592171520,77,60,63,80,73,3,BUY,0.99,12,False,live,STOCK,75,NEUTRAL,NYSE
2026-08-27T09:18:07.571916+09:00,2026-08-27,AON,Aon plc,US,금융,2026-08-26,353.98,561037,1021676.85,6.9418,75088166912,47,60,53,45,46,0,HOLD,0.01,0,False,live,STOCK,34,NEUTRAL,NYSE
2026-08-27T09:18:07.571916+09:00,2026-08-27,HLT,Hilton Worldwide Holdings Inc.,US,소비재,2026-08-26,332.56,1672556,2002942.8,6.7045,74847584256,72,60,60,50,55,1,HOLD,0.23,3,False,live,STOCK,27,NEUTRAL,NYSE
2026-08-27T09:18:07.571916+09:00,2026-08-27,APOS,"Apollo Global Management, Inc.",US,금융,2026-08-26,25.59,32206,61865.3,0.1574,,65,60,58,50,55,0,HOLD,0.22,3,False,live,STOCK,40,NEUTRAL,NYSE
2026-08-27T09:18:07.571916+09:00,2026-08-27,TGT,Target Corporation,US,소매,2026-08-26,164.04,4477201,4850410.05,5.4631,74521968640,85,60,63,60,73,2,WATCH,1.1,13,False,live,STOCK,84,NEUTRAL,NYSE
2026-08-27T09:18:07.571916+09:00,2026-08-27,CI,Cigna Corporation,US,제약/바이오,2026-08-26,280.87,1228168,1848193.4,6.3579,74217226240,72,65,60,94,69,2,WATCH,0.59,7,False,live,STOCK,55,NEUTRAL,NYSE
2026-08-27T09:18:07.571916+09:00,2026-08-27,ORLY,"O'Reilly Automotive, Inc.",US,소비재,2026-08-26,89.55,3697541,5098262.05,2.0093,72442437632,40,60,58,50,50,0,HOLD,-0.04,0,False,live,STOCK,52,NEUTRAL,NASDAQ
2026-08-27T09:18:07.571916+09:00,2026-08-27,ET,Energy Transfer LP,US,에너지,2026-08-26,21.43,7582433,9639261.65,0.3568,73789915136,91,60,75,68,76,2,WATCH,1.14,14,False,live,STOCK,61,NEUTRAL,NYSE
2026-08-27T09:18:07.571916+09:00,2026-08-27,CL,Colgate-Palmolive Company,US,소매,2026-08-26,92.06,3603283,4387609.15,1.6757,73387728896,58,60,53,50,58,1,HOLD,0.3,4,False,live,STOCK,71,NEUTRAL,NYSE
2026-08-27T09:18:07.571916+09:00,2026-08-27,NU,Nu Holdings Ltd.,US,금융,2026-08-26,15.17,45069841,65300997.05,0.6987,73281552384,81,60,45,66,62,1,HOLD,0.67,8,False,live,STOCK,54,NEUTRAL,NYSE
2026-08-27T09:18:07.571916+09:00,2026-08-27,HPE,Hewlett Packard Enterprise Company,US,IT,2026-08-26,55.23,10288748,15748167.4,2.8445,73135759360,73,60,78,66,71,2,WATCH,0.96,12,False,live,STOCK,63,NEUTRAL,NYSE
2026-08-27T09:18:07.571916+09:00,2026-08-27,LITE,Lumentum Holdings Inc.,US,IT,2026-08-26,939.03,4402277,5125003.85,81.8494,84230995968,91,60,50,50,69,2,WATCH,0.93,11,False,live,STOCK,84,NEUTRAL,NASDAQ
2026-08-27T09:18:07.571916+09:00,2026-08-27,RACE,Ferrari N.V.,US,소비재,2026-08-26,412.83,489455,499267.75,7.3936,72560992256,62,60,60,37,61,1,HOLD,0.66,8,False,live,STOCK,83,NEUTRAL,NYSE
2026-08-27T09:18:07.571916+09:00,2026-08-27,MFC,Manulife Financial Corporation,US,금융,2026-08-26,43.23,811518,3029655.9,0.697,71844012032,44,60,58,76,56,1,HOLD,0.3,4,False,live,STOCK,51,NEUTRAL,NYSE
2026-08-27T09:18:07.571916+09:00,2026-08-27,WBD,"Warner Bros. Discovery, Inc.",US,인터넷,2026-08-26,28.75,12499005,20969435.25,0.4275,72080179200,69,65,53,38,54,0,HOLD,0.33,4,False,live,STOCK,48,NEUTRAL,NASDAQ
2026-08-27T09:18:07.571916+09:00,2026-08-27,BSX,Boston Scientific Corporation,US,제약/바이오,2026-08-26,48.17,36555078,20001713.9,1.6921,69809389568,43,65,75,66,63,2,WATCH,0.34,4,False,live,STOCK,71,NEUTRAL,NYSE
2026-08-27T09:18:07.571916+09:00,2026-08-27,DLR,"Digital Realty Trust, Inc.",US,리츠,2026-08-26,193.43,1605802,1990705.1,4.4207,73051488256,43,60,66,46,53,0,HOLD,0.11,1,False,live,STOCK,55,NEUTRAL,NYSE
2026-08-27T09:18:07.571916+09:00,2026-08-27,SE,Sea Limited,US,소비재,2026-08-26,119.12,2734204,4784705.2,5.3029,,73,60,50,50,66,2,WATCH,0.82,10,False,live,STOCK,93,NEUTRAL,NYSE
2026-08-27T09:18:07.571916+09:00,2026-08-27,KMI,"Kinder Morgan, Inc.",US,에너지,2026-08-26,32.02,15308003,10621635.15,0.7982,71302209536,50,60,53,45,54,1,HOLD,0.18,2,False,live,STOCK,71,NEUTRAL,NYSE
2026-08-27T09:18:07.571916+09:00,2026-08-27,AMX,"América Móvil, S.A.B. de C.V.",US,인터넷,2026-08-26,23.62,3216607,3060700.35,0.4054,70756900864,50,65,55,76,55,1,HOLD,-0.01,0,False,live,STOCK,42,NEUTRAL,NYSE
2026-08-27T09:18:07.571916+09:00,2026-08-27,WPM,Wheaton Precious Metals Corp.,US,소재,2026-08-26,156.02,2680997,2416934.85,6.1423,70858039296,73,60,60,50,67,2,WATCH,0.89,11,False,live,STOCK,87,NEUTRAL,NYSE
2026-08-27T09:18:07.571916+09:00,2026-08-27,SPG,"Simon Property Group, Inc.",US,리츠,2026-08-26,217.11,992583,1274914.15,3.3286,82420056064,35,60,72,47,50,1,HOLD,0.06,1,False,live,STOCK,45,NEUTRAL,NYSE
2026-08-27T09:18:07.571916+09:00,2026-08-27,HON,Honeywell International Inc.,US,산업재,2026-08-26,220.67,3160727,3055446.35,5.2841,69939150848,40,60,52,65,54,0,HOLD,-0.09,-1,False,live,STOCK,65,NEUTRAL,NASDAQ
2026-08-27T09:18:07.571916+09:00,2026-08-27,SATA,Strive Inc. Perp. Pfd. Series A,US,금융,2026-08-26,100.01,214207,188870.35,0.4923,,77,60,58,42,63,2,WATCH,0.64,8,False,live,STOCK,72,NEUTRAL,NASDAQ
2026-08-27T09:18:07.571916+09:00,2026-08-27,RSG,"Republic Services, Inc.",US,산업재,2026-08-26,222.18,1439048,1408127.4,3.9736,68034400256,61,60,67,45,54,0,HOLD,0.31,4,False,live,STOCK,32,NEUTRAL,NYSE
2026-08-27T09:18:07.571916+09:00,2026-08-27,APD,"Air Products and Chemicals, Inc.",US,소재,2026-08-26,306.66,741521,986411.05,6.3029,68288745472,69,60,60,42,60,0,HOLD,0.55,7,False,live,STOCK,63,NEUTRAL,NYSE
2026-08-27T09:18:07.571916+09:00,2026-08-27,AJG,Arthur J. Gallagher & Co.,US,금융,2026-08-26,265.03,1425013,1362330.65,7.6136,67938054144,95,60,60,58,74,2,WATCH,1.15,14,False,live,STOCK,77,NEUTRAL,NYSE
2026-08-27T09:18:07.571916+09:00,2026-08-27,PCAR,PACCAR Inc,US,산업재,2026-08-26,129.23,1838999,3099239.95,2.6878,68022140928,47,60,45,58,46,0,HOLD,0.01,0,False,live,STOCK,32,NEUTRAL,NASDAQ
2026-08-27T09:18:07.571916+09:00,2026-08-27,TDG,TransDigm Group Incorporated,US,산업재,2026-08-26,1207.0601,432917,466805.85,27.9536,66722082816,25,60,56,53,43,0,AVOID,-0.4,-5,True,live,STOCK,41,NEUTRAL,NYSE
2026-08-27T09:18:07.571916+09:00,2026-08-27,ALL,The Allstate Corporation,US,금융,2026-08-26,261.81,1003825,1719076.25,6.2157,66200739840,48,60,53,73,54,1,HOLD,0.27,3,False,live,STOCK,48,NEUTRAL,NYSE
2026-08-27T09:18:07.571916+09:00,2026-08-27,AEP,"American Electric Power Company, Inc.",US,유틸리티,2026-08-26,123.36,3771425,3865756.25,2.142,67156860928,28,60,60,42,44,0,AVOID,-0.29,-3,True,live,STOCK,47,NEUTRAL,NASDAQ
2026-08-27T09:18:07.571916+09:00,2026-08-27,URI,"United Rentals, Inc.",US,산업재,2026-08-26,1057.66,296978,419993.9,31.0204,65831391232,39,60,70,58,56,1,HOLD,0.26,3,False,live,STOCK,61,NEUTRAL,NYSE
2026-08-27T09:18:07.571916+09:00,2026-08-27,TRP,TC Energy Corporation,US,에너지,2026-08-26,62.86,1301990,2241974.5,1.4241,,28,60,50,45,39,0,AVOID,-0.53,-6,True,live,STOCK,32,NEUTRAL,NYSE
2026-08-27T09:18:07.571916+09:00,2026-08-27,ARGX,argenx SE,US,제약/바이오,2026-08-26,1047.1,361936,311836.8,36.6627,65116815360,80,65,55,50,60,1,HOLD,0.66,8,False,live,STOCK,48,NEUTRAL,NASDAQ
2026-08-27T09:18:07.571916+09:00,2026-08-27,CRH,CRH plc,US,소재,2026-08-26,97.05,3609397,4574144.85,2.484,64565862400,65,60,55,60,60,0,HOLD,0.27,3,False,live,STOCK,62,NEUTRAL,NYSE
2026-08-27T09:18:07.571916+09:00,2026-08-27,VALE,Vale S.A.,US,소재,2026-08-26,15.16,19479354,25235467.7,0.392,64517361664,69,60,62,74,64,1,HOLD,0.38,5,False,live,STOCK,47,NEUTRAL,NYSE
2026-08-27T09:18:07.571916+09:00,2026-08-27,BE,Bloom Energy Corporation,US,산업재,2026-08-26,218.21,11526290,14447949.5,18.4154,64268816384,55,60,55,43,48,0,HOLD,-0.22,-3,False,live,STOCK,33,NEUTRAL,NYSE
2026-08-27T09:18:07.571916+09:00,2026-08-27,MPWR,"Monolithic Power Systems, Inc.",US,반도체,2026-08-26,1303.88,252608,750040.4,55.4368,64076574720,18,65,50,35,33,0,AVOID,-0.87,-10,True,live,STOCK,26,NEUTRAL,NASDAQ
2026-08-27T09:18:07.571916+09:00,2026-08-27,COR,"Cencora, Inc.",US,제약/바이오,2026-08-26,327.79,827732,1470066.6,8.5789,62551240704,81,65,68,58,69,1,HOLD,0.94,11,False,live,STOCK,63,NEUTRAL,NYSE
2026-08-27T09:18:07.571916+09:00,2026-08-27,TFC,Truist Financial Corporation,US,금융,2026-08-26,50.67,5115242,6144227.1,0.8252,61899800576,44,60,66,70,59,1,HOLD,0.32,4,False,live,STOCK,60,NEUTRAL,NYSE
2026-08-27T09:18:07.571916+09:00,2026-08-27,TRGP,Targa Resources Corp.,US,에너지,2026-08-26,294.03,938315,1298900.75,9.5421,63049154560,91,60,53,42,61,1,HOLD,0.73,9,False,live,STOCK,48,NEUTRAL,NYSE
2026-08-27T09:18:07.571916+09:00,2026-08-27,GWW,"W.W. Grainger, Inc.",US,산업재,2026-08-26,1335.39,152339,266661.95,21.9606,62898130944,76,60,60,50,59,1,HOLD,0.51,6,False,live,STOCK,42,NEUTRAL,NYSE
2026-08-27T09:18:07.571916+09:00,2026-08-27,MET,"MetLife, Inc.",US,금융,2026-08-26,96.52,2442330,3527181.5,1.6271,61336231936,59,60,76,58,64,1,HOLD,0.7,8,False,live,STOCK,61,NEUTRAL,NYSE
2026-08-27T09:18:07.571916+09:00,2026-08-27,RELX,RELX Plc,US,산업재,2026-08-26,35.34,2072508,2375760.4,0.8525,61550497792,47,60,55,50,56,1,HOLD,0.3,4,False,live,STOCK,77,NEUTRAL,NYSE
2026-08-27T09:18:07.571916+09:00,2026-08-27,BKR,Baker Hughes Company,US,에너지,2026-08-26,62.0,5232181,6217389.05,1.5043,61545791488,43,60,50,58,52,0,HOLD,-0.03,0,False,live,STOCK,63,NEUTRAL,NASDAQ
2026-08-27T09:18:07.571916+09:00,2026-08-27,MPLX,MPLX Lp,US,에너지,2026-08-26,59.32,801042,1383207.1,0.9021,60142071808,62,60,55,55,54,0,HOLD,0.29,3,False,live,STOCK,40,NEUTRAL,NYSE
2026-08-27T09:18:07.571916+09:00,2026-08-27,OKE,"ONEOK, Inc.",US,에너지,2026-08-26,94.9,3349143,3767717.15,2.334,59822084096,91,60,55,60,66,1,HOLD,0.79,9,False,live,STOCK,49,NEUTRAL,NYSE
2026-08-27T09:18:07.571916+09:00,2026-08-27,AFL,Aflac Incorporated,US,금융,2026-08-26,117.45,1518711,1997555.55,2.1801,58882768896,32,60,50,68,48,0,HOLD,-0.14,-2,False,live,STOCK,48,NEUTRAL,NYSE
2026-08-27T09:18:07.571916+09:00,2026-08-27,AU,AngloGold Ashanti plc,US,소재,2026-08-26,118.11,3834015,3243050.75,5.3896,59736408064,73,60,63,84,74,3,BUY,0.99,12,False,live,STOCK,81,NEUTRAL,NYSE
2026-08-27T09:18:07.571916+09:00,2026-08-27,LNG,"Cheniere Energy, Inc.",US,에너지,2026-08-26,284.08,1455656,1482457.8,7.0245,58672222208,92,60,66,45,73,2,WATCH,1.17,14,False,live,STOCK,83,NEUTRAL,NYSE
2026-08-27T09:18:07.571916+09:00,2026-08-27,TEL,TE Connectivity plc,US,반도체,2026-08-26,205.03,1749166,2051053.3,5.5855,59358896128,40,65,63,66,52,0,HOLD,-0.05,-1,False,live,STOCK,39,NEUTRAL,NYSE
2026-08-27T09:18:07.571916+09:00,2026-08-27,MRNA,"Moderna, Inc.",US,제약/바이오,2026-08-26,149.66,21836510,28412475.5,18.9152,59749646336,85,65,50,50,69,2,WATCH,0.99,12,False,live,STOCK,93,NEUTRAL,NASDAQ
2026-08-27T09:18:07.571916+09:00,2026-08-27,PSA,Public Storage,US,리츠,2026-08-26,317.37,735974,805853.7,5.4143,59267493888,43,60,63,37,53,1,HOLD,0.19,2,False,live,STOCK,71,NEUTRAL,NYSE
2026-08-27T09:18:07.571916+09:00,2026-08-27,D,"Dominion Energy, Inc.",US,유틸리티,2026-08-26,66.91,2767192,3460114.6,0.9304,58849083392,28,60,60,50,47,0,HOLD,-0.19,-2,False,live,STOCK,52,NEUTRAL,NYSE
2026-08-27T09:18:07.571916+09:00,2026-08-27,FAST,Fastenal Company,US,산업재,2026-08-26,51.15,3678142,7073497.1,0.99,58694504448,62,60,53,29,55,1,HOLD,0.5,6,False,live,STOCK,75,NEUTRAL,NASDAQ
2026-08-27T09:18:07.571916+09:00,2026-08-27,OXY,Occidental Petroleum Corporation,US,에너지,2026-08-26,58.62,6200554,8060757.7,1.4086,58598739968,65,60,65,76,62,1,HOLD,0.43,5,False,live,STOCK,40,NEUTRAL,NYSE
2026-08-27T09:18:07.571916+09:00,2026-08-27,O,Realty Income Corporation,US,리츠,2026-08-26,62.26,4087059,5484597.95,0.7773,58911535104,28,60,63,42,42,0,AVOID,-0.28,-3,True,live,STOCK,34,NEUTRAL,NYSE
2026-08-27T09:18:07.571916+09:00,2026-08-27,CVE,Cenovus Energy Inc.,US,에너지,2026-08-26,31.48,6217063,7026263.15,0.9999,58056830976,59,60,53,68,55,0,HOLD,0.32,4,False,live,STOCK,40,NEUTRAL,NYSE
2026-08-27T09:18:07.571916+09:00,2026-08-27,TAK,Takeda Pharmaceutical Company Limited,US,제약/바이오,2026-08-26,18.23,2049939,3230196.95,0.2829,58217558016,81,65,45,66,66,2,WATCH,0.8,10,False,live,STOCK,77,NEUTRAL,NYSE
2026-08-27T09:18:07.571916+09:00,2026-08-27,COHR,"Coherent, Inc.",US,IT,2026-08-26,294.37,5237470,7680063.5,30.9014,57647136768,18,60,55,43,43,0,AVOID,-0.54,-6,True,live,STOCK,62,NEUTRAL,NYSE
2026-08-27T09:18:07.571916+09:00,2026-08-27,NUE,Nucor Corporation,US,소재,2026-08-26,252.8,1113773,1536623.65,9.3271,57354174464,40,60,60,53,52,0,HOLD,0.03,0,False,live,STOCK,55,NEUTRAL,NYSE
2026-08-27T09:18:07.571916+09:00,2026-08-27,CIEN,Ciena Corporation,US,IT,2026-08-26,404.03,1181116,1993590.8,28.335,57191628800,33,60,50,43,40,0,AVOID,-0.6,-7,True,live,STOCK,30,NEUTRAL,NYSE
2026-08-27T09:18:07.571916+09:00,2026-08-27,NKE,"NIKE, Inc.",US,소비재,2026-08-26,38.59,36589168,26123518.4,1.1348,57248215040,18,60,50,50,36,0,AVOID,-0.81,-10,True,live,STOCK,27,NEUTRAL,NYSE
2026-08-27T09:18:07.571916+09:00,2026-08-27,FIX,"Comfort Systems USA, Inc.",US,산업재,2026-08-26,1615.6899,345554,409382.7,86.0518,56863121408,31,60,50,58,41,0,AVOID,-0.58,-7,True,live,STOCK,26,NEUTRAL,NYSE
2026-08-27T09:18:07.571916+09:00,2026-08-27,TER,"Teradyne, Inc.",US,반도체,2026-08-26,363.1,2206214,2947975.7,24.2486,56767328256,43,65,45,50,47,0,HOLD,-0.2,-2,False,live,STOCK,52,NEUTRAL,NASDAQ
2026-08-27T09:18:07.571916+09:00,2026-08-27,MT,ArcelorMittal S.A.,US,소재,2026-08-26,74.53,1602812,1456540.6,2.1307,56198729728,69,60,60,58,66,1,HOLD,0.69,8,False,live,STOCK,78,NEUTRAL,NYSE
2026-08-27T09:18:07.571916+09:00,2026-08-27,NXPI,NXP Semiconductors N.V.,US,반도체,2026-08-26,223.15,1810357,3805957.85,6.2367,56270434304,43,65,73,74,55,2,HOLD,-0.13,-2,False,live,STOCK,27,NEUTRAL,NASDAQ
2026-08-27T09:18:07.571916+09:00,2026-08-27,FANG,"Diamondback Energy, Inc.",US,에너지,2026-08-26,199.84,1375346,1774842.3,5.7521,55959150592,50,60,50,61,51,0,HOLD,0.03,0,False,live,STOCK,42,NEUTRAL,NASDAQ
2026-08-27T09:18:07.571916+09:00,2026-08-27,AME,"AMETEK, Inc.",US,산업재,2026-08-26,245.2,803496,1336634.8,4.9064,56214855680,47,60,63,53,56,0,HOLD,0.32,4,False,live,STOCK,64,NEUTRAL,NYSE
2026-08-27T09:18:07.571916+09:00,2026-08-27,NOK,Nokia Oyj,US,IT,2026-08-26,10.41,36284151,73579107.55,0.4822,58281889792,62,60,55,43,50,0,HOLD,-0.14,-2,False,live,STOCK,30,NEUTRAL,NYSE
2026-08-27T09:18:07.571916+09:00,2026-08-27,CAH,"Cardinal Health, Inc.",US,제약/바이오,2026-08-26,238.4,1472824,1890121.2,6.3596,55446052864,62,65,53,66,62,0,HOLD,0.59,7,False,live,STOCK,69,NEUTRAL,NYSE
2026-08-27T09:18:07.571916+09:00,2026-08-27,SRE,Sempra,US,유틸리티,2026-08-26,85.28,2029408,4092580.4,1.8401,55764619264,50,60,58,58,49,0,HOLD,-0.12,-1,False,live,STOCK,26,NEUTRAL,NYSE
2026-08-27T09:18:07.571916+09:00,2026-08-27,GRMN,Garmin Ltd.,US,IT,2026-08-26,289.02,569159,895402.95,7.0143,55738241024,51,60,53,45,53,0,HOLD,0.33,4,False,live,STOCK,64,NEUTRAL,NYSE
2026-08-27T09:18:07.571916+09:00,2026-08-27,NDAQ,"Nasdaq, Inc.",US,금융,2026-08-26,99.47,1543134,2798106.7,1.8111,55601475584,73,60,45,58,58,1,HOLD,0.46,6,False,live,STOCK,55,NEUTRAL,NASDAQ
2026-08-27T09:18:07.571916+09:00,2026-08-27,CTVA,"Corteva, Inc.",US,소재,2026-08-26,82.88,3924508,5158475.4,1.9182,55297204224,57,60,58,50,57,0,HOLD,0.31,4,False,live,STOCK,63,NEUTRAL,NYSE
2026-08-27T09:18:07.571916+09:00,2026-08-27,F,Ford Motor Company,US,소비재,2026-08-26,13.9,28352846,42488397.3,0.3852,55427579904,33,60,68,57,54,0,HOLD,-0.16,-2,False,live,STOCK,59,NEUTRAL,NYSE
2026-08-27T09:18:07.571916+09:00,2026-08-27,KEYS,"Keysight Technologies, Inc.",US,IT,2026-08-26,321.87,1137696,1395739.8,13.0827,54814461952,43,60,53,50,45,0,HOLD,-0.25,-3,False,live,STOCK,33,NEUTRAL,NYSE
2026-08-27T09:18:07.571916+09:00,2026-08-27,DAL,"Delta Air Lines, Inc.",US,산업재,2026-08-26,83.08,5717153,4672467.65,2.27,,35,60,60,76,53,1,HOLD,-0.04,0,False,live,STOCK,45,NEUTRAL,NYSE
2026-08-27T09:18:07.571916+09:00,2026-08-27,ADSK,"Autodesk, Inc.",US,IT,2026-08-26,254.77,1699685,1747394.25,9.3507,53793476608,62,60,72,66,70,2,WATCH,0.76,9,False,live,STOCK,83,NEUTRAL,NASDAQ
2026-08-27T09:18:07.571916+09:00,2026-08-27,STT,State Street Corporation,US,금융,2026-08-26,193.62,1052926,1458246.3,3.9171,53187751936,70,60,63,76,70,3,BUY,0.9,11,False,live,STOCK,77,NEUTRAL,NYSE
2026-08-27T09:18:07.571916+09:00,2026-08-27,PYPL,"PayPal Holdings, Inc.",US,금융,2026-08-26,61.81,11196240,9959017.0,1.3959,52876038144,73,60,50,78,70,3,BUY,0.9,11,False,live,STOCK,90,NEUTRAL,NASDAQ
2026-08-27T09:18:07.571916+09:00,2026-08-27,BDX,"Becton, Dickinson and Company",US,제약/바이오,2026-08-26,190.21,1403067,1854633.35,4.2096,51810697216,85,65,50,66,72,2,WATCH,1.03,12,False,live,STOCK,90,NEUTRAL,NYSE
2026-08-27T09:18:07.571916+09:00,2026-08-27,EW,Edwards Lifesciences Corporation,US,제약/바이오,2026-08-26,90.78,2778056,3114227.8,1.9043,52325593088,69,65,53,50,57,0,HOLD,0.39,5,False,live,STOCK,52,NEUTRAL,NYSE
2026-08-27T09:18:07.571916+09:00,2026-08-27,DEO,Diageo plc,US,소매,2026-08-26,93.67,1618097,1350409.85,2.0614,52071149568,62,60,58,58,64,1,HOLD,0.63,8,False,live,STOCK,80,NEUTRAL,NYSE
2026-08-27T09:18:07.571916+09:00,2026-08-27,FNV,Franco-Nevada Corporation,US,소재,2026-08-26,267.37,993908,833835.4,8.5428,51568668672,74,60,55,50,66,2,WATCH,0.83,10,False,live,STOCK,84,NEUTRAL,NYSE
2026-08-27T09:18:07.571916+09:00,2026-08-27,DVN,Devon Energy Corporation,US,에너지,2026-08-26,46.83,6338571,10528953.55,1.2971,51513004032,91,60,84,70,75,3,BUY,1.04,12,False,live,STOCK,42,NEUTRAL,NYSE
2026-08-27T09:18:07.571916+09:00,2026-08-27,NBIS,Nebius Group N.V.,US,IT,2026-08-26,213.93,9167300,26605230.0,21.7413,58157985792,35,60,65,58,52,0,HOLD,-0.08,-1,False,live,STOCK,52,NEUTRAL,NASDAQ
2026-08-27T09:18:07.571916+09:00,2026-08-27,WAB,Westinghouse Air Brake Technologies Corp,US,산업재,2026-08-26,300.54,678903,911425.15,5.5575,50764468224,66,60,45,50,56,0,HOLD,0.45,5,False,live,STOCK,61,NEUTRAL,NYSE
2026-08-27T09:18:07.571916+09:00,2026-08-27,AMP,"Ameriprise Financial, Inc.",US,금융,2026-08-26,560.28,306613,394010.65,10.5993,49491337216,66,60,53,68,62,0,HOLD,0.63,8,False,live,STOCK,66,NEUTRAL,NYSE
2026-08-27T09:18:07.571916+09:00,2026-08-27,ETR,Entergy Corporation,US,유틸리티,2026-08-26,107.23,1370374,2156258.7,1.9113,50036895744,72,60,60,50,61,1,HOLD,0.45,5,False,live,STOCK,58,NEUTRAL,NYSE
2026-08-27T09:18:07.571916+09:00,2026-08-27,WDAY,"Workday, Inc.",US,IT,2026-08-26,190.75,3208889,4671774.45,11.1663,47110189056,66,60,45,66,61,1,HOLD,0.6,7,False,live,STOCK,74,NEUTRAL,NASDAQ
2026-08-27T09:18:07.571916+09:00,2026-08-27,FITB,Fifth Third Bancorp,US,금융,2026-08-26,55.1,3707261,5283003.05,0.94,49969778688,47,60,45,58,50,0,HOLD,0.11,1,False,live,STOCK,54,NEUTRAL,NYSE
2026-08-27T09:18:07.571916+09:00,2026-08-27,ELC,"Entergy Louisiana, LLC COLLATERAL TR MT",US,유틸리티,2026-08-26,19.8,23486,16269.3,0.1106,,50,60,58,50,50,0,HOLD,-0.01,0,False,live,STOCK,40,NEUTRAL,NYSE
2026-08-27T09:18:07.571916+09:00,2026-08-27,ALAB,"Astera Labs, Inc. Common Stock",US,반도체,2026-08-26,290.3,1880285,4402649.25,20.9194,50362724352,7,65,65,35,36,0,AVOID,-0.77,-9,True,live,STOCK,39,NEUTRAL,NASDAQ
2026-08-27T09:18:07.571916+09:00,2026-08-27,XYZ,"Block, Inc.",US,IT,2026-08-26,83.1,3233993,4759859.65,2.402,49926066176,91,60,63,43,67,1,HOLD,0.93,11,False,live,STOCK,63,NEUTRAL,NYSE
2026-08-27T09:18:07.571916+09:00,2026-08-27,LHX,"L3Harris Technologies, Inc.",US,산업재,2026-08-26,262.96,1394154,1768597.7,6.3124,48966995968,10,60,63,58,45,0,HOLD,-0.54,-6,False,live,STOCK,58,NEUTRAL,NYSE
2026-08-27T09:18:07.571916+09:00,2026-08-27,AXON,"Axon Enterprise, Inc.",US,산업재,2026-08-26,607.48,415057,913847.85,34.7978,49350103040,73,60,60,35,65,2,WATCH,0.85,10,False,live,STOCK,90,NEUTRAL,NASDAQ
2026-08-27T09:18:07.571916+09:00,2026-08-27,AZO,"AutoZone, Inc.",US,소비재,2026-08-26,2999.0,292765,210163.25,79.2414,,28,60,60,50,49,0,HOLD,-0.1,-1,False,live,STOCK,65,NEUTRAL,NYSE
2026-08-27T09:18:07.571916+09:00,2026-08-27,PCG,PG&E Corporation,US,유틸리티,2026-08-26,18.22,17279135,25919436.75,0.5243,40127123456,88,60,63,68,76,2,WATCH,1.15,14,False,live,STOCK,86,NEUTRAL,NYSE
2026-08-27T09:18:07.571916+09:00,2026-08-27,XEL,Xcel Energy Inc.,US,유틸리티,2026-08-26,77.68,4551622,4895786.1,1.3507,48521592832,28,60,58,42,41,0,AVOID,-0.39,-5,True,live,STOCK,33,NEUTRAL,NASDAQ
2026-08-27T09:18:07.571916+09:00,2026-08-27,NTRA,"Natera, Inc.",US,제약/바이오,2026-08-26,338.45,1093463,1518918.15,14.1078,48785596416,80,65,63,50,72,2,WATCH,1.06,13,False,live,STOCK,93,NEUTRAL,NASDAQ
2026-08-27T09:18:07.571916+09:00,2026-08-27,CARR,Carrier Global Corporation,US,산업재,2026-08-26,58.74,8380052,5722587.6,1.4407,48420855808,20,60,73,50,44,1,AVOID,-0.4,-5,True,live,STOCK,33,NEUTRAL,NYSE
2026-08-27T09:18:07.571916+09:00,2026-08-27,CCEP,Coca-Cola Europacific Partners PLC,US,소매,2026-08-26,108.99,1299203,1864970.15,1.8257,48105852928,84,60,60,45,66,2,WATCH,0.91,11,False,live,STOCK,71,NEUTRAL,NASDAQ
2026-08-27T09:18:07.571916+09:00,2026-08-27,HEI,HEICO Corporation,US,산업재,2026-08-26,346.15,1370992,471514.6,9.5714,,43,60,60,34,47,0,HOLD,-0.06,-1,False,live,STOCK,48,NEUTRAL,NYSE
2026-08-27T09:18:07.571916+09:00,2026-08-27,ROK,"Rockwell Automation, Inc.",US,산업재,2026-08-26,431.75,560075,863223.75,9.2493,48042528768,28,60,60,42,41,0,AVOID,-0.42,-5,True,live,STOCK,32,NEUTRAL,NYSE
2026-08-27T09:18:07.571916+09:00,2026-08-27,CRWV,"CoreWeave, Inc. Class A Common Stock",US,IT,2026-08-26,88.01,12130194,31314614.7,7.6104,48540733440,33,60,60,42,40,0,AVOID,-0.57,-7,True,live,STOCK,20,NEUTRAL,NASDAQ
2026-08-27T09:18:07.571916+09:00,2026-08-27,COIN,"Coinbase Global, Inc.",US,금융,2026-08-26,181.78,6210882,9978674.1,9.8756,47960276992,59,60,53,38,55,0,HOLD,0.25,3,False,live,STOCK,69,NEUTRAL,NASDAQ
2026-08-27T09:18:07.571916+09:00,2026-08-27,CMG,"Chipotle Mexican Grill, Inc.",US,소비재,2026-08-26,37.34,12962930,19525866.5,1.1486,47250706432,84,60,63,50,66,1,HOLD,0.89,11,False,live,STOCK,61,NEUTRAL,NYSE
2026-08-27T09:18:07.571916+09:00,2026-08-27,UMC,United Microelectronics Corporation,US,반도체,2026-08-26,19.03,6765318,12205510.9,0.7864,47725502464,65,65,55,66,55,0,HOLD,-0.02,0,False,live,STOCK,30,NEUTRAL,NYSE
2026-08-27T09:18:07.571916+09:00,2026-08-27,INFY,Infosys Limited,US,IT,2026-08-26,11.69,6727524,17385321.2,0.3407,47347998720,43,60,60,60,51,0,HOLD,-0.11,-1,False,live,STOCK,40,NEUTRAL,NYSE
2026-08-27T09:18:07.571916+09:00,2026-08-27,VST,Vistra Corp.,US,유틸리티,2026-08-26,140.03,3368476,4725898.8,4.7114,46998994944,28,60,66,58,46,0,HOLD,-0.4,-5,False,live,STOCK,32,NEUTRAL,NYSE
2026-08-27T09:18:07.571916+09:00,2026-08-27,HUM,Humana Inc.,US,제약/바이오,2026-08-26,391.06,908122,1205701.1,13.0305,46958604288,80,65,70,58,70,2,WATCH,0.99,12,False,live,STOCK,69,NEUTRAL,NYSE
2026-08-27T09:18:07.571916+09:00,2026-08-27,CCJ,Cameco Corporation,US,에너지,2026-08-26,107.36,3452966,2968758.3,3.7007,46758821888,62,60,60,35,55,0,HOLD,0.22,3,False,live,STOCK,55,NEUTRAL,NYSE
2026-08-27T09:18:07.571916+09:00,2026-08-27,ARES,Ares Management Corporation,US,금융,2026-08-26,141.98,1686354,2343982.7,4.6725,46831624192,62,60,60,35,59,1,HOLD,0.6,7,False,live,STOCK,78,NEUTRAL,NYSE
2026-08-27T09:18:07.571916+09:00,2026-08-27,EBAY,eBay Inc.,US,소비재,2026-08-26,104.2,2003976,4547783.8,3.0357,46368997376,47,60,53,50,52,0,HOLD,-0.02,0,False,live,STOCK,62,NEUTRAL,NASDAQ
2026-08-27T09:18:07.571916+09:00,2026-08-27,RVMD,"Revolution Medicines, Inc.",US,제약/바이오,2026-08-26,215.44,3507017,1720195.85,7.8615,46176636928,85,65,63,42,71,2,WATCH,1.08,13,False,live,STOCK,90,NEUTRAL,NASDAQ
2026-08-27T09:18:07.571916+09:00,2026-08-27,EXC,Exelon Corporation,US,유틸리티,2026-08-26,44.44,6158150,6716117.5,0.7979,45784485888,31,60,60,52,47,0,HOLD,-0.2,-2,False,live,STOCK,47,NEUTRAL,NASDAQ
2026-08-27T09:18:07.571916+09:00,2026-08-27,FERG,Ferguson plc,US,산업재,2026-08-26,235.73,1541703,4454440.15,7.2166,45602607104,40,60,63,50,56,1,HOLD,0.25,3,False,live,STOCK,78,NEUTRAL,NYSE
2026-08-27T09:18:07.571916+09:00,2026-08-27,VTR,"Ventas, Inc.",US,리츠,2026-08-26,93.5,2182919,3279560.95,1.9229,47960485888,84,60,65,43,70,2,WATCH,0.97,12,False,live,STOCK,83,NEUTRAL,NYSE
2026-08-27T09:18:07.571916+09:00,2026-08-27,ABEV,Ambev S.A.,US,소매,2026-08-26,2.9,21158479,36862263.95,0.0679,44717998080,47,60,58,68,52,0,HOLD,-0.11,-1,False,live,STOCK,36,NEUTRAL,NYSE
2026-08-27T09:18:07.571916+09:00,2026-08-27,HLN,Haleon plc,US,제약/바이오,2026-08-26,10.17,5398527,8113391.35,0.1582,44723765248,81,65,55,58,68,2,WATCH,0.85,10,False,live,STOCK,77,NEUTRAL,NYSE
2026-08-27T09:18:07.571916+09:00,2026-08-27,TRI,Thomson Reuters Corporation,US,산업재,2026-08-26,102.45,1136835,2098456.75,4.2203,44383854592,51,60,50,58,56,0,HOLD,0.38,5,False,live,STOCK,69,NEUTRAL,NASDAQ
2026-08-27T09:18:07.571916+09:00,2026-08-27,PAYX,"Paychex, Inc.",US,산업재,2026-08-26,124.88,1111035,2422736.75,3.0043,44417671168,73,60,50,50,64,2,WATCH,0.76,9,False,live,STOCK,84,NEUTRAL,NASDAQ
2026-08-27T09:18:07.571916+09:00,2026-08-27,STM,STMicroelectronics N.V.,US,반도체,2026-08-26,49.66,4980138,8118246.9,1.9449,44299550720,40,65,70,58,48,1,HOLD,-0.33,-4,False,live,STOCK,17,NEUTRAL,NYSE
2026-08-27T09:18:07.571916+09:00,2026-08-27,TEAM,Atlassian Corporation,US,IT,2026-08-26,168.47,4108488,5324479.4,10.6369,42646298624,80,60,60,42,69,2,WATCH,1.0,12,False,live,STOCK,93,NEUTRAL,NASDAQ
2026-08-27T09:18:07.571916+09:00,2026-08-27,TEVA,Teva Pharmaceutical Industries Limited,US,제약/바이오,2026-08-26,37.92,4815284,5362884.2,0.9271,44188028928,81,65,50,51,64,2,WATCH,0.72,9,False,live,STOCK,71,NEUTRAL,NYSE
2026-08-27T09:18:07.571916+09:00,2026-08-27,IX,ORIX Corporation,US,금융,2026-08-26,39.73,228632,264926.6,0.7236,43154567168,40,60,55,70,52,1,HOLD,-0.02,0,False,live,STOCK,45,NEUTRAL,NYSE
2026-08-27T09:18:07.571916+09:00,2026-08-27,A,"Agilent Technologies, Inc.",US,제약/바이오,2026-08-26,155.08,3191619,1913415.95,4.0157,43799543808,81,65,60,58,71,2,WATCH,1.0,12,False,live,STOCK,84,NEUTRAL,NYSE
2026-08-27T09:18:07.571916+09:00,2026-08-27,KDP,Keurig Dr Pepper Inc.,US,소매,2026-08-26,32.205,7116844,11868452.2,0.9007,43825401856,76,60,60,66,70,2,WATCH,0.83,10,False,live,STOCK,78,NEUTRAL,NASDAQ
2026-08-27T09:18:07.571916+09:00,2026-08-27,SLF,Sun Life Financial Inc.,US,금융,2026-08-26,79.05,737244,1072472.2,1.344,44008288256,47,60,55,50,57,1,HOLD,0.35,4,False,live,STOCK,80,NEUTRAL,NYSE
2026-08-27T09:18:07.571916+09:00,2026-08-27,IDXX,"IDEXX Laboratories, Inc.",US,제약/바이오,2026-08-26,553.44,348859,631697.95,16.1861,43600621568,40,65,60,37,48,0,HOLD,-0.09,-1,False,live,STOCK,54,NEUTRAL,NASDAQ
2026-08-27T09:18:07.571916+09:00,2026-08-27,TTWO,"Take-Two Interactive Software, Inc.",US,IT,2026-08-26,233.45,2163417,2283220.85,8.4234,43650584576,35,60,53,37,43,0,AVOID,-0.14,-2,True,live,STOCK,48,NEUTRAL,NASDAQ
2026-08-27T09:18:07.571916+09:00,2026-08-27,CBRE,"CBRE Group, Inc.",US,리츠,2026-08-26,150.36,850304,1413275.2,4.25,43540541440,55,60,63,58,61,0,HOLD,0.57,7,False,live,STOCK,69,NEUTRAL,NYSE
2026-08-27T09:18:07.571916+09:00,2026-08-27,BSBR,Banco Santander (Brasil) S.A.,US,금융,2026-08-26,5.81,3030379,5018458.95,0.1241,43502534656,55,60,45,86,57,1,HOLD,0.25,3,False,live,STOCK,48,NEUTRAL,NYSE
2026-08-27T09:18:07.571916+09:00,2026-08-27,FER,Ferrovial SE,US,산업재,2026-08-26,59.94,1628559,1347872.95,1.2271,43201884160,20,60,55,38,41,0,AVOID,-0.54,-6,True,live,STOCK,55,NEUTRAL,NASDAQ
2026-08-27T09:18:07.571916+09:00,2026-08-27,WDS,Woodside Energy Group Ltd,US,에너지,2026-08-26,22.9,608083,561189.15,0.4746,,47,60,55,60,55,0,HOLD,0.21,3,False,live,STOCK,63,NEUTRAL,NYSE
2026-08-27T09:18:07.571916+09:00,2026-08-27,IQV,IQVIA Holdings Inc.,US,제약/바이오,2026-08-26,261.51,1272026,1249196.3,7.5596,43044548608,77,65,50,58,68,2,WATCH,0.89,11,False,live,STOCK,90,NEUTRAL,NYSE
2026-08-27T09:18:07.571916+09:00,2026-08-27,GFI,Gold Fields Limited,US,소재,2026-08-26,47.82,4669906,3851370.3,2.0061,42602672128,69,60,60,65,66,1,HOLD,0.77,9,False,live,STOCK,71,NEUTRAL,NYSE
2026-08-27T09:18:07.571916+09:00,2026-08-27,YUM,"Yum! Brands, Inc.",US,소비재,2026-08-26,154.41,2582650,2623512.5,3.9229,42138656768,65,60,53,50,52,0,HOLD,0.16,2,False,live,STOCK,33,NEUTRAL,NYSE
2026-08-27T09:18:07.571916+09:00,2026-08-27,LYV,"Live Nation Entertainment, Inc.",US,인터넷,2026-08-26,182.64,1633879,2091613.95,4.0707,42547724288,47,65,60,22,48,0,HOLD,0.12,1,False,live,STOCK,55,NEUTRAL,NYSE
2026-08-27T09:18:07.571916+09:00,2026-08-27,KB,KB Financial Group Inc.,US,금융,2026-08-26,120.86,89194,198944.7,2.8393,42434682880,62,60,55,78,61,1,HOLD,0.53,6,False,live,STOCK,52,NEUTRAL,NYSE
2026-08-27T09:18:07.571916+09:00,2026-08-27,CRDO,Credo Technology Group Holding Ltd,US,반도체,2026-08-26,226.49,2198148,4521737.4,19.2342,42565324800,28,65,68,35,45,0,HOLD,-0.17,-2,False,live,STOCK,46,NEUTRAL,NASDAQ
2026-08-27T09:18:07.571916+09:00,2026-08-27,WCN,"Waste Connections, Inc.",US,산업재,2026-08-26,167.15,756942,1145707.1,2.7593,42049798144,69,60,53,50,53,0,HOLD,0.32,4,False,live,STOCK,32,NEUTRAL,NYSE
2026-08-27T09:18:07.571916+09:00,2026-08-27,FMX,"Fomento Económico Mexicano, S.A.B. de C.",US,소매,2026-08-26,122.91,335280,476379.0,2.3021,41873162240,65,60,60,53,63,1,HOLD,0.55,7,False,live,STOCK,76,NEUTRAL,NYSE
2026-08-27T09:18:07.571916+09:00,2026-08-27,DHI,"D.R. Horton, Inc.",US,소비재,2026-08-26,149.25,1371453,1957637.65,4.2304,41745416192,65,60,73,68,63,1,HOLD,0.48,6,False,live,STOCK,41,NEUTRAL,NYSE
2026-08-27T09:18:07.571916+09:00,2026-08-27,PRU,"Prudential Financial, Inc.",US,금융,2026-08-26,120.24,1540635,1875456.75,2.0474,41482801152,51,60,63,94,68,2,WATCH,0.68,8,False,live,STOCK,75,NEUTRAL,NYSE
2026-08-27T09:18:07.571916+09:00,2026-08-27,ROP,"Roper Technologies, Inc.",US,IT,2026-08-26,413.28,663815,719955.75,10.1049,40873750528,88,60,60,68,76,2,WATCH,1.18,14,False,live,STOCK,90,NEUTRAL,NASDAQ
2026-08-27T09:18:07.571916+09:00,2026-08-27,ODFL,"Old Dominion Freight Line, Inc.",US,산업재,2026-08-26,199.43,1218659,1610242.95,6.0964,41475112960,28,60,60,50,40,0,AVOID,-0.54,-6,True,live,STOCK,20,NEUTRAL,NASDAQ
2026-08-27T09:18:07.571916+09:00,2026-08-27,FLEX,Flex Ltd.,US,IT,2026-08-26,111.82,3071059,3528557.95,5.6364,41306640384,15,60,71,58,50,1,HOLD,-0.34,-4,False,live,STOCK,65,NEUTRAL,NASDAQ
2026-08-27T09:18:07.571916+09:00,2026-08-27,CBRS,Cerebras Systems Inc.,US,반도체,2026-08-26,182.15,6442456,7697207.8,21.1093,43272290304,36,65,68,35,53,1,HOLD,-0.11,-1,False,live,STOCK,72,NEUTRAL,NASDAQ
2026-08-27T09:18:07.571916+09:00,2026-08-27,MSCI,MSCI Inc.,US,금융,2026-08-26,564.22,273296,627824.8,12.1355,41018789888,50,60,63,50,52,0,HOLD,-0.07,-1,False,live,STOCK,39,NEUTRAL,NYSE
2026-08-27T09:18:07.571916+09:00,2026-08-27,AIG,"American International Group, Inc.",US,금융,2026-08-26,76.97,2922033,2949966.65,1.3225,40247087104,25,60,55,94,55,1,HOLD,-0.01,0,False,live,STOCK,61,NEUTRAL,NYSE
2026-08-27T09:18:07.571916+09:00,2026-08-27,HMC,"Honda Motor Co., Ltd.",US,소비재,2026-08-26,31.41,823342,1080047.1,0.582,40759881728,54,60,58,63,57,0,HOLD,0.42,5,False,live,STOCK,55,NEUTRAL,NYSE
2026-08-27T09:18:07.571916+09:00,2026-08-27,MSTR,Strategy Inc,US,IT,2026-08-26,123.19,16645203,23100810.15,7.1193,48941129728,57,60,53,62,58,0,HOLD,0.06,1,False,live,STOCK,62,NEUTRAL,NASDAQ
2026-08-27T09:18:07.571916+09:00,2026-08-27,JD,"JD.com, Inc.",US,소비재,2026-08-26,28.77,4628278,8858563.9,0.805,,32,60,63,66,57,1,HOLD,0.12,1,False,live,STOCK,78,NEUTRAL,NASDAQ
2026-08-27T09:18:07.571916+09:00,2026-08-27,VIK,Viking Holdings Ltd,US,소비재,2026-08-26,90.52,3576675,3439198.75,4.0726,40429678592,35,60,55,50,41,0,AVOID,-0.38,-5,True,live,STOCK,22,NEUTRAL,NYSE
2026-08-27T09:18:07.571916+09:00,2026-08-27,MCHP,Microchip Technology Incorporated,US,반도체,2026-08-26,74.05,6195221,10019191.05,3.4172,40209797120,18,65,73,51,43,1,AVOID,-0.56,-7,True,live,STOCK,27,NEUTRAL,NASDAQ
2026-08-27T09:18:07.571916+09:00,2026-08-27,ONC,BeOne Medicines AG,US,제약/바이오,2026-08-26,375.8,125788,401069.4,10.4099,42511306752,80,65,48,35,64,2,WATCH,0.85,10,False,live,STOCK,93,NEUTRAL,NASDAQ
2026-08-27T09:18:07.571916+09:00,2026-08-27,PFH,"Prudential Financial, Inc. 4.125% Junior",US,금융,2026-08-26,15.3,25455,33942.75,0.2048,,28,60,58,50,44,0,AVOID,-0.35,-4,True,live,STOCK,40,NEUTRAL,NYSE
2026-08-27T09:18:07.571916+09:00,2026-08-27,ED,"Consolidated Edison, Inc.",US,유틸리티,2026-08-26,108.05,1847644,2310687.2,1.7175,39959986176,65,60,65,52,65,1,HOLD,0.6,7,False,live,STOCK,77,NEUTRAL,NYSE
2026-08-27T09:18:07.571916+09:00,2026-08-27,SYY,Sysco Corporation,US,소매,2026-08-26,83.27,1944444,3431412.2,1.4104,39894323200,47,60,63,50,56,0,HOLD,0.32,4,False,live,STOCK,63,NEUTRAL,NYSE
2026-08-27T09:18:07.571916+09:00,2026-08-27,VEEV,Veeva Systems Inc.,US,IT,2026-08-26,244.91,1442498,1716109.9,8.7357,39783989248,73,60,60,50,68,2,WATCH,0.91,11,False,live,STOCK,90,NEUTRAL,NYSE
2026-08-27T09:18:07.571916+09:00,2026-08-27,RKT,"Rocket Companies, Inc.",US,금융,2026-08-26,13.9,14459246,25676092.3,0.6996,39359827968,35,60,63,60,55,0,HOLD,0.05,1,False,live,STOCK,69,NEUTRAL,NYSE
2026-08-27T09:18:07.571916+09:00,2026-08-27,ADM,Archer-Daniels-Midland Company,US,소매,2026-08-26,80.09,2544750,3999132.5,2.454,38600142848,50,60,63,58,52,0,HOLD,0.05,1,False,live,STOCK,32,NEUTRAL,NYSE
2026-08-27T09:18:07.571916+09:00,2026-08-27,HIG,"The Hartford Insurance Group, Inc.",US,금융,2026-08-26,139.86,1038608,1397680.4,2.4236,37884157952,44,60,58,86,59,1,HOLD,0.28,3,False,live,STOCK,55,NEUTRAL,NYSE
2026-08-27T09:18:07.571916+09:00,2026-08-27,KGC,Kinross Gold Corporation,US,소재,2026-08-26,32.32,7420722,8864036.1,1.2483,38339301376,69,60,55,68,62,0,HOLD,0.56,7,False,live,STOCK,55,NEUTRAL,NYSE
2026-08-27T09:18:07.571916+09:00,2026-08-27,RKLB,"Rocket Lab USA, Inc.",US,산업재,2026-08-26,66.18,10865912,18011050.6,4.8824,42316222464,18,60,63,19,36,0,AVOID,-0.7,-8,True,live,STOCK,38,NEUTRAL,NASDAQ
2026-08-27T09:18:07.571916+09:00,2026-08-27,EXPE,"Expedia Group, Inc.",US,소비재,2026-08-26,333.44,1184103,1564000.15,11.1393,40020164608,73,60,45,58,61,2,WATCH,0.64,8,False,live,STOCK,70,NEUTRAL,NASDAQ
2026-08-27T09:18:07.571916+09:00,2026-08-27,NTAP,"NetApp, Inc.",US,IT,2026-08-26,193.85,1705007,2375790.35,7.2143,38040014848,66,60,55,50,59,0,HOLD,0.57,7,False,live,STOCK,63,NEUTRAL,NASDAQ
2026-08-27T09:18:07.571916+09:00,2026-08-27,EL,The Estée Lauder Companies Inc.,US,소매,2026-08-26,105.06,2429420,3495506.0,3.5571,38010556416,66,60,66,35,58,0,HOLD,0.57,7,False,live,STOCK,55,NEUTRAL,NYSE
2026-08-27T09:18:07.571916+09:00,2026-08-27,HSY,The Hershey Company,US,소매,2026-08-26,185.35,726364,1256278.2,3.4524,37241573376,80,60,50,50,63,1,HOLD,0.48,6,False,live,STOCK,68,NEUTRAL,NYSE
2026-08-27T09:18:07.571916+09:00,2026-08-27,NWG,NatWest Group plc,US,금융,2026-08-26,18.75,2444046,3219652.3,0.2332,74464321536,51,60,55,70,57,1,HOLD,0.37,4,False,live,STOCK,55,NEUTRAL,NYSE
2026-08-27T09:18:07.571916+09:00,2026-08-27,UAL,"United Airlines Holdings, Inc.",US,산업재,2026-08-26,114.83,2887280,3029929.0,3.7443,37270343680,20,60,60,73,48,1,HOLD,-0.27,-3,False,live,STOCK,45,NEUTRAL,NASDAQ
2026-08-27T09:18:07.571916+09:00,2026-08-27,KVUE,Kenvue Inc.,US,소매,2026-08-26,19.22,25396969,21495383.45,0.33,36917264384,91,60,60,66,74,2,WATCH,1.06,13,False,live,STOCK,77,NEUTRAL,NYSE
2026-08-27T09:18:07.571916+09:00,2026-08-27,PEG,Public Service Enterprise Group Incorpor,US,유틸리티,2026-08-26,74.03,1683517,2620465.85,1.1118,36898033664,28,60,50,45,38,0,AVOID,-0.57,-7,True,live,STOCK,26,NEUTRAL,NYSE
2026-08-27T09:18:07.571916+09:00,2026-08-27,VOD,Vodafone Group Public Limited Company,US,인터넷,2026-08-26,15.94,4454111,3991175.55,0.2429,36837380096,47,65,55,86,62,2,WATCH,0.4,5,False,live,STOCK,71,NEUTRAL,NASDAQ
2026-08-27T09:18:07.571916+09:00,2026-08-27,KMB,Kimberly-Clark Corporation,US,소매,2026-08-26,110.34,3950074,3438343.7,2.0843,36696768512,91,60,60,50,71,2,WATCH,1.02,12,False,live,STOCK,77,NEUTRAL,NASDAQ
2026-08-27T09:18:07.571916+09:00,2026-08-27,SHG,"Shinhan Financial Group Co., Ltd.",US,금융,2026-08-26,77.5,103996,181239.8,1.8001,36491988992,92,60,50,75,62,2,WATCH,0.69,8,False,live,STOCK,23,NEUTRAL,NYSE
2026-08-27T09:18:07.571916+09:00,2026-08-27,P,"Everpure, Inc.",US,IT,2026-08-26,108.9,5264298,3290274.9,6.3254,,73,60,45,35,58,2,HOLD,0.63,8,False,live,STOCK,80,NEUTRAL,NYSE
2026-08-27T09:18:07.571916+09:00,2026-08-27,IRM,Iron Mountain Incorporated,US,리츠,2026-08-26,121.43,1241183,1689604.15,3.5171,36150054912,28,60,50,35,46,1,HOLD,-0.23,-3,False,live,STOCK,76,NEUTRAL,NYSE
2026-08-27T09:18:07.571916+09:00,2026-08-27,UI,Ubiquiti Inc.,US,IT,2026-08-26,596.8,183629,145906.45,29.6182,36123336704,77,60,55,42,62,2,WATCH,0.55,7,False,live,STOCK,71,NEUTRAL,NYSE
2026-08-27T09:18:07.571916+09:00,2026-08-27,KR,The Kroger Co.,US,소매,2026-08-26,58.51,5526822,6039841.1,1.1993,,69,60,60,66,63,0,HOLD,0.36,4,False,live,STOCK,55,NEUTRAL,NYSE
2026-08-27T09:18:07.571916+09:00,2026-08-27,VMC,Vulcan Materials Company,US,소재,2026-08-26,273.74,874815,950075.75,6.3918,35470880768,28,60,53,58,47,0,HOLD,-0.23,-3,False,live,STOCK,55,NEUTRAL,NYSE
2026-08-27T09:18:07.571916+09:00,2026-08-27,ALC,Alcon Inc.,US,제약/바이오,2026-08-26,72.67,772155,1840767.75,1.6936,35128676352,62,65,60,50,56,0,HOLD,0.4,5,False,live,STOCK,48,NEUTRAL,NYSE
2026-08-27T09:18:07.571916+09:00,2026-08-27,CLS,Celestica Inc.,US,IT,2026-08-26,307.32,1128643,2814522.15,17.3405,38756470784,28,60,63,50,44,0,AVOID,-0.46,-6,True,live,STOCK,33,NEUTRAL,NYSE
2026-08-27T09:18:07.571916+09:00,2026-08-27,NTR,Nutrien Ltd.,US,소재,2026-08-26,73.61,2091978,2750698.9,1.8877,35127435264,74,60,50,60,66,2,WATCH,0.7,8,False,live,STOCK,84,NEUTRAL,NYSE
2026-08-27T09:18:07.571916+09:00,2026-08-27,PUK,Prudential plc,US,금융,2026-08-26,28.3,808022,1113546.1,0.4571,35088216064,72,60,55,78,57,2,HOLD,0.18,2,False,live,STOCK,16,NEUTRAL,NYSE
2026-08-27T09:18:07.571916+09:00,2026-08-27,ACGL,Arch Capital Group Ltd.,US,금융,2026-08-26,100.72,1333060,1533068.0,1.6587,34368598016,91,60,55,78,70,2,WATCH,0.88,11,False,live,STOCK,51,NEUTRAL,NASDAQ
2026-08-27T09:18:07.571916+09:00,2026-08-27,CCL,Carnival Corporation & plc,US,소비재,2026-08-26,25.59,16044765,17132783.25,0.8429,35049320448,20,60,55,86,44,1,AVOID,-0.54,-6,True,live,STOCK,23,NEUTRAL,NYSE
2026-08-27T09:18:07.571916+09:00,2026-08-27,WEC,"WEC Energy Group, Inc.",US,유틸리티,2026-08-26,107.52,1452648,2504212.4,1.8558,35035324416,50,60,63,42,49,0,HOLD,-0.05,-1,False,live,STOCK,33,NEUTRAL,NYSE
2026-08-27T09:18:07.571916+09:00,2026-08-27,MTB,M&T Bank Corporation,US,금융,2026-08-26,241.54,567477,904808.85,3.8954,34882301952,47,60,50,60,52,0,HOLD,0.2,2,False,live,STOCK,54,NEUTRAL,NYSE
2026-08-27T09:18:07.571916+09:00,2026-08-27,VG,"Venture Global, Inc.",US,에너지,2026-08-26,14.3,15018100,13449870.0,0.6894,35751329792,91,60,45,70,69,3,WATCH,0.93,11,False,live,STOCK,71,NEUTRAL,NYSE
2026-08-27T09:18:07.571916+09:00,2026-08-27,PPLC,PPL Corporation,US,유틸리티,2026-08-26,46.69,5405,221310.25,0.6557,,28,60,55,50,44,0,AVOID,-0.31,-4,True,live,STOCK,44,NEUTRAL,NYSE
2026-08-27T09:18:07.571916+09:00,2026-08-27,TWLO,Twilio Inc.,US,IT,2026-08-26,228.46,1370871,2632453.55,14.9112,35085795328,73,60,60,58,65,1,HOLD,0.77,9,False,live,STOCK,66,NEUTRAL,NYSE
2026-08-27T09:18:07.571916+09:00,2026-08-27,BBD,Banco Bradesco S.A.,US,금융,2026-08-26,3.26,33603394,30308069.7,0.0964,34520715264,47,60,50,88,52,1,HOLD,-0.15,-2,False,live,STOCK,26,NEUTRAL,NYSE
2026-08-27T09:18:07.571916+09:00,2026-08-27,HBAN,Huntington Bancshares Incorporated,US,금융,2026-08-26,17.04,17132370,21503058.5,0.325,34427871232,32,60,42,68,48,0,HOLD,-0.11,-1,False,live,STOCK,61,NEUTRAL,NASDAQ
2026-08-27T09:18:07.571916+09:00,2026-08-27,TECK,Teck Resources Limited,US,소재,2026-08-26,71.12,3663866,3040778.3,1.9196,34891472896,88,60,55,45,63,1,HOLD,0.71,9,False,live,STOCK,55,NEUTRAL,NYSE
2026-08-27T09:18:07.571916+09:00,2026-08-27,NTRS,Northern Trust Corporation,US,금융,2026-08-26,187.66,749668,1041748.4,3.6943,34333458432,69,60,60,60,64,0,HOLD,0.7,8,False,live,STOCK,69,NEUTRAL,NASDAQ
2026-08-27T09:18:07.571916+09:00,2026-08-27,EQT,EQT Corporation,US,에너지,2026-08-26,54.79,8251599,6104759.95,1.3479,34272024576,70,60,45,68,64,2,WATCH,0.47,6,False,live,STOCK,77,NEUTRAL,NYSE
2026-08-27T09:18:07.571916+09:00,2026-08-27,RMD,ResMed Inc.,US,제약/바이오,2026-08-26,235.69,1542336,1543126.8,7.5196,33998825472,84,65,56,58,70,2,WATCH,1.0,12,False,live,STOCK,84,NEUTRAL,NYSE
2026-08-27T09:18:07.571916+09:00,2026-08-27,BBDO,Banco Bradesco S.A.,US,금융,2026-08-26,3.13,105476,83348.8,0.1043,33144125440,65,60,55,80,60,1,HOLD,0.34,4,False,live,STOCK,40,NEUTRAL,NYSE
2026-08-27T09:18:07.571916+09:00,2026-08-27,ILMN,"Illumina, Inc.",US,제약/바이오,2026-08-26,224.84,1713909,2108840.45,8.9343,33950838784,77,65,63,29,65,2,WATCH,0.9,11,False,live,STOCK,87,NEUTRAL,NASDAQ
2026-08-27T09:18:07.571916+09:00,2026-08-27,EC,Ecopetrol S.A.,US,에너지,2026-08-26,16.52,1866454,1884677.7,0.5086,33962391552,47,60,55,96,60,1,HOLD,0.34,4,False,live,STOCK,52,NEUTRAL,NYSE
2026-08-27T09:18:07.571916+09:00,2026-08-27,RJF,"Raymond James Financial, Inc.",US,금융,2026-08-26,176.69,1498669,958738.45,3.7975,33942149120,51,60,60,68,60,0,HOLD,0.47,6,False,live,STOCK,63,NEUTRAL,NYSE
2026-08-27T09:18:07.571916+09:00,2026-08-27,ESLT,Elbit Systems Ltd.,US,산업재,2026-08-26,722.48,75402,86070.1,22.7579,33855666176,25,60,55,37,44,0,AVOID,-0.46,-6,True,live,STOCK,62,NEUTRAL,NASDAQ
2026-08-27T09:18:07.571916+09:00,2026-08-27,STLD,"Steel Dynamics, Inc.",US,소재,2026-08-26,235.9,1205325,1247421.25,10.0271,33811097600,40,60,53,53,46,0,HOLD,-0.3,-4,False,live,STOCK,39,NEUTRAL,NASDAQ
2026-08-27T09:18:07.571916+09:00,2026-08-27,EME,"EMCOR Group, Inc.",US,산업재,2026-08-26,763.59,402877,391573.85,27.4393,33681879040,43,60,60,50,46,0,HOLD,-0.29,-3,False,live,STOCK,26,NEUTRAL,NYSE
2026-08-27T09:18:07.571916+09:00,2026-08-27,DXCM,"DexCom, Inc.",US,제약/바이오,2026-08-26,88.96,3820094,5615249.7,2.4793,33570013184,73,65,50,42,63,2,WATCH,0.75,9,False,live,STOCK,87,NEUTRAL,NASDAQ
2026-08-27T09:18:07.571916+09:00,2026-08-27,STRC,Strategy Inc,US,IT,2026-08-26,97.16,1380994,1440214.7,1.0285,,70,60,48,60,54,1,HOLD,0.19,2,False,live,STOCK,31,NEUTRAL,NASDAQ
2026-08-27T09:18:07.571916+09:00,2026-08-27,CHT,"Chunghwa Telecom Co., Ltd.",US,인터넷,2026-08-26,42.91,169247,175932.35,0.3914,33287202816,72,65,55,50,58,1,HOLD,0.39,5,False,live,STOCK,50,NEUTRAL,NYSE
2026-08-27T09:18:07.571916+09:00,2026-08-27,CQP,"Cheniere Energy Partners, L.P.",US,에너지,2026-08-26,68.54,75394,131189.7,1.8507,33177315328,69,60,53,55,61,0,HOLD,0.61,7,False,live,STOCK,66,NEUTRAL,NYSE
2026-08-27T09:18:07.571916+09:00,2026-08-27,GEHC,GE HealthCare Technologies Inc.,US,제약/바이오,2026-08-26,73.31,2032479,3134823.95,1.5379,33113116672,62,65,66,60,64,0,HOLD,0.68,8,False,live,STOCK,66,NEUTRAL,NASDAQ
2026-08-27T09:18:07.571916+09:00,2026-08-27,ERIC,Telefonaktiebolaget LM Ericsson (publ),US,IT,2026-08-26,10.06,19805862,8990838.1,0.18,32903073792,40,60,50,78,47,1,HOLD,-0.43,-5,False,live,STOCK,23,NEUTRAL,NASDAQ
2026-08-27T09:18:07.571916+09:00,2026-08-27,CCI,Crown Castle Inc.,US,리츠,2026-08-26,75.54,1952143,3224562.15,1.63,33010980864,55,60,60,58,55,0,HOLD,-0.04,0,False,live,STOCK,44,NEUTRAL,NYSE
2026-08-27T09:18:07.571916+09:00,2026-08-27,MDB,"MongoDB, Inc.",US,IT,2026-08-26,406.11,971044,1470027.2,22.6566,32664209408,58,60,50,34,55,1,HOLD,0.45,5,False,live,STOCK,78,NEUTRAL,NASDAQ
2026-08-27T09:18:07.571916+09:00,2026-08-27,BIIB,Biogen Inc.,US,제약/바이오,2026-08-26,221.07,646900,803780.0,5.1278,32663977984,88,65,63,58,70,1,HOLD,0.99,12,False,live,STOCK,68,NEUTRAL,NASDAQ
2026-08-27T09:18:07.571916+09:00,2026-08-27,JBL,Jabil Inc.,US,IT,2026-08-26,310.91,563701,989605.05,14.1253,32579354624,25,60,60,58,40,0,AVOID,-0.64,-8,True,live,STOCK,17,NEUTRAL,NYSE
2026-08-27T09:18:07.571916+09:00,2026-08-27,ZTS,Zoetis Inc.,US,제약/바이오,2026-08-26,77.52,4843653,6658427.65,2.8929,32033093632,73,65,60,63,68,2,WATCH,0.66,8,False,live,STOCK,78,NEUTRAL,NYSE
2026-08-27T09:18:07.571916+09:00,2026-08-27,CNC,Centene Corp.,US,제약/바이오,2026-08-26,65.47,3596280,4154319.0,2.0764,32341854208,47,65,76,76,60,2,WATCH,0.4,5,False,live,STOCK,40,NEUTRAL,NYSE
2026-08-27T09:18:07.571916+09:00,2026-08-27,ALNY,"Alnylam Pharmaceuticals, Inc.",US,제약/바이오,2026-08-26,239.0,1107745,2421877.25,8.5321,31980380160,62,65,50,50,57,0,HOLD,0.07,1,False,live,STOCK,65,NEUTRAL,NASDAQ
2026-08-27T09:18:07.571916+09:00,2026-08-27,MLM,"Martin Marietta Materials, Inc.",US,소재,2026-08-26,532.18,587366,603953.3,12.3057,37795094528,50,60,63,58,52,0,HOLD,-0.06,-1,False,live,STOCK,32,NEUTRAL,NYSE
2026-08-27T09:18:07.571916+09:00,2026-08-27,WTW,Willis Towers Watson Public Limited Comp,US,금융,2026-08-26,343.12,430575,572303.75,7.5457,31866218496,66,60,60,58,57,0,HOLD,0.49,6,False,live,STOCK,40,NEUTRAL,NASDAQ
2026-08-27T09:18:07.571916+09:00,2026-08-27,BIDU,"Baidu, Inc.",US,인터넷,2026-08-26,93.26,1596580,3155724.0,3.2207,31632535552,7,65,60,88,46,1,HOLD,-0.63,-8,False,live,STOCK,41,NEUTRAL,NASDAQ
2026-08-27T09:18:07.571916+09:00,2026-08-27,IR,Ingersoll Rand Inc.,US,산업재,2026-08-26,79.97,2965904,3997235.2,2.0753,31028314112,36,60,65,66,54,0,HOLD,0.22,3,False,live,STOCK,55,NEUTRAL,NYSE
2026-08-27T09:18:07.571916+09:00,2026-08-27,WAT,Waters Corporation,US,제약/바이오,2026-08-26,414.17,426638,850251.9,11.4189,40665636864,69,65,42,35,56,1,HOLD,0.5,6,False,live,STOCK,78,NEUTRAL,NYSE
2026-08-27T09:18:07.571916+09:00,2026-08-27,FOXA,Fox Corporation,US,인터넷,2026-08-26,69.6,5126923,5380381.15,1.8589,29262446592,69,65,66,58,69,1,HOLD,0.78,9,False,live,STOCK,84,NEUTRAL,NASDAQ
2026-08-27T09:18:07.571916+09:00,2026-08-27,JBS,Jbs N.V.,US,소매,2026-08-26,13.75,4190961,5872918.05,0.5074,14725023744,55,60,60,76,64,1,HOLD,0.48,6,False,live,STOCK,69,NEUTRAL,NYSE
2026-08-27T09:18:07.571916+09:00,2026-08-27,SUNB,Sunbelt Rentals Holdings Inc,US,산업재,2026-08-26,74.38,2717872,2019623.6,2.7896,30491897856,43,60,45,66,53,0,HOLD,-0.02,0,False,live,STOCK,67,NEUTRAL,NYSE
2026-08-27T09:18:07.571916+09:00,2026-08-27,EXR,Extra Space Storage Inc.,US,리츠,2026-08-26,144.09,709901,938860.05,2.3757,31801028608,35,60,63,45,49,0,HOLD,-0.06,-1,False,live,STOCK,54,NEUTRAL,NYSE
2026-08-27T09:18:07.571916+09:00,2026-08-27,BAP,Credicorp Ltd.,US,금융,2026-08-26,382.55,239785,285479.25,12.0596,30381860864,32,60,63,63,51,0,HOLD,0.1,1,False,live,STOCK,51,NEUTRAL,NYSE
2026-08-27T09:18:07.571916+09:00,2026-08-27,CPRT,"Copart, Inc.",US,산업재,2026-08-26,32.67,5399533,10581071.65,1.2264,30246258688,70,60,58,45,64,2,WATCH,0.56,7,False,live,STOCK,84,NEUTRAL,NASDAQ
2026-08-27T09:18:07.571916+09:00,2026-08-27,STRF,MicroStrategy Incorporated 10.00% Series,US,IT,2026-08-26,101.55,78605,81915.25,1.002,,62,60,48,60,50,0,HOLD,0.06,1,False,live,STOCK,26,NEUTRAL,NASDAQ
2026-08-27T09:18:07.571916+09:00,2026-08-27,LVS,Las Vegas Sands Corp.,US,소비재,2026-08-26,46.23,3813462,4551403.1,1.0004,29943226368,65,60,55,68,62,0,HOLD,0.29,3,False,live,STOCK,62,NEUTRAL,NYSE
2026-08-27T09:18:07.571916+09:00,2026-08-27,RDDT,"Reddit, Inc.",US,인터넷,2026-08-26,155.36,3638452,9162737.6,9.541,29890721792,50,65,60,58,49,0,HOLD,-0.15,-2,False,live,STOCK,23,NEUTRAL,NYSE
2026-08-27T09:18:07.571916+09:00,2026-08-27,CASY,"Casey's General Stores, Inc.",US,소비재,2026-08-26,807.12,224298,277914.9,24.6821,29867405312,46,60,53,37,42,0,AVOID,-0.21,-3,True,live,STOCK,23,NEUTRAL,NASDAQ
2026-08-27T09:18:07.571916+09:00,2026-08-27,AEE,Ameren Corporation,US,유틸리티,2026-08-26,107.75,956965,1580993.25,1.6489,29829861376,28,60,53,42,41,0,AVOID,-0.37,-4,True,live,STOCK,41,NEUTRAL,NYSE
2026-08-27T09:18:07.571916+09:00,2026-08-27,CFG,"Citizens Financial Group, Inc.",US,금융,2026-08-26,70.49,1530453,2945687.65,1.3088,29688752128,44,60,63,68,57,0,HOLD,0.35,4,False,live,STOCK,58,NEUTRAL,NYSE
2026-08-27T09:18:07.571916+09:00,2026-08-27,CPNG,"Coupang, Inc.",US,소비재,2026-08-26,16.53,7329816,17140120.8,0.493,29712869376,65,60,50,27,48,0,HOLD,0.07,1,False,live,STOCK,38,NEUTRAL,NYSE
2026-08-27T09:18:07.571916+09:00,2026-08-27,FTI,TechnipFMC plc,US,에너지,2026-08-26,75.7,1842184,3222974.2,2.5063,29686843392,69,60,65,50,63,0,HOLD,0.67,8,False,live,STOCK,63,NEUTRAL,NYSE
2026-08-27T09:18:07.571916+09:00,2026-08-27,RYAAY,Ryanair Holdings plc,US,산업재,2026-08-26,56.69,1005614,1056435.7,1.1546,29410162688,17,60,55,47,36,0,AVOID,-0.71,-9,True,live,STOCK,23,NEUTRAL,NASDAQ
2026-08-27T09:18:07.571916+09:00,2026-08-27,KHC,The Kraft Heinz Company,US,소매,2026-08-26,24.79,26472830,14575231.5,0.6281,29396572160,43,60,66,96,64,1,HOLD,0.36,4,False,live,STOCK,63,NEUTRAL,NASDAQ
2026-08-27T09:18:07.571916+09:00,2026-08-27,NMR,"Nomura Holdings, Inc.",US,금융,2026-08-26,10.05,421189,712434.45,0.1607,29372059648,63,60,55,78,64,1,HOLD,0.65,8,False,live,STOCK,67,NEUTRAL,NYSE
2026-08-27T09:18:07.571916+09:00,2026-08-27,TDY,Teledyne Technologies Incorporated,US,IT,2026-08-26,633.56,238224,307031.2,14.2668,29369100288,35,60,45,58,49,0,HOLD,-0.1,-1,False,live,STOCK,69,NEUTRAL,NYSE
2026-08-27T09:18:07.571916+09:00,2026-08-27,TCOM,Trip.com Group Limited,US,소비재,2026-08-26,45.14,2374094,2297944.7,0.8786,28424892416,43,60,55,70,60,2,WATCH,0.19,2,False,live,STOCK,82,NEUTRAL,NASDAQ
2026-08-27T09:18:07.571916+09:00,2026-08-27,MDLN,Medline Inc.,US,제약/바이오,2026-08-26,34.58,7566503,7695320.15,1.3879,46525083648,50,65,55,50,56,1,HOLD,0.11,1,False,live,STOCK,70,NEUTRAL,NASDAQ
2026-08-27T09:18:07.571916+09:00,2026-08-27,ATI,ATI Inc.,US,산업재,2026-08-26,212.86,1277951,1560502.55,8.2714,28985227264,48,60,45,35,47,0,HOLD,0.14,2,False,live,STOCK,61,NEUTRAL,NYSE
2026-08-27T09:18:07.571916+09:00,2026-08-27,TS,Tenaris S.A.,US,에너지,2026-08-26,53.86,1040275,1680478.75,1.0807,,50,60,50,55,46,0,HOLD,-0.28,-3,False,live,STOCK,27,NEUTRAL,NYSE
2026-08-27T09:18:07.571916+09:00,2026-08-27,LPLA,LPL Financial Holdings Inc.,US,금융,2026-08-26,360.245,721693,633634.65,9.5633,28366514176,51,60,53,66,58,0,HOLD,0.43,5,False,live,STOCK,69,NEUTRAL,NASDAQ
2026-08-27T09:18:07.571916+09:00,2026-08-27,HAL,Halliburton Company,US,에너지,2026-08-26,34.44,12064396,10221949.8,0.9507,28693008384,72,60,50,74,60,2,WATCH,0.18,2,False,live,STOCK,43,NEUTRAL,NYSE
2026-08-27T09:18:07.571916+09:00,2026-08-27,EIX,Edison International,US,유틸리티,2026-08-26,74.51,3432475,3614303.75,2.2314,28672491520,66,60,60,65,58,0,HOLD,0.37,4,False,live,STOCK,35,NEUTRAL,NYSE
2026-08-27T09:18:07.571916+09:00,2026-08-27,DTE,DTE Energy Company,US,유틸리티,2026-08-26,137.71,1166225,1310976.25,2.1616,28655808512,28,60,55,50,44,0,AVOID,-0.32,-4,True,live,STOCK,47,NEUTRAL,NYSE
2026-08-27T09:18:07.571916+09:00,2026-08-27,VICI,VICI Properties Inc.,US,리츠,2026-08-26,26.0,6050857,10012767.85,0.4406,28628015104,53,60,63,80,63,1,HOLD,0.28,3,False,live,STOCK,62,NEUTRAL,NYSE
2026-08-27T09:18:07.571916+09:00,2026-08-27,ON,ON Semiconductor Corporation,US,반도체,2026-08-26,73.22,4322356,9170247.8,3.0511,28505909248,18,65,73,66,45,1,HOLD,-0.54,-6,False,live,STOCK,23,NEUTRAL,NASDAQ
2026-08-27T09:18:07.571916+09:00,2026-08-27,ATO,Atmos Energy Corporation,US,유틸리티,2026-08-26,169.46,736608,1067555.4,2.6923,28636803072,50,60,65,42,49,0,HOLD,-0.02,0,False,live,STOCK,32,NEUTRAL,NYSE
2026-08-27T09:18:07.571916+09:00,2026-08-27,PBA,Pembina Pipeline Corporation,US,에너지,2026-08-26,48.64,635175,888898.75,0.8686,28286834688,58,60,60,58,59,0,HOLD,0.36,4,False,live,STOCK,58,NEUTRAL,NYSE
2026-08-27T09:18:07.571916+09:00,2026-08-27,BNTX,BioNTech SE,US,제약/바이오,2026-08-26,112.56,1253708,1717310.4,4.9195,28275562496,73,65,53,58,66,2,WATCH,0.8,10,False,live,STOCK,81,NEUTRAL,NASDAQ
2026-08-27T09:18:07.571916+09:00,2026-08-27,MTD,Mettler-Toledo International Inc.,US,제약/바이오,2026-08-26,1398.46,97124,175611.2,32.5254,28020326400,51,65,50,42,52,0,HOLD,0.32,4,False,live,STOCK,69,NEUTRAL,NYSE
2026-08-27T09:18:07.571916+09:00,2026-08-27,DTW,DTE Energy Company 5.25 % Debentures 201,US,유틸리티,2026-08-26,19.4001,16605,26495.25,0.2303,,25,60,55,80,48,1,HOLD,-0.36,-4,False,live,STOCK,40,NEUTRAL,NYSE
2026-08-27T09:18:07.571916+09:00,2026-08-27,FTS,Fortis Inc.,US,유틸리티,2026-08-26,55.35,588509,765640.45,0.7493,28278315008,28,60,63,42,46,0,HOLD,-0.19,-2,False,live,STOCK,52,NEUTRAL,NYSE
2026-08-27T09:18:07.571916+09:00,2026-08-27,FISV,"Fiserv, Inc.",US,IT,2026-08-26,52.45,4212807,8289130.35,1.8207,27891165184,43,60,67,78,63,2,WATCH,0.24,3,False,live,STOCK,71,NEUTRAL,NASDAQ
2026-08-27T09:18:07.571916+09:00,2026-08-27,CTSH,Cognizant Technology Solutions Corporati,US,IT,2026-08-26,62.09,7003479,8391218.95,2.1775,27968081920,74,60,60,84,68,2,WATCH,0.8,10,False,live,STOCK,55,NEUTRAL,NASDAQ
2026-08-27T09:18:07.571916+09:00,2026-08-27,WSM,"Williams-Sonoma, Inc.",US,소비재,2026-08-26,237.43,2427957,994432.85,7.35,27961655296,44,60,63,37,47,0,HOLD,0.14,2,False,live,STOCK,40,NEUTRAL,NYSE
2026-08-27T09:18:07.571916+09:00,2026-08-27,HPQ,HP Inc.,US,IT,2026-08-26,30.52,22791909,13788015.45,1.285,,73,60,50,65,65,2,WATCH,0.76,9,False,live,STOCK,77,NEUTRAL,NYSE
2026-08-27T09:18:07.571916+09:00,2026-08-27,DOV,Dover Corporation,US,산업재,2026-08-26,204.66,1160770,958883.5,3.6571,27563655168,25,60,60,58,48,0,HOLD,-0.23,-3,False,live,STOCK,55,NEUTRAL,NYSE
2026-08-27T09:18:07.571916+09:00,2026-08-27,OTIS,Otis Worldwide Corporation,US,산업재,2026-08-26,72.36,2027217,3029885.85,1.3795,27545233408,43,60,60,58,50,0,HOLD,-0.01,0,False,live,STOCK,40,NEUTRAL,NYSE
2026-08-27T09:18:07.571916+09:00,2026-08-27,ZS,"Zscaler, Inc.",US,IT,2026-08-26,170.31,2154888,2226619.4,8.4623,27540748288,58,60,50,42,58,1,HOLD,0.54,6,False,live,STOCK,87,NEUTRAL,NASDAQ
2026-08-27T09:18:07.571916+09:00,2026-08-27,LH,Labcorp Holdings Inc.,US,제약/바이오,2026-08-26,335.72,701174,641298.7,6.8061,27226892288,85,65,48,58,68,2,WATCH,0.93,11,False,live,STOCK,84,NEUTRAL,NYSE
2026-08-27T09:18:07.571916+09:00,2026-08-27,ZM,"Zoom Communications, Inc.",US,IT,2026-08-26,93.83,7256293,3360709.65,4.0279,27513980928,43,60,50,73,51,1,HOLD,-0.16,-2,False,live,STOCK,42,NEUTRAL,NASDAQ
2026-08-27T09:18:07.571916+09:00,2026-08-27,QSR,Restaurant Brands International Inc.,US,소비재,2026-08-26,79.26,1688060,2388078.0,1.8007,36309876736,81,60,63,50,69,2,WATCH,0.86,10,False,live,STOCK,77,NEUTRAL,NYSE
2026-08-27T09:18:07.571916+09:00,2026-08-27,RPRX,Royalty Pharma plc,US,제약/바이오,2026-08-26,61.8,1478062,2748433.1,1.3049,35710230528,81,65,50,50,62,1,HOLD,0.71,9,False,live,STOCK,63,NEUTRAL,NASDAQ
2026-08-27T09:18:07.571916+09:00,2026-08-27,AWK,"American Water Works Company, Inc.",US,유틸리티,2026-08-26,137.49,1361768,2311413.4,2.8131,27323250688,91,60,63,42,68,1,HOLD,0.99,12,False,live,STOCK,69,NEUTRAL,NYSE
2026-08-27T09:18:07.571916+09:00,2026-08-27,FOX,Fox Corporation,US,인터넷,2026-08-26,62.23,667855,963937.75,1.5972,26163824640,69,65,66,68,70,1,HOLD,0.78,9,False,live,STOCK,81,NEUTRAL,NASDAQ
2026-08-27T09:18:07.571916+09:00,2026-08-27,DG,Dollar General Corporation,US,소매,2026-08-26,122.78,3228337,1949496.85,3.4936,27083626496,47,60,60,68,58,0,HOLD,0.36,4,False,live,STOCK,60,NEUTRAL,NYSE
2026-08-27T09:18:07.571916+09:00,2026-08-27,DGX,Quest Diagnostics Incorporated,US,제약/바이오,2026-08-26,245.0,811002,796340.1,4.51,27041472512,70,65,60,58,62,1,HOLD,0.65,8,False,live,STOCK,55,NEUTRAL,NYSE
2026-08-27T09:18:07.571916+09:00,2026-08-27,FE,FirstEnergy Corp.,US,유틸리티,2026-08-26,46.73,4496285,4377439.25,0.7864,27039844352,28,60,60,50,46,0,HOLD,-0.19,-2,False,live,STOCK,48,NEUTRAL,NYSE
2026-08-27T09:18:07.571916+09:00,2026-08-27,INSM,Insmed Incorporated,US,제약/바이오,2026-08-26,124.39,1977706,3077380.3,4.695,27164475392,52,65,50,19,42,0,AVOID,0.05,1,True,live,STOCK,40,NEUTRAL,NASDAQ
2026-08-27T09:18:07.571916+09:00,2026-08-27,ES,Eversource Energy,US,유틸리티,2026-08-26,71.67,1687945,2249362.25,1.2029,26996279296,28,60,63,58,51,0,HOLD,-0.02,0,False,live,STOCK,61,NEUTRAL,NYSE
2026-08-27T09:18:07.571916+09:00,2026-08-27,RBLX,Roblox Corporation,US,IT,2026-08-26,37.56,11595070,16793098.5,1.8121,26831962112,47,60,50,53,46,0,HOLD,-0.38,-5,False,live,STOCK,29,NEUTRAL,NYSE
2026-08-27T09:18:07.571916+09:00,2026-08-27,SN,"SharkNinja, Inc.",US,소비재,2026-08-26,188.55,1138928,1725716.4,5.5033,26683668480,73,60,55,50,65,2,WATCH,0.81,10,False,live,STOCK,84,NEUTRAL,NYSE
2026-08-27T09:18:07.571916+09:00,2026-08-27,CPAY,"Corpay, Inc.",US,IT,2026-08-26,406.93,507204,542770.2,9.9454,26718861312,69,60,50,74,64,1,HOLD,0.68,8,False,live,STOCK,69,NEUTRAL,NYSE
2026-08-27T09:18:07.571916+09:00,2026-08-27,ROIV,Roivant Sciences Ltd.,US,제약/바이오,2026-08-26,36.75,5260182,5806329.1,1.0942,26545371136,73,65,45,50,62,2,WATCH,0.7,8,False,live,STOCK,83,NEUTRAL,NASDAQ
2026-08-27T09:18:07.571916+09:00,2026-08-27,VRSN,"VeriSign, Inc.",US,IT,2026-08-26,292.99,558222,740841.1,7.2451,26486294528,80,60,50,50,60,1,HOLD,0.44,5,False,live,STOCK,55,NEUTRAL,NASDAQ
2026-08-27T09:18:07.571916+09:00,2026-08-27,XYL,Xylem Inc.,US,산업재,2026-08-26,113.42,1451153,1619507.65,2.7757,26482073600,28,60,63,58,50,0,HOLD,-0.06,-1,False,live,STOCK,54,NEUTRAL,NYSE
2026-08-27T09:18:07.571916+09:00,2026-08-27,CINF,Cincinnati Financial Corporation,US,금융,2026-08-26,172.38,365176,515708.8,2.86,26456547328,29,60,63,78,54,1,HOLD,0.07,1,False,live,STOCK,52,NEUTRAL,NASDAQ
2026-08-27T09:18:07.571916+09:00,2026-08-27,Q,"Qnity Electronics, Inc.",US,반도체,2026-08-26,126.2,1438690,1837359.5,6.0016,26402117632,21,65,63,50,46,0,HOLD,-0.43,-5,False,live,STOCK,55,NEUTRAL,NYSE
2026-08-27T09:18:07.571916+09:00,2026-08-27,PHG,Koninklijke Philips N.V.,US,제약/바이오,2026-08-26,26.99,751826,863131.3,0.4464,26380767232,80,65,58,74,68,2,WATCH,0.69,8,False,live,STOCK,60,NEUTRAL,NYSE
2026-08-27T09:18:07.571916+09:00,2026-08-27,PPL,PPL Corporation,US,유틸리티,2026-08-26,35.02,6931081,7992429.05,0.6325,26354120704,28,60,63,50,50,0,HOLD,-0.09,-1,False,live,STOCK,62,NEUTRAL,NYSE
2026-08-27T09:18:07.571916+09:00,2026-08-27,TPR,"Tapestry, Inc.",US,소비재,2026-08-26,130.25,4265992,3316314.6,5.6489,25970765824,17,60,55,60,48,1,HOLD,-0.35,-4,False,live,STOCK,73,NEUTRAL,NYSE
2026-08-27T09:18:07.571916+09:00,2026-08-27,RF,Regions Financial Corporation,US,금융,2026-08-26,30.7,5348692,7482779.6,0.485,26154237952,44,60,63,60,56,0,HOLD,0.32,4,False,live,STOCK,61,NEUTRAL,NYSE
2026-08-27T09:18:07.571916+09:00,2026-08-27,CNP,"CenterPoint Energy, Inc.",US,유틸리티,2026-08-26,39.59,5591529,6128861.45,0.8056,26078734336,28,60,65,42,43,0,AVOID,-0.38,-5,True,live,STOCK,32,NEUTRAL,NYSE
2026-08-27T09:18:07.571916+09:00,2026-08-27,SYM,Symbotic Inc.,US,산업재,2026-08-26,40.61,1005518,1768750.9,1.7535,24583864320,33,60,50,38,45,0,HOLD,-0.4,-5,False,live,STOCK,61,NEUTRAL,NASDAQ
2026-08-27T09:18:07.571916+09:00,2026-08-27,SW,Smurfit Westrock plc,US,소비재,2026-08-26,49.56,3383765,4358373.25,1.4103,25995356160,73,60,63,58,67,2,WATCH,0.83,10,False,live,STOCK,71,NEUTRAL,NYSE
2026-08-27T09:18:07.571916+09:00,2026-08-27,INCY,Incyte Corporation,US,제약/바이오,2026-08-26,128.12,800046,1447047.3,3.0579,25969633280,80,65,53,55,65,1,HOLD,0.8,10,False,live,STOCK,69,NEUTRAL,NASDAQ
2026-08-27T09:18:07.571916+09:00,2026-08-27,SYF,Synchrony Financial,US,금융,2026-08-26,79.78,3907104,3188855.2,1.8648,25958086656,62,60,50,70,61,1,HOLD,0.53,6,False,live,STOCK,69,NEUTRAL,NYSE
2026-08-27T09:18:07.571916+09:00,2026-08-27,FWONK,Liberty Media Corporation,US,인터넷,2026-08-26,103.34,1667598,2015494.9,2.4334,25908213760,69,65,58,38,61,1,HOLD,0.68,8,False,live,STOCK,77,NEUTRAL,NASDAQ
2026-08-27T09:18:07.571916+09:00,2026-08-27,AFRM,"Affirm Holdings, Inc.",US,금융,2026-08-26,76.46,2038695,2793369.75,3.2964,25606342656,65,60,70,51,55,1,HOLD,0.3,4,False,live,STOCK,23,NEUTRAL,NASDAQ
2026-08-27T09:18:07.571916+09:00,2026-08-27,WRB,W. R. Berkley Corporation,US,금융,2026-08-26,68.67,1256369,1607538.45,1.2075,25492193280,24,60,60,63,47,0,HOLD,-0.12,-1,False,live,STOCK,48,NEUTRAL,NYSE
2026-08-27T09:18:07.571916+09:00,2026-08-27,TPL,Texas Pacific Land Corporation,US,에너지,2026-08-26,369.4,288885,422159.25,17.1724,25479245824,57,60,75,29,58,1,HOLD,0.27,3,False,live,STOCK,62,NEUTRAL,NYSE
2026-08-27T09:18:07.571916+09:00,2026-08-27,PPG,"PPG Industries, Inc.",US,소재,2026-08-26,114.42,1009051,1484842.55,2.3499,25435566080,43,60,65,60,60,1,HOLD,0.3,4,False,live,STOCK,76,NEUTRAL,NYSE
2026-08-27T09:18:07.571916+09:00,2026-08-27,DLTR,"Dollar Tree, Inc.",US,소매,2026-08-26,132.18,3367105,2002515.25,3.6336,25401636864,91,60,53,58,68,1,HOLD,0.95,11,False,live,STOCK,66,NEUTRAL,NASDAQ
2026-08-27T09:18:07.571916+09:00,2026-08-27,NVT,nVent Electric plc,US,산업재,2026-08-26,155.23,1902981,2171339.05,7.3359,25125206016,43,60,60,50,52,0,HOLD,-0.03,0,False,live,STOCK,55,NEUTRAL,NYSE
2026-08-27T09:18:07.571916+09:00,2026-08-27,PHM,"PulteGroup, Inc.",US,소비재,2026-08-26,130.03,947235,1277596.75,3.559,,62,60,55,60,59,0,HOLD,0.47,6,False,live,STOCK,61,NEUTRAL,NYSE
2026-08-27T09:18:07.571916+09:00,2026-08-27,DRI,"Darden Restaurants, Inc.",US,소비재,2026-08-26,218.81,653083,1038014.15,5.7893,24844072960,69,60,50,42,58,0,HOLD,0.48,6,False,live,STOCK,69,NEUTRAL,NYSE
2026-08-27T09:18:07.571916+09:00,2026-08-27,GFS,GLOBALFOUNDRIES Inc.,US,반도체,2026-08-26,45.67,4522919,4414645.95,2.4579,25059168256,40,65,45,66,42,0,AVOID,-0.57,-7,True,live,STOCK,17,NEUTRAL,NASDAQ
2026-08-27T09:18:07.571916+09:00,2026-08-27,HUBB,Hubbell Incorporated,US,산업재,2026-08-26,472.46,383295,513467.7,12.5423,24961275904,25,60,63,58,49,0,HOLD,-0.15,-2,False,live,STOCK,55,NEUTRAL,NYSE
2026-08-27T09:18:07.571916+09:00,2026-08-27,TSEM,Tower Semiconductor Ltd.,US,반도체,2026-08-26,221.23,1235978,1973928.9,16.2307,25005899776,18,65,40,30,36,0,AVOID,-0.74,-9,True,live,STOCK,62,NEUTRAL,NASDAQ
2026-08-27T09:18:07.571916+09:00,2026-08-27,EXPD,"Expeditors International of Washington, ",US,산업재,2026-08-26,190.18,667140,1035317.0,3.6461,24721616896,80,60,55,37,64,2,WATCH,0.86,10,False,live,STOCK,83,NEUTRAL,NYSE
2026-08-27T09:18:07.571916+09:00,2026-08-27,FCNCA,"First Citizens BancShares, Inc.",US,금융,2026-08-26,2177.22,38887,50339.35,43.8269,24587606016,47,60,72,70,60,2,WATCH,0.39,5,False,live,STOCK,52,NEUTRAL,NASDAQ
2026-08-27T09:18:07.571916+09:00,2026-08-27,AMRZ,Amrize Ltd,US,소재,2026-08-26,44.74,3220880,4092419.0,1.5119,24469452800,7,60,72,58,41,1,AVOID,-0.69,-8,True,live,STOCK,29,NEUTRAL,NYSE
2026-08-27T09:18:07.571916+09:00,2026-08-27,JBHT,"J.B. Hunt Transport Services, Inc.",US,산업재,2026-08-26,263.64,429159,792957.95,8.6957,24759734272,28,60,60,58,45,0,HOLD,-0.34,-4,False,live,STOCK,33,NEUTRAL,NASDAQ
2026-08-27T09:18:07.571916+09:00,2026-08-27,WST,"West Pharmaceutical Services, Inc.",US,제약/바이오,2026-08-26,349.92,440088,511939.4,7.22,24625887232,62,65,73,42,63,2,WATCH,0.65,8,False,live,STOCK,72,NEUTRAL,NYSE
2026-08-27T09:18:07.571916+09:00,2026-08-27,NRG,"NRG Energy, Inc.",US,유틸리티,2026-08-26,116.14,1631641,3295937.05,4.8143,24413845504,18,60,63,66,44,0,AVOID,-0.58,-7,True,live,STOCK,32,NEUTRAL,NYSE
2026-08-27T09:18:07.571916+09:00,2026-08-27,FICO,Fair Isaac Corporation,US,IT,2026-08-26,1133.7,135478,384003.9,44.1702,24485238784,72,60,60,66,67,2,WATCH,0.44,5,False,live,STOCK,70,NEUTRAL,NYSE
2026-08-27T09:18:07.571916+09:00,2026-08-27,VRSK,"Verisk Analytics, Inc.",US,IT,2026-08-26,187.87,721875,1377173.75,6.8321,24452409344,69,60,48,58,51,0,HOLD,0.2,2,False,live,STOCK,23,NEUTRAL,NASDAQ
2026-08-27T09:18:07.571916+09:00,2026-08-27,CHD,"Church & Dwight Co., Inc.",US,소매,2026-08-26,102.86,1871255,1893997.75,2.1429,24398792704,84,60,50,58,66,2,WATCH,0.73,9,False,live,STOCK,71,NEUTRAL,NYSE
2026-08-27T09:18:07.571916+09:00,2026-08-27,ASTS,"AST SpaceMobile, Inc.",US,인터넷,2026-08-26,59.88,7229273,11329193.65,4.2418,23303350272,18,65,63,42,41,0,AVOID,-0.61,-7,True,live,STOCK,40,NEUTRAL,NASDAQ
2026-08-27T09:18:07.571916+09:00,2026-08-27,BRO,"Brown & Brown, Inc.",US,금융,2026-08-26,72.78,1720399,1962304.95,1.8084,24352942080,88,60,65,66,73,1,HOLD,1.08,13,False,live,STOCK,69,NEUTRAL,NYSE
2026-08-27T09:18:07.571916+09:00,2026-08-27,IHG,InterContinental Hotels Group PLC,US,소비재,2026-08-26,164.58,318110,267185.5,2.8964,24241113088,69,60,55,58,61,0,HOLD,0.47,6,False,live,STOCK,59,NEUTRAL,NYSE
2026-08-27T09:18:07.571916+09:00,2026-08-27,SMCI,"Super Micro Computer, Inc.",US,IT,2026-08-26,37.39,32294665,55111738.25,2.6564,24186580992,80,60,63,78,74,3,BUY,0.71,9,False,live,STOCK,76,NEUTRAL,NASDAQ
2026-08-27T09:18:07.571916+09:00,2026-08-27,SOFI,"SoFi Technologies, Inc.",US,금융,2026-08-26,18.84,36094255,50642902.75,0.7614,24333185024,84,60,40,66,58,1,HOLD,0.5,6,False,live,STOCK,39,NEUTRAL,NASDAQ
2026-08-27T09:18:07.571916+09:00,2026-08-27,STRD,Strategy Inc,US,IT,2026-08-26,73.0299,66936,123836.8,1.5662,,65,60,58,60,65,1,HOLD,0.59,7,False,live,STOCK,79,NEUTRAL,NASDAQ
2026-08-27T09:18:07.571916+09:00,2026-08-27,KOF,"Coca-Cola FEMSA, S.A.B. de C.V.",US,소매,2026-08-26,114.81,159853,131817.65,2.2792,,88,60,53,55,66,1,HOLD,0.8,10,False,live,STOCK,66,NEUTRAL,NYSE
2026-08-27T09:18:07.571916+09:00,2026-08-27,TROW,"T. Rowe Price Group, Inc.",US,금융,2026-08-26,112.55,682898,1751149.9,1.9511,24008699904,32,60,70,78,57,2,HOLD,0.22,3,False,live,STOCK,55,NEUTRAL,NASDAQ
2026-08-27T09:18:07.571916+09:00,2026-08-27,OMC,Omnicom Group Inc.,US,인터넷,2026-08-26,87.89,1875002,2435705.1,2.195,24112265216,91,65,55,46,62,1,HOLD,0.78,9,False,live,STOCK,45,NEUTRAL,NYSE
2026-08-27T09:18:07.571916+09:00,2026-08-27,VLTO,Veralto Corporation,US,산업재,2026-08-26,98.69,1052419,1396325.95,1.9255,24059965440,62,60,60,50,61,1,HOLD,0.63,8,False,live,STOCK,72,NEUTRAL,NYSE
2026-08-27T09:18:07.571916+09:00,2026-08-27,CRS,Carpenter Technology Corporation,US,소재,2026-08-26,483.7,476650,658992.5,21.1607,23971479552,20,60,73,42,44,1,AVOID,-0.21,-3,True,live,STOCK,41,NEUTRAL,NYSE
2026-08-27T09:18:07.571916+09:00,2026-08-27,CRCL,Circle Internet Group,US,금융,2026-08-26,89.91,15098774,14314608.7,5.889,24508938240,52,60,50,45,58,1,HOLD,0.1,1,False,live,STOCK,91,NEUTRAL,NYSE
2026-08-27T09:18:07.571916+09:00,2026-08-27,PFG,"Principal Financial Group, Inc.",US,금융,2026-08-26,112.21,803129,1064436.45,1.9337,24024680448,44,60,55,68,59,1,HOLD,0.35,4,False,live,STOCK,77,NEUTRAL,NASDAQ
2026-08-27T09:18:07.571916+09:00,2026-08-27,CIB,Grupo Cibest S.A.,US,금융,2026-08-26,101.01,231724,295031.2,3.5082,23855077376,85,60,58,88,74,2,WATCH,1.02,12,False,live,STOCK,66,NEUTRAL,NYSE
2026-08-27T09:18:07.571916+09:00,2026-08-27,FWONA,Formula One Group,US,인터넷,2026-08-26,95.36,78515,134900.75,2.2036,23907561472,91,65,61,38,66,1,HOLD,0.95,11,False,live,STOCK,66,NEUTRAL,NASDAQ
2026-08-27T09:18:07.571916+09:00,2026-08-27,USFD,US Foods Holding Corp.,US,소매,2026-08-26,108.46,1126609,2190285.45,2.6679,23463229440,73,60,63,66,70,2,WATCH,0.91,11,False,live,STOCK,78,NEUTRAL,NYSE
2026-08-27T09:18:07.571916+09:00,2026-08-27,KEY,KeyCorp,US,금융,2026-08-26,22.09,6542130,9117711.5,0.3814,23572871168,25,60,63,60,45,0,HOLD,-0.24,-3,False,live,STOCK,32,NEUTRAL,NYSE
2026-08-27T09:18:07.571916+09:00,2026-08-27,AER,AerCap Holdings N.V.,US,산업재,2026-08-26,149.83,939806,1026265.3,3.0871,23550887936,44,60,63,70,56,1,HOLD,0.22,3,False,live,STOCK,48,NEUTRAL,NYSE
2026-08-27T09:18:07.571916+09:00,2026-08-27,ROKU,"Roku, Inc.",US,인터넷,2026-08-26,158.6,2696442,2520012.1,1.985,23539251200,85,65,60,43,67,2,WATCH,0.94,11,False,live,STOCK,74,NEUTRAL,NASDAQ
2026-08-27T09:18:07.571916+09:00,2026-08-27,ULTA,"Ulta Beauty, Inc.",US,소비재,2026-08-26,543.19,611129,591696.45,18.5046,23351363584,51,60,60,42,57,1,HOLD,0.34,4,False,live,STOCK,77,NEUTRAL,NASDAQ
2026-08-27T09:18:07.571916+09:00,2026-08-27,GPN,Global Payments Inc.,US,금융,2026-08-26,92.96,3037564,3173693.2,2.8914,24598925312,73,60,60,66,70,2,WATCH,0.91,11,False,live,STOCK,83,NEUTRAL,NYSE
2026-08-27T09:18:07.571916+09:00,2026-08-27,STE,STERIS plc,US,제약/바이오,2026-08-26,236.77,498213,723490.65,4.9314,23085101056,62,65,53,58,63,1,HOLD,0.6,7,False,live,STOCK,84,NEUTRAL,NYSE
2026-08-27T09:18:07.571916+09:00,2026-08-27,IOT,Samsara Inc.,US,IT,2026-08-26,39.84,3708900,4666930.0,2.0748,,73,60,50,35,58,1,HOLD,0.6,7,False,live,STOCK,69,NEUTRAL,NYSE
2026-08-27T09:18:07.571916+09:00,2026-08-27,STZ,"Constellation Brands, Inc.",US,소매,2026-08-26,134.45,1082307,1647575.35,3.4643,22964643840,65,60,60,68,69,1,HOLD,0.6,7,False,live,STOCK,91,NEUTRAL,NYSE
2026-08-27T09:18:07.571916+09:00,2026-08-27,GH,"Guardant Health, Inc.",US,제약/바이오,2026-08-26,170.92,2010426,2267771.3,7.3614,22936809472,92,65,63,58,73,2,WATCH,1.13,14,False,live,STOCK,75,NEUTRAL,NASDAQ
2026-08-27T09:18:07.571916+09:00,2026-08-27,TW,Tradeweb Markets Inc.,US,금융,2026-08-26,107.51,1029809,1639565.45,2.1632,23225198592,84,60,60,50,69,2,WATCH,0.88,11,False,live,STOCK,77,NEUTRAL,NASDAQ
2026-08-27T09:18:07.571916+09:00,2026-08-27,CW,Curtiss-Wright Corporation,US,산업재,2026-08-26,619.46,316014,362660.7,25.7182,22879412224,10,60,63,34,33,0,AVOID,-0.89,-11,True,live,STOCK,20,NEUTRAL,NYSE
2026-08-27T09:18:07.571916+09:00,2026-08-27,L,Loews Corporation,US,금융,2026-08-26,110.96,477316,630220.8,1.7619,22683297792,21,60,60,68,48,0,HOLD,-0.17,-2,False,live,STOCK,48,NEUTRAL,NYSE
2026-08-27T09:18:07.571916+09:00,2026-08-27,RGLD,"Royal Gold, Inc.",US,소재,2026-08-26,266.14,578094,752534.7,8.0043,22549473280,69,60,60,50,58,0,HOLD,0.56,7,False,live,STOCK,49,NEUTRAL,NASDAQ
2026-08-27T09:18:07.571916+09:00,2026-08-27,FFIV,"F5, Inc.",US,IT,2026-08-26,399.59,507012,585315.6,12.5968,22627655680,28,60,50,58,50,1,HOLD,-0.04,0,False,live,STOCK,76,NEUTRAL,NASDAQ
2026-08-27T09:18:07.571916+09:00,2026-08-27,XPO,"XPO Logistics, Inc.",US,산업재,2026-08-26,192.46,714150,914222.5,6.0964,22534461440,31,60,58,42,38,0,AVOID,-0.58,-7,True,live,STOCK,17,NEUTRAL,NYSE
2026-08-27T09:18:07.571916+09:00,2026-08-27,FCNCN,First Citizens BancShares Inc. Depositar,US,금융,2026-08-26,24.98,10872,16528.6,0.2107,,65,60,55,50,54,0,HOLD,0.22,3,False,live,STOCK,40,NEUTRAL,NASDAQ
2026-08-27T09:18:07.571916+09:00,2026-08-27,MKL,Markel Corporation,US,금융,2026-08-26,1815.5699,55625,66536.25,28.9857,22494834688,25,60,60,62,43,0,AVOID,-0.39,-5,True,live,STOCK,26,NEUTRAL,NYSE
2026-08-27T09:18:07.571916+09:00,2026-08-27,EFX,Equifax Inc.,US,산업재,2026-08-26,190.56,775193,1143094.65,5.9746,22387920896,84,60,50,58,64,1,HOLD,0.77,9,False,live,STOCK,60,NEUTRAL,NYSE
2026-08-27T09:18:07.571916+09:00,2026-08-27,SQM,Sociedad Química y Minera de Chile S.A.,US,소재,2026-08-26,78.28,855755,975077.75,2.7579,22359728128,80,60,50,84,67,2,WATCH,0.48,6,False,live,STOCK,55,NEUTRAL,NYSE
2026-08-27T09:18:07.571916+09:00,2026-08-27,EXE,Expand Energy Corporation,US,에너지,2026-08-26,96.57,2508475,2707598.75,2.3742,22356320256,58,60,75,78,65,2,WATCH,0.51,6,False,live,STOCK,48,NEUTRAL,NASDAQ
2026-08-27T09:18:07.571916+09:00,2026-08-27,OKTA,"Okta, Inc.",US,IT,2026-08-26,134.42,6657023,2779576.15,6.8464,23363184640,54,60,60,43,57,0,HOLD,0.47,6,False,live,STOCK,69,NEUTRAL,NASDAQ
2026-08-27T09:18:07.571916+09:00,2026-08-27,IFF,International Flavors & Fragrances Inc.,US,소재,2026-08-26,87.12,1354628,1567356.4,1.9364,22228666368,91,60,63,42,69,2,WATCH,0.99,12,False,live,STOCK,71,NEUTRAL,NYSE
2026-08-27T09:18:07.571916+09:00,2026-08-27,PAAS,Pan American Silver Corp.,US,소재,2026-08-26,52.63,4386696,5197974.8,2.2523,21821345792,80,60,55,71,67,2,WATCH,0.57,7,False,live,STOCK,61,NEUTRAL,NYSE
2026-08-27T09:18:07.571916+09:00,2026-08-27,TCPA,TransCanada PipeLines Limited 6,US,에너지,2026-08-26,21.9,54185,32814.25,0.3787,,20,60,55,50,40,0,AVOID,-0.53,-6,True,live,STOCK,40,NEUTRAL,NYSE
2026-08-27T09:18:07.571916+09:00,2026-08-27,FSLR,"First Solar, Inc.",US,에너지,2026-08-26,205.93,1461978,2618673.9,10.5321,22131253248,10,60,50,84,46,1,HOLD,-0.61,-7,False,live,STOCK,55,NEUTRAL,NASDAQ
2026-08-27T09:18:07.571916+09:00,2026-08-27,RL,Ralph Lauren Corporation,US,소비재,2026-08-26,362.32,487013,616125.65,10.5571,21587836928,20,60,55,58,39,0,AVOID,-0.53,-6,True,live,STOCK,26,NEUTRAL,NYSE
2026-08-27T09:18:07.571916+09:00,2026-08-27,CDE,"Coeur Mining, Inc.",US,소재,2026-08-26,21.44,37368215,40386655.75,1.095,22038927360,69,60,60,53,66,1,HOLD,0.8,10,False,live,STOCK,81,NEUTRAL,NYSE
2026-08-27T09:18:07.571916+09:00,2026-08-27,THC,Tenet Healthcare Corporation,US,제약/바이오,2026-08-26,274.19,513307,806370.35,7.0207,22077505536,73,65,50,78,66,2,WATCH,0.75,9,False,live,STOCK,69,NEUTRAL,NYSE
2026-08-27T09:18:07.571916+09:00,2026-08-27,PKG,Packaging Corporation of America,US,소비재,2026-08-26,246.68,553727,491521.35,5.0882,21978767360,50,60,53,58,48,0,HOLD,0.08,1,False,live,STOCK,26,NEUTRAL,NYSE
2026-08-27T09:18:07.571916+09:00,2026-08-27,STRK,Strategy Inc,US,IT,2026-08-26,73.95,66915,101250.75,1.951,,62,60,48,60,53,0,HOLD,0.17,2,False,live,STOCK,40,NEUTRAL,NASDAQ
2026-08-27T09:18:07.571916+09:00,2026-08-27,CMSA,CMS Energy Corporation 5.6% JRSUB NT 78,US,유틸리티,2026-08-26,20.37,15830,13901.5,0.1416,,25,60,60,70,48,1,HOLD,-0.32,-4,False,live,STOCK,40,NEUTRAL,NYSE
2026-08-27T09:18:07.571916+09:00,2026-08-27,UTHR,United Therapeutics Corporation,US,제약/바이오,2026-08-26,516.68,254778,536973.9,12.9871,22160762880,50,65,50,50,52,0,HOLD,-0.02,0,False,live,STOCK,62,NEUTRAL,NASDAQ
2026-08-27T09:18:07.571916+09:00,2026-08-27,IP,International Paper Company,US,소재,2026-08-26,41.39,3369768,3984868.4,1.0839,21918898176,73,60,55,68,64,1,HOLD,0.71,9,False,live,STOCK,61,NEUTRAL,NYSE
2026-08-27T09:18:07.571916+09:00,2026-08-27,DOW,Dow Inc.,US,소재,2026-08-26,30.33,9341141,8551657.05,0.9806,21908594688,43,60,63,55,49,0,HOLD,-0.23,-3,False,live,STOCK,32,NEUTRAL,NYSE
2026-08-27T09:18:07.571916+09:00,2026-08-27,BCE,BCE Inc.,US,인터넷,2026-08-26,23.49,2085965,3447268.25,0.3679,21905031168,80,65,63,86,77,3,BUY,0.87,10,False,live,STOCK,85,NEUTRAL,NYSE
2026-08-27T09:18:07.571916+09:00,2026-08-27,AMCR,Amcor plc,US,소비재,2026-08-26,47.15,2929389,3986844.45,1.1829,21799600128,66,60,71,66,69,2,WATCH,0.87,10,False,live,STOCK,74,NEUTRAL,NYSE
2026-08-27T09:18:07.571916+09:00,2026-08-27,BG,Bunge Global S.A.,US,소매,2026-08-26,113.25,1566042,1376962.1,3.4397,21757491200,72,60,65,50,59,1,HOLD,0.3,4,False,live,STOCK,41,NEUTRAL,NYSE
2026-08-27T09:18:07.571916+09:00,2026-08-27,ENTG,"Entegris, Inc.",US,반도체,2026-08-26,142.46,1143564,2340868.2,7.9863,21767888896,28,65,53,43,44,0,AVOID,-0.23,-3,True,live,STOCK,55,NEUTRAL,NASDAQ
2026-08-27T09:18:07.571916+09:00,2026-08-27,CMS,CMS Energy Corporation,US,유틸리티,2026-08-26,69.23,2373343,3769677.15,1.1282,21708947456,28,60,65,42,44,0,AVOID,-0.32,-4,True,live,STOCK,39,NEUTRAL,NYSE
2026-08-27T09:18:07.571916+09:00,2026-08-27,LEN,Lennar Corporation,US,소비재,2026-08-26,87.15,1559186,2205689.3,2.6071,20994011136,80,60,60,73,64,2,WATCH,0.5,6,False,live,STOCK,39,NEUTRAL,NYSE
2026-08-27T09:18:07.571916+09:00,2026-08-27,TOST,"Toast, Inc.",US,IT,2026-08-26,36.97,9292266,9512478.3,1.126,21368659968,92,60,50,50,68,2,WATCH,0.98,12,False,live,STOCK,77,NEUTRAL,NYSE
2026-08-27T09:18:07.571916+09:00,2026-08-27,GIS,"General Mills, Inc.",US,소매,2026-08-26,40.08,9063771,8053833.55,1.0757,21427949568,78,60,73,63,76,3,BUY,1.16,14,False,live,STOCK,90,NEUTRAL,NYSE
2026-08-27T09:18:07.571916+09:00,2026-08-27,BCH,Banco de Chile,US,금융,2026-08-26,41.63,282160,304563.0,1.0557,21026705408,84,60,55,70,67,2,WATCH,0.77,9,False,live,STOCK,58,NEUTRAL,NYSE
2026-08-27T09:18:07.571916+09:00,2026-08-27,FIS,"Fidelity National Information Services, ",US,IT,2026-08-26,40.64,7395492,6562684.6,1.3136,20958287872,40,60,65,86,57,1,HOLD,0.04,0,False,live,STOCK,40,NEUTRAL,NYSE
2026-08-27T09:18:07.571916+09:00,2026-08-27,BR,"Broadridge Financial Solutions, Inc.",US,IT,2026-08-26,181.6,1185327,1397306.35,5.12,20706359296,78,60,60,58,70,2,WATCH,0.96,12,False,live,STOCK,83,NEUTRAL,NYSE
2026-08-27T09:18:07.571916+09:00,2026-08-27,MTSI,"MACOM Technology Solutions Holdings, Inc",US,반도체,2026-08-26,272.66,1225542,1478307.1,16.7271,20823298048,18,65,60,35,40,0,AVOID,-0.62,-7,True,live,STOCK,47,NEUTRAL,NASDAQ
2026-08-27T09:18:07.571916+09:00,2026-08-27,SOJD,Southern Company (The) Series 2,US,유틸리티,2026-08-26,18.54,93983,79994.15,0.1649,,65,60,58,50,55,0,HOLD,0.17,2,False,live,STOCK,40,NEUTRAL,NYSE
2026-08-27T09:18:07.571916+09:00,2026-08-27,CHTR,"Charter Communications, Inc.",US,인터넷,2026-08-26,153.89,1486535,2687041.75,7.5421,20740907008,51,65,63,86,61,1,HOLD,0.32,4,False,live,STOCK,48,NEUTRAL,NASDAQ
2026-08-27T09:18:07.571916+09:00,2026-08-27,GMAB,Genmab A/S,US,제약/바이오,2026-08-26,33.75,3086695,2952214.75,0.9207,20743505920,85,65,60,53,72,2,WATCH,1.06,13,False,live,STOCK,87,NEUTRAL,NASDAQ
2026-08-27T09:18:07.571916+09:00,2026-08-27,SNX,TD Synnex Corp,US,IT,2026-08-26,255.17,415303,595405.15,7.2229,,43,60,66,66,50,0,HOLD,-0.01,0,False,live,STOCK,23,NEUTRAL,NYSE
2026-08-27T09:18:07.571916+09:00,2026-08-27,TPG,TPG Inc.,US,금융,2026-08-26,52.8,1691639,3370906.95,2.0471,20621957120,66,60,63,43,65,1,HOLD,0.8,10,False,live,STOCK,87,NEUTRAL,NASDAQ
2026-08-27T09:18:07.571916+09:00,2026-08-27,LYB,LyondellBasell Industries N.V.,US,소재,2026-08-26,62.62,2743732,4280916.6,1.9748,20228636672,58,60,55,78,56,1,HOLD,0.06,1,False,live,STOCK,34,NEUTRAL,NYSE
2026-08-27T09:18:07.571916+09:00,2026-08-27,WES,"Western Midstream Partners, LP",US,에너지,2026-08-26,48.53,573291,833854.55,0.9347,20051361792,69,60,68,60,67,0,HOLD,0.79,9,False,live,STOCK,68,NEUTRAL,NYSE
2026-08-27T09:18:07.571916+09:00,2026-08-27,TSN,"Tyson Foods, Inc.",US,소매,2026-08-26,56.55,1983673,3091153.65,1.2814,19894374400,43,60,63,66,51,0,HOLD,-0.14,-2,False,live,STOCK,32,NEUTRAL,NYSE
2026-08-27T09:18:07.571916+09:00,2026-08-27,SOJC,The Southern Company JR 2017B NT 77,US,유틸리티,2026-08-26,20.03,20970,33083.5,0.1619,,65,60,58,60,57,0,HOLD,0.18,2,False,live,STOCK,40,NEUTRAL,NYSE
2026-08-27T09:18:07.571916+09:00,2026-08-27,MTZ,"MasTec, Inc.",US,산업재,2026-08-26,248.73,1535046,1746762.3,15.1657,19974248448,21,60,66,50,41,0,AVOID,-0.61,-7,True,live,STOCK,26,NEUTRAL,NYSE
2026-08-27T09:18:07.571916+09:00,2026-08-27,RS,Reliance Steel & Aluminum Co.,US,소재,2026-08-26,391.16,261451,338522.55,12.6882,19970500608,40,60,60,58,54,0,HOLD,0.13,2,False,live,STOCK,63,NEUTRAL,NYSE
2026-08-27T09:18:07.571916+09:00,2026-08-27,RCI,Rogers Communications Inc.,US,인터넷,2026-08-26,36.93,1331450,1092327.5,0.6593,19950520320,65,65,55,86,68,2,WATCH,0.53,6,False,live,STOCK,75,NEUTRAL,NYSE
2026-08-27T09:18:07.571916+09:00,2026-08-27,LUV,Southwest Airlines Co.,US,산업재,2026-08-26,40.67,4141952,4582362.6,1.2007,19896096768,20,60,63,58,48,0,HOLD,-0.3,-4,False,live,STOCK,55,NEUTRAL,NYSE
2026-08-27T09:18:07.571916+09:00,2026-08-27,ATHS,Athene Holding Ltd. 7.250% Fixe,US,금융,2026-08-26,24.74,36838,25531.9,0.2123,,43,60,58,50,48,0,HOLD,-0.08,-1,False,live,STOCK,40,NEUTRAL,NYSE
2026-08-27T09:18:07.571916+09:00,2026-08-27,RIVN,"Rivian Automotive, Inc.",US,소비재,2026-08-26,16.33,19049354,22551032.7,0.6634,23643564032,76,60,53,50,63,2,WATCH,0.66,8,False,live,STOCK,73,NEUTRAL,NASDAQ
2026-08-27T09:18:07.571916+09:00,2026-08-27,RBRK,"Rubrik, Inc.",US,IT,2026-08-26,96.13,2168836,3110456.8,5.6601,19786299392,73,60,60,35,64,2,WATCH,0.81,10,False,live,STOCK,84,NEUTRAL,NYSE
2026-08-27T09:18:07.571916+09:00,2026-08-27,BURL,"Burlington Stores, Inc.",US,소비재,2026-08-26,313.99,2464997,909374.85,10.6829,19763222528,35,60,53,58,46,0,HOLD,-0.15,-2,False,live,STOCK,42,NEUTRAL,NYSE
2026-08-27T09:18:07.571916+09:00,2026-08-27,BEKE,KE Holdings Inc.,US,리츠,2026-08-26,17.87,4882728,3379531.4,0.5507,19717371904,81,60,55,74,70,3,BUY,0.84,10,False,live,STOCK,71,NEUTRAL,NYSE
2026-08-27T09:18:07.571916+09:00,2026-08-27,SBAC,SBA Communications Corporation,US,리츠,2026-08-26,185.98,735961,1051443.05,3.876,19730266112,80,60,63,45,62,1,HOLD,0.42,5,False,live,STOCK,49,NEUTRAL,NASDAQ
2026-08-27T09:18:07.571916+09:00,2026-08-27,NI,NiSource Inc,US,유틸리티,2026-08-26,41.13,5064664,6378123.2,0.7579,19724306432,17,60,55,42,37,0,AVOID,-0.69,-8,True,live,STOCK,36,NEUTRAL,NYSE
2026-08-27T09:18:07.571916+09:00,2026-08-27,YPF,YPF Sociedad Anónima,US,에너지,2026-08-26,50.27,793912,1111520.6,1.9571,19709614080,43,60,67,74,60,1,HOLD,0.18,2,False,live,STOCK,59,NEUTRAL,NYSE
2026-08-27T09:18:07.571916+09:00,2026-08-27,FDXF,"FedEx Freight Holding Company, Inc.",US,산업재,2026-08-26,131.27,1427313,1217825.65,6.0696,19627245568,18,60,78,42,43,1,AVOID,-0.54,-6,True,live,STOCK,27,NEUTRAL,NYSE
2026-08-27T09:18:07.571916+09:00,2026-08-27,VTRS,Viatris Inc.,US,제약/바이오,2026-08-26,16.85,7314621,10172926.05,0.3843,19353755648,91,65,55,78,66,2,WATCH,0.67,8,False,live,STOCK,32,NEUTRAL,NASDAQ
2026-08-27T09:18:07.571916+09:00,2026-08-27,ZBH,"Zimmer Biomet Holdings, Inc.",US,제약/바이오,2026-08-26,101.38,1352817,2299965.85,2.4807,19336986624,73,65,63,74,72,3,BUY,0.98,12,False,live,STOCK,84,NEUTRAL,NYSE
2026-08-27T09:18:07.571916+09:00,2026-08-27,SSNC,"SS&C Technologies Holdings, Inc.",US,IT,2026-08-26,83.05,1090149,1628197.45,1.6514,19488098304,66,60,60,74,64,1,HOLD,0.65,8,False,live,STOCK,55,NEUTRAL,NASDAQ
2026-08-27T09:18:07.571916+09:00,2026-08-27,U,Unity Software Inc.,US,IT,2026-08-26,44.38,8945394,13188689.7,1.7264,19531147264,73,60,63,50,69,2,WATCH,0.96,12,False,live,STOCK,93,NEUTRAL,NYSE
2026-08-27T09:18:07.571916+09:00,2026-08-27,CF,"CF Industries Holdings, Inc.",US,소재,2026-08-26,125.7,1939909,2425670.45,5.0038,19023202304,91,60,63,86,77,2,WATCH,1.08,13,False,live,STOCK,69,NEUTRAL,NYSE
2026-08-27T09:18:07.571916+09:00,2026-08-27,NWS,News Corporation,US,인터넷,2026-08-26,35.24,659994,1099834.7,0.7979,18932086784,88,65,48,61,69,2,WATCH,0.97,12,False,live,STOCK,81,NEUTRAL,NASDAQ
2026-08-27T09:18:07.571916+09:00,2026-08-27,AQNB,Algonquin Power & Utilities Corp.,US,유틸리티,2026-08-26,26.21,34518,20680.9,0.1721,,69,60,55,50,55,0,HOLD,0.28,3,False,live,STOCK,40,NEUTRAL,NYSE
2026-08-27T09:18:07.571916+09:00,2026-08-27,GPC,Genuine Parts Company,US,소비재,2026-08-26,139.49,1645202,1149535.1,3.0686,19230058496,70,60,63,43,65,2,WATCH,0.83,10,False,live,STOCK,84,NEUTRAL,NYSE
2026-08-27T09:18:07.571916+09:00,2026-08-27,PR,Permian Resources Corporation,US,에너지,2026-08-26,22.75,12126957,9579952.85,0.6446,19054422016,81,60,60,68,64,1,HOLD,0.75,9,False,live,STOCK,42,NEUTRAL,NYSE
2026-08-27T09:18:07.571916+09:00,2026-08-27,EVRG,"Evergy, Inc.",US,유틸리티,2026-08-26,82.23,1146017,1878265.85,1.2482,18959538176,28,60,63,42,44,0,AVOID,-0.28,-3,True,live,STOCK,39,NEUTRAL,NASDAQ
2026-08-27T09:18:07.571916+09:00,2026-08-27,ITT,ITT Inc.,US,산업재,2026-08-26,210.4,637141,891687.05,5.6079,,62,60,63,50,60,0,HOLD,0.5,6,False,live,STOCK,61,NEUTRAL,NYSE
2026-08-27T09:18:07.571916+09:00,2026-08-27,NDSN,Nordson Corporation,US,산업재,2026-08-26,334.58,353075,414688.75,6.9457,18635894784,73,60,60,58,67,2,WATCH,0.84,10,False,live,STOCK,77,NEUTRAL,NASDAQ
2026-08-27T09:18:07.571916+09:00,2026-08-27,DD,"DuPont de Nemours, Inc.",US,소재,2026-08-26,137.98,914905,1722945.25,3.1336,18633228288,40,60,47,58,42,0,AVOID,-0.38,-5,True,live,STOCK,23,NEUTRAL,NYSE
2026-08-27T09:18:07.571916+09:00,2026-08-27,VIV,Telefônica Brasil S.A.,US,인터넷,2026-08-26,11.61,943972,1707303.6,0.2621,,47,65,55,76,51,1,HOLD,-0.23,-3,False,live,STOCK,26,NEUTRAL,NYSE
2026-08-27T09:18:07.571916+09:00,2026-08-27,ESS,"Essex Property Trust, Inc.",US,리츠,2026-08-26,288.17,809688,417839.4,4.7661,19864391680,69,60,55,45,60,0,HOLD,0.49,6,False,live,STOCK,67,NEUTRAL,NYSE
2026-08-27T09:18:07.571916+09:00,2026-08-27,OWL,Blue Owl Capital Inc.,US,금융,2026-08-26,11.8,13845445,21086077.25,0.44,18492446720,66,60,56,59,66,1,HOLD,0.8,10,False,live,STOCK,90,NEUTRAL,NYSE
2026-08-27T09:18:07.571916+09:00,2026-08-27,BBY,"Best Buy Co., Inc.",US,소비재,2026-08-26,87.44,6639304,3445175.2,2.7756,,69,60,50,68,62,0,HOLD,0.61,7,False,live,STOCK,61,NEUTRAL,NYSE
2026-08-27T09:18:07.571916+09:00,2026-08-27,TSCO,Tractor Supply Company,US,소비재,2026-08-26,35.01,5804747,11166417.35,1.1491,18241613824,62,60,75,50,69,2,WATCH,0.88,11,False,live,STOCK,90,NEUTRAL,NASDAQ
2026-08-27T09:18:07.571916+09:00,2026-08-27,MKSI,MKS Inc.,US,IT,2026-08-26,271.75,1702611,1548040.55,14.9565,18375071744,21,60,60,50,41,0,AVOID,-0.63,-8,True,live,STOCK,32,NEUTRAL,NASDAQ
2026-08-27T09:18:07.571916+09:00,2026-08-27,FTV,Fortive Corporation,US,IT,2026-08-26,60.25,1662130,2279811.5,1.0932,18196527104,28,60,63,74,57,2,HOLD,0.12,1,False,live,STOCK,76,NEUTRAL,NYSE
2026-08-27T09:18:07.571916+09:00,2026-08-27,BEN,"Franklin Resources, Inc.",US,금융,2026-08-26,35.01,1851366,4104283.3,0.6054,17787770880,91,60,58,58,70,1,HOLD,1.0,12,False,live,STOCK,69,NEUTRAL,NYSE
2026-08-27T09:18:07.571916+09:00,2026-08-27,WIT,Wipro Limited,US,IT,2026-08-26,1.83,4666002,5247260.1,0.0525,18103517184,10,60,55,68,41,0,AVOID,-0.71,-9,True,live,STOCK,41,NEUTRAL,NYSE
2026-08-27T09:18:07.571916+09:00,2026-08-27,PAA,"Plains All American Pipeline, L.P.",US,에너지,2026-08-26,25.63,2756817,2744935.85,0.5261,18083667968,78,60,55,66,68,2,WATCH,0.88,11,False,live,STOCK,77,NEUTRAL,NASDAQ
2026-08-27T09:18:07.571916+09:00,2026-08-27,CDW,CDW Corporation,US,IT,2026-08-26,141.46,1208827,1942916.35,5.7488,17684965376,66,60,60,68,68,1,HOLD,0.83,10,False,live,STOCK,84,NEUTRAL,NASDAQ
2026-08-27T09:18:07.571916+09:00,2026-08-27,AS,"Amer Sports, Inc.",US,소비재,2026-08-26,31.08,6931649,6840862.45,1.3409,,20,60,45,66,44,0,AVOID,-0.54,-6,True,live,STOCK,58,NEUTRAL,NYSE
2026-08-27T09:18:07.571916+09:00,2026-08-27,MGA,Magna International Inc.,US,소비재,2026-08-26,66.0,1437343,1308252.15,1.9429,17656309760,46,60,55,74,59,2,HOLD,0.23,3,False,live,STOCK,71,NEUTRAL,NYSE
2026-08-27T09:18:07.571916+09:00,2026-08-27,J,Jacobs Solutions Inc.,US,산업재,2026-08-26,151.52,500988,891939.4,3.1578,17733691392,95,60,60,58,75,2,WATCH,1.2,14,False,live,STOCK,84,NEUTRAL,NYSE
2026-08-27T09:18:07.571916+09:00,2026-08-27,BIP,Brookfield Infrastructure Partners L.P.,US,유틸리티,2026-08-26,38.85,578739,813541.95,0.96,30762164224,43,60,55,30,44,0,AVOID,-0.16,-2,True,live,STOCK,45,NEUTRAL,NYSE
2026-08-27T09:18:07.571916+09:00,2026-08-27,CHRW,"C.H. Robinson Worldwide, Inc.",US,산업재,2026-08-26,151.73,1932641,1928442.05,4.2671,17729841152,72,60,60,50,55,1,HOLD,0.07,1,False,live,STOCK,26,NEUTRAL,NASDAQ
2026-08-27T09:18:07.571916+09:00,2026-08-27,EWBC,"East West Bancorp, Inc.",US,금융,2026-08-26,130.43,618451,606237.55,2.35,17870454784,47,60,50,55,44,0,AVOID,-0.17,-2,True,live,STOCK,17,NEUTRAL,NASDAQ
2026-08-27T09:18:07.571916+09:00,2026-08-27,OVV,Ovintiv Inc.,US,에너지,2026-08-26,64.52,2174565,3339793.25,1.7336,17846231040,69,60,60,66,70,1,HOLD,0.91,11,False,live,STOCK,90,NEUTRAL,NYSE
2026-08-27T09:18:07.571916+09:00,2026-08-27,APG,APi Group Corporation,US,산업재,2026-08-26,41.22,1758934,2640156.7,1.0758,17813647360,43,60,45,50,50,1,HOLD,-0.02,0,False,live,STOCK,70,NEUTRAL,NYSE
2026-08-27T09:18:07.571916+09:00,2026-08-27,LNT,Alliant Energy Corporation,US,유틸리티,2026-08-26,68.92,1689503,2529870.15,1.1765,17869901824,28,60,60,42,44,0,AVOID,-0.3,-4,True,live,STOCK,47,NEUTRAL,NASDAQ
2026-08-27T09:18:07.571916+09:00,2026-08-27,FUTU,Futu Holdings Limited,US,금융,2026-08-26,127.34,1369436,1466306.8,5.6064,17852366848,75,60,60,60,70,2,WATCH,0.95,11,False,live,STOCK,87,NEUTRAL,NASDAQ
2026-08-27T09:18:07.571916+09:00,2026-08-27,JLL,Jones Lang LaSalle Incorporated,US,리츠,2026-08-26,386.08,329061,327458.05,10.3064,17762654208,95,60,53,66,73,2,WATCH,1.11,13,False,live,STOCK,78,NEUTRAL,NYSE
2026-08-27T09:18:07.571916+09:00,2026-08-27,INVH,Invitation Homes Inc.,US,리츠,2026-08-26,29.89,2443435,3660521.75,0.4355,17755914240,43,60,63,53,53,0,HOLD,0.12,1,False,live,STOCK,55,NEUTRAL,NYSE
2026-08-27T09:18:07.571916+09:00,2026-08-27,GEN,Gen Digital Inc.,US,IT,2026-08-26,29.64,6941637,5432146.85,1.0274,17742118912,92,60,53,76,77,3,BUY,1.19,14,False,live,STOCK,90,NEUTRAL,NASDAQ
2026-08-27T09:18:07.571916+09:00,2026-08-27,NTNX,"Nutanix, Inc.",US,IT,2026-08-26,65.39,4654364,2576408.2,2.0938,17676257280,73,60,60,43,65,2,WATCH,0.84,10,False,live,STOCK,84,NEUTRAL,NASDAQ
2026-08-27T09:18:07.571916+09:00,2026-08-27,PKX,POSCO Holdings Inc.,US,소재,2026-08-26,58.43,150565,271518.25,1.5071,17674088448,70,60,50,58,53,1,HOLD,-0.05,-1,False,live,STOCK,27,NEUTRAL,NYSE
2026-08-27T09:18:07.571916+09:00,2026-08-27,ROL,"Rollins, Inc.",US,산업재,2026-08-26,36.7,6355920,5084181.0,0.813,17658036224,40,60,60,37,43,0,AVOID,-0.44,-5,True,live,STOCK,27,NEUTRAL,NYSE
2026-08-27T09:18:07.571916+09:00,2026-08-27,CG,The Carlyle Group Inc.,US,금융,2026-08-26,48.99,3469737,4475586.85,1.6046,17456744448,55,60,60,50,59,1,HOLD,0.47,6,False,live,STOCK,74,NEUTRAL,NASDAQ
2026-08-27T09:18:07.571916+09:00,2026-08-27,PTC,PTC Inc.,US,IT,2026-08-26,151.61,1411156,1366417.8,4.6557,16450634752,62,60,63,68,65,0,HOLD,0.62,7,False,live,STOCK,69,NEUTRAL,NASDAQ
2026-08-27T09:18:07.571916+09:00,2026-08-27,JHX,James Hardie Industries plc,US,소재,2026-08-26,30.15,3005836,6182721.8,0.9689,17502752768,73,60,53,51,62,1,HOLD,0.69,8,False,live,STOCK,69,NEUTRAL,NYSE
2026-08-27T09:18:07.571916+09:00,2026-08-27,WF,Woori Financial Group Inc.,US,금융,2026-08-26,71.86,59437,88986.85,1.8807,17438881792,62,60,55,88,56,1,HOLD,0.33,4,False,live,STOCK,18,NEUTRAL,NYSE
2026-08-27T09:18:07.571916+09:00,2026-08-27,DUKB,Duke Energy Corporation 5.625%,US,유틸리티,2026-08-26,22.37,26745,42237.25,0.1636,,47,60,58,50,50,0,HOLD,-0.1,-1,False,live,STOCK,40,NEUTRAL,NYSE
2026-08-27T09:18:07.571916+09:00,2026-08-27,NWSA,News Corporation,US,인터넷,2026-08-26,30.96,2695848,3754712.4,0.6329,16632727552,88,65,58,66,74,2,WATCH,1.11,13,False,live,STOCK,84,NEUTRAL,NASDAQ
2026-08-27T09:18:07.571916+09:00,2026-08-27,WY,Weyerhaeuser Company,US,리츠,2026-08-26,24.08,3923265,5454363.25,0.555,17355323392,40,60,60,50,45,0,HOLD,-0.22,-3,False,live,STOCK,26,NEUTRAL,NYSE
2026-08-27T09:18:07.571916+09:00,2026-08-27,IEX,IDEX Corporation,US,산업재,2026-08-26,234.89,498159,625377.95,4.985,17316067328,47,60,63,58,58,0,HOLD,0.4,5,False,live,STOCK,67,NEUTRAL,NYSE
2026-08-27T09:18:07.571916+09:00,2026-08-27,LDOS,"Leidos Holdings, Inc.",US,IT,2026-08-26,137.43,944467,1526338.35,3.9793,17246392320,51,60,55,68,61,1,HOLD,0.39,5,False,live,STOCK,78,NEUTRAL,NYSE
2026-08-27T09:18:07.571916+09:00,2026-08-27,MEDP,"Medpace Holdings, Inc.",US,제약/바이오,2026-08-26,619.05,148508,209530.4,17.6234,17278709760,95,65,45,37,66,2,WATCH,0.97,12,False,live,STOCK,84,NEUTRAL,NASDAQ
2026-08-27T09:18:07.571916+09:00,2026-08-27,NLY,"Annaly Capital Management, Inc.",US,리츠,2026-08-26,22.86,4152824,6501991.2,0.3438,17229912064,47,60,58,65,56,0,HOLD,0.25,3,False,live,STOCK,55,NEUTRAL,NYSE
2026-08-27T09:18:07.571916+09:00,2026-08-27,NVR,"NVR, Inc.",US,소비재,2026-08-26,6368.1201,29591,32559.55,150.7722,17054799872,65,60,65,63,61,0,HOLD,0.44,5,False,live,STOCK,47,NEUTRAL,NYSE
2026-08-27T09:18:07.571916+09:00,2026-08-27,DINO,HF Sinclair Corporation,US,에너지,2026-08-26,96.52,2409414,2637185.7,3.5903,17159697408,85,60,58,78,74,3,BUY,1.08,13,False,live,STOCK,80,NEUTRAL,NYSE
2026-08-27T09:18:07.571916+09:00,2026-08-27,ZBRA,Zebra Technologies Corporation,US,IT,2026-08-26,359.84,575545,837247.25,11.2151,17024267264,66,60,55,66,66,1,HOLD,0.74,9,False,live,STOCK,80,NEUTRAL,NASDAQ
2026-08-27T09:18:07.571916+09:00,2026-08-27,BALL,Ball Corporation,US,소비재,2026-08-26,64.05,1050652,1762222.6,1.1571,16954251264,91,60,55,58,72,2,WATCH,1.06,13,False,live,STOCK,81,NEUTRAL,NYSE
2026-08-27T09:18:07.571916+09:00,2026-08-27,FLUT,Flutter Entertainment plc,US,소비재,2026-08-26,98.06,1857685,3546059.25,4.6055,17017243648,57,60,70,60,64,2,WATCH,0.52,6,False,live,STOCK,70,NEUTRAL,NYSE
2026-08-27T09:18:07.571916+09:00,2026-08-27,WCC,"WESCO International, Inc.",US,산업재,2026-08-26,347.6,363116,558475.8,11.65,16939541504,40,60,60,58,51,0,HOLD,-0.08,-1,False,live,STOCK,48,NEUTRAL,NYSE
2026-08-27T09:18:07.571916+09:00,2026-08-27,ZTO,ZTO Express (Cayman) Inc.,US,산업재,2026-08-26,21.32,1996376,2005068.8,0.5824,16202224640,20,60,55,78,50,1,HOLD,-0.24,-3,False,live,STOCK,62,NEUTRAL,NYSE
2026-08-27T09:18:07.571916+09:00,2026-08-27,PS,Pershing Square Inc.,US,금융,2026-08-26,42.11,115119,162810.95,2.469,16844000256,84,60,65,34,66,2,WATCH,0.84,10,False,live,STOCK,70,NEUTRAL,NYSE
2026-08-27T09:18:07.571916+09:00,2026-08-27,H,Hyatt Hotels Corporation,US,소비재,2026-08-26,177.57,484109,858395.45,4.5452,16733618176,50,60,53,43,49,0,HOLD,-0.06,-1,False,live,STOCK,49,NEUTRAL,NYSE
2026-08-27T09:18:07.571916+09:00,2026-08-27,BSAC,Banco Santander-Chile,US,금융,2026-08-26,35.31,504448,283717.4,0.8679,16635082752,84,60,55,60,66,1,HOLD,0.79,9,False,live,STOCK,62,NEUTRAL,NYSE
2026-08-27T09:18:07.571916+09:00,2026-08-27,SBS,Companhia de Saneamento Básico do Estado,US,유틸리티,2026-08-26,4.85,6969803,9359580.15,0.1743,17056022528,47,60,55,70,50,1,HOLD,-0.26,-3,False,live,STOCK,26,NEUTRAL,NYSE
2026-08-27T09:18:07.571916+09:00,2026-08-27,CLH,"Clean Harbors, Inc.",US,산업재,2026-08-26,313.67,321145,449862.25,6.4689,16557776896,54,60,55,58,59,1,HOLD,0.47,6,False,live,STOCK,75,NEUTRAL,NYSE
2026-08-27T09:18:07.571916+09:00,2026-08-27,CCZ,Comcast Holdings Corp.,US,인터넷,2026-08-25,66.45,0,130.0,0.4536,,72,65,55,50,56,1,HOLD,0.34,4,False,live,STOCK,40,NEUTRAL,NYSE
2026-08-27T09:18:07.571916+09:00,2026-08-27,YUMC,"Yum China Holdings, Inc.",US,소비재,2026-08-26,47.18,2445173,1532178.65,1.0482,16101525504,47,60,53,68,58,1,HOLD,0.33,4,False,live,STOCK,71,NEUTRAL,NYSE
2026-08-27T09:18:07.571916+09:00,2026-08-27,LSCC,Lattice Semiconductor Corporation,US,반도체,2026-08-26,119.34,1744870,1767523.5,5.8071,16949892096,15,65,63,43,38,0,AVOID,-0.7,-8,True,live,STOCK,32,NEUTRAL,NASDAQ
2026-08-27T09:18:07.571916+09:00,2026-08-27,RBC,RBC Bearings Incorporated,US,산업재,2026-08-26,513.95,291602,256260.1,14.6532,16271268864,17,60,50,50,36,0,AVOID,-0.74,-9,True,live,STOCK,32,NEUTRAL,NYSE
2026-08-27T09:18:07.571916+09:00,2026-08-27,WPC,W. P. Carey Inc.,US,리츠,2026-08-26,71.15,793359,1087217.95,0.9536,16208486400,50,60,63,58,53,0,HOLD,0.04,0,False,live,STOCK,38,NEUTRAL,NYSE
2026-08-27T09:18:07.571916+09:00,2026-08-27,KIM,Kimco Realty Corporation,US,리츠,2026-08-26,24.03,4784065,4182333.25,0.3271,16119068672,25,60,63,53,41,0,AVOID,-0.41,-5,True,live,STOCK,20,NEUTRAL,NYSE
2026-08-27T09:18:07.571916+09:00,2026-08-27,TRU,TransUnion,US,금융,2026-08-26,84.5,1959239,1770041.95,2.3454,16190199808,91,60,53,58,70,2,WATCH,1.02,12,False,live,STOCK,77,NEUTRAL,NYSE
2026-08-27T09:18:07.571916+09:00,2026-08-27,RGA,"Reinsurance Group of America, Incorporat",US,금융,2026-08-26,246.55,234296,350129.8,5.2425,16100125696,73,60,66,86,70,2,WATCH,0.85,10,False,live,STOCK,55,NEUTRAL,NYSE
2026-08-27T09:18:07.571916+09:00,2026-08-27,TIGO,Millicom International Cellular S.A.,US,인터넷,2026-08-26,96.16,1020102,1375440.1,3.6044,16126994432,81,65,60,74,69,2,WATCH,0.9,11,False,live,STOCK,61,NEUTRAL,NASDAQ
2026-08-27T09:18:07.571916+09:00,2026-08-27,PFGC,Performance Food Group Co,US,소매,2026-08-26,102.47,1514302,1815475.1,3.0988,16095215616,24,60,48,50,43,0,AVOID,-0.28,-3,True,live,STOCK,55,NEUTRAL,NYSE
2026-08-27T09:18:07.571916+09:00,2026-08-27,RBA,"RB Global, Inc.",US,산업재,2026-08-26,85.76,1720761,2307573.05,3.0739,15882752000,15,60,60,58,39,0,AVOID,-0.75,-9,True,live,STOCK,23,NEUTRAL,NYSE
2026-08-27T09:18:07.571916+09:00,2026-08-27,CX,"CEMEX, S.A.B. de C.V.",US,소재,2026-08-26,10.98,3261200,7201205.0,0.2711,,37,60,63,66,49,0,HOLD,-0.34,-4,False,live,STOCK,29,NEUTRAL,NYSE
2026-08-27T09:18:07.571916+09:00,2026-08-27,VNOM,"Viper Energy, Inc.",US,에너지,2026-08-26,44.23,1217774,1686753.7,0.9637,23175843840,87,60,60,60,64,1,HOLD,0.59,7,False,live,STOCK,41,NEUTRAL,NASDAQ
2026-08-27T09:18:07.571916+09:00,2026-08-27,GWRE,"Guidewire Software, Inc.",US,IT,2026-08-26,191.07,883117,1060285.85,7.9221,15907794944,78,60,50,35,62,2,WATCH,0.78,9,False,live,STOCK,84,NEUTRAL,NYSE
2026-08-27T09:18:07.571916+09:00,2026-08-27,ALB,Albemarle Corporation,US,소재,2026-08-26,134.51,1536843,2288782.15,5.5429,15872859136,62,60,63,59,58,0,HOLD,0.07,1,False,live,STOCK,41,NEUTRAL,NYSE
2026-08-27T09:18:07.571916+09:00,2026-08-27,SOLV,Solventum Corporation,US,제약/바이오,2026-08-26,91.53,1014660,1233323.0,2.3982,15580577792,77,65,63,70,67,2,WATCH,0.81,10,False,live,STOCK,54,NEUTRAL,NYSE
2026-08-27T09:18:07.571916+09:00,2026-08-27,LECO,"Lincoln Electric Holdings, Inc.",US,산업재,2026-08-26,290.12,742717,500280.85,7.6007,15813210112,69,60,63,50,64,1,HOLD,0.74,9,False,live,STOCK,74,NEUTRAL,NASDAQ
2026-08-27T09:18:07.571916+09:00,2026-08-27,AGI,Alamos Gold Inc.,US,소재,2026-08-26,37.55,2771088,5215034.4,1.4721,15718597632,70,60,55,60,61,1,HOLD,0.36,4,False,live,STOCK,58,NEUTRAL,NYSE
2026-08-27T09:18:07.571916+09:00,2026-08-27,SITM,SiTime Corporation,US,반도체,2026-08-26,596.97,208075,483003.75,45.2973,17882546176,30,65,60,30,38,0,AVOID,-0.61,-7,True,live,STOCK,26,NEUTRAL,NASDAQ
2026-08-27T09:18:07.571916+09:00,2026-08-27,NBIX,"Neurocrine Biosciences, Inc.",US,제약/바이오,2026-08-26,156.59,1119059,1456577.95,4.2821,15917245440,28,65,63,66,47,0,HOLD,-0.24,-3,False,live,STOCK,32,NEUTRAL,NASDAQ
2026-08-27T09:18:07.571916+09:00,2026-08-27,KEP,Korea Electric Power Corporation,US,유틸리티,2026-08-26,12.24,1262080,1021299.0,0.3379,15715280896,65,60,58,96,61,1,HOLD,0.17,2,False,live,STOCK,23,NEUTRAL,NYSE
2026-08-27T09:18:07.571916+09:00,2026-08-27,AKAM,"Akamai Technologies, Inc.",US,IT,2026-08-26,108.06,3370074,3580978.7,6.0357,15530016768,18,60,60,58,41,0,AVOID,-0.66,-8,True,live,STOCK,30,NEUTRAL,NASDAQ
2026-08-27T09:18:07.571916+09:00,2026-08-27,FN,Fabrinet,US,IT,2026-08-26,437.8,778868,1024938.4,37.0211,15688503296,15,60,55,50,36,0,AVOID,-0.8,-10,True,live,STOCK,27,NEUTRAL,NYSE
2026-08-27T09:18:07.571916+09:00,2026-08-27,JAZZ,Jazz Pharmaceuticals plc,US,제약/바이오,2026-08-26,249.29,2372945,887592.25,7.4257,16182554624,47,65,53,84,58,1,HOLD,0.22,3,False,live,STOCK,55,NEUTRAL,NASDAQ
2026-08-27T09:18:07.571916+09:00,2026-08-27,GIB,CGI Inc.,US,IT,2026-08-26,73.24,249244,380467.2,1.5384,15166202880,47,60,60,68,60,1,HOLD,0.41,5,False,live,STOCK,74,NEUTRAL,NYSE
2026-08-27T09:18:07.571916+09:00,2026-08-27,ARMK,Aramark,US,산업재,2026-08-26,59.52,1633642,2668492.1,1.4787,15690962944,69,60,60,58,57,0,HOLD,0.43,5,False,live,STOCK,32,NEUTRAL,NYSE
2026-08-27T09:18:07.571916+09:00,2026-08-27,RZC,"Reinsurance Group of America, Incorporat",US,금융,2026-08-26,25.6,84986,48184.3,0.1296,,50,60,58,50,50,0,HOLD,0.05,1,False,live,STOCK,40,NEUTRAL,NYSE
2026-08-27T09:18:07.571916+09:00,2026-08-27,BBIO,"BridgeBio Pharma, Inc.",US,제약/바이오,2026-08-26,79.37,1704992,2178269.6,2.7334,15516279808,47,65,53,27,49,0,HOLD,0.23,3,False,live,STOCK,67,NEUTRAL,NASDAQ
2026-08-27T09:18:07.571916+09:00,2026-08-27,ASND,Ascendis Pharma A/S,US,제약/바이오,2026-08-26,250.25,236324,517426.2,7.6901,16414606336,54,65,82,42,57,1,HOLD,0.37,4,False,live,STOCK,40,NEUTRAL,NASDAQ
2026-08-27T09:18:07.571916+09:00,2026-08-27,EMA,Emera Incorporated,US,유틸리티,2026-08-26,50.68,271821,567296.05,0.8007,15566362624,28,60,55,42,46,0,HOLD,-0.24,-3,False,live,STOCK,62,NEUTRAL,NYSE
2026-08-27T09:18:07.571916+09:00,2026-08-27,SUI,"Sun Communities, Inc.",US,리츠,2026-08-26,125.24,1434341,2003852.05,2.4571,15824411648,77,60,60,46,63,1,HOLD,0.58,7,False,live,STOCK,63,NEUTRAL,NYSE
2026-08-27T09:18:07.571916+09:00,2026-08-27,LAMR,Lamar Advertising Company,US,리츠,2026-08-26,151.98,358339,674476.95,2.98,15433520128,25,60,65,42,47,0,HOLD,-0.14,-2,False,live,STOCK,60,NEUTRAL,NASDAQ
2026-08-27T09:18:07.571916+09:00,2026-08-27,HST,"Host Hotels & Resorts, Inc.",US,리츠,2026-08-26,22.43,9279302,10105000.1,0.465,15582714880,25,60,63,63,50,0,HOLD,-0.13,-2,False,live,STOCK,55,NEUTRAL,NASDAQ
2026-08-27T09:18:07.571916+09:00,2026-08-27,PNFP,"Pinnacle Financial Partners, Inc.",US,금융,2026-08-26,101.58,732151,903752.55,2.0068,15350022144,47,60,60,68,58,0,HOLD,0.27,3,False,live,STOCK,60,NEUTRAL,NYSE
2026-08-27T09:18:07.571916+09:00,2026-08-27,MAA,"Mid-America Apartment Communities, Inc.",US,리츠,2026-08-26,131.5,508547,923732.35,2.2879,15643739136,28,60,66,53,44,0,AVOID,-0.28,-3,True,live,STOCK,26,NEUTRAL,NYSE
2026-08-27T09:18:07.571916+09:00,2026-08-27,SKM,"SK Telecom Co.,Ltd",US,인터넷,2026-08-26,39.8,967282,1881874.1,1.4465,15278747648,91,65,55,74,70,2,WATCH,0.88,11,False,live,STOCK,59,NEUTRAL,NYSE
2026-08-27T09:18:07.571916+09:00,2026-08-27,STRL,"Sterling Infrastructure, Inc.",US,산업재,2026-08-26,497.41,434545,718807.25,29.8779,15215034368,43,60,68,58,53,0,HOLD,-0.15,-2,False,live,STOCK,40,NEUTRAL,NASDAQ
2026-08-27T09:18:07.571916+09:00,2026-08-27,COKE,"Coca-Cola Consolidated, Inc.",US,소매,2026-08-26,194.02,462005,461800.25,6.3843,12914804736,91,60,55,53,65,1,HOLD,0.82,10,False,live,STOCK,55,NEUTRAL,NASDAQ
2026-08-27T09:18:07.571916+09:00,2026-08-27,TU,Telus Corp,US,인터넷,2026-08-26,9.7,5246009,8946520.45,0.2054,15277500416,40,65,55,68,52,0,HOLD,-0.21,-3,False,live,STOCK,52,NEUTRAL,NYSE
2026-08-27T09:18:07.571916+09:00,2026-08-27,ULS,UL Solutions Inc.,US,산업재,2026-08-26,75.05,421385,952239.25,1.8321,15152458752,37,60,53,42,41,0,AVOID,-0.55,-7,True,live,STOCK,26,NEUTRAL,NYSE
2026-08-27T09:18:07.571916+09:00,2026-08-27,LTM,LATAM Airlines Group S.A.,US,산업재,2026-08-26,52.5,1377394,753844.7,1.5596,,47,60,53,62,46,0,HOLD,-0.22,-3,False,live,STOCK,16,NEUTRAL,NYSE
2026-08-27T09:18:07.571916+09:00,2026-08-27,SWK,"Stanley Black & Decker, Inc.",US,산업재,2026-08-26,99.76,1391055,1908137.75,2.5857,15065420800,51,60,60,66,64,1,HOLD,0.63,8,False,live,STOCK,87,NEUTRAL,NYSE
2026-08-27T09:18:07.571916+09:00,2026-08-27,HTHT,H World Group Limited,US,소비재,2026-08-26,49.03,1922817,1682255.85,1.6014,15077892096,84,60,60,74,69,2,WATCH,0.83,10,False,live,STOCK,55,NEUTRAL,NASDAQ
2026-08-27T09:18:07.571916+09:00,2026-08-27,DT,"Dynatrace, Inc.",US,IT,2026-08-26,51.6,7932617,7296895.85,1.9446,14975808512,95,60,53,43,69,2,WATCH,1.03,12,False,live,STOCK,78,NEUTRAL,NYSE
2026-08-27T09:18:07.571916+09:00,2026-08-27,EG,"Everest Group, Ltd.",US,금융,2026-08-26,379.78,250186,300779.3,6.8143,14561804288,88,60,63,100,72,2,WATCH,0.91,11,False,live,STOCK,32,NEUTRAL,NYSE
2026-08-27T09:18:07.571916+09:00,2026-08-27,IONQ,"IonQ, Inc.",US,IT,2026-08-26,40.03,12810919,19734555.95,2.8768,16217579520,18,60,73,50,44,1,AVOID,-0.53,-6,True,live,STOCK,32,NEUTRAL,NYSE
2026-08-27T09:18:07.571916+09:00,2026-08-27,STLA,Stellantis N.V.,US,소비재,2026-08-26,5.15,19709059,22486422.95,0.2036,19401717760,40,60,58,72,52,1,HOLD,-0.24,-3,False,live,STOCK,41,NEUTRAL,NYSE
2026-08-27T09:18:07.571916+09:00,2026-08-27,DOC,"Healthpeak Properties, Inc.",US,리츠,2026-08-26,21.58,4300523,5269881.15,0.3748,15299082240,76,60,55,46,59,1,HOLD,0.57,7,False,live,STOCK,51,NEUTRAL,NYSE
2026-08-27T09:18:07.571916+09:00,2026-08-27,PINS,"Pinterest, Inc.",US,인터넷,2026-08-26,23.31,10388952,11061967.6,0.7719,13200756736,47,65,45,59,53,0,HOLD,0.22,3,False,live,STOCK,66,NEUTRAL,NYSE
2026-08-27T09:18:07.571916+09:00,2026-08-27,MKC,"McCormick & Company, Incorporated",US,소매,2026-08-26,55.1,2976016,2506875.8,1.4318,14813720576,84,60,63,70,74,3,BUY,1.09,13,False,live,STOCK,80,NEUTRAL,NYSE
2026-08-27T09:18:07.571916+09:00,2026-08-27,CSL,Carlisle Companies Incorporated,US,소재,2026-08-26,365.72,323387,427789.35,10.7031,14524252160,47,60,60,50,50,0,HOLD,0.09,1,False,live,STOCK,40,NEUTRAL,NYSE
2026-08-27T09:18:07.571916+09:00,2026-08-27,UNMA,Unum Group 6.250% JR NT58,US,금융,2026-08-26,21.75,16295,27209.75,0.1967,,59,60,58,80,59,1,HOLD,0.18,2,False,live,STOCK,40,NEUTRAL,NYSE
2026-08-27T09:18:07.571916+09:00,2026-08-27,IVZ,Invesco Ltd.,US,금융,2026-08-26,32.98,3620563,4347018.15,0.79,14560662528,69,60,60,86,71,2,WATCH,0.89,11,False,live,STOCK,77,NEUTRAL,NYSE
2026-08-27T09:18:07.571916+09:00,2026-08-27,WMG,Warner Music Group Corp.,US,인터넷,2026-08-26,27.93,954573,2325618.65,0.7746,14610455552,69,65,58,58,62,0,HOLD,0.29,3,False,live,STOCK,62,NEUTRAL,NASDAQ
2026-08-27T09:18:07.571916+09:00,2026-08-27,APA,APA Corporation,US,에너지,2026-08-26,41.19,4209250,5983477.5,1.6079,14430979072,91,60,60,86,77,3,BUY,1.13,14,False,live,STOCK,71,NEUTRAL,NASDAQ
2026-08-27T09:18:07.571916+09:00,2026-08-27,QXO,"QXO, Inc.",US,산업재,2026-08-26,14.02,10334405,17201420.25,0.7614,14545619968,18,60,63,37,38,0,AVOID,-0.68,-8,True,live,STOCK,33,NEUTRAL,NYSE
2026-08-27T09:18:07.571916+09:00,2026-08-27,ONTO,Onto Innovation Inc.,US,반도체,2026-08-26,291.88,688743,1148212.15,22.5138,17840709632,39,65,63,43,49,0,HOLD,0.11,1,False,live,STOCK,47,NEUTRAL,NYSE
2026-08-27T09:18:07.571916+09:00,2026-08-27,AIZN,"Assurant, Inc. 5.25% Subordinat",US,금융,2026-08-26,18.64,10883,12174.15,0.2276,,25,60,55,50,42,0,AVOID,-0.4,-5,True,live,STOCK,40,NEUTRAL,NYSE
2026-08-27T09:18:07.571916+09:00,2026-08-27,MAS,Masco Corporation,US,소재,2026-08-26,73.6,2007083,2184179.15,1.9585,14512994304,28,60,73,68,58,2,HOLD,0.2,2,False,live,STOCK,71,NEUTRAL,NYSE
2026-08-27T09:18:07.571916+09:00,2026-08-27,TLK,Telkom Indonesia Persero Tbk PT ADR,US,인터넷,2026-08-26,14.71,555296,663039.8,0.2532,14501256192,43,65,55,63,55,0,HOLD,0.03,0,False,live,STOCK,63,NEUTRAL,NYSE
2026-08-27T09:18:07.571916+09:00,2026-08-27,CRBG,"Corebridge Financial, Inc.",US,금융,2026-08-26,32.53,2549940,4746972.0,0.8791,14500852736,48,60,53,58,59,1,HOLD,0.47,6,False,live,STOCK,84,NEUTRAL,NYSE
2026-08-27T09:18:07.571916+09:00,2026-08-27,UNM,Unum Group,US,금융,2026-08-26,91.51,1548401,1348875.05,2.1157,14486656000,62,60,66,50,64,1,HOLD,0.69,8,False,live,STOCK,78,NEUTRAL,NYSE
2026-08-27T09:18:07.571916+09:00,2026-08-27,GRAB,Grab Holdings Limited,US,IT,2026-08-26,3.64,33091827,40150511.35,0.1157,14892339200,43,60,50,66,58,1,HOLD,0.23,3,False,live,STOCK,83,NEUTRAL,NASDAQ
2026-08-27T09:18:07.571916+09:00,2026-08-27,TYL,"Tyler Technologies, Inc.",US,IT,2026-08-26,352.65,576331,786781.55,13.0843,14441818112,69,60,60,50,64,1,HOLD,0.76,9,False,live,STOCK,77,NEUTRAL,NYSE
2026-08-27T09:18:07.571916+09:00,2026-08-27,GFL,GFL Environmental Inc.,US,산업재,2026-08-26,41.32,1029677,1965253.85,1.0396,14911988736,51,60,55,42,50,0,HOLD,0.22,3,False,live,STOCK,48,NEUTRAL,NYSE
2026-08-27T09:18:07.571916+09:00,2026-08-27,CNH,CNH Industrial N.V.,US,산업재,2026-08-26,11.62,12678775,17056328.75,0.4425,18686803968,91,60,55,58,68,1,HOLD,0.9,11,False,live,STOCK,64,NEUTRAL,NYSE
2026-08-27T09:18:07.571916+09:00,2026-08-27,LOGI,Logitech International S.A.,US,IT,2026-08-26,100.19,441105,829085.25,2.7929,14346039296,43,60,60,58,56,0,HOLD,0.02,0,False,live,STOCK,67,NEUTRAL,NASDAQ
2026-08-27T09:18:07.571916+09:00,2026-08-27,TXT,Textron Inc.,US,산업재,2026-08-26,83.31,1301455,1425422.75,1.9029,14328228864,28,60,63,68,46,0,HOLD,-0.4,-5,False,live,STOCK,26,NEUTRAL,NYSE
2026-08-27T09:18:07.571916+09:00,2026-08-27,AIZ,"Assurant, Inc.",US,금융,2026-08-26,288.51,282762,406338.1,6.2379,14230401024,59,60,63,68,61,0,HOLD,0.56,7,False,live,STOCK,55,NEUTRAL,NYSE
2026-08-27T09:18:07.571916+09:00,2026-08-27,ARCC,Ares Capital Corporation,US,금융,2026-08-26,19.9,2090460,4023588.0,0.2674,14288654336,69,60,53,71,66,2,WATCH,0.68,8,False,live,STOCK,78,NEUTRAL,NASDAQ
2026-08-27T09:18:07.571916+09:00,2026-08-27,KKRS,KKR Group Finance Co. IX LLC 4.,US,금융,2026-08-26,16.1,21957,28747.85,0.1484,,28,60,55,50,43,0,AVOID,-0.32,-4,True,live,STOCK,40,NEUTRAL,NYSE
2026-08-27T09:18:07.571916+09:00,2026-08-27,MAIR,Madison Air Solutions Corporation,US,산업재,2026-08-26,28.51,6141621,3170771.05,1.9157,14304111616,18,60,70,43,40,1,AVOID,-0.65,-8,True,live,STOCK,23,NEUTRAL,NYSE
2026-08-27T09:18:07.571916+09:00,2026-08-27,PAG,"Penske Automotive Group, Inc.",US,소비재,2026-08-26,217.24,361363,358428.15,2.7076,14264602624,73,60,66,60,66,1,HOLD,0.8,10,False,live,STOCK,60,NEUTRAL,NYSE
2026-08-27T09:18:07.571916+09:00,2026-08-27,W,Wayfair Inc.,US,소비재,2026-08-26,104.0,1454877,3447653.85,4.4639,14244678656,66,60,50,45,57,0,HOLD,0.52,6,False,live,STOCK,66,NEUTRAL,NYSE
2026-08-27T09:18:07.571916+09:00,2026-08-27,FIVE,"Five Below, Inc.",US,소비재,2026-08-26,257.35,1260803,966310.15,9.6129,14230258688,91,60,68,66,78,2,WATCH,1.24,15,False,live,STOCK,83,NEUTRAL,NASDAQ
2026-08-27T09:18:07.571916+09:00,2026-08-27,CRL,Charles River Laboratories International,US,제약/바이오,2026-08-26,295.1,1231078,973818.9,9.8507,14214296576,85,65,50,58,71,2,WATCH,1.02,12,False,live,STOCK,93,NEUTRAL,NYSE
2026-08-27T09:18:07.571916+09:00,2026-08-27,BMNR,"Bitmine Immersion Technologies, Inc.",US,금융,2026-08-26,24.91,35051044,37053937.2,1.2896,15026368512,70,60,63,42,66,2,WATCH,0.87,10,False,live,STOCK,90,NEUTRAL,NYSE
2026-08-27T09:18:07.571916+09:00,2026-08-27,COO,"The Cooper Companies, Inc.",US,제약/바이오,2026-08-26,72.68,1560118,1748485.9,1.5107,,50,65,63,51,57,0,HOLD,0.45,5,False,live,STOCK,66,NEUTRAL,NASDAQ
2026-08-27T09:18:07.571916+09:00,2026-08-27,MLI,"Mueller Industries, Inc.",US,산업재,2026-08-26,64.08,1266517,1119775.85,1.995,14173303808,40,60,53,55,50,0,HOLD,-0.05,-1,False,live,STOCK,55,NEUTRAL,NYSE
2026-08-27T09:18:07.571916+09:00,2026-08-27,IREN,IREN Limited,US,IT,2026-08-26,39.58,37445517,45074260.85,3.4079,14145049600,40,60,73,37,47,1,HOLD,-0.31,-4,False,live,STOCK,27,NEUTRAL,NASDAQ
2026-08-27T09:18:07.571916+09:00,2026-08-27,EXEL,"Exelixis, Inc.",US,제약/바이오,2026-08-26,56.1,1816687,2732764.35,1.4771,13900553216,76,65,63,76,74,3,BUY,0.95,11,False,live,STOCK,84,NEUTRAL,NASDAQ
2026-08-27T09:18:07.571916+09:00,2026-08-27,AEFC,Aegon Funding Company LLC,US,금융,2026-08-26,18.14,56981,53274.05,0.1898,,50,60,55,50,50,0,HOLD,-0.09,-1,False,live,STOCK,40,NEUTRAL,NYSE
2026-08-27T09:18:07.571916+09:00,2026-08-27,RVTY,"Revvity, Inc.",US,제약/바이오,2026-08-26,126.35,1155787,1520014.35,3.4821,14098941952,82,65,63,51,72,2,WATCH,1.07,13,False,live,STOCK,90,NEUTRAL,NYSE
2026-08-27T09:18:07.571916+09:00,2026-08-27,TKO,"TKO Group Holdings, Inc.",US,인터넷,2026-08-26,187.9,739193,1203929.65,5.4179,35563778048,28,65,53,43,45,0,HOLD,-0.3,-4,False,live,STOCK,62,NEUTRAL,NYSE
2026-08-27T09:18:07.571916+09:00,2026-08-27,OHI,"Omega Healthcare Investors, Inc.",US,리츠,2026-08-26,46.97,1072112,1803155.6,0.7821,14997393408,25,60,63,55,48,0,HOLD,-0.14,-2,False,live,STOCK,55,NEUTRAL,NYSE
2026-08-27T09:18:07.571916+09:00,2026-08-27,BWXT,"BWX Technologies, Inc.",US,산업재,2026-08-26,153.16,1375959,1036902.95,5.6089,14032823296,18,60,50,50,36,0,AVOID,-0.82,-10,True,live,STOCK,26,NEUTRAL,NYSE
2026-08-27T09:18:07.571916+09:00,2026-08-27,HMY,Harmony Gold Mining Company Limited,US,소재,2026-08-26,22.43,4011569,3154273.45,0.9921,,78,60,50,76,68,3,WATCH,0.83,10,False,live,STOCK,71,NEUTRAL,NYSE
2026-08-27T09:18:07.571916+09:00,2026-08-27,VIRT,"Virtu Financial, Inc.",US,금융,2026-08-26,65.74,968815,1562740.75,3.0644,5804886528,67,60,63,70,69,2,WATCH,0.85,10,False,live,STOCK,80,NEUTRAL,NYSE
2026-08-27T09:18:07.571916+09:00,2026-08-27,SJM,The J. M. Smucker Company,US,소매,2026-08-26,130.9,2859656,1215642.8,3.2148,13990681600,82,60,50,68,68,2,WATCH,0.89,11,False,live,STOCK,75,NEUTRAL,NYSE
2026-08-27T09:18:07.571916+09:00,2026-08-27,REG,Regency Centers Corporation,US,리츠,2026-08-26,76.38,762666,1265563.3,0.9775,14279907328,50,60,63,58,52,0,HOLD,0.02,0,False,live,STOCK,33,NEUTRAL,NASDAQ
2026-08-27T09:18:07.571916+09:00,2026-08-27,AVY,Avery Dennison Corporation,US,소비재,2026-08-26,182.33,787847,827267.35,4.9111,13818451968,62,60,55,58,62,1,HOLD,0.6,7,False,live,STOCK,74,NEUTRAL,NYSE
2026-08-27T09:18:07.571916+09:00,2026-08-27,BNT,Brookfield Wealth Solutions Ltd.,US,금융,2026-08-26,41.91,9736,13331.8,0.7629,11499015168,32,60,55,60,46,0,HOLD,-0.35,-4,False,live,STOCK,40,NEUTRAL,NYSE
2026-08-27T09:18:07.571916+09:00,2026-08-27,TRMB,Trimble Inc.,US,IT,2026-08-26,59.68,1996652,2767152.6,2.1357,13916173312,77,60,63,60,71,2,WATCH,0.9,11,False,live,STOCK,83,NEUTRAL,NASDAQ
2026-08-27T09:18:07.571916+09:00,2026-08-27,TLN,Talen Energy Corporation,US,유틸리티,2026-08-26,306.29,531300,878595.0,16.6833,14675658752,18,60,73,70,52,2,HOLD,-0.3,-4,False,live,STOCK,55,NEUTRAL,NASDAQ
2026-08-27T09:18:07.571916+09:00,2026-08-27,HL,Hecla Mining Company,US,소재,2026-08-26,20.7,35419684,37748774.2,1.0112,13905607680,69,60,40,53,61,1,HOLD,0.63,8,False,live,STOCK,87,NEUTRAL,NYSE
2026-08-27T09:18:07.571916+09:00,2026-08-27,AEG,Aegon Ltd.,US,금융,2026-08-26,9.21,3332698,4148304.9,0.1329,13675879424,44,60,50,47,48,0,HOLD,0.08,1,False,live,STOCK,51,NEUTRAL,NYSE
2026-08-27T09:18:07.571916+09:00,2026-08-27,TOL,"Toll Brothers, Inc.",US,소비재,2026-08-26,148.18,904689,892334.45,4.5857,13687089152,32,60,60,78,53,1,HOLD,0.04,0,False,live,STOCK,48,NEUTRAL,NYSE
2026-08-27T09:18:07.571916+09:00,2026-08-27,EMBJ,Embraer S.A.,US,산업재,2026-08-26,75.27,1280360,1378363.0,2.5382,13394916352,73,60,55,61,64,1,HOLD,0.73,9,False,live,STOCK,67,NEUTRAL,NYSE
2026-08-27T09:18:07.571916+09:00,2026-08-27,CACI,CACI International Inc,US,IT,2026-08-26,624.74,248845,298062.25,20.6868,13806466048,55,60,55,53,61,1,HOLD,0.59,7,False,live,STOCK,87,NEUTRAL,NYSE
2026-08-27T09:18:07.571916+09:00,2026-08-27,RNR,RenaissanceRe Holdings Ltd.,US,금융,2026-08-26,331.73,201903,257180.15,5.9979,13784009728,88,60,53,73,63,2,WATCH,0.72,9,False,live,STOCK,32,NEUTRAL,NYSE
2026-08-27T09:18:07.571916+09:00,2026-08-27,XELLL,Xcel Energy Inc. 6.25% Junior Subordinat,US,유틸리티,2026-08-26,22.51,50031,62701.55,0.2834,,20,60,55,60,42,0,AVOID,-0.47,-6,True,live,STOCK,40,NEUTRAL,NASDAQ
2026-08-27T09:18:07.571916+09:00,2026-08-27,BAX,Baxter International Inc.,US,제약/바이오,2026-08-26,26.5,5186299,7517094.95,0.7629,13700393984,51,65,66,63,61,0,HOLD,0.53,6,False,live,STOCK,64,NEUTRAL,NYSE
2026-08-27T09:18:07.571916+09:00,2026-08-27,RPM,RPM International Inc.,US,소재,2026-08-26,107.05,869931,965721.55,3.0654,13664183296,35,60,60,58,48,0,HOLD,-0.14,-2,False,live,STOCK,40,NEUTRAL,NYSE
2026-08-27T09:18:07.571916+09:00,2026-08-27,GL,Globe Life Inc.,US,금융,2026-08-26,175.55,465282,563034.1,3.7146,13490920448,44,60,53,78,57,1,HOLD,0.31,4,False,live,STOCK,61,NEUTRAL,NYSE
2026-08-27T09:18:07.571916+09:00,2026-08-27,ALLE,Allegion plc,US,산업재,2026-08-26,160.28,993075,1082848.75,3.745,13629696000,48,60,45,58,53,0,HOLD,0.28,3,False,live,STOCK,69,NEUTRAL,NYSE
2026-08-27T09:18:07.571916+09:00,2026-08-27,EQH,"Equitable Holdings, Inc.",US,금융,2026-08-26,49.87,3612058,2891232.9,1.336,13602829312,48,60,56,62,59,1,HOLD,0.47,6,False,live,STOCK,77,NEUTRAL,NYSE
2026-08-27T09:18:07.571916+09:00,2026-08-27,LII,Lennox International Inc.,US,산업재,2026-08-26,393.72,467877,552843.85,12.5257,13607229440,32,60,63,52,43,0,AVOID,-0.52,-6,True,live,STOCK,20,NEUTRAL,NYSE
2026-08-27T09:18:07.571916+09:00,2026-08-27,SREA,Sempra,US,유틸리티,2026-08-26,20.6,55906,56425.3,0.1669,,50,60,58,50,50,0,HOLD,-0.01,0,False,live,STOCK,40,NEUTRAL,NYSE
2026-08-27T09:18:07.571916+09:00,2026-08-27,DOCN,"DigitalOcean Holdings, Inc.",US,IT,2026-08-26,114.99,1218622,2935171.1,8.8446,13520472064,18,60,63,26,37,0,AVOID,-0.68,-8,True,live,STOCK,38,NEUTRAL,NYSE
2026-08-27T09:18:07.571916+09:00,2026-08-27,UHAL,U-Haul Holding Company,US,산업재,2026-08-26,68.76,137938,154756.9,1.6521,13442182144,39,60,63,35,50,0,HOLD,0.23,3,False,live,STOCK,64,NEUTRAL,NYSE
2026-08-27T09:18:07.571916+09:00,2026-08-27,TXRH,"Texas Roadhouse, Inc.",US,소비재,2026-08-26,203.88,443300,811825.0,5.1207,13382873088,47,60,53,42,51,0,HOLD,0.22,3,False,live,STOCK,61,NEUTRAL,NASDAQ
2026-08-27T09:18:07.571916+09:00,2026-08-27,CNA,CNA Financial Corporation,US,금융,2026-08-26,49.45,351405,392750.25,0.8818,13381216256,36,60,60,86,55,1,HOLD,0.2,2,False,live,STOCK,45,NEUTRAL,NYSE
2026-08-27T09:18:07.571916+09:00,2026-08-27,HBM,Hudbay Minerals Inc.,US,소재,2026-08-26,29.99,2530643,4837027.15,1.2889,13319901184,91,60,60,50,71,2,WATCH,0.95,11,False,live,STOCK,77,NEUTRAL,NYSE
2026-08-27T09:18:07.571916+09:00,2026-08-27,SEIC,SEI Investments Company,US,금융,2026-08-26,110.78,609939,588596.95,1.6764,13295725568,77,60,45,50,63,2,WATCH,0.76,9,False,live,STOCK,83,NEUTRAL,NASDAQ
2026-08-27T09:18:07.571916+09:00,2026-08-27,BIPI,BIP Bermuda Holdings I Limited,US,산업재,2026-08-26,16.7148,4793,16504.65,0.1461,,58,60,55,50,52,0,HOLD,0.13,2,False,live,STOCK,40,NEUTRAL,NYSE
2026-08-27T09:18:07.571916+09:00,2026-08-27,BWA,BorgWarner Inc.,US,소비재,2026-08-26,64.69,1561159,2274782.95,2.2954,13175177216,43,60,63,74,53,1,HOLD,-0.12,-1,False,live,STOCK,33,NEUTRAL,NYSE
2026-08-27T09:18:07.571916+09:00,2026-08-27,WSE,Wise Group plc Class A Ordinary Shares,US,IT,2026-08-26,13.23,628199,972134.95,0.3379,13014739968,81,60,75,45,69,2,WATCH,0.87,10,False,live,STOCK,66,NEUTRAL,NASDAQ
2026-08-27T09:18:07.571916+09:00,2026-08-27,NXT,Nextpower Inc.,US,에너지,2026-08-26,87.23,1650393,2618234.65,4.3919,13401874432,15,60,53,53,34,0,AVOID,-0.88,-11,True,live,STOCK,17,NEUTRAL,NASDAQ
2026-08-27T09:18:07.571916+09:00,2026-08-27,SGI,Somnigroup International Inc,US,소비재,2026-08-26,62.83,4423657,3144072.85,1.925,13217263616,53,60,63,74,55,1,HOLD,-0.06,-1,False,live,STOCK,26,NEUTRAL,NYSE
2026-08-27T09:18:07.571916+09:00,2026-08-27,LULU,Lululemon Athletica Inc.,US,소비재,2026-08-26,116.35,3666445,2701882.25,4.2757,13211998208,43,60,65,86,58,1,HOLD,-0.04,0,False,live,STOCK,40,NEUTRAL,NASDAQ
2026-08-27T09:18:07.571916+09:00,2026-08-27,IESC,"IES Holdings, Inc.",US,산업재,2026-08-26,331.48,253634,195486.7,65.6872,13209051136,25,60,45,42,43,1,AVOID,-0.49,-6,True,live,STOCK,70,NEUTRAL,NASDAQ
2026-08-27T09:18:07.571916+09:00,2026-08-27,CHKP,Check Point Software Technologies Ltd.,US,IT,2026-08-26,129.05,688976,1027583.8,3.8421,13176086528,72,60,50,68,66,2,WATCH,0.56,7,False,live,STOCK,81,NEUTRAL,NASDAQ
2026-08-27T09:18:07.571916+09:00,2026-08-27,FIG,"Figma, Inc.",US,IT,2026-08-26,27.03,10204401,20989995.05,1.5578,14407257088,84,60,50,30,63,2,WATCH,0.84,10,False,live,STOCK,84,NEUTRAL,NYSE
2026-08-27T09:18:07.571916+09:00,2026-08-27,AA,Alcoa Corporation,US,소재,2026-08-26,49.72,3103996,5133244.8,2.4998,13121577984,55,60,63,73,60,1,HOLD,0.08,1,False,live,STOCK,49,NEUTRAL,NYSE
2026-08-27T09:18:07.571916+09:00,2026-08-27,SMTC,Semtech Corporation,US,반도체,2026-08-26,140.8,10110045,3069752.25,11.3004,13115684864,55,65,66,42,56,0,HOLD,0.04,0,False,live,STOCK,55,NEUTRAL,NASDAQ
2026-08-27T09:18:07.571916+09:00,2026-08-27,HRL,Hormel Foods Corporation,US,소매,2026-08-26,23.71,8922618,3832785.9,0.4604,,20,60,55,58,44,0,AVOID,-0.33,-4,True,live,STOCK,48,NEUTRAL,NYSE
2026-08-27T09:18:07.571916+09:00,2026-08-27,CSGP,"CoStar Group, Inc.",US,리츠,2026-08-26,32.14,4796217,6100500.85,1.4643,13023050752,80,60,63,51,62,1,HOLD,0.5,6,False,live,STOCK,43,NEUTRAL,NASDAQ
2026-08-27T09:18:07.571916+09:00,2026-08-27,CCK,"Crown Holdings, Inc.",US,소비재,2026-08-26,119.08,763653,804602.65,2.705,12951201792,51,60,60,84,66,2,WATCH,0.63,8,False,live,STOCK,77,NEUTRAL,NYSE
2026-08-27T09:18:07.571916+09:00,2026-08-27,CORT,Corcept Therapeutics Incorporated,US,제약/바이오,2026-08-26,119.8,980746,1119097.3,3.7464,12950189056,63,65,63,43,64,1,HOLD,0.75,9,False,live,STOCK,86,NEUTRAL,NASDAQ
2026-08-27T09:18:07.571916+09:00,2026-08-27,WSO,"Watsco, Inc.",US,산업재,2026-08-26,314.39,450500,518665.0,9.57,12969277440,50,60,63,50,49,0,HOLD,-0.2,-2,False,live,STOCK,27,NEUTRAL,NYSE
2026-08-27T09:18:07.571916+09:00,2026-08-27,ALLY,Ally Financial Inc.,US,금융,2026-08-26,42.54,2323846,2713267.3,0.786,12940654592,28,60,63,96,59,1,HOLD,0.07,1,False,live,STOCK,62,NEUTRAL,NYSE
2026-08-27T09:18:07.571916+09:00,2026-08-27,ICLR,ICON Public Limited Company,US,제약/바이오,2026-08-26,168.93,414092,653379.6,6.3964,13033659392,95,65,50,51,68,1,HOLD,0.97,12,False,live,STOCK,69,NEUTRAL,NASDAQ
2026-08-27T09:18:07.571916+09:00,2026-08-27,IT,"Gartner, Inc.",US,IT,2026-08-26,192.96,1181383,1626654.15,9.005,12185227264,84,60,45,84,70,3,BUY,0.91,11,False,live,STOCK,74,NEUTRAL,NYSE
2026-08-27T09:18:07.571916+09:00,2026-08-27,GGG,Graco Inc.,US,산업재,2026-08-26,79.6,2470906,1459025.3,1.5766,12891524096,47,60,63,50,51,0,HOLD,0.1,1,False,live,STOCK,40,NEUTRAL,NYSE
2026-08-27T09:18:07.571916+09:00,2026-08-27,FNF,"Fidelity National Financial, Inc.",US,금융,2026-08-26,47.48,1231124,1562181.2,1.1036,12733795328,17,60,63,84,45,1,HOLD,-0.41,-5,False,live,STOCK,19,NEUTRAL,NYSE
2026-08-27T09:18:07.571916+09:00,2026-08-27,PEN,"Penumbra, Inc.",US,제약/바이오,2026-08-26,323.05,513088,261619.4,2.0738,12724753408,43,65,55,30,51,1,HOLD,0.11,1,False,live,STOCK,80,NEUTRAL,NYSE
2026-08-27T09:18:07.571916+09:00,2026-08-27,HALO,"Halozyme Therapeutics, Inc.",US,제약/바이오,2026-08-26,107.06,1705596,2409529.8,3.9421,12151095296,80,65,53,50,67,2,WATCH,0.91,11,False,live,STOCK,87,NEUTRAL,NASDAQ
2026-08-27T09:18:07.571916+09:00,2026-08-27,BMRN,BioMarin Pharmaceutical Inc.,US,제약/바이오,2026-08-26,65.61,1884143,2314917.15,2.2594,12700374016,73,65,66,51,66,2,WATCH,0.85,10,False,live,STOCK,72,NEUTRAL,NASDAQ
2026-08-27T09:18:07.571916+09:00,2026-08-27,AIT,"Applied Industrial Technologies, Inc.",US,산업재,2026-08-26,342.44,194189,257089.45,8.4223,12567156736,44,60,60,50,53,0,HOLD,0.25,3,False,live,STOCK,61,NEUTRAL,NYSE
2026-08-27T09:18:07.571916+09:00,2026-08-27,GDDY,GoDaddy Inc.,US,IT,2026-08-26,95.54,2620740,2208997.0,4.1519,12099921920,84,60,53,76,74,3,BUY,1.03,12,False,live,STOCK,90,NEUTRAL,NYSE
2026-08-27T09:18:07.571916+09:00,2026-08-27,TTMI,"TTM Technologies, Inc.",US,IT,2026-08-26,121.7,3813355,3145302.75,9.4329,12820956160,15,60,56,50,38,0,AVOID,-0.75,-9,True,live,STOCK,33,NEUTRAL,NASDAQ
2026-08-27T09:18:07.571916+09:00,2026-08-27,CHYM,"Chime Financial, Inc. Class A Common Sto",US,IT,2026-08-26,33.15,5382997,9929414.85,1.3912,12550096896,73,60,55,62,69,2,WATCH,0.92,11,False,live,STOCK,93,NEUTRAL,NASDAQ
2026-08-27T09:18:07.571916+09:00,2026-08-27,WTS,"Watts Water Technologies, Inc.",US,산업재,2026-08-26,378.14,156950,187467.5,8.3107,12623467520,66,60,73,45,57,1,HOLD,0.51,6,False,live,STOCK,31,NEUTRAL,NYSE
2026-08-27T09:18:07.571916+09:00,2026-08-27,CLX,The Clorox Company,US,소매,2026-08-26,104.23,1522331,2619426.55,2.6126,12604639232,55,60,60,50,60,1,HOLD,0.49,6,False,live,STOCK,77,NEUTRAL,NYSE
2026-08-27T09:18:07.571916+09:00,2026-08-27,MANH,"Manhattan Associates, Inc.",US,IT,2026-08-26,215.89,501055,951122.75,7.3561,12587460608,77,60,50,35,64,2,WATCH,0.83,10,False,live,STOCK,93,NEUTRAL,NASDAQ
2026-08-27T09:18:07.571916+09:00,2026-08-27,WBS,Webster Financial Corporation,US,금융,2026-08-20,77.57,0,10126728.95,0.7775,12568934400,69,60,55,60,57,0,HOLD,0.36,4,False,live,STOCK,39,NEUTRAL,NYSE
2026-08-27T09:18:07.571916+09:00,2026-08-27,FMS,Fresenius Medical Care AG & Co. KGaA,US,제약/바이오,2026-08-26,23.4,877369,818758.45,0.3435,12453933056,44,65,58,94,60,1,HOLD,0.28,3,False,live,STOCK,52,NEUTRAL,NYSE
2026-08-27T09:18:07.571916+09:00,2026-08-27,ARWR,"Arrowhead Pharmaceuticals, Inc.",US,제약/바이오,2026-08-26,89.12,859443,1158247.15,2.8544,12588598272,69,65,60,42,55,0,HOLD,0.44,5,False,live,STOCK,39,NEUTRAL,NASDAQ
2026-08-27T09:18:07.571916+09:00,2026-08-27,ELS,"Equity LifeStyle Properties, Inc.",US,리츠,2026-08-26,64.65,1243652,1294787.6,0.9736,12963031040,43,60,55,45,51,0,HOLD,0.09,1,False,live,STOCK,63,NEUTRAL,NYSE
2026-08-27T09:18:07.571916+09:00,2026-08-27,ELAN,Elanco Animal Health Incorporated,US,제약/바이오,2026-08-26,25.08,4152297,8583049.85,0.9336,12526194688,72,65,72,53,68,3,WATCH,0.76,9,False,live,STOCK,72,NEUTRAL,NYSE
2026-08-27T09:18:07.571916+09:00,2026-08-27,MDGL,"Madrigal Pharmaceuticals, Inc.",US,제약/바이오,2026-08-26,538.88,345528,384451.4,20.31,12450351104,72,65,50,26,53,1,HOLD,0.32,4,False,live,STOCK,55,NEUTRAL,NASDAQ
2026-08-27T09:18:07.571916+09:00,2026-08-27,IAG,Iamgold Corporation,US,소재,2026-08-26,21.54,4643278,6268143.9,1.0136,12299340800,73,60,55,73,70,3,BUY,0.91,11,False,live,STOCK,87,NEUTRAL,NYSE
2026-08-27T09:18:07.571916+09:00,2026-08-27,MICC,The Magnum Ice Cream Company N.V.,US,소매,2026-08-26,20.27,523761,773653.05,0.3909,12384325632,88,60,63,50,68,1,HOLD,0.96,12,False,live,STOCK,63,NEUTRAL,NYSE
2026-08-27T09:18:07.571916+09:00,2026-08-27,AGNC,AGNC Investment Corp.,US,리츠,2026-08-26,10.81,12147722,16027551.1,0.1621,12815054848,54,60,60,65,58,0,HOLD,0.32,4,False,live,STOCK,54,NEUTRAL,NASDAQ
2026-08-27T09:18:07.571916+09:00,2026-08-27,SNN,Smith & Nephew plc,US,제약/바이오,2026-08-26,29.3,2378776,1393493.8,0.51,12262236160,28,65,60,58,47,0,HOLD,-0.24,-3,False,live,STOCK,44,NEUTRAL,NYSE
2026-08-27T09:18:07.571916+09:00,2026-08-27,DKNG,DraftKings Inc.,US,소비재,2026-08-26,24.78,9409646,12723607.3,1.2759,12302131200,72,60,60,60,67,2,WATCH,0.66,8,False,live,STOCK,78,NEUTRAL,NASDAQ
2026-08-27T09:18:07.571916+09:00,2026-08-27,AMH,American Homes 4 Rent,US,리츠,2026-08-26,34.16,1711571,2148113.55,0.515,,47,60,75,50,55,1,HOLD,0.26,3,False,live,STOCK,40,NEUTRAL,NYSE
2026-08-27T09:18:07.571916+09:00,2026-08-27,LI,Li Auto Inc.,US,소비재,2026-08-26,12.14,3117893,2899689.65,0.3366,11889019904,36,60,55,60,46,0,HOLD,-0.41,-5,False,live,STOCK,35,NEUTRAL,NASDAQ
2026-08-27T09:18:07.571916+09:00,2026-08-27,JKHY,"Jack Henry & Associates, Inc.",US,IT,2026-08-26,172.39,818875,980983.75,5.1596,12248444928,85,60,63,50,71,2,WATCH,1.06,13,False,live,STOCK,83,NEUTRAL,NASDAQ
2026-08-27T09:18:07.571916+09:00,2026-08-27,EGO,Eldorado Gold Corporation,US,소재,2026-08-26,46.96,2796805,2996010.25,2.0189,12247653376,73,60,55,55,60,1,HOLD,0.6,7,False,live,STOCK,51,NEUTRAL,NYSE
2026-08-27T09:18:07.571916+09:00,2026-08-27,SF,Stifel Financial Corp,US,금융,2026-08-26,80.77,1017292,975494.6,1.7214,12196409344,47,60,52,76,56,1,HOLD,0.3,4,False,live,STOCK,54,NEUTRAL,NYSE
2026-08-27T09:18:07.571916+09:00,2026-08-27,UDR,"UDR, Inc.",US,리츠,2026-08-26,37.93,3786417,3150045.85,0.5908,13934125056,65,60,60,53,56,0,HOLD,0.27,3,False,live,STOCK,41,NEUTRAL,NYSE
2026-08-27T09:18:07.571916+09:00,2026-08-27,DECK,Deckers Outdoor Corporation,US,소비재,2026-08-26,89.47,3168481,2322099.05,2.815,12184190976,15,60,63,68,42,0,AVOID,-0.66,-8,True,live,STOCK,26,NEUTRAL,NYSE
2026-08-27T09:18:07.571916+09:00,2026-08-27,GNRC,Generac Holdings Inc.,US,산업재,2026-08-26,206.62,521935,1007486.75,8.0093,12191893504,40,60,50,58,43,0,AVOID,-0.52,-6,True,live,STOCK,20,NEUTRAL,NYSE
2026-08-27T09:18:07.571916+09:00,2026-08-27,HUBS,"HubSpot, Inc.",US,IT,2026-08-26,237.08,1158192,2118479.6,13.7513,12136293376,84,60,55,59,70,2,WATCH,1.0,12,False,live,STOCK,84,NEUTRAL,NYSE
2026-08-27T09:18:07.571916+09:00,2026-08-27,CR,Crane Company,US,산업재,2026-08-26,209.6,322530,392471.5,5.8979,12114955264,29,60,63,58,49,0,HOLD,0.06,1,False,live,STOCK,48,NEUTRAL,NYSE
2026-08-27T09:18:07.571916+09:00,2026-08-27,GLPI,"Gaming and Leisure Properties, Inc.",US,리츠,2026-08-26,42.57,2266226,2790281.3,0.8721,12749766656,50,60,60,60,53,0,HOLD,-0.05,-1,False,live,STOCK,39,NEUTRAL,NASDAQ
2026-08-27T09:18:07.571916+09:00,2026-08-27,AFG,"American Financial Group, Inc.",US,금융,2026-08-26,144.97,348883,356719.15,2.3986,12021125120,62,60,53,60,63,1,HOLD,0.61,7,False,live,STOCK,83,NEUTRAL,NYSE
2026-08-27T09:18:07.571916+09:00,2026-08-27,BTSG,"BrightSpring Health Services, Inc. Commo",US,제약/바이오,2026-08-26,61.35,2549823,2953031.15,2.5553,12138971136,65,65,45,58,51,0,HOLD,0.08,1,False,live,STOCK,33,NEUTRAL,NASDAQ
2026-08-27T09:18:07.571916+09:00,2026-08-27,AMKR,"Amkor Technology, Inc.",US,반도체,2026-08-26,48.4,5158985,4562809.25,3.1286,12025100288,18,65,50,58,38,0,AVOID,-0.76,-9,True,live,STOCK,30,NEUTRAL,NASDAQ
2026-08-27T09:18:07.571916+09:00,2026-08-27,TEM,"Tempus AI, Inc.",US,제약/바이오,2026-08-26,68.48,5195467,7382738.35,5.1245,12356172800,78,65,53,42,65,2,WATCH,0.85,10,False,live,STOCK,87,NEUTRAL,NASDAQ
2026-08-27T09:18:07.571916+09:00,2026-08-27,EHC,Encompass Health Corporation,US,제약/바이오,2026-08-26,120.78,1679304,985605.2,2.4743,11915355136,51,65,45,58,55,1,HOLD,0.36,4,False,live,STOCK,75,NEUTRAL,NYSE
2026-08-27T09:18:07.571916+09:00,2026-08-27,PNW,Pinnacle West Capital Corporation,US,유틸리티,2026-08-26,98.69,1339891,1134174.55,1.5079,11960954880,25,60,63,37,42,0,AVOID,-0.35,-4,True,live,STOCK,39,NEUTRAL,NYSE
2026-08-27T09:18:07.571916+09:00,2026-08-27,CART,Maplebear Inc.,US,IT,2026-08-26,50.77,2257053,4422237.65,2.1739,11753257984,95,60,50,66,74,2,WATCH,1.12,13,False,live,STOCK,84,NEUTRAL,NASDAQ
2026-08-27T09:18:07.571916+09:00,2026-08-27,BJ,"BJ's Wholesale Club Holdings, Inc.",US,소매,2026-08-26,93.33,2248697,1894939.85,2.7121,11788950528,47,60,50,50,44,0,AVOID,-0.1,-1,True,live,STOCK,26,NEUTRAL,NYSE
2026-08-27T09:18:07.571916+09:00,2026-08-27,ERIE,Erie Indemnity Company,US,금융,2026-08-26,257.27,215961,265083.05,8.8471,13452613632,55,60,72,58,66,2,WATCH,0.74,9,False,live,STOCK,80,NEUTRAL,NASDAQ
2026-08-27T09:18:07.571916+09:00,2026-08-27,AR,Antero Resources Corporation,US,에너지,2026-08-26,38.53,3440237,3956426.85,1.1079,11845624832,74,60,55,78,71,3,BUY,0.83,10,False,live,STOCK,84,NEUTRAL,NYSE
2026-08-27T09:18:07.571916+09:00,2026-08-27,AHR,"American Healthcare REIT, Inc.",US,리츠,2026-08-26,57.16,2597277,3054318.85,1.3461,12460809216,88,60,58,43,69,2,WATCH,1.02,12,False,live,STOCK,83,NEUTRAL,NYSE
2026-08-27T09:18:07.571916+09:00,2026-08-27,RTO,Rentokil Initial plc,US,산업재,2026-08-26,23.44,997197,1805219.85,0.3564,11796132864,37,60,55,66,46,0,HOLD,-0.43,-5,False,live,STOCK,27,NEUTRAL,NYSE
2026-08-27T09:18:07.571916+09:00,2026-08-27,OC,Owens Corning,US,소재,2026-08-26,145.71,787670,816228.5,4.5079,11518183424,47,60,60,68,58,0,HOLD,0.42,5,False,live,STOCK,63,NEUTRAL,NYSE
2026-08-27T09:18:07.571916+09:00,2026-08-27,PSKY,Paramount Skydance Corporation Class B C,US,인터넷,2026-08-26,10.74,7897422,11714486.1,0.39,12049696768,65,65,63,51,67,1,HOLD,0.63,8,False,live,STOCK,91,NEUTRAL,NASDAQ
2026-08-27T09:18:07.571916+09:00,2026-08-27,HII,"Huntington Ingalls Industries, Inc.",US,산업재,2026-08-26,296.4,356199,508679.95,7.9357,11679522816,35,60,55,52,43,0,AVOID,-0.41,-5,True,live,STOCK,26,NEUTRAL,NYSE
2026-08-27T09:18:07.571916+09:00,2026-08-27,SCI,Service Corporation International,US,소비재,2026-08-26,85.38,658763,904338.15,1.6786,11636575232,62,60,48,50,57,1,HOLD,0.47,6,False,live,STOCK,72,NEUTRAL,NYSE
2026-08-27T09:18:07.571916+09:00,2026-08-27,FHN,First Horizon Corporation,US,금융,2026-08-26,24.57,3809548,4813287.4,0.4361,11640704000,28,60,55,70,51,1,HOLD,-0.08,-1,False,live,STOCK,61,NEUTRAL,NYSE
2026-08-27T09:18:07.571916+09:00,2026-08-27,NVMI,Nova Ltd.,US,반도체,2026-08-26,366.35,402666,505133.3,17.5321,11652187136,21,65,40,50,35,0,AVOID,-0.83,-10,True,live,STOCK,33,NEUTRAL,NASDAQ
2026-08-27T09:18:07.571916+09:00,2026-08-27,WTRG,"Essential Utilities, Inc.",US,유틸리티,2026-08-26,40.76,1675672,1955528.6,0.8234,11560880128,91,60,60,37,65,1,HOLD,0.89,11,False,live,STOCK,63,NEUTRAL,NYSE
2026-08-27T09:18:07.571916+09:00,2026-08-27,DVA,DaVita Inc.,US,제약/바이오,2026-08-26,180.05,528786,1032704.3,4.8807,11487190016,50,65,53,84,59,1,HOLD,0.07,1,False,live,STOCK,55,NEUTRAL,NYSE
2026-08-27T09:18:07.571916+09:00,2026-08-27,DPZ,"Domino's Pizza, Inc.",US,소비재,2026-08-26,344.56,884663,733543.15,10.3293,11398642688,44,60,50,50,51,0,HOLD,0.16,2,False,live,STOCK,63,NEUTRAL,NASDAQ
2026-08-27T09:18:07.571916+09:00,2026-08-27,ALGN,"Align Technology, Inc.",US,제약/바이오,2026-08-26,159.14,653550,894262.5,5.9207,11305282560,28,65,63,74,56,2,HOLD,-0.06,-1,False,live,STOCK,70,NEUTRAL,NASDAQ
2026-08-27T09:18:07.571916+09:00,2026-08-27,SMMT,Summit Therapeutics Inc.,US,제약/바이오,2026-08-26,14.23,11613951,5370912.55,0.9536,11351976960,55,65,78,42,61,1,HOLD,0.22,3,False,live,STOCK,62,NEUTRAL,NASDAQ
2026-08-27T09:18:07.571916+09:00,2026-08-27,AEIS,"Advanced Energy Industries, Inc.",US,IT,2026-08-26,283.06,479319,657430.95,17.2599,11336677376,25,60,50,50,38,0,AVOID,-0.63,-8,True,live,STOCK,30,NEUTRAL,NASDAQ
2026-08-27T09:18:07.571916+09:00,2026-08-27,TECH,Bio-Techne Corporation,US,제약/바이오,2026-08-26,72.38,1386237,2991021.85,0.2658,11350503424,73,65,73,51,67,2,WATCH,0.86,10,False,live,STOCK,64,NEUTRAL,NASDAQ
2026-08-27T09:18:07.571916+09:00,2026-08-27,DOCU,"DocuSign, Inc.",US,IT,2026-08-26,59.33,4055461,2887758.05,2.5864,11328744448,54,60,50,74,60,1,HOLD,0.47,6,False,live,STOCK,69,NEUTRAL,NASDAQ
2026-08-27T09:18:07.571916+09:00,2026-08-27,KNX,Knight-Swift Transportation Holdings Inc,US,산업재,2026-08-26,69.55,1717441,3056567.05,2.2571,11319680000,28,60,63,51,42,0,AVOID,-0.44,-5,True,live,STOCK,24,NEUTRAL,NYSE
2026-08-27T09:18:07.571916+09:00,2026-08-27,AUR,"Aurora Innovation, Inc.",US,IT,2026-08-26,5.76,19859785,29239244.25,0.3704,11543934976,25,60,45,50,47,1,HOLD,-0.41,-5,False,live,STOCK,78,NEUTRAL,NASDAQ
2026-08-27T09:18:07.571916+09:00,2026-08-27,EVR,Evercore Inc.,US,금융,2026-08-26,291.42,493847,529507.35,9.4186,11207365632,15,60,63,68,42,0,AVOID,-0.66,-8,True,live,STOCK,26,NEUTRAL,NYSE
2026-08-27T09:18:07.571916+09:00,2026-08-27,APC,ARKO Petroleum Corp. Class A Common Stoc,US,에너지,2026-08-26,18.74,141958,167152.9,0.6563,1547366016,50,60,55,58,59,1,HOLD,0.28,3,False,live,STOCK,78,NEUTRAL,NASDAQ
2026-08-27T09:18:07.571916+09:00,2026-08-27,FROG,JFrog Ltd.,US,IT,2026-08-26,92.8,1142077,2087748.85,5.5894,11442362368,95,60,60,27,67,2,WATCH,1.04,12,False,live,STOCK,77,NEUTRAL,NASDAQ
2026-08-27T09:18:07.571916+09:00,2026-08-27,BXP,"BXP, Inc.",US,리츠,2026-08-26,70.3,1301442,1266417.1,1.7361,12715683840,84,60,63,53,66,1,HOLD,0.85,10,False,live,STOCK,54,NEUTRAL,NYSE
2026-08-27T09:18:07.571916+09:00,2026-08-27,GMED,"Globus Medical, Inc.",US,제약/바이오,2026-08-26,83.1,970590,1374129.5,2.7661,11157165056,50,65,60,58,61,1,HOLD,0.38,5,False,live,STOCK,84,NEUTRAL,NYSE
2026-08-27T09:18:07.571916+09:00,2026-08-27,PAC,"Grupo Aeroportuario del Pacífico, S.A.B.",US,산업재,2026-08-26,214.87,218566,117808.3,5.1671,12785156096,65,60,60,50,55,0,HOLD,0.09,1,False,live,STOCK,36,NEUTRAL,NYSE
2026-08-27T09:18:07.571916+09:00,2026-08-27,XPEV,XPeng Inc.,US,소비재,2026-08-26,11.71,8508856,8128017.8,0.4426,11201711104,40,60,60,50,48,0,HOLD,-0.3,-4,False,live,STOCK,41,NEUTRAL,NYSE
2026-08-27T09:18:07.571916+09:00,2026-08-27,TFII,TFI International Inc.,US,산업재,2026-08-26,135.23,192229,284326.45,3.9446,11114962944,28,60,63,66,48,0,HOLD,-0.36,-4,False,live,STOCK,36,NEUTRAL,NYSE
2026-08-27T09:18:07.571916+09:00,2026-08-27,NYT,The New York Times Company,US,인터넷,2026-08-26,68.42,1923640,2404552.0,1.4807,11035022336,72,65,63,53,60,1,HOLD,0.29,3,False,live,STOCK,42,NEUTRAL,NYSE
2026-08-27T09:18:07.571916+09:00,2026-08-27,DKS,"DICK'S Sporting Goods, Inc.",US,소비재,2026-08-26,129.66,14171731,4288691.55,11.2842,11604898816,10,60,63,60,38,0,AVOID,-0.78,-9,True,live,STOCK,23,NEUTRAL,NYSE
2026-08-27T09:18:07.571916+09:00,2026-08-27,SUZ,Suzano S.A.,US,소재,2026-08-26,8.94,2521797,3704389.85,0.26,11010152448,84,60,55,70,70,2,WATCH,0.84,10,False,live,STOCK,69,NEUTRAL,NYSE
2026-08-27T09:18:07.571916+09:00,2026-08-27,DCI,"Donaldson Company, Inc.",US,산업재,2026-08-26,95.24,1210939,645311.95,2.0148,,59,60,63,58,62,0,HOLD,0.61,7,False,live,STOCK,67,NEUTRAL,NYSE
2026-08-27T09:18:07.571916+09:00,2026-08-27,ENLT,Enlight Renewable Energy Ltd,US,유틸리티,2026-08-26,78.74,150554,198087.7,2.8271,11010158592,18,60,50,35,32,0,AVOID,-0.89,-11,True,live,STOCK,23,NEUTRAL,NASDAQ
2026-08-27T09:18:07.571916+09:00,2026-08-27,RRX,Regal Rexnord Corporation,US,산업재,2026-08-26,165.27,1266345,1443802.25,6.2236,11001953280,7,60,63,58,37,0,AVOID,-0.85,-10,True,live,STOCK,20,NEUTRAL,NYSE
2026-08-27T09:18:07.571916+09:00,2026-08-27,MGM,MGM Resorts International,US,소비재,2026-08-26,43.46,1699996,2338509.8,0.6914,11119294464,47,60,63,74,53,1,HOLD,0.01,0,False,live,STOCK,24,NEUTRAL,NYSE
2026-08-27T09:18:07.571916+09:00,2026-08-27,UMBF,UMB Financial Corporation,US,금융,2026-08-26,143.34,295826,490446.3,2.7946,10886677504,50,60,50,70,56,1,HOLD,0.27,3,False,live,STOCK,60,NEUTRAL,NASDAQ
2026-08-27T09:18:07.571916+09:00,2026-08-27,NIO,NIO Inc.,US,소비재,2026-08-26,4.37,17953276,26890023.8,0.1364,,21,60,50,42,41,0,AVOID,-0.59,-7,True,live,STOCK,56,NEUTRAL,NYSE
2026-08-27T09:18:07.571916+09:00,2026-08-27,WMS,"Advanced Drainage Systems, Inc.",US,소재,2026-08-26,141.46,432688,706794.4,4.8197,10666840064,28,60,55,58,44,0,AVOID,-0.28,-3,True,live,STOCK,40,NEUTRAL,NYSE
2026-08-27T09:18:07.571916+09:00,2026-08-27,BPOP,"Popular, Inc.",US,금융,2026-08-26,169.75,377925,392681.25,3.2214,10826400768,47,60,53,70,55,1,HOLD,0.27,3,False,live,STOCK,54,NEUTRAL,NASDAQ
2026-08-27T09:18:07.571916+09:00,2026-08-27,TX,Ternium S.A.,US,소재,2026-08-26,55.13,330719,680650.95,1.7457,,59,60,60,76,66,2,WATCH,0.66,8,False,live,STOCK,75,NEUTRAL,NYSE
2026-08-27T09:18:07.571916+09:00,2026-08-27,UHS,"Universal Health Services, Inc.",US,제약/바이오,2026-08-26,178.69,621244,728967.2,4.6721,10531365888,81,65,63,70,71,2,WATCH,0.97,12,False,live,STOCK,69,NEUTRAL,NYSE
2026-08-27T09:18:07.571916+09:00,2026-08-27,CPT,Camden Property Trust,US,리츠,2026-08-26,107.61,558813,913175.65,1.8096,12453982208,25,60,63,45,41,0,AVOID,-0.39,-5,True,live,STOCK,26,NEUTRAL,NYSE
2026-08-27T09:18:07.571916+09:00,2026-08-27,JEF,Jefferies Financial Group Inc.,US,금융,2026-08-26,53.13,1829762,1934118.1,1.4566,10806216704,25,60,60,68,47,0,HOLD,-0.22,-3,False,live,STOCK,41,NEUTRAL,NYSE
2026-08-27T09:18:07.571916+09:00,2026-08-27,BSY,"Bentley Systems, Incorporated",US,IT,2026-08-26,36.94,1656261,2508908.05,1.4154,11159311360,84,60,60,42,70,2,WATCH,1.03,12,False,live,STOCK,90,NEUTRAL,NASDAQ
2026-08-27T09:18:07.571916+09:00,2026-08-27,EGP,"EastGroup Properties, Inc.",US,리츠,2026-08-26,200.78,294237,426481.85,3.1471,10796606464,28,60,63,45,42,0,AVOID,-0.37,-4,True,live,STOCK,26,NEUTRAL,NYSE
2026-08-27T09:18:07.571916+09:00,2026-08-27,AM,Antero Midstream Corporation,US,에너지,2026-08-26,22.59,1872698,2567979.9,0.5432,10722885632,76,60,60,58,65,1,HOLD,0.69,8,False,live,STOCK,63,NEUTRAL,NYSE
2026-08-27T09:18:07.571916+09:00,2026-08-27,ALSN,"Allison Transmission Holdings, Inc.",US,소비재,2026-08-26,128.78,859762,844833.1,3.8337,10634399744,81,60,50,66,61,1,HOLD,0.62,7,False,live,STOCK,42,NEUTRAL,NYSE
2026-08-27T09:18:07.571916+09:00,2026-08-27,AXSM,"Axsome Therapeutics, Inc.",US,제약/바이오,2026-08-26,207.15,378422,701171.1,7.3067,10850685952,28,65,60,26,38,0,AVOID,-0.56,-7,True,live,STOCK,32,NEUTRAL,NASDAQ
2026-08-27T09:18:07.571916+09:00,2026-08-27,GKOS,Glaukos Corporation,US,제약/바이오,2026-08-26,180.57,504028,802121.4,6.4757,10650729472,73,65,45,27,56,2,HOLD,0.56,7,False,live,STOCK,75,NEUTRAL,NYSE
2026-08-27T09:18:07.571916+09:00,2026-08-27,SANM,Sanmina Corporation,US,IT,2026-08-26,198.64,812447,689532.35,9.6911,10646579200,33,60,65,58,47,0,HOLD,-0.38,-5,False,live,STOCK,32,NEUTRAL,NASDAQ
2026-08-27T09:18:07.571916+09:00,2026-08-27,LFUS,"Littelfuse, Inc.",US,IT,2026-08-26,418.72,227812,253120.6,16.9755,10634963968,40,60,45,50,42,0,AVOID,-0.48,-6,True,live,STOCK,30,NEUTRAL,NASDAQ
2026-08-27T09:18:07.571916+09:00,2026-08-27,FLS,Flowserve Corporation,US,산업재,2026-08-26,82.8,1717282,1638919.1,1.9696,10524939264,81,60,66,58,70,1,HOLD,0.9,11,False,live,STOCK,69,NEUTRAL,NYSE
2026-08-27T09:18:07.571916+09:00,2026-08-27,KRYS,"Krystal Biotech, Inc.",US,제약/바이오,2026-08-26,359.76,280968,292333.4,10.3971,10648477696,63,65,45,34,47,0,HOLD,0.2,2,False,live,STOCK,39,NEUTRAL,NASDAQ
2026-08-27T09:18:07.571916+09:00,2026-08-27,ARW,"Arrow Electronics, Inc.",US,IT,2026-08-26,207.1,575325,626461.25,8.4621,10542513152,25,60,60,84,53,1,HOLD,-0.15,-2,False,live,STOCK,55,NEUTRAL,NYSE
2026-08-27T09:18:07.571916+09:00,2026-08-27,PAYP,PayPay Corporation,US,IT,2026-08-26,15.63,493362,826773.1,0.624,10583746560,63,60,55,68,56,0,HOLD,0.01,0,False,live,STOCK,37,NEUTRAL,NASDAQ
2026-08-27T09:18:07.571916+09:00,2026-08-27,MOH,"Molina Healthcare, Inc.",US,제약/바이오,2026-08-26,202.43,413399,591044.95,7.0529,10566845440,76,65,63,51,55,1,HOLD,0.46,6,False,live,STOCK,17,NEUTRAL,NYSE
2026-08-27T09:18:07.571916+09:00,2026-08-27,MP,MP Materials Corp.,US,소재,2026-08-26,59.31,7533191,7379734.55,3.8696,10563205120,70,60,60,27,57,1,HOLD,0.24,3,False,live,STOCK,62,NEUTRAL,NYSE
2026-08-27T09:18:07.571916+09:00,2026-08-27,GSAT,"Globalstar, Inc.",US,인터넷,2026-08-26,81.82,697491,914259.55,0.7932,10600877056,40,65,53,27,48,1,HOLD,-0.08,-1,False,live,STOCK,71,NEUTRAL,NASDAQ
2026-08-27T09:18:07.571916+09:00,2026-08-27,IONS,"Ionis Pharmaceuticals, Inc.",US,제약/바이오,2026-08-26,63.36,2145903,2370700.15,1.95,10529438720,44,65,56,37,49,0,HOLD,-0.22,-3,False,live,STOCK,56,NEUTRAL,NASDAQ
2026-08-27T09:18:07.571916+09:00,2026-08-27,ENSG,"The Ensign Group, Inc.",US,제약/바이오,2026-08-26,180.63,237247,305027.35,3.9325,10527555584,55,65,53,58,51,0,HOLD,0.09,1,False,live,STOCK,33,NEUTRAL,NASDAQ
2026-08-27T09:18:07.571916+09:00,2026-08-27,PRAX,"Praxis Precision Medicines, Inc.",US,제약/바이오,2026-08-26,377.37,480496,447559.8,20.1919,10536165376,62,65,48,50,60,1,HOLD,0.48,6,False,live,STOCK,84,NEUTRAL,NASDAQ
2026-08-27T09:18:07.571916+09:00,2026-08-27,FDS,FactSet Research Systems Inc.,US,금융,2026-08-26,295.45,831702,799600.1,10.1507,10507840512,95,60,55,66,71,1,HOLD,1.03,12,False,live,STOCK,63,NEUTRAL,NYSE
2026-08-27T09:18:07.571916+09:00,2026-08-27,AES,The AES Corporation,US,유틸리티,2026-08-26,14.73,10823320,7505941.0,0.045,10508951552,65,60,55,70,64,1,HOLD,0.49,6,False,live,STOCK,69,NEUTRAL,NYSE
2026-08-27T09:18:07.571916+09:00,2026-08-27,PAYC,"Paycom Software, Inc.",US,IT,2026-08-26,232.31,548948,950447.4,7.5115,10470588416,95,60,58,50,74,2,WATCH,1.22,15,False,live,STOCK,93,NEUTRAL,NYSE
2026-08-27T09:18:07.571916+09:00,2026-08-27,BIO,"Bio-Rad Laboratories, Inc.",US,제약/바이오,2026-08-26,388.64,221653,265777.65,10.8682,10391525376,77,65,60,37,64,2,WATCH,0.83,10,False,live,STOCK,78,NEUTRAL,NYSE
2026-08-27T09:18:07.571916+09:00,2026-08-27,FRHC,Freedom Holding Corp.,US,금융,2026-08-26,170.35,159670,118913.5,7.5897,10866229248,88,60,53,43,66,2,WATCH,0.91,11,False,live,STOCK,74,NEUTRAL,NASDAQ
2026-08-27T09:18:07.571916+09:00,2026-08-27,AG,First Majestic Silver Corp.,US,소재,2026-08-26,20.99,6751944,10764082.2,1.0214,10346104832,70,60,45,66,59,1,HOLD,0.35,4,False,live,STOCK,55,NEUTRAL,NYSE
2026-08-27T09:18:07.571916+09:00,2026-08-27,ORI,Old Republic International Corporation,US,금융,2026-08-26,42.45,820767,1083248.35,0.6729,10248827904,44,60,60,78,57,1,HOLD,0.31,4,False,live,STOCK,52,NEUTRAL,NYSE
2026-08-27T09:18:07.571916+09:00,2026-08-27,SAIL,"SailPoint, Inc.",US,IT,2026-08-26,18.22,1960872,2959573.6,0.9103,10334073856,47,60,60,42,57,1,HOLD,0.41,5,False,live,STOCK,84,NEUTRAL,NASDAQ
2026-08-27T09:18:07.571916+09:00,2026-08-27,EAT,"Brinker International, Inc.",US,소비재,2026-08-26,240.93,621455,1044892.75,11.2779,10332955648,73,60,53,50,64,2,WATCH,0.76,9,False,live,STOCK,80,NEUTRAL,NYSE
2026-08-27T09:18:07.571916+09:00,2026-08-27,KYMR,"Kymera Therapeutics, Inc.",US,제약/바이오,2026-08-26,125.55,558041,685202.05,4.9514,10327440384,80,65,40,50,64,2,WATCH,0.8,10,False,live,STOCK,90,NEUTRAL,NASDAQ
2026-08-27T09:18:07.571916+09:00,2026-08-27,WTFC,Wintrust Financial Corporation,US,금융,2026-08-26,153.1,577346,564592.3,3.0918,10327425024,28,60,63,60,46,0,HOLD,-0.24,-3,False,live,STOCK,32,NEUTRAL,NASDAQ
2026-08-27T09:18:07.571916+09:00,2026-08-27,SSB,SouthState Bank Corp.,US,금융,2026-08-26,106.36,471488,814019.4,1.7743,10314211328,47,60,53,70,56,1,HOLD,0.31,4,False,live,STOCK,61,NEUTRAL,NYSE
2026-08-27T09:18:07.571916+09:00,2026-08-27,DRS,"Leonardo DRS, Inc.",US,산업재,2026-08-26,38.6,1715366,840038.3,1.3682,10302012416,10,60,53,50,35,0,AVOID,-0.88,-11,True,live,STOCK,29,NEUTRAL,NASDAQ
2026-08-27T09:18:07.571916+09:00,2026-08-27,SPXC,"SPX Technologies, Inc.",US,소재,2026-08-26,205.69,319871,437548.55,7.3329,10302160896,28,60,60,58,43,0,AVOID,-0.41,-5,True,live,STOCK,23,NEUTRAL,NYSE
2026-08-27T09:18:07.571916+09:00,2026-08-27,HSIC,"Henry Schein, Inc.",US,제약/바이오,2026-08-26,90.38,696802,1192100.1,1.6021,10072538112,69,65,60,58,65,1,HOLD,0.77,9,False,live,STOCK,75,NEUTRAL,NASDAQ
2026-08-27T09:18:07.571916+09:00,2026-08-27,CGNX,Cognex Corporation,US,IT,2026-08-26,61.72,1590958,2427802.9,2.7168,10382775296,25,60,45,50,36,0,AVOID,-0.66,-8,True,live,STOCK,26,NEUTRAL,NASDAQ
2026-08-27T09:18:07.571916+09:00,2026-08-27,SUN,Sunoco LP,US,에너지,2026-08-26,75.1,319027,494596.35,1.9491,14149879808,69,60,58,63,65,1,HOLD,0.74,9,False,live,STOCK,72,NEUTRAL,NYSE
2026-08-27T09:18:07.571916+09:00,2026-08-27,AYI,"Acuity Brands, Inc.",US,산업재,2026-08-26,341.35,209363,248513.15,8.7486,10218499072,44,60,60,58,55,0,HOLD,0.31,4,False,live,STOCK,61,NEUTRAL,NYSE
2026-08-27T09:18:07.571916+09:00,2026-08-27,RDY,Dr. Reddy's Laboratories Limited,US,제약/바이오,2026-08-26,12.22,1674681,2455394.05,0.2257,10179261440,65,65,55,42,55,0,HOLD,0.13,2,False,live,STOCK,52,NEUTRAL,NYSE
2026-08-27T09:18:07.571916+09:00,2026-08-27,RGEN,Repligen Corporation,US,제약/바이오,2026-08-26,180.3,539038,1021371.9,6.7404,10175342592,80,65,60,43,69,2,WATCH,0.98,12,False,live,STOCK,90,NEUTRAL,NASDAQ
2026-08-27T09:18:07.571916+09:00,2026-08-27,FRT,Federal Realty Investment Trust,US,리츠,2026-08-26,117.58,528693,825134.65,1.5936,10278647808,28,60,63,45,42,0,AVOID,-0.38,-5,True,live,STOCK,26,NEUTRAL,NYSE
2026-08-27T09:18:07.571916+09:00,2026-08-27,CFR,"Cullen/Frost Bankers, Inc.",US,금융,2026-08-26,163.27,378444,537422.2,2.8721,10147032064,54,60,60,55,57,0,HOLD,0.46,6,False,live,STOCK,61,NEUTRAL,NYSE
2026-08-27T09:18:07.571916+09:00,2026-08-27,BEPH,Brookfield BRP Holdings (Canada) Inc 4.6,US,유틸리티,2026-08-26,15.15,8927,19956.35,0.0955,,65,60,55,50,54,0,HOLD,0.25,3,False,live,STOCK,40,NEUTRAL,NYSE
2026-08-27T09:18:07.571916+09:00,2026-08-27,WYNN,"Wynn Resorts, Limited",US,소비재,2026-08-26,97.17,1137784,1542669.2,2.4266,10005972992,43,60,50,50,44,0,AVOID,-0.27,-3,True,live,STOCK,33,NEUTRAL,NASDAQ
2026-08-27T09:18:07.571916+09:00,2026-08-27,PNR,Pentair plc,US,산업재,2026-08-26,62.86,3277664,2834138.2,1.9943,10032455680,20,60,63,76,48,1,HOLD,-0.42,-5,False,live,STOCK,39,NEUTRAL,NYSE
2026-08-27T09:18:07.571916+09:00,2026-08-27,SWKS,"Skyworks Solutions, Inc.",US,반도체,2026-08-26,66.62,3079152,4878647.6,2.6229,10024497152,33,65,66,53,52,0,HOLD,-0.22,-3,False,live,STOCK,56,NEUTRAL,NASDAQ
2026-08-27T09:18:07.571916+09:00,2026-08-27,BEPI,Brookfield Renewable Partners L.P.,US,유틸리티,2026-08-26,16.05,11224,21421.2,0.1008,,47,60,55,50,49,0,HOLD,0.01,0,False,live,STOCK,40,NEUTRAL,NYSE
2026-08-27T09:18:07.571916+09:00,2026-08-27,LTH,"Life Time Group Holdings, Inc.",US,소비재,2026-08-26,44.8,2064988,3064674.4,1.1097,10011095040,73,60,53,42,58,1,HOLD,0.6,7,False,live,STOCK,60,NEUTRAL,NYSE
