scan_ts_kst,date,ticker,name,market,sector,bar_date,close,volume,avg_vol20,atr14,market_cap,tech,macro,filing,value,total,consensus,signal,ev,target,hitl,source,asset_type,flow,regime,exchange
2026-08-30T07:56:23.073775+09:00,2026-08-30,NVDA,NVIDIA Corporation,US,반도체,2026-08-28,217.55,194586600,127870045.0,6.8757,5253179637760,43,65,71,58,55,1,HOLD,0.1,1,False,live,STOCK,48,NEUTRAL,NASDAQ
2026-08-30T07:56:23.073775+09:00,2026-08-30,AAPL,Apple Inc.,US,IT,2026-08-28,319.7,38609800,43056345.0,6.0371,4665759498240,69,60,58,42,62,1,HOLD,0.57,7,False,live,STOCK,77,NEUTRAL,NASDAQ
2026-08-30T07:56:23.073775+09:00,2026-08-30,GOOGL,Alphabet Inc.,US,인터넷,2026-08-28,346.59,25317400,24398425.0,6.4921,4238773059584,40,65,60,68,52,0,HOLD,-0.14,-2,False,live,STOCK,41,NEUTRAL,NASDAQ
2026-08-30T07:56:23.073775+09:00,2026-08-30,GOOG,Alphabet Inc.,US,인터넷,2026-08-28,342.88,17829200,16627200.0,6.1761,4193400127488,25,65,60,68,47,0,HOLD,-0.35,-4,False,live,STOCK,41,NEUTRAL,NASDAQ
2026-08-30T07:56:23.073775+09:00,2026-08-30,MSFT,Microsoft Corporation,US,IT,2026-08-28,513.53,29178300,28500045.0,9.7502,3813240733696,66,60,50,50,61,1,HOLD,0.61,7,False,live,STOCK,83,NEUTRAL,NASDAQ
2026-08-30T07:56:23.073775+09:00,2026-08-30,AMZN,"Amazon.com, Inc.",US,소비재,2026-08-28,266.43,49475500,38235135.0,5.805,2873797378048,40,60,60,50,51,0,HOLD,0.02,0,False,live,STOCK,54,NEUTRAL,NASDAQ
2026-08-30T07:56:23.073775+09:00,2026-08-30,TSM,Taiwan Semiconductor Manufacturing Compa,US,반도체,2026-08-28,417.52,8878000,10140965.0,10.4593,2165456502784,50,65,77,58,56,1,HOLD,0.12,1,False,live,STOCK,30,NEUTRAL,NYSE
2026-08-30T07:56:23.073775+09:00,2026-08-30,AVGO,Broadcom Inc.,US,반도체,2026-08-28,368.79,16572500,19413280.0,13.1629,1754548011008,22,65,60,43,44,0,AVOID,-0.48,-6,True,live,STOCK,55,NEUTRAL,NASDAQ
2026-08-30T07:56:23.073775+09:00,2026-08-30,META,"Meta Platforms, Inc.",US,인터넷,2026-08-28,578.02,16018300,16025385.0,18.6843,1472509509632,65,65,50,66,61,0,HOLD,0.34,4,False,live,STOCK,68,NEUTRAL,NASDAQ
2026-08-30T07:56:23.073775+09:00,2026-08-30,TSLA,"Tesla, Inc.",US,소비재,2026-08-28,348.75,32913300,33176350.0,12.4293,1377404715008,62,60,70,30,56,1,HOLD,0.12,1,False,live,STOCK,52,NEUTRAL,NASDAQ
2026-08-30T07:56:23.073775+09:00,2026-08-30,LLY,Eli Lilly and Company,US,제약/바이오,2026-08-28,1174.61,2450800,2851525.0,36.9193,1047448322048,47,65,71,50,58,1,HOLD,0.37,4,False,live,STOCK,61,NEUTRAL,NYSE
2026-08-30T07:56:23.073775+09:00,2026-08-30,MU,"Micron Technology, Inc.",US,반도체,2026-08-28,932.86,22820800,30401850.0,51.2664,1053565648896,72,65,65,58,62,1,HOLD,0.33,4,False,live,STOCK,46,NEUTRAL,NASDAQ
2026-08-30T07:56:23.073775+09:00,2026-08-30,JPM,JPMorgan Chase & Co.,US,금융,2026-08-28,357.62,3914500,5551535.0,5.2086,950620520448,51,60,71,60,61,1,HOLD,0.57,7,False,live,STOCK,64,NEUTRAL,NYSE
2026-08-30T07:56:23.073775+09:00,2026-08-30,WMT,Walmart Inc.,US,소매,2026-08-28,103.09,19392800,27401275.0,2.7099,820398325760,28,60,50,37,38,0,AVOID,-0.59,-7,True,live,STOCK,35,NEUTRAL,NASDAQ
2026-08-30T07:56:23.073775+09:00,2026-08-30,AMD,"Advanced Micro Devices, Inc.",US,반도체,2026-08-28,465.58,15338800,22435550.0,19.1421,760047665152,28,65,65,35,42,0,AVOID,-0.42,-5,True,live,STOCK,36,NEUTRAL,NASDAQ
2026-08-30T07:56:23.073775+09:00,2026-08-30,V,Visa Inc.,US,금융,2026-08-28,381.6,4643000,6745955.0,5.99,712465252352,81,60,60,50,68,2,WATCH,0.93,11,False,live,STOCK,77,NEUTRAL,NYSE
2026-08-30T07:56:23.073775+09:00,2026-08-30,ASML,ASML Holding N.V.,US,반도체,2026-08-28,1696.16,1257700,1184515.0,49.1171,651495079936,28,65,70,42,44,1,AVOID,-0.21,-3,True,live,STOCK,30,NEUTRAL,NASDAQ
2026-08-30T07:56:23.073775+09:00,2026-08-30,XOM,Exxon Mobil Corporation,US,에너지,2026-08-28,156.71,11352600,14068325.0,3.0375,644377739264,47,60,50,58,53,0,HOLD,0.15,2,False,live,STOCK,63,NEUTRAL,NYSE
2026-08-30T07:56:23.073775+09:00,2026-08-30,JNJ,Johnson & Johnson,US,제약/바이오,2026-08-28,268.04,5765600,6450010.0,5.2638,645949227008,95,65,56,53,74,2,WATCH,1.18,14,False,live,STOCK,90,NEUTRAL,NYSE
2026-08-30T07:56:23.073775+09:00,2026-08-30,MA,Mastercard Incorporated,US,금융,2026-08-28,595.3,1885300,2865940.0,9.5371,521488695296,85,60,53,50,67,2,WATCH,0.91,11,False,live,STOCK,77,NEUTRAL,NYSE
2026-08-30T07:56:23.073775+09:00,2026-08-30,ABBV,AbbVie Inc.,US,제약/바이오,2026-08-28,255.48,3224400,4781325.0,5.2179,451463118848,73,65,81,51,72,3,BUY,1.04,12,False,live,STOCK,77,NEUTRAL,NYSE
2026-08-30T07:56:23.073775+09:00,2026-08-30,INTC,Intel Corp.,US,반도체,2026-08-28,89.47,86001600,102018135.0,4.6907,472947818496,15,65,88,42,47,1,HOLD,-0.4,-5,False,live,STOCK,38,NEUTRAL,NASDAQ
2026-08-30T07:56:23.073775+09:00,2026-08-30,BAC,Bank of America Corporation,US,금융,2026-08-28,62.32,33509700,27864785.0,1.075,435788087296,51,60,81,60,65,1,HOLD,0.71,9,False,live,STOCK,69,NEUTRAL,NYSE
2026-08-30T07:56:23.073775+09:00,2026-08-30,ORCL,Oracle Corporation,US,IT,2026-08-28,150.85,17778300,25112995.0,6.2729,434519080960,63,60,50,50,54,0,HOLD,-0.02,0,False,live,STOCK,49,NEUTRAL,NYSE
2026-08-30T07:56:23.073775+09:00,2026-08-30,CSCO,"Cisco Systems, Inc.",US,IT,2026-08-28,109.93,13040600,20540500.0,3.2329,433281925120,17,60,65,50,44,0,AVOID,-0.45,-5,True,live,STOCK,47,NEUTRAL,NASDAQ
2026-08-30T07:56:23.073775+09:00,2026-08-30,PLTR,Palantir Technologies Inc.,US,IT,2026-08-28,186.29,24995400,47088020.0,6.8695,447665733632,84,60,42,35,62,2,WATCH,0.8,10,False,live,STOCK,87,NEUTRAL,NASDAQ
2026-08-30T07:56:23.073775+09:00,2026-08-30,COST,Costco Wholesale Corporation,US,소매,2026-08-28,945.47,1401300,1744660.0,17.4564,419295887360,43,60,60,29,45,0,HOLD,-0.13,-2,False,live,STOCK,41,NEUTRAL,NASDAQ
2026-08-30T07:56:23.073775+09:00,2026-08-30,CVX,Chevron Corporation,US,에너지,2026-08-28,201.86,5275300,7851730.0,3.4552,395969232896,59,60,32,74,58,2,HOLD,0.34,4,False,live,STOCK,77,NEUTRAL,NYSE
2026-08-30T07:56:23.073775+09:00,2026-08-30,KO,The Coca-Cola Company,US,소매,2026-08-28,89.66,9887200,14046470.0,1.3714,385766555648,69,60,50,37,57,0,HOLD,0.55,7,False,live,STOCK,69,NEUTRAL,NYSE
2026-08-30T07:56:23.073775+09:00,2026-08-30,LRCX,Lam Research Corporation,US,반도체,2026-08-28,301.9,8057600,8150975.0,15.4221,377773785088,28,65,73,42,48,1,HOLD,-0.19,-2,False,live,STOCK,46,NEUTRAL,NASDAQ
2026-08-30T07:56:23.073775+09:00,2026-08-30,CAT,Caterpillar Inc.,US,산업재,2026-08-28,800.25,1787500,2696275.0,26.0314,367854813184,28,60,70,50,45,1,HOLD,-0.36,-4,False,live,STOCK,26,NEUTRAL,NYSE
2026-08-30T07:56:23.073775+09:00,2026-08-30,AMAT,"Applied Materials, Inc.",US,반도체,2026-08-28,461.67,6524800,7250625.0,23.0817,366380154880,28,65,65,50,46,0,HOLD,-0.22,-3,False,live,STOCK,38,NEUTRAL,NASDAQ
2026-08-30T07:56:23.073775+09:00,2026-08-30,MRK,"Merck & Co., Inc.",US,제약/바이오,2026-08-28,148.35,8067000,11220295.0,4.925,366004928512,95,65,50,30,66,2,WATCH,0.97,12,False,live,STOCK,80,NEUTRAL,NYSE
2026-08-30T07:56:23.073775+09:00,2026-08-30,UNH,UnitedHealth Group Incorporated,US,제약/바이오,2026-08-28,392.95,2455500,4039660.0,7.8436,352709902336,47,65,83,66,63,1,HOLD,0.43,5,False,live,STOCK,52,NEUTRAL,NYSE
2026-08-30T07:56:23.073775+09:00,2026-08-30,HSBC,HSBC Holdings plc,US,금융,2026-08-28,103.53,1268700,1182520.0,1.3146,354721660928,47,60,55,60,52,0,HOLD,0.19,2,False,live,STOCK,48,NEUTRAL,NYSE
2026-08-30T07:56:23.073775+09:00,2026-08-30,GE,GE Aerospace,US,산업재,2026-08-28,342.58,2537100,3574595.0,8.9943,355448160256,47,60,60,29,51,0,HOLD,0.18,2,False,live,STOCK,67,NEUTRAL,NYSE
2026-08-30T07:56:23.073775+09:00,2026-08-30,PG,The Procter & Gamble Company,US,소매,2026-08-28,143.78,5868900,8990730.0,2.0129,334206992384,28,60,50,45,46,1,HOLD,-0.14,-2,False,live,STOCK,70,NEUTRAL,NYSE
2026-08-30T07:56:23.073775+09:00,2026-08-30,NFLX,"Netflix, Inc.",US,인터넷,2026-08-28,81.72,29048400,29108100.0,2.2579,340277133312,80,65,45,50,58,1,HOLD,0.32,4,False,live,STOCK,52,NEUTRAL,NASDAQ
2026-08-30T07:56:23.073775+09:00,2026-08-30,MS,Morgan Stanley,US,금융,2026-08-28,214.77,3735400,4224435.0,4.3471,337310515200,28,60,60,60,52,1,HOLD,0.0,0,False,live,STOCK,70,NEUTRAL,NYSE
2026-08-30T07:56:23.073775+09:00,2026-08-30,HD,"The Home Depot, Inc.",US,소비재,2026-08-28,330.19,3136100,3656390.0,8.0429,329427124224,47,60,63,42,54,0,HOLD,0.25,3,False,live,STOCK,63,NEUTRAL,NYSE
2026-08-30T07:56:23.073775+09:00,2026-08-30,GS,"The Goldman Sachs Group, Inc.",US,금융,2026-08-28,1033.99,1053100,1845355.0,22.8629,301068320768,50,60,60,60,52,0,HOLD,0.0,0,False,live,STOCK,33,NEUTRAL,NYSE
2026-08-30T07:56:23.073775+09:00,2026-08-30,PANW,"Palo Alto Networks, Inc.",US,IT,2026-08-28,371.59,5840700,5551305.0,17.8957,302845853696,66,60,57,30,58,1,HOLD,0.62,7,False,live,STOCK,78,NEUTRAL,NASDAQ
2026-08-30T07:56:23.073775+09:00,2026-08-30,DELL,Dell Technologies Inc.,US,IT,2026-08-28,456.24,3941200,5264070.0,24.99,294796001280,43,60,65,66,58,0,HOLD,0.18,2,False,live,STOCK,63,NEUTRAL,NYSE
2026-08-30T07:56:23.073775+09:00,2026-08-30,PM,Philip Morris International Inc.,US,소매,2026-08-28,191.89,3816800,4515410.0,4.1271,299082317824,91,60,58,58,70,1,HOLD,0.98,12,False,live,STOCK,69,NEUTRAL,NYSE
2026-08-30T07:56:23.073775+09:00,2026-08-30,NVS,Novartis AG,US,제약/바이오,2026-08-28,153.81,1165900,1396795.0,2.9329,292348952576,47,65,55,53,46,0,HOLD,-0.07,-1,False,live,STOCK,26,NEUTRAL,NYSE
2026-08-30T07:56:23.073775+09:00,2026-08-30,RTX,RTX Corporation,US,산업재,2026-08-28,211.71,2313200,4373375.0,4.0785,285333880832,48,60,45,58,53,0,HOLD,0.28,3,False,live,STOCK,69,NEUTRAL,NYSE
2026-08-30T07:56:23.073775+09:00,2026-08-30,BABA,Alibaba Group Holding Limited,US,소비재,2026-08-28,118.9,9671600,13087925.0,4.3321,295540654080,43,60,55,58,56,1,HOLD,0.11,1,False,live,STOCK,77,NEUTRAL,NYSE
2026-08-30T07:56:23.073775+09:00,2026-08-30,RY,Royal Bank of Canada,US,금융,2026-08-28,204.23,970200,1347600.0,3.6821,282742095872,47,60,60,60,56,0,HOLD,0.29,3,False,live,STOCK,61,NEUTRAL,NYSE
2026-08-30T07:56:23.073775+09:00,2026-08-30,WFC,Wells Fargo & Company,US,금융,2026-08-28,86.69,12024000,11281930.0,1.64,262150504448,47,60,60,60,57,0,HOLD,0.36,4,False,live,STOCK,63,NEUTRAL,NYSE
2026-08-30T07:56:23.073775+09:00,2026-08-30,MUFG,"Mitsubishi UFJ Financial Group, Inc.",US,금융,2026-08-28,22.9,2693800,2654480.0,0.4536,257757020160,73,60,58,60,62,1,HOLD,0.67,8,False,live,STOCK,54,NEUTRAL,NYSE
2026-08-30T07:56:23.073775+09:00,2026-08-30,SAP,SAP SE,US,IT,2026-08-28,221.54,2318000,2518685.0,5.7271,255702417408,62,60,58,42,61,1,HOLD,0.63,8,False,live,STOCK,84,NEUTRAL,NYSE
2026-08-30T07:56:23.073775+09:00,2026-08-30,ARM,Arm Holdings plc American Depositary Sha,US,반도체,2026-08-28,239.05,3874900,4288420.0,14.9905,255305072640,18,65,65,35,40,0,AVOID,-0.63,-8,True,live,STOCK,38,NEUTRAL,NASDAQ
2026-08-30T07:56:23.073775+09:00,2026-08-30,SHEL,Shell plc,US,에너지,2026-08-28,90.91,7516327,5616224.3,1.1963,250225295360,69,60,55,78,65,1,HOLD,0.59,7,False,live,STOCK,61,NEUTRAL,NYSE
2026-08-30T07:56:23.073775+09:00,2026-08-30,AZN,AstraZeneca PLC,US,제약/바이오,2026-08-28,162.7,2880700,4408300.0,3.2079,252329132032,65,65,68,58,62,0,HOLD,0.31,4,False,live,STOCK,52,NEUTRAL,NYSE
2026-08-30T07:56:23.073775+09:00,2026-08-30,ANET,"Arista Networks, Inc.",US,IT,2026-08-28,195.38,3063000,7486620.0,7.825,246418096128,62,60,60,35,56,0,HOLD,0.49,6,False,live,STOCK,61,NEUTRAL,NYSE
2026-08-30T07:56:23.073775+09:00,2026-08-30,GEV,GE Vernova Inc.,US,산업재,2026-08-28,911.93,1887000,1952770.0,42.669,242877579264,28,60,60,50,44,0,AVOID,-0.35,-4,True,live,STOCK,36,NEUTRAL,NYSE
2026-08-30T07:56:23.073775+09:00,2026-08-30,BHP,BHP Group Limited,US,소재,2026-08-28,95.15,1656500,2773100.0,2.4564,241821532160,87,60,50,53,67,2,WATCH,0.77,9,False,live,STOCK,77,NEUTRAL,NYSE
2026-08-30T07:56:23.073775+09:00,2026-08-30,TXN,Texas Instruments Incorporated,US,반도체,2026-08-28,258.64,5861100,5859105.0,8.4543,236202393600,28,65,75,42,45,1,HOLD,-0.36,-4,False,live,STOCK,30,NEUTRAL,NASDAQ
2026-08-30T07:56:23.073775+09:00,2026-08-30,AMGN,Amgen Inc.,US,제약/바이오,2026-08-28,432.42,1739700,2575775.0,9.0552,233780101120,73,65,45,50,62,2,WATCH,0.71,9,False,live,STOCK,84,NEUTRAL,NASDAQ
2026-08-30T07:56:23.073775+09:00,2026-08-30,TMO,Thermo Fisher Scientific Inc.,US,제약/바이오,2026-08-28,622.18,1016600,1678840.0,15.4079,230049366016,73,65,53,58,67,2,WATCH,0.86,10,False,live,STOCK,90,NEUTRAL,NYSE
2026-08-30T07:56:23.073775+09:00,2026-08-30,TM,Toyota Motor Corporation,US,소비재,2026-08-28,194.48,427800,349960.0,2.6957,230299992064,62,60,50,54,57,0,HOLD,0.34,4,False,live,STOCK,61,NEUTRAL,NYSE
2026-08-30T07:56:23.073775+09:00,2026-08-30,KLAC,KLA Corporation,US,반도체,2026-08-28,175.54,9956300,9610845.0,8.1192,229351227392,28,65,73,42,45,1,HOLD,-0.36,-4,False,live,STOCK,30,NEUTRAL,NASDAQ
2026-08-30T07:56:23.073775+09:00,2026-08-30,C,Citigroup Inc.,US,금융,2026-08-28,132.9,12092000,8782520.0,2.4514,222931337216,28,60,70,76,54,2,HOLD,0.02,0,False,live,STOCK,47,NEUTRAL,NYSE
2026-08-30T07:56:23.073775+09:00,2026-08-30,LIN,Linde plc,US,소재,2026-08-28,489.51,1240800,2035040.0,7.875,225654407168,65,60,60,58,56,0,HOLD,0.21,3,False,live,STOCK,33,NEUTRAL,NASDAQ
2026-08-30T07:56:23.073775+09:00,2026-08-30,AXP,American Express Company,US,금융,2026-08-28,333.2,1945200,2315635.0,5.6843,225013235712,35,60,81,50,50,1,HOLD,0.03,0,False,live,STOCK,25,NEUTRAL,NYSE
2026-08-30T07:56:23.073775+09:00,2026-08-30,CRWD,"CrowdStrike Holdings, Inc.",US,IT,2026-08-28,218.4,14712600,9065560.0,11.8225,223627362304,62,60,65,30,60,1,HOLD,0.61,7,False,live,STOCK,78,NEUTRAL,NASDAQ
2026-08-30T07:56:23.073775+09:00,2026-08-30,IBM,International Business Machines Corporat,US,IT,2026-08-28,235.59,3943300,5264800.0,6.1186,221957439488,55,60,81,58,61,1,HOLD,0.18,2,False,live,STOCK,44,NEUTRAL,NYSE
2026-08-30T07:56:23.073775+09:00,2026-08-30,SNDK,Sandisk Corporation,US,IT,2026-08-28,1484.98,8115000,13768505.0,123.6397,217429295104,62,60,60,50,56,0,HOLD,0.07,1,False,live,STOCK,49,NEUTRAL,NASDAQ
2026-08-30T07:56:23.073775+09:00,2026-08-30,SAN,"Banco Santander, S.A.",US,금융,2026-08-28,14.67,8747100,20572970.0,0.2479,213207990272,62,60,55,63,58,0,HOLD,0.47,6,False,live,STOCK,51,NEUTRAL,NYSE
2026-08-30T07:56:23.073775+09:00,2026-08-30,CRM,"Salesforce, Inc.",US,IT,2026-08-28,256.0,34342700,15293725.0,10.8693,210688000000,70,60,52,74,63,2,WATCH,0.64,8,False,live,STOCK,58,NEUTRAL,NYSE
2026-08-30T07:56:23.073775+09:00,2026-08-30,VZ,Verizon Communications Inc.,US,인터넷,2026-08-28,50.1,15790100,18653805.0,0.7721,208154230784,81,65,60,84,70,2,WATCH,0.78,9,False,live,STOCK,55,NEUTRAL,NYSE
2026-08-30T07:56:23.073775+09:00,2026-08-30,TD,The Toronto-Dominion Bank,US,금융,2026-08-28,121.25,1776000,2080830.0,2.1564,198669451264,62,60,55,60,60,0,HOLD,0.51,6,False,live,STOCK,67,NEUTRAL,NYSE
2026-08-30T07:56:23.073775+09:00,2026-08-30,NVO,Novo Nordisk A/S,US,제약/바이오,2026-08-28,45.61,8495900,13892410.0,1.1928,201643180032,50,65,68,73,64,1,HOLD,0.47,6,False,live,STOCK,69,NEUTRAL,NYSE
2026-08-30T07:56:23.073775+09:00,2026-08-30,SHOP,Shopify Inc.,US,IT,2026-08-28,152.9,4989400,10127525.0,4.925,198411386880,59,60,60,35,57,1,HOLD,0.53,6,False,live,STOCK,72,NEUTRAL,NASDAQ
2026-08-30T07:56:23.073775+09:00,2026-08-30,ABT,Abbott Laboratories,US,제약/바이오,2026-08-28,112.47,7545100,7599225.0,2.3079,194616213504,66,65,63,58,68,1,HOLD,0.87,10,False,live,STOCK,90,NEUTRAL,NYSE
2026-08-30T07:56:23.073775+09:00,2026-08-30,TMUS,"T-Mobile US, Inc.",US,인터넷,2026-08-28,181.37,3126400,4030190.0,4.0366,194550448128,72,65,60,74,68,3,WATCH,0.61,7,False,live,STOCK,70,NEUTRAL,NASDAQ
2026-08-30T07:56:23.073775+09:00,2026-08-30,APH,Amphenol Corporation,US,IT,2026-08-28,157.74,4228300,5694105.0,5.2843,194490810368,44,60,63,42,51,0,HOLD,0.14,2,False,live,STOCK,52,NEUTRAL,NYSE
2026-08-30T07:56:23.073775+09:00,2026-08-30,PEP,"PepsiCo, Inc.",US,소매,2026-08-28,141.07,5465100,6522685.0,2.2029,192701628416,80,60,60,42,61,1,HOLD,0.54,6,False,live,STOCK,55,NEUTRAL,NASDAQ
2026-08-30T07:56:23.073775+09:00,2026-08-30,TTE,TotalEnergies SE,US,에너지,2026-08-28,86.35,1542800,1410845.0,1.4421,191063851008,43,60,55,86,58,1,HOLD,0.08,1,False,live,STOCK,55,NEUTRAL,NYSE
2026-08-30T07:56:23.073775+09:00,2026-08-30,SCHW,The Charles Schwab Corporation,US,금융,2026-08-28,110.16,12819300,7480030.0,2.2703,190503632896,73,60,50,58,65,2,WATCH,0.79,9,False,live,STOCK,84,NEUTRAL,NYSE
2026-08-30T07:56:23.073775+09:00,2026-08-30,MRVL,"Marvell Technology, Inc.",US,반도체,2026-08-28,216.62,48858000,24820195.0,16.5271,194677391360,50,65,79,35,59,1,HOLD,0.34,4,False,live,STOCK,65,NEUTRAL,NASDAQ
2026-08-30T07:56:23.073775+09:00,2026-08-30,MCD,McDonald's Corporation,US,소비재,2026-08-28,265.0,3887300,4486150.0,4.9571,187525005312,25,60,60,50,42,0,AVOID,-0.41,-5,True,live,STOCK,33,NEUTRAL,NYSE
2026-08-30T07:56:23.073775+09:00,2026-08-30,DIS,The Walt Disney Company,US,인터넷,2026-08-28,108.1,5465900,9510485.0,2.2264,186654851072,84,65,60,58,72,2,WATCH,0.93,11,False,live,STOCK,84,NEUTRAL,NYSE
2026-08-30T07:56:23.073775+09:00,2026-08-30,STX,Seagate Technology Holdings plc,US,IT,2026-08-28,829.76,2802800,4226115.0,55.6264,188060549120,28,60,68,50,54,1,HOLD,-0.07,-1,False,live,STOCK,76,NEUTRAL,NASDAQ
2026-08-30T07:56:23.073775+09:00,2026-08-30,UNP,Union Pacific Corporation,US,산업재,2026-08-28,307.41,1717700,2338615.0,5.55,182624763904,81,60,60,37,64,1,HOLD,0.83,10,False,live,STOCK,69,NEUTRAL,NYSE
2026-08-30T07:56:23.073775+09:00,2026-08-30,GILD,"Gilead Sciences, Inc.",US,제약/바이오,2026-08-28,145.68,3946900,6338665.0,3.6979,180636663808,81,65,50,60,68,2,WATCH,0.87,10,False,live,STOCK,84,NEUTRAL,NASDAQ
2026-08-30T07:56:23.073775+09:00,2026-08-30,BLK,"BlackRock, Inc.",US,금융,2026-08-28,1164.48,721300,572695.0,20.88,189200269312,69,60,60,58,56,0,HOLD,0.43,5,False,live,STOCK,26,NEUTRAL,NYSE
2026-08-30T07:56:23.073775+09:00,2026-08-30,UBS,UBS Group AG,US,금융,2026-08-28,54.9,1734500,1455205.0,0.5989,168089649152,88,60,73,66,72,2,WATCH,1.05,13,False,live,STOCK,54,NEUTRAL,NYSE
2026-08-30T07:56:23.073775+09:00,2026-08-30,T,AT&T Inc.,US,인터넷,2026-08-28,26.01,22677400,35943355.0,0.4614,178230558720,69,65,50,78,69,2,WATCH,0.72,9,False,live,STOCK,87,NEUTRAL,NYSE
2026-08-30T07:56:23.073775+09:00,2026-08-30,ADI,"Analog Devices, Inc.",US,반도체,2026-08-28,361.78,3338300,3653750.0,11.2786,175306096640,28,65,53,58,42,0,AVOID,-0.51,-6,True,live,STOCK,32,NEUTRAL,NASDAQ
2026-08-30T07:56:23.073775+09:00,2026-08-30,SCCO,Southern Copper Corporation,US,소재,2026-08-28,209.8,1342100,1099881.4,8.7493,177143300096,91,60,53,37,57,1,HOLD,0.56,7,False,live,STOCK,32,NEUTRAL,NYSE
2026-08-30T07:56:23.073775+09:00,2026-08-30,QCOM,QUALCOMM Incorporated,US,반도체,2026-08-28,164.19,7752100,9698680.0,4.5707,175364849664,55,65,65,66,58,0,HOLD,0.06,1,False,live,STOCK,46,NEUTRAL,NASDAQ
2026-08-30T07:56:23.073775+09:00,2026-08-30,BX,Blackstone Inc.,US,금융,2026-08-28,142.39,2440600,3870040.0,4.0657,170198450176,66,60,72,50,67,2,WATCH,0.84,10,False,live,STOCK,77,NEUTRAL,NYSE
2026-08-30T07:56:23.073775+09:00,2026-08-30,WELL,Welltower Inc.,US,리츠,2026-08-28,238.07,2131300,2838490.0,4.4474,171546591232,95,60,78,38,78,3,BUY,1.36,16,False,live,STOCK,90,NEUTRAL,NYSE
2026-08-30T07:56:23.073775+09:00,2026-08-30,NEE,"NextEra Energy, Inc.",US,유틸리티,2026-08-28,81.84,13950900,10477055.0,1.1579,170716446720,28,60,63,42,50,1,HOLD,-0.07,-1,False,live,STOCK,70,NEUTRAL,NYSE
2026-08-30T07:56:23.073775+09:00,2026-08-30,DE,Deere & Company,US,산업재,2026-08-28,630.33,630600,1141445.0,19.83,169952985088,91,60,50,50,59,1,HOLD,0.65,8,False,live,STOCK,32,NEUTRAL,NYSE
2026-08-30T07:56:23.073775+09:00,2026-08-30,RIO,Rio Tinto Group,US,소재,2026-08-28,103.3,2300600,2301985.0,2.2635,168002912256,87,60,55,55,63,1,HOLD,0.53,6,False,live,STOCK,48,NEUTRAL,NYSE
2026-08-30T07:56:23.073775+09:00,2026-08-30,BA,The Boeing Company,US,산업재,2026-08-28,209.82,4564100,5362565.0,4.3543,165835456512,35,60,63,30,41,0,AVOID,-0.4,-5,True,live,STOCK,26,NEUTRAL,NYSE
2026-08-30T07:56:23.073775+09:00,2026-08-30,IBKR,"Interactive Brokers Group, Inc.",US,금융,2026-08-28,95.84,2236400,4332355.0,2.8636,163293675520,76,60,85,58,68,2,WATCH,0.81,10,False,live,STOCK,42,NEUTRAL,NASDAQ
2026-08-30T07:56:23.073775+09:00,2026-08-30,UBER,"Uber Technologies, Inc.",US,IT,2026-08-28,78.82,10702700,19279120.0,2.5774,160994590720,77,60,66,55,71,2,WATCH,0.89,11,False,live,STOCK,84,NEUTRAL,NYSE
2026-08-30T07:56:23.073775+09:00,2026-08-30,BBVA,"Banco Bilbao Vizcaya Argentaria, S.A.",US,금융,2026-08-28,29.0,1741200,1728115.0,0.3493,160030851072,73,60,55,60,62,1,HOLD,0.68,8,False,live,STOCK,60,NEUTRAL,NYSE
2026-08-30T07:56:23.073775+09:00,2026-08-30,PFE,Pfizer Inc.,US,제약/바이오,2026-08-28,27.96,27175800,38093880.0,0.5779,159362875392,91,65,64,66,75,2,WATCH,1.12,13,False,live,STOCK,78,NEUTRAL,NYSE
2026-08-30T07:56:23.073775+09:00,2026-08-30,BKNG,Booking Holdings Inc.,US,소비재,2026-08-28,205.63,3591700,5429890.0,6.0164,154506379264,51,60,58,74,62,2,WATCH,0.56,7,False,live,STOCK,75,NEUTRAL,NASDAQ
2026-08-30T07:56:23.073775+09:00,2026-08-30,COP,ConocoPhillips,US,에너지,2026-08-28,130.35,4651300,6887615.0,2.8036,156594339840,69,60,42,68,62,1,HOLD,0.62,7,False,live,STOCK,78,NEUTRAL,NYSE
2026-08-30T07:56:23.073775+09:00,2026-08-30,WDC,Western Digital Corporation,US,IT,2026-08-28,459.45,4317400,7825870.0,31.52,165650530304,40,60,58,68,51,0,HOLD,-0.26,-3,False,live,STOCK,41,NEUTRAL,NASDAQ
2026-08-30T07:56:23.073775+09:00,2026-08-30,BUD,Anheuser-Busch InBev SA/NV,US,소매,2026-08-28,80.13,3547500,1986015.0,1.3771,157786095616,25,60,58,60,54,1,HOLD,0.01,0,False,live,STOCK,84,NEUTRAL,NYSE
2026-08-30T07:56:23.073775+09:00,2026-08-30,TBB,AT&T Inc. 5.35% GLB NTS 66,US,인터넷,2026-08-28,19.42,82300,91335.0,0.1671,,50,65,58,80,56,1,HOLD,0.04,0,False,live,STOCK,40,NEUTRAL,NYSE
2026-08-30T07:56:23.073775+09:00,2026-08-30,ETN,Eaton Corporation plc,US,산업재,2026-08-28,402.78,1822900,1871100.0,13.8236,156439756800,43,60,70,50,55,1,HOLD,0.15,2,False,live,STOCK,54,NEUTRAL,NYSE
2026-08-30T07:56:23.073775+09:00,2026-08-30,DHR,Danaher Corporation,US,제약/바이오,2026-08-28,216.07,2860000,3351970.0,5.7343,151894196224,88,65,60,58,73,2,WATCH,1.1,13,False,live,STOCK,84,NEUTRAL,NYSE
2026-08-30T07:56:23.073775+09:00,2026-08-30,NOW,"ServiceNow, Inc.",US,IT,2026-08-28,144.71,28982600,18247200.0,6.2257,149610184704,81,60,60,35,66,2,WATCH,0.81,10,False,live,STOCK,84,NEUTRAL,NYSE
2026-08-30T07:56:23.073775+09:00,2026-08-30,TJX,"The TJX Companies, Inc.",US,소비재,2026-08-28,135.12,6800200,6860590.0,3.3013,149267644416,20,60,50,42,35,0,AVOID,-0.77,-9,True,live,STOCK,26,NEUTRAL,NYSE
2026-08-30T07:56:23.073775+09:00,2026-08-30,SONY,Sony Group Corporation,US,IT,2026-08-28,24.85,4811200,4362475.0,0.4936,145467080704,81,60,45,58,64,2,WATCH,0.72,9,False,live,STOCK,75,NEUTRAL,NYSE
2026-08-30T07:56:23.073775+09:00,2026-08-30,UL,Unilever PLC,US,소매,2026-08-28,65.07,4566100,3603575.0,0.9371,140112920576,84,60,58,53,67,2,WATCH,0.92,11,False,live,STOCK,71,NEUTRAL,NYSE
2026-08-30T07:56:23.073775+09:00,2026-08-30,VRTX,Vertex Pharmaceuticals Incorporated,US,제약/바이오,2026-08-28,541.69,886900,1200290.0,13.1621,137297248256,95,65,50,58,67,1,HOLD,0.93,11,False,live,STOCK,61,NEUTRAL,NASDAQ
2026-08-30T07:56:23.073775+09:00,2026-08-30,BMY,Bristol-Myers Squibb Company,US,제약/바이오,2026-08-28,66.58,5542900,10560015.0,1.4857,136003944448,73,65,60,76,72,3,BUY,0.95,11,False,live,STOCK,83,NEUTRAL,NYSE
2026-08-30T07:56:23.073775+09:00,2026-08-30,NEM,Newmont Corporation,US,소재,2026-08-28,127.98,8821100,7845825.0,4.6871,134851543040,84,60,53,76,70,3,BUY,0.95,11,False,live,STOCK,71,NEUTRAL,NYSE
2026-08-30T07:56:23.073775+09:00,2026-08-30,COF,Capital One Financial Corporation,US,금융,2026-08-28,215.67,2537600,2997565.0,4.6917,132310278144,47,60,53,86,58,1,HOLD,0.35,4,False,live,STOCK,55,NEUTRAL,NYSE
2026-08-30T07:56:23.073775+09:00,2026-08-30,ISRG,"Intuitive Surgical, Inc.",US,제약/바이오,2026-08-28,372.6,1801600,2590355.0,10.32,133494398976,25,65,50,50,46,1,HOLD,-0.34,-4,False,live,STOCK,70,NEUTRAL,NASDAQ
2026-08-30T07:56:23.073775+09:00,2026-08-30,PLD,"Prologis, Inc.",US,리츠,2026-08-28,140.7,1862500,4320160.0,1.8393,136773255168,57,60,58,45,52,0,HOLD,0.13,2,False,live,STOCK,41,NEUTRAL,NYSE
2026-08-30T07:56:23.073775+09:00,2026-08-30,CB,Chubb Limited,US,금융,2026-08-28,339.92,1206900,1593140.0,5.2407,131141099520,32,60,60,78,54,1,HOLD,0.11,1,False,live,STOCK,54,NEUTRAL,NYSE
2026-08-30T07:56:23.073775+09:00,2026-08-30,SPGI,S&P Global Inc.,US,금융,2026-08-28,442.89,1288500,1781565.0,9.6157,130563973120,71,60,63,50,58,1,HOLD,0.49,6,False,live,STOCK,40,NEUTRAL,NYSE
2026-08-30T07:56:23.073775+09:00,2026-08-30,LMT,Lockheed Martin Corporation,US,산업재,2026-08-28,563.85,619000,994540.0,13.5957,130131361792,47,60,50,42,48,0,HOLD,0.09,1,False,live,STOCK,55,NEUTRAL,NYSE
2026-08-30T07:56:23.073775+09:00,2026-08-30,MFG,"Mizuho Financial Group, Inc.",US,금융,2026-08-28,10.64,2373400,2822020.0,0.22,129259462656,62,60,58,68,59,0,HOLD,0.48,6,False,live,STOCK,45,NEUTRAL,NYSE
2026-08-30T07:56:23.073775+09:00,2026-08-30,GLW,Corning Inc,US,IT,2026-08-28,148.98,6142100,9629455.0,8.2736,128329629696,40,60,70,35,48,1,HOLD,-0.27,-3,False,live,STOCK,38,NEUTRAL,NYSE
2026-08-30T07:56:23.073775+09:00,2026-08-30,PGR,The Progressive Corporation,US,금융,2026-08-28,218.64,924700,2255485.0,4.7757,127051710464,76,60,53,73,69,3,WATCH,0.87,10,False,live,STOCK,80,NEUTRAL,NYSE
2026-08-30T07:56:23.073775+09:00,2026-08-30,SYK,Stryker Corporation,US,제약/바이오,2026-08-28,330.69,2227700,2238975.0,8.7457,126843772928,44,65,53,58,55,1,HOLD,0.27,3,False,live,STOCK,71,NEUTRAL,NYSE
2026-08-30T07:56:23.073775+09:00,2026-08-30,PH,Parker-Hannifin Corporation,US,산업재,2026-08-28,995.02,576100,686690.0,21.3486,125419757568,43,60,50,45,48,0,HOLD,0.11,1,False,live,STOCK,54,NEUTRAL,NYSE
2026-08-30T07:56:23.073775+09:00,2026-08-30,SBUX,Starbucks Corporation,US,소비재,2026-08-28,107.85,4832200,6115035.0,2.5241,122949001216,91,60,50,43,65,1,HOLD,0.85,10,False,live,STOCK,69,NEUTRAL,NASDAQ
2026-08-30T07:56:23.073775+09:00,2026-08-30,PDD,PDD Holdings Inc.,US,소비재,2026-08-28,85.69,6270800,6276460.0,2.78,121970851840,40,60,60,94,57,1,HOLD,0.04,0,False,live,STOCK,42,NEUTRAL,NASDAQ
2026-08-30T07:56:23.073775+09:00,2026-08-30,FTNT,"Fortinet, Inc.",US,IT,2026-08-28,166.0,5095000,4519875.0,6.3379,121796468736,84,60,65,42,67,1,HOLD,0.91,11,False,live,STOCK,69,NEUTRAL,NASDAQ
2026-08-30T07:56:23.073775+09:00,2026-08-30,BTI,British American Tobacco p.l.c.,US,소매,2026-08-28,56.13,4137600,4231875.0,1.0179,120915320832,50,60,55,60,48,0,HOLD,-0.21,-3,False,live,STOCK,20,NEUTRAL,NYSE
2026-08-30T07:56:23.073775+09:00,2026-08-30,BMO,Bank of Montreal,US,금융,2026-08-28,171.86,1225400,809125.0,3.4571,119811571712,39,60,63,58,53,0,HOLD,0.12,1,False,live,STOCK,54,NEUTRAL,NYSE
2026-08-30T07:56:23.073775+09:00,2026-08-30,PBR,Petróleo Brasileiro S.A. - Petrobras,US,에너지,2026-08-28,18.53,22085100,18371975.0,0.4958,119414112256,87,60,50,73,68,2,WATCH,0.7,8,False,live,STOCK,61,NEUTRAL,NYSE
2026-08-30T07:56:23.073775+09:00,2026-08-30,CVS,CVS Health Corp.,US,제약/바이오,2026-08-28,93.06,3993100,7689820.0,2.0064,119020978176,28,65,70,74,54,2,HOLD,0.01,0,False,live,STOCK,47,NEUTRAL,NYSE
2026-08-30T07:56:23.073775+09:00,2026-08-30,HDB,HDFC Bank Limited,US,금융,2026-08-28,23.08,21841600,8831175.0,0.425,118561955840,50,60,55,52,50,0,HOLD,-0.03,0,False,live,STOCK,41,NEUTRAL,NYSE
2026-08-30T07:56:23.073775+09:00,2026-08-30,MDT,Medtronic plc,US,제약/바이오,2026-08-28,91.23,6466100,6551185.0,1.9336,116772651008,66,65,55,58,63,1,HOLD,0.69,8,False,live,STOCK,77,NEUTRAL,NYSE
2026-08-30T07:56:23.073775+09:00,2026-08-30,LOW,"Lowe's Companies, Inc.",US,소비재,2026-08-28,208.05,2791600,2846125.0,5.3893,116727291904,43,60,60,60,54,0,HOLD,0.09,1,False,live,STOCK,55,NEUTRAL,NYSE
2026-08-30T07:56:23.073775+09:00,2026-08-30,ACN,Accenture plc,US,IT,2026-08-28,189.61,4840700,5371360.0,6.9936,116030341120,77,60,50,68,66,2,WATCH,0.56,7,False,live,STOCK,71,NEUTRAL,NYSE
2026-08-30T07:56:23.073775+09:00,2026-08-30,ADBE,Adobe Inc.,US,IT,2026-08-28,291.52,3649300,4246320.0,10.45,115879198720,81,60,60,76,76,3,BUY,1.0,12,False,live,STOCK,90,NEUTRAL,NASDAQ
2026-08-30T07:56:23.073775+09:00,2026-08-30,ADP,"Automatic Data Processing, Inc.",US,IT,2026-08-28,287.48,1761300,2177860.0,5.7786,114205097984,92,60,50,42,66,2,WATCH,0.95,11,False,live,STOCK,77,NEUTRAL,NASDAQ
2026-08-30T07:56:23.073775+09:00,2026-08-30,MO,"Altria Group, Inc.",US,소매,2026-08-28,68.65,5863500,9361910.0,1.4093,114627919872,72,60,60,68,68,2,WATCH,0.68,8,False,live,STOCK,76,NEUTRAL,NYSE
2026-08-30T07:56:23.073775+09:00,2026-08-30,SNOW,Snowflake Inc.,US,IT,2026-08-28,328.0,3084000,4230530.0,12.1685,113684799488,62,60,60,22,58,1,HOLD,0.61,7,False,live,STOCK,84,NEUTRAL,NYSE
2026-08-30T07:56:23.073775+09:00,2026-08-30,BNS,The Bank of Nova Scotia,US,금융,2026-08-28,92.39,1460800,2229275.0,2.0207,112607698944,91,60,60,60,70,1,HOLD,1.0,12,False,live,STOCK,63,NEUTRAL,NYSE
2026-08-30T07:56:23.073775+09:00,2026-08-30,SPOT,Spotify Technology S.A.,US,인터넷,2026-08-28,547.51,1386500,1986540.0,20.8397,112559415296,84,65,50,42,61,1,HOLD,0.63,8,False,live,STOCK,61,NEUTRAL,NYSE
2026-08-30T07:56:23.073775+09:00,2026-08-30,ABNB,"Airbnb, Inc.",US,소비재,2026-08-28,189.43,4829400,5610565.0,5.2925,113427963904,73,60,50,42,61,2,WATCH,0.7,8,False,live,STOCK,80,NEUTRAL,NASDAQ
2026-08-30T07:56:23.073775+09:00,2026-08-30,BNY,Bank of New York Mellon Corp,US,금융,2026-08-28,162.5,2353600,2319345.0,2.8407,110256922624,69,60,48,50,57,0,HOLD,0.51,6,False,live,STOCK,60,NEUTRAL,NYSE
2026-08-30T07:56:23.073775+09:00,2026-08-30,BP,BP p.l.c.,US,에너지,2026-08-28,42.15,12326100,8688190.0,0.8262,108550684672,43,60,55,74,57,1,HOLD,0.12,1,False,live,STOCK,63,NEUTRAL,NYSE
2026-08-30T07:56:23.073775+09:00,2026-08-30,FCX,Freeport-McMoRan Inc.,US,소재,2026-08-28,76.45,18058100,14381700.0,2.8079,109783539712,91,60,50,53,63,1,HOLD,0.76,9,False,live,STOCK,48,NEUTRAL,NYSE
2026-08-30T07:56:23.073775+09:00,2026-08-30,ENB,Enbridge Inc.,US,에너지,2026-08-28,50.2,5755500,5759620.0,0.8707,109641097216,50,60,60,37,46,0,HOLD,-0.19,-2,False,live,STOCK,29,NEUTRAL,NYSE
2026-08-30T07:56:23.073775+09:00,2026-08-30,MPC,Marathon Petroleum Corporation,US,에너지,2026-08-28,368.83,1918600,2515740.0,10.7384,103576592384,80,60,50,68,71,2,WATCH,0.98,12,False,live,STOCK,93,NEUTRAL,NYSE
2026-08-30T07:56:23.073775+09:00,2026-08-30,SNY,Sanofi,US,제약/바이오,2026-08-28,44.82,1358100,2442970.0,0.63,107394883584,80,65,55,61,58,1,HOLD,0.4,5,False,live,STOCK,26,NEUTRAL,NASDAQ
2026-08-30T07:56:23.073775+09:00,2026-08-30,IBN,ICICI Bank Limited,US,금융,2026-08-28,29.88,5319800,5141620.0,0.4529,107218788352,47,60,53,58,55,0,HOLD,0.35,4,False,live,STOCK,69,NEUTRAL,NYSE
2026-08-30T07:56:23.073775+09:00,2026-08-30,APP,AppLovin Corporation,US,IT,2026-08-28,317.76,6621800,6513670.0,13.3336,106748141568,37,60,60,58,45,0,HOLD,-0.46,-6,False,live,STOCK,20,NEUTRAL,NASDAQ
2026-08-30T07:56:23.073775+09:00,2026-08-30,NET,"Cloudflare, Inc.",US,IT,2026-08-28,299.84,2546000,4067425.0,15.9699,106766942208,62,60,50,27,53,1,HOLD,0.38,5,False,live,STOCK,72,NEUTRAL,NYSE
2026-08-30T07:56:23.073775+09:00,2026-08-30,HWM,Howmet Aerospace Inc.,US,산업재,2026-08-28,264.85,1650600,2112990.0,7.6679,105622552576,43,60,63,50,46,0,HOLD,-0.13,-2,False,live,STOCK,19,NEUTRAL,NYSE
2026-08-30T07:56:23.073775+09:00,2026-08-30,CM,Canadian Imperial Bank of Commerce,US,금융,2026-08-28,114.33,1347100,1062320.0,2.7529,103804256256,47,60,55,60,52,0,HOLD,0.15,2,False,live,STOCK,48,NEUTRAL,NYSE
2026-08-30T07:56:23.073775+09:00,2026-08-30,SOJE,Southern Company (The) Series 2,US,유틸리티,2026-08-28,16.01,27500,48155.0,0.1729,,47,60,48,50,46,0,HOLD,-0.18,-2,False,live,STOCK,40,NEUTRAL,NYSE
2026-08-30T07:56:23.073775+09:00,2026-08-30,SOMN,The Southern Company,US,유틸리티,2026-08-28,47.76,9000,105875.0,0.5332,,28,60,45,50,40,0,AVOID,-0.47,-6,True,live,STOCK,42,NEUTRAL,NYSE
2026-08-30T07:56:23.073775+09:00,2026-08-30,MCK,McKesson Corporation,US,제약/바이오,2026-08-28,893.39,606000,1012390.0,22.6028,104160665600,81,65,56,66,61,1,HOLD,0.63,8,False,live,STOCK,32,NEUTRAL,NYSE
2026-08-30T07:56:23.073775+09:00,2026-08-30,AEM,Agnico Eagle Mines Limited,US,소재,2026-08-28,206.25,3734700,3599775.0,8.4929,104437751808,84,60,55,45,68,2,WATCH,0.97,12,False,live,STOCK,87,NEUTRAL,NYSE
2026-08-30T07:56:23.073775+09:00,2026-08-30,DASH,"DoorDash, Inc.",US,인터넷,2026-08-28,236.74,2999900,4588850.0,7.6126,102578962432,77,65,50,38,63,2,WATCH,0.79,9,False,live,STOCK,86,NEUTRAL,NASDAQ
2026-08-30T07:56:23.073775+09:00,2026-08-30,EQIX,"Equinix, Inc.",US,리츠,2026-08-28,1044.41,477100,570550.0,32.4514,103053697024,43,60,48,30,43,0,AVOID,-0.2,-2,True,live,STOCK,49,NEUTRAL,NASDAQ
2026-08-30T07:56:23.073775+09:00,2026-08-30,CME,CME Group Inc.,US,금융,2026-08-28,285.8,2981900,1805065.0,5.8036,102767747072,71,60,65,45,65,2,WATCH,0.76,9,False,live,STOCK,75,NEUTRAL,NASDAQ
2026-08-30T07:56:23.073775+09:00,2026-08-30,GD,General Dynamics Corporation,US,산업재,2026-08-28,379.32,624400,794780.0,5.8757,102627753984,47,60,53,50,50,0,HOLD,0.17,2,False,live,STOCK,52,NEUTRAL,NYSE
2026-08-30T07:56:23.073775+09:00,2026-08-30,CNQ,Canadian Natural Resources Limited,US,에너지,2026-08-28,48.99,7695200,6088380.0,1.0493,100992892928,69,60,53,63,63,0,HOLD,0.58,7,False,live,STOCK,69,NEUTRAL,NYSE
2026-08-30T07:56:23.073775+09:00,2026-08-30,GSK,GSK plc,US,제약/바이오,2026-08-28,50.82,3432100,3095980.0,1.0437,101782585344,28,65,45,63,47,0,HOLD,-0.18,-2,False,live,STOCK,62,NEUTRAL,NYSE
2026-08-30T07:56:23.073775+09:00,2026-08-30,SO,The Southern Company,US,유틸리티,2026-08-28,88.25,6346400,5755430.0,1.2588,101519532032,28,60,53,42,45,0,HOLD,-0.22,-3,False,live,STOCK,62,NEUTRAL,NYSE
2026-08-30T07:56:23.073775+09:00,2026-08-30,VLO,Valero Energy Corporation,US,에너지,2026-08-28,352.36,1848500,2453160.0,9.905,101454110720,63,60,60,71,68,2,WATCH,0.8,10,False,live,STOCK,84,NEUTRAL,NYSE
2026-08-30T07:56:23.073775+09:00,2026-08-30,ING,ING Groep N.V.,US,금융,2026-08-28,35.24,1129000,2042130.0,0.405,100534042624,62,60,50,60,57,0,HOLD,0.44,5,False,live,STOCK,55,NEUTRAL,NYSE
2026-08-30T07:56:23.073775+09:00,2026-08-30,SMFG,"Sumitomo Mitsui Financial Group, Inc.",US,금융,2026-08-28,25.92,1481100,1348650.0,0.4736,164138844160,69,60,50,60,59,0,HOLD,0.56,7,False,live,STOCK,58,NEUTRAL,NYSE
2026-08-30T07:56:23.073775+09:00,2026-08-30,MELI,"MercadoLibre, Inc.",US,소비재,2026-08-28,1966.25,338200,497580.0,72.3357,99682582528,84,60,65,42,68,2,WATCH,0.98,12,False,live,STOCK,77,NEUTRAL,NASDAQ
2026-08-30T07:56:23.073775+09:00,2026-08-30,CEG,Constellation Energy Corporation,US,유틸리티,2026-08-28,276.75,1771800,2592490.0,8.1763,98054569984,80,60,63,45,62,1,HOLD,0.58,7,False,live,STOCK,48,NEUTRAL,NASDAQ
2026-08-30T07:56:23.073775+09:00,2026-08-30,VRT,Vertiv Holdings Co,US,산업재,2026-08-28,257.08,3840500,4558775.0,13.1537,98972753920,21,60,60,35,38,0,AVOID,-0.65,-8,True,live,STOCK,36,NEUTRAL,NYSE
2026-08-30T07:56:23.073775+09:00,2026-08-30,EQNR,Equinor ASA,US,에너지,2026-08-28,41.39,1781000,2680195.0,0.8257,98233614336,69,60,55,78,61,1,HOLD,0.51,6,False,live,STOCK,40,NEUTRAL,NYSE
2026-08-30T07:56:23.073775+09:00,2026-08-30,TT,Trane Technologies plc,US,산업재,2026-08-28,448.96,728100,944370.0,10.3029,98781609984,28,60,63,50,44,0,AVOID,-0.27,-3,True,live,STOCK,36,NEUTRAL,NYSE
2026-08-30T07:56:23.073775+09:00,2026-08-30,INTU,Intuit Inc.,US,IT,2026-08-28,358.06,4120100,4096040.0,15.7086,97942650880,58,60,60,74,67,2,WATCH,0.56,7,False,live,STOCK,84,NEUTRAL,NASDAQ
2026-08-30T07:56:23.073775+09:00,2026-08-30,PSX,Phillips 66,US,에너지,2026-08-28,244.01,1728500,2747055.0,6.8914,97832148992,58,60,50,60,62,1,HOLD,0.61,7,False,live,STOCK,87,NEUTRAL,NYSE
2026-08-30T07:56:23.073775+09:00,2026-08-30,KKR,KKR & Co. Inc.,US,금융,2026-08-28,108.68,2424200,4734955.0,3.9757,100375822336,62,60,58,66,62,0,HOLD,0.59,7,False,live,STOCK,63,NEUTRAL,NYSE
2026-08-30T07:56:23.073775+09:00,2026-08-30,USB,U.S. Bancorp,US,금융,2026-08-28,62.47,6256100,6045415.0,0.9986,97331478528,44,60,73,60,62,2,WATCH,0.57,7,False,live,STOCK,75,NEUTRAL,NYSE
2026-08-30T07:56:23.073775+09:00,2026-08-30,PNC,"The PNC Financial Services Group, Inc.",US,금융,2026-08-28,242.22,1376300,1450260.0,4.3036,96632135680,47,60,63,60,59,0,HOLD,0.44,5,False,live,STOCK,69,NEUTRAL,NYSE
2026-08-30T07:56:23.073775+09:00,2026-08-30,CMCSA,Comcast Corporation,US,인터넷,2026-08-28,27.06,20586700,22555105.0,0.6114,96026107904,84,65,52,73,73,3,BUY,0.96,12,False,live,STOCK,87,NEUTRAL,NASDAQ
2026-08-30T07:56:23.073775+09:00,2026-08-30,CSX,CSX Corporation,US,산업재,2026-08-28,51.28,6722200,9260370.0,0.8543,94994907136,91,60,45,58,65,1,HOLD,0.78,9,False,live,STOCK,61,NEUTRAL,NASDAQ
2026-08-30T07:56:23.073775+09:00,2026-08-30,DUK,Duke Energy Corporation,US,유틸리티,2026-08-28,120.25,2703000,4592220.0,1.757,93759193088,31,60,63,42,50,0,HOLD,-0.04,0,False,live,STOCK,65,NEUTRAL,NYSE
2026-08-30T07:56:23.073775+09:00,2026-08-30,CDNS,"Cadence Design Systems, Inc.",US,IT,2026-08-28,340.39,1795000,2058520.0,9.8686,93741023232,62,60,60,30,49,0,HOLD,-0.12,-1,False,live,STOCK,33,NEUTRAL,NASDAQ
2026-08-30T07:56:23.073775+09:00,2026-08-30,HOOD,"Robinhood Markets, Inc.",US,금융,2026-08-28,104.26,16236400,18466205.0,6.0214,93738319872,76,60,60,42,60,1,HOLD,0.67,8,False,live,STOCK,55,NEUTRAL,NASDAQ
2026-08-30T07:56:23.073775+09:00,2026-08-30,BNH,Brookfield Finance Inc.,US,금융,2026-08-28,14.88,27100,17620.0,0.0961,,28,60,55,50,43,0,AVOID,-0.36,-4,True,live,STOCK,40,NEUTRAL,NYSE
2026-08-30T07:56:23.073775+09:00,2026-08-30,BNJ,Brookfield Finance Inc. 4.50% P,US,금융,2026-08-28,15.02,8200,15185.0,0.1059,,46,60,55,50,48,0,HOLD,-0.04,0,False,live,STOCK,40,NEUTRAL,NYSE
2026-08-30T07:56:23.073775+09:00,2026-08-30,BN,Brookfield Corporation,US,금융,2026-08-28,41.33,3660200,4152305.0,0.9221,92263088128,35,60,50,35,45,0,HOLD,-0.29,-3,False,live,STOCK,62,NEUTRAL,NYSE
2026-08-30T07:56:23.073775+09:00,2026-08-30,MRSH,"Marsh & McLennan Companies, Inc.",US,금융,2026-08-28,192.64,1446800,1888080.0,3.7686,91929976832,62,60,32,66,52,0,HOLD,0.27,3,False,live,STOCK,55,NEUTRAL,NYSE
2026-08-30T07:56:23.073775+09:00,2026-08-30,MNST,Monster Beverage Corporation,US,소매,2026-08-28,46.86,5279500,9071385.0,4.2564,91801165824,29,60,70,34,52,2,HOLD,-0.16,-2,False,live,STOCK,76,NEUTRAL,NASDAQ
2026-08-30T07:56:23.073775+09:00,2026-08-30,MAR,"Marriott International, Inc.",US,소비재,2026-08-28,351.08,1011200,1750860.0,6.2497,91549827072,57,60,60,58,52,0,HOLD,-0.03,0,False,live,STOCK,26,NEUTRAL,NASDAQ
2026-08-30T07:56:23.073775+09:00,2026-08-30,ICE,"Intercontinental Exchange, Inc.",US,금융,2026-08-28,162.33,3000900,3416255.0,2.9621,91131166720,69,60,53,50,63,1,HOLD,0.69,8,False,live,STOCK,83,NEUTRAL,NYSE
2026-08-30T07:56:23.073775+09:00,2026-08-30,PWR,"Quanta Services, Inc.",US,산업재,2026-08-28,602.7,882500,1072135.0,26.0614,90611965952,28,60,68,35,41,0,AVOID,-0.5,-6,True,live,STOCK,26,NEUTRAL,NYSE
2026-08-30T07:56:23.073775+09:00,2026-08-30,BCS,Barclays PLC,US,금융,2026-08-28,26.86,2778900,2635975.0,0.3736,90221789184,44,60,50,78,53,1,HOLD,0.12,1,False,live,STOCK,45,NEUTRAL,NYSE
2026-08-30T07:56:23.073775+09:00,2026-08-30,HCA,"HCA Healthcare, Inc.",US,제약/바이오,2026-08-28,417.82,1000900,1172340.0,10.7179,90458660864,77,65,66,60,68,1,HOLD,0.84,10,False,live,STOCK,63,NEUTRAL,NYSE
2026-08-30T07:56:23.073775+09:00,2026-08-30,WMB,"The Williams Companies, Inc.",US,에너지,2026-08-28,73.73,4693100,6386120.0,2.1686,90184146944,76,60,53,42,62,2,WATCH,0.63,8,False,live,STOCK,76,NEUTRAL,NYSE
2026-08-30T07:56:23.073775+09:00,2026-08-30,MMM,3M Company,US,산업재,2026-08-28,174.34,2336400,2635680.0,3.2337,89911050240,39,60,63,58,54,0,HOLD,0.29,3,False,live,STOCK,61,NEUTRAL,NYSE
2026-08-30T07:56:23.073775+09:00,2026-08-30,UPS,"United Parcel Service, Inc.",US,산업재,2026-08-28,105.33,2343400,4621970.0,1.8457,89612820480,72,60,63,66,63,1,HOLD,0.45,5,False,live,STOCK,47,NEUTRAL,NYSE
2026-08-30T07:56:23.073775+09:00,2026-08-30,MCO,Moody's Corporation,US,금융,2026-08-28,514.95,471700,687420.0,10.8626,89179553792,73,60,50,42,59,1,HOLD,0.58,7,False,live,STOCK,69,NEUTRAL,NYSE
2026-08-30T07:56:23.073775+09:00,2026-08-30,WM,"Waste Management, Inc.",US,산업재,2026-08-28,219.66,1962800,1997865.0,3.5371,87801438208,28,60,60,50,40,0,AVOID,-0.37,-4,True,live,STOCK,19,NEUTRAL,NYSE
2026-08-30T07:56:23.073775+09:00,2026-08-30,EMR,Emerson Electric Co.,US,산업재,2026-08-28,155.18,1533800,2692445.0,3.5524,86559399936,47,60,70,58,62,2,WATCH,0.52,6,False,live,STOCK,77,NEUTRAL,NYSE
2026-08-30T07:56:23.073775+09:00,2026-08-30,LYG,Lloyds Banking Group plc,US,금융,2026-08-28,5.92,8337400,11926555.0,0.0871,85739503616,47,60,58,76,51,1,HOLD,0.08,1,False,live,STOCK,22,NEUTRAL,NYSE
2026-08-30T07:56:23.073775+09:00,2026-08-30,ELV,Elevance Health Inc.,US,제약/바이오,2026-08-28,394.43,561300,881990.0,9.2529,85539758080,65,65,85,76,75,3,BUY,0.81,10,False,live,STOCK,73,NEUTRAL,NYSE
2026-08-30T07:56:23.073775+09:00,2026-08-30,SLB,Slb N.V.,US,에너지,2026-08-28,57.33,18116900,9980255.0,1.5179,85085937664,78,60,60,58,64,1,HOLD,0.63,8,False,live,STOCK,55,NEUTRAL,NYSE
2026-08-30T07:56:23.073775+09:00,2026-08-30,SNPS,"Synopsys, Inc.",US,IT,2026-08-28,442.61,2004100,1642600.0,15.295,84820287488,69,60,63,43,57,0,HOLD,0.19,2,False,live,STOCK,43,NEUTRAL,NASDAQ
2026-08-30T07:56:23.073775+09:00,2026-08-30,JCI,Johnson Controls International plc,US,소재,2026-08-28,139.59,2681100,3050515.0,3.7586,84555448320,43,60,50,58,49,0,HOLD,-0.02,0,False,live,STOCK,48,NEUTRAL,NYSE
2026-08-30T07:56:23.073775+09:00,2026-08-30,EPD,Enterprise Products Partners L.P.,US,에너지,2026-08-28,39.02,1048200,2890050.0,0.5764,84262805504,88,60,55,60,70,2,WATCH,0.89,11,False,live,STOCK,77,NEUTRAL,NYSE
2026-08-30T07:56:23.073775+09:00,2026-08-30,DDOG,"Datadog, Inc.",US,IT,2026-08-28,236.98,2519300,5067765.0,12.5682,85093597184,25,60,63,35,43,0,AVOID,-0.47,-6,True,live,STOCK,48,NEUTRAL,NASDAQ
2026-08-30T07:56:23.073775+09:00,2026-08-30,SHW,The Sherwin-Williams Company,US,소재,2026-08-28,344.86,1618500,1669925.0,7.3239,83717570560,47,60,60,50,56,0,HOLD,0.38,5,False,live,STOCK,67,NEUTRAL,NYSE
2026-08-30T07:56:23.073775+09:00,2026-08-30,BAM,Brookfield Asset Management Ltd.,US,금융,2026-08-28,52.12,1183100,2528600.0,1.2891,83248750592,47,60,61,42,53,0,HOLD,0.25,3,False,live,STOCK,63,NEUTRAL,NYSE
2026-08-30T07:56:23.073775+09:00,2026-08-30,ASX,"ASE Technology Holding Co., Ltd.",US,반도체,2026-08-28,37.78,7821700,6956495.0,1.6079,98366472192,65,65,55,37,52,0,HOLD,0.17,2,False,live,STOCK,44,NEUTRAL,NYSE
2026-08-30T07:56:23.073775+09:00,2026-08-30,CP,Canadian Pacific Kansas City Ltd.,US,산업재,2026-08-28,94.12,1378300,2482830.0,1.6957,82738937856,69,60,63,58,67,1,HOLD,0.7,8,False,live,STOCK,77,NEUTRAL,NYSE
2026-08-30T07:56:23.073775+09:00,2026-08-30,ITUB,Itaú Unibanco Holding S.A.,US,금융,2026-08-28,7.5,14861100,21853760.0,0.215,82664038400,47,60,55,70,50,1,HOLD,-0.12,-1,False,live,STOCK,26,NEUTRAL,NYSE
2026-08-30T07:56:23.073775+09:00,2026-08-30,AMT,American Tower Corporation,US,리츠,2026-08-28,176.23,1597100,2103745.0,3.525,82116141056,80,60,60,42,59,1,HOLD,0.39,5,False,live,STOCK,44,NEUTRAL,NYSE
2026-08-30T07:56:23.073775+09:00,2026-08-30,REGN,"Regeneron Pharmaceuticals, Inc.",US,제약/바이오,2026-08-28,794.19,487700,707405.0,18.0385,81765826560,51,65,60,58,60,1,HOLD,0.52,6,False,live,STOCK,75,NEUTRAL,NASDAQ
2026-08-30T07:56:23.073775+09:00,2026-08-30,CTAS,Cintas Corporation,US,산업재,2026-08-28,204.18,1344000,1806100.0,3.5844,81706622976,62,60,58,29,56,0,HOLD,0.51,6,False,live,STOCK,69,NEUTRAL,NASDAQ
2026-08-30T07:56:23.073775+09:00,2026-08-30,CVNA,Carvana Co.,US,소비재,2026-08-28,74.04,4623000,8760820.0,3.6946,82070659072,73,60,58,42,63,2,WATCH,0.62,7,False,live,STOCK,77,NEUTRAL,NYSE
2026-08-30T07:56:23.073775+09:00,2026-08-30,ECL,Ecolab Inc.,US,소재,2026-08-28,286.75,732400,1413685.0,5.4243,80384229376,84,60,55,58,71,2,WATCH,1.03,12,False,live,STOCK,90,NEUTRAL,NYSE
2026-08-30T07:56:23.073775+09:00,2026-08-30,MSI,"Motorola Solutions, Inc.",US,IT,2026-08-28,486.0,504500,1000805.0,10.0229,80429981696,91,60,50,50,60,1,HOLD,0.69,8,False,live,STOCK,38,NEUTRAL,NYSE
2026-08-30T07:56:23.073775+09:00,2026-08-30,ITW,Illinois Tool Works Inc.,US,산업재,2026-08-28,280.1,837000,935255.0,4.74,79772483584,39,60,50,42,47,0,HOLD,0.07,1,False,live,STOCK,58,NEUTRAL,NYSE
2026-08-30T07:56:23.073775+09:00,2026-08-30,NGG,National Grid plc,US,유틸리티,2026-08-28,79.35,729000,732725.0,1.075,79775318016,31,60,55,60,48,0,HOLD,-0.18,-2,False,live,STOCK,52,NEUTRAL,NYSE
2026-08-30T07:56:23.073775+09:00,2026-08-30,MDLZ,"Mondelez International, Inc.",US,소매,2026-08-28,62.36,9165400,7146905.0,1.1643,79590572032,43,60,63,50,51,0,HOLD,0.06,1,False,live,STOCK,48,NEUTRAL,NASDAQ
2026-08-30T07:56:23.073775+09:00,2026-08-30,NTES,"NetEase, Inc.",US,IT,2026-08-28,122.76,519700,844200.0,4.4864,78597111808,25,60,58,68,54,1,HOLD,-0.01,0,False,live,STOCK,77,NEUTRAL,NASDAQ
2026-08-30T07:56:23.073775+09:00,2026-08-30,NSC,Norfolk Southern Corporation,US,산업재,2026-08-28,348.68,980700,1144080.0,5.9114,78316445696,91,60,60,45,65,1,HOLD,0.89,11,False,live,STOCK,54,NEUTRAL,NYSE
2026-08-30T07:56:23.073775+09:00,2026-08-30,FDX,FedEx Corporation,US,산업재,2026-08-28,330.88,956900,1426240.0,8.0836,78309515264,87,60,66,68,66,1,HOLD,0.61,7,False,live,STOCK,34,NEUTRAL,NYSE
2026-08-30T07:56:23.073775+09:00,2026-08-30,GM,General Motors Company,US,소비재,2026-08-28,86.27,7348400,4994070.0,1.965,78027030528,43,60,50,74,53,1,HOLD,0.06,1,False,live,STOCK,52,NEUTRAL,NYSE
2026-08-30T07:56:23.073775+09:00,2026-08-30,CMI,Cummins Inc.,US,산업재,2026-08-28,564.85,767500,942465.0,15.9602,77759774720,20,60,70,58,43,1,AVOID,-0.55,-7,True,live,STOCK,20,NEUTRAL,NYSE
2026-08-30T07:56:23.073775+09:00,2026-08-30,APO,"Apollo Global Management, Inc.",US,금융,2026-08-28,135.04,2243400,3452415.0,4.168,79746949120,62,60,63,58,62,0,HOLD,0.5,6,False,live,STOCK,63,NEUTRAL,NYSE
2026-08-30T07:56:23.073775+09:00,2026-08-30,NOC,Northrop Grumman Corporation,US,산업재,2026-08-28,545.57,392900,641520.0,12.2293,77505323008,43,60,45,55,49,0,HOLD,-0.05,-1,False,live,STOCK,60,NEUTRAL,NYSE
2026-08-30T07:56:23.073775+09:00,2026-08-30,SU,Suncor Energy Inc.,US,에너지,2026-08-28,65.43,7081300,4461535.0,1.535,77256163328,65,60,53,63,54,0,HOLD,0.21,3,False,live,STOCK,32,NEUTRAL,NYSE
2026-08-30T07:56:23.073775+09:00,2026-08-30,TRV,"The Travelers Companies, Inc.",US,금융,2026-08-28,369.9,976900,1608355.0,6.3507,77151903744,51,60,53,78,59,1,HOLD,0.41,5,False,live,STOCK,60,NEUTRAL,NYSE
2026-08-30T07:56:23.073775+09:00,2026-08-30,E,Eni S.p.A.,US,에너지,2026-08-28,52.81,207600,347710.0,0.9186,76082421760,43,60,50,70,54,1,HOLD,0.02,0,False,live,STOCK,60,NEUTRAL,NYSE
2026-08-30T07:56:23.073775+09:00,2026-08-30,B,Barrick Mining Corporation,US,소재,2026-08-28,45.65,15102500,12475925.0,1.5471,75134623744,84,60,50,68,65,1,HOLD,0.68,8,False,live,STOCK,55,NEUTRAL,NYSE
2026-08-30T07:56:23.073775+09:00,2026-08-30,EOG,"EOG Resources, Inc.",US,에너지,2026-08-28,143.35,2688300,2889925.0,3.0071,75191263232,47,60,60,78,61,1,HOLD,0.34,4,False,live,STOCK,65,NEUTRAL,NYSE
2026-08-30T07:56:23.073775+09:00,2026-08-30,CNI,Canadian National Railway Company,US,산업재,2026-08-28,126.01,809400,1145585.0,1.8964,76223447040,47,60,63,50,56,0,HOLD,0.29,3,False,live,STOCK,67,NEUTRAL,NYSE
2026-08-30T07:56:23.073775+09:00,2026-08-30,DB,Deutsche Bank AG,US,금융,2026-08-28,40.36,1850300,1724870.0,0.57,75836440576,82,60,63,80,70,2,WATCH,0.92,11,False,live,STOCK,54,NEUTRAL,NYSE
2026-08-30T07:56:23.073775+09:00,2026-08-30,AON,Aon plc,US,금융,2026-08-28,355.4,669100,814035.0,7.2679,75389378560,62,60,53,45,48,0,HOLD,0.14,2,False,live,STOCK,23,NEUTRAL,NYSE
2026-08-30T07:56:23.073775+09:00,2026-08-30,RCL,Royal Caribbean Cruises Ltd.,US,소비재,2026-08-28,279.41,1107700,1485600.0,7.6729,74728783872,35,60,63,60,46,0,HOLD,-0.27,-3,False,live,STOCK,22,NEUTRAL,NYSE
2026-08-30T07:56:23.073775+09:00,2026-08-30,APOS,"Apollo Global Management, Inc.",US,금융,2026-08-28,25.6,11900,63170.0,0.1739,,65,60,58,50,55,0,HOLD,0.22,3,False,live,STOCK,40,NEUTRAL,NYSE
2026-08-30T07:56:23.073775+09:00,2026-08-30,TGT,Target Corporation,US,소매,2026-08-28,163.18,3643800,4982080.0,5.4069,74131275776,95,60,53,60,74,2,WATCH,1.16,14,False,live,STOCK,87,NEUTRAL,NYSE
2026-08-30T07:56:23.073775+09:00,2026-08-30,RACE,Ferrari N.V.,US,소비재,2026-08-28,420.54,319100,431095.0,7.6086,73916145664,73,60,60,37,62,2,WATCH,0.76,9,False,live,STOCK,75,NEUTRAL,NYSE
2026-08-30T07:56:23.073775+09:00,2026-08-30,CI,Cigna Corporation,US,제약/바이오,2026-08-28,278.88,1602400,1764225.0,5.65,73691389952,65,65,60,94,67,1,HOLD,0.53,6,False,live,STOCK,55,NEUTRAL,NYSE
2026-08-30T07:56:23.073775+09:00,2026-08-30,ORLY,"O'Reilly Automotive, Inc.",US,소비재,2026-08-28,88.5,4704800,4559515.0,1.9421,71593025536,43,60,58,50,51,0,HOLD,0.03,0,False,live,STOCK,52,NEUTRAL,NASDAQ
2026-08-30T07:56:23.073775+09:00,2026-08-30,ET,Energy Transfer LP,US,에너지,2026-08-28,21.31,5037400,9473140.0,0.3371,73376710656,69,60,75,68,69,1,HOLD,0.83,10,False,live,STOCK,61,NEUTRAL,NYSE
2026-08-30T07:56:23.073775+09:00,2026-08-30,ROST,"Ross Stores, Inc.",US,소비재,2026-08-28,228.55,2431500,2772180.0,6.8986,73314516992,35,60,55,42,45,0,HOLD,-0.17,-2,False,live,STOCK,48,NEUTRAL,NASDAQ
2026-08-30T07:56:23.073775+09:00,2026-08-30,CL,Colgate-Palmolive Company,US,소매,2026-08-28,90.75,3016100,4140340.0,1.6514,72343429120,43,60,53,50,51,0,HOLD,0.07,1,False,live,STOCK,63,NEUTRAL,NYSE
2026-08-30T07:56:23.073775+09:00,2026-08-30,HLT,Hilton Worldwide Holdings Inc.,US,소비재,2026-08-28,321.85,1220100,1914795.0,6.7124,72437145600,57,60,60,50,49,0,HOLD,-0.05,-1,False,live,STOCK,20,NEUTRAL,NYSE
2026-08-30T07:56:23.073775+09:00,2026-08-30,WBD,"Warner Bros. Discovery, Inc.",US,인터넷,2026-08-28,28.77,10004800,19144530.0,0.3879,72130322432,69,65,53,38,58,0,HOLD,0.46,6,False,live,STOCK,69,NEUTRAL,NASDAQ
2026-08-30T07:56:23.073775+09:00,2026-08-30,SE,Sea Limited,US,소비재,2026-08-28,119.36,5100300,4844800.0,5.2864,73106153472,66,60,50,50,63,1,HOLD,0.73,9,False,live,STOCK,93,NEUTRAL,NYSE
2026-08-30T07:56:23.073775+09:00,2026-08-30,MFC,Manulife Financial Corporation,US,금융,2026-08-28,42.76,1909700,3035900.0,0.6727,71062913024,44,60,58,76,56,1,HOLD,0.29,3,False,live,STOCK,51,NEUTRAL,NYSE
2026-08-30T07:56:23.073775+09:00,2026-08-30,KMI,"Kinder Morgan, Inc.",US,에너지,2026-08-28,31.56,5500700,10180150.0,0.8043,70277873664,28,60,53,45,47,0,HOLD,-0.12,-1,False,live,STOCK,69,NEUTRAL,NYSE
2026-08-30T07:56:23.073775+09:00,2026-08-30,SATA,Strive Inc. Perp. Pfd. Series A,US,금융,2026-08-28,99.75,386600,222020.0,0.3945,,50,60,58,42,56,1,HOLD,0.29,3,False,live,STOCK,78,NEUTRAL,NASDAQ
2026-08-30T07:56:23.073775+09:00,2026-08-30,LITE,Lumentum Holdings Inc.,US,IT,2026-08-28,895.0,3442100,4999965.0,74.5826,80281501696,87,60,50,50,65,1,HOLD,0.64,8,False,live,STOCK,69,NEUTRAL,NASDAQ
2026-08-30T07:56:23.073775+09:00,2026-08-30,WPM,Wheaton Precious Metals Corp.,US,소재,2026-08-28,153.33,2529900,2485610.0,6.0537,69636349952,84,60,60,50,71,2,WATCH,1.04,12,False,live,STOCK,87,NEUTRAL,NYSE
2026-08-30T07:56:23.073775+09:00,2026-08-30,BSX,Boston Scientific Corporation,US,제약/바이오,2026-08-28,46.84,17145900,19445295.0,1.6714,67881914368,43,65,75,66,61,1,HOLD,0.28,3,False,live,STOCK,63,NEUTRAL,NYSE
2026-08-30T07:56:23.073775+09:00,2026-08-30,SPG,"Simon Property Group, Inc.",US,리츠,2026-08-28,214.56,852700,1252540.0,3.1057,81452015616,32,60,72,47,51,1,HOLD,0.07,1,False,live,STOCK,51,NEUTRAL,NYSE
2026-08-30T07:56:23.073775+09:00,2026-08-30,AMX,"América Móvil, S.A.B. de C.V.",US,인터넷,2026-08-28,23.18,1607000,3090530.0,0.4307,69438816256,50,65,55,76,54,1,HOLD,-0.05,-1,False,live,STOCK,35,NEUTRAL,NYSE
2026-08-30T07:56:23.073775+09:00,2026-08-30,NU,Nu Holdings Ltd.,US,금융,2026-08-28,14.3,79130400,66795485.0,0.7235,69078851584,69,60,45,66,57,0,HOLD,0.39,5,False,live,STOCK,48,NEUTRAL,NYSE
2026-08-30T07:56:23.073775+09:00,2026-08-30,HPE,Hewlett Packard Enterprise Company,US,IT,2026-08-28,52.31,13882800,15318095.0,2.6975,69269086208,47,60,78,66,61,1,HOLD,0.48,6,False,live,STOCK,52,NEUTRAL,NYSE
2026-08-30T07:56:23.073775+09:00,2026-08-30,HON,Honeywell International Inc.,US,산업재,2026-08-28,217.43,2109000,2939515.0,5.2001,68912259072,17,60,52,65,45,0,HOLD,-0.49,-6,False,live,STOCK,58,NEUTRAL,NASDAQ
2026-08-30T07:56:23.073775+09:00,2026-08-30,AJG,Arthur J. Gallagher & Co.,US,금융,2026-08-28,267.56,1151300,1285690.0,7.7029,68586594304,95,60,63,58,74,2,WATCH,1.18,14,False,live,STOCK,77,NEUTRAL,NYSE
2026-08-30T07:56:23.073775+09:00,2026-08-30,DLR,"Digital Realty Trust, Inc.",US,리츠,2026-08-28,185.47,1699500,1881730.0,4.9543,70045286400,46,60,66,46,53,0,HOLD,0.12,1,False,live,STOCK,52,NEUTRAL,NYSE
2026-08-30T07:56:23.073775+09:00,2026-08-30,APD,"Air Products and Chemicals, Inc.",US,소재,2026-08-28,308.09,1044700,935215.0,5.7729,68607184896,84,60,60,42,67,2,WATCH,0.9,11,False,live,STOCK,78,NEUTRAL,NYSE
2026-08-30T07:56:23.073775+09:00,2026-08-30,RSG,"Republic Services, Inc.",US,산업재,2026-08-28,222.11,1401700,1400410.0,3.5286,68012965888,91,60,67,45,63,1,HOLD,0.75,9,False,live,STOCK,32,NEUTRAL,NYSE
2026-08-30T07:56:23.073775+09:00,2026-08-30,ALL,The Allstate Corporation,US,금융,2026-08-28,260.58,970800,1694930.0,5.5993,65889722368,51,60,53,73,55,1,HOLD,0.31,4,False,live,STOCK,48,NEUTRAL,NYSE
2026-08-30T07:56:23.073775+09:00,2026-08-30,AEP,"American Electric Power Company, Inc.",US,유틸리티,2026-08-28,122.31,2607800,3559620.0,2.0064,66585243648,31,60,60,42,44,0,AVOID,-0.24,-3,True,live,STOCK,44,NEUTRAL,NASDAQ
2026-08-30T07:56:23.073775+09:00,2026-08-30,TDG,TransDigm Group Incorporated,US,산업재,2026-08-28,1185.97,192500,452790.0,25.4886,65556295680,28,60,56,53,42,0,AVOID,-0.41,-5,True,live,STOCK,33,NEUTRAL,NYSE
2026-08-30T07:56:23.073775+09:00,2026-08-30,PCAR,PACCAR Inc,US,산업재,2026-08-28,125.34,1841600,2955490.0,2.7239,65974583296,47,60,45,58,44,0,AVOID,-0.04,0,True,live,STOCK,25,NEUTRAL,NASDAQ
2026-08-30T07:56:23.073775+09:00,2026-08-30,TRP,TC Energy Corporation,US,에너지,2026-08-28,61.86,1079600,2123185.0,1.4129,64443703296,31,60,50,45,40,0,AVOID,-0.48,-6,True,live,STOCK,32,NEUTRAL,NYSE
2026-08-30T07:56:23.073775+09:00,2026-08-30,URI,"United Rentals, Inc.",US,산업재,2026-08-28,1030.25,547100,431000.0,31.4705,64125321216,35,60,70,58,54,1,HOLD,0.1,1,False,live,STOCK,54,NEUTRAL,NYSE
2026-08-30T07:56:23.073775+09:00,2026-08-30,VALE,Vale S.A.,US,소재,2026-08-28,15.03,36728400,25909965.0,0.4038,63964110848,80,60,62,74,65,2,WATCH,0.48,6,False,live,STOCK,39,NEUTRAL,NYSE
2026-08-30T07:56:23.073775+09:00,2026-08-30,CRH,CRH plc,US,소재,2026-08-28,95.86,3341700,4314585.0,2.3949,63774171136,47,60,55,60,55,0,HOLD,-0.0,0,False,live,STOCK,62,NEUTRAL,NYSE
2026-08-30T07:56:23.073775+09:00,2026-08-30,RELX,RELX Plc,US,산업재,2026-08-28,36.54,1246200,2109880.0,0.8743,63640498176,84,60,55,50,68,2,WATCH,0.85,10,False,live,STOCK,83,NEUTRAL,NYSE
2026-08-30T07:56:23.073775+09:00,2026-08-30,ARGX,argenx SE,US,제약/바이오,2026-08-28,1023.21,175500,309170.0,36.5391,63631151104,85,65,55,42,60,1,HOLD,0.7,8,False,live,STOCK,48,NEUTRAL,NASDAQ
2026-08-30T07:56:23.073775+09:00,2026-08-30,TFC,Truist Financial Corporation,US,금융,2026-08-28,50.43,4618600,5841305.0,0.8536,61606612992,47,60,66,70,61,1,HOLD,0.41,5,False,live,STOCK,64,NEUTRAL,NYSE
2026-08-30T07:56:23.073775+09:00,2026-08-30,COR,"Cencora, Inc.",US,제약/바이오,2026-08-28,322.03,628800,1456890.0,8.2507,61452070912,59,65,68,58,62,0,HOLD,0.63,8,False,live,STOCK,63,NEUTRAL,NYSE
2026-08-30T07:56:23.073775+09:00,2026-08-30,MET,"MetLife, Inc.",US,금융,2026-08-28,96.51,2878200,3202565.0,1.515,61329879040,62,60,73,58,64,1,HOLD,0.71,9,False,live,STOCK,61,NEUTRAL,NYSE
2026-08-30T07:56:23.073775+09:00,2026-08-30,BE,Bloom Energy Corporation,US,산업재,2026-08-28,210.77,11376800,12760975.0,17.5243,62077534208,40,60,55,43,42,0,AVOID,-0.48,-6,True,live,STOCK,26,NEUTRAL,NYSE
2026-08-30T07:56:23.073775+09:00,2026-08-30,BKR,Baker Hughes Company,US,에너지,2026-08-28,62.41,5705600,6177950.0,1.4436,61952786432,40,60,50,58,51,0,HOLD,-0.03,0,False,live,STOCK,63,NEUTRAL,NASDAQ
2026-08-30T07:56:23.073775+09:00,2026-08-30,TRGP,Targa Resources Corp.,US,에너지,2026-08-28,287.82,806200,1289925.0,8.855,61717540864,91,60,53,42,60,1,HOLD,0.66,8,False,live,STOCK,40,NEUTRAL,NYSE
2026-08-30T07:56:23.073775+09:00,2026-08-30,MPWR,"Monolithic Power Systems, Inc.",US,반도체,2026-08-28,1256.26,706200,645105.0,54.6778,61736386560,18,65,50,35,33,0,AVOID,-0.85,-10,True,live,STOCK,29,NEUTRAL,NASDAQ
2026-08-30T07:56:23.073775+09:00,2026-08-30,GWW,"W.W. Grainger, Inc.",US,산업재,2026-08-28,1306.3,150200,247795.0,23.0657,61527965696,54,60,60,50,52,0,HOLD,0.17,2,False,live,STOCK,41,NEUTRAL,NYSE
2026-08-30T07:56:23.073775+09:00,2026-08-30,MPLX,MPLX Lp,US,에너지,2026-08-28,59.25,675800,1299490.0,0.8971,60071100416,62,60,55,55,54,0,HOLD,0.3,4,False,live,STOCK,40,NEUTRAL,NYSE
2026-08-30T07:56:23.073775+09:00,2026-08-30,OKE,"ONEOK, Inc.",US,에너지,2026-08-28,94.76,2606000,3613345.0,2.1821,59733831680,91,60,55,60,66,1,HOLD,0.83,10,False,live,STOCK,49,NEUTRAL,NYSE
2026-08-30T07:56:23.073775+09:00,2026-08-30,AFL,Aflac Incorporated,US,금융,2026-08-28,116.52,2739100,2044450.0,1.8332,58416517120,25,60,50,68,41,0,AVOID,-0.4,-5,True,live,STOCK,25,NEUTRAL,NYSE
2026-08-30T07:56:23.073775+09:00,2026-08-30,LNG,"Cheniere Energy, Inc.",US,에너지,2026-08-28,282.33,1301300,1519795.0,6.3564,58310787072,95,60,66,45,74,2,WATCH,1.21,15,False,live,STOCK,83,NEUTRAL,NYSE
2026-08-30T07:56:23.073775+09:00,2026-08-30,OXY,Occidental Petroleum Corporation,US,에너지,2026-08-28,59.1,4429000,7931980.0,1.275,59078565888,58,60,65,76,65,1,HOLD,0.46,6,False,live,STOCK,63,NEUTRAL,NYSE
2026-08-30T07:56:23.073775+09:00,2026-08-30,TEL,TE Connectivity plc,US,반도체,2026-08-28,202.66,1384400,1938750.0,5.7015,58672750592,40,65,63,66,51,0,HOLD,-0.11,-1,False,live,STOCK,34,NEUTRAL,NYSE
2026-08-30T07:56:23.073775+09:00,2026-08-30,NKE,"NIKE, Inc.",US,소비재,2026-08-28,39.6,28392600,27492595.0,1.1421,58746548224,25,60,50,50,38,0,AVOID,-0.69,-8,True,live,STOCK,27,NEUTRAL,NYSE
2026-08-30T07:56:23.073775+09:00,2026-08-30,PSA,Public Storage,US,리츠,2026-08-28,313.51,533700,709770.0,5.1043,58546659328,47,60,63,37,52,0,HOLD,0.21,3,False,live,STOCK,60,NEUTRAL,NYSE
2026-08-30T07:56:23.073775+09:00,2026-08-30,CVE,Cenovus Energy Inc.,US,에너지,2026-08-28,31.58,4954700,6900355.0,0.9407,58241257472,69,60,53,68,58,0,HOLD,0.46,6,False,live,STOCK,40,NEUTRAL,NYSE
2026-08-30T07:56:23.073775+09:00,2026-08-30,O,Realty Income Corporation,US,리츠,2026-08-28,61.98,3697400,5368650.0,0.7079,58646593536,31,60,63,42,43,0,AVOID,-0.2,-2,True,live,STOCK,34,NEUTRAL,NYSE
2026-08-30T07:56:23.073775+09:00,2026-08-30,D,"Dominion Energy, Inc.",US,유틸리티,2026-08-28,65.55,3320600,3472255.0,0.9507,57652928512,28,60,60,50,48,0,HOLD,-0.12,-1,False,live,STOCK,59,NEUTRAL,NYSE
2026-08-30T07:56:23.073775+09:00,2026-08-30,TAK,Takeda Pharmaceutical Company Limited,US,제약/바이오,2026-08-28,18.03,1805800,2934775.0,0.26,57578860544,91,65,45,66,68,1,HOLD,0.91,11,False,live,STOCK,69,NEUTRAL,NYSE
2026-08-30T07:56:23.073775+09:00,2026-08-30,AU,AngloGold Ashanti plc,US,소재,2026-08-28,113.19,3114800,3018480.0,4.9985,57248022528,88,60,63,84,80,3,STRONG_BUY,1.25,15,True,live,STOCK,87,NEUTRAL,NYSE
2026-08-30T07:56:23.073775+09:00,2026-08-30,FAST,Fastenal Company,US,산업재,2026-08-28,49.78,6041300,6736280.0,0.985,57122430976,44,60,53,29,50,1,HOLD,0.23,3,False,live,STOCK,75,NEUTRAL,NASDAQ
2026-08-30T07:56:23.073775+09:00,2026-08-30,NUE,Nucor Corporation,US,소재,2026-08-28,250.5,930200,1488705.0,9.2921,56832356352,32,60,60,53,50,0,HOLD,-0.06,-1,False,live,STOCK,61,NEUTRAL,NYSE
2026-08-30T07:56:23.073775+09:00,2026-08-30,MT,ArcelorMittal S.A.,US,소재,2026-08-28,74.39,1122300,1399370.0,2.0729,56093163520,62,60,60,58,64,1,HOLD,0.57,7,False,live,STOCK,77,NEUTRAL,NYSE
2026-08-30T07:56:23.073775+09:00,2026-08-30,NXPI,NXP Semiconductors N.V.,US,반도체,2026-08-28,223.58,3312800,3399485.0,5.8607,56378867712,37,65,73,74,55,2,HOLD,-0.14,-2,False,live,STOCK,38,NEUTRAL,NASDAQ
2026-08-30T07:56:23.073775+09:00,2026-08-30,CTVA,"Corteva, Inc.",US,소재,2026-08-28,83.9,3130200,4657490.0,2.0057,55977746432,58,60,58,50,58,0,HOLD,0.42,5,False,live,STOCK,67,NEUTRAL,NYSE
2026-08-30T07:56:23.073775+09:00,2026-08-30,FANG,"Diamondback Energy, Inc.",US,에너지,2026-08-28,197.67,2128100,1787590.0,5.2606,55351508992,43,60,50,61,47,0,HOLD,-0.17,-2,False,live,STOCK,34,NEUTRAL,NASDAQ
2026-08-30T07:56:23.073775+09:00,2026-08-30,NDAQ,"Nasdaq, Inc.",US,금융,2026-08-28,99.31,2528900,2641215.0,1.7286,55512039424,81,60,45,58,62,1,HOLD,0.58,7,False,live,STOCK,61,NEUTRAL,NASDAQ
2026-08-30T07:56:23.073775+09:00,2026-08-30,TER,"Teradyne, Inc.",US,반도체,2026-08-28,354.97,2388700,2636295.0,23.0771,55496278016,46,65,45,50,48,0,HOLD,-0.15,-2,False,live,STOCK,52,NEUTRAL,NASDAQ
2026-08-30T07:56:23.073775+09:00,2026-08-30,F,Ford Motor Company,US,소비재,2026-08-28,13.88,40211700,40587765.0,0.3907,55347830784,33,60,68,57,55,0,HOLD,-0.12,-1,False,live,STOCK,65,NEUTRAL,NYSE
2026-08-30T07:56:23.073775+09:00,2026-08-30,NOK,Nokia Oyj,US,IT,2026-08-28,10.21,59820000,70210160.0,0.4771,57162162176,62,60,55,43,51,0,HOLD,-0.1,-1,False,live,STOCK,36,NEUTRAL,NYSE
2026-08-30T07:56:23.073775+09:00,2026-08-30,SRE,Sempra,US,유틸리티,2026-08-28,84.31,4959500,4112655.0,1.9721,55130337280,50,60,58,58,49,0,HOLD,-0.09,-1,False,live,STOCK,26,NEUTRAL,NYSE
2026-08-30T07:56:23.073775+09:00,2026-08-30,ADSK,"Autodesk, Inc.",US,IT,2026-08-28,260.66,3437900,1887495.0,10.2936,55037120512,77,60,75,66,77,3,BUY,1.04,12,False,live,STOCK,90,NEUTRAL,NASDAQ
2026-08-30T07:56:23.073775+09:00,2026-08-30,GRMN,Garmin Ltd.,US,IT,2026-08-28,285.19,781100,841295.0,6.5079,54999617536,43,60,53,45,49,0,HOLD,0.14,2,False,live,STOCK,54,NEUTRAL,NYSE
2026-08-30T07:56:23.073775+09:00,2026-08-30,CAH,"Cardinal Health, Inc.",US,제약/바이오,2026-08-28,234.55,1779200,1869665.0,6.305,54550638592,51,65,53,66,55,0,HOLD,0.34,4,False,live,STOCK,55,NEUTRAL,NYSE
2026-08-30T07:56:23.073775+09:00,2026-08-30,MRNA,"Moderna, Inc.",US,제약/바이오,2026-08-28,137.99,25766100,30347950.0,19.8191,55090565120,95,65,50,50,72,2,WATCH,1.13,14,False,live,STOCK,93,NEUTRAL,NASDAQ
2026-08-30T07:56:23.073775+09:00,2026-08-30,KEYS,"Keysight Technologies, Inc.",US,IT,2026-08-28,319.97,2195500,1450450.0,12.8591,54490890240,43,60,53,50,45,0,HOLD,-0.23,-3,False,live,STOCK,33,NEUTRAL,NYSE
2026-08-30T07:56:23.073775+09:00,2026-08-30,COHR,"Coherent, Inc.",US,IT,2026-08-28,279.2,5220300,7606385.0,24.8414,54676365312,18,60,55,43,44,0,AVOID,-0.49,-6,True,live,STOCK,68,NEUTRAL,NYSE
2026-08-30T07:56:23.073775+09:00,2026-08-30,AME,"AMETEK, Inc.",US,산업재,2026-08-28,236.25,1746300,1358240.0,5.1779,54162968576,39,60,63,53,51,0,HOLD,0.08,1,False,live,STOCK,51,NEUTRAL,NYSE
2026-08-30T07:56:23.073775+09:00,2026-08-30,WDAY,"Workday, Inc.",US,IT,2026-08-28,204.72,8668700,4968875.0,11.645,49337520128,66,60,45,74,62,2,WATCH,0.61,7,False,live,STOCK,72,NEUTRAL,NASDAQ
2026-08-30T07:56:23.073775+09:00,2026-08-30,CIEN,Ciena Corporation,US,IT,2026-08-28,378.44,1317800,1899760.0,27.7407,53569290240,21,60,50,43,36,0,AVOID,-0.77,-9,True,live,STOCK,30,NEUTRAL,NYSE
2026-08-30T07:56:23.073775+09:00,2026-08-30,STT,State Street Corporation,US,금융,2026-08-28,193.33,627400,1333095.0,3.7886,53108092928,95,60,63,76,75,2,WATCH,1.13,14,False,live,STOCK,60,NEUTRAL,NYSE
2026-08-30T07:56:23.073775+09:00,2026-08-30,FIX,"Comfort Systems USA, Inc.",US,산업재,2026-08-28,1518.73,357100,390315.0,86.0307,53450682368,18,60,50,58,37,0,AVOID,-0.79,-9,True,live,STOCK,26,NEUTRAL,NYSE
2026-08-30T07:56:23.073775+09:00,2026-08-30,DAL,"Delta Air Lines, Inc.",US,산업재,2026-08-28,80.07,3801200,4574310.0,2.3107,52655878144,20,60,60,84,51,1,HOLD,-0.21,-3,False,live,STOCK,51,NEUTRAL,NYSE
2026-08-30T07:56:23.073775+09:00,2026-08-30,BDX,"Becton, Dickinson and Company",US,제약/바이오,2026-08-28,189.52,1693800,1803720.0,4.005,51622752256,73,65,50,66,68,2,WATCH,0.86,10,False,live,STOCK,90,NEUTRAL,NYSE
2026-08-30T07:56:23.073775+09:00,2026-08-30,DVN,Devon Energy Corporation,US,에너지,2026-08-28,47.35,8783600,10335860.0,1.1843,52084998144,65,60,84,70,67,2,WATCH,0.61,7,False,live,STOCK,40,NEUTRAL,NYSE
2026-08-30T07:56:23.073775+09:00,2026-08-30,EW,Edwards Lifesciences Corporation,US,제약/바이오,2026-08-28,90.21,2043700,2974885.0,1.6729,51997044736,43,65,63,50,51,0,HOLD,0.03,0,False,live,STOCK,45,NEUTRAL,NYSE
2026-08-30T07:56:23.073775+09:00,2026-08-30,DEO,Diageo plc,US,소매,2026-08-28,92.99,486800,1305295.0,1.8621,51693137920,44,60,58,58,58,1,HOLD,0.44,5,False,live,STOCK,80,NEUTRAL,NYSE
2026-08-30T07:56:23.073775+09:00,2026-08-30,FNV,Franco-Nevada Corporation,US,소재,2026-08-28,266.16,1143300,852110.0,8.3186,51335294976,84,60,55,50,68,2,WATCH,0.97,12,False,live,STOCK,84,NEUTRAL,NYSE
2026-08-30T07:56:23.073775+09:00,2026-08-30,AMP,"Ameriprise Financial, Inc.",US,금융,2026-08-28,559.32,271200,377820.0,10.2793,49406533632,51,60,53,68,57,0,HOLD,0.38,5,False,live,STOCK,60,NEUTRAL,NYSE
2026-08-30T07:56:23.073775+09:00,2026-08-30,NBIS,Nebius Group N.V.,US,IT,2026-08-28,209.18,13088800,24732565.0,21.5814,56866676736,40,60,65,58,54,0,HOLD,-0.14,-2,False,live,STOCK,52,NEUTRAL,NASDAQ
2026-08-30T07:56:23.073775+09:00,2026-08-30,TEAM,Atlassian Corporation,US,IT,2026-08-28,190.415,5214600,5555730.0,8.8655,48201424896,80,60,60,42,69,2,WATCH,1.0,12,False,live,STOCK,93,NEUTRAL,NASDAQ
2026-08-30T07:56:23.073775+09:00,2026-08-30,ELC,"Entergy Louisiana, LLC COLLATERAL TR MT",US,유틸리티,2026-08-28,19.8,18800,18510.0,0.1605,,50,60,58,50,50,0,HOLD,-0.01,0,False,live,STOCK,40,NEUTRAL,NYSE
2026-08-30T07:56:23.073775+09:00,2026-08-30,XYZ,"Block, Inc.",US,IT,2026-08-28,83.57,3458100,4799295.0,2.6216,50208440320,91,60,63,43,66,1,HOLD,0.85,10,False,live,STOCK,55,NEUTRAL,NYSE
2026-08-30T07:56:23.073775+09:00,2026-08-30,ALAB,"Astera Labs, Inc. Common Stock",US,반도체,2026-08-28,289.47,2628600,4089900.0,20.1208,50218733568,25,65,65,35,41,0,AVOID,-0.47,-6,True,live,STOCK,36,NEUTRAL,NASDAQ
2026-08-30T07:56:23.073775+09:00,2026-08-30,FITB,Fifth Third Bancorp,US,금융,2026-08-28,54.54,5617800,5025235.0,0.9814,49461919744,24,60,45,58,43,0,AVOID,-0.19,-2,True,live,STOCK,54,NEUTRAL,NYSE
2026-08-30T07:56:23.073775+09:00,2026-08-30,UMC,United Microelectronics Corporation,US,반도체,2026-08-28,19.79,19843100,11579790.0,0.8193,49631514624,72,65,55,66,58,1,HOLD,0.16,2,False,live,STOCK,36,NEUTRAL,NYSE
2026-08-30T07:56:23.073775+09:00,2026-08-30,WAB,Westinghouse Air Brake Technologies Corp,US,산업재,2026-08-28,292.23,477700,865865.0,5.9167,49360818176,50,60,45,58,52,0,HOLD,0.24,3,False,live,STOCK,61,NEUTRAL,NYSE
2026-08-30T07:56:23.073775+09:00,2026-08-30,ETR,Entergy Corporation,US,유틸리티,2026-08-28,105.75,1448300,1990910.0,1.8959,49346281472,50,60,60,50,56,0,HOLD,0.23,3,False,live,STOCK,65,NEUTRAL,NYSE
2026-08-30T07:56:23.073775+09:00,2026-08-30,LHX,"L3Harris Technologies, Inc.",US,산업재,2026-08-28,262.82,1615000,1609020.0,5.9321,48940929024,20,60,63,58,48,0,HOLD,-0.42,-5,False,live,STOCK,55,NEUTRAL,NYSE
2026-08-30T07:56:23.073775+09:00,2026-08-30,INFY,Infosys Limited,US,IT,2026-08-28,12.05,11604300,16934320.0,0.3514,48806109184,43,60,60,60,56,0,HOLD,0.02,0,False,live,STOCK,63,NEUTRAL,NYSE
2026-08-30T07:56:23.073775+09:00,2026-08-30,CMG,"Chipotle Mexican Grill, Inc.",US,소비재,2026-08-28,38.03,12712600,18144355.0,1.1564,48123842560,73,60,63,42,61,1,HOLD,0.71,9,False,live,STOCK,61,NEUTRAL,NYSE
2026-08-30T07:56:23.073775+09:00,2026-08-30,CARR,Carrier Global Corporation,US,산업재,2026-08-28,58.79,6045000,5296055.0,1.4432,48462069760,20,60,73,50,43,1,AVOID,-0.47,-6,True,live,STOCK,26,NEUTRAL,NYSE
2026-08-30T07:56:23.073775+09:00,2026-08-30,AXON,"Axon Enterprise, Inc.",US,산업재,2026-08-28,600.73,526800,910940.0,31.5678,48801751040,51,60,60,35,58,1,HOLD,0.55,7,False,live,STOCK,90,NEUTRAL,NASDAQ
2026-08-30T07:56:23.073775+09:00,2026-08-30,AZO,"AutoZone, Inc.",US,소비재,2026-08-28,2961.96,316200,221395.0,74.645,,28,60,60,50,51,1,HOLD,-0.08,-1,False,live,STOCK,71,NEUTRAL,NYSE
2026-08-30T07:56:23.073775+09:00,2026-08-30,CCEP,Coca-Cola Europacific Partners PLC,US,소매,2026-08-28,109.1,1099300,1723470.0,1.815,48154402816,73,60,60,45,66,2,WATCH,0.85,10,False,live,STOCK,84,NEUTRAL,NASDAQ
2026-08-30T07:56:23.073775+09:00,2026-08-30,ROK,"Rockwell Automation, Inc.",US,산업재,2026-08-28,430.86,566600,839105.0,9.0242,47943491584,28,60,60,42,41,0,AVOID,-0.43,-5,True,live,STOCK,32,NEUTRAL,NYSE
2026-08-30T07:56:23.073775+09:00,2026-08-30,XEL,Xcel Energy Inc.,US,유틸리티,2026-08-28,76.45,4522200,4632760.0,1.2614,47753289728,31,60,58,42,43,0,AVOID,-0.26,-3,True,live,STOCK,41,NEUTRAL,NASDAQ
2026-08-30T07:56:23.073775+09:00,2026-08-30,COIN,"Coinbase Global, Inc.",US,금융,2026-08-28,178.64,9981400,9505455.0,10.78,47131828224,80,60,53,38,61,1,HOLD,0.51,6,False,live,STOCK,69,NEUTRAL,NASDAQ
2026-08-30T07:56:23.073775+09:00,2026-08-30,EBAY,eBay Inc.,US,소비재,2026-08-28,105.62,4277400,4615210.0,2.8045,47000899584,65,60,53,50,58,0,HOLD,0.27,3,False,live,STOCK,62,NEUTRAL,NASDAQ
2026-08-30T07:56:23.073775+09:00,2026-08-30,HEI,HEICO Corporation,US,산업재,2026-08-28,336.53,448300,487005.0,10.3379,47032561664,35,60,60,34,44,0,AVOID,-0.2,-2,True,live,STOCK,42,NEUTRAL,NYSE
2026-08-30T07:56:23.073775+09:00,2026-08-30,ARES,Ares Management Corporation,US,금융,2026-08-28,142.53,1097000,2142290.0,4.5639,47013040128,62,60,60,35,58,1,HOLD,0.53,6,False,live,STOCK,71,NEUTRAL,NYSE
2026-08-30T07:56:23.073775+09:00,2026-08-30,NTRA,"Natera, Inc.",US,제약/바이오,2026-08-28,326.26,833700,1471410.0,10.5121,47028482048,95,65,63,50,76,2,WATCH,1.27,15,False,live,STOCK,93,NEUTRAL,NASDAQ
2026-08-30T07:56:23.073775+09:00,2026-08-30,TRI,Thomson Reuters Corporation,US,산업재,2026-08-28,106.23,1221000,2017375.0,4.0695,46019280896,55,60,50,58,57,0,HOLD,0.41,5,False,live,STOCK,69,NEUTRAL,NASDAQ
2026-08-30T07:56:23.073775+09:00,2026-08-30,HUM,Humana Inc.,US,제약/바이오,2026-08-28,385.54,746500,1096855.0,12.4586,46295760896,69,65,70,58,69,2,WATCH,0.89,11,False,live,STOCK,77,NEUTRAL,NYSE
2026-08-30T07:56:23.073775+09:00,2026-08-30,VST,Vistra Corp.,US,유틸리티,2026-08-28,137.09,3059500,4580670.0,4.4496,46012227584,28,60,66,58,45,0,HOLD,-0.43,-5,False,live,STOCK,26,NEUTRAL,NYSE
2026-08-30T07:56:23.073775+09:00,2026-08-30,CRWV,"CoreWeave, Inc. Class A Common Stock",US,IT,2026-08-28,84.23,17266500,29739640.0,7.5047,46455926784,33,60,60,42,40,0,AVOID,-0.57,-7,True,live,STOCK,20,NEUTRAL,NASDAQ
2026-08-30T07:56:23.073775+09:00,2026-08-30,PYPL,"PayPal Holdings, Inc.",US,금융,2026-08-28,53.66,36302400,11156000.0,1.9568,45904031744,47,60,50,86,63,2,WATCH,0.51,6,False,live,STOCK,83,NEUTRAL,NASDAQ
2026-08-30T07:56:23.073775+09:00,2026-08-30,EXC,Exelon Corporation,US,유틸리티,2026-08-28,43.93,5471800,5825410.0,0.7493,45259055104,31,60,60,52,48,0,HOLD,-0.15,-2,False,live,STOCK,52,NEUTRAL,NASDAQ
2026-08-30T07:56:23.073775+09:00,2026-08-30,PAYX,"Paychex, Inc.",US,산업재,2026-08-28,127.04,1546100,2239685.0,3.0243,45185949696,70,60,50,50,64,2,WATCH,0.76,9,False,live,STOCK,90,NEUTRAL,NASDAQ
2026-08-30T07:56:23.073775+09:00,2026-08-30,VEEV,Veeva Systems Inc.,US,IT,2026-08-28,276.69,3641600,2052615.0,11.455,44798558208,82,60,60,50,69,2,WATCH,0.98,12,False,live,STOCK,83,NEUTRAL,NYSE
2026-08-30T07:56:23.073775+09:00,2026-08-30,VTR,"Ventas, Inc.",US,리츠,2026-08-28,91.81,1916800,2919950.0,1.9621,47093604352,69,60,65,43,65,1,HOLD,0.8,10,False,live,STOCK,83,NEUTRAL,NYSE
2026-08-30T07:56:23.073775+09:00,2026-08-30,HLN,Haleon plc,US,제약/바이오,2026-08-28,10.11,7906700,7666235.0,0.1512,44459909120,91,65,55,50,69,2,WATCH,1.02,12,False,live,STOCK,77,NEUTRAL,NYSE
2026-08-30T07:56:23.073775+09:00,2026-08-30,PCG,PG&E Corporation,US,유틸리티,2026-08-28,16.6,114350800,29760655.0,0.6714,36559294464,46,60,63,68,61,1,HOLD,0.34,4,False,live,STOCK,72,NEUTRAL,NYSE
2026-08-30T07:56:23.073775+09:00,2026-08-30,FERG,Ferguson plc,US,산업재,2026-08-28,228.49,1000700,4384630.0,6.693,44202012672,35,60,63,58,57,1,HOLD,0.18,2,False,live,STOCK,78,NEUTRAL,NYSE
2026-08-30T07:56:23.073775+09:00,2026-08-30,ABEV,Ambev S.A.,US,소매,2026-08-28,2.86,30154100,34333680.0,0.0679,44101193728,50,60,58,68,51,0,HOLD,-0.17,-2,False,live,STOCK,26,NEUTRAL,NYSE
2026-08-30T07:56:23.073775+09:00,2026-08-30,RVMD,"Revolution Medicines, Inc.",US,제약/바이오,2026-08-28,207.88,2005000,1824340.0,8.5833,44556255232,66,65,63,42,65,1,HOLD,0.81,10,False,live,STOCK,90,NEUTRAL,NASDAQ
2026-08-30T07:56:23.073775+09:00,2026-08-30,STM,STMicroelectronics N.V.,US,반도체,2026-08-28,49.38,7345000,7774930.0,1.8343,44049776640,40,65,70,58,49,1,HOLD,-0.29,-3,False,live,STOCK,23,NEUTRAL,NYSE
2026-08-30T07:56:23.073775+09:00,2026-08-30,TTWO,"Take-Two Interactive Software, Inc.",US,IT,2026-08-28,235.39,3706600,2468055.0,8.0686,44013326336,17,60,53,37,33,0,AVOID,-0.6,-7,True,live,STOCK,25,NEUTRAL,NASDAQ
2026-08-30T07:56:23.073775+09:00,2026-08-30,KDP,Keurig Dr Pepper Inc.,US,소매,2026-08-28,32.18,8222600,11336250.0,0.8379,43791380480,76,60,65,66,71,2,WATCH,0.87,10,False,live,STOCK,78,NEUTRAL,NASDAQ
2026-08-30T07:56:23.073775+09:00,2026-08-30,IDXX,"IDEXX Laboratories, Inc.",US,제약/바이오,2026-08-28,554.99,341000,608605.0,14.9322,43722731520,40,65,60,37,48,0,HOLD,-0.08,-1,False,live,STOCK,54,NEUTRAL,NASDAQ
2026-08-30T07:56:23.073775+09:00,2026-08-30,WDS,Woodside Energy Group Ltd,US,에너지,2026-08-28,23.06,336000,495215.0,0.4579,,43,60,55,60,51,0,HOLD,0.03,0,False,live,STOCK,48,NEUTRAL,NYSE
2026-08-30T07:56:23.073775+09:00,2026-08-30,CBRE,"CBRE Group, Inc.",US,리츠,2026-08-28,150.82,1483400,1318590.0,4.125,43673747456,66,60,63,58,62,0,HOLD,0.64,8,False,live,STOCK,58,NEUTRAL,NYSE
2026-08-30T07:56:23.073775+09:00,2026-08-30,SLF,Sun Life Financial Inc.,US,금융,2026-08-28,78.76,436000,1174825.0,1.1487,43846840320,44,60,55,50,53,0,HOLD,0.24,3,False,live,STOCK,66,NEUTRAL,NYSE
2026-08-30T07:56:23.073775+09:00,2026-08-30,KB,KB Financial Group Inc.,US,금융,2026-08-28,124.16,139800,181410.0,2.6,43593334784,92,60,55,78,70,2,WATCH,0.93,11,False,live,STOCK,49,NEUTRAL,NYSE
2026-08-30T07:56:23.073775+09:00,2026-08-30,CCJ,Cameco Corporation,US,에너지,2026-08-28,100.01,4190900,2826320.0,3.9993,43557654528,73,60,60,35,56,1,HOLD,0.2,2,False,live,STOCK,47,NEUTRAL,NYSE
2026-08-30T07:56:23.073775+09:00,2026-08-30,BSBR,Banco Santander (Brasil) S.A.,US,금융,2026-08-28,5.81,2009100,4488310.0,0.1214,43502534656,55,60,48,86,58,1,HOLD,0.28,3,False,live,STOCK,48,NEUTRAL,NYSE
2026-08-30T07:56:23.073775+09:00,2026-08-30,A,"Agilent Technologies, Inc.",US,제약/바이오,2026-08-28,153.84,2966300,2038580.0,4.3671,43377623040,91,65,60,58,75,2,WATCH,1.17,14,False,live,STOCK,90,NEUTRAL,NYSE
2026-08-30T07:56:23.073775+09:00,2026-08-30,CRDO,Credo Technology Group Holding Ltd,US,반도체,2026-08-28,232.75,3518200,4243530.0,18.2035,43741794304,43,65,68,35,50,0,HOLD,0.05,1,False,live,STOCK,46,NEUTRAL,NASDAQ
2026-08-30T07:56:23.073775+09:00,2026-08-30,IX,ORIX Corporation,US,금융,2026-08-28,39.0,394900,314150.0,0.73,42361643008,43,60,55,70,48,1,HOLD,-0.16,-2,False,live,STOCK,22,NEUTRAL,NYSE
2026-08-30T07:56:23.073775+09:00,2026-08-30,IQV,IQVIA Holdings Inc.,US,제약/바이오,2026-08-28,261.75,1842100,1251655.0,7.17,43084050432,80,65,50,58,69,2,WATCH,0.93,11,False,live,STOCK,90,NEUTRAL,NYSE
2026-08-30T07:56:23.073775+09:00,2026-08-30,ROP,"Roper Technologies, Inc.",US,IT,2026-08-28,426.2,560800,698875.0,10.1486,42151550976,85,60,60,68,75,2,WATCH,1.14,14,False,live,STOCK,90,NEUTRAL,NASDAQ
2026-08-30T07:56:23.073775+09:00,2026-08-30,FER,Ferrovial SE,US,산업재,2026-08-28,58.73,1059700,1246970.0,1.1693,42329776128,20,60,55,38,41,0,AVOID,-0.53,-6,True,live,STOCK,55,NEUTRAL,NASDAQ
2026-08-30T07:56:23.073775+09:00,2026-08-30,TEVA,Teva Pharmaceutical Industries Limited,US,제약/바이오,2026-08-28,36.44,3139200,5082780.0,0.9257,42463387648,62,65,50,51,56,0,HOLD,0.33,4,False,live,STOCK,63,NEUTRAL,NYSE
2026-08-30T07:56:23.073775+09:00,2026-08-30,YUM,"Yum! Brands, Inc.",US,소비재,2026-08-28,153.86,1545400,2505505.0,3.9593,41988562944,72,60,53,50,56,1,HOLD,0.33,4,False,live,STOCK,41,NEUTRAL,NYSE
2026-08-30T07:56:23.073775+09:00,2026-08-30,LYV,"Live Nation Entertainment, Inc.",US,인터넷,2026-08-28,181.65,1279100,1796140.0,3.9721,42317090816,47,65,60,22,50,0,HOLD,0.19,2,False,live,STOCK,69,NEUTRAL,NYSE
2026-08-30T07:56:23.073775+09:00,2026-08-30,MSTR,Strategy Inc,US,IT,2026-08-28,127.31,31073800,25185370.0,8.1471,50577928192,70,60,53,62,60,1,HOLD,0.19,2,False,live,STOCK,55,NEUTRAL,NASDAQ
2026-08-30T07:56:23.073775+09:00,2026-08-30,WCN,"Waste Connections, Inc.",US,산업재,2026-08-28,165.93,843500,1065735.0,2.6429,41742884864,32,60,53,50,43,0,AVOID,-0.16,-2,True,live,STOCK,37,NEUTRAL,NYSE
2026-08-30T07:56:23.073775+09:00,2026-08-30,PRU,"Prudential Financial, Inc.",US,금융,2026-08-28,119.79,1248600,1781945.0,2.0274,41327550464,51,60,63,94,68,2,WATCH,0.68,8,False,live,STOCK,75,NEUTRAL,NYSE
2026-08-30T07:56:23.073775+09:00,2026-08-30,MSCI,MSCI Inc.,US,금융,2026-08-28,570.76,270100,601635.0,11.7005,41494253568,72,60,63,50,58,1,HOLD,0.22,3,False,live,STOCK,39,NEUTRAL,NYSE
2026-08-30T07:56:23.073775+09:00,2026-08-30,HMC,"Honda Motor Co., Ltd.",US,소비재,2026-08-28,31.86,692800,1035420.0,0.5607,41343836160,66,60,58,63,61,0,HOLD,0.59,7,False,live,STOCK,55,NEUTRAL,NYSE
2026-08-30T07:56:23.073775+09:00,2026-08-30,ODFL,"Old Dominion Freight Line, Inc.",US,산업재,2026-08-28,198.63,1173800,1460730.0,5.5679,41308741632,28,60,60,50,42,0,AVOID,-0.54,-6,True,live,STOCK,26,NEUTRAL,NASDAQ
2026-08-30T07:56:23.073775+09:00,2026-08-30,DHI,"D.R. Horton, Inc.",US,소비재,2026-08-28,147.39,1462500,1866335.0,4.0064,41225170944,28,60,73,68,52,1,HOLD,-0.06,-1,False,live,STOCK,41,NEUTRAL,NYSE
2026-08-30T07:56:23.073775+09:00,2026-08-30,GFI,Gold Fields Limited,US,소재,2026-08-28,45.96,5897300,3928315.0,1.8921,40945602560,88,60,60,65,71,1,HOLD,1.0,12,False,live,STOCK,66,NEUTRAL,NYSE
2026-08-30T07:56:23.073775+09:00,2026-08-30,FMX,"Fomento Económico Mexicano, S.A.B. de C.",US,소매,2026-08-28,120.12,220900,426715.0,2.3057,40922660864,50,60,60,53,56,0,HOLD,0.24,3,False,live,STOCK,61,NEUTRAL,NYSE
2026-08-30T07:56:23.073775+09:00,2026-08-30,FLEX,Flex Ltd.,US,IT,2026-08-28,110.5,2058600,3042275.0,5.5471,40819027968,18,60,71,58,53,2,HOLD,-0.25,-3,False,live,STOCK,71,NEUTRAL,NASDAQ
2026-08-30T07:56:23.073775+09:00,2026-08-30,AIG,"American International Group, Inc.",US,금융,2026-08-28,76.93,1975100,2906720.0,1.225,40226172928,54,60,55,94,64,1,HOLD,0.41,5,False,live,STOCK,61,NEUTRAL,NYSE
2026-08-30T07:56:23.073775+09:00,2026-08-30,CBRS,Cerebras Systems Inc.,US,반도체,2026-08-28,179.08,5346900,7756490.0,19.8521,42542968832,33,65,68,35,47,0,HOLD,-0.31,-4,False,live,STOCK,49,NEUTRAL,NASDAQ
2026-08-30T07:56:23.073775+09:00,2026-08-30,JD,"JD.com, Inc.",US,소비재,2026-08-28,28.74,4784000,8415800.0,0.7946,38813368320,32,60,63,74,59,2,HOLD,0.15,2,False,live,STOCK,78,NEUTRAL,NASDAQ
2026-08-30T07:56:23.073775+09:00,2026-08-30,PFH,"Prudential Financial, Inc. 4.125% Junior",US,금융,2026-08-28,15.43,21300,32300.0,0.2384,,50,60,58,50,50,0,HOLD,-0.03,0,False,live,STOCK,40,NEUTRAL,NYSE
2026-08-30T07:56:23.073775+09:00,2026-08-30,ED,"Consolidated Edison, Inc.",US,유틸리티,2026-08-28,107.49,1657100,2194420.0,1.6169,39752880128,72,60,65,52,67,2,WATCH,0.72,9,False,live,STOCK,77,NEUTRAL,NYSE
2026-08-30T07:56:23.073775+09:00,2026-08-30,MCHP,Microchip Technology Incorporated,US,반도체,2026-08-28,72.93,11114600,9695440.0,2.6138,39601623040,10,65,73,51,40,1,AVOID,-0.7,-8,True,live,STOCK,24,NEUTRAL,NASDAQ
2026-08-30T07:56:23.073775+09:00,2026-08-30,VIK,Viking Holdings Ltd,US,소비재,2026-08-28,88.5,3061800,3549750.0,4.0369,39527473152,20,60,55,50,37,0,AVOID,-0.61,-7,True,live,STOCK,22,NEUTRAL,NYSE
2026-08-30T07:56:23.073775+09:00,2026-08-30,ADM,Archer-Daniels-Midland Company,US,소매,2026-08-28,81.54,3606300,3773700.0,2.3307,39298985984,72,60,63,58,60,1,HOLD,0.39,5,False,live,STOCK,40,NEUTRAL,NYSE
2026-08-30T07:56:23.073775+09:00,2026-08-30,ONC,BeOne Medicines AG,US,제약/바이오,2026-08-28,366.73,341600,406200.0,8.9128,41485291520,73,65,48,35,60,2,WATCH,0.7,8,False,live,STOCK,86,NEUTRAL,NASDAQ
2026-08-30T07:56:23.073775+09:00,2026-08-30,SYY,Sysco Corporation,US,소매,2026-08-28,81.94,2083100,3298950.0,1.3607,39257128960,47,60,63,50,51,0,HOLD,0.18,2,False,live,STOCK,40,NEUTRAL,NYSE
2026-08-30T07:56:23.073775+09:00,2026-08-30,RKT,"Rocket Companies, Inc.",US,금융,2026-08-28,13.77,23440700,25202760.0,0.6618,38991716352,28,60,63,60,53,0,HOLD,-0.04,0,False,live,STOCK,69,NEUTRAL,NYSE
2026-08-30T07:56:23.073775+09:00,2026-08-30,HIG,"The Hartford Insurance Group, Inc.",US,금융,2026-08-28,138.55,875300,1380830.0,2.3486,37529317376,47,60,58,86,60,1,HOLD,0.33,4,False,live,STOCK,55,NEUTRAL,NYSE
2026-08-30T07:56:23.073775+09:00,2026-08-30,EXPE,"Expedia Group, Inc.",US,소비재,2026-08-28,329.44,969200,1553575.0,11.9553,39540072448,73,60,45,58,61,2,WATCH,0.64,8,False,live,STOCK,70,NEUTRAL,NASDAQ
2026-08-30T07:56:23.073775+09:00,2026-08-30,SHG,"Shinhan Financial Group Co., Ltd.",US,금융,2026-08-28,79.15,153600,164090.0,1.5771,37268914176,92,60,50,75,63,2,WATCH,0.71,9,False,live,STOCK,26,NEUTRAL,NYSE
2026-08-30T07:56:23.073775+09:00,2026-08-30,EL,The Estée Lauder Companies Inc.,US,소매,2026-08-28,103.39,3121700,3670810.0,3.7907,37406351360,78,60,66,35,62,1,HOLD,0.76,9,False,live,STOCK,58,NEUTRAL,NYSE
2026-08-30T07:56:23.073775+09:00,2026-08-30,RKLB,"Rocket Lab USA, Inc.",US,산업재,2026-08-28,64.39,18496000,17940515.0,4.2784,41171673088,10,60,63,19,32,0,AVOID,-0.87,-10,True,live,STOCK,30,NEUTRAL,NASDAQ
2026-08-30T07:56:23.073775+09:00,2026-08-30,KGC,Kinross Gold Corporation,US,소재,2026-08-28,31.27,11082500,9042195.0,1.2514,37093748736,84,60,55,68,67,1,HOLD,0.75,9,False,live,STOCK,58,NEUTRAL,NYSE
2026-08-30T07:56:23.073775+09:00,2026-08-30,VOD,Vodafone Group Public Limited Company,US,인터넷,2026-08-28,16.04,2233800,3872935.0,0.2279,37068484608,69,65,55,86,70,2,WATCH,0.76,9,False,live,STOCK,77,NEUTRAL,NASDAQ
2026-08-30T07:56:23.073775+09:00,2026-08-30,KVUE,Kenvue Inc.,US,소매,2026-08-28,19.17,11888300,20874695.0,0.3148,36821229568,91,60,60,66,74,2,WATCH,1.08,13,False,live,STOCK,77,NEUTRAL,NYSE
2026-08-30T07:56:23.073775+09:00,2026-08-30,NTAP,"NetApp, Inc.",US,IT,2026-08-28,187.02,1497500,2366755.0,6.5793,36699734016,40,60,55,50,50,0,HOLD,0.01,0,False,live,STOCK,55,NEUTRAL,NASDAQ
2026-08-30T07:56:23.073775+09:00,2026-08-30,NWG,NatWest Group plc,US,금융,2026-08-28,18.38,2534500,2917955.0,0.2401,72994889728,47,60,55,70,54,1,HOLD,0.27,3,False,live,STOCK,48,NEUTRAL,NYSE
2026-08-30T07:56:23.073775+09:00,2026-08-30,PEG,Public Service Enterprise Group Incorpor,US,유틸리티,2026-08-28,73.19,2284200,2497595.0,1.0657,36479365120,31,60,50,45,39,0,AVOID,-0.49,-6,True,live,STOCK,27,NEUTRAL,NYSE
2026-08-30T07:56:23.073775+09:00,2026-08-30,KMB,Kimberly-Clark Corporation,US,소매,2026-08-28,109.55,2433400,3357070.0,1.9793,36434034688,54,60,60,50,60,1,HOLD,0.53,6,False,live,STOCK,77,NEUTRAL,NASDAQ
2026-08-30T07:56:23.073775+09:00,2026-08-30,HSY,The Hershey Company,US,소매,2026-08-28,179.05,821400,1142235.0,3.8214,35975741440,43,60,50,58,54,1,HOLD,0.06,1,False,live,STOCK,75,NEUTRAL,NYSE
2026-08-30T07:56:23.073775+09:00,2026-08-30,UI,Ubiquiti Inc.,US,IT,2026-08-28,599.35,186300,155040.0,31.6564,36277682176,77,60,55,42,61,1,HOLD,0.55,7,False,live,STOCK,63,NEUTRAL,NYSE
2026-08-30T07:56:23.073775+09:00,2026-08-30,TWLO,Twilio Inc.,US,IT,2026-08-28,237.78,1756900,2683460.0,10.9434,36517113856,58,60,60,58,61,1,HOLD,0.46,6,False,live,STOCK,72,NEUTRAL,NYSE
2026-08-30T07:56:23.073775+09:00,2026-08-30,MDB,"MongoDB, Inc.",US,IT,2026-08-28,446.62,1448500,1505700.0,22.5384,35922505728,69,60,50,27,57,1,HOLD,0.52,6,False,live,STOCK,78,NEUTRAL,NASDAQ
2026-08-30T07:56:23.073775+09:00,2026-08-30,UAL,"United Airlines Holdings, Inc.",US,산업재,2026-08-28,110.6,2284900,2961850.0,3.5864,35897409536,20,60,60,73,48,1,HOLD,-0.28,-3,False,live,STOCK,45,NEUTRAL,NASDAQ
2026-08-30T07:56:23.073775+09:00,2026-08-30,VMC,Vulcan Materials Company,US,소재,2026-08-28,274.51,714800,855945.0,6.6131,35570659328,25,60,53,58,49,1,HOLD,-0.18,-2,False,live,STOCK,70,NEUTRAL,NYSE
2026-08-30T07:56:23.073775+09:00,2026-08-30,KR,The Kroger Co.,US,소매,2026-08-28,57.72,3970700,5861595.0,1.2545,35362000896,72,60,60,74,64,2,WATCH,0.4,5,False,live,STOCK,47,NEUTRAL,NYSE
2026-08-30T07:56:23.073775+09:00,2026-08-30,NTR,Nutrien Ltd.,US,소재,2026-08-28,73.51,1870500,2717335.0,1.8316,35079712768,69,60,50,60,66,1,HOLD,0.67,8,False,live,STOCK,90,NEUTRAL,NYSE
2026-08-30T07:56:23.073775+09:00,2026-08-30,ALC,Alcon Inc.,US,제약/바이오,2026-08-28,72.01,1177000,1691765.0,1.4546,34809634816,47,65,60,50,52,0,HOLD,0.18,2,False,live,STOCK,48,NEUTRAL,NYSE
2026-08-30T07:56:23.073775+09:00,2026-08-30,IRM,Iron Mountain Incorporated,US,리츠,2026-08-28,117.4,1144400,1530295.0,3.9143,34950311936,31,60,50,35,46,1,HOLD,-0.22,-3,False,live,STOCK,76,NEUTRAL,NYSE
2026-08-30T07:56:23.073775+09:00,2026-08-30,RMD,ResMed Inc.,US,제약/바이오,2026-08-28,240.33,1386700,1581640.0,6.1424,34668154880,70,65,56,50,66,2,WATCH,0.84,10,False,live,STOCK,93,NEUTRAL,NYSE
2026-08-30T07:56:23.073775+09:00,2026-08-30,VG,"Venture Global, Inc.",US,에너지,2026-08-28,14.18,6155200,13353395.0,0.6821,35451318272,84,60,45,70,66,2,WATCH,0.79,9,False,live,STOCK,69,NEUTRAL,NYSE
2026-08-30T07:56:23.073775+09:00,2026-08-30,WEC,"WEC Energy Group, Inc.",US,유틸리티,2026-08-28,106.22,1440500,2460610.0,1.7636,34611720192,28,60,63,42,42,0,AVOID,-0.34,-4,True,live,STOCK,33,NEUTRAL,NYSE
2026-08-30T07:56:23.073775+09:00,2026-08-30,ACGL,Arch Capital Group Ltd.,US,금융,2026-08-28,98.84,3990800,1631030.0,1.7171,33727084544,54,60,55,78,59,1,HOLD,0.39,5,False,live,STOCK,54,NEUTRAL,NASDAQ
2026-08-30T07:56:23.073775+09:00,2026-08-30,RJF,"Raymond James Financial, Inc.",US,금융,2026-08-28,179.36,1772400,979450.0,3.6657,34455056384,66,60,60,68,64,0,HOLD,0.68,8,False,live,STOCK,63,NEUTRAL,NYSE
2026-08-30T07:56:23.073775+09:00,2026-08-30,PUK,Prudential plc,US,금융,2026-08-28,27.65,1002000,1145070.0,0.4429,34277154816,28,60,55,78,44,1,AVOID,-0.45,-5,True,live,STOCK,16,NEUTRAL,NYSE
2026-08-30T07:56:23.073775+09:00,2026-08-30,MTB,M&T Bank Corporation,US,금융,2026-08-28,237.29,868300,874945.0,3.9571,34268532736,39,60,50,60,48,0,HOLD,0.03,0,False,live,STOCK,48,NEUTRAL,NYSE
2026-08-30T07:56:23.073775+09:00,2026-08-30,BBD,Banco Bradesco S.A.,US,금융,2026-08-28,3.25,21418200,29188320.0,0.0943,34414825472,65,60,50,88,57,1,HOLD,0.12,1,False,live,STOCK,26,NEUTRAL,NYSE
2026-08-30T07:56:23.073775+09:00,2026-08-30,CLS,Celestica Inc.,US,IT,2026-08-28,298.7,1850000,2668170.0,17.9721,37669392384,18,60,63,50,42,0,AVOID,-0.59,-7,True,live,STOCK,39,NEUTRAL,NYSE
2026-08-30T07:56:23.073775+09:00,2026-08-30,DXCM,"DexCom, Inc.",US,제약/바이오,2026-08-28,90.82,2546700,5012650.0,2.3521,34271905792,73,65,50,42,62,2,WATCH,0.73,9,False,live,STOCK,83,NEUTRAL,NASDAQ
2026-08-30T07:56:23.073775+09:00,2026-08-30,PPLC,PPL Corporation,US,유틸리티,2026-08-28,46.08,756300,262600.0,0.5886,,31,60,58,50,43,0,AVOID,-0.33,-4,True,live,STOCK,30,NEUTRAL,NYSE
2026-08-30T07:56:23.073775+09:00,2026-08-30,HBAN,Huntington Bancshares Incorporated,US,금융,2026-08-28,16.92,21522600,21841940.0,0.3143,34185418752,32,60,42,68,47,0,HOLD,-0.14,-2,False,live,STOCK,54,NEUTRAL,NASDAQ
2026-08-30T07:56:23.073775+09:00,2026-08-30,NTRS,Northern Trust Corporation,US,금융,2026-08-28,186.79,603000,1021230.0,3.5436,34174283776,62,60,60,60,60,0,HOLD,0.5,6,False,live,STOCK,55,NEUTRAL,NASDAQ
2026-08-30T07:56:23.073775+09:00,2026-08-30,EQT,EQT Corporation,US,에너지,2026-08-28,54.57,3645800,6184930.0,1.2771,34134409216,80,60,45,68,65,1,HOLD,0.55,7,False,live,STOCK,69,NEUTRAL,NYSE
2026-08-30T07:56:23.073775+09:00,2026-08-30,EC,Ecopetrol S.A.,US,에너지,2026-08-28,16.5,927800,1779715.0,0.4636,33921273856,40,60,55,96,58,1,HOLD,0.09,1,False,live,STOCK,49,NEUTRAL,NYSE
2026-08-30T07:56:23.073775+09:00,2026-08-30,CCL,Carnival Corporation & plc,US,소비재,2026-08-28,24.76,19128000,16834985.0,0.7886,33912512512,20,60,55,86,44,1,AVOID,-0.56,-7,True,live,STOCK,23,NEUTRAL,NYSE
2026-08-30T07:56:23.073775+09:00,2026-08-30,STLD,"Steel Dynamics, Inc.",US,소재,2026-08-28,234.67,670300,1229205.0,9.8307,33634086912,32,60,53,53,44,0,AVOID,-0.42,-5,True,live,STOCK,39,NEUTRAL,NASDAQ
2026-08-30T07:56:23.073775+09:00,2026-08-30,STRC,Strategy Inc,US,IT,2026-08-28,97.33,1873900,1450625.0,0.966,,70,60,48,60,53,1,HOLD,0.18,2,False,live,STOCK,29,NEUTRAL,NASDAQ
2026-08-30T07:56:23.073775+09:00,2026-08-30,TECK,Teck Resources Limited,US,소재,2026-08-28,69.34,3234500,2891405.0,1.9664,34018201600,87,60,55,53,63,1,HOLD,0.6,7,False,live,STOCK,48,NEUTRAL,NYSE
2026-08-30T07:56:23.073775+09:00,2026-08-30,CQP,"Cheniere Energy Partners, L.P.",US,에너지,2026-08-28,68.91,55400,121635.0,1.7443,33356417024,69,60,53,55,61,0,HOLD,0.62,7,False,live,STOCK,66,NEUTRAL,NYSE
2026-08-30T07:56:23.073775+09:00,2026-08-30,CHT,"Chunghwa Telecom Co., Ltd.",US,인터넷,2026-08-28,42.99,175900,180160.0,0.395,33349263360,87,65,55,50,63,1,HOLD,0.56,7,False,live,STOCK,50,NEUTRAL,NYSE
2026-08-30T07:56:23.073775+09:00,2026-08-30,CCI,Crown Castle Inc.,US,리츠,2026-08-28,76.14,1935000,2939930.0,1.5643,33273180160,62,60,60,58,55,0,HOLD,0.0,0,False,live,STOCK,36,NEUTRAL,NYSE
2026-08-30T07:56:23.073775+09:00,2026-08-30,ESLT,Elbit Systems Ltd.,US,산업재,2026-08-28,708.68,65000,86130.0,21.8071,33208993792,25,60,55,37,44,0,AVOID,-0.46,-6,True,live,STOCK,62,NEUTRAL,NASDAQ
2026-08-30T07:56:23.073775+09:00,2026-08-30,BIDU,"Baidu, Inc.",US,인터넷,2026-08-28,97.12,2068200,3193485.0,3.3286,32941797376,7,65,60,78,44,1,AVOID,-0.66,-8,True,live,STOCK,41,NEUTRAL,NASDAQ
2026-08-30T07:56:23.073775+09:00,2026-08-30,BBDO,Banco Bradesco S.A.,US,금융,2026-08-28,3.03,103900,81165.0,0.1243,32085204992,43,60,55,80,53,1,HOLD,-0.05,-1,False,live,STOCK,40,NEUTRAL,NYSE
2026-08-30T07:56:23.073775+09:00,2026-08-30,ERIC,Telefonaktiebolaget LM Ericsson (publ),US,IT,2026-08-28,9.95,6084200,9160435.0,0.18,32543297536,43,60,50,78,48,1,HOLD,-0.39,-5,False,live,STOCK,23,NEUTRAL,NASDAQ
2026-08-30T07:56:23.073775+09:00,2026-08-30,EME,"EMCOR Group, Inc.",US,산업재,2026-08-28,740.17,371000,359110.0,28.8514,32648824832,43,60,60,50,46,0,HOLD,-0.31,-4,False,live,STOCK,26,NEUTRAL,NYSE
2026-08-30T07:56:23.073775+09:00,2026-08-30,ILMN,"Illumina, Inc.",US,제약/바이오,2026-08-28,215.59,1791700,1952095.0,9.3271,32554088448,95,65,63,29,71,2,WATCH,1.15,14,False,live,STOCK,87,NEUTRAL,NASDAQ
2026-08-30T07:56:23.073775+09:00,2026-08-30,ZTS,Zoetis Inc.,US,제약/바이오,2026-08-28,77.34,4844300,6609745.0,2.5186,31958712320,80,65,60,63,70,2,WATCH,0.77,9,False,live,STOCK,78,NEUTRAL,NYSE
2026-08-30T07:56:23.073775+09:00,2026-08-30,GEHC,GE HealthCare Technologies Inc.,US,제약/바이오,2026-08-28,71.725,2002600,2743935.0,1.4168,32397195264,47,65,66,68,61,0,HOLD,0.49,6,False,live,STOCK,66,NEUTRAL,NASDAQ
2026-08-30T07:56:23.073775+09:00,2026-08-30,BIIB,Biogen Inc.,US,제약/바이오,2026-08-28,218.5,517400,756785.0,5.265,32284248064,91,65,63,58,71,1,HOLD,1.05,13,False,live,STOCK,68,NEUTRAL,NASDAQ
2026-08-30T07:56:23.073775+09:00,2026-08-30,CNC,Centene Corp.,US,제약/바이오,2026-08-28,64.75,2526800,3900190.0,1.9736,31986176000,43,65,76,76,59,2,HOLD,0.26,3,False,live,STOCK,40,NEUTRAL,NYSE
2026-08-30T07:56:23.073775+09:00,2026-08-30,WTW,Willis Towers Watson Public Limited Comp,US,금융,2026-08-28,343.75,311400,514215.0,7.2507,31924727808,66,60,60,58,56,0,HOLD,0.44,5,False,live,STOCK,34,NEUTRAL,NASDAQ
2026-08-30T07:56:23.073775+09:00,2026-08-30,MLM,"Martin Marietta Materials, Inc.",US,소재,2026-08-28,531.05,559100,545765.0,11.7929,37714841600,47,60,63,58,51,0,HOLD,-0.1,-1,False,live,STOCK,32,NEUTRAL,NYSE
2026-08-30T07:56:23.073775+09:00,2026-08-30,ALNY,"Alnylam Pharmaceuticals, Inc.",US,제약/바이오,2026-08-28,237.1,1847000,1864090.0,9.03,31726143488,62,65,50,50,56,0,HOLD,0.05,1,False,live,STOCK,62,NEUTRAL,NASDAQ
2026-08-30T07:56:23.073775+09:00,2026-08-30,JBL,Jabil Inc.,US,IT,2026-08-28,301.45,1022900,961195.0,13.9871,31588069376,18,60,60,58,40,0,AVOID,-0.7,-8,True,live,STOCK,23,NEUTRAL,NYSE
2026-08-30T07:56:23.073775+09:00,2026-08-30,P,"Everpure, Inc.",US,IT,2026-08-28,93.4,3254300,3617565.0,6.9047,31046621184,47,60,45,27,47,1,HOLD,0.12,1,False,live,STOCK,72,NEUTRAL,NYSE
2026-08-30T07:56:23.073775+09:00,2026-08-30,WAT,Waters Corporation,US,제약/바이오,2026-08-28,414.69,435100,834170.0,11.5171,40716693504,62,65,42,35,54,1,HOLD,0.36,4,False,live,STOCK,78,NEUTRAL,NYSE
2026-08-30T07:56:23.073775+09:00,2026-08-30,IR,Ingersoll Rand Inc.,US,산업재,2026-08-28,78.58,3232400,3698365.0,2.0478,30488995840,39,60,65,66,54,0,HOLD,0.19,2,False,live,STOCK,48,NEUTRAL,NYSE
2026-08-30T07:56:23.073775+09:00,2026-08-30,CPRT,"Copart, Inc.",US,산업재,2026-08-28,32.99,6772000,10368515.0,1.1671,30542522368,70,60,58,45,64,2,WATCH,0.61,7,False,live,STOCK,83,NEUTRAL,NASDAQ
2026-08-30T07:56:23.073775+09:00,2026-08-30,KHC,The Kraft Heinz Company,US,소매,2026-08-28,25.7,20654800,15140215.0,0.6325,30475671552,69,60,66,86,73,2,WATCH,0.89,11,False,live,STOCK,77,NEUTRAL,NASDAQ
2026-08-30T07:56:23.073775+09:00,2026-08-30,HAL,Halliburton Company,US,에너지,2026-08-28,36.18,9424900,10525875.0,0.9807,30142656512,77,60,50,74,63,2,WATCH,0.35,4,False,live,STOCK,49,NEUTRAL,NYSE
2026-08-30T07:56:23.073775+09:00,2026-08-30,STRF,MicroStrategy Incorporated 10.00% Series,US,IT,2026-08-28,101.65,62700,73780.0,1.1166,,66,60,48,60,53,0,HOLD,0.2,2,False,live,STOCK,34,NEUTRAL,NASDAQ
2026-08-30T07:56:23.073775+09:00,2026-08-30,EXR,Extra Space Storage Inc.,US,리츠,2026-08-28,142.91,813300,850785.0,2.1721,31540600832,43,60,63,45,52,0,HOLD,0.09,1,False,live,STOCK,54,NEUTRAL,NYSE
2026-08-30T07:56:23.073775+09:00,2026-08-30,JBS,Jbs N.V.,US,소매,2026-08-28,13.59,4444400,5895920.0,0.4378,14553678848,47,60,60,76,61,1,HOLD,0.45,5,False,live,STOCK,69,NEUTRAL,NYSE
2026-08-30T07:56:23.073775+09:00,2026-08-30,NMR,"Nomura Holdings, Inc.",US,금융,2026-08-28,10.3,660600,639675.0,0.1671,30102708224,92,60,55,68,67,1,HOLD,0.88,11,False,live,STOCK,46,NEUTRAL,NYSE
2026-08-30T07:56:23.073775+09:00,2026-08-30,SUNB,Sunbelt Rentals Holdings Inc,US,산업재,2026-08-28,73.2,13245100,2708225.0,2.8257,30008160256,43,60,45,66,51,0,HOLD,-0.11,-1,False,live,STOCK,56,NEUTRAL,NYSE
2026-08-30T07:56:23.073775+09:00,2026-08-30,FOXA,Fox Corporation,US,인터넷,2026-08-28,68.42,3622700,5492850.0,1.8579,28766330880,58,65,66,68,67,1,HOLD,0.61,7,False,live,STOCK,83,NEUTRAL,NASDAQ
2026-08-30T07:56:23.073775+09:00,2026-08-30,MDLN,Medline Inc.,US,제약/바이오,2026-08-28,35.28,5713300,8004900.0,1.2729,47466881024,57,65,55,50,58,1,HOLD,0.27,3,False,live,STOCK,70,NEUTRAL,NASDAQ
2026-08-30T07:56:23.073775+09:00,2026-08-30,ZS,"Zscaler, Inc.",US,IT,2026-08-28,184.23,1938800,2247035.0,9.1155,29791744000,62,60,50,34,58,1,HOLD,0.57,7,False,live,STOCK,87,NEUTRAL,NASDAQ
2026-08-30T07:56:23.073775+09:00,2026-08-30,FTI,TechnipFMC plc,US,에너지,2026-08-28,75.84,1468000,2915740.0,2.2959,29741746176,69,60,65,50,62,0,HOLD,0.64,8,False,live,STOCK,60,NEUTRAL,NYSE
2026-08-30T07:56:23.073775+09:00,2026-08-30,CPNG,"Coupang, Inc.",US,소비재,2026-08-28,16.52,12404000,16953480.0,0.4914,29694894080,65,60,50,27,45,0,HOLD,-0.06,-1,False,live,STOCK,24,NEUTRAL,NYSE
2026-08-30T07:56:23.073775+09:00,2026-08-30,LPLA,LPL Financial Holdings Inc.,US,금융,2026-08-28,370.69,554400,579185.0,9.8385,29188978688,66,60,53,66,64,1,HOLD,0.7,8,False,live,STOCK,77,NEUTRAL,NASDAQ
2026-08-30T07:56:23.073775+09:00,2026-08-30,CFG,"Citizens Financial Group, Inc.",US,금융,2026-08-28,69.71,2393200,2772010.0,1.3163,29360234496,47,60,63,68,57,0,HOLD,0.36,4,False,live,STOCK,51,NEUTRAL,NYSE
2026-08-30T07:56:23.073775+09:00,2026-08-30,TCOM,Trip.com Group Limited,US,소비재,2026-08-28,45.35,1806800,2180780.0,0.875,28557129728,40,60,55,70,58,2,HOLD,0.08,1,False,live,STOCK,75,NEUTRAL,NASDAQ
2026-08-30T07:56:23.073775+09:00,2026-08-30,RDDT,"Reddit, Inc.",US,인터넷,2026-08-28,153.0,2749300,7349110.0,9.0891,29436665856,50,65,60,50,48,0,HOLD,-0.27,-3,False,live,STOCK,23,NEUTRAL,NYSE
2026-08-30T07:56:23.073775+09:00,2026-08-30,AEE,Ameren Corporation,US,유틸리티,2026-08-28,106.12,1094600,1454690.0,1.5679,29378607104,31,60,53,42,40,0,AVOID,-0.36,-4,True,live,STOCK,33,NEUTRAL,NYSE
2026-08-30T07:56:23.073775+09:00,2026-08-30,BAP,Credicorp Ltd.,US,금융,2026-08-28,368.4,554800,290725.0,12.0107,29258076160,35,60,63,63,51,0,HOLD,0.05,1,False,live,STOCK,45,NEUTRAL,NYSE
2026-08-30T07:56:23.073775+09:00,2026-08-30,LVS,Las Vegas Sands Corp.,US,소비재,2026-08-28,45.04,6848500,4620730.0,1.115,29172461568,31,60,55,68,50,0,HOLD,-0.31,-4,False,live,STOCK,55,NEUTRAL,NYSE
2026-08-30T07:56:23.073775+09:00,2026-08-30,RYAAY,Ryanair Holdings plc,US,산업재,2026-08-28,56.13,587400,1048770.0,1.205,29119641600,25,60,55,47,38,0,AVOID,-0.57,-7,True,live,STOCK,23,NEUTRAL,NASDAQ
2026-08-30T07:56:23.073775+09:00,2026-08-30,TS,Tenaris S.A.,US,에너지,2026-08-28,53.97,680900,1666165.0,1.055,27245129728,50,60,50,55,48,0,HOLD,-0.29,-3,False,live,STOCK,33,NEUTRAL,NYSE
2026-08-30T07:56:23.073775+09:00,2026-08-30,ZM,"Zoom Communications, Inc.",US,IT,2026-08-28,98.43,2814600,3353610.0,4.2379,28720271360,43,60,50,73,55,1,HOLD,-0.08,-1,False,live,STOCK,63,NEUTRAL,NASDAQ
2026-08-30T07:56:23.073775+09:00,2026-08-30,CTSH,Cognizant Technology Solutions Corporati,US,IT,2026-08-28,64.04,5303000,7909875.0,2.1486,28846448640,71,60,60,76,70,3,BUY,0.86,10,False,live,STOCK,78,NEUTRAL,NASDAQ
2026-08-30T07:56:23.073775+09:00,2026-08-30,TDY,Teledyne Technologies Incorporated,US,IT,2026-08-28,621.96,187000,277600.0,14.3143,28831375360,35,60,45,58,48,0,HOLD,-0.13,-2,False,live,STOCK,61,NEUTRAL,NYSE
2026-08-30T07:56:23.073775+09:00,2026-08-30,ATI,ATI Inc.,US,산업재,2026-08-28,210.76,1119600,1532975.0,7.6721,28699269120,44,60,45,35,46,0,HOLD,0.09,1,False,live,STOCK,61,NEUTRAL,NYSE
2026-08-30T07:56:23.073775+09:00,2026-08-30,VICI,VICI Properties Inc.,US,리츠,2026-08-28,25.87,4363500,9367345.0,0.3988,28484876288,31,60,63,80,57,1,HOLD,-0.01,0,False,live,STOCK,62,NEUTRAL,NYSE
2026-08-30T07:56:23.073775+09:00,2026-08-30,DTW,DTE Energy Company 5.25 % Debentures 201,US,유틸리티,2026-08-28,19.6,37000,28180.0,0.3034,,65,60,55,80,60,1,HOLD,0.22,3,False,live,STOCK,40,NEUTRAL,NYSE
2026-08-30T07:56:23.073775+09:00,2026-08-30,FISV,"Fiserv, Inc.",US,IT,2026-08-28,53.18,4075800,8044200.0,1.6814,28279353344,51,60,67,78,66,2,WATCH,0.35,4,False,live,STOCK,77,NEUTRAL,NASDAQ
2026-08-30T07:56:23.073775+09:00,2026-08-30,DTE,DTE Energy Company,US,유틸리티,2026-08-28,135.86,877200,1284200.0,1.9914,28270843904,31,60,55,50,45,0,HOLD,-0.26,-3,False,live,STOCK,47,NEUTRAL,NYSE
2026-08-30T07:56:23.073775+09:00,2026-08-30,ON,ON Semiconductor Corporation,US,반도체,2026-08-28,72.61,7087300,8957145.0,2.9364,28268425216,40,65,73,66,52,1,HOLD,-0.23,-3,False,live,STOCK,23,NEUTRAL,NASDAQ
2026-08-30T07:56:23.073775+09:00,2026-08-30,MTD,Mettler-Toledo International Inc.,US,제약/바이오,2026-08-28,1398.58,202000,169975.0,33.2571,28022730752,44,65,50,42,50,0,HOLD,0.21,3,False,live,STOCK,67,NEUTRAL,NYSE
2026-08-30T07:56:23.073775+09:00,2026-08-30,CASY,"Casey's General Stores, Inc.",US,소비재,2026-08-28,755.47,442100,299985.0,26.0757,27956099072,35,60,53,45,40,0,AVOID,-0.37,-4,True,live,STOCK,23,NEUTRAL,NASDAQ
2026-08-30T07:56:23.073775+09:00,2026-08-30,PBA,Pembina Pipeline Corporation,US,에너지,2026-08-28,48.01,508100,864855.0,0.8736,27920455680,28,60,60,58,50,0,HOLD,-0.09,-1,False,live,STOCK,58,NEUTRAL,NYSE
2026-08-30T07:56:23.073775+09:00,2026-08-30,HPQ,HP Inc.,US,IT,2026-08-28,30.52,15845800,14815120.0,1.4557,27522660352,62,60,50,73,64,2,WATCH,0.51,6,False,live,STOCK,77,NEUTRAL,NYSE
2026-08-30T07:56:23.073775+09:00,2026-08-30,FTS,Fortis Inc.,US,유틸리티,2026-08-28,54.66,835600,736910.0,0.7451,27925794816,31,60,63,42,48,0,HOLD,-0.08,-1,False,live,STOCK,59,NEUTRAL,NYSE
2026-08-30T07:56:23.073775+09:00,2026-08-30,ATO,Atmos Energy Corporation,US,유틸리티,2026-08-28,166.65,516700,1024665.0,2.5028,28161941504,31,60,65,42,43,0,AVOID,-0.27,-3,True,live,STOCK,30,NEUTRAL,NYSE
2026-08-30T07:56:23.073775+09:00,2026-08-30,WSM,"Williams-Sonoma, Inc.",US,소비재,2026-08-28,235.09,972400,1052305.0,8.2443,27686078464,39,60,63,37,46,0,HOLD,0.07,1,False,live,STOCK,40,NEUTRAL,NYSE
2026-08-30T07:56:23.073775+09:00,2026-08-30,OKTA,"Okta, Inc.",US,IT,2026-08-28,166.23,4427500,3571305.0,9.3421,29060483072,88,60,60,43,67,1,HOLD,0.95,11,False,live,STOCK,69,NEUTRAL,NASDAQ
2026-08-30T07:56:23.073775+09:00,2026-08-30,RBLX,Roblox Corporation,US,IT,2026-08-28,38.53,7736100,13278465.0,1.675,27524904960,62,60,50,53,49,0,HOLD,-0.19,-2,False,live,STOCK,26,NEUTRAL,NYSE
2026-08-30T07:56:23.073775+09:00,2026-08-30,AWK,"American Water Works Company, Inc.",US,유틸리티,2026-08-28,138.3,1908200,2183295.0,2.695,27484219392,69,60,63,42,63,1,HOLD,0.76,9,False,live,STOCK,77,NEUTRAL,NYSE
2026-08-30T07:56:23.073775+09:00,2026-08-30,LH,Labcorp Holdings Inc.,US,제약/바이오,2026-08-28,335.11,456500,573315.0,6.9727,27177420800,63,65,48,58,62,1,HOLD,0.63,8,False,live,STOCK,84,NEUTRAL,NYSE
2026-08-30T07:56:23.073775+09:00,2026-08-30,OTIS,Otis Worldwide Corporation,US,산업재,2026-08-28,71.74,3502000,3043205.0,1.3188,27309217792,43,60,60,58,49,0,HOLD,-0.04,0,False,live,STOCK,32,NEUTRAL,NYSE
2026-08-30T07:56:23.073775+09:00,2026-08-30,QSR,Restaurant Brands International Inc.,US,소비재,2026-08-28,78.26,3259400,2458580.0,1.71,35851767808,91,60,63,50,72,2,WATCH,1.01,12,False,live,STOCK,77,NEUTRAL,NYSE
2026-08-30T07:56:23.073775+09:00,2026-08-30,DG,Dollar General Corporation,US,소매,2026-08-28,122.89,3310200,2277270.0,3.9729,27111596032,47,60,60,68,56,0,HOLD,0.32,4,False,live,STOCK,54,NEUTRAL,NYSE
2026-08-30T07:56:23.073775+09:00,2026-08-30,SN,"SharkNinja, Inc.",US,소비재,2026-08-28,191.23,1320300,1764660.0,5.3143,27062941696,73,60,55,50,66,2,WATCH,0.83,10,False,live,STOCK,87,NEUTRAL,NYSE
2026-08-30T07:56:23.073775+09:00,2026-08-30,EIX,Edison International,US,유틸리티,2026-08-28,70.17,7395200,3699745.0,2.6086,27002396672,57,60,60,65,54,0,HOLD,0.15,2,False,live,STOCK,29,NEUTRAL,NYSE
2026-08-30T07:56:23.073775+09:00,2026-08-30,RPRX,Royalty Pharma plc,US,제약/바이오,2026-08-28,60.85,1701100,2688020.0,1.3153,35161284608,91,65,50,50,66,1,HOLD,0.85,10,False,live,STOCK,69,NEUTRAL,NASDAQ
2026-08-30T07:56:23.073775+09:00,2026-08-30,FOX,Fox Corporation,US,인터넷,2026-08-28,61.32,943300,1004815.0,1.6186,25781225472,80,65,66,68,73,2,WATCH,0.89,11,False,live,STOCK,80,NEUTRAL,NASDAQ
2026-08-30T07:56:23.073775+09:00,2026-08-30,DGX,Quest Diagnostics Incorporated,US,제약/바이오,2026-08-28,242.76,639900,779315.0,4.5993,26794235904,73,65,60,58,61,1,HOLD,0.64,8,False,live,STOCK,48,NEUTRAL,NYSE
2026-08-30T07:56:23.073775+09:00,2026-08-30,DOV,Dover Corporation,US,산업재,2026-08-28,198.68,1231100,934480.0,3.8664,26758266880,20,60,60,58,42,0,AVOID,-0.47,-6,True,live,STOCK,32,NEUTRAL,NYSE
2026-08-30T07:56:23.073775+09:00,2026-08-30,CPAY,"Corpay, Inc.",US,IT,2026-08-28,407.88,242600,507040.0,9.6514,26781237248,62,60,50,74,62,1,HOLD,0.55,7,False,live,STOCK,69,NEUTRAL,NYSE
2026-08-30T07:56:23.073775+09:00,2026-08-30,ES,Eversource Energy,US,유틸리티,2026-08-28,70.84,1513500,1982070.0,1.16,26683637760,35,60,63,58,55,0,HOLD,0.17,2,False,live,STOCK,69,NEUTRAL,NYSE
2026-08-30T07:56:23.073775+09:00,2026-08-30,FE,FirstEnergy Corp.,US,유틸리티,2026-08-28,45.88,2343100,3862335.0,0.7671,26548000768,28,60,60,50,46,0,HOLD,-0.19,-2,False,live,STOCK,48,NEUTRAL,NYSE
2026-08-30T07:56:23.073775+09:00,2026-08-30,CINF,Cincinnati Financial Corporation,US,금융,2026-08-28,171.97,350100,463245.0,2.8129,26393620480,54,60,63,78,61,1,HOLD,0.44,5,False,live,STOCK,52,NEUTRAL,NASDAQ
2026-08-30T07:56:23.073775+09:00,2026-08-30,VRSN,"VeriSign, Inc.",US,IT,2026-08-28,291.93,698800,712130.0,7.6952,26390470656,80,60,50,50,59,1,HOLD,0.39,5,False,live,STOCK,48,NEUTRAL,NASDAQ
2026-08-30T07:56:23.073775+09:00,2026-08-30,PHG,Koninklijke Philips N.V.,US,제약/바이오,2026-08-28,26.72,531700,769165.0,0.44,26116861952,43,65,58,74,56,1,HOLD,0.15,2,False,live,STOCK,57,NEUTRAL,NYSE
2026-08-30T07:56:23.073775+09:00,2026-08-30,AFRM,"Affirm Holdings, Inc.",US,금융,2026-08-28,77.76,29045600,4395005.0,4.0204,26237876224,69,60,70,68,62,1,HOLD,0.49,6,False,live,STOCK,31,NEUTRAL,NASDAQ
2026-08-30T07:56:23.073775+09:00,2026-08-30,XYL,Xylem Inc.,US,산업재,2026-08-28,111.31,1458900,1572870.0,2.7682,25989416960,20,60,63,58,46,0,HOLD,-0.23,-3,False,live,STOCK,48,NEUTRAL,NYSE
2026-08-30T07:56:23.073775+09:00,2026-08-30,RF,Regions Financial Corporation,US,금융,2026-08-28,30.33,5901900,7515585.0,0.5129,25839022080,47,60,63,60,57,0,HOLD,0.35,4,False,live,STOCK,61,NEUTRAL,NYSE
2026-08-30T07:56:23.073775+09:00,2026-08-30,CNP,"CenterPoint Energy, Inc.",US,유틸리티,2026-08-28,39.24,7258800,5973985.0,0.6968,25848184832,28,60,65,42,43,0,AVOID,-0.36,-4,True,live,STOCK,32,NEUTRAL,NYSE
2026-08-30T07:56:23.073775+09:00,2026-08-30,PPL,PPL Corporation,US,유틸리티,2026-08-28,34.2,5653300,7964430.0,0.5971,25737033728,31,60,63,50,45,0,HOLD,-0.26,-3,False,live,STOCK,32,NEUTRAL,NYSE
2026-08-30T07:56:23.073775+09:00,2026-08-30,INSM,Insmed Incorporated,US,제약/바이오,2026-08-28,118.54,1977500,2915865.0,4.2721,25886943232,36,65,50,19,36,0,AVOID,-0.27,-3,True,live,STOCK,32,NEUTRAL,NASDAQ
2026-08-30T07:56:23.073775+09:00,2026-08-30,BNTX,BioNTech SE,US,제약/바이오,2026-08-28,102.075,3070700,1843855.0,5.6641,25641684992,84,65,53,58,69,2,WATCH,0.9,11,False,live,STOCK,81,NEUTRAL,NASDAQ
2026-08-30T07:56:23.073775+09:00,2026-08-30,SYM,Symbotic Inc.,US,산업재,2026-08-28,39.875,1330900,1788465.0,1.7091,24138921984,18,60,50,38,40,0,AVOID,-0.61,-7,True,live,STOCK,61,NEUTRAL,NASDAQ
2026-08-30T07:56:23.073775+09:00,2026-08-30,FWONK,Liberty Media Corporation,US,인터넷,2026-08-28,101.8,933100,1939870.0,2.1736,25522124800,47,65,58,38,54,1,HOLD,0.35,4,False,live,STOCK,77,NEUTRAL,NASDAQ
2026-08-30T07:56:23.073775+09:00,2026-08-30,WRB,W. R. Berkley Corporation,US,금융,2026-08-28,68.44,1267100,1592785.0,1.1336,25406812160,32,60,60,63,50,0,HOLD,-0.02,0,False,live,STOCK,48,NEUTRAL,NYSE
2026-08-30T07:56:23.073775+09:00,2026-08-30,SYF,Synchrony Financial,US,금융,2026-08-28,78.05,2945700,3116270.0,1.9946,25395195904,47,60,50,70,57,1,HOLD,0.3,4,False,live,STOCK,69,NEUTRAL,NYSE
2026-08-30T07:56:23.073775+09:00,2026-08-30,PPG,"PPG Industries, Inc.",US,소재,2026-08-28,114.22,1051900,1292005.0,2.2321,25391106048,50,60,65,60,62,1,HOLD,0.43,5,False,live,STOCK,79,NEUTRAL,NYSE
2026-08-30T07:56:23.073775+09:00,2026-08-30,TPR,"Tapestry, Inc.",US,소비재,2026-08-28,125.49,3533900,3559905.0,5.7371,25021661184,17,60,55,60,47,0,HOLD,-0.39,-5,False,live,STOCK,65,NEUTRAL,NYSE
2026-08-30T07:56:23.073775+09:00,2026-08-30,SW,Smurfit Westrock plc,US,소비재,2026-08-28,48.29,3979700,4294400.0,1.407,25329211392,47,60,63,58,57,0,HOLD,0.41,5,False,live,STOCK,63,NEUTRAL,NYSE
2026-08-30T07:56:23.073775+09:00,2026-08-30,INCY,Incyte Corporation,US,제약/바이오,2026-08-28,124.37,1215100,1319925.0,3.1371,25209518080,73,65,53,55,64,2,WATCH,0.76,9,False,live,STOCK,77,NEUTRAL,NASDAQ
2026-08-30T07:56:23.073775+09:00,2026-08-30,Q,"Qnity Electronics, Inc.",US,반도체,2026-08-28,120.26,2004900,1742975.0,5.9386,25159419904,18,65,63,50,45,0,HOLD,-0.48,-6,False,live,STOCK,55,NEUTRAL,NYSE
2026-08-30T07:56:23.073775+09:00,2026-08-30,TPL,Texas Pacific Land Corporation,US,에너지,2026-08-28,364.38,200100,412960.0,16.3679,25132994560,57,60,75,29,53,1,HOLD,0.2,2,False,live,STOCK,39,NEUTRAL,NYSE
2026-08-30T07:56:23.073775+09:00,2026-08-30,ROIV,Roivant Sciences Ltd.,US,제약/바이오,2026-08-28,34.71,8765000,5993005.0,1.2217,25071831040,47,65,48,50,55,1,HOLD,0.37,4,False,live,STOCK,83,NEUTRAL,NASDAQ
2026-08-30T07:56:23.073775+09:00,2026-08-30,FCNCA,"First Citizens BancShares, Inc.",US,금융,2026-08-28,2194.0701,42900,48595.0,45.3972,24777895936,47,60,72,70,62,2,WATCH,0.5,6,False,live,STOCK,60,NEUTRAL,NASDAQ
2026-08-30T07:56:23.073775+09:00,2026-08-30,EXPD,"Expeditors International of Washington, ",US,산업재,2026-08-28,190.97,567300,980520.0,3.7536,24824309760,76,60,55,37,65,2,WATCH,0.85,10,False,live,STOCK,90,NEUTRAL,NYSE
2026-08-30T07:56:23.073775+09:00,2026-08-30,VRSK,"Verisk Analytics, Inc.",US,IT,2026-08-28,191.77,942300,1260000.0,6.0057,24960020480,72,60,48,58,54,1,HOLD,0.24,3,False,live,STOCK,31,NEUTRAL,NASDAQ
2026-08-30T07:56:23.073775+09:00,2026-08-30,FICO,Fair Isaac Corporation,US,IT,2026-08-28,1153.5699,157600,304885.0,43.6221,24914382848,72,60,60,66,67,2,WATCH,0.47,6,False,live,STOCK,70,NEUTRAL,NYSE
2026-08-30T07:56:23.073775+09:00,2026-08-30,PHM,"PulteGroup, Inc.",US,소비재,2026-08-28,128.55,1067000,1237920.0,3.3407,24487020544,47,60,55,60,57,1,HOLD,0.33,4,False,live,STOCK,72,NEUTRAL,NYSE
2026-08-30T07:56:23.073775+09:00,2026-08-30,AMRZ,Amrize Ltd,US,소재,2026-08-28,44.67,2566700,4041410.0,1.1663,24431167488,18,60,72,58,44,1,AVOID,-0.54,-6,True,live,STOCK,29,NEUTRAL,NYSE
2026-08-30T07:56:23.073775+09:00,2026-08-30,DRI,"Darden Restaurants, Inc.",US,소비재,2026-08-28,215.63,779500,966670.0,6.0429,24483010560,47,60,50,42,53,1,HOLD,0.22,3,False,live,STOCK,77,NEUTRAL,NYSE
2026-08-30T07:56:23.073775+09:00,2026-08-30,DLTR,"Dollar Tree, Inc.",US,소매,2026-08-28,128.26,2502300,2273150.0,4.54,24065462272,47,60,56,68,58,0,HOLD,0.42,5,False,live,STOCK,69,NEUTRAL,NASDAQ
2026-08-30T07:56:23.073775+09:00,2026-08-30,GFS,GLOBALFOUNDRIES Inc.,US,반도체,2026-08-28,44.76,3307400,4395300.0,2.0492,24559849472,40,65,45,66,43,0,AVOID,-0.53,-6,True,live,STOCK,23,NEUTRAL,NASDAQ
2026-08-30T07:56:23.073775+09:00,2026-08-30,BRO,"Brown & Brown, Inc.",US,금융,2026-08-28,73.31,1397400,1763360.0,1.8101,24530284544,66,60,65,66,66,0,HOLD,0.75,9,False,live,STOCK,66,NEUTRAL,NYSE
2026-08-30T07:56:23.073775+09:00,2026-08-30,JBHT,"J.B. Hunt Transport Services, Inc.",US,산업재,2026-08-28,261.03,555300,743105.0,8.6529,24514615296,31,60,60,58,47,0,HOLD,-0.3,-4,False,live,STOCK,39,NEUTRAL,NASDAQ
2026-08-30T07:56:23.073775+09:00,2026-08-30,HUBB,Hubbell Incorporated,US,산업재,2026-08-28,459.66,267835,468131.6,12.7631,24285020160,20,60,63,58,42,0,AVOID,-0.43,-5,True,live,STOCK,26,NEUTRAL,NYSE
2026-08-30T07:56:23.073775+09:00,2026-08-30,OMC,Omnicom Group Inc.,US,인터넷,2026-08-28,88.28,1389400,2186210.0,2.0293,24219260928,69,65,55,46,55,0,HOLD,0.47,6,False,live,STOCK,45,NEUTRAL,NYSE
2026-08-30T07:56:23.073775+09:00,2026-08-30,VLTO,Veralto Corporation,US,산업재,2026-08-28,98.56,1201500,1332695.0,1.8431,24028270592,69,60,60,50,65,1,HOLD,0.78,9,False,live,STOCK,80,NEUTRAL,NYSE
2026-08-30T07:56:23.073775+09:00,2026-08-30,NVT,nVent Electric plc,US,산업재,2026-08-28,148.48,1856100,1907730.0,7.6616,24032665600,43,60,60,50,52,0,HOLD,-0.14,-2,False,live,STOCK,55,NEUTRAL,NYSE
2026-08-30T07:56:23.073775+09:00,2026-08-30,CHD,"Church & Dwight Co., Inc.",US,소매,2026-08-28,101.26,1244500,1708070.0,2.1401,24019267584,84,60,50,53,66,2,WATCH,0.77,9,False,live,STOCK,78,NEUTRAL,NYSE
2026-08-30T07:56:23.073775+09:00,2026-08-30,IHG,InterContinental Hotels Group PLC,US,소비재,2026-08-28,162.38,123400,240215.0,2.8537,23908954112,76,60,55,58,57,1,HOLD,0.37,4,False,live,STOCK,29,NEUTRAL,NYSE
2026-08-30T07:56:23.073775+09:00,2026-08-30,SMCI,"Super Micro Computer, Inc.",US,IT,2026-08-28,37.08,29045100,55043475.0,2.6536,23986053120,70,60,63,78,69,2,WATCH,0.45,5,False,live,STOCK,69,NEUTRAL,NASDAQ
2026-08-30T07:56:23.073775+09:00,2026-08-30,PFG,"Principal Financial Group, Inc.",US,금융,2026-08-28,111.41,806400,942790.0,1.95,23853398016,44,60,55,68,57,0,HOLD,0.27,3,False,live,STOCK,69,NEUTRAL,NASDAQ
2026-08-30T07:56:23.073775+09:00,2026-08-30,TROW,"T. Rowe Price Group, Inc.",US,금융,2026-08-28,111.24,1059300,1460635.0,2.0657,23729254400,29,60,70,78,56,2,HOLD,0.16,2,False,live,STOCK,55,NEUTRAL,NASDAQ
2026-08-30T07:56:23.073775+09:00,2026-08-30,STRD,Strategy Inc,US,IT,2026-08-28,72.05,55400,118300.0,1.4312,,74,60,58,60,67,2,WATCH,0.73,9,False,live,STOCK,79,NEUTRAL,NASDAQ
2026-08-30T07:56:23.073775+09:00,2026-08-30,IOT,Samsara Inc.,US,IT,2026-08-28,41.16,4636800,4683570.0,2.0141,23984347136,91,60,50,35,64,2,WATCH,0.79,9,False,live,STOCK,75,NEUTRAL,NYSE
2026-08-30T07:56:23.073775+09:00,2026-08-30,WST,"West Pharmaceutical Services, Inc.",US,제약/바이오,2026-08-28,337.47,496300,474490.0,7.2393,23749707776,32,65,73,50,54,1,HOLD,0.18,2,False,live,STOCK,64,NEUTRAL,NYSE
2026-08-30T07:56:23.073775+09:00,2026-08-30,CRS,Carpenter Technology Corporation,US,소재,2026-08-28,476.43,393400,578355.0,19.792,23611187200,20,60,63,42,40,0,AVOID,-0.46,-6,True,live,STOCK,33,NEUTRAL,NYSE
2026-08-30T07:56:23.073775+09:00,2026-08-30,KOF,"Coca-Cola FEMSA, S.A.B. de C.V.",US,소매,2026-08-28,112.58,103400,122940.0,2.2371,,91,60,53,55,66,1,HOLD,0.77,9,False,live,STOCK,58,NEUTRAL,NYSE
2026-08-30T07:56:23.073775+09:00,2026-08-30,KEY,KeyCorp,US,금융,2026-08-28,21.91,7591500,8735035.0,0.385,23380787200,32,60,63,68,49,0,HOLD,-0.09,-1,False,live,STOCK,33,NEUTRAL,NYSE
2026-08-30T07:56:23.073775+09:00,2026-08-30,USFD,US Foods Holding Corp.,US,소매,2026-08-28,107.27,1342300,2111370.0,2.4746,23205795840,51,60,63,66,63,1,HOLD,0.6,7,False,live,STOCK,78,NEUTRAL,NYSE
2026-08-30T07:56:23.073775+09:00,2026-08-30,ASTS,"AST SpaceMobile, Inc.",US,인터넷,2026-08-28,58.05,9413300,11007140.0,3.9604,22591172608,18,65,63,42,39,0,AVOID,-0.67,-8,True,live,STOCK,32,NEUTRAL,NASDAQ
2026-08-30T07:56:23.073775+09:00,2026-08-30,TSEM,Tower Semiconductor Ltd.,US,반도체,2026-08-28,208.01,1249500,1916265.0,14.7843,23511627776,10,65,40,38,35,0,AVOID,-0.82,-10,True,live,STOCK,62,NEUTRAL,NASDAQ
2026-08-30T07:56:23.073775+09:00,2026-08-30,NRG,"NRG Energy, Inc.",US,유틸리티,2026-08-28,111.12,2169100,3240440.0,4.6843,23358588928,31,60,63,66,47,0,HOLD,-0.43,-5,False,live,STOCK,26,NEUTRAL,NYSE
2026-08-30T07:56:23.073775+09:00,2026-08-30,FWONA,Formula One Group,US,인터넷,2026-08-28,93.42,84300,130225.0,2.1186,23421186048,47,65,61,38,53,0,HOLD,0.29,3,False,live,STOCK,66,NEUTRAL,NASDAQ
2026-08-30T07:56:23.073775+09:00,2026-08-30,ROKU,"Roku, Inc.",US,인터넷,2026-08-28,157.675,1957900,2430465.0,1.9439,23401961472,73,65,60,43,64,2,WATCH,0.81,10,False,live,STOCK,80,NEUTRAL,NASDAQ
2026-08-30T07:56:23.073775+09:00,2026-08-30,CRCL,Circle Internet Group,US,금융,2026-08-28,87.14,14633900,14677235.0,6.2861,23753850880,70,60,50,55,62,2,WATCH,0.29,3,False,live,STOCK,77,NEUTRAL,NYSE
2026-08-30T07:56:23.073775+09:00,2026-08-30,AER,AerCap Holdings N.V.,US,산업재,2026-08-28,147.49,838400,975320.0,2.9966,23183079424,47,60,63,70,55,1,HOLD,0.22,3,False,live,STOCK,42,NEUTRAL,NYSE
2026-08-30T07:56:23.073775+09:00,2026-08-30,TW,Tradeweb Markets Inc.,US,금융,2026-08-28,108.87,941600,1208160.0,2.1957,23518996480,84,60,60,50,68,2,WATCH,0.86,10,False,live,STOCK,74,NEUTRAL,NASDAQ
2026-08-30T07:56:23.073775+09:00,2026-08-30,SOFI,"SoFi Technologies, Inc.",US,금융,2026-08-28,18.06,45428800,47815010.0,0.8607,23325759488,65,60,40,66,49,0,HOLD,-0.07,-1,False,live,STOCK,23,NEUTRAL,NASDAQ
2026-08-30T07:56:23.073775+09:00,2026-08-30,CIB,Grupo Cibest S.A.,US,금융,2026-08-28,97.24,384800,298905.0,3.5243,22964731904,73,60,58,88,68,2,WATCH,0.8,10,False,live,STOCK,58,NEUTRAL,NYSE
2026-08-30T07:56:23.073775+09:00,2026-08-30,EFX,Equifax Inc.,US,산업재,2026-08-28,194.35,1148400,1086570.0,5.9,22833190912,84,60,50,58,64,1,HOLD,0.73,9,False,live,STOCK,60,NEUTRAL,NYSE
2026-08-30T07:56:23.073775+09:00,2026-08-30,GPN,Global Payments Inc.,US,금융,2026-08-28,91.82,1869200,3085265.0,2.7657,24297259008,73,60,60,66,70,2,WATCH,0.91,11,False,live,STOCK,83,NEUTRAL,NYSE
2026-08-30T07:56:23.073775+09:00,2026-08-30,STE,STERIS plc,US,제약/바이오,2026-08-28,233.78,339500,686870.0,4.365,22793576448,47,65,53,58,58,1,HOLD,0.4,5,False,live,STOCK,84,NEUTRAL,NYSE
2026-08-30T07:56:23.073775+09:00,2026-08-30,EXE,Expand Energy Corporation,US,에너지,2026-08-28,98.16,1894100,2608095.0,2.2147,22724413440,84,60,75,78,73,3,BUY,0.92,11,False,live,STOCK,48,NEUTRAL,NASDAQ
2026-08-30T07:56:23.073775+09:00,2026-08-30,FCNCN,First Citizens BancShares Inc. Depositar,US,금융,2026-08-28,25.1,7700,13685.0,0.215,,65,60,63,50,56,0,HOLD,0.3,4,False,live,STOCK,40,NEUTRAL,NASDAQ
2026-08-30T07:56:23.073775+09:00,2026-08-30,L,Loews Corporation,US,금융,2026-08-28,109.72,490500,596945.0,1.7039,22429808640,24,60,60,68,48,0,HOLD,-0.15,-2,False,live,STOCK,45,NEUTRAL,NYSE
2026-08-30T07:56:23.073775+09:00,2026-08-30,MKL,Markel Corporation,US,금융,2026-08-28,1818.6899,59500,60210.0,27.9521,22533492736,50,60,60,62,51,0,HOLD,0.0,0,False,live,STOCK,26,NEUTRAL,NYSE
2026-08-30T07:56:23.073775+09:00,2026-08-30,SQM,Sociedad Química y Minera de Chile S.A.,US,소재,2026-08-28,78.63,893900,908505.0,2.8786,22459701248,80,60,50,84,67,2,WATCH,0.5,6,False,live,STOCK,55,NEUTRAL,NYSE
2026-08-30T07:56:23.073775+09:00,2026-08-30,IFF,International Flavors & Fragrances Inc.,US,소재,2026-08-28,87.95,1162300,1548460.0,1.8971,22440439808,91,60,63,42,69,2,WATCH,1.03,12,False,live,STOCK,71,NEUTRAL,NYSE
2026-08-30T07:56:23.073775+09:00,2026-08-30,STZ,"Constellation Brands, Inc.",US,소매,2026-08-28,130.69,2003900,1611790.0,3.345,22322421760,31,60,60,68,57,1,HOLD,0.07,1,False,live,STOCK,81,NEUTRAL,NYSE
2026-08-30T07:56:23.073775+09:00,2026-08-30,RGLD,"Royal Gold, Inc.",US,소재,2026-08-28,262.85,677300,755145.0,8.0243,22270717952,88,60,60,50,65,1,HOLD,0.87,10,False,live,STOCK,55,NEUTRAL,NASDAQ
2026-08-30T07:56:23.073775+09:00,2026-08-30,PAAS,Pan American Silver Corp.,US,소재,2026-08-28,52.87,7224200,5417065.0,2.3141,21920851968,73,60,55,71,69,3,WATCH,0.63,8,False,live,STOCK,84,NEUTRAL,NYSE
2026-08-30T07:56:23.073775+09:00,2026-08-30,ULTA,"Ulta Beauty, Inc.",US,소비재,2026-08-28,517.5,1608100,682615.0,19.0621,22126991360,43,60,63,42,54,0,HOLD,0.19,2,False,live,STOCK,69,NEUTRAL,NASDAQ
2026-08-30T07:56:23.073775+09:00,2026-08-30,FFIV,"F5, Inc.",US,IT,2026-08-28,394.24,336100,554045.0,12.2557,22324701184,50,60,50,58,56,1,HOLD,0.19,2,False,live,STOCK,74,NEUTRAL,NASDAQ
2026-08-30T07:56:23.073775+09:00,2026-08-30,TCPA,TransCanada PipeLines Limited 6,US,에너지,2026-08-28,21.96,21200,31285.0,0.3712,,20,60,55,50,40,0,AVOID,-0.53,-6,True,live,STOCK,40,NEUTRAL,NYSE
2026-08-30T07:56:23.073775+09:00,2026-08-30,BG,Bunge Global S.A.,US,소매,2026-08-28,115.48,1576400,1325010.0,3.426,22185916416,72,60,65,50,59,1,HOLD,0.26,3,False,live,STOCK,41,NEUTRAL,NYSE
2026-08-30T07:56:23.073775+09:00,2026-08-30,GIS,"General Mills, Inc.",US,소매,2026-08-28,41.55,8925700,8034385.0,1.1336,22213853184,75,60,63,63,72,2,WATCH,1.01,12,False,live,STOCK,90,NEUTRAL,NYSE
2026-08-30T07:56:23.073775+09:00,2026-08-30,XPO,"XPO Logistics, Inc.",US,산업재,2026-08-28,188.56,638500,796845.0,6.1207,22077822976,28,60,58,42,38,0,AVOID,-0.68,-8,True,live,STOCK,17,NEUTRAL,NYSE
2026-08-30T07:56:23.073775+09:00,2026-08-30,DOW,Dow Inc.,US,소재,2026-08-28,30.51,5963800,8270660.0,0.9164,22038616064,43,60,63,55,49,0,HOLD,-0.24,-3,False,live,STOCK,30,NEUTRAL,NYSE
2026-08-30T07:56:23.073775+09:00,2026-08-30,CW,Curtiss-Wright Corporation,US,산업재,2026-08-28,596.37,312100,375740.0,23.2557,22026594304,10,60,53,42,32,0,AVOID,-0.95,-11,True,live,STOCK,23,NEUTRAL,NYSE
2026-08-30T07:56:23.073775+09:00,2026-08-30,FSLR,"First Solar, Inc.",US,에너지,2026-08-28,204.46,1447600,2473395.0,8.595,21973274624,25,60,50,84,50,1,HOLD,-0.4,-5,False,live,STOCK,55,NEUTRAL,NASDAQ
2026-08-30T07:56:23.073775+09:00,2026-08-30,CMSA,CMS Energy Corporation 5.6% JRSUB NT 78,US,유틸리티,2026-08-28,20.35,23700,14000.0,0.1584,,47,60,60,70,54,1,HOLD,-0.01,0,False,live,STOCK,40,NEUTRAL,NYSE
2026-08-30T07:56:23.073775+09:00,2026-08-30,UTHR,United Therapeutics Corporation,US,제약/바이오,2026-08-28,515.46,266900,515415.0,13.2657,22108436480,50,65,50,50,52,0,HOLD,0.01,0,False,live,STOCK,62,NEUTRAL,NASDAQ
2026-08-30T07:56:23.073775+09:00,2026-08-30,BCE,BCE Inc.,US,인터넷,2026-08-28,23.46,1854300,3206625.0,0.3621,21877055488,58,65,63,86,72,2,WATCH,0.59,7,False,live,STOCK,91,NEUTRAL,NYSE
2026-08-30T07:56:23.073775+09:00,2026-08-30,CDE,"Coeur Mining, Inc.",US,소재,2026-08-28,21.13,24333000,40422975.0,1.0507,21720264704,84,60,60,53,70,2,WATCH,0.93,11,False,live,STOCK,81,NEUTRAL,NYSE
2026-08-30T07:56:23.073775+09:00,2026-08-30,GH,"Guardant Health, Inc.",US,제약/바이오,2026-08-28,161.5,1820800,2068920.0,7.0693,21672681472,51,65,63,58,61,1,HOLD,0.55,7,False,live,STOCK,75,NEUTRAL,NASDAQ
2026-08-30T07:56:23.073775+09:00,2026-08-30,RL,Ralph Lauren Corporation,US,소비재,2026-08-28,354.04,512000,636090.0,10.01,21094496256,20,60,55,58,39,0,AVOID,-0.55,-7,True,live,STOCK,26,NEUTRAL,NYSE
2026-08-30T07:56:23.073775+09:00,2026-08-30,AMCR,Amcor plc,US,소비재,2026-08-28,46.67,2884700,3691415.0,1.155,21577672704,51,60,71,66,64,2,WATCH,0.64,8,False,live,STOCK,71,NEUTRAL,NYSE
2026-08-30T07:56:23.073775+09:00,2026-08-30,THC,Tenet Healthcare Corporation,US,제약/바이오,2026-08-28,266.8,519400,775155.0,7.4707,21482467328,73,65,50,78,65,2,WATCH,0.7,8,False,live,STOCK,61,NEUTRAL,NYSE
2026-08-30T07:56:23.073775+09:00,2026-08-30,LEN,Lennar Corporation,US,소비재,2026-08-28,86.33,2359800,2196665.0,2.4886,20796477440,43,60,60,73,55,1,HOLD,0.02,0,False,live,STOCK,47,NEUTRAL,NYSE
2026-08-30T07:56:23.073775+09:00,2026-08-30,FIS,"Fidelity National Information Services, ",US,IT,2026-08-28,41.44,3747400,6082440.0,1.3043,21370853376,43,60,65,86,58,1,HOLD,0.06,1,False,live,STOCK,40,NEUTRAL,NYSE
2026-08-30T07:56:23.073775+09:00,2026-08-30,PKG,Packaging Corporation of America,US,소비재,2026-08-28,240.39,421100,486565.0,5.0986,21418338304,39,60,53,58,44,0,AVOID,-0.14,-2,True,live,STOCK,26,NEUTRAL,NYSE
2026-08-30T07:56:23.073775+09:00,2026-08-30,CMS,CMS Energy Corporation,US,유틸리티,2026-08-28,68.21,2176200,3556920.0,1.0114,21389096960,31,60,65,50,48,0,HOLD,-0.16,-2,False,live,STOCK,47,NEUTRAL,NYSE
2026-08-30T07:56:23.073775+09:00,2026-08-30,STRK,Strategy Inc,US,IT,2026-08-28,71.73,75900,95000.0,2.0159,,80,60,48,60,63,1,HOLD,0.57,7,False,live,STOCK,63,NEUTRAL,NASDAQ
2026-08-30T07:56:23.073775+09:00,2026-08-30,BR,"Broadridge Financial Solutions, Inc.",US,IT,2026-08-28,183.64,734200,1383725.0,4.5571,20938962944,84,60,60,58,71,2,WATCH,1.04,12,False,live,STOCK,83,NEUTRAL,NYSE
2026-08-30T07:56:23.073775+09:00,2026-08-30,BCH,Banco de Chile,US,금융,2026-08-28,41.63,150000,293770.0,0.9886,21026705408,62,60,55,70,61,1,HOLD,0.5,6,False,live,STOCK,58,NEUTRAL,NYSE
2026-08-30T07:56:23.073775+09:00,2026-08-30,IP,International Paper Company,US,소재,2026-08-28,39.31,3520300,3623655.0,1.108,20817393664,47,60,55,68,56,0,HOLD,0.33,4,False,live,STOCK,58,NEUTRAL,NYSE
2026-08-30T07:56:23.073775+09:00,2026-08-30,CHTR,"Charter Communications, Inc.",US,인터넷,2026-08-28,153.62,1697700,2562460.0,7.5521,20704516096,55,65,63,86,61,1,HOLD,0.37,4,False,live,STOCK,40,NEUTRAL,NASDAQ
2026-08-30T07:56:23.073775+09:00,2026-08-30,TPG,TPG Inc.,US,금융,2026-08-28,53.97,2259400,3368065.0,1.9935,21078921216,66,60,63,43,66,1,HOLD,0.84,10,False,live,STOCK,93,NEUTRAL,NASDAQ
2026-08-30T07:56:23.073775+09:00,2026-08-30,ENTG,"Entegris, Inc.",US,반도체,2026-08-28,134.92,3047200,2231105.0,7.7143,20615776256,46,65,53,43,49,0,HOLD,-0.04,0,False,live,STOCK,52,NEUTRAL,NASDAQ
2026-08-30T07:56:23.073775+09:00,2026-08-30,SOJD,Southern Company (The) Series 2,US,유틸리티,2026-08-28,18.36,63600,73795.0,0.1736,,50,60,58,50,50,0,HOLD,-0.05,-1,False,live,STOCK,40,NEUTRAL,NYSE
2026-08-30T07:56:23.073775+09:00,2026-08-30,LYB,LyondellBasell Industries N.V.,US,소재,2026-08-28,63.67,2171300,3997105.0,1.8644,20567826432,65,60,55,78,58,1,HOLD,0.19,2,False,live,STOCK,34,NEUTRAL,NYSE
2026-08-30T07:56:23.073775+09:00,2026-08-30,GMAB,Genmab A/S,US,제약/바이오,2026-08-28,33.23,1514300,2931180.0,0.8364,20423901184,95,65,60,53,74,2,WATCH,1.2,14,False,live,STOCK,87,NEUTRAL,NASDAQ
2026-08-30T07:56:23.073775+09:00,2026-08-30,TOST,"Toast, Inc.",US,IT,2026-08-28,35.15,9801700,9887180.0,1.1745,20316700672,66,60,50,50,59,0,HOLD,0.56,7,False,live,STOCK,69,NEUTRAL,NYSE
2026-08-30T07:56:23.073775+09:00,2026-08-30,WWD,"Woodward, Inc.",US,산업재,2026-08-28,341.81,563300,555335.0,10.0278,20182452224,31,60,50,42,36,0,AVOID,-0.52,-6,True,live,STOCK,17,NEUTRAL,NASDAQ
2026-08-30T07:56:23.073775+09:00,2026-08-30,SNX,TD Synnex Corp,US,IT,2026-08-28,253.97,242200,570470.0,6.8814,,65,60,66,66,57,0,HOLD,0.17,2,False,live,STOCK,23,NEUTRAL,NYSE
2026-08-30T07:56:23.073775+09:00,2026-08-30,SNA,Snap-on Incorporated,US,산업재,2026-08-28,391.86,192800,284305.0,6.2266,20269789184,36,60,45,58,47,0,HOLD,-0.09,-1,False,live,STOCK,54,NEUTRAL,NYSE
2026-08-30T07:56:23.073775+09:00,2026-08-30,SBAC,SBA Communications Corporation,US,리츠,2026-08-28,190.95,684300,951420.0,4.0891,20257523712,67,60,63,45,59,0,HOLD,0.32,4,False,live,STOCK,55,NEUTRAL,NASDAQ
2026-08-30T07:56:23.073775+09:00,2026-08-30,MTSI,"MACOM Technology Solutions Holdings, Inc",US,반도체,2026-08-28,265.27,1089300,1403600.0,16.03,20258914304,15,65,60,35,37,0,AVOID,-0.74,-9,True,live,STOCK,36,NEUTRAL,NASDAQ
2026-08-30T07:56:23.073775+09:00,2026-08-30,BEKE,KE Holdings Inc.,US,리츠,2026-08-28,18.32,14122800,3979275.0,0.5821,20209803264,81,60,55,74,68,2,WATCH,0.74,9,False,live,STOCK,61,NEUTRAL,NYSE
2026-08-30T07:56:23.073775+09:00,2026-08-30,KSPI,Joint Stock Company Kaspi.kz,US,IT,2026-08-28,106.29,757300,689010.0,3.3707,20197998592,80,60,45,80,69,3,WATCH,0.87,10,False,live,STOCK,78,NEUTRAL,NASDAQ
2026-08-30T07:56:23.073775+09:00,2026-08-30,SOJC,The Southern Company JR 2017B NT 77,US,유틸리티,2026-08-28,20.02,44300,32280.0,0.164,,65,60,58,60,57,0,HOLD,0.18,2,False,live,STOCK,40,NEUTRAL,NYSE
2026-08-30T07:56:23.073775+09:00,2026-08-30,FTAI,FTAI Aviation Ltd.,US,산업재,2026-08-28,194.98,984600,1261195.0,10.6219,20025827328,18,60,65,34,37,0,AVOID,-0.71,-9,True,live,STOCK,26,NEUTRAL,NASDAQ
2026-08-30T07:56:23.073775+09:00,2026-08-30,WES,"Western Midstream Partners, LP",US,에너지,2026-08-28,48.3,427100,788765.0,0.9064,19956332544,69,60,68,60,66,0,HOLD,0.79,9,False,live,STOCK,66,NEUTRAL,NYSE
2026-08-30T07:56:23.073775+09:00,2026-08-30,FDXF,"FedEx Freight Holding Company, Inc.",US,산업재,2026-08-28,133.45,774100,1180840.0,5.7993,19953192960,28,60,78,42,47,1,HOLD,-0.3,-4,False,live,STOCK,33,NEUTRAL,NYSE
2026-08-30T07:56:23.073775+09:00,2026-08-30,ATHS,Athene Holding Ltd. 7.250% Fixe,US,금융,2026-08-28,24.75,18600,23275.0,0.2049,,43,60,58,50,48,0,HOLD,-0.08,-1,False,live,STOCK,40,NEUTRAL,NYSE
2026-08-30T07:56:23.073775+09:00,2026-08-30,RS,Reliance Steel & Aluminum Co.,US,소재,2026-08-28,387.59,226600,336070.0,13.0267,19788234752,32,60,50,58,49,0,HOLD,-0.11,-1,False,live,STOCK,63,NEUTRAL,NYSE
2026-08-30T07:56:23.073775+09:00,2026-08-30,RCI,Rogers Communications Inc.,US,인터넷,2026-08-28,36.59,833100,1000785.0,0.6514,19766843392,70,65,55,86,72,3,BUY,0.64,8,False,live,STOCK,88,NEUTRAL,NYSE
2026-08-30T07:56:23.073775+09:00,2026-08-30,YPF,YPF Sociedad Anónima,US,에너지,2026-08-28,50.2,717200,1086925.0,1.8907,19682168832,43,60,67,74,58,1,HOLD,0.07,1,False,live,STOCK,52,NEUTRAL,NYSE
2026-08-30T07:56:23.073775+09:00,2026-08-30,TSN,"Tyson Foods, Inc.",US,소매,2026-08-28,55.4,1959700,2922360.0,1.2879,19489804288,28,60,63,66,47,0,HOLD,-0.34,-4,False,live,STOCK,32,NEUTRAL,NYSE
2026-08-30T07:56:23.073775+09:00,2026-08-30,SSNC,"SS&C Technologies Holdings, Inc.",US,IT,2026-08-28,83.42,1102800,1582935.0,1.6207,19574919168,66,60,60,74,68,2,WATCH,0.81,10,False,live,STOCK,78,NEUTRAL,NASDAQ
2026-08-30T07:56:23.073775+09:00,2026-08-30,ZBH,"Zimmer Biomet Holdings, Inc.",US,제약/바이오,2026-08-28,100.91,1190900,2179550.0,2.4479,19247341568,73,65,60,74,72,3,BUY,0.95,11,False,live,STOCK,84,NEUTRAL,NYSE
2026-08-30T07:56:23.073775+09:00,2026-08-30,RIVN,"Rivian Automotive, Inc.",US,소비재,2026-08-28,16.07,40883900,21354485.0,0.6994,23267119104,65,60,53,50,60,1,HOLD,0.33,4,False,live,STOCK,73,NEUTRAL,NASDAQ
2026-08-30T07:56:23.073775+09:00,2026-08-30,NI,NiSource Inc,US,유틸리티,2026-08-28,40.57,3065100,6210930.0,0.7314,19455752192,28,60,55,42,40,0,AVOID,-0.51,-6,True,live,STOCK,36,NEUTRAL,NYSE
2026-08-30T07:56:23.073775+09:00,2026-08-30,LUV,Southwest Airlines Co.,US,산업재,2026-08-28,39.64,3130800,4484460.0,1.1093,19392212992,20,60,63,58,47,0,HOLD,-0.33,-4,False,live,STOCK,52,NEUTRAL,NYSE
2026-08-30T07:56:23.073775+09:00,2026-08-30,MTZ,"MasTec, Inc.",US,산업재,2026-08-28,241.0,1470500,1541570.0,14.2993,19353491456,18,60,66,58,42,0,AVOID,-0.62,-7,True,live,STOCK,26,NEUTRAL,NYSE
2026-08-30T07:56:23.073775+09:00,2026-08-30,CF,"CF Industries Holdings, Inc.",US,소재,2026-08-28,125.79,1537200,2416085.0,4.8538,19036823552,91,60,63,86,77,2,WATCH,1.12,13,False,live,STOCK,69,NEUTRAL,NYSE
2026-08-30T07:56:23.073775+09:00,2026-08-30,AQNB,Algonquin Power & Utilities Corp.,US,유틸리티,2026-08-28,26.28,14200,20505.0,0.176,,72,60,55,50,56,1,HOLD,0.33,4,False,live,STOCK,40,NEUTRAL,NYSE
2026-08-30T07:56:23.073775+09:00,2026-08-30,RBRK,"Rubrik, Inc.",US,IT,2026-08-28,93.05,9414400,3820715.0,6.3564,19152347136,47,60,60,35,56,1,HOLD,0.39,5,False,live,STOCK,87,NEUTRAL,NYSE
2026-08-30T07:56:23.073775+09:00,2026-08-30,NWS,News Corporation,US,인터넷,2026-08-28,34.85,1583100,1165265.0,0.7771,18720022528,76,65,48,61,66,2,WATCH,0.78,9,False,live,STOCK,81,NEUTRAL,NASDAQ
2026-08-30T07:56:23.073775+09:00,2026-08-30,VTRS,Viatris Inc.,US,제약/바이오,2026-08-28,16.34,6217400,9742395.0,0.3857,18767974400,50,65,55,78,52,1,HOLD,0.03,0,False,live,STOCK,25,NEUTRAL,NASDAQ
2026-08-30T07:56:23.073775+09:00,2026-08-30,PR,Permian Resources Corporation,US,에너지,2026-08-28,22.7,8556200,9832380.0,0.6346,19012546560,91,60,60,68,68,1,HOLD,0.93,11,False,live,STOCK,48,NEUTRAL,NYSE
2026-08-30T07:56:23.073775+09:00,2026-08-30,GPC,Genuine Parts Company,US,소비재,2026-08-28,137.51,733700,1131325.0,3.0271,18957094912,73,60,63,43,66,2,WATCH,0.87,10,False,live,STOCK,84,NEUTRAL,NYSE
2026-08-30T07:56:23.073775+09:00,2026-08-30,U,Unity Software Inc.,US,IT,2026-08-28,43.31,7636400,13147985.0,1.5842,19060252672,51,60,53,50,60,1,HOLD,0.55,7,False,live,STOCK,93,NEUTRAL,NYSE
2026-08-30T07:56:23.073775+09:00,2026-08-30,CDW,CDW Corporation,US,IT,2026-08-28,147.69,1636900,1995785.0,6.1885,18463823872,91,60,60,68,74,2,WATCH,1.0,12,False,live,STOCK,77,NEUTRAL,NASDAQ
2026-08-30T07:56:23.073775+09:00,2026-08-30,OWL,Blue Owl Capital Inc.,US,금융,2026-08-28,12.02,14956000,19338620.0,0.4286,18837221376,62,60,56,59,64,1,HOLD,0.69,8,False,live,STOCK,83,NEUTRAL,NYSE
2026-08-30T07:56:23.073775+09:00,2026-08-30,NTNX,"Nutanix, Inc.",US,IT,2026-08-28,69.16,3454800,2897985.0,2.6141,18695366656,73,60,60,52,65,2,WATCH,0.81,10,False,live,STOCK,75,NEUTRAL,NASDAQ
2026-08-30T07:56:23.073775+09:00,2026-08-30,EVRG,"Evergy, Inc.",US,유틸리티,2026-08-28,80.65,1448100,1904605.0,1.2368,18595241984,31,60,63,42,43,0,AVOID,-0.26,-3,True,live,STOCK,33,NEUTRAL,NASDAQ
2026-08-30T07:56:23.073775+09:00,2026-08-30,GEN,Gen Digital Inc.,US,IT,2026-08-28,31.02,5951500,5659570.0,0.9363,18568169472,88,60,53,76,76,3,BUY,1.1,13,False,live,STOCK,90,NEUTRAL,NASDAQ
2026-08-30T07:56:23.073775+09:00,2026-08-30,DD,"DuPont de Nemours, Inc.",US,소재,2026-08-28,136.98,1055500,1357375.0,3.1379,18498187264,43,60,47,58,46,0,HOLD,-0.26,-3,False,live,STOCK,35,NEUTRAL,NYSE
2026-08-30T07:56:23.073775+09:00,2026-08-30,ESS,"Essex Property Trust, Inc.",US,리츠,2026-08-28,284.03,645800,394420.0,4.6964,19579009024,28,60,55,45,47,0,HOLD,-0.11,-1,False,live,STOCK,67,NEUTRAL,NYSE
2026-08-30T07:56:23.073775+09:00,2026-08-30,VIV,Telefônica Brasil S.A.,US,인터넷,2026-08-28,11.39,1692800,1635300.0,0.2704,18198978560,47,65,55,84,53,1,HOLD,-0.19,-2,False,live,STOCK,29,NEUTRAL,NYSE
2026-08-30T07:56:23.073775+09:00,2026-08-30,PKX,POSCO Holdings Inc.,US,소재,2026-08-28,60.25,171000,241745.0,1.5579,18224607232,80,60,50,58,55,1,HOLD,0.05,1,False,live,STOCK,20,NEUTRAL,NYSE
2026-08-30T07:56:23.073775+09:00,2026-08-30,TSCO,Tractor Supply Company,US,소비재,2026-08-28,34.72,8332100,11008200.0,1.0588,18090514432,55,60,75,50,67,2,WATCH,0.75,9,False,live,STOCK,90,NEUTRAL,NASDAQ
2026-08-30T07:56:23.073775+09:00,2026-08-30,PTC,PTC Inc.,US,IT,2026-08-28,157.15,1069100,1182975.0,4.6507,17051758592,62,60,63,68,66,1,HOLD,0.65,8,False,live,STOCK,75,NEUTRAL,NASDAQ
2026-08-30T07:56:23.073775+09:00,2026-08-30,ITT,ITT Inc.,US,산업재,2026-08-28,202.99,402100,835225.0,5.6657,,47,60,63,50,55,0,HOLD,0.27,3,False,live,STOCK,61,NEUTRAL,NYSE
2026-08-30T07:56:23.073775+09:00,2026-08-30,NDSN,Nordson Corporation,US,산업재,2026-08-28,324.59,343000,417860.0,7.6536,18079457280,91,60,60,58,71,1,HOLD,1.04,12,False,live,STOCK,69,NEUTRAL,NASDAQ
2026-08-30T07:56:23.073775+09:00,2026-08-30,FTV,Fortive Corporation,US,IT,2026-08-28,59.69,1545800,2043740.0,1.0482,18027397120,25,60,63,74,56,2,HOLD,0.05,1,False,live,STOCK,73,NEUTRAL,NYSE
2026-08-30T07:56:23.073775+09:00,2026-08-30,BEN,"Franklin Resources, Inc.",US,금융,2026-08-28,34.65,1975000,3424800.0,0.6107,17604866048,81,60,58,58,66,1,HOLD,0.8,10,False,live,STOCK,61,NEUTRAL,NYSE
2026-08-30T07:56:23.073775+09:00,2026-08-30,WIT,Wipro Limited,US,IT,2026-08-28,1.82,26073800,6728390.0,0.0579,18004834304,10,60,55,68,38,0,AVOID,-0.81,-10,True,live,STOCK,27,NEUTRAL,NYSE
2026-08-30T07:56:23.073775+09:00,2026-08-30,PAA,"Plains All American Pipeline, L.P.",US,에너지,2026-08-28,25.48,1443200,2649280.0,0.4871,17977833472,73,60,55,66,65,1,HOLD,0.74,9,False,live,STOCK,69,NEUTRAL,NASDAQ
2026-08-30T07:56:23.073775+09:00,2026-08-30,AS,"Amer Sports, Inc.",US,소비재,2026-08-28,31.05,5367500,7198330.0,1.2759,18065573888,20,60,45,66,44,0,AVOID,-0.54,-6,True,live,STOCK,58,NEUTRAL,NYSE
2026-08-30T07:56:23.073775+09:00,2026-08-30,J,Jacobs Solutions Inc.,US,산업재,2026-08-28,151.98,615200,885265.0,3.1495,17787527168,95,60,60,58,74,2,WATCH,1.15,14,False,live,STOCK,77,NEUTRAL,NYSE
2026-08-30T07:56:23.073775+09:00,2026-08-30,MGA,Magna International Inc.,US,소비재,2026-08-28,65.86,925100,1200225.0,1.8813,17618855936,43,60,55,74,57,1,HOLD,0.15,2,False,live,STOCK,63,NEUTRAL,NYSE
2026-08-30T07:56:23.073775+09:00,2026-08-30,OVV,Ovintiv Inc.,US,에너지,2026-08-28,64.59,2170700,3332610.0,1.575,17865592832,69,60,60,66,67,1,HOLD,0.77,9,False,live,STOCK,77,NEUTRAL,NYSE
2026-08-30T07:56:23.073775+09:00,2026-08-30,WF,Woori Financial Group Inc.,US,금융,2026-08-28,73.33,60800,81110.0,1.6821,17795620864,70,60,55,80,56,2,HOLD,0.36,4,False,live,STOCK,11,NEUTRAL,NYSE
2026-08-30T07:56:23.073775+09:00,2026-08-30,EWBC,"East West Bancorp, Inc.",US,금융,2026-08-28,129.44,707200,609050.0,2.38,17734815744,47,60,50,55,44,0,AVOID,-0.15,-2,True,live,STOCK,17,NEUTRAL,NASDAQ
2026-08-30T07:56:23.073775+09:00,2026-08-30,CHRW,"C.H. Robinson Worldwide, Inc.",US,산업재,2026-08-28,150.39,878300,1472695.0,4.1407,17573261312,55,60,60,50,49,0,HOLD,-0.21,-3,False,live,STOCK,23,NEUTRAL,NASDAQ
2026-08-30T07:56:23.073775+09:00,2026-08-30,DINO,HF Sinclair Corporation,US,에너지,2026-08-28,99.71,1805500,2524865.0,3.5571,17726828544,80,60,58,78,73,3,BUY,1.01,12,False,live,STOCK,80,NEUTRAL,NYSE
2026-08-30T07:56:23.073775+09:00,2026-08-30,LDOS,"Leidos Holdings, Inc.",US,IT,2026-08-28,140.66,950200,1501110.0,3.7793,17651734528,55,60,55,68,63,1,HOLD,0.56,7,False,live,STOCK,84,NEUTRAL,NYSE
2026-08-30T07:56:23.073775+09:00,2026-08-30,CG,The Carlyle Group Inc.,US,금융,2026-08-28,49.09,1881200,4428510.0,1.5853,17492377600,62,60,60,50,60,0,HOLD,0.51,6,False,live,STOCK,66,NEUTRAL,NASDAQ
2026-08-30T07:56:23.073775+09:00,2026-08-30,FLUT,Flutter Entertainment plc,US,소비재,2026-08-28,101.78,3016500,3570335.0,4.7674,17662810112,72,60,70,60,65,2,WATCH,0.52,6,False,live,STOCK,50,NEUTRAL,NYSE
2026-08-30T07:56:23.073775+09:00,2026-08-30,LNT,Alliant Energy Corporation,US,유틸리티,2026-08-28,68.03,2048700,2388305.0,1.1364,17639137280,31,60,60,42,45,0,HOLD,-0.23,-3,False,live,STOCK,47,NEUTRAL,NASDAQ
2026-08-30T07:56:23.073775+09:00,2026-08-30,BIP,Brookfield Infrastructure Partners L.P.,US,유틸리티,2026-08-28,38.1,336400,736685.0,0.9014,30168301568,46,60,55,30,45,0,HOLD,-0.14,-2,False,live,STOCK,45,NEUTRAL,NYSE
2026-08-30T07:56:23.073775+09:00,2026-08-30,INVH,Invitation Homes Inc.,US,리츠,2026-08-28,29.24,4428200,3605160.0,0.4366,17369788416,46,60,63,53,48,0,HOLD,-0.08,-1,False,live,STOCK,22,NEUTRAL,NYSE
2026-08-30T07:56:23.073775+09:00,2026-08-30,JHX,James Hardie Industries plc,US,소재,2026-08-28,29.93,3574900,5978580.0,0.8079,17375039488,66,60,53,51,58,0,HOLD,0.54,6,False,live,STOCK,61,NEUTRAL,NYSE
2026-08-30T07:56:23.073775+09:00,2026-08-30,NLY,"Annaly Capital Management, Inc.",US,리츠,2026-08-28,23.04,4963100,6071105.0,0.3143,17365581824,47,60,58,65,58,0,HOLD,0.37,4,False,live,STOCK,69,NEUTRAL,NYSE
2026-08-30T07:56:23.073775+09:00,2026-08-30,FUTU,Futu Holdings Limited,US,금융,2026-08-28,124.26,888800,1463185.0,5.4914,17420568576,88,60,60,60,72,2,WATCH,1.08,13,False,live,STOCK,80,NEUTRAL,NASDAQ
2026-08-30T07:56:23.073775+09:00,2026-08-30,MKSI,MKS Inc.,US,IT,2026-08-28,255.76,1403200,1449515.0,14.4661,17293867008,18,60,50,50,36,0,AVOID,-0.82,-10,True,live,STOCK,26,NEUTRAL,NASDAQ
2026-08-30T07:56:23.073775+09:00,2026-08-30,NVR,"NVR, Inc.",US,소비재,2026-08-28,6396.27,23800,32365.0,141.5643,17130189824,72,60,65,63,65,1,HOLD,0.61,7,False,live,STOCK,55,NEUTRAL,NYSE
2026-08-30T07:56:23.073775+09:00,2026-08-30,DUKB,Duke Energy Corporation 5.625%,US,유틸리티,2026-08-28,22.17,41800,40055.0,0.1714,,47,60,58,50,50,0,HOLD,-0.11,-1,False,live,STOCK,40,NEUTRAL,NYSE
2026-08-30T07:56:23.073775+09:00,2026-08-30,BURL,"Burlington Stores, Inc.",US,소비재,2026-08-28,272.95,2893000,1199315.0,12.8907,17145408512,35,60,53,58,47,0,HOLD,-0.36,-4,False,live,STOCK,45,NEUTRAL,NYSE
2026-08-30T07:56:23.073775+09:00,2026-08-30,APG,APi Group Corporation,US,산업재,2026-08-28,39.69,1943200,2390105.0,1.1286,17152441344,43,60,45,50,50,1,HOLD,-0.04,0,False,live,STOCK,70,NEUTRAL,NYSE
2026-08-30T07:56:23.073775+09:00,2026-08-30,GWRE,"Guidewire Software, Inc.",US,IT,2026-08-28,205.85,1599500,1079340.0,7.9786,17138323456,75,60,50,35,61,2,WATCH,0.74,9,False,live,STOCK,84,NEUTRAL,NYSE
2026-08-30T07:56:23.073775+09:00,2026-08-30,WY,Weyerhaeuser Company,US,리츠,2026-08-28,23.64,3287500,4947040.0,0.545,17038198784,35,60,60,50,42,0,AVOID,-0.31,-4,True,live,STOCK,19,NEUTRAL,NYSE
2026-08-30T07:56:23.073775+09:00,2026-08-30,ZTO,ZTO Express (Cayman) Inc.,US,산업재,2026-08-28,21.5,1863400,1886930.0,0.5496,16318808064,17,60,55,78,46,1,HOLD,-0.4,-5,False,live,STOCK,45,NEUTRAL,NYSE
2026-08-30T07:56:23.073775+09:00,2026-08-30,ZBRA,Zebra Technologies Corporation,US,IT,2026-08-28,356.45,581000,802915.0,10.92,16863885312,48,60,55,66,58,0,HOLD,0.41,5,False,live,STOCK,69,NEUTRAL,NASDAQ
2026-08-30T07:56:23.073775+09:00,2026-08-30,BALL,Ball Corporation,US,소비재,2026-08-28,63.77,1361000,1724950.0,1.1436,16880133120,91,60,55,58,70,2,WATCH,1.02,12,False,live,STOCK,74,NEUTRAL,NYSE
2026-08-30T07:56:23.073775+09:00,2026-08-30,IEX,IDEX Corporation,US,산업재,2026-08-28,230.28,410200,546515.0,5.0486,16976217088,50,60,63,58,59,0,HOLD,0.45,5,False,live,STOCK,69,NEUTRAL,NYSE
2026-08-30T07:56:23.073775+09:00,2026-08-30,PS,Pershing Square Inc.,US,금융,2026-08-28,42.17,124500,161730.0,2.5414,16867999744,74,60,65,34,64,2,WATCH,0.8,10,False,live,STOCK,76,NEUTRAL,NYSE
2026-08-30T07:56:23.073775+09:00,2026-08-30,MEDP,"Medpace Holdings, Inc.",US,제약/바이오,2026-08-28,600.65,186900,199845.0,17.8932,16765136896,66,65,45,37,56,1,HOLD,0.49,6,False,live,STOCK,74,NEUTRAL,NASDAQ
2026-08-30T07:56:23.073775+09:00,2026-08-30,SBS,Companhia de Saneamento Básico do Estado,US,유틸리티,2026-08-28,4.87,23011400,10406470.0,0.1693,17126356992,47,60,55,70,52,1,HOLD,-0.16,-2,False,live,STOCK,36,NEUTRAL,NYSE
2026-08-30T07:56:23.073775+09:00,2026-08-30,BSAC,Banco Santander-Chile,US,금융,2026-08-28,35.14,222000,271780.0,0.82,16554992640,62,60,55,60,60,0,HOLD,0.52,6,False,live,STOCK,62,NEUTRAL,NYSE
2026-08-30T07:56:23.073775+09:00,2026-08-30,CCZ,Comcast Holdings Corp.,US,인터넷,2026-08-28,66.45,0,130.0,0.4321,,66,65,55,50,54,0,HOLD,0.3,4,False,live,STOCK,40,NEUTRAL,NYSE
2026-08-30T07:56:23.073775+09:00,2026-08-30,TRU,TransUnion,US,금융,2026-08-28,85.67,1415500,1696080.0,2.322,16414371840,81,60,53,58,67,2,WATCH,0.88,11,False,live,STOCK,77,NEUTRAL,NYSE
2026-08-30T07:56:23.073775+09:00,2026-08-30,CLH,"Clean Harbors, Inc.",US,산업재,2026-08-28,310.71,379200,427270.0,6.3993,16401525760,47,60,55,58,57,1,HOLD,0.35,4,False,live,STOCK,75,NEUTRAL,NYSE
2026-08-30T07:56:23.073775+09:00,2026-08-30,WCC,"WESCO International, Inc.",US,산업재,2026-08-28,336.42,500600,515955.0,12.025,16394707968,43,60,60,58,52,0,HOLD,-0.05,-1,False,live,STOCK,48,NEUTRAL,NYSE
2026-08-30T07:56:23.073775+09:00,2026-08-30,H,Hyatt Hotels Corporation,US,소비재,2026-08-28,172.25,353500,720950.0,4.2419,16232278016,31,60,53,43,40,0,AVOID,-0.46,-6,True,live,STOCK,33,NEUTRAL,NYSE
2026-08-30T07:56:23.073775+09:00,2026-08-30,ALB,Albemarle Corporation,US,소재,2026-08-28,137.36,1446000,2125170.0,5.4107,16209174528,70,60,63,59,60,1,HOLD,0.18,2,False,live,STOCK,41,NEUTRAL,NYSE
2026-08-30T07:56:23.073775+09:00,2026-08-30,RGA,"Reinsurance Group of America, Incorporat",US,금융,2026-08-28,245.54,176800,341090.0,4.5,16034169856,73,60,66,86,70,2,WATCH,0.85,10,False,live,STOCK,55,NEUTRAL,NYSE
2026-08-30T07:56:23.073775+09:00,2026-08-30,WPC,W. P. Carey Inc.,US,리츠,2026-08-28,70.51,953900,1047900.0,0.865,16062689280,31,60,63,58,46,0,HOLD,-0.27,-3,False,live,STOCK,30,NEUTRAL,NYSE
2026-08-30T07:56:23.073775+09:00,2026-08-30,KIM,Kimco Realty Corporation,US,리츠,2026-08-28,23.78,3934800,4062190.0,0.2871,15951372288,31,60,63,53,43,0,AVOID,-0.31,-4,True,live,STOCK,20,NEUTRAL,NYSE
2026-08-30T07:56:23.073775+09:00,2026-08-30,RBA,"RB Global, Inc.",US,산업재,2026-08-28,86.06,1063100,2330865.0,2.7754,15938311168,37,60,60,58,45,0,HOLD,-0.44,-5,False,live,STOCK,23,NEUTRAL,NYSE
2026-08-30T07:56:23.073775+09:00,2026-08-30,GIB,CGI Inc.,US,IT,2026-08-28,74.77,342100,360645.0,1.5651,15483027456,55,60,60,68,63,1,HOLD,0.48,6,False,live,STOCK,74,NEUTRAL,NYSE
2026-08-30T07:56:23.073775+09:00,2026-08-30,VNOM,"Viper Energy, Inc.",US,에너지,2026-08-28,44.18,1199700,1676235.0,0.9314,23149645824,87,60,60,60,63,1,HOLD,0.53,6,False,live,STOCK,34,NEUTRAL,NASDAQ
2026-08-30T07:56:23.073775+09:00,2026-08-30,PFGC,Performance Food Group Co,US,소매,2026-08-28,100.85,1108500,1744760.0,3.0699,15840757760,20,60,48,50,40,0,AVOID,-0.41,-5,True,live,STOCK,48,NEUTRAL,NYSE
2026-08-30T07:56:23.073775+09:00,2026-08-30,RBC,RBC Bearings Incorporated,US,산업재,2026-08-28,500.62,176500,243820.0,14.7543,15849250816,20,60,50,50,36,0,AVOID,-0.74,-9,True,live,STOCK,26,NEUTRAL,NYSE
2026-08-30T07:56:23.073775+09:00,2026-08-30,SOLV,Solventum Corporation,US,제약/바이오,2026-08-28,91.12,678800,1185465.0,2.1854,15510787072,85,65,63,70,74,3,BUY,1.09,13,False,live,STOCK,77,NEUTRAL,NYSE
2026-08-30T07:56:23.073775+09:00,2026-08-30,CX,"CEMEX, S.A.B. de C.V.",US,소재,2026-08-28,10.87,3413900,6975835.0,0.2643,15684892672,37,60,63,74,50,1,HOLD,-0.33,-4,False,live,STOCK,26,NEUTRAL,NYSE
2026-08-30T07:56:23.073775+09:00,2026-08-30,YUMC,"Yum China Holdings, Inc.",US,소비재,2026-08-28,45.02,1139300,1477505.0,1.1462,15346666496,47,60,53,68,56,0,HOLD,0.22,3,False,live,STOCK,63,NEUTRAL,NYSE
2026-08-30T07:56:23.073775+09:00,2026-08-30,STLA,Stellantis N.V.,US,소비재,2026-08-28,5.42,23908700,20694245.0,0.2086,20418895872,55,60,58,72,55,1,HOLD,-0.09,-1,False,live,STOCK,33,NEUTRAL,NYSE
2026-08-30T07:56:23.073775+09:00,2026-08-30,LSCC,Lattice Semiconductor Corporation,US,반도체,2026-08-28,114.4,1175200,1715755.0,5.6057,16248263680,18,65,63,43,39,0,AVOID,-0.66,-8,True,live,STOCK,32,NEUTRAL,NASDAQ
2026-08-30T07:56:23.073775+09:00,2026-08-30,TIGO,Millicom International Cellular S.A.,US,인터넷,2026-08-28,93.38,597300,1231625.0,3.1594,15660759040,47,65,60,74,59,1,HOLD,0.35,4,False,live,STOCK,61,NEUTRAL,NASDAQ
2026-08-30T07:56:23.073775+09:00,2026-08-30,DT,"Dynatrace, Inc.",US,IT,2026-08-28,53.67,5997200,7656980.0,1.9179,15576582144,92,60,53,43,68,2,WATCH,0.99,12,False,live,STOCK,78,NEUTRAL,NYSE
2026-08-30T07:56:23.073775+09:00,2026-08-30,AKAM,"Akamai Technologies, Inc.",US,IT,2026-08-28,107.47,2583100,3565540.0,4.6757,15445224448,18,60,60,50,41,0,AVOID,-0.64,-8,True,live,STOCK,36,NEUTRAL,NASDAQ
2026-08-30T07:56:23.073775+09:00,2026-08-30,COKE,"Coca-Cola Consolidated, Inc.",US,소매,2026-08-28,198.49,577200,483020.0,6.2714,13212347392,88,60,55,53,64,1,HOLD,0.83,10,False,live,STOCK,55,NEUTRAL,NASDAQ
2026-08-30T07:56:23.073775+09:00,2026-08-30,RZC,"Reinsurance Group of America, Incorporat",US,금융,2026-08-28,25.6,22500,34585.0,0.1246,,43,60,58,50,48,0,HOLD,-0.05,-1,False,live,STOCK,40,NEUTRAL,NYSE
2026-08-30T07:56:23.073775+09:00,2026-08-30,LECO,"Lincoln Electric Holdings, Inc.",US,산업재,2026-08-28,284.9,345900,455050.0,7.535,15528416256,69,60,63,50,64,1,HOLD,0.75,9,False,live,STOCK,74,NEUTRAL,NASDAQ
2026-08-30T07:56:23.073775+09:00,2026-08-30,NBIX,"Neurocrine Biosciences, Inc.",US,제약/바이오,2026-08-28,154.06,813000,1195990.0,4.065,15660072960,47,65,63,66,51,0,HOLD,-0.07,-1,False,live,STOCK,26,NEUTRAL,NASDAQ
2026-08-30T07:56:23.073775+09:00,2026-08-30,TYL,"Tyler Technologies, Inc.",US,IT,2026-08-28,377.94,1105300,756905.0,13.6743,15477501952,66,60,60,50,65,1,HOLD,0.76,9,False,live,STOCK,84,NEUTRAL,NYSE
2026-08-30T07:56:23.073775+09:00,2026-08-30,AGI,Alamos Gold Inc.,US,소재,2026-08-28,36.75,4511800,4794345.0,1.4121,15383714816,80,60,55,60,60,1,HOLD,0.34,4,False,live,STOCK,40,NEUTRAL,NYSE
2026-08-30T07:56:23.073775+09:00,2026-08-30,ASND,Ascendis Pharma A/S,US,제약/바이오,2026-08-28,247.91,314800,493490.0,7.1239,16261118976,32,65,82,42,51,1,HOLD,0.16,2,False,live,STOCK,40,NEUTRAL,NASDAQ
2026-08-30T07:56:23.073775+09:00,2026-08-30,JAZZ,Jazz Pharmaceuticals plc,US,제약/바이오,2026-08-28,244.54,1192900,1119175.0,7.6429,15874209792,47,65,53,84,61,2,WATCH,0.33,4,False,live,STOCK,72,NEUTRAL,NASDAQ
2026-08-30T07:56:23.073775+09:00,2026-08-30,ARMK,Aramark,US,산업재,2026-08-28,58.18,1844100,2649350.0,1.5089,15337704448,54,60,60,58,52,0,HOLD,0.16,2,False,live,STOCK,32,NEUTRAL,NYSE
2026-08-30T07:56:23.073775+09:00,2026-08-30,PNFP,"Pinnacle Financial Partners, Inc.",US,금융,2026-08-28,101.09,916800,907225.0,1.9679,15275976704,47,60,60,68,56,0,HOLD,0.24,3,False,live,STOCK,54,NEUTRAL,NYSE
2026-08-30T07:56:23.073775+09:00,2026-08-30,EMA,Emera Incorporated,US,유틸리티,2026-08-28,49.9,468100,563620.0,0.6743,15326786560,31,60,55,42,42,0,AVOID,-0.33,-4,True,live,STOCK,39,NEUTRAL,NYSE
2026-08-30T07:56:23.073775+09:00,2026-08-30,LAMR,Lamar Advertising Company,US,리츠,2026-08-28,150.38,340400,647925.0,2.7479,15271041024,28,60,65,42,48,0,HOLD,-0.1,-1,False,live,STOCK,60,NEUTRAL,NASDAQ
2026-08-30T07:56:23.073775+09:00,2026-08-30,HST,"Host Hotels & Resorts, Inc.",US,리츠,2026-08-28,22.28,4349700,9788795.0,0.4193,15478506496,28,60,63,63,51,0,HOLD,-0.09,-1,False,live,STOCK,55,NEUTRAL,NASDAQ
2026-08-30T07:56:23.073775+09:00,2026-08-30,SUI,"Sun Communities, Inc.",US,리츠,2026-08-28,122.92,1358900,2028555.0,2.5357,15531273216,80,60,63,46,64,1,HOLD,0.63,8,False,live,STOCK,57,NEUTRAL,NYSE
2026-08-30T07:56:23.073775+09:00,2026-08-30,SKM,"SK Telecom Co.,Ltd",US,인터넷,2026-08-28,39.34,1218200,1881470.0,1.355,15102158848,77,65,55,74,65,2,WATCH,0.38,5,False,live,STOCK,52,NEUTRAL,NYSE
2026-08-30T07:56:23.073775+09:00,2026-08-30,TU,Telus Corp,US,인터넷,2026-08-28,9.67,6149900,7326550.0,0.2079,15230251008,40,65,55,68,53,0,HOLD,-0.18,-2,False,live,STOCK,56,NEUTRAL,NYSE
2026-08-30T07:56:23.073775+09:00,2026-08-30,MAA,"Mid-America Apartment Communities, Inc.",US,리츠,2026-08-28,129.61,845000,790885.0,2.1807,15418897408,31,60,66,53,45,0,HOLD,-0.22,-3,False,live,STOCK,26,NEUTRAL,NYSE
2026-08-30T07:56:23.073775+09:00,2026-08-30,APA,APA Corporation,US,에너지,2026-08-28,42.54,3317200,5696185.0,1.3893,14903954432,69,60,60,86,71,2,WATCH,0.87,10,False,live,STOCK,77,NEUTRAL,NASDAQ
2026-08-30T07:56:23.073775+09:00,2026-08-30,BBIO,"BridgeBio Pharma, Inc.",US,제약/바이오,2026-08-28,76.6,1922100,2093650.0,2.7516,14974763008,39,65,53,27,44,0,AVOID,0.05,1,True,live,STOCK,57,NEUTRAL,NASDAQ
2026-08-30T07:56:23.073775+09:00,2026-08-30,KEP,Korea Electric Power Corporation,US,유틸리티,2026-08-28,11.68,1090800,1026725.0,0.3586,14996281344,50,60,58,96,56,1,HOLD,-0.07,-1,False,live,STOCK,23,NEUTRAL,NYSE
2026-08-30T07:56:23.073775+09:00,2026-08-30,ULS,UL Solutions Inc.,US,산업재,2026-08-28,74.43,377100,931485.0,1.7429,15027280896,29,60,53,42,39,0,AVOID,-0.62,-7,True,live,STOCK,32,NEUTRAL,NYSE
2026-08-30T07:56:23.073775+09:00,2026-08-30,GFL,GFL Environmental Inc.,US,산업재,2026-08-28,42.83,4020000,1720005.0,1.1425,15456933888,63,60,55,42,56,0,HOLD,0.48,6,False,live,STOCK,60,NEUTRAL,NYSE
2026-08-30T07:56:23.073775+09:00,2026-08-30,EG,"Everest Group, Ltd.",US,금융,2026-08-28,377.61,265800,270765.0,6.8636,14478600192,91,60,63,100,72,2,WATCH,0.94,11,False,live,STOCK,29,NEUTRAL,NYSE
2026-08-30T07:56:23.073775+09:00,2026-08-30,MKC,"McCormick & Company, Incorporated",US,소매,2026-08-28,55.33,2002500,2337725.0,1.4214,14875556864,62,60,63,70,68,2,WATCH,0.78,9,False,live,STOCK,80,NEUTRAL,NYSE
2026-08-30T07:56:23.073775+09:00,2026-08-30,FN,Fabrinet,US,IT,2026-08-28,414.36,731200,1034480.0,34.3643,14848533504,18,60,55,50,37,0,AVOID,-0.76,-9,True,live,STOCK,27,NEUTRAL,NYSE
2026-08-30T07:56:23.073775+09:00,2026-08-30,SWK,"Stanley Black & Decker, Inc.",US,산업재,2026-08-28,97.8,1230800,1718835.0,2.5379,14769427456,51,60,60,66,63,1,HOLD,0.61,7,False,live,STOCK,84,NEUTRAL,NYSE
2026-08-30T07:56:23.073775+09:00,2026-08-30,PINS,"Pinterest, Inc.",US,인터넷,2026-08-28,23.19,6644200,10787560.0,0.7658,13132798976,44,65,48,59,53,0,HOLD,0.17,2,False,live,STOCK,69,NEUTRAL,NYSE
2026-08-30T07:56:23.073775+09:00,2026-08-30,UNM,Unum Group,US,금융,2026-08-28,93.05,1546400,1311355.0,2.1314,14730447872,84,60,66,50,69,2,WATCH,0.95,11,False,live,STOCK,71,NEUTRAL,NYSE
2026-08-30T07:56:23.073775+09:00,2026-08-30,SITM,SiTime Corporation,US,반도체,2026-08-28,557.86,339700,453870.0,41.2231,16710985728,33,65,60,30,39,0,AVOID,-0.57,-7,True,live,STOCK,26,NEUTRAL,NASDAQ
2026-08-30T07:56:23.073775+09:00,2026-08-30,HTHT,H World Group Limited,US,소비재,2026-08-28,47.82,1416600,1654535.0,1.6179,14705787904,84,60,60,74,69,2,WATCH,0.8,10,False,live,STOCK,55,NEUTRAL,NASDAQ
2026-08-30T07:56:23.073775+09:00,2026-08-30,IONQ,"IonQ, Inc.",US,IT,2026-08-28,39.2,20035500,19410960.0,2.8489,15881317376,21,60,73,50,45,1,HOLD,-0.49,-6,False,live,STOCK,32,NEUTRAL,NYSE
2026-08-30T07:56:23.073775+09:00,2026-08-30,WMG,Warner Music Group Corp.,US,인터넷,2026-08-28,28.03,1346500,2143315.0,0.8028,14662766592,72,65,58,58,65,2,WATCH,0.44,5,False,live,STOCK,70,NEUTRAL,NASDAQ
2026-08-30T07:56:23.073775+09:00,2026-08-30,UNMA,Unum Group 6.250% JR NT58,US,금융,2026-08-28,21.645,6300,21980.0,0.2159,,62,60,58,80,60,1,HOLD,0.22,3,False,live,STOCK,40,NEUTRAL,NYSE
2026-08-30T07:56:23.073775+09:00,2026-08-30,IVZ,Invesco Ltd.,US,금융,2026-08-28,32.86,2777100,4161530.0,0.8231,14507682816,69,60,60,86,70,1,HOLD,0.83,10,False,live,STOCK,69,NEUTRAL,NYSE
2026-08-30T07:56:23.073775+09:00,2026-08-30,CRBG,"Corebridge Financial, Inc.",US,금융,2026-08-28,32.61,1880900,4489280.0,0.7993,14536514560,48,60,53,58,59,1,HOLD,0.47,6,False,live,STOCK,84,NEUTRAL,NYSE
2026-08-30T07:56:23.073775+09:00,2026-08-30,LTM,LATAM Airlines Group S.A.,US,산업재,2026-08-28,50.53,832600,834090.0,1.4586,,28,60,53,62,41,0,AVOID,-0.46,-6,True,live,STOCK,23,NEUTRAL,NYSE
2026-08-30T07:56:23.073775+09:00,2026-08-30,AIZN,"Assurant, Inc. 5.25% Subordinat",US,금융,2026-08-28,18.59,9700,11045.0,0.2312,,50,60,55,50,50,0,HOLD,-0.05,-1,False,live,STOCK,40,NEUTRAL,NYSE
2026-08-30T07:56:23.073775+09:00,2026-08-30,CNH,CNH Industrial N.V.,US,산업재,2026-08-28,11.68,12221800,16848030.0,0.4321,18783293440,91,60,55,58,68,1,HOLD,0.95,11,False,live,STOCK,64,NEUTRAL,NYSE
2026-08-30T07:56:23.073775+09:00,2026-08-30,DOC,"Healthpeak Properties, Inc.",US,리츠,2026-08-28,20.96,3090200,4956295.0,0.3665,14859534336,54,60,55,53,54,0,HOLD,0.28,3,False,live,STOCK,51,NEUTRAL,NYSE
2026-08-30T07:56:23.073775+09:00,2026-08-30,MAS,Masco Corporation,US,소재,2026-08-28,73.25,1314000,1981770.0,1.7774,14443978752,32,60,73,68,61,2,WATCH,0.34,4,False,live,STOCK,78,NEUTRAL,NYSE
2026-08-30T07:56:23.073775+09:00,2026-08-30,STRL,"Sterling Infrastructure, Inc.",US,산업재,2026-08-28,470.52,474800,674690.0,29.3493,14392509440,18,60,68,58,44,0,AVOID,-0.56,-7,True,live,STOCK,32,NEUTRAL,NASDAQ
2026-08-30T07:56:23.073775+09:00,2026-08-30,CSL,Carlisle Companies Incorporated,US,소재,2026-08-28,356.53,374700,398900.0,10.6252,14159279104,47,60,60,50,50,0,HOLD,0.07,1,False,live,STOCK,40,NEUTRAL,NYSE
2026-08-30T07:56:23.073775+09:00,2026-08-30,TLK,Perusahaan Perseroan (Persero) PT Teleko,US,인터넷,2026-08-28,14.58,436100,620750.0,0.2414,14373101568,46,65,55,63,57,0,HOLD,0.13,2,False,live,STOCK,69,NEUTRAL,NYSE
2026-08-30T07:56:23.073775+09:00,2026-08-30,RVTY,"Revvity, Inc.",US,제약/바이오,2026-08-28,128.8,1576300,1533275.0,3.5136,14372328448,82,65,63,51,72,2,WATCH,1.07,13,False,live,STOCK,90,NEUTRAL,NYSE
2026-08-30T07:56:23.073775+09:00,2026-08-30,GRAB,Grab Holdings Limited,US,IT,2026-08-28,3.61,26906600,38717840.0,0.1182,14769599488,50,60,50,66,58,1,HOLD,0.23,3,False,live,STOCK,75,NEUTRAL,NASDAQ
2026-08-30T07:56:23.073775+09:00,2026-08-30,ARCC,Ares Capital Corporation,US,금융,2026-08-28,19.95,4035300,3955765.0,0.235,14324556800,62,60,53,71,66,2,WATCH,0.61,7,False,live,STOCK,84,NEUTRAL,NASDAQ
2026-08-30T07:56:23.073775+09:00,2026-08-30,TXT,Textron Inc.,US,산업재,2026-08-28,83.04,1983400,1382095.0,1.8336,14281793536,20,60,63,68,44,0,AVOID,-0.49,-6,True,live,STOCK,26,NEUTRAL,NYSE
2026-08-30T07:56:23.073775+09:00,2026-08-30,PAG,"Penske Automotive Group, Inc.",US,소비재,2026-08-28,217.01,258200,322190.0,2.7507,14249499648,73,60,66,60,66,1,HOLD,0.8,10,False,live,STOCK,60,NEUTRAL,NYSE
2026-08-30T07:56:23.073775+09:00,2026-08-30,KKRS,KKR Group Finance Co. IX LLC 4.,US,금융,2026-08-28,16.03,22200,26020.0,0.1522,,31,60,58,50,45,0,HOLD,-0.25,-3,False,live,STOCK,40,NEUTRAL,NYSE
2026-08-30T07:56:23.073775+09:00,2026-08-30,TRMB,Trimble Inc.,US,IT,2026-08-28,61.01,2532700,2759995.0,2.1414,14226301952,80,60,63,60,72,2,WATCH,0.89,11,False,live,STOCK,83,NEUTRAL,NASDAQ
2026-08-30T07:56:23.073775+09:00,2026-08-30,W,Wayfair Inc.,US,소비재,2026-08-28,103.76,1852100,3399690.0,4.2256,14211806208,66,60,50,45,57,0,HOLD,0.52,6,False,live,STOCK,66,NEUTRAL,NYSE
2026-08-30T07:56:23.073775+09:00,2026-08-30,AIZ,"Assurant, Inc.",US,금융,2026-08-28,285.65,229400,380825.0,5.8264,14089333760,62,60,63,68,62,0,HOLD,0.6,7,False,live,STOCK,55,NEUTRAL,NYSE
2026-08-30T07:56:23.073775+09:00,2026-08-30,SJM,The J. M. Smucker Company,US,소매,2026-08-28,132.34,1449200,1247075.0,3.5535,14136979456,77,60,50,51,65,2,WATCH,0.81,10,False,live,STOCK,83,NEUTRAL,NYSE
2026-08-30T07:56:23.073775+09:00,2026-08-30,VIRT,"Virtu Financial, Inc.",US,금융,2026-08-28,66.39,963000,1547575.0,3.2259,5862282240,70,60,63,70,68,3,WATCH,0.84,10,False,live,STOCK,72,NEUTRAL,NYSE
2026-08-30T07:56:23.073775+09:00,2026-08-30,CHKP,Check Point Software Technologies Ltd.,US,IT,2026-08-28,138.32,1145000,939565.0,4.2393,14122560512,69,60,50,60,64,1,HOLD,0.51,6,False,live,STOCK,81,NEUTRAL,NASDAQ
2026-08-30T07:56:23.073775+09:00,2026-08-30,AEFC,Aegon Funding Company LLC,US,금융,2026-08-28,18.1,108500,54235.0,0.2149,,50,60,55,50,50,0,HOLD,-0.09,-1,False,live,STOCK,40,NEUTRAL,NYSE
2026-08-30T07:56:23.073775+09:00,2026-08-30,LOGI,Logitech International S.A.,US,IT,2026-08-28,97.96,480200,766430.0,2.7193,14026729472,30,60,60,58,50,0,HOLD,-0.28,-3,False,live,STOCK,59,NEUTRAL,NASDAQ
2026-08-30T07:56:23.073775+09:00,2026-08-30,FIG,"Figma, Inc.",US,IT,2026-08-28,28.82,19075200,21280380.0,1.7276,15361343488,84,60,50,30,63,2,WATCH,0.73,9,False,live,STOCK,84,NEUTRAL,NYSE
2026-08-30T07:56:23.073775+09:00,2026-08-30,CRL,Charles River Laboratories International,US,제약/바이오,2026-08-28,291.5,659800,979530.0,9.6129,14040892416,73,65,50,58,67,2,WATCH,0.85,10,False,live,STOCK,93,NEUTRAL,NYSE
2026-08-30T07:56:23.073775+09:00,2026-08-30,QXO,"QXO, Inc.",US,산업재,2026-08-28,13.52,9239900,16546910.0,0.7136,14026874880,15,60,63,37,37,0,AVOID,-0.74,-9,True,live,STOCK,30,NEUTRAL,NYSE
2026-08-30T07:56:23.073775+09:00,2026-08-30,BWXT,"BWX Technologies, Inc.",US,산업재,2026-08-28,152.85,870000,1043270.0,5.5707,14004420608,18,60,50,42,34,0,AVOID,-0.84,-10,True,live,STOCK,26,NEUTRAL,NYSE
2026-08-30T07:56:23.073775+09:00,2026-08-30,MLI,"Mueller Industries, Inc.",US,산업재,2026-08-28,62.8,1213000,1104065.0,2.0543,13890191360,40,60,53,55,50,0,HOLD,-0.06,-1,False,live,STOCK,55,NEUTRAL,NYSE
2026-08-30T07:56:23.073775+09:00,2026-08-30,COO,"The Cooper Companies, Inc.",US,제약/바이오,2026-08-28,71.17,1011300,1678765.0,1.4029,13880329216,39,65,63,51,52,0,HOLD,0.24,3,False,live,STOCK,58,NEUTRAL,NASDAQ
2026-08-30T07:56:23.073775+09:00,2026-08-30,CACI,CACI International Inc,US,IT,2026-08-28,628.2,198600,296580.0,19.3243,13882931200,55,60,55,53,61,1,HOLD,0.59,7,False,live,STOCK,87,NEUTRAL,NYSE
2026-08-30T07:56:23.073775+09:00,2026-08-30,TKO,"TKO Group Holdings, Inc.",US,인터넷,2026-08-28,184.64,641300,1155335.0,5.4,34946760704,43,65,53,43,51,0,HOLD,-0.11,-1,False,live,STOCK,68,NEUTRAL,NYSE
2026-08-30T07:56:23.073775+09:00,2026-08-30,AEG,Aegon Ltd.,US,금융,2026-08-28,9.19,9004100,4294080.0,0.1293,13646180352,44,60,50,47,48,0,HOLD,0.08,1,False,live,STOCK,51,NEUTRAL,NYSE
2026-08-30T07:56:23.073775+09:00,2026-08-30,REG,Regency Centers Corporation,US,리츠,2026-08-28,75.52,847900,1191480.0,0.8793,14119122944,28,60,63,58,47,0,HOLD,-0.22,-3,False,live,STOCK,39,NEUTRAL,NASDAQ
2026-08-30T07:56:23.073775+09:00,2026-08-30,ECHO,EchoStar Corporation,US,인터넷,2026-08-28,86.84,2273300,3590160.0,2.8586,25226213376,40,65,48,62,48,0,HOLD,-0.35,-4,False,live,STOCK,46,NEUTRAL,NASDAQ
2026-08-30T07:56:23.073775+09:00,2026-08-30,BNT,Brookfield Wealth Solutions Ltd.,US,금융,2026-08-28,41.37,15600,12080.0,0.7582,11350852608,35,60,55,60,47,0,HOLD,-0.31,-4,False,live,STOCK,40,NEUTRAL,NYSE
2026-08-30T07:56:23.073775+09:00,2026-08-30,OHI,"Omega Healthcare Investors, Inc.",US,리츠,2026-08-28,45.99,915700,1662745.0,0.7729,14684482560,25,60,63,55,48,0,HOLD,-0.12,-1,False,live,STOCK,55,NEUTRAL,NYSE
2026-08-30T07:56:23.073775+09:00,2026-08-30,RNR,RenaissanceRe Holdings Ltd.,US,금융,2026-08-28,330.74,184200,238830.0,5.7093,13742872576,88,60,53,73,63,2,WATCH,0.7,8,False,live,STOCK,29,NEUTRAL,NYSE
2026-08-30T07:56:23.073775+09:00,2026-08-30,LULU,Lululemon Athletica Inc.,US,소비재,2026-08-28,120.81,3910300,2815895.0,4.365,13718449152,43,60,65,86,58,1,HOLD,0.0,0,False,live,STOCK,40,NEUTRAL,NASDAQ
2026-08-30T07:56:23.073775+09:00,2026-08-30,XELLL,Xcel Energy Inc. 6.25% Junior Subordinat,US,유틸리티,2026-08-28,22.5,75400,63400.0,0.2769,,28,60,55,60,45,0,HOLD,-0.36,-4,False,live,STOCK,40,NEUTRAL,NASDAQ
2026-08-30T07:56:23.073775+09:00,2026-08-30,EQH,"Equitable Holdings, Inc.",US,금융,2026-08-28,50.2,1243000,2690310.0,1.2167,13692843008,48,60,56,62,60,1,HOLD,0.51,6,False,live,STOCK,84,NEUTRAL,NYSE
2026-08-30T07:56:23.073775+09:00,2026-08-30,EXEL,"Exelixis, Inc.",US,제약/바이오,2026-08-28,54.45,1486400,2605960.0,1.3943,13491714048,76,65,63,76,71,3,BUY,0.85,10,False,live,STOCK,71,NEUTRAL,NASDAQ
2026-08-30T07:56:23.073775+09:00,2026-08-30,HL,Hecla Mining Company,US,소재,2026-08-28,20.38,28531500,38155960.0,1.037,13690640384,84,60,40,53,65,2,WATCH,0.84,10,False,live,STOCK,87,NEUTRAL,NYSE
2026-08-30T07:56:23.073775+09:00,2026-08-30,TOL,"Toll Brothers, Inc.",US,소비재,2026-08-28,146.22,816400,870475.0,4.4636,13506049024,32,60,60,70,54,1,HOLD,0.09,1,False,live,STOCK,62,NEUTRAL,NYSE
2026-08-30T07:56:23.073775+09:00,2026-08-30,RPM,RPM International Inc.,US,소재,2026-08-28,106.65,1119200,975695.0,2.9021,13613126656,35,60,60,58,48,0,HOLD,-0.11,-1,False,live,STOCK,40,NEUTRAL,NYSE
2026-08-30T07:56:23.073775+09:00,2026-08-30,AVY,Avery Dennison Corporation,US,소비재,2026-08-28,177.75,775400,721505.0,4.7514,13471342592,47,60,55,58,58,1,HOLD,0.43,5,False,live,STOCK,78,NEUTRAL,NYSE
2026-08-30T07:56:23.073775+09:00,2026-08-30,LII,Lennox International Inc.,US,산업재,2026-08-28,393.39,370400,499700.0,11.6586,13595825152,40,60,63,52,45,0,HOLD,-0.41,-5,False,live,STOCK,20,NEUTRAL,NYSE
2026-08-30T07:56:23.073775+09:00,2026-08-30,BMNR,"Bitmine Immersion Technologies, Inc.",US,금융,2026-08-28,23.8,51319400,38933260.0,1.4296,14356787200,73,60,63,42,66,2,WATCH,0.88,11,False,live,STOCK,86,NEUTRAL,NYSE
2026-08-30T07:56:23.073775+09:00,2026-08-30,SGI,Somnigroup International Inc,US,소비재,2026-08-28,64.37,8545400,3597385.0,2.1282,13541227520,50,60,68,74,55,1,HOLD,0.02,0,False,live,STOCK,26,NEUTRAL,NYSE
2026-08-30T07:56:23.073775+09:00,2026-08-30,BAX,Baxter International Inc.,US,제약/바이오,2026-08-28,26.13,3960400,6342395.0,0.669,13509104640,48,65,66,63,62,1,HOLD,0.58,7,False,live,STOCK,78,NEUTRAL,NYSE
2026-08-30T07:56:23.073775+09:00,2026-08-30,ONTO,Onto Innovation Inc.,US,반도체,2026-08-28,270.79,1083400,1093260.0,20.3152,16551615488,35,65,63,43,46,0,HOLD,-0.1,-1,False,live,STOCK,39,NEUTRAL,NYSE
2026-08-30T07:56:23.073775+09:00,2026-08-30,TLN,Talen Energy Corporation,US,유틸리티,2026-08-28,296.105,684400,869780.0,16.0352,14187652096,10,60,73,70,50,2,HOLD,-0.41,-5,False,live,STOCK,55,NEUTRAL,NASDAQ
2026-08-30T07:56:23.073775+09:00,2026-08-30,GL,Globe Life Inc.,US,금융,2026-08-28,172.79,454900,520850.0,3.6214,13278815232,29,60,50,78,50,1,HOLD,0.02,0,False,live,STOCK,54,NEUTRAL,NYSE
2026-08-30T07:56:23.073775+09:00,2026-08-30,UHAL,U-Haul Holding Company,US,산업재,2026-08-28,68.59,110900,154520.0,1.6043,13408947200,43,60,63,35,52,0,HOLD,0.28,3,False,live,STOCK,64,NEUTRAL,NYSE
2026-08-30T07:56:23.073775+09:00,2026-08-30,SEIC,SEI Investments Company,US,금융,2026-08-28,111.63,660700,590385.0,1.6364,13397741568,77,60,45,50,63,2,WATCH,0.76,9,False,live,STOCK,83,NEUTRAL,NASDAQ
2026-08-30T07:56:23.073775+09:00,2026-08-30,ALLE,Allegion plc,US,산업재,2026-08-28,157.48,1202000,1086095.0,3.7171,13391592448,51,60,45,58,53,0,HOLD,0.27,3,False,live,STOCK,61,NEUTRAL,NYSE
2026-08-30T07:56:23.073775+09:00,2026-08-30,FIVE,"Five Below, Inc.",US,소비재,2026-08-28,241.89,1022800,977035.0,9.1764,13375392768,62,60,68,66,66,0,HOLD,0.64,8,False,live,STOCK,69,NEUTRAL,NASDAQ
2026-08-30T07:56:23.073775+09:00,2026-08-30,HUBS,"HubSpot, Inc.",US,IT,2026-08-28,260.68,1299800,2098065.0,14.0821,13344393216,77,60,55,51,67,2,WATCH,0.66,8,False,live,STOCK,84,NEUTRAL,NYSE
2026-08-30T07:56:23.073775+09:00,2026-08-30,SREA,Sempra,US,유틸리티,2026-08-28,20.45,90000,54755.0,0.1734,,53,60,58,50,51,0,HOLD,0.01,0,False,live,STOCK,40,NEUTRAL,NYSE
2026-08-30T07:56:23.073775+09:00,2026-08-30,BIPI,BIP Bermuda Holdings I Limited,US,산업재,2026-08-28,16.79,4900,14830.0,0.1521,,65,60,55,50,54,0,HOLD,0.23,3,False,live,STOCK,40,NEUTRAL,NYSE
2026-08-30T07:56:23.073775+09:00,2026-08-30,CNA,CNA Financial Corporation,US,금융,2026-08-28,49.31,371500,380450.0,0.8703,13343332352,44,60,60,86,57,1,HOLD,0.31,4,False,live,STOCK,45,NEUTRAL,NYSE
2026-08-30T07:56:23.073775+09:00,2026-08-30,EMBJ,Embraer S.A.,US,산업재,2026-08-28,72.54,1773600,1354130.0,2.27,12909090816,51,60,55,61,56,0,HOLD,0.38,5,False,live,STOCK,60,NEUTRAL,NYSE
2026-08-30T07:56:23.073775+09:00,2026-08-30,HAS,"Hasbro, Inc.",US,소비재,2026-08-28,94.23,901000,1524480.0,2.2286,13290619904,55,60,45,60,54,0,HOLD,0.28,3,False,live,STOCK,61,NEUTRAL,NASDAQ
2026-08-30T07:56:23.073775+09:00,2026-08-30,IT,"Gartner, Inc.",US,IT,2026-08-28,198.39,610200,1535310.0,8.2357,12528124928,55,60,45,84,64,2,WATCH,0.54,6,False,live,STOCK,87,NEUTRAL,NYSE
2026-08-30T07:56:23.073775+09:00,2026-08-30,AA,Alcoa Corporation,US,소재,2026-08-28,50.32,2415000,4996470.0,2.4876,13279923200,63,60,63,73,62,1,HOLD,0.19,2,False,live,STOCK,49,NEUTRAL,NYSE
2026-08-30T07:56:23.073775+09:00,2026-08-30,DTM,"DT Midstream, Inc.",US,에너지,2026-08-28,129.53,837700,1057965.0,3.9954,13214041088,50,60,65,50,52,0,HOLD,-0.02,0,False,live,STOCK,35,NEUTRAL,NYSE
2026-08-30T07:56:23.073775+09:00,2026-08-30,MAIR,Madison Air Solutions Corporation,US,산업재,2026-08-28,26.33,1918300,2768485.0,1.9543,13210356736,18,60,70,43,39,1,AVOID,-0.67,-8,True,live,STOCK,20,NEUTRAL,NYSE
2026-08-30T07:56:23.073775+09:00,2026-08-30,TME,Tencent Music Entertainment Group,US,인터넷,2026-08-28,8.56,6689800,12197330.0,0.3829,14026040320,32,65,58,78,56,1,HOLD,-0.09,-1,False,live,STOCK,66,NEUTRAL,NYSE
2026-08-30T07:56:23.073775+09:00,2026-08-30,BWA,BorgWarner Inc.,US,소비재,2026-08-28,64.09,1352000,2204645.0,2.1393,13052976128,40,60,63,74,50,1,HOLD,-0.24,-3,False,live,STOCK,23,NEUTRAL,NYSE
2026-08-30T07:56:23.073775+09:00,2026-08-30,QNT,Quantinuum Inc. Class A Common Stock,US,IT,2026-08-28,49.92,1477900,1546795.0,4.97,13144342528,31,60,65,58,49,0,HOLD,-0.14,-2,False,live,STOCK,41,NEUTRAL,NASDAQ
2026-08-30T07:56:23.073775+09:00,2026-08-30,TXRH,"Texas Roadhouse, Inc.",US,소비재,2026-08-28,198.99,435200,799075.0,4.8179,13061889024,47,60,53,50,51,0,HOLD,0.21,3,False,live,STOCK,55,NEUTRAL,NASDAQ
2026-08-30T07:56:23.073775+09:00,2026-08-30,CSGP,"CoStar Group, Inc.",US,리츠,2026-08-28,32.22,4336700,5570475.0,1.3857,13055467520,51,60,63,51,50,0,HOLD,-0.06,-1,False,live,STOCK,28,NEUTRAL,NASDAQ
2026-08-30T07:56:23.073775+09:00,2026-08-30,WSE,Wise Group plc Class A Ordinary Shares,US,IT,2026-08-28,13.04,914900,1014135.0,0.3657,12827831296,84,60,75,45,67,2,WATCH,0.84,10,False,live,STOCK,52,NEUTRAL,NASDAQ
2026-08-30T07:56:23.073775+09:00,2026-08-30,MANH,"Manhattan Associates, Inc.",US,IT,2026-08-28,223.28,568300,885750.0,7.4171,13018334208,77,60,50,35,64,2,WATCH,0.83,10,False,live,STOCK,93,NEUTRAL,NASDAQ
2026-08-30T07:56:23.073775+09:00,2026-08-30,ICLR,ICON Public Limited Company,US,제약/바이오,2026-08-28,170.02,314600,555630.0,6.5564,13117758464,73,65,50,51,63,2,WATCH,0.74,9,False,live,STOCK,81,NEUTRAL,NASDAQ
2026-08-30T07:56:23.073775+09:00,2026-08-30,HBM,Hudbay Minerals Inc.,US,소재,2026-08-28,29.29,4970000,4656010.0,1.3107,13009000448,87,60,60,58,70,1,HOLD,0.73,9,False,live,STOCK,69,NEUTRAL,NYSE
2026-08-30T07:56:23.073775+09:00,2026-08-30,DOCN,"DigitalOcean Holdings, Inc.",US,IT,2026-08-28,111.21,2101500,2613985.0,9.0938,13076022272,18,60,63,26,37,0,AVOID,-0.68,-8,True,live,STOCK,38,NEUTRAL,NYSE
2026-08-30T07:56:23.073775+09:00,2026-08-30,NXT,Nextpower Inc.,US,에너지,2026-08-28,85.44,1205900,2256060.0,4.3906,13126860800,10,60,53,53,36,0,AVOID,-0.84,-10,True,live,STOCK,32,NEUTRAL,NASDAQ
2026-08-30T07:56:23.073775+09:00,2026-08-30,GDDY,GoDaddy Inc.,US,IT,2026-08-28,97.7,2044700,1978340.0,4.2279,12373480448,84,60,53,76,74,3,BUY,0.95,11,False,live,STOCK,90,NEUTRAL,NYSE
2026-08-30T07:56:23.073775+09:00,2026-08-30,CCK,"Crown Holdings, Inc.",US,소비재,2026-08-28,118.44,639500,784980.0,2.5836,12881595392,51,60,60,84,64,1,HOLD,0.57,7,False,live,STOCK,69,NEUTRAL,NYSE
2026-08-30T07:56:23.073775+09:00,2026-08-30,GGG,Graco Inc.,US,산업재,2026-08-28,79.29,1798400,1468635.0,1.6486,12841318400,39,60,63,50,50,0,HOLD,0.07,1,False,live,STOCK,48,NEUTRAL,NYSE
2026-08-30T07:56:23.073775+09:00,2026-08-30,ALLY,Ally Financial Inc.,US,금융,2026-08-28,42.18,2235300,2813985.0,0.7978,12831142912,28,60,63,96,60,1,HOLD,0.13,2,False,live,STOCK,68,NEUTRAL,NYSE
2026-08-30T07:56:23.073775+09:00,2026-08-30,WSO,"Watsco, Inc.",US,산업재,2026-08-28,310.76,416100,483270.0,9.545,12819531776,47,60,63,50,48,0,HOLD,-0.24,-3,False,live,STOCK,27,NEUTRAL,NYSE
2026-08-30T07:56:23.073775+09:00,2026-08-30,FNF,"Fidelity National Financial, Inc.",US,금융,2026-08-28,47.55,1101000,1524845.0,0.8564,12752569344,28,60,63,84,48,1,HOLD,-0.22,-3,False,live,STOCK,19,NEUTRAL,NYSE
2026-08-30T07:56:23.073775+09:00,2026-08-30,PEN,"Penumbra, Inc.",US,제약/바이오,2026-08-28,321.68,234100,264465.0,2.1052,12670789632,43,65,55,30,50,1,HOLD,0.05,1,False,live,STOCK,72,NEUTRAL,NYSE
2026-08-30T07:56:23.073775+09:00,2026-08-30,IREN,IREN Limited,US,IT,2026-08-28,35.45,89605900,45252795.0,3.4821,12669074432,21,60,73,45,41,1,AVOID,-0.59,-7,True,live,STOCK,20,NEUTRAL,NASDAQ
2026-08-30T07:56:23.073775+09:00,2026-08-30,CHYM,"Chime Financial, Inc. Class A Common Sto",US,IT,2026-08-28,33.2,5009300,9807930.0,1.2365,12569026560,73,60,55,62,68,2,WATCH,0.87,10,False,live,STOCK,86,NEUTRAL,NASDAQ
2026-08-30T07:56:23.073775+09:00,2026-08-30,HMY,Harmony Gold Mining Company Limited,US,소재,2026-08-28,20.23,5933500,3626445.0,0.9957,12643293184,55,60,50,86,61,1,HOLD,0.49,6,False,live,STOCK,63,NEUTRAL,NYSE
2026-08-30T07:56:23.073775+09:00,2026-08-30,WBS,Webster Financial Corporation,US,금융,2026-08-20,77.57,0,10126728.95,0.7775,12568934400,69,60,55,60,57,0,HOLD,0.36,4,False,live,STOCK,39,NEUTRAL,NYSE
2026-08-30T07:56:23.073775+09:00,2026-08-30,DKNG,DraftKings Inc.,US,소비재,2026-08-28,25.26,19896400,13128770.0,1.2294,12540429312,72,60,60,60,68,2,WATCH,0.63,8,False,live,STOCK,84,NEUTRAL,NASDAQ
2026-08-30T07:56:23.073775+09:00,2026-08-30,AGNC,AGNC Investment Corp.,US,리츠,2026-08-28,10.9,20306500,15498925.0,0.145,12921747456,69,60,60,65,62,0,HOLD,0.57,7,False,live,STOCK,54,NEUTRAL,NASDAQ
2026-08-30T07:56:23.073775+09:00,2026-08-30,BMRN,BioMarin Pharmaceutical Inc.,US,제약/바이오,2026-08-28,64.67,1098400,2252085.0,1.7557,12517447680,44,65,66,51,58,1,HOLD,0.44,5,False,live,STOCK,72,NEUTRAL,NASDAQ
2026-08-30T07:56:23.073775+09:00,2026-08-30,HALO,"Halozyme Therapeutics, Inc.",US,제약/바이오,2026-08-28,105.35,1681800,2376840.0,2.6943,11957014528,73,65,53,50,65,2,WATCH,0.81,10,False,live,STOCK,87,NEUTRAL,NASDAQ
2026-08-30T07:56:23.073775+09:00,2026-08-30,FMS,Fresenius Medical Care AG & Co. KGaA,US,제약/바이오,2026-08-28,23.1,715600,814375.0,0.35,12294267904,24,65,58,94,47,1,HOLD,-0.23,-3,False,live,STOCK,16,NEUTRAL,NYSE
2026-08-30T07:56:23.073775+09:00,2026-08-30,CLX,The Clorox Company,US,소매,2026-08-28,102.53,1866000,2514290.0,2.5411,12399055872,44,60,60,50,55,1,HOLD,0.37,4,False,live,STOCK,71,NEUTRAL,NYSE
2026-08-30T07:56:23.073775+09:00,2026-08-30,ELS,"Equity LifeStyle Properties, Inc.",US,리츠,2026-08-28,63.74,1976800,1264405.0,0.8971,12780565504,50,60,55,45,52,0,HOLD,0.15,2,False,live,STOCK,55,NEUTRAL,NYSE
2026-08-30T07:56:23.073775+09:00,2026-08-30,MICC,The Magnum Ice Cream Company N.V.,US,소매,2026-08-28,20.18,433100,718965.0,0.3795,12329337856,88,60,63,50,66,1,HOLD,0.9,11,False,live,STOCK,55,NEUTRAL,NYSE
2026-08-30T07:56:23.073775+09:00,2026-08-30,LI,Li Auto Inc.,US,소비재,2026-08-28,12.23,1764900,2688400.0,0.3384,11977158656,30,60,55,60,43,0,AVOID,-0.55,-7,True,live,STOCK,27,NEUTRAL,NASDAQ
2026-08-30T07:56:23.073775+09:00,2026-08-30,IESC,"IES Holdings, Inc.",US,산업재,2026-08-28,309.8,179100,188280.0,61.6929,12345129984,25,60,45,42,43,0,AVOID,-0.5,-6,True,live,STOCK,68,NEUTRAL,NASDAQ
2026-08-30T07:56:23.073775+09:00,2026-08-30,MDGL,"Madrigal Pharmaceuticals, Inc.",US,제약/바이오,2026-08-28,533.76,268700,294835.0,20.1757,12332058624,76,65,50,26,54,1,HOLD,0.46,6,False,live,STOCK,55,NEUTRAL,NASDAQ
2026-08-30T07:56:23.073775+09:00,2026-08-30,SF,Stifel Financial Corp,US,금융,2026-08-28,81.29,1138600,976855.0,1.685,12274930688,47,60,52,76,56,1,HOLD,0.3,4,False,live,STOCK,54,NEUTRAL,NYSE
2026-08-30T07:56:23.073775+09:00,2026-08-30,TTMI,"TTM Technologies, Inc.",US,IT,2026-08-28,118.65,1355800,3046160.0,8.8264,12499642368,40,60,56,50,44,0,AVOID,-0.45,-5,True,live,STOCK,26,NEUTRAL,NASDAQ
2026-08-30T07:56:23.073775+09:00,2026-08-30,CORT,Corcept Therapeutics Incorporated,US,제약/바이오,2026-08-28,113.88,917900,880090.0,3.9521,12310245376,51,65,63,43,57,0,HOLD,0.46,6,False,live,STOCK,69,NEUTRAL,NASDAQ
2026-08-30T07:56:23.073775+09:00,2026-08-30,WTS,"Watts Water Technologies, Inc.",US,산업재,2026-08-28,366.34,228100,190290.0,7.9679,12229545984,44,60,73,45,49,1,HOLD,0.15,2,False,live,STOCK,23,NEUTRAL,NYSE
2026-08-30T07:56:23.073775+09:00,2026-08-30,DOCU,"DocuSign, Inc.",US,IT,2026-08-28,64.0,3771500,2885400.0,2.6954,12220454912,62,60,50,66,61,0,HOLD,0.52,6,False,live,STOCK,69,NEUTRAL,NASDAQ
2026-08-30T07:56:23.073775+09:00,2026-08-30,SMTC,Semtech Corporation,US,반도체,2026-08-28,131.17,3067300,3180685.0,11.4286,12241521664,50,65,66,35,51,0,HOLD,-0.07,-1,False,live,STOCK,47,NEUTRAL,NASDAQ
2026-08-30T07:56:23.073775+09:00,2026-08-30,SNN,Smith & Nephew plc,US,제약/바이오,2026-08-28,28.97,1488300,1351310.0,0.4921,12124129280,28,65,60,58,46,0,HOLD,-0.28,-3,False,live,STOCK,38,NEUTRAL,NYSE
2026-08-30T07:56:23.073775+09:00,2026-08-30,JKHY,"Jack Henry & Associates, Inc.",US,IT,2026-08-28,169.73,901800,966270.0,5.2143,12059449344,88,60,63,50,72,2,WATCH,1.1,13,False,live,STOCK,83,NEUTRAL,NASDAQ
2026-08-30T07:56:23.073775+09:00,2026-08-30,GLPI,"Gaming and Leisure Properties, Inc.",US,리츠,2026-08-28,42.56,2522200,2772530.0,0.7991,12746772480,28,60,60,60,46,0,HOLD,-0.34,-4,False,live,STOCK,39,NEUTRAL,NASDAQ
2026-08-30T07:56:23.073775+09:00,2026-08-30,AMH,American Homes 4 Rent,US,리츠,2026-08-28,33.54,1124500,2053685.0,0.5164,13749790720,46,60,75,58,54,1,HOLD,0.17,2,False,live,STOCK,32,NEUTRAL,NYSE
2026-08-30T07:56:23.073775+09:00,2026-08-30,ELAN,Elanco Animal Health Incorporated,US,제약/바이오,2026-08-28,24.11,4165400,8351135.0,0.7586,12041729024,72,65,72,53,67,2,WATCH,0.67,8,False,live,STOCK,64,NEUTRAL,NYSE
2026-08-30T07:56:23.073775+09:00,2026-08-30,ERIE,Erie Indemnity Company,US,금융,2026-08-28,260.4,224300,239340.0,8.965,13616281600,66,60,72,58,68,2,WATCH,0.87,10,False,live,STOCK,77,NEUTRAL,NASDAQ
2026-08-30T07:56:23.073775+09:00,2026-08-30,EHC,Encompass Health Corporation,US,제약/바이오,2026-08-28,120.85,887900,1021815.0,2.3993,11922260992,51,65,45,58,56,1,HOLD,0.39,5,False,live,STOCK,78,NEUTRAL,NYSE
2026-08-30T07:56:23.073775+09:00,2026-08-30,ARWR,"Arrowhead Pharmaceuticals, Inc.",US,제약/바이오,2026-08-28,84.91,1282200,1114005.0,2.9047,11993917440,50,65,60,42,49,0,HOLD,0.17,2,False,live,STOCK,39,NEUTRAL,NASDAQ
2026-08-30T07:56:23.073775+09:00,2026-08-30,FROG,JFrog Ltd.,US,IT,2026-08-28,98.74,2608500,2202265.0,5.719,12174771200,91,60,60,27,66,2,WATCH,0.94,11,False,live,STOCK,77,NEUTRAL,NASDAQ
2026-08-30T07:56:23.073775+09:00,2026-08-30,CR,Crane Company,US,산업재,2026-08-28,207.0,368800,376955.0,5.95,11964674048,24,60,63,58,47,0,HOLD,-0.03,0,False,live,STOCK,48,NEUTRAL,NYSE
2026-08-30T07:56:23.073775+09:00,2026-08-30,DECK,Deckers Outdoor Corporation,US,소비재,2026-08-28,87.76,2594200,2377910.0,2.87,11951320064,18,60,63,68,43,0,AVOID,-0.62,-7,True,live,STOCK,26,NEUTRAL,NYSE
2026-08-30T07:56:23.073775+09:00,2026-08-30,AFG,"American Financial Group, Inc.",US,금융,2026-08-28,143.62,371700,350515.0,2.4657,11909180416,47,60,53,60,60,1,HOLD,0.47,6,False,live,STOCK,90,NEUTRAL,NYSE
2026-08-30T07:56:23.073775+09:00,2026-08-30,UDR,"UDR, Inc.",US,리츠,2026-08-28,37.12,1935800,2827750.0,0.5519,13636559872,53,60,60,53,50,0,HOLD,0.05,1,False,live,STOCK,30,NEUTRAL,NYSE
2026-08-30T07:56:23.073775+09:00,2026-08-30,AIT,"Applied Industrial Technologies, Inc.",US,산업재,2026-08-28,322.22,510000,269915.0,9.8536,11825105920,39,60,60,58,51,0,HOLD,0.06,1,False,live,STOCK,48,NEUTRAL,NYSE
2026-08-30T07:56:23.073775+09:00,2026-08-30,IAG,Iamgold Corporation,US,소재,2026-08-28,20.59,6645200,6321455.0,0.9443,11756890112,84,60,55,81,75,3,BUY,1.1,13,False,live,STOCK,87,NEUTRAL,NYSE
2026-08-30T07:56:23.073775+09:00,2026-08-30,AMKR,"Amkor Technology, Inc.",US,반도체,2026-08-28,47.88,5306100,4302620.0,3.2514,11895905280,43,65,50,58,44,0,AVOID,-0.46,-6,True,live,STOCK,23,NEUTRAL,NASDAQ
2026-08-30T07:56:23.073775+09:00,2026-08-30,CART,Maplebear Inc.,US,IT,2026-08-28,50.54,2075200,4480670.0,1.7354,11700013056,84,60,50,66,69,2,WATCH,0.92,11,False,live,STOCK,77,NEUTRAL,NASDAQ
2026-08-30T07:56:23.073775+09:00,2026-08-30,EGO,Eldorado Gold Corporation,US,소재,2026-08-28,45.48,3099600,2822445.0,2.0321,11861653504,88,60,55,55,64,1,HOLD,0.81,10,False,live,STOCK,51,NEUTRAL,NYSE
2026-08-30T07:56:23.073775+09:00,2026-08-30,HRL,Hormel Foods Corporation,US,소매,2026-08-28,21.57,10643000,4805545.0,0.5986,11871066112,20,60,58,66,48,0,HOLD,-0.33,-4,False,live,STOCK,55,NEUTRAL,NYSE
2026-08-30T07:56:23.073775+09:00,2026-08-30,RTO,Rentokil Initial plc,US,산업재,2026-08-28,23.53,1105500,1430025.0,0.345,11841425408,37,60,55,66,47,0,HOLD,-0.41,-5,False,live,STOCK,30,NEUTRAL,NYSE
2026-08-30T07:56:23.073775+09:00,2026-08-30,PSKY,Paramount Skydance Corporation Class B C,US,인터넷,2026-08-28,10.88,10029400,11202300.0,0.3936,12206769152,65,65,63,51,68,1,HOLD,0.67,8,False,live,STOCK,97,NEUTRAL,NASDAQ
2026-08-30T07:56:23.073775+09:00,2026-08-30,PNW,Pinnacle West Capital Corporation,US,유틸리티,2026-08-28,97.64,753600,1073890.0,1.4957,11833697280,31,60,63,37,42,0,AVOID,-0.28,-3,True,live,STOCK,33,NEUTRAL,NYSE
2026-08-30T07:56:23.073775+09:00,2026-08-30,AR,Antero Resources Corporation,US,에너지,2026-08-28,38.45,2255200,3705765.0,1.0064,11821030400,80,60,55,78,72,3,BUY,0.82,10,False,live,STOCK,77,NEUTRAL,NYSE
2026-08-30T07:56:23.073775+09:00,2026-08-30,FHN,First Horizon Corporation,US,금융,2026-08-28,24.65,4543800,4620195.0,0.4186,11678606336,32,60,55,70,54,1,HOLD,0.07,1,False,live,STOCK,69,NEUTRAL,NYSE
2026-08-30T07:56:23.073775+09:00,2026-08-30,WTRG,"Essential Utilities, Inc.",US,유틸리티,2026-08-28,41.1,2846100,1984855.0,0.795,11657315328,91,60,60,37,67,2,WATCH,0.97,12,False,live,STOCK,71,NEUTRAL,NYSE
2026-08-30T07:56:23.073775+09:00,2026-08-30,BTSG,"BrightSpring Health Services, Inc. Commo",US,제약/바이오,2026-08-28,59.13,1506300,2631445.0,2.5852,11699713024,50,65,45,58,46,0,HOLD,-0.18,-2,False,live,STOCK,30,NEUTRAL,NASDAQ
2026-08-30T07:56:23.073775+09:00,2026-08-30,DVA,DaVita Inc.,US,제약/바이오,2026-08-28,180.68,461800,1039310.0,4.6864,11527383040,50,65,53,84,59,1,HOLD,0.12,1,False,live,STOCK,55,NEUTRAL,NYSE
2026-08-30T07:56:23.073775+09:00,2026-08-30,HII,"Huntington Ingalls Industries, Inc.",US,산업재,2026-08-28,294.21,442500,432405.0,7.7234,11593227264,35,60,55,60,43,0,AVOID,-0.34,-4,True,live,STOCK,19,NEUTRAL,NYSE
2026-08-30T07:56:23.073775+09:00,2026-08-30,DPZ,"Domino's Pizza, Inc.",US,소비재,2026-08-28,350.0,1037400,750440.0,11.3807,11578607616,55,60,50,50,54,0,HOLD,0.32,4,False,live,STOCK,63,NEUTRAL,NASDAQ
2026-08-30T07:56:23.073775+09:00,2026-08-30,BJ,"BJ's Wholesale Club Holdings, Inc.",US,소매,2026-08-28,90.6,1355900,1915110.0,2.8256,11444110336,43,60,50,50,43,0,AVOID,-0.23,-3,True,live,STOCK,26,NEUTRAL,NYSE
2026-08-30T07:56:23.073775+09:00,2026-08-30,DKS,"DICK'S Sporting Goods, Inc.",US,소비재,2026-08-28,135.09,5353000,4745465.0,10.6279,12090897408,10,60,75,68,44,1,AVOID,-0.62,-7,True,live,STOCK,23,NEUTRAL,NYSE
2026-08-30T07:56:23.073775+09:00,2026-08-30,OC,Owens Corning,US,소재,2026-08-28,143.13,669600,833030.0,4.4,11314238464,39,60,60,78,58,1,HOLD,0.34,4,False,live,STOCK,63,NEUTRAL,NYSE
2026-08-30T07:56:23.073775+09:00,2026-08-30,AHR,"American Healthcare REIT, Inc.",US,리츠,2026-08-28,55.53,1341500,3054205.0,1.2014,12105470976,84,60,58,43,68,2,WATCH,0.97,12,False,live,STOCK,83,NEUTRAL,NYSE
2026-08-30T07:56:23.073775+09:00,2026-08-30,AUR,"Aurora Innovation, Inc.",US,IT,2026-08-28,5.83,31352500,29167480.0,0.3696,11684225024,25,60,45,50,46,1,HOLD,-0.42,-5,False,live,STOCK,76,NEUTRAL,NASDAQ
2026-08-30T07:56:23.073775+09:00,2026-08-30,SCI,Service Corporation International,US,소비재,2026-08-28,83.36,634700,802665.0,1.5729,11361266688,47,60,48,50,53,1,HOLD,0.28,3,False,live,STOCK,72,NEUTRAL,NYSE
2026-08-30T07:56:23.073775+09:00,2026-08-30,TECH,Bio-Techne Corporation,US,제약/바이오,2026-08-28,72.35,1630500,2652470.0,0.2355,11345799168,73,65,73,51,68,3,WATCH,0.92,11,False,live,STOCK,72,NEUTRAL,NASDAQ
2026-08-30T07:56:23.073775+09:00,2026-08-30,ALGN,"Align Technology, Inc.",US,제약/바이오,2026-08-28,157.58,954600,824940.0,5.5307,11194460160,20,65,63,74,54,2,HOLD,-0.16,-2,False,live,STOCK,70,NEUTRAL,NASDAQ
2026-08-30T07:56:23.073775+09:00,2026-08-30,SAIL,"SailPoint, Inc.",US,IT,2026-08-28,19.83,3665300,3169245.0,1.057,11247238144,58,60,60,42,59,1,HOLD,0.4,5,False,live,STOCK,75,NEUTRAL,NASDAQ
2026-08-30T07:56:23.073775+09:00,2026-08-30,EVR,Evercore Inc.,US,금융,2026-08-28,290.11,356700,501430.0,8.8838,11156984832,40,60,63,68,50,0,HOLD,-0.31,-4,False,live,STOCK,26,NEUTRAL,NYSE
2026-08-30T07:56:23.073775+09:00,2026-08-30,TEM,"Tempus AI, Inc.",US,제약/바이오,2026-08-28,64.04,8722000,7406495.0,5.1226,11555041280,88,65,53,42,68,2,WATCH,0.99,12,False,live,STOCK,87,NEUTRAL,NASDAQ
2026-08-30T07:56:23.073775+09:00,2026-08-30,GMED,"Globus Medical, Inc.",US,제약/바이오,2026-08-28,82.97,1055400,1366865.0,2.1779,11139712000,40,65,60,58,60,1,HOLD,0.33,4,False,live,STOCK,90,NEUTRAL,NYSE
2026-08-30T07:56:23.073775+09:00,2026-08-30,APC,ARKO Petroleum Corp. Class A Common Stoc,US,에너지,2026-08-28,18.5,119800,169625.0,0.5435,1527549184,35,60,55,58,54,1,HOLD,0.06,1,False,live,STOCK,78,NEUTRAL,NASDAQ
2026-08-30T07:56:23.073775+09:00,2026-08-30,NVMI,Nova Ltd.,US,반도체,2026-08-28,349.06,492900,486040.0,17.5836,11102258176,18,65,40,50,34,0,AVOID,-0.87,-10,True,live,STOCK,33,NEUTRAL,NASDAQ
2026-08-30T07:56:23.073775+09:00,2026-08-30,NYT,The New York Times Company,US,인터넷,2026-08-28,68.16,995100,2352010.0,1.4071,10993089536,62,65,63,53,56,0,HOLD,0.1,1,False,live,STOCK,39,NEUTRAL,NYSE
2026-08-30T07:56:23.073775+09:00,2026-08-30,BXP,"BXP, Inc.",US,리츠,2026-08-28,69.32,858000,1159355.0,1.6586,12538423296,91,60,63,53,69,1,HOLD,1.0,12,False,live,STOCK,61,NEUTRAL,NYSE
2026-08-30T07:56:23.073775+09:00,2026-08-30,SUZ,Suzano S.A.,US,소재,2026-08-28,8.9,2941400,3766690.0,0.2636,10960889856,84,60,55,70,69,2,WATCH,0.85,10,False,live,STOCK,67,NEUTRAL,NYSE
2026-08-30T07:56:23.073775+09:00,2026-08-30,FDS,FactSet Research Systems Inc.,US,금융,2026-08-28,308.98,715300,787090.0,10.7257,10989041664,88,60,55,66,70,2,WATCH,0.98,12,False,live,STOCK,71,NEUTRAL,NYSE
2026-08-30T07:56:23.073775+09:00,2026-08-30,UMBF,UMB Financial Corporation,US,금융,2026-08-28,144.59,467700,467935.0,2.7457,10981235712,47,60,50,60,54,0,HOLD,0.29,3,False,live,STOCK,67,NEUTRAL,NASDAQ
2026-08-30T07:56:23.073775+09:00,2026-08-30,TFII,TFI International Inc.,US,산업재,2026-08-28,133.31,161700,226070.0,3.8764,10957153280,31,60,63,66,48,0,HOLD,-0.38,-5,False,live,STOCK,33,NEUTRAL,NYSE
2026-08-30T07:56:23.073775+09:00,2026-08-30,XPEV,XPeng Inc.,US,소비재,2026-08-28,11.53,5367300,8244185.0,0.4426,11029523456,40,60,60,50,47,0,HOLD,-0.35,-4,False,live,STOCK,33,NEUTRAL,NYSE
2026-08-30T07:56:23.073775+09:00,2026-08-30,SMMT,Summit Therapeutics Inc.,US,제약/바이오,2026-08-28,13.73,3905300,5418080.0,0.9671,10953102336,65,65,78,42,64,1,HOLD,0.39,5,False,live,STOCK,62,NEUTRAL,NASDAQ
2026-08-30T07:56:23.073775+09:00,2026-08-30,KNX,Knight-Swift Transportation Holdings Inc,US,산업재,2026-08-28,67.24,3152200,2800345.0,2.2379,10943713280,31,60,63,51,43,0,AVOID,-0.49,-6,True,live,STOCK,24,NEUTRAL,NYSE
2026-08-30T07:56:23.073775+09:00,2026-08-30,AEIS,"Advanced Energy Industries, Inc.",US,IT,2026-08-28,272.82,641600,605690.0,17.395,10926561280,28,60,50,50,39,0,AVOID,-0.55,-7,True,live,STOCK,30,NEUTRAL,NASDAQ
2026-08-30T07:56:23.073775+09:00,2026-08-30,BSY,"Bentley Systems, Incorporated",US,IT,2026-08-28,37.3,2429800,2499690.0,1.4183,11268065280,84,60,60,42,70,2,WATCH,0.91,11,False,live,STOCK,90,NEUTRAL,NASDAQ
2026-08-30T07:56:23.073775+09:00,2026-08-30,NIO,NIO Inc.,US,소비재,2026-08-28,4.37,24753800,27551145.0,0.1293,10949765120,18,60,50,42,40,0,AVOID,-0.63,-8,True,live,STOCK,56,NEUTRAL,NYSE
2026-08-30T07:56:23.073775+09:00,2026-08-30,BPOP,"Popular, Inc.",US,금융,2026-08-28,169.75,335500,380020.0,3.1079,10826400768,44,60,53,70,54,1,HOLD,0.24,3,False,live,STOCK,54,NEUTRAL,NASDAQ
2026-08-30T07:56:23.073775+09:00,2026-08-30,ENLT,Enlight Renewable Energy Ltd,US,유틸리티,2026-08-28,77.54,131600,192295.0,2.7671,10842363904,21,60,50,35,34,0,AVOID,-0.81,-10,True,live,STOCK,29,NEUTRAL,NASDAQ
2026-08-30T07:56:23.073775+09:00,2026-08-30,GNRC,Generac Holdings Inc.,US,산업재,2026-08-28,183.8,2429300,1068530.0,9.4029,10845369344,18,60,50,58,36,0,AVOID,-0.83,-10,True,live,STOCK,20,NEUTRAL,NYSE
2026-08-30T07:56:23.073775+09:00,2026-08-30,JEF,Jefferies Financial Group Inc.,US,금융,2026-08-28,53.09,1015400,1833150.0,1.4121,10798081024,25,60,60,68,46,0,HOLD,-0.29,-3,False,live,STOCK,33,NEUTRAL,NYSE
2026-08-30T07:56:23.073775+09:00,2026-08-30,PAC,"Grupo Aeroportuario del Pacífico, S.A.B.",US,산업재,2026-08-28,207.56,234200,119485.0,5.3693,12350197760,50,60,60,50,50,0,HOLD,-0.13,-2,False,live,STOCK,36,NEUTRAL,NYSE
2026-08-30T07:56:23.073775+09:00,2026-08-30,CPT,Camden Property Trust,US,리츠,2026-08-28,106.35,868800,805530.0,1.6607,12308159488,28,60,63,45,42,0,AVOID,-0.31,-4,True,live,STOCK,30,NEUTRAL,NYSE
2026-08-30T07:56:23.073775+09:00,2026-08-30,DCI,"Donaldson Company, Inc.",US,산업재,2026-08-28,91.89,603100,651515.0,2.2628,,47,60,63,58,55,0,HOLD,0.33,4,False,live,STOCK,54,NEUTRAL,NYSE
2026-08-30T07:56:23.073775+09:00,2026-08-30,MGM,MGM Resorts International,US,소비재,2026-08-28,42.28,1668300,2172730.0,0.7021,10817389568,18,60,63,74,42,1,AVOID,-0.66,-8,True,live,STOCK,17,NEUTRAL,NYSE
2026-08-30T07:56:23.073775+09:00,2026-08-30,GKOS,Glaukos Corporation,US,제약/바이오,2026-08-28,179.87,553500,672405.0,6.1186,10609440768,51,65,45,27,52,1,HOLD,0.36,4,False,live,STOCK,90,NEUTRAL,NYSE
2026-08-30T07:56:23.073775+09:00,2026-08-30,AM,Antero Midstream Corporation,US,에너지,2026-08-28,22.29,1317200,2419300.0,0.5546,10580483072,69,60,60,58,61,0,HOLD,0.54,6,False,live,STOCK,55,NEUTRAL,NYSE
2026-08-30T07:56:23.073775+09:00,2026-08-30,GSAT,"Globalstar, Inc.",US,인터넷,2026-08-28,81.76,925900,811130.0,0.7671,10593102848,35,65,53,27,42,0,AVOID,-0.26,-3,True,live,STOCK,52,NEUTRAL,NASDAQ
2026-08-30T07:56:23.073775+09:00,2026-08-30,AES,The AES Corporation,US,유틸리티,2026-08-28,14.73,5672800,7212330.0,0.0436,10508951552,58,60,58,70,63,1,HOLD,0.42,5,False,live,STOCK,69,NEUTRAL,NYSE
2026-08-30T07:56:23.073775+09:00,2026-08-30,WMS,"Advanced Drainage Systems, Inc.",US,소재,2026-08-28,136.99,596100,707330.0,4.5451,10329778176,31,60,55,58,45,0,HOLD,-0.24,-3,False,live,STOCK,40,NEUTRAL,NYSE
2026-08-30T07:56:23.073775+09:00,2026-08-30,RRX,Regal Rexnord Corporation,US,산업재,2026-08-28,157.43,1731100,1465950.0,6.0371,10480047104,7,60,63,58,37,0,AVOID,-0.85,-10,True,live,STOCK,20,NEUTRAL,NYSE
2026-08-30T07:56:23.073775+09:00,2026-08-30,ALSN,"Allison Transmission Holdings, Inc.",US,소비재,2026-08-28,126.32,470600,834805.0,3.922,10431257600,84,60,50,66,64,1,HOLD,0.75,9,False,live,STOCK,55,NEUTRAL,NYSE
2026-08-30T07:56:23.073775+09:00,2026-08-30,MOH,"Molina Healthcare, Inc.",US,제약/바이오,2026-08-28,200.0,967200,581150.0,7.0029,10439999488,69,65,63,51,53,0,HOLD,0.3,4,False,live,STOCK,17,NEUTRAL,NYSE
2026-08-30T07:56:23.073775+09:00,2026-08-30,BIO,"Bio-Rad Laboratories, Inc.",US,제약/바이오,2026-08-28,387.7,207000,269170.0,10.7414,10366391296,80,65,60,37,65,2,WATCH,0.88,11,False,live,STOCK,78,NEUTRAL,NYSE
2026-08-30T07:56:23.073775+09:00,2026-08-30,ARW,"Arrow Electronics, Inc.",US,IT,2026-08-28,203.92,442900,617690.0,6.8636,10380634112,28,60,60,84,54,1,HOLD,-0.13,-2,False,live,STOCK,55,NEUTRAL,NYSE
2026-08-30T07:56:23.073775+09:00,2026-08-30,SANM,Sanmina Corporation,US,IT,2026-08-28,194.01,673200,629095.0,9.5779,10398423040,40,60,65,58,48,0,HOLD,-0.34,-4,False,live,STOCK,24,NEUTRAL,NASDAQ
2026-08-30T07:56:23.073775+09:00,2026-08-30,UHS,"Universal Health Services, Inc.",US,제약/바이오,2026-08-28,171.66,556200,646165.0,4.8214,10117042176,47,65,63,70,59,1,HOLD,0.42,5,False,live,STOCK,58,NEUTRAL,NYSE
2026-08-30T07:56:23.073775+09:00,2026-08-30,ESTC,Elastic N.V.,US,IT,2026-08-28,99.91,10107900,2905370.0,5.3479,10502597632,77,60,50,42,64,2,WATCH,0.8,10,False,live,STOCK,86,NEUTRAL,NYSE
2026-08-30T07:56:23.073775+09:00,2026-08-30,KRYS,"Krystal Biotech, Inc.",US,제약/바이오,2026-08-28,351.46,143500,269060.0,10.3579,10402806784,76,65,45,34,52,1,HOLD,0.43,5,False,live,STOCK,46,NEUTRAL,NASDAQ
2026-08-30T07:56:23.073775+09:00,2026-08-30,PAYP,PayPay Corporation,US,IT,2026-08-28,15.28,548100,740895.0,0.615,10346746880,63,60,55,68,56,0,HOLD,-0.01,0,False,live,STOCK,34,NEUTRAL,NASDAQ
2026-08-30T07:56:23.073775+09:00,2026-08-30,WTFC,Wintrust Financial Corporation,US,금융,2026-08-28,152.95,437100,551095.0,3.0907,10317305856,25,60,63,60,45,0,HOLD,-0.25,-3,False,live,STOCK,32,NEUTRAL,NASDAQ
2026-08-30T07:56:23.073775+09:00,2026-08-30,FLS,Flowserve Corporation,US,산업재,2026-08-28,80.33,1288900,1466650.0,2.1336,10210970624,55,60,66,58,63,1,HOLD,0.55,7,False,live,STOCK,77,NEUTRAL,NYSE
2026-08-30T07:56:23.073775+09:00,2026-08-30,LFUS,"Littelfuse, Inc.",US,IT,2026-08-28,405.42,244700,224430.0,16.9993,10297033728,43,60,45,50,41,0,AVOID,-0.5,-6,True,live,STOCK,23,NEUTRAL,NASDAQ
2026-08-30T07:56:23.073775+09:00,2026-08-30,DRS,"Leonardo DRS, Inc.",US,산업재,2026-08-28,38.54,810500,832540.0,1.3289,10285999104,10,60,53,50,35,0,AVOID,-0.88,-11,True,live,STOCK,29,NEUTRAL,NASDAQ
2026-08-30T07:56:23.073775+09:00,2026-08-30,SSB,SouthState Bank Corp.,US,금융,2026-08-28,105.98,806300,800050.0,1.7186,10277361664,47,60,53,70,58,1,HOLD,0.39,5,False,live,STOCK,69,NEUTRAL,NYSE
2026-08-30T07:56:23.073775+09:00,2026-08-30,ORI,Old Republic International Corporation,US,금융,2026-08-28,42.07,801200,1016645.0,0.6643,10157083648,47,60,60,78,58,1,HOLD,0.38,5,False,live,STOCK,52,NEUTRAL,NYSE
2026-08-30T07:56:23.073775+09:00,2026-08-30,AXSM,"Axsome Therapeutics, Inc.",US,제약/바이오,2026-08-28,199.02,441200,677720.0,6.7806,10424829952,20,65,60,34,37,0,AVOID,-0.68,-8,True,live,STOCK,32,NEUTRAL,NASDAQ
2026-08-30T07:56:23.073775+09:00,2026-08-30,AG,First Majestic Silver Corp.,US,소재,2026-08-28,20.76,14975300,10243535.0,1.0617,10232736768,80,60,45,66,60,1,HOLD,0.41,5,False,live,STOCK,48,NEUTRAL,NYSE
2026-08-30T07:56:23.073775+09:00,2026-08-30,DAR,Darling Ingredients Inc.,US,소매,2026-08-28,64.32,2965600,2584585.0,2.8371,10149882880,62,60,50,63,61,1,HOLD,0.47,6,False,live,STOCK,74,NEUTRAL,NYSE
2026-08-30T07:56:23.073775+09:00,2026-08-30,SUN,Sunoco LP,US,에너지,2026-08-28,74.65,165600,446255.0,1.9086,14065094656,69,60,58,63,64,0,HOLD,0.69,8,False,live,STOCK,64,NEUTRAL,NYSE
2026-08-30T07:56:23.073775+09:00,2026-08-30,HSIC,"Henry Schein, Inc.",US,제약/바이오,2026-08-28,89.52,796000,1153010.0,1.6907,9976693760,69,65,60,58,62,0,HOLD,0.68,8,False,live,STOCK,61,NEUTRAL,NASDAQ
2026-08-30T07:56:23.073775+09:00,2026-08-30,BEPI,Brookfield Renewable Partners L.P.,US,유틸리티,2026-08-28,16.25,19400,18240.0,0.1251,,66,60,55,50,54,0,HOLD,0.29,3,False,live,STOCK,40,NEUTRAL,NYSE
2026-08-30T07:56:23.073775+09:00,2026-08-30,IONS,"Ionis Pharmaceuticals, Inc.",US,제약/바이오,2026-08-28,61.05,1850900,2272545.0,1.9114,10145552384,62,65,56,37,54,0,HOLD,0.03,0,False,live,STOCK,56,NEUTRAL,NASDAQ
2026-08-30T07:56:23.073775+09:00,2026-08-30,RDY,Dr. Reddy's Laboratories Limited,US,제약/바이오,2026-08-28,12.18,1674300,2361050.0,0.1871,10145797120,50,65,55,42,49,0,HOLD,-0.12,-1,False,live,STOCK,44,NEUTRAL,NYSE
2026-08-30T07:56:23.073775+09:00,2026-08-30,SOLS,Solstice Advanced Materials Inc.,US,소재,2026-08-28,63.53,16466600,2833085.0,2.5007,10091573248,62,60,58,50,51,0,HOLD,-0.12,-1,False,live,STOCK,26,NEUTRAL,NASDAQ
2026-08-30T07:56:23.073775+09:00,2026-08-30,FRT,Federal Realty Investment Trust,US,리츠,2026-08-28,116.75,579300,779130.0,1.4093,10206090240,28,60,63,45,43,0,AVOID,-0.32,-4,True,live,STOCK,33,NEUTRAL,NYSE
2026-08-30T07:56:23.073775+09:00,2026-08-30,ENSG,"The Ensign Group, Inc.",US,제약/바이오,2026-08-28,172.98,333200,297600.0,4.2257,10081694720,35,65,53,58,43,0,AVOID,-0.26,-3,True,live,STOCK,25,NEUTRAL,NASDAQ
2026-08-30T07:56:23.073775+09:00,2026-08-30,BEPH,Brookfield BRP Holdings (Canada) Inc 4.6,US,유틸리티,2026-08-28,15.134,26600,18040.0,0.1029,,58,60,55,50,52,0,HOLD,0.15,2,False,live,STOCK,40,NEUTRAL,NYSE
2026-08-30T07:56:23.073775+09:00,2026-08-30,CGNX,Cognex Corporation,US,IT,2026-08-28,60.46,1087700,2338500.0,2.5589,10170813440,28,60,45,43,37,0,AVOID,-0.6,-7,True,live,STOCK,32,NEUTRAL,NASDAQ
2026-08-30T07:56:23.073775+09:00,2026-08-30,PODD,Insulet Corp.,US,제약/바이오,2026-08-28,145.13,1043300,1797855.0,5.2471,10065375232,50,65,60,58,63,1,HOLD,0.39,5,False,live,STOCK,91,NEUTRAL,NASDAQ
2026-08-30T07:56:23.073775+09:00,2026-08-30,CFR,"Cullen/Frost Bankers, Inc.",US,금융,2026-08-28,161.69,382200,497755.0,2.8407,10048836608,51,60,60,55,55,0,HOLD,0.36,4,False,live,STOCK,54,NEUTRAL,NYSE
2026-08-30T07:56:23.073775+09:00,2026-08-30,PSO,Pearson plc,US,인터넷,2026-08-28,16.73,366500,634405.0,0.2389,10065739776,88,65,55,66,65,1,HOLD,0.74,9,False,live,STOCK,45,NEUTRAL,NYSE
2026-08-30T07:56:23.073775+09:00,2026-08-30,AYI,"Acuity Brands, Inc.",US,산업재,2026-08-28,335.16,132400,221935.0,9.0221,10033198080,47,60,60,58,55,0,HOLD,0.27,3,False,live,STOCK,58,NEUTRAL,NYSE
