scan_ts_kst,date,ticker,name,market,sector,bar_date,close,volume,avg_vol20,atr14,market_cap,tech,macro,filing,value,total,consensus,signal,ev,target,hitl,source,asset_type,flow,regime,exchange
2026-09-09T07:56:52.024129+09:00,2026-09-09,NVDA,NVIDIA Corporation,US,반도체,2026-09-08,225.73,118984635,129056721.75,7.8007,5450701996032,84,65,53,58,64,1,HOLD,0.68,8,False,live,STOCK,54,NEUTRAL,NASDAQ
2026-09-09T07:56:52.024129+09:00,2026-09-09,AAPL,Apple Inc.,US,IT,2026-09-08,316.22,35028027,39163861.35,7.4229,4614971719680,76,60,50,42,59,1,HOLD,0.59,7,False,live,STOCK,69,NEUTRAL,NASDAQ
2026-09-09T07:56:52.024129+09:00,2026-09-09,GOOG,Alphabet Inc.,US,인터넷,2026-09-08,335.38,13853543,15202602.15,6.4146,4101675679744,28,65,70,60,49,1,HOLD,-0.2,-2,False,live,STOCK,44,NEUTRAL,NASDAQ
2026-09-09T07:56:52.024129+09:00,2026-09-09,MSFT,Microsoft Corporation,US,IT,2026-09-08,493.95,18684730,22370326.5,10.2558,3667848331264,58,60,50,50,57,1,HOLD,0.47,6,False,live,STOCK,72,NEUTRAL,NASDAQ
2026-09-09T07:56:52.024129+09:00,2026-09-09,AMZN,"Amazon.com, Inc.",US,소비재,2026-09-08,256.97,28792611,32349760.55,5.815,2771758874624,47,60,60,50,52,0,HOLD,0.15,2,False,live,STOCK,52,NEUTRAL,NASDAQ
2026-09-09T07:56:52.024129+09:00,2026-09-09,TSM,Taiwan Semiconductor Manufacturing Compa,US,반도체,2026-09-08,439.0,13067132,9300911.6,10.2736,2276862197760,84,65,77,66,68,2,WATCH,0.77,9,False,live,STOCK,38,NEUTRAL,NYSE
2026-09-09T07:56:52.024129+09:00,2026-09-09,SPCX,Space Exploration Technologies Corp.,US,산업재,2026-09-08,153.47,85369403,83837830.15,6.12,2023007846400,77,60,78,27,59,2,HOLD,0.68,8,False,live,STOCK,62,NEUTRAL,NASDAQ
2026-09-09T07:56:52.024129+09:00,2026-09-09,AVGO,Broadcom Inc.,US,반도체,2026-09-08,368.56,29871614,24253445.7,11.5014,1753453821952,28,65,60,50,43,0,AVOID,-0.36,-4,True,live,STOCK,39,NEUTRAL,NASDAQ
2026-09-09T07:56:52.024129+09:00,2026-09-09,META,"Meta Platforms, Inc.",US,인터넷,2026-09-08,613.48,18296627,16170901.35,17.9336,1562844069888,58,65,50,66,61,0,HOLD,0.36,4,False,live,STOCK,68,NEUTRAL,NASDAQ
2026-09-09T07:56:52.024129+09:00,2026-09-09,TSLA,"Tesla, Inc.",US,소비재,2026-09-08,368.16,50850639,39239711.95,15.8021,1454065451008,72,60,70,30,56,2,HOLD,0.39,5,False,live,STOCK,55,NEUTRAL,NASDAQ
2026-09-09T07:56:52.024129+09:00,2026-09-09,MU,"Micron Technology, Inc.",US,반도체,2026-09-08,1000.26,26367138,27628046.9,43.7007,1129686761472,91,65,65,58,68,1,HOLD,0.87,10,False,live,STOCK,52,NEUTRAL,NASDAQ
2026-09-09T07:56:52.024129+09:00,2026-09-09,LLY,Eli Lilly and Company,US,제약/바이오,2026-09-08,1123.91,2274262,2464273.1,34.4943,1002237067264,35,65,81,50,51,1,HOLD,0.08,1,False,live,STOCK,48,NEUTRAL,NYSE
2026-09-09T07:56:52.024129+09:00,2026-09-09,JPM,JPMorgan Chase & Co.,US,금융,2026-09-08,353.51,5627535,5471606.75,5.805,939695472640,44,60,71,60,57,1,HOLD,0.4,5,False,live,STOCK,57,NEUTRAL,NYSE
2026-09-09T07:56:52.024129+09:00,2026-09-09,WMT,Walmart Inc.,US,소매,2026-09-08,106.05,21478485,28043514.25,2.7826,843954323456,47,60,50,37,43,0,AVOID,-0.29,-3,True,live,STOCK,41,NEUTRAL,NASDAQ
2026-09-09T07:56:52.024129+09:00,2026-09-09,AMD,"Advanced Micro Devices, Inc.",US,반도체,2026-09-08,505.74,27979240,17920377.0,18.7476,825607913472,73,65,65,43,58,1,HOLD,0.55,7,False,live,STOCK,52,NEUTRAL,NASDAQ
2026-09-09T07:56:52.024129+09:00,2026-09-09,V,Visa Inc.,US,금융,2026-09-08,368.64,4909005,6488685.25,6.2693,688268312576,47,60,60,50,54,0,HOLD,0.34,4,False,live,STOCK,63,NEUTRAL,NYSE
2026-09-09T07:56:52.024129+09:00,2026-09-09,ASML,ASML Holding N.V.,US,반도체,2026-09-08,1764.85,1351664,1171418.2,45.2907,677878890496,58,65,70,42,51,1,HOLD,0.19,2,False,live,STOCK,36,NEUTRAL,NASDAQ
2026-09-09T07:56:52.024129+09:00,2026-09-09,XOM,Exxon Mobil Corporation,US,에너지,2026-09-08,160.66,12292534,13671756.7,3.3393,660619788288,47,60,50,58,51,0,HOLD,0.09,1,False,live,STOCK,48,NEUTRAL,NYSE
2026-09-09T07:56:52.024129+09:00,2026-09-09,JNJ,Johnson & Johnson,US,제약/바이오,2026-09-08,269.12,7768078,6222633.9,5.4974,648551858176,62,65,56,53,62,1,HOLD,0.66,8,False,live,STOCK,83,NEUTRAL,NYSE
2026-09-09T07:56:52.024129+09:00,2026-09-09,INTC,Intel Corp.,US,반도체,2026-09-08,104.47,139493818,99785450.9,4.3964,552239431680,69,65,88,42,61,1,HOLD,0.59,7,False,live,STOCK,49,NEUTRAL,NASDAQ
2026-09-09T07:56:52.024129+09:00,2026-09-09,MA,Mastercard Incorporated,US,금융,2026-09-08,570.89,2624143,2744062.15,9.5693,500105314304,47,60,53,50,52,0,HOLD,0.28,3,False,live,STOCK,63,NEUTRAL,NYSE
2026-09-09T07:56:52.024129+09:00,2026-09-09,ORCL,Oracle Corporation,US,IT,2026-09-08,162.52,37359128,23374231.4,6.7607,468134166528,67,60,50,50,52,0,HOLD,-0.06,-1,False,live,STOCK,36,NEUTRAL,NYSE
2026-09-09T07:56:52.024129+09:00,2026-09-09,BAC,Bank of America Corporation,US,금융,2026-09-08,62.39,24041748,28989942.4,1.073,436277575680,44,60,81,68,61,1,HOLD,0.53,6,False,live,STOCK,54,NEUTRAL,NYSE
2026-09-09T07:56:52.024129+09:00,2026-09-09,ABBV,AbbVie Inc.,US,제약/바이오,2026-09-08,248.78,5140340,4320592.0,5.7136,439623450624,47,65,81,51,58,1,HOLD,0.52,6,False,live,STOCK,62,NEUTRAL,NYSE
2026-09-09T07:56:52.024129+09:00,2026-09-09,CSCO,"Cisco Systems, Inc.",US,IT,2026-09-08,109.17,14678677,19224548.85,1.9468,430412201984,25,60,65,50,43,0,AVOID,-0.39,-5,True,live,STOCK,39,NEUTRAL,NASDAQ
2026-09-09T07:56:52.024129+09:00,2026-09-09,CVX,Chevron Corporation,US,에너지,2026-09-08,209.8,7675235,7493376.75,3.7579,411544387584,91,60,32,74,70,2,WATCH,0.78,9,False,live,STOCK,69,NEUTRAL,NYSE
2026-09-09T07:56:52.024129+09:00,2026-09-09,COST,Costco Wholesale Corporation,US,소매,2026-09-08,910.18,2226904,1808375.2,17.3871,403645530112,43,60,52,29,37,0,AVOID,-0.39,-5,True,live,STOCK,27,NEUTRAL,NASDAQ
2026-09-09T07:56:52.024129+09:00,2026-09-09,LRCX,Lam Research Corporation,US,반도체,2026-09-08,320.42,8678209,7551155.45,13.235,400948264960,65,65,73,42,57,1,HOLD,0.42,5,False,live,STOCK,53,NEUTRAL,NASDAQ
2026-09-09T07:56:52.024129+09:00,2026-09-09,PLTR,Palantir Technologies Inc.,US,IT,2026-09-08,170.3,24436325,31503986.25,8.3428,409240862720,54,60,42,35,49,0,HOLD,0.25,3,False,live,STOCK,69,NEUTRAL,NASDAQ
2026-09-09T07:56:52.024129+09:00,2026-09-09,KO,The Coca-Cola Company,US,소매,2026-09-08,88.36,18112865,14626263.25,1.3618,380173221888,47,60,50,37,47,0,HOLD,0.11,1,False,live,STOCK,61,NEUTRAL,NYSE
2026-09-09T07:56:52.024129+09:00,2026-09-09,CAT,Caterpillar Inc.,US,산업재,2026-09-08,822.48,2074136,2443891.8,22.4429,378073382912,50,60,60,50,48,0,HOLD,-0.17,-2,False,live,STOCK,30,NEUTRAL,NYSE
2026-09-09T07:56:52.024129+09:00,2026-09-09,AMAT,"Applied Materials, Inc.",US,반도체,2026-09-08,472.79,6273280,7403649.0,16.7138,375204937728,25,65,65,50,43,0,AVOID,-0.35,-4,True,live,STOCK,38,NEUTRAL,NASDAQ
2026-09-09T07:56:52.024129+09:00,2026-09-09,MRK,"Merck & Co., Inc.",US,제약/바이오,2026-09-08,148.46,10884998,11113234.9,4.9499,366276313088,73,65,50,35,60,2,WATCH,0.73,9,False,live,STOCK,87,NEUTRAL,NYSE
2026-09-09T07:56:52.024129+09:00,2026-09-09,HSBC,HSBC Holdings plc,US,금융,2026-09-08,106.26,827885,1024899.25,1.3707,364029018112,88,60,55,68,70,1,HOLD,0.92,11,False,live,STOCK,61,NEUTRAL,NYSE
2026-09-09T07:56:52.024129+09:00,2026-09-09,UNH,UnitedHealth Group Incorporated,US,제약/바이오,2026-09-08,400.84,5545894,4212874.7,8.1817,359791919104,72,65,83,66,64,2,WATCH,0.53,6,False,live,STOCK,29,NEUTRAL,NYSE
2026-09-09T07:56:52.024129+09:00,2026-09-09,DELL,Dell Technologies Inc.,US,IT,2026-09-08,533.88,6589879,8399043.95,29.3624,344962498560,92,60,55,66,74,2,WATCH,1.09,13,False,live,STOCK,77,NEUTRAL,NYSE
2026-09-09T07:56:52.024129+09:00,2026-09-09,GE,GE Aerospace,US,산업재,2026-09-08,334.91,3060722,3501171.1,8.7121,347490058240,17,60,60,37,40,0,AVOID,-0.31,-4,True,live,STOCK,61,NEUTRAL,NYSE
2026-09-09T07:56:52.024129+09:00,2026-09-09,PG,The Procter & Gamble Company,US,소매,2026-09-08,145.58,8315492,8908949.6,2.2525,338134663168,72,60,50,45,58,1,HOLD,0.36,4,False,live,STOCK,62,NEUTRAL,NYSE
2026-09-09T07:56:52.024129+09:00,2026-09-09,MS,Morgan Stanley,US,금융,2026-09-08,216.24,3454056,3768882.8,4.7146,339619250176,65,60,60,60,60,0,HOLD,0.41,5,False,live,STOCK,52,NEUTRAL,NYSE
2026-09-09T07:56:52.024129+09:00,2026-09-09,NFLX,"Netflix, Inc.",US,인터넷,2026-09-08,76.77,33754561,28378788.05,2.2757,319665635328,43,65,42,50,44,0,AVOID,-0.35,-4,True,live,STOCK,37,NEUTRAL,NASDAQ
2026-09-09T07:56:52.024129+09:00,2026-09-09,HD,"The Home Depot, Inc.",US,소비재,2026-09-08,313.7,5019975,3738998.75,6.9007,312975228928,28,60,63,42,39,0,AVOID,-0.39,-5,True,live,STOCK,26,NEUTRAL,NYSE
2026-09-09T07:56:52.024129+09:00,2026-09-09,GS,"The Goldman Sachs Group, Inc.",US,금융,2026-09-08,1036.53,1250701,1783890.05,24.0951,301807894528,65,60,60,60,57,0,HOLD,0.29,3,False,live,STOCK,39,NEUTRAL,NYSE
2026-09-09T07:56:52.024129+09:00,2026-09-09,RY,Royal Bank of Canada,US,금융,2026-09-08,209.0,646171,1337218.55,3.7757,289345830912,69,60,60,50,60,0,HOLD,0.55,7,False,live,STOCK,63,NEUTRAL,NYSE
2026-09-09T07:56:52.024129+09:00,2026-09-09,PM,Philip Morris International Inc.,US,소매,2026-09-08,184.73,4772755,4183222.75,4.2482,287922651136,46,60,58,58,52,0,HOLD,0.1,1,False,live,STOCK,48,NEUTRAL,NYSE
2026-09-09T07:56:52.024129+09:00,2026-09-09,ARM,Arm Holdings plc American Depositary Sha,US,반도체,2026-09-08,261.53,5095872,3737093.6,13.5893,279313678336,55,65,70,35,50,1,HOLD,-0.01,0,False,live,STOCK,44,NEUTRAL,NASDAQ
2026-09-09T07:56:52.024129+09:00,2026-09-09,PANW,"Palo Alto Networks, Inc.",US,IT,2026-09-08,336.98,6058518,6174695.9,20.7528,274638716928,48,60,57,35,50,1,HOLD,0.34,4,False,live,STOCK,71,NEUTRAL,NASDAQ
2026-09-09T07:56:52.024129+09:00,2026-09-09,BABA,Alibaba Group Holding Limited,US,소비재,2026-09-08,112.66,6948424,12761656.2,3.7797,280030347264,35,60,55,58,56,1,HOLD,0.03,0,False,live,STOCK,83,NEUTRAL,NYSE
2026-09-09T07:56:52.024129+09:00,2026-09-09,RTX,RTX Corporation,US,산업재,2026-09-08,198.81,3503238,4025556.9,4.3464,267947786240,39,60,45,58,49,0,HOLD,-0.02,0,False,live,STOCK,54,NEUTRAL,NYSE
2026-09-09T07:56:52.024129+09:00,2026-09-09,MUFG,"Mitsubishi UFJ Financial Group, Inc.",US,금융,2026-09-08,23.6,2817016,2653780.8,0.48,265636052992,91,60,58,60,68,1,HOLD,0.92,11,False,live,STOCK,54,NEUTRAL,NYSE
2026-09-09T07:56:52.024129+09:00,2026-09-09,WFC,Wells Fargo & Company,US,금융,2026-09-08,87.96,9747917,12249310.85,1.775,265990963200,84,60,60,60,66,1,HOLD,0.76,9,False,live,STOCK,55,NEUTRAL,NYSE
2026-09-09T07:56:52.024129+09:00,2026-09-09,SHEL,Shell plc,US,에너지,2026-09-08,95.32,7422101,5883951.85,1.4402,272788357120,66,60,55,78,68,1,HOLD,0.66,8,False,live,STOCK,67,NEUTRAL,NYSE
2026-09-09T07:56:52.024129+09:00,2026-09-09,NVS,Novartis AG,US,제약/바이오,2026-09-08,137.7,10257593,2199949.65,5.1589,261728436224,43,65,55,53,44,0,AVOID,-0.35,-4,True,live,STOCK,19,NEUTRAL,NYSE
2026-09-09T07:56:52.024129+09:00,2026-09-09,GEV,GE Vernova Inc.,US,산업재,2026-09-08,971.31,1694973,2028723.65,35.769,258692464640,69,60,60,50,57,0,HOLD,0.42,5,False,live,STOCK,46,NEUTRAL,NYSE
2026-09-09T07:56:52.024129+09:00,2026-09-09,SNDK,Sandisk Corporation,US,IT,2026-09-08,1737.99,11080819,13295040.95,101.7493,254474764288,91,60,65,50,68,1,HOLD,0.89,11,False,live,STOCK,62,NEUTRAL,NASDAQ
2026-09-09T07:56:52.024129+09:00,2026-09-09,AZN,AstraZeneca PLC,US,제약/바이오,2026-09-08,160.04,5144803,3327135.15,3.6193,248205361152,50,65,68,58,55,0,HOLD,-0.0,0,False,live,STOCK,43,NEUTRAL,NYSE
2026-09-09T07:56:52.024129+09:00,2026-09-09,KLAC,KLA Corporation,US,반도체,2026-09-08,188.98,12176618,9122725.9,7.0379,246911205376,65,65,73,42,54,1,HOLD,0.19,2,False,live,STOCK,38,NEUTRAL,NASDAQ
2026-09-09T07:56:52.024129+09:00,2026-09-09,SAP,SAP SE,US,IT,2026-09-08,211.49,2568058,2368932.9,5.8864,244102676480,47,60,58,42,52,0,HOLD,0.35,4,False,live,STOCK,69,NEUTRAL,NYSE
2026-09-09T07:56:52.024129+09:00,2026-09-09,ANET,"Arista Networks, Inc.",US,IT,2026-09-08,194.96,4695079,5670873.95,7.105,245888368640,66,60,60,35,56,0,HOLD,0.61,7,False,live,STOCK,69,NEUTRAL,NYSE
2026-09-09T07:56:52.024129+09:00,2026-09-09,TXN,Texas Instruments Incorporated,US,반도체,2026-09-08,258.92,5381334,5441471.7,7.2811,236458098688,25,65,75,58,46,1,HOLD,-0.34,-4,False,live,STOCK,29,NEUTRAL,NASDAQ
2026-09-09T07:56:52.024129+09:00,2026-09-09,C,Citigroup Inc.,US,금융,2026-09-08,136.74,6307549,8201987.45,2.7982,229372723200,65,60,70,76,70,2,WATCH,0.66,8,False,live,STOCK,67,NEUTRAL,NYSE
2026-09-09T07:56:52.024129+09:00,2026-09-09,BHP,BHP Group Limited,US,소재,2026-09-08,91.99,2574346,2684942.3,2.4862,233790455808,69,60,55,45,57,0,HOLD,0.52,6,False,live,STOCK,61,NEUTRAL,NYSE
2026-09-09T07:56:52.024129+09:00,2026-09-09,TM,Toyota Motor Corporation,US,소비재,2026-09-08,191.45,406445,336972.25,3.5025,226711912448,54,60,50,54,53,0,HOLD,0.22,3,False,live,STOCK,54,NEUTRAL,NYSE
2026-09-09T07:56:52.024129+09:00,2026-09-09,TMO,Thermo Fisher Scientific Inc.,US,제약/바이오,2026-09-08,603.02,2654165,1641188.25,17.8964,222965022720,58,65,53,58,62,1,HOLD,0.61,7,False,live,STOCK,84,NEUTRAL,NYSE
2026-09-09T07:56:52.024129+09:00,2026-09-09,AXP,American Express Company,US,금융,2026-09-08,326.1,2576217,2303300.85,5.7229,220218540032,28,60,81,50,46,1,HOLD,-0.07,-1,False,live,STOCK,32,NEUTRAL,NYSE
2026-09-09T07:56:52.024129+09:00,2026-09-09,IBM,International Business Machines Corporat,US,IT,2026-09-08,232.09,4541477,4715763.85,5.4143,218659962880,40,60,81,58,54,1,HOLD,-0.03,0,False,live,STOCK,44,NEUTRAL,NYSE
2026-09-09T07:56:52.024129+09:00,2026-09-09,SAN,"Banco Santander, S.A.",US,금융,2026-09-08,14.86,6311413,18319115.65,0.2482,215799971840,95,60,55,76,72,2,WATCH,0.98,12,False,live,STOCK,51,NEUTRAL,NYSE
2026-09-09T07:56:52.024129+09:00,2026-09-09,LIN,Linde plc,US,소재,2026-09-08,468.38,2535698,1929129.9,7.7423,215913889792,31,60,60,58,44,0,AVOID,-0.42,-5,True,live,STOCK,26,NEUTRAL,NASDAQ
2026-09-09T07:56:52.024129+09:00,2026-09-09,CRWD,"CrowdStrike Holdings, Inc.",US,IT,2026-09-08,210.02,7872914,10334455.7,14.0349,215046799360,66,60,65,30,50,0,HOLD,0.44,5,False,live,STOCK,40,NEUTRAL,NASDAQ
2026-09-09T07:56:52.024129+09:00,2026-09-09,AMGN,Amgen Inc.,US,제약/바이오,2026-09-08,393.17,6589429,2468626.45,11.9943,212560297984,47,65,45,50,52,1,HOLD,0.25,3,False,live,STOCK,71,NEUTRAL,NASDAQ
2026-09-09T07:56:52.024129+09:00,2026-09-09,VZ,Verizon Communications Inc.,US,인터넷,2026-09-08,50.41,16033116,16707495.8,0.7572,209442226176,69,65,60,84,70,1,HOLD,0.72,9,False,live,STOCK,60,NEUTRAL,NYSE
2026-09-09T07:56:52.024129+09:00,2026-09-09,CRM,"Salesforce, Inc.",US,IT,2026-09-08,249.12,15313291,16712599.55,11.8121,205025755136,73,60,55,66,69,2,WATCH,0.84,10,False,live,STOCK,80,NEUTRAL,NYSE
2026-09-09T07:56:52.024129+09:00,2026-09-09,TD,The Toronto-Dominion Bank,US,금융,2026-09-08,120.52,1123136,1821931.8,2.2957,197473337344,69,60,60,60,64,0,HOLD,0.6,7,False,live,STOCK,67,NEUTRAL,NYSE
2026-09-09T07:56:52.024129+09:00,2026-09-09,STX,Seagate Technology Holdings plc,US,IT,2026-09-08,904.38,5071099,3673139.95,48.0071,204972769280,84,60,60,43,67,2,WATCH,0.89,11,False,live,STOCK,84,NEUTRAL,NASDAQ
2026-09-09T07:56:52.024129+09:00,2026-09-09,APH,Amphenol Corporation,US,IT,2026-09-08,81.76,10096432,11102906.6,2.4871,201617457152,91,60,66,50,63,1,HOLD,0.73,9,False,live,STOCK,37,NEUTRAL,NYSE
2026-09-09T07:56:52.024129+09:00,2026-09-09,TTE,TotalEnergies SE,US,에너지,2026-09-08,90.1,1302468,1585633.4,1.7154,199361347584,58,60,55,94,69,1,HOLD,0.42,5,False,live,STOCK,61,NEUTRAL,NYSE
2026-09-09T07:56:52.024129+09:00,2026-09-09,NVO,Novo Nordisk A/S,US,제약/바이오,2026-09-08,45.16,10297973,10834038.65,1.2789,199558660096,32,65,68,73,59,2,HOLD,0.27,3,False,live,STOCK,70,NEUTRAL,NYSE
2026-09-09T07:56:52.024129+09:00,2026-09-09,MRVL,"Marvell Technology, Inc.",US,반도체,2026-09-08,225.41,20286923,24432601.15,15.068,202577018880,33,65,66,35,47,0,HOLD,-0.2,-2,False,live,STOCK,67,NEUTRAL,NASDAQ
2026-09-09T07:56:52.024129+09:00,2026-09-09,TMUS,"T-Mobile US, Inc.",US,인터넷,2026-09-08,181.69,4198100,3877255.0,4.0356,194893709312,73,65,60,74,68,2,WATCH,0.62,7,False,live,STOCK,62,NEUTRAL,NASDAQ
2026-09-09T07:56:52.024129+09:00,2026-09-09,PEP,"PepsiCo, Inc.",US,소매,2026-09-08,138.45,8864754,6718037.7,2.1685,189122691072,43,60,60,42,47,0,HOLD,-0.05,-1,False,live,STOCK,49,NEUTRAL,NASDAQ
2026-09-09T07:56:52.024129+09:00,2026-09-09,SCHW,The Charles Schwab Corporation,US,금융,2026-09-08,106.87,6798772,7243833.6,2.3621,184814108672,51,60,50,66,59,0,HOLD,0.4,5,False,live,STOCK,69,NEUTRAL,NYSE
2026-09-09T07:56:52.024129+09:00,2026-09-09,DE,Deere & Company,US,산업재,2026-09-08,680.73,883388,1348299.4,23.1271,183542104064,81,60,50,58,64,1,HOLD,0.75,9,False,live,STOCK,63,NEUTRAL,NYSE
2026-09-09T07:56:52.024129+09:00,2026-09-09,QCOM,QUALCOMM Incorporated,US,반도체,2026-09-08,174.09,25627305,9914555.25,5.7649,185938640896,59,65,68,66,60,0,HOLD,0.15,2,False,live,STOCK,46,NEUTRAL,NASDAQ
2026-09-09T07:56:52.024129+09:00,2026-09-09,ABT,Abbott Laboratories,US,제약/바이오,2026-09-08,105.52,11250706,7752520.3,2.7814,182590046208,47,65,53,58,56,0,HOLD,0.34,4,False,live,STOCK,67,NEUTRAL,NYSE
2026-09-09T07:56:52.024129+09:00,2026-09-09,DIS,The Walt Disney Company,US,인터넷,2026-09-08,105.06,7332699,7525509.95,2.2636,181405712384,47,65,60,58,56,0,HOLD,0.27,3,False,live,STOCK,63,NEUTRAL,NYSE
2026-09-09T07:56:52.024129+09:00,2026-09-09,GILD,"Gilead Sciences, Inc.",US,제약/바이오,2026-09-08,146.64,6023444,5329657.2,3.7371,181827026944,69,65,50,60,64,1,HOLD,0.7,8,False,live,STOCK,78,NEUTRAL,NASDAQ
2026-09-09T07:56:52.024129+09:00,2026-09-09,MCD,McDonald's Corporation,US,소비재,2026-09-08,255.81,4195173,4159563.65,4.1257,181021786112,28,60,55,50,40,0,AVOID,-0.54,-6,True,live,STOCK,26,NEUTRAL,NYSE
2026-09-09T07:56:52.024129+09:00,2026-09-09,UBS,UBS Group AG,US,금융,2026-09-08,55.07,1311722,1575266.1,0.8561,168610136064,91,60,73,66,77,3,BUY,1.25,15,False,live,STOCK,75,NEUTRAL,NYSE
2026-09-09T07:56:52.024129+09:00,2026-09-09,ADI,"Analog Devices, Inc.",US,반도체,2026-09-08,363.2,3085469,3613823.45,9.8855,175994191872,25,65,50,58,41,0,AVOID,-0.6,-7,True,live,STOCK,29,NEUTRAL,NASDAQ
2026-09-09T07:56:52.024129+09:00,2026-09-09,T,AT&T Inc.,US,인터넷,2026-09-08,25.6,39854808,30990560.4,0.4657,175421079552,62,65,42,78,63,1,HOLD,0.47,6,False,live,STOCK,64,NEUTRAL,NYSE
2026-09-09T07:56:52.024129+09:00,2026-09-09,NEE,"NextEra Energy, Inc.",US,유틸리티,2026-09-08,83.83,7592602,10213495.1,1.2325,174867562496,47,60,63,42,50,0,HOLD,0.1,1,False,live,STOCK,55,NEUTRAL,NYSE
2026-09-09T07:56:52.024129+09:00,2026-09-09,SHOP,Shopify Inc.,US,IT,2026-09-08,134.1,14009189,6892304.45,5.5385,174015496192,51,60,60,35,49,0,HOLD,0.29,3,False,live,STOCK,54,NEUTRAL,NASDAQ
2026-09-09T07:56:52.024129+09:00,2026-09-09,SCCO,Southern Copper Corporation,US,소재,2026-09-08,208.56,1409832,1120526.6,9.5379,176096313344,73,60,48,37,48,1,HOLD,0.28,3,False,live,STOCK,25,NEUTRAL,NYSE
2026-09-09T07:56:52.024129+09:00,2026-09-09,UNP,Union Pacific Corporation,US,산업재,2026-09-08,288.45,1777444,2344712.2,5.9885,171361091584,47,60,60,42,50,0,HOLD,0.16,2,False,live,STOCK,55,NEUTRAL,NYSE
2026-09-09T07:56:52.024129+09:00,2026-09-09,WELL,Welltower Inc.,US,리츠,2026-09-08,237.25,2481521,2694916.05,4.5457,170955718656,62,60,78,38,60,2,WATCH,0.77,9,False,live,STOCK,71,NEUTRAL,NYSE
2026-09-09T07:56:52.024129+09:00,2026-09-09,BLK,"BlackRock, Inc.",US,금융,2026-09-08,1095.37,521858,546807.9,22.6993,177971544064,47,60,60,66,52,0,HOLD,0.1,1,False,live,STOCK,32,NEUTRAL,NYSE
2026-09-09T07:56:52.024129+09:00,2026-09-09,RIO,Rio Tinto Group,US,소재,2026-09-08,103.83,1217475,2140883.75,2.3079,168864890880,65,60,55,55,53,0,HOLD,0.22,3,False,live,STOCK,32,NEUTRAL,NYSE
2026-09-09T07:56:52.024129+09:00,2026-09-09,BA,The Boeing Company,US,산업재,2026-09-08,210.73,4363152,4934197.6,4.1171,166554681344,17,60,63,35,35,0,AVOID,-0.53,-6,True,live,STOCK,32,NEUTRAL,NYSE
2026-09-09T07:56:52.024129+09:00,2026-09-09,COP,ConocoPhillips,US,에너지,2026-09-08,135.04,5001885,6457839.25,2.9246,162228600832,69,60,42,68,65,1,HOLD,0.63,8,False,live,STOCK,77,NEUTRAL,NYSE
2026-09-09T07:56:52.024129+09:00,2026-09-09,WDC,Western Digital Corporation,US,IT,2026-09-08,477.3,6311985,6427744.25,25.7746,172086181888,65,60,58,68,62,0,HOLD,0.27,3,False,live,STOCK,52,NEUTRAL,NASDAQ
2026-09-09T07:56:52.024129+09:00,2026-09-09,ETN,Eaton Corporation plc,US,산업재,2026-09-08,422.13,2034668,1746528.4,12.9864,163955294208,62,60,60,42,54,0,HOLD,0.34,4,False,live,STOCK,54,NEUTRAL,NYSE
2026-09-09T07:56:52.024129+09:00,2026-09-09,BBVA,"Banco Bilbao Vizcaya Argentaria, S.A.",US,금융,2026-09-08,29.29,829414,1396425.7,0.3879,161631174656,73,60,55,60,62,1,HOLD,0.66,8,False,live,STOCK,57,NEUTRAL,NYSE
2026-09-09T07:56:52.024129+09:00,2026-09-09,BX,Blackstone Inc.,US,금융,2026-09-08,133.97,3017243,3462442.15,3.8718,160134053888,47,60,72,50,56,1,HOLD,0.43,5,False,live,STOCK,61,NEUTRAL,NYSE
2026-09-09T07:56:52.024129+09:00,2026-09-09,TBB,AT&T Inc. 5.35% GLB NTS 66,US,인터넷,2026-09-08,19.62,194479,105033.95,0.1717,,72,65,55,80,64,2,WATCH,0.33,4,False,live,STOCK,36,NEUTRAL,NYSE
2026-09-09T07:56:52.024129+09:00,2026-09-09,PFE,Pfizer Inc.,US,제약/바이오,2026-09-08,27.79,31727745,33915757.25,0.6389,158393942016,54,65,64,66,64,1,HOLD,0.58,7,False,live,STOCK,77,NEUTRAL,NYSE
2026-09-09T07:56:52.024129+09:00,2026-09-09,IBKR,"Interactive Brokers Group, Inc.",US,금융,2026-09-08,90.97,2150902,3698855.1,3.2991,154996097024,47,60,85,58,57,1,HOLD,0.36,4,False,live,STOCK,41,NEUTRAL,NASDAQ
2026-09-09T07:56:52.024129+09:00,2026-09-09,BUD,Anheuser-Busch InBev SA/NV,US,소매,2026-09-08,79.73,5077596,2377914.8,1.1368,156998451200,72,60,58,60,66,2,WATCH,0.59,7,False,live,STOCK,76,NEUTRAL,NYSE
2026-09-09T07:56:52.024129+09:00,2026-09-09,UBER,"Uber Technologies, Inc.",US,IT,2026-09-08,73.13,24123735,15314251.75,2.6146,149372420096,46,60,71,55,54,1,HOLD,0.22,3,False,live,STOCK,48,NEUTRAL,NYSE
2026-09-09T07:56:52.024129+09:00,2026-09-09,DHR,Danaher Corporation,US,제약/바이오,2026-09-08,205.23,3246007,3092500.35,6.6143,144273817600,54,65,60,58,61,1,HOLD,0.49,6,False,live,STOCK,75,NEUTRAL,NYSE
2026-09-09T07:56:52.024129+09:00,2026-09-09,GLW,Corning Inc,US,IT,2026-09-08,165.96,13600707,8990185.35,7.044,142956019712,72,60,70,43,58,2,HOLD,0.41,5,False,live,STOCK,46,NEUTRAL,NYSE
2026-09-09T07:56:52.024129+09:00,2026-09-09,TJX,"The TJX Companies, Inc.",US,소비재,2026-09-08,128.92,10449674,7766448.7,3.0436,141808648192,10,60,60,42,32,0,AVOID,-0.89,-11,True,live,STOCK,20,NEUTRAL,NYSE
2026-09-09T07:56:52.024129+09:00,2026-09-09,BKNG,Booking Holdings Inc.,US,소비재,2026-09-08,180.3,10487378,5106113.9,6.5743,135473905664,39,60,58,74,55,1,HOLD,0.13,2,False,live,STOCK,48,NEUTRAL,NASDAQ
2026-09-09T07:56:52.024129+09:00,2026-09-09,NOW,"ServiceNow, Inc.",US,IT,2026-09-08,134.21,14530661,17401688.05,7.0529,138754621440,66,60,40,35,54,1,HOLD,0.46,6,False,live,STOCK,77,NEUTRAL,NYSE
2026-09-09T07:56:52.024129+09:00,2026-09-09,SONY,Sony Group Corporation,US,IT,2026-09-08,23.53,6004687,4227239.35,0.5193,137466806272,47,60,45,58,53,0,HOLD,0.15,2,False,live,STOCK,61,NEUTRAL,NYSE
2026-09-09T07:56:52.024129+09:00,2026-09-09,UL,Unilever PLC,US,소매,2026-09-08,63.54,2301688,3713834.4,0.8718,136818434048,54,60,58,53,50,0,HOLD,0.19,2,False,live,STOCK,34,NEUTRAL,NYSE
2026-09-09T07:56:52.024129+09:00,2026-09-09,MFG,"Mizuho Financial Group, Inc.",US,금융,2026-09-08,11.14,3168815,2855420.75,0.2184,134828007424,91,60,58,68,70,1,HOLD,0.93,11,False,live,STOCK,51,NEUTRAL,NYSE
2026-09-09T07:56:52.024129+09:00,2026-09-09,VRTX,Vertex Pharmaceuticals Incorporated,US,제약/바이오,2026-09-08,528.9,1090822,1037946.1,13.0143,134055493632,47,65,50,50,54,1,HOLD,0.35,4,False,live,STOCK,77,NEUTRAL,NASDAQ
2026-09-09T07:56:52.024129+09:00,2026-09-09,PBR,Petróleo Brasileiro S.A. - Petrobras,US,에너지,2026-09-08,20.83,28783969,21241278.45,0.6821,134236151808,82,60,50,73,71,3,BUY,0.88,11,False,live,STOCK,72,NEUTRAL,NYSE
2026-09-09T07:56:52.024129+09:00,2026-09-09,NEM,Newmont Corporation,US,소재,2026-09-08,127.09,8707064,8071963.2,4.9293,133913747456,66,60,53,76,66,1,HOLD,0.66,8,False,live,STOCK,66,NEUTRAL,NYSE
2026-09-09T07:56:52.024129+09:00,2026-09-09,BMY,Bristol-Myers Squibb Company,US,제약/바이오,2026-09-08,64.69,9454307,8112105.35,1.5561,132143210496,47,65,60,76,66,2,WATCH,0.58,7,False,live,STOCK,83,NEUTRAL,NYSE
2026-09-09T07:56:52.024129+09:00,2026-09-09,COF,Capital One Financial Corporation,US,금융,2026-09-08,213.96,2976475,2991953.75,5.0293,131261227008,47,60,53,86,60,1,HOLD,0.3,4,False,live,STOCK,48,NEUTRAL,NYSE
2026-09-09T07:56:52.024129+09:00,2026-09-09,CB,Chubb Limited,US,금융,2026-09-08,336.64,1551608,1689915.4,5.4164,129875673088,31,60,60,78,54,1,HOLD,-0.03,0,False,live,STOCK,48,NEUTRAL,NYSE
2026-09-09T07:56:52.024129+09:00,2026-09-09,PLD,"Prologis, Inc.",US,리츠,2026-09-08,138.48,2567835,2945906.75,1.8904,134615212032,28,60,58,45,45,0,HOLD,-0.25,-3,False,live,STOCK,59,NEUTRAL,NYSE
2026-09-09T07:56:52.024129+09:00,2026-09-09,SPGI,S&P Global Inc.,US,금융,2026-09-08,429.31,1742507,1845600.35,12.0063,126560583680,84,60,60,50,60,1,HOLD,0.61,7,False,live,STOCK,40,NEUTRAL,NYSE
2026-09-09T07:56:52.024129+09:00,2026-09-09,PGR,The Progressive Corporation,US,금융,2026-09-08,214.9,1906204,2253475.2,4.5679,124878389248,39,60,53,73,58,1,HOLD,0.19,2,False,live,STOCK,69,NEUTRAL,NYSE
2026-09-09T07:56:52.024129+09:00,2026-09-09,LMT,Lockheed Martin Corporation,US,산업재,2026-09-08,536.15,1315201,1005085.05,12.9848,123738464256,35,60,40,42,41,0,AVOID,-0.33,-4,True,live,STOCK,48,NEUTRAL,NYSE
2026-09-09T07:56:52.024129+09:00,2026-09-09,ISRG,"Intuitive Surgical, Inc.",US,제약/바이오,2026-09-08,350.16,3193352,2282107.6,12.205,125454639104,10,65,50,50,39,0,AVOID,-0.73,-9,True,live,STOCK,55,NEUTRAL,NASDAQ
2026-09-09T07:56:52.024129+09:00,2026-09-09,BMO,Bank of Montreal,US,금융,2026-09-08,175.05,488944,895897.2,3.7679,121675898880,29,60,63,58,49,0,HOLD,-0.03,0,False,live,STOCK,51,NEUTRAL,NYSE
2026-09-09T07:56:52.024129+09:00,2026-09-09,CVS,CVS Health Corp.,US,제약/바이오,2026-09-08,96.07,4152343,6539252.15,1.8107,122870685696,65,65,70,74,65,2,WATCH,0.48,6,False,live,STOCK,47,NEUTRAL,NYSE
2026-09-09T07:56:52.024129+09:00,2026-09-09,PH,Parker-Hannifin Corporation,US,산업재,2026-09-08,955.87,437582,604804.1,23.6032,120484995072,39,60,50,53,47,0,HOLD,-0.08,-1,False,live,STOCK,48,NEUTRAL,NYSE
2026-09-09T07:56:52.024129+09:00,2026-09-09,BTI,British American Tobacco p.l.c.,US,소매,2026-09-08,55.15,4651794,4455749.7,0.8771,118757351424,53,60,55,60,49,0,HOLD,-0.17,-2,False,live,STOCK,20,NEUTRAL,NYSE
2026-09-09T07:56:52.024129+09:00,2026-09-09,MDT,Medtronic plc,US,제약/바이오,2026-09-08,92.39,8094519,8084280.95,2.325,118179553280,55,65,50,58,58,0,HOLD,0.41,5,False,live,STOCK,69,NEUTRAL,NYSE
2026-09-09T07:56:52.024129+09:00,2026-09-09,BP,BP p.l.c.,US,에너지,2026-09-08,44.88,6115736,8898951.8,1.0457,115584155648,88,60,55,74,75,3,BUY,0.94,11,False,live,STOCK,77,NEUTRAL,NYSE
2026-09-09T07:56:52.024129+09:00,2026-09-09,SBUX,Starbucks Corporation,US,소비재,2026-09-08,102.01,6059291,5532449.55,2.4636,116291403776,47,60,60,50,51,0,HOLD,0.12,1,False,live,STOCK,48,NEUTRAL,NASDAQ
2026-09-09T07:56:52.024129+09:00,2026-09-09,SNOW,Snowflake Inc.,US,IT,2026-09-08,335.5,5281236,5257201.8,17.8238,118364397568,66,60,60,22,49,0,HOLD,0.46,6,False,live,STOCK,54,NEUTRAL,NYSE
2026-09-09T07:56:52.024129+09:00,2026-09-09,MPC,Marathon Petroleum Corporation,US,에너지,2026-09-08,397.77,1838744,2441907.2,10.4671,111703662592,77,60,50,68,72,2,WATCH,0.94,11,False,live,STOCK,93,NEUTRAL,NYSE
2026-09-09T07:56:52.024129+09:00,2026-09-09,FTNT,"Fortinet, Inc.",US,IT,2026-09-08,157.47,3514467,4243778.35,7.1986,115537895424,47,60,65,42,52,0,HOLD,0.36,4,False,live,STOCK,63,NEUTRAL,NASDAQ
2026-09-09T07:56:52.024129+09:00,2026-09-09,HDB,HDFC Bank Limited,US,금융,2026-09-08,22.48,8666346,10012467.3,0.5086,115502669824,53,60,55,52,51,0,HOLD,-0.01,0,False,live,STOCK,41,NEUTRAL,NYSE
2026-09-09T07:56:52.024129+09:00,2026-09-09,MO,"Altria Group, Inc.",US,소매,2026-09-08,68.17,10734889,8871699.45,1.4289,113826439168,72,60,60,68,68,2,WATCH,0.57,7,False,live,STOCK,70,NEUTRAL,NYSE
2026-09-09T07:56:52.024129+09:00,2026-09-09,PDD,PDD Holdings Inc.,US,소비재,2026-09-08,79.75,10513569,6992773.45,2.3943,113515872256,35,60,60,94,54,1,HOLD,-0.2,-2,False,live,STOCK,19,NEUTRAL,NASDAQ
2026-09-09T07:56:52.024129+09:00,2026-09-09,BNS,The Bank of Nova Scotia,US,금융,2026-09-08,92.84,1014469,1899918.45,2.2482,113156169728,91,60,60,60,70,1,HOLD,1.0,12,False,live,STOCK,63,NEUTRAL,NYSE
2026-09-09T07:56:52.024129+09:00,2026-09-09,LOW,"Lowe's Companies, Inc.",US,소비재,2026-09-08,200.8,2864015,3107800.75,5.0743,112659644416,28,60,60,60,44,0,AVOID,-0.43,-5,True,live,STOCK,26,NEUTRAL,NYSE
2026-09-09T07:56:52.024129+09:00,2026-09-09,VRT,Vertiv Holdings Co,US,산업재,2026-09-08,290.83,4672157,4083677.85,12.3758,111966101504,72,60,53,43,54,1,HOLD,0.28,3,False,live,STOCK,44,NEUTRAL,NYSE
2026-09-09T07:56:52.024129+09:00,2026-09-09,BNY,Bank of New York Mellon Corp,US,금융,2026-09-08,162.85,2405161,2455518.05,2.945,110494400512,62,60,48,50,55,0,HOLD,0.41,5,False,live,STOCK,61,NEUTRAL,NYSE
2026-09-09T07:56:52.024129+09:00,2026-09-09,ENB,Enbridge Inc.,US,에너지,2026-09-08,50.48,7067560,5436318.0,0.9379,110252638208,50,60,60,37,43,0,AVOID,-0.21,-3,True,live,STOCK,26,NEUTRAL,NYSE
2026-09-09T07:56:52.024129+09:00,2026-09-09,VLO,Valero Energy Corporation,US,에너지,2026-09-08,382.85,2735967,2317683.35,10.41,110233026560,82,60,60,71,76,3,BUY,1.11,13,False,live,STOCK,90,NEUTRAL,NYSE
2026-09-09T07:56:52.024129+09:00,2026-09-09,FCX,Freeport-McMoRan Inc.,US,소재,2026-09-08,76.62,16765799,14181429.95,3.31,110027669504,69,60,50,53,55,0,HOLD,0.41,5,False,live,STOCK,40,NEUTRAL,NYSE
2026-09-09T07:56:52.024129+09:00,2026-09-09,ACN,Accenture plc,US,IT,2026-09-08,179.03,6058870,5185008.5,6.7564,109555990528,50,60,50,68,58,0,HOLD,0.2,2,False,live,STOCK,61,NEUTRAL,NYSE
2026-09-09T07:56:52.024129+09:00,2026-09-09,SPOT,Spotify Technology S.A.,US,인터넷,2026-09-08,528.64,1476324,1604571.2,18.9206,108680036352,47,65,45,42,48,0,HOLD,0.04,0,False,live,STOCK,61,NEUTRAL,NYSE
2026-09-09T07:56:52.024129+09:00,2026-09-09,CM,Canadian Imperial Bank of Commerce,US,금융,2026-09-08,116.86,456667,1124573.35,2.8721,106101334016,47,60,60,60,54,0,HOLD,0.17,2,False,live,STOCK,48,NEUTRAL,NYSE
2026-09-09T07:56:52.024129+09:00,2026-09-09,CEG,Constellation Energy Corporation,US,유틸리티,2026-09-08,299.05,3520045,2530922.25,9.2071,105955622912,66,60,63,45,52,0,HOLD,0.42,5,False,live,STOCK,32,NEUTRAL,NASDAQ
2026-09-09T07:56:52.024129+09:00,2026-09-09,ADP,"Automatic Data Processing, Inc.",US,IT,2026-09-08,267.96,1813540,2045727.0,5.6,106450526208,50,60,50,42,50,0,HOLD,0.25,3,False,live,STOCK,61,NEUTRAL,NASDAQ
2026-09-09T07:56:52.024129+09:00,2026-09-09,CNQ,Canadian Natural Resources Limited,US,에너지,2026-09-08,50.9,5889350,6087097.5,1.2589,104930353152,69,60,53,63,62,0,HOLD,0.62,7,False,live,STOCK,61,NEUTRAL,NYSE
2026-09-09T07:56:52.024129+09:00,2026-09-09,ING,ING Groep N.V.,US,금융,2026-09-08,37.16,1781917,1607400.85,0.5,106011484160,92,60,50,60,67,1,HOLD,0.88,11,False,live,STOCK,58,NEUTRAL,NYSE
2026-09-09T07:56:52.024129+09:00,2026-09-09,SYK,Stryker Corporation,US,제약/바이오,2026-09-08,276.43,6103467,2457843.35,11.1921,106031095808,20,65,53,58,42,0,AVOID,-0.57,-7,True,live,STOCK,42,NEUTRAL,NYSE
2026-09-09T07:56:52.024129+09:00,2026-09-09,IBN,ICICI Bank Limited,US,금융,2026-09-08,29.53,6560036,4985336.8,0.495,105972293632,47,60,53,58,53,0,HOLD,0.23,3,False,live,STOCK,55,NEUTRAL,NYSE
2026-09-09T07:56:52.024129+09:00,2026-09-09,HOOD,"Robinhood Markets, Inc.",US,금융,2026-09-08,117.34,25842832,21472636.6,7.6182,105498312704,95,60,60,42,63,1,HOLD,0.89,11,False,live,STOCK,48,NEUTRAL,NASDAQ
2026-09-09T07:56:52.024129+09:00,2026-09-09,SOMN,The Southern Company,US,유틸리티,2026-09-08,48.15,7097,196109.85,0.6014,,47,60,45,50,47,0,HOLD,-0.2,-2,False,live,STOCK,45,NEUTRAL,NYSE
2026-09-09T07:56:52.024129+09:00,2026-09-09,APP,AppLovin Corporation,US,IT,2026-09-08,312.01,3824648,5170297.4,13.3231,104816492544,55,60,60,58,50,0,HOLD,-0.19,-2,False,live,STOCK,23,NEUTRAL,NASDAQ
2026-09-09T07:56:52.024129+09:00,2026-09-09,MCK,McKesson Corporation,US,제약/바이오,2026-09-08,889.12,736953,902807.65,21.689,103662821376,91,65,66,66,68,1,HOLD,0.91,11,False,live,STOCK,40,NEUTRAL,NYSE
2026-09-09T07:56:52.024129+09:00,2026-09-09,PSX,Phillips 66,US,에너지,2026-09-08,259.14,2500499,2750679.95,6.7886,103898300416,92,60,50,60,74,2,WATCH,1.12,13,False,live,STOCK,93,NEUTRAL,NYSE
2026-09-09T07:56:52.024129+09:00,2026-09-09,SOJE,Southern Company (The) Series 2,US,유틸리티,2026-09-08,15.81,95384,56254.2,0.2261,,28,60,48,50,41,0,AVOID,-0.46,-6,True,live,STOCK,40,NEUTRAL,NYSE
2026-09-09T07:56:52.024129+09:00,2026-09-09,SMFG,"Sumitomo Mitsui Financial Group, Inc.",US,금융,2026-09-08,26.79,2552164,1312773.2,0.5146,169648128000,91,60,55,60,68,1,HOLD,0.92,11,False,live,STOCK,58,NEUTRAL,NYSE
2026-09-09T07:56:52.024129+09:00,2026-09-09,EQNR,Equinor ASA,US,에너지,2026-09-08,43.39,3623705,2464195.25,1.0314,102980354048,69,60,55,78,69,1,HOLD,0.75,9,False,live,STOCK,69,NEUTRAL,NYSE
2026-09-09T07:56:52.024129+09:00,2026-09-09,SNY,Sanofi,US,제약/바이오,2026-09-08,43.155,2600045,2223452.25,0.7336,103405305856,43,65,55,61,48,0,HOLD,-0.2,-2,False,live,STOCK,29,NEUTRAL,NASDAQ
2026-09-09T07:56:52.024129+09:00,2026-09-09,ABNB,"Airbnb, Inc.",US,소비재,2026-09-08,174.54,7040714,4987510.7,5.0684,104512045056,51,60,50,50,52,0,HOLD,0.27,3,False,live,STOCK,58,NEUTRAL,NASDAQ
2026-09-09T07:56:52.024129+09:00,2026-09-09,EQIX,"Equinix, Inc.",US,리츠,2026-09-08,1041.21,407352,521412.6,33.3029,102737944576,40,60,48,35,42,0,AVOID,-0.24,-3,True,live,STOCK,49,NEUTRAL,NASDAQ
2026-09-09T07:56:52.024129+09:00,2026-09-09,SO,The Southern Company,US,유틸리티,2026-09-08,88.99,6255004,5489225.2,1.3454,102370803712,25,60,53,42,39,0,AVOID,-0.46,-6,True,live,STOCK,41,NEUTRAL,NYSE
2026-09-09T07:56:52.024129+09:00,2026-09-09,ADBE,Adobe Inc.,US,IT,2026-09-08,257.26,5353562,4383983.1,10.4021,102260850688,50,60,60,76,65,2,WATCH,0.48,6,False,live,STOCK,75,NEUTRAL,NASDAQ
2026-09-09T07:56:52.024129+09:00,2026-09-09,AEM,Agnico Eagle Mines Limited,US,소재,2026-09-08,201.84,1233789,3344259.45,9.29,102204686336,66,60,55,55,63,1,HOLD,0.7,8,False,live,STOCK,80,NEUTRAL,NYSE
2026-09-09T07:56:52.024129+09:00,2026-09-09,NET,"Cloudflare, Inc.",US,IT,2026-09-08,284.3,2394736,3164611.8,15.6992,101233459200,51,60,50,27,47,0,HOLD,0.27,3,False,live,STOCK,69,NEUTRAL,NYSE
2026-09-09T07:56:52.024129+09:00,2026-09-09,CME,CME Group Inc.,US,금융,2026-09-08,278.23,1639402,1910955.1,5.9821,100045742080,62,60,65,45,62,1,HOLD,0.68,8,False,live,STOCK,87,NEUTRAL,NASDAQ
2026-09-09T07:56:52.024129+09:00,2026-09-09,TT,Trane Technologies plc,US,산업재,2026-09-08,446.0,835632,901951.6,8.8012,98130337792,25,60,63,50,40,0,AVOID,-0.47,-6,True,live,STOCK,23,NEUTRAL,NYSE
2026-09-09T07:56:52.024129+09:00,2026-09-09,MELI,"MercadoLibre, Inc.",US,소비재,2026-09-08,1926.25,350941,428207.05,65.75,97654710272,69,60,65,50,62,0,HOLD,0.76,9,False,live,STOCK,69,NEUTRAL,NASDAQ
2026-09-09T07:56:52.024129+09:00,2026-09-09,USB,U.S. Bancorp,US,금융,2026-09-08,62.49,5581839,5908311.95,1.125,97362640896,44,60,73,60,58,1,HOLD,0.44,5,False,live,STOCK,61,NEUTRAL,NYSE
2026-09-09T07:56:52.024129+09:00,2026-09-09,GSK,GSK plc,US,제약/바이오,2026-09-08,48.54,3054692,2928579.6,1.0814,97216184320,28,65,45,63,46,0,HOLD,-0.38,-5,False,live,STOCK,49,NEUTRAL,NYSE
2026-09-09T07:56:52.024129+09:00,2026-09-09,PNC,"The PNC Financial Services Group, Inc.",US,금융,2026-09-08,242.91,1057152,1400072.6,4.7257,96907411456,29,60,73,60,52,1,HOLD,0.08,1,False,live,STOCK,54,NEUTRAL,NYSE
2026-09-09T07:56:52.024129+09:00,2026-09-09,GD,General Dynamics Corporation,US,산업재,2026-09-08,356.58,1089846,895657.3,7.0421,96475275264,35,60,53,50,46,0,HOLD,-0.14,-2,False,live,STOCK,48,NEUTRAL,NYSE
2026-09-09T07:56:52.024129+09:00,2026-09-09,PWR,"Quanta Services, Inc.",US,산업재,2026-09-08,639.05,831501,1070085.05,22.8807,96076939264,25,60,48,35,35,0,AVOID,-0.6,-7,True,live,STOCK,39,NEUTRAL,NYSE
2026-09-09T07:56:52.024129+09:00,2026-09-09,KKR,KKR & Co. Inc.,US,금융,2026-09-08,105.73,3393257,4313757.85,3.2229,97651228672,50,60,58,66,57,0,HOLD,0.31,4,False,live,STOCK,54,NEUTRAL,NYSE
2026-09-09T07:56:52.024129+09:00,2026-09-09,DUK,Duke Energy Corporation,US,유틸리티,2026-09-08,121.24,3461851,3701807.55,1.7407,94531092480,47,60,63,42,48,0,HOLD,-0.01,0,False,live,STOCK,41,NEUTRAL,NYSE
2026-09-09T07:56:52.024129+09:00,2026-09-09,BNH,Brookfield Finance Inc.,US,금융,2026-09-08,14.99,29834,17321.7,0.1582,,50,60,55,50,49,0,HOLD,-0.04,0,False,live,STOCK,40,NEUTRAL,NYSE
2026-09-09T07:56:52.024129+09:00,2026-09-09,CMCSA,Comcast Corporation,US,인터넷,2026-09-08,26.33,23187608,20532055.4,0.5821,93435600896,47,65,52,73,61,2,WATCH,0.37,4,False,live,STOCK,72,NEUTRAL,NASDAQ
2026-09-09T07:56:52.024129+09:00,2026-09-09,WMB,"The Williams Companies, Inc.",US,에너지,2026-09-08,75.83,6959469,7028958.45,2.205,92752789504,84,60,53,42,64,2,WATCH,0.76,9,False,live,STOCK,78,NEUTRAL,NYSE
2026-09-09T07:56:52.024129+09:00,2026-09-09,HWM,Howmet Aerospace Inc.,US,산업재,2026-09-08,231.53,11660335,3242751.75,10.8836,92334489600,20,60,63,50,40,0,AVOID,-0.53,-6,True,live,STOCK,33,NEUTRAL,NYSE
2026-09-09T07:56:52.024129+09:00,2026-09-09,BNJ,Brookfield Finance Inc. 4.50% P,US,금융,2026-09-08,14.94,12747,14672.35,0.1668,,28,60,55,50,42,0,AVOID,-0.33,-4,True,live,STOCK,40,NEUTRAL,NYSE
2026-09-09T07:56:52.024129+09:00,2026-09-09,ITUB,Itaú Unibanco Holding S.A.,US,금융,2026-09-08,8.31,24783379,21795633.95,0.2423,91591761920,58,60,55,70,55,1,HOLD,0.22,3,False,live,STOCK,26,NEUTRAL,NYSE
2026-09-09T07:56:52.024129+09:00,2026-09-09,CSX,CSX Corporation,US,산업재,2026-09-08,49.0,7452080,9146549.0,1.0236,90771267584,46,60,55,58,52,0,HOLD,0.06,1,False,live,STOCK,48,NEUTRAL,NASDAQ
2026-09-09T07:56:52.024129+09:00,2026-09-09,BCS,Barclays PLC,US,금융,2026-09-08,26.8,3826496,2935359.8,0.4111,89835995136,32,60,50,78,53,1,HOLD,0.01,0,False,live,STOCK,52,NEUTRAL,NYSE
2026-09-09T07:56:52.024129+09:00,2026-09-09,JCI,Johnson Controls International plc,US,소재,2026-09-08,146.37,2766519,2780695.95,3.1386,88662368256,58,60,55,50,49,0,HOLD,0.01,0,False,live,STOCK,29,NEUTRAL,NYSE
2026-09-09T07:56:52.024129+09:00,2026-09-09,ICE,"Intercontinental Exchange, Inc.",US,금융,2026-09-08,157.76,4417605,3276375.25,3.5543,88565596160,47,60,53,50,56,1,HOLD,0.38,5,False,live,STOCK,83,NEUTRAL,NYSE
2026-09-09T07:56:52.024129+09:00,2026-09-09,BN,Brookfield Corporation,US,금융,2026-09-08,39.27,3888608,3889220.4,0.7729,87664443392,20,60,50,35,33,0,AVOID,-0.78,-9,True,live,STOCK,32,NEUTRAL,NYSE
2026-09-09T07:56:52.024129+09:00,2026-09-09,ASX,"ASE Technology Holding Co., Ltd.",US,반도체,2026-09-08,39.79,9187696,6350439.8,1.4011,103599849472,76,65,55,37,54,1,HOLD,0.52,6,False,live,STOCK,44,NEUTRAL,NYSE
2026-09-09T07:56:52.024129+09:00,2026-09-09,DASH,"DoorDash, Inc.",US,인터넷,2026-09-08,200.44,4538132,4000636.6,8.0915,86850240512,51,65,50,43,53,1,HOLD,0.36,4,False,live,STOCK,75,NEUTRAL,NASDAQ
2026-09-09T07:56:52.024129+09:00,2026-09-09,INTU,Intuit Inc.,US,IT,2026-09-08,318.93,3852821,4104176.05,15.7757,87239147520,47,60,60,66,60,0,HOLD,0.37,4,False,live,STOCK,69,NEUTRAL,NASDAQ
2026-09-09T07:56:52.024129+09:00,2026-09-09,ELV,Elevance Health Inc.,US,제약/바이오,2026-09-08,401.94,1155320,893831.0,8.3518,87168442368,80,65,85,68,72,2,WATCH,0.8,10,False,live,STOCK,52,NEUTRAL,NYSE
2026-09-09T07:56:52.024129+09:00,2026-09-09,LYG,Lloyds Banking Group plc,US,금융,2026-09-08,6.0,16703336,11657296.8,0.0957,86823657472,47,60,58,76,53,1,HOLD,0.12,1,False,live,STOCK,22,NEUTRAL,NYSE
2026-09-09T07:56:52.024129+09:00,2026-09-09,WM,"Waste Management, Inc.",US,산업재,2026-09-08,217.78,2158358,2037972.9,3.4893,87049977856,28,60,60,50,39,0,AVOID,-0.43,-5,True,live,STOCK,20,NEUTRAL,NYSE
2026-09-09T07:56:52.024129+09:00,2026-09-09,HCA,"HCA Healthcare, Inc.",US,제약/바이오,2026-09-08,402.02,1725033,1244471.65,12.0836,87037935616,50,65,66,60,56,0,HOLD,0.29,3,False,live,STOCK,48,NEUTRAL,NYSE
2026-09-09T07:56:52.024129+09:00,2026-09-09,MMM,3M Company,US,산업재,2026-09-08,167.52,2147023,2627041.15,3.1446,86393823232,39,60,53,58,49,0,HOLD,-0.01,0,False,live,STOCK,48,NEUTRAL,NYSE
2026-09-09T07:56:52.024129+09:00,2026-09-09,MRSH,"Marsh & McLennan Companies, Inc.",US,금융,2026-09-08,180.52,2057141,1951607.05,3.8798,86146179072,50,60,27,66,50,0,HOLD,-0.07,-1,False,live,STOCK,48,NEUTRAL,NYSE
2026-09-09T07:56:52.024129+09:00,2026-09-09,MAR,"Marriott International, Inc.",US,소비재,2026-09-08,328.79,2089387,1426459.35,6.7089,85737349120,10,60,60,58,38,0,AVOID,-0.8,-10,True,live,STOCK,26,NEUTRAL,NASDAQ
2026-09-09T07:56:52.024129+09:00,2026-09-09,UPS,"United Parcel Service, Inc.",US,산업재,2026-09-08,100.48,3703587,4131629.35,1.9129,85486534656,31,60,63,66,48,0,HOLD,-0.27,-3,False,live,STOCK,32,NEUTRAL,NYSE
2026-09-09T07:56:52.024129+09:00,2026-09-09,EMR,Emerson Electric Co.,US,산업재,2026-09-08,152.15,1930125,2151956.25,3.4864,84869267456,47,60,60,58,57,0,HOLD,0.31,4,False,live,STOCK,67,NEUTRAL,NYSE
2026-09-09T07:56:52.024129+09:00,2026-09-09,SLB,Slb N.V.,US,에너지,2026-09-08,57.1,9351197,11469444.85,1.9354,84744577024,87,60,50,58,70,2,WATCH,0.82,10,False,live,STOCK,84,NEUTRAL,NYSE
2026-09-09T07:56:52.024129+09:00,2026-09-09,MNST,Monster Beverage Corporation,US,소매,2026-09-08,43.15,8494286,9655844.3,0.9814,84533084160,20,60,70,42,45,1,HOLD,-0.21,-3,False,live,STOCK,62,NEUTRAL,NASDAQ
2026-09-09T07:56:52.024129+09:00,2026-09-09,EPD,Enterprise Products Partners L.P.,US,에너지,2026-09-08,38.83,2272746,2693152.3,0.525,83852509184,62,60,55,60,61,0,HOLD,0.46,6,False,live,STOCK,69,NEUTRAL,NYSE
2026-09-09T07:56:52.024129+09:00,2026-09-09,REGN,"Regeneron Pharmaceuticals, Inc.",US,제약/바이오,2026-09-08,810.31,552340,652817.0,21.2664,83425460224,51,65,50,58,56,0,HOLD,0.36,4,False,live,STOCK,67,NEUTRAL,NASDAQ
2026-09-09T07:56:52.024129+09:00,2026-09-09,MCO,Moody's Corporation,US,금융,2026-09-08,481.25,624114,677700.7,12.4186,83343351808,47,60,50,42,49,0,HOLD,0.12,1,False,live,STOCK,63,NEUTRAL,NYSE
2026-09-09T07:56:52.024129+09:00,2026-09-09,CVNA,Carvana Co.,US,소비재,2026-09-08,74.72,5799654,7630307.7,3.2841,82824413184,74,60,58,42,62,2,WATCH,0.68,8,False,live,STOCK,77,NEUTRAL,NYSE
2026-09-09T07:56:52.024129+09:00,2026-09-09,AMT,American Tower Corporation,US,리츠,2026-09-08,175.73,1921940,1933462.0,3.8389,81883160576,58,60,60,42,52,0,HOLD,0.11,1,False,live,STOCK,52,NEUTRAL,NYSE
2026-09-09T07:56:52.024129+09:00,2026-09-09,BE,Bloom Energy Corporation,US,산업재,2026-09-08,277.22,27395461,12888798.05,16.1641,81648877568,58,60,45,43,50,0,HOLD,0.16,2,False,live,STOCK,55,NEUTRAL,NYSE
2026-09-09T07:56:52.024129+09:00,2026-09-09,CTAS,Cintas Corporation,US,산업재,2026-09-08,200.5,1606521,1669536.05,3.2918,80233996288,47,60,58,29,48,0,HOLD,0.26,3,False,live,STOCK,69,NEUTRAL,NASDAQ
2026-09-09T07:56:52.024129+09:00,2026-09-09,SU,Suncor Energy Inc.,US,에너지,2026-09-08,67.89,4005153,4288147.65,1.6297,80160792576,84,60,53,63,63,1,HOLD,0.64,8,False,live,STOCK,40,NEUTRAL,NYSE
2026-09-09T07:56:52.024129+09:00,2026-09-09,CP,Canadian Pacific Kansas City Ltd.,US,산업재,2026-09-08,91.13,1546087,1994399.35,1.9829,80110485504,43,60,63,58,57,0,HOLD,0.22,3,False,live,STOCK,69,NEUTRAL,NYSE
2026-09-09T07:56:52.024129+09:00,2026-09-09,E,Eni S.p.A.,US,에너지,2026-09-08,54.94,377685,363494.25,1.1443,79151071232,43,60,50,68,58,1,HOLD,0.17,2,False,live,STOCK,74,NEUTRAL,NYSE
2026-09-09T07:56:52.024129+09:00,2026-09-09,SHW,The Sherwin-Williams Company,US,소재,2026-09-08,326.09,1207299,1522854.95,7.3009,79160999936,47,60,60,50,51,0,HOLD,0.14,2,False,live,STOCK,51,NEUTRAL,NYSE
2026-09-09T07:56:52.024129+09:00,2026-09-09,MDLZ,"Mondelez International, Inc.",US,소매,2026-09-08,61.63,9830820,7054071.0,1.2268,78658871296,43,60,63,58,56,0,HOLD,0.14,2,False,live,STOCK,63,NEUTRAL,NASDAQ
2026-09-09T07:56:52.024129+09:00,2026-09-09,NGG,National Grid plc,US,유틸리티,2026-09-08,78.06,920940,789922.0,1.0886,78478934016,20,60,55,60,46,0,HOLD,-0.36,-4,False,live,STOCK,53,NEUTRAL,NYSE
2026-09-09T07:56:52.024129+09:00,2026-09-09,ECL,Ecolab Inc.,US,소재,2026-09-08,278.11,1258965,1417328.25,5.64,77962182656,47,60,55,58,55,0,HOLD,0.2,2,False,live,STOCK,63,NEUTRAL,NYSE
2026-09-09T07:56:52.024129+09:00,2026-09-09,CDNS,"Cadence Design Systems, Inc.",US,IT,2026-09-08,284.11,4246827,2366681.35,12.108,78241898496,18,60,60,42,35,0,AVOID,-0.74,-9,True,live,STOCK,26,NEUTRAL,NASDAQ
2026-09-09T07:56:52.024129+09:00,2026-09-09,BAM,Brookfield Asset Management Ltd.,US,금융,2026-09-08,48.87,3334662,2275998.1,1.2179,78057684992,43,60,61,42,51,0,HOLD,0.17,2,False,live,STOCK,67,NEUTRAL,NYSE
2026-09-09T07:56:52.024129+09:00,2026-09-09,GM,General Motors Company,US,소비재,2026-09-08,85.79,6231876,5318413.8,2.1484,77592895488,50,60,50,74,59,1,HOLD,0.2,2,False,live,STOCK,61,NEUTRAL,NYSE
2026-09-09T07:56:52.024129+09:00,2026-09-09,CMI,Cummins Inc.,US,산업재,2026-09-08,561.55,770092,912074.6,14.5147,77305487360,7,60,70,58,39,1,AVOID,-0.73,-9,True,live,STOCK,26,NEUTRAL,NYSE
2026-09-09T07:56:52.024129+09:00,2026-09-09,EOG,"EOG Resources, Inc.",US,에너지,2026-09-08,145.36,2505298,2702534.9,3.2825,76245565440,47,60,60,78,65,2,WATCH,0.44,5,False,live,STOCK,77,NEUTRAL,NYSE
2026-09-09T07:56:52.024129+09:00,2026-09-09,ITW,Illinois Tool Works Inc.,US,산업재,2026-09-08,268.69,1041263,992258.15,5.0032,76522913792,39,60,50,42,44,0,AVOID,-0.12,-1,True,live,STOCK,48,NEUTRAL,NYSE
2026-09-09T07:56:52.024129+09:00,2026-09-09,DB,Deutsche Bank AG,US,금융,2026-09-08,41.06,1233750,1767422.5,0.6892,77151748096,85,60,53,88,73,2,WATCH,0.88,11,False,live,STOCK,54,NEUTRAL,NYSE
2026-09-09T07:56:52.024129+09:00,2026-09-09,MSI,"Motorola Solutions, Inc.",US,IT,2026-09-08,462.98,973632,962721.6,9.5236,76620316672,50,60,50,50,51,0,HOLD,0.2,2,False,live,STOCK,55,NEUTRAL,NYSE
2026-09-09T07:56:52.024129+09:00,2026-09-09,TRV,"The Travelers Companies, Inc.",US,금융,2026-09-08,365.66,1250723,1544861.15,6.2607,76267544576,51,60,53,78,59,1,HOLD,0.33,4,False,live,STOCK,48,NEUTRAL,NYSE
2026-09-09T07:56:52.024129+09:00,2026-09-09,NTES,"NetEase, Inc.",US,IT,2026-09-08,119.45,751360,867018.0,3.8796,76477882368,28,60,58,68,54,1,HOLD,-0.03,0,False,live,STOCK,70,NEUTRAL,NASDAQ
2026-09-09T07:56:52.024129+09:00,2026-09-09,LITE,Lumentum Holdings Inc.,US,IT,2026-09-08,978.535,7361948,4683807.4,63.1272,87774584832,88,60,50,50,69,2,WATCH,1.01,12,False,live,STOCK,90,NEUTRAL,NASDAQ
2026-09-09T07:56:52.024129+09:00,2026-09-09,APO,"Apollo Global Management, Inc.",US,금융,2026-09-08,131.81,3093893,2931004.65,3.6643,77839491072,43,60,58,58,55,0,HOLD,0.13,2,False,live,STOCK,67,NEUTRAL,NYSE
2026-09-09T07:56:52.024129+09:00,2026-09-09,SNPS,"Synopsys, Inc.",US,IT,2026-09-08,392.03,2181715,1794510.75,17.6479,75127308288,36,60,53,43,41,0,AVOID,-0.49,-6,True,live,STOCK,35,NEUTRAL,NASDAQ
2026-09-09T07:56:52.024129+09:00,2026-09-09,DDOG,"Datadog, Inc.",US,IT,2026-09-08,210.23,5214234,3996891.7,11.735,75488337920,28,60,63,35,42,0,AVOID,-0.29,-3,True,live,STOCK,55,NEUTRAL,NASDAQ
2026-09-09T07:56:52.024129+09:00,2026-09-09,FDX,FedEx Corporation,US,산업재,2026-09-08,314.13,970420,1533956.0,8.0007,74345283584,43,60,56,68,50,0,HOLD,-0.21,-3,False,live,STOCK,26,NEUTRAL,NYSE
2026-09-09T07:56:52.024129+09:00,2026-09-09,CNI,Canadian National Railway Company,US,산업재,2026-09-08,122.76,840608,1326420.4,2.3096,74257522688,43,60,63,50,53,0,HOLD,0.14,2,False,live,STOCK,61,NEUTRAL,NYSE
2026-09-09T07:56:52.024129+09:00,2026-09-09,NU,Nu Holdings Ltd.,US,금융,2026-09-08,15.33,75335311,74911855.55,0.6048,74054459392,88,60,45,66,65,1,HOLD,0.72,9,False,live,STOCK,48,NEUTRAL,NYSE
2026-09-09T07:56:52.024129+09:00,2026-09-09,HPE,Hewlett Packard Enterprise Company,US,IT,2026-09-08,56.03,26244176,21900413.8,3.0661,74377854976,62,60,76,74,70,2,WATCH,0.86,10,False,live,STOCK,69,NEUTRAL,NYSE
2026-09-09T07:56:52.024129+09:00,2026-09-09,APOS,"Apollo Global Management, Inc.",US,금융,2026-09-08,25.33,23445,52552.25,0.2023,,69,60,58,50,55,0,HOLD,0.3,4,False,live,STOCK,40,NEUTRAL,NYSE
2026-09-09T07:56:52.024129+09:00,2026-09-09,ET,Energy Transfer LP,US,에너지,2026-09-08,21.51,6981564,7779123.2,0.3164,74065371136,62,60,67,68,66,0,HOLD,0.74,9,False,live,STOCK,69,NEUTRAL,NYSE
2026-09-09T07:56:52.024129+09:00,2026-09-09,TGT,Target Corporation,US,소매,2026-09-08,162.71,2578282,4744849.1,5.3654,73918627840,73,60,53,60,65,2,WATCH,0.76,9,False,live,STOCK,74,NEUTRAL,NYSE
2026-09-09T07:56:52.024129+09:00,2026-09-09,B,Barrick Mining Corporation,US,소재,2026-09-08,44.1,5291479,10981263.95,1.6913,72583503872,54,60,50,78,62,1,HOLD,0.42,5,False,live,STOCK,63,NEUTRAL,NYSE
2026-09-09T07:56:52.024129+09:00,2026-09-09,NOC,Northrop Grumman Corporation,US,산업재,2026-09-08,518.58,1111740,700417.0,11.9238,73671049216,35,60,45,55,46,0,HOLD,-0.33,-4,False,live,STOCK,48,NEUTRAL,NYSE
2026-09-09T07:56:52.024129+09:00,2026-09-09,NSC,Norfolk Southern Corporation,US,산업재,2026-09-08,327.92,881193,1114384.65,6.6,73653575680,47,60,60,45,49,0,HOLD,0.1,1,False,live,STOCK,48,NEUTRAL,NYSE
2026-09-09T07:56:52.024129+09:00,2026-09-09,ROST,"Ross Stores, Inc.",US,소비재,2026-09-08,229.31,2370712,2819725.6,6.0779,73558310912,43,60,55,42,47,0,HOLD,-0.05,-1,False,live,STOCK,54,NEUTRAL,NASDAQ
2026-09-09T07:56:52.024129+09:00,2026-09-09,CI,Cigna Corporation,US,제약/바이오,2026-09-08,275.83,1521708,1397105.4,5.3125,72885444608,50,65,50,94,61,1,HOLD,-0.01,0,False,live,STOCK,39,NEUTRAL,NYSE
2026-09-09T07:56:52.024129+09:00,2026-09-09,MFC,Manulife Financial Corporation,US,금융,2026-09-08,43.38,1143460,2742108.0,0.8353,71978237952,84,60,58,76,65,2,WATCH,0.66,8,False,live,STOCK,28,NEUTRAL,NYSE
2026-09-09T07:56:52.024129+09:00,2026-09-09,RACE,Ferrari N.V.,US,소비재,2026-09-08,405.94,313170,360458.5,8.6921,71349977088,50,60,60,37,52,0,HOLD,0.36,4,False,live,STOCK,67,NEUTRAL,NYSE
2026-09-09T07:56:52.024129+09:00,2026-09-09,KMI,"Kinder Morgan, Inc.",US,에너지,2026-09-08,31.98,17757672,10976063.6,0.8393,71213129728,80,60,53,45,64,2,WATCH,0.67,8,False,live,STOCK,78,NEUTRAL,NYSE
2026-09-09T07:56:52.024129+09:00,2026-09-09,ORLY,"O'Reilly Automotive, Inc.",US,소비재,2026-09-08,85.89,8041050,4827792.5,1.8779,69481635840,43,60,58,50,48,0,HOLD,-0.1,-1,False,live,STOCK,45,NEUTRAL,NASDAQ
2026-09-09T07:56:52.024129+09:00,2026-09-09,RCL,Royal Caribbean Cruises Ltd.,US,소비재,2026-09-08,264.5,2794408,1678385.4,7.5964,70741073920,20,60,63,60,40,0,AVOID,-0.56,-7,True,live,STOCK,17,NEUTRAL,NYSE
2026-09-09T07:56:52.024129+09:00,2026-09-09,CL,Colgate-Palmolive Company,US,소매,2026-09-08,88.41,4076054,3984672.7,1.53,70478053376,28,60,48,50,38,0,AVOID,-0.48,-6,True,live,STOCK,26,NEUTRAL,NYSE
2026-09-09T07:56:52.024129+09:00,2026-09-09,WBD,"Warner Bros. Discovery, Inc.",US,인터넷,2026-09-08,28.12,14127340,18020792.0,0.2968,70500687872,47,65,53,38,47,0,HOLD,0.05,1,False,live,STOCK,54,NEUTRAL,NASDAQ
2026-09-09T07:56:52.024129+09:00,2026-09-09,WPM,Wheaton Precious Metals Corp.,US,소재,2026-09-08,155.11,1464790,2397889.5,6.8868,70444752896,66,60,60,50,65,1,HOLD,0.83,10,False,live,STOCK,93,NEUTRAL,NYSE
2026-09-09T07:56:52.024129+09:00,2026-09-09,DLR,"Digital Realty Trust, Inc.",US,리츠,2026-09-08,189.5,1570405,2021695.25,5.4336,71567269888,43,60,63,46,51,0,HOLD,0.14,2,False,live,STOCK,60,NEUTRAL,NYSE
2026-09-09T07:56:52.024129+09:00,2026-09-09,SATA,Strive Inc. Perp. Pfd. Series A,US,금융,2026-09-08,99.89,448479,332188.95,0.2044,,54,60,58,42,58,1,HOLD,0.45,5,False,live,STOCK,87,NEUTRAL,NASDAQ
2026-09-09T07:56:52.024129+09:00,2026-09-09,AMX,"América Móvil, S.A.B. de C.V.",US,인터넷,2026-09-08,23.0,3975420,3082751.0,0.4004,68880973824,50,65,55,76,58,1,HOLD,-0.0,0,False,live,STOCK,44,NEUTRAL,NYSE
2026-09-09T07:56:52.024129+09:00,2026-09-09,SPG,"Simon Property Group, Inc.",US,리츠,2026-09-08,211.88,1558792,1169959.6,3.0864,80434626560,25,60,72,47,39,1,AVOID,-0.36,-4,True,live,STOCK,17,NEUTRAL,NYSE
2026-09-09T07:56:52.024129+09:00,2026-09-09,HLT,Hilton Worldwide Holdings Inc.,US,소비재,2026-09-08,304.47,1647905,1829535.25,6.6081,68525514752,20,60,55,50,37,0,AVOID,-0.68,-8,True,live,STOCK,26,NEUTRAL,NYSE
2026-09-09T07:56:52.024129+09:00,2026-09-09,AEP,"American Electric Power Company, Inc.",US,유틸리티,2026-09-08,125.42,3950856,3116127.8,2.0671,68278317056,65,60,60,42,53,0,HOLD,0.24,3,False,live,STOCK,46,NEUTRAL,NASDAQ
2026-09-09T07:56:52.024129+09:00,2026-09-09,RSG,"Republic Services, Inc.",US,산업재,2026-09-08,221.63,1497245,1449202.25,3.7164,67865985024,91,60,67,50,61,1,HOLD,0.66,8,False,live,STOCK,26,NEUTRAL,NYSE
2026-09-09T07:56:52.024129+09:00,2026-09-09,SE,Sea Limited,US,소비재,2026-09-08,113.33,3581901,4480245.05,4.0904,69412872192,51,60,45,50,56,1,HOLD,0.41,5,False,live,STOCK,86,NEUTRAL,NYSE
2026-09-09T07:56:52.024129+09:00,2026-09-09,AON,Aon plc,US,금융,2026-09-08,315.79,1893695,1066904.75,10.1564,66987094016,28,60,63,60,42,0,AVOID,-0.44,-5,True,live,STOCK,16,NEUTRAL,NYSE
2026-09-09T07:56:52.024129+09:00,2026-09-09,BSX,Boston Scientific Corporation,US,제약/바이오,2026-09-08,44.98,28963545,19536182.25,2.0064,65186344960,43,65,70,66,58,1,HOLD,0.09,1,False,live,STOCK,55,NEUTRAL,NYSE
2026-09-09T07:56:52.024129+09:00,2026-09-09,VALE,Vale S.A.,US,소재,2026-09-08,15.56,34273279,27412123.95,0.5111,66219667456,69,60,62,74,61,1,HOLD,0.4,5,False,live,STOCK,28,NEUTRAL,NYSE
2026-09-09T07:56:52.024129+09:00,2026-09-09,APD,"Air Products and Chemicals, Inc.",US,소재,2026-09-08,297.71,934830,923476.5,6.0829,66295709696,50,60,60,42,52,0,HOLD,0.23,3,False,live,STOCK,61,NEUTRAL,NYSE
2026-09-09T07:56:52.024129+09:00,2026-09-09,TRP,TC Energy Corporation,US,에너지,2026-09-08,63.45,1036488,1824499.4,1.3729,66100113408,65,60,50,45,49,0,HOLD,-0.04,0,False,live,STOCK,29,NEUTRAL,NYSE
2026-09-09T07:56:52.024129+09:00,2026-09-09,HON,Honeywell International Inc.,US,산업재,2026-09-08,208.24,2249260,2868218.0,4.4936,65999589376,20,60,42,65,44,0,AVOID,-0.54,-6,True,live,STOCK,52,NEUTRAL,NASDAQ
2026-09-09T07:56:52.024129+09:00,2026-09-09,ALL,The Allstate Corporation,US,금융,2026-09-08,253.46,1627205,1570125.25,5.0559,64089378816,50,60,53,78,59,1,HOLD,0.32,4,False,live,STOCK,48,NEUTRAL,NYSE
2026-09-09T07:56:52.024129+09:00,2026-09-09,AJG,Arthur J. Gallagher & Co.,US,금융,2026-09-08,251.45,1106583,1352379.15,7.6107,64456941568,50,60,63,58,57,0,HOLD,0.44,5,False,live,STOCK,61,NEUTRAL,NYSE
2026-09-09T07:56:52.024129+09:00,2026-09-09,PCAR,PACCAR Inc,US,산업재,2026-09-08,122.5,2171279,2421043.95,2.6318,64479707136,28,60,45,58,39,0,AVOID,-0.51,-6,True,live,STOCK,19,NEUTRAL,NASDAQ
2026-09-09T07:56:52.024129+09:00,2026-09-09,TDG,TransDigm Group Incorporated,US,산업재,2026-09-08,1145.14,326006,347775.3,23.9532,63299358720,20,60,51,53,38,0,AVOID,-0.68,-8,True,live,STOCK,27,NEUTRAL,NYSE
2026-09-09T07:56:52.024129+09:00,2026-09-09,BKR,Baker Hughes Company,US,에너지,2026-09-08,63.92,5850306,6241360.3,1.5571,63451721728,58,60,50,58,59,0,HOLD,0.29,3,False,live,STOCK,69,NEUTRAL,NASDAQ
2026-09-09T07:56:52.024129+09:00,2026-09-09,URI,"United Rentals, Inc.",US,산업재,2026-09-08,1015.17,524929,414921.45,28.0693,63186706432,17,60,65,58,48,0,HOLD,-0.29,-3,False,live,STOCK,61,NEUTRAL,NYSE
2026-09-09T07:56:52.024129+09:00,2026-09-09,COR,"Cencora, Inc.",US,제약/바이오,2026-09-08,324.69,2180350,1267277.5,6.7257,61959671808,84,65,63,58,69,1,HOLD,0.97,12,False,live,STOCK,69,NEUTRAL,NYSE
2026-09-09T07:56:52.024129+09:00,2026-09-09,TRGP,Targa Resources Corp.,US,에너지,2026-09-08,294.29,873042,1199527.1,7.5557,63104909312,62,60,53,42,50,0,HOLD,0.26,3,False,live,STOCK,40,NEUTRAL,NYSE
2026-09-09T07:56:52.024129+09:00,2026-09-09,TFC,Truist Financial Corporation,US,금융,2026-09-08,50.55,6007327,5640161.35,0.9793,61753204736,47,60,66,70,58,1,HOLD,0.25,3,False,live,STOCK,51,NEUTRAL,NYSE
2026-09-09T07:56:52.024129+09:00,2026-09-09,ARGX,argenx SE,US,제약/바이오,2026-09-08,1007.07,313857,287557.85,29.8968,62627438592,62,65,50,50,53,0,HOLD,0.34,4,False,live,STOCK,48,NEUTRAL,NASDAQ
2026-09-09T07:56:52.024129+09:00,2026-09-09,MET,"MetLife, Inc.",US,금융,2026-09-08,95.5,2449783,2775939.15,1.9668,60688048128,47,60,68,58,56,0,HOLD,0.37,4,False,live,STOCK,54,NEUTRAL,NYSE
2026-09-09T07:56:52.024129+09:00,2026-09-09,OKE,"ONEOK, Inc.",US,에너지,2026-09-08,97.51,2963141,3373732.05,2.4879,61467348992,81,60,55,60,63,1,HOLD,0.67,8,False,live,STOCK,48,NEUTRAL,NYSE
2026-09-09T07:56:52.024129+09:00,2026-09-09,CVE,Cenovus Energy Inc.,US,에너지,2026-09-08,33.19,5976976,6113298.8,0.9671,61210488832,66,60,53,68,65,0,HOLD,0.65,8,False,live,STOCK,69,NEUTRAL,NYSE
2026-09-09T07:56:52.024129+09:00,2026-09-09,GWW,"W.W. Grainger, Inc.",US,산업재,2026-09-08,1289.17,351862,211118.1,27.99,60721127424,53,60,60,50,50,0,HOLD,0.02,0,False,live,STOCK,38,NEUTRAL,NYSE
2026-09-09T07:56:52.024129+09:00,2026-09-09,MPLX,MPLX Lp,US,에너지,2026-09-08,59.83,1425575,1144093.75,0.885,60659138560,69,60,55,55,53,0,HOLD,0.27,3,False,live,STOCK,26,NEUTRAL,NYSE
2026-09-09T07:56:52.024129+09:00,2026-09-09,RELX,RELX Plc,US,산업재,2026-09-08,34.7,3535571,1921188.55,0.8686,60584235008,43,60,55,50,52,0,HOLD,0.07,1,False,live,STOCK,67,NEUTRAL,NYSE
2026-09-09T07:56:52.024129+09:00,2026-09-09,CRH,CRH plc,US,소재,2026-09-08,90.61,6247088,4367234.4,2.5943,60281425920,31,60,55,60,44,0,AVOID,-0.51,-6,True,live,STOCK,26,NEUTRAL,NYSE
2026-09-09T07:56:52.024129+09:00,2026-09-09,OXY,Occidental Petroleum Corporation,US,에너지,2026-09-08,60.65,6363641,6973457.05,1.37,60628008960,62,60,65,68,66,0,HOLD,0.62,7,False,live,STOCK,69,NEUTRAL,NYSE
2026-09-09T07:56:52.024129+09:00,2026-09-09,MPWR,"Monolithic Power Systems, Inc.",US,반도체,2026-09-08,1218.5,763280,583979.0,41.3143,59880747008,10,65,50,43,32,0,AVOID,-0.93,-11,True,live,STOCK,29,NEUTRAL,NASDAQ
2026-09-09T07:56:52.024129+09:00,2026-09-09,TEL,TE Connectivity plc,US,반도체,2026-09-08,204.99,1423415,1966465.75,5.471,59347316736,65,65,63,66,60,0,HOLD,0.3,4,False,live,STOCK,40,NEUTRAL,NYSE
2026-09-09T07:56:52.024129+09:00,2026-09-09,COHR,"Coherent, Inc.",US,IT,2026-09-08,301.88,8506156,6861177.8,17.5486,59117838336,55,60,45,43,52,1,HOLD,-0.07,-1,False,live,STOCK,70,NEUTRAL,NYSE
2026-09-09T07:56:52.024129+09:00,2026-09-09,MT,ArcelorMittal S.A.,US,소재,2026-09-08,77.15,1131713,1377060.65,2.2364,58174320640,88,60,60,58,71,2,WATCH,1.04,12,False,live,STOCK,75,NEUTRAL,NYSE
2026-09-09T07:56:52.024129+09:00,2026-09-09,AFL,Aflac Incorporated,US,금융,2026-09-08,115.16,2113759,2073017.95,1.95,57734696960,28,60,50,68,44,0,AVOID,-0.41,-5,True,live,STOCK,26,NEUTRAL,NYSE
2026-09-09T07:56:52.024129+09:00,2026-09-09,NBIS,Nebius Group N.V.,US,IT,2026-09-08,243.88,26604516,22381050.8,15.3596,66300055552,84,60,65,58,69,1,HOLD,0.91,11,False,live,STOCK,65,NEUTRAL,NASDAQ
2026-09-09T07:56:52.024129+09:00,2026-09-09,NUE,Nucor Corporation,US,소재,2026-09-08,256.4,1328745,1392492.25,9.78,58170920960,65,60,60,53,58,0,HOLD,0.37,4,False,live,STOCK,54,NEUTRAL,NYSE
2026-09-09T07:56:52.024129+09:00,2026-09-09,TAK,Takeda Pharmaceutical Company Limited,US,제약/바이오,2026-09-08,18.32,3139366,2248028.3,0.2571,58504974336,69,65,45,66,61,0,HOLD,0.53,6,False,live,STOCK,58,NEUTRAL,NYSE
2026-09-09T07:56:52.024129+09:00,2026-09-09,D,"Dominion Energy, Inc.",US,유틸리티,2026-09-08,66.22,4455026,3680921.3,1.0322,58242207744,47,60,63,50,50,0,HOLD,0.07,1,False,live,STOCK,44,NEUTRAL,NYSE
2026-09-09T07:56:52.024129+09:00,2026-09-09,TER,"Teradyne, Inc.",US,반도체,2026-09-08,372.06,2789842,2349962.1,18.5411,58168139776,40,65,45,50,47,0,HOLD,-0.16,-2,False,live,STOCK,53,NEUTRAL,NASDAQ
2026-09-09T07:56:52.024129+09:00,2026-09-09,FIX,"Comfort Systems USA, Inc.",US,산업재,2026-09-08,1648.47,321170,373403.5,68.6057,58016792576,50,60,50,50,49,0,HOLD,-0.17,-2,False,live,STOCK,44,NEUTRAL,NYSE
2026-09-09T07:56:52.024129+09:00,2026-09-09,LNG,"Cheniere Energy, Inc.",US,에너지,2026-09-08,276.02,4915827,1848061.35,7.9221,57007554560,47,60,66,45,56,1,HOLD,0.5,6,False,live,STOCK,77,NEUTRAL,NYSE
2026-09-09T07:56:52.024129+09:00,2026-09-09,NOK,Nokia Oyj,US,IT,2026-09-08,10.65,112224091,71603034.55,0.4036,59625566208,55,60,55,51,52,0,HOLD,-0.12,-1,False,live,STOCK,44,NEUTRAL,NYSE
2026-09-09T07:56:52.024129+09:00,2026-09-09,CTVA,"Corteva, Inc.",US,소재,2026-09-08,85.9,4424548,4607952.4,2.5826,57312141312,66,60,58,50,62,1,HOLD,0.69,8,False,live,STOCK,77,NEUTRAL,NYSE
2026-09-09T07:56:52.024129+09:00,2026-09-09,KEYS,"Keysight Technologies, Inc.",US,IT,2026-09-08,333.42,1020050,1424827.5,10.6663,56763006976,80,60,53,50,59,1,HOLD,0.44,5,False,live,STOCK,47,NEUTRAL,NYSE
2026-09-09T07:56:52.024129+09:00,2026-09-09,O,Realty Income Corporation,US,리츠,2026-09-08,61.02,5954443,5297527.15,0.7089,57738227712,31,60,63,37,37,0,AVOID,-0.37,-4,True,live,STOCK,20,NEUTRAL,NYSE
2026-09-09T07:56:52.024129+09:00,2026-09-09,FAST,Fastenal Company,US,산업재,2026-09-08,49.38,5076284,6124429.2,1.0357,56663433216,44,60,53,29,43,0,AVOID,-0.01,0,True,live,STOCK,54,NEUTRAL,NASDAQ
2026-09-09T07:56:52.024129+09:00,2026-09-09,NXPI,NXP Semiconductors N.V.,US,반도체,2026-09-08,223.87,4636692,2982559.6,5.5918,56451993600,40,65,76,74,56,2,HOLD,-0.11,-1,False,live,STOCK,32,NEUTRAL,NASDAQ
2026-09-09T07:56:52.024129+09:00,2026-09-09,NKE,"NIKE, Inc.",US,소비재,2026-09-08,38.1,31546780,28272019.0,0.9692,56521302016,31,60,50,50,40,0,AVOID,-0.62,-7,True,live,STOCK,26,NEUTRAL,NYSE
2026-09-09T07:56:52.024129+09:00,2026-09-09,CAH,"Cardinal Health, Inc.",US,제약/바이오,2026-09-08,240.49,1578047,1665272.35,4.8946,55932137472,91,65,53,66,69,1,HOLD,0.87,10,False,live,STOCK,55,NEUTRAL,NYSE
2026-09-09T07:56:52.024129+09:00,2026-09-09,PSA,Public Storage,US,리츠,2026-09-08,301.6,723731,736316.55,5.9671,56322519040,20,60,63,37,34,0,AVOID,-0.59,-7,True,live,STOCK,23,NEUTRAL,NYSE
2026-09-09T07:56:52.024129+09:00,2026-09-09,FANG,"Diamondback Energy, Inc.",US,에너지,2026-09-08,199.65,2275185,1779724.25,5.6179,55905947648,40,60,50,61,47,0,HOLD,-0.18,-2,False,live,STOCK,32,NEUTRAL,NASDAQ
2026-09-09T07:56:52.024129+09:00,2026-09-09,F,Ford Motor Company,US,소비재,2026-09-08,14.0,46314309,40797305.45,0.4293,55826341888,65,60,68,57,62,0,HOLD,0.42,5,False,live,STOCK,60,NEUTRAL,NYSE
2026-09-09T07:56:52.024129+09:00,2026-09-09,SRE,Sempra,US,유틸리티,2026-09-08,85.47,3756355,4151752.75,2.385,55888863232,65,60,58,58,58,0,HOLD,0.25,3,False,live,STOCK,50,NEUTRAL,NYSE
2026-09-09T07:56:52.024129+09:00,2026-09-09,MRNA,"Moderna, Inc.",US,제약/바이오,2026-09-08,140.33,10254321,33671611.05,23.1871,56024776704,73,65,50,50,64,2,WATCH,0.78,9,False,live,STOCK,87,NEUTRAL,NASDAQ
2026-09-09T07:56:52.024129+09:00,2026-09-09,AU,AngloGold Ashanti plc,US,소재,2026-09-08,107.83,1819776,2798073.8,5.119,54537097216,58,60,63,84,69,2,WATCH,0.71,9,False,live,STOCK,71,NEUTRAL,NYSE
2026-09-09T07:56:52.024129+09:00,2026-09-09,AME,"AMETEK, Inc.",US,산업재,2026-09-08,237.76,1096805,1368200.25,5.0257,54509154304,40,60,63,58,52,0,HOLD,0.08,1,False,live,STOCK,51,NEUTRAL,NYSE
2026-09-09T07:56:52.024129+09:00,2026-09-09,CRWV,"CoreWeave, Inc. Class A Common Stock",US,IT,2026-09-08,99.83,50881908,28740690.4,5.2043,55059898368,80,60,60,42,54,1,HOLD,0.35,4,False,live,STOCK,26,NEUTRAL,NASDAQ
2026-09-09T07:56:52.024129+09:00,2026-09-09,UMC,United Microelectronics Corporation,US,반도체,2026-09-08,21.82,11522060,10627563.0,0.8986,54722564096,58,65,55,58,52,0,HOLD,0.2,2,False,live,STOCK,29,NEUTRAL,NYSE
2026-09-09T07:56:52.024129+09:00,2026-09-09,DVN,Devon Energy Corporation,US,에너지,2026-09-08,48.4,10510502,9954295.1,1.1629,53240000512,62,60,84,70,64,2,WATCH,0.67,8,False,live,STOCK,40,NEUTRAL,NYSE
2026-09-09T07:56:52.024129+09:00,2026-09-09,GRMN,Garmin Ltd.,US,IT,2026-09-08,275.68,701928,820781.4,6.2907,53165588480,39,60,53,50,47,0,HOLD,0.06,1,False,live,STOCK,48,NEUTRAL,NYSE
2026-09-09T07:56:52.024129+09:00,2026-09-09,NDAQ,"Nasdaq, Inc.",US,금융,2026-09-08,95.04,2278828,2577886.4,2.1079,53125206016,50,60,45,58,52,0,HOLD,0.13,2,False,live,STOCK,55,NEUTRAL,NASDAQ
2026-09-09T07:56:52.024129+09:00,2026-09-09,STT,State Street Corporation,US,금융,2026-09-08,191.88,1535680,1278494.0,4.2791,52709773312,62,60,58,76,66,1,HOLD,0.66,8,False,live,STOCK,66,NEUTRAL,NYSE
2026-09-09T07:56:52.024129+09:00,2026-09-09,DAL,"Delta Air Lines, Inc.",US,산업재,2026-09-08,78.96,5192263,4786328.15,2.2186,51925913600,25,60,60,84,49,1,HOLD,-0.35,-4,False,live,STOCK,23,NEUTRAL,NYSE
2026-09-09T07:56:52.024129+09:00,2026-09-09,VST,Vistra Corp.,US,유틸리티,2026-09-08,151.72,6947378,4059418.9,4.7531,50922573824,69,60,76,58,61,1,HOLD,0.54,6,False,live,STOCK,39,NEUTRAL,NYSE
2026-09-09T07:56:52.024129+09:00,2026-09-09,FNV,Franco-Nevada Corporation,US,소재,2026-09-08,264.31,345692,790384.6,9.0271,50978476032,66,60,55,50,63,1,HOLD,0.71,9,False,live,STOCK,84,NEUTRAL,NYSE
2026-09-09T07:56:52.024129+09:00,2026-09-09,ETR,Entergy Corporation,US,유틸리티,2026-09-08,108.53,3502033,2166451.65,1.8764,51853189120,65,60,63,50,60,0,HOLD,0.46,6,False,live,STOCK,67,NEUTRAL,NYSE
2026-09-09T07:56:52.024129+09:00,2026-09-09,AMP,"Ameriprise Financial, Inc.",US,금융,2026-09-08,556.67,533477,386353.85,12.1686,49172451328,51,60,53,68,59,0,HOLD,0.41,5,False,live,STOCK,64,NEUTRAL,NYSE
2026-09-09T07:56:52.024129+09:00,2026-09-09,EW,Edwards Lifesciences Corporation,US,제약/바이오,2026-09-08,86.72,3582882,2762759.1,2.0257,49985409024,43,65,53,50,43,0,AVOID,-0.27,-3,True,live,STOCK,23,NEUTRAL,NYSE
2026-09-09T07:56:52.024129+09:00,2026-09-09,ALAB,"Astera Labs, Inc. Common Stock",US,반도체,2026-09-08,288.85,5700460,3505638.0,18.9865,50111172608,40,65,65,35,42,0,AVOID,-0.38,-5,True,live,STOCK,30,NEUTRAL,NASDAQ
2026-09-09T07:56:52.024129+09:00,2026-09-09,FITB,Fifth Third Bancorp,US,금융,2026-09-08,54.51,4344816,4895535.8,1.0339,49434710016,25,60,45,58,44,0,AVOID,-0.33,-4,True,live,STOCK,48,NEUTRAL,NYSE
2026-09-09T07:56:52.024129+09:00,2026-09-09,ELC,"Entergy Louisiana, LLC COLLATERAL TR MT",US,유틸리티,2026-09-08,19.52,22866,23048.3,0.2281,,65,60,55,50,54,0,HOLD,0.18,2,False,live,STOCK,40,NEUTRAL,NYSE
2026-09-09T07:56:52.024129+09:00,2026-09-09,BDX,"Becton, Dickinson and Company",US,제약/바이오,2026-09-08,179.1,1803117,1631065.85,4.2579,48784482304,50,65,50,66,59,0,HOLD,0.39,5,False,live,STOCK,69,NEUTRAL,NYSE
2026-09-09T07:56:52.024129+09:00,2026-09-09,WDAY,"Workday, Inc.",US,IT,2026-09-08,186.28,2832411,4912390.55,9.1507,44893478912,51,60,45,74,59,1,HOLD,0.34,4,False,live,STOCK,64,NEUTRAL,NASDAQ
2026-09-09T07:56:52.024129+09:00,2026-09-09,CARR,Carrier Global Corporation,US,산업재,2026-09-08,59.11,4622227,5036916.35,1.4287,48725856256,37,60,73,50,45,1,HOLD,-0.33,-4,False,live,STOCK,23,NEUTRAL,NYSE
2026-09-09T07:56:52.024129+09:00,2026-09-09,DEO,Diageo plc,US,소매,2026-09-08,87.14,861204,919570.2,1.7821,48441196544,47,60,58,66,56,0,HOLD,0.24,3,False,live,STOCK,54,NEUTRAL,NYSE
2026-09-09T07:56:52.024129+09:00,2026-09-09,HUM,Humana Inc.,US,제약/바이오,2026-09-08,403.09,752311,954620.55,12.4904,48403169280,88,65,73,58,70,2,WATCH,1.01,12,False,live,STOCK,58,NEUTRAL,NYSE
2026-09-09T07:56:52.024129+09:00,2026-09-09,CIEN,Ciena Corporation,US,IT,2026-09-08,341.29,3222139,2434971.95,22.4664,48397832192,18,60,50,43,34,0,AVOID,-0.84,-10,True,live,STOCK,26,NEUTRAL,NYSE
2026-09-09T07:56:52.024129+09:00,2026-09-09,AZO,"AutoZone, Inc.",US,소비재,2026-09-08,2951.6101,399942,278912.1,68.4421,,25,60,60,50,50,1,HOLD,-0.14,-2,False,live,STOCK,76,NEUTRAL,NYSE
2026-09-09T07:56:52.024129+09:00,2026-09-09,WAB,Westinghouse Air Brake Technologies Corp,US,산업재,2026-09-08,284.45,696591,854384.55,6.2621,48046694400,44,60,45,58,52,0,HOLD,0.06,1,False,live,STOCK,61,NEUTRAL,NYSE
2026-09-09T07:56:52.024129+09:00,2026-09-09,XEL,Xcel Energy Inc.,US,유틸리티,2026-09-08,76.88,6163462,4758828.1,1.3364,48021884928,25,60,58,42,40,0,AVOID,-0.35,-4,True,live,STOCK,43,NEUTRAL,NASDAQ
2026-09-09T07:56:52.024129+09:00,2026-09-09,ROK,"Rockwell Automation, Inc.",US,산업재,2026-09-08,429.13,621116,657400.8,8.5086,47750991872,50,60,60,42,46,0,HOLD,-0.14,-2,False,live,STOCK,32,NEUTRAL,NYSE
2026-09-09T07:56:52.024129+09:00,2026-09-09,XYZ,"Block, Inc.",US,IT,2026-09-08,80.1,3304431,4145221.55,2.9663,48123678720,47,60,63,43,48,0,HOLD,0.2,2,False,live,STOCK,40,NEUTRAL,NYSE
2026-09-09T07:56:52.024129+09:00,2026-09-09,LHX,"L3Harris Technologies, Inc.",US,산업재,2026-09-08,255.74,1472155,1602557.75,5.2656,47622529024,10,60,58,58,43,0,AVOID,-0.61,-7,True,live,STOCK,55,NEUTRAL,NYSE
2026-09-09T07:56:52.024129+09:00,2026-09-09,CMG,"Chipotle Mexican Grill, Inc.",US,소비재,2026-09-08,36.96,10505360,14336723.0,1.1871,46769848320,95,60,60,50,70,2,WATCH,1.08,13,False,live,STOCK,71,NEUTRAL,NYSE
2026-09-09T07:56:52.024129+09:00,2026-09-09,CCEP,Coca-Cola Europacific Partners PLC,US,소매,2026-09-08,106.55,1531738,1549401.9,1.85,47003914240,47,60,60,50,54,0,HOLD,0.29,3,False,live,STOCK,63,NEUTRAL,NASDAQ
2026-09-09T07:56:52.024129+09:00,2026-09-09,COIN,"Coinbase Global, Inc.",US,금융,2026-09-08,178.94,6017600,9924930.0,13.3664,47210979328,84,60,53,51,66,2,WATCH,0.86,10,False,live,STOCK,72,NEUTRAL,NASDAQ
2026-09-09T07:56:52.024129+09:00,2026-09-09,ABEV,Ambev S.A.,US,소매,2026-09-08,3.04,24184025,31176631.25,0.0771,46876794880,54,60,58,68,56,0,HOLD,0.11,1,False,live,STOCK,41,NEUTRAL,NYSE
2026-09-09T07:56:52.024129+09:00,2026-09-09,EBAY,eBay Inc.,US,소비재,2026-09-08,104.59,6542468,4214258.4,3.2146,46542548992,72,60,53,50,55,1,HOLD,0.22,3,False,live,STOCK,39,NEUTRAL,NASDAQ
2026-09-09T07:56:52.024129+09:00,2026-09-09,NTRA,"Natera, Inc.",US,제약/바이오,2026-09-08,324.14,1029233,1218091.65,10.6801,46722895872,73,65,63,50,64,2,WATCH,0.81,10,False,live,STOCK,71,NEUTRAL,NASDAQ
2026-09-09T07:56:52.024129+09:00,2026-09-09,STM,STMicroelectronics N.V.,US,반도체,2026-09-08,51.97,8714963,7448973.15,1.4821,46353506304,55,65,70,58,52,1,HOLD,-0.08,-1,False,live,STOCK,23,NEUTRAL,NYSE
2026-09-09T07:56:52.024129+09:00,2026-09-09,TEAM,Atlassian Corporation,US,IT,2026-09-08,176.42,3871377,4204283.85,9.8994,44658749440,73,60,60,42,64,2,WATCH,0.85,10,False,live,STOCK,86,NEUTRAL,NASDAQ
2026-09-09T07:56:52.024129+09:00,2026-09-09,ARES,Ares Management Corporation,US,금융,2026-09-08,138.62,1760222,1988046.1,4.1325,45723336704,50,60,60,35,51,0,HOLD,0.28,3,False,live,STOCK,69,NEUTRAL,NYSE
2026-09-09T07:56:52.024129+09:00,2026-09-09,PYPL,"PayPal Holdings, Inc.",US,금융,2026-09-08,53.18,9642864,12606948.2,2.1087,45493407744,51,60,50,86,68,2,WATCH,0.57,7,False,live,STOCK,83,NEUTRAL,NASDAQ
2026-09-09T07:56:52.024129+09:00,2026-09-09,KB,KB Financial Group Inc.,US,금융,2026-09-08,129.45,168517,179230.85,3.2745,45450686464,82,60,55,78,70,2,WATCH,0.83,10,False,live,STOCK,55,NEUTRAL,NYSE
2026-09-09T07:56:52.024129+09:00,2026-09-09,EXC,Exelon Corporation,US,유틸리티,2026-09-08,43.95,8497074,6477873.7,0.78,45279662080,47,60,60,52,53,0,HOLD,0.08,1,False,live,STOCK,56,NEUTRAL,NASDAQ
2026-09-09T07:56:52.024129+09:00,2026-09-09,CBRS,Cerebras Systems Inc.,US,반도체,2026-09-08,199.77,7964198,8760369.9,13.6236,47458172928,65,65,68,35,55,0,HOLD,0.22,3,False,live,STOCK,55,NEUTRAL,NASDAQ
2026-09-09T07:56:52.024129+09:00,2026-09-09,MSTR,Strategy Inc,US,IT,2026-09-08,136.52,19289134,28068561.7,10.2321,54236893184,74,60,53,62,70,2,WATCH,0.91,11,False,live,STOCK,93,NEUTRAL,NASDAQ
2026-09-09T07:56:52.024129+09:00,2026-09-09,INFY,Infosys Limited,US,IT,2026-09-08,11.13,20180370,14915918.5,0.3575,45079834624,43,60,60,60,52,0,HOLD,-0.09,-1,False,live,STOCK,45,NEUTRAL,NYSE
2026-09-09T07:56:52.024129+09:00,2026-09-09,ADSK,"Autodesk, Inc.",US,IT,2026-09-08,212.21,2955662,2091348.1,11.0204,44351889408,43,60,75,66,60,1,HOLD,0.23,3,False,live,STOCK,61,NEUTRAL,NASDAQ
2026-09-09T07:56:52.024129+09:00,2026-09-09,BSBR,Banco Santander (Brasil) S.A.,US,금융,2026-09-08,5.95,6046547,5041562.35,0.1175,44550787072,84,60,48,86,70,2,WATCH,0.77,9,False,live,STOCK,48,NEUTRAL,NYSE
2026-09-09T07:56:52.024129+09:00,2026-09-09,WDS,Woodside Energy Group Ltd,US,에너지,2026-09-08,23.48,543780,475489.0,0.4982,,69,60,55,60,64,0,HOLD,0.63,8,False,live,STOCK,69,NEUTRAL,NYSE
2026-09-09T07:56:52.024129+09:00,2026-09-09,CCJ,Cameco Corporation,US,에너지,2026-09-08,101.97,2186442,2663427.1,4.1793,44411297792,58,60,60,35,46,0,HOLD,0.04,0,False,live,STOCK,33,NEUTRAL,NYSE
2026-09-09T07:56:52.024129+09:00,2026-09-09,KDP,Keurig Dr Pepper Inc.,US,소매,2026-09-08,32.55,8833781,9762114.05,0.6675,44294885376,87,60,63,66,73,2,WATCH,0.91,11,False,live,STOCK,71,NEUTRAL,NASDAQ
2026-09-09T07:56:52.024129+09:00,2026-09-09,SLF,Sun Life Financial Inc.,US,금융,2026-09-08,79.55,311971,1138933.55,1.2366,44286644224,69,60,60,50,64,1,HOLD,0.69,8,False,live,STOCK,80,NEUTRAL,NYSE
2026-09-09T07:56:52.024129+09:00,2026-09-09,RVMD,"Revolution Medicines, Inc.",US,제약/바이오,2026-09-08,207.32,2388985,1769994.25,8.2536,44436226048,51,65,66,42,58,1,HOLD,0.59,7,False,live,STOCK,84,NEUTRAL,NASDAQ
2026-09-09T07:56:52.024129+09:00,2026-09-09,HEI,HEICO Corporation,US,산업재,2026-09-08,316.1,534589,515759.45,10.1514,44177317888,20,60,60,34,32,0,AVOID,-0.63,-8,True,live,STOCK,19,NEUTRAL,NYSE
2026-09-09T07:56:52.024129+09:00,2026-09-09,FERG,Ferguson plc,US,산업재,2026-09-08,226.3,961710,1453210.5,6.012,43778351104,40,60,63,50,51,0,HOLD,-0.0,0,False,live,STOCK,57,NEUTRAL,NYSE
2026-09-09T07:56:52.024129+09:00,2026-09-09,VTR,"Ventas, Inc.",US,리츠,2026-09-08,89.87,3331358,2995617.9,1.7857,46098493440,32,60,55,38,46,0,HOLD,0.02,0,False,live,STOCK,69,NEUTRAL,NYSE
2026-09-09T07:56:52.024129+09:00,2026-09-09,IX,ORIX Corporation,US,금융,2026-09-08,39.21,384172,338193.6,0.8654,40777859072,50,60,55,70,53,1,HOLD,0.01,0,False,live,STOCK,32,NEUTRAL,NYSE
2026-09-09T07:56:52.024129+09:00,2026-09-09,TRI,Thomson Reuters Corporation,US,산업재,2026-09-08,98.81,2000967,1643668.35,4.3482,42806919168,54,60,50,58,54,0,HOLD,0.31,4,False,live,STOCK,54,NEUTRAL,NASDAQ
2026-09-09T07:56:52.024129+09:00,2026-09-09,VEEV,Veeva Systems Inc.,US,IT,2026-09-08,264.84,1467392,1927249.6,11.9614,42879938560,73,60,60,50,64,2,WATCH,0.82,10,False,live,STOCK,78,NEUTRAL,NYSE
2026-09-09T07:56:52.024129+09:00,2026-09-09,TEVA,Teva Pharmaceutical Industries Limited,US,제약/바이오,2026-09-08,36.76,4623706,5223045.3,1.1,42836283392,47,65,53,59,56,0,HOLD,0.24,3,False,live,STOCK,69,NEUTRAL,NYSE
2026-09-09T07:56:52.024129+09:00,2026-09-09,IQV,IQVIA Holdings Inc.,US,제약/바이오,2026-09-08,259.21,1368262,1256403.1,7.6718,42665963520,73,65,50,74,71,3,BUY,0.84,10,False,live,STOCK,84,NEUTRAL,NYSE
2026-09-09T07:56:52.024129+09:00,2026-09-09,GFI,Gold Fields Limited,US,소재,2026-09-08,47.19,2930113,3856365.65,1.9949,42041405440,66,60,60,65,64,0,HOLD,0.68,8,False,live,STOCK,64,NEUTRAL,NYSE
2026-09-09T07:56:52.024129+09:00,2026-09-09,FLEX,Flex Ltd.,US,IT,2026-09-08,114.31,2820801,2882965.05,4.6471,42226454528,40,60,66,58,50,0,HOLD,-0.24,-3,False,live,STOCK,36,NEUTRAL,NASDAQ
2026-09-09T07:56:52.024129+09:00,2026-09-09,FER,Ferrovial SE,US,산업재,2026-09-08,57.99,1474888,1159059.4,1.045,41793519616,17,60,55,38,32,0,AVOID,-0.8,-10,True,live,STOCK,23,NEUTRAL,NASDAQ
2026-09-09T07:56:52.024129+09:00,2026-09-09,PAYX,"Paychex, Inc.",US,산업재,2026-09-08,116.93,3178723,2241291.15,2.8611,41624797184,50,60,50,50,54,0,HOLD,0.33,4,False,live,STOCK,69,NEUTRAL,NASDAQ
2026-09-09T07:56:52.024129+09:00,2026-09-09,A,"Agilent Technologies, Inc.",US,제약/바이오,2026-09-08,146.85,1603122,2297236.1,5.3782,41406681088,50,65,60,58,59,1,HOLD,0.39,5,False,live,STOCK,71,NEUTRAL,NYSE
2026-09-09T07:56:52.024129+09:00,2026-09-09,PRU,"Prudential Financial, Inc.",US,금융,2026-09-08,119.38,1186383,1520899.15,2.5557,41186099200,47,60,63,94,67,1,HOLD,0.52,6,False,live,STOCK,60,NEUTRAL,NYSE
2026-09-09T07:56:52.024129+09:00,2026-09-09,YUM,"Yum! Brands, Inc.",US,소비재,2026-09-08,149.51,1787598,2268669.9,3.4843,40801439744,35,60,53,50,44,0,AVOID,-0.26,-3,True,live,STOCK,41,NEUTRAL,NYSE
2026-09-09T07:56:52.024129+09:00,2026-09-09,CBRE,"CBRE Group, Inc.",US,리츠,2026-09-08,142.26,1798906,1398315.3,4.7829,41194979328,46,60,63,66,55,0,HOLD,0.16,2,False,live,STOCK,45,NEUTRAL,NYSE
2026-09-09T07:56:52.024129+09:00,2026-09-09,WCN,"Waste Connections, Inc.",US,산업재,2026-09-08,163.16,682868,960408.4,2.82,41046040576,31,60,53,58,42,0,AVOID,-0.35,-4,True,live,STOCK,23,NEUTRAL,NYSE
2026-09-09T07:56:52.024129+09:00,2026-09-09,IDXX,"IDEXX Laboratories, Inc.",US,제약/바이오,2026-09-08,520.21,610998,503384.9,15.1343,40982728704,28,65,60,42,45,0,HOLD,-0.29,-3,False,live,STOCK,61,NEUTRAL,NASDAQ
2026-09-09T07:56:52.024129+09:00,2026-09-09,FMX,"Fomento Económico Mexicano, S.A.B. de C.",US,소매,2026-09-08,119.63,409959,377022.95,2.2989,40755724288,57,60,60,53,58,0,HOLD,0.3,4,False,live,STOCK,64,NEUTRAL,NYSE
2026-09-09T07:56:52.024129+09:00,2026-09-09,AXON,"Axon Enterprise, Inc.",US,산업재,2026-09-08,505.43,726554,792722.7,29.1386,41059827712,47,60,60,35,49,0,HOLD,0.24,3,False,live,STOCK,61,NEUTRAL,NASDAQ
2026-09-09T07:56:52.024129+09:00,2026-09-09,HLN,Haleon plc,US,제약/바이오,2026-09-08,9.25,16769280,9420119.0,0.1899,40678023168,43,65,55,58,52,0,HOLD,0.05,1,False,live,STOCK,55,NEUTRAL,NYSE
2026-09-09T07:56:52.024129+09:00,2026-09-09,ADM,Archer-Daniels-Midland Company,US,소매,2026-09-08,84.5,5054464,3524568.2,2.9329,40725585920,91,60,63,58,65,1,HOLD,0.75,9,False,live,STOCK,40,NEUTRAL,NYSE
2026-09-09T07:56:52.024129+09:00,2026-09-09,HMC,"Honda Motor Co., Ltd.",US,소비재,2026-09-08,31.06,767068,835253.4,0.7029,40305696768,50,60,58,63,59,0,HOLD,0.46,6,False,live,STOCK,69,NEUTRAL,NYSE
2026-09-09T07:56:52.024129+09:00,2026-09-09,MSCI,MSCI Inc.,US,금융,2026-09-08,551.39,507597,523599.85,11.9964,40086052864,53,60,68,50,54,0,HOLD,0.09,1,False,live,STOCK,47,NEUTRAL,NYSE
2026-09-09T07:56:52.024129+09:00,2026-09-09,ROP,"Roper Technologies, Inc.",US,IT,2026-09-08,395.65,585446,658487.3,10.3221,39130128384,50,60,60,68,62,1,HOLD,0.54,6,False,live,STOCK,75,NEUTRAL,NASDAQ
2026-09-09T07:56:52.024129+09:00,2026-09-09,PFH,"Prudential Financial, Inc. 4.125% Junior",US,금융,2026-09-08,15.29,36843,33217.15,0.2562,,50,60,58,50,50,0,HOLD,-0.04,0,False,live,STOCK,40,NEUTRAL,NYSE
2026-09-09T07:56:52.024129+09:00,2026-09-09,ED,"Consolidated Edison, Inc.",US,유틸리티,2026-09-08,108.27,1878632,2138636.6,1.6068,40041345024,65,60,65,52,65,1,HOLD,0.65,8,False,live,STOCK,84,NEUTRAL,NYSE
2026-09-09T07:56:52.024129+09:00,2026-09-09,TTWO,"Take-Two Interactive Software, Inc.",US,IT,2026-09-08,213.29,2561387,2562414.35,8.5689,39881060352,20,60,53,42,34,0,AVOID,-0.58,-7,True,live,STOCK,26,NEUTRAL,NASDAQ
2026-09-09T07:56:52.024129+09:00,2026-09-09,VOD,Vodafone Group Public Limited Company,US,인터넷,2026-09-08,17.31,3246227,3001541.35,0.2779,40003985408,73,65,55,86,75,3,BUY,0.91,11,False,live,STOCK,80,NEUTRAL,NASDAQ
2026-09-09T07:56:52.024129+09:00,2026-09-09,MCHP,Microchip Technology Incorporated,US,반도체,2026-09-08,73.38,8725782,8074579.1,2.1965,39845978112,37,65,70,51,46,1,HOLD,-0.31,-4,False,live,STOCK,30,NEUTRAL,NASDAQ
2026-09-09T07:56:52.024129+09:00,2026-09-09,PCG,PG&E Corporation,US,유틸리티,2026-09-08,14.82,65840999,50825504.95,1.0907,32639078400,25,60,66,78,62,2,WATCH,0.04,0,False,live,STOCK,88,NEUTRAL,NYSE
2026-09-09T07:56:52.024129+09:00,2026-09-09,LYV,"Live Nation Entertainment, Inc.",US,인터넷,2026-09-08,170.45,2444870,1718008.5,4.1521,39707947008,43,65,60,22,42,0,AVOID,0.0,0,True,live,STOCK,54,NEUTRAL,NYSE
2026-09-09T07:56:52.024129+09:00,2026-09-09,AIG,"American International Group, Inc.",US,금융,2026-09-08,74.68,3118922,3114961.1,1.2393,39049662464,31,60,55,94,60,1,HOLD,-0.0,0,False,live,STOCK,55,NEUTRAL,NYSE
2026-09-09T07:56:52.024129+09:00,2026-09-09,SHG,"Shinhan Financial Group Co., Ltd.",US,금융,2026-09-08,83.54,202289,157684.45,2.1707,39336009728,82,60,50,65,68,1,HOLD,0.83,10,False,live,STOCK,69,NEUTRAL,NYSE
2026-09-09T07:56:52.024129+09:00,2026-09-09,VIK,Viking Holdings Ltd,US,소비재,2026-09-08,88.08,5070103,4071655.15,3.25,39339884544,17,60,55,50,36,0,AVOID,-0.63,-8,True,live,STOCK,23,NEUTRAL,NYSE
2026-09-09T07:56:52.024129+09:00,2026-09-09,RKT,"Rocket Companies, Inc.",US,금융,2026-09-08,13.81,24531830,23974631.5,0.6082,39104983040,28,60,63,60,53,1,HOLD,0.07,1,False,live,STOCK,70,NEUTRAL,NYSE
2026-09-09T07:56:52.024129+09:00,2026-09-09,ODFL,"Old Dominion Freight Line, Inc.",US,산업재,2026-09-08,187.01,1614190,1654459.5,6.4413,38892146688,10,60,63,50,37,0,AVOID,-0.74,-9,True,live,STOCK,33,NEUTRAL,NASDAQ
2026-09-09T07:56:52.024129+09:00,2026-09-09,JD,"JD.com, Inc.",US,소비재,2026-09-08,27.68,6345292,8677764.6,0.5042,37381840896,25,60,63,74,56,2,HOLD,-0.03,0,False,live,STOCK,71,NEUTRAL,NASDAQ
2026-09-09T07:56:52.024129+09:00,2026-09-09,DHI,"D.R. Horton, Inc.",US,소비재,2026-09-08,138.49,2322237,1828276.85,3.7979,38735831040,31,60,68,68,47,0,HOLD,-0.33,-4,False,live,STOCK,20,NEUTRAL,NYSE
2026-09-09T07:56:52.024129+09:00,2026-09-09,NTR,Nutrien Ltd.,US,소재,2026-09-08,80.68,3125609,2710550.45,2.4368,38501310464,77,60,50,60,69,2,WATCH,0.89,11,False,live,STOCK,90,NEUTRAL,NYSE
2026-09-09T07:56:52.024129+09:00,2026-09-09,SYY,Sysco Corporation,US,소매,2026-09-08,79.84,2255611,2356055.55,1.3179,38251024384,28,60,63,58,42,0,AVOID,-0.33,-4,True,live,STOCK,16,NEUTRAL,NYSE
2026-09-09T07:56:52.024129+09:00,2026-09-09,RKLB,"Rocket Lab USA, Inc.",US,산업재,2026-09-08,65.87,23996422,16615546.1,3.0145,42118004736,7,60,63,19,29,0,AVOID,-0.82,-10,True,live,STOCK,44,NEUTRAL,NASDAQ
2026-09-09T07:56:52.024129+09:00,2026-09-09,CLS,Celestica Inc.,US,IT,2026-09-08,329.97,2972714,2334610.7,16.1582,41612886016,72,60,60,50,56,1,HOLD,0.19,2,False,live,STOCK,39,NEUTRAL,NYSE
2026-09-09T07:56:52.024129+09:00,2026-09-09,ONC,BeOne Medicines AG,US,제약/바이오,2026-09-08,351.48,393522,343181.1,9.0443,39760179200,51,65,48,51,57,1,HOLD,0.45,5,False,live,STOCK,86,NEUTRAL,NASDAQ
2026-09-09T07:56:52.024129+09:00,2026-09-09,BBD,Banco Bradesco S.A.,US,금융,2026-09-08,3.55,31126486,30230804.3,0.1063,37591576576,58,60,50,78,57,1,HOLD,0.2,2,False,live,STOCK,32,NEUTRAL,NYSE
2026-09-09T07:56:52.024129+09:00,2026-09-09,HIG,"The Hartford Insurance Group, Inc.",US,금융,2026-09-08,135.66,1082001,1274725.05,2.2844,36746498048,35,60,58,86,53,1,HOLD,-0.1,-1,False,live,STOCK,25,NEUTRAL,NYSE
2026-09-09T07:56:52.024129+09:00,2026-09-09,NWG,NatWest Group plc,US,금융,2026-09-08,18.67,2341467,2529408.35,0.2696,74114342912,47,60,55,70,54,1,HOLD,0.22,3,False,live,STOCK,42,NEUTRAL,NYSE
2026-09-09T07:56:52.024129+09:00,2026-09-09,NTAP,"NetApp, Inc.",US,IT,2026-09-08,189.13,2416383,2505649.15,8.5584,37148729344,44,60,50,50,50,0,HOLD,0.19,2,False,live,STOCK,61,NEUTRAL,NASDAQ
2026-09-09T07:56:52.024129+09:00,2026-09-09,PEG,Public Service Enterprise Group Incorpor,US,유틸리티,2026-09-08,74.24,2345161,2541003.05,1.0675,37002702848,50,60,50,45,46,0,HOLD,-0.2,-2,False,live,STOCK,35,NEUTRAL,NYSE
2026-09-09T07:56:52.024129+09:00,2026-09-09,EL,The Estée Lauder Companies Inc.,US,소매,2026-09-08,101.69,2710590,4032459.5,4.3541,36791296000,52,60,66,35,57,1,HOLD,0.6,7,False,live,STOCK,87,NEUTRAL,NYSE
2026-09-09T07:56:52.024129+09:00,2026-09-09,EC,Ecopetrol S.A.,US,에너지,2026-09-08,17.78,1293075,1640813.75,0.54,36552744960,84,60,55,96,76,2,WATCH,0.88,11,False,live,STOCK,55,NEUTRAL,NYSE
2026-09-09T07:56:52.024129+09:00,2026-09-09,VG,"Venture Global, Inc.",US,에너지,2026-09-08,14.73,15092625,13546956.25,0.6004,36826365952,69,60,45,62,62,0,HOLD,0.59,7,False,live,STOCK,69,NEUTRAL,NYSE
2026-09-09T07:56:52.024129+09:00,2026-09-09,KGC,Kinross Gold Corporation,US,소재,2026-09-08,30.15,5945050,8329807.5,1.419,35765157888,54,60,60,78,66,2,WATCH,0.61,7,False,live,STOCK,71,NEUTRAL,NYSE
2026-09-09T07:56:52.024129+09:00,2026-09-09,KVUE,Kenvue Inc.,US,소매,2026-09-08,18.39,16218811,19544045.55,0.3254,35323023360,31,60,60,66,50,0,HOLD,-0.11,-1,False,live,STOCK,42,NEUTRAL,NYSE
2026-09-09T07:56:52.024129+09:00,2026-09-09,HSY,The Hershey Company,US,소매,2026-09-08,173.27,1210515,1140640.75,4.1018,34814390272,43,60,50,74,56,1,HOLD,-0.01,0,False,live,STOCK,52,NEUTRAL,NYSE
2026-09-09T07:56:52.024129+09:00,2026-09-09,UI,Ubiquiti Inc.,US,IT,2026-09-08,580.53,150625,178391.25,29.0486,35138543616,43,60,55,42,50,0,HOLD,0.08,1,False,live,STOCK,66,NEUTRAL,NYSE
2026-09-09T07:56:52.024129+09:00,2026-09-09,UAL,"United Airlines Holdings, Inc.",US,산업재,2026-09-08,108.235,2918863,3099908.15,3.6871,35129802752,25,60,60,73,46,1,HOLD,-0.37,-4,False,live,STOCK,23,NEUTRAL,NASDAQ
2026-09-09T07:56:52.024129+09:00,2026-09-09,KR,The Kroger Co.,US,소매,2026-09-08,57.2,6861561,5721583.05,1.3807,35043426304,57,60,55,74,59,1,HOLD,0.08,1,False,live,STOCK,44,NEUTRAL,NYSE
2026-09-09T07:56:52.024129+09:00,2026-09-09,WEC,"WEC Energy Group, Inc.",US,유틸리티,2026-09-08,107.06,2978865,2388073.25,1.6665,34885435392,47,60,63,42,46,0,HOLD,-0.1,-1,False,live,STOCK,35,NEUTRAL,NYSE
2026-09-09T07:56:52.024129+09:00,2026-09-09,ALNY,"Alnylam Pharmaceuticals, Inc.",US,제약/바이오,2026-09-08,260.1,1998227,1731316.35,11.7861,34803752960,72,65,60,50,61,1,HOLD,0.33,4,False,live,STOCK,62,NEUTRAL,NASDAQ
2026-09-09T07:56:52.024129+09:00,2026-09-09,TECK,Teck Resources Limited,US,소재,2026-09-08,71.97,3891831,2820336.55,2.1654,35308482560,56,60,55,45,55,0,HOLD,0.45,5,False,live,STOCK,69,NEUTRAL,NYSE
2026-09-09T07:56:52.024129+09:00,2026-09-09,PPLC,PPL Corporation,US,유틸리티,2026-09-08,46.8,5703,255990.15,0.6536,,65,60,58,50,51,0,HOLD,0.1,1,False,live,STOCK,24,NEUTRAL,NYSE
2026-09-09T07:56:52.024129+09:00,2026-09-09,MTB,M&T Bank Corporation,US,금융,2026-09-08,238.44,1076170,914248.5,4.4757,34434613248,29,60,45,60,45,0,HOLD,-0.24,-3,False,live,STOCK,48,NEUTRAL,NYSE
2026-09-09T07:56:52.024129+09:00,2026-09-09,IRM,Iron Mountain Incorporated,US,리츠,2026-09-08,116.08,1657097,1460539.85,4.1007,34557341696,17,60,50,35,38,0,AVOID,-0.53,-6,True,live,STOCK,62,NEUTRAL,NYSE
2026-09-09T07:56:52.024129+09:00,2026-09-09,EQT,EQT Corporation,US,에너지,2026-09-08,55.12,4885046,6138292.3,1.3893,34478444544,70,60,55,68,65,1,HOLD,0.54,6,False,live,STOCK,61,NEUTRAL,NYSE
2026-09-09T07:56:52.024129+09:00,2026-09-09,STLD,"Steel Dynamics, Inc.",US,소재,2026-09-08,240.31,1206580,1185084.0,10.1429,34443173888,65,60,63,53,59,0,HOLD,0.25,3,False,live,STOCK,55,NEUTRAL,NASDAQ
2026-09-09T07:56:52.024129+09:00,2026-09-09,CHT,"Chunghwa Telecom Co., Ltd.",US,인터넷,2026-09-08,44.23,235470,185323.5,0.45,34311184384,69,65,55,50,62,1,HOLD,0.55,7,False,live,STOCK,79,NEUTRAL,NYSE
2026-09-09T07:56:52.024129+09:00,2026-09-09,TWLO,Twilio Inc.,US,IT,2026-09-08,225.89,1800437,2005531.85,9.6895,34691104768,47,60,60,58,54,0,HOLD,0.26,3,False,live,STOCK,55,NEUTRAL,NYSE
2026-09-09T07:56:52.024129+09:00,2026-09-09,KMB,Kimberly-Clark Corporation,US,소매,2026-09-08,102.93,3285851,2970002.55,2.078,34232360960,28,60,60,50,43,0,AVOID,-0.23,-3,True,live,STOCK,39,NEUTRAL,NASDAQ
2026-09-09T07:56:52.024129+09:00,2026-09-09,PUK,Prudential plc,US,금융,2026-09-08,27.42,834786,1027204.3,0.5132,33949093888,32,60,55,78,47,1,HOLD,-0.21,-3,False,live,STOCK,16,NEUTRAL,NYSE
2026-09-09T07:56:52.024129+09:00,2026-09-09,EME,"EMCOR Group, Inc.",US,산업재,2026-09-08,773.16,328869,346083.45,23.9561,34104008704,40,60,55,50,45,0,HOLD,-0.29,-3,False,live,STOCK,33,NEUTRAL,NYSE
2026-09-09T07:56:52.024129+09:00,2026-09-09,RJF,"Raymond James Financial, Inc.",US,금융,2026-09-08,176.55,1293034,1118511.7,4.205,33915254784,47,60,63,68,58,0,HOLD,0.39,5,False,live,STOCK,55,NEUTRAL,NYSE
2026-09-09T07:56:52.024129+09:00,2026-09-09,BBDO,Banco Bradesco S.A.,US,금융,2026-09-08,3.11,93191,79939.55,0.1235,32932339712,76,60,55,80,66,2,WATCH,0.58,7,False,live,STOCK,40,NEUTRAL,NYSE
2026-09-09T07:56:52.024129+09:00,2026-09-09,HBAN,Huntington Bancshares Incorporated,US,금융,2026-09-08,16.76,20031297,20017744.85,0.3429,33862154240,25,60,37,68,48,0,HOLD,-0.34,-4,False,live,STOCK,61,NEUTRAL,NASDAQ
2026-09-09T07:56:52.024129+09:00,2026-09-09,NTRS,Northern Trust Corporation,US,금융,2026-09-08,184.88,1096001,959580.05,3.7794,33824841728,47,60,60,60,56,0,HOLD,0.29,3,False,live,STOCK,61,NEUTRAL,NASDAQ
2026-09-09T07:56:52.024129+09:00,2026-09-09,STRC,Strategy Inc,US,IT,2026-09-08,98.04,1093174,1453208.7,0.8635,,47,60,48,60,56,1,HOLD,0.2,2,False,live,STOCK,72,NEUTRAL,NASDAQ
2026-09-09T07:56:52.024129+09:00,2026-09-09,ALC,Alcon Inc.,US,제약/바이오,2026-09-08,69.12,1649687,1460859.35,1.2675,33412610048,35,65,60,50,43,0,AVOID,-0.25,-3,True,live,STOCK,26,NEUTRAL,NYSE
2026-09-09T07:56:52.024129+09:00,2026-09-09,P,"Everpure, Inc.",US,IT,2026-09-08,101.14,3479186,3585994.3,6.2948,33702604800,48,60,45,27,46,1,HOLD,0.19,2,False,live,STOCK,72,NEUTRAL,NYSE
2026-09-09T07:56:52.024129+09:00,2026-09-09,VMC,Vulcan Materials Company,US,소재,2026-09-08,258.3,945312,884430.6,6.9939,33470185472,28,60,53,58,42,0,AVOID,-0.51,-6,True,live,STOCK,26,NEUTRAL,NYSE
2026-09-09T07:56:52.024129+09:00,2026-09-09,ACGL,Arch Capital Group Ltd.,US,금융,2026-09-08,95.71,5747756,2450262.8,1.7625,32659038208,32,60,55,78,54,1,HOLD,-0.04,0,False,live,STOCK,48,NEUTRAL,NASDAQ
2026-09-09T07:56:52.024129+09:00,2026-09-09,CCI,Crown Castle Inc.,US,리츠,2026-09-08,75.97,3154321,2425096.05,1.7421,33198891008,62,60,60,58,55,0,HOLD,0.0,0,False,live,STOCK,36,NEUTRAL,NYSE
2026-09-09T07:56:52.024129+09:00,2026-09-09,ESLT,Elbit Systems Ltd.,US,산업재,2026-09-08,708.51,115410,85185.5,17.0907,33201600512,7,60,50,37,35,0,AVOID,-0.77,-9,True,live,STOCK,61,NEUTRAL,NASDAQ
2026-09-09T07:56:52.024129+09:00,2026-09-09,ERIC,Telefonaktiebolaget LM Ericsson (publ),US,IT,2026-09-08,10.07,5571271,8311703.55,0.1629,32885426176,40,60,50,78,53,1,HOLD,-0.34,-4,False,live,STOCK,36,NEUTRAL,NASDAQ
2026-09-09T07:56:52.024129+09:00,2026-09-09,CQP,"Cheniere Energy Partners, L.P.",US,에너지,2026-09-08,68.09,188702,108715.1,1.8161,32959485952,47,60,53,55,54,0,HOLD,0.18,2,False,live,STOCK,64,NEUTRAL,NYSE
2026-09-09T07:56:52.024129+09:00,2026-09-09,JBL,Jabil Inc.,US,IT,2026-09-08,312.33,971049,954792.45,10.9771,32728150016,25,60,60,58,44,0,AVOID,-0.5,-6,True,live,STOCK,36,NEUTRAL,NYSE
2026-09-09T07:56:52.024129+09:00,2026-09-09,RMD,ResMed Inc.,US,제약/바이오,2026-09-08,221.05,1223939,1339086.95,6.5352,31886972928,50,65,56,58,58,1,HOLD,0.41,5,False,live,STOCK,71,NEUTRAL,NYSE
2026-09-09T07:56:52.024129+09:00,2026-09-09,RBLX,Roblox Corporation,US,IT,2026-09-08,44.82,13927911,11215310.55,2.0198,32018329600,54,60,50,45,48,0,HOLD,0.02,0,False,live,STOCK,39,NEUTRAL,NYSE
2026-09-09T07:56:52.024129+09:00,2026-09-09,ILMN,"Illumina, Inc.",US,제약/바이오,2026-09-08,211.06,1772651,1689327.55,10.5379,31870060544,73,65,63,42,64,2,WATCH,0.87,10,False,live,STOCK,84,NEUTRAL,NASDAQ
2026-09-09T07:56:52.024129+09:00,2026-09-09,CNC,Centene Corp.,US,제약/바이오,2026-09-08,64.58,4322248,3718632.4,1.81,31902197760,65,65,76,76,61,2,WATCH,0.32,4,False,live,STOCK,19,NEUTRAL,NYSE
2026-09-09T07:56:52.024129+09:00,2026-09-09,DXCM,"DexCom, Inc.",US,제약/바이오,2026-09-08,84.53,8079426,4089246.3,2.4079,31898304512,47,65,50,42,50,0,HOLD,0.16,2,False,live,STOCK,67,NEUTRAL,NASDAQ
2026-09-09T07:56:52.024129+09:00,2026-09-09,CCL,Carnival Corporation & plc,US,소비재,2026-09-08,23.2,18924606,18168050.3,0.775,31775860736,10,60,55,86,44,1,AVOID,-0.79,-9,True,live,STOCK,20,NEUTRAL,NYSE
2026-09-09T07:56:52.024129+09:00,2026-09-09,BIDU,"Baidu, Inc.",US,인터넷,2026-09-08,92.55,7165925,3518451.25,2.9096,31391713280,40,65,60,88,59,1,HOLD,-0.16,-2,False,live,STOCK,41,NEUTRAL,NASDAQ
2026-09-09T07:56:52.024129+09:00,2026-09-09,EXPE,"Expedia Group, Inc.",US,소비재,2026-09-08,274.55,3424018,1522925.9,12.7185,32952059904,47,60,45,76,57,1,HOLD,0.22,3,False,live,STOCK,54,NEUTRAL,NASDAQ
2026-09-09T07:56:52.024129+09:00,2026-09-09,BIIB,Biogen Inc.,US,제약/바이오,2026-09-08,212.5,617405,709705.25,6.0271,31397724160,47,65,63,58,58,0,HOLD,0.34,4,False,live,STOCK,68,NEUTRAL,NASDAQ
2026-09-09T07:56:52.024129+09:00,2026-09-09,CRDO,Credo Technology Group Holding Ltd,US,반도체,2026-09-08,167.75,10212891,6766044.55,15.6211,31528935424,10,65,68,42,33,0,AVOID,-0.81,-10,True,live,STOCK,20,NEUTRAL,NASDAQ
2026-09-09T07:56:52.024129+09:00,2026-09-09,NMR,"Nomura Holdings, Inc.",US,금융,2026-09-08,10.63,784676,626153.8,0.1807,31067164672,77,60,55,68,64,1,HOLD,0.67,8,False,live,STOCK,46,NEUTRAL,NYSE
2026-09-09T07:56:52.024129+09:00,2026-09-09,STRF,MicroStrategy Incorporated 10.00% Series,US,IT,2026-09-08,104.39,29773,72898.65,1.4842,,76,60,48,60,67,2,WATCH,0.8,10,False,live,STOCK,82,NEUTRAL,NASDAQ
2026-09-09T07:56:52.024129+09:00,2026-09-09,ZTS,Zoetis Inc.,US,제약/바이오,2026-09-08,73.56,5655494,4816524.7,2.3364,30396727296,46,65,60,73,64,2,WATCH,0.22,3,False,live,STOCK,82,NEUTRAL,NYSE
2026-09-09T07:56:52.024129+09:00,2026-09-09,MLM,"Martin Marietta Materials, Inc.",US,소재,2026-09-08,511.98,856178,627793.9,12.2804,36360503296,31,60,63,58,44,0,AVOID,-0.41,-5,True,live,STOCK,26,NEUTRAL,NYSE
2026-09-09T07:56:52.024129+09:00,2026-09-09,HAL,Halliburton Company,US,에너지,2026-09-08,36.8,7575354,10574432.7,1.0877,30659196928,80,60,50,74,61,2,WATCH,0.25,3,False,live,STOCK,26,NEUTRAL,NYSE
2026-09-09T07:56:52.024129+09:00,2026-09-09,FTI,TechnipFMC plc,US,에너지,2026-09-08,78.16,2986682,2622734.1,2.2771,30651570176,84,60,65,50,68,2,WATCH,0.98,12,False,live,STOCK,72,NEUTRAL,NYSE
2026-09-09T07:56:52.024129+09:00,2026-09-09,TS,Tenaris S.A.,US,에너지,2026-09-08,56.94,1444588,1458084.4,1.2736,28744441856,59,60,50,55,52,0,HOLD,-0.03,0,False,live,STOCK,39,NEUTRAL,NYSE
2026-09-09T07:56:52.024129+09:00,2026-09-09,WTW,Willis Towers Watson Public Limited Comp,US,금융,2026-09-08,325.34,372448,474357.4,7.4354,30214955008,54,60,60,58,49,0,HOLD,0.17,2,False,live,STOCK,19,NEUTRAL,NASDAQ
2026-09-09T07:56:52.024129+09:00,2026-09-09,CPRT,"Copart, Inc.",US,산업재,2026-09-08,32.6,7107184,9870534.2,1.07,30181451776,58,60,55,45,56,0,HOLD,0.33,4,False,live,STOCK,69,NEUTRAL,NASDAQ
2026-09-09T07:56:52.024129+09:00,2026-09-09,GEHC,GE HealthCare Technologies Inc.,US,제약/바이오,2026-09-08,66.775,3062936,2556361.8,1.6274,30161348608,35,65,66,68,53,0,HOLD,0.0,0,False,live,STOCK,45,NEUTRAL,NASDAQ
2026-09-09T07:56:52.024129+09:00,2026-09-09,WAT,Waters Corporation,US,제약/바이오,2026-09-08,402.91,419481,641849.05,12.9361,39560065024,50,65,42,35,51,1,HOLD,0.22,3,False,live,STOCK,84,NEUTRAL,NYSE
2026-09-09T07:56:52.024129+09:00,2026-09-09,BAP,Credicorp Ltd.,US,금융,2026-09-08,377.24,579391,316994.55,9.0843,29960142848,76,60,58,63,64,1,HOLD,0.63,8,False,live,STOCK,55,NEUTRAL,NYSE
2026-09-09T07:56:52.024129+09:00,2026-09-09,ROIV,Roivant Sciences Ltd.,US,제약/바이오,2026-09-08,41.48,24595112,8423225.6,1.6372,29961957376,92,65,48,50,67,2,WATCH,0.93,11,False,live,STOCK,74,NEUTRAL,NASDAQ
2026-09-09T07:56:52.024129+09:00,2026-09-09,CFG,"Citizens Financial Group, Inc.",US,금융,2026-09-08,69.99,2583344,2976287.2,1.467,29478162432,29,60,63,68,51,0,HOLD,-0.03,0,False,live,STOCK,45,NEUTRAL,NYSE
2026-09-09T07:56:52.024129+09:00,2026-09-09,AEE,Ameren Corporation,US,유틸리티,2026-09-08,106.73,1594208,1346495.4,1.6556,29547483136,47,60,53,42,46,0,HOLD,-0.12,-1,False,live,STOCK,41,NEUTRAL,NYSE
2026-09-09T07:56:52.024129+09:00,2026-09-09,KHC,The Kraft Heinz Company,US,소매,2026-09-08,24.9,20724230,15405511.5,0.64,29527011328,39,60,66,96,66,1,HOLD,0.37,4,False,live,STOCK,63,NEUTRAL,NASDAQ
2026-09-09T07:56:52.024129+09:00,2026-09-09,EXR,Extra Space Storage Inc.,US,리츠,2026-09-08,139.16,1122868,880893.4,2.36,30712967168,20,60,60,45,41,0,AVOID,-0.41,-5,True,live,STOCK,49,NEUTRAL,NYSE
2026-09-09T07:56:52.024129+09:00,2026-09-09,IR,Ingersoll Rand Inc.,US,산업재,2026-09-08,75.11,2188150,3204677.5,1.9372,29142636544,28,60,65,66,46,0,HOLD,-0.25,-3,False,live,STOCK,25,NEUTRAL,NYSE
2026-09-09T07:56:52.024129+09:00,2026-09-09,MDLN,Medline Inc.,US,제약/바이오,2026-09-08,34.69,7214712,6705205.6,1.3091,46673076224,50,65,55,50,54,0,HOLD,0.12,1,False,live,STOCK,67,NEUTRAL,NASDAQ
2026-09-09T07:56:52.024129+09:00,2026-09-09,RDDT,"Reddit, Inc.",US,인터넷,2026-09-08,149.38,4939321,7030401.05,7.3739,28740192256,40,65,60,58,46,0,HOLD,-0.4,-5,False,live,STOCK,23,NEUTRAL,NYSE
2026-09-09T07:56:52.024129+09:00,2026-09-09,MDB,"MongoDB, Inc.",US,IT,2026-09-08,356.0,2476065,1980228.25,23.7838,28633765888,43,60,50,35,44,0,AVOID,-0.08,-1,True,live,STOCK,51,NEUTRAL,NASDAQ
2026-09-09T07:56:52.024129+09:00,2026-09-09,FOXA,Fox Corporation,US,인터넷,2026-09-08,65.23,3968512,5072735.6,1.7347,27425138688,40,65,63,68,58,0,HOLD,0.12,1,False,live,STOCK,67,NEUTRAL,NASDAQ
2026-09-09T07:56:52.024129+09:00,2026-09-09,PBA,Pembina Pipeline Corporation,US,에너지,2026-09-08,49.16,1724676,890253.8,0.8929,28589244416,65,60,60,58,62,0,HOLD,0.5,6,False,live,STOCK,66,NEUTRAL,NYSE
2026-09-09T07:56:52.024129+09:00,2026-09-09,DTE,DTE Energy Company,US,유틸리티,2026-09-08,137.26,1257558,1192242.9,1.9686,28562165760,47,60,58,50,50,0,HOLD,-0.03,0,False,live,STOCK,49,NEUTRAL,NYSE
2026-09-09T07:56:52.024129+09:00,2026-09-09,JBS,Jbs N.V.,US,소매,2026-09-08,12.87,5976473,5836148.65,0.4564,13782622208,47,60,60,76,58,1,HOLD,0.25,3,False,live,STOCK,48,NEUTRAL,NYSE
2026-09-09T07:56:52.024129+09:00,2026-09-09,HPQ,HP Inc.,US,IT,2026-09-08,31.17,15566117,15081110.85,1.4686,28108824576,95,60,50,73,77,3,BUY,1.15,14,False,live,STOCK,84,NEUTRAL,NYSE
2026-09-09T07:56:52.024129+09:00,2026-09-09,LVS,Las Vegas Sands Corp.,US,소비재,2026-09-08,43.98,6019374,4484608.7,1.2553,28485898240,31,60,55,76,57,2,HOLD,-0.17,-2,False,live,STOCK,70,NEUTRAL,NYSE
2026-09-09T07:56:52.024129+09:00,2026-09-09,SUNB,Sunbelt Rentals Holdings Inc,US,산업재,2026-09-08,69.32,10630277,6591463.85,2.7611,28417564672,22,60,45,66,46,0,HOLD,-0.57,-7,False,live,STOCK,52,NEUTRAL,NYSE
2026-09-09T07:56:52.024129+09:00,2026-09-09,ATI,ATI Inc.,US,산업재,2026-09-08,207.32,1596085,1859384.25,7.4971,28230844416,44,60,45,35,43,0,AVOID,-0.04,0,True,live,STOCK,51,NEUTRAL,NYSE
2026-09-09T07:56:52.024129+09:00,2026-09-09,FTS,Fortis Inc.,US,유틸리티,2026-09-08,55.57,517226,720926.3,0.8236,28390713344,65,60,63,42,59,1,HOLD,0.49,6,False,live,STOCK,73,NEUTRAL,NYSE
2026-09-09T07:56:52.024129+09:00,2026-09-09,ZM,"Zoom Communications, Inc.",US,IT,2026-09-08,96.44,2471469,3292098.45,4.2986,28139622400,43,60,53,73,56,1,HOLD,0.04,0,False,live,STOCK,55,NEUTRAL,NASDAQ
2026-09-09T07:56:52.024129+09:00,2026-09-09,DTW,DTE Energy Company 5.25 % Debentures 201,US,유틸리티,2026-09-08,19.4,23061,29108.05,0.3627,,50,60,58,80,59,1,HOLD,0.04,0,False,live,STOCK,40,NEUTRAL,NYSE
2026-09-09T07:56:52.024129+09:00,2026-09-09,RYAAY,Ryanair Holdings plc,US,산업재,2026-09-08,54.37,913530,1126261.5,1.2104,28183676928,28,60,55,47,39,0,AVOID,-0.52,-6,True,live,STOCK,26,NEUTRAL,NASDAQ
2026-09-09T07:56:52.024129+09:00,2026-09-09,DG,Dollar General Corporation,US,소매,2026-09-08,127.87,2532283,2545159.15,4.36,28210268160,84,60,60,68,70,1,HOLD,0.92,11,False,live,STOCK,61,NEUTRAL,NYSE
2026-09-09T07:56:52.024129+09:00,2026-09-09,ATO,Atmos Energy Corporation,US,유틸리티,2026-09-08,168.07,766434,953846.7,2.4051,28401907712,50,60,65,42,47,0,HOLD,0.02,0,False,live,STOCK,32,NEUTRAL,NYSE
2026-09-09T07:56:52.024129+09:00,2026-09-09,TDY,Teledyne Technologies Incorporated,US,IT,2026-09-08,605.08,204510,233945.5,11.3214,28048889856,20,60,45,58,43,0,AVOID,-0.47,-6,True,live,STOCK,51,NEUTRAL,NYSE
2026-09-09T07:56:52.024129+09:00,2026-09-09,LPLA,LPL Financial Holdings Inc.,US,금융,2026-09-08,350.22,495817,575335.85,11.27,27577124864,51,60,53,66,59,0,HOLD,0.42,5,False,live,STOCK,67,NEUTRAL,NASDAQ
2026-09-09T07:56:52.024129+09:00,2026-09-09,AWK,"American Water Works Company, Inc.",US,유틸리티,2026-09-08,140.38,2019985,2138989.25,2.7496,27897577472,91,60,63,42,65,1,HOLD,0.94,11,False,live,STOCK,63,NEUTRAL,NYSE
2026-09-09T07:56:52.024129+09:00,2026-09-09,VICI,VICI Properties Inc.,US,리츠,2026-09-08,25.27,11909330,9064086.5,0.4141,27824228352,28,60,63,80,56,1,HOLD,-0.14,-2,False,live,STOCK,55,NEUTRAL,NYSE
2026-09-09T07:56:52.024129+09:00,2026-09-09,OKTA,"Okta, Inc.",US,IT,2026-09-08,167.595,2550053,3912517.65,9.8514,29299113984,95,60,60,43,69,2,WATCH,1.12,13,False,live,STOCK,80,NEUTRAL,NASDAQ
2026-09-09T07:56:52.024129+09:00,2026-09-09,SYM,Symbotic Inc.,US,산업재,2026-09-08,43.3,2081243,1537612.15,1.6589,26212294656,69,60,45,30,53,1,HOLD,0.33,4,False,live,STOCK,73,NEUTRAL,NASDAQ
2026-09-09T07:56:52.024129+09:00,2026-09-09,ON,ON Semiconductor Corporation,US,반도체,2026-09-08,71.08,14880058,7429487.9,2.5893,27672768512,40,65,68,66,50,0,HOLD,-0.28,-3,False,live,STOCK,23,NEUTRAL,NASDAQ
2026-09-09T07:56:52.024129+09:00,2026-09-09,QSR,Restaurant Brands International Inc.,US,소비재,2026-09-08,78.27,2864173,2454463.65,1.8229,35856343040,54,60,63,50,58,0,HOLD,0.44,5,False,live,STOCK,69,NEUTRAL,NYSE
2026-09-09T07:56:52.024129+09:00,2026-09-09,CASY,"Casey's General Stores, Inc.",US,소비재,2026-09-08,733.49,896272,349538.6,26.4236,27142731776,20,60,53,45,36,0,AVOID,-0.6,-7,True,live,STOCK,29,NEUTRAL,NASDAQ
2026-09-09T07:56:52.024129+09:00,2026-09-09,FISV,"Fiserv, Inc.",US,IT,2026-09-08,50.86,14999898,6470519.9,1.5079,27045656576,46,60,67,78,63,1,HOLD,0.22,3,False,live,STOCK,61,NEUTRAL,NASDAQ
2026-09-09T07:56:52.024129+09:00,2026-09-09,INSM,Insmed Incorporated,US,제약/바이오,2026-09-08,124.89,1603832,1805426.6,4.1457,27273666560,51,65,50,19,38,0,AVOID,0.01,0,True,live,STOCK,37,NEUTRAL,NASDAQ
2026-09-09T07:56:52.024129+09:00,2026-09-09,CTSH,Cognizant Technology Solutions Corporati,US,IT,2026-09-08,59.92,5938976,6366453.8,2.13,26990616576,54,60,50,84,69,2,WATCH,0.64,8,False,live,STOCK,90,NEUTRAL,NASDAQ
2026-09-09T07:56:52.024129+09:00,2026-09-09,ASTS,"AST SpaceMobile, Inc.",US,인터넷,2026-09-08,66.12,12009781,9966989.05,3.9576,25731756032,55,65,75,42,52,1,HOLD,0.02,0,False,live,STOCK,38,NEUTRAL,NASDAQ
2026-09-09T07:56:52.024129+09:00,2026-09-09,ES,Eversource Energy,US,유틸리티,2026-09-08,71.49,1856759,1847792.95,1.2161,26928478208,65,60,63,58,59,0,HOLD,0.41,5,False,live,STOCK,49,NEUTRAL,NYSE
2026-09-09T07:56:52.024129+09:00,2026-09-09,FE,FirstEnergy Corp.,US,유틸리티,2026-09-08,46.45,5632099,3805349.95,0.7411,26877825024,50,60,60,50,49,0,HOLD,0.02,0,False,live,STOCK,33,NEUTRAL,NYSE
2026-09-09T07:56:52.024129+09:00,2026-09-09,RPRX,Royalty Pharma plc,US,제약/바이오,2026-09-08,60.59,8622977,2868968.85,1.5958,35011051520,69,65,45,50,62,1,HOLD,0.58,7,False,live,STOCK,84,NEUTRAL,NASDAQ
2026-09-09T07:56:52.024129+09:00,2026-09-09,WSM,"Williams-Sonoma, Inc.",US,소비재,2026-09-08,227.83,1291433,1127226.65,8.7346,26833629184,44,60,63,42,46,0,HOLD,0.05,1,False,live,STOCK,40,NEUTRAL,NYSE
2026-09-09T07:56:52.024129+09:00,2026-09-09,MTD,Mettler-Toledo International Inc.,US,제약/바이오,2026-09-08,1325.52,150638,170441.9,35.4293,26558861312,39,65,50,42,44,0,AVOID,-0.01,0,True,live,STOCK,48,NEUTRAL,NYSE
2026-09-09T07:56:52.024129+09:00,2026-09-09,OTIS,Otis Worldwide Corporation,US,산업재,2026-09-08,70.06,3371819,3311970.95,1.1831,26669692928,31,60,60,58,44,0,AVOID,-0.32,-4,True,live,STOCK,26,NEUTRAL,NYSE
2026-09-09T07:56:52.024129+09:00,2026-09-09,LH,Labcorp Holdings Inc.,US,제약/바이오,2026-09-08,324.86,610675,585843.75,7.3058,26346145792,51,65,48,58,56,0,HOLD,0.35,4,False,live,STOCK,69,NEUTRAL,NYSE
2026-09-09T07:56:52.024129+09:00,2026-09-09,CPNG,"Coupang, Inc.",US,소비재,2026-09-08,14.81,20407957,14510307.85,0.5241,26621149184,31,60,55,26,32,0,AVOID,-0.62,-7,True,live,STOCK,17,NEUTRAL,NYSE
2026-09-09T07:56:52.024129+09:00,2026-09-09,CPAY,"Corpay, Inc.",US,IT,2026-09-08,407.05,453043,434262.15,8.9879,26726739968,47,60,50,74,60,1,HOLD,0.34,4,False,live,STOCK,67,NEUTRAL,NYSE
2026-09-09T07:56:52.024129+09:00,2026-09-09,CNP,"CenterPoint Energy, Inc.",US,유틸리티,2026-09-08,40.12,4533463,5381898.15,0.77,26427856896,65,60,65,42,53,0,HOLD,0.21,3,False,live,STOCK,41,NEUTRAL,NYSE
2026-09-09T07:56:52.024129+09:00,2026-09-09,PPL,PPL Corporation,US,유틸리티,2026-09-08,35.08,9839149,7849157.45,0.5636,26399275008,65,60,63,50,54,0,HOLD,0.23,3,False,live,STOCK,35,NEUTRAL,NYSE
2026-09-09T07:56:52.024129+09:00,2026-09-09,TPL,Texas Pacific Land Corporation,US,에너지,2026-09-08,381.9,331669,360273.45,14.3929,26341429248,69,60,70,29,53,1,HOLD,0.4,5,False,live,STOCK,49,NEUTRAL,NYSE
2026-09-09T07:56:52.024129+09:00,2026-09-09,TCOM,Trip.com Group Limited,US,소비재,2026-09-08,40.5,4456824,2479966.2,1.06,25503062016,35,60,55,70,51,1,HOLD,-0.33,-4,False,live,STOCK,42,NEUTRAL,NASDAQ
2026-09-09T07:56:52.024129+09:00,2026-09-09,NVT,nVent Electric plc,US,산업재,2026-09-08,162.57,2500705,2464305.25,6.8527,26313246720,80,60,55,58,67,2,WATCH,0.66,8,False,live,STOCK,74,NEUTRAL,NYSE
2026-09-09T07:56:52.024129+09:00,2026-09-09,DOV,Dover Corporation,US,산업재,2026-09-08,194.74,1463612,1090530.6,3.8866,26227628032,25,60,55,58,42,0,AVOID,-0.55,-7,True,live,STOCK,32,NEUTRAL,NYSE
2026-09-09T07:56:52.024129+09:00,2026-09-09,ZS,"Zscaler, Inc.",US,IT,2026-09-08,161.94,4095283,2917449.15,9.7536,26405079040,51,60,50,42,52,0,HOLD,0.32,4,False,live,STOCK,69,NEUTRAL,NASDAQ
2026-09-09T07:56:52.024129+09:00,2026-09-09,SMCI,"Super Micro Computer, Inc.",US,IT,2026-09-08,40.26,42112848,54133602.4,2.2214,26449424384,87,60,50,68,73,2,WATCH,0.8,10,False,live,STOCK,83,NEUTRAL,NASDAQ
2026-09-09T07:56:52.024129+09:00,2026-09-09,DGX,Quest Diagnostics Incorporated,US,제약/바이오,2026-09-08,235.5,724003,848905.15,5.0808,25992927232,50,65,50,58,49,0,HOLD,0.12,1,False,live,STOCK,34,NEUTRAL,NYSE
2026-09-09T07:56:52.024129+09:00,2026-09-09,WRB,W. R. Berkley Corporation,US,금융,2026-09-08,69.77,4103754,1667022.7,1.2207,25900541952,65,60,60,63,63,0,HOLD,0.5,6,False,live,STOCK,61,NEUTRAL,NYSE
2026-09-09T07:56:52.024129+09:00,2026-09-09,CINF,Cincinnati Financial Corporation,US,금융,2026-09-08,169.14,408246,432497.3,2.7561,25959276544,53,60,63,78,59,1,HOLD,0.23,3,False,live,STOCK,36,NEUTRAL,NASDAQ
2026-09-09T07:56:52.024129+09:00,2026-09-09,Q,"Qnity Electronics, Inc.",US,반도체,2026-09-08,123.28,1383700,1703580.0,5.3155,25791229952,25,65,65,50,43,0,AVOID,-0.47,-6,True,live,STOCK,39,NEUTRAL,NYSE
2026-09-09T07:56:52.024129+09:00,2026-09-09,JBHT,"J.B. Hunt Transport Services, Inc.",US,산업재,2026-09-08,274.78,991929,823371.45,8.3698,25805946880,65,60,60,58,60,0,HOLD,0.32,4,False,live,STOCK,55,NEUTRAL,NASDAQ
2026-09-09T07:56:52.024129+09:00,2026-09-09,CRCL,Circle Internet Group,US,금융,2026-09-08,96.18,12768276,15303178.8,7.7251,26218102784,84,60,50,45,65,2,WATCH,0.87,10,False,live,STOCK,80,NEUTRAL,NYSE
2026-09-09T07:56:52.024129+09:00,2026-09-09,RF,Regions Financial Corporation,US,금융,2026-09-08,30.07,6937608,7040020.4,0.5802,25617520640,29,60,63,60,48,0,HOLD,-0.07,-1,False,live,STOCK,45,NEUTRAL,NYSE
2026-09-09T07:56:52.024129+09:00,2026-09-09,SYF,Synchrony Financial,US,금융,2026-09-08,78.62,2814665,3185573.25,2.1836,25580656640,47,60,50,78,58,1,HOLD,0.21,3,False,live,STOCK,55,NEUTRAL,NYSE
2026-09-09T07:56:52.024129+09:00,2026-09-09,FOX,Fox Corporation,US,인터넷,2026-09-08,58.24,988722,985806.1,1.5585,24486279168,40,65,63,68,57,0,HOLD,0.06,1,False,live,STOCK,58,NEUTRAL,NASDAQ
2026-09-09T07:56:52.024129+09:00,2026-09-09,VRSN,"VeriSign, Inc.",US,IT,2026-09-08,282.2,1174091,679549.55,7.62,25510881280,50,60,50,50,51,0,HOLD,0.02,0,False,live,STOCK,54,NEUTRAL,NASDAQ
2026-09-09T07:56:52.024129+09:00,2026-09-09,XYL,Xylem Inc.,US,산업재,2026-09-08,108.81,3607158,1809617.9,2.6895,25405700096,25,60,63,58,48,0,HOLD,-0.17,-2,False,live,STOCK,55,NEUTRAL,NYSE
2026-09-09T07:56:52.024129+09:00,2026-09-09,NRG,"NRG Energy, Inc.",US,유틸리티,2026-09-08,119.64,2556502,2455935.1,4.2454,25149581312,72,60,58,66,57,1,HOLD,0.14,2,False,live,STOCK,20,NEUTRAL,NYSE
2026-09-09T07:56:52.024129+09:00,2026-09-09,INCY,Incyte Corporation,US,제약/바이오,2026-09-08,124.4,1276410,1201975.5,3.4227,25215600640,51,65,48,55,58,1,HOLD,0.45,5,False,live,STOCK,84,NEUTRAL,NASDAQ
2026-09-09T07:56:52.024129+09:00,2026-09-09,STRD,Strategy Inc,US,IT,2026-09-08,75.53,68315,99140.75,1.5551,,69,60,58,60,67,1,HOLD,0.83,10,False,live,STOCK,85,NEUTRAL,NASDAQ
2026-09-09T07:56:52.024129+09:00,2026-09-09,TSEM,Tower Semiconductor Ltd.,US,반도체,2026-09-08,219.82,1540201,1351540.05,11.0154,24846528512,25,65,40,30,35,0,AVOID,-0.56,-7,True,live,STOCK,52,NEUTRAL,NASDAQ
2026-09-09T07:56:52.024129+09:00,2026-09-09,SN,"SharkNinja, Inc.",US,소비재,2026-09-08,175.13,2103571,1533903.55,5.6756,24784465920,54,60,55,50,53,0,HOLD,0.34,4,False,live,STOCK,55,NEUTRAL,NYSE
2026-09-09T07:56:52.024129+09:00,2026-09-09,BNTX,BioNTech SE,US,제약/바이오,2026-09-08,98.66,1104336,1717121.8,6.1444,24783822848,54,65,58,58,60,1,HOLD,0.52,6,False,live,STOCK,74,NEUTRAL,NASDAQ
2026-09-09T07:56:52.024129+09:00,2026-09-09,GFS,GLOBALFOUNDRIES Inc.,US,반도체,2026-09-08,45.09,5417460,3748618.0,1.6229,24740921344,29,65,45,66,41,0,AVOID,-0.72,-9,True,live,STOCK,17,NEUTRAL,NASDAQ
2026-09-09T07:56:52.024129+09:00,2026-09-09,PHG,Koninklijke Philips N.V.,US,제약/바이오,2026-09-08,25.29,677212,699920.6,0.4254,24719140864,35,65,58,74,48,1,HOLD,-0.31,-4,False,live,STOCK,20,NEUTRAL,NYSE
2026-09-09T07:56:52.024129+09:00,2026-09-09,PFG,"Principal Financial Group, Inc.",US,금융,2026-09-08,115.04,1323919,1123715.95,2.7191,24630597632,91,60,55,68,70,1,HOLD,0.83,10,False,live,STOCK,54,NEUTRAL,NASDAQ
2026-09-09T07:56:52.024129+09:00,2026-09-09,HUBB,Hubbell Incorporated,US,산업재,2026-09-08,464.75,413524,448412.45,11.2419,24553936896,25,60,63,58,42,0,AVOID,-0.43,-5,True,live,STOCK,23,NEUTRAL,NYSE
2026-09-09T07:56:52.024129+09:00,2026-09-09,FCNCA,"First Citizens BancShares, Inc.",US,금융,2026-09-08,2149.9299,78466,55773.3,47.0207,24279416832,43,60,65,70,58,1,HOLD,0.19,2,False,live,STOCK,54,NEUTRAL,NASDAQ
2026-09-09T07:56:52.024129+09:00,2026-09-09,DRI,"Darden Restaurants, Inc.",US,소비재,2026-09-08,212.92,931969,952233.45,5.4493,24175310848,50,60,50,42,48,0,HOLD,0.09,1,False,live,STOCK,54,NEUTRAL,NYSE
2026-09-09T07:56:52.024129+09:00,2026-09-09,PPG,"PPG Industries, Inc.",US,소재,2026-09-08,109.72,2209567,1271253.35,2.63,24390756352,31,60,65,60,51,0,HOLD,-0.13,-2,False,live,STOCK,52,NEUTRAL,NYSE
2026-09-09T07:56:52.024129+09:00,2026-09-09,EXPD,"Expeditors International of Washington, ",US,산업재,2026-09-08,185.96,880785,753879.25,3.3443,24173058048,47,60,55,42,50,0,HOLD,0.24,3,False,live,STOCK,64,NEUTRAL,NYSE
2026-09-09T07:56:52.024129+09:00,2026-09-09,AFRM,"Affirm Holdings, Inc.",US,금융,2026-09-08,72.08,3358089,5412364.45,4.0649,24321325056,35,60,60,68,50,0,HOLD,-0.0,0,False,live,STOCK,35,NEUTRAL,NASDAQ
2026-09-09T07:56:52.024129+09:00,2026-09-09,DLTR,"Dollar Tree, Inc.",US,소매,2026-09-08,124.04,2818216,2323105.8,5.4957,23273662464,50,60,53,60,55,0,HOLD,0.24,3,False,live,STOCK,55,NEUTRAL,NASDAQ
2026-09-09T07:56:52.024129+09:00,2026-09-09,BG,Bunge Global S.A.,US,소매,2026-09-08,123.89,2666171,1408988.55,4.9214,23801636864,84,60,68,50,65,1,HOLD,0.67,8,False,live,STOCK,54,NEUTRAL,NYSE
2026-09-09T07:56:52.024129+09:00,2026-09-09,FWONK,Liberty Media Corporation,US,인터넷,2026-09-08,94.95,1578581,1775909.05,2.3093,23804770304,47,65,58,38,47,0,HOLD,0.09,1,False,live,STOCK,48,NEUTRAL,NASDAQ
2026-09-09T07:56:52.024129+09:00,2026-09-09,WST,"West Pharmaceutical Services, Inc.",US,제약/바이오,2026-09-08,337.75,570603,445655.15,7.435,23769413632,28,65,73,50,47,1,HOLD,-0.09,-1,False,live,STOCK,45,NEUTRAL,NYSE
2026-09-09T07:56:52.024129+09:00,2026-09-09,TPR,"Tapestry, Inc.",US,소비재,2026-09-08,117.58,3351291,3925384.55,3.4281,23444473856,7,60,55,60,43,0,AVOID,-0.66,-8,True,live,STOCK,58,NEUTRAL,NYSE
2026-09-09T07:56:52.024129+09:00,2026-09-09,ULTA,"Ulta Beauty, Inc.",US,소비재,2026-09-08,549.23,629764,720463.2,20.1257,23483684864,84,60,63,42,64,1,HOLD,0.92,11,False,live,STOCK,69,NEUTRAL,NASDAQ
2026-09-09T07:56:52.024129+09:00,2026-09-09,KEY,KeyCorp,US,금융,2026-09-08,21.79,11782737,9491221.85,0.4176,23252731904,47,60,63,60,50,0,HOLD,-0.04,0,False,live,STOCK,26,NEUTRAL,NYSE
2026-09-09T07:56:52.024129+09:00,2026-09-09,TROW,"T. Rowe Price Group, Inc.",US,금융,2026-09-08,109.42,1357907,1255535.35,2.1135,23341021184,31,60,70,78,54,2,HOLD,0.0,0,False,live,STOCK,36,NEUTRAL,NASDAQ
2026-09-09T07:56:52.024129+09:00,2026-09-09,CIB,Grupo Cibest S.A.,US,금융,2026-09-08,98.65,453324,358506.2,3.065,23297726464,51,60,58,88,67,1,HOLD,0.55,7,False,live,STOCK,67,NEUTRAL,NYSE
2026-09-09T07:56:52.024129+09:00,2026-09-09,VLTO,Veralto Corporation,US,산업재,2026-09-08,95.53,1371118,1461120.9,1.9116,23289577472,50,60,60,50,53,0,HOLD,0.28,3,False,live,STOCK,54,NEUTRAL,NYSE
2026-09-09T07:56:52.024129+09:00,2026-09-09,AMRZ,Amrize Ltd,US,소재,2026-09-08,41.95,6128764,4035908.2,1.2194,22943531008,18,60,75,58,44,1,AVOID,-0.48,-6,True,live,STOCK,33,NEUTRAL,NYSE
2026-09-09T07:56:52.024129+09:00,2026-09-09,STRK,Strategy Inc,US,IT,2026-09-08,78.15,37368,88618.4,2.216,,70,60,48,60,64,2,WATCH,0.67,8,False,live,STOCK,75,NEUTRAL,NASDAQ
2026-09-09T07:56:52.024129+09:00,2026-09-09,SW,Smurfit Westrock plc,US,소비재,2026-09-08,44.26,3729639,4445596.95,1.4786,23215382528,47,60,63,66,49,0,HOLD,-0.0,0,False,live,STOCK,13,NEUTRAL,NYSE
2026-09-09T07:56:52.024129+09:00,2026-09-09,PHM,"PulteGroup, Inc.",US,소비재,2026-09-08,120.07,1336579,1216283.95,3.3379,22871695360,28,60,55,60,48,0,HOLD,-0.23,-3,False,live,STOCK,52,NEUTRAL,NYSE
2026-09-09T07:56:52.024129+09:00,2026-09-09,IOT,Samsara Inc.,US,IT,2026-09-08,40.15,10686940,6654342.0,2.3049,23395811328,62,60,50,35,52,0,HOLD,0.41,5,False,live,STOCK,63,NEUTRAL,NYSE
2026-09-09T07:56:52.024129+09:00,2026-09-09,SOFI,"SoFi Technologies, Inc.",US,금융,2026-09-08,18.01,30260714,42064800.7,0.8929,23261181952,47,60,40,66,46,0,HOLD,-0.16,-2,False,live,STOCK,23,NEUTRAL,NASDAQ
2026-09-09T07:56:52.024129+09:00,2026-09-09,ROKU,"Roku, Inc.",US,인터넷,2026-09-08,155.34,2406356,2045372.8,1.9432,23069642752,51,65,60,43,55,1,HOLD,0.45,5,False,live,STOCK,72,NEUTRAL,NASDAQ
2026-09-09T07:56:52.024129+09:00,2026-09-09,KOF,"Coca-Cola FEMSA, S.A.B. de C.V.",US,소매,2026-09-08,109.57,126961,126178.05,2.5139,,47,60,58,55,53,0,HOLD,0.16,2,False,live,STOCK,52,NEUTRAL,NYSE
2026-09-09T07:56:52.024129+09:00,2026-09-09,FSLR,"First Solar, Inc.",US,에너지,2026-09-08,213.25,2885274,1879338.7,7.2136,22917933056,40,60,50,84,58,1,HOLD,-0.21,-3,False,live,STOCK,52,NEUTRAL,NASDAQ
2026-09-09T07:56:52.024129+09:00,2026-09-09,CHD,"Church & Dwight Co., Inc.",US,소매,2026-09-08,96.54,1935238,1660591.9,1.9871,22899664896,46,60,50,58,46,0,HOLD,-0.2,-2,False,live,STOCK,26,NEUTRAL,NYSE
2026-09-09T07:56:52.024129+09:00,2026-09-09,IHG,InterContinental Hotels Group PLC,US,소비재,2026-09-08,154.69,201389,217419.45,3.2784,22709184512,31,60,60,58,44,0,AVOID,-0.34,-4,True,live,STOCK,29,NEUTRAL,NYSE
2026-09-09T07:56:52.024129+09:00,2026-09-09,VRSK,"Verisk Analytics, Inc.",US,IT,2026-09-08,175.49,1674505,1131880.25,6.0557,22841079808,31,60,48,58,42,0,AVOID,-0.45,-5,True,live,STOCK,29,NEUTRAL,NASDAQ
2026-09-09T07:56:52.024129+09:00,2026-09-09,EIX,Edison International,US,유틸리티,2026-09-08,59.33,6396304,6461210.2,4.2621,22831013888,15,60,60,70,48,1,HOLD,-0.5,-6,False,live,STOCK,52,NEUTRAL,NYSE
2026-09-09T07:56:52.024129+09:00,2026-09-09,BRO,"Brown & Brown, Inc.",US,금융,2026-09-08,68.18,2555606,1683935.3,1.9032,22813734912,50,60,60,66,56,0,HOLD,0.33,4,False,live,STOCK,45,NEUTRAL,NYSE
2026-09-09T07:56:52.024129+09:00,2026-09-09,CRS,Carpenter Technology Corporation,US,소재,2026-09-08,458.56,629397,761709.85,17.5145,22725576704,20,60,63,42,38,0,AVOID,-0.58,-7,True,live,STOCK,35,NEUTRAL,NYSE
2026-09-09T07:56:52.024129+09:00,2026-09-09,EXE,Expand Energy Corporation,US,에너지,2026-09-08,98.19,2161423,2396851.15,2.2669,22731358208,62,60,68,86,70,1,HOLD,0.7,8,False,live,STOCK,60,NEUTRAL,NASDAQ
2026-09-09T07:56:52.024129+09:00,2026-09-09,USFD,US Foods Holding Corp.,US,소매,2026-09-08,103.09,1416029,1767036.45,2.3229,22301532160,47,60,63,66,58,0,HOLD,0.4,5,False,live,STOCK,57,NEUTRAL,NYSE
2026-09-09T07:56:52.024129+09:00,2026-09-09,AER,AerCap Holdings N.V.,US,산업재,2026-09-08,143.54,1102849,1018502.45,2.7634,22562199552,28,60,53,70,44,1,AVOID,-0.38,-5,True,live,STOCK,19,NEUTRAL,NYSE
2026-09-09T07:56:52.024129+09:00,2026-09-09,TCPA,TransCanada PipeLines Limited 6,US,에너지,2026-09-08,22.12,44414,34320.7,0.4072,,50,60,55,50,49,0,HOLD,-0.08,-1,False,live,STOCK,40,NEUTRAL,NYSE
2026-09-09T07:56:52.024129+09:00,2026-09-09,L,Loews Corporation,US,금융,2026-09-08,108.25,863048,679407.4,1.6671,22129299456,28,60,60,68,47,0,HOLD,-0.25,-3,False,live,STOCK,32,NEUTRAL,NYSE
2026-09-09T07:56:52.024129+09:00,2026-09-09,OMC,Omnicom Group Inc.,US,인터넷,2026-09-08,81.13,3636738,2260426.9,2.3118,22257686528,47,65,55,46,46,0,HOLD,0.02,0,False,live,STOCK,37,NEUTRAL,NYSE
2026-09-09T07:56:52.024129+09:00,2026-09-09,XPO,"XPO Logistics, Inc.",US,산업재,2026-09-08,190.06,988365,894473.25,6.9818,22253453312,15,60,58,42,33,0,AVOID,-0.82,-10,True,live,STOCK,23,NEUTRAL,NYSE
2026-09-09T07:56:52.024129+09:00,2026-09-09,FCNCN,First Citizens BancShares Inc. Depositar,US,금융,2026-09-08,24.7044,7811,16125.55,0.2586,,72,60,63,50,57,1,HOLD,0.38,5,False,live,STOCK,40,NEUTRAL,NASDAQ
2026-09-09T07:56:52.024129+09:00,2026-09-09,GPN,Global Payments Inc.,US,금융,2026-09-08,89.42,2575475,2588223.75,2.5989,23662176256,51,60,60,66,59,0,HOLD,0.45,5,False,live,STOCK,61,NEUTRAL,NYSE
2026-09-09T07:56:52.024129+09:00,2026-09-09,RGLD,"Royal Gold, Inc.",US,소재,2026-09-08,261.37,554869,679438.45,8.3457,22145318912,56,60,50,50,53,0,HOLD,0.32,4,False,live,STOCK,55,NEUTRAL,NASDAQ
2026-09-09T07:56:52.024129+09:00,2026-09-09,MKL,Markel Corporation,US,금융,2026-09-08,1785.71,57916,60435.8,26.7743,22124871680,53,60,55,62,51,0,HOLD,-0.05,-1,False,live,STOCK,26,NEUTRAL,NYSE
2026-09-09T07:56:52.024129+09:00,2026-09-09,BCE,BCE Inc.,US,인터넷,2026-09-08,23.65,3286702,2645755.1,0.3386,22054236160,58,65,63,86,68,1,HOLD,0.41,5,False,live,STOCK,60,NEUTRAL,NYSE
2026-09-09T07:56:52.024129+09:00,2026-09-09,FFIV,"F5, Inc.",US,IT,2026-09-08,389.62,351941,455137.05,11.9714,22063083520,28,60,50,58,50,1,HOLD,-0.14,-2,False,live,STOCK,73,NEUTRAL,NASDAQ
2026-09-09T07:56:52.024129+09:00,2026-09-09,TW,Tradeweb Markets Inc.,US,금융,2026-09-08,103.0,1122012,1144685.6,2.6627,22250909696,46,60,55,50,53,0,HOLD,0.15,2,False,live,STOCK,66,NEUTRAL,NASDAQ
2026-09-09T07:56:52.024129+09:00,2026-09-09,FWONA,Formula One Group,US,인터넷,2026-09-08,87.25,323525,128816.25,2.1204,21874315264,47,65,61,38,46,0,HOLD,0.05,1,False,live,STOCK,39,NEUTRAL,NASDAQ
2026-09-09T07:56:52.024129+09:00,2026-09-09,IFF,International Flavors & Fragrances Inc.,US,소재,2026-09-08,85.62,1630695,1371884.75,1.9175,21845940224,69,60,63,42,57,0,HOLD,0.59,7,False,live,STOCK,55,NEUTRAL,NYSE
2026-09-09T07:56:52.024129+09:00,2026-09-09,SQM,Sociedad Química y Minera de Chile S.A.,US,소재,2026-09-08,75.66,939178,918298.9,3.0593,21611358208,43,60,50,84,62,1,HOLD,0.15,2,False,live,STOCK,69,NEUTRAL,NYSE
2026-09-09T07:56:52.024129+09:00,2026-09-09,GH,"Guardant Health, Inc.",US,제약/바이오,2026-09-08,160.98,2038104,2061465.2,8.2414,21602897920,51,65,63,58,58,0,HOLD,0.47,6,False,live,STOCK,63,NEUTRAL,NASDAQ
2026-09-09T07:56:52.024129+09:00,2026-09-09,CMS,CMS Energy Corporation,US,유틸리티,2026-09-08,68.79,2668290,3329499.5,1.0082,21570971648,47,60,65,42,48,0,HOLD,-0.04,0,False,live,STOCK,41,NEUTRAL,NYSE
2026-09-09T07:56:52.024129+09:00,2026-09-09,ENTG,"Entegris, Inc.",US,반도체,2026-09-08,141.09,1584205,2057435.25,6.41,21558550528,47,65,63,43,50,0,HOLD,0.15,2,False,live,STOCK,52,NEUTRAL,NASDAQ
2026-09-09T07:56:52.024129+09:00,2026-09-09,PAAS,Pan American Silver Corp.,US,소재,2026-09-08,51.0,2568832,5301376.6,2.2126,21145518080,54,60,55,71,63,2,WATCH,0.48,6,False,live,STOCK,72,NEUTRAL,NYSE
2026-09-09T07:56:52.024129+09:00,2026-09-09,BCH,Banco de Chile,US,금융,2026-09-08,42.37,314336,287346.8,0.9504,21400467456,91,60,55,70,75,3,BUY,1.04,12,False,live,STOCK,80,NEUTRAL,NYSE
2026-09-09T07:56:52.024129+09:00,2026-09-09,DOW,Dow Inc.,US,소재,2026-09-08,29.57,8151809,8082635.45,1.0441,21359616000,46,60,60,55,47,0,HOLD,-0.26,-3,False,live,STOCK,22,NEUTRAL,NYSE
2026-09-09T07:56:52.024129+09:00,2026-09-09,CDE,"Coeur Mining, Inc.",US,소재,2026-09-08,20.66,24240444,37022637.2,1.15,21237137408,66,60,50,63,64,1,HOLD,0.64,8,False,live,STOCK,74,NEUTRAL,NYSE
2026-09-09T07:56:52.024129+09:00,2026-09-09,STE,STERIS plc,US,제약/바이오,2026-09-08,218.44,670554,594177.7,5.2178,21297924096,35,65,63,58,50,0,HOLD,-0.01,0,False,live,STOCK,49,NEUTRAL,NYSE
2026-09-09T07:56:52.024129+09:00,2026-09-09,CMSA,CMS Energy Corporation 5.6% JRSUB NT 78,US,유틸리티,2026-09-08,19.66,69139,19021.95,0.1995,,28,60,60,70,49,1,HOLD,-0.27,-3,False,live,STOCK,40,NEUTRAL,NYSE
2026-09-09T07:56:52.024129+09:00,2026-09-09,RL,Ralph Lauren Corporation,US,소비재,2026-09-08,347.23,915173,614448.65,9.93,20688742400,17,60,55,58,38,0,AVOID,-0.74,-9,True,live,STOCK,20,NEUTRAL,NYSE
2026-09-09T07:56:52.024129+09:00,2026-09-09,CW,Curtiss-Wright Corporation,US,산업재,2026-09-08,572.71,441503,404780.15,20.5122,21152727040,7,60,63,50,34,0,AVOID,-0.85,-10,True,live,STOCK,23,NEUTRAL,NYSE
2026-09-09T07:56:52.024129+09:00,2026-09-09,UTHR,United Therapeutics Corporation,US,제약/바이오,2026-09-08,497.97,618564,480608.2,14.8414,21358278656,25,65,50,60,45,0,HOLD,-0.47,-6,False,live,STOCK,47,NEUTRAL,NASDAQ
2026-09-09T07:56:52.024129+09:00,2026-09-09,MTSI,"MACOM Technology Solutions Holdings, Inc",US,반도체,2026-09-08,274.8,1412095,1161109.75,12.8685,20986730496,40,65,60,35,42,0,AVOID,-0.39,-5,True,live,STOCK,36,NEUTRAL,NASDAQ
2026-09-09T07:56:52.024129+09:00,2026-09-09,THC,Tenet Healthcare Corporation,US,제약/바이오,2026-09-08,259.06,796883,741509.15,8.6089,20859252736,51,65,50,78,61,1,HOLD,0.39,5,False,live,STOCK,61,NEUTRAL,NYSE
2026-09-09T07:56:52.024129+09:00,2026-09-09,LYB,LyondellBasell Industries N.V.,US,소재,2026-09-08,64.59,3235667,3476623.35,2.2177,20865019904,58,60,50,78,63,1,HOLD,0.32,4,False,live,STOCK,61,NEUTRAL,NYSE
2026-09-09T07:56:52.024129+09:00,2026-09-09,YPF,YPF Sociedad Anónima,US,에너지,2026-09-08,53.09,875767,1033878.35,1.7139,20815265792,87,60,67,74,74,2,WATCH,0.87,10,False,live,STOCK,64,NEUTRAL,NYSE
2026-09-09T07:56:52.024129+09:00,2026-09-09,SNX,TD Synnex Corp,US,IT,2026-09-08,258.6,722997,540794.85,7.3157,,80,60,63,66,64,1,HOLD,0.45,5,False,live,STOCK,36,NEUTRAL,NYSE
2026-09-09T07:56:52.024129+09:00,2026-09-09,PKG,Packaging Corporation of America,US,소비재,2026-09-08,231.99,546108,503485.4,6.1411,20669915136,43,60,53,58,45,0,HOLD,-0.22,-3,False,live,STOCK,19,NEUTRAL,NYSE
2026-09-09T07:56:52.024129+09:00,2026-09-09,STZ,"Constellation Brands, Inc.",US,소매,2026-09-08,120.98,4398367,1916478.35,3.1657,20663910400,35,60,60,78,57,1,HOLD,-0.14,-2,False,live,STOCK,56,NEUTRAL,NYSE
2026-09-09T07:56:52.024129+09:00,2026-09-09,CF,"CF Industries Holdings, Inc.",US,소재,2026-09-08,134.33,2363090,2615294.5,5.7,20329250816,85,60,66,86,78,2,WATCH,1.12,13,False,live,STOCK,69,NEUTRAL,NYSE
2026-09-09T07:56:52.024129+09:00,2026-09-09,GMAB,Genmab A/S,US,제약/바이오,2026-09-08,33.53,1550685,2571889.25,0.8461,20608288768,66,65,60,53,65,1,HOLD,0.8,10,False,live,STOCK,87,NEUTRAL,NASDAQ
2026-09-09T07:56:52.024129+09:00,2026-09-09,AMCR,Amcor plc,US,소비재,2026-09-08,44.34,2619786,3728359.3,1.0183,20500408320,50,60,71,66,54,1,HOLD,0.31,4,False,live,STOCK,26,NEUTRAL,NYSE
2026-09-09T07:56:52.024129+09:00,2026-09-09,WES,"Western Midstream Partners, LP",US,에너지,2026-09-08,49.43,701517,753570.85,0.9229,20423219200,62,60,68,60,65,1,HOLD,0.76,9,False,live,STOCK,74,NEUTRAL,NYSE
2026-09-09T07:56:52.024129+09:00,2026-09-09,FIS,"Fidelity National Information Services, ",US,IT,2026-09-08,39.42,6566208,5325725.4,1.2386,20329125888,31,60,65,86,54,1,HOLD,-0.11,-1,False,live,STOCK,32,NEUTRAL,NYSE
2026-09-09T07:56:52.024129+09:00,2026-09-09,KSPI,Joint Stock Company Kaspi.kz,US,IT,2026-09-08,107.21,665457,595977.85,3.2864,20372822016,63,60,45,80,69,2,WATCH,0.69,8,False,live,STOCK,87,NEUTRAL,NASDAQ
2026-09-09T07:56:52.024129+09:00,2026-09-09,RS,Reliance Steel & Aluminum Co.,US,소재,2026-09-08,398.31,241198,343669.9,13.2314,20335540224,62,60,50,58,57,0,HOLD,0.22,3,False,live,STOCK,54,NEUTRAL,NYSE
2026-09-09T07:56:52.024129+09:00,2026-09-09,SOJD,Southern Company (The) Series 2,US,유틸리티,2026-09-08,18.06,99879,86923.95,0.2236,,31,60,58,50,44,0,AVOID,-0.32,-4,True,live,STOCK,40,NEUTRAL,NYSE
2026-09-09T07:56:52.024129+09:00,2026-09-09,WWD,"Woodward, Inc.",US,산업재,2026-09-08,339.27,639111,527280.55,9.1243,20032475136,47,60,60,42,45,0,HOLD,-0.25,-3,False,live,STOCK,30,NEUTRAL,NASDAQ
2026-09-09T07:56:52.024129+09:00,2026-09-09,FTAI,FTAI Aviation Ltd.,US,산업재,2026-09-08,196.69,819966,1205938.3,9.2114,20201457664,15,60,65,34,34,0,AVOID,-0.71,-9,True,live,STOCK,33,NEUTRAL,NASDAQ
2026-09-09T07:56:52.024129+09:00,2026-09-09,EFX,Equifax Inc.,US,산업재,2026-09-08,171.62,1437675,1082303.75,7.3232,20162756608,46,60,50,58,53,0,HOLD,0.07,1,False,live,STOCK,60,NEUTRAL,NYSE
2026-09-09T07:56:52.024129+09:00,2026-09-09,FICO,Fair Isaac Corporation,US,IT,2026-09-08,933.3,667161,331873.05,56.4314,20157073408,18,60,60,66,50,0,HOLD,-0.4,-5,False,live,STOCK,62,NEUTRAL,NYSE
2026-09-09T07:56:52.024129+09:00,2026-09-09,GIS,"General Mills, Inc.",US,소매,2026-09-08,37.69,12319769,8492368.45,1.2489,20150183936,50,60,63,73,63,1,HOLD,0.53,6,False,live,STOCK,69,NEUTRAL,NYSE
2026-09-09T07:56:52.024129+09:00,2026-09-09,NI,NiSource Inc,US,유틸리티,2026-09-08,41.9,5090895,5391189.75,0.7221,20093569024,65,60,55,42,51,0,HOLD,0.05,1,False,live,STOCK,41,NEUTRAL,NYSE
2026-09-09T07:56:52.024129+09:00,2026-09-09,ATHS,Athene Holding Ltd. 7.250% Fixe,US,금융,2026-09-08,25.02,50213,30340.65,0.2216,,80,60,58,50,59,1,HOLD,0.46,6,False,live,STOCK,40,NEUTRAL,NYSE
2026-09-09T07:56:52.024129+09:00,2026-09-09,SBAC,SBA Communications Corporation,US,리츠,2026-09-08,188.69,940385,731074.25,4.6811,20017766400,80,60,63,45,59,1,HOLD,0.41,5,False,live,STOCK,46,NEUTRAL,NASDAQ
2026-09-09T07:56:52.024129+09:00,2026-09-09,LEN,Lennar Corporation,US,소비재,2026-09-08,80.37,4698919,2453710.95,2.3486,19360743424,43,60,60,73,52,1,HOLD,-0.25,-3,False,live,STOCK,26,NEUTRAL,NYSE
2026-09-09T07:56:52.024129+09:00,2026-09-09,RCI,Rogers Communications Inc.,US,인터넷,2026-09-08,36.87,888725,957601.25,0.7943,19918104576,80,65,55,86,74,2,WATCH,0.69,8,False,live,STOCK,66,NEUTRAL,NYSE
2026-09-09T07:56:52.024129+09:00,2026-09-09,PR,Permian Resources Corporation,US,에너지,2026-09-08,23.65,9404470,9300108.5,0.6454,19808223232,73,60,55,68,68,2,WATCH,0.78,9,False,live,STOCK,71,NEUTRAL,NYSE
2026-09-09T07:56:52.024129+09:00,2026-09-09,MTZ,"MasTec, Inc.",US,산업재,2026-09-08,246.18,1932902,1562090.1,11.7689,19769470976,29,60,66,58,44,0,AVOID,-0.47,-6,True,live,STOCK,26,NEUTRAL,NYSE
2026-09-09T07:56:52.024129+09:00,2026-09-09,SNA,Snap-on Incorporated,US,산업재,2026-09-08,379.88,312547,256757.35,5.623,19650099200,28,60,45,58,41,0,AVOID,-0.48,-6,True,live,STOCK,32,NEUTRAL,NYSE
2026-09-09T07:56:52.024129+09:00,2026-09-09,CHTR,"Charter Communications, Inc.",US,인터넷,2026-09-08,145.74,2003699,2688549.95,7.7036,19642472448,50,65,63,86,64,1,HOLD,0.4,5,False,live,STOCK,55,NEUTRAL,NASDAQ
2026-09-09T07:56:52.024129+09:00,2026-09-09,RIVN,"Rivian Automotive, Inc.",US,소비재,2026-09-08,16.17,16839712,20704775.6,0.6801,23411906560,72,60,60,50,63,2,WATCH,0.61,7,False,live,STOCK,73,NEUTRAL,NASDAQ
2026-09-09T07:56:52.024129+09:00,2026-09-09,TPG,TPG Inc.,US,금융,2026-09-08,50.91,1994869,2857523.45,1.6593,19883784192,50,60,63,43,56,1,HOLD,0.51,6,False,live,STOCK,78,NEUTRAL,NASDAQ
2026-09-09T07:56:52.024129+09:00,2026-09-09,BR,"Broadridge Financial Solutions, Inc.",US,IT,2026-09-08,168.62,1446668,1180198.4,4.8826,19226355712,50,60,60,68,62,1,HOLD,0.53,6,False,live,STOCK,75,NEUTRAL,NYSE
2026-09-09T07:56:52.024129+09:00,2026-09-09,VTRS,Viatris Inc.,US,제약/바이오,2026-09-08,16.61,4394505,8186540.25,0.4232,19078094848,72,65,55,78,64,2,WATCH,0.43,5,False,live,STOCK,40,NEUTRAL,NASDAQ
2026-09-09T07:56:52.024129+09:00,2026-09-09,SOJC,The Southern Company JR 2017B NT 77,US,유틸리티,2026-09-08,19.35,30314,33635.7,0.1868,,31,60,58,60,47,0,HOLD,-0.29,-3,False,live,STOCK,40,NEUTRAL,NYSE
2026-09-09T07:56:52.024129+09:00,2026-09-09,IP,International Paper Company,US,소재,2026-09-08,36.49,4439912,3887950.6,1.3279,19324006400,47,60,55,68,55,0,HOLD,0.17,2,False,live,STOCK,48,NEUTRAL,NYSE
2026-09-09T07:56:52.024129+09:00,2026-09-09,TOST,"Toast, Inc.",US,IT,2026-09-08,33.29,8826492,8546679.6,1.1767,19241621504,51,60,50,50,54,0,HOLD,0.35,4,False,live,STOCK,69,NEUTRAL,NYSE
2026-09-09T07:56:52.024129+09:00,2026-09-09,FDXF,"FedEx Freight Holding Company, Inc.",US,산업재,2026-09-08,129.07,1142534,1287926.7,5.2671,19298306048,15,60,78,42,39,1,AVOID,-0.54,-6,True,live,STOCK,33,NEUTRAL,NYSE
2026-09-09T07:56:52.024129+09:00,2026-09-09,DINO,HF Sinclair Corporation,US,에너지,2026-09-08,108.31,2497053,2399252.65,3.9679,19255769088,82,60,63,78,79,3,BUY,1.16,14,False,live,STOCK,90,NEUTRAL,NYSE
2026-09-09T07:56:52.024129+09:00,2026-09-09,AQNB,Algonquin Power & Utilities Corp.,US,유틸리티,2026-09-08,26.23,6917,21840.85,0.2298,,65,60,55,50,54,0,HOLD,0.23,3,False,live,STOCK,40,NEUTRAL,NYSE
2026-09-09T07:56:52.024129+09:00,2026-09-09,BEKE,KE Holdings Inc.,US,리츠,2026-09-08,17.27,5497981,4595359.05,0.6671,19037974528,47,60,55,74,59,1,HOLD,0.27,3,False,live,STOCK,60,NEUTRAL,NYSE
2026-09-09T07:56:52.024129+09:00,2026-09-09,EVRG,"Evergy, Inc.",US,유틸리티,2026-09-08,82.24,2084386,1977939.3,1.3379,18961844224,65,60,60,42,52,0,HOLD,0.23,3,False,live,STOCK,41,NEUTRAL,NASDAQ
2026-09-09T07:56:52.024129+09:00,2026-09-09,LUV,Southwest Airlines Co.,US,산업재,2026-09-08,38.67,3614081,4194074.05,1.1044,18917679104,25,60,63,58,42,0,AVOID,-0.5,-6,True,live,STOCK,23,NEUTRAL,NYSE
2026-09-09T07:56:52.024129+09:00,2026-09-09,VIV,Telefônica Brasil S.A.,US,인터넷,2026-09-08,11.8,1257473,1700623.65,0.2601,18854076416,72,65,55,84,64,2,WATCH,0.26,3,False,live,STOCK,32,NEUTRAL,NYSE
2026-09-09T07:56:52.024129+09:00,2026-09-09,SSNC,"SS&C Technologies Holdings, Inc.",US,IT,2026-09-08,80.45,1985635,1492061.75,1.7232,18877992960,47,60,60,74,62,1,HOLD,0.48,6,False,live,STOCK,69,NEUTRAL,NASDAQ
2026-09-09T07:56:52.024129+09:00,2026-09-09,RBRK,"Rubrik, Inc.",US,IT,2026-09-08,91.63,2103351,3741357.55,6.1666,18860070912,51,60,60,35,51,0,HOLD,0.38,5,False,live,STOCK,66,NEUTRAL,NYSE
2026-09-09T07:56:52.024129+09:00,2026-09-09,BBY,"Best Buy Co., Inc.",US,소비재,2026-09-08,89.33,3099182,4085089.1,3.8213,18734974976,88,60,50,68,72,2,WATCH,0.98,12,False,live,STOCK,77,NEUTRAL,NYSE
2026-09-09T07:56:52.024129+09:00,2026-09-09,U,Unity Software Inc.,US,IT,2026-09-08,42.75,10221705,9923715.25,1.6466,18813802496,48,60,53,50,57,1,HOLD,0.46,6,False,live,STOCK,86,NEUTRAL,NYSE
2026-09-09T07:56:52.024129+09:00,2026-09-09,PKX,POSCO Holdings Inc.,US,소재,2026-09-08,61.51,193458,213737.9,1.5279,18605735936,80,60,55,58,57,1,HOLD,0.35,4,False,live,STOCK,25,NEUTRAL,NYSE
2026-09-09T07:56:52.024129+09:00,2026-09-09,TSN,"Tyson Foods, Inc.",US,소매,2026-09-08,52.28,3934885,3140479.25,1.3921,18392182784,20,60,68,66,48,0,HOLD,-0.33,-4,False,live,STOCK,41,NEUTRAL,NYSE
2026-09-09T07:56:52.024129+09:00,2026-09-09,TSCO,Tractor Supply Company,US,소비재,2026-09-08,35.29,10074525,9558786.25,0.9415,18387507200,62,60,75,50,62,1,HOLD,0.75,9,False,live,STOCK,67,NEUTRAL,NASDAQ
2026-09-09T07:56:52.024129+09:00,2026-09-09,GPC,Genuine Parts Company,US,소비재,2026-09-08,134.06,863618,1059280.9,3.1234,18481479680,58,60,63,43,58,1,HOLD,0.6,7,False,live,STOCK,75,NEUTRAL,NYSE
2026-09-09T07:56:52.024129+09:00,2026-09-09,WF,Woori Financial Group Inc.,US,금융,2026-09-08,76.09,126254,77717.7,2.105,18465411072,95,60,60,88,73,2,WATCH,0.94,11,False,live,STOCK,32,NEUTRAL,NYSE
2026-09-09T07:56:52.024129+09:00,2026-09-09,CDW,CDW Corporation,US,IT,2026-09-08,144.48,2220851,1657222.55,7.0027,18062516224,91,60,60,68,72,1,HOLD,0.95,11,False,live,STOCK,63,NEUTRAL,NASDAQ
2026-09-09T07:56:52.024129+09:00,2026-09-09,PAA,"Plains All American Pipeline, L.P.",US,에너지,2026-09-08,25.965,2920872,2364038.6,0.4893,18320033792,81,60,55,66,72,2,WATCH,0.98,12,False,live,STOCK,84,NEUTRAL,NASDAQ
2026-09-09T07:56:52.024129+09:00,2026-09-09,NWS,News Corporation,US,인터넷,2026-09-08,33.34,1091923,1138401.15,0.7736,17893591040,47,65,48,61,57,1,HOLD,0.24,3,False,live,STOCK,74,NEUTRAL,NASDAQ
2026-09-09T07:56:52.024129+09:00,2026-09-09,NTNX,"Nutanix, Inc.",US,IT,2026-09-08,67.49,1664645,2758717.25,2.4512,18243930112,73,60,60,52,62,1,HOLD,0.71,9,False,live,STOCK,61,NEUTRAL,NASDAQ
2026-09-09T07:56:52.024129+09:00,2026-09-09,ZBH,"Zimmer Biomet Holdings, Inc.",US,제약/바이오,2026-09-08,94.22,3132024,1683781.2,2.785,17971306496,47,65,63,74,63,2,WATCH,0.4,5,False,live,STOCK,71,NEUTRAL,NYSE
2026-09-09T07:56:52.024129+09:00,2026-09-09,MGA,Magna International Inc.,US,소비재,2026-09-08,66.56,973167,1128178.35,2.2136,17806118912,43,60,55,74,59,1,HOLD,0.15,2,False,live,STOCK,63,NEUTRAL,NYSE
2026-09-09T07:56:52.024129+09:00,2026-09-09,ITT,ITT Inc.,US,산업재,2026-09-08,201.52,450751,628422.55,5.7882,,40,60,63,58,56,0,HOLD,0.22,3,False,live,STOCK,69,NEUTRAL,NYSE
2026-09-09T07:56:52.024129+09:00,2026-09-09,SBS,Companhia de Saneamento Básico do Estado,US,유틸리티,2026-09-08,5.27,9656895,12392814.75,0.1657,18533040128,54,60,55,70,57,1,HOLD,0.09,1,False,live,STOCK,42,NEUTRAL,NYSE
2026-09-09T07:56:52.024129+09:00,2026-09-09,BEN,"Franklin Resources, Inc.",US,금융,2026-09-08,34.65,3948329,3092196.45,0.7404,17604866048,69,60,58,58,62,0,HOLD,0.59,7,False,live,STOCK,61,NEUTRAL,NYSE
2026-09-09T07:56:52.024129+09:00,2026-09-09,MKSI,MKS Inc.,US,IT,2026-09-08,265.5,1752548,1271977.4,11.7202,17952462848,29,60,50,50,40,0,AVOID,-0.61,-7,True,live,STOCK,33,NEUTRAL,NASDAQ
2026-09-09T07:56:52.024129+09:00,2026-09-09,GEN,Gen Digital Inc.,US,IT,2026-09-08,29.81,4144654,5417302.7,0.9471,17843877888,69,60,53,76,72,2,WATCH,0.87,10,False,live,STOCK,90,NEUTRAL,NASDAQ
2026-09-09T07:56:52.024129+09:00,2026-09-09,ESS,"Essex Property Trust, Inc.",US,리츠,2026-09-08,277.41,538195,478929.75,4.6032,19122673664,31,60,55,45,46,0,HOLD,-0.18,-2,False,live,STOCK,61,NEUTRAL,NYSE
2026-09-09T07:56:52.024129+09:00,2026-09-09,DD,"DuPont de Nemours, Inc.",US,소재,2026-09-08,131.32,1208294,1200844.7,2.7945,17733844992,20,60,37,58,36,0,AVOID,-0.78,-9,True,live,STOCK,26,NEUTRAL,NYSE
2026-09-09T07:56:52.024129+09:00,2026-09-09,OVV,Ovintiv Inc.,US,에너지,2026-09-08,64.1,5447083,3360414.15,1.7343,17730060288,47,60,60,76,64,2,WATCH,0.51,6,False,live,STOCK,75,NEUTRAL,NYSE
2026-09-09T07:56:52.024129+09:00,2026-09-09,LNT,Alliant Energy Corporation,US,유틸리티,2026-09-08,68.61,1974164,2265083.2,1.0707,17789523968,47,60,60,42,46,0,HOLD,-0.13,-2,False,live,STOCK,35,NEUTRAL,NASDAQ
2026-09-09T07:56:52.024129+09:00,2026-09-09,EWBC,"East West Bancorp, Inc.",US,금융,2026-09-08,129.25,655536,666496.8,2.53,17708781568,40,60,50,55,44,0,AVOID,-0.28,-3,True,live,STOCK,26,NEUTRAL,NASDAQ
2026-09-09T07:56:52.024129+09:00,2026-09-09,CHRW,"C.H. Robinson Worldwide, Inc.",US,산업재,2026-09-08,150.1,1266225,1234656.25,3.7932,17539375104,62,60,60,50,52,0,HOLD,-0.07,-1,False,live,STOCK,30,NEUTRAL,NASDAQ
2026-09-09T07:56:52.024129+09:00,2026-09-09,NDSN,Nordson Corporation,US,산업재,2026-09-08,316.8,279378,432858.9,8.1957,17645559808,54,60,60,58,59,0,HOLD,0.45,5,False,live,STOCK,69,NEUTRAL,NASDAQ
2026-09-09T07:56:52.024129+09:00,2026-09-09,WCC,"WESCO International, Inc.",US,산업재,2026-09-08,360.17,747504,485230.2,11.3571,17552113664,87,60,60,58,68,1,HOLD,0.75,9,False,live,STOCK,61,NEUTRAL,NYSE
2026-09-09T07:56:52.024129+09:00,2026-09-09,OWL,Blue Owl Capital Inc.,US,금융,2026-09-08,11.22,18051977,19024608.85,0.4086,17583495168,50,60,56,59,56,0,HOLD,0.37,4,False,live,STOCK,61,NEUTRAL,NYSE
2026-09-09T07:56:52.024129+09:00,2026-09-09,FLUT,Flutter Entertainment plc,US,소비재,2026-09-08,100.7,3109739,2518246.95,4.5007,17475387392,72,60,70,60,61,2,WATCH,0.35,4,False,live,STOCK,39,NEUTRAL,NYSE
2026-09-09T07:56:52.024129+09:00,2026-09-09,APG,APi Group Corporation,US,산업재,2026-09-08,40.2,3628532,2668221.6,1.0944,17372844032,40,60,45,50,51,1,HOLD,-0.12,-1,False,live,STOCK,76,NEUTRAL,NYSE
2026-09-09T07:56:52.024129+09:00,2026-09-09,JHX,James Hardie Industries plc,US,소재,2026-09-08,29.86,12538829,6213526.45,0.8879,17334403072,51,60,48,51,51,0,HOLD,0.23,3,False,live,STOCK,55,NEUTRAL,NYSE
2026-09-09T07:56:52.024129+09:00,2026-09-09,BIP,Brookfield Infrastructure Partners L.P.,US,유틸리티,2026-09-08,37.26,371316,675290.8,0.8581,29503395840,28,60,55,30,40,0,AVOID,-0.29,-3,True,live,STOCK,60,NEUTRAL,NYSE
2026-09-09T07:56:52.024129+09:00,2026-09-09,NLY,"Annaly Capital Management, Inc.",US,리츠,2026-09-08,22.72,6671451,5805232.55,0.3207,17124390912,47,60,63,65,56,0,HOLD,0.24,3,False,live,STOCK,48,NEUTRAL,NYSE
2026-09-09T07:56:52.024129+09:00,2026-09-09,WIT,Wipro Limited,US,IT,2026-09-08,1.73,11307224,7408656.2,0.06,17114484736,10,60,50,68,39,0,AVOID,-0.86,-10,True,live,STOCK,26,NEUTRAL,NYSE
2026-09-09T07:56:52.024129+09:00,2026-09-09,FTV,Fortive Corporation,US,IT,2026-09-08,56.51,2055783,2127089.15,1.123,17066983424,28,60,63,74,54,1,HOLD,-0.2,-2,False,live,STOCK,52,NEUTRAL,NYSE
2026-09-09T07:56:52.024129+09:00,2026-09-09,DUKB,Duke Energy Corporation 5.625%,US,유틸리티,2026-09-08,21.94,46325,41331.25,0.2207,,31,60,58,50,44,0,AVOID,-0.34,-4,True,live,STOCK,40,NEUTRAL,NYSE
2026-09-09T07:56:52.024129+09:00,2026-09-09,J,Jacobs Solutions Inc.,US,산업재,2026-09-08,144.27,783982,824139.1,3.2185,16885160960,47,60,60,58,57,0,HOLD,0.42,5,False,live,STOCK,69,NEUTRAL,NYSE
2026-09-09T07:56:52.024129+09:00,2026-09-09,CNH,CNH Industrial N.V.,US,산업재,2026-09-08,13.6,17323028,24494336.4,0.6429,21870958592,80,60,55,58,70,2,WATCH,0.95,11,False,live,STOCK,86,NEUTRAL,NYSE
2026-09-09T07:56:52.024129+09:00,2026-09-09,ROL,"Rollins, Inc.",US,산업재,2026-09-08,34.95,5800493,4499069.65,0.855,16816032768,40,60,55,42,40,0,AVOID,-0.53,-6,True,live,STOCK,20,NEUTRAL,NYSE
2026-09-09T07:56:52.024129+09:00,2026-09-09,ZBRA,Zebra Technologies Corporation,US,IT,2026-09-08,352.54,559041,590002.05,11.3071,16678900736,51,60,55,66,58,0,HOLD,0.4,5,False,live,STOCK,61,NEUTRAL,NASDAQ
2026-09-09T07:56:52.024129+09:00,2026-09-09,ASND,Ascendis Pharma A/S,US,제약/바이오,2026-09-08,270.09,629887,544999.35,8.2688,17715968000,77,65,75,42,60,2,WATCH,0.8,10,False,live,STOCK,48,NEUTRAL,NASDAQ
2026-09-09T07:56:52.024129+09:00,2026-09-09,INVH,Invitation Homes Inc.,US,리츠,2026-09-08,28.22,4269924,3429641.2,0.4179,16763864064,20,60,60,53,37,0,AVOID,-0.6,-7,True,live,STOCK,16,NEUTRAL,NYSE
2026-09-09T07:56:52.024129+09:00,2026-09-09,BSAC,Banco Santander-Chile,US,금융,2026-09-08,35.55,388541,299432.05,0.8336,16748149760,69,60,55,60,62,0,HOLD,0.63,8,False,live,STOCK,64,NEUTRAL,NYSE
2026-09-09T07:56:52.024129+09:00,2026-09-09,IREN,IREN Limited,US,IT,2026-09-08,46.93,50573887,46706124.35,3.2868,18493173760,77,60,73,45,58,2,HOLD,0.31,4,False,live,STOCK,33,NEUTRAL,NASDAQ
2026-09-09T07:56:52.024129+09:00,2026-09-09,CLH,"Clean Harbors, Inc.",US,산업재,2026-09-08,317.13,402671,422783.55,6.11,16740420608,62,60,55,58,64,1,HOLD,0.62,7,False,live,STOCK,84,NEUTRAL,NYSE
2026-09-09T07:56:52.024129+09:00,2026-09-09,NWSA,News Corporation,US,인터넷,2026-09-08,29.82,3687103,3559430.15,0.6343,16004406272,54,65,58,66,61,0,HOLD,0.46,6,False,live,STOCK,69,NEUTRAL,NASDAQ
2026-09-09T07:56:52.024129+09:00,2026-09-09,IEX,IDEX Corporation,US,산업재,2026-09-08,225.66,366464,538103.2,4.65,16635631616,40,60,66,58,55,0,HOLD,0.16,2,False,live,STOCK,61,NEUTRAL,NYSE
2026-09-09T07:56:52.024129+09:00,2026-09-09,PS,Pershing Square Inc.,US,금융,2026-09-08,41.49,675259,216947.95,2.6504,16596000768,59,60,65,34,56,1,HOLD,0.62,7,False,live,STOCK,78,NEUTRAL,NYSE
2026-09-09T07:56:52.024129+09:00,2026-09-09,AS,"Amer Sports, Inc.",US,소비재,2026-09-08,28.69,12166678,8364808.9,1.0889,16692473856,10,60,50,66,39,0,AVOID,-0.85,-10,True,live,STOCK,29,NEUTRAL,NYSE
2026-09-09T07:56:52.024129+09:00,2026-09-09,CG,The Carlyle Group Inc.,US,금융,2026-09-08,45.95,2051256,3533902.8,1.3936,16373492736,43,60,60,58,56,0,HOLD,0.2,2,False,live,STOCK,69,NEUTRAL,NASDAQ
2026-09-09T07:56:52.024129+09:00,2026-09-09,NVR,"NVR, Inc.",US,소비재,2026-09-08,6116.8599,46156,32227.8,145.3497,16381886464,31,60,65,63,46,0,HOLD,-0.29,-3,False,live,STOCK,26,NEUTRAL,NYSE
2026-09-09T07:56:52.024129+09:00,2026-09-09,ZTO,ZTO Express (Cayman) Inc.,US,산업재,2026-09-08,20.84,2125159,1852657.95,0.4749,15776877568,17,60,55,78,47,1,HOLD,-0.46,-6,False,live,STOCK,38,NEUTRAL,NYSE
2026-09-09T07:56:52.024129+09:00,2026-09-09,MEDP,"Medpace Holdings, Inc.",US,제약/바이오,2026-09-08,590.89,185110,198030.5,16.6341,16492719104,51,65,45,42,45,0,HOLD,0.06,1,False,live,STOCK,40,NEUTRAL,NASDAQ
2026-09-09T07:56:52.024129+09:00,2026-09-09,FUTU,Futu Holdings Limited,US,금융,2026-09-08,117.5,654539,1420326.95,5.7487,16472853504,66,60,60,70,69,2,WATCH,0.81,10,False,live,STOCK,80,NEUTRAL,NASDAQ
2026-09-09T07:56:52.024129+09:00,2026-09-09,INIO,INNIO N.V. Ordinary Shares,US,산업재,2026-09-08,21.82,6739303,3542255.15,1.4614,16364999680,37,60,70,35,41,1,AVOID,-0.39,-5,True,live,STOCK,26,NEUTRAL,NASDAQ
2026-09-09T07:56:52.024129+09:00,2026-09-09,WY,Weyerhaeuser Company,US,리츠,2026-09-08,22.69,5255761,4670988.05,0.4995,16353500160,28,60,60,50,41,0,AVOID,-0.47,-6,True,live,STOCK,26,NEUTRAL,NYSE
2026-09-09T07:56:52.024129+09:00,2026-09-09,LDOS,"Leidos Holdings, Inc.",US,IT,2026-09-08,129.24,1580513,1232470.65,4.25,16218613760,39,60,50,68,56,0,HOLD,0.11,1,False,live,STOCK,69,NEUTRAL,NYSE
2026-09-09T07:56:52.024129+09:00,2026-09-09,BALL,Ball Corporation,US,소비재,2026-09-08,61.02,1800212,1621965.6,1.1637,16152199168,35,60,55,68,46,0,HOLD,-0.11,-1,False,live,STOCK,23,NEUTRAL,NYSE
2026-09-09T07:56:52.024129+09:00,2026-09-09,JLL,Jones Lang LaSalle Incorporated,US,리츠,2026-09-08,352.11,216465,303543.25,11.6175,16199772160,50,60,53,84,62,1,HOLD,0.39,5,False,live,STOCK,55,NEUTRAL,NYSE
2026-09-09T07:56:52.024129+09:00,2026-09-09,RGA,"Reinsurance Group of America, Incorporat",US,금융,2026-09-08,247.14,426198,325614.9,4.5121,16138653696,66,60,63,86,70,1,HOLD,0.76,9,False,live,STOCK,61,NEUTRAL,NYSE
2026-09-09T07:56:52.024129+09:00,2026-09-09,VNOM,"Viper Energy, Inc.",US,에너지,2026-09-08,44.89,1241326,1352841.3,0.8768,23521675264,87,60,55,50,62,1,HOLD,0.57,7,False,live,STOCK,48,NEUTRAL,NASDAQ
2026-09-09T07:56:52.024129+09:00,2026-09-09,LSCC,Lattice Semiconductor Corporation,US,반도체,2026-09-08,117.49,1006173,1355788.65,4.5707,16687136768,50,65,55,43,45,0,HOLD,-0.31,-4,False,live,STOCK,29,NEUTRAL,NASDAQ
2026-09-09T07:56:52.024129+09:00,2026-09-09,TIGO,Millicom International Cellular S.A.,US,인터넷,2026-09-08,95.97,868473,964513.65,2.645,16095128576,66,65,60,74,66,1,HOLD,0.63,8,False,live,STOCK,60,NEUTRAL,NASDAQ
2026-09-09T07:56:52.024129+09:00,2026-09-09,BURL,"Burlington Stores, Inc.",US,소비재,2026-09-08,255.42,1689951,1598437.55,12.63,16044257280,10,60,48,50,33,0,AVOID,-0.93,-11,True,live,STOCK,29,NEUTRAL,NYSE
2026-09-09T07:56:52.024129+09:00,2026-09-09,WPC,W. P. Carey Inc.,US,리츠,2026-09-08,70.56,1204379,1100658.95,0.9247,16074079232,50,60,60,58,51,0,HOLD,-0.06,-1,False,live,STOCK,33,NEUTRAL,NYSE
2026-09-09T07:56:52.024129+09:00,2026-09-09,KEP,Korea Electric Power Corporation,US,유틸리티,2026-09-08,12.51,932723,1042816.15,0.3136,16061941760,59,60,58,96,63,1,HOLD,0.22,3,False,live,STOCK,23,NEUTRAL,NYSE
2026-09-09T07:56:52.024129+09:00,2026-09-09,KIM,Kimco Realty Corporation,US,리츠,2026-09-08,23.76,5571571,4236628.55,0.3071,15937955840,50,60,63,53,49,0,HOLD,-0.07,-1,False,live,STOCK,27,NEUTRAL,NYSE
2026-09-09T07:56:52.024129+09:00,2026-09-09,CX,"CEMEX, S.A.B. de C.V.",US,소재,2026-09-08,10.97,6312404,5735585.2,0.2711,15829188608,72,60,63,74,63,2,WATCH,0.29,3,False,live,STOCK,33,NEUTRAL,NYSE
2026-09-09T07:56:52.024129+09:00,2026-09-09,SITM,SiTime Corporation,US,반도체,2026-09-08,598.95,314774,342148.7,35.3267,17941858304,40,65,55,30,39,0,AVOID,-0.38,-5,True,live,STOCK,35,NEUTRAL,NASDAQ
2026-09-09T07:56:52.024129+09:00,2026-09-09,SOLV,Solventum Corporation,US,제약/바이오,2026-09-08,90.11,1097040,976207.0,2.0579,15338860544,69,65,58,70,65,1,HOLD,0.61,7,False,live,STOCK,60,NEUTRAL,NYSE
2026-09-09T07:56:52.024129+09:00,2026-09-09,STLA,Stellantis N.V.,US,소비재,2026-09-08,5.39,17986649,19757867.45,0.2093,20305874944,62,60,53,80,61,1,HOLD,0.03,0,False,live,STOCK,39,NEUTRAL,NYSE
2026-09-09T07:56:52.024129+09:00,2026-09-09,NBIX,"Neurocrine Biosciences, Inc.",US,제약/바이오,2026-09-08,155.13,818660,1140503.0,3.815,15768838144,65,65,63,66,58,0,HOLD,0.2,2,False,live,STOCK,33,NEUTRAL,NASDAQ
2026-09-09T07:56:52.024129+09:00,2026-09-09,RZC,"Reinsurance Group of America, Incorporat",US,금융,2026-09-08,25.65,49509,37105.45,0.1263,,58,60,55,50,51,0,HOLD,0.13,2,False,live,STOCK,40,NEUTRAL,NYSE
2026-09-09T07:56:52.024129+09:00,2026-09-09,RBC,RBC Bearings Incorporated,US,산업재,2026-09-08,492.23,236764,238538.2,14.2979,15583630336,7,60,60,50,33,0,AVOID,-0.91,-11,True,live,STOCK,20,NEUTRAL,NYSE
2026-09-09T07:56:52.024129+09:00,2026-09-09,EMA,Emera Incorporated,US,유틸리티,2026-09-08,50.76,205211,387655.55,0.7418,15590934528,65,60,55,42,52,0,HOLD,0.18,2,False,live,STOCK,44,NEUTRAL,NYSE
2026-09-09T07:56:52.024129+09:00,2026-09-09,STRL,"Sterling Infrastructure, Inc.",US,산업재,2026-09-08,502.2,722646,544802.3,25.6871,15361554432,37,60,55,58,47,0,HOLD,-0.39,-5,False,live,STOCK,38,NEUTRAL,NASDAQ
2026-09-09T07:56:52.024129+09:00,2026-09-09,APA,APA Corporation,US,에너지,2026-09-08,43.55,4370709,5099580.45,1.5314,15257808896,69,60,60,78,68,1,HOLD,0.75,9,False,live,STOCK,61,NEUTRAL,NASDAQ
2026-09-09T07:56:52.024129+09:00,2026-09-09,PTC,PTC Inc.,US,IT,2026-09-08,133.255,1892347,1175407.35,5.245,14459002880,43,60,63,68,57,0,HOLD,0.09,1,False,live,STOCK,54,NEUTRAL,NASDAQ
2026-09-09T07:56:52.024129+09:00,2026-09-09,AKAM,"Akamai Technologies, Inc.",US,IT,2026-09-08,105.61,3764204,2844670.2,4.12,15177911296,15,60,60,58,41,0,AVOID,-0.66,-8,True,live,STOCK,36,NEUTRAL,NASDAQ
2026-09-09T07:56:52.024129+09:00,2026-09-09,AGI,Alamos Gold Inc.,US,소재,2026-09-08,36.45,2299185,3821914.25,1.5621,15258133504,58,60,55,60,59,0,HOLD,0.35,4,False,live,STOCK,63,NEUTRAL,NYSE
2026-09-09T07:56:52.024129+09:00,2026-09-09,ALB,Albemarle Corporation,US,소재,2026-09-08,129.57,4926039,2153511.95,5.9729,15289916416,43,60,63,59,54,0,HOLD,-0.09,-1,False,live,STOCK,55,NEUTRAL,NYSE
2026-09-09T07:56:52.024129+09:00,2026-09-09,H,Hyatt Hotels Corporation,US,소비재,2026-09-08,161.11,811481,686819.05,4.5262,15182480384,10,60,53,43,32,0,AVOID,-0.92,-11,True,live,STOCK,26,NEUTRAL,NYSE
2026-09-09T07:56:52.024129+09:00,2026-09-09,RBA,"RB Global, Inc.",US,산업재,2026-09-08,81.88,1115866,1980443.3,2.2926,15164175360,40,60,60,58,46,0,HOLD,-0.4,-5,False,live,STOCK,23,NEUTRAL,NYSE
2026-09-09T07:56:52.024129+09:00,2026-09-09,LAMR,Lamar Advertising Company,US,리츠,2026-09-08,149.94,347348,510892.4,2.4654,15226358784,53,60,65,42,54,0,HOLD,0.26,3,False,live,STOCK,61,NEUTRAL,NASDAQ
2026-09-09T07:56:52.024129+09:00,2026-09-09,PNFP,"Pinnacle Financial Partners, Inc.",US,금융,2026-09-08,100.71,793065,878018.25,2.3564,15218553856,44,60,55,68,54,0,HOLD,0.1,1,False,live,STOCK,48,NEUTRAL,NYSE
2026-09-09T07:56:52.024129+09:00,2026-09-09,PFGC,Performance Food Group Co,US,소매,2026-09-08,96.79,1080400,1734345.0,2.1005,15203044352,20,60,43,58,37,0,AVOID,-0.67,-8,True,live,STOCK,26,NEUTRAL,NYSE
2026-09-09T07:56:52.024129+09:00,2026-09-09,SMTC,Semtech Corporation,US,반도체,2026-09-08,162.62,4845381,3337094.05,10.7714,15176612864,84,65,63,35,66,2,WATCH,0.89,11,False,live,STOCK,91,NEUTRAL,NASDAQ
2026-09-09T07:56:52.024129+09:00,2026-09-09,ARMK,Aramark,US,산업재,2026-09-08,57.58,2134627,2434106.35,1.0875,15179530240,44,60,55,58,47,0,HOLD,-0.07,-1,False,live,STOCK,26,NEUTRAL,NYSE
2026-09-09T07:56:52.024129+09:00,2026-09-09,YUMC,"Yum China Holdings, Inc.",US,소비재,2026-09-08,43.34,1595157,1479662.85,1.1591,14740337664,43,60,53,76,57,1,HOLD,0.09,1,False,live,STOCK,55,NEUTRAL,NYSE
2026-09-09T07:56:52.024129+09:00,2026-09-09,HST,"Host Hotels & Resorts, Inc.",US,리츠,2026-09-08,22.07,10630567,8234433.35,0.3975,15332613120,25,60,63,63,44,0,AVOID,-0.42,-5,True,live,STOCK,26,NEUTRAL,NASDAQ
2026-09-09T07:56:52.024129+09:00,2026-09-09,IONQ,"IonQ, Inc.",US,IT,2026-09-08,40.47,39909548,18513642.4,2.6379,16395840512,33,60,73,50,46,1,HOLD,-0.34,-4,False,live,STOCK,30,NEUTRAL,NYSE
2026-09-09T07:56:52.024129+09:00,2026-09-09,GIB,CGI Inc.,US,IT,2026-09-08,70.65,466170,339978.5,1.8643,14629877760,50,60,60,68,59,0,HOLD,0.3,4,False,live,STOCK,58,NEUTRAL,NYSE
2026-09-09T07:56:52.024129+09:00,2026-09-09,LECO,"Lincoln Electric Holdings, Inc.",US,산업재,2026-09-08,277.05,292845,462547.25,7.8136,15100819456,43,60,53,50,54,1,HOLD,0.21,3,False,live,STOCK,80,NEUTRAL,NASDAQ
2026-09-09T07:56:52.024129+09:00,2026-09-09,JAZZ,Jazz Pharmaceuticals plc,US,제약/바이오,2026-09-08,240.07,467902,1017760.1,7.8093,15584043008,28,65,43,84,55,1,HOLD,-0.1,-1,False,live,STOCK,64,NEUTRAL,NASDAQ
2026-09-09T07:56:52.024129+09:00,2026-09-09,TU,Telus Corp,US,인터넷,2026-09-08,9.65,5008409,5390670.45,0.2025,15198749696,40,65,50,68,50,0,HOLD,-0.36,-4,False,live,STOCK,38,NEUTRAL,NYSE
2026-09-09T07:56:52.024129+09:00,2026-09-09,LTM,LATAM Airlines Group S.A.,US,산업재,2026-09-08,52.45,660899,806039.95,1.4643,,76,60,53,62,55,1,HOLD,0.29,3,False,live,STOCK,17,NEUTRAL,NYSE
2026-09-09T07:56:52.024129+09:00,2026-09-09,CRBG,"Corebridge Financial, Inc.",US,금융,2026-09-08,33.75,3106405,3787620.25,0.7775,15044690944,88,60,53,58,70,2,WATCH,0.98,12,False,live,STOCK,77,NEUTRAL,NYSE
2026-09-09T07:56:52.024129+09:00,2026-09-09,GFL,GFL Environmental Inc.,US,산업재,2026-09-08,42.87,6884551,2159317.55,1.2603,15471368192,88,60,55,42,61,1,HOLD,0.79,9,False,live,STOCK,55,NEUTRAL,NYSE
2026-09-09T07:56:52.024129+09:00,2026-09-09,FN,Fabrinet,US,IT,2026-09-08,416.31,815906,1056330.3,20.3157,14918412288,7,60,45,50,31,0,AVOID,-1.02,-12,True,live,STOCK,26,NEUTRAL,NYSE
2026-09-09T07:56:52.024129+09:00,2026-09-09,UNM,Unum Group,US,금융,2026-09-08,94.07,1195523,1266476.15,2.1368,14891920384,91,60,63,50,68,1,HOLD,0.9,11,False,live,STOCK,63,NEUTRAL,NYSE
2026-09-09T07:56:52.024129+09:00,2026-09-09,MAA,"Mid-America Apartment Communities, Inc.",US,리츠,2026-09-08,127.89,958640,770327.0,1.8775,15214279680,31,60,66,53,44,0,AVOID,-0.35,-4,True,live,STOCK,26,NEUTRAL,NYSE
2026-09-09T07:56:52.024129+09:00,2026-09-09,TRU,TransUnion,US,금융,2026-09-08,77.65,2857023,1893916.15,2.9913,14877740032,50,60,48,66,59,1,HOLD,0.33,4,False,live,STOCK,71,NEUTRAL,NYSE
2026-09-09T07:56:52.024129+09:00,2026-09-09,TLK,Perusahaan Perseroan (Persero) PT Teleko,US,인터넷,2026-09-08,15.08,415065,545508.25,0.2457,14866006016,81,65,55,63,68,1,HOLD,0.8,10,False,live,STOCK,67,NEUTRAL,NYSE
2026-09-09T07:56:52.024129+09:00,2026-09-09,DOCN,"DigitalOcean Holdings, Inc.",US,IT,2026-09-08,126.69,4353608,2219845.4,7.7059,14896153600,55,60,53,26,44,0,AVOID,-0.22,-3,True,live,STOCK,44,NEUTRAL,NYSE
2026-09-09T07:56:52.024129+09:00,2026-09-09,ECHO,EchoStar Corporation,US,인터넷,2026-09-08,93.42,4298152,2712822.6,2.5971,27137642496,59,65,48,62,55,0,HOLD,-0.09,-1,False,live,STOCK,44,NEUTRAL,NASDAQ
2026-09-09T07:56:52.024129+09:00,2026-09-09,COKE,"Coca-Cola Consolidated, Inc.",US,소매,2026-09-08,188.28,468711,427625.55,6.2054,12532725760,43,60,55,53,54,1,HOLD,0.14,2,False,live,STOCK,71,NEUTRAL,NASDAQ
2026-09-09T07:56:52.024129+09:00,2026-09-09,TLN,Talen Energy Corporation,US,유틸리티,2026-09-08,325.77,858708,844925.4,12.2357,15609027584,72,60,63,70,62,2,WATCH,0.27,3,False,live,STOCK,32,NEUTRAL,NASDAQ
2026-09-09T07:56:52.024129+09:00,2026-09-09,CCZ,Comcast Holdings Corp.,US,인터넷,2026-09-04,66.45,0,35.0,0.225,,57,65,55,50,51,0,HOLD,0.14,2,False,live,STOCK,40,NEUTRAL,NYSE
2026-09-09T07:56:52.024129+09:00,2026-09-09,SKM,"SK Telecom Co.,Ltd",US,인터넷,2026-09-08,38.42,1403990,1910134.5,1.1107,14749054976,58,65,55,74,63,1,HOLD,0.25,3,False,live,STOCK,63,NEUTRAL,NYSE
2026-09-09T07:56:52.024129+09:00,2026-09-09,ULS,UL Solutions Inc.,US,산업재,2026-09-08,73.19,355190,532679.5,1.6663,14776928256,40,60,53,42,39,0,AVOID,-0.55,-7,True,live,STOCK,20,NEUTRAL,NYSE
2026-09-09T07:56:52.024129+09:00,2026-09-09,BWXT,"BWX Technologies, Inc.",US,산업재,2026-09-08,160.41,979255,1093652.75,5.9179,14697082880,65,60,50,42,49,0,HOLD,-0.14,-2,False,live,STOCK,33,NEUTRAL,NYSE
2026-09-09T07:56:52.024129+09:00,2026-09-09,DT,"Dynatrace, Inc.",US,IT,2026-09-08,50.29,4916497,6708764.85,1.7254,14595609600,51,60,63,43,56,1,HOLD,0.52,6,False,live,STOCK,78,NEUTRAL,NYSE
2026-09-09T07:56:52.024129+09:00,2026-09-09,TKO,"TKO Group Holdings, Inc.",US,인터넷,2026-09-08,195.32,2196024,1028086.2,5.9485,36968161280,51,65,53,43,53,1,HOLD,0.11,1,False,live,STOCK,70,NEUTRAL,NYSE
2026-09-09T07:56:52.024129+09:00,2026-09-09,BBIO,"BridgeBio Pharma, Inc.",US,제약/바이오,2026-09-08,74.76,2081529,1995906.45,2.0584,14615056384,24,65,48,27,35,0,AVOID,-0.32,-4,True,live,STOCK,51,NEUTRAL,NASDAQ
2026-09-09T07:56:52.024129+09:00,2026-09-09,EG,"Everest Group, Ltd.",US,금융,2026-09-08,369.83,531571,287453.55,7.3543,14180293632,54,60,63,100,63,1,HOLD,0.31,4,False,live,STOCK,19,NEUTRAL,NYSE
2026-09-09T07:56:52.024129+09:00,2026-09-09,SGI,Somnigroup International Inc,US,소비재,2026-09-08,69.56,3059050,3755152.5,2.4142,14633022464,69,60,68,66,60,0,HOLD,0.34,4,False,live,STOCK,29,NEUTRAL,NYSE
2026-09-09T07:56:52.024129+09:00,2026-09-09,WMG,Warner Music Group Corp.,US,인터넷,2026-09-08,28.03,1544428,1837286.4,0.7912,14662766592,72,65,53,58,64,2,WATCH,0.48,6,False,live,STOCK,73,NEUTRAL,NASDAQ
2026-09-09T07:56:52.024129+09:00,2026-09-09,SUI,"Sun Communities, Inc.",US,리츠,2026-09-08,117.65,978771,2115643.55,2.3504,14865394688,46,60,63,46,52,0,HOLD,0.05,1,False,live,STOCK,57,NEUTRAL,NYSE
2026-09-09T07:56:52.024129+09:00,2026-09-09,EXEL,"Exelixis, Inc.",US,제약/바이오,2026-09-08,57.67,2371186,2108974.3,1.4914,14289569792,76,65,63,66,71,2,WATCH,0.86,10,False,live,STOCK,77,NEUTRAL,NASDAQ
2026-09-09T07:56:52.024129+09:00,2026-09-09,UNMA,Unum Group 6.250% JR NT58,US,금융,2026-09-08,21.41,20765,22893.25,0.3012,,72,60,55,80,65,2,WATCH,0.37,4,False,live,STOCK,40,NEUTRAL,NYSE
2026-09-09T07:56:52.024129+09:00,2026-09-09,IVZ,Invesco Ltd.,US,금융,2026-09-08,32.34,2345693,3631849.65,0.9446,14278103040,62,60,60,86,71,2,WATCH,0.77,9,False,live,STOCK,75,NEUTRAL,NYSE
2026-09-09T07:56:52.024129+09:00,2026-09-09,TYL,"Tyler Technologies, Inc.",US,IT,2026-09-08,347.82,762884,974609.2,14.4121,14244019200,54,60,60,50,55,0,HOLD,0.38,5,False,live,STOCK,58,NEUTRAL,NYSE
2026-09-09T07:56:52.024129+09:00,2026-09-09,PAG,"Penske Automotive Group, Inc.",US,소비재,2026-09-08,216.86,469688,294344.4,2.7279,14239650816,51,60,61,60,58,0,HOLD,0.43,5,False,live,STOCK,60,NEUTRAL,NYSE
2026-09-09T07:56:52.024129+09:00,2026-09-09,EQH,"Equitable Holdings, Inc.",US,금융,2026-09-08,52.04,3014895,2265054.75,1.2203,14194732032,95,60,56,62,73,2,WATCH,1.1,13,False,live,STOCK,74,NEUTRAL,NYSE
2026-09-09T07:56:52.024129+09:00,2026-09-09,RVTY,"Revvity, Inc.",US,제약/바이오,2026-09-08,127.08,1491046,1553342.3,4.1929,14180400128,85,65,63,51,71,2,WATCH,1.09,13,False,live,STOCK,87,NEUTRAL,NYSE
2026-09-09T07:56:52.024129+09:00,2026-09-09,SWK,"Stanley Black & Decker, Inc.",US,산업재,2026-09-08,93.81,1846281,1472819.05,2.7907,14166871040,47,60,60,66,57,0,HOLD,0.35,4,False,live,STOCK,55,NEUTRAL,NYSE
2026-09-09T07:56:52.024129+09:00,2026-09-09,ARCC,Ares Capital Corporation,US,금융,2026-09-08,19.7,6619239,3824116.95,0.2286,14145050624,50,60,58,71,59,1,HOLD,0.27,3,False,live,STOCK,54,NEUTRAL,NASDAQ
2026-09-09T07:56:52.024129+09:00,2026-09-09,LOGI,Logitech International S.A.,US,IT,2026-09-08,98.51,596204,737655.2,2.5686,14105483264,50,60,60,58,59,1,HOLD,0.12,1,False,live,STOCK,73,NEUTRAL,NASDAQ
2026-09-09T07:56:52.024129+09:00,2026-09-09,DOC,"Healthpeak Properties, Inc.",US,리츠,2026-09-08,20.51,3090250,4175752.5,0.3989,14540508160,28,60,60,45,44,0,AVOID,-0.19,-2,True,live,STOCK,52,NEUTRAL,NYSE
2026-09-09T07:56:52.024129+09:00,2026-09-09,AEFC,Aegon Funding Company LLC,US,금융,2026-09-08,18.19,57840,71222.0,0.2545,,69,60,55,50,55,0,HOLD,0.22,3,False,live,STOCK,40,NEUTRAL,NYSE
2026-09-09T07:56:52.024129+09:00,2026-09-09,AIZN,"Assurant, Inc. 5.25% Subordinat",US,금융,2026-09-08,18.15,15010,10940.5,0.2983,,20,60,55,50,40,0,AVOID,-0.47,-6,True,live,STOCK,40,NEUTRAL,NYSE
2026-09-09T07:56:52.024129+09:00,2026-09-09,BMNR,"Bitmine Immersion Technologies, Inc.",US,금융,2026-09-08,24.77,29766265,43432673.25,1.8964,14941917184,88,60,63,42,69,2,WATCH,1.09,13,False,live,STOCK,86,NEUTRAL,NYSE
2026-09-09T07:56:52.024129+09:00,2026-09-09,KKRS,KKR Group Finance Co. IX LLC 4.,US,금융,2026-09-08,15.89,38860,24208.0,0.2002,,28,60,58,50,43,0,AVOID,-0.3,-4,True,live,STOCK,40,NEUTRAL,NYSE
2026-09-09T07:56:52.024129+09:00,2026-09-09,OHI,"Omega Healthcare Investors, Inc.",US,리츠,2026-09-08,47.03,2061748,1662387.4,0.798,15016550400,72,60,63,55,59,1,HOLD,0.45,5,False,live,STOCK,40,NEUTRAL,NYSE
2026-09-09T07:56:52.024129+09:00,2026-09-09,MLI,"Mueller Industries, Inc.",US,산업재,2026-09-08,63.58,1494184,1164889.2,1.8686,14062712832,43,60,50,55,50,0,HOLD,-0.13,-2,False,live,STOCK,54,NEUTRAL,NYSE
2026-09-09T07:56:52.024129+09:00,2026-09-09,FIVE,"Five Below, Inc.",US,소비재,2026-09-08,254.07,1108551,1200777.55,11.6443,13987578880,73,60,68,58,67,1,HOLD,0.87,10,False,live,STOCK,69,NEUTRAL,NASDAQ
2026-09-09T07:56:52.024129+09:00,2026-09-09,MAS,Masco Corporation,US,소재,2026-09-08,70.93,1919536,1797641.8,1.8008,13986503680,31,60,73,68,52,1,HOLD,-0.08,-1,False,live,STOCK,36,NEUTRAL,NYSE
2026-09-09T07:56:52.024129+09:00,2026-09-09,ONTO,Onto Innovation Inc.,US,반도체,2026-09-08,281.11,1321293,956609.65,15.4031,17182408704,40,65,63,51,48,0,HOLD,-0.03,0,False,live,STOCK,41,NEUTRAL,NYSE
2026-09-09T07:56:52.024129+09:00,2026-09-09,MKC,"McCormick & Company, Incorporated",US,소매,2026-09-08,51.9,2715313,2404100.65,1.4361,13953395712,47,60,63,78,63,1,HOLD,0.41,5,False,live,STOCK,66,NEUTRAL,NYSE
2026-09-09T07:56:52.024129+09:00,2026-09-09,AIZ,"Assurant, Inc.",US,금융,2026-09-08,281.01,269657,313362.85,4.823,13860472832,47,60,63,68,52,0,HOLD,0.15,2,False,live,STOCK,25,NEUTRAL,NYSE
2026-09-09T07:56:52.024129+09:00,2026-09-09,REG,Regency Centers Corporation,US,리츠,2026-09-08,75.93,1324688,1061929.4,0.9486,14195776512,50,60,63,58,51,0,HOLD,-0.02,0,False,live,STOCK,30,NEUTRAL,NASDAQ
2026-09-09T07:56:52.024129+09:00,2026-09-09,CSL,Carlisle Companies Incorporated,US,소재,2026-09-08,341.48,351168,596663.4,11.2689,13561582592,46,60,60,58,48,0,HOLD,-0.14,-2,False,live,STOCK,22,NEUTRAL,NYSE
2026-09-09T07:56:52.024129+09:00,2026-09-09,CACI,CACI International Inc,US,IT,2026-09-08,625.31,178457,251957.85,16.8114,13819098112,44,60,55,53,55,1,HOLD,0.35,4,False,live,STOCK,75,NEUTRAL,NYSE
2026-09-09T07:56:52.024129+09:00,2026-09-09,SMMT,Summit Therapeutics Inc.,US,제약/바이오,2026-09-08,17.28,7341942,6634722.1,1.0059,13785114624,62,65,71,42,61,2,WATCH,0.76,9,False,live,STOCK,79,NEUTRAL,NASDAQ
2026-09-09T07:56:52.024129+09:00,2026-09-09,QXO,"QXO, Inc.",US,산업재,2026-09-08,13.25,14265129,14763311.45,0.55,13746751488,18,60,63,42,34,0,AVOID,-0.77,-9,True,live,STOCK,17,NEUTRAL,NYSE
2026-09-09T07:56:52.024129+09:00,2026-09-09,HL,Hecla Mining Company,US,소재,2026-09-08,20.46,25518304,34965995.2,1.1338,13744381952,66,60,45,53,60,1,HOLD,0.55,7,False,live,STOCK,74,NEUTRAL,NYSE
2026-09-09T07:56:52.024129+09:00,2026-09-09,AEG,Aegon Ltd.,US,금융,2026-09-08,9.12,3787803,4260795.15,0.1417,13542238208,84,60,50,47,60,1,HOLD,0.67,8,False,live,STOCK,51,NEUTRAL,NYSE
2026-09-09T07:56:52.024129+09:00,2026-09-09,TRMB,Trimble Inc.,US,IT,2026-09-08,58.78,2673708,4100090.4,1.705,13706310656,54,60,63,68,61,0,HOLD,0.46,6,False,live,STOCK,58,NEUTRAL,NASDAQ
2026-09-09T07:56:52.024129+09:00,2026-09-09,W,Wayfair Inc.,US,소비재,2026-09-08,99.97,2781329,2277711.45,4.4315,13692697600,51,60,50,45,50,0,HOLD,0.23,3,False,live,STOCK,55,NEUTRAL,NYSE
2026-09-09T07:56:52.024129+09:00,2026-09-09,TXT,Textron Inc.,US,산업재,2026-09-08,79.54,1455050,1449232.5,1.66,13679839232,17,60,63,76,46,1,HOLD,-0.6,-7,False,live,STOCK,26,NEUTRAL,NYSE
2026-09-09T07:56:52.024129+09:00,2026-09-09,IESC,"IES Holdings, Inc.",US,산업재,2026-09-08,342.8,265472,287383.6,18.8582,13660138496,58,60,45,42,54,1,HOLD,0.12,1,False,live,STOCK,73,NEUTRAL,NASDAQ
2026-09-09T07:56:52.024129+09:00,2026-09-09,AA,Alcoa Corporation,US,소재,2026-09-08,51.74,3478295,4570554.75,2.2214,13654674432,70,60,50,73,61,2,WATCH,0.08,1,False,live,STOCK,39,NEUTRAL,NYSE
2026-09-09T07:56:52.024129+09:00,2026-09-09,XELLL,Xcel Energy Inc. 6.25% Junior Subordinat,US,유틸리티,2026-09-08,22.37,56400,67855.0,0.2924,,28,60,55,60,45,0,HOLD,-0.35,-4,False,live,STOCK,40,NEUTRAL,NASDAQ
2026-09-09T07:56:52.024129+09:00,2026-09-09,BWA,BorgWarner Inc.,US,소비재,2026-09-08,66.26,1436203,1791735.15,1.9181,13494932480,80,60,63,74,63,2,WATCH,0.33,4,False,live,STOCK,23,NEUTRAL,NYSE
2026-09-09T07:56:52.024129+09:00,2026-09-09,HTHT,H World Group Limited,US,소비재,2026-09-08,44.18,1788223,1732841.15,1.2957,13586402304,43,60,60,74,54,1,HOLD,-0.01,0,False,live,STOCK,34,NEUTRAL,NASDAQ
2026-09-09T07:56:52.024129+09:00,2026-09-09,CHKP,Check Point Software Technologies Ltd.,US,IT,2026-09-08,132.9,1102010,909385.5,4.4157,13569173504,73,60,50,68,64,1,HOLD,0.51,6,False,live,STOCK,60,NEUTRAL,NASDAQ
2026-09-09T07:56:52.024129+09:00,2026-09-09,EMBJ,Embraer S.A.,US,산업재,2026-09-08,73.91,870828,1273386.4,2.0154,13152893952,48,60,55,61,56,0,HOLD,0.33,4,False,live,STOCK,60,NEUTRAL,NYSE
2026-09-09T07:56:52.024129+09:00,2026-09-09,CRL,Charles River Laboratories International,US,제약/바이오,2026-09-08,280.76,729086,881054.3,9.5487,13523571712,54,65,50,58,58,1,HOLD,0.44,5,False,live,STOCK,72,NEUTRAL,NYSE
2026-09-09T07:56:52.024129+09:00,2026-09-09,TTMI,"TTM Technologies, Inc.",US,IT,2026-09-08,129.35,1957395,2337184.75,7.355,13626875904,55,60,51,50,50,0,HOLD,-0.16,-2,False,live,STOCK,44,NEUTRAL,NASDAQ
2026-09-09T07:56:52.024129+09:00,2026-09-09,RNR,RenaissanceRe Holdings Ltd.,US,금융,2026-09-08,323.1,245582,241014.1,6.0836,13425416192,47,60,53,73,52,1,HOLD,0.12,1,False,live,STOCK,29,NEUTRAL,NYSE
2026-09-09T07:56:52.024129+09:00,2026-09-09,VIRT,"Virtu Financial, Inc.",US,금융,2026-09-08,63.02,691604,1520395.2,3.1418,5564708864,69,60,63,70,69,2,WATCH,0.83,10,False,live,STOCK,72,NEUTRAL,NYSE
2026-09-09T07:56:52.024129+09:00,2026-09-09,DTM,"DT Midstream, Inc.",US,에너지,2026-09-08,131.14,581349,975742.45,3.7443,13378285568,50,60,65,50,50,0,HOLD,-0.02,0,False,live,STOCK,36,NEUTRAL,NYSE
2026-09-09T07:56:52.024129+09:00,2026-09-09,SJM,The J. M. Smucker Company,US,소매,2026-09-08,124.66,1268070,1340068.5,3.6864,13316578304,54,60,40,58,55,0,HOLD,0.26,3,False,live,STOCK,67,NEUTRAL,NYSE
2026-09-09T07:56:52.024129+09:00,2026-09-09,LII,Lennox International Inc.,US,산업재,2026-09-08,385.18,501377,464758.85,10.9274,13312080896,37,60,63,60,46,0,HOLD,-0.42,-5,False,live,STOCK,20,NEUTRAL,NYSE
2026-09-09T07:56:52.024129+09:00,2026-09-09,QNT,Quantinuum Inc. Class A Common Stock,US,IT,2026-09-08,50.47,2889386,1704944.3,2.7857,13289162752,25,60,65,58,44,0,AVOID,-0.39,-5,True,live,STOCK,33,NEUTRAL,NASDAQ
2026-09-09T07:56:52.024129+09:00,2026-09-09,ALLE,Allegion plc,US,산업재,2026-09-08,156.05,760257,1362312.85,3.8268,13269990400,47,60,45,58,51,0,HOLD,0.14,2,False,live,STOCK,51,NEUTRAL,NYSE
2026-09-09T07:56:52.024129+09:00,2026-09-09,GL,Globe Life Inc.,US,금융,2026-09-08,170.68,370883,459969.15,3.6993,13116662784,32,60,50,78,53,1,HOLD,-0.07,-1,False,live,STOCK,48,NEUTRAL,NYSE
2026-09-09T07:56:52.024129+09:00,2026-09-09,COO,"The Cooper Companies, Inc.",US,제약/바이오,2026-09-08,67.69,2924886,1674394.3,1.54,13201623040,35,65,63,58,50,0,HOLD,-0.1,-1,False,live,STOCK,45,NEUTRAL,NASDAQ
2026-09-09T07:56:52.024129+09:00,2026-09-09,MAIR,Madison Air Solutions Corporation,US,산업재,2026-09-08,26.14,2175412,2959840.6,1.5286,13115029504,40,60,70,43,43,1,AVOID,-0.36,-4,True,live,STOCK,20,NEUTRAL,NYSE
2026-09-09T07:56:52.024129+09:00,2026-09-09,BNT,Brookfield Wealth Solutions Ltd.,US,금융,2026-09-08,39.3,51635,14746.75,0.6646,10782898176,20,60,53,60,43,0,AVOID,-0.6,-7,True,live,STOCK,40,NEUTRAL,NYSE
2026-09-09T07:56:52.024129+09:00,2026-09-09,RPM,RPM International Inc.,US,소재,2026-09-08,102.27,1035009,1578100.45,3.0671,13054049280,43,60,60,58,46,0,HOLD,-0.26,-3,False,live,STOCK,16,NEUTRAL,NYSE
2026-09-09T07:56:52.024129+09:00,2026-09-09,AVY,Avery Dennison Corporation,US,소비재,2026-09-08,170.7,850756,1059632.8,5.0238,12937035776,50,60,55,58,48,0,HOLD,-0.01,0,False,live,STOCK,22,NEUTRAL,NYSE
2026-09-09T07:56:52.024129+09:00,2026-09-09,SEIC,SEI Investments Company,US,금융,2026-09-08,108.6,846053,630007.65,1.735,13034083328,58,60,45,50,56,1,HOLD,0.43,5,False,live,STOCK,75,NEUTRAL,NASDAQ
2026-09-09T07:56:52.024129+09:00,2026-09-09,SREA,Sempra,US,유틸리티,2026-09-08,19.94,57480,60484.0,0.1953,,20,60,58,50,41,0,AVOID,-0.45,-5,True,live,STOCK,40,NEUTRAL,NYSE
2026-09-09T07:56:52.024129+09:00,2026-09-09,WSO,"Watsco, Inc.",US,산업재,2026-09-08,316.02,398614,491805.7,9.3479,13036517376,55,60,63,50,50,0,HOLD,-0.15,-2,False,live,STOCK,27,NEUTRAL,NYSE
2026-09-09T07:56:52.024129+09:00,2026-09-09,NXT,Nextpower Inc.,US,에너지,2026-09-08,85.45,1495991,1934324.55,3.6001,13128396800,37,60,43,53,40,0,AVOID,-0.63,-8,True,live,STOCK,23,NEUTRAL,NASDAQ
2026-09-09T07:56:52.024129+09:00,2026-09-09,BIPI,BIP Bermuda Holdings I Limited,US,산업재,2026-09-08,16.27,72686,18529.3,0.2061,,43,60,55,50,47,0,HOLD,-0.11,-1,False,live,STOCK,40,NEUTRAL,NYSE
2026-09-09T07:56:52.024129+09:00,2026-09-09,CNA,CNA Financial Corporation,US,금융,2026-09-08,47.77,398765,344473.25,0.9307,12926606336,32,60,60,86,56,1,HOLD,0.05,1,False,live,STOCK,42,NEUTRAL,NYSE
2026-09-09T07:56:52.024129+09:00,2026-09-09,GRAB,Grab Holdings Limited,US,IT,2026-09-08,3.25,53480704,33062145.2,0.115,13296731136,28,60,50,66,50,0,HOLD,-0.22,-3,False,live,STOCK,58,NEUTRAL,NASDAQ
2026-09-09T07:56:52.024129+09:00,2026-09-09,HBM,Hudbay Minerals Inc.,US,소재,2026-09-08,29.0,3265659,4305837.95,1.4314,12880198656,69,60,60,60,62,0,HOLD,0.61,7,False,live,STOCK,54,NEUTRAL,NYSE
2026-09-09T07:56:52.024129+09:00,2026-09-09,ALLY,Ally Financial Inc.,US,금융,2026-09-08,42.28,2126841,2745497.05,0.9339,12861561856,50,60,63,96,70,1,HOLD,0.4,5,False,live,STOCK,68,NEUTRAL,NYSE
2026-09-09T07:56:52.024129+09:00,2026-09-09,BAX,Baxter International Inc.,US,제약/바이오,2026-09-08,24.86,5908160,5046548.0,0.7567,12852520960,51,65,66,63,58,0,HOLD,0.46,6,False,live,STOCK,54,NEUTRAL,NYSE
2026-09-09T07:56:52.024129+09:00,2026-09-09,HALO,"Halozyme Therapeutics, Inc.",US,제약/바이오,2026-09-08,108.31,1592951,1822612.55,2.6536,12292968448,73,65,50,50,64,2,WATCH,0.78,9,False,live,STOCK,87,NEUTRAL,NASDAQ
2026-09-09T07:56:52.024129+09:00,2026-09-09,PINS,"Pinterest, Inc.",US,인터넷,2026-09-08,20.14,11518226,9957066.3,0.765,11405544448,20,65,48,66,44,0,AVOID,-0.53,-6,True,live,STOCK,45,NEUTRAL,NYSE
2026-09-09T07:56:52.024129+09:00,2026-09-09,AUR,"Aurora Innovation, Inc.",US,IT,2026-09-08,6.51,25195578,30693103.9,0.3293,13047051264,76,60,50,50,65,2,WATCH,0.68,8,False,live,STOCK,84,NEUTRAL,NASDAQ
2026-09-09T07:56:52.024129+09:00,2026-09-09,TOL,"Toll Brothers, Inc.",US,소비재,2026-09-08,136.4,858312,891090.6,4.3057,12568850432,31,60,60,78,56,1,HOLD,-0.1,-1,False,live,STOCK,55,NEUTRAL,NYSE
2026-09-09T07:56:52.024129+09:00,2026-09-09,HAS,"Hasbro, Inc.",US,소비재,2026-09-08,90.31,2142800,1444860.0,2.0607,12737725440,47,60,45,60,51,0,HOLD,0.03,0,False,live,STOCK,48,NEUTRAL,NASDAQ
2026-09-09T07:56:52.024129+09:00,2026-09-09,HMY,Harmony Gold Mining Company Limited,US,소재,2026-09-08,20.23,2364299,3926764.95,1.0461,12643293184,51,60,50,86,64,1,HOLD,0.45,5,False,live,STOCK,66,NEUTRAL,NYSE
2026-09-09T07:56:52.024129+09:00,2026-09-09,AMKR,"Amkor Technology, Inc.",US,반도체,2026-09-08,50.72,6067204,4361515.2,2.5936,12601509888,40,65,40,58,42,0,AVOID,-0.61,-7,True,live,STOCK,23,NEUTRAL,NASDAQ
2026-09-09T07:56:52.024129+09:00,2026-09-09,LI,Li Auto Inc.,US,소비재,2026-09-08,12.46,3625823,2823421.15,0.3597,12180198400,72,60,55,47,53,1,HOLD,0.08,1,False,live,STOCK,33,NEUTRAL,NASDAQ
2026-09-09T07:56:52.024129+09:00,2026-09-09,PEN,"Penumbra, Inc.",US,제약/바이오,2026-09-08,319.26,380767,266758.35,2.3625,12575467520,43,65,55,30,43,0,AVOID,-0.12,-1,True,live,STOCK,51,NEUTRAL,NYSE
2026-09-09T07:56:52.024129+09:00,2026-09-09,UHAL,U-Haul Holding Company,US,산업재,2026-09-08,63.94,209130,141841.5,1.6896,12499899392,20,60,63,35,37,0,AVOID,-0.36,-4,True,live,STOCK,40,NEUTRAL,NYSE
2026-09-09T07:56:52.024129+09:00,2026-09-09,BMRN,BioMarin Pharmaceutical Inc.,US,제약/바이오,2026-09-08,64.63,1457213,1962600.65,1.7436,12510671872,50,65,66,51,54,0,HOLD,0.35,4,False,live,STOCK,54,NEUTRAL,NASDAQ
2026-09-09T07:56:52.024129+09:00,2026-09-09,GGG,Graco Inc.,US,산업재,2026-09-08,77.03,1281608,2490485.4,1.7329,12475302912,43,60,63,50,44,0,AVOID,-0.17,-2,True,live,STOCK,16,NEUTRAL,NYSE
2026-09-09T07:56:52.024129+09:00,2026-09-09,GWRE,"Guidewire Software, Inc.",US,IT,2026-09-08,149.71,2841234,1445616.7,11.2171,12464311296,51,60,50,43,54,1,HOLD,0.38,5,False,live,STOCK,77,NEUTRAL,NYSE
2026-09-09T07:56:52.024129+09:00,2026-09-09,DOCU,"DocuSign, Inc.",US,IT,2026-09-08,65.08,4119857,3425877.85,2.7707,12163611648,95,60,50,74,74,2,WATCH,1.05,13,False,live,STOCK,69,NEUTRAL,NASDAQ
2026-09-09T07:56:52.024129+09:00,2026-09-09,WSE,Wise Group plc Class A Ordinary Shares,US,IT,2026-09-08,12.41,2379944,1103052.2,0.3511,12208081920,50,60,75,45,52,1,HOLD,0.41,5,False,live,STOCK,45,NEUTRAL,NASDAQ
2026-09-09T07:56:52.024129+09:00,2026-09-09,TME,Tencent Music Entertainment Group,US,인터넷,2026-09-08,8.06,7442488,11993159.4,0.2489,13135907840,28,65,58,78,56,1,HOLD,-0.17,-2,False,live,STOCK,65,NEUTRAL,NYSE
2026-09-09T07:56:52.024129+09:00,2026-09-09,MDGL,"Madrigal Pharmaceuticals, Inc.",US,제약/바이오,2026-09-08,534.16,198803,236785.15,17.2679,12341299200,69,65,45,26,46,0,HOLD,0.25,3,False,live,STOCK,45,NEUTRAL,NASDAQ
2026-09-09T07:56:52.024129+09:00,2026-09-09,CORT,Corcept Therapeutics Incorporated,US,제약/바이오,2026-09-08,113.98,1021064,798013.2,4.6729,12321055744,51,65,63,43,53,0,HOLD,0.4,5,False,live,STOCK,61,NEUTRAL,NASDAQ
2026-09-09T07:56:52.024129+09:00,2026-09-09,CCK,"Crown Holdings, Inc.",US,소비재,2026-09-08,113.23,895114,756295.7,2.2221,12314952704,47,60,60,84,61,1,HOLD,0.37,4,False,live,STOCK,48,NEUTRAL,NYSE
2026-09-09T07:56:52.024129+09:00,2026-09-09,CHYM,"Chime Financial, Inc. Class A Common Sto",US,IT,2026-09-08,32.31,5936388,7242469.4,1.2839,12232085504,51,60,55,62,60,1,HOLD,0.5,6,False,live,STOCK,78,NEUTRAL,NASDAQ
2026-09-09T07:56:52.024129+09:00,2026-09-09,HUBS,"HubSpot, Inc.",US,IT,2026-09-08,240.42,1959860,1420108.0,12.1839,12307269632,66,60,55,59,64,1,HOLD,0.7,8,False,live,STOCK,77,NEUTRAL,NYSE
2026-09-09T07:56:52.024129+09:00,2026-09-09,GDDY,GoDaddy Inc.,US,IT,2026-09-08,92.88,2566904,1823770.2,3.8979,11763038208,50,60,53,76,63,2,WATCH,0.48,6,False,live,STOCK,75,NEUTRAL,NYSE
2026-09-09T07:56:52.024129+09:00,2026-09-09,CSGP,"CoStar Group, Inc.",US,리츠,2026-09-08,30.34,6046077,6599648.85,1.3354,12293695488,46,60,63,51,46,0,HOLD,-0.27,-3,False,live,STOCK,20,NEUTRAL,NASDAQ
2026-09-09T07:56:52.024129+09:00,2026-09-09,BTSG,"BrightSpring Health Services, Inc. Commo",US,제약/바이오,2026-09-08,62.56,3209026,2307786.3,2.2229,12378387456,69,65,50,58,54,0,HOLD,0.19,2,False,live,STOCK,30,NEUTRAL,NASDAQ
2026-09-09T07:56:52.024129+09:00,2026-09-09,AGNC,AGNC Investment Corp.,US,리츠,2026-09-08,10.68,37386145,15745887.25,0.1572,12660942848,47,60,60,65,55,0,HOLD,0.2,2,False,live,STOCK,48,NEUTRAL,NASDAQ
2026-09-09T07:56:52.024129+09:00,2026-09-09,SF,Stifel Financial Corp,US,금융,2026-09-08,80.76,1603187,994539.35,1.8897,12194899968,47,60,52,76,59,1,HOLD,0.32,4,False,live,STOCK,60,NEUTRAL,NYSE
2026-09-09T07:56:52.024129+09:00,2026-09-09,ICLR,ICON Public Limited Company,US,제약/바이오,2026-09-08,158.34,949581,570424.05,6.3321,12216597504,28,65,50,59,48,0,HOLD,-0.15,-2,False,live,STOCK,60,NEUTRAL,NASDAQ
2026-09-09T07:56:52.024129+09:00,2026-09-09,MANH,"Manhattan Associates, Inc.",US,IT,2026-09-08,207.92,641453,743182.65,7.6104,12122769408,58,60,55,42,60,1,HOLD,0.64,8,False,live,STOCK,93,NEUTRAL,NASDAQ
2026-09-09T07:56:52.024129+09:00,2026-09-09,AIT,"Applied Industrial Technologies, Inc.",US,산업재,2026-09-08,326.66,363554,297077.7,8.2968,11988048896,32,60,60,50,49,0,HOLD,-0.05,-1,False,live,STOCK,61,NEUTRAL,NYSE
2026-09-09T07:56:52.024129+09:00,2026-09-09,FMS,Fresenius Medical Care AG & Co. KGaA,US,제약/바이오,2026-09-08,22.45,804769,657428.45,0.345,11948324864,20,65,58,100,52,1,HOLD,-0.34,-4,False,live,STOCK,23,NEUTRAL,NYSE
2026-09-09T07:56:52.024129+09:00,2026-09-09,WTS,"Watts Water Technologies, Inc.",US,산업재,2026-09-08,360.98,156477,177783.85,8.646,12050613248,44,60,63,45,45,0,HOLD,0.06,1,False,live,STOCK,29,NEUTRAL,NYSE
2026-09-09T07:56:52.024129+09:00,2026-09-09,TXRH,"Texas Roadhouse, Inc.",US,소비재,2026-09-08,182.84,808363,667938.15,4.5151,12001786880,39,60,48,50,38,0,AVOID,-0.3,-4,True,live,STOCK,10,NEUTRAL,NASDAQ
2026-09-09T07:56:52.024129+09:00,2026-09-09,FNF,"Fidelity National Financial, Inc.",US,금융,2026-09-08,44.65,3242324,1722996.2,1.0214,11974810624,20,60,63,84,49,1,HOLD,-0.4,-5,False,live,STOCK,26,NEUTRAL,NYSE
2026-09-09T07:56:52.024129+09:00,2026-09-09,AR,Antero Resources Corporation,US,에너지,2026-09-08,39.08,3005493,3328669.65,0.9907,12014716928,69,60,55,78,67,1,HOLD,0.66,8,False,live,STOCK,61,NEUTRAL,NYSE
2026-09-09T07:56:52.024129+09:00,2026-09-09,ELS,"Equity LifeStyle Properties, Inc.",US,리츠,2026-09-08,61.83,1318751,1260172.55,0.8868,12397590528,20,60,55,45,39,0,AVOID,-0.46,-6,True,live,STOCK,42,NEUTRAL,NYSE
2026-09-09T07:56:52.024129+09:00,2026-09-09,ARWR,"Arrowhead Pharmaceuticals, Inc.",US,제약/바이오,2026-09-08,85.11,1567738,1128531.9,3.0037,12022167552,47,65,60,42,49,0,HOLD,0.25,3,False,live,STOCK,52,NEUTRAL,NASDAQ
2026-09-09T07:56:52.024129+09:00,2026-09-09,NVMI,Nova Ltd.,US,반도체,2026-09-08,377.11,723006,482755.3,16.2414,11994420224,40,65,40,42,39,0,AVOID,-0.59,-7,True,live,STOCK,33,NEUTRAL,NASDAQ
2026-09-09T07:56:52.024129+09:00,2026-09-09,ELAN,Elanco Animal Health Incorporated,US,제약/바이오,2026-09-08,23.97,3887573,5324853.65,0.7782,11971806208,65,65,72,53,65,2,WATCH,0.62,7,False,live,STOCK,78,NEUTRAL,NYSE
2026-09-09T07:56:52.024129+09:00,2026-09-09,EHC,Encompass Health Corporation,US,제약/바이오,2026-09-08,120.47,805134,848636.7,2.2534,11884773376,47,65,45,58,51,0,HOLD,0.16,2,False,live,STOCK,54,NEUTRAL,NYSE
2026-09-09T07:56:52.024129+09:00,2026-09-09,WTRG,"Essential Utilities, Inc.",US,유틸리티,2026-09-08,41.94,2602358,2102287.9,0.7896,11895567360,88,60,63,37,64,2,WATCH,0.94,11,False,live,STOCK,71,NEUTRAL,NYSE
2026-09-09T07:56:52.024129+09:00,2026-09-09,PAYP,PayPay Corporation,US,IT,2026-09-08,17.56,1724680,757789.0,0.7521,11890632704,85,60,50,68,66,1,HOLD,0.76,9,False,live,STOCK,51,NEUTRAL,NASDAQ
2026-09-09T07:56:52.024129+09:00,2026-09-09,PNW,Pinnacle West Capital Corporation,US,유틸리티,2026-09-08,98.04,984723,939636.15,1.465,11882176512,47,60,63,37,44,0,AVOID,-0.12,-1,True,live,STOCK,33,NEUTRAL,NYSE
2026-09-09T07:56:52.024129+09:00,2026-09-09,DKNG,DraftKings Inc.,US,소비재,2026-09-08,23.87,7963139,9120401.95,1.1527,11850358784,46,60,60,60,56,0,HOLD,-0.03,0,False,live,STOCK,59,NEUTRAL,NASDAQ
2026-09-09T07:56:52.024129+09:00,2026-09-09,MICC,The Magnum Ice Cream Company N.V.,US,소매,2026-09-08,19.33,758220,752071.0,0.43,11760584704,54,60,63,50,56,0,HOLD,0.43,5,False,live,STOCK,63,NEUTRAL,NYSE
2026-09-09T07:56:52.024129+09:00,2026-09-09,GLPI,"Gaming and Leisure Properties, Inc.",US,리츠,2026-09-08,41.62,2991347,4102712.35,0.7716,12465240064,31,60,65,60,48,0,HOLD,-0.32,-4,False,live,STOCK,36,NEUTRAL,NASDAQ
2026-09-09T07:56:52.024129+09:00,2026-09-09,PSKY,Paramount Skydance Corporation Class B C,US,인터넷,2026-09-08,10.8,14140597,10319284.85,0.4168,12117014528,84,65,58,59,72,2,WATCH,0.95,11,False,live,STOCK,90,NEUTRAL,NASDAQ
2026-09-09T07:56:52.024129+09:00,2026-09-09,LULU,Lululemon Athletica Inc.,US,소비재,2026-09-08,103.19,11157105,6480070.25,5.8921,11424167936,28,60,65,86,55,1,HOLD,-0.32,-4,False,live,STOCK,37,NEUTRAL,NASDAQ
2026-09-09T07:56:52.024129+09:00,2026-09-09,FHN,First Horizon Corporation,US,금융,2026-09-08,24.67,3983804,4201100.2,0.4489,11688082432,47,60,55,70,60,2,WATCH,0.23,3,False,live,STOCK,70,NEUTRAL,NYSE
2026-09-09T07:56:52.024129+09:00,2026-09-09,AFG,"American Financial Group, Inc.",US,금융,2026-09-08,140.88,245779,297918.95,2.2071,11681976320,47,60,53,60,56,0,HOLD,0.26,3,False,live,STOCK,69,NEUTRAL,NYSE
2026-09-09T07:56:52.024129+09:00,2026-09-09,SNN,Smith & Nephew plc,US,제약/바이오,2026-09-08,27.87,3636720,1759331.0,0.6301,11663834112,20,65,60,58,41,0,AVOID,-0.6,-7,True,live,STOCK,26,NEUTRAL,NYSE
2026-09-09T07:56:52.024129+09:00,2026-09-09,CR,Crane Company,US,산업재,2026-09-08,202.65,282797,386564.85,6.305,11713242112,25,60,63,58,43,0,AVOID,-0.34,-4,True,live,STOCK,26,NEUTRAL,NYSE
2026-09-09T07:56:52.024129+09:00,2026-09-09,HRL,Hormel Foods Corporation,US,소매,2026-09-08,21.21,4490948,5528307.4,0.5764,11672939520,20,60,58,66,43,0,AVOID,-0.59,-7,True,live,STOCK,26,NEUTRAL,NYSE
2026-09-09T07:56:52.024129+09:00,2026-09-09,IAG,Iamgold Corporation,US,소재,2026-09-08,20.11,2694810,5124315.5,0.9579,11482810368,66,60,60,73,68,1,HOLD,0.74,9,False,live,STOCK,69,NEUTRAL,NYSE
2026-09-09T07:56:52.024129+09:00,2026-09-09,RTO,Rentokil Initial plc,US,산업재,2026-09-08,23.07,2382585,1440299.25,0.4521,11609930752,43,60,55,74,54,1,HOLD,-0.23,-3,False,live,STOCK,40,NEUTRAL,NYSE
2026-09-09T07:56:52.024129+09:00,2026-09-09,AMH,American Homes 4 Rent,US,리츠,2026-09-08,32.3,2057020,1883116.0,0.4732,13241449472,28,60,75,58,45,1,HOLD,-0.27,-3,False,live,STOCK,19,NEUTRAL,NYSE
2026-09-09T07:56:52.024129+09:00,2026-09-09,UDR,"UDR, Inc.",US,리츠,2026-09-08,36.11,4218154,2664667.7,0.5546,13265522688,28,60,60,53,40,0,AVOID,-0.52,-6,True,live,STOCK,17,NEUTRAL,NYSE
2026-09-09T07:56:52.024129+09:00,2026-09-09,AEIS,"Advanced Energy Industries, Inc.",US,IT,2026-09-08,288.72,558639,497481.95,13.8147,11563363328,25,60,40,50,38,0,AVOID,-0.65,-8,True,live,STOCK,36,NEUTRAL,NASDAQ
2026-09-09T07:56:52.024129+09:00,2026-09-09,DVA,DaVita Inc.,US,제약/바이오,2026-09-08,180.06,621275,634563.75,4.335,11487827968,65,65,53,84,61,1,HOLD,0.09,1,False,live,STOCK,29,NEUTRAL,NYSE
2026-09-09T07:56:52.024129+09:00,2026-09-09,IT,"Gartner, Inc.",US,IT,2026-09-08,172.59,1457787,1223729.35,8.3464,10898881536,50,60,45,84,63,1,HOLD,0.33,4,False,live,STOCK,69,NEUTRAL,NYSE
2026-09-09T07:56:52.024129+09:00,2026-09-09,KNX,Knight-Swift Transportation Holdings Inc,US,산업재,2026-09-08,70.79,3253381,2889014.05,2.3977,11521497088,65,60,63,51,54,0,HOLD,0.07,1,False,live,STOCK,32,NEUTRAL,NYSE
2026-09-09T07:56:52.024129+09:00,2026-09-09,BJ,"BJ's Wholesale Club Holdings, Inc.",US,소매,2026-09-08,89.85,1338830,1960991.5,2.9345,11349374976,46,60,50,50,44,0,AVOID,-0.22,-3,True,live,STOCK,26,NEUTRAL,NYSE
2026-09-09T07:56:52.024129+09:00,2026-09-09,EGO,Eldorado Gold Corporation,US,소재,2026-09-08,43.88,1263160,2739688.0,2.1136,11444358144,73,60,60,55,59,1,HOLD,0.6,7,False,live,STOCK,43,NEUTRAL,NYSE
2026-09-09T07:56:52.024129+09:00,2026-09-09,EVR,Evercore Inc.,US,금융,2026-09-08,295.67,397413,492755.65,8.5522,11370811392,55,60,63,68,55,0,HOLD,-0.1,-1,False,live,STOCK,26,NEUTRAL,NYSE
2026-09-09T07:56:52.024129+09:00,2026-09-09,SUZ,Suzano S.A.,US,소재,2026-09-08,9.23,2486368,3859343.4,0.2543,11367305216,69,60,50,70,67,2,WATCH,0.69,8,False,live,STOCK,75,NEUTRAL,NYSE
2026-09-09T07:56:52.024129+09:00,2026-09-09,TX,Ternium S.A.,US,소재,2026-09-08,58.1,377675,573418.75,1.7762,,77,60,60,86,75,3,BUY,0.96,12,False,live,STOCK,72,NEUTRAL,NYSE
2026-09-09T07:56:52.024129+09:00,2026-09-09,JKHY,"Jack Henry & Associates, Inc.",US,IT,2026-09-08,159.83,797339,949741.95,5.225,11206097920,58,60,53,50,58,1,HOLD,0.52,6,False,live,STOCK,75,NEUTRAL,NASDAQ
2026-09-09T07:56:52.024129+09:00,2026-09-09,SWKS,"Skyworks Solutions, Inc.",US,반도체,2026-09-08,75.38,6839375,5580213.75,3.0093,11342638080,74,65,66,53,62,1,HOLD,0.58,7,False,live,STOCK,55,NEUTRAL,NASDAQ
2026-09-09T07:56:52.024129+09:00,2026-09-09,HII,"Huntington Ingalls Industries, Inc.",US,산업재,2026-09-08,287.67,326873,387383.65,7.5132,11335522304,32,60,55,60,42,0,AVOID,-0.42,-5,True,live,STOCK,19,NEUTRAL,NYSE
2026-09-09T07:56:52.024129+09:00,2026-09-09,JEF,Jefferies Financial Group Inc.,US,금융,2026-09-08,55.72,1686222,1663966.1,1.4904,11333002240,69,60,50,68,60,0,HOLD,0.24,3,False,live,STOCK,47,NEUTRAL,NYSE
2026-09-09T07:56:52.024129+09:00,2026-09-09,TECH,Bio-Techne Corporation,US,제약/바이오,2026-09-08,72.31,2059387,2346639.35,0.1757,11339526144,73,65,68,43,59,1,HOLD,0.7,8,False,live,STOCK,52,NEUTRAL,NASDAQ
2026-09-09T07:56:52.024129+09:00,2026-09-09,DKS,"DICK'S Sporting Goods, Inc.",US,소비재,2026-09-08,132.37,3505133,5292536.65,10.22,11771208704,7,60,75,60,40,1,AVOID,-0.69,-8,True,live,STOCK,23,NEUTRAL,NYSE
2026-09-09T07:56:52.024129+09:00,2026-09-09,AHR,"American Healthcare REIT, Inc.",US,리츠,2026-09-08,54.6,2294519,3135885.95,1.1418,11902732288,32,60,58,43,48,0,HOLD,0.14,2,False,live,STOCK,69,NEUTRAL,NYSE
2026-09-09T07:56:52.024129+09:00,2026-09-09,CART,Maplebear Inc.,US,IT,2026-09-08,48.0,3965201,3656055.05,1.6054,11112003584,50,60,50,66,59,1,HOLD,0.38,5,False,live,STOCK,71,NEUTRAL,NASDAQ
2026-09-09T07:56:52.024129+09:00,2026-09-09,TEM,"Tempus AI, Inc.",US,제약/바이오,2026-09-08,64.29,5181311,7687840.55,5.7921,11600150528,66,65,50,42,57,1,HOLD,0.56,7,False,live,STOCK,74,NEUTRAL,NASDAQ
2026-09-09T07:56:52.024129+09:00,2026-09-09,APC,ARKO Petroleum Corp. Class A Common Stoc,US,에너지,2026-09-08,18.75,94042,178327.1,0.4657,1548191744,65,60,50,58,62,1,HOLD,0.37,4,False,live,STOCK,73,NEUTRAL,NASDAQ
2026-09-09T07:56:52.024129+09:00,2026-09-09,DECK,Deckers Outdoor Corporation,US,소비재,2026-09-08,82.6,3095302,2728440.1,2.6036,11248621568,18,60,63,78,45,1,HOLD,-0.62,-7,False,live,STOCK,20,NEUTRAL,NYSE
2026-09-09T07:56:52.024129+09:00,2026-09-09,ERIE,Erie Indemnity Company,US,금융,2026-09-08,243.35,223004,316565.2,8.4057,12724740096,47,60,60,58,54,0,HOLD,0.19,2,False,live,STOCK,51,NEUTRAL,NASDAQ
2026-09-09T07:56:52.024129+09:00,2026-09-09,HUT,Hut 8 Corp.,US,금융,2026-09-08,99.49,5632734,4972261.7,7.214,12263085056,69,60,60,42,55,0,HOLD,0.18,2,False,live,STOCK,49,NEUTRAL,NASDAQ
2026-09-09T07:56:52.024129+09:00,2026-09-09,GNRC,Generac Holdings Inc.,US,산업재,2026-09-08,190.21,750005,968635.25,8.0018,11223600128,7,60,40,58,33,0,AVOID,-1.04,-12,True,live,STOCK,27,NEUTRAL,NYSE
2026-09-09T07:56:52.024129+09:00,2026-09-09,ARW,"Arrow Electronics, Inc.",US,IT,2026-09-08,217.41,770263,527498.15,6.5089,11067347968,62,60,60,84,68,1,HOLD,0.46,6,False,live,STOCK,62,NEUTRAL,NYSE
2026-09-09T07:56:52.024129+09:00,2026-09-09,DPZ,"Domino's Pizza, Inc.",US,소비재,2026-09-08,335.41,561303,799750.15,11.335,11095945216,47,60,50,50,49,0,HOLD,0.03,0,False,live,STOCK,48,NEUTRAL,NASDAQ
2026-09-09T07:56:52.024129+09:00,2026-09-09,FIG,"Figma, Inc.",US,IT,2026-09-08,22.75,19346673,15040168.65,1.6743,12125974528,47,60,50,30,44,0,AVOID,0.06,1,True,live,STOCK,54,NEUTRAL,NYSE
2026-09-09T07:56:52.024129+09:00,2026-09-09,CLX,The Clorox Company,US,소매,2026-09-08,91.6,2733251,2840127.55,2.8314,11077279744,35,60,60,50,46,0,HOLD,-0.24,-3,False,live,STOCK,42,NEUTRAL,NYSE
2026-09-09T07:56:52.024129+09:00,2026-09-09,SCI,Service Corporation International,US,소비재,2026-09-08,80.99,799459,687617.95,1.4654,11038255104,50,60,48,50,49,0,HOLD,0.12,1,False,live,STOCK,45,NEUTRAL,NYSE
2026-09-09T07:56:52.024129+09:00,2026-09-09,NYT,The New York Times Company,US,인터넷,2026-09-08,67.96,2071588,1704389.4,1.4729,10960832512,72,65,63,53,60,1,HOLD,0.34,4,False,live,STOCK,47,NEUTRAL,NYSE
2026-09-09T07:56:52.024129+09:00,2026-09-09,TFII,TFI International Inc.,US,산업재,2026-09-08,134.13,123158,203482.9,4.3036,11024551936,18,60,63,66,46,0,HOLD,-0.52,-6,False,live,STOCK,41,NEUTRAL,NYSE
2026-09-09T07:56:52.024129+09:00,2026-09-09,SANM,Sanmina Corporation,US,IT,2026-09-08,205.41,597208,594920.4,8.8364,11009433600,62,60,55,58,54,0,HOLD,-0.05,-1,False,live,STOCK,36,NEUTRAL,NASDAQ
2026-09-09T07:56:52.024129+09:00,2026-09-09,ALGN,"Align Technology, Inc.",US,제약/바이오,2026-09-08,153.49,807189,811889.45,5.4721,10903908352,20,65,63,74,53,1,HOLD,-0.3,-4,False,live,STOCK,62,NEUTRAL,NASDAQ
2026-09-09T07:56:52.024129+09:00,2026-09-09,GKOS,Glaukos Corporation,US,제약/바이오,2026-09-08,185.04,1158074,645818.7,5.9679,10914386944,66,65,45,27,54,1,HOLD,0.53,6,False,live,STOCK,84,NEUTRAL,NYSE
2026-09-09T07:56:52.024129+09:00,2026-09-09,RRX,Regal Rexnord Corporation,US,산업재,2026-09-08,163.73,1361664,1223273.2,5.2732,10899435520,37,60,63,58,45,0,HOLD,-0.43,-5,False,live,STOCK,20,NEUTRAL,NYSE
2026-09-09T07:56:52.024129+09:00,2026-09-09,AM,Antero Midstream Corporation,US,에너지,2026-09-08,22.9,1913179,2235558.95,0.4916,10870034432,81,60,60,58,60,1,HOLD,0.55,7,False,live,STOCK,31,NEUTRAL,NYSE
2026-09-09T07:56:52.024129+09:00,2026-09-09,ENLT,Enlight Renewable Energy Ltd,US,유틸리티,2026-09-08,77.51,202320,155226.0,2.6354,10839975936,15,60,50,35,29,0,AVOID,-0.95,-11,True,live,STOCK,20,NEUTRAL,NASDAQ
2026-09-09T07:56:52.024129+09:00,2026-09-09,ALSN,"Allison Transmission Holdings, Inc.",US,소비재,2026-09-08,130.56,674772,719498.6,4.2578,10781388800,69,60,50,66,57,0,HOLD,0.34,4,False,live,STOCK,31,NEUTRAL,NYSE
2026-09-09T07:56:52.024129+09:00,2026-09-09,UMBF,UMB Financial Corporation,US,금융,2026-09-08,142.55,759628,480546.4,2.94,10826677248,44,60,50,70,55,1,HOLD,0.13,2,False,live,STOCK,55,NEUTRAL,NASDAQ
2026-09-09T07:56:52.024129+09:00,2026-09-09,EGP,"EastGroup Properties, Inc.",US,리츠,2026-09-08,200.24,318247,341887.35,2.5464,10767568896,50,60,63,45,49,0,HOLD,0.05,1,False,live,STOCK,41,NEUTRAL,NYSE
2026-09-09T07:56:52.024129+09:00,2026-09-09,LFUS,"Littelfuse, Inc.",US,IT,2026-09-08,422.95,139537,202756.85,13.9077,10742401024,65,60,45,50,49,0,HOLD,-0.08,-1,False,live,STOCK,29,NEUTRAL,NASDAQ
2026-09-09T07:56:52.024129+09:00,2026-09-09,VSAT,"Viasat, Inc.",US,IT,2026-09-08,77.75,2044014,1617075.7,3.605,10710513664,73,60,45,43,54,1,HOLD,0.46,6,False,live,STOCK,52,NEUTRAL,NASDAQ
2026-09-09T07:56:52.024129+09:00,2026-09-09,BPOP,"Popular, Inc.",US,금융,2026-09-08,167.58,579838,440236.9,3.2257,10688001024,44,60,53,70,54,1,HOLD,0.1,1,False,live,STOCK,48,NEUTRAL,NASDAQ
2026-09-09T07:56:52.024129+09:00,2026-09-09,AXSM,"Axsome Therapeutics, Inc.",US,제약/바이오,2026-09-08,207.82,385771,589198.55,6.4439,10885781504,40,65,60,26,36,0,AVOID,-0.51,-6,True,live,STOCK,23,NEUTRAL,NASDAQ
2026-09-09T07:56:52.024129+09:00,2026-09-09,DAR,Darling Ingredients Inc.,US,소매,2026-09-08,67.11,1969100,2665525.0,3.3236,10590153728,84,60,50,53,68,2,WATCH,0.95,11,False,live,STOCK,87,NEUTRAL,NYSE
2026-09-09T07:56:52.024129+09:00,2026-09-09,PAC,"Grupo Aeroportuario del Pacífico, S.A.B.",US,산업재,2026-09-08,205.38,112078,116863.9,5.9059,12220483584,50,60,50,50,46,0,HOLD,-0.26,-3,False,live,STOCK,30,NEUTRAL,NYSE
2026-09-09T07:56:52.024129+09:00,2026-09-09,GSAT,"Globalstar, Inc.",US,인터넷,2026-09-08,82.22,457601,656025.05,0.6579,10652702720,43,65,53,27,41,0,AVOID,-0.16,-2,True,live,STOCK,46,NEUTRAL,NASDAQ
2026-09-09T07:56:52.024129+09:00,2026-09-09,AES,The AES Corporation,US,유틸리티,2026-09-08,14.83,4331693,6824794.65,0.0496,10580295680,84,60,58,70,70,2,WATCH,0.74,9,False,live,STOCK,61,NEUTRAL,NYSE
2026-09-09T07:56:52.024129+09:00,2026-09-09,DCI,"Donaldson Company, Inc.",US,산업재,2026-09-08,90.99,641469,616613.45,2.2164,,44,60,63,58,54,0,HOLD,0.19,2,False,live,STOCK,54,NEUTRAL,NYSE
2026-09-09T07:56:52.024129+09:00,2026-09-09,CPT,Camden Property Trust,US,리츠,2026-09-08,104.71,1262483,853129.15,1.4421,12118358016,28,60,66,45,40,0,AVOID,-0.44,-5,True,live,STOCK,26,NEUTRAL,NYSE
2026-09-09T07:56:52.024129+09:00,2026-09-09,SUN,Sunoco LP,US,에너지,2026-09-08,76.92,461535,407326.75,1.8625,14492793856,66,60,55,63,64,1,HOLD,0.68,8,False,live,STOCK,72,NEUTRAL,NYSE
2026-09-09T07:56:52.024129+09:00,2026-09-09,FROG,JFrog Ltd.,US,IT,2026-09-08,86.73,1872556,2093957.8,6.0851,10693922816,50,60,60,27,46,0,HOLD,0.16,2,False,live,STOCK,57,NEUTRAL,NASDAQ
2026-09-09T07:56:52.024129+09:00,2026-09-09,OC,Owens Corning,US,소재,2026-09-08,130.2,1365171,864658.55,4.7179,10292137984,39,60,60,78,52,1,HOLD,-0.04,0,False,live,STOCK,25,NEUTRAL,NYSE
2026-09-09T07:56:52.024129+09:00,2026-09-09,BXP,"BXP, Inc.",US,리츠,2026-09-08,65.74,1276444,1160537.2,1.7093,11890881536,31,60,63,58,49,0,HOLD,-0.12,-1,False,live,STOCK,48,NEUTRAL,NYSE
2026-09-09T07:56:52.024129+09:00,2026-09-09,XP,XP Inc.,US,금융,2026-09-08,19.99,6500888,5714704.4,0.8068,10143784960,70,60,55,70,61,2,WATCH,0.53,6,False,live,STOCK,40,NEUTRAL,NASDAQ
2026-09-09T07:56:52.024129+09:00,2026-09-09,UHS,"Universal Health Services, Inc.",US,제약/바이오,2026-09-08,171.89,791625,624891.25,4.7276,10130597888,47,65,63,70,58,1,HOLD,0.37,4,False,live,STOCK,51,NEUTRAL,NYSE
2026-09-09T07:56:52.024129+09:00,2026-09-09,XPEV,XPeng Inc.,US,소비재,2026-09-08,10.93,6471051,7693357.55,0.4098,10455568384,18,60,60,42,38,0,AVOID,-0.65,-8,True,live,STOCK,39,NEUTRAL,NYSE
2026-09-09T07:56:52.024129+09:00,2026-09-09,FRO,Frontline Plc,US,산업재,2026-09-08,46.62,2326606,2372655.3,1.5879,10378679296,95,60,55,65,73,1,HOLD,1.07,13,False,live,STOCK,69,NEUTRAL,NYSE
2026-09-09T07:56:52.024129+09:00,2026-09-09,CGNX,Cognex Corporation,US,IT,2026-09-08,62.23,1407928,1929196.4,1.9079,10468569088,65,60,45,50,50,0,HOLD,0.06,1,False,live,STOCK,33,NEUTRAL,NASDAQ
2026-09-09T07:56:52.024129+09:00,2026-09-09,KRYS,"Krystal Biotech, Inc.",US,제약/바이오,2026-09-08,351.26,255600,218110.0,11.88,10396887040,76,65,45,42,54,1,HOLD,0.44,5,False,live,STOCK,47,NEUTRAL,NASDAQ
2026-09-09T07:56:52.024129+09:00,2026-09-09,SSB,SouthState Bank Corp.,US,금융,2026-09-08,106.62,764850,713747.5,1.8814,10339425280,44,60,50,70,54,1,HOLD,0.13,2,False,live,STOCK,48,NEUTRAL,NYSE
2026-09-09T07:56:52.024129+09:00,2026-09-09,AVTR,"Avantor, Inc.",US,제약/바이오,2026-09-08,15.25,12503740,6581382.0,0.4752,10314472448,55,65,66,60,66,1,HOLD,0.75,9,False,live,STOCK,90,NEUTRAL,NYSE
2026-09-09T07:56:52.024129+09:00,2026-09-09,FDS,FactSet Research Systems Inc.,US,금융,2026-09-08,289.0,1788837,840471.85,11.4276,10278441984,47,60,55,66,56,0,HOLD,0.3,4,False,live,STOCK,55,NEUTRAL,NYSE
2026-09-09T07:56:52.024129+09:00,2026-09-09,WTFC,Wintrust Financial Corporation,US,금융,2026-09-08,152.38,483808,464805.4,2.9357,10278856704,47,60,63,60,51,0,HOLD,-0.01,0,False,live,STOCK,33,NEUTRAL,NASDAQ
2026-09-09T07:56:52.024129+09:00,2026-09-09,SOLS,Solstice Advanced Materials Inc.,US,소재,2026-09-08,64.53,1930484,3031339.2,2.9135,10250421248,62,60,58,50,50,0,HOLD,-0.12,-1,False,live,STOCK,26,NEUTRAL,NASDAQ
2026-09-09T07:56:52.024129+09:00,2026-09-09,MGM,MGM Resorts International,US,소비재,2026-09-08,40.74,2635794,1839124.7,0.8529,10423379968,20,60,63,74,44,1,AVOID,-0.61,-7,True,live,STOCK,17,NEUTRAL,NYSE
2026-09-09T07:56:52.024129+09:00,2026-09-09,MOH,"Molina Healthcare, Inc.",US,제약/바이오,2026-09-08,196.3,397140,572627.0,5.9086,10246859776,50,65,63,59,49,0,HOLD,-0.11,-1,False,live,STOCK,17,NEUTRAL,NYSE
2026-09-09T07:56:52.024129+09:00,2026-09-09,WMS,"Advanced Drainage Systems, Inc.",US,소재,2026-09-08,133.67,591216,626100.8,3.9646,10079432704,28,60,55,58,43,0,AVOID,-0.36,-4,True,live,STOCK,33,NEUTRAL,NYSE
2026-09-09T07:56:52.024129+09:00,2026-09-09,BIO,"Bio-Rad Laboratories, Inc.",US,제약/바이오,2026-09-08,380.12,138841,237052.05,11.4361,10163715072,63,65,55,37,55,1,HOLD,0.54,6,False,live,STOCK,71,NEUTRAL,NYSE
2026-09-09T07:56:52.024129+09:00,2026-09-09,AG,First Majestic Silver Corp.,US,소재,2026-09-08,20.75,6669637,9678466.85,1.1143,10227807232,66,60,45,66,61,0,HOLD,0.52,6,False,live,STOCK,63,NEUTRAL,NYSE
2026-09-09T07:56:52.024129+09:00,2026-09-09,MOD,Modine Manufacturing Company,US,산업재,2026-09-08,192.35,1474621,1297221.05,9.9135,10216229888,40,60,43,35,38,0,AVOID,-0.56,-7,True,live,STOCK,36,NEUTRAL,NYSE
2026-09-09T07:56:52.024129+09:00,2026-09-09,CFR,"Cullen/Frost Bankers, Inc.",US,금융,2026-09-08,163.61,495264,468753.2,3.0872,10168162304,62,60,60,55,57,0,HOLD,0.47,6,False,live,STOCK,48,NEUTRAL,NYSE
2026-09-09T07:56:52.024129+09:00,2026-09-09,FRT,Federal Realty Investment Trust,US,리츠,2026-09-08,117.25,1154071,653573.55,1.3596,10249799680,50,60,63,45,47,0,HOLD,-0.09,-1,False,live,STOCK,30,NEUTRAL,NYSE
2026-09-09T07:56:52.024129+09:00,2026-09-09,HSIC,"Henry Schein, Inc.",US,제약/바이오,2026-09-08,88.86,671797,896289.85,1.6778,9903139840,47,65,60,58,55,0,HOLD,0.29,3,False,live,STOCK,58,NEUTRAL,NASDAQ
2026-09-09T07:56:52.024129+09:00,2026-09-09,GMED,"Globus Medical, Inc.",US,제약/바이오,2026-09-08,75.04,1890059,1130987.95,2.4636,10075014144,35,65,60,66,51,0,HOLD,-0.2,-2,False,live,STOCK,45,NEUTRAL,NYSE
2026-09-09T07:56:52.024129+09:00,2026-09-09,SAIL,"SailPoint, Inc.",US,IT,2026-09-08,17.79,5523765,3261658.25,1.1355,10090185728,50,60,60,42,50,0,HOLD,0.29,3,False,live,STOCK,54,NEUTRAL,NASDAQ
2026-09-09T07:56:52.024129+09:00,2026-09-09,DDS,"Dillard's, Inc.",US,소비재,2026-09-08,645.1,157856,173212.8,22.9729,10076107776,84,60,60,60,72,2,WATCH,0.95,11,False,live,STOCK,86,NEUTRAL,NYSE
2026-09-09T07:56:52.024129+09:00,2026-09-09,GGB,Gerdau S.A.,US,소재,2026-09-08,5.06,9613776,10897753.8,0.1949,9928359936,88,60,60,71,72,2,WATCH,0.97,12,False,live,STOCK,64,NEUTRAL,NYSE
