scan_ts_kst,date,ticker,name,market,sector,bar_date,close,volume,avg_vol20,atr14,market_cap,tech,macro,filing,value,total,consensus,signal,ev,target,hitl,source
2026-08-16T12:53:51.927814+09:00,2026-08-16,NVDA,NVIDIA Corporation,US,반도체,2026-08-14,225.16,75680900,120353495.0,6.8414,,72,65,71,58,68,2,WATCH,0.66,8,False,backfill
2026-08-16T12:53:51.927814+09:00,2026-08-16,AAPL,Apple Inc.,US,IT,2026-08-14,305.93,28229400,52617430.0,8.5593,,32,60,68,42,50,0,HOLD,0.01,0,False,backfill
2026-08-16T12:53:51.927814+09:00,2026-08-16,GOOGL,Alphabet Inc.,US,인터넷,2026-08-14,345.9,17808600,31298765.0,11.5886,,35,65,68,68,56,0,HOLD,-0.02,0,False,backfill
2026-08-16T12:53:51.927814+09:00,2026-08-16,GOOG,Alphabet Inc.,US,인터넷,2026-08-14,343.54,10946800,20655045.0,11.0508,,35,65,60,68,53,0,HOLD,-0.11,-1,False,backfill
2026-08-16T12:53:51.927814+09:00,2026-08-16,MSFT,Microsoft Corporation,US,IT,2026-08-14,495.4,16217600,37752185.0,16.9457,,69,60,50,50,59,0,HOLD,0.54,6,False,backfill
2026-08-16T12:53:51.927814+09:00,2026-08-16,AMZN,"Amazon.com, Inc.",US,소비재,2026-08-14,262.65,27251700,47966510.0,9.8257,,87,60,60,50,68,1,HOLD,0.69,8,False,backfill
2026-08-16T12:53:51.927814+09:00,2026-08-16,TSM,Taiwan Semiconductor Manufacturing Compa,US,반도체,2026-08-14,426.35,6324700,12737685.0,14.0586,,76,65,77,58,71,2,WATCH,0.86,10,False,backfill
2026-08-16T12:53:51.927814+09:00,2026-08-16,AVGO,Broadcom Inc.,US,반도체,2026-08-14,392.99,29513600,18103360.0,16.8407,,65,65,60,43,60,0,HOLD,0.3,4,False,backfill
2026-08-16T12:53:51.927814+09:00,2026-08-16,META,"Meta Platforms, Inc.",US,인터넷,2026-08-14,589.85,8758000,15778595.0,21.5643,,50,65,50,66,55,0,HOLD,0.11,1,False,backfill
2026-08-16T12:53:51.927814+09:00,2026-08-16,TSLA,"Tesla, Inc.",US,소비재,2026-08-14,342.27,45437100,39831250.0,11.1957,,52,60,70,30,56,1,HOLD,0.04,0,False,backfill
2026-08-16T12:53:51.927814+09:00,2026-08-16,LLY,Eli Lilly and Company,US,제약/바이오,2026-08-14,1180.16,2274500,2665145.0,43.5584,,69,65,81,50,69,1,HOLD,0.9,11,False,backfill
2026-08-16T12:53:51.927814+09:00,2026-08-16,MU,"Micron Technology, Inc.",US,반도체,2026-08-14,971.66,27881100,41977940.0,75.0478,,80,65,65,58,69,1,HOLD,0.91,11,False,backfill
2026-08-16T12:53:51.927814+09:00,2026-08-16,JPM,JPMorgan Chase & Co.,US,금융,2026-08-14,362.84,5058600,6605410.0,6.1771,,73,60,66,60,66,1,HOLD,0.8,10,False,backfill
2026-08-16T12:53:51.927814+09:00,2026-08-16,WMT,Walmart Inc.,US,소매,2026-08-14,115.27,14520000,21467700.0,2.5621,,72,60,50,29,57,1,HOLD,0.14,2,False,backfill
2026-08-16T12:53:51.927814+09:00,2026-08-16,AMD,"Advanced Micro Devices, Inc.",US,반도체,2026-08-14,514.39,25570300,28502985.0,32.7793,,73,65,65,35,63,1,HOLD,0.73,9,False,backfill
2026-08-16T12:53:51.927814+09:00,2026-08-16,ASML,ASML Holding N.V.,US,반도체,2026-08-14,1844.08,929000,1593020.0,71.4087,,80,65,65,35,66,1,HOLD,0.83,10,False,backfill
2026-08-16T12:53:51.927814+09:00,2026-08-16,V,Visa Inc.,US,금융,2026-08-14,364.15,8106900,6669540.0,7.61,,62,60,63,50,60,0,HOLD,0.53,6,False,backfill
2026-08-16T12:53:51.927814+09:00,2026-08-16,XOM,Exxon Mobil Corporation,US,에너지,2026-08-14,159.07,10231300,13952955.0,3.9359,,87,60,40,58,63,1,HOLD,0.53,6,False,backfill
2026-08-16T12:53:51.927814+09:00,2026-08-16,JNJ,Johnson & Johnson,US,제약/바이오,2026-08-14,260.35,4998100,7275625.0,5.6443,,62,65,56,53,59,0,HOLD,0.55,7,False,backfill
2026-08-16T12:53:51.927814+09:00,2026-08-16,INTC,Intel Corp.,US,반도체,2026-08-14,102.5,95387500,119300345.0,6.8493,,72,65,83,42,69,2,WATCH,0.65,8,False,backfill
2026-08-16T12:53:51.927814+09:00,2026-08-16,MA,Mastercard Incorporated,US,금융,2026-08-14,569.29,2473300,2959150.0,11.2,,69,60,53,50,60,0,HOLD,0.57,7,False,backfill
2026-08-16T12:53:51.927814+09:00,2026-08-16,BAC,Bank of America Corporation,US,금융,2026-08-14,64.49,21847900,29015400.0,0.9721,,95,60,81,60,79,2,WATCH,1.26,15,False,backfill
2026-08-16T12:53:51.927814+09:00,2026-08-16,ABBV,AbbVie Inc.,US,제약/바이오,2026-08-14,249.46,4195000,5290445.0,6.5857,,47,65,81,51,61,1,HOLD,0.59,7,False,backfill
2026-08-16T12:53:51.927814+09:00,2026-08-16,CSCO,"Cisco Systems, Inc.",US,IT,2026-08-14,111.68,29415200,22475915.0,4.7314,,28,60,65,50,49,0,HOLD,-0.15,-2,False,backfill
2026-08-16T12:53:51.927814+09:00,2026-08-16,ORCL,Oracle Corporation,US,IT,2026-08-14,150.52,21905500,32175435.0,7.5557,,52,60,60,50,56,0,HOLD,0.0,0,False,backfill
2026-08-16T12:53:51.927814+09:00,2026-08-16,COST,Costco Wholesale Corporation,US,소매,2026-08-14,961.1,1165100,1810125.0,18.2171,,65,60,60,29,57,0,HOLD,0.2,2,False,backfill
2026-08-16T12:53:51.927814+09:00,2026-08-16,LRCX,Lam Research Corporation,US,반도체,2026-08-14,332.36,7422900,10652600.0,23.1086,,76,65,73,42,68,2,WATCH,0.88,11,False,backfill
2026-08-16T12:53:51.927814+09:00,2026-08-16,AMAT,"Applied Materials, Inc.",US,반도체,2026-08-14,507.18,13132300,7719745.0,33.9814,,54,65,65,42,58,0,HOLD,0.49,6,False,backfill
2026-08-16T12:53:51.927814+09:00,2026-08-16,PLTR,Palantir Technologies Inc.,US,IT,2026-08-14,174.04,24065800,46959185.0,9.6011,,78,60,42,35,57,1,HOLD,0.53,6,False,backfill
2026-08-16T12:53:51.927814+09:00,2026-08-16,CVX,Chevron Corporation,US,에너지,2026-08-14,200.0,7910500,7878835.0,4.82,,88,60,32,74,64,2,WATCH,0.57,7,False,backfill
2026-08-16T12:53:51.927814+09:00,2026-08-16,CAT,Caterpillar Inc.,US,산업재,2026-08-14,856.57,1894900,3068450.0,37.7136,,65,60,65,50,62,0,HOLD,0.39,5,False,backfill
2026-08-16T12:53:51.927814+09:00,2026-08-16,GE,GE Aerospace,US,산업재,2026-08-14,368.38,2966200,3319735.0,9.2686,,66,60,60,29,57,0,HOLD,0.53,6,False,backfill
2026-08-16T12:53:51.927814+09:00,2026-08-16,KO,The Coca-Cola Company,US,소매,2026-08-14,87.71,9166400,15847870.0,1.7757,,69,60,53,37,58,0,HOLD,0.45,5,False,backfill
2026-08-16T12:53:51.927814+09:00,2026-08-16,UNH,UnitedHealth Group Incorporated,US,제약/바이오,2026-08-14,401.73,3476400,4404755.0,10.54,,43,65,83,66,63,1,HOLD,0.44,5,False,backfill
2026-08-16T12:53:51.927814+09:00,2026-08-16,HSBC,HSBC Holdings plc,US,금융,2026-08-14,103.79,604400,1317180.0,1.8378,,62,60,55,60,59,0,HOLD,0.53,6,False,backfill
2026-08-16T12:53:51.927814+09:00,2026-08-16,PG,The Procter & Gamble Company,US,소매,2026-08-14,144.55,7249600,8217430.0,3.3786,,25,60,63,45,46,0,HOLD,-0.12,-1,False,backfill
2026-08-16T12:53:51.927814+09:00,2026-08-16,MS,Morgan Stanley,US,금융,2026-08-14,217.36,3405800,5063270.0,5.3332,,69,60,60,60,63,0,HOLD,0.64,8,False,backfill
2026-08-16T12:53:51.927814+09:00,2026-08-16,HD,"The Home Depot, Inc.",US,소비재,2026-08-14,338.86,3073100,3671170.0,8.5207,,47,60,60,42,53,0,HOLD,0.27,3,False,backfill
2026-08-16T12:53:51.927814+09:00,2026-08-16,MRK,"Merck & Co., Inc.",US,제약/바이오,2026-08-14,135.84,6869000,8213210.0,3.3643,,92,65,50,38,66,1,HOLD,0.85,10,False,backfill
2026-08-16T12:53:51.927814+09:00,2026-08-16,DELL,Dell Technologies Inc.,US,IT,2026-08-14,490.81,3992900,5876925.0,35.8586,,95,60,58,66,73,1,HOLD,1.04,12,False,backfill
2026-08-16T12:53:51.927814+09:00,2026-08-16,NFLX,"Netflix, Inc.",US,인터넷,2026-08-14,78.16,26751000,38408030.0,2.2429,,59,65,45,50,55,0,HOLD,0.04,0,False,backfill
2026-08-16T12:53:51.927814+09:00,2026-08-16,PANW,"Palo Alto Networks, Inc.",US,IT,2026-08-14,384.27,4353500,5878690.0,14.7821,,80,60,52,30,60,1,HOLD,0.64,8,False,backfill
2026-08-16T12:53:51.927814+09:00,2026-08-16,GS,"The Goldman Sachs Group, Inc.",US,금융,2026-08-14,1039.42,1592900,1878470.0,28.9793,,32,60,55,60,49,0,HOLD,0.04,0,False,backfill
2026-08-16T12:53:51.927814+09:00,2026-08-16,RY,Royal Bank of Canada,US,금융,2026-08-14,216.56,1193200,1395915.0,3.175,,88,60,60,50,68,1,HOLD,0.91,11,False,backfill
2026-08-16T12:53:51.927814+09:00,2026-08-16,RTX,RTX Corporation,US,산업재,2026-08-14,222.97,2871100,5184025.0,4.4133,,73,60,45,58,60,1,HOLD,0.57,7,False,backfill
2026-08-16T12:53:51.927814+09:00,2026-08-16,ARM,Arm Holdings plc American Depositary Sha,US,반도체,2026-08-14,279.44,2102000,5258445.0,22.5208,,68,65,55,35,59,0,HOLD,0.56,7,False,backfill
2026-08-16T12:53:51.927814+09:00,2026-08-16,PM,Philip Morris International Inc.,US,소매,2026-08-14,190.39,4579000,5061965.0,4.8893,,43,60,58,58,53,0,HOLD,0.1,1,False,backfill
2026-08-16T12:53:51.927814+09:00,2026-08-16,BABA,Alibaba Group Holding Limited,US,소비재,2026-08-14,123.81,8221700,9372060.0,3.9304,,58,60,45,58,54,0,HOLD,0.08,1,False,backfill
2026-08-16T12:53:51.927814+09:00,2026-08-16,NVS,Novartis AG,US,제약/바이오,2026-08-14,150.88,1597700,1650650.0,2.575,,46,65,55,53,54,0,HOLD,0.14,2,False,backfill
2026-08-16T12:53:51.927814+09:00,2026-08-16,GEV,GE Vernova Inc.,US,유틸리티,2026-08-14,1063.25,1491000,2588035.0,49.1615,,72,60,60,50,63,1,HOLD,0.5,6,False,backfill
2026-08-16T12:53:51.927814+09:00,2026-08-16,WFC,Wells Fargo & Company,US,금융,2026-08-14,88.82,8788100,13203175.0,1.7356,,95,60,60,60,72,1,HOLD,1.04,12,False,backfill
2026-08-16T12:53:51.927814+09:00,2026-08-16,KLAC,KLA Corporation,US,반도체,2026-08-14,203.49,7357900,11616290.0,11.9843,,69,65,73,42,65,1,HOLD,0.76,9,False,backfill
2026-08-16T12:53:51.927814+09:00,2026-08-16,MUFG,"Mitsubishi UFJ Financial Group, Inc.",US,금융,2026-08-14,23.06,2678100,3076600.0,0.5,,66,60,58,60,61,0,HOLD,0.61,7,False,backfill
2026-08-16T12:53:51.927814+09:00,2026-08-16,TXN,Texas Instruments Incorporated,US,반도체,2026-08-14,279.58,4762600,7714290.0,10.2517,,65,65,75,42,65,1,HOLD,0.45,5,False,backfill
2026-08-16T12:53:51.927814+09:00,2026-08-16,SHEL,Shell plc,US,에너지,2026-08-14,90.47,5024868,6662069.1,1.7324,,69,60,55,78,64,1,HOLD,0.59,7,False,backfill
2026-08-16T12:53:51.927814+09:00,2026-08-16,ANET,"Arista Networks, Inc.",US,IT,2026-08-14,198.82,4707400,7764820.0,11.4589,,95,60,60,35,68,1,HOLD,0.95,11,False,backfill
2026-08-16T12:53:51.927814+09:00,2026-08-16,SNDK,Sandisk Corporation,US,IT,2026-08-14,1641.11,21000300,16828855.0,160.3586,,73,60,50,50,60,1,HOLD,0.59,7,False,backfill
2026-08-16T12:53:51.927814+09:00,2026-08-16,AZN,AstraZeneca PLC,US,제약/바이오,2026-08-14,156.45,3697500,4041650.0,4.2593,,26,65,68,58,51,0,HOLD,-0.21,-3,False,backfill
2026-08-16T12:53:51.927814+09:00,2026-08-16,SAP,SAP SE,US,IT,2026-08-14,207.97,2562800,3462935.0,7.1821,,73,60,58,42,61,1,HOLD,0.65,8,False,backfill
2026-08-16T12:53:51.927814+09:00,2026-08-16,C,Citigroup Inc.,US,금융,2026-08-14,139.33,6829700,9755245.0,3.2103,,73,60,70,76,70,3,BUY,0.87,10,False,backfill
2026-08-16T12:53:51.927814+09:00,2026-08-16,AXP,American Express Company,US,금융,2026-08-14,342.48,1529500,2784650.0,6.1264,,69,60,76,50,66,1,HOLD,0.74,9,False,backfill
2026-08-16T12:53:51.927814+09:00,2026-08-16,TM,Toyota Motor Corporation,US,소비재,2026-08-14,191.11,216200,413475.0,3.6021,,84,60,50,54,64,1,HOLD,0.63,8,False,backfill
2026-08-16T12:53:51.927814+09:00,2026-08-16,AMGN,Amgen Inc.,US,제약/바이오,2026-08-14,415.21,2036800,2708650.0,12.6421,,85,65,45,50,64,1,HOLD,0.74,9,False,backfill
2026-08-16T12:53:51.927814+09:00,2026-08-16,LIN,Linde plc,US,소재,2026-08-14,482.74,1365100,2131740.0,11.22,,25,60,55,58,46,0,HOLD,-0.27,-3,False,backfill
2026-08-16T12:53:51.927814+09:00,2026-08-16,CRWD,"CrowdStrike Holdings, Inc.",US,IT,2026-08-14,216.95,6750300,7527765.0,9.1756,,80,60,65,22,63,1,HOLD,0.75,9,False,backfill
2026-08-16T12:53:51.927814+09:00,2026-08-16,IBM,International Business Machines Corporat,US,IT,2026-08-14,234.32,4523500,8445870.0,7.1802,,66,60,81,58,68,1,HOLD,0.75,9,False,backfill
2026-08-16T12:53:51.927814+09:00,2026-08-16,BHP,BHP Group Limited,US,소재,2026-08-14,86.78,2410400,2477005.0,2.3743,,87,60,50,45,64,1,HOLD,0.55,7,False,backfill
2026-08-16T12:53:51.927814+09:00,2026-08-16,TMO,Thermo Fisher Scientific Inc.,US,제약/바이오,2026-08-14,588.29,1057600,2234120.0,14.4636,,66,65,53,58,61,0,HOLD,0.59,7,False,backfill
2026-08-16T12:53:51.927814+09:00,2026-08-16,STX,Seagate Technology Holdings plc,US,IT,2026-08-14,973.44,5246900,5514755.0,77.1471,,77,60,63,43,64,1,HOLD,0.76,9,False,backfill
2026-08-16T12:53:51.927814+09:00,2026-08-16,SAN,"Banco Santander, S.A.",US,금융,2026-08-14,14.76,16916500,12471930.0,0.3043,,93,60,55,63,70,1,HOLD,0.97,12,False,backfill
2026-08-16T12:53:51.927814+09:00,2026-08-16,TD,The Toronto-Dominion Bank,US,금융,2026-08-14,124.36,1389100,2278645.0,2.0057,,88,60,55,58,68,1,HOLD,0.88,11,False,backfill
2026-08-16T12:53:51.927814+09:00,2026-08-16,APH,Amphenol Corporation,US,IT,2026-08-14,167.11,4481900,6673350.0,7.2629,,95,60,63,42,70,1,HOLD,1.01,12,False,backfill
2026-08-16T12:53:51.927814+09:00,2026-08-16,NVO,Novo Nordisk A/S,US,제약/바이오,2026-08-14,45.311,10853700,12911050.0,1.8189,,40,65,73,73,60,2,WATCH,0.32,4,False,backfill
2026-08-16T12:53:51.927814+09:00,2026-08-16,VZ,Verizon Communications Inc.,US,인터넷,2026-08-14,48.48,15062300,24499565.0,1.255,,91,65,60,84,75,2,WATCH,0.99,12,False,backfill
2026-08-16T12:53:51.927814+09:00,2026-08-16,SHOP,Shopify Inc.,US,IT,2026-08-14,154.32,5489400,11709180.0,7.9436,,88,60,60,35,66,1,HOLD,0.85,10,False,backfill
2026-08-16T12:53:51.927814+09:00,2026-08-16,TTE,TotalEnergies SE,US,에너지,2026-08-14,88.33,1294300,1515765.0,1.6679,,87,60,55,86,72,2,WATCH,0.72,9,False,backfill
2026-08-16T12:53:51.927814+09:00,2026-08-16,TMUS,"T-Mobile US, Inc.",US,인터넷,2026-08-14,182.61,2507200,4957295.0,5.4793,,72,65,58,74,67,2,WATCH,0.57,7,False,backfill
2026-08-16T12:53:51.927814+09:00,2026-08-16,MRVL,"Marvell Technology, Inc.",US,반도체,2026-08-14,222.02,14487800,21854525.0,16.485,,75,65,66,35,64,1,HOLD,0.77,9,False,backfill
2026-08-16T12:53:51.927814+09:00,2026-08-16,MCD,McDonald's Corporation,US,소비재,2026-08-14,272.83,2735400,4553400.0,5.8421,,65,60,55,50,59,0,HOLD,0.32,4,False,backfill
2026-08-16T12:53:51.927814+09:00,2026-08-16,SCHW,The Charles Schwab Corporation,US,금융,2026-08-14,111.09,5986000,7698630.0,1.9362,,77,60,50,58,63,1,HOLD,0.68,8,False,backfill
2026-08-16T12:53:51.927814+09:00,2026-08-16,ABT,Abbott Laboratories,US,제약/바이오,2026-08-14,111.25,5575400,9109025.0,2.7579,,78,65,63,58,68,1,HOLD,0.86,10,False,backfill
2026-08-16T12:53:51.927814+09:00,2026-08-16,PEP,"PepsiCo, Inc.",US,소매,2026-08-14,140.79,3867000,7243370.0,2.5964,,65,60,60,42,59,0,HOLD,0.3,4,False,backfill
2026-08-16T12:53:51.927814+09:00,2026-08-16,ADI,"Analog Devices, Inc.",US,반도체,2026-08-14,389.39,2115600,3746315.0,12.6822,,72,65,50,58,62,1,HOLD,0.35,4,False,backfill
2026-08-16T12:53:51.927814+09:00,2026-08-16,DIS,The Walt Disney Company,US,인터넷,2026-08-14,106.85,8176900,11563575.0,2.2643,,62,65,60,58,61,0,HOLD,0.47,6,False,backfill
2026-08-16T12:53:51.927814+09:00,2026-08-16,BA,The Boeing Company,US,산업재,2026-08-14,231.67,2649100,6095525.0,7.7993,,91,60,55,30,65,1,HOLD,0.69,8,False,backfill
2026-08-16T12:53:51.927814+09:00,2026-08-16,BLK,"BlackRock, Inc.",US,금융,2026-08-14,1173.73,514900,659660.0,23.8436,,76,60,60,58,65,1,HOLD,0.67,8,False,backfill
2026-08-16T12:53:51.927814+09:00,2026-08-16,NEE,"NextEra Energy, Inc.",US,유틸리티,2026-08-14,86.19,7238400,10390775.0,1.6871,,40,60,63,42,51,0,HOLD,-0.05,-1,False,backfill
2026-08-16T12:53:51.927814+09:00,2026-08-16,UBS,UBS Group AG,US,금융,2026-08-14,53.63,844400,1708740.0,0.8814,,69,60,73,66,68,1,HOLD,0.83,10,False,backfill
2026-08-16T12:53:51.927814+09:00,2026-08-16,WDC,Western Digital Corporation,US,IT,2026-08-14,508.8,9945800,8205185.0,48.4293,,69,60,45,66,60,0,HOLD,0.41,5,False,backfill
2026-08-16T12:53:51.927814+09:00,2026-08-16,ETN,Eaton Corporation plc,US,산업재,2026-08-14,451.51,1401000,2347160.0,18.3814,,91,60,70,37,70,2,WATCH,0.96,12,False,backfill
2026-08-16T12:53:51.927814+09:00,2026-08-16,UNP,Union Pacific Corporation,US,산업재,2026-08-14,293.68,2267900,3046850.0,5.7043,,47,60,60,37,52,0,HOLD,0.22,3,False,backfill
2026-08-16T12:53:51.927814+09:00,2026-08-16,QCOM,QUALCOMM Incorporated,US,반도체,2026-08-14,165.79,5807700,11554795.0,7.1407,,50,65,68,66,61,0,HOLD,0.15,2,False,backfill
2026-08-16T12:53:51.927814+09:00,2026-08-16,BX,Blackstone Inc.,US,금융,2026-08-14,143.93,3805100,5311575.0,4.9705,,88,60,60,50,68,1,HOLD,0.91,11,False,backfill
2026-08-16T12:53:51.927814+09:00,2026-08-16,GILD,"Gilead Sciences, Inc.",US,제약/바이오,2026-08-14,138.36,3407800,6736565.0,4.0536,,81,65,50,60,65,1,HOLD,0.67,8,False,backfill
2026-08-16T12:53:51.927814+09:00,2026-08-16,T,AT&T Inc.,US,인터넷,2026-08-14,24.89,27109300,67394035.0,0.6293,,73,65,45,78,64,2,WATCH,0.54,6,False,backfill
2026-08-16T12:53:51.927814+09:00,2026-08-16,WELL,Welltower Inc.,US,리츠,2026-08-14,235.52,1974000,3215270.0,6.0489,,44,60,66,38,53,0,HOLD,0.23,3,False,backfill
2026-08-16T12:53:51.927814+09:00,2026-08-16,TJX,"The TJX Companies, Inc.",US,소비재,2026-08-14,152.11,3929800,4874995.0,3.322,,41,60,50,37,47,0,HOLD,-0.05,-1,False,backfill
2026-08-16T12:53:51.927814+09:00,2026-08-16,DE,Deere & Company,US,산업재,2026-08-14,608.85,802300,1012425.0,16.8943,,43,60,60,58,54,0,HOLD,0.15,2,False,backfill
2026-08-16T12:53:51.927814+09:00,2026-08-16,BKNG,Booking Holdings Inc.,US,소비재,2026-08-14,212.06,4105500,5930925.0,7.7429,,73,60,48,66,62,1,HOLD,0.63,8,False,backfill
2026-08-16T12:53:51.927814+09:00,2026-08-16,CRM,"Salesforce, Inc.",US,IT,2026-08-14,196.21,8664800,12528865.0,8.4536,,84,60,42,66,64,1,HOLD,0.7,8,False,backfill
2026-08-16T12:53:51.927814+09:00,2026-08-16,IBKR,"Interactive Brokers Group, Inc.",US,금융,2026-08-14,92.06,2199400,4809655.0,3.1064,,69,60,85,58,70,1,HOLD,0.81,10,False,backfill
2026-08-16T12:53:51.927814+09:00,2026-08-16,BBVA,"Banco Bilbao Vizcaya Argentaria, S.A.",US,금융,2026-08-14,28.7,1896400,1691720.0,0.5436,,80,60,55,60,66,1,HOLD,0.78,9,False,backfill
2026-08-16T12:53:51.927814+09:00,2026-08-16,TBB,AT&T Inc. 5.35% GLB NTS 66,US,인터넷,2026-08-14,19.49,60300,116435.0,0.1289,,20,65,58,80,49,1,HOLD,-0.23,-3,False,backfill
2026-08-16T12:53:51.927814+09:00,2026-08-16,BUD,Anheuser-Busch InBev SA/NV,US,소매,2026-08-14,79.73,1280100,1856865.0,1.8164,,46,60,58,60,54,0,HOLD,0.13,2,False,backfill
2026-08-16T12:53:51.927814+09:00,2026-08-16,RIO,Rio Tinto Group,US,소재,2026-08-14,95.68,2187700,2525210.0,2.3484,,72,60,55,55,62,1,HOLD,0.31,4,False,backfill
2026-08-16T12:53:51.927814+09:00,2026-08-16,UBER,"Uber Technologies, Inc.",US,IT,2026-08-14,75.95,10195700,20728435.0,2.5974,,72,60,66,55,65,1,HOLD,0.58,7,False,backfill
2026-08-16T12:53:51.927814+09:00,2026-08-16,COP,ConocoPhillips,US,에너지,2026-08-14,125.94,5626200,6569830.0,3.6918,,84,60,45,68,65,1,HOLD,0.6,7,False,backfill
2026-08-16T12:53:51.927814+09:00,2026-08-16,SCCO,Southern Copper Corporation,US,소재,2026-08-14,184.61,896400,1139050.0,7.4557,,60,60,51,37,54,0,HOLD,0.19,2,False,backfill
2026-08-16T12:53:51.927814+09:00,2026-08-16,PFE,Pfizer Inc.,US,제약/바이오,2026-08-14,26.79,23174200,39503850.0,0.5929,,74,65,67,66,69,1,HOLD,0.78,9,False,backfill
2026-08-16T12:53:51.927814+09:00,2026-08-16,GLW,Corning Inc,US,IT,2026-08-14,165.99,8319600,13501025.0,12.1564,,72,60,70,35,63,2,WATCH,0.36,4,False,backfill
2026-08-16T12:53:51.927814+09:00,2026-08-16,SONY,Sony Group Corporation,US,IT,2026-08-14,24.29,5821900,5618490.0,0.615,,84,60,45,58,64,1,HOLD,0.64,8,False,backfill
2026-08-16T12:53:51.927814+09:00,2026-08-16,DHR,Danaher Corporation,US,제약/바이오,2026-08-14,202.45,2244400,6449445.0,6.2364,,96,65,60,58,73,1,HOLD,1.08,13,False,backfill
2026-08-16T12:53:51.927814+09:00,2026-08-16,LMT,Lockheed Martin Corporation,US,산업재,2026-08-14,608.68,862600,1251885.0,14.6986,,84,60,50,42,63,1,HOLD,0.72,9,False,backfill
2026-08-16T12:53:51.927814+09:00,2026-08-16,COF,Capital One Financial Corporation,US,금융,2026-08-14,226.54,2972600,3798935.0,4.813,,70,60,50,76,63,2,WATCH,0.64,8,False,backfill
2026-08-16T12:53:51.927814+09:00,2026-08-16,ISRG,"Intuitive Surgical, Inc.",US,제약/바이오,2026-08-14,394.51,1986200,3578375.0,10.5829,,70,65,50,50,60,1,HOLD,0.3,4,False,backfill
2026-08-16T12:53:51.927814+09:00,2026-08-16,UL,Unilever PLC,US,소매,2026-08-14,62.09,2007900,4599365.0,1.3701,,54,60,58,61,57,0,HOLD,0.37,4,False,backfill
2026-08-16T12:53:51.927814+09:00,2026-08-16,PH,Parker-Hannifin Corporation,US,산업재,2026-08-14,1055.85,331800,643585.0,29.0728,,91,60,60,45,69,1,HOLD,0.93,11,False,backfill
2026-08-16T12:53:51.927814+09:00,2026-08-16,CB,Chubb Limited,US,금융,2026-08-14,343.64,2433200,1874910.0,6.1007,,47,60,50,68,54,0,HOLD,0.19,2,False,backfill
2026-08-16T12:53:51.927814+09:00,2026-08-16,MFG,"Mizuho Financial Group, Inc.",US,금융,2026-08-14,10.87,1830400,3383275.0,0.2886,,88,60,58,68,70,1,HOLD,0.95,11,False,backfill
2026-08-16T12:53:51.927814+09:00,2026-08-16,PLD,"Prologis, Inc.",US,리츠,2026-08-14,141.03,2053500,5355580.0,2.7343,,48,60,58,45,53,0,HOLD,0.11,1,False,backfill
2026-08-16T12:53:51.927814+09:00,2026-08-16,BMY,Bristol-Myers Squibb Company,US,제약/바이오,2026-08-14,63.83,7529800,12246420.0,1.9014,,69,65,60,76,67,1,HOLD,0.75,9,False,backfill
2026-08-16T12:53:51.927814+09:00,2026-08-16,BMO,Bank of Montreal,US,금융,2026-08-14,185.81,481300,770950.0,3.0157,,82,60,63,58,68,1,HOLD,0.88,11,False,backfill
2026-08-16T12:53:51.927814+09:00,2026-08-16,SYK,Stryker Corporation,US,제약/바이오,2026-08-14,339.21,2800800,2287260.0,11.04,,55,65,53,58,57,0,HOLD,0.4,5,False,backfill
2026-08-16T12:53:51.927814+09:00,2026-08-16,VRTX,Vertex Pharmaceuticals Incorporated,US,제약/바이오,2026-08-14,505.75,1130500,1338115.0,16.215,,91,65,50,58,69,1,HOLD,0.87,10,False,backfill
2026-08-16T12:53:51.927814+09:00,2026-08-16,NOW,"ServiceNow, Inc.",US,IT,2026-08-14,124.0,15030800,25143200.0,6.6743,,78,60,50,35,60,1,HOLD,0.61,7,False,backfill
2026-08-16T12:53:51.927814+09:00,2026-08-16,NEM,Newmont Corporation,US,소재,2026-08-14,117.76,5578800,7338175.0,4.2993,,69,60,50,76,63,1,HOLD,0.54,6,False,backfill
2026-08-16T12:53:51.927814+09:00,2026-08-16,CVS,CVS Health Corp.,US,제약/바이오,2026-08-14,97.16,9439300,8386870.0,3.1329,,32,65,60,74,53,1,HOLD,0.07,1,False,backfill
2026-08-16T12:53:51.927814+09:00,2026-08-16,SPGI,S&P Global Inc.,US,금융,2026-08-14,418.8,1736900,2080540.0,11.2329,,44,60,63,50,54,0,HOLD,0.24,3,False,backfill
2026-08-16T12:53:51.927814+09:00,2026-08-16,BTI,British American Tobacco p.l.c.,US,소매,2026-08-14,57.06,4127900,3924165.0,1.4214,,28,60,55,60,47,0,HOLD,-0.27,-3,False,backfill
2026-08-16T12:53:51.927814+09:00,2026-08-16,SBUX,Starbucks Corporation,US,소비재,2026-08-14,107.69,3499100,7663360.0,2.9081,,84,60,50,43,63,1,HOLD,0.54,6,False,backfill
2026-08-16T12:53:51.927814+09:00,2026-08-16,LOW,"Lowe's Companies, Inc.",US,소비재,2026-08-14,218.47,1737000,2821640.0,5.5764,,72,60,60,50,63,1,HOLD,0.49,6,False,backfill
2026-08-16T12:53:51.927814+09:00,2026-08-16,PGR,The Progressive Corporation,US,금융,2026-08-14,209.6,2882600,2372420.0,4.6179,,29,60,45,73,47,1,HOLD,-0.1,-1,False,backfill
2026-08-16T12:53:51.927814+09:00,2026-08-16,PDD,PDD Holdings Inc.,US,소비재,2026-08-14,84.79,4733100,5617065.0,2.3536,,43,60,60,94,59,1,HOLD,0.08,1,False,backfill
2026-08-16T12:53:51.927814+09:00,2026-08-16,HDB,HDFC Bank Limited,US,금융,2026-08-14,23.37,5401000,9430685.0,0.3843,,28,60,60,52,48,0,HOLD,-0.2,-2,False,backfill
2026-08-16T12:53:51.927814+09:00,2026-08-16,FTNT,"Fortinet, Inc.",US,IT,2026-08-14,160.01,2861500,5460620.0,7.5136,,73,60,65,42,63,1,HOLD,0.72,9,False,backfill
2026-08-16T12:53:51.927814+09:00,2026-08-16,MDT,Medtronic plc,US,제약/바이오,2026-08-14,91.27,8245200,6832545.0,2.2636,,66,65,50,58,60,0,HOLD,0.56,7,False,backfill
2026-08-16T12:53:51.927814+09:00,2026-08-16,HWM,Howmet Aerospace Inc.,US,산업재,2026-08-14,289.18,1923000,2136920.0,8.8894,,62,60,58,43,58,0,HOLD,0.38,5,False,backfill
2026-08-16T12:53:51.927814+09:00,2026-08-16,PBR,Petróleo Brasileiro S.A. - Petrobras,US,에너지,2026-08-14,17.88,10872300,14768025.0,0.5164,,46,60,50,73,54,1,HOLD,-0.03,0,False,backfill
2026-08-16T12:53:51.927814+09:00,2026-08-16,CM,Canadian Imperial Bank of Commerce,US,금융,2026-08-14,123.74,637100,892925.0,2.1693,,88,60,55,60,68,1,HOLD,0.85,10,False,backfill
2026-08-16T12:53:51.927814+09:00,2026-08-16,SNOW,Snowflake Inc.,US,IT,2026-08-14,328.92,2583100,4909535.0,15.1642,,80,60,60,22,61,1,HOLD,0.7,8,False,backfill
2026-08-16T12:53:51.927814+09:00,2026-08-16,VRT,Vertiv Holdings Co,US,산업재,2026-08-14,293.84,3153600,6179700.0,19.06,,55,60,55,35,53,0,HOLD,-0.06,-1,False,backfill
2026-08-16T12:53:51.927814+09:00,2026-08-16,BNY,Bank of New York Mellon Corp,US,금융,2026-08-14,163.24,1924700,2837305.0,2.8107,,92,60,48,50,66,1,HOLD,0.84,10,False,backfill
2026-08-16T12:53:51.927814+09:00,2026-08-16,NET,"Cloudflare, Inc.",US,IT,2026-08-14,315.78,3026400,4057260.0,19.2707,,95,60,53,27,65,1,HOLD,0.85,10,False,backfill
2026-08-16T12:53:51.927814+09:00,2026-08-16,BNS,The Bank of Nova Scotia,US,금융,2026-08-14,91.54,1018600,2216115.0,1.3357,,88,60,60,68,71,1,HOLD,0.97,12,False,backfill
2026-08-16T12:53:51.927814+09:00,2026-08-16,BP,BP p.l.c.,US,에너지,2026-08-14,42.53,6482100,7668360.0,1.1471,,58,60,55,74,60,1,HOLD,0.28,3,False,backfill
2026-08-16T12:53:51.927814+09:00,2026-08-16,ENB,Enbridge Inc.,US,에너지,2026-08-14,50.91,9944600,5069030.0,0.9173,,17,60,60,37,42,0,AVOID,-0.43,-5,True,backfill
2026-08-16T12:53:51.927814+09:00,2026-08-16,MO,"Altria Group, Inc.",US,소매,2026-08-14,65.7,6250400,9340775.0,2.1336,,17,60,60,68,46,0,HOLD,-0.34,-4,False,backfill
2026-08-16T12:53:51.927814+09:00,2026-08-16,ABNB,"Airbnb, Inc.",US,소비재,2026-08-14,184.06,3766200,4957060.0,6.7193,,80,60,50,42,61,1,HOLD,0.66,8,False,backfill
2026-08-16T12:53:51.927814+09:00,2026-08-16,ADP,"Automatic Data Processing, Inc.",US,IT,2026-08-14,272.96,1457400,2432670.0,8.5971,,73,60,60,42,62,1,HOLD,0.67,8,False,backfill
2026-08-16T12:53:51.927814+09:00,2026-08-16,EQIX,"Equinix, Inc.",US,리츠,2026-08-14,1102.1,468700,611270.0,32.8871,,62,60,58,30,56,0,HOLD,0.29,3,False,backfill
2026-08-16T12:53:51.927814+09:00,2026-08-16,ACN,Accenture plc,US,IT,2026-08-14,176.89,6291000,6891135.0,8.785,,74,60,53,68,64,1,HOLD,0.58,7,False,backfill
2026-08-16T12:53:51.927814+09:00,2026-08-16,SOMN,The Southern Company,US,유틸리티,2026-08-14,49.16,5100,39420.0,0.6157,,12,60,45,50,37,0,AVOID,-0.56,-7,True,backfill
2026-08-16T12:53:51.927814+09:00,2026-08-16,GD,General Dynamics Corporation,US,산업재,2026-08-14,395.78,472300,1079720.0,7.7957,,69,60,48,50,58,0,HOLD,0.51,6,False,backfill
2026-08-16T12:53:51.927814+09:00,2026-08-16,SO,The Southern Company,US,유틸리티,2026-08-14,92.04,4185100,5440250.0,1.8936,,17,60,53,42,40,0,AVOID,-0.38,-5,True,backfill
2026-08-16T12:53:51.927814+09:00,2026-08-16,SOJE,Southern Company (The) Series 2,US,유틸리티,2026-08-14,16.19,31000,52605.0,0.1475,,20,60,48,50,41,0,AVOID,-0.44,-5,True,backfill
2026-08-16T12:53:51.927814+09:00,2026-08-16,IBN,ICICI Bank Limited,US,금융,2026-08-14,29.74,5051700,5924145.0,0.4486,,47,60,53,58,53,0,HOLD,0.29,3,False,backfill
2026-08-16T12:53:51.927814+09:00,2026-08-16,APP,AppLovin Corporation,US,IT,2026-08-14,315.44,5277800,7464070.0,23.498,,18,60,60,58,45,0,HOLD,-0.45,-5,False,backfill
2026-08-16T12:53:51.927814+09:00,2026-08-16,TT,Trane Technologies plc,US,산업재,2026-08-14,480.2,552700,1185265.0,15.5493,,65,60,63,50,61,0,HOLD,0.45,5,False,backfill
2026-08-16T12:53:51.927814+09:00,2026-08-16,SPOT,Spotify Technology S.A.,US,인터넷,2026-08-14,512.82,1366800,2041675.0,23.8273,,84,65,45,42,62,1,HOLD,0.7,8,False,backfill
2026-08-16T12:53:51.927814+09:00,2026-08-16,SNY,Sanofi,US,제약/바이오,2026-08-14,43.72,2719200,3394295.0,0.9007,,73,65,55,61,64,1,HOLD,0.54,6,False,backfill
2026-08-16T12:53:51.927814+09:00,2026-08-16,ADBE,Adobe Inc.,US,IT,2026-08-14,264.02,2876300,5142090.0,12.2979,,84,60,60,76,71,2,WATCH,0.83,10,False,backfill
2026-08-16T12:53:51.927814+09:00,2026-08-16,MPC,Marathon Petroleum Corporation,US,에너지,2026-08-14,355.42,2188100,2318345.0,12.7779,,92,60,55,68,71,1,HOLD,0.97,12,False,backfill
2026-08-16T12:53:51.927814+09:00,2026-08-16,PWR,"Quanta Services, Inc.",US,산업재,2026-08-14,685.78,694300,1113820.0,33.9171,,72,60,63,35,61,1,HOLD,0.32,4,False,backfill
2026-08-16T12:53:51.927814+09:00,2026-08-16,PNC,"The PNC Financial Services Group, Inc.",US,금융,2026-08-14,256.97,785300,1472920.0,3.53,,70,60,63,60,64,1,HOLD,0.72,9,False,backfill
2026-08-16T12:53:51.927814+09:00,2026-08-16,KKR,KKR & Co. Inc.,US,금융,2026-08-14,114.01,5838500,4888505.0,4.3722,,81,60,55,66,67,1,HOLD,0.81,10,False,backfill
2026-08-16T12:53:51.927814+09:00,2026-08-16,ING,ING Groep N.V.,US,금융,2026-08-14,35.7,1128200,2331865.0,0.6064,,80,60,50,60,64,1,HOLD,0.73,9,False,backfill
2026-08-16T12:53:51.927814+09:00,2026-08-16,SMFG,"Sumitomo Mitsui Financial Group, Inc.",US,금융,2026-08-14,26.32,951100,1625965.0,0.6193,,84,60,50,60,65,1,HOLD,0.78,9,False,backfill
2026-08-16T12:53:51.927814+09:00,2026-08-16,USB,U.S. Bancorp,US,금융,2026-08-14,65.42,4690000,7114740.0,0.9671,,70,60,73,60,67,2,WATCH,0.83,10,False,backfill
2026-08-16T12:53:51.927814+09:00,2026-08-16,MCK,McKesson Corporation,US,제약/바이오,2026-08-14,869.0,614200,999845.0,31.4921,,62,65,51,66,60,0,HOLD,0.54,6,False,backfill
2026-08-16T12:53:51.927814+09:00,2026-08-16,CEG,Constellation Energy Corporation,US,유틸리티,2026-08-14,282.5,2021300,2796515.0,10.4799,,81,60,53,45,63,1,HOLD,0.59,7,False,backfill
2026-08-16T12:53:51.927814+09:00,2026-08-16,CNQ,Canadian Natural Resources Limited,US,에너지,2026-08-14,47.97,8047900,6609225.0,1.3014,,87,60,53,73,69,2,WATCH,0.71,9,False,backfill
2026-08-16T12:53:51.927814+09:00,2026-08-16,GSK,GSK plc,US,제약/바이오,2026-08-14,49.52,3722700,4328670.0,1.2408,,31,65,45,63,47,0,HOLD,-0.18,-2,False,backfill
2026-08-16T12:53:51.927814+09:00,2026-08-16,VLO,Valero Energy Corporation,US,에너지,2026-08-14,341.67,1918800,2686395.0,12.1769,,82,60,55,63,67,1,HOLD,0.82,10,False,backfill
2026-08-16T12:53:51.927814+09:00,2026-08-16,BN,Brookfield Corporation,US,금융,2026-08-14,43.85,5523900,4679825.0,1.0757,,72,60,50,43,59,1,HOLD,0.25,3,False,backfill
2026-08-16T12:53:51.927814+09:00,2026-08-16,EQNR,Equinor ASA,US,에너지,2026-08-14,40.77,2054900,3613690.0,1.2613,,65,60,55,78,63,1,HOLD,0.49,6,False,backfill
2026-08-16T12:53:51.927814+09:00,2026-08-16,CME,CME Group Inc.,US,금융,2026-08-14,269.8,1717100,2244615.0,5.9714,,70,60,63,45,62,1,HOLD,0.35,4,False,backfill
2026-08-16T12:53:51.927814+09:00,2026-08-16,DUK,Duke Energy Corporation,US,유틸리티,2026-08-14,123.92,4124800,4707240.0,2.4876,,48,60,63,42,54,0,HOLD,0.17,2,False,backfill
2026-08-16T12:53:51.927814+09:00,2026-08-16,FCX,Freeport-McMoRan Inc.,US,소재,2026-08-14,66.49,8200200,13068355.0,2.6679,,91,60,55,53,68,1,HOLD,0.78,9,False,backfill
2026-08-16T12:53:51.927814+09:00,2026-08-16,BNH,Brookfield Finance Inc.,US,금융,2026-08-14,15.15,6300,30325.0,0.2004,,48,60,55,50,53,0,HOLD,0.08,1,False,backfill
2026-08-16T12:53:51.927814+09:00,2026-08-16,BCS,Barclays PLC,US,금융,2026-08-14,28.14,2114500,4618720.0,0.6654,,66,60,50,78,62,1,HOLD,0.59,7,False,backfill
2026-08-16T12:53:51.927814+09:00,2026-08-16,DASH,"DoorDash, Inc.",US,인터넷,2026-08-14,217.02,2626300,4153175.0,8.09,,73,65,50,38,59,1,HOLD,0.58,7,False,backfill
2026-08-16T12:53:51.927814+09:00,2026-08-16,INTU,Intuit Inc.,US,IT,2026-08-14,345.66,3226900,3658755.0,15.5486,,80,60,60,74,69,2,WATCH,0.52,6,False,backfill
2026-08-16T12:53:51.927814+09:00,2026-08-16,AEM,Agnico Eagle Mines Limited,US,소재,2026-08-14,186.46,2902200,2997105.0,7.5057,,62,60,55,55,58,0,HOLD,0.36,4,False,backfill
2026-08-16T12:53:51.927814+09:00,2026-08-16,MMM,3M Company,US,산업재,2026-08-14,182.65,2644600,3749810.0,3.7543,,73,60,58,58,64,1,HOLD,0.7,8,False,backfill
2026-08-16T12:53:51.927814+09:00,2026-08-16,PSX,Phillips 66,US,에너지,2026-08-14,233.61,2654200,2600120.0,7.5829,,77,60,50,60,63,1,HOLD,0.68,8,False,backfill
2026-08-16T12:53:51.927814+09:00,2026-08-16,MELI,"MercadoLibre, Inc.",US,소비재,2026-08-14,1844.58,270300,440095.0,67.5221,,47,60,72,42,56,1,HOLD,0.43,5,False,backfill
2026-08-16T12:53:51.927814+09:00,2026-08-16,BNJ,Brookfield Finance Inc. 4.50% P,US,금융,2026-08-14,15.09,10600,20995.0,0.1537,,43,60,55,50,51,0,HOLD,0.06,1,False,backfill
2026-08-16T12:53:51.927814+09:00,2026-08-16,JCI,Johnson Controls International plc,US,소재,2026-08-14,153.64,2245200,3464375.0,5.0714,,91,60,55,50,68,1,HOLD,0.79,9,False,backfill
2026-08-16T12:53:51.927814+09:00,2026-08-16,MAR,"Marriott International, Inc.",US,소비재,2026-08-14,356.72,880500,1722245.0,9.7436,,25,60,60,58,47,0,HOLD,-0.13,-2,False,backfill
2026-08-16T12:53:51.927814+09:00,2026-08-16,CSX,CSX Corporation,US,산업재,2026-08-14,50.16,5625300,13291140.0,0.9464,,44,60,45,58,50,0,HOLD,0.1,1,False,backfill
2026-08-16T12:53:51.927814+09:00,2026-08-16,CMCSA,Comcast Corporation,US,인터넷,2026-08-14,26.18,20010500,31102010.0,0.7679,,69,65,52,73,64,1,HOLD,0.57,7,False,backfill
2026-08-16T12:53:51.927814+09:00,2026-08-16,WMB,"The Williams Companies, Inc.",US,에너지,2026-08-14,75.2,6043300,6289930.0,1.7593,,69,60,63,42,61,0,HOLD,0.41,5,False,backfill
2026-08-16T12:53:51.927814+09:00,2026-08-16,MNST,Monster Beverage Corporation,US,소매,2026-08-14,46.82,7930700,6498525.0,5.3221,,10,60,73,34,42,1,AVOID,-0.5,-6,True,backfill
2026-08-16T12:53:51.927814+09:00,2026-08-16,EMR,Emerson Electric Co.,US,산업재,2026-08-14,163.17,2144400,3173195.0,4.9723,,91,60,55,58,69,1,HOLD,0.92,11,False,backfill
2026-08-16T12:53:51.927814+09:00,2026-08-16,DDOG,"Datadog, Inc.",US,IT,2026-08-14,255.46,4423300,5342175.0,18.9791,,51,60,63,35,54,0,HOLD,0.37,4,False,backfill
2026-08-16T12:53:51.927814+09:00,2026-08-16,LYG,Lloyds Banking Group plc,US,금융,2026-08-14,6.21,5368100,14889340.0,0.1291,,73,60,58,76,66,2,WATCH,0.77,9,False,backfill
2026-08-16T12:53:51.927814+09:00,2026-08-16,WM,"Waste Management, Inc.",US,산업재,2026-08-14,224.55,1524800,1950420.0,4.9786,,32,60,60,42,48,0,HOLD,-0.05,-1,False,backfill
2026-08-16T12:53:51.927814+09:00,2026-08-16,MRSH,"Marsh & McLennan Companies, Inc.",US,금융,2026-08-14,187.82,1113000,2480400.0,4.5707,,54,60,32,66,50,0,HOLD,0.19,2,False,backfill
2026-08-16T12:53:51.927814+09:00,2026-08-16,CDNS,"Cadence Design Systems, Inc.",US,IT,2026-08-14,324.82,2568300,2437345.0,12.0121,,28,60,60,35,45,0,HOLD,-0.27,-3,False,backfill
2026-08-16T12:53:51.927814+09:00,2026-08-16,UPS,"United Parcel Service, Inc.",US,산업재,2026-08-14,102.86,4264900,5659435.0,2.9009,,29,60,60,66,50,0,HOLD,0.04,0,False,backfill
2026-08-16T12:53:51.927814+09:00,2026-08-16,HCA,"HCA Healthcare, Inc.",US,제약/바이오,2026-08-14,404.68,936700,1408575.0,12.8029,,80,65,66,60,70,1,HOLD,0.65,8,False,backfill
2026-08-16T12:53:51.927814+09:00,2026-08-16,SHW,The Sherwin-Williams Company,US,소재,2026-08-14,359.1,1123200,2060980.0,10.2679,,74,60,60,50,63,1,HOLD,0.71,9,False,backfill
2026-08-16T12:53:51.927814+09:00,2026-08-16,CMI,Cummins Inc.,US,산업재,2026-08-14,631.26,578000,971855.0,25.7786,,25,60,70,58,50,1,HOLD,-0.18,-2,False,backfill
2026-08-16T12:53:51.927814+09:00,2026-08-16,ASX,"ASE Technology Holding Co., Ltd.",US,반도체,2026-08-14,39.54,5109400,8369740.0,2.1886,,76,65,55,37,62,1,HOLD,0.68,8,False,backfill
2026-08-16T12:53:51.927814+09:00,2026-08-16,ICE,"Intercontinental Exchange, Inc.",US,금융,2026-08-14,154.73,1634000,4115455.0,3.83,,80,60,50,50,62,1,HOLD,0.49,6,False,backfill
2026-08-16T12:53:51.927814+09:00,2026-08-16,ELV,Elevance Health Inc.,US,제약/바이오,2026-08-14,400.32,730800,1087395.0,10.9264,,69,65,73,68,69,1,HOLD,0.7,8,False,backfill
2026-08-16T12:53:51.927814+09:00,2026-08-16,BAM,Brookfield Asset Management Ltd.,US,금융,2026-08-14,54.31,2859200,2743375.0,1.6301,,69,60,61,42,61,0,HOLD,0.62,7,False,backfill
2026-08-16T12:53:51.927814+09:00,2026-08-16,HOOD,"Robinhood Markets, Inc.",US,금융,2026-08-14,95.56,14044600,17860150.0,4.7745,,73,60,60,42,62,1,HOLD,0.67,8,False,backfill
2026-08-16T12:53:51.927814+09:00,2026-08-16,EPD,Enterprise Products Partners L.P.,US,에너지,2026-08-14,38.9,7378800,3450150.0,0.7066,,84,60,55,60,67,1,HOLD,0.64,8,False,backfill
2026-08-16T12:53:51.927814+09:00,2026-08-16,MCO,Moody's Corporation,US,금융,2026-08-14,484.96,517900,849335.0,10.0599,,54,60,53,42,53,0,HOLD,0.23,3,False,backfill
2026-08-16T12:53:51.927814+09:00,2026-08-16,ITW,Illinois Tool Works Inc.,US,산업재,2026-08-14,290.81,1403900,1420920.0,7.3236,,69,60,60,42,60,0,HOLD,0.61,7,False,backfill
2026-08-16T12:53:51.927814+09:00,2026-08-16,NOC,Northrop Grumman Corporation,US,산업재,2026-08-14,585.87,599200,804760.0,12.6757,,71,60,45,45,57,1,HOLD,0.41,5,False,backfill
2026-08-16T12:53:51.927814+09:00,2026-08-16,CVNA,Carvana Co.,US,소비재,2026-08-14,75.59,5472300,10496135.0,4.0704,,71,60,48,42,58,1,HOLD,0.48,6,False,backfill
2026-08-16T12:53:51.927814+09:00,2026-08-16,REGN,"Regeneron Pharmaceuticals, Inc.",US,제약/바이오,2026-08-14,803.48,425600,836665.0,22.8693,,69,65,63,58,65,0,HOLD,0.69,8,False,backfill
2026-08-16T12:53:51.927814+09:00,2026-08-16,CP,Canadian Pacific Kansas City Ltd.,US,산업재,2026-08-14,93.5,2714700,2821785.0,2.0264,,84,60,63,58,69,1,HOLD,0.83,10,False,backfill
2026-08-16T12:53:51.927814+09:00,2026-08-16,AMT,American Tower Corporation,US,리츠,2026-08-14,175.58,1853100,2995940.0,5.7107,,72,60,60,42,62,1,HOLD,0.51,6,False,backfill
2026-08-16T12:53:51.927814+09:00,2026-08-16,RCL,Royal Caribbean Cruises Ltd.,US,소비재,2026-08-14,305.0,1424900,2169605.0,10.5029,,47,60,63,50,55,0,HOLD,0.36,4,False,backfill
2026-08-16T12:53:51.927814+09:00,2026-08-16,ITUB,Itaú Unibanco Holding S.A.,US,금융,2026-08-14,7.4,31065200,20538680.0,0.2185,,35,60,55,70,51,1,HOLD,-0.12,-1,False,backfill
2026-08-16T12:53:51.927814+09:00,2026-08-16,NGG,National Grid plc,US,유틸리티,2026-08-14,81.05,599600,722705.0,1.17,,45,60,55,42,51,0,HOLD,-0.04,0,False,backfill
2026-08-16T12:53:51.927814+09:00,2026-08-16,MDLZ,"Mondelez International, Inc.",US,소매,2026-08-14,63.61,4075600,8930945.0,1.7379,,91,60,63,58,71,1,HOLD,0.89,11,False,backfill
2026-08-16T12:53:51.927814+09:00,2026-08-16,APO,"Apollo Global Management, Inc.",US,금융,2026-08-14,140.76,2558900,3866795.0,5.1771,,81,60,58,58,66,1,HOLD,0.71,9,False,backfill
2026-08-16T12:53:51.927814+09:00,2026-08-16,SNPS,"Synopsys, Inc.",US,IT,2026-08-14,421.5,1242800,1784800.0,12.7929,,59,60,60,43,57,0,HOLD,0.08,1,False,backfill
2026-08-16T12:53:51.927814+09:00,2026-08-16,E,Eni S.p.A.,US,에너지,2026-08-14,55.28,342900,388305.0,1.3693,,87,60,50,60,66,1,HOLD,0.62,7,False,backfill
2026-08-16T12:53:51.927814+09:00,2026-08-16,NTES,"NetEase, Inc.",US,IT,2026-08-14,125.12,1062000,801100.0,3.1921,,54,60,58,68,58,0,HOLD,0.34,4,False,backfill
2026-08-16T12:53:51.927814+09:00,2026-08-16,CTAS,Cintas Corporation,US,산업재,2026-08-14,199.52,1612800,2215955.0,5.0737,,48,60,55,29,50,0,HOLD,0.22,3,False,backfill
2026-08-16T12:53:51.927814+09:00,2026-08-16,SLB,Slb N.V.,US,에너지,2026-08-14,53.77,9942300,12694845.0,1.7114,,87,60,60,58,69,1,HOLD,0.69,8,False,backfill
2026-08-16T12:53:51.927814+09:00,2026-08-16,FDX,FedEx Corporation,US,산업재,2026-08-14,334.64,1314900,1569945.0,7.2414,,63,60,56,58,60,0,HOLD,0.47,6,False,backfill
2026-08-16T12:53:51.927814+09:00,2026-08-16,ROST,"Ross Stores, Inc.",US,소비재,2026-08-14,245.36,1933700,2105865.0,4.7579,,47,60,55,42,51,0,HOLD,0.25,3,False,backfill
2026-08-16T12:53:51.927814+09:00,2026-08-16,GM,General Motors Company,US,소비재,2026-08-14,86.77,3493600,6980650.0,2.3421,,62,60,45,74,58,1,HOLD,0.47,6,False,backfill
2026-08-16T12:53:51.927814+09:00,2026-08-16,HPE,Hewlett Packard Enterprise Company,US,IT,2026-08-14,58.71,11762700,16314565.0,3.3734,,82,60,68,58,70,1,HOLD,0.93,11,False,backfill
2026-08-16T12:53:51.927814+09:00,2026-08-16,SU,Suncor Energy Inc.,US,에너지,2026-08-14,65.82,2992300,4743060.0,1.995,,65,60,53,63,60,0,HOLD,0.32,4,False,backfill
2026-08-16T12:53:51.927814+09:00,2026-08-16,ECL,Ecolab Inc.,US,소재,2026-08-14,276.11,767300,1227530.0,6.3493,,54,60,55,58,56,0,HOLD,0.35,4,False,backfill
2026-08-16T12:53:51.927814+09:00,2026-08-16,MSI,"Motorola Solutions, Inc.",US,IT,2026-08-14,466.51,833900,892790.0,14.2621,,81,60,50,50,63,1,HOLD,0.7,8,False,backfill
2026-08-16T12:53:51.927814+09:00,2026-08-16,TRV,"The Travelers Companies, Inc.",US,금융,2026-08-14,370.36,1222000,2036275.0,8.0993,,48,60,53,78,56,1,HOLD,0.37,4,False,backfill
2026-08-16T12:53:51.927814+09:00,2026-08-16,BSX,Boston Scientific Corporation,US,제약/바이오,2026-08-14,51.83,16297700,20290035.0,1.8793,,65,65,67,66,66,0,HOLD,0.53,6,False,backfill
2026-08-16T12:53:51.927814+09:00,2026-08-16,CNI,Canadian National Railway Company,US,산업재,2026-08-14,126.84,589400,1595710.0,2.0671,,47,60,63,50,55,0,HOLD,0.35,4,False,backfill
2026-08-16T12:53:51.927814+09:00,2026-08-16,EOG,"EOG Resources, Inc.",US,에너지,2026-08-14,142.61,1927900,2964310.0,4.35,,58,60,60,78,62,1,HOLD,0.42,5,False,backfill
2026-08-16T12:53:51.927814+09:00,2026-08-16,AON,Aon plc,US,금융,2026-08-14,355.83,704500,1311635.0,9.1632,,47,60,50,45,50,0,HOLD,0.2,2,False,backfill
2026-08-16T12:53:51.927814+09:00,2026-08-16,ORLY,"O'Reilly Automotive, Inc.",US,소비재,2026-08-14,91.05,3397600,6655025.0,2.3707,,73,60,48,50,59,1,HOLD,0.39,5,False,backfill
2026-08-16T12:53:51.927814+09:00,2026-08-16,NSC,Norfolk Southern Corporation,US,산업재,2026-08-14,334.41,984200,1274725.0,5.8503,,44,60,60,45,52,0,HOLD,0.18,2,False,backfill
2026-08-16T12:53:51.927814+09:00,2026-08-16,APOS,"Apollo Global Management, Inc.",US,금융,2026-08-14,25.56,16400,57470.0,0.1336,,40,60,58,50,51,0,HOLD,0.02,0,False,backfill
2026-08-16T12:53:51.927814+09:00,2026-08-16,CI,Cigna Corporation,US,제약/바이오,2026-08-14,282.56,895800,1873855.0,8.7679,,28,65,60,94,55,1,HOLD,-0.02,0,False,backfill
2026-08-16T12:53:51.927814+09:00,2026-08-16,MFC,Manulife Financial Corporation,US,금융,2026-08-14,44.46,967100,2214975.0,0.8521,,69,60,58,76,65,1,HOLD,0.67,8,False,backfill
2026-08-16T12:53:51.927814+09:00,2026-08-16,HON,Honeywell International Inc.,US,산업재,2026-08-14,233.96,2686400,3444815.0,6.6456,,40,60,42,65,48,0,HOLD,-0.06,-1,False,backfill
2026-08-16T12:53:51.927814+09:00,2026-08-16,DLR,"Digital Realty Trust, Inc.",US,리츠,2026-08-14,200.15,2369200,2747045.0,5.3336,,87,60,66,38,68,1,HOLD,0.77,9,False,backfill
2026-08-16T12:53:51.927814+09:00,2026-08-16,NU,Nu Holdings Ltd.,US,금융,2026-08-14,15.23,156384100,78982385.0,0.5823,,63,60,55,66,60,0,HOLD,0.56,7,False,backfill
2026-08-16T12:53:51.927814+09:00,2026-08-16,HLT,Hilton Worldwide Holdings Inc.,US,소비재,2026-08-14,327.21,1879300,2072205.0,8.4457,,65,60,55,50,59,0,HOLD,0.39,5,False,backfill
2026-08-16T12:53:51.927814+09:00,2026-08-16,CL,Colgate-Palmolive Company,US,소매,2026-08-14,91.95,3179700,4562525.0,2.4093,,43,60,58,50,52,0,HOLD,0.11,1,False,backfill
2026-08-16T12:53:51.927814+09:00,2026-08-16,SE,Sea Limited,US,소비재,2026-08-14,121.94,3362300,4948640.0,4.9354,,88,60,45,50,64,1,HOLD,0.75,9,False,backfill
2026-08-16T12:53:51.927814+09:00,2026-08-16,KMI,"Kinder Morgan, Inc.",US,에너지,2026-08-14,32.82,8663100,10465545.0,0.6348,,69,60,53,45,59,0,HOLD,0.33,4,False,backfill
2026-08-16T12:53:51.927814+09:00,2026-08-16,RACE,Ferrari N.V.,US,소비재,2026-08-14,414.85,291200,511500.0,8.9257,,80,60,60,37,64,1,HOLD,0.75,9,False,backfill
2026-08-16T12:53:51.927814+09:00,2026-08-16,DB,Deutsche Bank AG,US,금융,2026-08-14,38.56,1194100,1732635.0,0.6529,,80,60,63,88,72,2,WATCH,0.96,12,False,backfill
2026-08-16T12:53:51.927814+09:00,2026-08-16,ET,Energy Transfer LP,US,에너지,2026-08-14,21.05,6945200,9904120.0,0.3432,,73,60,68,68,68,1,HOLD,0.73,9,False,backfill
2026-08-16T12:53:51.927814+09:00,2026-08-16,LITE,Lumentum Holdings Inc.,US,IT,2026-08-14,926.14,4251900,5176460.0,89.0531,,72,60,60,50,63,1,HOLD,0.42,5,False,backfill
2026-08-16T12:53:51.927814+09:00,2026-08-16,URI,"United Rentals, Inc.",US,산업재,2026-08-14,1153.83,491400,522385.0,32.8023,,88,60,70,58,72,2,WATCH,1.04,12,False,backfill
2026-08-16T12:53:51.927814+09:00,2026-08-16,SPG,"Simon Property Group, Inc.",US,리츠,2026-08-14,219.58,976200,1420590.0,4.3243,,39,60,72,30,52,1,HOLD,0.22,3,False,backfill
2026-08-16T12:53:51.927814+09:00,2026-08-16,AMX,"América Móvil, S.A.B. de C.V.",US,인터넷,2026-08-14,23.45,3567500,2446355.0,0.655,,28,65,55,76,51,1,HOLD,-0.23,-3,False,backfill
2026-08-16T12:53:51.927814+09:00,2026-08-16,TDG,TransDigm Group Incorporated,US,산업재,2026-08-14,1256.9,438500,448265.0,39.0014,,47,60,46,53,50,0,HOLD,0.07,1,False,backfill
2026-08-16T12:53:51.927814+09:00,2026-08-16,WBD,"Warner Bros. Discovery, Inc.",US,인터넷,2026-08-14,27.99,12495700,23927385.0,0.5314,,54,65,53,38,54,0,HOLD,0.2,2,False,backfill
2026-08-16T12:53:51.927814+09:00,2026-08-16,TGT,Target Corporation,US,소매,2026-08-14,154.48,3615800,3474455.0,3.894,,80,60,50,50,62,1,HOLD,0.69,8,False,backfill
2026-08-16T12:53:51.927814+09:00,2026-08-16,B,Barrick Mining Corporation,US,소재,2026-08-14,41.6,8350700,10130615.0,1.725,,80,60,50,78,67,2,WATCH,0.63,8,False,backfill
2026-08-16T12:53:51.927814+09:00,2026-08-16,SATA,"Strive, Inc. Variable Rate Series A Perp",US,금융,2026-08-14,99.208,102400,128855.0,1.0128,,55,60,58,42,55,0,HOLD,0.23,3,False,backfill
2026-08-16T12:53:51.927814+09:00,2026-08-16,MPWR,"Monolithic Power Systems, Inc.",US,반도체,2026-08-14,1402.01,440300,852535.0,88.6907,,72,65,50,35,58,1,HOLD,0.2,2,False,backfill
2026-08-16T12:53:51.927814+09:00,2026-08-16,PCAR,PACCAR Inc,US,산업재,2026-08-14,130.79,1955000,3913950.0,3.8642,,57,60,45,58,54,0,HOLD,0.34,4,False,backfill
2026-08-16T12:53:51.927814+09:00,2026-08-16,APD,"Air Products and Chemicals, Inc.",US,소재,2026-08-14,308.97,474500,1032525.0,6.785,,84,60,60,42,66,1,HOLD,0.66,8,False,backfill
2026-08-16T12:53:51.927814+09:00,2026-08-16,AEP,"American Electric Power Company, Inc.",US,유틸리티,2026-08-14,125.6,2360200,3824160.0,2.695,,17,60,60,35,41,0,AVOID,-0.36,-4,True,backfill
2026-08-16T12:53:51.927814+09:00,2026-08-16,BE,Bloom Energy Corporation,US,산업재,2026-08-14,229.94,12235500,17418610.0,26.3786,,70,60,48,43,57,1,HOLD,0.1,1,False,backfill
2026-08-16T12:53:51.927814+09:00,2026-08-16,ALL,The Allstate Corporation,US,금융,2026-08-14,261.41,1544100,1682860.0,7.785,,51,60,48,73,55,1,HOLD,0.34,4,False,backfill
2026-08-16T12:53:51.927814+09:00,2026-08-16,TRP,TC Energy Corporation,US,에너지,2026-08-14,64.02,1631500,2405455.0,1.5993,,17,60,50,45,40,0,AVOID,-0.44,-5,True,backfill
2026-08-16T12:53:51.927814+09:00,2026-08-16,NBIS,Nebius Group N.V.,US,IT,2026-08-14,277.68,29024700,26825610.0,27.6781,,85,60,65,50,69,1,HOLD,0.92,11,False,backfill
2026-08-16T12:53:51.927814+09:00,2026-08-16,TFC,Truist Financial Corporation,US,금융,2026-08-14,53.1,6130800,6954165.0,0.8309,,88,60,66,60,72,1,HOLD,1.0,12,False,backfill
2026-08-16T12:53:51.927814+09:00,2026-08-16,RSG,"Republic Services, Inc.",US,산업재,2026-08-14,214.71,1038500,1391395.0,4.6414,,47,60,62,45,54,0,HOLD,0.22,3,False,backfill
2026-08-16T12:53:51.927814+09:00,2026-08-16,TER,"Teradyne, Inc.",US,반도체,2026-08-14,418.79,1842600,3581195.0,30.3736,,67,65,45,42,56,0,HOLD,0.46,6,False,backfill
2026-08-16T12:53:51.927814+09:00,2026-08-16,CRH,CRH plc,US,소재,2026-08-14,97.15,4332200,4676760.0,2.9621,,47,60,58,60,55,0,HOLD,0.01,0,False,backfill
2026-08-16T12:53:51.927814+09:00,2026-08-16,AJG,Arthur J. Gallagher & Co.,US,금융,2026-08-14,251.21,895800,1308335.0,8.8593,,51,60,63,58,57,0,HOLD,0.45,5,False,backfill
2026-08-16T12:53:51.927814+09:00,2026-08-16,BKR,Baker Hughes Company,US,에너지,2026-08-14,64.82,6692500,8732280.0,1.6883,,87,60,53,58,67,1,HOLD,0.67,8,False,backfill
2026-08-16T12:53:51.927814+09:00,2026-08-16,COHR,"Coherent, Inc.",US,IT,2026-08-14,325.83,8757800,6874490.0,37.83,,72,60,45,43,57,1,HOLD,0.1,1,False,backfill
2026-08-16T12:53:51.927814+09:00,2026-08-16,MET,"MetLife, Inc.",US,금융,2026-08-14,97.66,2171700,4027065.0,1.7466,,73,60,76,58,69,2,WATCH,0.89,11,False,backfill
2026-08-16T12:53:51.927814+09:00,2026-08-16,TEL,TE Connectivity plc,US,반도체,2026-08-14,216.23,1977400,2698085.0,6.9643,,84,65,63,66,71,1,HOLD,0.84,10,False,backfill
2026-08-16T12:53:51.927814+09:00,2026-08-16,GWW,"W.W. Grainger, Inc.",US,산업재,2026-08-14,1322.64,209600,297660.0,35.6948,,44,60,60,50,53,0,HOLD,0.18,2,False,backfill
2026-08-16T12:53:51.927814+09:00,2026-08-16,FIX,"Comfort Systems USA, Inc.",US,산업재,2026-08-14,1774.0601,375200,481360.0,104.2819,,53,60,48,50,52,0,HOLD,-0.08,-1,False,backfill
2026-08-16T12:53:51.927814+09:00,2026-08-16,AFL,Aflac Incorporated,US,금융,2026-08-14,121.45,1439300,1941330.0,2.1579,,47,60,45,68,52,0,HOLD,0.11,1,False,backfill
2026-08-16T12:53:51.927814+09:00,2026-08-16,NUE,Nucor Corporation,US,소재,2026-08-14,268.91,1164400,1396595.0,8.4371,,91,60,60,53,70,1,HOLD,0.96,12,False,backfill
2026-08-16T12:53:51.927814+09:00,2026-08-16,KEYS,"Keysight Technologies, Inc.",US,IT,2026-08-14,357.82,926800,1056345.0,13.1507,,69,60,63,42,61,0,HOLD,0.43,5,False,backfill
2026-08-16T12:53:51.927814+09:00,2026-08-16,COR,"Cencora, Inc.",US,제약/바이오,2026-08-14,313.82,1524200,1510980.0,10.1541,,59,65,70,58,63,1,HOLD,0.67,8,False,backfill
2026-08-16T12:53:51.927814+09:00,2026-08-16,WPM,Wheaton Precious Metals Corp.,US,소재,2026-08-14,134.21,1366700,1872660.0,5.0457,,65,60,60,50,60,0,HOLD,0.31,4,False,backfill
2026-08-16T12:53:51.927814+09:00,2026-08-16,PSA,Public Storage,US,리츠,2026-08-14,325.93,519300,1219940.0,7.975,,62,60,63,30,57,0,HOLD,0.38,5,False,backfill
2026-08-16T12:53:51.927814+09:00,2026-08-16,CIEN,Ciena Corporation,US,IT,2026-08-14,428.77,2519000,2144050.0,32.8564,,62,60,45,43,54,0,HOLD,-0.04,0,False,backfill
2026-08-16T12:53:51.927814+09:00,2026-08-16,D,"Dominion Energy, Inc.",US,유틸리티,2026-08-14,68.77,1951400,3463960.0,1.32,,42,60,60,50,52,0,HOLD,0.21,3,False,backfill
2026-08-16T12:53:51.927814+09:00,2026-08-16,MPLX,MPLX Lp,US,에너지,2026-08-14,59.48,1189300,1654285.0,1.2189,,91,60,55,55,69,1,HOLD,0.85,10,False,backfill
2026-08-16T12:53:51.927814+09:00,2026-08-16,NKE,"NIKE, Inc.",US,소비재,2026-08-14,40.73,23639800,20849650.0,1.14,,31,60,53,50,46,0,HOLD,-0.19,-2,False,backfill
2026-08-16T12:53:51.927814+09:00,2026-08-16,RELX,RELX Plc,US,산업재,2026-08-14,34.43,2296700,2809820.0,1.1573,,47,60,55,50,52,0,HOLD,0.16,2,False,backfill
2026-08-16T12:53:51.927814+09:00,2026-08-16,OKE,"ONEOK, Inc.",US,에너지,2026-08-14,94.99,2479100,3851400.0,2.4795,,88,60,55,60,68,1,HOLD,0.8,10,False,backfill
2026-08-16T12:53:51.927814+09:00,2026-08-16,GRMN,Garmin Ltd.,US,IT,2026-08-14,310.2,491100,1014725.0,11.3171,,88,60,48,45,64,1,HOLD,0.76,9,False,backfill
2026-08-16T12:53:51.927814+09:00,2026-08-16,TRGP,Targa Resources Corp.,US,에너지,2026-08-14,275.79,716200,1130945.0,7.9388,,64,60,63,42,60,0,HOLD,0.44,5,False,backfill
2026-08-16T12:53:51.927814+09:00,2026-08-16,NXPI,NXP Semiconductors N.V.,US,반도체,2026-08-14,234.71,2825200,4446905.0,10.4771,,37,65,73,66,58,1,HOLD,0.02,0,False,backfill
2026-08-16T12:53:51.927814+09:00,2026-08-16,DAL,"Delta Air Lines, Inc.",US,산업재,2026-08-14,89.35,4459900,5110530.0,2.4957,,73,60,55,76,65,2,WATCH,0.74,9,False,backfill
2026-08-16T12:53:51.927814+09:00,2026-08-16,FAST,Fastenal Company,US,산업재,2026-08-14,51.02,5095500,8063730.0,1.2864,,91,60,66,29,68,1,HOLD,0.94,11,False,backfill
2026-08-16T12:53:51.927814+09:00,2026-08-16,O,Realty Income Corporation,US,리츠,2026-08-14,62.74,3651700,5194045.0,1.1657,,32,60,63,42,48,0,HOLD,-0.02,0,False,backfill
2026-08-16T12:53:51.927814+09:00,2026-08-16,AME,"AMETEK, Inc.",US,산업재,2026-08-14,254.79,1577100,1221345.0,5.5879,,91,60,60,53,70,1,HOLD,0.9,11,False,backfill
2026-08-16T12:53:51.927814+09:00,2026-08-16,NOK,Nokia Oyj,US,IT,2026-08-14,10.76,68497100,90409030.0,0.5771,,59,60,60,43,57,0,HOLD,0.08,1,False,backfill
2026-08-16T12:53:51.927814+09:00,2026-08-16,VALE,Vale S.A.,US,소재,2026-08-14,13.63,20783000,22763535.0,0.351,,18,60,62,74,48,1,HOLD,-0.37,-4,False,backfill
2026-08-16T12:53:51.927814+09:00,2026-08-16,OXY,Occidental Petroleum Corporation,US,에너지,2026-08-14,58.36,6745100,8478710.0,1.7871,,87,60,65,76,73,2,WATCH,0.81,10,False,backfill
2026-08-16T12:53:51.927814+09:00,2026-08-16,CRWV,"CoreWeave, Inc. Class A Common Stock",US,IT,2026-08-14,105.26,33337900,32160590.0,9.2295,,59,60,60,42,57,0,HOLD,0.25,3,False,backfill
2026-08-16T12:53:51.927814+09:00,2026-08-16,F,Ford Motor Company,US,소비재,2026-08-14,14.37,49580800,53187520.0,0.4929,,62,60,68,57,63,0,HOLD,0.56,7,False,backfill
2026-08-16T12:53:51.927814+09:00,2026-08-16,CVE,Cenovus Energy Inc.,US,에너지,2026-08-14,31.01,6534500,7585140.0,1.0879,,84,60,53,68,68,1,HOLD,0.66,8,False,backfill
2026-08-16T12:53:51.927814+09:00,2026-08-16,FANG,"Diamondback Energy, Inc.",US,에너지,2026-08-14,202.47,986600,1833855.0,6.4755,,75,60,50,61,62,1,HOLD,0.46,6,False,backfill
2026-08-16T12:53:51.927814+09:00,2026-08-16,LNG,"Cheniere Energy, Inc.",US,에너지,2026-08-14,271.64,1181800,1648760.0,7.8566,,91,60,66,45,70,1,HOLD,0.97,12,False,backfill
2026-08-16T12:53:51.927814+09:00,2026-08-16,SRE,Sempra,US,유틸리티,2026-08-14,86.41,3421700,3674430.0,1.7936,,17,60,55,58,43,0,AVOID,-0.38,-5,True,backfill
2026-08-16T12:53:51.927814+09:00,2026-08-16,MT,ArcelorMittal S.A.,US,소재,2026-08-14,73.86,1105500,1423075.0,2.0115,,81,60,60,58,67,1,HOLD,0.84,10,False,backfill
2026-08-16T12:53:51.927814+09:00,2026-08-16,TAK,Takeda Pharmaceutical Company Limited,US,제약/바이오,2026-08-14,17.63,3137300,3986360.0,0.3514,,99,65,45,66,71,1,HOLD,0.89,11,False,backfill
2026-08-16T12:53:51.927814+09:00,2026-08-16,ALAB,"Astera Labs, Inc. Common Stock",US,반도체,2026-08-14,321.61,2523600,4565380.0,32.6293,,80,65,65,35,66,1,HOLD,0.83,10,False,backfill
2026-08-16T12:53:51.927814+09:00,2026-08-16,CAH,"Cardinal Health, Inc.",US,제약/바이오,2026-08-14,235.17,1687700,2064140.0,6.9529,,73,65,63,66,67,1,HOLD,0.82,10,False,backfill
2026-08-16T12:53:51.927814+09:00,2026-08-16,LHX,"L3Harris Technologies, Inc.",US,산업재,2026-08-14,291.82,1012100,1627070.0,9.1786,,65,60,55,58,60,0,HOLD,0.31,4,False,backfill
2026-08-16T12:53:51.927814+09:00,2026-08-16,NDAQ,"Nasdaq, Inc.",US,금융,2026-08-14,97.02,1328100,3252860.0,1.9393,,84,60,45,58,64,1,HOLD,0.63,8,False,backfill
2026-08-16T12:53:51.927814+09:00,2026-08-16,ADSK,"Autodesk, Inc.",US,IT,2026-08-14,251.66,1395300,2073265.0,10.0136,,74,60,75,66,70,2,WATCH,0.82,10,False,backfill
2026-08-16T12:53:51.927814+09:00,2026-08-16,STT,State Street Corporation,US,금융,2026-08-14,191.74,1125100,1718760.0,4.1871,,92,60,58,76,73,2,WATCH,1.03,12,False,backfill
2026-08-16T12:53:51.927814+09:00,2026-08-16,DEO,Diageo plc,US,소매,2026-08-14,95.44,623600,1364480.0,2.3529,,69,60,58,58,62,0,HOLD,0.65,8,False,backfill
2026-08-16T12:53:51.927814+09:00,2026-08-16,ARGX,argenx SE,US,제약/바이오,2026-08-14,851.29,278700,290180.0,24.3369,,25,65,50,50,44,0,AVOID,-0.18,-2,True,backfill
2026-08-16T12:53:51.927814+09:00,2026-08-16,PYPL,"PayPal Holdings, Inc.",US,금융,2026-08-14,61.66,15707800,12551160.0,1.5502,,48,60,50,78,56,1,HOLD,0.34,4,False,backfill
2026-08-16T12:53:51.927814+09:00,2026-08-16,EW,Edwards Lifesciences Corporation,US,제약/바이오,2026-08-14,91.6,2856500,4483010.0,2.1779,,61,65,53,50,58,0,HOLD,0.46,6,False,backfill
2026-08-16T12:53:51.927814+09:00,2026-08-16,FITB,Fifth Third Bancorp,US,금융,2026-08-14,58.06,5913300,5193770.0,1.0021,,73,60,42,58,59,1,HOLD,0.54,6,False,backfill
2026-08-16T12:53:51.927814+09:00,2026-08-16,HEI,HEICO Corporation,US,산업재,2026-08-14,374.67,477900,420050.0,9.6093,,95,60,60,27,67,1,HOLD,0.92,11,False,backfill
2026-08-16T12:53:51.927814+09:00,2026-08-16,WDAY,"Workday, Inc.",US,IT,2026-08-14,198.68,8192000,5211445.0,13.2993,,75,60,45,59,61,1,HOLD,0.6,7,False,backfill
2026-08-16T12:53:51.927814+09:00,2026-08-16,CARR,Carrier Global Corporation,US,산업재,2026-08-14,62.78,3153700,7125015.0,2.1994,,50,60,73,50,59,1,HOLD,0.28,3,False,backfill
2026-08-16T12:53:51.927814+09:00,2026-08-16,CTVA,"Corteva, Inc.",US,소재,2026-08-14,76.68,2336400,4671345.0,2.5998,,32,60,58,50,48,0,HOLD,-0.2,-2,False,backfill
2026-08-16T12:53:51.927814+09:00,2026-08-16,AMP,"Ameriprise Financial, Inc.",US,금융,2026-08-14,569.54,289900,489840.0,9.842,,58,60,48,68,57,0,HOLD,0.42,5,False,backfill
2026-08-16T12:53:51.927814+09:00,2026-08-16,BDX,"Becton, Dickinson and Company",US,제약/바이오,2026-08-14,183.4,1009000,1834650.0,4.8121,,80,65,50,66,66,1,HOLD,0.78,9,False,backfill
2026-08-16T12:53:51.927814+09:00,2026-08-16,WAB,Westinghouse Air Brake Technologies Corp,US,산업재,2026-08-14,299.02,1105400,1148265.0,6.3336,,72,60,40,50,57,1,HOLD,0.42,5,False,backfill
2026-08-16T12:53:51.927814+09:00,2026-08-16,ETR,Entergy Corporation,US,유틸리티,2026-08-14,107.84,1751900,2636770.0,2.5531,,25,60,63,50,47,0,HOLD,-0.19,-2,False,backfill
2026-08-16T12:53:51.927814+09:00,2026-08-16,ROK,"Rockwell Automation, Inc.",US,산업재,2026-08-14,447.99,454300,892395.0,16.0669,,28,60,60,42,46,0,HOLD,-0.17,-2,False,backfill
2026-08-16T12:53:51.927814+09:00,2026-08-16,VST,Vistra Corp.,US,유틸리티,2026-08-14,148.13,3040000,4535945.0,6.7444,,32,60,66,58,52,0,HOLD,0.1,1,False,backfill
2026-08-16T12:53:51.927814+09:00,2026-08-16,ELC,"Entergy Louisiana, LLC COLLATERAL TR MT",US,유틸리티,2026-08-14,19.77,7800,14630.0,0.0865,,31,60,58,50,48,0,HOLD,-0.15,-2,False,backfill
2026-08-16T12:53:51.927814+09:00,2026-08-16,CBRS,Cerebras Systems Inc.,US,반도체,2026-08-14,218.98,14649800,6639865.0,22.9986,,70,65,68,35,63,1,HOLD,0.32,4,False,backfill
2026-08-16T12:53:51.927814+09:00,2026-08-16,XEL,Xcel Energy Inc.,US,유틸리티,2026-08-14,79.17,2580900,4647145.0,1.62,,65,60,58,42,58,0,HOLD,0.33,4,False,backfill
2026-08-16T12:53:51.927814+09:00,2026-08-16,AXON,"Axon Enterprise, Inc.",US,산업재,2026-08-14,612.83,451800,957630.0,41.4271,,95,60,60,35,68,1,HOLD,0.95,11,False,backfill
2026-08-16T12:53:51.927814+09:00,2026-08-16,AZO,"AutoZone, Inc.",US,소비재,2026-08-14,3025.0,241300,156245.0,77.6314,,52,60,60,50,56,0,HOLD,0.05,1,False,backfill
2026-08-16T12:53:51.927814+09:00,2026-08-16,XYZ,"Block, Inc.",US,IT,2026-08-14,82.88,4281300,4983895.0,2.5906,,62,60,63,43,59,0,HOLD,0.55,7,False,backfill
2026-08-16T12:53:51.927814+09:00,2026-08-16,INFY,Infosys Limited,US,IT,2026-08-14,12.09,11033200,24317770.0,0.4164,,80,60,60,60,67,1,HOLD,0.69,8,False,backfill
2026-08-16T12:53:51.927814+09:00,2026-08-16,AU,AngloGold Ashanti plc,US,소재,2026-08-14,96.3,1211600,2609315.0,4.6414,,70,60,63,84,68,2,WATCH,0.55,7,False,backfill
2026-08-16T12:53:51.927814+09:00,2026-08-16,CRDO,Credo Technology Group Holding Ltd,US,반도체,2026-08-14,259.9,3384600,5004945.0,21.5904,,80,65,58,35,64,1,HOLD,0.76,9,False,backfill
2026-08-16T12:53:51.927814+09:00,2026-08-16,STM,STMicroelectronics N.V.,US,반도체,2026-08-14,54.29,4617500,10639775.0,2.5479,,47,65,70,51,58,1,HOLD,0.08,1,False,backfill
2026-08-16T12:53:51.927814+09:00,2026-08-16,PCG,PG&E Corporation,US,유틸리티,2026-08-14,17.84,22027500,26069775.0,0.5307,,70,60,66,68,66,1,HOLD,0.67,8,False,backfill
2026-08-16T12:53:51.927814+09:00,2026-08-16,UMC,United Microelectronics Corporation,US,반도체,2026-08-14,19.15,7176700,14455170.0,1.215,,54,65,55,66,58,0,HOLD,0.45,5,False,backfill
2026-08-16T12:53:51.927814+09:00,2026-08-16,CCEP,Coca-Cola Europacific Partners PLC,US,소매,2026-08-14,107.64,1280400,2083055.0,2.5043,,69,60,60,45,61,0,HOLD,0.62,7,False,backfill
2026-08-16T12:53:51.927814+09:00,2026-08-16,FERG,Ferguson plc,US,산업재,2026-08-14,244.94,1268200,4370825.0,9.0514,,92,60,63,50,71,1,HOLD,0.86,10,False,backfill
2026-08-16T12:53:51.927814+09:00,2026-08-16,ARES,Ares Management Corporation,US,금융,2026-08-14,144.02,2021300,2429320.0,5.6943,,84,60,60,35,65,1,HOLD,0.8,10,False,backfill
2026-08-16T12:53:51.927814+09:00,2026-08-16,EXC,Exelon Corporation,US,유틸리티,2026-08-14,45.86,3934900,8011130.0,1.0043,,25,60,60,52,47,0,HOLD,-0.11,-1,False,backfill
2026-08-16T12:53:51.927814+09:00,2026-08-16,HUM,Humana Inc.,US,제약/바이오,2026-08-14,389.05,761100,1390615.0,16.4257,,66,65,70,58,66,1,HOLD,0.77,9,False,backfill
2026-08-16T12:53:51.927814+09:00,2026-08-16,FLEX,Flex Ltd.,US,IT,2026-08-14,126.16,2391600,4669050.0,8.1871,,72,60,66,50,64,1,HOLD,0.43,5,False,backfill
2026-08-16T12:53:51.927814+09:00,2026-08-16,FER,Ferrovial SE,US,산업재,2026-08-14,64.13,926000,1580625.0,1.2475,,50,60,55,38,52,0,HOLD,0.0,0,False,backfill
2026-08-16T12:53:51.927814+09:00,2026-08-16,RKLB,"Rocket Lab USA, Inc.",US,산업재,2026-08-14,80.25,13900200,19324730.0,6.0901,,62,60,63,19,55,0,HOLD,0.07,1,False,backfill
2026-08-16T12:53:51.927814+09:00,2026-08-16,TTWO,"Take-Two Interactive Software, Inc.",US,IT,2026-08-14,246.95,1118900,2100215.0,8.6043,,80,60,53,37,61,1,HOLD,0.5,6,False,backfill
2026-08-16T12:53:51.927814+09:00,2026-08-16,EBAY,eBay Inc.,US,소비재,2026-08-14,103.14,2760500,4323425.0,4.0043,,28,60,48,50,44,0,AVOID,-0.37,-4,True,backfill
2026-08-16T12:53:51.927814+09:00,2026-08-16,TRI,Thomson Reuters Corporation,US,산업재,2026-08-14,103.61,1341800,2232955.0,6.3407,,66,60,50,58,59,0,HOLD,0.52,6,False,backfill
2026-08-16T12:53:51.927814+09:00,2026-08-16,FNV,Franco-Nevada Corporation,US,소재,2026-08-14,234.21,477600,788130.0,8.2021,,80,60,55,50,64,1,HOLD,0.51,6,False,backfill
2026-08-16T12:53:51.927814+09:00,2026-08-16,SLF,Sun Life Financial Inc.,US,금융,2026-08-14,81.37,409200,685605.0,1.3586,,47,60,55,50,52,0,HOLD,0.28,3,False,backfill
2026-08-16T12:53:51.927814+09:00,2026-08-16,IX,ORIX Corporation,US,금융,2026-08-14,40.16,281400,225225.0,0.8457,,62,60,67,70,64,1,HOLD,0.58,7,False,backfill
2026-08-16T12:53:51.927814+09:00,2026-08-16,VTR,"Ventas, Inc.",US,리츠,2026-08-14,91.52,3000700,3413685.0,2.8793,,40,60,65,43,52,0,HOLD,0.09,1,False,backfill
2026-08-16T12:53:51.927814+09:00,2026-08-16,NTRA,"Natera, Inc.",US,제약/바이오,2026-08-14,309.93,1273700,1302235.0,14.6237,,85,65,58,50,68,1,HOLD,0.88,11,False,backfill
2026-08-16T12:53:51.927814+09:00,2026-08-16,CBRE,"CBRE Group, Inc.",US,리츠,2026-08-14,152.86,950600,1722460.0,4.8236,,84,60,58,58,68,1,HOLD,0.77,9,False,backfill
2026-08-16T12:53:51.927814+09:00,2026-08-16,WDS,Woodside Energy Group Ltd,US,에너지,2026-08-14,23.17,442200,695285.0,0.5971,,65,60,55,60,60,0,HOLD,0.38,5,False,backfill
2026-08-16T12:53:51.927814+09:00,2026-08-16,ODFL,"Old Dominion Freight Line, Inc.",US,산업재,2026-08-14,210.97,1469900,1774565.0,7.4893,,29,60,60,42,46,0,HOLD,-0.01,0,False,backfill
2026-08-16T12:53:51.927814+09:00,2026-08-16,LYV,"Live Nation Entertainment, Inc.",US,인터넷,2026-08-14,188.46,1162900,2136940.0,5.0386,,78,65,60,22,62,1,HOLD,0.69,8,False,backfill
2026-08-16T12:53:51.927814+09:00,2026-08-16,VIK,Viking Holdings Ltd,US,소비재,2026-08-14,97.99,5288100,2202785.0,3.5164,,50,60,55,50,54,0,HOLD,0.32,4,False,backfill
2026-08-16T12:53:51.927814+09:00,2026-08-16,IDXX,"IDEXX Laboratories, Inc.",US,제약/바이오,2026-08-14,550.96,530300,613860.0,21.195,,46,65,60,37,53,0,HOLD,0.15,2,False,backfill
2026-08-16T12:53:51.927814+09:00,2026-08-16,PRU,"Prudential Financial, Inc.",US,금융,2026-08-14,125.13,1211300,1954220.0,2.6836,,70,60,63,94,70,2,WATCH,0.84,10,False,backfill
2026-08-16T12:53:51.927814+09:00,2026-08-16,PAYX,"Paychex, Inc.",US,산업재,2026-08-14,122.02,1670500,2980215.0,3.9714,,73,60,50,50,60,1,HOLD,0.59,7,False,backfill
2026-08-16T12:53:51.927814+09:00,2026-08-16,RVMD,"Revolution Medicines, Inc.",US,제약/바이오,2026-08-14,203.71,784200,1712915.0,7.2983,,90,65,63,42,70,1,HOLD,0.97,12,False,backfill
2026-08-16T12:53:51.927814+09:00,2026-08-16,ABEV,Ambev S.A.,US,소매,2026-08-14,2.8,38427600,30027905.0,0.0757,,20,60,58,68,47,0,HOLD,-0.35,-4,False,backfill
2026-08-16T12:53:51.927814+09:00,2026-08-16,BSBR,Banco Santander (Brasil) S.A.,US,금융,2026-08-14,5.77,7281100,4127080.0,0.1857,,88,60,45,86,69,2,WATCH,0.73,9,False,backfill
2026-08-16T12:53:51.927814+09:00,2026-08-16,MCHP,Microchip Technology Incorporated,US,반도체,2026-08-14,79.17,8246400,11111100.0,4.4136,,55,65,60,51,58,0,HOLD,0.08,1,False,backfill
2026-08-16T12:53:51.927814+09:00,2026-08-16,CMG,"Chipotle Mexican Grill, Inc.",US,소비재,2026-08-14,33.5,14701500,19432165.0,1.5514,,43,60,58,50,52,0,HOLD,0.09,1,False,backfill
2026-08-16T12:53:51.927814+09:00,2026-08-16,TEVA,Teva Pharmaceutical Industries Limited,US,제약/바이오,2026-08-14,36.77,2332500,5871970.0,1.1786,,72,65,50,51,61,1,HOLD,0.44,5,False,backfill
2026-08-16T12:53:51.927814+09:00,2026-08-16,KDP,Keurig Dr Pepper Inc.,US,소매,2026-08-14,31.44,13701800,12927585.0,1.0864,,76,60,66,66,68,1,HOLD,0.78,9,False,backfill
2026-08-16T12:53:51.927814+09:00,2026-08-16,HLN,Haleon plc,US,제약/바이오,2026-08-14,9.7,3292200,10753630.0,0.2072,,47,65,55,58,55,0,HOLD,0.24,3,False,backfill
2026-08-16T12:53:51.927814+09:00,2026-08-16,TEAM,Atlassian Corporation,US,IT,2026-08-14,162.22,4191000,5458360.0,9.9068,,70,60,60,42,61,1,HOLD,0.63,8,False,backfill
2026-08-16T12:53:51.927814+09:00,2026-08-16,CCJ,Cameco Corporation,US,에너지,2026-08-14,97.74,2170500,3381505.0,3.7257,,72,60,60,35,60,1,HOLD,0.31,4,False,backfill
2026-08-16T12:53:51.927814+09:00,2026-08-16,KB,KB Financial Group Inc.,US,금융,2026-08-14,119.95,124200,248830.0,3.2364,,62,60,55,78,62,1,HOLD,0.58,7,False,backfill
2026-08-16T12:53:51.927814+09:00,2026-08-16,A,"Agilent Technologies, Inc.",US,제약/바이오,2026-08-14,148.53,983100,1765885.0,3.2707,,80,65,60,58,68,1,HOLD,0.86,10,False,backfill
2026-08-16T12:53:51.927814+09:00,2026-08-16,WCN,"Waste Connections, Inc.",US,산업재,2026-08-14,166.29,717300,1345705.0,3.808,,47,60,53,50,52,0,HOLD,0.2,2,False,backfill
2026-08-16T12:53:51.927814+09:00,2026-08-16,RKT,"Rocket Companies, Inc.",US,금융,2026-08-14,14.76,18904300,29160130.0,0.8389,,73,60,60,60,65,1,HOLD,0.67,8,False,backfill
2026-08-16T12:53:51.927814+09:00,2026-08-16,DHI,"D.R. Horton, Inc.",US,소비재,2026-08-14,148.81,1460400,2626625.0,4.6168,,65,60,68,68,65,0,HOLD,0.59,7,False,backfill
2026-08-16T12:53:51.927814+09:00,2026-08-16,MSCI,MSCI Inc.,US,금융,2026-08-14,569.13,534000,831750.0,12.7474,,35,60,63,50,51,0,HOLD,0.0,0,False,backfill
2026-08-16T12:53:51.927814+09:00,2026-08-16,HMC,"Honda Motor Co., Ltd.",US,소비재,2026-08-14,31.58,756700,1186895.0,0.6771,,85,60,58,63,69,1,HOLD,0.89,11,False,backfill
2026-08-16T12:53:51.927814+09:00,2026-08-16,YUM,"Yum! Brands, Inc.",US,소비재,2026-08-14,148.11,1726400,2476500.0,5.0764,,28,60,53,50,45,0,HOLD,-0.21,-3,False,backfill
2026-08-16T12:53:51.927814+09:00,2026-08-16,JD,"JD.com, Inc.",US,소비재,2026-08-14,29.06,14497300,9313670.0,0.9036,,43,60,63,66,56,0,HOLD,0.04,0,False,backfill
2026-08-16T12:53:51.927814+09:00,2026-08-16,UAL,"United Airlines Holdings, Inc.",US,산업재,2026-08-14,125.34,3384800,3531985.0,4.2886,,73,60,60,73,66,2,WATCH,0.78,9,False,backfill
2026-08-16T12:53:51.927814+09:00,2026-08-16,NTAP,"NetApp, Inc.",US,IT,2026-08-14,207.08,2338400,2357445.0,7.9521,,77,60,45,50,60,1,HOLD,0.6,7,False,backfill
2026-08-16T12:53:51.927814+09:00,2026-08-16,AIG,"American International Group, Inc.",US,금융,2026-08-14,76.64,2812400,3224435.0,1.535,,43,60,55,94,58,1,HOLD,0.2,2,False,backfill
2026-08-16T12:53:51.927814+09:00,2026-08-16,PFH,"Prudential Financial, Inc. 4.125% Junior",US,금융,2026-08-14,15.45,24100,33680.0,0.1336,,20,60,58,50,44,0,AVOID,-0.34,-4,True,backfill
2026-08-16T12:53:51.927814+09:00,2026-08-16,ROP,"Roper Technologies, Inc.",US,IT,2026-08-14,399.34,929500,870825.0,13.0843,,66,60,60,68,63,0,HOLD,0.66,8,False,backfill
2026-08-16T12:53:51.927814+09:00,2026-08-16,FMX,"Fomento Económico Mexicano, S.A.B. de C.",US,소매,2026-08-14,118.27,440500,514640.0,4.075,,43,60,60,53,53,0,HOLD,0.03,0,False,backfill
2026-08-16T12:53:51.927814+09:00,2026-08-16,ED,"Consolidated Edison, Inc.",US,유틸리티,2026-08-14,108.8,1323500,2311540.0,2.1757,,40,60,65,52,53,0,HOLD,0.13,2,False,backfill
2026-08-16T12:53:51.927814+09:00,2026-08-16,SYY,Sysco Corporation,US,소매,2026-08-14,82.99,2767900,3634030.0,2.0721,,47,60,73,50,58,1,HOLD,0.46,6,False,backfill
2026-08-16T12:53:51.927814+09:00,2026-08-16,VEEV,Veeva Systems Inc.,US,IT,2026-08-14,243.75,1426100,1709460.0,9.23,,68,60,70,50,64,1,HOLD,0.73,9,False,backfill
2026-08-16T12:53:51.927814+09:00,2026-08-16,P,"Everpure, Inc.",US,산업재,2026-08-14,118.16,3544100,2799980.0,6.1349,,77,60,45,35,58,1,HOLD,0.54,6,False,backfill
2026-08-16T12:53:51.927814+09:00,2026-08-16,COIN,"Coinbase Global, Inc.",US,금융,2026-08-14,148.47,7265300,7795845.0,8.6393,,15,60,53,45,40,0,AVOID,-0.61,-7,True,backfill
2026-08-16T12:53:51.927814+09:00,2026-08-16,IQV,IQVIA Holdings Inc.,US,제약/바이오,2026-08-14,236.66,905600,1479320.0,9.8343,,73,65,45,74,63,2,WATCH,0.66,8,False,backfill
2026-08-16T12:53:51.927814+09:00,2026-08-16,ADM,Archer-Daniels-Midland Company,US,소매,2026-08-14,80.45,2065600,4038390.0,2.4807,,43,60,63,58,55,0,HOLD,0.13,2,False,backfill
2026-08-16T12:53:51.927814+09:00,2026-08-16,CLS,Celestica Inc.,US,IT,2026-08-14,335.05,2443400,3408850.0,28.4436,,73,60,63,50,64,1,HOLD,0.44,5,False,backfill
2026-08-16T12:53:51.927814+09:00,2026-08-16,CCL,Carnival Corporation & plc,US,소비재,2026-08-14,28.12,15049700,18423860.0,0.9478,,76,60,55,68,65,1,HOLD,0.75,9,False,backfill
2026-08-16T12:53:51.927814+09:00,2026-08-16,IRM,Iron Mountain Incorporated,US,리츠,2026-08-14,129.43,874600,1816735.0,4.4586,,62,60,50,35,54,0,HOLD,0.23,3,False,backfill
2026-08-16T12:53:51.927814+09:00,2026-08-16,EXPE,"Expedia Group, Inc.",US,소비재,2026-08-14,332.69,1334000,1647485.0,14.1921,,80,60,55,58,65,1,HOLD,0.77,9,False,backfill
2026-08-16T12:53:51.927814+09:00,2026-08-16,JBL,Jabil Inc.,US,IT,2026-08-14,363.1,1049500,1059700.0,17.01,,72,60,60,50,63,1,HOLD,0.53,6,False,backfill
2026-08-16T12:53:51.927814+09:00,2026-08-16,NWG,NatWest Group plc,US,금융,2026-08-14,19.1,2919000,3892375.0,0.3916,,95,60,55,70,72,2,WATCH,1.02,12,False,backfill
2026-08-16T12:53:51.927814+09:00,2026-08-16,PEG,Public Service Enterprise Group Incorpor,US,유틸리티,2026-08-14,76.04,1434200,2800635.0,1.43,,17,60,50,45,40,0,AVOID,-0.42,-5,True,backfill
2026-08-16T12:53:51.927814+09:00,2026-08-16,HIG,"The Hartford Insurance Group, Inc.",US,금융,2026-08-14,138.02,895300,1639940.0,2.6779,,46,60,58,86,58,1,HOLD,0.28,3,False,backfill
2026-08-16T12:53:51.927814+09:00,2026-08-16,VOD,Vodafone Group Public Limited Company,US,인터넷,2026-08-14,16.42,2462500,4385315.0,0.3757,,91,65,55,86,74,2,WATCH,1.0,12,False,backfill
2026-08-16T12:53:51.927814+09:00,2026-08-16,HSY,The Hershey Company,US,소매,2026-08-14,184.22,933200,1589650.0,4.036,,80,60,50,50,62,1,HOLD,0.46,6,False,backfill
2026-08-16T12:53:51.927814+09:00,2026-08-16,ONC,BeOne Medicines AG,US,제약/바이오,2026-08-14,347.48,382900,408905.0,9.656,,92,65,48,43,66,1,HOLD,0.78,9,False,backfill
2026-08-16T12:53:51.927814+09:00,2026-08-16,MDB,"MongoDB, Inc.",US,IT,2026-08-14,460.33,1576300,1458350.0,21.8316,,77,60,50,27,58,1,HOLD,0.57,7,False,backfill
2026-08-16T12:53:51.927814+09:00,2026-08-16,EME,"EMCOR Group, Inc.",US,산업재,2026-08-14,836.29,288900,427055.0,37.2986,,72,60,55,50,61,1,HOLD,0.3,4,False,backfill
2026-08-16T12:53:51.927814+09:00,2026-08-16,KVUE,Kenvue Inc.,US,소매,2026-08-14,19.2,10361700,19271345.0,0.5097,,62,60,60,66,62,0,HOLD,0.57,7,False,backfill
2026-08-16T12:53:51.927814+09:00,2026-08-16,MTB,M&T Bank Corporation,US,금융,2026-08-14,254.09,580500,1000760.0,3.7836,,73,60,45,60,60,1,HOLD,0.57,7,False,backfill
2026-08-16T12:53:51.927814+09:00,2026-08-16,ESLT,Elbit Systems Ltd.,US,산업재,2026-08-14,783.62,82600,82640.0,25.7093,,43,60,55,29,48,0,HOLD,-0.08,-1,False,backfill
2026-08-16T12:53:51.927814+09:00,2026-08-16,STLD,"Steel Dynamics, Inc.",US,소재,2026-08-14,255.77,891000,1152655.0,8.5943,,91,60,53,53,68,1,HOLD,0.82,10,False,backfill
2026-08-16T12:53:51.927814+09:00,2026-08-16,KMB,Kimberly-Clark Corporation,US,소매,2026-08-14,110.39,1739000,3395780.0,3.3964,,62,60,60,50,59,0,HOLD,0.54,6,False,backfill
2026-08-16T12:53:51.927814+09:00,2026-08-16,VMC,Vulcan Materials Company,US,소재,2026-08-14,282.0,658100,1076235.0,8.2219,,38,60,63,58,53,0,HOLD,0.08,1,False,backfill
2026-08-16T12:53:51.927814+09:00,2026-08-16,ALC,Alcon Inc.,US,제약/바이오,2026-08-14,74.25,1158300,2262510.0,1.7782,,74,65,60,50,64,1,HOLD,0.75,9,False,backfill
2026-08-16T12:53:51.927814+09:00,2026-08-16,HBAN,Huntington Bancshares Incorporated,US,금융,2026-08-14,17.91,16058200,27278035.0,0.3064,,91,60,42,68,67,1,HOLD,0.82,10,False,backfill
2026-08-16T12:53:51.927814+09:00,2026-08-16,TWLO,Twilio Inc.,US,IT,2026-08-14,238.2,2797800,2470095.0,14.3524,,85,60,60,58,68,1,HOLD,0.89,11,False,backfill
2026-08-16T12:53:51.927814+09:00,2026-08-16,GFI,Gold Fields Limited,US,소재,2026-08-14,40.24,2008100,3503850.0,1.7314,,65,60,60,65,62,0,HOLD,0.3,4,False,backfill
2026-08-16T12:53:51.927814+09:00,2026-08-16,WEC,"WEC Energy Group, Inc.",US,유틸리티,2026-08-14,110.52,1796900,2412895.0,2.194,,53,60,53,42,53,0,HOLD,0.12,1,False,backfill
2026-08-16T12:53:51.927814+09:00,2026-08-16,SHG,"Shinhan Financial Group Co., Ltd.",US,금융,2026-08-14,75.36,105500,223360.0,2.0529,,88,60,50,75,69,2,WATCH,0.89,11,False,backfill
2026-08-16T12:53:51.927814+09:00,2026-08-16,EC,Ecopetrol S.A.,US,에너지,2026-08-14,17.17,1864200,2120910.0,0.6307,,95,60,55,96,76,2,WATCH,1.11,13,False,backfill
2026-08-16T12:53:51.927814+09:00,2026-08-16,PPLC,PPL Corporation,US,유틸리티,2026-08-14,47.5,7800,343545.0,0.6112,,53,60,55,50,55,0,HOLD,0.17,2,False,backfill
2026-08-16T12:53:51.927814+09:00,2026-08-16,BIDU,"Baidu, Inc.",US,인터넷,2026-08-14,103.67,2747800,1907455.0,3.005,,21,65,60,86,51,1,HOLD,-0.27,-3,False,backfill
2026-08-16T12:53:51.927814+09:00,2026-08-16,NTRS,Northern Trust Corporation,US,금융,2026-08-14,191.41,599300,1189370.0,3.7314,,81,60,55,60,66,1,HOLD,0.79,9,False,backfill
2026-08-16T12:53:51.927814+09:00,2026-08-16,SUNB,Sunbelt Rentals Holdings Inc,US,산업재,2026-08-14,84.8,2535600,1936975.0,2.8986,,66,60,48,66,59,0,HOLD,0.53,6,False,backfill
2026-08-16T12:53:51.927814+09:00,2026-08-16,RJF,"Raymond James Financial, Inc.",US,금융,2026-08-14,180.81,1007800,1099530.0,3.46,,59,60,55,68,59,0,HOLD,0.51,6,False,backfill
2026-08-16T12:53:51.927814+09:00,2026-08-16,KR,The Kroger Co.,US,소매,2026-08-14,56.69,3700200,6114130.0,1.4298,,50,60,63,66,58,0,HOLD,0.07,1,False,backfill
2026-08-16T12:53:51.927814+09:00,2026-08-16,PUK,Prudential plc,US,금융,2026-08-14,27.88,689300,1099485.0,0.7371,,40,60,55,78,54,1,HOLD,-0.05,-1,False,backfill
2026-08-16T12:53:51.927814+09:00,2026-08-16,UI,Ubiquiti Inc.,US,IT,2026-08-14,572.8,59400,83410.0,18.4286,,52,60,55,42,53,0,HOLD,-0.08,-1,False,backfill
2026-08-16T12:53:51.927814+09:00,2026-08-16,ACGL,Arch Capital Group Ltd.,US,금융,2026-08-14,98.71,1000100,1801315.0,2.3086,,44,60,45,78,53,1,HOLD,0.11,1,False,backfill
2026-08-16T12:53:51.927814+09:00,2026-08-16,RDDT,"Reddit, Inc.",US,인터넷,2026-08-14,178.09,21500400,7022975.0,12.2519,,77,65,60,42,64,1,HOLD,0.73,9,False,backfill
2026-08-16T12:53:51.927814+09:00,2026-08-16,VG,"Venture Global, Inc.",US,에너지,2026-08-14,13.99,13465000,15779780.0,0.7964,,87,60,48,70,67,2,WATCH,0.62,7,False,backfill
2026-08-16T12:53:51.927814+09:00,2026-08-16,EQT,EQT Corporation,US,에너지,2026-08-14,54.42,5161500,6961100.0,1.3231,,80,60,55,68,67,1,HOLD,0.57,7,False,backfill
2026-08-16T12:53:51.927814+09:00,2026-08-16,DXCM,"DexCom, Inc.",US,제약/바이오,2026-08-14,89.75,3858900,5386290.0,3.2143,,80,65,50,42,62,1,HOLD,0.7,8,False,backfill
2026-08-16T12:53:51.927814+09:00,2026-08-16,ERIC,Telefonaktiebolaget LM Ericsson (publ),US,IT,2026-08-14,10.27,11412800,12576895.0,0.2271,,52,60,50,78,57,1,HOLD,-0.0,0,False,backfill
2026-08-16T12:53:51.927814+09:00,2026-08-16,CQP,"Cheniere Energy Partners, L.P.",US,에너지,2026-08-14,69.05,139200,132055.0,2.3293,,88,60,53,55,67,1,HOLD,0.8,10,False,backfill
2026-08-16T12:53:51.927814+09:00,2026-08-16,CNC,Centene Corp.,US,제약/바이오,2026-08-14,67.47,2267800,5069230.0,3.0957,,76,65,76,76,74,3,BUY,1.03,12,False,backfill
2026-08-16T12:53:51.927814+09:00,2026-08-16,GEHC,GE HealthCare Technologies Inc.,US,제약/바이오,2026-08-14,73.69,1623400,4836645.0,2.3954,,73,65,71,60,69,2,WATCH,0.88,11,False,backfill
2026-08-16T12:53:51.927814+09:00,2026-08-16,BBD,Banco Bradesco S.A.,US,금융,2026-08-14,3.14,27752900,29894960.0,0.0964,,35,60,50,88,52,1,HOLD,-0.11,-1,False,backfill
2026-08-16T12:53:51.927814+09:00,2026-08-16,CCI,Crown Castle Inc.,US,리츠,2026-08-14,75.98,2239600,4362290.0,2.8393,,65,60,60,58,61,0,HOLD,0.22,3,False,backfill
2026-08-16T12:53:51.927814+09:00,2026-08-16,CHT,"Chunghwa Telecom Co., Ltd.",US,인터넷,2026-08-14,42.58,206300,166470.0,0.4243,,65,65,55,50,60,0,HOLD,0.4,5,False,backfill
2026-08-16T12:53:51.927814+09:00,2026-08-16,MLM,"Martin Marietta Materials, Inc.",US,소재,2026-08-14,547.93,342200,590135.0,16.2193,,50,60,63,58,57,0,HOLD,0.17,2,False,backfill
2026-08-16T12:53:51.927814+09:00,2026-08-16,BBDO,Banco Bradesco S.A.,US,금융,2026-08-14,3.02,122800,103060.0,0.1257,,51,60,55,80,58,1,HOLD,0.17,2,False,backfill
2026-08-16T12:53:51.927814+09:00,2026-08-16,NTR,Nutrien Ltd.,US,소재,2026-08-14,68.24,1759800,2587830.0,1.9187,,51,60,50,60,54,0,HOLD,0.07,1,False,backfill
2026-08-16T12:53:51.927814+09:00,2026-08-16,STRC,Strategy Inc,US,IT,2026-08-14,94.78,1201300,1280040.0,1.564,,60,60,48,60,56,0,HOLD,0.21,3,False,backfill
2026-08-16T12:53:51.927814+09:00,2026-08-16,IR,Ingersoll Rand Inc.,US,산업재,2026-08-14,83.34,2164900,4360420.0,2.9059,,57,60,55,66,58,0,HOLD,0.48,6,False,backfill
2026-08-16T12:53:51.927814+09:00,2026-08-16,RMD,ResMed Inc.,US,제약/바이오,2026-08-14,224.46,1193100,1410965.0,8.1664,,62,65,53,58,59,0,HOLD,0.47,6,False,backfill
2026-08-16T12:53:51.927814+09:00,2026-08-16,KGC,Kinross Gold Corporation,US,소재,2026-08-14,27.31,5172600,7921450.0,1.0886,,62,60,55,78,62,1,HOLD,0.24,3,False,backfill
2026-08-16T12:53:51.927814+09:00,2026-08-16,ON,ON Semiconductor Corporation,US,반도체,2026-08-14,82.66,4478300,9789390.0,4.2343,,40,65,71,66,58,1,HOLD,0.04,0,False,backfill
2026-08-16T12:53:51.927814+09:00,2026-08-16,DVN,Devon Energy Corporation,US,에너지,2026-08-14,45.85,8918000,10074360.0,1.3836,,87,60,84,70,78,3,BUY,0.93,11,False,backfill
2026-08-16T12:53:51.927814+09:00,2026-08-16,CFG,"Citizens Financial Group, Inc.",US,금융,2026-08-14,74.73,1918800,3540525.0,1.3916,,82,60,63,68,70,1,HOLD,0.92,11,False,backfill
2026-08-16T12:53:51.927814+09:00,2026-08-16,TDY,Teledyne Technologies Incorporated,US,IT,2026-08-14,679.67,188900,433835.0,15.0014,,91,60,45,58,66,1,HOLD,0.71,9,False,backfill
2026-08-16T12:53:51.927814+09:00,2026-08-16,CASY,"Casey's General Stores, Inc.",US,소비재,2026-08-14,846.45,242700,286800.0,24.1017,,48,60,53,37,50,0,HOLD,-0.03,0,False,backfill
2026-08-16T12:53:51.927814+09:00,2026-08-16,EXR,Extra Space Storage Inc.,US,리츠,2026-08-14,147.9,851000,1280730.0,3.4207,,43,60,63,38,52,0,HOLD,0.11,1,False,backfill
2026-08-16T12:53:51.927814+09:00,2026-08-16,ATI,ATI Inc.,US,산업재,2026-08-14,228.48,1225800,1587245.0,11.0386,,95,60,45,35,64,1,HOLD,0.8,10,False,backfill
2026-08-16T12:53:51.927814+09:00,2026-08-16,EL,The Estée Lauder Companies Inc.,US,소매,2026-08-14,86.1,1846700,2256045.0,2.4521,,84,60,58,50,66,1,HOLD,0.7,8,False,backfill
2026-08-16T12:53:51.927814+09:00,2026-08-16,ZM,"Zoom Communications, Inc.",US,IT,2026-08-14,105.96,2782900,3083135.0,3.9046,,81,60,50,63,65,1,HOLD,0.63,8,False,backfill
2026-08-16T12:53:51.927814+09:00,2026-08-16,BIIB,Biogen Inc.,US,제약/바이오,2026-08-14,209.83,554400,981725.0,6.4907,,91,65,63,53,72,1,HOLD,0.9,11,False,backfill
2026-08-16T12:53:51.927814+09:00,2026-08-16,ZTS,Zoetis Inc.,US,제약/바이오,2026-08-14,73.79,4455300,6884955.0,3.2771,,31,65,50,63,48,0,HOLD,-0.14,-2,False,backfill
2026-08-16T12:53:51.927814+09:00,2026-08-16,FTI,TechnipFMC plc,US,에너지,2026-08-14,78.61,3748900,3446355.0,2.815,,81,60,55,50,64,1,HOLD,0.66,8,False,backfill
2026-08-16T12:53:51.927814+09:00,2026-08-16,WAT,Waters Corporation,US,제약/바이오,2026-08-14,412.17,387600,928180.0,12.505,,76,65,32,35,54,1,HOLD,0.43,5,False,backfill
2026-08-16T12:53:51.927814+09:00,2026-08-16,WTW,Willis Towers Watson Public Limited Comp,US,금융,2026-08-14,331.59,729200,599415.0,9.8421,,51,60,60,58,57,0,HOLD,0.42,5,False,backfill
2026-08-16T12:53:51.927814+09:00,2026-08-16,MSTR,Strategy Inc,US,IT,2026-08-14,93.04,20678800,15863080.0,5.1564,,43,60,53,62,52,0,HOLD,-0.15,-2,False,backfill
2026-08-16T12:53:51.927814+09:00,2026-08-16,BAP,Credicorp Ltd.,US,금융,2026-08-14,386.36,455400,282515.0,11.845,,46,60,58,63,55,0,HOLD,0.34,4,False,backfill
2026-08-16T12:53:51.927814+09:00,2026-08-16,TECK,Teck Resources Limited,US,소재,2026-08-14,63.53,1413400,3237405.0,2.44,,72,60,55,63,63,1,HOLD,0.43,5,False,backfill
2026-08-16T12:53:51.927814+09:00,2026-08-16,ALNY,"Alnylam Pharmaceuticals, Inc.",US,제약/바이오,2026-08-14,228.65,1525800,2244145.0,15.1857,,45,65,50,58,52,0,HOLD,-0.14,-2,False,backfill
2026-08-16T12:53:51.927814+09:00,2026-08-16,RYAAY,Ryanair Holdings plc,US,산업재,2026-08-14,58.81,539900,1233830.0,1.46,,35,60,45,47,45,0,HOLD,-0.14,-2,False,backfill
2026-08-16T12:53:51.927814+09:00,2026-08-16,AEE,Ameren Corporation,US,유틸리티,2026-08-14,109.74,1002800,1545625.0,2.1929,,25,60,63,42,46,0,HOLD,-0.16,-2,False,backfill
2026-08-16T12:53:51.927814+09:00,2026-08-16,JBS,Jbs N.V.,US,소매,2026-08-14,13.65,4819300,6100465.0,0.4911,,58,60,60,76,62,1,HOLD,0.33,4,False,backfill
2026-08-16T12:53:51.927814+09:00,2026-08-16,FOXA,Fox Corporation,US,인터넷,2026-08-14,69.04,7501500,4608100.0,2.1257,,62,65,66,68,65,0,HOLD,0.56,7,False,backfill
2026-08-16T12:53:51.927814+09:00,2026-08-16,KHC,The Kraft Heinz Company,US,소매,2026-08-14,25.51,8510400,15017125.0,0.8689,,47,60,66,86,61,1,HOLD,0.5,6,False,backfill
2026-08-16T12:53:51.927814+09:00,2026-08-16,MDLN,Medline Inc.,US,제약/바이오,2026-08-14,35.74,2756400,7351560.0,1.9782,,43,65,45,50,49,0,HOLD,-0.14,-2,False,backfill
2026-08-16T12:53:51.927814+09:00,2026-08-16,TSEM,Tower Semiconductor Ltd.,US,반도체,2026-08-14,265.48,1148300,2037175.0,24.9357,,72,65,40,30,55,1,HOLD,0.2,2,False,backfill
2026-08-16T12:53:51.927814+09:00,2026-08-16,GFS,GLOBALFOUNDRIES Inc.,US,반도체,2026-08-14,54.58,4007400,4552485.0,3.4107,,55,65,35,50,50,0,HOLD,-0.18,-2,False,backfill
2026-08-16T12:53:51.927814+09:00,2026-08-16,LVS,Las Vegas Sands Corp.,US,소비재,2026-08-14,46.23,3172900,5655570.0,1.1774,,28,60,55,68,48,0,HOLD,-0.24,-3,False,backfill
2026-08-16T12:53:51.927814+09:00,2026-08-16,Q,"Qnity Electronics, Inc.",US,반도체,2026-08-14,142.3,783400,1814765.0,7.2671,,72,65,60,50,64,1,HOLD,0.36,4,False,backfill
2026-08-16T12:53:51.927814+09:00,2026-08-16,ZS,"Zscaler, Inc.",US,IT,2026-08-14,183.6,2249300,2176030.0,8.1038,,61,60,40,42,52,0,HOLD,0.28,3,False,backfill
2026-08-16T12:53:51.927814+09:00,2026-08-16,LPLA,LPL Financial Holdings Inc.,US,금융,2026-08-14,370.67,392500,703215.0,10.0965,,73,60,48,66,62,1,HOLD,0.63,8,False,backfill
2026-08-16T12:53:51.927814+09:00,2026-08-16,DTE,DTE Energy Company,US,유틸리티,2026-08-14,140.84,870500,1402605.0,2.8843,,17,60,58,50,43,0,AVOID,-0.31,-4,True,backfill
2026-08-16T12:53:51.927814+09:00,2026-08-16,CPRT,"Copart, Inc.",US,산업재,2026-08-14,31.61,17358400,11126555.0,1.0693,,69,60,55,45,59,0,HOLD,0.34,4,False,backfill
2026-08-16T12:53:51.927814+09:00,2026-08-16,TCOM,Trip.com Group Limited,US,소비재,2026-08-14,44.98,1196300,2960415.0,1.0186,,43,60,55,70,54,1,HOLD,-0.03,0,False,backfill
2026-08-16T12:53:51.927814+09:00,2026-08-16,DTW,DTE Energy Company JR SUB DB 2017 E,US,유틸리티,2026-08-14,19.612,28900,22515.0,0.1451,,31,60,58,80,52,1,HOLD,-0.1,-1,False,backfill
2026-08-16T12:53:51.927814+09:00,2026-08-16,VICI,VICI Properties Inc.,US,리츠,2026-08-14,26.36,11461400,9834110.0,0.5118,,28,60,63,80,53,1,HOLD,-0.05,-1,False,backfill
2026-08-16T12:53:51.927814+09:00,2026-08-16,FISV,"Fiserv, Inc.",US,IT,2026-08-14,54.39,5625200,8375330.0,2.4614,,80,60,93,78,80,3,STRONG_BUY,1.02,12,False,backfill
2026-08-16T12:53:51.927814+09:00,2026-08-16,CPNG,"Coupang, Inc.",US,소비재,2026-08-14,16.12,12287400,19744775.0,0.6048,,65,60,50,34,55,0,HOLD,0.22,3,False,backfill
2026-08-16T12:53:51.927814+09:00,2026-08-16,ILMN,"Illumina, Inc.",US,제약/바이오,2026-08-14,190.89,993000,1964680.0,7.985,,51,65,58,42,55,0,HOLD,0.38,5,False,backfill
2026-08-16T12:53:51.927814+09:00,2026-08-16,ASTS,"AST SpaceMobile, Inc.",US,인터넷,2026-08-14,70.98,7375300,12884070.0,5.5353,,57,65,53,42,55,0,HOLD,0.01,0,False,backfill
2026-08-16T12:53:51.927814+09:00,2026-08-16,FTS,Fortis Inc.,US,유틸리티,2026-08-14,56.68,592000,772520.0,0.885,,32,60,63,42,48,0,HOLD,-0.05,-1,False,backfill
2026-08-16T12:53:51.927814+09:00,2026-08-16,HAL,Halliburton Company,US,에너지,2026-08-14,34.42,10182600,12615130.0,0.9536,,59,60,60,74,62,1,HOLD,0.18,2,False,backfill
2026-08-16T12:53:51.927814+09:00,2026-08-16,TS,Tenaris S.A.,US,에너지,2026-08-14,53.58,1780200,1458020.0,1.41,,25,60,50,55,44,0,AVOID,-0.43,-5,True,backfill
2026-08-16T12:53:51.927814+09:00,2026-08-16,NMR,"Nomura Holdings, Inc.",US,금융,2026-08-14,9.82,487700,815200.0,0.2207,,61,60,55,78,62,1,HOLD,0.57,7,False,backfill
2026-08-16T12:53:51.927814+09:00,2026-08-16,PBA,Pembina Pipeline Corporation,US,에너지,2026-08-14,49.33,1563800,844550.0,0.9107,,44,60,60,58,54,0,HOLD,0.21,3,False,backfill
2026-08-16T12:53:51.927814+09:00,2026-08-16,MTD,Mettler-Toledo International Inc.,US,제약/바이오,2026-08-14,1419.02,162000,173930.0,39.4364,,56,65,50,42,54,0,HOLD,0.36,4,False,backfill
2026-08-16T12:53:51.927814+09:00,2026-08-16,STRF,MicroStrategy Incorporated 10.00% Series,US,IT,2026-08-14,96.21,28700,76790.0,1.0961,,38,60,48,60,49,0,HOLD,-0.11,-1,False,backfill
2026-08-16T12:53:51.927814+09:00,2026-08-16,WSM,"Williams-Sonoma, Inc.",US,소비재,2026-08-14,241.58,708400,843065.0,6.8193,,73,60,63,37,62,1,HOLD,0.68,8,False,backfill
2026-08-16T12:53:51.927814+09:00,2026-08-16,ATO,Atmos Energy Corporation,US,유틸리티,2026-08-14,169.92,1285300,1006890.0,3.0629,,32,60,68,42,50,0,HOLD,-0.1,-1,False,backfill
2026-08-16T12:53:51.927814+09:00,2026-08-16,XYL,Xylem Inc.,US,산업재,2026-08-14,119.68,1164200,1885645.0,3.5229,,47,60,60,58,55,0,HOLD,0.3,4,False,backfill
2026-08-16T12:53:51.927814+09:00,2026-08-16,DOV,Dover Corporation,US,산업재,2026-08-14,207.07,709900,1257125.0,4.1729,,57,60,55,58,57,0,HOLD,0.19,2,False,backfill
2026-08-16T12:53:51.927814+09:00,2026-08-16,NVT,nVent Electric plc,US,산업재,2026-08-14,171.39,1393500,2167685.0,9.3136,,72,60,55,50,61,1,HOLD,0.42,5,False,backfill
2026-08-16T12:53:51.927814+09:00,2026-08-16,OTIS,Otis Worldwide Corporation,US,산업재,2026-08-14,72.63,2893500,3779755.0,1.5227,,73,60,60,58,64,1,HOLD,0.53,6,False,backfill
2026-08-16T12:53:51.927814+09:00,2026-08-16,HPQ,HP Inc.,US,IT,2026-08-14,30.11,10733800,14801880.0,1.5764,,95,60,45,65,68,1,HOLD,0.9,11,False,backfill
2026-08-16T12:53:51.927814+09:00,2026-08-16,EIX,Edison International,US,유틸리티,2026-08-14,71.41,1479900,3213310.0,2.5364,,40,60,60,65,54,0,HOLD,0.12,1,False,backfill
2026-08-16T12:53:51.927814+09:00,2026-08-16,FE,FirstEnergy Corp.,US,유틸리티,2026-08-14,47.41,2588600,4567030.0,0.9284,,44,60,55,50,51,0,HOLD,0.15,2,False,backfill
2026-08-16T12:53:51.927814+09:00,2026-08-16,SYM,Symbotic Inc.,US,산업재,2026-08-14,42.7,961600,1667125.0,2.5001,,43,60,50,38,48,0,HOLD,-0.2,-2,False,backfill
2026-08-16T12:53:51.927814+09:00,2026-08-16,RBLX,Roblox Corporation,US,IT,2026-08-14,38.23,9555300,15380990.0,3.1411,,17,60,50,53,41,0,AVOID,-0.53,-6,True,backfill
2026-08-16T12:53:51.927814+09:00,2026-08-16,CPAY,"Corpay, Inc.",US,IT,2026-08-14,417.6,292100,588340.0,11.9536,,77,60,50,74,65,2,WATCH,0.73,9,False,backfill
2026-08-16T12:53:51.927814+09:00,2026-08-16,RF,Regions Financial Corporation,US,금융,2026-08-14,31.9,6198000,8613940.0,0.5043,,73,60,63,60,65,1,HOLD,0.76,9,False,backfill
2026-08-16T12:53:51.927814+09:00,2026-08-16,ES,Eversource Energy,US,유틸리티,2026-08-14,72.36,1721500,2303575.0,1.5664,,44,60,63,60,55,0,HOLD,0.25,3,False,backfill
2026-08-16T12:53:51.927814+09:00,2026-08-16,DG,Dollar General Corporation,US,소매,2026-08-14,123.28,1553700,1934955.0,3.495,,42,60,55,68,53,0,HOLD,0.27,3,False,backfill
2026-08-16T12:53:51.927814+09:00,2026-08-16,PPL,PPL Corporation,US,유틸리티,2026-08-14,36.02,5393800,8116055.0,0.685,,65,60,60,58,61,0,HOLD,0.43,5,False,backfill
2026-08-16T12:53:51.927814+09:00,2026-08-16,AWK,"American Water Works Company, Inc.",US,유틸리티,2026-08-14,136.2,1728100,2446150.0,3.5572,,69,60,63,42,61,0,HOLD,0.54,6,False,backfill
2026-08-16T12:53:51.927814+09:00,2026-08-16,CRS,Carpenter Technology Corporation,US,소재,2026-08-14,544.59,391100,700995.0,30.1971,,33,60,68,42,50,0,HOLD,0.19,2,False,backfill
2026-08-16T12:53:51.927814+09:00,2026-08-16,HUBB,Hubbell Incorporated,US,산업재,2026-08-14,511.39,309006,610314.1,17.7182,,69,60,58,58,62,0,HOLD,0.54,6,False,backfill
2026-08-16T12:53:51.927814+09:00,2026-08-16,QSR,Restaurant Brands International Inc.,US,소비재,2026-08-14,77.64,2071500,2261180.0,1.7027,,84,60,63,50,68,1,HOLD,0.68,8,False,backfill
2026-08-16T12:53:51.927814+09:00,2026-08-16,FOX,Fox Corporation,US,인터넷,2026-08-14,61.41,1069000,1129755.0,1.7619,,62,65,61,68,63,0,HOLD,0.49,6,False,backfill
2026-08-16T12:53:51.927814+09:00,2026-08-16,CNP,"CenterPoint Energy, Inc.",US,유틸리티,2026-08-14,40.83,2984500,6375370.0,1.0314,,17,60,60,42,42,0,AVOID,-0.35,-4,True,backfill
2026-08-16T12:53:51.927814+09:00,2026-08-16,INSM,Insmed Incorporated,US,제약/바이오,2026-08-14,123.74,1957200,3211935.0,6.8557,,84,65,50,19,60,1,HOLD,0.56,7,False,backfill
2026-08-16T12:53:51.927814+09:00,2026-08-16,PHG,Koninklijke Philips N.V.,US,제약/바이오,2026-08-14,27.29,470900,1348340.0,0.5864,,72,65,58,74,67,2,WATCH,0.65,8,False,backfill
2026-08-16T12:53:51.927814+09:00,2026-08-16,NRG,"NRG Energy, Inc.",US,유틸리티,2026-08-14,126.24,1447900,3180230.0,7.7624,,28,60,58,66,49,0,HOLD,-0.14,-2,False,backfill
2026-08-16T12:53:51.927814+09:00,2026-08-16,CINF,Cincinnati Financial Corporation,US,금융,2026-08-14,173.17,282100,693305.0,4.4643,,44,60,60,78,57,1,HOLD,0.27,3,False,backfill
2026-08-16T12:53:51.927814+09:00,2026-08-16,CTSH,Cognizant Technology Solutions Corporati,US,IT,2026-08-14,58.79,10665300,9881310.0,2.9964,,73,60,60,84,68,2,WATCH,0.82,10,False,backfill
2026-08-16T12:53:51.927814+09:00,2026-08-16,SYF,Synchrony Financial,US,금융,2026-08-14,81.0,2124500,3553765.0,1.7612,,88,60,63,70,72,2,WATCH,1.01,12,False,backfill
2026-08-16T12:53:51.927814+09:00,2026-08-16,AVB,"AvalonBay Communities, Inc.",US,리츠,2026-08-14,184.06,2484400,950705.0,3.7686,,43,60,63,53,54,0,HOLD,0.11,1,False,backfill
2026-08-16T12:53:51.927814+09:00,2026-08-16,JBHT,"J.B. Hunt Transport Services, Inc.",US,산업재,2026-08-14,279.71,719300,927140.0,7.9088,,69,60,60,58,63,0,HOLD,0.67,8,False,backfill
2026-08-16T12:53:51.927814+09:00,2026-08-16,WRB,W. R. Berkley Corporation,US,금융,2026-08-14,70.51,1138000,1844980.0,1.445,,36,60,55,63,51,0,HOLD,0.09,1,False,backfill
2026-08-16T12:53:51.927814+09:00,2026-08-16,AFRM,"Affirm Holdings, Inc.",US,금융,2026-08-14,78.35,1973900,3103435.0,3.5207,,76,60,70,51,67,2,WATCH,0.85,10,False,backfill
2026-08-16T12:53:51.927814+09:00,2026-08-16,SN,"SharkNinja, Inc.",US,소비재,2026-08-14,185.1,1389400,1866730.0,7.3843,,80,60,58,50,65,1,HOLD,0.77,9,False,backfill
2026-08-16T12:53:51.927814+09:00,2026-08-16,ROIV,Roivant Sciences Ltd.,US,제약/바이오,2026-08-14,36.2,4527200,5396305.0,1.3157,,95,65,45,50,67,1,HOLD,0.88,11,False,backfill
2026-08-16T12:53:51.927814+09:00,2026-08-16,FCNCA,"First Citizens BancShares, Inc.",US,금융,2026-08-14,2291.3301,37500,67125.0,44.7843,,91,60,67,60,73,1,HOLD,1.06,13,False,backfill
2026-08-16T12:53:51.927814+09:00,2026-08-16,LH,Labcorp Holdings Inc.,US,제약/바이오,2026-08-14,318.13,436300,768835.0,8.4307,,95,65,48,58,69,1,HOLD,0.94,11,False,backfill
2026-08-16T12:53:51.927814+09:00,2026-08-16,TPR,"Tapestry, Inc.",US,소비재,2026-08-14,128.98,5541000,2644885.0,6.2593,,43,60,55,68,54,0,HOLD,0.06,1,False,backfill
2026-08-16T12:53:51.927814+09:00,2026-08-16,FWONK,Liberty Media Corporation,US,인터넷,2026-08-14,103.9,2015500,2054240.0,2.902,,91,65,58,38,68,1,HOLD,0.92,11,False,backfill
2026-08-16T12:53:51.927814+09:00,2026-08-16,RPRX,Royalty Pharma plc,US,제약/바이오,2026-08-14,58.6,1596200,2869250.0,1.4464,,62,65,50,50,57,0,HOLD,0.42,5,False,backfill
2026-08-16T12:53:51.927814+09:00,2026-08-16,DGX,Quest Diagnostics Incorporated,US,제약/바이오,2026-08-14,234.4,541800,1065175.0,4.5636,,73,65,60,58,65,1,HOLD,0.76,9,False,backfill
2026-08-16T12:53:51.927814+09:00,2026-08-16,AMRZ,Amrize Ltd,US,소재,2026-08-14,46.69,2339000,3565900.0,1.5979,,31,60,72,58,53,1,HOLD,-0.08,-1,False,backfill
2026-08-16T12:53:51.927814+09:00,2026-08-16,CW,Curtiss-Wright Corporation,US,산업재,2026-08-14,699.31,233800,255820.0,32.85,,28,60,50,34,42,0,AVOID,-0.36,-4,True,backfill
2026-08-16T12:53:51.927814+09:00,2026-08-16,SW,Smurfit Westrock plc,US,소비재,2026-08-14,49.25,4917700,5198630.0,1.7661,,88,60,63,58,70,1,HOLD,0.97,12,False,backfill
2026-08-16T12:53:51.927814+09:00,2026-08-16,DRI,"Darden Restaurants, Inc.",US,소비재,2026-08-14,225.26,678000,1234630.0,5.8271,,73,60,50,42,59,1,HOLD,0.56,7,False,backfill
2026-08-16T12:53:51.927814+09:00,2026-08-16,SMCI,"Super Micro Computer, Inc.",US,IT,2026-08-14,39.84,61990900,61988990.0,2.6129,,67,60,63,58,63,0,HOLD,0.67,8,False,backfill
2026-08-16T12:53:51.927814+09:00,2026-08-16,VRSN,"VeriSign, Inc.",US,IT,2026-08-14,284.24,466700,898695.0,9.1564,,43,60,53,50,50,0,HOLD,-0.0,0,False,backfill
2026-08-16T12:53:51.927814+09:00,2026-08-16,PPG,"PPG Industries, Inc.",US,소재,2026-08-14,114.11,970000,1895465.0,3.3321,,32,60,65,60,52,0,HOLD,0.12,1,False,backfill
2026-08-16T12:53:51.927814+09:00,2026-08-16,KEY,KeyCorp,US,금융,2026-08-14,23.31,11119500,10009680.0,0.3929,,73,60,63,68,67,1,HOLD,0.75,9,False,backfill
2026-08-16T12:53:51.927814+09:00,2026-08-16,PHM,"PulteGroup, Inc.",US,소비재,2026-08-14,130.18,1017500,1782040.0,4.0471,,62,60,60,60,61,0,HOLD,0.58,7,False,backfill
2026-08-16T12:53:51.927814+09:00,2026-08-16,MRNA,"Moderna, Inc.",US,제약/바이오,2026-08-14,63.32,4700900,5420820.0,3.7366,,77,65,50,58,64,1,HOLD,0.71,9,False,backfill
2026-08-16T12:53:51.927814+09:00,2026-08-16,DLTR,"Dollar Tree, Inc.",US,소매,2026-08-14,129.39,1653400,2098345.0,3.1986,,58,60,51,58,56,0,HOLD,0.42,5,False,backfill
2026-08-16T12:53:51.927814+09:00,2026-08-16,EQR,Equity Residential,US,리츠,2026-08-14,65.97,7322800,3457380.0,1.3843,,43,60,63,53,54,0,HOLD,0.14,2,False,backfill
2026-08-16T12:53:51.927814+09:00,2026-08-16,TPL,Texas Pacific Land Corporation,US,에너지,2026-08-14,358.52,326100,363200.0,19.1286,,25,60,70,29,46,1,HOLD,-0.28,-3,False,backfill
2026-08-16T12:53:51.927814+09:00,2026-08-16,XPO,"XPO Logistics, Inc.",US,산업재,2026-08-14,211.06,879300,1004675.0,6.8971,,69,60,48,43,57,0,HOLD,0.39,5,False,backfill
2026-08-16T12:53:51.927814+09:00,2026-08-16,ENTG,"Entegris, Inc.",US,반도체,2026-08-14,161.76,1434500,2728275.0,10.3059,,76,65,48,43,60,1,HOLD,0.62,7,False,backfill
2026-08-16T12:53:51.927814+09:00,2026-08-16,WST,"West Pharmaceutical Services, Inc.",US,제약/바이오,2026-08-14,349.42,396500,789155.0,7.2739,,59,65,68,42,60,0,HOLD,0.55,7,False,backfill
2026-08-16T12:53:51.927814+09:00,2026-08-16,OKTA,"Okta, Inc.",US,IT,2026-08-14,147.43,2519300,2542435.0,6.6786,,95,60,60,43,70,1,HOLD,0.98,12,False,backfill
2026-08-16T12:53:51.927814+09:00,2026-08-16,PFG,"Principal Financial Group, Inc.",US,금융,2026-08-14,113.98,574100,1542490.0,2.3314,,69,60,55,68,63,0,HOLD,0.64,8,False,backfill
2026-08-16T12:53:51.927814+09:00,2026-08-16,INCY,Incyte Corporation,US,제약/바이오,2026-08-14,120.16,785800,1833435.0,4.3586,,66,65,48,55,59,0,HOLD,0.53,6,False,backfill
2026-08-16T12:53:51.927814+09:00,2026-08-16,EXPD,"Expeditors International of Washington, ",US,산업재,2026-08-14,186.12,733300,1189840.0,5.1171,,95,60,50,37,66,1,HOLD,0.85,10,False,backfill
2026-08-16T12:53:51.927814+09:00,2026-08-16,FSLR,"First Solar, Inc.",US,IT,2026-08-14,225.56,2244400,2632360.0,15.4143,,72,60,50,74,63,2,WATCH,0.43,5,False,backfill
2026-08-16T12:53:51.927814+09:00,2026-08-16,MTSI,"MACOM Technology Solutions Holdings, Inc",US,반도체,2026-08-14,316.44,798700,1463180.0,20.3029,,62,65,55,35,56,0,HOLD,0.07,1,False,backfill
2026-08-16T12:53:51.927814+09:00,2026-08-16,AER,AerCap Holdings N.V.,US,산업재,2026-08-14,152.45,689600,1060775.0,4.1959,,62,60,53,70,60,1,HOLD,0.42,5,False,backfill
2026-08-16T12:53:51.927814+09:00,2026-08-16,OMC,Omnicom Group Inc.,US,인터넷,2026-08-14,87.57,1717200,3084345.0,3.2964,,88,65,45,46,64,1,HOLD,0.77,9,False,backfill
2026-08-16T12:53:51.927814+09:00,2026-08-16,CHD,"Church & Dwight Co., Inc.",US,소매,2026-08-14,101.3,1426500,1864100.0,2.5204,,91,60,50,53,67,1,HOLD,0.77,9,False,backfill
2026-08-16T12:53:51.927814+09:00,2026-08-16,USFD,US Foods Holding Corp.,US,소매,2026-08-14,108.92,1904500,2416605.0,3.2193,,80,60,63,66,69,1,HOLD,0.88,11,False,backfill
2026-08-16T12:53:51.927814+09:00,2026-08-16,MTZ,"MasTec, Inc.",US,산업재,2026-08-14,297.59,1769500,1544445.0,21.95,,48,60,66,42,55,0,HOLD,-0.02,0,False,backfill
2026-08-16T12:53:51.927814+09:00,2026-08-16,FWONA,Formula One Group,US,인터넷,2026-08-14,95.31,149800,149140.0,2.6693,,91,65,61,38,69,1,HOLD,0.95,11,False,backfill
2026-08-16T12:53:51.927814+09:00,2026-08-16,VLTO,Veralto Corporation,US,산업재,2026-08-14,97.68,852900,1599690.0,2.7146,,62,60,60,50,59,0,HOLD,0.51,6,False,backfill
2026-08-16T12:53:51.927814+09:00,2026-08-16,STZ,"Constellation Brands, Inc.",US,소매,2026-08-14,139.18,1432300,1767415.0,2.9626,,54,60,60,68,59,0,HOLD,0.29,3,False,backfill
2026-08-16T12:53:51.927814+09:00,2026-08-16,RL,Ralph Lauren Corporation,US,소비재,2026-08-14,388.92,459800,603990.0,14.175,,76,60,50,50,61,1,HOLD,0.63,8,False,backfill
2026-08-16T12:53:51.927814+09:00,2026-08-16,TROW,"T. Rowe Price Group, Inc.",US,금융,2026-08-14,110.56,1027400,1935520.0,2.9279,,47,60,60,78,58,1,HOLD,0.35,4,False,backfill
2026-08-16T12:53:51.927814+09:00,2026-08-16,IHG,InterContinental Hotels Group PLC,US,소비재,2026-08-14,160.22,185700,270085.0,3.455,,76,60,55,58,64,1,HOLD,0.6,7,False,backfill
2026-08-16T12:53:51.927814+09:00,2026-08-16,VRSK,"Verisk Analytics, Inc.",US,IT,2026-08-14,181.67,638100,1688735.0,8.3643,,47,60,45,58,51,0,HOLD,0.13,2,False,backfill
2026-08-16T12:53:51.927814+09:00,2026-08-16,BRO,"Brown & Brown, Inc.",US,금융,2026-08-14,70.54,1647800,2667550.0,2.4625,,59,60,65,66,62,0,HOLD,0.61,7,False,backfill
2026-08-16T12:53:51.927814+09:00,2026-08-16,SOFI,"SoFi Technologies, Inc.",US,금융,2026-08-14,18.29,34301800,70859125.0,0.8217,,76,60,40,66,60,1,HOLD,0.59,7,False,backfill
2026-08-16T12:53:51.927814+09:00,2026-08-16,FICO,Fair Isaac Corporation,US,IT,2026-08-14,1085.78,178900,387700.0,72.7586,,25,60,60,66,49,0,HOLD,-0.12,-1,False,backfill
2026-08-16T12:53:51.927814+09:00,2026-08-16,ROKU,"Roku, Inc.",US,인터넷,2026-08-14,157.68,1923800,2630115.0,2.1541,,77,65,58,43,64,1,HOLD,0.74,9,False,backfill
2026-08-16T12:53:51.927814+09:00,2026-08-16,BNTX,BioNTech SE,US,제약/바이오,2026-08-14,93.09,650500,933355.0,2.5704,,80,65,53,58,66,1,HOLD,0.58,7,False,backfill
2026-08-16T12:53:51.927814+09:00,2026-08-16,L,Loews Corporation,US,금융,2026-08-14,113.03,710700,712120.0,2.1314,,36,60,65,68,54,0,HOLD,0.21,3,False,backfill
2026-08-16T12:53:51.927814+09:00,2026-08-16,GPN,Global Payments Inc.,US,금융,2026-08-14,93.05,2498100,3379205.0,3.4786,,82,60,60,66,69,1,HOLD,0.88,11,False,backfill
2026-08-16T12:53:51.927814+09:00,2026-08-16,TCPA,TransCanada PipeLines Limited 6,US,에너지,2026-08-14,22.694,9100,20705.0,0.2125,,28,60,55,50,46,0,HOLD,-0.24,-3,False,backfill
2026-08-16T12:53:51.927814+09:00,2026-08-16,IOT,Samsara Inc.,US,IT,2026-08-14,39.79,4758200,5387855.0,2.2282,,95,60,50,35,66,1,HOLD,0.85,10,False,backfill
2026-08-16T12:53:51.927814+09:00,2026-08-16,MKL,Markel Corporation,US,금융,2026-08-14,1847.24,39100,63115.0,43.3772,,32,60,60,62,50,0,HOLD,-0.02,0,False,backfill
2026-08-16T12:53:51.927814+09:00,2026-08-16,KOF,"Coca-Cola FEMSA, S.A.B. de C.V.",US,소매,2026-08-14,108.94,85400,132835.0,2.5157,,87,60,53,55,67,1,HOLD,0.7,8,False,backfill
2026-08-16T12:53:51.927814+09:00,2026-08-16,CIB,Grupo Cibest S.A.,US,금융,2026-08-14,96.37,177100,333875.0,3.7786,,85,60,58,88,72,2,WATCH,0.98,12,False,backfill
2026-08-16T12:53:51.927814+09:00,2026-08-16,PKG,Packaging Corporation of America,US,소비재,2026-08-14,255.48,324200,714450.0,5.8136,,84,60,53,58,66,1,HOLD,0.81,10,False,backfill
2026-08-16T12:53:51.927814+09:00,2026-08-16,FFIV,"F5, Inc.",US,IT,2026-08-14,403.2,454700,751855.0,16.7,,69,60,40,58,57,0,HOLD,0.44,5,False,backfill
2026-08-16T12:53:51.927814+09:00,2026-08-16,STE,STERIS plc,US,제약/바이오,2026-08-14,233.28,646700,757990.0,6.9936,,74,65,53,58,64,1,HOLD,0.65,8,False,backfill
2026-08-16T12:53:51.927814+09:00,2026-08-16,TW,Tradeweb Markets Inc.,US,금융,2026-08-14,106.29,836800,1612000.0,3.5718,,80,60,55,50,64,1,HOLD,0.51,6,False,backfill
2026-08-16T12:53:51.927814+09:00,2026-08-16,FCNCN,"First Citizens BancShares, Inc. Deposita",US,금융,2026-08-14,25.09,7700,16270.0,0.1829,,67,60,63,50,62,0,HOLD,0.47,6,False,backfill
2026-08-16T12:53:51.927814+09:00,2026-08-16,DOW,Dow Inc.,US,소재,2026-08-14,31.07,7305700,9816830.0,1.0849,,62,60,63,55,61,0,HOLD,0.19,2,False,backfill
2026-08-16T12:53:51.927814+09:00,2026-08-16,STRD,Strategy Inc,US,IT,2026-08-14,67.83,75800,122400.0,1.7458,,65,60,58,60,61,0,HOLD,0.28,3,False,backfill
2026-08-16T12:53:51.927814+09:00,2026-08-16,CMS,CMS Energy Corporation,US,유틸리티,2026-08-14,71.11,2247200,3987505.0,1.4268,,25,60,60,42,45,0,HOLD,-0.22,-3,False,backfill
2026-08-16T12:53:51.927814+09:00,2026-08-16,FTAI,FTAI Aviation Ltd.,US,산업재,2026-08-14,217.13,641500,1775305.0,13.5505,,63,60,60,34,57,0,HOLD,0.1,1,False,backfill
2026-08-16T12:53:51.927814+09:00,2026-08-16,FIS,"Fidelity National Information Services, ",US,IT,2026-08-14,42.92,4146500,6496915.0,1.895,,43,60,65,86,59,1,HOLD,0.28,3,False,backfill
2026-08-16T12:53:51.927814+09:00,2026-08-16,CMSA,CMS Energy Corporation 5.6% JRSUB NT 78,US,유틸리티,2026-08-14,20.494,2700,12625.0,0.1293,,20,60,55,70,46,1,HOLD,-0.31,-4,False,backfill
2026-08-16T12:53:51.927814+09:00,2026-08-16,WWD,"Woodward, Inc.",US,산업재,2026-08-14,370.56,393900,670795.0,15.5343,,25,60,50,34,41,0,AVOID,-0.32,-4,True,backfill
2026-08-16T12:53:51.927814+09:00,2026-08-16,ULTA,"Ulta Beauty, Inc.",US,소비재,2026-08-14,510.75,639300,572770.0,16.775,,50,60,55,42,52,0,HOLD,0.11,1,False,backfill
2026-08-16T12:53:51.927814+09:00,2026-08-16,EXE,Expand Energy Corporation,US,에너지,2026-08-14,94.78,1752900,3290130.0,2.6731,,68,60,70,78,68,2,WATCH,0.61,7,False,backfill
2026-08-16T12:53:51.927814+09:00,2026-08-16,BCE,BCE Inc.,US,인터넷,2026-08-14,23.47,2974500,4036925.0,0.5243,,59,65,63,86,65,1,HOLD,0.46,6,False,backfill
2026-08-16T12:53:51.927814+09:00,2026-08-16,BURL,"Burlington Stores, Inc.",US,소비재,2026-08-14,347.67,990900,685835.0,10.0057,,51,60,48,58,53,0,HOLD,0.29,3,False,backfill
2026-08-16T12:53:51.927814+09:00,2026-08-16,BG,Bunge Global S.A.,US,소매,2026-08-14,113.69,538200,1375685.0,3.7664,,62,60,65,50,61,0,HOLD,0.27,3,False,backfill
2026-08-16T12:53:51.927814+09:00,2026-08-16,RS,Reliance Steel & Aluminum Co.,US,소재,2026-08-14,426.54,223400,353305.0,10.4704,,91,60,60,58,71,1,HOLD,0.98,12,False,backfill
2026-08-16T12:53:51.927814+09:00,2026-08-16,LUV,Southwest Airlines Co.,US,산업재,2026-08-14,44.26,3042500,5296345.0,1.5571,,35,60,63,58,52,0,HOLD,0.2,2,False,backfill
2026-08-16T12:53:51.927814+09:00,2026-08-16,IP,International Paper Company,US,소재,2026-08-14,40.74,2961500,5352395.0,1.5034,,66,60,55,68,62,0,HOLD,0.61,7,False,backfill
2026-08-16T12:53:51.927814+09:00,2026-08-16,THC,Tenet Healthcare Corporation,US,제약/바이오,2026-08-14,267.9,530000,1239800.0,9.1229,,85,65,50,78,69,2,WATCH,0.89,11,False,backfill
2026-08-16T12:53:51.927814+09:00,2026-08-16,LEN,Lennar Corporation,US,소비재,2026-08-14,86.83,1803100,2306650.0,2.7971,,69,60,60,73,65,1,HOLD,0.6,7,False,backfill
2026-08-16T12:53:51.927814+09:00,2026-08-16,IFF,International Flavors & Fragrances Inc.,US,소재,2026-08-14,84.18,895900,1769620.0,2.5214,,81,60,66,42,66,1,HOLD,0.75,9,False,backfill
2026-08-16T12:53:51.927814+09:00,2026-08-16,AMCR,Amcor plc,US,소비재,2026-08-14,46.03,3548500,3957430.0,1.2543,,66,60,71,66,66,1,HOLD,0.77,9,False,backfill
2026-08-16T12:53:51.927814+09:00,2026-08-16,EFX,Equifax Inc.,US,산업재,2026-08-14,180.85,819600,1745215.0,6.7036,,84,60,50,58,65,1,HOLD,0.69,8,False,backfill
2026-08-16T12:53:51.927814+09:00,2026-08-16,SQM,Sociedad Química y Minera de Chile S.A.,US,소재,2026-08-14,74.32,687800,893255.0,2.2271,,59,60,50,74,59,1,HOLD,0.08,1,False,backfill
2026-08-16T12:53:51.927814+09:00,2026-08-16,UTHR,United Therapeutics Corporation,US,제약/바이오,2026-08-14,499.73,473000,521060.0,14.525,,28,65,45,60,45,0,HOLD,-0.4,-5,False,backfill
2026-08-16T12:53:51.927814+09:00,2026-08-16,GH,"Guardant Health, Inc.",US,제약/바이오,2026-08-14,157.21,2564800,2038560.0,8.3471,,73,65,53,58,63,1,HOLD,0.69,8,False,backfill
2026-08-16T12:53:51.927814+09:00,2026-08-16,RBRK,"Rubrik, Inc.",US,IT,2026-08-14,102.23,2578600,2793245.0,5.0648,,77,60,60,35,62,1,HOLD,0.7,8,False,backfill
2026-08-16T12:53:51.927814+09:00,2026-08-16,MKSI,MKS Inc.,US,IT,2026-08-14,310.73,1178200,1512565.0,22.4471,,65,60,50,50,57,0,HOLD,0.28,3,False,backfill
2026-08-16T12:53:51.927814+09:00,2026-08-16,GIS,"General Mills, Inc.",US,소매,2026-08-14,39.2,5309900,8463685.0,1.1036,,85,60,63,63,70,1,HOLD,0.94,11,False,backfill
2026-08-16T12:53:51.927814+09:00,2026-08-16,SNA,Snap-on Incorporated,US,산업재,2026-08-14,403.56,184200,381435.0,8.3407,,47,60,45,58,51,0,HOLD,0.14,2,False,backfill
2026-08-16T12:53:51.927814+09:00,2026-08-16,CHTR,"Charter Communications, Inc.",US,인터넷,2026-08-14,154.27,1164800,3004810.0,7.36,,70,65,63,86,69,2,WATCH,0.7,8,False,backfill
2026-08-16T12:53:51.927814+09:00,2026-08-16,SNX,TD Synnex Corp,US,IT,2026-08-14,258.74,469800,639205.0,8.2936,,76,60,61,66,67,1,HOLD,0.77,9,False,backfill
2026-08-16T12:53:51.927814+09:00,2026-08-16,SOJD,Southern Company (The) Series 2,US,유틸리티,2026-08-14,18.45,63800,75750.0,0.1418,,28,60,58,50,47,0,HOLD,-0.24,-3,False,backfill
2026-08-16T12:53:51.927814+09:00,2026-08-16,TSN,"Tyson Foods, Inc.",US,소매,2026-08-14,58.17,3630600,3163200.0,1.7436,,40,60,63,66,55,0,HOLD,-0.04,0,False,backfill
2026-08-16T12:53:51.927814+09:00,2026-08-16,LYB,LyondellBasell Industries N.V.,US,소재,2026-08-14,63.76,2513300,4520765.0,2.2979,,84,60,50,78,68,2,WATCH,0.48,6,False,backfill
2026-08-16T12:53:51.927814+09:00,2026-08-16,BCH,Banco de Chile,US,금융,2026-08-14,40.69,153000,283840.0,1.1229,,47,60,55,70,55,1,HOLD,0.35,4,False,backfill
2026-08-16T12:53:51.927814+09:00,2026-08-16,FN,Fabrinet,US,IT,2026-08-14,570.22,592400,760520.0,42.5571,,72,60,45,42,57,1,HOLD,0.16,2,False,backfill
2026-08-16T12:53:51.927814+09:00,2026-08-16,STRK,Strategy Inc,US,IT,2026-08-14,68.6,115400,81735.0,1.8266,,57,60,48,60,55,0,HOLD,0.06,1,False,backfill
2026-08-16T12:53:51.927814+09:00,2026-08-16,NI,NiSource Inc,US,유틸리티,2026-08-14,42.5,4719600,5911715.0,0.9079,,17,60,55,42,41,0,AVOID,-0.49,-6,True,backfill
2026-08-16T12:53:51.927814+09:00,2026-08-16,TPG,TPG Inc.,US,금융,2026-08-14,53.03,6618400,3132240.0,2.2695,,78,60,53,43,62,1,HOLD,0.67,8,False,backfill
2026-08-16T12:53:51.927814+09:00,2026-08-16,WES,"Western Midstream Partners, LP",US,에너지,2026-08-14,48.92,1785600,927030.0,0.9784,,73,60,68,60,67,1,HOLD,0.75,9,False,backfill
2026-08-16T12:53:51.927814+09:00,2026-08-16,U,Unity Software Inc.,US,IT,2026-08-14,46.25,9591100,12184450.0,2.3794,,78,60,53,50,63,1,HOLD,0.69,8,False,backfill
2026-08-16T12:53:51.927814+09:00,2026-08-16,TOST,"Toast, Inc.",US,IT,2026-08-14,34.75,7253200,10432610.0,1.4492,,88,60,50,50,65,1,HOLD,0.8,10,False,backfill
2026-08-16T12:53:51.927814+09:00,2026-08-16,ATHS,Athene Holding Ltd. 7.250% Fixe,US,금융,2026-08-14,25.0,7400,26805.0,0.208,,82,60,58,50,66,1,HOLD,0.62,7,False,backfill
2026-08-16T12:53:51.927814+09:00,2026-08-16,PAAS,Pan American Silver Corp.,US,소재,2026-08-14,47.42,4418200,4111260.0,2.2543,,70,60,55,71,64,2,WATCH,0.28,3,False,backfill
2026-08-16T12:53:51.927814+09:00,2026-08-16,SOJC,The Southern Company JR 2017B NT 77,US,유틸리티,2026-08-14,19.92,22000,29330.0,0.1509,,28,60,58,60,48,0,HOLD,-0.21,-3,False,backfill
2026-08-16T12:53:51.927814+09:00,2026-08-16,BR,"Broadridge Financial Solutions, Inc.",US,IT,2026-08-14,171.01,587600,1218775.0,6.9607,,74,60,60,68,66,1,HOLD,0.77,9,False,backfill
2026-08-16T12:53:51.927814+09:00,2026-08-16,DD,"DuPont de Nemours, Inc.",US,소재,2026-08-14,146.26,1108700,1751240.0,4.4957,,87,60,37,51,61,1,HOLD,0.41,5,False,backfill
2026-08-16T12:53:51.927814+09:00,2026-08-16,RCI,Rogers Communications Inc.,US,인터넷,2026-08-14,36.44,1191800,1446720.0,0.7714,,54,65,55,86,61,1,HOLD,0.36,4,False,backfill
2026-08-16T12:53:51.927814+09:00,2026-08-16,SBAC,SBA Communications Corporation,US,리츠,2026-08-14,185.2,677900,1142605.0,7.0336,,72,60,63,45,63,1,HOLD,0.33,4,False,backfill
2026-08-16T12:53:51.927814+09:00,2026-08-16,YPF,YPF Sociedad Anónima,US,에너지,2026-08-14,50.05,916100,1060220.0,1.8793,,42,60,67,86,60,1,HOLD,0.44,5,False,backfill
2026-08-16T12:53:51.927814+09:00,2026-08-16,ITT,ITT Inc.,US,산업재,2026-08-14,219.4,520700,969055.0,7.6136,,73,60,53,50,61,1,HOLD,0.52,6,False,backfill
2026-08-16T12:53:51.927814+09:00,2026-08-16,GMAB,Genmab A/S,US,제약/바이오,2026-08-14,31.94,3427200,2205745.0,0.8211,,66,65,60,53,62,0,HOLD,0.64,8,False,backfill
2026-08-16T12:53:51.927814+09:00,2026-08-16,RGLD,"Royal Gold, Inc.",US,소재,2026-08-14,230.68,524100,729460.0,7.3857,,65,60,50,50,57,0,HOLD,0.2,2,False,backfill
2026-08-16T12:53:51.927814+09:00,2026-08-16,ZBH,"Zimmer Biomet Holdings, Inc.",US,제약/바이오,2026-08-14,100.65,2152700,2600905.0,3.2736,,82,65,63,74,72,2,WATCH,0.97,12,False,backfill
2026-08-16T12:53:51.927814+09:00,2026-08-16,CDE,"Coeur Mining, Inc.",US,소재,2026-08-14,18.81,36566100,38714095.0,1.065,,81,60,60,63,68,1,HOLD,0.75,9,False,backfill
2026-08-16T12:53:51.927814+09:00,2026-08-16,EVRG,"Evergy, Inc.",US,유틸리티,2026-08-14,84.03,973600,1901850.0,1.5693,,25,60,53,42,43,0,AVOID,-0.25,-3,True,backfill
2026-08-16T12:53:51.927814+09:00,2026-08-16,WIT,Wipro Limited,US,IT,2026-08-14,1.94,2059300,7176035.0,0.065,,71,60,55,68,64,1,HOLD,0.58,7,False,backfill
2026-08-16T12:53:51.927814+09:00,2026-08-16,CRCL,Circle Internet Group,US,금융,2026-08-14,71.6,8581600,11577765.0,4.7043,,62,60,50,55,57,0,HOLD,0.06,1,False,backfill
2026-08-16T12:53:51.927814+09:00,2026-08-16,SSNC,"SS&C Technologies Holdings, Inc.",US,IT,2026-08-14,81.5,1183600,2006250.0,2.1529,,78,60,55,74,67,2,WATCH,0.8,10,False,backfill
2026-08-16T12:53:51.927814+09:00,2026-08-16,MGA,Magna International Inc.,US,소비재,2026-08-14,70.24,741700,1328385.0,2.1083,,91,60,55,74,71,2,WATCH,0.97,12,False,backfill
2026-08-16T12:53:51.927814+09:00,2026-08-16,OWL,Blue Owl Capital Inc.,US,금융,2026-08-14,12.22,13073400,21524630.0,0.5182,,61,60,53,59,58,0,HOLD,0.49,6,False,backfill
2026-08-16T12:53:51.927814+09:00,2026-08-16,AS,"Amer Sports, Inc.",US,소비재,2026-08-14,32.87,4535400,4608420.0,1.2156,,46,60,45,58,50,0,HOLD,-0.04,0,False,backfill
2026-08-16T12:53:51.927814+09:00,2026-08-16,APG,APi Group Corporation,US,산업재,2026-08-14,43.95,1516400,2890685.0,1.3479,,54,60,45,50,52,0,HOLD,0.1,1,False,backfill
2026-08-16T12:53:51.927814+09:00,2026-08-16,VTRS,Viatris Inc.,US,제약/바이오,2026-08-14,16.23,8202700,11204775.0,0.5329,,35,65,58,78,54,1,HOLD,0.01,0,False,backfill
2026-08-16T12:53:51.927814+09:00,2026-08-16,AQNB,Algonquin Power & Utilities Corp.,US,유틸리티,2026-08-14,25.65,6300,12200.0,0.1009,,82,60,55,50,65,1,HOLD,0.57,7,False,backfill
2026-08-16T12:53:51.927814+09:00,2026-08-16,SITM,SiTime Corporation,US,반도체,2026-08-14,711.91,291900,503845.0,55.8529,,62,65,55,30,56,0,HOLD,0.06,1,False,backfill
2026-08-16T12:53:51.927814+09:00,2026-08-16,BEKE,KE Holdings Inc.,US,리츠,2026-08-14,17.01,2319300,2914305.0,0.4071,,58,60,55,58,58,0,HOLD,0.09,1,False,backfill
2026-08-16T12:53:51.927814+09:00,2026-08-16,TSCO,Tractor Supply Company,US,소비재,2026-08-14,35.83,8958800,12924050.0,1.1914,,74,60,75,50,68,2,WATCH,0.87,10,False,backfill
2026-08-16T12:53:51.927814+09:00,2026-08-16,KSPI,Joint Stock Company Kaspi.kz,US,IT,2026-08-14,98.7,311700,518475.0,3.1631,,73,60,45,80,63,2,WATCH,0.64,8,False,backfill
2026-08-16T12:53:51.927814+09:00,2026-08-16,EWBC,"East West Bancorp, Inc.",US,금융,2026-08-14,136.6,399400,685880.0,2.0679,,78,60,50,55,63,1,HOLD,0.68,8,False,backfill
2026-08-16T12:53:51.927814+09:00,2026-08-16,RIVN,"Rivian Automotive, Inc.",US,소비재,2026-08-14,15.36,17231800,22205055.0,0.7361,,35,60,53,50,48,0,HOLD,0.04,0,False,backfill
2026-08-16T12:53:51.927814+09:00,2026-08-16,GPC,Genuine Parts Company,US,소비재,2026-08-14,135.03,688200,1456200.0,3.5814,,73,60,63,43,63,1,HOLD,0.7,8,False,backfill
2026-08-16T12:53:51.927814+09:00,2026-08-16,FTV,Fortive Corporation,US,IT,2026-08-14,61.62,1717900,2843420.0,1.6414,,80,60,63,74,70,2,WATCH,0.76,9,False,backfill
2026-08-16T12:53:51.927814+09:00,2026-08-16,ESS,"Essex Property Trust, Inc.",US,리츠,2026-08-14,287.52,406500,435665.0,6.0414,,47,60,55,45,52,0,HOLD,0.17,2,False,backfill
2026-08-16T12:53:51.927814+09:00,2026-08-16,BIP,Brookfield Infrastructure Partners L.P.,US,유틸리티,2026-08-14,39.74,296900,1170980.0,1.3286,,47,60,55,30,49,0,HOLD,0.09,1,False,backfill
2026-08-16T12:53:51.927814+09:00,2026-08-16,VIV,Telefônica Brasil S.A.,US,인터넷,2026-08-14,11.41,5964000,1766130.0,0.3485,,18,65,55,76,47,1,HOLD,-0.4,-5,False,backfill
2026-08-16T12:53:51.927814+09:00,2026-08-16,LNT,Alliant Energy Corporation,US,유틸리티,2026-08-14,70.6,1610200,2765370.0,1.4141,,25,60,60,42,45,0,HOLD,-0.22,-3,False,backfill
2026-08-16T12:53:51.927814+09:00,2026-08-16,BBY,"Best Buy Co., Inc.",US,소비재,2026-08-14,86.42,2920700,3135680.0,2.7914,,66,60,53,68,61,0,HOLD,0.59,7,False,backfill
2026-08-16T12:53:51.927814+09:00,2026-08-16,AKAM,"Akamai Technologies, Inc.",US,IT,2026-08-14,124.99,2176600,3771645.0,6.2843,,62,60,60,50,59,0,HOLD,0.14,2,False,backfill
2026-08-16T12:53:51.927814+09:00,2026-08-16,CF,"CF Industries Holdings, Inc.",US,소재,2026-08-14,118.3,1277100,2263390.0,4.7259,,43,60,63,78,58,1,HOLD,0.14,2,False,backfill
2026-08-16T12:53:51.927814+09:00,2026-08-16,NWS,News Corporation,US,인터넷,2026-08-14,33.17,868500,1132735.0,1.0564,,91,65,58,66,72,1,HOLD,0.94,11,False,backfill
2026-08-16T12:53:51.927814+09:00,2026-08-16,ZTO,ZTO Express (Cayman) Inc.,US,산업재,2026-08-14,22.9,1228000,1808760.0,0.5629,,43,60,55,76,55,1,HOLD,0.01,0,False,backfill
2026-08-16T12:53:51.927814+09:00,2026-08-16,LDOS,"Leidos Holdings, Inc.",US,IT,2026-08-14,143.83,1392800,1648695.0,5.2264,,69,60,55,68,63,0,HOLD,0.65,8,False,backfill
2026-08-16T12:53:51.927814+09:00,2026-08-16,JHX,James Hardie Industries plc,US,소재,2026-08-14,31.04,5251400,7734415.0,0.98,,80,60,63,51,67,1,HOLD,0.83,10,False,backfill
2026-08-16T12:53:51.927814+09:00,2026-08-16,NTNX,"Nutanix, Inc.",US,IT,2026-08-14,66.605,2270900,2498770.0,2.2076,,80,60,60,43,64,1,HOLD,0.77,9,False,backfill
2026-08-16T12:53:51.927814+09:00,2026-08-16,PR,Permian Resources Corporation,US,에너지,2026-08-14,21.5,6072900,8641575.0,0.7231,,87,60,60,68,71,1,HOLD,0.81,10,False,backfill
2026-08-16T12:53:51.927814+09:00,2026-08-16,INVH,Invitation Homes Inc.,US,리츠,2026-08-14,30.29,3348700,4046725.0,0.5671,,69,60,63,53,63,0,HOLD,0.58,7,False,backfill
2026-08-16T12:53:51.927814+09:00,2026-08-16,ZBRA,Zebra Technologies Corporation,US,IT,2026-08-14,376.03,573400,890365.0,16.8686,,80,60,55,66,66,1,HOLD,0.8,10,False,backfill
2026-08-16T12:53:51.927814+09:00,2026-08-16,LSCC,Lattice Semiconductor Corporation,US,반도체,2026-08-14,130.46,1180300,1981625.0,8.1864,,65,65,58,43,60,0,HOLD,0.43,5,False,backfill
2026-08-16T12:53:51.927814+09:00,2026-08-16,CDW,CDW Corporation,US,IT,2026-08-14,139.42,1173500,1914105.0,7.9671,,66,60,60,68,63,0,HOLD,0.66,8,False,backfill
2026-08-16T12:53:51.927814+09:00,2026-08-16,CG,The Carlyle Group Inc.,US,금융,2026-08-14,48.93,5138200,4092925.0,1.9837,,80,60,55,50,64,1,HOLD,0.56,7,False,backfill
2026-08-16T12:53:51.927814+09:00,2026-08-16,RBC,RBC Bearings Incorporated,US,산업재,2026-08-14,560.49,114500,230235.0,18.9464,,25,60,53,50,44,0,AVOID,-0.36,-4,True,backfill
2026-08-16T12:53:51.927814+09:00,2026-08-16,PKX,POSCO Holdings Inc.,US,소재,2026-08-14,58.6,234600,327900.0,1.9614,,62,60,50,66,59,0,HOLD,0.09,1,False,backfill
2026-08-16T12:53:51.927814+09:00,2026-08-16,WY,Weyerhaeuser Company,US,리츠,2026-08-14,24.56,3610600,5371060.0,0.7243,,54,60,60,50,56,0,HOLD,0.33,4,False,backfill
2026-08-16T12:53:51.927814+09:00,2026-08-16,STRL,"Sterling Infrastructure, Inc.",US,산업재,2026-08-14,576.48,504200,828480.0,50.1986,,40,60,58,50,51,0,HOLD,-0.19,-2,False,backfill
2026-08-16T12:53:51.927814+09:00,2026-08-16,WCC,"WESCO International, Inc.",US,산업재,2026-08-14,361.55,319500,657100.0,15.445,,87,60,50,58,66,1,HOLD,0.62,7,False,backfill
2026-08-16T12:53:51.927814+09:00,2026-08-16,IEX,IDEX Corporation,US,산업재,2026-08-14,238.94,455600,723650.0,6.1321,,81,60,63,58,68,1,HOLD,0.84,10,False,backfill
2026-08-16T12:53:51.927814+09:00,2026-08-16,BEN,"Franklin Resources, Inc.",US,금융,2026-08-14,33.86,2929200,4525335.0,0.9007,,62,60,53,58,58,0,HOLD,0.39,5,False,backfill
2026-08-16T12:53:51.927814+09:00,2026-08-16,FLUT,Flutter Entertainment plc,US,소비재,2026-08-14,101.41,1867400,3699655.0,5.2191,,32,60,70,60,53,1,HOLD,0.14,2,False,backfill
2026-08-16T12:53:51.927814+09:00,2026-08-16,NLY,"Annaly Capital Management, Inc.",US,리츠,2026-08-14,23.33,5058500,7726615.0,0.3936,,88,60,53,65,68,1,HOLD,0.84,10,False,backfill
2026-08-16T12:53:51.927814+09:00,2026-08-16,CHRW,"C.H. Robinson Worldwide, Inc.",US,산업재,2026-08-14,148.57,859500,2362955.0,7.4779,,25,60,50,50,43,0,AVOID,-0.42,-5,True,backfill
2026-08-16T12:53:51.927814+09:00,2026-08-16,OVV,Ovintiv Inc.,US,에너지,2026-08-14,63.02,3225100,3546895.0,2.1171,,84,60,60,76,71,2,WATCH,0.86,10,False,backfill
2026-08-16T12:53:51.927814+09:00,2026-08-16,ROL,"Rollins, Inc.",US,산업재,2026-08-14,36.2,3629400,6611145.0,0.9171,,37,60,55,45,48,0,HOLD,-0.28,-3,False,backfill
2026-08-16T12:53:51.927814+09:00,2026-08-16,DUKB,Duke Energy Corporation 5.625%,US,유틸리티,2026-08-14,22.3,35700,39560.0,0.1429,,28,60,58,50,47,0,HOLD,-0.24,-3,False,backfill
2026-08-16T12:53:51.927814+09:00,2026-08-16,WF,Woori Financial Group Inc.,US,금융,2026-08-14,71.37,51400,123500.0,1.94,,84,60,55,88,71,2,WATCH,0.88,11,False,backfill
2026-08-16T12:53:51.927814+09:00,2026-08-16,PTC,PTC Inc.,US,IT,2026-08-14,149.75,1151700,1615700.0,6.2093,,65,60,58,68,62,0,HOLD,0.48,6,False,backfill
2026-08-16T12:53:51.927814+09:00,2026-08-16,IONQ,"IonQ, Inc.",US,IT,2026-08-14,46.26,18133500,21230380.0,3.0507,,69,60,68,50,64,0,HOLD,0.38,5,False,backfill
2026-08-16T12:53:51.927814+09:00,2026-08-16,DKS,"DICK'S Sporting Goods, Inc.",US,소비재,2026-08-14,201.97,1246900,1287930.0,6.3686,,50,60,58,50,54,0,HOLD,0.05,1,False,backfill
2026-08-16T12:53:51.927814+09:00,2026-08-16,JLL,Jones Lang LaSalle Incorporated,US,리츠,2026-08-14,375.0,339800,358755.0,10.9593,,76,60,63,76,69,2,WATCH,0.86,10,False,backfill
2026-08-16T12:53:51.927814+09:00,2026-08-16,NDSN,Nordson Corporation,US,산업재,2026-08-14,308.72,400700,297075.0,5.7636,,91,60,60,58,71,1,HOLD,0.91,11,False,backfill
2026-08-16T12:53:51.927814+09:00,2026-08-16,H,Hyatt Hotels Corporation,US,소비재,2026-08-14,180.98,449600,910135.0,6.4307,,54,60,53,43,53,0,HOLD,0.25,3,False,backfill
2026-08-16T12:53:51.927814+09:00,2026-08-16,J,Jacobs Solutions Inc.,US,산업재,2026-08-14,144.66,958600,884480.0,4.4621,,88,60,60,58,70,1,HOLD,0.93,11,False,backfill
2026-08-16T12:53:51.927814+09:00,2026-08-16,GEN,Gen Digital Inc.,US,IT,2026-08-14,28.355,3164000,4784285.0,0.9985,,95,60,63,76,76,2,WATCH,1.13,14,False,backfill
2026-08-16T12:53:51.927814+09:00,2026-08-16,NVR,"NVR, Inc.",US,소비재,2026-08-14,6307.9302,23500,34330.0,170.7729,,40,60,65,63,55,0,HOLD,0.25,3,False,backfill
2026-08-16T12:53:51.927814+09:00,2026-08-16,CLH,"Clean Harbors, Inc.",US,산업재,2026-08-14,321.98,552800,495335.0,8.8721,,88,60,55,58,68,1,HOLD,0.8,10,False,backfill
2026-08-16T12:53:51.927814+09:00,2026-08-16,PAA,"Plains All American Pipeline, L.P.",US,에너지,2026-08-14,23.9,1893300,2639415.0,0.5034,,57,60,55,66,58,0,HOLD,0.39,5,False,backfill
2026-08-16T12:53:51.927814+09:00,2026-08-16,PFGC,Performance Food Group Co,US,소매,2026-08-14,107.25,1880800,1792560.0,3.419,,50,60,40,50,49,0,HOLD,0.14,2,False,backfill
2026-08-16T12:53:51.927814+09:00,2026-08-16,DINO,HF Sinclair Corporation,US,에너지,2026-08-14,93.67,2555200,3043540.0,3.9682,,70,60,58,78,66,2,WATCH,0.73,9,False,backfill
2026-08-16T12:53:51.927814+09:00,2026-08-16,YUMC,"Yum China Holdings, Inc.",US,소비재,2026-08-14,47.59,722200,1596420.0,1.1,,70,60,63,68,66,1,HOLD,0.56,7,False,backfill
2026-08-16T12:53:51.927814+09:00,2026-08-16,ONTO,Onto Innovation Inc.,US,반도체,2026-08-14,331.71,1074900,1197630.0,26.1682,,76,65,58,43,63,1,HOLD,0.73,9,False,backfill
2026-08-16T12:53:51.927814+09:00,2026-08-16,TLN,Talen Energy Corporation,US,유틸리티,2026-08-14,362.74,492600,740980.0,18.1638,,65,60,63,60,63,0,HOLD,0.41,5,False,backfill
2026-08-16T12:53:51.927814+09:00,2026-08-16,KIM,Kimco Realty Corporation,US,리츠,2026-08-14,24.41,2675200,4579345.0,0.4779,,36,60,63,53,51,0,HOLD,0.11,1,False,backfill
2026-08-16T12:53:51.927814+09:00,2026-08-16,BALL,Ball Corporation,US,소비재,2026-08-14,61.82,1606600,1937410.0,1.6314,,47,60,55,68,55,0,HOLD,0.28,3,False,backfill
2026-08-16T12:53:51.927814+09:00,2026-08-16,ARMK,Aramark,US,산업재,2026-08-14,62.39,2923500,2718485.0,1.3707,,82,60,55,58,66,1,HOLD,0.8,10,False,backfill
2026-08-16T12:53:51.927814+09:00,2026-08-16,NWSA,News Corporation,US,인터넷,2026-08-14,29.16,2160400,3875785.0,0.8779,,91,65,53,66,71,1,HOLD,0.89,11,False,backfill
2026-08-16T12:53:51.927814+09:00,2026-08-16,RGA,"Reinsurance Group of America, Incorporat",US,금융,2026-08-14,249.45,264600,358470.0,5.3743,,88,60,66,86,76,2,WATCH,1.1,13,False,backfill
2026-08-16T12:53:51.927814+09:00,2026-08-16,PS,Pershing Square Inc.,US,금융,2026-08-14,40.83,249700,133685.0,2.3343,,52,60,65,34,55,0,HOLD,-0.0,0,False,backfill
2026-08-16T12:53:51.927814+09:00,2026-08-16,WPC,W. P. Carey Inc.,US,리츠,2026-08-14,71.62,629400,1298955.0,1.4179,,32,60,63,58,51,0,HOLD,-0.06,-1,False,backfill
2026-08-16T12:53:51.927814+09:00,2026-08-16,PNFP,"Pinnacle Financial Partners, Inc.",US,금융,2026-08-14,108.01,685900,1242640.0,2.4231,,91,60,60,68,72,1,HOLD,0.98,12,False,backfill
2026-08-16T12:53:51.927814+09:00,2026-08-16,BSAC,Banco Santander-Chile,US,금융,2026-08-14,34.55,168700,269945.0,0.8843,,69,60,55,60,62,0,HOLD,0.62,7,False,backfill
2026-08-16T12:53:51.927814+09:00,2026-08-16,MEDP,"Medpace Holdings, Inc.",US,제약/바이오,2026-08-14,578.5,220600,358105.0,16.8618,,66,65,45,37,55,0,HOLD,0.43,5,False,backfill
2026-08-16T12:53:51.927814+09:00,2026-08-16,ALB,Albemarle Corporation,US,소재,2026-08-14,136.15,2340800,2404880.0,5.305,,44,60,60,59,54,0,HOLD,-0.08,-1,False,backfill
2026-08-16T12:53:51.927814+09:00,2026-08-16,CX,"CEMEX, S.A.B. de C.V.",US,소재,2026-08-14,11.06,3779100,7549615.0,0.28,,18,60,63,68,47,0,HOLD,-0.38,-5,False,backfill
2026-08-16T12:53:51.927814+09:00,2026-08-16,BWXT,"BWX Technologies, Inc.",US,산업재,2026-08-14,173.22,537600,853940.0,6.8671,,55,60,45,42,51,0,HOLD,-0.14,-2,False,backfill
2026-08-16T12:53:51.927814+09:00,2026-08-16,LAMR,Lamar Advertising Company,US,리츠,2026-08-14,155.47,580200,704490.0,4.14,,47,60,50,42,50,0,HOLD,0.09,1,False,backfill
2026-08-16T12:53:51.927814+09:00,2026-08-16,EMA,Emera Incorporated,US,유틸리티,2026-08-14,51.51,267000,647645.0,0.9102,,58,60,55,42,55,0,HOLD,0.19,2,False,backfill
2026-08-16T12:53:51.927814+09:00,2026-08-16,TIGO,Millicom International Cellular S.A.,US,인터넷,2026-08-14,93.89,1022300,1431990.0,4.3545,,47,65,50,74,56,1,HOLD,0.35,4,False,backfill
2026-08-16T12:53:51.927814+09:00,2026-08-16,IREN,IREN Limited,US,IT,2026-08-14,44.06,42034100,49603540.0,4.2286,,62,60,73,37,61,1,HOLD,0.23,3,False,backfill
2026-08-16T12:53:51.927814+09:00,2026-08-16,SBS,Companhia de Saneamento Básico do Estado,US,유틸리티,2026-08-14,4.6,12817000,7845815.0,0.1979,,10,60,45,70,40,1,AVOID,-0.67,-8,True,backfill
2026-08-16T12:53:51.927814+09:00,2026-08-16,RBA,"RB Global, Inc.",US,산업재,2026-08-14,84.26,3607900,1756445.0,4.3236,,18,60,60,58,45,0,HOLD,-0.45,-5,False,backfill
2026-08-16T12:53:51.927814+09:00,2026-08-16,GIB,CGI Inc.,US,IT,2026-08-14,73.41,230600,507295.0,2.31,,84,60,60,68,70,1,HOLD,0.91,11,False,backfill
2026-08-16T12:53:51.927814+09:00,2026-08-16,HST,"Host Hotels & Resorts, Inc.",US,리츠,2026-08-14,22.9,6355700,10152665.0,0.6643,,36,60,63,63,53,0,HOLD,0.19,2,False,backfill
2026-08-16T12:53:51.927814+09:00,2026-08-16,MAIR,Madison Air Solutions Corporation,US,산업재,2026-08-14,31.28,1024200,2485990.0,1.9414,,37,60,70,43,52,1,HOLD,-0.13,-2,False,backfill
2026-08-16T12:53:51.927814+09:00,2026-08-16,RZC,"Reinsurance Group of America, Incorporat",US,금융,2026-08-14,25.75,50200,41925.0,0.1489,,74,60,58,50,63,1,HOLD,0.53,6,False,backfill
2026-08-16T12:53:51.927814+09:00,2026-08-16,BBIO,"BridgeBio Pharma, Inc.",US,제약/바이오,2026-08-14,79.86,3094000,2088290.0,3.0175,,46,65,48,27,48,0,HOLD,0.15,2,False,backfill
2026-08-16T12:53:51.927814+09:00,2026-08-16,LECO,"Lincoln Electric Holdings, Inc.",US,산업재,2026-08-14,286.87,317600,446615.0,9.8407,,81,60,53,50,64,1,HOLD,0.64,8,False,backfill
2026-08-16T12:53:51.927814+09:00,2026-08-16,ULS,UL Solutions Inc.,US,산업재,2026-08-14,77.46,652700,1052940.0,3.5314,,15,60,48,42,38,0,AVOID,-0.67,-8,True,backfill
2026-08-16T12:53:51.927814+09:00,2026-08-16,MAA,"Mid-America Apartment Communities, Inc.",US,리츠,2026-08-14,133.49,596600,1079375.0,2.7743,,28,60,71,53,51,1,HOLD,0.05,1,False,backfill
2026-08-16T12:53:51.927814+09:00,2026-08-16,STLA,Stellantis N.V.,US,소비재,2026-08-14,5.36,10332400,20889990.0,0.2193,,18,60,58,72,46,1,HOLD,-0.42,-5,False,backfill
2026-08-16T12:53:51.927814+09:00,2026-08-16,CCZ,Comcast Holdings Corp.,US,인터넷,2026-08-14,62.2,0,100.0,0.2707,,15,65,55,50,42,0,AVOID,-0.36,-4,True,backfill
2026-08-16T12:53:51.927814+09:00,2026-08-16,ASND,Ascendis Pharma A/S,US,제약/바이오,2026-08-14,248.5,650400,528820.0,7.9939,,43,65,82,50,60,1,HOLD,0.4,5,False,backfill
2026-08-16T12:53:51.927814+09:00,2026-08-16,TRU,TransUnion,US,금융,2026-08-14,80.48,1076700,2239830.0,3.4411,,62,60,53,66,60,0,HOLD,0.53,6,False,backfill
2026-08-16T12:53:51.927814+09:00,2026-08-16,SWK,"Stanley Black & Decker, Inc.",US,산업재,2026-08-14,102.07,1105000,2186845.0,3.2707,,85,60,60,66,70,1,HOLD,0.92,11,False,backfill
2026-08-16T12:53:51.927814+09:00,2026-08-16,NXT,Nextpower Inc.,US,IT,2026-08-14,101.47,1729200,2806095.0,6.3964,,55,60,48,53,54,0,HOLD,-0.07,-1,False,backfill
2026-08-16T12:53:51.927814+09:00,2026-08-16,JAZZ,Jazz Pharmaceuticals plc,US,제약/바이오,2026-08-14,244.96,542000,817075.0,7.3886,,44,65,48,84,55,1,HOLD,0.22,3,False,backfill
2026-08-16T12:53:51.927814+09:00,2026-08-16,CRBG,"Corebridge Financial, Inc.",US,금융,2026-08-14,34.47,2685500,4839995.0,1.0726,,95,60,53,58,70,1,HOLD,0.96,12,False,backfill
2026-08-16T12:53:51.927814+09:00,2026-08-16,NBIX,"Neurocrine Biosciences, Inc.",US,제약/바이오,2026-08-14,152.72,1305100,1472805.0,6.6093,,43,65,63,66,57,0,HOLD,0.17,2,False,backfill
2026-08-16T12:53:51.927814+09:00,2026-08-16,SOLV,Solventum Corporation,US,제약/바이오,2026-08-14,88.59,1450400,1245155.0,3.3286,,91,65,58,70,73,2,WATCH,1.03,12,False,backfill
2026-08-16T12:53:51.927814+09:00,2026-08-16,TXT,Textron Inc.,US,산업재,2026-08-14,89.0,1051800,1821560.0,2.9086,,47,60,63,68,58,0,HOLD,0.19,2,False,backfill
2026-08-16T12:53:51.927814+09:00,2026-08-16,PINS,"Pinterest, Inc.",US,인터넷,2026-08-14,24.06,8644600,11762700.0,0.9957,,59,65,45,59,56,0,HOLD,0.41,5,False,backfill
2026-08-16T12:53:51.927814+09:00,2026-08-16,TU,Telus Corp,US,인터넷,2026-08-14,9.76,5801300,9835105.0,0.3929,,48,65,55,68,56,0,HOLD,-0.01,0,False,backfill
2026-08-16T12:53:51.927814+09:00,2026-08-16,VNOM,"Viper Energy, Inc.",US,에너지,2026-08-14,42.29,1107200,1596305.0,1.1893,,38,60,60,60,52,0,HOLD,-0.09,-1,False,backfill
2026-08-16T12:53:51.927814+09:00,2026-08-16,SUI,"Sun Communities, Inc.",US,리츠,2026-08-14,123.29,2697600,1659615.0,3.1336,,59,60,60,46,58,0,HOLD,0.28,3,False,backfill
2026-08-16T12:53:51.927814+09:00,2026-08-16,DOCN,"DigitalOcean Holdings, Inc.",US,IT,2026-08-14,129.92,2027500,3434175.0,11.7641,,62,60,63,26,56,0,HOLD,0.09,1,False,backfill
2026-08-16T12:53:51.927814+09:00,2026-08-16,KEP,Korea Electric Power Corporation,US,유틸리티,2026-08-14,11.77,1000400,1073220.0,0.3743,,28,60,58,88,52,1,HOLD,-0.18,-2,False,backfill
2026-08-16T12:53:51.927814+09:00,2026-08-16,TKO,"TKO Group Holdings, Inc.",US,인터넷,2026-08-14,201.28,955700,1077710.0,5.6757,,58,65,43,43,53,0,HOLD,0.26,3,False,backfill
2026-08-16T12:53:51.927814+09:00,2026-08-16,IESC,"IES Holdings, Inc.",US,산업재,2026-08-14,756.18,129000,187710.0,59.6979,,76,60,40,42,57,1,HOLD,0.44,5,False,backfill
2026-08-16T12:53:51.927814+09:00,2026-08-16,QXO,"QXO, Inc.",US,산업재,2026-08-14,14.51,25376700,20052825.0,0.9193,,65,60,63,42,60,0,HOLD,0.24,3,False,backfill
2026-08-16T12:53:51.927814+09:00,2026-08-16,LTM,LATAM Airlines Group S.A.,US,산업재,2026-08-14,52.26,488100,698130.0,2.0246,,39,60,53,62,51,0,HOLD,0.08,1,False,backfill
2026-08-16T12:53:51.927814+09:00,2026-08-16,CSL,Carlisle Companies Incorporated,US,소재,2026-08-14,370.04,301900,478485.0,14.915,,91,60,60,50,69,1,HOLD,0.83,10,False,backfill
2026-08-16T12:53:51.927814+09:00,2026-08-16,COO,"The Cooper Companies, Inc.",US,제약/바이오,2026-08-14,76.17,887100,1930700.0,1.6721,,73,65,63,51,65,1,HOLD,0.77,9,False,backfill
2026-08-16T12:53:51.927814+09:00,2026-08-16,COKE,"Coca-Cola Consolidated, Inc.",US,소매,2026-08-14,189.11,364100,488865.0,8.3786,,84,60,55,53,66,1,HOLD,0.81,10,False,backfill
2026-08-16T12:53:51.927814+09:00,2026-08-16,CACI,CACI International Inc,US,IT,2026-08-14,670.54,254600,318610.0,28.6086,,73,60,55,53,62,1,HOLD,0.66,8,False,backfill
2026-08-16T12:53:51.927814+09:00,2026-08-16,LOGI,Logitech International S.A.,US,IT,2026-08-14,103.09,493600,1194825.0,4.0157,,28,60,60,50,47,0,HOLD,-0.14,-2,False,backfill
2026-08-16T12:53:51.927814+09:00,2026-08-16,SKM,"SK Telecom Co.,Ltd",US,인터넷,2026-08-14,38.51,2629200,2502000.0,1.8071,,69,65,55,51,61,0,HOLD,0.44,5,False,backfill
2026-08-16T12:53:51.927814+09:00,2026-08-16,UNM,Unum Group,US,금융,2026-08-14,93.33,1248200,1527430.0,2.6286,,88,60,66,50,70,1,HOLD,0.97,12,False,backfill
2026-08-16T12:53:51.927814+09:00,2026-08-16,MKC,"McCormick & Company, Incorporated",US,소매,2026-08-14,54.67,1701800,2897870.0,1.4693,,70,60,63,70,66,2,WATCH,0.76,9,False,backfill
2026-08-16T12:53:51.927814+09:00,2026-08-16,FUTU,Futu Holdings Limited,US,금융,2026-08-14,105.23,444000,1198170.0,3.4194,,36,60,60,78,54,1,HOLD,-0.12,-1,False,backfill
2026-08-16T12:53:51.927814+09:00,2026-08-16,MAS,Masco Corporation,US,소재,2026-08-14,74.33,1484300,2899255.0,2.7436,,47,60,73,68,61,1,HOLD,0.43,5,False,backfill
2026-08-16T12:53:51.927814+09:00,2026-08-16,AMKR,"Amkor Technology, Inc.",US,반도체,2026-08-14,58.99,3233900,5986855.0,4.7107,,55,65,40,58,53,0,HOLD,-0.1,-1,False,backfill
2026-08-16T12:53:51.927814+09:00,2026-08-16,EG,"Everest Group, Ltd.",US,금융,2026-08-14,370.11,204400,360170.0,8.7871,,44,60,63,100,61,1,HOLD,0.38,5,False,backfill
2026-08-16T12:53:51.927814+09:00,2026-08-16,TLK,Perusahaan Perseroan (Persero) PT Teleko,US,인터넷,2026-08-14,14.84,372800,772520.0,0.3257,,80,65,55,63,67,1,HOLD,0.56,7,False,backfill
2026-08-16T12:53:51.927814+09:00,2026-08-16,GFL,GFL Environmental Inc.,US,산업재,2026-08-14,41.9,2082300,2135170.0,1.1768,,62,60,55,42,56,0,HOLD,0.46,6,False,backfill
2026-08-16T12:53:51.927814+09:00,2026-08-16,GWRE,"Guidewire Software, Inc.",US,IT,2026-08-14,175.59,876600,1160990.0,9.0957,,78,60,45,43,59,1,HOLD,0.58,7,False,backfill
2026-08-16T12:53:51.927814+09:00,2026-08-16,LII,Lennox International Inc.,US,산업재,2026-08-14,422.01,524500,626600.0,22.1357,,15,60,58,42,41,0,AVOID,-0.56,-7,True,backfill
2026-08-16T12:53:51.927814+09:00,2026-08-16,BNT,Brookfield Wealth Solutions Ltd.,US,금융,2026-08-14,43.83,4600,19170.0,0.9901,,57,60,55,60,57,0,HOLD,0.2,2,False,backfill
2026-08-16T12:53:51.927814+09:00,2026-08-16,MLI,"Mueller Industries, Inc.",US,산업재,2026-08-14,65.9,1252900,1253905.0,1.7971,,87,60,53,55,67,1,HOLD,0.58,7,False,backfill
2026-08-16T12:53:51.927814+09:00,2026-08-16,ECHO,EchoStar Corporation,US,인터넷,2026-08-14,91.89,2113700,5122110.0,4.2371,,62,65,48,62,58,0,HOLD,0.09,1,False,backfill
2026-08-16T12:53:51.927814+09:00,2026-08-16,RPM,RPM International Inc.,US,소재,2026-08-14,113.82,799900,1070365.0,3.5314,,91,60,60,58,71,1,HOLD,0.98,12,False,backfill
2026-08-16T12:53:51.927814+09:00,2026-08-16,TTMI,"TTM Technologies, Inc.",US,IT,2026-08-14,140.0,1664800,3134795.0,12.4643,,62,60,48,43,55,0,HOLD,-0.01,0,False,backfill
2026-08-16T12:53:51.927814+09:00,2026-08-16,UHAL,U-Haul Holding Company,US,산업재,2026-08-14,74.21,128900,167605.0,1.9421,,73,60,58,35,60,1,HOLD,0.62,7,False,backfill
2026-08-16T12:53:51.927814+09:00,2026-08-16,EQH,"Equitable Holdings, Inc.",US,금융,2026-08-14,53.09,1196800,3045785.0,1.656,,92,60,56,62,70,1,HOLD,0.96,12,False,backfill
2026-08-16T12:53:51.927814+09:00,2026-08-16,AIZN,"Assurant, Inc. 5.25% Subordinat",US,금융,2026-08-14,18.57,6800,12585.0,0.2556,,43,60,55,50,51,0,HOLD,-0.03,0,False,backfill
2026-08-16T12:53:51.927814+09:00,2026-08-16,PAG,"Penske Automotive Group, Inc.",US,소비재,2026-08-14,219.85,316600,555245.0,3.839,,81,60,61,60,68,1,HOLD,0.85,10,False,backfill
2026-08-16T12:53:51.927814+09:00,2026-08-16,IVZ,Invesco Ltd.,US,금융,2026-08-14,32.55,4434200,5128780.0,0.9696,,76,60,60,86,70,2,WATCH,0.86,10,False,backfill
2026-08-16T12:53:51.927814+09:00,2026-08-16,KKRS,KKR Group Finance Co. IX LLC 4.,US,금융,2026-08-14,16.23,28700,34075.0,0.1313,,73,60,55,50,62,1,HOLD,0.43,5,False,backfill
2026-08-16T12:53:51.927814+09:00,2026-08-16,GRAB,Grab Holdings Limited,US,IT,2026-08-14,3.62,19084900,47569585.0,0.1439,,72,60,45,66,61,1,HOLD,0.41,5,False,backfill
2026-08-16T12:53:51.927814+09:00,2026-08-16,DOC,"Healthpeak Properties, Inc.",US,리츠,2026-08-14,20.688,2952300,5945325.0,0.5054,,39,60,50,53,49,0,HOLD,0.03,0,False,backfill
2026-08-16T12:53:51.927814+09:00,2026-08-16,DT,"Dynatrace, Inc.",US,IT,2026-08-14,49.14,5858300,5865360.0,2.2929,,85,60,53,43,64,1,HOLD,0.77,9,False,backfill
2026-08-16T12:53:51.927814+09:00,2026-08-16,APA,APA Corporation,US,에너지,2026-08-14,40.47,3961200,5591830.0,1.5307,,74,60,60,86,69,2,WATCH,0.7,8,False,backfill
2026-08-16T12:53:51.927814+09:00,2026-08-16,ARCC,Ares Capital Corporation,US,금융,2026-08-14,19.87,3986700,4556515.0,0.3636,,91,60,53,71,70,2,WATCH,0.85,10,False,backfill
2026-08-16T12:53:51.927814+09:00,2026-08-16,UNMA,Unum Group 6.250% JR NT58,US,금융,2026-08-14,21.09,14900,24620.0,0.188,,28,60,58,80,51,1,HOLD,-0.15,-2,False,backfill
2026-08-16T12:53:51.927814+09:00,2026-08-16,AEFC,Aegon Funding Company LLC,US,금융,2026-08-14,18.36,33300,40385.0,0.1457,,72,60,55,50,61,1,HOLD,0.36,4,False,backfill
2026-08-16T12:53:51.927814+09:00,2026-08-16,AEG,Aegon Ltd.,US,금융,2026-08-14,9.45,2673500,4835215.0,0.1407,,69,60,50,55,59,0,HOLD,0.55,7,False,backfill
2026-08-16T12:53:51.927814+09:00,2026-08-16,BWA,BorgWarner Inc.,US,소비재,2026-08-14,68.66,1562600,2230415.0,2.4307,,76,60,73,74,72,3,BUY,0.87,10,False,backfill
2026-08-16T12:53:51.927814+09:00,2026-08-16,GL,Globe Life Inc.,US,금융,2026-08-14,181.0,348800,695475.0,3.8671,,54,60,53,68,57,0,HOLD,0.42,5,False,backfill
2026-08-16T12:53:51.927814+09:00,2026-08-16,ALLE,Allegion plc,US,산업재,2026-08-14,164.78,1048300,1402615.0,4.1914,,66,60,45,58,57,0,HOLD,0.47,6,False,backfill
2026-08-16T12:53:51.927814+09:00,2026-08-16,AGI,Alamos Gold Inc.,US,소재,2026-08-14,33.36,2626500,4916925.0,1.3271,,62,60,55,70,61,1,HOLD,0.16,2,False,backfill
2026-08-16T12:53:51.927814+09:00,2026-08-16,REG,Regency Centers Corporation,US,리츠,2026-08-14,76.71,645200,1423135.0,1.4571,,32,60,63,58,51,0,HOLD,-0.02,0,False,backfill
2026-08-16T12:53:51.927814+09:00,2026-08-16,AIZ,"Assurant, Inc.",US,금융,2026-08-14,282.38,359500,389185.0,7.8257,,69,60,63,68,65,0,HOLD,0.74,9,False,backfill
2026-08-16T12:53:51.927814+09:00,2026-08-16,XELLL,Xcel Energy Inc. 6.25% Junior Subordinat,US,유틸리티,2026-08-14,22.95,32000,48700.0,0.1689,,28,60,55,60,47,0,HOLD,-0.21,-3,False,backfill
2026-08-16T12:53:51.927814+09:00,2026-08-16,DTM,"DT Midstream, Inc.",US,에너지,2026-08-14,136.9,672600,893900.0,3.3914,,47,60,65,50,55,0,HOLD,0.12,1,False,backfill
2026-08-16T12:53:51.927814+09:00,2026-08-16,W,Wayfair Inc.,US,소비재,2026-08-14,101.63,1905800,4095875.0,6.7746,,95,60,45,45,66,1,HOLD,0.83,10,False,backfill
2026-08-16T12:53:51.927814+09:00,2026-08-16,OHI,"Omega Healthcare Investors, Inc.",US,리츠,2026-08-14,46.53,1788500,1977760.0,1.1447,,35,60,63,55,51,0,HOLD,-0.02,0,False,backfill
2026-08-16T12:53:51.927814+09:00,2026-08-16,SGI,Somnigroup International Inc,US,소비재,2026-08-14,66.06,2707500,2860185.0,2.775,,25,60,63,66,50,0,HOLD,-0.07,-1,False,backfill
2026-08-16T12:53:51.927814+09:00,2026-08-16,TOL,"Toll Brothers, Inc.",US,소비재,2026-08-14,148.27,739700,797675.0,4.5007,,47,60,60,70,57,1,HOLD,0.34,4,False,backfill
2026-08-16T12:53:51.927814+09:00,2026-08-16,EMBJ,Embraer S.A.,US,산업재,2026-08-14,75.38,1449400,1312710.0,2.5914,,70,60,55,53,61,1,HOLD,0.61,7,False,backfill
2026-08-16T12:53:51.927814+09:00,2026-08-16,BAX,Baxter International Inc.,US,제약/바이오,2026-08-14,26.73,4957300,7819390.0,1.3621,,73,65,66,63,68,1,HOLD,0.84,10,False,backfill
2026-08-16T12:53:51.927814+09:00,2026-08-16,CNA,CNA Financial Corporation,US,금융,2026-08-14,50.52,253100,449950.0,1.1746,,44,60,60,86,58,1,HOLD,0.42,5,False,backfill
2026-08-16T12:53:51.927814+09:00,2026-08-16,AUR,"Aurora Innovation, Inc.",US,IT,2026-08-14,6.99,16564100,25101260.0,0.4157,,87,60,40,50,62,1,HOLD,0.36,4,False,backfill
2026-08-16T12:53:51.927814+09:00,2026-08-16,AVY,Avery Dennison Corporation,US,소비재,2026-08-14,178.93,702600,894010.0,6.2957,,69,60,55,58,61,0,HOLD,0.58,7,False,backfill
2026-08-16T12:53:51.927814+09:00,2026-08-16,ALLY,Ally Financial Inc.,US,금융,2026-08-14,44.91,2210600,3221105.0,0.9118,,64,60,63,86,66,1,HOLD,0.64,8,False,backfill
2026-08-16T12:53:51.927814+09:00,2026-08-16,HAS,"Hasbro, Inc.",US,소비재,2026-08-14,96.7,1268800,2454345.0,2.6493,,80,60,45,60,62,1,HOLD,0.51,6,False,backfill
2026-08-16T12:53:51.927814+09:00,2026-08-16,TXRH,"Texas Roadhouse, Inc.",US,소비재,2026-08-14,207.1,662900,882005.0,5.4,,69,60,58,42,60,0,HOLD,0.57,7,False,backfill
2026-08-16T12:53:51.927814+09:00,2026-08-16,TME,Tencent Music Entertainment Group,US,인터넷,2026-08-14,8.84,12222000,8905045.0,0.4184,,43,65,63,78,59,1,HOLD,0.23,3,False,backfill
2026-08-16T12:53:51.927814+09:00,2026-08-16,LULU,Lululemon Athletica Inc.,US,소비재,2026-08-14,119.55,2988400,2498990.0,3.8629,,43,60,60,86,58,1,HOLD,0.21,3,False,backfill
2026-08-16T12:53:51.927814+09:00,2026-08-16,FIVE,"Five Below, Inc.",US,소비재,2026-08-14,244.54,615300,943385.0,8.6571,,76,60,63,58,66,1,HOLD,0.8,10,False,backfill
2026-08-16T12:53:51.927814+09:00,2026-08-16,SREA,Sempra,US,유틸리티,2026-08-14,20.67,32400,45870.0,0.1989,,17,60,55,50,42,0,AVOID,-0.38,-5,True,backfill
2026-08-16T12:53:51.927814+09:00,2026-08-16,HRL,Hormel Foods Corporation,US,소매,2026-08-14,24.54,3322700,3274205.0,0.5279,,51,60,50,58,54,0,HOLD,0.31,4,False,backfill
2026-08-16T12:53:51.927814+09:00,2026-08-16,CRL,Charles River Laboratories International,US,제약/바이오,2026-08-14,280.05,750400,955685.0,11.1907,,80,65,45,58,63,1,HOLD,0.7,8,False,backfill
2026-08-16T12:53:51.927814+09:00,2026-08-16,TYL,"Tyler Technologies, Inc.",US,IT,2026-08-14,328.64,713200,868915.0,14.6521,,84,60,60,50,67,1,HOLD,0.73,9,False,backfill
2026-08-16T12:53:51.927814+09:00,2026-08-16,CHKP,Check Point Software Technologies Ltd.,US,IT,2026-08-14,131.72,712000,1285310.0,5.2464,,77,60,50,68,64,1,HOLD,0.69,8,False,backfill
2026-08-16T12:53:51.927814+09:00,2026-08-16,RNR,RenaissanceRe Holdings Ltd.,US,금융,2026-08-14,323.36,206400,311235.0,7.0314,,62,60,63,73,64,1,HOLD,0.58,7,False,backfill
2026-08-16T12:53:51.927814+09:00,2026-08-16,TRMB,Trimble Inc.,US,IT,2026-08-14,57.6,4142900,2831035.0,2.3957,,58,60,63,68,61,0,HOLD,0.41,5,False,backfill
2026-08-16T12:53:51.927814+09:00,2026-08-16,WMG,Warner Music Group Corp.,US,인터넷,2026-08-14,25.65,1729900,2322985.0,1.2616,,18,65,58,58,45,0,HOLD,-0.43,-5,False,backfill
2026-08-16T12:53:51.927814+09:00,2026-08-16,AIT,"Applied Industrial Technologies, Inc.",US,산업재,2026-08-14,361.95,391800,256380.0,9.3803,,91,60,63,45,70,1,HOLD,0.96,12,False,backfill
2026-08-16T12:53:51.927814+09:00,2026-08-16,BIPI,BIP Bermuda Holdings I Limited,US,산업재,2026-08-14,16.74,3500,17325.0,0.1606,,58,60,55,50,56,0,HOLD,0.28,3,False,backfill
2026-08-16T12:53:51.927814+09:00,2026-08-16,FNF,"Fidelity National Financial, Inc.",US,금융,2026-08-14,49.47,1633400,1659910.0,1.5164,,47,60,63,84,60,1,HOLD,0.35,4,False,backfill
2026-08-16T12:53:51.927814+09:00,2026-08-16,NVMI,Nova Ltd.,US,반도체,2026-08-14,418.12,452800,548820.0,24.2921,,55,65,40,42,51,0,HOLD,-0.16,-2,False,backfill
2026-08-16T12:53:51.927814+09:00,2026-08-16,GGG,Graco Inc.,US,산업재,2026-08-14,81.94,1083600,1521640.0,1.6464,,84,60,63,50,68,1,HOLD,0.77,9,False,backfill
2026-08-16T12:53:51.927814+09:00,2026-08-16,AEIS,"Advanced Energy Industries, Inc.",US,IT,2026-08-14,330.26,345600,723640.0,22.5036,,72,60,55,35,59,1,HOLD,0.34,4,False,backfill
2026-08-16T12:53:51.927814+09:00,2026-08-16,AA,Alcoa Corporation,US,소재,2026-08-14,49.98,2924300,5346515.0,2.0115,,62,60,63,73,64,1,HOLD,0.26,3,False,backfill
2026-08-16T12:53:51.927814+09:00,2026-08-16,CSGP,"CoStar Group, Inc.",US,리츠,2026-08-14,32.38,5996700,7503175.0,1.66,,69,60,63,51,63,0,HOLD,0.49,6,False,backfill
2026-08-16T12:53:51.927814+09:00,2026-08-16,WSE,Wise Group plc Class A Ordinary Shares,US,IT,2026-08-14,13.09,1046600,1162525.0,0.3293,,67,60,75,45,65,1,HOLD,0.45,5,False,backfill
2026-08-16T12:53:51.927814+09:00,2026-08-16,SMTC,Semtech Corporation,US,반도체,2026-08-14,140.35,1917900,2020550.0,10.73,,67,65,53,42,59,0,HOLD,0.37,4,False,backfill
2026-08-16T12:53:51.927814+09:00,2026-08-16,RVTY,"Revvity, Inc.",US,제약/바이오,2026-08-14,116.84,774500,1571720.0,3.7321,,91,65,58,58,71,1,HOLD,0.99,12,False,backfill
2026-08-16T12:53:51.927814+09:00,2026-08-16,BMRN,BioMarin Pharmaceutical Inc.,US,제약/바이오,2026-08-14,67.36,1413500,2290420.0,2.2643,,85,65,63,51,69,1,HOLD,0.93,11,False,backfill
2026-08-16T12:53:51.927814+09:00,2026-08-16,ALGN,"Align Technology, Inc.",US,제약/바이오,2026-08-14,181.31,960000,934155.0,6.9393,,73,65,63,66,67,1,HOLD,0.74,9,False,backfill
2026-08-16T12:53:51.927814+09:00,2026-08-16,SF,Stifel Financial Corp,US,금융,2026-08-14,85.62,579800,1088335.0,1.9071,,84,60,52,68,67,1,HOLD,0.83,10,False,backfill
2026-08-16T12:53:51.927814+09:00,2026-08-16,SJM,The J. M. Smucker Company,US,소매,2026-08-14,121.39,905300,1306135.0,3.3131,,73,60,40,78,61,2,WATCH,0.58,7,False,backfill
2026-08-16T12:53:51.927814+09:00,2026-08-16,DKNG,DraftKings Inc.,US,소비재,2026-08-14,26.14,8889800,13980210.0,1.1549,,69,60,60,60,63,0,HOLD,0.54,6,False,backfill
2026-08-16T12:53:51.927814+09:00,2026-08-16,CNH,CNH Industrial N.V.,US,산업재,2026-08-14,10.44,8662000,15434750.0,0.525,,43,60,55,58,52,0,HOLD,0.03,0,False,backfill
2026-08-16T12:53:51.927814+09:00,2026-08-16,CCK,"Crown Holdings, Inc.",US,소비재,2026-08-14,119.02,670300,1132225.0,3.1417,,62,60,50,84,61,1,HOLD,0.56,7,False,backfill
2026-08-16T12:53:51.927814+09:00,2026-08-16,HII,"Huntington Ingalls Industries, Inc.",US,산업재,2026-08-14,327.71,406000,552265.0,13.32,,80,60,50,42,61,1,HOLD,0.44,5,False,backfill
2026-08-16T12:53:51.927814+09:00,2026-08-16,GNRC,Generac Holdings Inc.,US,산업재,2026-08-14,219.3,607400,1196515.0,11.5093,,70,60,40,58,57,1,HOLD,0.07,1,False,backfill
2026-08-16T12:53:51.927814+09:00,2026-08-16,WSO,"Watsco, Inc.",US,산업재,2026-08-14,313.06,261600,571660.0,14.6607,,23,60,63,50,46,0,HOLD,-0.37,-4,False,backfill
2026-08-16T12:53:51.927814+09:00,2026-08-16,PEN,"Penumbra, Inc.",US,제약/바이오,2026-08-14,327.02,251600,341655.0,2.2672,,72,65,50,30,58,1,HOLD,0.36,4,False,backfill
2026-08-16T12:53:51.927814+09:00,2026-08-16,EXEL,"Exelixis, Inc.",US,제약/바이오,2026-08-14,51.24,2342400,2718435.0,2.0579,,43,65,48,76,54,1,HOLD,0.12,1,False,backfill
2026-08-16T12:53:51.927814+09:00,2026-08-16,HTHT,H World Group Limited,US,소비재,2026-08-14,41.88,1449900,1477915.0,1.0629,,35,60,60,84,55,1,HOLD,-0.1,-1,False,backfill
2026-08-16T12:53:51.927814+09:00,2026-08-16,WTS,"Watts Water Technologies, Inc.",US,산업재,2026-08-14,384.42,121500,197400.0,10.4321,,80,60,63,45,66,1,HOLD,0.81,10,False,backfill
2026-08-16T12:53:51.927814+09:00,2026-08-16,WBS,Webster Financial Corporation,US,금융,2026-08-14,79.0,10391400,5013375.0,0.7507,,84,60,55,60,67,1,HOLD,0.77,9,False,backfill
2026-08-16T12:53:51.927814+09:00,2026-08-16,CLX,The Clorox Company,US,소매,2026-08-14,105.7,1936200,2643960.0,3.1903,,84,60,60,50,67,1,HOLD,0.85,10,False,backfill
2026-08-16T12:53:51.927814+09:00,2026-08-16,VIRT,"Virtu Financial, Inc.",US,금융,2026-08-14,60.02,1484100,1034415.0,2.3948,,69,60,63,70,66,1,HOLD,0.74,9,False,backfill
2026-08-16T12:53:51.927814+09:00,2026-08-16,SEIC,SEI Investments Company,US,금융,2026-08-14,106.38,362200,689755.0,1.9293,,54,60,45,50,52,0,HOLD,0.27,3,False,backfill
2026-08-16T12:53:51.927814+09:00,2026-08-16,FMS,Fresenius Medical Care AG & Co. KGaA,US,제약/바이오,2026-08-14,23.77,595000,796145.0,0.6329,,47,65,58,94,61,1,HOLD,0.45,5,False,backfill
2026-08-16T12:53:51.927814+09:00,2026-08-16,ELS,"Equity LifeStyle Properties, Inc.",US,리츠,2026-08-14,65.61,1442800,1619530.0,1.3757,,58,60,55,45,56,0,HOLD,0.27,3,False,backfill
2026-08-16T12:53:51.927814+09:00,2026-08-16,DECK,Deckers Outdoor Corporation,US,소비재,2026-08-14,93.09,1654400,2496410.0,3.2907,,31,60,63,68,52,0,HOLD,-0.0,0,False,backfill
2026-08-16T12:53:51.927814+09:00,2026-08-16,CR,Crane Company,US,산업재,2026-08-14,218.34,290000,483345.0,7.1315,,51,60,63,58,57,0,HOLD,0.45,5,False,backfill
2026-08-16T12:53:51.927814+09:00,2026-08-16,DY,"Dycom Industries, Inc.",US,산업재,2026-08-14,419.07,273600,402335.0,21.6514,,65,60,55,53,59,0,HOLD,0.31,4,False,backfill
2026-08-16T12:53:51.927814+09:00,2026-08-16,AGNC,AGNC Investment Corp.,US,리츠,2026-08-14,10.96,12215100,20423890.0,0.2029,,99,60,60,65,74,1,HOLD,1.04,12,False,backfill
2026-08-16T12:53:51.927814+09:00,2026-08-16,GDDY,GoDaddy Inc.,US,IT,2026-08-14,94.91,2086600,2195825.0,6.4276,,77,60,48,76,65,2,WATCH,0.67,8,False,backfill
2026-08-16T12:53:51.927814+09:00,2026-08-16,SNN,Smith & Nephew plc,US,제약/바이오,2026-08-14,29.81,1069000,1625660.0,0.81,,51,65,60,58,58,0,HOLD,0.24,3,False,backfill
2026-08-16T12:53:51.927814+09:00,2026-08-16,ICLR,ICON Public Limited Company,US,제약/바이오,2026-08-14,163.15,323800,858675.0,8.225,,51,65,50,51,53,0,HOLD,0.32,4,False,backfill
2026-08-16T12:53:51.927814+09:00,2026-08-16,OC,Owens Corning,US,소재,2026-08-14,154.67,561600,856835.0,5.6407,,95,60,60,68,73,1,HOLD,1.07,13,False,backfill
2026-08-16T12:53:51.927814+09:00,2026-08-16,FHN,First Horizon Corporation,US,금융,2026-08-14,26.22,3446100,5434160.0,0.4657,,96,60,55,60,71,1,HOLD,0.94,11,False,backfill
2026-08-16T12:53:51.927814+09:00,2026-08-16,FIG,"Figma, Inc.",US,IT,2026-08-14,25.42,12500400,23593825.0,2.1993,,62,60,50,30,53,0,HOLD,0.31,4,False,backfill
2026-08-16T12:53:51.927814+09:00,2026-08-16,LI,Li Auto Inc.,US,소비재,2026-08-14,12.26,1654000,3120115.0,0.4041,,18,60,55,70,45,1,HOLD,-0.46,-6,False,backfill
2026-08-16T12:53:51.927814+09:00,2026-08-16,CORT,Corcept Therapeutics Incorporated,US,제약/바이오,2026-08-14,114.47,728900,1268275.0,5.9779,,95,65,63,43,72,1,HOLD,1.05,13,False,backfill
2026-08-16T12:53:51.927814+09:00,2026-08-16,GLPI,"Gaming and Leisure Properties, Inc.",US,리츠,2026-08-14,43.57,1797100,2149375.0,0.8993,,25,60,60,60,48,0,HOLD,-0.23,-3,False,backfill
2026-08-16T12:53:51.927814+09:00,2026-08-16,HL,Hecla Mining Company,US,소재,2026-08-14,18.37,41165400,41709990.0,0.9464,,85,60,45,53,63,1,HOLD,0.57,7,False,backfill
2026-08-16T12:53:51.927814+09:00,2026-08-16,PNW,Pinnacle West Capital Corporation,US,유틸리티,2026-08-14,101.48,686100,1291365.0,2.0938,,17,60,63,37,42,0,AVOID,-0.28,-3,True,backfill
2026-08-16T12:53:51.927814+09:00,2026-08-16,EHC,Encompass Health Corporation,US,제약/바이오,2026-08-14,123.59,634000,921815.0,3.8279,,91,65,40,58,66,1,HOLD,0.8,10,False,backfill
2026-08-16T12:53:51.927814+09:00,2026-08-16,AMH,American Homes 4 Rent,US,리츠,2026-08-14,34.08,1920000,2236170.0,0.6414,,69,60,75,50,66,1,HOLD,0.72,9,False,backfill
2026-08-16T12:53:51.927814+09:00,2026-08-16,ARWR,"Arrowhead Pharmaceuticals, Inc.",US,제약/바이오,2026-08-14,86.64,818000,1811435.0,3.3354,,62,65,50,42,56,0,HOLD,0.39,5,False,backfill
2026-08-16T12:53:51.927814+09:00,2026-08-16,CHYM,"Chime Financial, Inc. Class A Common Sto",US,금융,2026-08-14,32.02,5165500,8930115.0,1.7234,,88,60,40,62,64,1,HOLD,0.74,9,False,backfill
2026-08-16T12:53:51.927814+09:00,2026-08-16,UDR,"UDR, Inc.",US,리츠,2026-08-14,37.795,1693000,3359700.0,0.7806,,25,60,60,53,47,0,HOLD,-0.15,-2,False,backfill
2026-08-16T12:53:51.927814+09:00,2026-08-16,AFG,"American Financial Group, Inc.",US,금융,2026-08-14,146.29,300300,369015.0,2.8136,,69,60,63,60,64,0,HOLD,0.64,8,False,backfill
2026-08-16T12:53:51.927814+09:00,2026-08-16,DRS,"Leonardo DRS, Inc.",US,산업재,2026-08-14,45.53,786300,824485.0,1.8837,,44,60,53,50,51,0,HOLD,0.11,1,False,backfill
2026-08-16T12:53:51.927814+09:00,2026-08-16,HMY,Harmony Gold Mining Company Limited,US,소재,2026-08-14,19.44,2384700,2767385.0,0.8307,,69,60,50,76,63,1,HOLD,0.57,7,False,backfill
2026-08-16T12:53:51.927814+09:00,2026-08-16,IT,"Gartner, Inc.",US,산업재,2026-08-14,181.09,1629600,1549265.0,11.9479,,84,60,50,84,69,2,WATCH,0.86,10,False,backfill
2026-08-16T12:53:51.927814+09:00,2026-08-16,BTSG,"BrightSpring Health Services, Inc. Commo",US,제약/바이오,2026-08-14,61.71,1606100,3151410.0,3.8545,,29,65,35,58,42,0,AVOID,-0.23,-3,True,backfill
2026-08-16T12:53:51.927814+09:00,2026-08-16,KTOS,"Kratos Defense & Security Solutions, Inc",US,산업재,2026-08-14,64.58,5452300,3929810.0,4.0757,,70,60,40,30,53,1,HOLD,0.38,5,False,backfill
2026-08-16T12:53:51.927814+09:00,2026-08-16,AAOI,"Applied Optoelectronics, Inc.",US,IT,2026-08-14,150.28,18775000,12136165.0,17.0902,,59,60,35,50,51,0,HOLD,-0.16,-2,False,backfill
2026-08-16T12:53:51.927814+09:00,2026-08-16,TFII,TFI International Inc.,US,산업재,2026-08-14,146.64,236600,352950.0,5.545,,69,60,63,66,65,0,HOLD,0.65,8,False,backfill
2026-08-16T12:53:51.927814+09:00,2026-08-16,RTO,Rentokil Initial plc,US,산업재,2026-08-14,23.84,811200,1768645.0,0.9768,,15,60,55,74,45,1,HOLD,-0.48,-6,False,backfill
2026-08-16T12:53:51.927814+09:00,2026-08-16,MICC,The Magnum Ice Cream Company N.V.,US,소매,2026-08-14,19.58,484100,847055.0,0.4232,,78,60,63,50,66,1,HOLD,0.8,10,False,backfill
2026-08-16T12:53:51.927814+09:00,2026-08-16,ENLT,Enlight Renewable Energy Ltd,US,유틸리티,2026-08-14,85.44,71500,197855.0,4.5196,,50,60,40,35,47,0,HOLD,-0.18,-2,False,backfill
2026-08-16T12:53:51.927814+09:00,2026-08-16,BJ,"BJ's Wholesale Club Holdings, Inc.",US,소매,2026-08-14,93.41,1150200,1444105.0,2.3597,,43,60,50,50,50,0,HOLD,-0.01,0,False,backfill
2026-08-16T12:53:51.927814+09:00,2026-08-16,EVR,Evercore Inc.,US,금융,2026-08-14,307.38,457000,572765.0,13.6029,,25,60,63,68,50,0,HOLD,-0.21,-3,False,backfill
2026-08-16T12:53:51.927814+09:00,2026-08-16,HBM,Hudbay Minerals Inc.,US,소재,2026-08-14,26.69,3464800,5418905.0,1.3229,,81,60,60,60,67,1,HOLD,0.74,9,False,backfill
2026-08-16T12:53:51.927814+09:00,2026-08-16,DOCU,"DocuSign, Inc.",US,IT,2026-08-14,62.04,3961600,3102675.0,3.129,,88,60,50,66,68,1,HOLD,0.86,10,False,backfill
2026-08-16T12:53:51.927814+09:00,2026-08-16,ERIE,Erie Indemnity Company,US,금융,2026-08-14,255.99,148800,273835.0,11.2993,,82,60,72,58,71,2,WATCH,0.98,12,False,backfill
2026-08-16T12:53:51.927814+09:00,2026-08-16,ELAN,Elanco Animal Health Incorporated,US,제약/바이오,2026-08-14,23.67,6497000,8522380.0,1.28,,55,65,72,53,62,1,HOLD,0.53,6,False,backfill
2026-08-16T12:53:51.927814+09:00,2026-08-16,KNX,Knight-Swift Transportation Holdings Inc,US,산업재,2026-08-14,72.42,1905700,3888125.0,2.3293,,73,60,63,51,64,1,HOLD,0.73,9,False,backfill
2026-08-16T12:53:51.927814+09:00,2026-08-16,MDGL,"Madrigal Pharmaceuticals, Inc.",US,제약/바이오,2026-08-14,507.56,234700,379450.0,27.19,,40,65,43,26,44,0,AVOID,-0.2,-2,True,backfill
2026-08-16T12:53:51.927814+09:00,2026-08-16,HALO,"Halozyme Therapeutics, Inc.",US,제약/바이오,2026-08-14,98.66,1658900,2335290.0,3.495,,88,65,50,50,66,1,HOLD,0.84,10,False,backfill
2026-08-16T12:53:51.927814+09:00,2026-08-16,RRX,Regal Rexnord Corporation,US,산업재,2026-08-14,175.49,1077800,1320035.0,11.6993,,25,60,63,58,48,0,HOLD,-0.31,-4,False,backfill
2026-08-16T12:53:51.927814+09:00,2026-08-16,FROG,JFrog Ltd.,US,IT,2026-08-14,96.17,2427800,2447560.0,6.0004,,77,60,60,27,61,1,HOLD,0.67,8,False,backfill
2026-08-16T12:53:51.927814+09:00,2026-08-16,LFUS,"Littelfuse, Inc.",US,IT,2026-08-14,457.57,195600,340895.0,21.4521,,62,60,45,50,55,0,HOLD,0.19,2,False,backfill
2026-08-16T12:53:51.927814+09:00,2026-08-16,GMED,"Globus Medical, Inc.",US,제약/바이오,2026-08-14,85.9,864700,1480815.0,2.8329,,69,65,60,58,64,0,HOLD,0.68,8,False,backfill
2026-08-16T12:53:51.927814+09:00,2026-08-16,WMS,"Advanced Drainage Systems, Inc.",US,산업재,2026-08-14,150.91,1099700,733100.0,5.6074,,84,60,53,58,66,1,HOLD,0.71,9,False,backfill
2026-08-16T12:53:51.927814+09:00,2026-08-16,DVA,DaVita Inc.,US,제약/바이오,2026-08-14,180.06,506600,1044625.0,9.625,,35,65,43,84,51,1,HOLD,-0.2,-2,False,backfill
2026-08-16T12:53:51.927814+09:00,2026-08-16,APC,ARKO Petroleum Corp. Class A Common Stoc,US,에너지,2026-08-14,19.25,218000,138905.0,0.8529,,40,60,55,50,50,0,HOLD,-0.16,-2,False,backfill
2026-08-16T12:53:51.927814+09:00,2026-08-16,UMBF,UMB Financial Corporation,US,금융,2026-08-14,152.04,431400,627980.0,3.3886,,78,60,50,60,63,1,HOLD,0.7,8,False,backfill
2026-08-16T12:53:51.927814+09:00,2026-08-16,MANH,"Manhattan Associates, Inc.",US,IT,2026-08-14,197.39,751600,993040.0,11.05,,93,60,50,42,66,1,HOLD,0.84,10,False,backfill
2026-08-16T12:53:51.927814+09:00,2026-08-16,SCI,Service Corporation International,US,소비재,2026-08-14,84.23,644800,1198135.0,2.3764,,62,60,48,50,56,0,HOLD,0.34,4,False,backfill
2026-08-16T12:53:51.927814+09:00,2026-08-16,AR,Antero Resources Corporation,US,에너지,2026-08-14,37.37,3184600,4597790.0,1.1936,,80,60,55,78,68,2,WATCH,0.65,8,False,backfill
2026-08-16T12:53:51.927814+09:00,2026-08-16,CART,Maplebear Inc.,US,IT,2026-08-14,48.88,2953700,4132250.0,1.9821,,85,60,50,66,67,1,HOLD,0.82,10,False,backfill
2026-08-16T12:53:51.927814+09:00,2026-08-16,HUBS,"HubSpot, Inc.",US,IT,2026-08-14,224.14,1670400,2332500.0,21.3377,,51,60,50,59,54,0,HOLD,0.32,4,False,backfill
2026-08-16T12:53:51.927814+09:00,2026-08-16,DPZ,"Domino's Pizza, Inc.",US,소비재,2026-08-14,346.27,502800,912575.0,11.8207,,62,60,53,50,57,0,HOLD,0.43,5,False,backfill
2026-08-16T12:53:51.927814+09:00,2026-08-16,WTRG,"Essential Utilities, Inc.",US,유틸리티,2026-08-14,40.38,1188100,1986285.0,0.9963,,91,60,60,37,67,1,HOLD,0.8,10,False,backfill
2026-08-16T12:53:51.927814+09:00,2026-08-16,VSAT,"Viasat, Inc.",US,IT,2026-08-14,82.87,1414900,2052615.0,6.2264,,91,60,45,43,64,1,HOLD,0.77,9,False,backfill
2026-08-16T12:53:51.927814+09:00,2026-08-16,BPOP,"Popular, Inc.",US,금융,2026-08-14,177.87,400700,442370.0,3.1829,,70,60,53,60,61,1,HOLD,0.62,7,False,backfill
2026-08-16T12:53:51.927814+09:00,2026-08-16,TECH,Bio-Techne Corporation,US,제약/바이오,2026-08-14,72.4,2014000,3547705.0,0.29,,60,65,71,51,63,1,HOLD,0.67,8,False,backfill
2026-08-16T12:53:51.927814+09:00,2026-08-16,SANM,Sanmina Corporation,US,IT,2026-08-14,210.84,325600,853385.0,15.3564,,65,60,55,58,60,0,HOLD,0.21,3,False,backfill
2026-08-16T12:53:51.927814+09:00,2026-08-16,AHR,"American Healthcare REIT, Inc.",US,리츠,2026-08-14,54.31,4372900,2902005.0,1.6914,,44,60,58,43,51,0,HOLD,0.13,2,False,backfill
2026-08-16T12:53:51.927814+09:00,2026-08-16,JEF,Jefferies Financial Group Inc.,US,금융,2026-08-14,55.14,1802400,1930975.0,1.9793,,47,60,50,68,54,0,HOLD,0.17,2,False,backfill
2026-08-16T12:53:51.927814+09:00,2026-08-16,NIO,NIO Inc.,US,소비재,2026-08-14,4.52,27235000,25414470.0,0.1421,,21,60,50,42,41,0,AVOID,-0.56,-7,True,backfill
2026-08-16T12:53:51.927814+09:00,2026-08-16,MOD,Modine Manufacturing Company,US,산업재,2026-08-14,209.5,786300,1568295.0,14.9607,,37,60,40,35,42,0,AVOID,-0.47,-6,True,backfill
2026-08-16T12:53:51.927814+09:00,2026-08-16,DCI,"Donaldson Company, Inc.",US,산업재,2026-08-14,95.63,405800,644090.0,2.3108,,62,60,63,50,60,0,HOLD,0.55,7,False,backfill
2026-08-16T12:53:51.927814+09:00,2026-08-16,XPEV,XPeng Inc.,US,소비재,2026-08-14,11.7,4876200,6337615.0,0.3714,,18,60,60,50,44,0,AVOID,-0.47,-6,True,backfill
2026-08-16T12:53:51.927814+09:00,2026-08-16,MGM,MGM Resorts International,US,소비재,2026-08-14,44.1,1707300,2462355.0,1.0107,,27,60,63,74,51,1,HOLD,0.17,2,False,backfill
2026-08-16T12:53:51.927814+09:00,2026-08-16,CPT,Camden Property Trust,US,리츠,2026-08-14,110.36,781400,938570.0,2.3557,,32,60,63,45,49,0,HOLD,0.01,0,False,backfill
2026-08-16T12:53:51.927814+09:00,2026-08-16,MOH,"Molina Healthcare, Inc.",US,제약/바이오,2026-08-14,212.43,594600,1411815.0,7.3057,,76,65,63,51,66,1,HOLD,0.75,9,False,backfill
2026-08-16T12:53:51.927814+09:00,2026-08-16,SAIL,"SailPoint, Inc.",US,IT,2026-08-14,19.53,2904000,3252110.0,0.9251,,73,60,60,42,62,1,HOLD,0.67,8,False,backfill
2026-08-16T12:53:51.927814+09:00,2026-08-16,PSKY,Paramount Skydance Corporation Class B C,US,인터넷,2026-08-14,10.14,10676100,12767420.0,0.4093,,62,65,63,69,64,0,HOLD,0.52,6,False,backfill
2026-08-16T12:53:51.927814+09:00,2026-08-16,AXSM,"Axsome Therapeutics, Inc.",US,제약/바이오,2026-08-14,213.67,476300,737765.0,9.1164,,17,65,50,26,38,0,AVOID,-0.5,-6,True,backfill
2026-08-16T12:53:51.927814+09:00,2026-08-16,WTFC,Wintrust Financial Corporation,US,금융,2026-08-14,162.47,314400,670460.0,2.8816,,99,60,63,60,75,1,HOLD,1.07,13,False,backfill
2026-08-16T12:53:51.927814+09:00,2026-08-16,ARW,"Arrow Electronics, Inc.",US,IT,2026-08-14,213.99,417400,587990.0,9.3671,,47,60,40,84,53,1,HOLD,0.12,1,False,backfill
2026-08-16T12:53:51.927814+09:00,2026-08-16,RMBS,Rambus Inc.,US,반도체,2026-08-14,100.85,1109200,2528380.0,6.7564,,55,65,50,45,54,0,HOLD,-0.04,0,False,backfill
2026-08-16T12:53:51.927814+09:00,2026-08-16,CGNX,Cognex Corporation,US,IT,2026-08-14,65.63,2394700,2356055.0,3.5807,,60,60,45,43,53,0,HOLD,0.13,2,False,backfill
2026-08-16T12:53:51.927814+09:00,2026-08-16,EGP,"EastGroup Properties, Inc.",US,리츠,2026-08-14,203.06,303400,537980.0,4.4521,,40,60,63,45,52,0,HOLD,0.05,1,False,backfill
2026-08-16T12:53:51.927814+09:00,2026-08-16,BXP,"BXP, Inc.",US,리츠,2026-08-14,68.45,939800,1494105.0,2.1264,,47,60,53,53,52,0,HOLD,0.27,3,False,backfill
2026-08-16T12:53:51.927814+09:00,2026-08-16,JKHY,"Jack Henry & Associates, Inc.",US,IT,2026-08-14,153.31,653700,848775.0,4.8007,,42,60,50,50,49,0,HOLD,0.04,0,False,backfill
2026-08-16T12:53:51.927814+09:00,2026-08-16,GKOS,Glaukos Corporation,US,제약/바이오,2026-08-14,184.53,743400,922270.0,8.3231,,80,65,45,27,59,1,HOLD,0.59,7,False,backfill
2026-08-16T12:53:51.927814+09:00,2026-08-16,SPXC,"SPX Technologies, Inc.",US,소재,2026-08-14,217.32,269200,507395.0,11.1693,,69,60,53,58,61,0,HOLD,0.52,6,False,backfill
2026-08-16T12:53:51.927814+09:00,2026-08-16,SSB,SouthState Bank Corp.,US,금융,2026-08-14,111.59,414900,929800.0,1.9726,,76,60,53,70,65,2,WATCH,0.74,9,False,backfill
2026-08-16T12:53:51.927814+09:00,2026-08-16,PAC,"Grupo Aeroportuario del Pacífico, S.A.B.",US,산업재,2026-08-14,206.98,73800,144575.0,5.6314,,18,60,60,50,44,0,AVOID,-0.47,-6,True,backfill
2026-08-16T12:53:51.927814+09:00,2026-08-16,VIAV,Viavi Solutions Inc.,US,IT,2026-08-14,43.54,3188500,5146105.0,3.2929,,62,60,50,50,56,0,HOLD,0.04,0,False,backfill
2026-08-16T12:53:51.927814+09:00,2026-08-16,ONON,On Holding AG,US,소비재,2026-08-14,32.22,9065500,7784055.0,1.8313,,36,60,60,66,52,0,HOLD,-0.13,-2,False,backfill
2026-08-16T12:53:51.927814+09:00,2026-08-16,AYI,"Acuity Brands, Inc.",US,산업재,2026-08-14,358.43,224700,276900.0,11.5721,,95,60,60,58,72,1,HOLD,1.03,12,False,backfill
2026-08-16T12:53:51.927814+09:00,2026-08-16,AM,Antero Midstream Corporation,US,에너지,2026-08-14,22.55,1334400,2269495.0,0.5218,,84,60,60,58,68,1,HOLD,0.77,9,False,backfill
2026-08-16T12:53:51.927814+09:00,2026-08-16,DAR,Darling Ingredients Inc.,US,소매,2026-08-14,67.04,2061900,2182740.0,2.3893,,88,60,60,53,69,1,HOLD,0.79,9,False,backfill
2026-08-16T12:53:51.927814+09:00,2026-08-16,SMMT,Summit Therapeutics Inc.,US,제약/바이오,2026-08-14,13.35,9748900,4343900.0,0.796,,40,65,78,42,57,1,HOLD,0.03,0,False,backfill
2026-08-16T12:53:51.927814+09:00,2026-08-16,VICR,Vicor Corporation,US,IT,2026-08-14,234.74,682200,898225.0,16.8557,,72,60,60,35,60,1,HOLD,0.24,3,False,backfill
2026-08-16T12:53:51.927814+09:00,2026-08-16,WYNN,"Wynn Resorts, Limited",US,소비재,2026-08-14,102.53,1061100,1615735.0,3.0706,,76,60,50,58,62,1,HOLD,0.56,7,False,backfill
2026-08-16T12:53:51.927814+09:00,2026-08-16,BEP,Brookfield Renewable Partners L.P.,US,유틸리티,2026-08-14,34.75,736900,1150520.0,1.0779,,69,60,50,45,58,0,HOLD,0.35,4,False,backfill
2026-08-16T12:53:51.927814+09:00,2026-08-16,GSAT,"Globalstar, Inc.",US,인터넷,2026-08-14,82.39,609300,1024150.0,1.1614,,87,65,48,27,62,1,HOLD,0.52,6,False,backfill
2026-08-16T12:53:51.927814+09:00,2026-08-16,BSY,"Bentley Systems, Incorporated",US,IT,2026-08-14,36.24,2739200,2885070.0,1.6824,,74,60,60,42,62,1,HOLD,0.63,8,False,backfill
2026-08-16T12:53:51.927814+09:00,2026-08-16,ENSG,"The Ensign Group, Inc.",US,제약/바이오,2026-08-14,181.65,204500,409375.0,4.055,,75,65,45,58,61,1,HOLD,0.47,6,False,backfill
2026-08-16T12:53:51.927814+09:00,2026-08-16,IAG,Iamgold Corporation,US,소재,2026-08-14,18.3,3614100,5889680.0,0.8614,,57,60,55,73,59,1,HOLD,0.29,3,False,backfill
2026-08-16T12:53:51.927814+09:00,2026-08-16,CFR,"Cullen/Frost Bankers, Inc.",US,금융,2026-08-14,170.08,608200,674725.0,3.5764,,70,60,60,55,63,1,HOLD,0.67,8,False,backfill
2026-08-16T12:53:51.927814+09:00,2026-08-16,TX,Ternium S.A.,US,소재,2026-08-14,53.81,345400,758995.0,1.7729,,93,60,60,76,74,2,WATCH,1.07,13,False,backfill
2026-08-16T12:53:51.927814+09:00,2026-08-16,PNR,Pentair plc,US,산업재,2026-08-14,66.16,1556700,3059545.0,2.0464,,80,60,58,76,69,2,WATCH,0.51,6,False,backfill
2026-08-16T12:53:51.927814+09:00,2026-08-16,ZION,"Zions Bancorporation, National Associati",US,금융,2026-08-14,72.2,926800,1585015.0,1.2073,,83,60,53,65,67,1,HOLD,0.82,10,False,backfill
2026-08-16T12:53:51.927814+09:00,2026-08-16,NYT,The New York Times Company,US,인터넷,2026-08-14,64.79,1443000,2347710.0,2.9264,,15,65,63,53,45,0,HOLD,-0.44,-5,False,backfill
2026-08-16T12:53:51.927814+09:00,2026-08-16,MUSA,Murphy USA Inc.,US,소비재,2026-08-14,569.12,159100,302070.0,23.92,,40,60,58,52,51,0,HOLD,0.0,0,False,backfill
2026-08-16T12:53:51.927814+09:00,2026-08-16,AES,The AES Corporation,US,유틸리티,2026-08-14,14.73,3478000,6444835.0,0.047,,65,60,58,70,63,1,HOLD,0.48,6,False,backfill
2026-08-16T12:53:51.927814+09:00,2026-08-16,APTV,Aptiv PLC,US,소비재,2026-08-14,49.56,2419900,4193720.0,2.525,,25,60,72,74,53,2,HOLD,-0.1,-1,False,backfill
2026-08-16T12:53:51.927814+09:00,2026-08-16,SWKS,"Skyworks Solutions, Inc.",US,반도체,2026-08-14,69.62,3811000,5727245.0,3.1086,,72,65,66,53,66,1,HOLD,0.63,8,False,backfill
2026-08-16T12:53:51.927814+09:00,2026-08-16,MP,MP Materials Corp.,US,소재,2026-08-14,58.74,10815500,7364170.0,3.4734,,54,60,50,27,50,0,HOLD,-0.01,0,False,backfill
2026-08-16T12:53:51.927814+09:00,2026-08-16,ALSN,"Allison Transmission Holdings, Inc.",US,소비재,2026-08-14,125.87,549500,871065.0,4.5443,,81,60,60,66,68,1,HOLD,0.74,9,False,backfill
2026-08-16T12:53:51.927814+09:00,2026-08-16,ORI,Old Republic International Corporation,US,금융,2026-08-14,42.85,746200,1208570.0,0.85,,69,60,60,78,66,1,HOLD,0.68,8,False,backfill
2026-08-16T12:53:51.927814+09:00,2026-08-16,ONB,Old National Bancorp,US,금융,2026-08-14,27.17,2412500,4367290.0,0.4307,,69,60,53,68,62,0,HOLD,0.61,7,False,backfill
2026-08-16T12:53:51.927814+09:00,2026-08-16,FLS,Flowserve Corporation,US,산업재,2026-08-14,80.87,1344900,1927760.0,2.9693,,81,60,66,58,69,1,HOLD,0.9,11,False,backfill
2026-08-16T12:53:51.927814+09:00,2026-08-16,EGO,Eldorado Gold Corporation,US,소재,2026-08-14,39.73,1724600,2637475.0,2.0536,,74,60,55,55,63,1,HOLD,0.64,8,False,backfill
2026-08-16T12:53:51.927814+09:00,2026-08-16,SUN,Sunoco LP,US,에너지,2026-08-14,75.58,340300,503700.0,2.1946,,62,60,58,63,61,0,HOLD,0.51,6,False,backfill
2026-08-16T12:53:51.927814+09:00,2026-08-16,FPS,"Forgent Power Solutions, Inc.",US,산업재,2026-08-14,39.66,4816900,7717525.0,2.8371,,72,60,60,43,62,1,HOLD,0.3,4,False,backfill
2026-08-16T12:53:51.927814+09:00,2026-08-16,BMNR,"Bitmine Immersion Technologies, Inc.",US,금융,2026-08-14,18.08,26286700,31629320.0,1.0532,,73,60,63,52,64,1,HOLD,0.42,5,False,backfill
2026-08-16T12:53:51.927814+09:00,2026-08-16,UHS,"Universal Health Services, Inc.",US,제약/바이오,2026-08-14,170.02,460400,941180.0,6.815,,80,65,63,70,70,2,WATCH,0.74,9,False,backfill
2026-08-16T12:53:51.927814+09:00,2026-08-16,FORM,"FormFactor, Inc.",US,반도체,2026-08-14,131.6,819900,1355615.0,10.1671,,69,65,40,35,54,0,HOLD,0.25,3,False,backfill
2026-08-16T12:53:51.927814+09:00,2026-08-16,SAIA,"Saia, Inc.",US,산업재,2026-08-14,384.32,610600,533235.0,17.6607,,55,60,63,58,59,0,HOLD,0.15,2,False,backfill
2026-08-16T12:53:51.927814+09:00,2026-08-16,FRT,Federal Realty Investment Trust,US,리츠,2026-08-14,118.39,552100,944880.0,2.1064,,32,60,63,45,49,0,HOLD,-0.02,0,False,backfill
2026-08-16T12:53:51.927814+09:00,2026-08-16,HSIC,"Henry Schein, Inc.",US,제약/바이오,2026-08-14,89.77,1162500,1377640.0,2.305,,95,65,60,58,73,1,HOLD,1.07,13,False,backfill
2026-08-16T12:53:51.927814+09:00,2026-08-16,PRAX,"Praxis Precision Medicines, Inc.",US,제약/바이오,2026-08-14,366.81,262200,405865.0,20.7656,,91,65,48,50,67,1,HOLD,0.75,9,False,backfill
2026-08-16T12:53:51.927814+09:00,2026-08-16,RDY,Dr. Reddy's Laboratories Limited,US,제약/바이오,2026-08-14,12.27,2263200,2955575.0,0.2279,,72,65,55,42,61,1,HOLD,0.37,4,False,backfill
2026-08-16T12:53:51.927814+09:00,2026-08-16,WLK,Westlake Corporation,US,소재,2026-08-14,79.55,834100,1209160.0,3.2193,,62,60,50,50,56,0,HOLD,0.04,0,False,backfill
2026-08-16T12:53:51.927814+09:00,2026-08-16,EAT,"Brinker International, Inc.",US,소비재,2026-08-14,237.15,824700,1218775.0,10.4271,,80,60,63,58,68,1,HOLD,0.85,10,False,backfill
2026-08-16T12:53:51.927814+09:00,2026-08-16,R,"Ryder System, Inc.",US,산업재,2026-08-14,263.96,202600,337810.0,5.7193,,32,60,60,74,52,1,HOLD,0.21,3,False,backfill
2026-08-16T12:53:51.927814+09:00,2026-08-16,LTH,"Life Time Group Holdings, Inc.",US,소비재,2026-08-14,45.26,3571400,3209085.0,1.7558,,73,60,48,42,58,1,HOLD,0.54,6,False,backfill
2026-08-16T12:53:51.927814+09:00,2026-08-16,BEPI,Brookfield BRP Holdings (Canada,US,리츠,2026-08-14,16.17,17600,36680.0,0.1486,,73,60,55,50,62,1,HOLD,0.51,6,False,backfill
2026-08-16T12:53:51.927814+09:00,2026-08-16,PAYP,PayPay Corporation,US,IT,2026-08-14,14.89,621700,923470.0,0.8343,,33,60,55,68,50,0,HOLD,-0.25,-3,False,backfill
2026-08-16T12:53:51.927814+09:00,2026-08-16,FDS,FactSet Research Systems Inc.,US,금융,2026-08-14,283.49,1324500,874900.0,11.7436,,95,60,55,66,72,1,HOLD,1.01,12,False,backfill
2026-08-16T12:53:51.927814+09:00,2026-08-16,BEPH,Brookfield BRP Holdings (Canada) Inc 4.6,US,리츠,2026-08-14,15.12,14800,26840.0,0.0856,,58,60,55,50,56,0,HOLD,0.26,3,False,backfill
2026-08-16T12:53:51.927814+09:00,2026-08-16,SUZ,Suzano S.A.,US,소재,2026-08-14,8.11,2904600,2803735.0,0.2171,,43,60,55,62,53,0,HOLD,-0.03,0,False,backfill
2026-08-16T12:53:51.927814+09:00,2026-08-16,LLYVK,Liberty Live Group,US,인터넷,2026-08-14,108.86,260300,294680.0,2.8329,,73,65,63,58,66,1,HOLD,0.76,9,False,backfill
2026-08-16T12:53:51.927814+09:00,2026-08-16,005930.KS,삼성전자,KR,미분류,2026-08-14,274500.0,21669476,29888023.0,22842.8571,,72,60,55,78,65,2,WATCH,0.55,7,False,backfill
2026-08-16T12:53:51.927814+09:00,2026-08-16,000660.KS,SK하이닉스,KR,미분류,2026-08-14,1645000.0,4520990,5757404.95,177428.5714,,65,60,47,78,61,1,HOLD,0.22,3,False,backfill
2026-08-16T12:53:51.927814+09:00,2026-08-16,373220.KS,LG에너지솔루션,KR,미분류,2026-08-14,369500.0,243455,298383.1,19142.8571,,64,60,55,29,55,0,HOLD,0.09,1,False,backfill
2026-08-16T12:53:51.927814+09:00,2026-08-16,207940.KS,삼성바이오로직스,KR,미분류,2026-08-14,1548000.0,29916,70481.5,65000.0,,77,60,55,50,63,1,HOLD,0.62,7,False,backfill
2026-08-16T12:53:51.927814+09:00,2026-08-16,005380.KS,현대차,KR,미분류,2026-08-14,453000.0,1203960,778888.3,25892.8571,,54,60,55,65,57,0,HOLD,0.03,0,False,backfill
2026-08-16T12:53:51.927814+09:00,2026-08-16,000270.KS,기아,KR,미분류,2026-08-14,141700.0,771767,957264.1,6085.7143,,62,60,63,78,64,1,HOLD,0.27,3,False,backfill
2026-08-16T12:53:51.927814+09:00,2026-08-16,035420.KS,NAVER,KR,미분류,2026-08-14,228000.0,750112,1366035.05,12828.5714,,69,60,47,55,58,0,HOLD,0.48,6,False,backfill
2026-08-16T12:53:51.927814+09:00,2026-08-16,068270.KS,셀트리온,KR,미분류,2026-08-14,201000.0,341446,776251.5,7989.2857,,84,60,60,58,68,1,HOLD,0.84,10,False,backfill
2026-08-16T12:53:51.927814+09:00,2026-08-16,105560.KS,KB금융,KR,미분류,2026-08-14,168500.0,951351,1084510.4,7194.8121,,47,60,55,78,57,1,HOLD,0.3,4,False,backfill
2026-08-16T12:53:51.927814+09:00,2026-08-16,005490.KS,POSCO홀딩스,KR,미분류,2026-08-14,334000.0,322904,309140.1,14214.2857,,62,60,50,78,60,1,HOLD,0.14,2,False,backfill
2026-08-16T12:53:51.927814+09:00,2026-08-16,055550.KS,신한지주,KR,미분류,2026-08-14,107400.0,692324,1127157.3,4711.2997,,91,60,68,65,74,1,HOLD,1.07,13,False,backfill
2026-08-16T12:53:51.927814+09:00,2026-08-16,012330.KS,현대모비스,KR,미분류,2026-08-14,547000.0,352348,320790.25,32188.0976,,54,60,63,78,62,1,HOLD,0.19,2,False,backfill
2026-08-16T12:53:51.927814+09:00,2026-08-16,035720.KS,카카오,KR,미분류,2026-08-14,40000.0,2102824,2391978.75,1882.1429,,80,60,60,58,67,1,HOLD,0.5,6,False,backfill
2026-08-16T12:53:51.927814+09:00,2026-08-16,006400.KS,삼성SDI,KR,미분류,2026-08-14,516000.0,463047,433969.25,33785.7143,,54,60,58,45,55,0,HOLD,-0.01,0,False,backfill
2026-08-16T12:53:51.927814+09:00,2026-08-16,028260.KS,삼성물산,KR,미분류,2026-08-14,369000.0,276255,499620.45,29928.5714,,72,60,55,50,61,1,HOLD,0.34,4,False,backfill
2026-08-16T12:53:51.927814+09:00,2026-08-16,015760.KS,한국전력,KR,미분류,2026-08-14,33250.0,1652497,1627354.6,1500.0,,28,60,63,70,51,1,HOLD,-0.22,-3,False,backfill
2026-08-16T12:53:51.927814+09:00,2026-08-16,010130.KS,고려아연,KR,미분류,2026-08-14,1196000.0,21024,25681.9,96785.7143,,62,60,55,42,56,0,HOLD,0.06,1,False,backfill
2026-08-16T12:53:51.927814+09:00,2026-08-16,034730.KS,SK,KR,미분류,2026-08-14,585000.0,214973,210241.6,51153.8619,,69,60,55,78,64,1,HOLD,0.69,8,False,backfill
2026-08-16T12:53:51.927814+09:00,2026-08-16,003670.KS,포스코퓨처엠,KR,미분류,2026-08-14,170500.0,244914,306816.65,11592.8571,,59,60,50,22,51,0,HOLD,-0.1,-1,False,backfill
2026-08-16T12:53:51.927814+09:00,2026-08-16,018260.KS,삼성에스디에스,KR,미분류,2026-08-14,243500.0,287095,337902.6,14728.5714,,87,60,55,50,66,1,HOLD,0.84,10,False,backfill
2026-08-16T12:53:51.927814+09:00,2026-08-16,032830.KS,삼성생명,KR,미분류,2026-08-14,301000.0,393407,444582.4,25678.5714,,65,60,55,52,59,0,HOLD,0.3,4,False,backfill
2026-08-16T12:53:51.927814+09:00,2026-08-16,138040.KS,메리츠금융지주,KR,미분류,2026-08-14,116700.0,324838,276917.15,6050.0,,44,60,55,70,54,1,HOLD,0.25,3,False,backfill
2026-08-16T12:53:51.927814+09:00,2026-08-16,011200.KS,HMM,KR,미분류,2026-08-14,21250.0,1054863,1307083.5,820.0,,62,60,68,52,62,0,HOLD,0.53,6,False,backfill
2026-08-16T12:53:51.927814+09:00,2026-08-16,086790.KS,하나금융지주,KR,미분류,2026-08-14,133000.0,677841,833827.35,5937.3268,,84,60,74,65,73,2,WATCH,1.02,12,False,backfill
2026-08-16T12:53:51.927814+09:00,2026-08-16,017670.KS,SK텔레콤,KR,미분류,2026-08-14,100500.0,3102246,1919306.6,7378.5714,,70,60,50,68,62,1,HOLD,0.41,5,False,backfill
2026-08-16T12:53:51.927814+09:00,2026-08-16,011170.KS,롯데케미칼,KR,미분류,2026-08-14,57200.0,140201,121007.85,2814.2857,,35,60,50,50,47,0,HOLD,-0.34,-4,False,backfill
2026-08-16T12:53:51.927814+09:00,2026-08-16,267260.KS,HD현대일렉트릭,KR,미분류,2026-08-14,803000.0,93551,164890.2,62747.1064,,55,60,63,50,58,0,HOLD,0.08,1,False,backfill
2026-08-16T12:53:51.927814+09:00,2026-08-16,090430.KS,아모레퍼시픽,KR,미분류,2026-08-14,135700.0,230356,386898.65,7278.5714,,84,60,60,50,67,1,HOLD,0.8,10,False,backfill
2026-08-16T12:53:51.927814+09:00,2026-08-16,267250.KS,HD현대중공업,KR,미분류,2026-08-14,235500.0,132163,159253.05,14010.4884,,72,60,55,78,65,2,WATCH,0.37,4,False,backfill
2026-08-16T12:53:51.927814+09:00,2026-08-16,323410.KS,카카오뱅크,KR,미분류,2026-08-14,22200.0,577751,853740.6,842.8571,,65,60,60,60,62,0,HOLD,0.41,5,False,backfill
2026-08-16T12:53:51.927814+09:00,2026-08-16,000810.KS,삼성화재,KR,미분류,2026-08-14,615000.0,188284,114847.5,31857.1429,,32,60,61,62,51,0,HOLD,0.12,1,False,backfill
2026-08-16T12:53:51.927814+09:00,2026-08-16,010950.KS,S-Oil,KR,미분류,2026-08-14,147600.0,325864,408667.4,9153.5714,,95,60,60,70,74,2,WATCH,1.08,13,False,backfill
2026-08-16T12:53:51.927814+09:00,2026-08-16,011070.KS,LG이노텍,KR,미분류,2026-08-14,654000.0,267685,270073.7,61892.8571,,60,60,55,55,58,0,HOLD,0.14,2,False,backfill
2026-08-16T12:53:51.927814+09:00,2026-08-16,010140.KS,삼성중공업,KR,미분류,2026-08-14,22300.0,3051125,3430916.25,1188.5714,,50,60,58,76,58,1,HOLD,0.04,0,False,backfill
2026-08-16T12:53:51.927814+09:00,2026-08-16,329180.KS,HD현대미포,KR,미분류,2026-08-14,510000.0,217718,263015.35,29936.9375,,57,60,55,60,57,0,HOLD,0.06,1,False,backfill
2026-08-16T12:53:51.927814+09:00,2026-08-16,024110.KS,기업은행,KR,미분류,2026-08-14,20400.0,979364,1104282.9,626.6705,,28,60,60,70,50,1,HOLD,-0.08,-1,False,backfill
2026-08-16T12:53:51.927814+09:00,2026-08-16,009150.KS,삼성전기,KR,미분류,2026-08-14,1558000.0,968103,902791.55,161714.2857,,77,60,63,50,65,1,HOLD,0.78,9,False,backfill
2026-08-16T12:53:51.927814+09:00,2026-08-16,042660.KS,한화오션,KR,미분류,2026-08-14,95800.0,2001550,1507562.95,6050.0,,59,60,58,60,59,0,HOLD,0.11,1,False,backfill
2026-08-16T12:53:51.927814+09:00,2026-08-16,128940.KS,한미약품,KR,미분류,2026-08-14,398500.0,48151,83392.75,25196.4286,,50,60,55,50,54,0,HOLD,-0.08,-1,False,backfill
2026-08-16T12:53:51.927814+09:00,2026-08-16,247540.KS,에코프로비엠,KR,미분류,2026-08-14,116700.0,345739,414716.9,9221.4286,,55,60,50,50,54,0,HOLD,-0.06,-1,False,backfill
2026-08-16T12:53:51.927814+09:00,2026-08-16,251270.KS,넷마블,KR,미분류,2026-08-14,39100.0,120680,160692.45,1789.2857,,72,60,60,78,67,2,WATCH,0.45,5,False,backfill
2026-08-16T12:53:51.927814+09:00,2026-08-16,036570.KS,엔씨소프트,KR,미분류,2026-08-14,247500.0,74476,81775.0,13285.7143,,67,60,63,70,65,1,HOLD,0.4,5,False,backfill
2026-08-16T12:53:51.927814+09:00,2026-08-16,018880.KS,한온시스템,KR,미분류,2026-08-14,3820.0,4462143,5328181.0,230.7143,,57,60,50,60,56,0,HOLD,0.0,0,False,backfill
2026-08-16T12:53:51.927814+09:00,2026-08-16,000720.KS,현대건설,KR,미분류,2026-08-14,115800.0,493320,555107.2,8742.8571,,57,60,63,42,57,0,HOLD,0.08,1,False,backfill
2026-08-16T12:53:51.927814+09:00,2026-08-16,139480.KS,이마트,KR,미분류,2026-08-14,78900.0,124603,117323.0,3078.5714,,32,60,55,70,50,1,HOLD,-0.26,-3,False,backfill
2026-08-16T12:53:51.927814+09:00,2026-08-16,000100.KS,유한양행,KR,미분류,2026-08-14,83700.0,202661,289320.9,3450.0,,65,60,60,42,59,0,HOLD,0.32,4,False,backfill
2026-08-16T12:53:51.927814+09:00,2026-08-16,032640.KS,LG유플러스,KR,미분류,2026-08-14,15060.0,693603,1076827.6,562.6239,,80,60,68,78,72,2,WATCH,0.7,8,False,backfill
2026-08-16T12:53:51.927814+09:00,2026-08-16,375500.KS,DL이앤씨,KR,미분류,2026-08-14,73800.0,217727,322367.25,4725.0,,67,60,63,78,66,1,HOLD,0.43,5,False,backfill
2026-08-16T12:53:51.927814+09:00,2026-08-16,096770.KS,SK이노베이션,KR,미분류,2026-08-14,128700.0,677520,866224.1,7982.1429,,80,60,55,68,67,1,HOLD,0.66,8,False,backfill
2026-08-16T12:53:51.927814+09:00,2026-08-16,079550.KS,LIG넥스원,KR,미분류,2026-08-14,815000.0,76887,151468.65,76857.1429,,67,60,63,42,61,0,HOLD,0.39,5,False,backfill
2026-08-16T12:53:51.927814+09:00,2026-08-16,006360.KS,GS건설,KR,미분류,2026-08-14,35350.0,2080996,3597868.75,3135.7143,,99,60,63,78,77,2,WATCH,1.13,14,False,backfill
2026-08-16T12:53:51.927814+09:00,2026-08-16,078930.KS,GS,KR,미분류,2026-08-14,117000.0,805628,601326.75,9046.4286,,90,60,68,70,74,2,WATCH,1.09,13,False,backfill
2026-08-16T12:53:51.927814+09:00,2026-08-16,036460.KS,한국가스공사,KR,미분류,2026-08-14,36600.0,120369,164775.95,1278.5714,,80,60,60,78,70,2,WATCH,0.65,8,False,backfill
2026-08-16T12:53:51.927814+09:00,2026-08-16,016360.KS,삼성증권,KR,미분류,2026-08-14,93000.0,473641,465387.4,5564.2857,,37,60,61,70,54,1,HOLD,-0.13,-2,False,backfill
2026-08-16T12:53:51.927814+09:00,2026-08-16,005940.KS,NH투자증권,KR,미분류,2026-08-14,28750.0,268957,597492.35,1360.7143,,60,60,60,70,62,1,HOLD,0.23,3,False,backfill
2026-08-16T12:53:51.927814+09:00,2026-08-16,026960.KS,동서,KR,미분류,2026-08-14,26300.0,56264,79449.0,853.5714,,73,60,63,50,64,1,HOLD,0.58,7,False,backfill
2026-08-16T12:53:51.927814+09:00,2026-08-16,010060.KS,OCI홀딩스,KR,미분류,2026-08-14,279000.0,218591,442195.3,29871.4286,,72,60,50,52,60,1,HOLD,0.33,4,False,backfill
2026-08-16T12:53:51.927814+09:00,2026-08-16,000210.KS,DL,KR,미분류,2026-08-14,51900.0,57788,100988.0,3257.1429,,80,60,55,78,68,2,WATCH,0.46,6,False,backfill
2026-08-16T12:53:51.927814+09:00,2026-08-16,006800.KS,미래에셋증권,KR,미분류,2026-08-14,37650.0,1141221,1896685.75,2614.2857,,50,60,63,70,59,1,HOLD,0.08,1,False,backfill
2026-08-16T12:53:51.927814+09:00,2026-08-16,064350.KS,현대로템,KR,미분류,2026-08-14,146900.0,269781,557189.25,9357.1429,,62,60,63,60,62,0,HOLD,0.21,3,False,backfill
2026-08-16T12:53:51.927814+09:00,2026-08-16,005830.KS,DB손해보험,KR,미분류,2026-08-14,176800.0,258950,201412.8,9650.0,,88,60,76,62,75,2,WATCH,1.02,12,False,backfill
2026-08-16T12:53:51.927814+09:00,2026-08-16,002380.KS,KCC,KR,미분류,2026-08-14,465500.0,15647,22530.35,26695.0365,,67,60,55,78,64,1,HOLD,0.29,3,False,backfill
2026-08-16T12:53:51.927814+09:00,2026-08-16,011790.KS,SKC,KR,미분류,2026-08-14,89800.0,133427,213968.0,5828.5714,,57,60,50,50,54,0,HOLD,-0.03,0,False,backfill
2026-08-16T12:53:51.927814+09:00,2026-08-16,006650.KS,대한유화,KR,미분류,2026-08-14,91400.0,30156,32648.2,4942.8571,,40,60,55,78,54,1,HOLD,-0.12,-1,False,backfill
2026-08-16T12:53:51.927814+09:00,2026-08-16,000670.KS,영풍,KR,미분류,2026-08-14,38100.0,21134,32586.4,2132.1429,,62,60,55,58,59,0,HOLD,0.12,1,False,backfill
2026-08-16T12:53:51.927814+09:00,2026-08-16,138930.KS,BNK금융지주,KR,미분류,2026-08-14,15130.0,1063153,1144070.2,698.323,,17,60,63,70,47,1,HOLD,-0.34,-4,False,backfill
2026-08-16T12:53:51.927814+09:00,2026-08-16,006260.KS,LS,KR,미분류,2026-08-14,323500.0,258716,165612.45,31785.7143,,55,60,63,52,58,0,HOLD,0.08,1,False,backfill
2026-08-16T12:53:51.927814+09:00,2026-08-16,008770.KS,호텔신라,KR,미분류,2026-08-14,45400.0,258404,296256.15,2307.1429,,55,60,50,68,56,0,HOLD,0.0,0,False,backfill
2026-08-16T12:53:51.927814+09:00,2026-08-16,009830.KS,한화솔루션,KR,미분류,2026-08-14,35400.0,2932229,5290355.2,3321.4286,,70,60,50,70,62,2,WATCH,0.25,3,False,backfill
2026-08-16T12:53:51.927814+09:00,2026-08-16,139130.KS,DGB금융지주,KR,미분류,2026-08-14,17470.0,377644,483153.1,849.6429,,43,60,68,70,58,1,HOLD,0.18,2,False,backfill
2026-08-16T12:53:51.927814+09:00,2026-08-16,011780.KS,금호석유,KR,미분류,2026-08-14,130600.0,88702,112531.25,6814.2857,,77,60,68,86,72,2,WATCH,0.63,8,False,backfill
2026-08-16T12:53:51.927814+09:00,2026-08-16,079160.KS,CJ CGV,KR,미분류,2026-08-14,5440.0,426655,688025.5,329.2857,,92,60,55,66,71,1,HOLD,0.91,11,False,backfill
2026-08-16T12:53:51.927814+09:00,2026-08-16,033780.KS,KT&G,KR,미분류,2026-08-14,176000.0,416621,306456.35,7335.7143,,43,60,66,55,55,0,HOLD,0.13,2,False,backfill
2026-08-16T12:53:51.927814+09:00,2026-08-16,005810.KS,풍산,KR,미분류,2026-08-14,39450.0,50535,33136.5,1800.0,,72,60,60,78,67,2,WATCH,0.5,6,False,backfill
2026-08-16T12:53:51.927814+09:00,2026-08-16,002960.KS,한국쉘석유,KR,미분류,2026-08-14,519000.0,5167,1831.75,14250.0,,79,60,55,58,65,1,HOLD,0.42,5,False,backfill
2026-08-16T12:53:51.927814+09:00,2026-08-16,000120.KS,CJ대한통운,KR,미분류,2026-08-14,77200.0,54113,52164.85,3250.0,,62,60,55,78,62,1,HOLD,0.19,2,False,backfill
2026-08-16T12:53:51.927814+09:00,2026-08-16,120110.KS,코오롱인더,KR,미분류,2026-08-14,55300.0,156822,194697.8,4214.2857,,50,60,50,78,56,1,HOLD,-0.03,0,False,backfill
2026-08-16T12:53:51.927814+09:00,2026-08-16,069620.KS,대웅제약,KR,미분류,2026-08-14,124600.0,16708,33860.55,6550.0,,73,60,60,62,65,1,HOLD,0.38,5,False,backfill
2026-08-16T12:53:51.927814+09:00,2026-08-16,185750.KS,종근당,KR,미분류,2026-08-14,68300.0,26063,21696.3,2575.0,,55,60,55,78,59,1,HOLD,0.09,1,False,backfill
2026-08-16T12:53:51.927814+09:00,2026-08-16,006840.KS,AK홀딩스,KR,미분류,2026-08-14,7360.0,4944,12844.05,354.2857,,70,60,55,42,59,1,HOLD,0.31,4,False,backfill
2026-08-16T12:53:51.927814+09:00,2026-08-16,008930.KS,한미사이언스,KR,미분류,2026-08-14,44300.0,162179,213158.6,2996.4286,,86,60,60,50,68,1,HOLD,0.88,11,False,backfill
2026-08-16T12:53:51.927814+09:00,2026-08-16,002790.KS,아모레G,KR,미분류,2026-08-14,26350.0,75718,106436.9,1185.7143,,80,60,60,78,70,2,WATCH,0.73,9,False,backfill
2026-08-16T12:53:51.927814+09:00,2026-08-16,069260.KS,휴켐스,KR,미분류,2026-08-14,16350.0,48319,67826.7,510.7143,,57,60,50,78,59,1,HOLD,0.07,1,False,backfill
2026-08-16T12:53:51.927814+09:00,2026-08-16,000080.KS,하이트진로,KR,미분류,2026-08-14,15850.0,154946,121429.5,458.5714,,80,60,55,78,68,2,WATCH,0.55,7,False,backfill
2026-08-16T12:53:51.927814+09:00,2026-08-16,030200.KS,KT,KR,미분류,2026-08-14,53400.0,698261,448786.6,1357.1429,,65,60,68,65,65,0,HOLD,0.43,5,False,backfill
2026-08-16T12:53:51.927814+09:00,2026-08-16,012450.KS,한화에어로스페이스,KR,미분류,2026-08-14,1160000.0,172790,225925.35,72714.2857,,62,60,68,42,60,0,HOLD,0.34,4,False,backfill
2026-08-16T12:53:51.927814+09:00,2026-08-16,047810.KS,한국항공우주,KR,미분류,2026-08-14,146400.0,322739,516544.7,11707.1429,,65,60,68,50,63,0,HOLD,0.35,4,False,backfill
2026-08-16T12:53:51.927814+09:00,2026-08-16,051910.KS,LG화학,KR,미분류,2026-08-14,280500.0,137186,195681.2,15303.5714,,57,60,50,52,55,0,HOLD,-0.02,0,False,backfill
2026-08-16T12:53:51.927814+09:00,2026-08-16,051900.KS,LG생활건강,KR,미분류,2026-08-14,307500.0,76531,121501.15,20232.1983,,82,60,63,45,66,1,HOLD,0.84,10,False,backfill
2026-08-16T12:53:51.927814+09:00,2026-08-16,066570.KS,LG전자,KR,미분류,2026-08-14,215000.0,1598040,1314674.5,13894.6798,,64,60,55,68,61,0,HOLD,0.24,3,False,backfill
2026-08-16T12:53:51.927814+09:00,2026-08-16,003550.KS,LG,KR,미분류,2026-08-14,120000.0,503011,298159.55,5650.0,,49,60,58,70,57,1,HOLD,0.15,2,False,backfill
2026-08-16T12:53:51.927814+09:00,2026-08-16,000150.KS,두산,KR,미분류,2026-08-14,1276000.0,52301,71515.4,123863.6069,,55,60,50,50,54,0,HOLD,-0.06,-1,False,backfill
2026-08-16T12:53:51.927814+09:00,2026-08-16,034020.KS,두산에너빌리티,KR,미분류,2026-08-14,82600.0,2119063,2349823.05,4821.4286,,62,60,50,35,54,0,HOLD,-0.01,0,False,backfill
2026-08-16T12:53:51.927814+09:00,2026-08-16,241560.KS,두산밥캣,KR,미분류,2026-08-14,66100.0,112144,154314.6,2661.0757,,67,60,60,70,64,1,HOLD,0.42,5,False,backfill
2026-08-16T12:53:51.927814+09:00,2026-08-16,035250.KS,강원랜드,KR,미분류,2026-08-14,14590.0,338739,394261.1,370.0,,60,60,55,70,60,1,HOLD,0.19,2,False,backfill
2026-08-16T12:53:51.927814+09:00,2026-08-16,114090.KS,GKL,KR,미분류,2026-08-14,9400.0,134363,137013.6,329.2857,,50,60,55,86,59,1,HOLD,0.05,1,False,backfill
2026-08-16T12:53:51.927814+09:00,2026-08-16,020150.KS,롯데에너지머티리얼즈,KR,미분류,2026-08-14,34450.0,160431,185917.0,2689.2857,,57,60,50,27,51,0,HOLD,-0.11,-1,False,backfill
2026-08-16T12:53:51.927814+09:00,2026-08-16,004020.KS,현대제철,KR,미분류,2026-08-14,29900.0,674289,554649.8,1553.5714,,54,60,50,78,58,1,HOLD,0.02,0,False,backfill
2026-08-16T12:53:51.927814+09:00,2026-08-16,069960.KS,현대백화점,KR,미분류,2026-08-14,102200.0,117886,193635.5,9128.5714,,17,60,63,78,49,1,HOLD,-0.34,-4,False,backfill
2026-08-16T12:53:51.927814+09:00,2026-08-16,023530.KS,롯데쇼핑,KR,미분류,2026-08-14,102900.0,158161,187584.95,7957.1429,,7,60,50,78,41,1,AVOID,-0.63,-8,True,backfill
2026-08-16T12:53:51.927814+09:00,2026-08-16,012750.KS,에스원,KR,미분류,2026-08-14,77700.0,34679,56800.2,2628.5714,,77,60,63,68,68,1,HOLD,0.69,8,False,backfill
2026-08-16T12:53:51.927814+09:00,2026-08-16,035150.KS,백광산업,KR,미분류,2026-08-14,10640.0,23597,22258.95,357.8571,,64,60,60,58,61,0,HOLD,0.29,3,False,backfill
2026-08-16T12:53:51.927814+09:00,2026-08-16,018670.KS,삼성E&A,KR,미분류,2026-08-14,244000.0,19292,16991.5,13422.2649,,63,60,55,62,60,0,HOLD,0.15,2,False,backfill
2026-08-16T12:53:51.927814+09:00,2026-08-16,003490.KS,대한항공,KR,미분류,2026-08-14,26300.0,1622859,2321077.95,1035.7143,,65,60,60,62,62,0,HOLD,0.44,5,False,backfill
2026-08-16T12:53:51.927814+09:00,2026-08-16,020560.KS,아시아나항공,KR,미분류,2026-08-14,7190.0,25414,101522.25,275.0,,60,60,55,50,57,0,HOLD,0.23,3,False,backfill
2026-08-16T12:53:51.927814+09:00,2026-08-16,047040.KS,대우건설,KR,미분류,2026-08-14,18010.0,4858982,5740396.4,1645.7143,,57,60,50,52,55,0,HOLD,-0.02,0,False,backfill
2026-08-16T12:53:51.927814+09:00,2026-08-16,161390.KS,한국타이어앤테크놀로지,KR,미분류,2026-08-14,71600.0,222029,335713.55,3642.8571,,84,60,68,62,71,1,HOLD,0.98,12,False,backfill
2026-08-16T12:53:51.927814+09:00,2026-08-16,161890.KS,한국콜마,KR,미분류,2026-08-14,136700.0,604709,431979.6,9321.4286,,85,60,68,60,71,1,HOLD,0.98,12,False,backfill
