scan_ts_kst,date,ticker,name,market,sector,bar_date,close,volume,avg_vol20,atr14,market_cap,tech,macro,filing,value,total,consensus,signal,ev,target,hitl,source,asset_type,flow,regime,exchange
2026-09-05T07:56:26.584096+09:00,2026-09-05,NVDA,NVIDIA Corporation,US,반도체,2026-09-04,230.36,132204717,128762715.85,7.6193,5562502742016,81,65,53,58,63,1,HOLD,0.66,8,False,live,STOCK,54,NEUTRAL,NASDAQ
2026-09-05T07:56:26.584096+09:00,2026-09-05,AAPL,Apple Inc.,US,IT,2026-09-04,319.97,38272821,39589136.05,7.4314,4669700046848,76,60,50,42,63,2,WATCH,0.65,8,False,live,STOCK,83,NEUTRAL,NASDAQ
2026-09-05T07:56:26.584096+09:00,2026-09-05,GOOGL,Alphabet Inc.,US,인터넷,2026-09-04,338.46,20841990,22129414.5,6.6007,4139343675392,28,65,60,60,46,0,HOLD,-0.34,-4,False,live,STOCK,38,NEUTRAL,NASDAQ
2026-09-05T07:56:26.584096+09:00,2026-09-05,GOOG,Alphabet Inc.,US,인터넷,2026-09-04,335.31,12195409,15125330.45,6.3318,4100819517440,28,65,60,60,46,0,HOLD,-0.35,-4,False,live,STOCK,38,NEUTRAL,NASDAQ
2026-09-05T07:56:26.584096+09:00,2026-09-05,MSFT,Microsoft Corporation,US,IT,2026-09-04,499.7,17437000,22964525.0,10.0813,3710545297408,73,60,50,50,61,2,WATCH,0.68,8,False,live,STOCK,72,NEUTRAL,NASDAQ
2026-09-05T07:56:26.584096+09:00,2026-09-05,AMZN,"Amazon.com, Inc.",US,소비재,2026-09-04,258.51,29968655,32660257.75,5.8643,2788369891328,47,60,60,50,52,0,HOLD,0.15,2,False,live,STOCK,52,NEUTRAL,NASDAQ
2026-09-05T07:56:26.584096+09:00,2026-09-05,TSM,Taiwan Semiconductor Manufacturing Compa,US,반도체,2026-09-04,428.91,12267758,9235932.9,10.5786,2224530653184,65,65,77,66,63,1,HOLD,0.48,6,False,live,STOCK,38,NEUTRAL,NYSE
2026-09-05T07:56:26.584096+09:00,2026-09-05,AVGO,Broadcom Inc.,US,반도체,2026-09-04,357.895,32481307,23437955.35,11.5375,1702714146816,17,65,60,50,40,0,AVOID,-0.6,-7,True,live,STOCK,33,NEUTRAL,NASDAQ
2026-09-05T07:56:26.584096+09:00,2026-09-05,META,"Meta Platforms, Inc.",US,인터넷,2026-09-04,616.77,15745973,15994598.65,18.6979,1571225468928,73,65,50,66,64,1,HOLD,0.58,7,False,live,STOCK,68,NEUTRAL,NASDAQ
2026-09-05T07:56:26.584096+09:00,2026-09-05,TSLA,"Tesla, Inc.",US,소비재,2026-09-04,354.08,64559388,37933889.4,15.3371,1398455795712,65,60,70,30,58,1,HOLD,0.21,3,False,live,STOCK,55,NEUTRAL,NASDAQ
2026-09-05T07:56:26.584096+09:00,2026-09-05,MU,"Micron Technology, Inc.",US,반도체,2026-09-04,1016.59,34925945,27691087.25,46.6779,1148129771520,81,65,65,58,65,1,HOLD,0.69,8,False,live,STOCK,46,NEUTRAL,NASDAQ
2026-09-05T07:56:26.584096+09:00,2026-09-05,LLY,Eli Lilly and Company,US,제약/바이오,2026-09-04,1149.36,2159931,2498206.55,35.1731,1024490143744,46,65,71,50,56,1,HOLD,0.2,2,False,live,STOCK,55,NEUTRAL,NYSE
2026-09-05T07:56:26.584096+09:00,2026-09-05,JPM,JPMorgan Chase & Co.,US,금융,2026-09-04,358.64,4867465,5456303.25,5.7243,953331941376,62,60,71,60,65,1,HOLD,0.72,9,False,live,STOCK,64,NEUTRAL,NYSE
2026-09-05T07:56:26.584096+09:00,2026-09-05,WMT,Walmart Inc.,US,소매,2026-09-04,107.14,19188931,27859876.55,2.8176,850021580800,47,60,50,37,46,0,HOLD,-0.23,-3,False,live,STOCK,49,NEUTRAL,NASDAQ
2026-09-05T07:56:26.584096+09:00,2026-09-05,AMD,"Advanced Micro Devices, Inc.",US,반도체,2026-09-04,477.57,19364684,17489884.2,18.4786,779621105664,65,65,65,43,55,0,HOLD,0.22,3,False,live,STOCK,38,NEUTRAL,NASDAQ
2026-09-05T07:56:26.584096+09:00,2026-09-05,V,Visa Inc.,US,금융,2026-09-04,375.07,4613280,6619254.0,6.2857,700273459200,69,60,60,50,62,0,HOLD,0.7,8,False,live,STOCK,69,NEUTRAL,NYSE
2026-09-05T07:56:26.584096+09:00,2026-09-05,JNJ,Johnson & Johnson,US,제약/바이오,2026-09-04,275.23,3878977,6261428.85,5.5665,663276421120,91,65,56,53,71,2,WATCH,1.08,13,False,live,STOCK,83,NEUTRAL,NYSE
2026-09-05T07:56:26.584096+09:00,2026-09-05,ASML,ASML Holding N.V.,US,반도체,2026-09-04,1714.88,1261775,1157838.75,47.5929,658685427712,32,65,70,42,45,1,HOLD,-0.23,-3,False,live,STOCK,30,NEUTRAL,NASDAQ
2026-09-05T07:56:26.584096+09:00,2026-09-05,XOM,Exxon Mobil Corporation,US,에너지,2026-09-04,159.47,15942898,14032709.9,3.3271,655726608384,47,60,50,58,52,0,HOLD,0.1,1,False,live,STOCK,55,NEUTRAL,NYSE
2026-09-05T07:56:26.584096+09:00,2026-09-05,MA,Mastercard Incorporated,US,금융,2026-09-04,579.21,1754074,2744058.7,9.8579,507393736704,54,60,53,50,56,0,HOLD,0.42,5,False,live,STOCK,69,NEUTRAL,NYSE
2026-09-05T07:56:26.584096+09:00,2026-09-05,INTC,Intel Corp.,US,반도체,2026-09-04,95.8,97018400,97847945.0,4.25,506408894464,62,65,88,42,61,1,HOLD,0.28,3,False,live,STOCK,38,NEUTRAL,NASDAQ
2026-09-05T07:56:26.584096+09:00,2026-09-05,ORCL,Oracle Corporation,US,IT,2026-09-04,158.78,26162395,22706139.75,6.2164,457361195008,67,60,50,50,53,0,HOLD,-0.05,-1,False,live,STOCK,38,NEUTRAL,NYSE
2026-09-05T07:56:26.584096+09:00,2026-09-05,ABBV,AbbVie Inc.,US,제약/바이오,2026-09-04,256.46,4701126,4272666.3,5.7696,453194874880,54,65,81,51,67,2,WATCH,0.8,10,False,live,STOCK,81,NEUTRAL,NYSE
2026-09-05T07:56:26.584096+09:00,2026-09-05,BAC,Bank of America Corporation,US,금융,2026-09-04,62.68,25881711,29022600.55,1.095,438305488896,47,60,81,68,64,1,HOLD,0.62,7,False,live,STOCK,61,NEUTRAL,NYSE
2026-09-05T07:56:26.584096+09:00,2026-09-05,CSCO,"Cisco Systems, Inc.",US,IT,2026-09-04,109.2,11975256,19527257.8,2.0443,430530461696,25,60,65,50,43,0,AVOID,-0.47,-6,True,live,STOCK,32,NEUTRAL,NASDAQ
2026-09-05T07:56:26.584096+09:00,2026-09-05,CVX,Chevron Corporation,US,에너지,2026-09-04,208.6,5388284,7789474.2,3.6714,409190465536,91,60,32,74,67,3,WATCH,0.81,10,False,live,STOCK,77,NEUTRAL,NYSE
2026-09-05T07:56:26.584096+09:00,2026-09-05,COST,Costco Wholesale Corporation,US,소매,2026-09-04,915.74,2052509,1769805.45,18.0121,406111289344,43,60,52,29,41,0,AVOID,-0.35,-4,True,live,STOCK,33,NEUTRAL,NASDAQ
2026-09-05T07:56:26.584096+09:00,2026-09-05,PLTR,Palantir Technologies Inc.,US,IT,2026-09-04,174.33,27620762,33138578.1,8.2406,418925182976,51,60,42,35,50,1,HOLD,0.25,3,False,live,STOCK,75,NEUTRAL,NASDAQ
2026-09-05T07:56:26.584096+09:00,2026-09-05,LRCX,Lam Research Corporation,US,반도체,2026-09-04,307.65,8351945,7468207.25,14.1143,384968884224,25,65,73,42,47,1,HOLD,-0.23,-3,False,live,STOCK,46,NEUTRAL,NASDAQ
2026-09-05T07:56:26.584096+09:00,2026-09-05,KO,The Coca-Cola Company,US,소매,2026-09-04,88.07,14571607,14270205.35,1.4411,378925481984,47,60,50,37,47,0,HOLD,0.09,1,False,live,STOCK,54,NEUTRAL,NYSE
2026-09-05T07:56:26.584096+09:00,2026-09-05,CAT,Caterpillar Inc.,US,산업재,2026-09-04,813.94,1991495,2427329.75,24.6057,374147776512,47,60,60,50,48,0,HOLD,-0.22,-3,False,live,STOCK,30,NEUTRAL,NYSE
2026-09-05T07:56:26.584096+09:00,2026-09-05,MRK,"Merck & Co., Inc.",US,제약/바이오,2026-09-04,150.33,4298143,10864502.15,4.8818,370889916416,73,65,50,35,61,2,WATCH,0.73,9,False,live,STOCK,87,NEUTRAL,NYSE
2026-09-05T07:56:26.584096+09:00,2026-09-05,HSBC,HSBC Holdings plc,US,금융,2026-09-04,107.11,1208619,1026805.95,1.3993,366959591424,88,60,55,68,69,1,HOLD,0.92,11,False,live,STOCK,61,NEUTRAL,NYSE
2026-09-05T07:56:26.584096+09:00,2026-09-05,AMAT,"Applied Materials, Inc.",US,반도체,2026-09-04,454.71,5985911,7439780.55,18.0966,360856682496,17,65,65,58,41,0,AVOID,-0.56,-7,True,live,STOCK,24,NEUTRAL,NASDAQ
2026-09-05T07:56:26.584096+09:00,2026-09-05,UNH,UnitedHealth Group Incorporated,US,제약/바이오,2026-09-04,397.14,4826351,4057737.55,7.6104,356470816768,65,65,83,66,68,1,HOLD,0.6,7,False,live,STOCK,52,NEUTRAL,NYSE
2026-09-05T07:56:26.584096+09:00,2026-09-05,GE,GE Aerospace,US,산업재,2026-09-04,337.12,2447243,3499547.15,8.705,349783064576,25,60,60,37,45,0,HOLD,-0.15,-2,False,live,STOCK,61,NEUTRAL,NYSE
2026-09-05T07:56:26.584096+09:00,2026-09-05,PG,The Procter & Gamble Company,US,소매,2026-09-04,146.44,5552427,8860711.35,2.2243,340389986304,72,60,50,45,61,2,WATCH,0.49,6,False,live,STOCK,76,NEUTRAL,NYSE
2026-09-05T07:56:26.584096+09:00,2026-09-05,DELL,Dell Technologies Inc.,US,IT,2026-09-04,524.14,10960031,8311466.55,29.9671,338669076480,92,60,65,66,76,2,WATCH,1.19,14,False,live,STOCK,77,NEUTRAL,NYSE
2026-09-05T07:56:26.584096+09:00,2026-09-05,MS,Morgan Stanley,US,금융,2026-09-04,217.72,2928191,3777869.55,4.6929,341943681024,80,60,60,60,64,1,HOLD,0.62,7,False,live,STOCK,52,NEUTRAL,NYSE
2026-09-05T07:56:26.584096+09:00,2026-09-05,NFLX,"Netflix, Inc.",US,인터넷,2026-09-04,78.25,39850506,28028270.3,2.3293,325828280320,50,65,42,50,45,0,HOLD,-0.25,-3,False,live,STOCK,37,NEUTRAL,NASDAQ
2026-09-05T07:56:26.584096+09:00,2026-09-05,HD,"The Home Depot, Inc.",US,소비재,2026-09-04,321.05,2259444,3644162.2,7.2634,320308248576,25,60,63,42,40,0,AVOID,-0.35,-4,True,live,STOCK,26,NEUTRAL,NYSE
2026-09-05T07:56:26.584096+09:00,2026-09-05,GS,"The Goldman Sachs Group, Inc.",US,금융,2026-09-04,1038.61,1428326,1812276.3,24.7995,302413512704,65,60,60,60,56,0,HOLD,0.23,3,False,live,STOCK,33,NEUTRAL,NYSE
2026-09-05T07:56:26.584096+09:00,2026-09-05,NVS,Novartis AG,US,제약/바이오,2026-09-04,159.99,1266416,1735675.8,3.7486,304095395840,91,65,55,53,62,1,HOLD,0.69,8,False,live,STOCK,40,NEUTRAL,NYSE
2026-09-05T07:56:26.584096+09:00,2026-09-05,RY,Royal Bank of Canada,US,금융,2026-09-04,210.59,518661,1336768.05,4.0164,291547086848,69,60,60,50,61,0,HOLD,0.57,7,False,live,STOCK,63,NEUTRAL,NYSE
2026-09-05T07:56:26.584096+09:00,2026-09-05,PM,Philip Morris International Inc.,US,소매,2026-09-04,182.53,3128127,4100611.35,4.2143,284493709312,46,60,58,58,52,0,HOLD,0.1,1,False,live,STOCK,48,NEUTRAL,NYSE
2026-09-05T07:56:26.584096+09:00,2026-09-05,WFC,Wells Fargo & Company,US,금융,2026-09-04,89.97,7957649,12405987.45,1.735,272069214208,88,60,60,60,69,1,HOLD,0.92,11,False,live,STOCK,63,NEUTRAL,NYSE
2026-09-05T07:56:26.584096+09:00,2026-09-05,MUFG,"Mitsubishi UFJ Financial Group, Inc.",US,금융,2026-09-04,24.09,3703933,2606411.65,0.4721,271151382528,92,60,58,60,68,1,HOLD,0.93,11,False,live,STOCK,54,NEUTRAL,NYSE
2026-09-05T07:56:26.584096+09:00,2026-09-05,PANW,"Palo Alto Networks, Inc.",US,IT,2026-09-04,333.26,5601433,6161431.65,20.4571,271606906880,51,60,57,35,54,1,HOLD,0.38,5,False,live,STOCK,71,NEUTRAL,NASDAQ
2026-09-05T07:56:26.584096+09:00,2026-09-05,BABA,Alibaba Group Holding Limited,US,소비재,2026-09-04,113.24,7158856,12886382.8,3.9303,281472008192,43,60,55,58,58,1,HOLD,0.15,2,False,live,STOCK,83,NEUTRAL,NYSE
2026-09-05T07:56:26.584096+09:00,2026-09-05,RTX,RTX Corporation,US,산업재,2026-09-04,200.79,2789250,4013792.5,4.405,270616330240,39,60,45,58,48,0,HOLD,0.02,0,False,live,STOCK,54,NEUTRAL,NYSE
2026-09-05T07:56:26.584096+09:00,2026-09-05,ARM,Arm Holdings plc American Depositary Sha,US,반도체,2026-09-04,252.09,4120464,3641158.2,14.1571,269231767552,37,65,70,35,45,1,HOLD,-0.36,-4,False,live,STOCK,30,NEUTRAL,NASDAQ
2026-09-05T07:56:26.584096+09:00,2026-09-05,SHEL,Shell plc,US,에너지,2026-09-04,92.95,6848418,5751106.8,1.3062,255681150976,69,60,55,78,66,1,HOLD,0.64,8,False,live,STOCK,67,NEUTRAL,NYSE
2026-09-05T07:56:26.584096+09:00,2026-09-05,SNDK,Sandisk Corporation,US,IT,2026-09-04,1740.0,16217211,13271050.55,109.8264,254769070080,66,60,70,50,63,1,HOLD,0.6,7,False,live,STOCK,62,NEUTRAL,NASDAQ
2026-09-05T07:56:26.584096+09:00,2026-09-05,AZN,AstraZeneca PLC,US,제약/바이오,2026-09-04,162.7,3069984,3257164.2,3.5614,252329132032,72,65,68,58,65,1,HOLD,0.43,5,False,live,STOCK,56,NEUTRAL,NYSE
2026-09-05T07:56:26.584096+09:00,2026-09-05,GEV,GE Vernova Inc.,US,산업재,2026-09-04,941.95,1233783,2023214.15,40.0961,250872922112,17,60,60,50,42,0,AVOID,-0.37,-4,True,live,STOCK,46,NEUTRAL,NYSE
2026-09-05T07:56:26.584096+09:00,2026-09-05,SAP,SAP SE,US,IT,2026-09-04,215.11,2297928,2390726.4,5.825,248280891392,62,60,58,42,60,1,HOLD,0.61,7,False,live,STOCK,77,NEUTRAL,NYSE
2026-09-05T07:56:26.584096+09:00,2026-09-05,ANET,"Arista Networks, Inc.",US,IT,2026-09-04,193.78,4190753,5707157.65,7.4793,244400128000,51,60,60,35,54,0,HOLD,0.4,5,False,live,STOCK,69,NEUTRAL,NYSE
2026-09-05T07:56:26.584096+09:00,2026-09-05,KLAC,KLA Corporation,US,반도체,2026-09-04,185.6,12689661,9028293.05,7.66,242495094784,47,65,73,42,52,1,HOLD,-0.07,-1,False,live,STOCK,38,NEUTRAL,NASDAQ
2026-09-05T07:56:26.584096+09:00,2026-09-05,C,Citigroup Inc.,US,금융,2026-09-04,137.72,5703478,8239968.9,2.7864,231016595456,65,60,70,76,69,2,WATCH,0.68,8,False,live,STOCK,67,NEUTRAL,NYSE
2026-09-05T07:56:26.584096+09:00,2026-09-05,TXN,Texas Instruments Incorporated,US,반도체,2026-09-04,258.44,4231822,5382406.1,7.9093,236019728384,17,65,75,58,44,1,AVOID,-0.5,-6,True,live,STOCK,23,NEUTRAL,NASDAQ
2026-09-05T07:56:26.584096+09:00,2026-09-05,AMGN,Amgen Inc.,US,제약/바이오,2026-09-04,437.23,1615172,2235458.6,9.2726,236380536832,73,65,45,50,62,2,WATCH,0.71,9,False,live,STOCK,84,NEUTRAL,NASDAQ
2026-09-05T07:56:26.584096+09:00,2026-09-05,TM,Toyota Motor Corporation,US,소비재,2026-09-04,197.11,326557,332057.85,3.2236,233414393856,84,60,50,54,63,1,HOLD,0.71,9,False,live,STOCK,61,NEUTRAL,NYSE
2026-09-05T07:56:26.584096+09:00,2026-09-05,BHP,BHP Group Limited,US,소재,2026-09-04,90.42,1781329,2661921.45,2.5843,229800329216,54,60,55,45,54,0,HOLD,0.28,3,False,live,STOCK,61,NEUTRAL,NYSE
2026-09-05T07:56:26.584096+09:00,2026-09-05,TMO,Thermo Fisher Scientific Inc.,US,제약/바이오,2026-09-04,613.78,1216225,1600976.25,17.1396,226943500288,73,65,53,58,66,2,WATCH,0.82,10,False,live,STOCK,84,NEUTRAL,NYSE
2026-09-05T07:56:26.584096+09:00,2026-09-05,IBM,International Business Machines Corporat,US,IT,2026-09-04,234.89,3055465,4822853.25,5.4793,221297950720,62,60,81,58,62,1,HOLD,0.22,3,False,live,STOCK,36,NEUTRAL,NYSE
2026-09-05T07:56:26.584096+09:00,2026-09-05,LIN,Linde plc,US,소재,2026-09-04,477.57,1870357,1876057.85,7.5673,220150300672,57,60,60,58,53,0,HOLD,0.05,1,False,live,STOCK,33,NEUTRAL,NASDAQ
2026-09-05T07:56:26.584096+09:00,2026-09-05,AXP,American Express Company,US,금융,2026-09-04,326.16,1984012,2282185.6,5.6371,220259057664,28,60,81,50,49,1,HOLD,-0.05,-1,False,live,STOCK,32,NEUTRAL,NYSE
2026-09-05T07:56:26.584096+09:00,2026-09-05,SAN,"Banco Santander, S.A.",US,금융,2026-09-04,14.93,7939431,18546616.55,0.2657,216816533504,95,60,55,76,70,2,WATCH,0.98,12,False,live,STOCK,51,NEUTRAL,NYSE
2026-09-05T07:56:26.584096+09:00,2026-09-05,CRWD,"CrowdStrike Holdings, Inc.",US,IT,2026-09-04,213.1,8341574,10345673.7,13.9846,218200522752,88,60,65,30,62,1,HOLD,0.81,10,False,live,STOCK,48,NEUTRAL,NASDAQ
2026-09-05T07:56:26.584096+09:00,2026-09-05,CRM,"Salesforce, Inc.",US,IT,2026-09-04,259.23,10336093,16424539.65,11.4621,213346304000,73,60,55,66,69,2,WATCH,0.88,11,False,live,STOCK,86,NEUTRAL,NYSE
2026-09-05T07:56:26.584096+09:00,2026-09-05,VZ,Verizon Communications Inc.,US,인터넷,2026-09-04,50.14,13415871,16678833.55,0.7614,208320430080,69,65,60,84,68,1,HOLD,0.72,9,False,live,STOCK,60,NEUTRAL,NYSE
2026-09-05T07:56:26.584096+09:00,2026-09-05,NVO,Novo Nordisk A/S,US,제약/바이오,2026-09-04,46.6,6119184,10823679.2,1.2685,205971079168,76,65,68,73,72,3,BUY,0.98,12,False,live,STOCK,71,NEUTRAL,NYSE
2026-09-05T07:56:26.584096+09:00,2026-09-05,TD,The Toronto-Dominion Bank,US,금융,2026-09-04,121.63,1052651,1844947.55,2.4114,199292092416,84,60,60,50,65,1,HOLD,0.75,9,False,live,STOCK,61,NEUTRAL,NYSE
2026-09-05T07:56:26.584096+09:00,2026-09-05,APH,Amphenol Corporation,US,IT,2026-09-04,82.78,11055268,5756448.4,10.2689,204132728832,10,60,66,50,43,0,AVOID,-0.58,-7,True,live,STOCK,52,NEUTRAL,NYSE
2026-09-05T07:56:26.584096+09:00,2026-09-05,TTE,TotalEnergies SE,US,에너지,2026-09-04,88.59,2306745,1573527.25,1.6729,196020224000,43,60,55,94,61,1,HOLD,0.2,2,False,live,STOCK,63,NEUTRAL,NYSE
2026-09-05T07:56:26.584096+09:00,2026-09-05,MRVL,"Marvell Technology, Inc.",US,반도체,2026-09-04,223.55,20890894,24452699.7,16.0586,200905424896,33,65,79,35,52,1,HOLD,-0.12,-1,False,live,STOCK,59,NEUTRAL,NASDAQ
2026-09-05T07:56:26.584096+09:00,2026-09-05,TMUS,"T-Mobile US, Inc.",US,인터넷,2026-09-04,181.52,4489292,3856064.6,4.0851,194711355392,73,65,63,74,68,2,WATCH,0.66,8,False,live,STOCK,62,NEUTRAL,NASDAQ
2026-09-05T07:56:26.584096+09:00,2026-09-05,STX,Seagate Technology Holdings plc,US,IT,2026-09-04,849.28,2544115,3622400.75,49.4321,192786563072,25,60,60,43,50,1,HOLD,-0.11,-1,False,live,STOCK,78,NEUTRAL,NASDAQ
2026-09-05T07:56:26.584096+09:00,2026-09-05,SCHW,The Charles Schwab Corporation,US,금융,2026-09-04,109.29,5882155,7241277.75,2.2979,188999090176,51,60,50,66,57,0,HOLD,0.4,5,False,live,STOCK,69,NEUTRAL,NYSE
2026-09-05T07:56:26.584096+09:00,2026-09-05,SHOP,Shopify Inc.,US,IT,2026-09-04,145.09,6873710,6731170.5,4.9439,186679164928,51,60,60,35,54,0,HOLD,0.4,5,False,live,STOCK,69,NEUTRAL,NASDAQ
2026-09-05T07:56:26.584096+09:00,2026-09-05,PEP,"PepsiCo, Inc.",US,소매,2026-09-04,137.63,6075599,6565824.95,2.2693,188002582528,46,60,60,42,48,0,HOLD,-0.07,-1,False,live,STOCK,41,NEUTRAL,NASDAQ
2026-09-05T07:56:26.584096+09:00,2026-09-05,GILD,"Gilead Sciences, Inc.",US,제약/바이오,2026-09-04,150.995,5977099,5359959.95,3.6957,187227029504,81,65,50,60,68,2,WATCH,0.91,11,False,live,STOCK,84,NEUTRAL,NASDAQ
2026-09-05T07:56:26.584096+09:00,2026-09-05,ABT,Abbott Laboratories,US,제약/바이오,2026-09-04,108.33,6880590,7462709.5,2.7893,188690612224,54,65,53,58,59,1,HOLD,0.49,6,False,live,STOCK,75,NEUTRAL,NYSE
2026-09-05T07:56:26.584096+09:00,2026-09-05,DE,Deere & Company,US,산업재,2026-09-04,693.53,1053714,1355270.7,23.3211,186993311744,82,60,50,58,64,1,HOLD,0.77,9,False,live,STOCK,63,NEUTRAL,NYSE
2026-09-05T07:56:26.584096+09:00,2026-09-05,DIS,The Walt Disney Company,US,인터넷,2026-09-04,105.31,5945953,7582582.65,2.2714,181837381632,47,65,60,58,55,0,HOLD,0.22,3,False,live,STOCK,55,NEUTRAL,NYSE
2026-09-05T07:56:26.584096+09:00,2026-09-05,MCD,McDonald's Corporation,US,소비재,2026-09-04,255.69,4182177,4185333.85,4.2808,180936867840,28,60,60,50,42,0,AVOID,-0.47,-6,True,live,STOCK,26,NEUTRAL,NYSE
2026-09-05T07:56:26.584096+09:00,2026-09-05,UBS,UBS Group AG,US,금융,2026-09-04,55.38,1145205,1570160.25,0.8539,169559277568,91,60,73,66,76,2,WATCH,1.2,14,False,live,STOCK,69,NEUTRAL,NYSE
2026-09-05T07:56:26.584096+09:00,2026-09-05,QCOM,QUALCOMM Incorporated,US,반도체,2026-09-04,168.74,8495424,9094391.2,5.0985,180224524288,62,65,65,66,59,0,HOLD,0.11,1,False,live,STOCK,40,NEUTRAL,NASDAQ
2026-09-05T07:56:26.584096+09:00,2026-09-05,ADI,"Analog Devices, Inc.",US,반도체,2026-09-04,362.25,3485837,3595871.85,10.8867,175533834240,17,65,50,58,36,0,AVOID,-0.76,-9,True,live,STOCK,23,NEUTRAL,NASDAQ
2026-09-05T07:56:26.584096+09:00,2026-09-05,T,AT&T Inc.,US,인터넷,2026-09-04,25.68,26141804,31141485.2,0.4725,175969271808,62,65,50,78,64,2,WATCH,0.62,7,False,live,STOCK,72,NEUTRAL,NYSE
2026-09-05T07:56:26.584096+09:00,2026-09-05,NEE,"NextEra Energy, Inc.",US,유틸리티,2026-09-04,83.43,9439525,10269911.25,1.2582,174002061312,47,60,63,42,52,0,HOLD,0.1,1,False,live,STOCK,55,NEUTRAL,NYSE
2026-09-05T07:56:26.584096+09:00,2026-09-05,BLK,"BlackRock, Inc.",US,금융,2026-09-04,1122.29,410755,553522.75,22.025,182345416704,50,60,60,66,53,0,HOLD,0.21,3,False,live,STOCK,32,NEUTRAL,NYSE
2026-09-05T07:56:26.584096+09:00,2026-09-05,UNP,Union Pacific Corporation,US,산업재,2026-09-04,289.62,1273934,2345226.7,6.0628,172056150016,47,60,60,42,53,0,HOLD,0.22,3,False,live,STOCK,61,NEUTRAL,NYSE
2026-09-05T07:56:26.584096+09:00,2026-09-05,WELL,Welltower Inc.,US,리츠,2026-09-04,236.17,2008105,2665995.25,4.4256,170177495040,47,60,78,38,59,2,HOLD,0.56,7,False,live,STOCK,71,NEUTRAL,NYSE
2026-09-05T07:56:26.584096+09:00,2026-09-05,RIO,Rio Tinto Group,US,소재,2026-09-04,103.27,1259963,2163368.15,2.2143,167954120704,65,60,55,55,55,0,HOLD,0.27,3,False,live,STOCK,40,NEUTRAL,NYSE
2026-09-05T07:56:26.584096+09:00,2026-09-05,BA,The Boeing Company,US,산업재,2026-09-04,212.25,4576471,4899483.55,4.0336,167633453056,17,60,63,35,39,0,AVOID,-0.48,-6,True,live,STOCK,39,NEUTRAL,NYSE
2026-09-05T07:56:26.584096+09:00,2026-09-05,SCCO,Southern Copper Corporation,US,소재,2026-09-04,198.76,787709,1098855.45,8.985,167821737984,47,60,48,37,42,0,AVOID,-0.04,0,True,live,STOCK,32,NEUTRAL,NYSE
2026-09-05T07:56:26.584096+09:00,2026-09-05,BX,Blackstone Inc.,US,금융,2026-09-04,136.15,2777220,3568356.0,3.8425,162739781632,54,60,72,50,63,2,WATCH,0.66,8,False,live,STOCK,75,NEUTRAL,NYSE
2026-09-05T07:56:26.584096+09:00,2026-09-05,COP,ConocoPhillips,US,에너지,2026-09-04,134.26,5185673,6555588.65,2.8671,161291567104,69,60,42,68,64,1,HOLD,0.67,8,False,live,STOCK,84,NEUTRAL,NYSE
2026-09-05T07:56:26.584096+09:00,2026-09-05,BBVA,"Banco Bilbao Vizcaya Argentaria, S.A.",US,금융,2026-09-04,29.51,743146,1419682.3,0.395,162845196288,70,60,55,60,61,1,HOLD,0.62,7,False,live,STOCK,57,NEUTRAL,NYSE
2026-09-05T07:56:26.584096+09:00,2026-09-05,PFE,Pfizer Inc.,US,제약/바이오,2026-09-04,28.45,23529537,34806041.85,0.6243,162155724800,69,65,64,66,71,1,HOLD,0.92,11,False,live,STOCK,90,NEUTRAL,NYSE
2026-09-05T07:56:26.584096+09:00,2026-09-05,WDC,Western Digital Corporation,US,IT,2026-09-04,467.46,5764994,6473074.7,27.2854,168538456064,62,60,58,60,57,0,HOLD,0.11,1,False,live,STOCK,46,NEUTRAL,NASDAQ
2026-09-05T07:56:26.584096+09:00,2026-09-05,IBKR,"Interactive Brokers Group, Inc.",US,금융,2026-09-04,92.62,2358533,3877586.65,3.4052,157807394816,47,60,85,58,61,1,HOLD,0.43,5,False,live,STOCK,49,NEUTRAL,NASDAQ
2026-09-05T07:56:26.584096+09:00,2026-09-05,ETN,Eaton Corporation plc,US,산업재,2026-09-04,410.85,1888982,1714489.1,13.4932,159533056000,40,60,60,50,51,0,HOLD,0.02,0,False,live,STOCK,54,NEUTRAL,NYSE
2026-09-05T07:56:26.584096+09:00,2026-09-05,BUD,Anheuser-Busch InBev SA/NV,US,소매,2026-09-04,80.35,3354101,2191275.05,1.0857,158219304960,62,60,58,60,65,1,HOLD,0.55,7,False,live,STOCK,84,NEUTRAL,NYSE
2026-09-05T07:56:26.584096+09:00,2026-09-05,TBB,AT&T Inc. 5.35% GLB NTS 66,US,인터넷,2026-09-04,19.47,150449,99797.45,0.1692,,57,65,58,80,58,1,HOLD,0.16,2,False,live,STOCK,40,NEUTRAL,NYSE
2026-09-05T07:56:26.584096+09:00,2026-09-05,UBER,"Uber Technologies, Inc.",US,IT,2026-09-04,75.76,14114922,15457416.1,2.5864,154744356864,47,60,66,55,56,0,HOLD,0.29,3,False,live,STOCK,55,NEUTRAL,NYSE
2026-09-05T07:56:26.584096+09:00,2026-09-05,BKNG,Booking Holdings Inc.,US,소비재,2026-09-04,193.29,5131671,4757588.55,6.0829,149776252928,47,60,58,74,57,1,HOLD,0.35,4,False,live,STOCK,54,NEUTRAL,NASDAQ
2026-09-05T07:56:26.584096+09:00,2026-09-05,NOW,"ServiceNow, Inc.",US,IT,2026-09-04,141.26,12294794,17526024.7,6.72,146043338752,88,60,50,35,66,2,WATCH,0.96,12,False,live,STOCK,90,NEUTRAL,NYSE
2026-09-05T07:56:26.584096+09:00,2026-09-05,DHR,Danaher Corporation,US,제약/바이오,2026-09-04,207.66,2897963,3114093.15,6.5479,145982078976,54,65,60,58,61,1,HOLD,0.54,6,False,live,STOCK,75,NEUTRAL,NYSE
2026-09-05T07:56:26.584096+09:00,2026-09-05,TJX,"The TJX Companies, Inc.",US,소비재,2026-09-04,132.08,6853739,7425661.95,2.9614,145909350400,7,60,60,42,34,0,AVOID,-0.89,-11,True,live,STOCK,26,NEUTRAL,NYSE
2026-09-05T07:56:26.584096+09:00,2026-09-05,SONY,Sony Group Corporation,US,IT,2026-09-04,24.56,3003383,4155344.15,0.4636,143484256256,62,60,45,58,57,0,HOLD,0.41,5,False,live,STOCK,67,NEUTRAL,NYSE
2026-09-05T07:56:26.584096+09:00,2026-09-05,VRTX,Vertex Pharmaceuticals Incorporated,US,제약/바이오,2026-09-04,546.12,801784,1117439.2,12.465,138332192768,73,65,53,58,64,2,WATCH,0.76,9,False,live,STOCK,75,NEUTRAL,NASDAQ
2026-09-05T07:56:26.584096+09:00,2026-09-05,UL,Unilever PLC,US,소매,2026-09-04,64.2,3127353,3697407.65,0.8957,138239574016,59,60,58,53,55,0,HOLD,0.41,5,False,live,STOCK,48,NEUTRAL,NYSE
2026-09-05T07:56:26.584096+09:00,2026-09-05,MFG,"Mizuho Financial Group, Inc.",US,금융,2026-09-04,11.23,3698490,2815274.5,0.2256,136427036672,88,60,58,68,69,1,HOLD,0.93,11,False,live,STOCK,58,NEUTRAL,NYSE
2026-09-05T07:56:26.584096+09:00,2026-09-05,BMY,Bristol-Myers Squibb Company,US,제약/바이오,2026-09-04,66.82,4585275,8115053.75,1.5082,136494186496,73,65,60,76,73,3,BUY,1.0,12,False,live,STOCK,90,NEUTRAL,NYSE
2026-09-05T07:56:26.584096+09:00,2026-09-05,NEM,Newmont Corporation,US,소재,2026-09-04,128.09,5634325,8132336.25,4.9829,134967443456,66,60,53,76,65,2,WATCH,0.7,8,False,live,STOCK,72,NEUTRAL,NYSE
2026-09-05T07:56:26.584096+09:00,2026-09-05,COF,Capital One Financial Corporation,US,금융,2026-09-04,219.6,1892678,2971998.9,4.915,134724608000,66,60,53,76,62,1,HOLD,0.58,7,False,live,STOCK,55,NEUTRAL,NYSE
2026-09-05T07:56:26.584096+09:00,2026-09-05,GLW,Corning Inc,US,IT,2026-09-04,154.3,7910333,8662416.65,7.0341,132642119680,52,60,70,43,52,1,HOLD,-0.11,-1,False,live,STOCK,32,NEUTRAL,NYSE
2026-09-05T07:56:26.584096+09:00,2026-09-05,CB,Chubb Limited,US,금융,2026-09-04,341.59,2108381,1661654.05,5.6271,131785375744,54,60,60,68,59,0,HOLD,0.34,4,False,live,STOCK,54,NEUTRAL,NYSE
2026-09-05T07:56:26.584096+09:00,2026-09-05,SPGI,S&P Global Inc.,US,금융,2026-09-04,443.51,1521396,1845009.8,11.8608,130746753024,84,60,63,50,64,1,HOLD,0.77,9,False,live,STOCK,48,NEUTRAL,NYSE
2026-09-05T07:56:26.584096+09:00,2026-09-05,PBR,Petróleo Brasileiro S.A. - Petrobras,US,에너지,2026-09-04,20.12,18778802,20419180.1,0.6469,129660657664,81,60,50,73,68,3,WATCH,0.87,10,False,live,STOCK,72,NEUTRAL,NYSE
2026-09-05T07:56:26.584096+09:00,2026-09-05,ISRG,"Intuitive Surgical, Inc.",US,제약/바이오,2026-09-04,366.7,2080382,2283474.1,11.5105,131380568064,40,65,50,50,49,0,HOLD,-0.22,-3,False,live,STOCK,62,NEUTRAL,NASDAQ
2026-09-05T07:56:26.584096+09:00,2026-09-05,PLD,"Prologis, Inc.",US,리츠,2026-09-04,137.34,2255166,3023463.3,1.8146,133507031040,28,60,58,45,45,0,HOLD,-0.26,-3,False,live,STOCK,53,NEUTRAL,NYSE
2026-09-05T07:56:26.584096+09:00,2026-09-05,PGR,The Progressive Corporation,US,금융,2026-09-04,218.95,1921798,2272204.9,4.5532,127231852544,76,60,53,73,67,2,WATCH,0.73,9,False,live,STOCK,69,NEUTRAL,NYSE
2026-09-05T07:56:26.584096+09:00,2026-09-05,CVS,CVS Health Corp.,US,제약/바이오,2026-09-04,96.74,4477395,6681859.75,1.8011,123727593472,72,65,70,74,66,3,WATCH,0.54,6,False,live,STOCK,41,NEUTRAL,NYSE
2026-09-05T07:56:26.584096+09:00,2026-09-05,BMO,Bank of Montreal,US,금융,2026-09-04,175.4,481654,885282.7,3.9279,121919168512,29,60,63,58,50,0,HOLD,0.0,0,False,live,STOCK,55,NEUTRAL,NYSE
2026-09-05T07:56:26.584096+09:00,2026-09-05,PH,Parker-Hannifin Corporation,US,산업재,2026-09-04,962.59,638786,598904.3,24.0669,121332039680,39,60,50,53,47,0,HOLD,-0.03,0,False,live,STOCK,48,NEUTRAL,NYSE
2026-09-05T07:56:26.584096+09:00,2026-09-05,LMT,Lockheed Martin Corporation,US,산업재,2026-09-04,525.28,942421,998556.05,13.1693,121229770752,35,60,40,42,42,0,AVOID,-0.29,-3,True,live,STOCK,54,NEUTRAL,NYSE
2026-09-05T07:56:26.584096+09:00,2026-09-05,MDT,Medtronic plc,US,제약/바이오,2026-09-04,94.17,8627339,7988891.95,2.3064,120535793664,59,65,55,58,61,1,HOLD,0.58,7,False,live,STOCK,75,NEUTRAL,NYSE
2026-09-05T07:56:26.584096+09:00,2026-09-05,BTI,British American Tobacco p.l.c.,US,소매,2026-09-04,55.35,3245635,4388791.75,0.8843,119235043328,53,60,55,60,48,0,HOLD,-0.16,-2,False,live,STOCK,20,NEUTRAL,NYSE
2026-09-05T07:56:26.584096+09:00,2026-09-05,SBUX,Starbucks Corporation,US,소비재,2026-09-04,104.47,4590022,5476316.1,2.485,119095803904,50,60,60,43,53,0,HOLD,0.26,3,False,live,STOCK,55,NEUTRAL,NASDAQ
2026-09-05T07:56:26.584096+09:00,2026-09-05,HDB,HDFC Bank Limited,US,금융,2026-09-04,23.18,8134790,9724284.5,0.4711,119075659776,50,60,55,52,53,0,HOLD,0.1,1,False,live,STOCK,55,NEUTRAL,NYSE
2026-09-05T07:56:26.584096+09:00,2026-09-05,PDD,PDD Holdings Inc.,US,소비재,2026-09-04,82.21,4603155,6715807.75,2.2779,117017419776,43,60,60,94,55,1,HOLD,-0.01,0,False,live,STOCK,26,NEUTRAL,NASDAQ
2026-09-05T07:56:26.584096+09:00,2026-09-05,SNOW,Snowflake Inc.,US,IT,2026-09-04,337.18,8431642,5226172.1,18.0475,116866588672,66,60,60,22,54,0,HOLD,0.5,6,False,live,STOCK,60,NEUTRAL,NYSE
2026-09-05T07:56:26.584096+09:00,2026-09-05,SYK,Stryker Corporation,US,제약/바이오,2026-09-04,303.13,2349116,2233060.8,9.7757,116272504832,43,65,53,58,49,0,HOLD,-0.08,-1,False,live,STOCK,42,NEUTRAL,NYSE
2026-09-05T07:56:26.584096+09:00,2026-09-05,MO,"Altria Group, Inc.",US,소매,2026-09-04,68.88,7011521,8925221.05,1.4421,115011952640,62,60,60,68,63,0,HOLD,0.39,5,False,live,STOCK,62,NEUTRAL,NYSE
2026-09-05T07:56:26.584096+09:00,2026-09-05,BP,BP p.l.c.,US,에너지,2026-09-04,43.81,7038358,9012957.9,0.9854,112825753600,65,60,55,74,66,2,WATCH,0.55,7,False,live,STOCK,77,NEUTRAL,NYSE
2026-09-05T07:56:26.584096+09:00,2026-09-05,FTNT,"Fortinet, Inc.",US,IT,2026-09-04,156.29,3045143,4353617.15,7.0943,114672107520,47,60,65,42,55,0,HOLD,0.3,4,False,live,STOCK,63,NEUTRAL,NASDAQ
2026-09-05T07:56:26.584096+09:00,2026-09-05,LOW,"Lowe's Companies, Inc.",US,소비재,2026-09-04,204.45,2432988,3070289.4,5.205,114707488768,25,60,60,60,44,0,AVOID,-0.34,-4,True,live,STOCK,33,NEUTRAL,NYSE
2026-09-05T07:56:26.584096+09:00,2026-09-05,BNS,The Bank of Nova Scotia,US,금융,2026-09-04,93.82,1065651,2016882.55,2.2803,114160787456,91,60,60,60,70,1,HOLD,1.0,12,False,live,STOCK,63,NEUTRAL,NYSE
2026-09-05T07:56:26.584096+09:00,2026-09-05,ACN,Accenture plc,US,IT,2026-09-04,186.72,4855687,5068414.35,6.5614,114261827584,62,60,50,68,62,1,HOLD,0.52,6,False,live,STOCK,75,NEUTRAL,NYSE
2026-09-05T07:56:26.584096+09:00,2026-09-05,MPC,Marathon Petroleum Corporation,US,에너지,2026-09-04,388.9,1854351,2551887.55,10.4301,113534156800,80,60,50,68,71,2,WATCH,0.98,12,False,live,STOCK,93,NEUTRAL,NYSE
2026-09-05T07:56:26.584096+09:00,2026-09-05,BNY,Bank of New York Mellon Corp,US,금융,2026-09-04,164.84,2335654,2465517.7,2.9139,111844614144,62,60,48,50,56,0,HOLD,0.44,5,False,live,STOCK,63,NEUTRAL,NYSE
2026-09-05T07:56:26.584096+09:00,2026-09-05,SPOT,Spotify Technology S.A.,US,인터넷,2026-09-04,542.43,1368292,1637309.6,20.1954,111534489600,84,65,50,42,61,1,HOLD,0.63,8,False,live,STOCK,61,NEUTRAL,NYSE
2026-09-05T07:56:26.584096+09:00,2026-09-05,ADP,"Automatic Data Processing, Inc.",US,IT,2026-09-04,277.62,2152871,2037398.55,5.4936,110288084992,58,60,50,42,55,0,HOLD,0.42,5,False,live,STOCK,69,NEUTRAL,NASDAQ
2026-09-05T07:56:26.584096+09:00,2026-09-05,HOOD,"Robinhood Markets, Inc.",US,금융,2026-09-04,122.11,23632241,20776897.05,7.3804,109786939392,92,60,60,42,65,1,HOLD,0.89,11,False,live,STOCK,54,NEUTRAL,NASDAQ
2026-09-05T07:56:26.584096+09:00,2026-09-05,ENB,Enbridge Inc.,US,에너지,2026-09-04,50.09,4941908,5325335.4,0.9486,109400842240,50,60,60,37,46,0,HOLD,-0.22,-3,False,live,STOCK,26,NEUTRAL,NYSE
2026-09-05T07:56:26.584096+09:00,2026-09-05,CM,Canadian Imperial Bank of Commerce,US,금융,2026-09-04,117.5,859753,1140467.65,2.9975,106682408960,44,60,60,60,53,0,HOLD,0.15,2,False,live,STOCK,48,NEUTRAL,NYSE
2026-09-05T07:56:26.584096+09:00,2026-09-05,IBN,ICICI Bank Limited,US,금융,2026-09-04,30.3,3046126,4817476.3,0.45,108734947328,91,60,53,58,66,1,HOLD,0.87,10,False,live,STOCK,55,NEUTRAL,NYSE
2026-09-05T07:56:26.584096+09:00,2026-09-05,VRT,Vertiv Holdings Co,US,산업재,2026-09-04,280.53,3302822,3992256.1,12.8978,108000731136,65,60,53,43,53,0,HOLD,0.09,1,False,live,STOCK,44,NEUTRAL,NYSE
2026-09-05T07:56:26.584096+09:00,2026-09-05,ABNB,"Airbnb, Inc.",US,소비재,2026-09-04,181.94,3405145,5134757.25,4.8579,108943065088,51,60,50,42,53,1,HOLD,0.34,4,False,live,STOCK,72,NEUTRAL,NASDAQ
2026-09-05T07:56:26.584096+09:00,2026-09-05,APP,AppLovin Corporation,US,IT,2026-09-04,320.56,3751739,5290146.95,12.9509,107275575296,62,60,60,58,53,0,HOLD,-0.09,-1,False,live,STOCK,23,NEUTRAL,NASDAQ
2026-09-05T07:56:26.584096+09:00,2026-09-05,CEG,Constellation Energy Corporation,US,유틸리티,2026-09-04,298.96,2798083,2446574.15,9.605,105923731456,81,60,63,45,59,1,HOLD,0.63,8,False,live,STOCK,32,NEUTRAL,NASDAQ
2026-09-05T07:56:26.584096+09:00,2026-09-05,VLO,Valero Energy Corporation,US,에너지,2026-09-04,370.72,2835300,2355850.0,9.9076,106740465664,92,60,60,71,78,3,BUY,1.25,15,False,live,STOCK,90,NEUTRAL,NYSE
2026-09-05T07:56:26.584096+09:00,2026-09-05,MCK,McKesson Corporation,US,제약/바이오,2026-09-04,907.99,683155,896642.75,21.384,105862881280,91,65,56,66,65,1,HOLD,0.82,10,False,live,STOCK,40,NEUTRAL,NYSE
2026-09-05T07:56:26.584096+09:00,2026-09-05,SNY,Sanofi,US,제약/바이오,2026-09-04,44.24,1694868,2261253.4,0.7132,106005127168,43,65,55,61,47,0,HOLD,-0.14,-2,False,live,STOCK,29,NEUTRAL,NASDAQ
2026-09-05T07:56:26.584096+09:00,2026-09-05,ING,ING Groep N.V.,US,금융,2026-09-04,37.18,1337929,1606491.45,0.4946,106068541440,92,60,50,60,68,1,HOLD,0.93,11,False,live,STOCK,66,NEUTRAL,NYSE
2026-09-05T07:56:26.584096+09:00,2026-09-05,ADBE,Adobe Inc.,US,IT,2026-09-04,266.51,6579463,4316053.15,10.4779,105937731584,54,60,60,76,66,2,WATCH,0.6,7,False,live,STOCK,83,NEUTRAL,NASDAQ
2026-09-05T07:56:26.584096+09:00,2026-09-05,SMFG,"Sumitomo Mitsui Financial Group, Inc.",US,금융,2026-09-04,27.3,1199788,1251374.4,0.5143,172877709312,88,60,55,60,68,1,HOLD,0.91,11,False,live,STOCK,63,NEUTRAL,NYSE
2026-09-05T07:56:26.584096+09:00,2026-09-05,CNQ,Canadian Natural Resources Limited,US,에너지,2026-09-04,50.46,3629847,5987992.35,1.2086,104023285760,69,60,53,63,63,0,HOLD,0.61,7,False,live,STOCK,69,NEUTRAL,NYSE
2026-09-05T07:56:26.584096+09:00,2026-09-05,SOMN,The Southern Company,US,유틸리티,2026-09-04,47.76,62302,201530.1,0.5921,,25,60,45,50,40,0,AVOID,-0.49,-6,True,live,STOCK,45,NEUTRAL,NYSE
2026-09-05T07:56:26.584096+09:00,2026-09-05,SOJE,Southern Company (The) Series 2,US,유틸리티,2026-09-04,15.92,138593,54814.65,0.2231,,28,60,48,50,41,0,AVOID,-0.45,-5,True,live,STOCK,40,NEUTRAL,NYSE
2026-09-05T07:56:26.584096+09:00,2026-09-05,FCX,Freeport-McMoRan Inc.,US,소재,2026-09-04,72.73,7262134,13933031.7,3.0776,104441561088,69,60,50,53,54,0,HOLD,0.39,5,False,live,STOCK,40,NEUTRAL,NYSE
2026-09-05T07:56:26.584096+09:00,2026-09-05,HWM,Howmet Aerospace Inc.,US,산업재,2026-09-04,259.27,2816819,2774060.95,9.4318,103397236736,29,60,63,50,46,0,HOLD,-0.15,-2,False,live,STOCK,41,NEUTRAL,NYSE
2026-09-05T07:56:26.584096+09:00,2026-09-05,AEM,Agnico Eagle Mines Limited,US,소재,2026-09-04,204.73,1641456,3455212.8,9.2195,103668072448,66,60,55,55,64,1,HOLD,0.75,9,False,live,STOCK,86,NEUTRAL,NYSE
2026-09-05T07:56:26.584096+09:00,2026-09-05,PSX,Phillips 66,US,에너지,2026-09-04,255.09,2266355,2778787.75,6.7576,101786247168,95,60,50,60,74,2,WATCH,1.17,14,False,live,STOCK,93,NEUTRAL,NYSE
2026-09-05T07:56:26.584096+09:00,2026-09-05,EQIX,"Equinix, Inc.",US,리츠,2026-09-04,1035.98,344592,542114.6,32.6463,102221889536,40,60,48,35,43,0,AVOID,-0.25,-3,True,live,STOCK,49,NEUTRAL,NASDAQ
2026-09-05T07:56:26.584096+09:00,2026-09-05,SO,The Southern Company,US,유틸리티,2026-09-04,88.11,7184027,5428851.35,1.3621,101358485504,20,60,53,42,37,0,AVOID,-0.57,-7,True,live,STOCK,33,NEUTRAL,NYSE
2026-09-05T07:56:26.584096+09:00,2026-09-05,CME,CME Group Inc.,US,금융,2026-09-04,281.29,1639506,1907485.3,6.1536,101146050560,62,60,65,45,63,1,HOLD,0.69,8,False,live,STOCK,81,NEUTRAL,NASDAQ
2026-09-05T07:56:26.584096+09:00,2026-09-05,EQNR,Equinor ASA,US,에너지,2026-09-04,42.09,2828412,2457545.6,0.9579,99894976512,62,60,55,78,64,1,HOLD,0.63,8,False,live,STOCK,69,NEUTRAL,NYSE
2026-09-05T07:56:26.584096+09:00,2026-09-05,MELI,"MercadoLibre, Inc.",US,소비재,2026-09-04,1978.36,281378,426293.9,64.6371,100296523776,78,60,65,50,67,1,HOLD,0.88,11,False,live,STOCK,69,NEUTRAL,NASDAQ
2026-09-05T07:56:26.584096+09:00,2026-09-05,GSK,GSK plc,US,제약/바이오,2026-09-04,49.89,2284805,2932555.25,1.0614,99919970304,28,65,45,63,46,0,HOLD,-0.28,-3,False,live,STOCK,56,NEUTRAL,NYSE
2026-09-05T07:56:26.584096+09:00,2026-09-05,NET,"Cloudflare, Inc.",US,IT,2026-09-04,278.92,1793383,3437054.15,15.3455,99317760000,47,60,50,27,48,0,HOLD,0.18,2,False,live,STOCK,69,NEUTRAL,NYSE
2026-09-05T07:56:26.584096+09:00,2026-09-05,USB,U.S. Bancorp,US,금융,2026-09-04,63.37,4520493,5884484.65,1.1369,98733719552,62,60,73,60,66,1,HOLD,0.78,9,False,live,STOCK,69,NEUTRAL,NYSE
2026-09-05T07:56:26.584096+09:00,2026-09-05,TT,Trane Technologies plc,US,산업재,2026-09-04,447.9,961473,891498.65,9.4886,98548383744,25,60,63,50,41,0,AVOID,-0.43,-5,True,live,STOCK,23,NEUTRAL,NYSE
2026-09-05T07:56:26.584096+09:00,2026-09-05,PNC,"The PNC Financial Services Group, Inc.",US,금융,2026-09-04,245.6,1086759,1428622.95,4.8389,97980571648,29,60,63,60,52,0,HOLD,0.07,1,False,live,STOCK,61,NEUTRAL,NYSE
2026-09-05T07:56:26.584096+09:00,2026-09-05,GD,General Dynamics Corporation,US,산업재,2026-09-04,359.39,1052933,878786.65,6.9681,97235550208,39,60,53,50,48,0,HOLD,-0.02,0,False,live,STOCK,54,NEUTRAL,NYSE
2026-09-05T07:56:26.584096+09:00,2026-09-05,KKR,KKR & Co. Inc.,US,금융,2026-09-04,107.73,3695607,4465985.35,3.2257,99498409984,47,60,58,66,57,0,HOLD,0.38,5,False,live,STOCK,61,NEUTRAL,NYSE
2026-09-05T07:56:26.584096+09:00,2026-09-05,BNH,Brookfield Finance Inc.,US,금융,2026-09-04,15.15,24319,16240.95,0.1321,,65,60,55,50,54,0,HOLD,0.19,2,False,live,STOCK,40,NEUTRAL,NYSE
2026-09-05T07:56:26.584096+09:00,2026-09-05,CMCSA,Comcast Corporation,US,인터넷,2026-09-04,26.49,17276672,20323378.6,0.5946,94003388416,62,65,52,73,63,2,WATCH,0.6,7,False,live,STOCK,72,NEUTRAL,NASDAQ
2026-09-05T07:56:26.584096+09:00,2026-09-05,PWR,"Quanta Services, Inc.",US,산업재,2026-09-04,624.41,639404,1063390.2,23.5636,93875912704,17,60,48,35,32,0,AVOID,-0.84,-10,True,live,STOCK,26,NEUTRAL,NYSE
2026-09-05T07:56:26.584096+09:00,2026-09-05,DUK,Duke Energy Corporation,US,유틸리티,2026-09-04,120.22,3198551,4118007.55,1.7742,93735796736,25,60,63,42,41,0,AVOID,-0.37,-4,True,live,STOCK,33,NEUTRAL,NYSE
2026-09-05T07:56:26.584096+09:00,2026-09-05,BNJ,Brookfield Finance Inc. 4.50% P,US,금융,2026-09-04,15.17,22437,15911.85,0.1425,,50,60,55,50,50,0,HOLD,0.01,0,False,live,STOCK,40,NEUTRAL,NYSE
2026-09-05T07:56:26.584096+09:00,2026-09-05,DASH,"DoorDash, Inc.",US,인터넷,2026-09-04,211.73,4137483,4113169.15,7.9536,91742175232,54,65,50,43,55,1,HOLD,0.41,5,False,live,STOCK,75,NEUTRAL,NASDAQ
2026-09-05T07:56:26.584096+09:00,2026-09-05,CSX,CSX Corporation,US,산업재,2026-09-04,49.41,7813700,9234175.0,1.0398,91530780672,47,60,55,58,54,0,HOLD,0.18,2,False,live,STOCK,61,NEUTRAL,NASDAQ
2026-09-05T07:56:26.584096+09:00,2026-09-05,BCS,Barclays PLC,US,금융,2026-09-04,27.0,3171310,2736510.5,0.4254,90692042752,29,60,50,78,50,1,HOLD,-0.01,0,False,live,STOCK,52,NEUTRAL,NYSE
2026-09-05T07:56:26.584096+09:00,2026-09-05,INTU,Intuit Inc.,US,IT,2026-09-04,332.7,3530655,4046187.75,15.8193,91005763584,50,60,60,66,62,1,HOLD,0.48,6,False,live,STOCK,77,NEUTRAL,NASDAQ
2026-09-05T07:56:26.584096+09:00,2026-09-05,WMB,"The Williams Companies, Inc.",US,에너지,2026-09-04,74.15,6828199,6890844.95,2.1732,90697867264,80,60,53,42,64,2,WATCH,0.68,8,False,live,STOCK,78,NEUTRAL,NYSE
2026-09-05T07:56:26.584096+09:00,2026-09-05,ICE,"Intercontinental Exchange, Inc.",US,금융,2026-09-04,161.26,3183835,3189841.75,3.5664,90530471936,62,60,53,50,61,1,HOLD,0.63,8,False,live,STOCK,83,NEUTRAL,NYSE
2026-09-05T07:56:26.584096+09:00,2026-09-05,BN,Brookfield Corporation,US,금융,2026-09-04,40.31,2472335,3847016.75,0.7589,89986088960,17,60,50,35,34,0,AVOID,-0.76,-9,True,live,STOCK,32,NEUTRAL,NYSE
2026-09-05T07:56:26.584096+09:00,2026-09-05,ITUB,Itaú Unibanco Holding S.A.,US,금융,2026-09-04,8.15,15169939,21272071.95,0.2326,89828253696,63,60,55,70,55,1,HOLD,0.28,3,False,live,STOCK,26,NEUTRAL,NYSE
2026-09-05T07:56:26.584096+09:00,2026-09-05,MRSH,"Marsh & McLennan Companies, Inc.",US,금융,2026-09-04,185.74,1360013,1917680.65,3.8021,88637218816,50,60,32,66,47,0,HOLD,0.05,1,False,live,STOCK,48,NEUTRAL,NYSE
2026-09-05T07:56:26.584096+09:00,2026-09-05,ELV,Elevance Health Inc.,US,제약/바이오,2026-09-04,407.5,1041948,874247.4,8.6871,88374239232,87,65,85,58,76,2,WATCH,0.99,12,False,live,STOCK,65,NEUTRAL,NYSE
2026-09-05T07:56:26.584096+09:00,2026-09-05,LYG,Lloyds Banking Group plc,US,금융,2026-09-04,6.08,8606759,10840432.95,0.0956,88019353600,62,60,58,76,56,1,HOLD,0.35,4,False,live,STOCK,22,NEUTRAL,NYSE
2026-09-05T07:56:26.584096+09:00,2026-09-05,JCI,Johnson Controls International plc,US,소재,2026-09-04,144.94,2995919,2814220.95,3.4057,87796162560,40,60,50,50,43,0,AVOID,-0.28,-3,True,live,STOCK,29,NEUTRAL,NYSE
2026-09-05T07:56:26.584096+09:00,2026-09-05,MAR,"Marriott International, Inc.",US,소비재,2026-09-04,336.51,1139715,1406030.75,6.5152,87750467584,20,60,60,58,41,0,AVOID,-0.64,-8,True,live,STOCK,26,NEUTRAL,NASDAQ
2026-09-05T07:56:26.584096+09:00,2026-09-05,HCA,"HCA Healthcare, Inc.",US,제약/바이오,2026-09-04,405.0,929122,1207926.1,12.0021,89845121024,47,65,66,60,56,0,HOLD,0.31,4,False,live,STOCK,48,NEUTRAL,NYSE
2026-09-05T07:56:26.584096+09:00,2026-09-05,WM,"Waste Management, Inc.",US,산업재,2026-09-04,218.99,2416926,2003771.3,3.6461,87533633536,28,60,60,50,42,0,AVOID,-0.35,-4,True,live,STOCK,26,NEUTRAL,NYSE
2026-09-05T07:56:26.584096+09:00,2026-09-05,MMM,3M Company,US,산업재,2026-09-04,168.56,2175217,2616815.85,3.1294,86930169856,39,60,53,58,49,0,HOLD,0.03,0,False,live,STOCK,48,NEUTRAL,NYSE
2026-09-05T07:56:26.584096+09:00,2026-09-05,UPS,"United Parcel Service, Inc.",US,산업재,2026-09-04,102.29,3104496,4178889.8,1.8871,87026450432,50,60,63,66,55,0,HOLD,0.07,1,False,live,STOCK,39,NEUTRAL,NYSE
2026-09-05T07:56:26.584096+09:00,2026-09-05,MNST,Monster Beverage Corporation,US,소매,2026-09-04,43.82,12030820,9807286.0,1.0679,85845647360,31,60,73,34,50,1,HOLD,-0.01,0,False,live,STOCK,62,NEUTRAL,NASDAQ
2026-09-05T07:56:26.584096+09:00,2026-09-05,EMR,Emerson Electric Co.,US,산업재,2026-09-04,152.82,2036734,2233961.7,3.6314,85594480640,44,60,60,58,56,0,HOLD,0.3,4,False,live,STOCK,67,NEUTRAL,NYSE
2026-09-05T07:56:26.584096+09:00,2026-09-05,MCO,Moody's Corporation,US,금융,2026-09-04,493.55,424805,680825.25,12.3561,85473476608,54,60,50,42,53,0,HOLD,0.31,4,False,live,STOCK,69,NEUTRAL,NYSE
2026-09-05T07:56:26.584096+09:00,2026-09-05,SLB,Slb N.V.,US,에너지,2026-09-04,57.51,7587531,11512761.55,1.9285,85353078784,87,60,50,58,65,1,HOLD,0.65,8,False,live,STOCK,61,NEUTRAL,NYSE
2026-09-05T07:56:26.584096+09:00,2026-09-05,REGN,"Regeneron Pharmaceuticals, Inc.",US,제약/바이오,2026-09-04,827.72,535178,684588.9,20.39,85217902592,73,65,50,58,64,2,WATCH,0.73,9,False,live,STOCK,75,NEUTRAL,NASDAQ
2026-09-05T07:56:26.584096+09:00,2026-09-05,EPD,Enterprise Products Partners L.P.,US,에너지,2026-09-04,38.94,1597455,2744607.75,0.5357,84090044416,84,60,55,60,66,1,HOLD,0.73,9,False,live,STOCK,63,NEUTRAL,NYSE
2026-09-05T07:56:26.584096+09:00,2026-09-05,ASX,"ASE Technology Holding Co., Ltd.",US,반도체,2026-09-04,37.51,6862777,6294778.85,1.4807,97663483904,51,65,55,37,46,0,HOLD,0.01,0,False,live,STOCK,36,NEUTRAL,NYSE
2026-09-05T07:56:26.584096+09:00,2026-09-05,AMT,American Tower Corporation,US,리츠,2026-09-04,175.85,1931548,1927417.4,3.7057,81939079168,58,60,60,42,53,0,HOLD,0.07,1,False,live,STOCK,45,NEUTRAL,NYSE
2026-09-05T07:56:26.584096+09:00,2026-09-05,CVNA,Carvana Co.,US,소비재,2026-09-04,74.59,3696846,7936342.3,3.4845,82680307712,84,60,58,42,65,2,WATCH,0.78,9,False,live,STOCK,71,NEUTRAL,NYSE
2026-09-05T07:56:26.584096+09:00,2026-09-05,SHW,The Sherwin-Williams Company,US,소재,2026-09-04,333.71,977714,1543560.7,7.2183,81010819072,47,60,60,50,52,0,HOLD,0.23,3,False,live,STOCK,51,NEUTRAL,NYSE
2026-09-05T07:56:26.584096+09:00,2026-09-05,BAM,Brookfield Asset Management Ltd.,US,금융,2026-09-04,50.6,2185556,2176222.8,1.15,80820928512,47,60,61,42,55,0,HOLD,0.33,4,False,live,STOCK,69,NEUTRAL,NYSE
2026-09-05T07:56:26.584096+09:00,2026-09-05,CDNS,"Cadence Design Systems, Inc.",US,IT,2026-09-04,292.7,4223335,2244711.75,11.7621,80731348992,18,60,60,42,38,0,AVOID,-0.69,-8,True,live,STOCK,33,NEUTRAL,NASDAQ
2026-09-05T07:56:26.584096+09:00,2026-09-05,CP,Canadian Pacific Kansas City Ltd.,US,산업재,2026-09-04,91.6,2195307,1995430.35,1.9664,80523657216,43,60,63,58,57,0,HOLD,0.23,3,False,live,STOCK,69,NEUTRAL,NYSE
2026-09-05T07:56:26.584096+09:00,2026-09-05,CTAS,Cintas Corporation,US,산업재,2026-09-04,200.47,1320801,1680920.05,3.325,80221995008,54,60,58,29,53,0,HOLD,0.4,5,False,live,STOCK,69,NEUTRAL,NASDAQ
2026-09-05T07:56:26.584096+09:00,2026-09-05,SU,Suncor Energy Inc.,US,에너지,2026-09-04,67.33,5314392,4252254.6,1.5964,78751162368,62,60,53,63,57,0,HOLD,0.32,4,False,live,STOCK,48,NEUTRAL,NYSE
2026-09-05T07:56:26.584096+09:00,2026-09-05,GM,General Motors Company,US,소비재,2026-09-04,87.76,5340442,5174157.1,2.0618,79374663680,65,60,50,74,61,1,HOLD,0.41,5,False,live,STOCK,58,NEUTRAL,NYSE
2026-09-05T07:56:26.584096+09:00,2026-09-05,ECL,Ecolab Inc.,US,소재,2026-09-04,279.28,1003662,1400843.1,5.8113,78290173952,47,60,55,58,55,0,HOLD,0.25,3,False,live,STOCK,63,NEUTRAL,NYSE
2026-09-05T07:56:26.584096+09:00,2026-09-05,NGG,National Grid plc,US,유틸리티,2026-09-04,78.12,796911,773905.55,1.0971,78538727424,28,60,55,60,48,0,HOLD,-0.23,-3,False,live,STOCK,53,NEUTRAL,NYSE
2026-09-05T07:56:26.584096+09:00,2026-09-05,MDLZ,"Mondelez International, Inc.",US,소매,2026-09-04,61.28,7892166,6880923.3,1.2064,78662057984,46,60,63,58,55,0,HOLD,0.15,2,False,live,STOCK,55,NEUTRAL,NASDAQ
2026-09-05T07:56:26.584096+09:00,2026-09-05,ITW,Illinois Tool Works Inc.,US,산업재,2026-09-04,270.12,1032111,979470.55,5.0643,76930170880,39,60,50,42,45,0,HOLD,-0.09,-1,False,live,STOCK,48,NEUTRAL,NYSE
2026-09-05T07:56:26.584096+09:00,2026-09-05,MSI,"Motorola Solutions, Inc.",US,IT,2026-09-04,468.05,745147,954872.35,9.9421,77459365888,54,60,50,50,53,0,HOLD,0.33,4,False,live,STOCK,61,NEUTRAL,NYSE
2026-09-05T07:56:26.584096+09:00,2026-09-05,DB,Deutsche Bank AG,US,금융,2026-09-04,41.33,1092273,1773378.65,0.6739,77659078656,82,60,53,88,70,2,WATCH,0.89,11,False,live,STOCK,61,NEUTRAL,NYSE
2026-09-05T07:56:26.584096+09:00,2026-09-05,E,Eni S.p.A.,US,에너지,2026-09-04,53.58,378297,355169.85,1.0893,77105037312,43,60,50,68,56,1,HOLD,0.11,1,False,live,STOCK,74,NEUTRAL,NYSE
2026-09-05T07:56:26.584096+09:00,2026-09-05,CMI,Cummins Inc.,US,산업재,2026-09-04,560.75,1059355,907547.75,15.6899,77377372160,7,60,70,58,39,1,AVOID,-0.77,-9,True,live,STOCK,20,NEUTRAL,NYSE
2026-09-05T07:56:26.584096+09:00,2026-09-05,EOG,"EOG Resources, Inc.",US,에너지,2026-09-04,145.19,2606794,2751804.7,3.1971,77332340736,43,60,60,78,62,2,WATCH,0.36,4,False,live,STOCK,78,NEUTRAL,NYSE
2026-09-05T07:56:26.584096+09:00,2026-09-05,TRV,"The Travelers Companies, Inc.",US,금융,2026-09-04,369.35,1152683,1560314.15,6.2264,77037182976,73,60,53,78,63,2,WATCH,0.64,8,False,live,STOCK,48,NEUTRAL,NYSE
2026-09-05T07:56:26.584096+09:00,2026-09-05,APO,"Apollo Global Management, Inc.",US,금융,2026-09-04,133.67,1687739,2992246.95,3.6393,78937907200,47,60,63,58,58,0,HOLD,0.33,4,False,live,STOCK,69,NEUTRAL,NYSE
2026-09-05T07:56:26.584096+09:00,2026-09-05,FDX,FedEx Corporation,US,산업재,2026-09-04,322.52,1971750,1569167.5,7.8322,76330942464,43,60,66,68,52,0,HOLD,-0.06,-1,False,live,STOCK,26,NEUTRAL,NYSE
2026-09-05T07:56:26.584096+09:00,2026-09-05,NTES,"NetEase, Inc.",US,IT,2026-09-04,119.29,676305,850625.25,3.988,76375441408,28,60,58,68,53,1,HOLD,-0.01,0,False,live,STOCK,70,NEUTRAL,NASDAQ
2026-09-05T07:56:26.584096+09:00,2026-09-05,DDOG,"Datadog, Inc.",US,IT,2026-09-04,212.93,2493859,4169212.95,11.7889,76457836544,28,60,63,35,45,0,HOLD,-0.3,-4,False,live,STOCK,55,NEUTRAL,NASDAQ
2026-09-05T07:56:26.584096+09:00,2026-09-05,SNPS,"Synopsys, Inc.",US,IT,2026-09-04,393.84,2934108,1752485.4,17.3946,75474173952,36,60,53,43,42,0,AVOID,-0.49,-6,True,live,STOCK,35,NEUTRAL,NASDAQ
2026-09-05T07:56:26.584096+09:00,2026-09-05,B,Barrick Mining Corporation,US,소재,2026-09-04,44.75,6135581,12176209.05,1.7043,73653329920,62,60,50,78,64,2,WATCH,0.62,7,False,live,STOCK,74,NEUTRAL,NYSE
2026-09-05T07:56:26.584096+09:00,2026-09-05,TGT,Target Corporation,US,소매,2026-09-04,164.44,2820327,4876496.35,5.3086,74703691776,73,60,53,60,65,2,WATCH,0.76,9,False,live,STOCK,74,NEUTRAL,NYSE
2026-09-05T07:56:26.584096+09:00,2026-09-05,CI,Cigna Corporation,US,제약/바이오,2026-09-04,282.52,1106053,1388982.65,5.3121,74653220864,72,65,60,94,66,2,WATCH,0.46,6,False,live,STOCK,39,NEUTRAL,NYSE
2026-09-05T07:56:26.584096+09:00,2026-09-05,CNI,Canadian National Railway Company,US,산업재,2026-09-04,123.37,5361892,1356734.6,2.315,74626506752,43,60,63,50,55,0,HOLD,0.19,2,False,live,STOCK,67,NEUTRAL,NYSE
2026-09-05T07:56:26.584096+09:00,2026-09-05,BE,Bloom Energy Corporation,US,산업재,2026-09-04,252.87,14783982,11908144.1,15.857,74477133824,69,60,55,43,54,0,HOLD,0.23,3,False,live,STOCK,41,NEUTRAL,NYSE
2026-09-05T07:56:26.584096+09:00,2026-09-05,NU,Nu Holdings Ltd.,US,금융,2026-09-04,15.37,48563526,72935066.3,0.6176,74247684096,88,60,45,66,64,1,HOLD,0.77,9,False,live,STOCK,55,NEUTRAL,NYSE
2026-09-05T07:56:26.584096+09:00,2026-09-05,ROST,"Ross Stores, Inc.",US,소비재,2026-09-04,230.69,1381559,2807027.95,6.2317,73694642176,43,60,55,42,47,0,HOLD,-0.07,-1,False,live,STOCK,48,NEUTRAL,NASDAQ
2026-09-05T07:56:26.584096+09:00,2026-09-05,NSC,Norfolk Southern Corporation,US,산업재,2026-09-04,329.46,627545,1158532.25,6.7254,73999474688,47,60,60,45,52,0,HOLD,0.16,2,False,live,STOCK,54,NEUTRAL,NYSE
2026-09-05T07:56:26.584096+09:00,2026-09-05,MFC,Manulife Financial Corporation,US,금융,2026-09-04,44.34,915708,2801030.4,0.7894,73463218176,84,60,58,76,63,2,WATCH,0.7,8,False,live,STOCK,28,NEUTRAL,NYSE
2026-09-05T07:56:26.584096+09:00,2026-09-05,ET,Energy Transfer LP,US,에너지,2026-09-04,21.5,6005622,8016851.1,0.3332,74030940160,69,60,70,68,71,2,WATCH,0.9,11,False,live,STOCK,77,NEUTRAL,NYSE
2026-09-05T07:56:26.584096+09:00,2026-09-05,APOS,"Apollo Global Management, Inc.",US,금융,2026-09-04,25.21,17148,63987.4,0.2074,,72,60,58,50,57,1,HOLD,0.34,4,False,live,STOCK,40,NEUTRAL,NYSE
2026-09-05T07:56:26.584096+09:00,2026-09-05,NOC,Northrop Grumman Corporation,US,산업재,2026-09-04,514.98,741804,668460.2,13.0317,73159614464,35,60,45,55,45,0,HOLD,-0.32,-4,False,live,STOCK,48,NEUTRAL,NYSE
2026-09-05T07:56:26.584096+09:00,2026-09-05,ORLY,"O'Reilly Automotive, Inc.",US,소비재,2026-09-04,87.89,3790170,4624083.5,1.8479,71099564032,40,60,58,50,50,0,HOLD,-0.07,-1,False,live,STOCK,51,NEUTRAL,NASDAQ
2026-09-05T07:56:26.584096+09:00,2026-09-05,RACE,Ferrari N.V.,US,소비재,2026-09-04,409.95,314587,365019.35,8.4257,72054792192,47,60,60,37,54,1,HOLD,0.39,5,False,live,STOCK,75,NEUTRAL,NYSE
2026-09-05T07:56:26.584096+09:00,2026-09-05,RCL,Royal Caribbean Cruises Ltd.,US,소비재,2026-09-04,265.19,1479338,1632246.9,7.4364,70925615104,20,60,63,60,40,0,AVOID,-0.51,-6,True,live,STOCK,17,NEUTRAL,NYSE
2026-09-05T07:56:26.584096+09:00,2026-09-05,BSX,Boston Scientific Corporation,US,제약/바이오,2026-09-04,47.8,15438005,19034510.25,1.9442,69273174016,40,65,75,66,62,1,HOLD,0.29,3,False,live,STOCK,69,NEUTRAL,NYSE
2026-09-05T07:56:26.584096+09:00,2026-09-05,CL,Colgate-Palmolive Company,US,소매,2026-09-04,88.77,3977477,3967233.85,1.5786,70765027328,31,60,53,50,45,0,HOLD,-0.2,-2,False,live,STOCK,48,NEUTRAL,NYSE
2026-09-05T07:56:26.584096+09:00,2026-09-05,WBD,"Warner Bros. Discovery, Inc.",US,인터넷,2026-09-04,28.25,11413184,18229504.2,0.3243,70826614784,62,65,53,38,54,0,HOLD,0.32,4,False,live,STOCK,61,NEUTRAL,NASDAQ
2026-09-05T07:56:26.584096+09:00,2026-09-05,WPM,Wheaton Precious Metals Corp.,US,소재,2026-09-04,154.98,2105547,2433952.35,7.0371,70385713152,66,60,60,50,66,1,HOLD,0.83,10,False,live,STOCK,93,NEUTRAL,NYSE
2026-09-05T07:56:26.584096+09:00,2026-09-05,HLT,Hilton Worldwide Holdings Inc.,US,소비재,2026-09-04,311.18,1564953,1836102.65,6.5185,70035701760,28,60,60,50,40,0,AVOID,-0.53,-6,True,live,STOCK,20,NEUTRAL,NYSE
2026-09-05T07:56:26.584096+09:00,2026-09-05,KMI,"Kinder Morgan, Inc.",US,에너지,2026-09-04,31.4,7437488,10406324.4,0.8186,69859532800,28,60,53,45,49,1,HOLD,-0.08,-1,False,live,STOCK,78,NEUTRAL,NYSE
2026-09-05T07:56:26.584096+09:00,2026-09-05,SATA,Strive Inc. Perp. Pfd. Series A,US,금융,2026-09-04,100.01,539659,315527.95,0.2405,,54,60,58,42,59,1,HOLD,0.44,5,False,live,STOCK,87,NEUTRAL,NASDAQ
2026-09-05T07:56:26.584096+09:00,2026-09-05,DLR,"Digital Realty Trust, Inc.",US,리츠,2026-09-04,188.39,1979863,2018273.15,5.3986,71148068864,40,60,63,46,52,0,HOLD,0.11,1,False,live,STOCK,60,NEUTRAL,NYSE
2026-09-05T07:56:26.584096+09:00,2026-09-05,AMX,"América Móvil, S.A.B. de C.V.",US,인터넷,2026-09-04,23.0,2425203,2963490.15,0.4168,68886724608,50,65,55,76,56,1,HOLD,0.02,0,False,live,STOCK,44,NEUTRAL,NYSE
2026-09-05T07:56:26.584096+09:00,2026-09-05,HPE,Hewlett Packard Enterprise Company,US,IT,2026-09-04,52.0,30088185,21378154.25,2.9839,69028167680,40,60,76,74,62,2,WATCH,0.36,4,False,live,STOCK,61,NEUTRAL,NYSE
2026-09-05T07:56:26.584096+09:00,2026-09-05,LITE,Lumentum Holdings Inc.,US,IT,2026-09-04,881.255,3553950,4623232.5,62.1911,79048572928,43,60,50,50,53,1,HOLD,0.07,1,False,live,STOCK,77,NEUTRAL,NASDAQ
2026-09-05T07:56:26.584096+09:00,2026-09-05,AON,Aon plc,US,금융,2026-09-04,323.09,1453286,1006754.3,10.0429,68535607296,28,60,63,60,45,0,HOLD,-0.29,-3,False,live,STOCK,29,NEUTRAL,NYSE
2026-09-05T07:56:26.584096+09:00,2026-09-05,RSG,"Republic Services, Inc.",US,산업재,2026-09-04,222.71,1545428,1442676.4,3.7386,68196696064,91,60,67,50,64,1,HOLD,0.75,9,False,live,STOCK,32,NEUTRAL,NYSE
2026-09-05T07:56:26.584096+09:00,2026-09-05,SPG,"Simon Property Group, Inc.",US,리츠,2026-09-04,209.44,822666,1153958.3,2.9586,79508340736,20,60,72,47,42,1,AVOID,-0.36,-4,True,live,STOCK,23,NEUTRAL,NYSE
2026-09-05T07:56:26.584096+09:00,2026-09-05,AEP,"American Electric Power Company, Inc.",US,유틸리티,2026-09-04,124.5,3122400,3150220.0,2.0846,67777474560,65,60,60,42,55,0,HOLD,0.23,3,False,live,STOCK,44,NEUTRAL,NASDAQ
2026-09-05T07:56:26.584096+09:00,2026-09-05,AJG,Arthur J. Gallagher & Co.,US,금융,2026-09-04,262.69,1009281,1360879.05,7.3173,67338215424,73,60,63,58,66,1,HOLD,0.82,10,False,live,STOCK,69,NEUTRAL,NYSE
2026-09-05T07:56:26.584096+09:00,2026-09-05,SE,Sea Limited,US,소비재,2026-09-04,112.09,3574700,4610710.0,4.1314,68653391872,51,60,50,50,58,1,HOLD,0.47,6,False,live,STOCK,86,NEUTRAL,NYSE
2026-09-05T07:56:26.584096+09:00,2026-09-05,APD,"Air Products and Chemicals, Inc.",US,소재,2026-09-04,301.27,671146,919107.3,5.9757,67088470016,50,60,60,42,55,0,HOLD,0.34,4,False,live,STOCK,69,NEUTRAL,NYSE
2026-09-05T07:56:26.584096+09:00,2026-09-05,ALL,The Allstate Corporation,US,금융,2026-09-04,259.57,1267561,1574913.05,5.0565,65634340864,66,60,53,73,60,1,HOLD,0.52,6,False,live,STOCK,48,NEUTRAL,NYSE
2026-09-05T07:56:26.584096+09:00,2026-09-05,HON,Honeywell International Inc.,US,산업재,2026-09-04,209.61,2461210,2856155.5,4.4643,66433794048,17,60,52,65,44,0,AVOID,-0.45,-5,True,live,STOCK,52,NEUTRAL,NASDAQ
2026-09-05T07:56:26.584096+09:00,2026-09-05,PCAR,PACCAR Inc,US,산업재,2026-09-04,124.7,1636991,2435754.55,2.6993,65637707776,44,60,45,58,42,0,AVOID,-0.25,-3,True,live,STOCK,19,NEUTRAL,NASDAQ
2026-09-05T07:56:26.584096+09:00,2026-09-05,TRP,TC Energy Corporation,US,에너지,2026-09-04,62.61,2376939,1856861.95,1.3631,65225027584,50,60,50,45,45,0,HOLD,-0.26,-3,False,live,STOCK,29,NEUTRAL,NYSE
2026-09-05T07:56:26.584096+09:00,2026-09-05,VALE,Vale S.A.,US,소재,2026-09-04,15.27,25697630,26655141.5,0.4886,64985497600,70,60,62,74,61,2,WATCH,0.43,5,False,live,STOCK,32,NEUTRAL,NYSE
2026-09-05T07:56:26.584096+09:00,2026-09-05,TDG,TransDigm Group Incorporated,US,산업재,2026-09-04,1162.05,209895,353239.75,23.8293,64997625856,20,60,56,53,39,0,AVOID,-0.56,-7,True,live,STOCK,27,NEUTRAL,NYSE
2026-09-05T07:56:26.584096+09:00,2026-09-05,COR,"Cencora, Inc.",US,제약/바이오,2026-09-04,330.95,1017372,1235068.6,6.6978,63154253824,88,65,63,58,72,2,WATCH,1.09,13,False,live,STOCK,77,NEUTRAL,NYSE
2026-09-05T07:56:26.584096+09:00,2026-09-05,TFC,Truist Financial Corporation,US,금융,2026-09-04,51.65,4384773,5597813.65,0.9536,63096995840,69,60,66,70,65,1,HOLD,0.6,7,False,live,STOCK,51,NEUTRAL,NYSE
2026-09-05T07:56:26.584096+09:00,2026-09-05,ARGX,argenx SE,US,제약/바이오,2026-09-04,1033.15,125045,289932.25,29.2643,64634892288,91,65,50,50,62,1,HOLD,0.76,9,False,live,STOCK,48,NEUTRAL,NASDAQ
2026-09-05T07:56:26.584096+09:00,2026-09-05,BKR,Baker Hughes Company,US,에너지,2026-09-04,63.5,5733746,6209632.3,1.525,63034802176,58,60,50,58,58,0,HOLD,0.25,3,False,live,STOCK,69,NEUTRAL,NASDAQ
2026-09-05T07:56:26.584096+09:00,2026-09-05,CRH,CRH plc,US,소재,2026-09-04,94.26,3752622,4252306.1,2.5929,62709714944,28,60,55,60,42,0,AVOID,-0.48,-6,True,live,STOCK,26,NEUTRAL,NYSE
2026-09-05T07:56:26.584096+09:00,2026-09-05,URI,"United Rentals, Inc.",US,산업재,2026-09-04,1009.86,316092,414204.6,29.8432,62856196096,17,60,70,58,49,1,HOLD,-0.28,-3,False,live,STOCK,55,NEUTRAL,NYSE
2026-09-05T07:56:26.584096+09:00,2026-09-05,MET,"MetLife, Inc.",US,금융,2026-09-04,97.62,2623321,2794861.05,1.91,62035259392,62,60,73,58,64,1,HOLD,0.71,9,False,live,STOCK,60,NEUTRAL,NYSE
2026-09-05T07:56:26.584096+09:00,2026-09-05,GWW,"W.W. Grainger, Inc.",US,산업재,2026-09-04,1324.49,174812,209005.6,25.1857,62533304320,65,60,60,50,57,0,HOLD,0.31,4,False,live,STOCK,46,NEUTRAL,NYSE
2026-09-05T07:56:26.584096+09:00,2026-09-05,TRGP,Targa Resources Corp.,US,에너지,2026-09-04,290.05,578416,1200310.8,9.0245,62195716096,69,60,53,42,53,0,HOLD,0.34,4,False,live,STOCK,40,NEUTRAL,NYSE
2026-09-05T07:56:26.584096+09:00,2026-09-05,RELX,RELX Plc,US,산업재,2026-09-04,35.51,2650376,1830443.8,0.8871,61846577152,58,60,55,50,58,1,HOLD,0.37,4,False,live,STOCK,72,NEUTRAL,NYSE
2026-09-05T07:56:26.584096+09:00,2026-09-05,LNG,"Cheniere Energy, Inc.",US,에너지,2026-09-04,292.0,2854782,1689999.1,7.23,60307976192,80,60,66,45,71,2,WATCH,1.05,13,False,live,STOCK,90,NEUTRAL,NYSE
2026-09-05T07:56:26.584096+09:00,2026-09-05,MPLX,MPLX Lp,US,에너지,2026-09-04,59.67,1007057,1148627.85,0.8614,60549156864,69,60,55,55,53,0,HOLD,0.27,3,False,live,STOCK,26,NEUTRAL,NYSE
2026-09-05T07:56:26.584096+09:00,2026-09-05,TEL,TE Connectivity plc,US,반도체,2026-09-04,208.65,2018902,1947480.1,5.9502,60496117760,73,65,63,66,62,1,HOLD,0.47,6,False,live,STOCK,40,NEUTRAL,NYSE
2026-09-05T07:56:26.584096+09:00,2026-09-05,OKE,"ONEOK, Inc.",US,에너지,2026-09-04,95.43,3412754,3379807.7,2.47,60124033024,84,60,55,60,62,1,HOLD,0.63,8,False,live,STOCK,42,NEUTRAL,NYSE
2026-09-05T07:56:26.584096+09:00,2026-09-05,MPWR,"Monolithic Power Systems, Inc.",US,반도체,2026-09-04,1223.86,625831,570491.55,47.1007,60144152576,10,65,50,43,31,0,AVOID,-0.97,-12,True,live,STOCK,23,NEUTRAL,NASDAQ
2026-09-05T07:56:26.584096+09:00,2026-09-05,MT,ArcelorMittal S.A.,US,소재,2026-09-04,78.74,1611377,1380568.85,2.232,59373244416,88,60,60,58,71,2,WATCH,1.05,13,False,live,STOCK,77,NEUTRAL,NYSE
2026-09-05T07:56:26.584096+09:00,2026-09-05,OXY,Occidental Petroleum Corporation,US,에너지,2026-09-04,60.04,6670364,7115298.2,1.3077,60018229248,65,60,65,68,67,1,HOLD,0.64,8,False,live,STOCK,71,NEUTRAL,NYSE
2026-09-05T07:56:26.584096+09:00,2026-09-05,CVE,Cenovus Energy Inc.,US,에너지,2026-09-04,32.37,4437219,6069865.95,0.92,59698208768,62,60,53,68,62,0,HOLD,0.57,7,False,live,STOCK,69,NEUTRAL,NYSE
2026-09-05T07:56:26.584096+09:00,2026-09-05,AFL,Aflac Incorporated,US,금융,2026-09-04,117.21,1859642,2139072.1,1.9101,58762448896,50,60,50,68,49,0,HOLD,-0.08,-1,False,live,STOCK,25,NEUTRAL,NYSE
2026-09-05T07:56:26.584096+09:00,2026-09-05,NUE,Nucor Corporation,US,소재,2026-09-04,261.07,775974,1380573.7,9.7714,59230437376,80,60,60,53,63,1,HOLD,0.61,7,False,live,STOCK,54,NEUTRAL,NYSE
2026-09-05T07:56:26.584096+09:00,2026-09-05,CTVA,"Corteva, Inc.",US,소재,2026-09-04,87.86,4165601,4593590.05,2.4437,58619842560,61,60,58,50,61,1,HOLD,0.63,8,False,live,STOCK,77,NEUTRAL,NYSE
2026-09-05T07:56:26.584096+09:00,2026-09-05,TAK,Takeda Pharmaceutical Company Limited,US,제약/바이오,2026-09-04,18.45,1499535,2299676.75,0.2875,58920132608,91,65,45,66,67,1,HOLD,0.89,11,False,live,STOCK,66,NEUTRAL,NYSE
2026-09-05T07:56:26.584096+09:00,2026-09-05,F,Ford Motor Company,US,소비재,2026-09-04,14.62,38851665,40424658.25,0.3893,58298650624,84,60,68,57,72,2,WATCH,0.84,10,False,live,STOCK,74,NEUTRAL,NYSE
2026-09-05T07:56:26.584096+09:00,2026-09-05,D,"Dominion Energy, Inc.",US,유틸리티,2026-09-04,65.84,3204877,3644113.85,1.0861,57907986432,20,60,63,50,44,0,AVOID,-0.3,-4,True,live,STOCK,46,NEUTRAL,NYSE
2026-09-05T07:56:26.584096+09:00,2026-09-05,CAH,"Cardinal Health, Inc.",US,제약/바이오,2026-09-04,247.18,1543542,1700997.1,4.6391,57488068608,92,65,53,66,68,1,HOLD,0.91,11,False,live,STOCK,55,NEUTRAL,NYSE
2026-09-05T07:56:26.584096+09:00,2026-09-05,MRNA,"Moderna, Inc.",US,제약/바이오,2026-09-04,145.55,14924137,33469631.85,22.7497,58108788736,95,65,53,50,73,2,WATCH,1.16,14,False,live,STOCK,93,NEUTRAL,NASDAQ
2026-09-05T07:56:26.584096+09:00,2026-09-05,NXPI,NXP Semiconductors N.V.,US,반도체,2026-09-04,227.835,2903004,2914840.2,5.6107,57451827200,55,65,76,74,60,2,WATCH,0.1,1,False,live,STOCK,32,NEUTRAL,NASDAQ
2026-09-05T07:56:26.584096+09:00,2026-09-05,O,Realty Income Corporation,US,리츠,2026-09-04,61.25,5083049,5299837.45,0.7104,57955856384,31,60,63,42,42,0,AVOID,-0.28,-3,True,live,STOCK,26,NEUTRAL,NYSE
2026-09-05T07:56:26.584096+09:00,2026-09-05,FAST,Fastenal Company,US,산업재,2026-09-04,49.6,6313648,6206182.4,1.0436,56915877888,47,60,53,29,47,0,HOLD,0.06,1,False,live,STOCK,54,NEUTRAL,NASDAQ
2026-09-05T07:56:26.584096+09:00,2026-09-05,NKE,"NIKE, Inc.",US,소비재,2026-09-04,38.4,20178773,27756633.65,1.0187,56966352896,28,60,50,50,40,0,AVOID,-0.56,-7,True,live,STOCK,33,NEUTRAL,NYSE
2026-09-05T07:56:26.584096+09:00,2026-09-05,FIX,"Comfort Systems USA, Inc.",US,산업재,2026-09-04,1610.34,273692,370779.6,76.6707,56674832384,17,60,50,58,39,0,AVOID,-0.69,-8,True,live,STOCK,38,NEUTRAL,NYSE
2026-09-05T07:56:26.584096+09:00,2026-09-05,PSA,Public Storage,US,리츠,2026-09-04,302.01,495168,744458.4,6.0793,56399085568,20,60,63,37,39,0,AVOID,-0.47,-6,True,live,STOCK,33,NEUTRAL,NYSE
2026-09-05T07:56:26.584096+09:00,2026-09-05,FANG,"Diamondback Energy, Inc.",US,에너지,2026-09-04,199.22,1697971,1762068.55,5.4579,56043237376,40,60,50,61,47,0,HOLD,-0.16,-2,False,live,STOCK,40,NEUTRAL,NASDAQ
2026-09-05T07:56:26.584096+09:00,2026-09-05,KEYS,"Keysight Technologies, Inc.",US,IT,2026-09-04,327.21,605807,1416250.35,12.1263,55705784320,40,60,53,50,44,0,AVOID,-0.25,-3,True,live,STOCK,33,NEUTRAL,NYSE
2026-09-05T07:56:26.584096+09:00,2026-09-05,TER,"Teradyne, Inc.",US,반도체,2026-09-04,357.03,2223968,2328213.4,20.6971,55818338304,32,65,45,50,42,0,AVOID,-0.4,-5,True,live,STOCK,46,NEUTRAL,NASDAQ
2026-09-05T07:56:26.584096+09:00,2026-09-05,AU,AngloGold Ashanti plc,US,소재,2026-09-04,109.07,2210912,2811465.6,5.213,55164252160,66,60,63,84,72,2,WATCH,0.92,11,False,live,STOCK,84,NEUTRAL,NYSE
2026-09-05T07:56:26.584096+09:00,2026-09-05,COHR,"Coherent, Inc.",US,IT,2026-09-04,281.86,4999192,6926319.6,18.3973,55197274112,7,60,45,43,37,0,AVOID,-0.8,-10,True,live,STOCK,62,NEUTRAL,NYSE
2026-09-05T07:56:26.584096+09:00,2026-09-05,SRE,Sempra,US,유틸리티,2026-09-04,84.04,2687536,4192341.8,2.3364,54953787392,50,60,58,58,53,0,HOLD,-0.0,0,False,live,STOCK,43,NEUTRAL,NYSE
2026-09-05T07:56:26.584096+09:00,2026-09-05,AME,"AMETEK, Inc.",US,산업재,2026-09-04,237.72,1445019,1358080.95,5.1729,54486138880,44,60,63,58,53,0,HOLD,0.14,2,False,live,STOCK,48,NEUTRAL,NYSE
2026-09-05T07:56:26.584096+09:00,2026-09-05,NBIS,Nebius Group N.V.,US,IT,2026-09-04,226.39,14803876,21854763.8,15.4789,57480011776,55,60,65,58,59,0,HOLD,0.35,4,False,live,STOCK,56,NEUTRAL,NASDAQ
2026-09-05T07:56:26.584096+09:00,2026-09-05,NOK,Nokia Oyj,US,IT,2026-09-04,10.03,45518995,68106239.75,0.3846,56154406912,37,60,55,51,45,0,HOLD,-0.41,-5,False,live,STOCK,38,NEUTRAL,NYSE
2026-09-05T07:56:26.584096+09:00,2026-09-05,NDAQ,"Nasdaq, Inc.",US,금융,2026-09-04,96.88,1925432,2581301.6,2.0279,54153723904,47,60,45,58,51,0,HOLD,0.17,2,False,live,STOCK,61,NEUTRAL,NASDAQ
2026-09-05T07:56:26.584096+09:00,2026-09-05,STT,State Street Corporation,US,금융,2026-09-04,194.26,1121972,1278648.6,4.1618,53363560448,66,60,63,76,69,2,WATCH,0.82,10,False,live,STOCK,74,NEUTRAL,NYSE
2026-09-05T07:56:26.584096+09:00,2026-09-05,GRMN,Garmin Ltd.,US,IT,2026-09-04,277.03,569468,813323.4,6.7957,53426954240,39,60,53,50,47,0,HOLD,0.06,1,False,live,STOCK,48,NEUTRAL,NYSE
2026-09-05T07:56:26.584096+09:00,2026-09-05,ALAB,"Astera Labs, Inc. Common Stock",US,반도체,2026-09-04,310.4,6290634,3378216.7,19.1233,53849776128,65,65,65,35,52,0,HOLD,0.04,0,False,live,STOCK,30,NEUTRAL,NASDAQ
2026-09-05T07:56:26.584096+09:00,2026-09-05,DVN,Devon Energy Corporation,US,에너지,2026-09-04,48.06,8841575,10072288.75,1.1511,52866002944,84,60,84,70,74,3,BUY,0.99,12,False,live,STOCK,48,NEUTRAL,NYSE
2026-09-05T07:56:26.584096+09:00,2026-09-05,DAL,"Delta Air Lines, Inc.",US,산업재,2026-09-04,80.17,5070741,4711732.05,2.2386,52721639424,25,60,60,84,48,1,HOLD,-0.24,-3,False,live,STOCK,29,NEUTRAL,NYSE
2026-09-05T07:56:26.584096+09:00,2026-09-05,UMC,United Microelectronics Corporation,US,반도체,2026-09-04,20.77,9971924,10530056.2,0.8957,52089262080,73,65,55,58,55,1,HOLD,0.29,3,False,live,STOCK,23,NEUTRAL,NYSE
2026-09-05T07:56:26.584096+09:00,2026-09-05,EW,Edwards Lifesciences Corporation,US,제약/바이오,2026-09-04,89.9,2617587,2804924.35,1.8596,51764420608,43,65,53,50,46,0,HOLD,-0.09,-1,False,live,STOCK,37,NEUTRAL,NYSE
2026-09-05T07:56:26.584096+09:00,2026-09-05,FNV,Franco-Nevada Corporation,US,소재,2026-09-04,266.18,402900,809820.0,9.01,51334283264,66,60,55,50,63,1,HOLD,0.71,9,False,live,STOCK,84,NEUTRAL,NYSE
2026-09-05T07:56:26.584096+09:00,2026-09-05,WDAY,"Workday, Inc.",US,IT,2026-09-04,195.79,2848585,4987464.25,8.7336,47185387520,66,60,45,74,62,2,WATCH,0.6,7,False,live,STOCK,70,NEUTRAL,NASDAQ
2026-09-05T07:56:26.584096+09:00,2026-09-05,BDX,"Becton, Dickinson and Company",US,제약/바이오,2026-09-04,184.74,1439059,1629202.95,4.1729,50320740352,58,65,50,66,62,1,HOLD,0.6,7,False,live,STOCK,83,NEUTRAL,NYSE
2026-09-05T07:56:26.584096+09:00,2026-09-05,AMP,"Ameriprise Financial, Inc.",US,금융,2026-09-04,560.56,369974,376888.7,12.0264,49553502208,66,60,53,68,61,0,HOLD,0.57,7,False,live,STOCK,58,NEUTRAL,NYSE
2026-09-05T07:56:26.584096+09:00,2026-09-05,VST,Vistra Corp.,US,유틸리티,2026-09-04,149.3,4584830,3941786.5,4.8774,50110337024,62,60,76,58,60,1,HOLD,0.37,4,False,live,STOCK,33,NEUTRAL,NYSE
2026-09-05T07:56:26.584096+09:00,2026-09-05,ETR,Entergy Corporation,US,유틸리티,2026-09-04,107.27,2794678,2097523.9,1.9032,51251187712,65,60,63,50,62,0,HOLD,0.46,6,False,live,STOCK,67,NEUTRAL,NYSE
2026-09-05T07:56:26.584096+09:00,2026-09-05,TEAM,Atlassian Corporation,US,IT,2026-09-04,189.58,2469637,4443336.85,9.5766,47990059008,63,60,60,42,64,1,HOLD,0.76,9,False,live,STOCK,93,NEUTRAL,NASDAQ
2026-09-05T07:56:26.584096+09:00,2026-09-05,FITB,Fifth Third Bancorp,US,금융,2026-09-04,54.87,3108599,4825164.95,1.0596,49743659008,29,60,55,58,46,0,HOLD,-0.14,-2,False,live,STOCK,48,NEUTRAL,NYSE
2026-09-05T07:56:26.584096+09:00,2026-09-05,DEO,Diageo plc,US,소매,2026-09-04,89.19,1068476,965823.8,1.7196,49580720128,50,60,58,66,59,0,HOLD,0.42,5,False,live,STOCK,69,NEUTRAL,NYSE
2026-09-05T07:56:26.584096+09:00,2026-09-05,XYZ,"Block, Inc.",US,IT,2026-09-04,82.76,2456103,4190345.15,2.942,49721794560,69,60,63,43,56,0,HOLD,0.51,6,False,live,STOCK,40,NEUTRAL,NYSE
2026-09-05T07:56:26.584096+09:00,2026-09-05,CARR,Carrier Global Corporation,US,산업재,2026-09-04,59.71,4349147,5092022.35,1.4529,49593954304,47,60,73,50,51,1,HOLD,-0.14,-2,False,live,STOCK,23,NEUTRAL,NYSE
2026-09-05T07:56:26.584096+09:00,2026-09-05,ELC,"Entergy Louisiana, LLC COLLATERAL TR MT",US,유틸리티,2026-09-04,19.42,26410,22260.5,0.2259,,50,60,55,50,50,0,HOLD,-0.03,0,False,live,STOCK,40,NEUTRAL,NYSE
2026-09-05T07:56:26.584096+09:00,2026-09-05,CRWV,"CoreWeave, Inc. Class A Common Stock",US,IT,2026-09-04,89.36,20537770,27231603.5,5.0343,49285308416,32,60,60,42,40,0,AVOID,-0.55,-7,True,live,STOCK,20,NEUTRAL,NASDAQ
2026-09-05T07:56:26.584096+09:00,2026-09-05,COIN,"Coinbase Global, Inc.",US,금융,2026-09-04,184.64,8046201,9924045.05,13.2507,48714850304,84,60,53,51,66,2,WATCH,0.85,10,False,live,STOCK,72,NEUTRAL,NASDAQ
2026-09-05T07:56:26.584096+09:00,2026-09-05,AZO,"AutoZone, Inc.",US,소비재,2026-09-04,2983.29,402008,265580.4,72.4419,48703270912,28,60,60,50,53,1,HOLD,-0.02,0,False,live,STOCK,82,NEUTRAL,NYSE
2026-09-05T07:56:26.584096+09:00,2026-09-05,ROK,"Rockwell Automation, Inc.",US,산업재,2026-09-04,433.81,506909,667420.45,8.8164,48174022656,50,60,60,42,47,0,HOLD,-0.14,-2,False,live,STOCK,26,NEUTRAL,NYSE
2026-09-05T07:56:26.584096+09:00,2026-09-05,HUM,Humana Inc.,US,제약/바이오,2026-09-04,401.54,772778,974008.9,12.1479,48217047040,73,65,73,58,67,2,WATCH,0.82,10,False,live,STOCK,58,NEUTRAL,NYSE
2026-09-05T07:56:26.584096+09:00,2026-09-05,WAB,Westinghouse Air Brake Technologies Corp,US,산업재,2026-09-04,282.86,444067,851203.35,6.3157,47778119680,39,60,45,58,49,0,HOLD,0.02,0,False,live,STOCK,61,NEUTRAL,NYSE
2026-09-05T07:56:26.584096+09:00,2026-09-05,LHX,"L3Harris Technologies, Inc.",US,산업재,2026-09-04,256.45,1210186,1584964.3,5.5121,47754743808,10,60,63,58,44,0,AVOID,-0.56,-7,True,live,STOCK,55,NEUTRAL,NYSE
2026-09-05T07:56:26.584096+09:00,2026-09-05,CBRS,Cerebras Systems Inc.,US,반도체,2026-09-04,210.05,13705435,8544866.75,14.665,49900331008,48,65,68,35,53,0,HOLD,-0.01,0,False,live,STOCK,55,NEUTRAL,NASDAQ
2026-09-05T07:56:26.584096+09:00,2026-09-05,INFY,Infosys Limited,US,IT,2026-09-04,11.7,19824792,14537079.6,0.3318,47388504064,46,60,60,60,54,0,HOLD,0.06,1,False,live,STOCK,52,NEUTRAL,NYSE
2026-09-05T07:56:26.584096+09:00,2026-09-05,CMG,"Chipotle Mexican Grill, Inc.",US,소비재,2026-09-04,36.96,9778839,14590731.95,1.1843,46769848320,95,60,63,50,73,2,WATCH,1.16,14,False,live,STOCK,77,NEUTRAL,NYSE
2026-09-05T07:56:26.584096+09:00,2026-09-05,XEL,Xcel Energy Inc.,US,유틸리티,2026-09-04,75.72,3587506,4666565.3,1.3525,47297310720,28,60,58,42,41,0,AVOID,-0.38,-5,True,live,STOCK,35,NEUTRAL,NASDAQ
2026-09-05T07:56:26.584096+09:00,2026-09-05,MSTR,Strategy Inc,US,IT,2026-09-04,142.8,26374686,27748119.3,10.0759,56731824128,74,60,53,62,69,2,WATCH,0.87,10,False,live,STOCK,93,NEUTRAL,NASDAQ
2026-09-05T07:56:26.584096+09:00,2026-09-05,PYPL,"PayPal Holdings, Inc.",US,금융,2026-09-04,54.96,12880648,12452232.4,2.1025,47375519744,48,60,60,86,66,2,WATCH,0.63,8,False,live,STOCK,83,NEUTRAL,NASDAQ
2026-09-05T07:56:26.584096+09:00,2026-09-05,NTRA,"Natera, Inc.",US,제약/바이오,2026-09-04,328.18,968032,1274356.6,10.5375,47305236480,73,65,63,50,66,2,WATCH,0.85,10,False,live,STOCK,77,NEUTRAL,NASDAQ
2026-09-05T07:56:26.584096+09:00,2026-09-05,CCEP,Coca-Cola Europacific Partners PLC,US,소매,2026-09-04,105.76,2241033,1545761.65,1.8893,46680199168,50,60,60,50,56,0,HOLD,0.34,4,False,live,STOCK,63,NEUTRAL,NASDAQ
2026-09-05T07:56:26.584096+09:00,2026-09-05,ABEV,Ambev S.A.,US,소매,2026-09-04,3.02,21409877,31805693.85,0.0743,46568394752,54,60,58,68,55,0,HOLD,0.12,1,False,live,STOCK,41,NEUTRAL,NYSE
2026-09-05T07:56:26.584096+09:00,2026-09-05,STM,STMicroelectronics N.V.,US,반도체,2026-09-04,52.24,7220650,7292387.5,1.6786,46601060352,52,65,70,58,53,1,HOLD,-0.12,-1,False,live,STOCK,23,NEUTRAL,NYSE
2026-09-05T07:56:26.584096+09:00,2026-09-05,TRI,Thomson Reuters Corporation,US,산업재,2026-09-04,105.68,1220586,1610739.3,4.1036,45783175168,66,60,50,58,60,0,HOLD,0.57,7,False,live,STOCK,67,NEUTRAL,NASDAQ
2026-09-05T07:56:26.584096+09:00,2026-09-05,ARES,Ares Management Corporation,US,금융,2026-09-04,140.15,1004646,1985867.3,4.115,46228000768,47,60,60,35,54,1,HOLD,0.35,4,False,live,STOCK,77,NEUTRAL,NYSE
2026-09-05T07:56:26.584096+09:00,2026-09-05,ADSK,"Autodesk, Inc.",US,IT,2026-09-04,217.9,3900636,2024766.8,11.0804,45541097472,43,60,75,66,61,1,HOLD,0.26,3,False,live,STOCK,61,NEUTRAL,NASDAQ
2026-09-05T07:56:26.584096+09:00,2026-09-05,EBAY,eBay Inc.,US,소비재,2026-09-04,103.41,3179498,4141879.9,3.0824,46017449984,57,60,53,50,49,0,HOLD,-0.05,-1,False,live,STOCK,32,NEUTRAL,NASDAQ
2026-09-05T07:56:26.584096+09:00,2026-09-05,CIEN,Ciena Corporation,US,IT,2026-09-04,321.0,3333279,2374613.95,24.2254,45549096960,10,60,50,43,31,0,AVOID,-0.99,-12,True,live,STOCK,20,NEUTRAL,NYSE
2026-09-05T07:56:26.584096+09:00,2026-09-05,HEI,HEICO Corporation,US,산업재,2026-09-04,325.48,477330,505866.5,9.8731,45488242688,20,60,60,34,35,0,AVOID,-0.58,-7,True,live,STOCK,19,NEUTRAL,NYSE
2026-09-05T07:56:26.584096+09:00,2026-09-05,KB,KB Financial Group Inc.,US,금융,2026-09-04,128.68,189215,177125.75,3.3836,45180329984,92,60,55,78,71,2,WATCH,0.97,12,False,live,STOCK,55,NEUTRAL,NYSE
2026-09-05T07:56:26.584096+09:00,2026-09-05,EXC,Exelon Corporation,US,유틸리티,2026-09-04,43.64,7462891,6348424.55,0.8343,44960280576,28,60,60,52,46,0,HOLD,-0.26,-3,False,live,STOCK,46,NEUTRAL,NASDAQ
2026-09-05T07:56:26.584096+09:00,2026-09-05,SLF,Sun Life Financial Inc.,US,금융,2026-09-04,80.97,425788,1137529.4,1.1801,45077180416,76,60,60,50,67,2,WATCH,0.83,10,False,live,STOCK,80,NEUTRAL,NYSE
2026-09-05T07:56:26.584096+09:00,2026-09-05,VEEV,Veeva Systems Inc.,US,IT,2026-09-04,275.09,1151948,1943202.4,11.7993,44539502592,95,60,60,50,72,2,WATCH,1.13,14,False,live,STOCK,78,NEUTRAL,NYSE
2026-09-05T07:56:26.584096+09:00,2026-09-05,RVMD,"Revolution Medicines, Inc.",US,제약/바이오,2026-09-04,210.02,884362,1755593.1,8.3215,45014933504,66,65,66,42,66,1,HOLD,0.84,10,False,live,STOCK,90,NEUTRAL,NASDAQ
2026-09-05T07:56:26.584096+09:00,2026-09-05,BSBR,Banco Santander (Brasil) S.A.,US,금융,2026-09-04,5.96,7140399,5060734.95,0.1221,44625661952,81,60,48,86,66,2,WATCH,0.73,9,False,live,STOCK,48,NEUTRAL,NYSE
2026-09-05T07:56:26.584096+09:00,2026-09-05,IX,ORIX Corporation,US,금융,2026-09-04,39.94,151798,324024.9,0.8825,41537048576,65,60,55,78,57,1,HOLD,0.26,3,False,live,STOCK,29,NEUTRAL,NYSE
2026-09-05T07:56:26.584096+09:00,2026-09-05,KDP,Keurig Dr Pepper Inc.,US,소매,2026-09-04,32.59,5844857,10044612.85,0.6875,44349317120,81,60,63,66,71,2,WATCH,0.86,10,False,live,STOCK,71,NEUTRAL,NASDAQ
2026-09-05T07:56:26.584096+09:00,2026-09-05,FERG,Ferguson plc,US,산업재,2026-09-04,228.41,1144812,1534865.6,6.0596,44186537984,40,60,63,50,52,0,HOLD,0.08,1,False,live,STOCK,57,NEUTRAL,NYSE
2026-09-05T07:56:26.584096+09:00,2026-09-05,IQV,IQVIA Holdings Inc.,US,제약/바이오,2026-09-04,267.77,1183743,1245357.15,7.4764,44074938368,58,65,50,66,62,1,HOLD,0.61,7,False,live,STOCK,84,NEUTRAL,NYSE
2026-09-05T07:56:26.584096+09:00,2026-09-05,VTR,"Ventas, Inc.",US,리츠,2026-09-04,90.27,3199789,2958604.45,1.7879,46303666176,32,60,60,38,49,0,HOLD,0.13,2,False,live,STOCK,69,NEUTRAL,NYSE
2026-09-05T07:56:26.584096+09:00,2026-09-05,CCJ,Cameco Corporation,US,에너지,2026-09-04,100.74,1550370,2653543.5,4.2664,43875594240,51,60,60,35,47,0,HOLD,-0.11,-1,False,live,STOCK,33,NEUTRAL,NYSE
2026-09-05T07:56:26.584096+09:00,2026-09-05,PAYX,"Paychex, Inc.",US,산업재,2026-09-04,121.71,1841302,2162505.1,2.7657,43290161152,58,60,50,50,57,1,HOLD,0.49,6,False,live,STOCK,75,NEUTRAL,NASDAQ
2026-09-05T07:56:26.584096+09:00,2026-09-05,WDS,Woodside Energy Group Ltd,US,에너지,2026-09-04,22.77,396381,477644.05,0.5029,43288051712,50,60,55,60,58,1,HOLD,0.3,4,False,live,STOCK,71,NEUTRAL,NYSE
2026-09-05T07:56:26.584096+09:00,2026-09-05,CBRE,"CBRE Group, Inc.",US,리츠,2026-09-04,147.85,1068978,1394203.9,4.6336,42813710336,47,60,63,66,55,0,HOLD,0.28,3,False,live,STOCK,45,NEUTRAL,NYSE
2026-09-05T07:56:26.584096+09:00,2026-09-05,A,"Agilent Technologies, Inc.",US,제약/바이오,2026-09-04,150.86,1808367,2303823.35,5.175,42531786752,47,65,60,58,60,1,HOLD,0.51,6,False,live,STOCK,84,NEUTRAL,NYSE
2026-09-05T07:56:26.584096+09:00,2026-09-05,GFI,Gold Fields Limited,US,소재,2026-09-04,47.4,4315361,3891013.05,2.02,42228494336,66,60,60,65,65,1,HOLD,0.74,9,False,live,STOCK,72,NEUTRAL,NYSE
2026-09-05T07:56:26.584096+09:00,2026-09-05,HMC,"Honda Motor Co., Ltd.",US,소비재,2026-09-04,32.67,712675,857258.75,0.6107,42390196224,73,60,58,83,71,3,BUY,0.91,11,False,live,STOCK,77,NEUTRAL,NYSE
2026-09-05T07:56:26.584096+09:00,2026-09-05,TEVA,Teva Pharmaceutical Industries Limited,US,제약/바이오,2026-09-04,36.36,7386212,5271515.6,1.055,42370166784,47,65,53,59,54,0,HOLD,0.24,3,False,live,STOCK,63,NEUTRAL,NYSE
2026-09-05T07:56:26.584096+09:00,2026-09-05,PRU,"Prudential Financial, Inc.",US,금융,2026-09-04,122.02,1404217,1526775.85,2.3779,42096898048,62,60,63,94,70,1,HOLD,0.78,9,False,live,STOCK,67,NEUTRAL,NYSE
2026-09-05T07:56:26.584096+09:00,2026-09-05,HLN,Haleon plc,US,제약/바이오,2026-09-04,9.6,18166269,8757553.45,0.1763,42217127936,50,65,55,58,54,0,HOLD,0.23,3,False,live,STOCK,55,NEUTRAL,NYSE
2026-09-05T07:56:26.584096+09:00,2026-09-05,IDXX,"IDEXX Laboratories, Inc.",US,제약/바이오,2026-09-04,535.38,405812,501690.6,14.9261,42232381440,31,65,60,42,48,0,HOLD,-0.17,-2,False,live,STOCK,61,NEUTRAL,NASDAQ
2026-09-05T07:56:26.584096+09:00,2026-09-05,FER,Ferrovial SE,US,산업재,2026-09-04,58.05,1012727,1136616.35,1.0615,41839665152,20,60,55,38,35,0,AVOID,-0.76,-9,True,live,STOCK,23,NEUTRAL,NASDAQ
2026-09-05T07:56:26.584096+09:00,2026-09-05,MSCI,MSCI Inc.,US,금융,2026-09-04,573.01,476855,542827.75,11.52,41657827328,72,60,63,50,61,1,HOLD,0.42,5,False,live,STOCK,55,NEUTRAL,NYSE
2026-09-05T07:56:26.584096+09:00,2026-09-05,AXON,"Axon Enterprise, Inc.",US,산업재,2026-09-04,515.67,634878,817913.9,30.4071,41891696640,47,60,60,35,53,0,HOLD,0.27,3,False,live,STOCK,69,NEUTRAL,NASDAQ
2026-09-05T07:56:26.584096+09:00,2026-09-05,WCN,"Waste Connections, Inc.",US,산업재,2026-09-04,164.87,609687,960824.35,2.8454,41476218880,32,60,53,58,43,0,AVOID,-0.24,-3,True,live,STOCK,29,NEUTRAL,NYSE
2026-09-05T07:56:26.584096+09:00,2026-09-05,YUM,"Yum! Brands, Inc.",US,소비재,2026-09-04,150.71,1593275,2282108.75,3.4652,41128923136,72,60,53,50,54,1,HOLD,0.25,3,False,live,STOCK,33,NEUTRAL,NYSE
2026-09-05T07:56:26.584096+09:00,2026-09-05,ROP,"Roper Technologies, Inc.",US,IT,2026-09-04,407.28,616761,666718.05,10.1421,40280346624,58,60,60,68,64,1,HOLD,0.66,8,False,live,STOCK,75,NEUTRAL,NASDAQ
2026-09-05T07:56:26.584096+09:00,2026-09-05,FMX,"Fomento Económico Mexicano, S.A.B. de C.",US,소매,2026-09-04,120.41,179461,368448.05,2.3811,41021456384,72,60,55,53,60,1,HOLD,0.41,5,False,live,STOCK,56,NEUTRAL,NYSE
2026-09-05T07:56:26.584096+09:00,2026-09-05,ADM,Archer-Daniels-Midland Company,US,소매,2026-09-04,84.61,2322245,3545312.25,2.8793,40778342400,88,60,63,58,69,1,HOLD,0.86,10,False,live,STOCK,61,NEUTRAL,NYSE
2026-09-05T07:56:26.584096+09:00,2026-09-05,FLEX,Flex Ltd.,US,IT,2026-09-04,109.51,4329037,2880231.85,5.0143,40453320704,7,60,66,58,43,0,AVOID,-0.63,-8,True,live,STOCK,46,NEUTRAL,NASDAQ
2026-09-05T07:56:26.584096+09:00,2026-09-05,AIG,"American International Group, Inc.",US,금융,2026-09-04,76.21,2926426,3138196.3,1.2293,39849689088,50,60,55,94,61,1,HOLD,0.28,3,False,live,STOCK,54,NEUTRAL,NYSE
2026-09-05T07:56:26.584096+09:00,2026-09-05,LYV,"Live Nation Entertainment, Inc.",US,인터넷,2026-09-04,173.5,1917682,1693634.1,4.245,40418471936,47,65,60,22,49,0,HOLD,0.16,2,False,live,STOCK,61,NEUTRAL,NYSE
2026-09-05T07:56:26.584096+09:00,2026-09-05,MCHP,Microchip Technology Incorporated,US,반도체,2026-09-04,74.17,7672954,8077942.7,2.3813,40274956288,37,65,70,51,47,1,HOLD,-0.35,-4,False,live,STOCK,24,NEUTRAL,NASDAQ
2026-09-05T07:56:26.584096+09:00,2026-09-05,TTWO,"Take-Two Interactive Software, Inc.",US,IT,2026-09-04,214.69,2077910,2623075.5,8.6193,40142831616,20,60,53,42,36,0,AVOID,-0.57,-7,True,live,STOCK,26,NEUTRAL,NASDAQ
2026-09-05T07:56:26.584096+09:00,2026-09-05,DHI,"D.R. Horton, Inc.",US,소비재,2026-09-04,142.75,1607662,1822658.1,3.7684,39927357440,31,60,68,68,47,0,HOLD,-0.23,-3,False,live,STOCK,20,NEUTRAL,NYSE
2026-09-05T07:56:26.584096+09:00,2026-09-05,PFH,"Prudential Financial, Inc. 4.125% Junior",US,금융,2026-09-04,15.28,36610,33555.5,0.2618,,50,60,58,50,50,0,HOLD,-0.05,-1,False,live,STOCK,40,NEUTRAL,NYSE
2026-09-05T07:56:26.584096+09:00,2026-09-05,RKT,"Rocket Companies, Inc.",US,금융,2026-09-04,14.06,24633413,24139175.65,0.6254,39812894720,32,60,63,60,56,1,HOLD,0.3,4,False,live,STOCK,78,NEUTRAL,NYSE
2026-09-05T07:56:26.584096+09:00,2026-09-05,JD,"JD.com, Inc.",US,소비재,2026-09-04,28.26,4885460,8743543.0,0.4799,38165131264,28,60,63,74,59,2,HOLD,0.14,2,False,live,STOCK,84,NEUTRAL,NASDAQ
2026-09-05T07:56:26.584096+09:00,2026-09-05,ED,"Consolidated Edison, Inc.",US,유틸리티,2026-09-04,107.29,2152888,2175674.4,1.6103,39678914560,50,60,65,52,62,1,HOLD,0.45,5,False,live,STOCK,84,NEUTRAL,NYSE
2026-09-05T07:56:26.584096+09:00,2026-09-05,VOD,Vodafone Group Public Limited Company,US,인터넷,2026-09-04,16.9,5063224,2996666.2,0.2618,39056461824,88,65,55,86,74,3,BUY,1.05,13,False,live,STOCK,72,NEUTRAL,NASDAQ
2026-09-05T07:56:26.584096+09:00,2026-09-05,SHG,"Shinhan Financial Group Co., Ltd.",US,금융,2026-09-04,82.28,120745,153987.25,1.97,38742716416,92,60,50,65,70,2,WATCH,0.99,12,False,live,STOCK,71,NEUTRAL,NYSE
2026-09-05T07:56:26.584096+09:00,2026-09-05,ODFL,"Old Dominion Freight Line, Inc.",US,산업재,2026-09-04,185.87,2389705,1650725.25,6.5169,38541373440,10,60,63,50,36,0,AVOID,-0.83,-10,True,live,STOCK,20,NEUTRAL,NASDAQ
2026-09-05T07:56:26.584096+09:00,2026-09-05,PCG,PG&E Corporation,US,유틸리티,2026-09-04,14.3,46209829,48349776.45,1.0786,31493849088,28,60,66,88,62,2,WATCH,0.04,0,False,live,STOCK,81,NEUTRAL,NYSE
2026-09-05T07:56:26.584096+09:00,2026-09-05,ONC,BeOne Medicines AG,US,제약/바이오,2026-09-04,358.26,201833,365136.65,8.7164,40527147008,51,65,48,51,57,1,HOLD,0.45,5,False,live,STOCK,86,NEUTRAL,NASDAQ
2026-09-05T07:56:26.584096+09:00,2026-09-05,SYY,Sysco Corporation,US,소매,2026-09-04,80.05,2153153,2408342.65,1.3411,38351634432,32,60,63,50,42,0,AVOID,-0.26,-3,True,live,STOCK,19,NEUTRAL,NYSE
2026-09-05T07:56:26.584096+09:00,2026-09-05,NTR,Nutrien Ltd.,US,소재,2026-09-04,79.47,2352292,2708169.6,2.3626,37923885056,76,60,50,60,68,2,WATCH,0.88,11,False,live,STOCK,90,NEUTRAL,NYSE
2026-09-05T07:56:26.584096+09:00,2026-09-05,VIK,Viking Holdings Ltd,US,소비재,2026-09-04,85.81,2133320,3915236.0,3.0429,38326013952,17,60,55,50,36,0,AVOID,-0.65,-8,True,live,STOCK,23,NEUTRAL,NYSE
2026-09-05T07:56:26.584096+09:00,2026-09-05,HIG,"The Hartford Insurance Group, Inc.",US,금융,2026-09-04,138.37,1422183,1287179.15,2.28,37480558592,76,60,58,86,67,2,WATCH,0.68,8,False,live,STOCK,48,NEUTRAL,NYSE
2026-09-05T07:56:26.584096+09:00,2026-09-05,NWG,NatWest Group plc,US,금융,2026-09-04,18.94,1915776,2534803.8,0.2768,75193679872,66,60,55,70,59,1,HOLD,0.49,6,False,live,STOCK,42,NEUTRAL,NYSE
2026-09-05T07:56:26.584096+09:00,2026-09-05,EL,The Estée Lauder Companies Inc.,US,소매,2026-09-04,103.86,3878661,3965948.05,4.2098,37576019968,73,60,66,35,66,2,WATCH,0.9,11,False,live,STOCK,87,NEUTRAL,NYSE
2026-09-05T07:56:26.584096+09:00,2026-09-05,RKLB,"Rocket Lab USA, Inc.",US,산업재,2026-09-04,64.26,14797841,17112987.05,3.1481,41088552960,7,60,63,19,32,0,AVOID,-0.87,-10,True,live,STOCK,36,NEUTRAL,NASDAQ
2026-09-05T07:56:26.584096+09:00,2026-09-05,PEG,Public Service Enterprise Group Incorpor,US,유틸리티,2026-09-04,73.7,2005989,2557589.45,1.0729,36726284288,47,60,50,45,44,0,AVOID,-0.28,-3,True,live,STOCK,27,NEUTRAL,NYSE
2026-09-05T07:56:26.584096+09:00,2026-09-05,BBD,Banco Bradesco S.A.,US,금융,2026-09-04,3.47,27206546,29793672.3,0.0999,36744445952,58,60,50,78,56,1,HOLD,0.23,3,False,live,STOCK,38,NEUTRAL,NYSE
2026-09-05T07:56:26.584096+09:00,2026-09-05,KGC,Kinross Gold Corporation,US,소재,2026-09-04,30.87,5162310,8449060.5,1.4089,36619251712,62,60,60,78,68,2,WATCH,0.78,9,False,live,STOCK,80,NEUTRAL,NYSE
2026-09-05T07:56:26.584096+09:00,2026-09-05,NTAP,"NetApp, Inc.",US,IT,2026-09-04,185.59,2247242,2588602.1,8.5436,36453404672,36,60,55,50,50,0,HOLD,0.06,1,False,live,STOCK,61,NEUTRAL,NASDAQ
2026-09-05T07:56:26.584096+09:00,2026-09-05,UAL,"United Airlines Holdings, Inc.",US,산업재,2026-09-04,111.38,2928516,3096190.8,3.7107,36150575104,29,60,60,73,46,1,HOLD,-0.22,-3,False,live,STOCK,23,NEUTRAL,NASDAQ
2026-09-05T07:56:26.584096+09:00,2026-09-05,KVUE,Kenvue Inc.,US,소매,2026-09-04,18.74,26747514,20005145.7,0.3229,35995295744,35,60,60,66,52,0,HOLD,0.05,1,False,live,STOCK,49,NEUTRAL,NYSE
2026-09-05T07:56:26.584096+09:00,2026-09-05,CLS,Celestica Inc.,US,IT,2026-09-04,312.35,1847161,2284968.05,16.705,39390810112,55,60,63,50,53,0,HOLD,-0.07,-1,False,live,STOCK,39,NEUTRAL,NYSE
2026-09-05T07:56:26.584096+09:00,2026-09-05,KR,The Kroger Co.,US,소매,2026-09-04,58.59,3848391,5673674.55,1.3239,35895005184,72,60,60,74,63,2,WATCH,0.37,4,False,live,STOCK,44,NEUTRAL,NYSE
2026-09-05T07:56:26.584096+09:00,2026-09-05,ALNY,"Alnylam Pharmaceuticals, Inc.",US,제약/바이오,2026-09-04,266.11,1420329,1701116.45,11.1307,35607941120,54,65,60,50,57,0,HOLD,0.13,2,False,live,STOCK,62,NEUTRAL,NASDAQ
2026-09-05T07:56:26.584096+09:00,2026-09-05,EC,Ecopetrol S.A.,US,에너지,2026-09-04,17.25,1710262,1708723.1,0.5193,35463147520,62,60,55,96,65,1,HOLD,0.58,7,False,live,STOCK,55,NEUTRAL,NYSE
2026-09-05T07:56:26.584096+09:00,2026-09-05,TWLO,Twilio Inc.,US,IT,2026-09-04,232.98,1457354,2083102.7,9.6681,35779952640,47,60,60,58,55,0,HOLD,0.25,3,False,live,STOCK,55,NEUTRAL,NYSE
2026-09-05T07:56:26.584096+09:00,2026-09-05,VG,"Venture Global, Inc.",US,에너지,2026-09-04,14.42,7446273,13534828.65,0.6004,36051341312,69,60,48,62,63,1,HOLD,0.64,8,False,live,STOCK,77,NEUTRAL,NYSE
2026-09-05T07:56:26.584096+09:00,2026-09-05,HSY,The Hershey Company,US,소매,2026-09-04,173.15,1494144,1148862.2,3.9957,34790277120,43,60,50,74,53,1,HOLD,-0.01,0,False,live,STOCK,52,NEUTRAL,NYSE
2026-09-05T07:56:26.584096+09:00,2026-09-05,UI,Ubiquiti Inc.,US,IT,2026-09-04,579.66,146497,175149.85,29.9727,35085877248,65,60,55,42,58,0,HOLD,0.36,4,False,live,STOCK,66,NEUTRAL,NYSE
2026-09-05T07:56:26.584096+09:00,2026-09-05,KMB,Kimberly-Clark Corporation,US,소매,2026-09-04,104.96,4131732,2961666.6,2.1707,34840457216,35,60,60,50,49,0,HOLD,0.01,0,False,live,STOCK,52,NEUTRAL,NASDAQ
2026-09-05T07:56:26.584096+09:00,2026-09-05,IRM,Iron Mountain Incorporated,US,리츠,2026-09-04,116.86,1313457,1479667.85,4.0975,34789552128,17,60,50,35,41,1,AVOID,-0.44,-5,True,live,STOCK,70,NEUTRAL,NYSE
2026-09-05T07:56:26.584096+09:00,2026-09-05,MTB,M&T Bank Corporation,US,금융,2026-09-04,239.84,603383,890264.15,4.3668,34760728576,29,60,50,60,45,0,HOLD,-0.16,-2,False,live,STOCK,48,NEUTRAL,NYSE
2026-09-05T07:56:26.584096+09:00,2026-09-05,STLD,"Steel Dynamics, Inc.",US,소재,2026-09-04,242.06,1150322,1184866.1,10.2293,34693996544,62,60,63,53,60,0,HOLD,0.28,3,False,live,STOCK,62,NEUTRAL,NASDAQ
2026-09-05T07:56:26.584096+09:00,2026-09-05,BBDO,Banco Bradesco S.A.,US,금융,2026-09-04,3.17,60693,77409.65,0.1259,33567690752,76,60,55,80,63,2,WATCH,0.6,7,False,live,STOCK,40,NEUTRAL,NYSE
2026-09-05T07:56:26.584096+09:00,2026-09-05,PUK,Prudential plc,US,금융,2026-09-04,27.75,1178519,1026885.95,0.4993,34157854720,32,60,55,78,45,1,HOLD,-0.23,-3,False,live,STOCK,16,NEUTRAL,NYSE
2026-09-05T07:56:26.584096+09:00,2026-09-05,EQT,EQT Corporation,US,에너지,2026-09-04,55.17,5188160,6253753.0,1.3479,34509717504,70,60,55,68,65,1,HOLD,0.59,7,False,live,STOCK,69,NEUTRAL,NYSE
2026-09-05T07:56:26.584096+09:00,2026-09-05,WEC,"WEC Energy Group, Inc.",US,유틸리티,2026-09-04,105.94,1570790,2346014.5,1.6336,34520481792,25,60,63,42,40,0,AVOID,-0.46,-6,True,live,STOCK,27,NEUTRAL,NYSE
2026-09-05T07:56:26.584096+09:00,2026-09-05,HBAN,Huntington Bancshares Incorporated,US,금융,2026-09-04,17.03,13138531,20208551.55,0.3527,34407665664,25,60,37,68,43,0,AVOID,-0.33,-4,True,live,STOCK,55,NEUTRAL,NASDAQ
2026-09-05T07:56:26.584096+09:00,2026-09-05,ALC,Alcon Inc.,US,제약/바이오,2026-09-04,70.5,1336214,1557525.7,1.2864,34079700992,47,65,60,50,49,0,HOLD,0.04,0,False,live,STOCK,34,NEUTRAL,NYSE
2026-09-05T07:56:26.584096+09:00,2026-09-05,PPLC,PPL Corporation,US,유틸리티,2026-09-04,46.29,87331,256326.55,0.6564,,47,60,58,50,46,0,HOLD,-0.16,-2,False,live,STOCK,24,NEUTRAL,NYSE
2026-09-05T07:56:26.584096+09:00,2026-09-05,ACGL,Arch Capital Group Ltd.,US,금융,2026-09-04,98.1,1980108,2219050.4,1.785,33452099584,32,60,55,78,52,1,HOLD,0.05,1,False,live,STOCK,54,NEUTRAL,NASDAQ
2026-09-05T07:56:26.584096+09:00,2026-09-05,RJF,"Raymond James Financial, Inc.",US,금융,2026-09-04,178.29,983773,1095438.65,4.1843,34296168448,62,60,63,68,64,0,HOLD,0.66,8,False,live,STOCK,63,NEUTRAL,NYSE
2026-09-05T07:56:26.584096+09:00,2026-09-05,NTRS,Northern Trust Corporation,US,금융,2026-09-04,186.63,751715,983880.75,3.7238,34145013760,47,60,60,60,55,0,HOLD,0.27,3,False,live,STOCK,55,NEUTRAL,NASDAQ
2026-09-05T07:56:26.584096+09:00,2026-09-05,EXPE,"Expedia Group, Inc.",US,소비재,2026-09-04,298.04,1836269,1419063.45,11.6202,35770564608,51,60,45,66,53,0,HOLD,0.25,3,False,live,STOCK,54,NEUTRAL,NASDAQ
2026-09-05T07:56:26.584096+09:00,2026-09-05,VMC,Vulcan Materials Company,US,소재,2026-09-04,262.63,1067956,873632.8,7.2328,34031263744,28,60,53,58,40,0,AVOID,-0.47,-6,True,live,STOCK,23,NEUTRAL,NYSE
2026-09-05T07:56:26.584096+09:00,2026-09-05,CHT,"Chunghwa Telecom Co., Ltd.",US,인터넷,2026-09-04,43.82,130874,181468.7,0.4186,33993129984,69,65,55,50,64,1,HOLD,0.62,7,False,live,STOCK,86,NEUTRAL,NYSE
2026-09-05T07:56:26.584096+09:00,2026-09-05,BIDU,"Baidu, Inc.",US,인터넷,2026-09-04,99.47,2531295,3263484.75,3.3086,33738885120,55,65,60,78,58,1,HOLD,-0.0,0,False,live,STOCK,39,NEUTRAL,NASDAQ
2026-09-05T07:56:26.584096+09:00,2026-09-05,STRC,Strategy Inc,US,IT,2026-09-04,97.75,1319435,1461241.75,0.8767,,43,60,48,60,54,1,HOLD,0.13,2,False,live,STOCK,72,NEUTRAL,NASDAQ
2026-09-05T07:56:26.584096+09:00,2026-09-05,TECK,Teck Resources Limited,US,소재,2026-09-04,69.1,2054874,2749448.7,2.0621,33900460032,69,60,55,53,60,0,HOLD,0.57,7,False,live,STOCK,63,NEUTRAL,NYSE
2026-09-05T07:56:26.584096+09:00,2026-09-05,CQP,"Cheniere Energy Partners, L.P.",US,에너지,2026-09-04,68.73,138715,116370.75,1.7318,33269286912,69,60,53,55,65,1,HOLD,0.66,8,False,live,STOCK,85,NEUTRAL,NYSE
2026-09-05T07:56:26.584096+09:00,2026-09-05,EME,"EMCOR Group, Inc.",US,산업재,2026-09-04,754.16,340183,343744.15,25.5621,33265920000,32,60,55,50,41,0,AVOID,-0.48,-6,True,live,STOCK,26,NEUTRAL,NYSE
2026-09-05T07:56:26.584096+09:00,2026-09-05,DXCM,"DexCom, Inc.",US,제약/바이오,2026-09-04,87.9,2266002,4072135.1,2.3421,33170012160,50,65,50,42,55,1,HOLD,0.4,5,False,live,STOCK,83,NEUTRAL,NASDAQ
2026-09-05T07:56:26.584096+09:00,2026-09-05,ERIC,Telefonaktiebolaget LM Ericsson (publ),US,IT,2026-09-04,10.1,4272446,8612557.3,0.1646,33033900032,40,60,50,78,50,1,HOLD,-0.34,-4,False,live,STOCK,36,NEUTRAL,NASDAQ
2026-09-05T07:56:26.584096+09:00,2026-09-05,CCI,Crown Castle Inc.,US,리츠,2026-09-04,75.83,2334471,2362263.55,1.6925,32262285312,62,60,60,58,55,0,HOLD,0.0,0,False,live,STOCK,36,NEUTRAL,NYSE
2026-09-05T07:56:26.584096+09:00,2026-09-05,RMD,ResMed Inc.,US,제약/바이오,2026-09-04,228.35,837607,1363380.35,6.2167,32940013568,54,65,56,58,60,1,HOLD,0.54,6,False,live,STOCK,78,NEUTRAL,NYSE
2026-09-05T07:56:26.584096+09:00,2026-09-05,CNC,Centene Corp.,US,제약/바이오,2026-09-04,67.04,2776966,3681048.3,1.738,33117425664,87,65,76,76,70,3,BUY,0.8,10,False,live,STOCK,32,NEUTRAL,NYSE
2026-09-05T07:56:26.584096+09:00,2026-09-05,P,"Everpure, Inc.",US,IT,2026-09-04,99.51,1923817,3660510.85,6.2573,33077614592,48,60,45,27,48,1,HOLD,0.19,2,False,live,STOCK,72,NEUTRAL,NYSE
2026-09-05T07:56:26.584096+09:00,2026-09-05,ILMN,"Illumina, Inc.",US,제약/바이오,2026-09-04,218.22,1682969,1682333.45,10.2736,32951220224,73,65,63,34,64,2,WATCH,0.84,10,False,live,STOCK,84,NEUTRAL,NASDAQ
2026-09-05T07:56:26.584096+09:00,2026-09-05,ESLT,Elbit Systems Ltd.,US,산업재,2026-09-04,703.28,33800,83495.0,17.165,32955949056,7,60,50,37,37,0,AVOID,-0.77,-9,True,live,STOCK,61,NEUTRAL,NASDAQ
2026-09-05T07:56:26.584096+09:00,2026-09-05,BIIB,Biogen Inc.,US,제약/바이오,2026-09-04,220.83,464803,714140.15,5.6436,32628516864,91,65,63,58,71,1,HOLD,1.06,13,False,live,STOCK,68,NEUTRAL,NASDAQ
2026-09-05T07:56:26.584096+09:00,2026-09-05,JBL,Jabil Inc.,US,IT,2026-09-04,310.57,695980,935604.0,12.8782,32543727616,17,60,60,58,41,0,AVOID,-0.66,-8,True,live,STOCK,30,NEUTRAL,NYSE
2026-09-05T07:56:26.584096+09:00,2026-09-05,CCL,Carnival Corporation & plc,US,소비재,2026-09-04,23.51,16174235,18435261.75,0.7736,32200452096,20,60,55,86,45,1,HOLD,-0.58,-7,False,live,STOCK,26,NEUTRAL,NYSE
2026-09-05T07:56:26.584096+09:00,2026-09-05,CRDO,Credo Technology Group Holding Ltd,US,반도체,2026-09-04,170.57,10614991,6466674.55,17.9083,32058959872,10,65,68,35,34,0,AVOID,-0.83,-10,True,live,STOCK,20,NEUTRAL,NASDAQ
2026-09-05T07:56:26.584096+09:00,2026-09-05,ZTS,Zoetis Inc.,US,제약/바이오,2026-09-04,75.81,3985628,5005056.4,2.2843,31326480384,72,65,60,55,67,2,WATCH,0.61,7,False,live,STOCK,82,NEUTRAL,NYSE
2026-09-05T07:56:26.584096+09:00,2026-09-05,FTI,TechnipFMC plc,US,에너지,2026-09-04,79.84,2314065,2718723.25,2.234,31310403584,84,60,65,50,71,2,WATCH,1.05,13,False,live,STOCK,81,NEUTRAL,NYSE
2026-09-05T07:56:26.584096+09:00,2026-09-05,CPRT,"Copart, Inc.",US,산업재,2026-09-04,33.72,6588878,9959473.9,1.1646,32482760704,62,60,58,45,60,1,HOLD,0.55,7,False,live,STOCK,77,NEUTRAL,NASDAQ
2026-09-05T07:56:26.584096+09:00,2026-09-05,NMR,"Nomura Holdings, Inc.",US,금융,2026-09-04,10.65,636079,615178.95,0.1817,31125614592,82,60,55,68,65,1,HOLD,0.78,9,False,live,STOCK,52,NEUTRAL,NYSE
2026-09-05T07:56:26.584096+09:00,2026-09-05,GEHC,GE HealthCare Technologies Inc.,US,제약/바이오,2026-09-04,68.86,2760466,2563338.3,1.5609,31323848704,47,65,66,68,58,0,HOLD,0.29,3,False,live,STOCK,52,NEUTRAL,NASDAQ
2026-09-05T07:56:26.584096+09:00,2026-09-05,WTW,Willis Towers Watson Public Limited Comp,US,금융,2026-09-04,334.74,493172,481268.6,7.2571,31087951872,58,60,60,58,52,0,HOLD,0.27,3,False,live,STOCK,25,NEUTRAL,NASDAQ
2026-09-05T07:56:26.584096+09:00,2026-09-05,STRF,MicroStrategy Incorporated 10.00% Series,US,IT,2026-09-04,104.3,56890,75509.5,1.4584,,76,60,48,60,66,2,WATCH,0.78,9,False,live,STOCK,82,NEUTRAL,NASDAQ
2026-09-05T07:56:26.584096+09:00,2026-09-05,HAL,Halliburton Company,US,에너지,2026-09-04,37.07,10887695,10588674.75,1.055,30968195072,80,60,50,74,62,2,WATCH,0.33,4,False,live,STOCK,41,NEUTRAL,NYSE
2026-09-05T07:56:26.584096+09:00,2026-09-05,MDLN,Medline Inc.,US,제약/바이오,2026-09-04,36.59,5172232,6825041.6,1.2434,49229402112,73,65,55,50,63,2,WATCH,0.65,8,False,live,STOCK,73,NEUTRAL,NASDAQ
2026-09-05T07:56:26.584096+09:00,2026-09-05,RBLX,Roblox Corporation,US,IT,2026-09-04,43.31,9962681,11228664.05,1.9193,30939623424,59,60,50,45,50,0,HOLD,0.06,1,False,live,STOCK,39,NEUTRAL,NYSE
2026-09-05T07:56:26.584096+09:00,2026-09-05,MLM,"Martin Marietta Materials, Inc.",US,소재,2026-09-04,514.77,685152,600587.6,13.0306,36558651392,25,60,63,58,43,0,AVOID,-0.45,-5,True,live,STOCK,26,NEUTRAL,NYSE
2026-09-05T07:56:26.584096+09:00,2026-09-05,WAT,Waters Corporation,US,제약/바이오,2026-09-04,409.38,352077,662203.85,12.8686,40195325952,47,65,42,35,49,1,HOLD,0.19,2,False,live,STOCK,78,NEUTRAL,NYSE
2026-09-05T07:56:26.584096+09:00,2026-09-05,BAP,Credicorp Ltd.,US,금융,2026-09-04,382.53,148825,298546.25,10.0973,30380271616,69,60,63,63,63,0,HOLD,0.66,8,False,live,STOCK,52,NEUTRAL,NYSE
2026-09-05T07:56:26.584096+09:00,2026-09-05,TS,Tenaris S.A.,US,에너지,2026-09-04,56.45,708130,1498121.5,1.2111,28497082368,69,60,50,55,55,0,HOLD,0.09,1,False,live,STOCK,41,NEUTRAL,NYSE
2026-09-05T07:56:26.584096+09:00,2026-09-05,CFG,"Citizens Financial Group, Inc.",US,금융,2026-09-04,70.78,1881592,2947369.6,1.5152,29810892800,44,60,63,68,56,0,HOLD,0.27,3,False,live,STOCK,52,NEUTRAL,NYSE
2026-09-05T07:56:26.584096+09:00,2026-09-05,IR,Ingersoll Rand Inc.,US,산업재,2026-09-04,76.36,3804920,3284331.0,1.9394,29627635712,29,60,65,66,45,0,HOLD,-0.23,-3,False,live,STOCK,19,NEUTRAL,NYSE
2026-09-05T07:56:26.584096+09:00,2026-09-05,HPQ,HP Inc.,US,IT,2026-09-04,32.64,13146642,14956192.1,1.4089,29434456064,92,60,50,63,72,2,WATCH,1.07,13,False,live,STOCK,84,NEUTRAL,NYSE
2026-09-05T07:56:26.584096+09:00,2026-09-05,RDDT,"Reddit, Inc.",US,인터넷,2026-09-04,154.46,2782512,6936120.6,7.5146,29717567488,50,65,60,58,49,0,HOLD,-0.19,-2,False,live,STOCK,23,NEUTRAL,NYSE
2026-09-05T07:56:26.584096+09:00,2026-09-05,ZM,"Zoom Communications, Inc.",US,IT,2026-09-04,101.33,3492027,3334836.35,4.05,29566443520,43,60,53,73,54,1,HOLD,0.05,1,False,live,STOCK,55,NEUTRAL,NASDAQ
2026-09-05T07:56:26.584096+09:00,2026-09-05,MDB,"MongoDB, Inc.",US,IT,2026-09-04,368.74,2055347,1940657.35,24.0931,29704345600,43,60,50,35,46,0,HOLD,-0.05,-1,False,live,STOCK,55,NEUTRAL,NASDAQ
2026-09-05T07:56:26.584096+09:00,2026-09-05,KHC,The Kraft Heinz Company,US,소매,2026-09-04,24.85,20407118,15215395.9,0.6486,29467719680,32,60,66,96,61,1,HOLD,0.25,3,False,live,STOCK,63,NEUTRAL,NASDAQ
2026-09-05T07:56:26.584096+09:00,2026-09-05,AEE,Ameren Corporation,US,유틸리티,2026-09-04,106.47,1623544,1358482.2,1.6129,29475502080,25,60,53,42,38,0,AVOID,-0.46,-6,True,live,STOCK,33,NEUTRAL,NYSE
2026-09-05T07:56:26.584096+09:00,2026-09-05,EXR,Extra Space Storage Inc.,US,리츠,2026-09-04,139.25,893163,861563.15,2.3775,30732828672,20,60,63,45,45,0,HOLD,-0.3,-4,False,live,STOCK,55,NEUTRAL,NYSE
2026-09-05T07:56:26.584096+09:00,2026-09-05,DG,Dollar General Corporation,US,소매,2026-09-04,133.21,1706475,2559363.75,4.1636,29388363776,75,60,60,68,66,1,HOLD,0.8,10,False,live,STOCK,61,NEUTRAL,NYSE
2026-09-05T07:56:26.584096+09:00,2026-09-05,ON,ON Semiconductor Corporation,US,반도체,2026-09-04,74.38,10318515,7105075.75,2.755,28957517824,29,65,73,66,48,1,HOLD,-0.39,-5,False,live,STOCK,23,NEUTRAL,NASDAQ
2026-09-05T07:56:26.584096+09:00,2026-09-05,JBS,Jbs N.V.,US,소매,2026-09-04,13.03,4615528,5995686.4,0.4528,42860408832,50,60,60,68,57,0,HOLD,0.36,4,False,live,STOCK,54,NEUTRAL,NYSE
2026-09-05T07:56:26.584096+09:00,2026-09-05,RYAAY,Ryanair Holdings plc,US,산업재,2026-09-04,55.36,1455821,1109091.05,1.2757,28720173056,28,60,55,47,40,0,AVOID,-0.46,-6,True,live,STOCK,26,NEUTRAL,NASDAQ
2026-09-05T07:56:26.584096+09:00,2026-09-05,ATI,ATI Inc.,US,산업재,2026-09-04,210.65,1789874,1848333.7,7.4571,28684290048,44,60,45,35,44,0,AVOID,0.02,0,True,live,STOCK,51,NEUTRAL,NYSE
2026-09-05T07:56:26.584096+09:00,2026-09-05,LPLA,LPL Financial Holdings Inc.,US,금융,2026-09-04,359.33,440921,583876.05,10.8357,28294465536,51,60,53,66,58,0,HOLD,0.43,5,False,live,STOCK,69,NEUTRAL,NASDAQ
2026-09-05T07:56:26.584096+09:00,2026-09-05,LVS,Las Vegas Sands Corp.,US,소비재,2026-09-04,44.37,4280982,4450924.1,1.2475,28738500608,28,60,55,76,52,1,HOLD,-0.24,-3,False,live,STOCK,62,NEUTRAL,NYSE
2026-09-05T07:56:26.584096+09:00,2026-09-05,FOXA,Fox Corporation,US,인터넷,2026-09-04,65.42,4803182,5119929.1,1.7502,27505018880,40,65,63,68,58,0,HOLD,0.14,2,False,live,STOCK,67,NEUTRAL,NASDAQ
2026-09-05T07:56:26.584096+09:00,2026-09-05,DTW,DTE Energy Company 5.25 % Debentures 201,US,유틸리티,2026-09-04,19.48,31281,29179.05,0.3772,,50,60,58,80,56,1,HOLD,0.05,1,False,live,STOCK,40,NEUTRAL,NYSE
2026-09-05T07:56:26.584096+09:00,2026-09-05,RPRX,Royalty Pharma plc,US,제약/바이오,2026-09-04,63.96,3372439,2649576.95,1.2844,36958355456,78,65,50,50,66,2,WATCH,0.87,10,False,live,STOCK,90,NEUTRAL,NASDAQ
2026-09-05T07:56:26.584096+09:00,2026-09-05,OKTA,"Okta, Inc.",US,IT,2026-09-04,170.6,2310338,3905551.9,9.8179,29824450560,95,60,60,43,71,2,WATCH,1.12,13,False,live,STOCK,80,NEUTRAL,NASDAQ
2026-09-05T07:56:26.584096+09:00,2026-09-05,DTE,DTE Energy Company,US,유틸리티,2026-09-04,136.08,1170179,1211263.95,2.0471,28316624896,47,60,58,50,51,0,HOLD,-0.02,0,False,live,STOCK,49,NEUTRAL,NYSE
2026-09-05T07:56:26.584096+09:00,2026-09-05,TDY,Teledyne Technologies Incorporated,US,IT,2026-09-04,610.65,148891,239894.55,12.1293,28290887680,17,60,45,58,40,0,AVOID,-0.48,-6,True,live,STOCK,51,NEUTRAL,NYSE
2026-09-05T07:56:26.584096+09:00,2026-09-05,FISV,"Fiserv, Inc.",US,IT,2026-09-04,53.0,6501317,6109985.85,1.4443,28183635968,58,60,67,78,67,1,HOLD,0.53,6,False,live,STOCK,69,NEUTRAL,NASDAQ
2026-09-05T07:56:26.584096+09:00,2026-09-05,PBA,Pembina Pipeline Corporation,US,에너지,2026-09-04,48.41,1359163,834808.15,0.87,28153077760,28,60,60,58,51,0,HOLD,-0.07,-1,False,live,STOCK,63,NEUTRAL,NYSE
2026-09-05T07:56:26.584096+09:00,2026-09-05,FTS,Fortis Inc.,US,유틸리티,2026-09-04,55.26,427288,746919.4,0.8154,28232333312,50,60,63,42,57,1,HOLD,0.28,3,False,live,STOCK,73,NEUTRAL,NYSE
2026-09-05T07:56:26.584096+09:00,2026-09-05,SUNB,Sunbelt Rentals Holdings Inc,US,산업재,2026-09-04,68.59,21678378,6143313.9,2.8914,28118300672,35,60,45,66,45,0,HOLD,-0.49,-6,False,live,STOCK,38,NEUTRAL,NYSE
2026-09-05T07:56:26.584096+09:00,2026-09-05,CTSH,Cognizant Technology Solutions Corporati,US,IT,2026-09-04,62.31,4459263,6550308.15,2.0843,29472630784,52,60,50,84,65,2,WATCH,0.63,8,False,live,STOCK,90,NEUTRAL,NASDAQ
2026-09-05T07:56:26.584096+09:00,2026-09-05,VICI,VICI Properties Inc.,US,리츠,2026-09-04,25.42,16609856,8985022.8,0.4177,27989389312,31,60,63,80,55,1,HOLD,-0.07,-1,False,live,STOCK,55,NEUTRAL,NYSE
2026-09-05T07:56:26.584096+09:00,2026-09-05,CASY,"Casey's General Stores, Inc.",US,소비재,2026-09-04,756.09,405096,323909.8,25.9336,27979044864,20,60,53,45,38,0,AVOID,-0.5,-6,True,live,STOCK,36,NEUTRAL,NASDAQ
2026-09-05T07:56:26.584096+09:00,2026-09-05,ATO,Atmos Energy Corporation,US,유틸리티,2026-09-04,167.56,694126,960461.3,2.4646,28315721728,50,60,65,42,49,0,HOLD,0.01,0,False,live,STOCK,32,NEUTRAL,NYSE
2026-09-05T07:56:26.584096+09:00,2026-09-05,AWK,"American Water Works Company, Inc.",US,유틸리티,2026-09-04,140.7,2064026,2161416.3,2.8868,27961167872,88,60,63,42,69,2,WATCH,1.03,12,False,live,STOCK,77,NEUTRAL,NYSE
2026-09-05T07:56:26.584096+09:00,2026-09-05,QSR,Restaurant Brands International Inc.,US,소비재,2026-09-04,80.17,3301287,2451419.35,1.7829,36726755328,91,60,63,50,70,1,HOLD,1.02,12,False,live,STOCK,69,NEUTRAL,NYSE
2026-09-05T07:56:26.584096+09:00,2026-09-05,SYM,Symbotic Inc.,US,산업재,2026-09-04,42.94,1425219,1536055.95,1.7074,25994362880,62,60,50,38,56,1,HOLD,0.25,3,False,live,STOCK,73,NEUTRAL,NASDAQ
2026-09-05T07:56:26.584096+09:00,2026-09-05,CPNG,"Coupang, Inc.",US,소비재,2026-09-04,15.29,11737421,14427206.05,0.5038,27446532096,31,60,55,26,34,0,AVOID,-0.52,-6,True,live,STOCK,17,NEUTRAL,NYSE
2026-09-05T07:56:26.584096+09:00,2026-09-05,ZS,"Zscaler, Inc.",US,IT,2026-09-04,169.8,7705786,2882894.3,9.4657,27458277376,54,60,50,42,55,1,HOLD,0.4,5,False,live,STOCK,75,NEUTRAL,NASDAQ
2026-09-05T07:56:26.584096+09:00,2026-09-05,INSM,Insmed Incorporated,US,제약/바이오,2026-09-04,126.29,1800716,1906640.8,3.8954,27579400192,59,65,50,19,46,0,HOLD,0.18,2,False,live,STOCK,45,NEUTRAL,NASDAQ
2026-09-05T07:56:26.584096+09:00,2026-09-05,CRCL,Circle Internet Group,US,금융,2026-09-04,102.05,14113170,15057178.5,7.5069,27818229760,75,60,50,45,63,2,WATCH,0.77,9,False,live,STOCK,84,NEUTRAL,NYSE
2026-09-05T07:56:26.584096+09:00,2026-09-05,CPAY,"Corpay, Inc.",US,IT,2026-09-04,416.37,294937,438151.85,8.9214,27338686464,69,60,50,74,66,2,WATCH,0.73,9,False,live,STOCK,75,NEUTRAL,NYSE
2026-09-05T07:56:26.584096+09:00,2026-09-05,MTD,Mettler-Toledo International Inc.,US,제약/바이오,2026-09-04,1345.26,103019,170335.95,36.0093,26954383360,39,65,50,42,46,0,HOLD,0.05,1,False,live,STOCK,54,NEUTRAL,NYSE
2026-09-05T07:56:26.584096+09:00,2026-09-05,OTIS,Otis Worldwide Corporation,US,산업재,2026-09-04,71.21,2965744,3269552.2,1.177,27107463168,28,60,60,58,45,0,HOLD,-0.26,-3,False,live,STOCK,33,NEUTRAL,NYSE
2026-09-05T07:56:26.584096+09:00,2026-09-05,FE,FirstEnergy Corp.,US,유틸리티,2026-09-04,46.77,3866925,3673156.25,0.7739,27053225984,65,60,60,50,56,0,HOLD,0.3,4,False,live,STOCK,41,NEUTRAL,NYSE
2026-09-05T07:56:26.584096+09:00,2026-09-05,LH,Labcorp Holdings Inc.,US,제약/바이오,2026-09-04,326.89,438649,582237.45,7.1543,26510780416,58,65,48,58,57,0,HOLD,0.45,5,False,live,STOCK,69,NEUTRAL,NYSE
2026-09-05T07:56:26.584096+09:00,2026-09-05,WSM,"Williams-Sonoma, Inc.",US,소비재,2026-09-04,227.42,1030301,1109585.05,8.8339,26782797824,44,60,63,42,47,0,HOLD,0.08,1,False,live,STOCK,34,NEUTRAL,NYSE
2026-09-05T07:56:26.584096+09:00,2026-09-05,ES,Eversource Energy,US,유틸리티,2026-09-04,71.05,1662908,1852665.4,1.2075,26762741760,50,60,63,58,55,0,HOLD,0.22,3,False,live,STOCK,49,NEUTRAL,NYSE
2026-09-05T07:56:26.584096+09:00,2026-09-05,TCOM,Trip.com Group Limited,US,소비재,2026-09-04,41.03,3040970,2323183.5,1.0379,25836804096,35,60,55,70,53,1,HOLD,-0.19,-2,False,live,STOCK,60,NEUTRAL,NASDAQ
2026-09-05T07:56:26.584096+09:00,2026-09-05,PPL,PPL Corporation,US,유틸리티,2026-09-04,35.11,10033859,8048362.95,0.6039,26421850112,62,60,63,50,56,0,HOLD,0.24,3,False,live,STOCK,41,NEUTRAL,NYSE
2026-09-05T07:56:26.584096+09:00,2026-09-05,VRSN,"VeriSign, Inc.",US,IT,2026-09-04,292.08,494479,684783.95,7.2334,26404030464,77,60,50,50,59,1,HOLD,0.45,5,False,live,STOCK,54,NEUTRAL,NASDAQ
2026-09-05T07:56:26.584096+09:00,2026-09-05,CINF,Cincinnati Financial Corporation,US,금융,2026-09-04,171.1,381444,435862.2,2.7025,26260094976,54,60,63,78,56,1,HOLD,0.22,3,False,live,STOCK,29,NEUTRAL,NASDAQ
2026-09-05T07:56:26.584096+09:00,2026-09-05,DGX,Quest Diagnostics Incorporated,US,제약/바이오,2026-09-04,237.14,775616,854355.8,4.8507,26173937664,51,65,50,58,50,0,HOLD,0.17,2,False,live,STOCK,40,NEUTRAL,NYSE
2026-09-05T07:56:26.584096+09:00,2026-09-05,CNP,"CenterPoint Energy, Inc.",US,유틸리티,2026-09-04,39.67,4069911,5474615.55,0.7635,26131431424,50,60,65,42,51,0,HOLD,0.0,0,False,live,STOCK,41,NEUTRAL,NYSE
2026-09-05T07:56:26.584096+09:00,2026-09-05,BNTX,BioNTech SE,US,제약/바이오,2026-09-04,103.76,612198,1697769.9,5.8897,26064965632,66,65,58,58,64,1,HOLD,0.7,8,False,live,STOCK,74,NEUTRAL,NASDAQ
2026-09-05T07:56:26.584096+09:00,2026-09-05,SYF,Synchrony Financial,US,금융,2026-09-04,79.92,2590022,3178211.1,2.1754,26003638272,62,60,50,78,60,1,HOLD,0.48,6,False,live,STOCK,55,NEUTRAL,NYSE
2026-09-05T07:56:26.584096+09:00,2026-09-05,DOV,Dover Corporation,US,산업재,2026-09-04,192.88,1285198,1052789.9,3.922,25977122816,28,60,60,58,43,0,AVOID,-0.48,-6,True,live,STOCK,26,NEUTRAL,NYSE
2026-09-05T07:56:26.584096+09:00,2026-09-05,RF,Regions Financial Corporation,US,금융,2026-09-04,30.42,6152002,6952580.1,0.5863,25915697152,29,60,63,60,50,0,HOLD,-0.01,0,False,live,STOCK,52,NEUTRAL,NYSE
2026-09-05T07:56:26.584096+09:00,2026-09-05,WRB,W. R. Berkley Corporation,US,금융,2026-09-04,69.14,1652483,1535724.15,1.1614,25666670592,50,60,60,63,58,0,HOLD,0.29,3,False,live,STOCK,61,NEUTRAL,NYSE
2026-09-05T07:56:26.584096+09:00,2026-09-05,JBHT,"J.B. Hunt Transport Services, Inc.",US,산업재,2026-09-04,273.77,856284,802314.2,8.6107,25707001856,65,60,60,58,60,0,HOLD,0.31,4,False,live,STOCK,55,NEUTRAL,NASDAQ
2026-09-05T07:56:26.584096+09:00,2026-09-05,INCY,Incyte Corporation,US,제약/바이오,2026-09-04,126.75,1000072,1204228.6,3.2046,25691938816,73,65,53,55,66,2,WATCH,0.81,10,False,live,STOCK,84,NEUTRAL,NASDAQ
2026-09-05T07:56:26.584096+09:00,2026-09-05,FOX,Fox Corporation,US,인터넷,2026-09-04,58.42,1033619,981350.95,1.5676,24561956864,40,65,63,68,56,0,HOLD,0.08,1,False,live,STOCK,58,NEUTRAL,NASDAQ
2026-09-05T07:56:26.584096+09:00,2026-09-05,SMCI,"Super Micro Computer, Inc.",US,IT,2026-09-04,39.59,53308923,54832006.15,2.23,25609703424,58,60,60,68,63,0,HOLD,0.28,3,False,live,STOCK,69,NEUTRAL,NASDAQ
2026-09-05T07:56:26.584096+09:00,2026-09-05,ASTS,"AST SpaceMobile, Inc.",US,인터넷,2026-09-04,62.31,10104414,10112550.7,3.974,24249026560,15,65,75,42,43,1,AVOID,-0.55,-7,True,live,STOCK,36,NEUTRAL,NASDAQ
2026-09-05T07:56:26.584096+09:00,2026-09-05,PHG,Koninklijke Philips N.V.,US,제약/바이오,2026-09-04,25.89,455427,716206.35,0.4193,25305595904,43,65,58,74,49,1,HOLD,-0.14,-2,False,live,STOCK,20,NEUTRAL,NYSE
2026-09-05T07:56:26.584096+09:00,2026-09-05,DLTR,"Dollar Tree, Inc.",US,소매,2026-09-04,131.42,1208295,2296674.75,5.2561,24658374656,66,60,53,60,62,0,HOLD,0.62,7,False,live,STOCK,69,NEUTRAL,NASDAQ
2026-09-05T07:56:26.584096+09:00,2026-09-05,ROIV,Roivant Sciences Ltd.,US,제약/바이오,2026-09-04,34.93,5237894,7590529.7,1.2104,25230743552,51,65,48,50,53,0,HOLD,0.31,4,False,live,STOCK,66,NEUTRAL,NASDAQ
2026-09-05T07:56:26.584096+09:00,2026-09-05,NVT,nVent Electric plc,US,산업재,2026-09-04,156.03,1610475,2400083.75,7.2738,25254692864,40,60,60,58,55,0,HOLD,0.06,1,False,live,STOCK,68,NEUTRAL,NYSE
2026-09-05T07:56:26.584096+09:00,2026-09-05,Q,"Qnity Electronics, Inc.",US,반도체,2026-09-04,120.47,1310082,1693159.1,5.6477,25219094528,7,65,65,50,38,0,AVOID,-0.77,-9,True,live,STOCK,32,NEUTRAL,NYSE
2026-09-05T07:56:26.584096+09:00,2026-09-05,FCNCA,"First Citizens BancShares, Inc.",US,금융,2026-09-04,2208.49,48251,53822.55,46.9006,24940742656,62,60,65,70,63,1,HOLD,0.52,6,False,live,STOCK,55,NEUTRAL,NASDAQ
2026-09-05T07:56:26.584096+09:00,2026-09-05,NRG,"NRG Energy, Inc.",US,유틸리티,2026-09-04,119.02,3336447,2435452.35,4.5429,25019250688,65,60,63,66,57,0,HOLD,0.15,2,False,live,STOCK,26,NEUTRAL,NYSE
2026-09-05T07:56:26.584096+09:00,2026-09-05,STRD,Strategy Inc,US,IT,2026-09-04,75.9,86163,99568.15,1.5815,,66,60,58,60,66,1,HOLD,0.78,9,False,live,STOCK,85,NEUTRAL,NASDAQ
2026-09-05T07:56:26.584096+09:00,2026-09-05,TSEM,Tower Semiconductor Ltd.,US,반도체,2026-09-04,222.335,1722143,1387137.15,12.4471,25130801152,25,65,40,30,36,0,AVOID,-0.62,-7,True,live,STOCK,52,NEUTRAL,NASDAQ
2026-09-05T07:56:26.584096+09:00,2026-09-05,PPG,"PPG Industries, Inc.",US,소재,2026-09-04,112.53,1153249,1248592.45,2.5602,25015418880,28,60,65,60,52,0,HOLD,-0.06,-1,False,live,STOCK,58,NEUTRAL,NYSE
2026-09-05T07:56:26.584096+09:00,2026-09-05,TPL,Texas Pacific Land Corporation,US,에너지,2026-09-04,362.42,267214,367140.7,13.541,24997804032,50,60,75,29,53,1,HOLD,0.07,1,False,live,STOCK,49,NEUTRAL,NYSE
2026-09-05T07:56:26.584096+09:00,2026-09-05,PFG,"Principal Financial Group, Inc.",US,금융,2026-09-04,116.68,1501896,1114794.8,2.6798,24981729280,88,60,55,68,67,1,HOLD,0.83,10,False,live,STOCK,54,NEUTRAL,NASDAQ
2026-09-05T07:56:26.584096+09:00,2026-09-05,DRI,"Darden Restaurants, Inc.",US,소비재,2026-09-04,216.88,620063,950158.15,5.7843,24624936960,47,60,50,42,50,0,HOLD,0.16,2,False,live,STOCK,61,NEUTRAL,NYSE
2026-09-05T07:56:26.584096+09:00,2026-09-05,GFS,GLOBALFOUNDRIES Inc.,US,반도체,2026-09-04,45.21,2627664,3806098.2,1.7744,24809037824,29,65,45,66,39,0,AVOID,-0.72,-9,True,live,STOCK,17,NEUTRAL,NASDAQ
2026-09-05T07:56:26.584096+09:00,2026-09-05,EXPD,"Expeditors International of Washington, ",US,산업재,2026-09-04,188.8,485309,760515.45,3.3023,24542230528,62,60,55,42,56,0,HOLD,0.49,6,False,live,STOCK,64,NEUTRAL,NYSE
2026-09-05T07:56:26.584096+09:00,2026-09-05,TPR,"Tapestry, Inc.",US,소비재,2026-09-04,122.14,2471055,3861007.75,3.4164,24353699840,25,60,55,60,49,0,HOLD,-0.34,-4,False,live,STOCK,65,NEUTRAL,NYSE
2026-09-05T07:56:26.584096+09:00,2026-09-05,XYL,Xylem Inc.,US,산업재,2026-09-04,105.69,2424569,1699858.45,2.7262,24677222400,20,60,63,58,46,0,HOLD,-0.3,-4,False,live,STOCK,49,NEUTRAL,NYSE
2026-09-05T07:56:26.584096+09:00,2026-09-05,SN,"SharkNinja, Inc.",US,소비재,2026-09-04,173.38,1338890,1545094.5,5.5374,24424310784,51,60,55,50,54,0,HOLD,0.36,4,False,live,STOCK,63,NEUTRAL,NYSE
2026-09-05T07:56:26.584096+09:00,2026-09-05,HUBB,Hubbell Incorporated,US,산업재,2026-09-04,460.72,530794,445371.9,12.0988,24345262080,17,60,63,58,40,0,AVOID,-0.55,-7,True,live,STOCK,23,NEUTRAL,NYSE
2026-09-05T07:56:26.584096+09:00,2026-09-05,AMRZ,Amrize Ltd,US,소재,2026-09-04,43.82,3362683,4063849.15,1.1769,23966281728,50,60,75,58,56,1,HOLD,-0.01,0,False,live,STOCK,33,NEUTRAL,NYSE
2026-09-05T07:56:26.584096+09:00,2026-09-05,ULTA,"Ulta Beauty, Inc.",US,소비재,2026-09-04,564.12,515781,725339.05,20.7293,24120344576,75,60,63,42,64,1,HOLD,0.79,9,False,live,STOCK,69,NEUTRAL,NASDAQ
2026-09-05T07:56:26.584096+09:00,2026-09-05,AFRM,"Affirm Holdings, Inc.",US,금융,2026-09-04,72.35,3860032,5388956.6,4.2534,24412426240,35,60,60,68,49,0,HOLD,-0.01,0,False,live,STOCK,35,NEUTRAL,NASDAQ
2026-09-05T07:56:26.584096+09:00,2026-09-05,VRSK,"Verisk Analytics, Inc.",US,IT,2026-09-04,185.79,842993,1193904.65,5.8379,24342546432,57,60,48,58,50,0,HOLD,0.05,1,False,live,STOCK,35,NEUTRAL,NASDAQ
2026-09-05T07:56:26.584096+09:00,2026-09-05,SW,Smurfit Westrock plc,US,소비재,2026-09-04,45.83,2716339,4430566.95,1.415,24038885376,50,60,63,66,51,0,HOLD,0.16,2,False,live,STOCK,19,NEUTRAL,NYSE
2026-09-05T07:56:26.584096+09:00,2026-09-05,PHM,"PulteGroup, Inc.",US,소비재,2026-09-04,124.45,922395,1214874.75,3.2898,23706025984,35,60,55,60,51,0,HOLD,0.01,0,False,live,STOCK,58,NEUTRAL,NYSE
2026-09-05T07:56:26.584096+09:00,2026-09-05,KEY,KeyCorp,US,금융,2026-09-04,22.18,9683251,9281302.55,0.4212,23668912128,62,60,63,60,55,0,HOLD,0.21,3,False,live,STOCK,26,NEUTRAL,NYSE
2026-09-05T07:56:26.584096+09:00,2026-09-05,FWONK,Liberty Media Corporation,US,인터넷,2026-09-04,95.5,1740836,1823641.8,2.2507,23942660096,47,65,58,38,50,0,HOLD,0.17,2,False,live,STOCK,55,NEUTRAL,NASDAQ
2026-09-05T07:56:26.584096+09:00,2026-09-05,WST,"West Pharmaceutical Services, Inc.",US,제약/바이오,2026-09-04,339.97,337806,444335.3,7.1993,23925647360,35,65,73,42,51,1,HOLD,0.1,1,False,live,STOCK,51,NEUTRAL,NYSE
2026-09-05T07:56:26.584096+09:00,2026-09-05,BRO,"Brown & Brown, Inc.",US,금융,2026-09-04,71.42,1353431,1645196.55,1.8036,23897872384,58,60,65,66,62,0,HOLD,0.6,7,False,live,STOCK,60,NEUTRAL,NYSE
2026-09-05T07:56:26.584096+09:00,2026-09-05,CIB,Grupo Cibest S.A.,US,금융,2026-09-04,100.58,675547,349112.35,3.0071,23753525248,73,60,58,88,70,2,WATCH,0.84,10,False,live,STOCK,64,NEUTRAL,NYSE
2026-09-05T07:56:26.584096+09:00,2026-09-05,IHG,InterContinental Hotels Group PLC,US,소비재,2026-09-04,159.95,135506,222210.3,3.0321,23499917312,28,60,60,58,44,0,AVOID,-0.34,-4,True,live,STOCK,29,NEUTRAL,NYSE
2026-09-05T07:56:26.584096+09:00,2026-09-05,CRS,Carpenter Technology Corporation,US,소재,2026-09-04,475.33,436108,753160.4,17.6831,23556673536,17,60,63,42,39,0,AVOID,-0.52,-6,True,live,STOCK,35,NEUTRAL,NYSE
2026-09-05T07:56:26.584096+09:00,2026-09-05,KOF,"Coca-Cola FEMSA, S.A.B. de C.V.",US,소매,2026-09-04,112.0,102526,124536.3,2.3982,23529322496,69,60,58,63,61,0,HOLD,0.52,6,False,live,STOCK,52,NEUTRAL,NYSE
2026-09-05T07:56:26.584096+09:00,2026-09-05,TROW,"T. Rowe Price Group, Inc.",US,금융,2026-09-04,109.78,988515,1266965.75,2.1257,23417815040,35,60,70,78,53,2,HOLD,0.02,0,False,live,STOCK,29,NEUTRAL,NASDAQ
2026-09-05T07:56:26.584096+09:00,2026-09-05,VLTO,Veralto Corporation,US,산업재,2026-09-04,96.31,1341302,1461275.1,1.9751,23479736320,50,60,60,50,55,0,HOLD,0.36,4,False,live,STOCK,60,NEUTRAL,NYSE
2026-09-05T07:56:26.584096+09:00,2026-09-05,SOFI,"SoFi Technologies, Inc.",US,금융,2026-09-04,18.22,28581849,42445507.45,0.9079,23532410880,47,60,40,66,44,0,AVOID,-0.14,-2,True,live,STOCK,23,NEUTRAL,NASDAQ
2026-09-05T07:56:26.584096+09:00,2026-09-05,CHD,"Church & Dwight Co., Inc.",US,소매,2026-09-04,98.55,1290977,1649428.85,1.9686,23376445440,43,60,50,58,48,0,HOLD,-0.09,-1,False,live,STOCK,40,NEUTRAL,NYSE
2026-09-05T07:56:26.584096+09:00,2026-09-05,IOT,Samsara Inc.,US,IT,2026-09-04,40.2,25492059,6551612.95,2.2849,23424946176,62,60,50,35,53,0,HOLD,0.41,5,False,live,STOCK,63,NEUTRAL,NYSE
2026-09-05T07:56:26.584096+09:00,2026-09-05,STRK,Strategy Inc,US,IT,2026-09-04,77.77,95797,91614.85,2.3224,,71,60,48,60,63,2,WATCH,0.7,8,False,live,STOCK,78,NEUTRAL,NASDAQ
2026-09-05T07:56:26.584096+09:00,2026-09-05,ROKU,"Roku, Inc.",US,인터넷,2026-09-04,155.59,2073268,2066063.4,1.9925,23092508672,51,65,60,43,55,0,HOLD,0.39,5,False,live,STOCK,64,NEUTRAL,NASDAQ
2026-09-05T07:56:26.584096+09:00,2026-09-05,GPN,Global Payments Inc.,US,금융,2026-09-04,92.54,2504549,2570697.45,2.5482,24487786496,73,60,60,66,68,2,WATCH,0.86,10,False,live,STOCK,75,NEUTRAL,NYSE
2026-09-05T07:56:26.584096+09:00,2026-09-05,AER,AerCap Holdings N.V.,US,산업재,2026-09-04,145.4,863104,1015770.2,2.7143,22854561792,32,60,63,70,46,1,HOLD,-0.16,-2,False,live,STOCK,19,NEUTRAL,NYSE
2026-09-05T07:56:26.584096+09:00,2026-09-05,USFD,US Foods Holding Corp.,US,소매,2026-09-04,104.04,1220292,1772084.6,2.3818,22507048960,47,60,63,66,59,0,HOLD,0.44,5,False,live,STOCK,63,NEUTRAL,NYSE
2026-09-05T07:56:26.584096+09:00,2026-09-05,BG,Bunge Global S.A.,US,소매,2026-09-04,118.71,1058164,1332358.2,4.4807,22806460416,87,60,68,50,66,1,HOLD,0.63,8,False,live,STOCK,48,NEUTRAL,NYSE
2026-09-05T07:56:26.584096+09:00,2026-09-05,EXE,Expand Energy Corporation,US,에너지,2026-09-04,97.91,1782696,2445389.8,2.1773,23422898176,84,60,68,78,71,2,WATCH,0.87,10,False,live,STOCK,48,NEUTRAL,NASDAQ
2026-09-05T07:56:26.584096+09:00,2026-09-05,OMC,Omnicom Group Inc.,US,인터넷,2026-09-04,82.62,2703582,2174759.1,2.3136,23547213824,50,65,55,46,48,0,HOLD,0.1,1,False,live,STOCK,37,NEUTRAL,NYSE
2026-09-05T07:56:26.584096+09:00,2026-09-05,MKL,Markel Corporation,US,금융,2026-09-04,1826.72,58511,60320.55,26.1986,22632984576,72,60,60,62,57,1,HOLD,0.31,4,False,live,STOCK,26,NEUTRAL,NYSE
2026-09-05T07:56:26.584096+09:00,2026-09-05,XPO,"XPO Logistics, Inc.",US,산업재,2026-09-04,193.1,1380315,877815.75,7.095,22609397760,25,60,58,42,39,0,AVOID,-0.62,-7,True,live,STOCK,30,NEUTRAL,NYSE
2026-09-05T07:56:26.584096+09:00,2026-09-05,TW,Tradeweb Markets Inc.,US,금융,2026-09-04,106.2,1531804,1127835.2,2.4779,23154362368,55,60,60,50,58,0,HOLD,0.4,5,False,live,STOCK,66,NEUTRAL,NASDAQ
2026-09-05T07:56:26.584096+09:00,2026-09-05,TCPA,TransCanada PipeLines Limited 6,US,에너지,2026-09-04,22.24,12926,32681.3,0.408,,50,60,55,50,50,0,HOLD,-0.08,-1,False,live,STOCK,40,NEUTRAL,NYSE
2026-09-05T07:56:26.584096+09:00,2026-09-05,L,Loews Corporation,US,금융,2026-09-04,109.3,613463,681103.15,1.586,22343950336,25,60,60,68,46,0,HOLD,-0.27,-3,False,live,STOCK,32,NEUTRAL,NYSE
2026-09-05T07:56:26.584096+09:00,2026-09-05,FCNCN,First Citizens BancShares Inc. Depositar,US,금융,2026-09-04,24.83,30559,16092.95,0.2668,,72,60,63,50,58,1,HOLD,0.39,5,False,live,STOCK,40,NEUTRAL,NASDAQ
2026-09-05T07:56:26.584096+09:00,2026-09-05,RGLD,"Royal Gold, Inc.",US,소재,2026-09-04,262.11,355486,690334.3,8.4514,22208016384,66,60,60,50,59,0,HOLD,0.56,7,False,live,STOCK,55,NEUTRAL,NASDAQ
2026-09-05T07:56:26.584096+09:00,2026-09-05,FWONA,Formula One Group,US,인터넷,2026-09-04,88.38,145566,119168.3,2.0057,22157615104,47,65,61,38,49,0,HOLD,0.13,2,False,live,STOCK,45,NEUTRAL,NASDAQ
2026-09-05T07:56:26.584096+09:00,2026-09-05,BCE,BCE Inc.,US,인터넷,2026-09-04,23.67,2327379,2653148.95,0.3411,22072887296,58,65,63,86,66,1,HOLD,0.43,5,False,live,STOCK,60,NEUTRAL,NYSE
2026-09-05T07:56:26.584096+09:00,2026-09-05,IFF,International Flavors & Fragrances Inc.,US,소재,2026-09-04,86.35,1469956,1380757.8,1.9471,22045454336,69,60,63,42,59,0,HOLD,0.61,7,False,live,STOCK,55,NEUTRAL,NYSE
2026-09-05T07:56:26.584096+09:00,2026-09-05,FFIV,"F5, Inc.",US,IT,2026-09-04,390.47,311911,472005.55,12.14,22111215616,28,60,50,58,50,1,HOLD,-0.14,-2,False,live,STOCK,73,NEUTRAL,NASDAQ
2026-09-05T07:56:26.584096+09:00,2026-09-05,FSLR,"First Solar, Inc.",US,에너지,2026-09-04,204.45,1519700,1881490.0,6.7458,21972199424,15,60,50,84,47,1,HOLD,-0.56,-7,False,live,STOCK,52,NEUTRAL,NASDAQ
2026-09-05T07:56:26.584096+09:00,2026-09-05,STZ,"Constellation Brands, Inc.",US,소매,2026-09-04,128.18,1580735,1752241.75,2.605,21893699584,46,60,60,68,59,1,HOLD,0.14,2,False,live,STOCK,70,NEUTRAL,NYSE
2026-09-05T07:56:26.584096+09:00,2026-09-05,CDE,"Coeur Mining, Inc.",US,소재,2026-09-04,21.24,32899447,37619182.35,1.1582,21833338880,66,60,50,63,63,1,HOLD,0.68,8,False,live,STOCK,80,NEUTRAL,NYSE
2026-09-05T07:56:26.584096+09:00,2026-09-05,STE,STERIS plc,US,제약/바이오,2026-09-04,224.59,468166,590703.3,5.0861,21897549824,50,65,63,58,58,0,HOLD,0.35,4,False,live,STOCK,63,NEUTRAL,NYSE
2026-09-05T07:56:26.584096+09:00,2026-09-05,EIX,Edison International,US,유틸리티,2026-09-04,56.77,4670353,6302107.65,4.2464,21845889024,18,60,60,70,48,1,HOLD,-0.46,-6,False,live,STOCK,52,NEUTRAL,NYSE
2026-09-05T07:56:26.584096+09:00,2026-09-05,SQM,Sociedad Química y Minera de Chile S.A.,US,소재,2026-09-04,76.43,1090355,904807.75,3.06,21831299072,47,60,50,84,60,1,HOLD,0.28,3,False,live,STOCK,69,NEUTRAL,NYSE
2026-09-05T07:56:26.584096+09:00,2026-09-05,GH,"Guardant Health, Inc.",US,제약/바이오,2026-09-04,161.41,2396045,2035552.25,8.1707,21660604416,51,65,63,58,61,1,HOLD,0.55,7,False,live,STOCK,75,NEUTRAL,NASDAQ
2026-09-05T07:56:26.584096+09:00,2026-09-05,FIS,"Fidelity National Information Services, ",US,IT,2026-09-04,41.89,5665473,5180228.65,1.1518,21652066304,76,60,65,86,66,2,WATCH,0.62,7,False,live,STOCK,32,NEUTRAL,NYSE
2026-09-05T07:56:26.584096+09:00,2026-09-05,PAAS,Pan American Silver Corp.,US,소재,2026-09-04,51.34,3121200,5397090.0,2.2575,21286488064,62,60,55,71,65,2,WATCH,0.62,7,False,live,STOCK,80,NEUTRAL,NYSE
2026-09-05T07:56:26.584096+09:00,2026-09-05,CMS,CMS Energy Corporation,US,유틸리티,2026-09-04,68.46,3159017,3392020.85,1.0371,21148637184,39,60,65,42,46,0,HOLD,-0.18,-2,False,live,STOCK,33,NEUTRAL,NYSE
2026-09-05T07:56:26.584096+09:00,2026-09-05,RL,Ralph Lauren Corporation,US,소비재,2026-09-04,351.2,682848,604097.4,9.6479,20925284352,17,60,55,58,38,0,AVOID,-0.62,-7,True,live,STOCK,26,NEUTRAL,NYSE
2026-09-05T07:56:26.584096+09:00,2026-09-05,BCH,Banco de Chile,US,금융,2026-09-04,42.35,199283,280619.15,0.9357,21390366720,91,60,55,70,74,3,BUY,1.11,13,False,live,STOCK,80,NEUTRAL,NYSE
2026-09-05T07:56:26.584096+09:00,2026-09-05,THC,Tenet Healthcare Corporation,US,제약/바이오,2026-09-04,265.05,557272,746108.6,8.5218,21341560832,51,65,50,78,58,1,HOLD,0.39,5,False,live,STOCK,61,NEUTRAL,NYSE
2026-09-05T07:56:26.584096+09:00,2026-09-05,DOW,Dow Inc.,US,소재,2026-09-04,29.44,9408736,8048656.8,1.044,21265711104,46,60,63,55,50,0,HOLD,-0.22,-3,False,live,STOCK,29,NEUTRAL,NYSE
2026-09-05T07:56:26.584096+09:00,2026-09-05,ENTG,"Entegris, Inc.",US,반도체,2026-09-04,138.74,1783002,2058130.1,7.1336,21130102784,32,65,63,43,45,0,HOLD,-0.16,-2,False,live,STOCK,38,NEUTRAL,NASDAQ
2026-09-05T07:56:26.584096+09:00,2026-09-05,PKG,Packaging Corporation of America,US,소비재,2026-09-04,237.25,526991,501244.55,5.9489,21138571264,44,60,53,58,46,0,HOLD,-0.08,-1,False,live,STOCK,25,NEUTRAL,NYSE
2026-09-05T07:56:26.584096+09:00,2026-09-05,CMSA,CMS Energy Corporation 5.6% JRSUB NT 78,US,유틸리티,2026-09-04,19.5499,14737,16736.85,0.1944,,20,60,60,70,46,1,HOLD,-0.39,-5,False,live,STOCK,40,NEUTRAL,NYSE
2026-09-05T07:56:26.584096+09:00,2026-09-05,SNX,TD Synnex Corp,US,IT,2026-09-04,262.64,425977,541078.85,7.2285,21000368128,80,60,63,66,63,1,HOLD,0.47,6,False,live,STOCK,36,NEUTRAL,NYSE
2026-09-05T07:56:26.584096+09:00,2026-09-05,CW,Curtiss-Wright Corporation,US,산업재,2026-09-04,566.75,246790,407654.5,20.7543,20932595712,10,60,53,50,34,0,AVOID,-0.92,-11,True,live,STOCK,23,NEUTRAL,NYSE
2026-09-05T07:56:26.584096+09:00,2026-09-05,AMCR,Amcor plc,US,소비재,2026-09-04,45.15,2498240,3715082.0,1.0596,20874909696,50,60,71,66,55,1,HOLD,0.31,4,False,live,STOCK,26,NEUTRAL,NYSE
2026-09-05T07:56:26.584096+09:00,2026-09-05,EFX,Equifax Inc.,US,산업재,2026-09-04,177.05,2734008,1057225.4,7.1097,20800700416,50,60,50,58,56,1,HOLD,0.27,3,False,live,STOCK,74,NEUTRAL,NYSE
2026-09-05T07:56:26.584096+09:00,2026-09-05,LEN,Lennar Corporation,US,소비재,2026-09-04,83.58,2327852,2300962.6,2.3243,20134014976,46,60,60,73,52,1,HOLD,-0.14,-2,False,live,STOCK,26,NEUTRAL,NYSE
2026-09-05T07:56:26.584096+09:00,2026-09-05,UTHR,United Therapeutics Corporation,US,제약/바이오,2026-09-04,487.61,326991,481819.55,13.8011,20913930240,28,65,50,60,44,0,AVOID,-0.48,-6,True,live,STOCK,41,NEUTRAL,NASDAQ
2026-09-05T07:56:26.584096+09:00,2026-09-05,YPF,YPF Sociedad Anónima,US,에너지,2026-09-04,52.62,713383,1055944.15,1.7907,20630990848,80,60,67,74,72,2,WATCH,0.77,9,False,live,STOCK,66,NEUTRAL,NYSE
2026-09-05T07:56:26.584096+09:00,2026-09-05,WWD,"Woodward, Inc.",US,산업재,2026-09-04,346.22,352714,526665.7,9.2295,20442843136,47,60,60,42,45,0,HOLD,-0.2,-2,False,live,STOCK,24,NEUTRAL,NASDAQ
2026-09-05T07:56:26.584096+09:00,2026-09-05,GMAB,Genmab A/S,US,제약/바이오,2026-09-04,33.6,1002601,2634335.05,0.8443,20950691840,66,65,60,53,66,1,HOLD,0.8,10,False,live,STOCK,87,NEUTRAL,NASDAQ
2026-09-05T07:56:26.584096+09:00,2026-09-05,MTSI,"MACOM Technology Solutions Holdings, Inc",US,반도체,2026-09-04,268.95,1011681,1154114.05,14.6157,20539961344,7,65,60,35,33,0,AVOID,-0.9,-11,True,live,STOCK,29,NEUTRAL,NASDAQ
2026-09-05T07:56:26.584096+09:00,2026-09-05,LYB,LyondellBasell Industries N.V.,US,소재,2026-09-04,63.52,2589819,3523100.95,2.1581,20519370752,43,60,55,78,54,1,HOLD,0.02,0,False,live,STOCK,46,NEUTRAL,NYSE
2026-09-05T07:56:26.584096+09:00,2026-09-05,CF,"CF Industries Holdings, Inc.",US,소재,2026-09-04,133.35,2622823,2634146.15,5.7514,20180940800,85,60,66,86,78,3,BUY,1.17,14,False,live,STOCK,77,NEUTRAL,NYSE
2026-09-05T07:56:26.584096+09:00,2026-09-05,CHTR,"Charter Communications, Inc.",US,인터넷,2026-09-04,151.99,1764956,2654787.8,7.7661,20484831232,62,65,63,86,62,1,HOLD,0.55,7,False,live,STOCK,38,NEUTRAL,NASDAQ
2026-09-05T07:56:26.584096+09:00,2026-09-05,WES,"Western Midstream Partners, LP",US,에너지,2026-09-04,49.54,739175,781018.75,0.9736,20468670464,66,60,68,60,67,1,HOLD,0.8,10,False,live,STOCK,74,NEUTRAL,NYSE
2026-09-05T07:56:26.584096+09:00,2026-09-05,SOJD,Southern Company (The) Series 2,US,유틸리티,2026-09-04,18.27,109315,86210.75,0.2144,,28,60,58,50,44,0,AVOID,-0.35,-4,True,live,STOCK,40,NEUTRAL,NYSE
2026-09-05T07:56:26.584096+09:00,2026-09-05,RS,Reliance Steel & Aluminum Co.,US,소재,2026-09-04,400.51,334904,347430.2,13.745,20447238144,40,60,50,58,51,0,HOLD,-0.02,0,False,live,STOCK,61,NEUTRAL,NYSE
2026-09-05T07:56:26.584096+09:00,2026-09-05,GIS,"General Mills, Inc.",US,소매,2026-09-04,38.29,7938057,8314077.85,1.18,20470962176,47,60,63,73,63,2,WATCH,0.56,7,False,live,STOCK,77,NEUTRAL,NYSE
2026-09-05T07:56:26.584096+09:00,2026-09-05,KSPI,Joint Stock Company Kaspi.kz,US,IT,2026-09-04,107.53,396778,631933.9,3.25,20433631232,73,60,45,80,69,3,WATCH,0.83,10,False,live,STOCK,86,NEUTRAL,NASDAQ
2026-09-05T07:56:26.584096+09:00,2026-09-05,RCI,Rogers Communications Inc.,US,인터넷,2026-09-04,37.52,750772,965468.6,0.7621,20269252608,77,65,55,86,72,3,BUY,0.73,9,False,live,STOCK,74,NEUTRAL,NYSE
2026-09-05T07:56:26.584096+09:00,2026-09-05,TPG,TPG Inc.,US,금융,2026-09-04,52.65,1765102,2852165.1,1.6229,20563372032,59,60,63,43,62,1,HOLD,0.69,8,False,live,STOCK,86,NEUTRAL,NASDAQ
2026-09-05T07:56:26.584096+09:00,2026-09-05,FTAI,FTAI Aviation Ltd.,US,산업재,2026-09-04,196.28,995546,1217072.3,10.0113,20159346688,25,60,65,34,40,0,AVOID,-0.56,-7,True,live,STOCK,33,NEUTRAL,NASDAQ
2026-09-05T07:56:26.584096+09:00,2026-09-05,FICO,Fair Isaac Corporation,US,IT,2026-09-04,932.26,1429604,313235.2,56.0143,20134612992,18,60,60,66,48,0,HOLD,-0.45,-5,False,live,STOCK,55,NEUTRAL,NYSE
2026-09-05T07:56:26.584096+09:00,2026-09-05,SBAC,SBA Communications Corporation,US,리츠,2026-09-04,189.44,654257,751702.85,4.4724,20097331200,80,60,63,45,61,1,HOLD,0.46,6,False,live,STOCK,47,NEUTRAL,NASDAQ
2026-09-05T07:56:26.584096+09:00,2026-09-05,ATHS,Athene Holding Ltd. 7.250% Fixe,US,금융,2026-09-04,24.97,48441,29077.05,0.2274,,80,60,58,50,59,1,HOLD,0.46,6,False,live,STOCK,40,NEUTRAL,NYSE
2026-09-05T07:56:26.584096+09:00,2026-09-05,BR,"Broadridge Financial Solutions, Inc.",US,IT,2026-09-04,172.88,1250404,1195140.2,4.7615,19995006976,54,60,60,68,63,1,HOLD,0.6,7,False,live,STOCK,75,NEUTRAL,NYSE
2026-09-05T07:56:26.584096+09:00,2026-09-05,NI,NiSource Inc,US,유틸리티,2026-09-04,41.39,4553413,5514515.65,0.7504,19848992768,47,60,55,42,47,0,HOLD,-0.2,-2,False,live,STOCK,41,NEUTRAL,NYSE
2026-09-05T07:56:26.584096+09:00,2026-09-05,SNA,Snap-on Incorporated,US,산업재,2026-09-04,383.0,219763,251683.15,5.7392,19811487744,20,60,45,58,41,0,AVOID,-0.44,-5,True,live,STOCK,48,NEUTRAL,NYSE
2026-09-05T07:56:26.584096+09:00,2026-09-05,BEKE,KE Holdings Inc.,US,리츠,2026-09-04,17.92,6189622,4448301.1,0.6196,19758501888,69,60,55,74,65,1,HOLD,0.67,8,False,live,STOCK,67,NEUTRAL,NYSE
2026-09-05T07:56:26.584096+09:00,2026-09-05,IP,International Paper Company,US,소재,2026-09-04,37.24,3828726,3790121.3,1.2999,19721183232,47,60,55,68,54,0,HOLD,0.25,3,False,live,STOCK,48,NEUTRAL,NYSE
2026-09-05T07:56:26.584096+09:00,2026-09-05,TOST,"Toast, Inc.",US,IT,2026-09-04,33.95,5808288,8553574.4,1.1924,19623100416,51,60,50,50,54,0,HOLD,0.35,4,False,live,STOCK,69,NEUTRAL,NYSE
2026-09-05T07:56:26.584096+09:00,2026-09-05,VTRS,Viatris Inc.,US,제약/바이오,2026-09-04,16.88,5599203,8621445.15,0.4152,19388213248,76,65,55,78,61,2,WATCH,0.48,6,False,live,STOCK,32,NEUTRAL,NASDAQ
2026-09-05T07:56:26.584096+09:00,2026-09-05,SSNC,"SS&C Technologies Holdings, Inc.",US,IT,2026-09-04,83.65,1804100,1439365.0,1.6305,19628890112,63,60,60,74,67,2,WATCH,0.76,9,False,live,STOCK,77,NEUTRAL,NASDAQ
2026-09-05T07:56:26.584096+09:00,2026-09-05,PR,Permian Resources Corporation,US,에너지,2026-09-04,23.36,6230392,9250109.6,0.6479,19565332480,73,60,60,68,64,1,HOLD,0.73,9,False,live,STOCK,55,NEUTRAL,NYSE
2026-09-05T07:56:26.584096+09:00,2026-09-05,SOJC,The Southern Company JR 2017B NT 77,US,유틸리티,2026-09-04,19.5,29634,33636.7,0.1795,,50,60,58,60,52,0,HOLD,-0.01,0,False,live,STOCK,40,NEUTRAL,NYSE
2026-09-05T07:56:26.584096+09:00,2026-09-05,CDW,CDW Corporation,US,IT,2026-09-04,152.38,1291186,1620309.3,6.5938,19050156032,91,60,60,58,70,1,HOLD,0.98,12,False,live,STOCK,63,NEUTRAL,NASDAQ
2026-09-05T07:56:26.584096+09:00,2026-09-05,LUV,Southwest Airlines Co.,US,산업재,2026-09-04,39.62,5364294,4287279.7,1.1008,19382427648,25,60,63,58,43,0,AVOID,-0.41,-5,True,live,STOCK,23,NEUTRAL,NYSE
2026-09-05T07:56:26.584096+09:00,2026-09-05,FDXF,"FedEx Freight Holding Company, Inc.",US,산업재,2026-09-04,129.45,1114514,1269125.7,5.34,19355121664,7,60,78,42,40,1,AVOID,-0.66,-8,True,live,STOCK,33,NEUTRAL,NYSE
2026-09-05T07:56:26.584096+09:00,2026-09-05,RBRK,"Rubrik, Inc.",US,IT,2026-09-04,93.67,1986425,3929401.25,6.2974,19279960064,51,60,60,35,55,1,HOLD,0.43,5,False,live,STOCK,74,NEUTRAL,NYSE
2026-09-05T07:56:26.584096+09:00,2026-09-05,AQNB,Algonquin Power & Utilities Corp.,US,유틸리티,2026-09-04,26.22,13181,21794.05,0.2469,,55,60,55,50,51,0,HOLD,0.09,1,False,live,STOCK,40,NEUTRAL,NYSE
2026-09-05T07:56:26.584096+09:00,2026-09-05,RIVN,"Rivian Automotive, Inc.",US,소비재,2026-09-04,15.74,13902604,20762870.2,0.6644,22789324800,35,60,63,50,54,1,HOLD,0.0,0,False,live,STOCK,73,NEUTRAL,NASDAQ
2026-09-05T07:56:26.584096+09:00,2026-09-05,MTZ,"MasTec, Inc.",US,산업재,2026-09-04,237.19,1645382,1531004.1,12.32,19047530496,29,60,66,58,44,0,AVOID,-0.51,-6,True,live,STOCK,20,NEUTRAL,NYSE
2026-09-05T07:56:26.584096+09:00,2026-09-05,GPC,Genuine Parts Company,US,소비재,2026-09-04,138.08,714430,1094836.5,2.9959,19035676672,73,60,63,43,65,2,WATCH,0.83,10,False,live,STOCK,78,NEUTRAL,NYSE
2026-09-05T07:56:26.584096+09:00,2026-09-05,BBY,"Best Buy Co., Inc.",US,소비재,2026-09-04,90.27,3911700,4056630.0,3.8196,19025946624,92,60,50,68,72,2,WATCH,1.04,12,False,live,STOCK,77,NEUTRAL,NYSE
2026-09-05T07:56:26.584096+09:00,2026-09-05,PKX,POSCO Holdings Inc.,US,소재,2026-09-04,62.74,194054,226122.7,1.5879,18977789952,77,60,55,58,56,1,HOLD,0.33,4,False,live,STOCK,25,NEUTRAL,NYSE
2026-09-05T07:56:26.584096+09:00,2026-09-05,ZBH,"Zimmer Biomet Holdings, Inc.",US,제약/바이오,2026-09-04,98.07,1324842,1691097.1,2.4975,18705645568,47,65,60,74,62,2,WATCH,0.51,6,False,live,STOCK,78,NEUTRAL,NYSE
2026-09-05T07:56:26.584096+09:00,2026-09-05,EVRG,"Evergy, Inc.",US,유틸리티,2026-09-04,81.54,1773785,2005224.25,1.3475,18800447488,50,60,60,42,50,0,HOLD,0.02,0,False,live,STOCK,41,NEUTRAL,NASDAQ
2026-09-05T07:56:26.584096+09:00,2026-09-05,MGA,Magna International Inc.,US,소비재,2026-09-04,68.87,1341690,1119674.5,2.1107,18424092672,58,60,55,74,61,1,HOLD,0.39,5,False,live,STOCK,63,NEUTRAL,NYSE
2026-09-05T07:56:26.584096+09:00,2026-09-05,DINO,HF Sinclair Corporation,US,에너지,2026-09-04,105.41,1954859,2416362.95,3.7986,18740197376,85,60,63,78,78,3,BUY,1.2,14,False,live,STOCK,90,NEUTRAL,NYSE
2026-09-05T07:56:26.584096+09:00,2026-09-05,VIV,Telefônica Brasil S.A.,US,인터넷,2026-09-04,11.66,1172644,1670812.2,0.2558,18630383616,72,65,55,84,63,2,WATCH,0.3,4,False,live,STOCK,39,NEUTRAL,NYSE
2026-09-05T07:56:26.584096+09:00,2026-09-05,NWS,News Corporation,US,인터넷,2026-09-04,33.9,1464361,1116998.05,0.7775,18196803584,54,65,48,61,59,1,HOLD,0.41,5,False,live,STOCK,80,NEUTRAL,NASDAQ
2026-09-05T07:56:26.584096+09:00,2026-09-05,NTNX,"Nutanix, Inc.",US,IT,2026-09-04,68.06,1962886,2790594.3,2.4716,18398013440,73,60,60,52,64,1,HOLD,0.75,9,False,live,STOCK,67,NEUTRAL,NASDAQ
2026-09-05T07:56:26.584096+09:00,2026-09-05,OWL,Blue Owl Capital Inc.,US,금융,2026-09-04,11.75,26839741,18775567.05,0.385,18414088192,51,60,56,59,57,0,HOLD,0.43,5,False,live,STOCK,67,NEUTRAL,NYSE
2026-09-05T07:56:26.584096+09:00,2026-09-05,TSCO,Tractor Supply Company,US,소비재,2026-09-04,34.99,6566140,10057297.0,0.9737,18231195648,54,60,75,50,62,1,HOLD,0.64,8,False,live,STOCK,67,NEUTRAL,NASDAQ
2026-09-05T07:56:26.584096+09:00,2026-09-05,GEN,Gen Digital Inc.,US,IT,2026-09-04,30.65,4777131,5493111.55,0.9105,18346690560,81,60,53,76,73,3,BUY,1.04,12,False,live,STOCK,90,NEUTRAL,NASDAQ
2026-09-05T07:56:26.584096+09:00,2026-09-05,ITT,ITT Inc.,US,산업재,2026-09-04,204.33,499238,641506.9,5.91,18356971520,44,60,63,58,58,0,HOLD,0.31,4,False,live,STOCK,69,NEUTRAL,NYSE
2026-09-05T07:56:26.584096+09:00,2026-09-05,TSN,"Tyson Foods, Inc.",US,소매,2026-09-04,51.42,5650644,3058277.2,1.3895,18089631744,20,60,63,66,46,0,HOLD,-0.42,-5,False,live,STOCK,39,NEUTRAL,NYSE
2026-09-05T07:56:26.584096+09:00,2026-09-05,U,Unity Software Inc.,US,IT,2026-09-04,41.66,5199412,10142935.6,1.6316,18334105600,51,60,53,50,58,1,HOLD,0.5,6,False,live,STOCK,86,NEUTRAL,NYSE
2026-09-05T07:56:26.584096+09:00,2026-09-05,WF,Woori Financial Group Inc.,US,금융,2026-09-04,74.86,92379,75373.95,2.0332,18166919168,95,60,60,88,70,2,WATCH,0.94,11,False,live,STOCK,32,NEUTRAL,NYSE
2026-09-05T07:56:26.584096+09:00,2026-09-05,PAA,"Plains All American Pipeline, L.P.",US,에너지,2026-09-04,25.7,1824728,2434171.4,0.4925,18133059584,76,60,55,66,69,2,WATCH,0.91,11,False,live,STOCK,84,NEUTRAL,NASDAQ
2026-09-05T07:56:26.584096+09:00,2026-09-05,BEN,"Franklin Resources, Inc.",US,금융,2026-09-04,34.73,4847163,3072678.15,0.7414,17645510656,69,60,58,58,62,0,HOLD,0.61,7,False,live,STOCK,61,NEUTRAL,NYSE
2026-09-05T07:56:26.584096+09:00,2026-09-05,EWBC,"East West Bancorp, Inc.",US,금융,2026-09-04,130.77,443168,662263.4,2.4846,17917040640,40,60,50,55,43,0,AVOID,-0.23,-3,True,live,STOCK,26,NEUTRAL,NASDAQ
2026-09-05T07:56:26.584096+09:00,2026-09-05,OVV,Ovintiv Inc.,US,에너지,2026-09-04,64.76,3573548,3275472.4,1.6593,17912616960,47,60,60,66,62,1,HOLD,0.52,6,False,live,STOCK,83,NEUTRAL,NYSE
2026-09-05T07:56:26.584096+09:00,2026-09-05,WIT,Wipro Limited,US,IT,2026-09-04,1.81,7805377,7000383.85,0.0557,17905905664,15,60,50,68,38,0,AVOID,-0.8,-10,True,live,STOCK,26,NEUTRAL,NYSE
2026-09-05T07:56:26.584096+09:00,2026-09-05,ESS,"Essex Property Trust, Inc.",US,리츠,2026-09-04,278.61,415878,466388.9,4.7646,19203524608,31,60,55,45,48,0,HOLD,-0.11,-1,False,live,STOCK,68,NEUTRAL,NYSE
2026-09-05T07:56:26.584096+09:00,2026-09-05,CNH,CNH Industrial N.V.,US,산업재,2026-09-04,14.4,26022654,24430277.7,0.6014,23157485568,77,60,55,58,68,2,WATCH,0.91,11,False,live,STOCK,86,NEUTRAL,NYSE
2026-09-05T07:56:26.584096+09:00,2026-09-05,DD,"DuPont de Nemours, Inc.",US,소재,2026-09-04,131.59,1725870,1201963.5,2.9538,17767202816,35,60,47,58,41,0,AVOID,-0.46,-6,True,live,STOCK,26,NEUTRAL,NYSE
2026-09-05T07:56:26.584096+09:00,2026-09-05,NDSN,Nordson Corporation,US,산업재,2026-09-04,318.36,424326,429901.3,8.2621,17738364928,54,60,60,58,60,0,HOLD,0.5,6,False,live,STOCK,69,NEUTRAL,NASDAQ
2026-09-05T07:56:26.584096+09:00,2026-09-05,JHX,James Hardie Industries plc,US,소재,2026-09-04,30.39,8231932,5899371.6,0.8493,17642078208,66,60,48,51,57,0,HOLD,0.5,6,False,live,STOCK,63,NEUTRAL,NYSE
2026-09-05T07:56:26.584096+09:00,2026-09-05,SBS,Companhia de Saneamento Básico do Estado,US,유틸리티,2026-09-04,5.15,6055686,12199749.3,0.1542,18111035392,57,60,55,70,56,1,HOLD,0.12,1,False,live,STOCK,42,NEUTRAL,NYSE
2026-09-05T07:56:26.584096+09:00,2026-09-05,MKSI,MKS Inc.,US,IT,2026-09-04,260.31,1630509,1234835.45,12.8756,17601527808,7,60,50,50,34,0,AVOID,-0.92,-11,True,live,STOCK,33,NEUTRAL,NASDAQ
2026-09-05T07:56:26.584096+09:00,2026-09-05,LNT,Alliant Energy Corporation,US,유틸리티,2026-09-04,67.97,1609668,2291858.4,1.085,17623580672,39,60,60,42,45,0,HOLD,-0.24,-3,False,live,STOCK,35,NEUTRAL,NASDAQ
2026-09-05T07:56:26.584096+09:00,2026-09-05,CHRW,"C.H. Robinson Worldwide, Inc.",US,산업재,2026-09-04,147.64,994440,1230727.0,3.7314,17251919872,62,60,60,50,51,0,HOLD,-0.12,-1,False,live,STOCK,23,NEUTRAL,NASDAQ
2026-09-05T07:56:26.584096+09:00,2026-09-05,FLUT,Flutter Entertainment plc,US,소비재,2026-09-04,100.11,2491832,2578416.6,4.4721,17372999680,65,60,70,60,60,1,HOLD,0.32,4,False,live,STOCK,39,NEUTRAL,NYSE
2026-09-05T07:56:26.584096+09:00,2026-09-05,APG,APi Group Corporation,US,산업재,2026-09-04,40.04,2937850,2597632.5,1.1612,17303697408,32,60,45,50,48,1,HOLD,-0.19,-2,False,live,STOCK,76,NEUTRAL,NYSE
2026-09-05T07:56:26.584096+09:00,2026-09-05,ZBRA,Zebra Technologies Corporation,US,IT,2026-09-04,362.74,401430,590271.5,11.2,17278535680,51,60,55,66,57,0,HOLD,0.4,5,False,live,STOCK,61,NEUTRAL,NASDAQ
2026-09-05T07:56:26.584096+09:00,2026-09-05,J,Jacobs Solutions Inc.,US,산업재,2026-09-04,146.23,675564,835213.2,3.1431,17266966528,58,60,60,58,61,0,HOLD,0.58,7,False,live,STOCK,69,NEUTRAL,NYSE
2026-09-05T07:56:26.584096+09:00,2026-09-05,ROL,"Rollins, Inc.",US,산업재,2026-09-04,35.86,5236296,4454129.8,0.8443,17253873664,40,60,60,42,42,0,AVOID,-0.47,-6,True,live,STOCK,20,NEUTRAL,NYSE
2026-09-05T07:56:26.584096+09:00,2026-09-05,FTV,Fortive Corporation,US,IT,2026-09-04,56.94,1982920,2112006.0,1.1914,17358786560,28,60,63,74,52,1,HOLD,-0.16,-2,False,live,STOCK,52,NEUTRAL,NYSE
2026-09-05T07:56:26.584096+09:00,2026-09-05,NLY,"Annaly Capital Management, Inc.",US,리츠,2026-09-04,22.81,5936121,5821231.05,0.3161,17192224768,44,60,63,65,56,0,HOLD,0.31,4,False,live,STOCK,55,NEUTRAL,NYSE
2026-09-05T07:56:26.584096+09:00,2026-09-05,WCC,"WESCO International, Inc.",US,산업재,2026-09-04,351.46,438505,470125.25,12.0814,17127649280,58,60,60,58,58,0,HOLD,0.28,3,False,live,STOCK,55,NEUTRAL,NYSE
2026-09-05T07:56:26.584096+09:00,2026-09-05,BIP,Brookfield Infrastructure Partners L.P.,US,유틸리티,2026-09-04,37.13,490564,709838.2,0.8744,29400461312,28,60,55,37,43,0,AVOID,-0.32,-4,True,live,STOCK,52,NEUTRAL,NYSE
2026-09-05T07:56:26.584096+09:00,2026-09-05,AS,"Amer Sports, Inc.",US,소비재,2026-09-04,29.53,6476309,7958935.45,1.1744,17181204480,25,60,50,66,42,0,AVOID,-0.61,-7,True,live,STOCK,29,NEUTRAL,NYSE
2026-09-05T07:56:26.584096+09:00,2026-09-05,NWSA,News Corporation,US,인터넷,2026-09-04,30.39,3897050,3541007.5,0.6321,16312708096,59,65,63,66,65,1,HOLD,0.66,8,False,live,STOCK,75,NEUTRAL,NASDAQ
2026-09-05T07:56:26.584096+09:00,2026-09-05,DUKB,Duke Energy Corporation 5.625%,US,유틸리티,2026-09-04,21.94,34632,40331.6,0.2007,,28,60,58,50,44,0,AVOID,-0.38,-5,True,live,STOCK,40,NEUTRAL,NYSE
2026-09-05T07:56:26.584096+09:00,2026-09-05,NVR,"NVR, Inc.",US,소비재,2026-09-04,6298.8501,28608,32075.4,140.0761,16785553408,28,60,65,63,47,0,HOLD,-0.2,-2,False,live,STOCK,33,NEUTRAL,NYSE
2026-09-05T07:56:26.584096+09:00,2026-09-05,FUTU,Futu Holdings Limited,US,금융,2026-09-04,121.75,639731,1416221.55,5.6737,17068680192,66,60,60,60,66,1,HOLD,0.77,9,False,live,STOCK,80,NEUTRAL,NASDAQ
2026-09-05T07:56:26.584096+09:00,2026-09-05,CG,The Carlyle Group Inc.,US,금융,2026-09-04,46.97,1877150,3652612.5,1.4021,16736952320,50,60,60,58,57,0,HOLD,0.34,4,False,live,STOCK,63,NEUTRAL,NASDAQ
2026-09-05T07:56:26.584096+09:00,2026-09-05,INVH,Invitation Homes Inc.,US,리츠,2026-09-04,28.39,2419797,3363489.85,0.4271,16864851968,20,60,63,53,39,0,AVOID,-0.54,-6,True,live,STOCK,16,NEUTRAL,NYSE
2026-09-05T07:56:26.584096+09:00,2026-09-05,ASND,Ascendis Pharma A/S,US,제약/바이오,2026-09-04,270.56,719532,534481.6,8.1062,17746796544,67,65,75,42,59,1,HOLD,0.62,7,False,live,STOCK,42,NEUTRAL,NASDAQ
2026-09-05T07:56:26.584096+09:00,2026-09-05,BSAC,Banco Santander-Chile,US,금융,2026-09-04,35.67,155126,288631.3,0.8107,16804682752,91,60,55,60,70,2,WATCH,1.02,12,False,live,STOCK,72,NEUTRAL,NYSE
2026-09-05T07:56:26.584096+09:00,2026-09-05,CLH,"Clean Harbors, Inc.",US,산업재,2026-09-04,317.1,222229,422881.45,6.39,16738836480,62,60,55,58,62,1,HOLD,0.62,7,False,live,STOCK,77,NEUTRAL,NYSE
2026-09-05T07:56:26.584096+09:00,2026-09-05,LDOS,"Leidos Holdings, Inc.",US,IT,2026-09-04,133.05,1068745,1247182.25,4.135,16735756288,47,60,55,68,58,0,HOLD,0.32,4,False,live,STOCK,69,NEUTRAL,NYSE
2026-09-05T07:56:26.584096+09:00,2026-09-05,BURL,"Burlington Stores, Inc.",US,소비재,2026-09-04,265.33,2126952,1571592.6,12.1675,16666755072,10,60,48,50,33,0,AVOID,-0.93,-11,True,live,STOCK,29,NEUTRAL,NYSE
2026-09-05T07:56:26.584096+09:00,2026-09-05,BALL,Ball Corporation,US,소비재,2026-09-04,62.67,1841306,1637950.3,1.1107,16685668352,39,60,55,68,48,0,HOLD,0.03,0,False,live,STOCK,31,NEUTRAL,NYSE
2026-09-05T07:56:26.584096+09:00,2026-09-05,JLL,Jones Lang LaSalle Incorporated,US,리츠,2026-09-04,362.36,240856,303492.8,11.665,16671350784,51,60,53,84,59,1,HOLD,0.4,5,False,live,STOCK,55,NEUTRAL,NYSE
2026-09-05T07:56:26.584096+09:00,2026-09-05,WY,Weyerhaeuser Company,US,리츠,2026-09-04,23.02,3858564,4668378.2,0.5286,16591342592,28,60,60,50,42,0,AVOID,-0.43,-5,True,live,STOCK,26,NEUTRAL,NYSE
2026-09-05T07:56:26.584096+09:00,2026-09-05,ZTO,ZTO Express (Cayman) Inc.,US,산업재,2026-09-04,20.95,1291147,1797127.35,0.4878,15878390784,17,60,55,78,45,1,HOLD,-0.46,-6,False,live,STOCK,38,NEUTRAL,NYSE
2026-09-05T07:56:26.584096+09:00,2026-09-05,RGA,"Reinsurance Group of America, Incorporat",US,금융,2026-09-04,253.27,243218,324675.9,4.2989,16538952704,92,60,63,86,78,2,WATCH,1.18,14,False,live,STOCK,69,NEUTRAL,NYSE
2026-09-05T07:56:26.584096+09:00,2026-09-05,CCZ,Comcast Holdings Corp.,US,인터넷,2026-09-03,66.45,0,35.0,0.3036,,57,65,55,42,50,0,HOLD,0.11,1,False,live,STOCK,40,NEUTRAL,NYSE
2026-09-05T07:56:26.584096+09:00,2026-09-05,MEDP,"Medpace Holdings, Inc.",US,제약/바이오,2026-09-04,591.29,145044,200387.2,16.6702,16503882752,51,65,45,42,51,1,HOLD,0.28,3,False,live,STOCK,71,NEUTRAL,NASDAQ
2026-09-05T07:56:26.584096+09:00,2026-09-05,IEX,IDEX Corporation,US,산업재,2026-09-04,223.74,450114,546600.7,5.0961,16494090240,35,60,66,58,53,0,HOLD,0.06,1,False,live,STOCK,55,NEUTRAL,NYSE
2026-09-05T07:56:26.584096+09:00,2026-09-05,PTC,PTC Inc.,US,IT,2026-09-04,141.02,2055645,1143462.25,4.8921,15301554176,46,60,63,68,58,0,HOLD,0.26,3,False,live,STOCK,60,NEUTRAL,NASDAQ
2026-09-05T07:56:26.584096+09:00,2026-09-05,SITM,SiTime Corporation,US,반도체,2026-09-04,612.09,298610,353795.5,37.7803,18406180864,32,65,60,30,39,0,AVOID,-0.47,-6,True,live,STOCK,29,NEUTRAL,NASDAQ
2026-09-05T07:56:26.584096+09:00,2026-09-05,STLA,Stellantis N.V.,US,소비재,2026-09-04,5.56,16239922,19791301.1,0.2064,16129233920,62,60,53,80,58,1,HOLD,0.03,0,False,live,STOCK,39,NEUTRAL,NYSE
2026-09-05T07:56:26.584096+09:00,2026-09-05,WPC,W. P. Carey Inc.,US,리츠,2026-09-04,70.38,1473745,1092857.25,0.9082,16033073152,28,60,60,58,44,0,AVOID,-0.36,-4,True,live,STOCK,30,NEUTRAL,NYSE
2026-09-05T07:56:26.584096+09:00,2026-09-05,CX,"CEMEX, S.A.B. de C.V.",US,소재,2026-09-04,11.03,3833535,5946361.75,0.2814,15915764736,65,60,63,74,58,1,HOLD,0.15,2,False,live,STOCK,26,NEUTRAL,NYSE
2026-09-05T07:56:26.584096+09:00,2026-09-05,VNOM,"Viper Energy, Inc.",US,에너지,2026-09-04,44.39,813360,1380713.0,0.8496,23259682816,87,60,55,60,64,1,HOLD,0.57,7,False,live,STOCK,49,NEUTRAL,NASDAQ
2026-09-05T07:56:26.584096+09:00,2026-09-05,IREN,IREN Limited,US,IT,2026-09-04,44.68,35805723,45830891.15,3.2218,17606541312,63,60,73,45,56,1,HOLD,0.09,1,False,live,STOCK,33,NEUTRAL,NASDAQ
2026-09-05T07:56:26.584096+09:00,2026-09-05,KIM,Kimco Realty Corporation,US,리츠,2026-09-04,23.6,5120579,4172328.95,0.3229,15830629376,50,60,63,53,50,0,HOLD,-0.05,-1,False,live,STOCK,27,NEUTRAL,NYSE
2026-09-05T07:56:26.584096+09:00,2026-09-05,TIGO,Millicom International Cellular S.A.,US,인터넷,2026-09-04,94.83,571986,986039.3,3.0675,15903939584,69,65,60,74,65,1,HOLD,0.7,8,False,live,STOCK,58,NEUTRAL,NASDAQ
2026-09-05T07:56:26.584096+09:00,2026-09-05,LSCC,Lattice Semiconductor Corporation,US,반도체,2026-09-04,115.9,948298,1375524.9,5.0664,16428734464,7,65,60,43,34,0,AVOID,-0.87,-10,True,live,STOCK,29,NEUTRAL,NASDAQ
2026-09-05T07:56:26.584096+09:00,2026-09-05,SOLV,Solventum Corporation,US,제약/바이오,2026-09-04,91.69,576348,991377.4,2.0047,15607814144,54,65,63,70,61,1,HOLD,0.53,6,False,live,STOCK,60,NEUTRAL,NYSE
2026-09-05T07:56:26.584096+09:00,2026-09-05,GIB,CGI Inc.,US,IT,2026-09-04,73.65,216570,318678.5,1.7407,15251103744,47,60,60,68,58,0,HOLD,0.36,4,False,live,STOCK,63,NEUTRAL,NYSE
2026-09-05T07:56:26.584096+09:00,2026-09-05,H,Hyatt Hotels Corporation,US,소비재,2026-09-04,165.85,623048,679837.4,4.3059,15629163520,20,60,53,43,36,0,AVOID,-0.77,-9,True,live,STOCK,26,NEUTRAL,NYSE
2026-09-05T07:56:26.584096+09:00,2026-09-05,NBIX,"Neurocrine Biosciences, Inc.",US,제약/바이오,2026-09-04,155.64,926004,1145960.2,3.6528,15820679168,65,65,63,66,59,0,HOLD,0.26,3,False,live,STOCK,39,NEUTRAL,NASDAQ
2026-09-05T07:56:26.584096+09:00,2026-09-05,PS,Pershing Square Inc.,US,금융,2026-09-04,39.08,170581,188749.05,2.4071,15632001024,47,60,65,34,55,1,HOLD,0.41,5,False,live,STOCK,72,NEUTRAL,NYSE
2026-09-05T07:56:26.584096+09:00,2026-09-05,INIO,INNIO N.V. Ordinary Shares,US,산업재,2026-09-04,20.77,2739162,3338993.1,1.5371,15577500672,7,60,70,35,34,1,AVOID,-0.85,-10,True,live,STOCK,20,NEUTRAL,NASDAQ
2026-09-05T07:56:26.584096+09:00,2026-09-05,RBA,"RB Global, Inc.",US,산업재,2026-09-04,83.54,849495,2012984.75,2.4795,15563502592,47,60,60,58,48,0,HOLD,-0.3,-4,False,live,STOCK,23,NEUTRAL,NYSE
2026-09-05T07:56:26.584096+09:00,2026-09-05,RZC,"Reinsurance Group of America, Incorporat",US,금융,2026-09-04,25.56,42015,36895.75,0.1174,,43,60,55,50,47,0,HOLD,-0.09,-1,False,live,STOCK,40,NEUTRAL,NYSE
2026-09-05T07:56:26.584096+09:00,2026-09-05,AGI,Alamos Gold Inc.,US,소재,2026-09-04,36.97,2693896,3915639.8,1.5996,15475808256,58,60,55,60,60,0,HOLD,0.38,5,False,live,STOCK,69,NEUTRAL,NYSE
2026-09-05T07:56:26.584096+09:00,2026-09-05,JAZZ,Jazz Pharmaceuticals plc,US,제약/바이오,2026-09-04,246.81,321866,1039188.3,7.8325,16021566464,47,65,53,84,60,1,HOLD,0.29,3,False,live,STOCK,64,NEUTRAL,NASDAQ
2026-09-05T07:56:26.584096+09:00,2026-09-05,PFGC,Performance Food Group Co,US,소매,2026-09-04,98.63,1273879,1743503.95,2.1211,15492057088,20,60,48,58,37,0,AVOID,-0.56,-7,True,live,STOCK,26,NEUTRAL,NYSE
2026-09-05T07:56:26.584096+09:00,2026-09-05,RBC,RBC Bearings Incorporated,US,산업재,2026-09-04,488.54,157334,236186.7,14.69,15466807296,7,60,60,50,34,0,AVOID,-0.91,-11,True,live,STOCK,20,NEUTRAL,NYSE
2026-09-05T07:56:26.584096+09:00,2026-09-05,EMA,Emera Incorporated,US,유틸리티,2026-09-04,50.35,215227,400641.35,0.7243,15465003008,50,60,55,42,50,0,HOLD,0.03,0,False,live,STOCK,52,NEUTRAL,NYSE
2026-09-05T07:56:26.584096+09:00,2026-09-05,CRBG,"Corebridge Financial, Inc.",US,금융,2026-09-04,34.47,2420325,3892241.25,0.7536,15365779456,95,60,53,58,74,2,WATCH,1.17,14,False,live,STOCK,90,NEUTRAL,NYSE
2026-09-05T07:56:26.584096+09:00,2026-09-05,KEP,Korea Electric Power Corporation,US,유틸리티,2026-09-04,11.94,616734,1007091.7,0.2957,15330102272,65,60,58,96,61,1,HOLD,0.25,3,False,live,STOCK,23,NEUTRAL,NYSE
2026-09-05T07:56:26.584096+09:00,2026-09-05,TRU,TransUnion,US,금융,2026-09-04,79.88,4186773,1836048.65,2.9258,15305007104,47,60,53,66,59,1,HOLD,0.44,5,False,live,STOCK,78,NEUTRAL,NYSE
2026-09-05T07:56:26.584096+09:00,2026-09-05,LAMR,Lamar Advertising Company,US,리츠,2026-09-04,150.76,318375,520398.75,2.5164,15309629440,50,60,65,42,55,0,HOLD,0.23,3,False,live,STOCK,61,NEUTRAL,NASDAQ
2026-09-05T07:56:26.584096+09:00,2026-09-05,AKAM,"Akamai Technologies, Inc.",US,IT,2026-09-04,105.22,1757227,2961686.35,4.2171,15121861632,7,60,60,58,39,0,AVOID,-0.77,-9,True,live,STOCK,36,NEUTRAL,NASDAQ
2026-09-05T07:56:26.584096+09:00,2026-09-05,GFL,GFL Environmental Inc.,US,산업재,2026-09-04,43.73,2134546,1862307.3,1.3088,15781734400,85,60,55,42,63,1,HOLD,0.81,10,False,live,STOCK,63,NEUTRAL,NYSE
2026-09-05T07:56:26.584096+09:00,2026-09-05,PNFP,"Pinnacle Financial Partners, Inc.",US,금융,2026-09-04,101.01,533983,879599.15,2.4436,15263888384,44,60,55,68,56,0,HOLD,0.18,2,False,live,STOCK,61,NEUTRAL,NYSE
2026-09-05T07:56:26.584096+09:00,2026-09-05,YUMC,"Yum China Holdings, Inc.",US,소비재,2026-09-04,43.6,799631,1446901.55,1.1576,14836716544,43,60,53,76,57,1,HOLD,0.16,2,False,live,STOCK,63,NEUTRAL,NYSE
2026-09-05T07:56:26.584096+09:00,2026-09-05,UNM,Unum Group,US,금융,2026-09-04,95.85,1232483,1257304.15,2.21,15173706752,88,60,66,50,70,1,HOLD,0.98,12,False,live,STOCK,69,NEUTRAL,NYSE
2026-09-05T07:56:26.584096+09:00,2026-09-05,DT,"Dynatrace, Inc.",US,IT,2026-09-04,51.9,4237813,6858005.65,1.7543,14999209984,73,60,63,43,67,2,WATCH,0.89,11,False,live,STOCK,86,NEUTRAL,NYSE
2026-09-05T07:56:26.584096+09:00,2026-09-05,APA,APA Corporation,US,에너지,2026-09-04,42.77,4224555,5240952.75,1.5007,14984535040,69,60,60,78,68,1,HOLD,0.79,9,False,live,STOCK,69,NEUTRAL,NASDAQ
2026-09-05T07:56:26.584096+09:00,2026-09-05,HST,"Host Hotels & Resorts, Inc.",US,리츠,2026-09-04,22.05,5247663,8368428.15,0.4029,15318718464,25,60,63,63,44,0,AVOID,-0.42,-5,True,live,STOCK,26,NEUTRAL,NASDAQ
2026-09-05T07:56:26.584096+09:00,2026-09-05,TU,Telus Corp,US,인터넷,2026-09-04,9.67,3336869,5524323.45,0.2039,15230251008,40,65,50,68,48,0,HOLD,-0.36,-4,False,live,STOCK,38,NEUTRAL,NYSE
2026-09-05T07:56:26.584096+09:00,2026-09-05,EG,"Everest Group, Ltd.",US,금융,2026-09-04,380.87,232199,273399.95,7.1479,14603597824,76,60,63,100,66,2,WATCH,0.68,8,False,live,STOCK,22,NEUTRAL,NYSE
2026-09-05T07:56:26.584096+09:00,2026-09-05,LTM,LATAM Airlines Group S.A.,US,산업재,2026-09-04,52.47,306494,802414.7,1.55,15360274432,69,60,53,70,54,1,HOLD,0.29,3,False,live,STOCK,17,NEUTRAL,NYSE
2026-09-05T07:56:26.584096+09:00,2026-09-05,LECO,"Lincoln Electric Holdings, Inc.",US,산업재,2026-09-04,276.44,220150,463917.5,7.8543,15067571200,47,60,63,50,56,0,HOLD,0.29,3,False,live,STOCK,66,NEUTRAL,NASDAQ
2026-09-05T07:56:26.584096+09:00,2026-09-05,WMG,Warner Music Group Corp.,US,인터넷,2026-09-04,28.78,1408312,1825130.6,0.7527,15055098880,62,65,53,58,61,1,HOLD,0.34,4,False,live,STOCK,73,NEUTRAL,NASDAQ
2026-09-05T07:56:26.584096+09:00,2026-09-05,MAA,"Mid-America Apartment Communities, Inc.",US,리츠,2026-09-04,128.32,505766,755228.3,1.9186,15311994880,28,60,66,53,44,0,AVOID,-0.37,-4,True,live,STOCK,26,NEUTRAL,NYSE
2026-09-05T07:56:26.584096+09:00,2026-09-05,ARMK,Aramark,US,산업재,2026-09-04,56.78,1157578,2596093.9,1.1047,14968629248,36,60,60,66,49,0,HOLD,-0.04,0,False,live,STOCK,34,NEUTRAL,NYSE
2026-09-05T07:56:26.584096+09:00,2026-09-05,STRL,"Sterling Infrastructure, Inc.",US,산업재,2026-09-04,486.49,569526,533016.3,27.9007,14881007616,29,60,68,58,47,0,HOLD,-0.4,-5,False,live,STOCK,32,NEUTRAL,NASDAQ
2026-09-05T07:56:26.584096+09:00,2026-09-05,TYL,"Tyler Technologies, Inc.",US,IT,2026-09-04,364.03,629357,964267.85,14.12,14907855872,74,60,60,50,65,2,WATCH,0.8,10,False,live,STOCK,72,NEUTRAL,NYSE
2026-09-05T07:56:26.584096+09:00,2026-09-05,ALB,Albemarle Corporation,US,소재,2026-09-04,126.28,3234752,2028217.6,5.845,14901678080,36,60,63,59,51,0,HOLD,-0.25,-3,False,live,STOCK,47,NEUTRAL,NYSE
2026-09-05T07:56:26.584096+09:00,2026-09-05,COKE,"Coca-Cola Consolidated, Inc.",US,소매,2026-09-04,189.33,432438,425171.9,6.2486,12602617856,47,60,55,53,54,0,HOLD,0.19,2,False,live,STOCK,63,NEUTRAL,NASDAQ
2026-09-05T07:56:26.584096+09:00,2026-09-05,SKM,"SK Telecom Co.,Ltd",US,인터넷,2026-09-04,38.7,2125026,1897671.3,1.1843,14856545280,58,65,55,74,61,1,HOLD,0.31,4,False,live,STOCK,63,NEUTRAL,NYSE
2026-09-05T07:56:26.584096+09:00,2026-09-05,ULS,UL Solutions Inc.,US,산업재,2026-09-04,73.83,395281,567734.05,1.7346,14881405952,37,60,53,42,41,0,AVOID,-0.55,-7,True,live,STOCK,26,NEUTRAL,NYSE
2026-09-05T07:56:26.584096+09:00,2026-09-05,EXEL,"Exelixis, Inc.",US,제약/바이오,2026-09-04,59.01,1580948,2157897.4,1.4479,14621597696,58,65,63,66,65,1,HOLD,0.68,8,False,live,STOCK,77,NEUTRAL,NASDAQ
2026-09-05T07:56:26.584096+09:00,2026-09-05,IONQ,"IonQ, Inc.",US,IT,2026-09-04,39.52,12952854,17366032.7,2.5121,16010960896,30,60,73,50,47,1,HOLD,-0.38,-5,False,live,STOCK,30,NEUTRAL,NYSE
2026-09-05T07:56:26.584096+09:00,2026-09-05,SUI,"Sun Communities, Inc.",US,리츠,2026-09-04,119.44,906917,2108290.85,2.3671,15271695360,43,60,63,46,52,0,HOLD,0.06,1,False,live,STOCK,57,NEUTRAL,NYSE
2026-09-05T07:56:26.584096+09:00,2026-09-05,SWK,"Stanley Black & Decker, Inc.",US,산업재,2026-09-04,97.36,1333742,1460747.1,2.6489,14702980096,51,60,60,66,59,0,HOLD,0.47,6,False,live,STOCK,63,NEUTRAL,NYSE
2026-09-05T07:56:26.584096+09:00,2026-09-05,SGI,Somnigroup International Inc,US,소비재,2026-09-04,69.87,3113137,3834886.85,2.3993,14698236928,69,60,68,66,62,0,HOLD,0.46,6,False,live,STOCK,36,NEUTRAL,NYSE
2026-09-05T07:56:26.584096+09:00,2026-09-05,IVZ,Invesco Ltd.,US,금융,2026-09-04,33.07,2858648,3723702.4,0.9257,14600397824,66,60,60,86,72,2,WATCH,0.89,11,False,live,STOCK,83,NEUTRAL,NYSE
2026-09-05T07:56:26.584096+09:00,2026-09-05,BBIO,"BridgeBio Pharma, Inc.",US,제약/바이오,2026-09-04,74.84,1538362,2038908.1,2.1284,14630694912,32,65,53,27,42,0,AVOID,-0.1,-1,True,live,STOCK,57,NEUTRAL,NASDAQ
2026-09-05T07:56:26.584096+09:00,2026-09-05,LOGI,Logitech International S.A.,US,IT,2026-09-04,102.05,735789,734674.45,2.4521,14612370432,65,60,60,50,60,0,HOLD,0.29,3,False,live,STOCK,65,NEUTRAL,NASDAQ
2026-09-05T07:56:26.584096+09:00,2026-09-05,TLK,Perusahaan Perseroan (Persero) PT Teleko,US,인터넷,2026-09-04,14.85,824222,554206.1,0.2457,14639269888,55,65,55,81,63,1,HOLD,0.56,7,False,live,STOCK,69,NEUTRAL,NYSE
2026-09-05T07:56:26.584096+09:00,2026-09-05,FN,Fabrinet,US,IT,2026-09-04,407.4,577659,1038602.95,28.1475,14599122944,7,60,55,50,33,0,AVOID,-0.96,-12,True,live,STOCK,20,NEUTRAL,NYSE
2026-09-05T07:56:26.584096+09:00,2026-09-05,RVTY,"Revvity, Inc.",US,제약/바이오,2026-09-04,130.22,1167592,1541099.6,4.13,14530781184,85,65,63,51,70,2,WATCH,1.03,12,False,live,STOCK,78,NEUTRAL,NYSE
2026-09-05T07:56:26.584096+09:00,2026-09-05,EQH,"Equitable Holdings, Inc.",US,금융,2026-09-04,52.96,1983579,2268678.95,1.1974,14445676544,95,60,56,62,75,2,WATCH,1.19,14,False,live,STOCK,87,NEUTRAL,NYSE
2026-09-05T07:56:26.584096+09:00,2026-09-05,BWXT,"BWX Technologies, Inc.",US,산업재,2026-09-04,157.59,651195,1068514.75,6.0021,14438708224,37,60,50,42,40,0,AVOID,-0.58,-7,True,live,STOCK,26,NEUTRAL,NYSE
2026-09-05T07:56:26.584096+09:00,2026-09-05,PAG,"Penske Automotive Group, Inc.",US,소비재,2026-09-04,219.77,175435,288251.75,2.7207,14430729216,70,60,66,60,65,1,HOLD,0.75,9,False,live,STOCK,60,NEUTRAL,NYSE
2026-09-05T07:56:26.584096+09:00,2026-09-05,UNMA,Unum Group 6.250% JR NT58,US,금융,2026-09-04,21.375,5665,23238.25,0.3122,,72,60,58,80,63,2,WATCH,0.4,5,False,live,STOCK,40,NEUTRAL,NYSE
2026-09-05T07:56:26.584096+09:00,2026-09-05,TLN,Talen Energy Corporation,US,유틸리티,2026-09-04,317.0,575276,833318.8,14.7217,15188819968,47,60,63,70,52,1,HOLD,-0.18,-2,False,live,STOCK,26,NEUTRAL,NASDAQ
2026-09-05T07:56:26.584096+09:00,2026-09-05,ARCC,Ares Capital Corporation,US,금융,2026-09-04,20.04,2523416,3734780.8,0.2075,14389178368,69,60,58,71,64,1,HOLD,0.63,8,False,live,STOCK,61,NEUTRAL,NASDAQ
2026-09-05T07:56:26.584096+09:00,2026-09-05,MAS,Masco Corporation,US,소재,2026-09-04,72.7,1992191,1837139.55,1.8017,14335524864,32,60,73,68,58,1,HOLD,0.21,3,False,live,STOCK,62,NEUTRAL,NYSE
2026-09-05T07:56:26.584096+09:00,2026-09-05,KKRS,KKR Group Finance Co. IX LLC 4.,US,금융,2026-09-04,16.1,32889,26189.45,0.1959,,28,60,58,50,44,0,AVOID,-0.28,-3,True,live,STOCK,40,NEUTRAL,NYSE
2026-09-05T07:56:26.584096+09:00,2026-09-05,AIZN,"Assurant, Inc. 5.25% Subordinat",US,금융,2026-09-04,18.14,11730,11121.5,0.2766,,20,60,55,50,40,0,AVOID,-0.47,-6,True,live,STOCK,40,NEUTRAL,NYSE
2026-09-05T07:56:26.584096+09:00,2026-09-05,CSL,Carlisle Companies Incorporated,US,소재,2026-09-04,352.14,400265,597198.25,11.1394,13984934912,43,60,60,58,47,0,HOLD,-0.1,-1,False,live,STOCK,22,NEUTRAL,NYSE
2026-09-05T07:56:26.584096+09:00,2026-09-05,DOC,"Healthpeak Properties, Inc.",US,리츠,2026-09-04,20.65,3054089,4293714.45,0.4064,14639760384,32,60,60,45,47,0,HOLD,-0.07,-1,False,live,STOCK,52,NEUTRAL,NYSE
2026-09-05T07:56:26.584096+09:00,2026-09-05,ECHO,EchoStar Corporation,US,인터넷,2026-09-04,89.8,2393141,2711147.05,2.4425,26086068224,55,65,48,62,52,0,HOLD,-0.15,-2,False,live,STOCK,44,NEUTRAL,NASDAQ
2026-09-05T07:56:26.584096+09:00,2026-09-05,BMNR,"Bitmine Immersion Technologies, Inc.",US,금융,2026-09-04,24.97,46256703,43319005.15,1.8735,15062561792,88,60,63,42,71,2,WATCH,1.09,13,False,live,STOCK,86,NEUTRAL,NYSE
2026-09-05T07:56:26.584096+09:00,2026-09-05,AIZ,"Assurant, Inc.",US,금융,2026-09-04,285.74,323666,317763.3,5.0407,14093772800,69,60,63,68,58,0,HOLD,0.47,6,False,live,STOCK,25,NEUTRAL,NYSE
2026-09-05T07:56:26.584096+09:00,2026-09-05,MLI,"Mueller Industries, Inc.",US,산업재,2026-09-04,63.74,828647,1145352.35,1.9951,14098102272,43,60,50,55,48,0,HOLD,-0.15,-2,False,live,STOCK,48,NEUTRAL,NYSE
2026-09-05T07:56:26.584096+09:00,2026-09-05,AEFC,Aegon Funding Company LLC,US,금융,2026-09-04,18.1,104457,70932.85,0.2542,,65,60,55,50,54,0,HOLD,0.16,2,False,live,STOCK,40,NEUTRAL,NYSE
2026-09-05T07:56:26.584096+09:00,2026-09-05,HTHT,H World Group Limited,US,소비재,2026-09-04,45.77,1249375,1714118.75,1.2361,14075364352,43,60,60,74,55,1,HOLD,0.13,2,False,live,STOCK,48,NEUTRAL,NASDAQ
2026-09-05T07:56:26.584096+09:00,2026-09-05,SMMT,Summit Therapeutics Inc.,US,제약/바이오,2026-09-04,17.605,6221179,6406733.95,0.9879,14044382208,62,65,71,42,66,2,WATCH,0.82,10,False,live,STOCK,87,NEUTRAL,NASDAQ
2026-09-05T07:56:26.584096+09:00,2026-09-05,MKC,"McCormick & Company, Incorporated",US,소매,2026-09-04,52.08,2804140,2394397.0,1.4893,14001788928,50,60,63,78,63,1,HOLD,0.48,6,False,live,STOCK,66,NEUTRAL,NYSE
2026-09-05T07:56:26.584096+09:00,2026-09-05,CHKP,Check Point Software Technologies Ltd.,US,IT,2026-09-04,137.05,749702,891195.1,4.43,13992892416,84,60,50,68,69,2,WATCH,0.79,9,False,live,STOCK,74,NEUTRAL,NASDAQ
2026-09-05T07:56:26.584096+09:00,2026-09-05,FIVE,"Five Below, Inc.",US,소비재,2026-09-04,252.2,1853243,1203942.15,11.1832,13945487360,73,60,68,58,66,1,HOLD,0.82,10,False,live,STOCK,61,NEUTRAL,NASDAQ
2026-09-05T07:56:26.584096+09:00,2026-09-05,TKO,"TKO Group Holdings, Inc.",US,인터넷,2026-09-04,186.01,987063,987258.15,5.1379,35206057984,40,65,53,43,50,1,HOLD,-0.1,-1,False,live,STOCK,70,NEUTRAL,NYSE
2026-09-05T07:56:26.584096+09:00,2026-09-05,CRL,Charles River Laboratories International,US,제약/바이오,2026-09-04,288.5,735576,895698.8,9.7057,13772664832,51,65,50,58,58,1,HOLD,0.45,5,False,live,STOCK,80,NEUTRAL,NYSE
2026-09-05T07:56:26.584096+09:00,2026-09-05,OHI,"Omega Healthcare Investors, Inc.",US,리츠,2026-09-04,46.38,1345235,1648126.75,0.7421,14628032512,54,60,63,55,52,0,HOLD,0.18,2,False,live,STOCK,32,NEUTRAL,NYSE
2026-09-05T07:56:26.584096+09:00,2026-09-05,HL,Hecla Mining Company,US,소재,2026-09-04,20.68,17864063,35968693.15,1.1763,13870331904,66,60,45,53,61,1,HOLD,0.64,8,False,live,STOCK,87,NEUTRAL,NYSE
2026-09-05T07:56:26.584096+09:00,2026-09-05,TRMB,Trimble Inc.,US,IT,2026-09-04,59.47,2681227,4072996.35,1.7114,13867205632,62,60,63,60,61,0,HOLD,0.54,6,False,live,STOCK,58,NEUTRAL,NASDAQ
2026-09-05T07:56:26.584096+09:00,2026-09-05,BWA,BorgWarner Inc.,US,소비재,2026-09-04,67.54,1422692,1886949.6,1.9538,13755625472,80,60,63,74,62,2,WATCH,0.31,4,False,live,STOCK,23,NEUTRAL,NYSE
2026-09-05T07:56:26.584096+09:00,2026-09-05,QXO,"QXO, Inc.",US,산업재,2026-09-04,13.35,12504024,14525226.2,0.5503,13850501120,28,60,63,42,39,0,AVOID,-0.62,-7,True,live,STOCK,17,NEUTRAL,NYSE
2026-09-05T07:56:26.584096+09:00,2026-09-05,CACI,CACI International Inc,US,IT,2026-09-04,623.61,205323,263661.15,17.2993,13781493760,51,60,55,53,57,1,HOLD,0.45,5,False,live,STOCK,75,NEUTRAL,NYSE
2026-09-05T07:56:26.584096+09:00,2026-09-05,SMTC,Semtech Corporation,US,반도체,2026-09-04,147.885,2727797,3163459.85,11.0443,13801459712,77,65,66,35,66,2,WATCH,0.6,7,False,live,STOCK,78,NEUTRAL,NASDAQ
2026-09-05T07:56:26.584096+09:00,2026-09-05,AEG,Aegon Ltd.,US,금융,2026-09-04,9.14,6596407,4275295.35,0.1408,13571937280,84,60,50,47,60,1,HOLD,0.67,8,False,live,STOCK,51,NEUTRAL,NYSE
2026-09-05T07:56:26.584096+09:00,2026-09-05,REG,Regency Centers Corporation,US,리츠,2026-09-04,75.26,884121,1058491.05,0.9457,14070514688,53,60,63,58,51,0,HOLD,-0.01,0,False,live,STOCK,23,NEUTRAL,NASDAQ
2026-09-05T07:56:26.584096+09:00,2026-09-05,RNR,RenaissanceRe Holdings Ltd.,US,금융,2026-09-04,330.38,293228,241726.4,6.03,13727913984,91,60,53,73,62,2,WATCH,0.69,8,False,live,STOCK,22,NEUTRAL,NYSE
2026-09-05T07:56:26.584096+09:00,2026-09-05,VIRT,"Virtu Financial, Inc.",US,금융,2026-09-04,64.43,924729,1538586.45,3.305,5689212928,95,60,63,70,76,3,BUY,1.19,14,False,live,STOCK,72,NEUTRAL,NYSE
2026-09-05T07:56:26.584096+09:00,2026-09-05,W,Wayfair Inc.,US,소비재,2026-09-04,99.43,1713844,2250712.2,4.5229,13124411392,51,60,50,45,49,0,HOLD,0.18,2,False,live,STOCK,48,NEUTRAL,NYSE
2026-09-05T07:56:26.584096+09:00,2026-09-05,XELLL,Xcel Energy Inc. 6.25% Junior Subordinat,US,유틸리티,2026-09-04,22.34,72603,67280.15,0.3055,,20,60,55,60,42,0,AVOID,-0.46,-6,True,live,STOCK,40,NEUTRAL,NASDAQ
2026-09-05T07:56:26.584096+09:00,2026-09-05,TXT,Textron Inc.,US,산업재,2026-09-04,79.07,2037514,1428595.7,1.6432,13749401600,20,60,63,76,45,1,HOLD,-0.54,-6,False,live,STOCK,26,NEUTRAL,NYSE
2026-09-05T07:56:26.584096+09:00,2026-09-05,GRAB,Grab Holdings Limited,US,IT,2026-09-04,3.42,25824423,31497256.15,0.1121,13992252416,31,60,50,66,52,1,HOLD,-0.03,0,False,live,STOCK,71,NEUTRAL,NASDAQ
2026-09-05T07:56:26.584096+09:00,2026-09-05,COO,"The Cooper Companies, Inc.",US,제약/바이오,2026-09-04,69.59,1956954,1647447.7,1.5107,13572179968,35,65,63,58,50,0,HOLD,-0.02,0,False,live,STOCK,45,NEUTRAL,NASDAQ
2026-09-05T07:56:26.584096+09:00,2026-09-05,EMBJ,Embraer S.A.,US,산업재,2026-09-04,73.81,831668,1346238.4,1.9671,13135096832,48,60,55,61,56,0,HOLD,0.35,4,False,live,STOCK,63,NEUTRAL,NYSE
2026-09-05T07:56:26.584096+09:00,2026-09-05,GL,Globe Life Inc.,US,금융,2026-09-04,174.27,224909,465360.45,3.5921,13392553984,32,60,50,78,50,1,HOLD,-0.02,0,False,live,STOCK,48,NEUTRAL,NYSE
2026-09-05T07:56:26.584096+09:00,2026-09-05,GWRE,"Guidewire Software, Inc.",US,IT,2026-09-04,162.42,4698014,1376235.7,10.8206,13522499584,54,60,50,35,54,1,HOLD,0.39,5,False,live,STOCK,77,NEUTRAL,NYSE
2026-09-05T07:56:26.584096+09:00,2026-09-05,LII,Lennox International Inc.,US,산업재,2026-09-04,390.53,443804,466015.2,10.6093,13496980480,37,60,63,60,46,0,HOLD,-0.42,-5,False,live,STOCK,20,NEUTRAL,NYSE
2026-09-05T07:56:26.584096+09:00,2026-09-05,RPM,RPM International Inc.,US,소재,2026-09-04,105.52,1196002,1573725.1,2.9786,13468889088,40,60,60,58,45,0,HOLD,-0.23,-3,False,live,STOCK,16,NEUTRAL,NYSE
2026-09-05T07:56:26.584096+09:00,2026-09-05,SJM,The J. M. Smucker Company,US,소매,2026-09-04,126.08,1110987,1328214.35,3.6743,13468267520,73,60,50,58,62,1,HOLD,0.67,8,False,live,STOCK,67,NEUTRAL,NYSE
2026-09-05T07:56:26.584096+09:00,2026-09-05,GDDY,GoDaddy Inc.,US,IT,2026-09-04,101.31,1609020,1787516.0,3.6721,12830679040,88,60,53,76,74,3,BUY,1.09,13,False,live,STOCK,83,NEUTRAL,NYSE
2026-09-05T07:56:26.584096+09:00,2026-09-05,AVY,Avery Dennison Corporation,US,소비재,2026-09-04,175.06,753219,1052585.95,4.682,13390406656,47,60,55,58,47,0,HOLD,0.04,0,False,live,STOCK,22,NEUTRAL,NYSE
2026-09-05T07:56:26.584096+09:00,2026-09-05,BNT,Brookfield Wealth Solutions Ltd.,US,금융,2026-09-04,40.24,4360,12553.0,0.615,11040811008,17,60,53,60,41,0,AVOID,-0.58,-7,True,live,STOCK,40,NEUTRAL,NYSE
2026-09-05T07:56:26.584096+09:00,2026-09-05,ALLE,Allegion plc,US,산업재,2026-09-04,157.12,746263,1374998.15,3.8436,13360978944,48,60,45,58,50,0,HOLD,0.15,2,False,live,STOCK,51,NEUTRAL,NYSE
2026-09-05T07:56:26.584096+09:00,2026-09-05,BAX,Baxter International Inc.,US,제약/바이오,2026-09-04,25.83,3414998,5166479.9,0.7134,13354006528,51,65,66,63,60,0,HOLD,0.5,6,False,live,STOCK,61,NEUTRAL,NYSE
2026-09-05T07:56:26.584096+09:00,2026-09-05,ONTO,Onto Innovation Inc.,US,반도체,2026-09-04,268.01,721594,948869.7,17.1685,16381692928,32,65,63,51,45,0,HOLD,-0.24,-3,False,live,STOCK,33,NEUTRAL,NYSE
2026-09-05T07:56:26.584096+09:00,2026-09-05,ALLY,Ally Financial Inc.,US,금융,2026-09-04,43.73,1560338,2852201.9,0.8524,13302651904,65,60,63,96,73,2,WATCH,0.74,9,False,live,STOCK,76,NEUTRAL,NYSE
2026-09-05T07:56:26.584096+09:00,2026-09-05,TOL,"Toll Brothers, Inc.",US,소비재,2026-09-04,141.73,560943,880137.15,4.2363,13059993600,31,60,60,78,54,1,HOLD,0.02,0,False,live,STOCK,55,NEUTRAL,NYSE
2026-09-05T07:56:26.584096+09:00,2026-09-05,SEIC,SEI Investments Company,US,금융,2026-09-04,110.39,584844,610322.2,1.7168,13248917504,73,60,45,50,62,2,WATCH,0.7,8,False,live,STOCK,83,NEUTRAL,NASDAQ
2026-09-05T07:56:26.584096+09:00,2026-09-05,DTM,"DT Midstream, Inc.",US,에너지,2026-09-04,129.52,554366,994718.3,3.7546,13213021184,47,60,65,50,51,0,HOLD,-0.09,-1,False,live,STOCK,36,NEUTRAL,NYSE
2026-09-05T07:56:26.584096+09:00,2026-09-05,AA,Alcoa Corporation,US,소재,2026-09-04,49.97,2797427,4656141.35,2.2229,13187555328,55,60,50,73,56,1,HOLD,-0.07,-1,False,live,STOCK,47,NEUTRAL,NYSE
2026-09-05T07:56:26.584096+09:00,2026-09-05,DOCN,"DigitalOcean Holdings, Inc.",US,IT,2026-09-04,112.47,1505133,2109246.65,7.3959,13148653568,15,60,63,26,36,0,AVOID,-0.72,-9,True,live,STOCK,38,NEUTRAL,NYSE
2026-09-05T07:56:26.584096+09:00,2026-09-05,UHAL,U-Haul Holding Company,US,산업재,2026-09-04,67.19,134039,142001.95,1.6009,13061299200,39,60,63,35,46,0,HOLD,0.05,1,False,live,STOCK,42,NEUTRAL,NYSE
2026-09-05T07:56:26.584096+09:00,2026-09-05,CNA,CNA Financial Corporation,US,금융,2026-09-04,48.47,309937,343851.85,0.9571,13116026880,32,60,60,86,53,1,HOLD,0.1,1,False,live,STOCK,42,NEUTRAL,NYSE
2026-09-05T07:56:26.584096+09:00,2026-09-05,BIPI,BIP Bermuda Holdings I Limited,US,산업재,2026-09-04,16.47,29283,15664.15,0.1939,,43,60,55,50,47,0,HOLD,-0.09,-1,False,live,STOCK,40,NEUTRAL,NYSE
2026-09-05T07:56:26.584096+09:00,2026-09-05,QNT,Quantinuum Inc. Class A Common Stock,US,IT,2026-09-04,49.65,1066805,1597240.25,3.035,13073249280,17,60,65,58,44,0,AVOID,-0.54,-6,True,live,STOCK,41,NEUTRAL,NASDAQ
2026-09-05T07:56:26.584096+09:00,2026-09-05,HALO,"Halozyme Therapeutics, Inc.",US,제약/바이오,2026-09-04,110.19,956336,1987001.8,2.5535,12506344448,73,65,50,50,64,2,WATCH,0.78,9,False,live,STOCK,87,NEUTRAL,NASDAQ
2026-09-05T07:56:26.584096+09:00,2026-09-05,DOCU,"DocuSign, Inc.",US,IT,2026-09-04,68.41,7930434,3379891.7,2.6146,13062520832,82,60,50,66,68,2,WATCH,0.88,11,False,live,STOCK,75,NEUTRAL,NASDAQ
2026-09-05T07:56:26.584096+09:00,2026-09-05,HAS,"Hasbro, Inc.",US,소비재,2026-09-04,92.53,1118457,1437052.85,1.9778,13050844160,50,60,45,60,53,0,HOLD,0.21,3,False,live,STOCK,61,NEUTRAL,NASDAQ
2026-09-05T07:56:26.584096+09:00,2026-09-05,TTMI,"TTM Technologies, Inc.",US,IT,2026-09-04,125.6,2316239,2409721.95,8.1429,13231816704,52,60,56,50,48,0,HOLD,-0.25,-3,False,live,STOCK,30,NEUTRAL,NASDAQ
2026-09-05T07:56:26.584096+09:00,2026-09-05,SREA,Sempra,US,유틸리티,2026-09-04,19.94,30860,60358.0,0.1944,,20,60,58,50,41,0,AVOID,-0.45,-5,True,live,STOCK,40,NEUTRAL,NYSE
2026-09-05T07:56:26.584096+09:00,2026-09-05,WSO,"Watsco, Inc.",US,산업재,2026-09-04,315.13,279680,488199.0,9.4593,12999803904,65,60,63,50,55,0,HOLD,0.05,1,False,live,STOCK,35,NEUTRAL,NYSE
2026-09-05T07:56:26.584096+09:00,2026-09-05,MAIR,Madison Air Solutions Corporation,US,산업재,2026-09-04,25.9,1511351,2895472.55,1.6393,12994615296,37,60,70,43,45,1,HOLD,-0.41,-5,False,live,STOCK,20,NEUTRAL,NYSE
2026-09-05T07:56:26.584096+09:00,2026-09-05,PINS,"Pinterest, Inc.",US,인터넷,2026-09-04,20.4,10011450,9924922.5,0.7839,11427209216,20,65,48,66,45,0,HOLD,-0.43,-5,False,live,STOCK,58,NEUTRAL,NYSE
2026-09-05T07:56:26.584096+09:00,2026-09-05,CHYM,"Chime Financial, Inc. Class A Common Sto",US,IT,2026-09-04,33.76,2886433,7367696.65,1.3308,12781033472,73,60,55,62,68,2,WATCH,0.87,10,False,live,STOCK,86,NEUTRAL,NASDAQ
2026-09-05T07:56:26.584096+09:00,2026-09-05,BMRN,BioMarin Pharmaceutical Inc.,US,제약/바이오,2026-09-04,66.53,2299149,2141567.45,1.68,12878461952,47,65,66,51,58,1,HOLD,0.48,6,False,live,STOCK,72,NEUTRAL,NASDAQ
2026-09-05T07:56:26.584096+09:00,2026-09-05,IESC,"IES Holdings, Inc.",US,산업재,2026-09-04,322.57,386372,211023.6,50.9614,12853999616,7,60,45,42,36,0,AVOID,-0.82,-10,True,live,STOCK,59,NEUTRAL,NASDAQ
2026-09-05T07:56:26.584096+09:00,2026-09-05,NXT,Nextpower Inc.,US,에너지,2026-09-04,84.5,1745203,1944485.15,3.9608,12982440960,7,60,43,53,29,0,AVOID,-1.1,-13,True,live,STOCK,17,NEUTRAL,NASDAQ
2026-09-05T07:56:26.584096+09:00,2026-09-05,WSE,Wise Group plc Class A Ordinary Shares,US,IT,2026-09-04,12.78,1264050,1030862.5,0.3486,12572061696,47,60,75,45,55,1,HOLD,0.37,4,False,live,STOCK,45,NEUTRAL,NASDAQ
2026-09-05T07:56:26.584096+09:00,2026-09-05,TME,Tencent Music Entertainment Group,US,인터넷,2026-09-04,8.26,4392361,12305668.05,0.2443,13461860352,25,65,58,78,56,2,HOLD,-0.08,-1,False,live,STOCK,79,NEUTRAL,NYSE
2026-09-05T07:56:26.584096+09:00,2026-09-05,PEN,"Penumbra, Inc.",US,제약/바이오,2026-09-04,322.17,174064,257453.2,2.3821,12690091008,40,65,55,30,45,0,HOLD,-0.14,-2,False,live,STOCK,51,NEUTRAL,NYSE
2026-09-05T07:56:26.584096+09:00,2026-09-05,HUBS,"HubSpot, Inc.",US,IT,2026-09-04,247.6,697520,1410736.0,12.5181,12346871808,84,60,55,59,72,2,WATCH,1.04,12,False,live,STOCK,90,NEUTRAL,NYSE
2026-09-05T07:56:26.584096+09:00,2026-09-05,HMY,Harmony Gold Mining Company Limited,US,소재,2026-09-04,20.27,3223205,3913435.25,1.0725,12668292096,51,60,50,86,61,1,HOLD,0.45,5,False,live,STOCK,66,NEUTRAL,NYSE
2026-09-05T07:56:26.584096+09:00,2026-09-05,ICLR,ICON Public Limited Company,US,제약/바이오,2026-09-04,164.85,795909,548750.45,6.2764,12718871552,32,65,50,51,48,0,HOLD,-0.01,0,False,live,STOCK,68,NEUTRAL,NASDAQ
2026-09-05T07:56:26.584096+09:00,2026-09-05,GGG,Graco Inc.,US,산업재,2026-09-04,77.88,1333243,2501522.15,1.7507,12612963328,44,60,63,50,45,0,HOLD,-0.11,-1,False,live,STOCK,16,NEUTRAL,NYSE
2026-09-05T07:56:26.584096+09:00,2026-09-05,CCK,"Crown Holdings, Inc.",US,소비재,2026-09-04,115.16,517617,745710.85,2.2618,12524861440,54,60,60,84,62,1,HOLD,0.51,6,False,live,STOCK,54,NEUTRAL,NYSE
2026-09-05T07:56:26.584096+09:00,2026-09-05,CSGP,"CoStar Group, Inc.",US,리츠,2026-09-04,30.91,3875257,6605557.85,1.3174,12524657664,46,60,63,51,47,0,HOLD,-0.23,-3,False,live,STOCK,20,NEUTRAL,NASDAQ
2026-09-05T07:56:26.584096+09:00,2026-09-05,MDGL,"Madrigal Pharmaceuticals, Inc.",US,제약/바이오,2026-09-04,541.08,177162,241028.1,17.5439,12501180416,76,65,50,26,53,1,HOLD,0.49,6,False,live,STOCK,52,NEUTRAL,NASDAQ
2026-09-05T07:56:26.584096+09:00,2026-09-05,LI,Li Auto Inc.,US,소비재,2026-09-04,12.37,2728084,2760799.2,0.3554,12092219392,28,60,55,47,41,0,AVOID,-0.58,-7,True,live,STOCK,33,NEUTRAL,NASDAQ
2026-09-05T07:56:26.584096+09:00,2026-09-05,IT,"Gartner, Inc.",US,IT,2026-09-04,186.42,767677,1230568.85,8.0557,11772231680,54,60,45,84,62,2,WATCH,0.51,6,False,live,STOCK,77,NEUTRAL,NYSE
2026-09-05T07:56:26.584096+09:00,2026-09-05,MANH,"Manhattan Associates, Inc.",US,IT,2026-09-04,213.77,394102,748065.1,7.1566,12463854592,73,60,50,35,62,2,WATCH,0.77,9,False,live,STOCK,93,NEUTRAL,NASDAQ
2026-09-05T07:56:26.584096+09:00,2026-09-05,TXRH,"Texas Roadhouse, Inc.",US,소비재,2026-09-04,189.555,471232,690596.6,4.1599,12442565632,39,60,53,42,40,0,AVOID,-0.19,-2,True,live,STOCK,19,NEUTRAL,NASDAQ
2026-09-05T07:56:26.584096+09:00,2026-09-05,AUR,"Aurora Innovation, Inc.",US,IT,2026-09-04,6.34,20068009,30060335.45,0.3854,12706344960,65,60,50,50,60,1,HOLD,0.41,5,False,live,STOCK,76,NEUTRAL,NASDAQ
2026-09-05T07:56:26.584096+09:00,2026-09-05,SF,Stifel Financial Corp,US,금융,2026-09-04,81.49,641218,960685.9,1.835,12305130496,47,60,52,76,56,1,HOLD,0.3,4,False,live,STOCK,54,NEUTRAL,NYSE
2026-09-05T07:56:26.584096+09:00,2026-09-05,FNF,"Fidelity National Financial, Inc.",US,금융,2026-09-04,45.78,2660162,1638903.1,0.9993,12277867520,20,60,63,84,47,1,HOLD,-0.35,-4,False,live,STOCK,26,NEUTRAL,NYSE
2026-09-05T07:56:26.584096+09:00,2026-09-05,ELAN,Elanco Animal Health Incorporated,US,제약/바이오,2026-09-04,24.5,3718004,6254800.2,0.7621,12240734208,72,65,72,53,71,3,BUY,0.84,10,False,live,STOCK,85,NEUTRAL,NYSE
2026-09-05T07:56:26.584096+09:00,2026-09-05,AGNC,AGNC Investment Corp.,US,리츠,2026-09-04,10.65,15996790,14554639.5,0.1475,12625377280,50,60,60,65,56,0,HOLD,0.26,3,False,live,STOCK,48,NEUTRAL,NASDAQ
2026-09-05T07:56:26.584096+09:00,2026-09-05,HBM,Hudbay Minerals Inc.,US,소재,2026-09-04,27.43,1781153,4328937.65,1.3756,12182891520,47,60,60,60,56,0,HOLD,0.24,3,False,live,STOCK,61,NEUTRAL,NYSE
2026-09-05T07:56:26.584096+09:00,2026-09-05,FMS,Fresenius Medical Care AG & Co. KGaA,US,제약/바이오,2026-09-04,22.66,480309,653785.45,0.3486,12060090368,28,65,58,100,50,1,HOLD,-0.18,-2,False,live,STOCK,23,NEUTRAL,NYSE
2026-09-05T07:56:26.584096+09:00,2026-09-05,ARWR,"Arrowhead Pharmaceuticals, Inc.",US,제약/바이오,2026-09-04,86.34,738706,1091905.3,2.9537,12161595392,47,65,60,42,50,0,HOLD,0.21,3,False,live,STOCK,46,NEUTRAL,NASDAQ
2026-09-05T07:56:26.584096+09:00,2026-09-05,WTS,"Watts Water Technologies, Inc.",US,산업재,2026-09-04,363.13,262014,180155.7,8.4271,12122387456,44,60,73,45,46,1,HOLD,0.06,1,False,live,STOCK,10,NEUTRAL,NYSE
2026-09-05T07:56:26.584096+09:00,2026-09-05,SNN,Smith & Nephew plc,US,제약/바이오,2026-09-04,28.87,851034,1632146.7,0.5671,12082279424,25,65,60,58,42,0,AVOID,-0.47,-6,True,live,STOCK,23,NEUTRAL,NYSE
2026-09-05T07:56:26.584096+09:00,2026-09-05,AR,Antero Resources Corporation,US,에너지,2026-09-04,39.41,2656564,3481378.2,0.9703,12116170752,69,60,55,78,67,1,HOLD,0.7,8,False,live,STOCK,69,NEUTRAL,NYSE
2026-09-05T07:56:26.584096+09:00,2026-09-05,ELS,"Equity LifeStyle Properties, Inc.",US,리츠,2026-09-04,62.42,841394,1231804.7,0.9111,12507960320,20,60,55,45,41,0,AVOID,-0.37,-4,True,live,STOCK,48,NEUTRAL,NYSE
2026-09-05T07:56:26.584096+09:00,2026-09-05,EHC,Encompass Health Corporation,US,제약/바이오,2026-09-04,121.79,507474,876668.7,2.2554,12014995456,51,65,45,58,53,0,HOLD,0.27,3,False,live,STOCK,61,NEUTRAL,NYSE
2026-09-05T07:56:26.584096+09:00,2026-09-05,CORT,Corcept Therapeutics Incorporated,US,제약/바이오,2026-09-04,111.62,601516,809610.8,4.4279,12065943552,48,65,63,43,56,0,HOLD,0.42,5,False,live,STOCK,69,NEUTRAL,NASDAQ
2026-09-05T07:56:26.584096+09:00,2026-09-05,AIT,"Applied Industrial Technologies, Inc.",US,산업재,2026-09-04,325.57,195257,288957.85,8.1671,11948046336,32,60,60,50,47,0,HOLD,-0.11,-1,False,live,STOCK,48,NEUTRAL,NYSE
2026-09-05T07:56:26.584096+09:00,2026-09-05,CART,Maplebear Inc.,US,IT,2026-09-04,51.07,2565216,3709005.8,1.5064,11822707712,73,60,50,66,66,2,WATCH,0.77,9,False,live,STOCK,78,NEUTRAL,NASDAQ
2026-09-05T07:56:26.584096+09:00,2026-09-05,RTO,Rentokil Initial plc,US,산업재,2026-09-04,23.83,2373973,1397138.65,0.4163,11992398848,62,60,55,74,59,1,HOLD,0.08,1,False,live,STOCK,46,NEUTRAL,NYSE
2026-09-05T07:56:26.584096+09:00,2026-09-05,BTSG,"BrightSpring Health Services, Inc. Commo",US,제약/바이오,2026-09-04,60.73,1702855,2264137.75,2.1723,12016294912,65,65,50,58,50,0,HOLD,0.04,0,False,live,STOCK,17,NEUTRAL,NASDAQ
2026-09-05T07:56:26.584096+09:00,2026-09-05,DKNG,DraftKings Inc.,US,소비재,2026-09-04,24.01,7975905,9643615.25,1.2003,11919861760,43,60,60,60,56,0,HOLD,0.13,2,False,live,STOCK,68,NEUTRAL,NASDAQ
2026-09-05T07:56:26.584096+09:00,2026-09-05,BJ,"BJ's Wholesale Club Holdings, Inc.",US,소매,2026-09-04,93.19,1223892,1992119.6,2.8731,11771266048,43,60,50,50,46,0,HOLD,-0.15,-2,False,live,STOCK,40,NEUTRAL,NYSE
2026-09-05T07:56:26.584096+09:00,2026-09-05,DKS,"DICK'S Sporting Goods, Inc.",US,소비재,2026-09-04,139.15,2190780,5216739.0,10.2649,12454277120,7,60,75,68,44,1,AVOID,-0.62,-7,True,live,STOCK,29,NEUTRAL,NYSE
2026-09-05T07:56:26.584096+09:00,2026-09-05,GLPI,"Gaming and Leisure Properties, Inc.",US,리츠,2026-09-04,41.92,2552222,4067481.1,0.7827,12555059200,31,60,60,60,46,0,HOLD,-0.34,-4,False,live,STOCK,36,NEUTRAL,NASDAQ
2026-09-05T07:56:26.584096+09:00,2026-09-05,AMKR,"Amkor Technology, Inc.",US,반도체,2026-09-04,47.77,4135088,4210324.4,2.8666,11840870400,29,65,50,58,40,0,AVOID,-0.66,-8,True,live,STOCK,23,NEUTRAL,NASDAQ
2026-09-05T07:56:26.584096+09:00,2026-09-05,AFG,"American Financial Group, Inc.",US,금융,2026-09-04,142.72,166226,300951.3,2.3146,11834551296,44,60,53,60,55,0,HOLD,0.24,3,False,live,STOCK,69,NEUTRAL,NYSE
2026-09-05T07:56:26.584096+09:00,2026-09-05,HRL,Hormel Foods Corporation,US,소매,2026-09-04,21.54,3777744,5434142.2,0.5786,11854556160,20,60,58,66,43,0,AVOID,-0.51,-6,True,live,STOCK,32,NEUTRAL,NYSE
2026-09-05T07:56:26.584096+09:00,2026-09-05,IAG,Iamgold Corporation,US,소재,2026-09-04,20.48,2136105,5388185.25,0.9886,11694080000,66,60,60,73,68,2,WATCH,0.8,10,False,live,STOCK,77,NEUTRAL,NYSE
2026-09-05T07:56:26.584096+09:00,2026-09-05,FHN,First Horizon Corporation,US,금융,2026-09-04,24.94,3716889,4210239.45,0.4543,11816002560,47,60,55,70,59,2,HOLD,0.27,3,False,live,STOCK,70,NEUTRAL,NYSE
2026-09-05T07:56:26.584096+09:00,2026-09-05,MICC,The Magnum Ice Cream Company N.V.,US,소매,2026-09-04,19.32,914190,749659.5,0.4191,11754500096,47,60,63,50,56,0,HOLD,0.37,4,False,live,STOCK,63,NEUTRAL,NYSE
2026-09-05T07:56:26.584096+09:00,2026-09-05,WTRG,"Essential Utilities, Inc.",US,유틸리티,2026-09-04,41.7,3189432,2099486.6,0.8064,11833567232,91,60,63,37,68,2,WATCH,1.01,12,False,live,STOCK,71,NEUTRAL,NYSE
2026-09-05T07:56:26.584096+09:00,2026-09-05,NVMI,Nova Ltd.,US,반도체,2026-09-04,372.1,700409,466830.45,17.5757,11835072512,37,65,40,42,38,0,AVOID,-0.66,-8,True,live,STOCK,30,NEUTRAL,NASDAQ
2026-09-05T07:56:26.584096+09:00,2026-09-05,CR,Crane Company,US,산업재,2026-09-04,204.69,342689,383609.45,5.9735,11831154688,29,60,63,58,44,0,AVOID,-0.21,-3,True,live,STOCK,26,NEUTRAL,NYSE
2026-09-05T07:56:26.584096+09:00,2026-09-05,PNW,Pinnacle West Capital Corporation,US,유틸리티,2026-09-04,97.52,481769,948633.45,1.493,11819153408,39,60,63,37,45,0,HOLD,-0.22,-3,False,live,STOCK,33,NEUTRAL,NYSE
2026-09-05T07:56:26.584096+09:00,2026-09-05,DVA,DaVita Inc.,US,제약/바이오,2026-09-04,183.99,449420,641621.0,4.2586,11809398784,69,65,53,84,61,1,HOLD,0.26,3,False,live,STOCK,36,NEUTRAL,NYSE
2026-09-05T07:56:26.584096+09:00,2026-09-05,PSKY,Paramount Skydance Corporation Class B C,US,인터넷,2026-09-04,10.86,8415226,10098991.3,0.41,12154219520,84,65,63,59,74,2,WATCH,0.99,12,False,live,STOCK,90,NEUTRAL,NASDAQ
2026-09-05T07:56:26.584096+09:00,2026-09-05,JKHY,"Jack Henry & Associates, Inc.",US,IT,2026-09-04,165.64,691824,942116.2,5.2332,11613452288,56,60,63,50,61,1,HOLD,0.6,7,False,live,STOCK,75,NEUTRAL,NASDAQ
2026-09-05T07:56:26.584096+09:00,2026-09-05,FIG,"Figma, Inc.",US,IT,2026-09-04,24.12,16420004,15353910.2,1.6693,12856198144,50,60,50,30,48,0,HOLD,0.2,2,False,live,STOCK,61,NEUTRAL,NYSE
2026-09-05T07:56:26.584096+09:00,2026-09-05,KNX,Knight-Swift Transportation Holdings Inc,US,산업재,2026-09-04,71.99,3760340,2828637.0,2.4257,11716803584,65,60,63,51,57,0,HOLD,0.14,2,False,live,STOCK,40,NEUTRAL,NYSE
2026-09-05T07:56:26.584096+09:00,2026-09-05,UDR,"UDR, Inc.",US,리츠,2026-09-04,36.38,2278236,2554956.8,0.5571,13479359488,28,60,60,53,40,0,AVOID,-0.49,-6,True,live,STOCK,17,NEUTRAL,NYSE
2026-09-05T07:56:26.584096+09:00,2026-09-05,DECK,Deckers Outdoor Corporation,US,소비재,2026-09-04,85.81,2653388,2665459.4,2.4657,11685765120,18,60,63,68,44,0,AVOID,-0.57,-7,True,live,STOCK,33,NEUTRAL,NYSE
2026-09-05T07:56:26.584096+09:00,2026-09-05,ERIE,Erie Indemnity Company,US,금융,2026-09-04,252.8,169957,315102.85,8.5707,13218878464,47,60,60,58,55,0,HOLD,0.33,4,False,live,STOCK,58,NEUTRAL,NASDAQ
2026-09-05T07:56:26.584096+09:00,2026-09-05,AMH,American Homes 4 Rent,US,리츠,2026-09-04,32.47,1973519,1895945.95,0.4836,13311141888,43,60,75,58,51,1,HOLD,-0.02,0,False,live,STOCK,19,NEUTRAL,NYSE
2026-09-05T07:56:26.584096+09:00,2026-09-05,PAYP,PayPay Corporation,US,IT,2026-09-04,17.04,1500488,709664.4,0.7068,11538519040,73,60,50,68,57,1,HOLD,0.44,5,False,live,STOCK,34,NEUTRAL,NASDAQ
2026-09-05T07:56:26.584096+09:00,2026-09-05,EVR,Evercore Inc.,US,금융,2026-09-04,297.92,294416,507960.8,8.5466,11457341440,65,60,63,68,57,0,HOLD,0.08,1,False,live,STOCK,26,NEUTRAL,NYSE
2026-09-05T07:56:26.584096+09:00,2026-09-05,LULU,Lululemon Athletica Inc.,US,소비재,2026-09-04,100.61,37193682,6023109.1,6.0971,11424659456,43,60,65,86,57,1,HOLD,-0.1,-1,False,live,STOCK,37,NEUTRAL,NASDAQ
2026-09-05T07:56:26.584096+09:00,2026-09-05,APC,ARKO Petroleum Corp. Class A Common Stoc,US,에너지,2026-09-04,18.99,147335,186161.75,0.4779,1568008576,65,60,50,58,63,1,HOLD,0.47,6,False,live,STOCK,85,NEUTRAL,NASDAQ
2026-09-05T07:56:26.584096+09:00,2026-09-05,TX,Ternium S.A.,US,소재,2026-09-04,58.0,496178,598998.9,1.785,11385845760,82,60,60,78,73,3,BUY,1.0,12,False,live,STOCK,72,NEUTRAL,NYSE
2026-09-05T07:56:26.584096+09:00,2026-09-05,ALGN,"Align Technology, Inc.",US,제약/바이오,2026-09-04,158.635,990515,803710.75,5.4062,11269406720,25,65,63,74,55,2,HOLD,-0.09,-1,False,live,STOCK,70,NEUTRAL,NASDAQ
2026-09-05T07:56:26.584096+09:00,2026-09-05,TECH,Bio-Techne Corporation,US,제약/바이오,2026-09-04,72.43,1856146,2410537.3,0.1849,11358345216,66,65,73,43,59,1,HOLD,0.61,7,False,live,STOCK,45,NEUTRAL,NASDAQ
2026-09-05T07:56:26.584096+09:00,2026-09-05,SUZ,Suzano S.A.,US,소재,2026-09-04,9.17,2111213,3887430.65,0.2513,11293411328,69,60,50,70,63,1,HOLD,0.63,8,False,live,STOCK,67,NEUTRAL,NYSE
2026-09-05T07:56:26.584096+09:00,2026-09-05,TEM,"Tempus AI, Inc.",US,제약/바이오,2026-09-04,64.62,4550841,7767137.05,5.7707,11659694080,66,65,50,42,58,1,HOLD,0.56,7,False,live,STOCK,74,NEUTRAL,NASDAQ
2026-09-05T07:56:26.584096+09:00,2026-09-05,AHR,"American Healthcare REIT, Inc.",US,리츠,2026-09-04,54.72,2137383,3111654.15,1.1082,11928892416,51,60,58,43,56,1,HOLD,0.45,5,False,live,STOCK,75,NEUTRAL,NYSE
2026-09-05T07:56:26.584096+09:00,2026-09-05,DPZ,"Domino's Pizza, Inc.",US,소비재,2026-09-04,341.08,633462,813668.1,11.325,11283518464,47,60,50,50,50,0,HOLD,0.11,1,False,live,STOCK,54,NEUTRAL,NASDAQ
2026-09-05T07:56:26.584096+09:00,2026-09-05,TFII,TFI International Inc.,US,산업재,2026-09-04,137.11,216223,208711.15,4.3786,11269486592,15,60,63,66,45,0,HOLD,-0.56,-7,False,live,STOCK,41,NEUTRAL,NYSE
2026-09-05T07:56:26.584096+09:00,2026-09-05,HII,"Huntington Ingalls Industries, Inc.",US,산업재,2026-09-04,285.93,311146,393082.3,7.3833,11266957312,35,60,55,60,43,0,AVOID,-0.36,-4,True,live,STOCK,19,NEUTRAL,NYSE
2026-09-05T07:56:26.584096+09:00,2026-09-05,CLX,The Clorox Company,US,소매,2026-09-04,93.06,2202858,2880482.9,2.8506,11253838848,35,60,60,50,48,0,HOLD,-0.15,-2,False,live,STOCK,45,NEUTRAL,NYSE
2026-09-05T07:56:26.584096+09:00,2026-09-05,AEIS,"Advanced Energy Industries, Inc.",US,IT,2026-09-04,280.9,370045,496237.25,15.6605,11250168832,17,60,50,50,36,0,AVOID,-0.71,-9,True,live,STOCK,30,NEUTRAL,NASDAQ
2026-09-05T07:56:26.584096+09:00,2026-09-05,JEF,Jefferies Financial Group Inc.,US,금융,2026-09-04,55.23,1767715,1704665.75,1.5229,11233340416,72,60,60,68,61,1,HOLD,0.35,4,False,live,STOCK,39,NEUTRAL,NYSE
2026-09-05T07:56:26.584096+09:00,2026-09-05,SCI,Service Corporation International,US,소비재,2026-09-04,82.21,844278,683093.9,1.5161,11204531200,47,60,48,50,49,0,HOLD,0.14,2,False,live,STOCK,51,NEUTRAL,NYSE
2026-09-05T07:56:26.584096+09:00,2026-09-05,EGO,Eldorado Gold Corporation,US,소재,2026-09-04,43.02,1516858,2824972.9,2.1434,11220061184,73,60,60,55,60,1,HOLD,0.6,7,False,live,STOCK,43,NEUTRAL,NYSE
2026-09-05T07:56:26.584096+09:00,2026-09-05,OC,Owens Corning,US,소재,2026-09-04,138.72,1421300,833445.0,4.4461,10965633024,36,60,60,78,49,1,HOLD,0.03,0,False,live,STOCK,25,NEUTRAL,NYSE
2026-09-05T07:56:26.584096+09:00,2026-09-05,SWKS,"Skyworks Solutions, Inc.",US,반도체,2026-09-04,74.02,4795307,5512590.35,3.0443,11133048832,84,65,66,53,68,1,HOLD,0.71,9,False,live,STOCK,62,NEUTRAL,NASDAQ
2026-09-05T07:56:26.584096+09:00,2026-09-05,ARW,"Arrow Electronics, Inc.",US,IT,2026-09-04,215.97,458062,536068.1,7.0707,10994044928,65,60,60,84,67,1,HOLD,0.5,6,False,live,STOCK,62,NEUTRAL,NYSE
2026-09-05T07:56:26.584096+09:00,2026-09-05,ENLT,Enlight Renewable Energy Ltd,US,유틸리티,2026-09-04,78.92,110152,153447.6,2.5568,11035327488,18,60,50,35,31,0,AVOID,-0.91,-11,True,live,STOCK,20,NEUTRAL,NASDAQ
2026-09-05T07:56:26.584096+09:00,2026-09-05,GNRC,Generac Holdings Inc.,US,산업재,2026-09-04,187.35,605487,962654.35,8.2254,11054706688,7,60,50,58,34,0,AVOID,-0.93,-11,True,live,STOCK,27,NEUTRAL,NYSE
2026-09-05T07:56:26.584096+09:00,2026-09-05,BPOP,"Popular, Inc.",US,금융,2026-09-04,171.32,637452,430242.6,3.2486,10926532608,44,60,53,70,53,1,HOLD,0.16,2,False,live,STOCK,48,NEUTRAL,NASDAQ
2026-09-05T07:56:26.584096+09:00,2026-09-05,NYT,The New York Times Company,US,인터넷,2026-09-04,67.28,2014687,1723594.35,1.4254,10851159040,72,65,63,53,60,1,HOLD,0.32,4,False,live,STOCK,47,NEUTRAL,NYSE
2026-09-05T07:56:26.584096+09:00,2026-09-05,UMBF,UMB Financial Corporation,US,금융,2026-09-04,143.76,400240,472787.0,3.0243,10918576128,44,60,50,70,54,1,HOLD,0.22,3,False,live,STOCK,61,NEUTRAL,NASDAQ
2026-09-05T07:56:26.584096+09:00,2026-09-05,ALSN,"Allison Transmission Holdings, Inc.",US,소비재,2026-09-04,131.24,528531,733161.55,4.2809,10837542912,69,60,50,66,57,0,HOLD,0.43,5,False,live,STOCK,39,NEUTRAL,NYSE
2026-09-05T07:56:26.584096+09:00,2026-09-05,RRX,Regal Rexnord Corporation,US,산업재,2026-09-04,162.86,872266,1220983.3,5.4169,10845151232,37,60,63,58,46,0,HOLD,-0.43,-5,False,live,STOCK,20,NEUTRAL,NYSE
2026-09-05T07:56:26.584096+09:00,2026-09-05,PAC,"Grupo Aeroportuario del Pacífico, S.A.B.",US,산업재,2026-09-04,208.17,68429,114566.45,5.6554,12386493440,50,60,50,50,46,0,HOLD,-0.24,-3,False,live,STOCK,30,NEUTRAL,NYSE
2026-09-05T07:56:26.584096+09:00,2026-09-05,BXP,"BXP, Inc.",US,리츠,2026-09-04,67.69,848359,1157547.95,1.6093,12243593216,32,60,63,58,51,0,HOLD,0.02,0,False,live,STOCK,54,NEUTRAL,NYSE
2026-09-05T07:56:26.584096+09:00,2026-09-05,FDS,FactSet Research Systems Inc.,US,금융,2026-09-04,301.96,633262,786178.1,11.4367,10739371008,73,60,55,66,65,1,HOLD,0.76,9,False,live,STOCK,69,NEUTRAL,NYSE
2026-09-05T07:56:26.584096+09:00,2026-09-05,AM,Antero Midstream Corporation,US,에너지,2026-09-04,22.6,2042870,2231138.5,0.4959,10727631872,91,60,60,58,64,1,HOLD,0.71,9,False,live,STOCK,37,NEUTRAL,NYSE
2026-09-05T07:56:26.584096+09:00,2026-09-05,EGP,"EastGroup Properties, Inc.",US,리츠,2026-09-04,198.62,413452,350207.6,2.615,10680456192,20,60,63,45,42,0,AVOID,-0.35,-4,True,live,STOCK,41,NEUTRAL,NYSE
2026-09-05T07:56:26.584096+09:00,2026-09-05,SAIL,"SailPoint, Inc.",US,IT,2026-09-04,18.82,1899934,3174216.7,1.1055,10674383872,47,60,60,42,53,0,HOLD,0.2,2,False,live,STOCK,61,NEUTRAL,NASDAQ
2026-09-05T07:56:26.584096+09:00,2026-09-05,LFUS,"Littelfuse, Inc.",US,IT,2026-09-04,419.07,98017,205200.85,15.8076,10643853312,32,60,45,50,38,0,AVOID,-0.62,-7,True,live,STOCK,23,NEUTRAL,NASDAQ
2026-09-05T07:56:26.584096+09:00,2026-09-05,SANM,Sanmina Corporation,US,IT,2026-09-04,198.47,330422,598721.1,9.4021,10637467648,52,60,55,58,50,0,HOLD,-0.23,-3,False,live,STOCK,30,NEUTRAL,NASDAQ
2026-09-05T07:56:26.584096+09:00,2026-09-05,AXSM,"Axsome Therapeutics, Inc.",US,제약/바이오,2026-09-04,206.68,438239,639836.95,6.2124,10826066944,47,65,60,26,43,0,AVOID,-0.33,-4,True,live,STOCK,29,NEUTRAL,NASDAQ
2026-09-05T07:56:26.584096+09:00,2026-09-05,CPT,Camden Property Trust,US,리츠,2026-09-04,105.69,736091,824009.55,1.4571,10626003968,28,60,66,45,42,0,AVOID,-0.4,-5,True,live,STOCK,26,NEUTRAL,NYSE
2026-09-05T07:56:26.584096+09:00,2026-09-05,FROG,JFrog Ltd.,US,IT,2026-09-04,87.6,1656076,2112088.8,5.9848,10801195008,43,60,60,27,50,0,HOLD,0.09,1,False,live,STOCK,69,NEUTRAL,NASDAQ
2026-09-05T07:56:26.584096+09:00,2026-09-05,GSAT,"Globalstar, Inc.",US,인터넷,2026-09-04,82.34,375397,663834.85,0.6736,10668249088,43,65,53,27,45,0,HOLD,-0.11,-1,False,live,STOCK,52,NEUTRAL,NASDAQ
2026-09-05T07:56:26.584096+09:00,2026-09-05,KRYS,"Krystal Biotech, Inc.",US,제약/바이오,2026-09-04,358.24,319765,212763.25,11.3311,10603486208,76,65,45,42,55,1,HOLD,0.5,6,False,live,STOCK,53,NEUTRAL,NASDAQ
2026-09-05T07:56:26.584096+09:00,2026-09-05,GMED,"Globus Medical, Inc.",US,제약/바이오,2026-09-04,78.29,1123624,1187736.2,2.3996,10511366144,43,65,60,66,57,0,HOLD,0.17,2,False,live,STOCK,66,NEUTRAL,NYSE
2026-09-05T07:56:26.584096+09:00,2026-09-05,DCI,"Donaldson Company, Inc.",US,산업재,2026-09-04,91.03,592048,612662.4,2.3325,10551383040,44,60,63,58,54,0,HOLD,0.23,3,False,live,STOCK,54,NEUTRAL,NYSE
2026-09-05T07:56:26.584096+09:00,2026-09-05,AES,The AES Corporation,US,유틸리티,2026-09-04,14.79,4294302,7228685.1,0.05,10547602432,55,60,58,70,61,1,HOLD,0.37,4,False,live,STOCK,67,NEUTRAL,NYSE
2026-09-05T07:56:26.584096+09:00,2026-09-05,HUT,Hut 8 Corp.,US,금융,2026-09-04,93.545,5709582,4851439.1,7.2147,11530307584,52,60,60,50,52,0,HOLD,-0.13,-2,False,live,STOCK,41,NEUTRAL,NASDAQ
2026-09-05T07:56:26.584096+09:00,2026-09-05,MOH,"Molina Healthcare, Inc.",US,제약/바이오,2026-09-04,200.8,258152,569667.6,5.8486,10481760256,50,65,63,59,49,0,HOLD,-0.05,-1,False,live,STOCK,17,NEUTRAL,NYSE
2026-09-05T07:56:26.584096+09:00,2026-09-05,SSB,SouthState Bank Corp.,US,금융,2026-09-04,107.98,411012,718060.6,1.8707,10471310336,59,60,53,70,59,1,HOLD,0.46,6,False,live,STOCK,55,NEUTRAL,NYSE
2026-09-05T07:56:26.584096+09:00,2026-09-05,GKOS,Glaukos Corporation,US,제약/바이오,2026-09-04,177.47,572520,620221.0,5.8964,10467878912,51,65,45,27,51,1,HOLD,0.32,4,False,live,STOCK,84,NEUTRAL,NYSE
2026-09-05T07:56:26.584096+09:00,2026-09-05,PAYC,"Paycom Software, Inc.",US,IT,2026-09-04,231.67,650978,684043.9,7.1037,10441742336,63,60,58,50,64,1,HOLD,0.75,9,False,live,STOCK,90,NEUTRAL,NYSE
2026-09-05T07:56:26.584096+09:00,2026-09-05,WMS,"Advanced Drainage Systems, Inc.",US,소재,2026-09-04,135.76,503998,634619.9,3.9795,10237029376,25,60,55,58,44,0,AVOID,-0.28,-3,True,live,STOCK,41,NEUTRAL,NYSE
2026-09-05T07:56:26.584096+09:00,2026-09-05,XPEV,XPeng Inc.,US,소비재,2026-09-04,10.95,5027461,7594818.05,0.4291,10474699776,18,60,60,42,40,0,AVOID,-0.65,-8,True,live,STOCK,39,NEUTRAL,NYSE
2026-09-05T07:56:26.584096+09:00,2026-09-05,WTFC,Wintrust Financial Corporation,US,금융,2026-09-04,154.12,222562,467333.1,3.0279,10397854720,25,60,63,60,45,0,HOLD,-0.27,-3,False,live,STOCK,33,NEUTRAL,NASDAQ
2026-09-05T07:56:26.584096+09:00,2026-09-05,BIO,"Bio-Rad Laboratories, Inc.",US,제약/바이오,2026-09-04,386.11,109788,241009.4,11.2814,10332919808,63,65,60,37,60,1,HOLD,0.64,8,False,live,STOCK,78,NEUTRAL,NYSE
2026-09-05T07:56:26.584096+09:00,2026-09-05,XP,XP Inc.,US,금융,2026-09-04,19.86,4771892,5520619.6,0.8168,10077817856,70,60,55,70,60,2,WATCH,0.53,6,False,live,STOCK,40,NEUTRAL,NASDAQ
2026-09-05T07:56:26.584096+09:00,2026-09-05,VSAT,"Viasat, Inc.",US,IT,2026-09-04,75.32,1554789,1617484.45,3.655,10375767040,29,60,45,43,42,0,AVOID,-0.12,-1,True,live,STOCK,58,NEUTRAL,NASDAQ
2026-09-05T07:56:26.584096+09:00,2026-09-05,MGM,MGM Resorts International,US,소비재,2026-09-04,41.22,1472553,1830487.65,0.8357,10370653184,20,60,63,74,43,1,AVOID,-0.6,-7,True,live,STOCK,17,NEUTRAL,NYSE
2026-09-05T07:56:26.584096+09:00,2026-09-05,DAR,Darling Ingredients Inc.,US,소매,2026-09-04,65.19,1639484,2663904.2,3.2964,10287172608,62,60,50,63,64,1,HOLD,0.63,8,False,live,STOCK,87,NEUTRAL,NYSE
2026-09-05T07:56:26.584096+09:00,2026-09-05,CGNX,Cognex Corporation,US,IT,2026-09-04,62.25,1239014,2026755.7,2.0975,10471933952,62,60,45,50,49,0,HOLD,-0.0,0,False,live,STOCK,33,NEUTRAL,NASDAQ
2026-09-05T07:56:26.584096+09:00,2026-09-05,SUN,Sunoco LP,US,에너지,2026-09-04,75.6,359286,417629.3,1.8864,14244086784,62,60,58,63,63,1,HOLD,0.65,8,False,live,STOCK,72,NEUTRAL,NYSE
2026-09-05T07:56:26.584096+09:00,2026-09-05,MOD,Modine Manufacturing Company,US,산업재,2026-09-04,194.66,1244719,1258270.95,10.7529,10338919424,52,60,53,35,44,0,AVOID,-0.33,-4,True,live,STOCK,30,NEUTRAL,NYSE
2026-09-05T07:56:26.584096+09:00,2026-09-05,AG,First Majestic Silver Corp.,US,소재,2026-09-04,20.97,7541281,9881199.05,1.1571,10336245760,66,60,45,66,59,0,HOLD,0.52,6,False,live,STOCK,63,NEUTRAL,NYSE
2026-09-05T07:56:26.584096+09:00,2026-09-05,UHS,"Universal Health Services, Inc.",US,제약/바이오,2026-09-04,169.65,381960,619483.0,4.6914,9998579712,47,65,63,70,57,1,HOLD,0.37,4,False,live,STOCK,51,NEUTRAL,NYSE
2026-09-05T07:56:26.584096+09:00,2026-09-05,FRO,Frontline Plc,US,산업재,2026-09-04,46.12,3087985,2326694.25,1.6336,10267367424,95,60,55,65,72,1,HOLD,1.07,13,False,live,STOCK,69,NEUTRAL,NYSE
2026-09-05T07:56:26.584096+09:00,2026-09-05,DDS,"Dillard's, Inc.",US,소비재,2026-09-04,656.69,93094,178914.7,22.6236,10255561728,74,60,60,60,71,2,WATCH,0.87,10,False,live,STOCK,93,NEUTRAL,NYSE
2026-09-05T07:56:26.584096+09:00,2026-09-05,HSIC,"Henry Schein, Inc.",US,제약/바이오,2026-09-04,89.81,774004,927075.2,1.7104,10230863872,62,65,60,58,63,1,HOLD,0.68,8,False,live,STOCK,75,NEUTRAL,NASDAQ
2026-09-05T07:56:26.584096+09:00,2026-09-05,PODD,Insulet Corp.,US,제약/바이오,2026-09-04,147.48,1058427,1601726.35,5.485,10228357120,72,65,60,58,69,2,WATCH,0.69,8,False,live,STOCK,91,NEUTRAL,NASDAQ
2026-09-05T07:56:26.584096+09:00,2026-09-05,APTV,Aptiv PLC,US,소비재,2026-09-04,47.95,3868844,4706452.2,1.4739,10147204096,55,60,72,74,57,2,HOLD,-0.03,0,False,live,STOCK,20,NEUTRAL,NYSE
2026-09-05T07:56:26.584096+09:00,2026-09-05,AVTR,"Avantor, Inc.",US,제약/바이오,2026-09-04,14.97,7654017,6277590.85,0.4471,10125091840,63,65,66,60,69,1,HOLD,0.86,10,False,live,STOCK,90,NEUTRAL,NYSE
2026-09-05T07:56:26.584096+09:00,2026-09-05,ZION,"Zions Bancorporation, National Associati",US,금융,2026-09-04,69.37,812403,1235370.15,1.4282,10124784640,66,60,53,65,58,0,HOLD,0.43,5,False,live,STOCK,48,NEUTRAL,NASDAQ
2026-09-05T07:56:26.584096+09:00,2026-09-05,SOLS,Solstice Advanced Materials Inc.,US,소재,2026-09-04,63.73,2714589,3013364.45,2.9554,10123342848,55,60,58,50,49,0,HOLD,-0.21,-3,False,live,STOCK,26,NEUTRAL,NASDAQ
2026-09-05T07:56:26.584096+09:00,2026-09-05,FRT,Federal Realty Investment Trust,US,리츠,2026-09-04,117.09,455235,627481.75,1.4254,10177274880,50,60,63,45,49,0,HOLD,-0.06,-1,False,live,STOCK,30,NEUTRAL,NYSE
2026-09-05T07:56:26.584096+09:00,2026-09-05,CFR,"Cullen/Frost Bankers, Inc.",US,금융,2026-09-04,162.62,490995,466964.75,2.9966,10106635264,44,60,60,55,52,0,HOLD,0.22,3,False,live,STOCK,48,NEUTRAL,NYSE
2026-09-05T07:56:26.584096+09:00,2026-09-05,ORI,Old Republic International Corporation,US,금융,2026-09-04,41.43,1253423,1023081.15,0.7343,10002566144,32,60,50,78,49,1,HOLD,-0.05,-1,False,live,STOCK,45,NEUTRAL,NYSE
2026-09-05T07:56:26.584096+09:00,2026-09-05,FRHC,Freedom Holding Corp.,US,금융,2026-09-04,164.54,79035,137471.75,9.2261,10495622144,69,60,50,43,62,1,HOLD,0.7,8,False,live,STOCK,87,NEUTRAL,NASDAQ
2026-09-05T07:56:26.584096+09:00,2026-09-05,BEPH,Brookfield BRP Holdings (Canada) Inc 4.6,US,유틸리티,2026-09-04,15.06,24202,19945.1,0.1277,,40,60,55,50,46,0,HOLD,-0.12,-1,False,live,STOCK,40,NEUTRAL,NYSE
