scan_ts_kst,date,ticker,name,market,sector,bar_date,close,volume,avg_vol20,atr14,market_cap,tech,macro,filing,value,total,consensus,signal,ev,target,hitl,source,asset_type,flow,regime,exchange
2026-08-29T07:57:11.520163+09:00,2026-08-29,NVDA,NVIDIA Corporation,US,반도체,2026-08-28,217.55,194036188,127842524.4,6.875,5253179637760,43,65,71,58,55,1,HOLD,0.1,1,False,live,STOCK,48,NEUTRAL,NASDAQ
2026-08-29T07:57:11.520163+09:00,2026-08-29,AAPL,Apple Inc.,US,IT,2026-08-28,319.7,38500185,43050864.25,6.0371,4665759498240,69,60,58,42,62,1,HOLD,0.57,7,False,live,STOCK,77,NEUTRAL,NASDAQ
2026-08-29T07:57:11.520163+09:00,2026-08-29,GOOGL,Alphabet Inc.,US,인터넷,2026-08-28,346.59,25240919,24394600.95,6.4921,4238773059584,40,65,60,68,52,0,HOLD,-0.14,-2,False,live,STOCK,41,NEUTRAL,NASDAQ
2026-08-29T07:57:11.520163+09:00,2026-08-29,GOOG,Alphabet Inc.,US,인터넷,2026-08-28,342.88,17479507,16609715.35,6.1761,4193400127488,25,65,60,68,47,0,HOLD,-0.35,-4,False,live,STOCK,41,NEUTRAL,NASDAQ
2026-08-29T07:57:11.520163+09:00,2026-08-29,MSFT,Microsoft Corporation,US,IT,2026-08-28,513.53,28953449,28488802.45,9.7504,3813240733696,66,60,50,50,61,1,HOLD,0.61,7,False,live,STOCK,83,NEUTRAL,NASDAQ
2026-08-29T07:57:11.520163+09:00,2026-08-29,AMZN,"Amazon.com, Inc.",US,소비재,2026-08-28,266.43,49322804,38227500.2,5.805,2873797378048,40,60,60,50,51,0,HOLD,0.02,0,False,live,STOCK,54,NEUTRAL,NASDAQ
2026-08-29T07:57:11.520163+09:00,2026-08-29,TSM,Taiwan Semiconductor Manufacturing Compa,US,반도체,2026-08-28,417.52,8859447,10140037.35,10.4593,2165456502784,50,65,77,58,56,1,HOLD,0.12,1,False,live,STOCK,30,NEUTRAL,NYSE
2026-08-29T07:57:11.520163+09:00,2026-08-29,AVGO,Broadcom Inc.,US,반도체,2026-08-28,368.79,16481416,19408725.8,13.1628,1754548011008,22,65,60,43,44,0,AVOID,-0.48,-6,True,live,STOCK,55,NEUTRAL,NASDAQ
2026-08-29T07:57:11.520163+09:00,2026-08-29,META,"Meta Platforms, Inc.",US,인터넷,2026-08-28,578.02,15573685,16003154.25,18.6786,1472509509632,65,65,50,66,61,0,HOLD,0.34,4,False,live,STOCK,68,NEUTRAL,NASDAQ
2026-08-29T07:57:11.520163+09:00,2026-08-29,TSLA,"Tesla, Inc.",US,소비재,2026-08-28,348.75,32818355,33171602.75,12.4293,1377404715008,62,60,70,30,56,1,HOLD,0.12,1,False,live,STOCK,52,NEUTRAL,NASDAQ
2026-08-29T07:57:11.520163+09:00,2026-08-29,LLY,Eli Lilly and Company,US,제약/바이오,2026-08-28,1174.61,2447356,2851352.8,36.906,1047448322048,47,65,71,50,58,1,HOLD,0.37,4,False,live,STOCK,61,NEUTRAL,NYSE
2026-08-29T07:57:11.520163+09:00,2026-08-29,MU,"Micron Technology, Inc.",US,반도체,2026-08-28,932.86,22761175,30398868.75,51.2664,1053565648896,72,65,65,58,62,1,HOLD,0.33,4,False,live,STOCK,46,NEUTRAL,NASDAQ
2026-08-29T07:57:11.520163+09:00,2026-08-29,JPM,JPMorgan Chase & Co.,US,금융,2026-08-28,357.62,3911023,5551361.15,5.2086,950620520448,51,60,71,60,61,1,HOLD,0.57,7,False,live,STOCK,64,NEUTRAL,NYSE
2026-08-29T07:57:11.520163+09:00,2026-08-29,WMT,Walmart Inc.,US,소매,2026-08-28,103.09,19350259,27399147.95,2.7095,820398325760,28,60,50,37,38,0,AVOID,-0.59,-7,True,live,STOCK,35,NEUTRAL,NASDAQ
2026-08-29T07:57:11.520163+09:00,2026-08-29,AMD,"Advanced Micro Devices, Inc.",US,반도체,2026-08-28,465.58,15283714,22432795.7,19.1421,760047665152,28,65,65,35,42,0,AVOID,-0.42,-5,True,live,STOCK,36,NEUTRAL,NASDAQ
2026-08-29T07:57:11.520163+09:00,2026-08-29,V,Visa Inc.,US,금융,2026-08-28,381.6,4625359,6745072.95,5.9886,712465252352,81,60,60,50,68,2,WATCH,0.93,11,False,live,STOCK,77,NEUTRAL,NYSE
2026-08-29T07:57:11.520163+09:00,2026-08-29,ASML,ASML Holding N.V.,US,반도체,2026-08-28,1696.16,1249306,1184095.3,49.1171,651495079936,28,65,70,42,44,1,AVOID,-0.21,-3,True,live,STOCK,30,NEUTRAL,NASDAQ
2026-08-29T07:57:11.520163+09:00,2026-08-29,XOM,Exxon Mobil Corporation,US,에너지,2026-08-28,156.71,11102309,14055810.45,3.0375,644377739264,47,60,50,58,53,0,HOLD,0.15,2,False,live,STOCK,63,NEUTRAL,NYSE
2026-08-29T07:57:11.520163+09:00,2026-08-29,JNJ,Johnson & Johnson,US,제약/바이오,2026-08-28,268.04,5761434,6449801.7,5.2638,645949227008,95,65,56,53,74,2,WATCH,1.18,14,False,live,STOCK,90,NEUTRAL,NYSE
2026-08-29T07:57:11.520163+09:00,2026-08-29,MA,Mastercard Incorporated,US,금융,2026-08-28,595.3,1881012,2865725.6,9.5371,521488695296,85,60,53,50,67,2,WATCH,0.91,11,False,live,STOCK,77,NEUTRAL,NYSE
2026-08-29T07:57:11.520163+09:00,2026-08-29,ABBV,AbbVie Inc.,US,제약/바이오,2026-08-28,255.48,3222214,4781215.7,5.2179,451463118848,73,65,81,51,72,3,BUY,1.04,12,False,live,STOCK,77,NEUTRAL,NYSE
2026-08-29T07:57:11.520163+09:00,2026-08-29,INTC,Intel Corp.,US,반도체,2026-08-28,89.47,85801756,102008142.8,4.6907,472947818496,15,65,88,42,47,1,HOLD,-0.4,-5,False,live,STOCK,38,NEUTRAL,NASDAQ
2026-08-29T07:57:11.520163+09:00,2026-08-29,BAC,Bank of America Corporation,US,금융,2026-08-28,62.32,32915990,27835099.5,1.075,435788087296,51,60,81,60,65,1,HOLD,0.71,9,False,live,STOCK,69,NEUTRAL,NYSE
2026-08-29T07:57:11.520163+09:00,2026-08-29,ORCL,Oracle Corporation,US,IT,2026-08-28,150.85,17753541,25111757.05,6.2729,434519080960,63,60,50,50,54,0,HOLD,-0.02,0,False,live,STOCK,49,NEUTRAL,NYSE
2026-08-29T07:57:11.520163+09:00,2026-08-29,CSCO,"Cisco Systems, Inc.",US,IT,2026-08-28,109.93,13033724,20540156.2,3.2329,433281925120,17,60,65,50,44,0,AVOID,-0.45,-5,True,live,STOCK,47,NEUTRAL,NASDAQ
2026-08-29T07:57:11.520163+09:00,2026-08-29,PLTR,Palantir Technologies Inc.,US,IT,2026-08-28,186.29,24959261,47086213.05,6.8695,447665733632,84,60,42,35,62,2,WATCH,0.8,10,False,live,STOCK,87,NEUTRAL,NASDAQ
2026-08-29T07:57:11.520163+09:00,2026-08-29,COST,Costco Wholesale Corporation,US,소매,2026-08-28,945.47,1400393,1744614.65,17.4564,419295887360,43,60,60,29,45,0,HOLD,-0.13,-2,False,live,STOCK,41,NEUTRAL,NASDAQ
2026-08-29T07:57:11.520163+09:00,2026-08-29,CVX,Chevron Corporation,US,에너지,2026-08-28,201.86,5267962,7851363.1,3.4544,395969232896,59,60,32,74,58,2,HOLD,0.34,4,False,live,STOCK,77,NEUTRAL,NYSE
2026-08-29T07:57:11.520163+09:00,2026-08-29,KO,The Coca-Cola Company,US,소매,2026-08-28,89.66,9879988,14046109.4,1.3711,385766555648,69,60,50,37,57,0,HOLD,0.55,7,False,live,STOCK,69,NEUTRAL,NYSE
2026-08-29T07:57:11.520163+09:00,2026-08-29,LRCX,Lam Research Corporation,US,반도체,2026-08-28,301.9,8034911,8149840.55,15.4221,377773785088,28,65,73,42,48,1,HOLD,-0.19,-2,False,live,STOCK,46,NEUTRAL,NASDAQ
2026-08-29T07:57:11.520163+09:00,2026-08-29,CAT,Caterpillar Inc.,US,산업재,2026-08-28,800.25,1785995,2696199.75,26.0317,367854813184,28,60,70,50,45,1,HOLD,-0.36,-4,False,live,STOCK,26,NEUTRAL,NYSE
2026-08-29T07:57:11.520163+09:00,2026-08-29,AMAT,"Applied Materials, Inc.",US,반도체,2026-08-28,461.67,6506714,7249720.7,23.081,366380154880,28,65,65,58,47,0,HOLD,-0.19,-2,False,live,STOCK,38,NEUTRAL,NASDAQ
2026-08-29T07:57:11.520163+09:00,2026-08-29,MRK,"Merck & Co., Inc.",US,제약/바이오,2026-08-28,148.35,8063261,11220108.05,4.925,366004928512,95,65,50,30,66,2,WATCH,0.97,12,False,live,STOCK,80,NEUTRAL,NYSE
2026-08-29T07:57:11.520163+09:00,2026-08-29,UNH,UnitedHealth Group Incorporated,US,제약/바이오,2026-08-28,392.95,2453364,4039553.2,7.8325,352709902336,47,65,83,66,63,1,HOLD,0.43,5,False,live,STOCK,52,NEUTRAL,NYSE
2026-08-29T07:57:11.520163+09:00,2026-08-29,HSBC,HSBC Holdings plc,US,금융,2026-08-28,103.53,1268624,1182516.2,1.3146,354783789056,47,60,55,60,52,0,HOLD,0.19,2,False,live,STOCK,48,NEUTRAL,NYSE
2026-08-29T07:57:11.520163+09:00,2026-08-29,GE,GE Aerospace,US,산업재,2026-08-28,342.58,2534654,3574472.7,8.9943,355448160256,47,60,60,29,51,0,HOLD,0.18,2,False,live,STOCK,67,NEUTRAL,NYSE
2026-08-29T07:57:11.520163+09:00,2026-08-29,PG,The Procter & Gamble Company,US,소매,2026-08-28,143.78,5855830,8990076.5,2.0129,334206992384,28,60,50,45,46,1,HOLD,-0.14,-2,False,live,STOCK,70,NEUTRAL,NYSE
2026-08-29T07:57:11.520163+09:00,2026-08-29,NFLX,"Netflix, Inc.",US,인터넷,2026-08-28,81.72,29028023,29107081.15,2.2581,340277133312,80,65,45,50,58,1,HOLD,0.32,4,False,live,STOCK,52,NEUTRAL,NASDAQ
2026-08-29T07:57:11.520163+09:00,2026-08-29,MS,Morgan Stanley,US,금융,2026-08-28,214.77,3733893,4224359.65,4.3443,337310515200,28,60,60,60,52,1,HOLD,0.0,0,False,live,STOCK,70,NEUTRAL,NYSE
2026-08-29T07:57:11.520163+09:00,2026-08-29,HD,"The Home Depot, Inc.",US,소비재,2026-08-28,330.19,2659416,3632555.8,8.0429,329427124224,47,60,63,42,54,0,HOLD,0.25,3,False,live,STOCK,63,NEUTRAL,NYSE
2026-08-29T07:57:11.520163+09:00,2026-08-29,GS,"The Goldman Sachs Group, Inc.",US,금융,2026-08-28,1033.99,1043471,1844873.55,22.8461,301068320768,50,60,60,60,52,0,HOLD,0.0,0,False,live,STOCK,33,NEUTRAL,NYSE
2026-08-29T07:57:11.520163+09:00,2026-08-29,PANW,"Palo Alto Networks, Inc.",US,IT,2026-08-28,371.59,5837234,5551131.7,17.8921,302845853696,66,60,57,30,58,1,HOLD,0.62,7,False,live,STOCK,78,NEUTRAL,NASDAQ
2026-08-29T07:57:11.520163+09:00,2026-08-29,DELL,Dell Technologies Inc.,US,IT,2026-08-28,456.24,3936721,5263846.05,24.9758,294796001280,43,60,65,66,58,0,HOLD,0.18,2,False,live,STOCK,63,NEUTRAL,NYSE
2026-08-29T07:57:11.520163+09:00,2026-08-29,PM,Philip Morris International Inc.,US,소매,2026-08-28,191.89,3811283,4515134.15,4.1273,299082317824,91,60,58,58,70,1,HOLD,0.98,12,False,live,STOCK,69,NEUTRAL,NYSE
2026-08-29T07:57:11.520163+09:00,2026-08-29,NVS,Novartis AG,US,제약/바이오,2026-08-28,153.81,1165870,1396793.5,2.9329,292348952576,47,65,55,53,46,0,HOLD,-0.07,-1,False,live,STOCK,26,NEUTRAL,NYSE
2026-08-29T07:57:11.520163+09:00,2026-08-29,RTX,RTX Corporation,US,산업재,2026-08-28,211.71,2311449,4373287.45,4.0785,285333880832,48,60,45,58,53,0,HOLD,0.28,3,False,live,STOCK,69,NEUTRAL,NYSE
2026-08-29T07:57:11.520163+09:00,2026-08-29,BABA,Alibaba Group Holding Limited,US,소비재,2026-08-28,118.9,9660747,13087382.35,4.3321,295540654080,43,60,55,58,56,1,HOLD,0.11,1,False,live,STOCK,77,NEUTRAL,NYSE
2026-08-29T07:57:11.520163+09:00,2026-08-29,RY,Royal Bank of Canada,US,금융,2026-08-28,204.23,922552,1345217.6,3.675,282742095872,47,60,60,60,56,0,HOLD,0.29,3,False,live,STOCK,61,NEUTRAL,NYSE
2026-08-29T07:57:11.520163+09:00,2026-08-29,WFC,Wells Fargo & Company,US,금융,2026-08-28,86.69,12020214,11281740.7,1.64,262150504448,47,60,60,60,57,0,HOLD,0.36,4,False,live,STOCK,63,NEUTRAL,NYSE
2026-08-29T07:57:11.520163+09:00,2026-08-29,MUFG,"Mitsubishi UFJ Financial Group, Inc.",US,금융,2026-08-28,22.9,2693814,2654480.7,0.4529,257757020160,73,60,58,60,62,1,HOLD,0.67,8,False,live,STOCK,54,NEUTRAL,NYSE
2026-08-29T07:57:11.520163+09:00,2026-08-29,SAP,SAP SE,US,IT,2026-08-28,221.54,2317789,2518674.45,5.7136,255702417408,62,60,58,42,61,1,HOLD,0.63,8,False,live,STOCK,84,NEUTRAL,NYSE
2026-08-29T07:57:11.520163+09:00,2026-08-29,ARM,Arm Holdings plc American Depositary Sha,US,반도체,2026-08-28,239.05,3863505,4287850.25,14.9905,255305072640,18,65,65,35,40,0,AVOID,-0.63,-8,True,live,STOCK,38,NEUTRAL,NASDAQ
2026-08-29T07:57:11.520163+09:00,2026-08-29,SHEL,Shell plc,US,에너지,2026-08-28,90.91,7516350,5616166.75,1.196,250225295360,69,60,55,78,65,1,HOLD,0.59,7,False,live,STOCK,61,NEUTRAL,NYSE
2026-08-29T07:57:11.520163+09:00,2026-08-29,AZN,AstraZeneca PLC,US,제약/바이오,2026-08-28,162.7,2880614,4408295.7,3.2079,252329132032,65,65,68,58,62,0,HOLD,0.31,4,False,live,STOCK,52,NEUTRAL,NYSE
2026-08-29T07:57:11.520163+09:00,2026-08-29,ANET,"Arista Networks, Inc.",US,IT,2026-08-28,195.38,3061286,7486534.3,7.825,246418096128,62,60,60,35,56,0,HOLD,0.49,6,False,live,STOCK,61,NEUTRAL,NYSE
2026-08-29T07:57:11.520163+09:00,2026-08-29,GEV,GE Vernova Inc.,US,산업재,2026-08-28,911.93,1857872,1951313.6,42.669,242877579264,28,60,60,50,44,0,AVOID,-0.35,-4,True,live,STOCK,36,NEUTRAL,NYSE
2026-08-29T07:57:11.520163+09:00,2026-08-29,BHP,BHP Group Limited,US,소재,2026-08-28,95.15,1656439,2773096.95,2.4514,241821532160,87,60,50,45,66,2,WATCH,0.75,9,False,live,STOCK,77,NEUTRAL,NYSE
2026-08-29T07:57:11.520163+09:00,2026-08-29,TXN,Texas Instruments Incorporated,US,반도체,2026-08-28,258.64,5841246,5858112.3,8.4543,236202393600,28,65,75,50,47,1,HOLD,-0.34,-4,False,live,STOCK,30,NEUTRAL,NASDAQ
2026-08-29T07:57:11.520163+09:00,2026-08-29,AMGN,Amgen Inc.,US,제약/바이오,2026-08-28,432.42,1731466,2575363.3,9.0552,233780101120,73,65,45,50,62,2,WATCH,0.71,9,False,live,STOCK,84,NEUTRAL,NASDAQ
2026-08-29T07:57:11.520163+09:00,2026-08-29,TMO,Thermo Fisher Scientific Inc.,US,제약/바이오,2026-08-28,622.18,1016554,1678837.7,15.4079,230049366016,73,65,53,58,67,2,WATCH,0.86,10,False,live,STOCK,90,NEUTRAL,NYSE
2026-08-29T07:57:11.520163+09:00,2026-08-29,TM,Toyota Motor Corporation,US,소비재,2026-08-28,194.48,427783,349959.15,2.6957,230299992064,62,60,50,54,57,0,HOLD,0.34,4,False,live,STOCK,61,NEUTRAL,NYSE
2026-08-29T07:57:11.520163+09:00,2026-08-29,KLAC,KLA Corporation,US,반도체,2026-08-28,175.54,9926064,9609333.2,8.1163,229351227392,28,65,73,42,45,1,HOLD,-0.36,-4,False,live,STOCK,30,NEUTRAL,NASDAQ
2026-08-29T07:57:11.520163+09:00,2026-08-29,C,Citigroup Inc.,US,금융,2026-08-28,132.9,12091189,8782479.45,2.4514,222931337216,28,60,70,76,54,2,HOLD,0.02,0,False,live,STOCK,47,NEUTRAL,NYSE
2026-08-29T07:57:11.520163+09:00,2026-08-29,LIN,Linde plc,US,소재,2026-08-28,489.51,1240207,2035010.35,7.875,225654407168,65,60,60,58,56,0,HOLD,0.21,3,False,live,STOCK,33,NEUTRAL,NASDAQ
2026-08-29T07:57:11.520163+09:00,2026-08-29,AXP,American Express Company,US,금융,2026-08-28,333.2,1944971,2315623.55,5.6846,225013235712,35,60,81,50,50,1,HOLD,0.03,0,False,live,STOCK,25,NEUTRAL,NYSE
2026-08-29T07:57:11.520163+09:00,2026-08-29,CRWD,"CrowdStrike Holdings, Inc.",US,IT,2026-08-28,218.4,14700037,9064931.85,11.8086,223627362304,62,60,65,30,60,1,HOLD,0.61,7,False,live,STOCK,78,NEUTRAL,NASDAQ
2026-08-29T07:57:11.520163+09:00,2026-08-29,IBM,International Business Machines Corporat,US,IT,2026-08-28,235.59,3938126,5264541.3,6.1171,221957439488,55,60,81,58,61,1,HOLD,0.18,2,False,live,STOCK,44,NEUTRAL,NYSE
2026-08-29T07:57:11.520163+09:00,2026-08-29,SNDK,Sandisk Corporation,US,IT,2026-08-28,1484.98,8104535,13767981.75,123.6397,217429295104,62,60,60,50,56,0,HOLD,0.07,1,False,live,STOCK,49,NEUTRAL,NASDAQ
2026-08-29T07:57:11.520163+09:00,2026-08-29,SAN,"Banco Santander, S.A.",US,금융,2026-08-28,14.67,8747137,20572971.85,0.2475,213207990272,62,60,55,63,58,0,HOLD,0.47,6,False,live,STOCK,51,NEUTRAL,NYSE
2026-08-29T07:57:11.520163+09:00,2026-08-29,CRM,"Salesforce, Inc.",US,IT,2026-08-28,256.0,34320234,15292601.7,10.8693,210688000000,70,60,52,74,63,2,WATCH,0.64,8,False,live,STOCK,58,NEUTRAL,NYSE
2026-08-29T07:57:11.520163+09:00,2026-08-29,VZ,Verizon Communications Inc.,US,인터넷,2026-08-28,50.1,15789014,18653750.7,0.7718,208154230784,81,65,60,84,70,2,WATCH,0.78,9,False,live,STOCK,55,NEUTRAL,NYSE
2026-08-29T07:57:11.520163+09:00,2026-08-29,TD,The Toronto-Dominion Bank,US,금융,2026-08-28,121.25,1477595,2065909.75,2.155,198655639552,62,60,55,50,58,0,HOLD,0.48,6,False,live,STOCK,67,NEUTRAL,NYSE
2026-08-29T07:57:11.520163+09:00,2026-08-29,NVO,Novo Nordisk A/S,US,제약/바이오,2026-08-28,45.61,8487691,13891999.55,1.1932,201643180032,50,65,68,73,64,1,HOLD,0.47,6,False,live,STOCK,69,NEUTRAL,NYSE
2026-08-29T07:57:11.520163+09:00,2026-08-29,SHOP,Shopify Inc.,US,IT,2026-08-28,152.9,4923650,10124237.5,4.925,198411386880,59,60,60,35,57,1,HOLD,0.53,6,False,live,STOCK,72,NEUTRAL,NASDAQ
2026-08-29T07:57:11.520163+09:00,2026-08-29,ABT,Abbott Laboratories,US,제약/바이오,2026-08-28,112.47,7520601,7598000.05,2.3071,194616213504,66,65,63,58,68,1,HOLD,0.87,10,False,live,STOCK,90,NEUTRAL,NYSE
2026-08-29T07:57:11.520163+09:00,2026-08-29,TMUS,"T-Mobile US, Inc.",US,인터넷,2026-08-28,181.37,3105620,4029151.0,4.05,194550448128,72,65,60,74,68,3,WATCH,0.6,7,False,live,STOCK,70,NEUTRAL,NASDAQ
2026-08-29T07:57:11.520163+09:00,2026-08-29,APH,Amphenol Corporation,US,IT,2026-08-28,157.74,4227975,5694088.75,5.2814,194490810368,44,60,63,50,52,0,HOLD,0.17,2,False,live,STOCK,52,NEUTRAL,NYSE
2026-08-29T07:57:11.520163+09:00,2026-08-29,PEP,"PepsiCo, Inc.",US,소매,2026-08-28,141.07,5462892,6522574.6,2.2029,192701628416,80,60,60,42,61,1,HOLD,0.54,6,False,live,STOCK,55,NEUTRAL,NASDAQ
2026-08-29T07:57:11.520163+09:00,2026-08-29,TTE,TotalEnergies SE,US,에너지,2026-08-28,86.35,1542810,1410845.5,1.4421,191063851008,43,60,55,86,58,1,HOLD,0.08,1,False,live,STOCK,55,NEUTRAL,NYSE
2026-08-29T07:57:11.520163+09:00,2026-08-29,SCHW,The Charles Schwab Corporation,US,금융,2026-08-28,110.16,12818280,7479979.0,2.2689,190503632896,73,60,50,58,65,2,WATCH,0.79,9,False,live,STOCK,84,NEUTRAL,NYSE
2026-08-29T07:57:11.520163+09:00,2026-08-29,MRVL,"Marvell Technology, Inc.",US,반도체,2026-08-28,216.62,48739012,24814245.6,16.5271,194677391360,50,65,79,35,59,1,HOLD,0.34,4,False,live,STOCK,65,NEUTRAL,NASDAQ
2026-08-29T07:57:11.520163+09:00,2026-08-29,MCD,McDonald's Corporation,US,소비재,2026-08-28,265.0,3882072,4485888.6,4.9571,187525005312,25,60,60,50,42,0,AVOID,-0.41,-5,True,live,STOCK,33,NEUTRAL,NYSE
2026-08-29T07:57:11.520163+09:00,2026-08-29,DIS,The Walt Disney Company,US,인터넷,2026-08-28,108.1,5440769,9509228.45,2.2261,186654851072,84,65,60,58,72,2,WATCH,0.93,11,False,live,STOCK,84,NEUTRAL,NYSE
2026-08-29T07:57:11.520163+09:00,2026-08-29,STX,Seagate Technology Holdings plc,US,IT,2026-08-28,829.76,2797766,4225863.3,55.6265,188060549120,28,60,68,50,54,1,HOLD,-0.07,-1,False,live,STOCK,76,NEUTRAL,NASDAQ
2026-08-29T07:57:11.520163+09:00,2026-08-29,UNP,Union Pacific Corporation,US,산업재,2026-08-28,307.41,1717024,2338581.2,5.55,182624763904,81,60,60,37,64,1,HOLD,0.83,10,False,live,STOCK,69,NEUTRAL,NYSE
2026-08-29T07:57:11.520163+09:00,2026-08-29,GILD,"Gilead Sciences, Inc.",US,제약/바이오,2026-08-28,145.68,3946644,6338652.2,3.6971,180636663808,81,65,50,60,68,2,WATCH,0.87,10,False,live,STOCK,84,NEUTRAL,NASDAQ
2026-08-29T07:57:11.520163+09:00,2026-08-29,BLK,"BlackRock, Inc.",US,금융,2026-08-28,1164.48,699850,571622.5,20.7625,189200269312,69,60,60,58,56,0,HOLD,0.43,5,False,live,STOCK,26,NEUTRAL,NYSE
2026-08-29T07:57:11.520163+09:00,2026-08-29,UBS,UBS Group AG,US,금융,2026-08-28,54.9,1734499,1455204.95,0.5989,168089649152,88,60,73,66,72,2,WATCH,1.05,13,False,live,STOCK,54,NEUTRAL,NYSE
2026-08-29T07:57:11.520163+09:00,2026-08-29,T,AT&T Inc.,US,인터넷,2026-08-28,26.01,22672085,35943089.25,0.4614,178230558720,69,65,50,78,69,2,WATCH,0.72,9,False,live,STOCK,87,NEUTRAL,NYSE
2026-08-29T07:57:11.520163+09:00,2026-08-29,ADI,"Analog Devices, Inc.",US,반도체,2026-08-28,361.78,3325986,3653134.3,11.2786,175306096640,28,65,53,58,42,0,AVOID,-0.51,-6,True,live,STOCK,32,NEUTRAL,NASDAQ
2026-08-29T07:57:11.520163+09:00,2026-08-29,SCCO,Southern Copper Corporation,US,소재,2026-08-28,209.8,1342026,1099877.7,8.745,177143300096,91,60,53,37,57,1,HOLD,0.56,7,False,live,STOCK,32,NEUTRAL,NYSE
2026-08-29T07:57:11.520163+09:00,2026-08-29,QCOM,QUALCOMM Incorporated,US,반도체,2026-08-28,164.19,7713846,9696767.3,4.5707,175364849664,55,65,65,66,58,0,HOLD,0.06,1,False,live,STOCK,46,NEUTRAL,NASDAQ
2026-08-29T07:57:11.520163+09:00,2026-08-29,BX,Blackstone Inc.,US,금융,2026-08-28,142.39,2440148,3870017.4,4.0657,170198450176,66,60,72,50,67,2,WATCH,0.84,10,False,live,STOCK,77,NEUTRAL,NYSE
2026-08-29T07:57:11.520163+09:00,2026-08-29,WELL,Welltower Inc.,US,리츠,2026-08-28,238.07,2109229,2837386.45,4.4471,171546591232,95,60,78,38,78,3,BUY,1.36,16,False,live,STOCK,90,NEUTRAL,NYSE
2026-08-29T07:57:11.520163+09:00,2026-08-29,NEE,"NextEra Energy, Inc.",US,유틸리티,2026-08-28,81.84,13950121,10477016.05,1.2007,170716446720,20,60,63,42,47,1,HOLD,-0.19,-2,False,live,STOCK,70,NEUTRAL,NYSE
2026-08-29T07:57:11.520163+09:00,2026-08-29,DE,Deere & Company,US,산업재,2026-08-28,630.33,629952,1141412.6,19.8299,170149675008,91,60,50,50,59,1,HOLD,0.65,8,False,live,STOCK,32,NEUTRAL,NYSE
2026-08-29T07:57:11.520163+09:00,2026-08-29,RIO,Rio Tinto Group,US,소재,2026-08-28,103.3,2250764,2299493.2,2.2634,168002912256,87,60,55,55,63,1,HOLD,0.53,6,False,live,STOCK,48,NEUTRAL,NYSE
2026-08-29T07:57:11.520163+09:00,2026-08-29,BA,The Boeing Company,US,산업재,2026-08-28,209.82,4559660,5362343.0,4.3543,165835456512,35,60,63,30,41,0,AVOID,-0.4,-5,True,live,STOCK,26,NEUTRAL,NYSE
2026-08-29T07:57:11.520163+09:00,2026-08-29,IBKR,"Interactive Brokers Group, Inc.",US,금융,2026-08-28,95.84,2229749,4332022.45,2.8639,163293675520,76,60,85,58,68,2,WATCH,0.81,10,False,live,STOCK,42,NEUTRAL,NASDAQ
2026-08-29T07:57:11.520163+09:00,2026-08-29,UBER,"Uber Technologies, Inc.",US,IT,2026-08-28,78.82,10692241,19278597.05,2.5771,160994590720,77,60,66,55,71,2,WATCH,0.89,11,False,live,STOCK,84,NEUTRAL,NYSE
2026-08-29T07:57:11.520163+09:00,2026-08-29,BBVA,"Banco Bilbao Vizcaya Argentaria, S.A.",US,금융,2026-08-28,29.0,1741208,1728115.4,0.3493,160030851072,73,60,55,60,62,1,HOLD,0.68,8,False,live,STOCK,60,NEUTRAL,NYSE
2026-08-29T07:57:11.520163+09:00,2026-08-29,PFE,Pfizer Inc.,US,제약/바이오,2026-08-28,27.96,27164507,38093315.35,0.5779,159362875392,91,65,64,66,75,2,WATCH,1.12,13,False,live,STOCK,78,NEUTRAL,NYSE
2026-08-29T07:57:11.520163+09:00,2026-08-29,BKNG,Booking Holdings Inc.,US,소비재,2026-08-28,205.63,3590456,5429827.8,6.0164,154506379264,51,60,58,74,62,2,WATCH,0.56,7,False,live,STOCK,75,NEUTRAL,NASDAQ
2026-08-29T07:57:11.520163+09:00,2026-08-29,COP,ConocoPhillips,US,에너지,2026-08-28,130.35,4651172,6887608.6,2.8039,156594339840,69,60,42,68,62,1,HOLD,0.62,7,False,live,STOCK,78,NEUTRAL,NYSE
2026-08-29T07:57:11.520163+09:00,2026-08-29,WDC,Western Digital Corporation,US,IT,2026-08-28,459.45,4285805,7824290.25,31.5045,165650530304,40,60,58,68,51,0,HOLD,-0.26,-3,False,live,STOCK,41,NEUTRAL,NASDAQ
2026-08-29T07:57:11.520163+09:00,2026-08-29,BUD,Anheuser-Busch InBev SA/NV,US,소매,2026-08-28,80.13,3547430,1986011.5,1.3771,157786095616,25,60,58,60,54,1,HOLD,0.01,0,False,live,STOCK,84,NEUTRAL,NYSE
2026-08-29T07:57:11.520163+09:00,2026-08-29,TBB,AT&T Inc. 5.35% GLB NTS 66,US,인터넷,2026-08-28,19.42,82329,91336.45,0.1671,,50,65,58,80,56,1,HOLD,0.04,0,False,live,STOCK,40,NEUTRAL,NYSE
2026-08-29T07:57:11.520163+09:00,2026-08-29,ETN,Eaton Corporation plc,US,산업재,2026-08-28,402.78,1822113,1871060.65,13.8207,156439756800,43,60,70,50,55,1,HOLD,0.15,2,False,live,STOCK,54,NEUTRAL,NYSE
2026-08-29T07:57:11.520163+09:00,2026-08-29,DHR,Danaher Corporation,US,제약/바이오,2026-08-28,216.07,2859906,3351965.3,5.7343,151894196224,88,65,60,58,73,2,WATCH,1.1,13,False,live,STOCK,84,NEUTRAL,NYSE
2026-08-29T07:57:11.520163+09:00,2026-08-29,NOW,"ServiceNow, Inc.",US,IT,2026-08-28,144.71,28890423,18242591.15,6.2257,149610184704,81,60,60,35,66,2,WATCH,0.81,10,False,live,STOCK,84,NEUTRAL,NYSE
2026-08-29T07:57:11.520163+09:00,2026-08-29,TJX,"The TJX Companies, Inc.",US,소비재,2026-08-28,135.12,6783991,6859779.55,3.3013,149267644416,20,60,50,42,35,0,AVOID,-0.77,-9,True,live,STOCK,26,NEUTRAL,NYSE
2026-08-29T07:57:11.520163+09:00,2026-08-29,SONY,Sony Group Corporation,US,IT,2026-08-28,24.85,4809501,4362390.05,0.4929,145467080704,81,60,45,58,64,2,WATCH,0.72,9,False,live,STOCK,75,NEUTRAL,NYSE
2026-08-29T07:57:11.520163+09:00,2026-08-29,UL,Unilever PLC,US,소매,2026-08-28,65.07,4450371,3597788.55,0.9357,140112920576,84,60,58,53,67,2,WATCH,0.92,11,False,live,STOCK,71,NEUTRAL,NYSE
2026-08-29T07:57:11.520163+09:00,2026-08-29,VRTX,Vertex Pharmaceuticals Incorporated,US,제약/바이오,2026-08-28,541.69,886790,1200284.5,13.1607,137297248256,95,65,50,58,67,1,HOLD,0.93,11,False,live,STOCK,61,NEUTRAL,NASDAQ
2026-08-29T07:57:11.520163+09:00,2026-08-29,BMY,Bristol-Myers Squibb Company,US,제약/바이오,2026-08-28,66.58,5542352,10559987.6,1.4857,136003944448,73,65,60,76,72,3,BUY,0.95,11,False,live,STOCK,83,NEUTRAL,NYSE
2026-08-29T07:57:11.520163+09:00,2026-08-29,NEM,Newmont Corporation,US,소재,2026-08-28,127.98,8173292,7813434.6,4.6871,134851543040,84,60,53,76,70,3,BUY,0.95,11,False,live,STOCK,71,NEUTRAL,NYSE
2026-08-29T07:57:11.520163+09:00,2026-08-29,COF,Capital One Financial Corporation,US,금융,2026-08-28,215.67,2536449,2997507.45,4.6903,132310278144,47,60,53,86,58,1,HOLD,0.35,4,False,live,STOCK,55,NEUTRAL,NYSE
2026-08-29T07:57:11.520163+09:00,2026-08-29,ISRG,"Intuitive Surgical, Inc.",US,제약/바이오,2026-08-28,372.6,1801300,2590340.0,10.32,133494398976,25,65,50,50,46,1,HOLD,-0.34,-4,False,live,STOCK,70,NEUTRAL,NASDAQ
2026-08-29T07:57:11.520163+09:00,2026-08-29,PLD,"Prologis, Inc.",US,리츠,2026-08-28,140.7,1862492,4320159.6,1.8386,136773255168,57,60,58,45,52,0,HOLD,0.13,2,False,live,STOCK,41,NEUTRAL,NYSE
2026-08-29T07:57:11.520163+09:00,2026-08-29,CB,Chubb Limited,US,금융,2026-08-28,339.92,1206867,1593138.35,5.241,131141099520,32,60,60,68,52,0,HOLD,0.08,1,False,live,STOCK,54,NEUTRAL,NYSE
2026-08-29T07:57:11.520163+09:00,2026-08-29,SPGI,S&P Global Inc.,US,금융,2026-08-28,442.89,1288459,1781562.95,9.6154,130563973120,71,60,63,50,58,1,HOLD,0.49,6,False,live,STOCK,40,NEUTRAL,NYSE
2026-08-29T07:57:11.520163+09:00,2026-08-29,LMT,Lockheed Martin Corporation,US,산업재,2026-08-28,563.85,611694,994174.7,13.5414,130131361792,47,60,50,42,48,0,HOLD,0.09,1,False,live,STOCK,55,NEUTRAL,NYSE
2026-08-29T07:57:11.520163+09:00,2026-08-29,MFG,"Mizuho Financial Group, Inc.",US,금융,2026-08-28,10.64,2373352,2822017.6,0.2196,129259462656,62,60,58,68,59,0,HOLD,0.48,6,False,live,STOCK,45,NEUTRAL,NYSE
2026-08-29T07:57:11.520163+09:00,2026-08-29,GLW,Corning Inc,US,IT,2026-08-28,148.98,6108449,9627772.45,8.2736,128329629696,40,60,70,35,48,1,HOLD,-0.27,-3,False,live,STOCK,38,NEUTRAL,NYSE
2026-08-29T07:57:11.520163+09:00,2026-08-29,PGR,The Progressive Corporation,US,금융,2026-08-28,218.64,924333,2255466.65,4.7714,127051710464,76,60,53,73,69,3,WATCH,0.87,10,False,live,STOCK,80,NEUTRAL,NYSE
2026-08-29T07:57:11.520163+09:00,2026-08-29,SYK,Stryker Corporation,US,제약/바이오,2026-08-28,330.69,2227711,2238975.55,8.7457,126843772928,44,65,53,58,55,1,HOLD,0.27,3,False,live,STOCK,71,NEUTRAL,NYSE
2026-08-29T07:57:11.520163+09:00,2026-08-29,PH,Parker-Hannifin Corporation,US,산업재,2026-08-28,995.02,550623,685416.15,21.3486,125419757568,43,60,50,45,48,0,HOLD,0.11,1,False,live,STOCK,54,NEUTRAL,NYSE
2026-08-29T07:57:11.520163+09:00,2026-08-29,SBUX,Starbucks Corporation,US,소비재,2026-08-28,107.85,4828385,6114844.25,2.5241,122949001216,91,60,50,43,65,1,HOLD,0.85,10,False,live,STOCK,69,NEUTRAL,NASDAQ
2026-08-29T07:57:11.520163+09:00,2026-08-29,PDD,PDD Holdings Inc.,US,소비재,2026-08-28,85.69,6268956,6276367.8,2.7793,121970851840,40,60,60,94,57,1,HOLD,0.04,0,False,live,STOCK,42,NEUTRAL,NASDAQ
2026-08-29T07:57:11.520163+09:00,2026-08-29,FTNT,"Fortinet, Inc.",US,IT,2026-08-28,166.0,5077849,4519017.45,6.3218,121796468736,84,60,65,42,67,1,HOLD,0.91,11,False,live,STOCK,69,NEUTRAL,NASDAQ
2026-08-29T07:57:11.520163+09:00,2026-08-29,BTI,British American Tobacco p.l.c.,US,소매,2026-08-28,56.13,3689356,4209462.8,1.0132,120915320832,50,60,55,60,48,0,HOLD,-0.21,-3,False,live,STOCK,20,NEUTRAL,NYSE
2026-08-29T07:57:11.520163+09:00,2026-08-29,BMO,Bank of Montreal,US,금융,2026-08-28,171.86,833437,789526.85,3.45,119811571712,39,60,63,58,53,0,HOLD,0.12,1,False,live,STOCK,54,NEUTRAL,NYSE
2026-08-29T07:57:11.520163+09:00,2026-08-29,PBR,Petróleo Brasileiro S.A. - Petrobras,US,에너지,2026-08-28,18.53,18768796,18206159.8,0.4958,119414112256,87,60,50,73,68,2,WATCH,0.7,8,False,live,STOCK,61,NEUTRAL,NYSE
2026-08-29T07:57:11.520163+09:00,2026-08-29,CVS,CVS Health Corp.,US,제약/바이오,2026-08-28,93.06,3992593,7689794.65,2.0064,119020978176,28,65,70,74,54,2,HOLD,0.01,0,False,live,STOCK,47,NEUTRAL,NYSE
2026-08-29T07:57:11.520163+09:00,2026-08-29,HDB,HDFC Bank Limited,US,금융,2026-08-28,23.08,17152674,8596728.7,0.425,118561955840,50,60,60,52,50,0,HOLD,-0.04,0,False,live,STOCK,33,NEUTRAL,NYSE
2026-08-29T07:57:11.520163+09:00,2026-08-29,MDT,Medtronic plc,US,제약/바이오,2026-08-28,91.23,6464713,6551115.65,1.93,116772651008,66,65,55,58,63,1,HOLD,0.69,8,False,live,STOCK,77,NEUTRAL,NYSE
2026-08-29T07:57:11.520163+09:00,2026-08-29,LOW,"Lowe's Companies, Inc.",US,소비재,2026-08-28,208.05,2742791,2843684.55,5.3894,116655104000,43,60,60,60,54,0,HOLD,0.09,1,False,live,STOCK,55,NEUTRAL,NYSE
2026-08-29T07:57:11.520163+09:00,2026-08-29,ACN,Accenture plc,US,IT,2026-08-28,189.61,4840291,5371339.55,6.9907,116030341120,77,60,50,68,66,2,WATCH,0.56,7,False,live,STOCK,71,NEUTRAL,NYSE
2026-08-29T07:57:11.520163+09:00,2026-08-29,ADBE,Adobe Inc.,US,IT,2026-08-28,291.52,3639051,4245807.55,10.4319,115879198720,81,60,60,76,76,3,BUY,1.0,12,False,live,STOCK,90,NEUTRAL,NASDAQ
2026-08-29T07:57:11.520163+09:00,2026-08-29,ADP,"Automatic Data Processing, Inc.",US,IT,2026-08-28,287.48,1761135,2177851.75,5.7786,114205097984,92,60,50,42,66,2,WATCH,0.95,11,False,live,STOCK,77,NEUTRAL,NASDAQ
2026-08-29T07:57:11.520163+09:00,2026-08-29,MO,"Altria Group, Inc.",US,소매,2026-08-28,68.65,5842231,9360846.55,1.4093,114627919872,72,60,60,68,68,2,WATCH,0.68,8,False,live,STOCK,76,NEUTRAL,NYSE
2026-08-29T07:57:11.520163+09:00,2026-08-29,SNOW,Snowflake Inc.,US,IT,2026-08-28,328.0,3082511,4230455.55,12.1535,113684799488,62,60,60,22,58,1,HOLD,0.61,7,False,live,STOCK,84,NEUTRAL,NYSE
2026-08-29T07:57:11.520163+09:00,2026-08-29,BNS,The Bank of Nova Scotia,US,금융,2026-08-28,92.39,1407275,2226598.75,2.0196,112607698944,91,60,60,60,70,1,HOLD,1.0,12,False,live,STOCK,63,NEUTRAL,NYSE
2026-08-29T07:57:11.520163+09:00,2026-08-29,SPOT,Spotify Technology S.A.,US,인터넷,2026-08-28,547.51,1386076,1986518.8,20.8397,112559415296,84,65,50,42,61,1,HOLD,0.63,8,False,live,STOCK,61,NEUTRAL,NYSE
2026-08-29T07:57:11.520163+09:00,2026-08-29,ABNB,"Airbnb, Inc.",US,소비재,2026-08-28,189.43,4827573,5610473.65,5.2925,113427963904,73,60,50,42,61,2,WATCH,0.7,8,False,live,STOCK,80,NEUTRAL,NASDAQ
2026-08-29T07:57:11.520163+09:00,2026-08-29,BNY,Bank of New York Mellon Corp,US,금융,2026-08-28,162.5,2353557,2319342.85,2.8407,110256922624,69,60,48,50,57,0,HOLD,0.51,6,False,live,STOCK,60,NEUTRAL,NYSE
2026-08-29T07:57:11.520163+09:00,2026-08-29,BP,BP p.l.c.,US,에너지,2026-08-28,42.15,11762341,8660002.05,0.8262,108550684672,43,60,55,74,57,1,HOLD,0.12,1,False,live,STOCK,63,NEUTRAL,NYSE
2026-08-29T07:57:11.520163+09:00,2026-08-29,FCX,Freeport-McMoRan Inc.,US,소재,2026-08-28,76.45,18056116,14381600.8,2.7936,109783539712,91,60,50,53,63,1,HOLD,0.76,9,False,live,STOCK,48,NEUTRAL,NYSE
2026-08-29T07:57:11.520163+09:00,2026-08-29,ENB,Enbridge Inc.,US,에너지,2026-08-28,50.2,5446494,5744169.7,0.8705,109641097216,50,60,60,37,46,0,HOLD,-0.19,-2,False,live,STOCK,29,NEUTRAL,NYSE
2026-08-29T07:57:11.520163+09:00,2026-08-29,MPC,Marathon Petroleum Corporation,US,에너지,2026-08-28,368.83,1917722,2515696.1,10.7348,103576592384,80,60,50,68,71,2,WATCH,0.98,12,False,live,STOCK,93,NEUTRAL,NYSE
2026-08-29T07:57:11.520163+09:00,2026-08-29,SNY,Sanofi,US,제약/바이오,2026-08-28,44.82,1357676,2442948.8,0.6282,107394883584,80,65,55,61,58,1,HOLD,0.4,5,False,live,STOCK,26,NEUTRAL,NASDAQ
2026-08-29T07:57:11.520163+09:00,2026-08-29,IBN,ICICI Bank Limited,US,금융,2026-08-28,29.88,4482728,5099766.4,0.4529,107218788352,47,60,53,58,55,0,HOLD,0.35,4,False,live,STOCK,69,NEUTRAL,NYSE
2026-08-29T07:57:11.520163+09:00,2026-08-29,APP,AppLovin Corporation,US,IT,2026-08-28,317.76,6614095,6513284.75,13.3336,106748141568,37,60,60,58,45,0,HOLD,-0.46,-6,False,live,STOCK,20,NEUTRAL,NASDAQ
2026-08-29T07:57:11.520163+09:00,2026-08-29,NET,"Cloudflare, Inc.",US,IT,2026-08-28,299.84,2541324,4067191.2,15.9699,106766942208,62,60,50,27,53,1,HOLD,0.38,5,False,live,STOCK,72,NEUTRAL,NYSE
2026-08-29T07:57:11.520163+09:00,2026-08-29,HWM,Howmet Aerospace Inc.,US,산업재,2026-08-28,264.85,1650417,2112980.85,7.615,105622552576,43,60,63,50,46,0,HOLD,-0.13,-2,False,live,STOCK,19,NEUTRAL,NYSE
2026-08-29T07:57:11.520163+09:00,2026-08-29,CM,Canadian Imperial Bank of Commerce,US,금융,2026-08-28,114.33,1263805,1058155.25,2.7529,103804256256,47,60,55,60,52,0,HOLD,0.15,2,False,live,STOCK,48,NEUTRAL,NYSE
2026-08-29T07:57:11.520163+09:00,2026-08-29,SOJE,Southern Company (The) Series 2,US,유틸리티,2026-08-28,16.01,27517,48155.85,0.1729,,47,60,48,50,46,0,HOLD,-0.18,-2,False,live,STOCK,40,NEUTRAL,NYSE
2026-08-29T07:57:11.520163+09:00,2026-08-29,SOMN,The Southern Company,US,유틸리티,2026-08-28,47.76,8976,105873.8,0.5296,,28,60,45,50,40,0,AVOID,-0.47,-6,True,live,STOCK,42,NEUTRAL,NYSE
2026-08-29T07:57:11.520163+09:00,2026-08-29,MCK,McKesson Corporation,US,제약/바이오,2026-08-28,893.39,603082,1012244.1,22.6028,104160665600,81,65,56,66,61,1,HOLD,0.63,8,False,live,STOCK,32,NEUTRAL,NYSE
2026-08-29T07:57:11.520163+09:00,2026-08-29,AEM,Agnico Eagle Mines Limited,US,소재,2026-08-28,206.25,3685859,3597332.95,8.4779,104437751808,84,60,55,55,70,2,WATCH,1.0,12,False,live,STOCK,87,NEUTRAL,NYSE
2026-08-29T07:57:11.520163+09:00,2026-08-29,DASH,"DoorDash, Inc.",US,인터넷,2026-08-28,236.74,2998943,4588802.15,7.6126,103152050176,77,65,50,30,61,2,WATCH,0.76,9,False,live,STOCK,86,NEUTRAL,NASDAQ
2026-08-29T07:57:11.520163+09:00,2026-08-29,EQIX,"Equinix, Inc.",US,리츠,2026-08-28,1044.41,477061,570548.05,32.4514,103053697024,43,60,48,30,43,0,AVOID,-0.2,-2,True,live,STOCK,49,NEUTRAL,NASDAQ
2026-08-29T07:57:11.520163+09:00,2026-08-29,CME,CME Group Inc.,US,금융,2026-08-28,285.8,2740835,1793011.75,5.8039,102767747072,71,60,65,45,63,1,HOLD,0.71,9,False,live,STOCK,68,NEUTRAL,NASDAQ
2026-08-29T07:57:11.520163+09:00,2026-08-29,GD,General Dynamics Corporation,US,산업재,2026-08-28,379.32,624400,794780.0,5.8757,102627753984,47,60,53,50,50,0,HOLD,0.17,2,False,live,STOCK,52,NEUTRAL,NYSE
2026-08-29T07:57:11.520163+09:00,2026-08-29,CNQ,Canadian Natural Resources Limited,US,에너지,2026-08-28,48.99,6923794,6049809.7,1.0489,100992892928,69,60,53,63,63,0,HOLD,0.58,7,False,live,STOCK,69,NEUTRAL,NYSE
2026-08-29T07:57:11.520163+09:00,2026-08-29,GSK,GSK plc,US,제약/바이오,2026-08-28,50.82,3432072,3095978.6,1.043,101782585344,28,65,45,63,47,0,HOLD,-0.18,-2,False,live,STOCK,62,NEUTRAL,NYSE
2026-08-29T07:57:11.520163+09:00,2026-08-29,SO,The Southern Company,US,유틸리티,2026-08-28,88.25,6345625,5755391.25,1.2559,101519532032,28,60,53,42,45,0,HOLD,-0.22,-3,False,live,STOCK,62,NEUTRAL,NYSE
2026-08-29T07:57:11.520163+09:00,2026-08-29,VLO,Valero Energy Corporation,US,에너지,2026-08-28,352.36,1832339,2452351.95,9.905,101454110720,63,60,60,71,68,2,WATCH,0.8,10,False,live,STOCK,84,NEUTRAL,NYSE
2026-08-29T07:57:11.520163+09:00,2026-08-29,ING,ING Groep N.V.,US,금융,2026-08-28,35.24,1128948,2042127.4,0.405,100534042624,62,60,50,60,57,0,HOLD,0.44,5,False,live,STOCK,55,NEUTRAL,NYSE
2026-08-29T07:57:11.520163+09:00,2026-08-29,SMFG,"Sumitomo Mitsui Financial Group, Inc.",US,금융,2026-08-28,25.92,1481074,1348648.7,0.4736,164138844160,69,60,50,60,59,0,HOLD,0.56,7,False,live,STOCK,58,NEUTRAL,NYSE
2026-08-29T07:57:11.520163+09:00,2026-08-29,MELI,"MercadoLibre, Inc.",US,소비재,2026-08-28,1966.25,338178,497578.9,72.3357,99682582528,84,60,65,42,68,2,WATCH,0.98,12,False,live,STOCK,77,NEUTRAL,NASDAQ
2026-08-29T07:57:11.520163+09:00,2026-08-29,CEG,Constellation Energy Corporation,US,유틸리티,2026-08-28,276.75,1720807,2589940.35,8.1763,98054569984,80,60,63,45,62,1,HOLD,0.58,7,False,live,STOCK,48,NEUTRAL,NASDAQ
2026-08-29T07:57:11.520163+09:00,2026-08-29,VRT,Vertiv Holdings Co,US,산업재,2026-08-28,257.08,3834647,4558482.35,13.1537,98972753920,21,60,60,42,40,0,AVOID,-0.63,-8,True,live,STOCK,36,NEUTRAL,NYSE
2026-08-29T07:57:11.520163+09:00,2026-08-29,EQNR,Equinor ASA,US,에너지,2026-08-28,41.39,1780947,2680192.35,0.825,98233614336,69,60,55,78,61,1,HOLD,0.51,6,False,live,STOCK,40,NEUTRAL,NYSE
2026-08-29T07:57:11.520163+09:00,2026-08-29,TT,Trane Technologies plc,US,산업재,2026-08-28,448.96,721492,944039.6,10.3011,98781609984,28,60,63,50,44,0,AVOID,-0.27,-3,True,live,STOCK,36,NEUTRAL,NYSE
2026-08-29T07:57:11.520163+09:00,2026-08-29,INTU,Intuit Inc.,US,IT,2026-08-28,358.06,4116751,4095872.55,15.7082,97942650880,58,60,60,74,67,2,WATCH,0.56,7,False,live,STOCK,84,NEUTRAL,NASDAQ
2026-08-29T07:57:11.520163+09:00,2026-08-29,PSX,Phillips 66,US,에너지,2026-08-28,244.01,1728245,2747042.25,6.8907,97832148992,58,60,50,60,62,1,HOLD,0.61,7,False,live,STOCK,87,NEUTRAL,NYSE
2026-08-29T07:57:11.520163+09:00,2026-08-29,KKR,KKR & Co. Inc.,US,금융,2026-08-28,108.68,2423598,4734924.9,3.9757,100375822336,62,60,58,66,62,0,HOLD,0.59,7,False,live,STOCK,63,NEUTRAL,NYSE
2026-08-29T07:57:11.520163+09:00,2026-08-29,USB,U.S. Bancorp,US,금융,2026-08-28,62.47,6255985,6045409.25,0.9979,97331478528,44,60,73,60,62,2,WATCH,0.57,7,False,live,STOCK,75,NEUTRAL,NYSE
2026-08-29T07:57:11.520163+09:00,2026-08-29,PNC,"The PNC Financial Services Group, Inc.",US,금융,2026-08-28,242.22,1376293,1450259.65,4.2054,96632135680,47,60,63,60,59,0,HOLD,0.44,5,False,live,STOCK,69,NEUTRAL,NYSE
2026-08-29T07:57:11.520163+09:00,2026-08-29,CMCSA,Comcast Corporation,US,인터넷,2026-08-28,27.06,20584595,22554999.75,0.6111,96026107904,84,65,52,73,73,3,BUY,0.96,12,False,live,STOCK,87,NEUTRAL,NASDAQ
2026-08-29T07:57:11.520163+09:00,2026-08-29,CSX,CSX Corporation,US,산업재,2026-08-28,51.28,6691332,9258826.6,0.8489,94994907136,91,60,45,58,65,1,HOLD,0.78,9,False,live,STOCK,61,NEUTRAL,NASDAQ
2026-08-29T07:57:11.520163+09:00,2026-08-29,DUK,Duke Energy Corporation,US,유틸리티,2026-08-28,120.25,2702758,4592207.9,1.7566,93759193088,31,60,63,42,50,0,HOLD,-0.04,0,False,live,STOCK,65,NEUTRAL,NYSE
2026-08-29T07:57:11.520163+09:00,2026-08-29,CDNS,"Cadence Design Systems, Inc.",US,IT,2026-08-28,340.39,1794901,2058515.05,9.8686,93741023232,62,60,60,30,49,0,HOLD,-0.12,-1,False,live,STOCK,33,NEUTRAL,NASDAQ
2026-08-29T07:57:11.520163+09:00,2026-08-29,HOOD,"Robinhood Markets, Inc.",US,금융,2026-08-28,104.26,16200263,18464398.15,6.0214,93738319872,76,60,60,42,60,1,HOLD,0.67,8,False,live,STOCK,55,NEUTRAL,NASDAQ
2026-08-29T07:57:11.520163+09:00,2026-08-29,BNH,Brookfield Finance Inc.,US,금융,2026-08-28,14.88,27147,17622.35,0.0961,,28,60,55,50,43,0,AVOID,-0.36,-4,True,live,STOCK,40,NEUTRAL,NYSE
2026-08-29T07:57:11.520163+09:00,2026-08-29,BNJ,Brookfield Finance Inc. 4.50% P,US,금융,2026-08-28,15.02,8244,15187.2,0.1059,,46,60,55,50,48,0,HOLD,-0.04,0,False,live,STOCK,40,NEUTRAL,NYSE
2026-08-29T07:57:11.520163+09:00,2026-08-29,BN,Brookfield Corporation,US,금융,2026-08-28,41.33,3567413,4147665.65,0.9221,92263088128,35,60,50,35,45,0,HOLD,-0.29,-3,False,live,STOCK,62,NEUTRAL,NYSE
2026-08-29T07:57:11.520163+09:00,2026-08-29,MRSH,"Marsh & McLennan Companies, Inc.",US,금융,2026-08-28,192.64,1446780,1888079.0,3.7686,91929976832,62,60,32,66,52,0,HOLD,0.27,3,False,live,STOCK,55,NEUTRAL,NYSE
2026-08-29T07:57:11.520163+09:00,2026-08-29,MNST,Monster Beverage Corporation,US,소매,2026-08-28,46.86,5279487,9071384.35,4.2568,91801165824,29,60,70,34,53,2,HOLD,-0.1,-1,False,live,STOCK,84,NEUTRAL,NASDAQ
2026-08-29T07:57:11.520163+09:00,2026-08-29,MAR,"Marriott International, Inc.",US,소비재,2026-08-28,351.08,1001556,1750377.8,6.1518,91549827072,57,60,60,58,52,0,HOLD,-0.03,0,False,live,STOCK,26,NEUTRAL,NASDAQ
2026-08-29T07:57:11.520163+09:00,2026-08-29,ICE,"Intercontinental Exchange, Inc.",US,금융,2026-08-28,162.33,3000843,3416252.15,2.9607,91131166720,69,60,53,50,63,1,HOLD,0.69,8,False,live,STOCK,83,NEUTRAL,NYSE
2026-08-29T07:57:11.520163+09:00,2026-08-29,PWR,"Quanta Services, Inc.",US,산업재,2026-08-28,602.7,881696,1072094.8,26.0607,90611965952,28,60,68,35,41,0,AVOID,-0.5,-6,True,live,STOCK,26,NEUTRAL,NYSE
2026-08-29T07:57:11.520163+09:00,2026-08-29,BCS,Barclays PLC,US,금융,2026-08-28,26.86,2778811,2635970.55,0.3732,90221789184,44,60,50,78,53,1,HOLD,0.12,1,False,live,STOCK,45,NEUTRAL,NYSE
2026-08-29T07:57:11.520163+09:00,2026-08-29,HCA,"HCA Healthcare, Inc.",US,제약/바이오,2026-08-28,417.82,1000801,1172335.05,10.7157,90458660864,77,65,66,60,68,1,HOLD,0.84,10,False,live,STOCK,63,NEUTRAL,NYSE
2026-08-29T07:57:11.520163+09:00,2026-08-29,WMB,"The Williams Companies, Inc.",US,에너지,2026-08-28,73.73,4693034,6386116.7,2.1686,90184146944,76,60,53,42,62,2,WATCH,0.63,8,False,live,STOCK,76,NEUTRAL,NYSE
2026-08-29T07:57:11.520163+09:00,2026-08-29,MMM,3M Company,US,산업재,2026-08-28,174.34,2335571,2635638.55,3.2333,89911050240,39,60,63,58,54,0,HOLD,0.29,3,False,live,STOCK,61,NEUTRAL,NYSE
2026-08-29T07:57:11.520163+09:00,2026-08-29,UPS,"United Parcel Service, Inc.",US,산업재,2026-08-28,105.33,2342107,4621905.35,1.8461,89612820480,72,60,63,66,63,1,HOLD,0.45,5,False,live,STOCK,47,NEUTRAL,NYSE
2026-08-29T07:57:11.520163+09:00,2026-08-29,MCO,Moody's Corporation,US,금융,2026-08-28,514.95,471686,687419.3,10.8594,89179553792,73,60,50,42,59,1,HOLD,0.58,7,False,live,STOCK,69,NEUTRAL,NYSE
2026-08-29T07:57:11.520163+09:00,2026-08-29,WM,"Waste Management, Inc.",US,산업재,2026-08-28,219.66,1962194,1997834.7,3.5371,87801438208,28,60,60,50,40,0,AVOID,-0.37,-4,True,live,STOCK,19,NEUTRAL,NYSE
2026-08-29T07:57:11.520163+09:00,2026-08-29,EMR,Emerson Electric Co.,US,산업재,2026-08-28,155.18,1520787,2691794.35,3.5524,86559399936,47,60,70,58,62,2,WATCH,0.52,6,False,live,STOCK,77,NEUTRAL,NYSE
2026-08-29T07:57:11.520163+09:00,2026-08-29,LYG,Lloyds Banking Group plc,US,금융,2026-08-28,5.92,8337005,11926535.25,0.0875,85739503616,47,60,58,76,51,1,HOLD,0.08,1,False,live,STOCK,22,NEUTRAL,NYSE
2026-08-29T07:57:11.520163+09:00,2026-08-29,ELV,Elevance Health Inc.,US,제약/바이오,2026-08-28,394.43,561304,881990.2,9.2493,85539758080,65,65,85,76,75,3,BUY,0.81,10,False,live,STOCK,73,NEUTRAL,NYSE
2026-08-29T07:57:11.520163+09:00,2026-08-29,SLB,Slb N.V.,US,에너지,2026-08-28,57.33,17902297,9969524.85,1.518,85085937664,78,60,60,58,64,1,HOLD,0.63,8,False,live,STOCK,55,NEUTRAL,NYSE
2026-08-29T07:57:11.520163+09:00,2026-08-29,SNPS,"Synopsys, Inc.",US,IT,2026-08-28,442.61,2002907,1642540.35,15.295,84820287488,69,60,63,43,57,0,HOLD,0.19,2,False,live,STOCK,43,NEUTRAL,NASDAQ
2026-08-29T07:57:11.520163+09:00,2026-08-29,JCI,Johnson Controls International plc,US,소재,2026-08-28,139.59,2681027,3050511.35,3.7404,84555448320,43,60,50,58,49,0,HOLD,-0.02,0,False,live,STOCK,48,NEUTRAL,NYSE
2026-08-29T07:57:11.520163+09:00,2026-08-29,EPD,Enterprise Products Partners L.P.,US,에너지,2026-08-28,39.02,1046905,2889985.25,0.5764,84262805504,88,60,55,60,70,2,WATCH,0.89,11,False,live,STOCK,77,NEUTRAL,NYSE
2026-08-29T07:57:11.520163+09:00,2026-08-29,DDOG,"Datadog, Inc.",US,IT,2026-08-28,236.98,2489254,5066262.7,12.5682,85093597184,25,60,63,35,43,0,AVOID,-0.47,-6,True,live,STOCK,48,NEUTRAL,NASDAQ
2026-08-29T07:57:11.520163+09:00,2026-08-29,SHW,The Sherwin-Williams Company,US,소재,2026-08-28,344.86,1557020,1666851.0,7.316,83717570560,47,60,60,50,56,0,HOLD,0.38,5,False,live,STOCK,67,NEUTRAL,NYSE
2026-08-29T07:57:11.520163+09:00,2026-08-29,BAM,Brookfield Asset Management Ltd.,US,금융,2026-08-28,52.12,1178413,2528365.65,1.2891,83248750592,47,60,61,42,53,0,HOLD,0.25,3,False,live,STOCK,63,NEUTRAL,NYSE
2026-08-29T07:57:11.520163+09:00,2026-08-29,ASX,"ASE Technology Holding Co., Ltd.",US,반도체,2026-08-28,37.78,7821549,6956487.45,1.6068,98366472192,65,65,55,37,52,0,HOLD,0.17,2,False,live,STOCK,44,NEUTRAL,NYSE
2026-08-29T07:57:11.520163+09:00,2026-08-29,CP,Canadian Pacific Kansas City Ltd.,US,산업재,2026-08-28,94.12,1332007,2480515.35,1.6939,82738937856,69,60,63,58,67,1,HOLD,0.7,8,False,live,STOCK,77,NEUTRAL,NYSE
2026-08-29T07:57:11.520163+09:00,2026-08-29,ITUB,Itaú Unibanco Holding S.A.,US,금융,2026-08-28,7.5,14861137,21853761.85,0.215,82664038400,47,60,55,70,50,1,HOLD,-0.12,-1,False,live,STOCK,26,NEUTRAL,NYSE
2026-08-29T07:57:11.520163+09:00,2026-08-29,AMT,American Tower Corporation,US,리츠,2026-08-28,176.23,1597071,2103743.55,3.525,82116141056,80,60,60,42,59,1,HOLD,0.39,5,False,live,STOCK,44,NEUTRAL,NYSE
2026-08-29T07:57:11.520163+09:00,2026-08-29,REGN,"Regeneron Pharmaceuticals, Inc.",US,제약/바이오,2026-08-28,794.19,487713,707405.65,18.0389,81765826560,51,65,60,58,60,1,HOLD,0.52,6,False,live,STOCK,75,NEUTRAL,NASDAQ
2026-08-29T07:57:11.520163+09:00,2026-08-29,CTAS,Cintas Corporation,US,산업재,2026-08-28,204.18,1344010,1806100.5,3.5844,81706622976,62,60,58,29,56,0,HOLD,0.51,6,False,live,STOCK,69,NEUTRAL,NASDAQ
2026-08-29T07:57:11.520163+09:00,2026-08-29,CVNA,Carvana Co.,US,소비재,2026-08-28,74.04,4622532,8760796.6,3.6917,82070659072,73,60,58,42,63,2,WATCH,0.62,7,False,live,STOCK,77,NEUTRAL,NYSE
2026-08-29T07:57:11.520163+09:00,2026-08-29,ECL,Ecolab Inc.,US,소재,2026-08-28,286.75,730371,1413583.55,5.4243,80384229376,84,60,55,58,71,2,WATCH,1.03,12,False,live,STOCK,90,NEUTRAL,NYSE
2026-08-29T07:57:11.520163+09:00,2026-08-29,MSI,"Motorola Solutions, Inc.",US,IT,2026-08-28,486.0,504504,1000805.2,10.0221,80429981696,91,60,50,50,60,1,HOLD,0.69,8,False,live,STOCK,38,NEUTRAL,NYSE
2026-08-29T07:57:11.520163+09:00,2026-08-29,ITW,Illinois Tool Works Inc.,US,산업재,2026-08-28,280.1,835436,935176.8,4.7382,79772483584,39,60,50,42,47,0,HOLD,0.07,1,False,live,STOCK,58,NEUTRAL,NYSE
2026-08-29T07:57:11.520163+09:00,2026-08-29,NGG,National Grid plc,US,유틸리티,2026-08-28,79.35,729039,732726.95,1.0725,79775318016,31,60,55,52,47,0,HOLD,-0.2,-2,False,live,STOCK,52,NEUTRAL,NYSE
2026-08-29T07:57:11.520163+09:00,2026-08-29,MDLZ,"Mondelez International, Inc.",US,소매,2026-08-28,62.36,9164737,7146871.85,1.1646,79590572032,43,60,63,50,51,0,HOLD,0.06,1,False,live,STOCK,48,NEUTRAL,NASDAQ
2026-08-29T07:57:11.520163+09:00,2026-08-29,NTES,"NetEase, Inc.",US,IT,2026-08-28,122.76,505410,843485.5,4.4854,78597111808,25,60,58,68,54,1,HOLD,-0.01,0,False,live,STOCK,77,NEUTRAL,NASDAQ
2026-08-29T07:57:11.520163+09:00,2026-08-29,NSC,Norfolk Southern Corporation,US,산업재,2026-08-28,348.68,980303,1144060.15,5.9114,78316445696,91,60,60,45,65,1,HOLD,0.89,11,False,live,STOCK,54,NEUTRAL,NYSE
2026-08-29T07:57:11.520163+09:00,2026-08-29,FDX,FedEx Corporation,US,산업재,2026-08-28,330.88,956859,1426237.95,8.0771,78309515264,87,60,66,68,66,1,HOLD,0.61,7,False,live,STOCK,34,NEUTRAL,NYSE
2026-08-29T07:57:11.520163+09:00,2026-08-29,GM,General Motors Company,US,소비재,2026-08-28,86.27,6375526,4945426.3,1.965,78027030528,43,60,50,74,53,1,HOLD,0.06,1,False,live,STOCK,52,NEUTRAL,NYSE
2026-08-29T07:57:11.520163+09:00,2026-08-29,CMI,Cummins Inc.,US,산업재,2026-08-28,564.85,767452,942462.6,15.9601,77759774720,20,60,70,58,43,1,AVOID,-0.55,-7,True,live,STOCK,20,NEUTRAL,NYSE
2026-08-29T07:57:11.520163+09:00,2026-08-29,APO,"Apollo Global Management, Inc.",US,금융,2026-08-28,135.04,2243349,3452412.45,4.1657,79746949120,62,60,63,58,62,0,HOLD,0.5,6,False,live,STOCK,63,NEUTRAL,NYSE
2026-08-29T07:57:11.520163+09:00,2026-08-29,NOC,Northrop Grumman Corporation,US,산업재,2026-08-28,545.57,392852,641517.6,12.2293,77505323008,43,60,45,55,49,0,HOLD,-0.05,-1,False,live,STOCK,60,NEUTRAL,NYSE
2026-08-29T07:57:11.520163+09:00,2026-08-29,SU,Suncor Energy Inc.,US,에너지,2026-08-28,65.43,3140773,4264508.65,1.5332,77256163328,65,60,53,63,56,0,HOLD,0.26,3,False,live,STOCK,40,NEUTRAL,NYSE
2026-08-29T07:57:11.520163+09:00,2026-08-29,TRV,"The Travelers Companies, Inc.",US,금융,2026-08-28,369.9,976830,1608351.5,6.315,77151903744,51,60,53,78,59,1,HOLD,0.41,5,False,live,STOCK,60,NEUTRAL,NYSE
2026-08-29T07:57:11.520163+09:00,2026-08-29,E,Eni S.p.A.,US,에너지,2026-08-28,52.81,207589,347709.45,0.9186,76082421760,43,60,50,70,54,1,HOLD,0.02,0,False,live,STOCK,60,NEUTRAL,NYSE
2026-08-29T07:57:11.520163+09:00,2026-08-29,B,Barrick Mining Corporation,US,소재,2026-08-28,45.65,15097937,12475696.85,1.5475,75134623744,84,60,50,78,67,2,WATCH,0.71,9,False,live,STOCK,55,NEUTRAL,NYSE
2026-08-29T07:57:11.520163+09:00,2026-08-29,EOG,"EOG Resources, Inc.",US,에너지,2026-08-28,143.35,2687415,2889880.75,3.0074,75191263232,47,60,60,78,61,1,HOLD,0.34,4,False,live,STOCK,65,NEUTRAL,NYSE
2026-08-29T07:57:11.520163+09:00,2026-08-29,CNI,Canadian National Railway Company,US,산업재,2026-08-28,126.01,768366,1143533.3,1.8962,76223447040,47,60,63,50,56,0,HOLD,0.29,3,False,live,STOCK,67,NEUTRAL,NYSE
2026-08-29T07:57:11.520163+09:00,2026-08-29,DB,Deutsche Bank AG,US,금융,2026-08-28,40.36,1850124,1724861.2,0.5696,75836440576,82,60,63,80,70,2,WATCH,0.92,11,False,live,STOCK,54,NEUTRAL,NYSE
2026-08-29T07:57:11.520163+09:00,2026-08-29,AON,Aon plc,US,금융,2026-08-28,355.4,669113,814035.65,7.268,75389378560,62,60,53,45,48,0,HOLD,0.14,2,False,live,STOCK,23,NEUTRAL,NYSE
2026-08-29T07:57:11.520163+09:00,2026-08-29,RCL,Royal Caribbean Cruises Ltd.,US,소비재,2026-08-28,279.41,1107231,1485576.55,7.6714,74728783872,35,60,63,60,46,0,HOLD,-0.27,-3,False,live,STOCK,22,NEUTRAL,NYSE
2026-08-29T07:57:11.520163+09:00,2026-08-29,APOS,"Apollo Global Management, Inc.",US,금융,2026-08-28,25.6,11923,63171.15,0.1739,,65,60,58,50,55,0,HOLD,0.22,3,False,live,STOCK,40,NEUTRAL,NYSE
2026-08-29T07:57:11.520163+09:00,2026-08-29,TGT,Target Corporation,US,소매,2026-08-28,163.18,3569281,4978354.05,5.4062,74131275776,95,60,53,60,74,2,WATCH,1.16,14,False,live,STOCK,87,NEUTRAL,NYSE
2026-08-29T07:57:11.520163+09:00,2026-08-29,RACE,Ferrari N.V.,US,소비재,2026-08-28,420.54,319082,431094.1,7.595,73916145664,73,60,60,37,62,2,WATCH,0.76,9,False,live,STOCK,75,NEUTRAL,NYSE
2026-08-29T07:57:11.520163+09:00,2026-08-29,CI,Cigna Corporation,US,제약/바이오,2026-08-28,278.88,1310314,1749620.7,5.6196,73691389952,65,65,60,94,67,1,HOLD,0.53,6,False,live,STOCK,55,NEUTRAL,NYSE
2026-08-29T07:57:11.520163+09:00,2026-08-29,ORLY,"O'Reilly Automotive, Inc.",US,소비재,2026-08-28,88.5,4704785,4559514.25,1.9418,71593025536,43,60,58,50,51,0,HOLD,0.03,0,False,live,STOCK,52,NEUTRAL,NASDAQ
2026-08-29T07:57:11.520163+09:00,2026-08-29,ET,Energy Transfer LP,US,에너지,2026-08-28,21.31,5035880,9473064.0,0.3371,73376710656,69,60,75,68,69,1,HOLD,0.83,10,False,live,STOCK,61,NEUTRAL,NYSE
2026-08-29T07:57:11.520163+09:00,2026-08-29,ROST,"Ross Stores, Inc.",US,소비재,2026-08-28,228.55,2375298,2769369.9,6.8986,73314516992,35,60,55,42,45,0,HOLD,-0.17,-2,False,live,STOCK,48,NEUTRAL,NASDAQ
2026-08-29T07:57:11.520163+09:00,2026-08-29,CL,Colgate-Palmolive Company,US,소매,2026-08-28,90.75,2773008,4128185.4,1.6489,72343429120,43,60,53,50,51,0,HOLD,0.07,1,False,live,STOCK,63,NEUTRAL,NYSE
2026-08-29T07:57:11.520163+09:00,2026-08-29,HLT,Hilton Worldwide Holdings Inc.,US,소비재,2026-08-28,321.85,1220076,1914793.8,6.6792,72437145600,57,60,60,50,49,0,HOLD,-0.05,-1,False,live,STOCK,20,NEUTRAL,NYSE
2026-08-29T07:57:11.520163+09:00,2026-08-29,WBD,"Warner Bros. Discovery, Inc.",US,인터넷,2026-08-28,28.77,10004334,19144506.7,0.3875,72130322432,69,65,53,38,58,0,HOLD,0.46,6,False,live,STOCK,69,NEUTRAL,NASDAQ
2026-08-29T07:57:11.520163+09:00,2026-08-29,SE,Sea Limited,US,소비재,2026-08-28,119.36,3567670,4768168.5,5.27,73106153472,66,60,50,50,63,1,HOLD,0.73,9,False,live,STOCK,93,NEUTRAL,NYSE
2026-08-29T07:57:11.520163+09:00,2026-08-29,MFC,Manulife Financial Corporation,US,금융,2026-08-28,42.76,1563226,3018576.3,0.6716,71062913024,44,60,58,76,56,1,HOLD,0.29,3,False,live,STOCK,51,NEUTRAL,NYSE
2026-08-29T07:57:11.520163+09:00,2026-08-29,KMI,"Kinder Morgan, Inc.",US,에너지,2026-08-28,31.56,5498738,10180051.9,0.803,70277873664,28,60,53,45,47,0,HOLD,-0.12,-1,False,live,STOCK,69,NEUTRAL,NYSE
2026-08-29T07:57:11.520163+09:00,2026-08-29,SATA,Strive Inc. Perp. Pfd. Series A,US,금융,2026-08-28,99.75,386076,221993.8,0.394,,50,60,58,42,56,1,HOLD,0.29,3,False,live,STOCK,78,NEUTRAL,NASDAQ
2026-08-29T07:57:11.520163+09:00,2026-08-29,LITE,Lumentum Holdings Inc.,US,IT,2026-08-28,895.0,3439848,4999852.4,74.5826,80281501696,87,60,50,50,65,1,HOLD,0.64,8,False,live,STOCK,69,NEUTRAL,NASDAQ
2026-08-29T07:57:11.520163+09:00,2026-08-29,WPM,Wheaton Precious Metals Corp.,US,소재,2026-08-28,153.33,2494985,2483864.25,5.9216,69636349952,84,60,60,50,71,2,WATCH,1.04,12,False,live,STOCK,87,NEUTRAL,NYSE
2026-08-29T07:57:11.520163+09:00,2026-08-29,BSX,Boston Scientific Corporation,US,제약/바이오,2026-08-28,46.84,17143444,19445172.2,1.6707,67881914368,43,65,75,66,61,1,HOLD,0.28,3,False,live,STOCK,63,NEUTRAL,NYSE
2026-08-29T07:57:11.520163+09:00,2026-08-29,SPG,"Simon Property Group, Inc.",US,리츠,2026-08-28,214.56,852660,1252538.0,3.1054,81452015616,32,60,72,47,51,1,HOLD,0.07,1,False,live,STOCK,51,NEUTRAL,NYSE
2026-08-29T07:57:11.520163+09:00,2026-08-29,AMX,"América Móvil, S.A.B. de C.V.",US,인터넷,2026-08-28,23.18,1607041,3090532.05,0.4271,69438816256,50,65,55,76,54,1,HOLD,-0.05,-1,False,live,STOCK,35,NEUTRAL,NYSE
2026-08-29T07:57:11.520163+09:00,2026-08-29,NU,Nu Holdings Ltd.,US,금융,2026-08-28,14.3,79125113,66795220.65,0.7235,69078851584,69,60,45,66,57,0,HOLD,0.39,5,False,live,STOCK,48,NEUTRAL,NYSE
2026-08-29T07:57:11.520163+09:00,2026-08-29,HPE,Hewlett Packard Enterprise Company,US,IT,2026-08-28,52.31,13877587,15317834.35,2.6975,69269086208,47,60,78,66,61,1,HOLD,0.48,6,False,live,STOCK,52,NEUTRAL,NYSE
2026-08-29T07:57:11.520163+09:00,2026-08-29,HON,Honeywell International Inc.,US,산업재,2026-08-28,217.43,2108966,2939513.3,5.2001,68912259072,17,60,52,65,45,0,HOLD,-0.49,-6,False,live,STOCK,58,NEUTRAL,NASDAQ
2026-08-29T07:57:11.520163+09:00,2026-08-29,AJG,Arthur J. Gallagher & Co.,US,금융,2026-08-28,267.56,1151306,1285690.3,7.7029,68586594304,95,60,63,58,74,2,WATCH,1.18,14,False,live,STOCK,77,NEUTRAL,NYSE
2026-08-29T07:57:11.520163+09:00,2026-08-29,DLR,"Digital Realty Trust, Inc.",US,리츠,2026-08-28,185.47,1699377,1881723.85,4.9546,70045286400,46,60,66,46,53,0,HOLD,0.12,1,False,live,STOCK,52,NEUTRAL,NYSE
2026-08-29T07:57:11.520163+09:00,2026-08-29,APD,"Air Products and Chemicals, Inc.",US,소재,2026-08-28,308.09,1042569,935108.45,5.7729,68607184896,84,60,60,42,67,2,WATCH,0.9,11,False,live,STOCK,78,NEUTRAL,NYSE
2026-08-29T07:57:11.520163+09:00,2026-08-29,RSG,"Republic Services, Inc.",US,산업재,2026-08-28,222.11,1401605,1400405.25,3.5286,68012965888,91,60,67,45,63,1,HOLD,0.75,9,False,live,STOCK,32,NEUTRAL,NYSE
2026-08-29T07:57:11.520163+09:00,2026-08-29,ALL,The Allstate Corporation,US,금융,2026-08-28,260.58,968018,1694790.9,5.5925,65889722368,51,60,53,73,55,1,HOLD,0.31,4,False,live,STOCK,48,NEUTRAL,NYSE
2026-08-29T07:57:11.520163+09:00,2026-08-29,AEP,"American Electric Power Company, Inc.",US,유틸리티,2026-08-28,122.31,2607614,3559610.7,2.0064,66585243648,31,60,60,42,44,0,AVOID,-0.24,-3,True,live,STOCK,44,NEUTRAL,NASDAQ
2026-08-29T07:57:11.520163+09:00,2026-08-29,TDG,TransDigm Group Incorporated,US,산업재,2026-08-28,1185.97,192539,452791.95,25.4886,65556295680,28,60,56,53,42,0,AVOID,-0.41,-5,True,live,STOCK,33,NEUTRAL,NYSE
2026-08-29T07:57:11.520163+09:00,2026-08-29,PCAR,PACCAR Inc,US,산업재,2026-08-28,125.34,1839829,2955401.45,2.7239,65974583296,47,60,45,58,44,0,AVOID,-0.04,0,True,live,STOCK,25,NEUTRAL,NASDAQ
2026-08-29T07:57:11.520163+09:00,2026-08-29,TRP,TC Energy Corporation,US,에너지,2026-08-28,61.86,1073665,2122888.25,1.4129,64443703296,31,60,50,45,40,0,AVOID,-0.48,-6,True,live,STOCK,32,NEUTRAL,NYSE
2026-08-29T07:57:11.520163+09:00,2026-08-29,URI,"United Rentals, Inc.",US,산업재,2026-08-28,1030.25,547121,431001.05,31.4166,64125321216,35,60,70,58,54,1,HOLD,0.1,1,False,live,STOCK,54,NEUTRAL,NYSE
2026-08-29T07:57:11.520163+09:00,2026-08-29,VALE,Vale S.A.,US,소재,2026-08-28,15.03,36621049,25904597.45,0.4038,63964110848,80,60,62,74,65,2,WATCH,0.48,6,False,live,STOCK,39,NEUTRAL,NYSE
2026-08-29T07:57:11.520163+09:00,2026-08-29,CRH,CRH plc,US,소재,2026-08-28,95.86,3341650,4314582.5,2.3928,63774171136,47,60,55,60,55,0,HOLD,-0.0,0,False,live,STOCK,62,NEUTRAL,NYSE
2026-08-29T07:57:11.520163+09:00,2026-08-29,RELX,RELX Plc,US,산업재,2026-08-28,36.54,1246101,2109875.05,0.8736,63640498176,84,60,55,50,68,2,WATCH,0.85,10,False,live,STOCK,83,NEUTRAL,NYSE
2026-08-29T07:57:11.520163+09:00,2026-08-29,ARGX,argenx SE,US,제약/바이오,2026-08-28,1023.21,175511,309170.55,36.5391,63631151104,85,65,55,50,62,1,HOLD,0.73,9,False,live,STOCK,48,NEUTRAL,NASDAQ
2026-08-29T07:57:11.520163+09:00,2026-08-29,TFC,Truist Financial Corporation,US,금융,2026-08-28,50.43,4615520,5841151.0,0.8529,61606612992,47,60,66,70,61,1,HOLD,0.41,5,False,live,STOCK,64,NEUTRAL,NYSE
2026-08-29T07:57:11.520163+09:00,2026-08-29,COR,"Cencora, Inc.",US,제약/바이오,2026-08-28,322.03,625238,1456711.9,8.2507,61452070912,59,65,68,58,62,0,HOLD,0.63,8,False,live,STOCK,63,NEUTRAL,NYSE
2026-08-29T07:57:11.520163+09:00,2026-08-29,MET,"MetLife, Inc.",US,금융,2026-08-28,96.51,2878195,3202564.75,1.515,61329879040,62,60,76,58,65,1,HOLD,0.75,9,False,live,STOCK,61,NEUTRAL,NYSE
2026-08-29T07:57:11.520163+09:00,2026-08-29,BE,Bloom Energy Corporation,US,산업재,2026-08-28,210.77,11366725,12760471.25,17.5243,62077534208,40,60,55,43,42,0,AVOID,-0.48,-6,True,live,STOCK,26,NEUTRAL,NYSE
2026-08-29T07:57:11.520163+09:00,2026-08-29,BKR,Baker Hughes Company,US,에너지,2026-08-28,62.41,5700456,6177692.8,1.4436,61952786432,40,60,50,58,51,0,HOLD,-0.03,0,False,live,STOCK,63,NEUTRAL,NASDAQ
2026-08-29T07:57:11.520163+09:00,2026-08-29,TRGP,Targa Resources Corp.,US,에너지,2026-08-28,287.82,805544,1289892.2,8.8546,61717540864,91,60,53,42,60,1,HOLD,0.66,8,False,live,STOCK,40,NEUTRAL,NYSE
2026-08-29T07:57:11.520163+09:00,2026-08-29,MPWR,"Monolithic Power Systems, Inc.",US,반도체,2026-08-28,1256.26,703215,644955.75,54.6778,61736386560,18,65,50,35,33,0,AVOID,-0.85,-10,True,live,STOCK,29,NEUTRAL,NASDAQ
2026-08-29T07:57:11.520163+09:00,2026-08-29,GWW,"W.W. Grainger, Inc.",US,산업재,2026-08-28,1306.3,149265,247748.25,23.0514,61527965696,54,60,60,50,52,0,HOLD,0.17,2,False,live,STOCK,41,NEUTRAL,NYSE
2026-08-29T07:57:11.520163+09:00,2026-08-29,MPLX,MPLX Lp,US,에너지,2026-08-28,59.25,672520,1299326.0,0.8961,60071100416,62,60,55,55,54,0,HOLD,0.3,4,False,live,STOCK,40,NEUTRAL,NYSE
2026-08-29T07:57:11.520163+09:00,2026-08-29,OKE,"ONEOK, Inc.",US,에너지,2026-08-28,94.76,2605885,3613339.25,2.1821,59733831680,91,60,55,60,66,1,HOLD,0.83,10,False,live,STOCK,49,NEUTRAL,NYSE
2026-08-29T07:57:11.520163+09:00,2026-08-29,AFL,Aflac Incorporated,US,금융,2026-08-28,116.52,2720212,2043505.6,1.8332,58416517120,25,60,50,68,41,0,AVOID,-0.4,-5,True,live,STOCK,25,NEUTRAL,NYSE
2026-08-29T07:57:11.520163+09:00,2026-08-29,LNG,"Cheniere Energy, Inc.",US,에너지,2026-08-28,282.33,1300200,1519740.0,6.3564,58310787072,95,60,66,45,74,2,WATCH,1.21,15,False,live,STOCK,83,NEUTRAL,NYSE
2026-08-29T07:57:11.520163+09:00,2026-08-29,OXY,Occidental Petroleum Corporation,US,에너지,2026-08-28,59.1,4428409,7931950.45,1.275,59078565888,58,60,65,76,65,1,HOLD,0.46,6,False,live,STOCK,63,NEUTRAL,NYSE
2026-08-29T07:57:11.520163+09:00,2026-08-29,TEL,TE Connectivity plc,US,반도체,2026-08-28,202.66,1384371,1938748.55,5.6833,58672750592,40,65,63,66,51,0,HOLD,-0.11,-1,False,live,STOCK,34,NEUTRAL,NYSE
2026-08-29T07:57:11.520163+09:00,2026-08-29,NKE,"NIKE, Inc.",US,소비재,2026-08-28,39.6,28339979,27489963.95,1.1421,58746548224,25,60,50,50,38,0,AVOID,-0.69,-8,True,live,STOCK,27,NEUTRAL,NYSE
2026-08-29T07:57:11.520163+09:00,2026-08-29,PSA,Public Storage,US,리츠,2026-08-28,313.51,533719,709770.95,5.1043,58546659328,47,60,63,37,52,0,HOLD,0.21,3,False,live,STOCK,60,NEUTRAL,NYSE
2026-08-29T07:57:11.520163+09:00,2026-08-29,CVE,Cenovus Energy Inc.,US,에너지,2026-08-28,31.58,4816223,6893431.15,0.9411,58241257472,69,60,53,68,58,0,HOLD,0.46,6,False,live,STOCK,40,NEUTRAL,NYSE
2026-08-29T07:57:11.520163+09:00,2026-08-29,O,Realty Income Corporation,US,리츠,2026-08-28,61.98,3694054,5368482.7,0.7075,58646593536,31,60,63,42,43,0,AVOID,-0.2,-2,True,live,STOCK,34,NEUTRAL,NYSE
2026-08-29T07:57:11.520163+09:00,2026-08-29,D,"Dominion Energy, Inc.",US,유틸리티,2026-08-28,65.55,3276462,3470048.1,0.9511,57652928512,28,60,60,50,48,0,HOLD,-0.12,-1,False,live,STOCK,59,NEUTRAL,NYSE
2026-08-29T07:57:11.520163+09:00,2026-08-29,TAK,Takeda Pharmaceutical Company Limited,US,제약/바이오,2026-08-28,18.03,1803189,2934644.45,0.26,57578860544,91,65,45,66,68,1,HOLD,0.91,11,False,live,STOCK,69,NEUTRAL,NYSE
2026-08-29T07:57:11.520163+09:00,2026-08-29,AU,AngloGold Ashanti plc,US,소재,2026-08-28,113.19,3114615,3018470.75,4.9971,57248022528,88,60,63,84,80,3,STRONG_BUY,1.25,15,True,live,STOCK,87,NEUTRAL,NYSE
2026-08-29T07:57:11.520163+09:00,2026-08-29,FAST,Fastenal Company,US,산업재,2026-08-28,49.78,5999665,6734198.25,0.9854,57122430976,44,60,53,29,50,1,HOLD,0.23,3,False,live,STOCK,75,NEUTRAL,NASDAQ
2026-08-29T07:57:11.520163+09:00,2026-08-29,NUE,Nucor Corporation,US,소재,2026-08-28,250.5,929810,1488685.5,9.2875,56832356352,32,60,60,53,50,0,HOLD,-0.06,-1,False,live,STOCK,61,NEUTRAL,NYSE
2026-08-29T07:57:11.520163+09:00,2026-08-29,MT,ArcelorMittal S.A.,US,소재,2026-08-28,74.39,1122297,1399369.85,2.0729,56093163520,62,60,60,58,64,1,HOLD,0.57,7,False,live,STOCK,77,NEUTRAL,NYSE
2026-08-29T07:57:11.520163+09:00,2026-08-29,NXPI,NXP Semiconductors N.V.,US,반도체,2026-08-28,223.58,3296785,3398684.25,5.8607,56378867712,37,65,73,74,55,2,HOLD,-0.14,-2,False,live,STOCK,38,NEUTRAL,NASDAQ
2026-08-29T07:57:11.520163+09:00,2026-08-29,CTVA,"Corteva, Inc.",US,소재,2026-08-28,83.9,3118530,4656906.5,2.0057,55977746432,58,60,58,50,58,0,HOLD,0.42,5,False,live,STOCK,67,NEUTRAL,NYSE
2026-08-29T07:57:11.520163+09:00,2026-08-29,FANG,"Diamondback Energy, Inc.",US,에너지,2026-08-28,197.67,2128057,1787587.85,5.2606,55351508992,43,60,50,61,47,0,HOLD,-0.17,-2,False,live,STOCK,34,NEUTRAL,NASDAQ
2026-08-29T07:57:11.520163+09:00,2026-08-29,NDAQ,"Nasdaq, Inc.",US,금융,2026-08-28,99.31,2528852,2641212.6,1.7286,55512039424,81,60,45,58,62,1,HOLD,0.58,7,False,live,STOCK,61,NEUTRAL,NASDAQ
2026-08-29T07:57:11.520163+09:00,2026-08-29,TER,"Teradyne, Inc.",US,반도체,2026-08-28,354.97,2373639,2635541.95,23.0586,55496278016,46,65,45,50,48,0,HOLD,-0.15,-2,False,live,STOCK,52,NEUTRAL,NASDAQ
2026-08-29T07:57:11.520163+09:00,2026-08-29,F,Ford Motor Company,US,소비재,2026-08-28,13.88,40146821,40584521.05,0.3907,55347830784,33,60,68,57,55,0,HOLD,-0.12,-1,False,live,STOCK,65,NEUTRAL,NYSE
2026-08-29T07:57:11.520163+09:00,2026-08-29,NOK,Nokia Oyj,US,IT,2026-08-28,10.21,50570353,69747677.65,0.4771,57162162176,62,60,55,43,51,0,HOLD,-0.1,-1,False,live,STOCK,36,NEUTRAL,NYSE
2026-08-29T07:57:11.520163+09:00,2026-08-29,SRE,Sempra,US,유틸리티,2026-08-28,84.31,4959497,4112654.85,1.9693,55130337280,50,60,58,58,49,0,HOLD,-0.09,-1,False,live,STOCK,26,NEUTRAL,NYSE
2026-08-29T07:57:11.520163+09:00,2026-08-29,ADSK,"Autodesk, Inc.",US,IT,2026-08-28,260.66,3420669,1886633.45,10.2932,55037120512,77,60,75,66,77,3,BUY,1.04,12,False,live,STOCK,90,NEUTRAL,NASDAQ
2026-08-29T07:57:11.520163+09:00,2026-08-29,GRMN,Garmin Ltd.,US,IT,2026-08-28,285.19,780728,841276.4,6.5079,54999617536,43,60,53,45,49,0,HOLD,0.14,2,False,live,STOCK,54,NEUTRAL,NYSE
2026-08-29T07:57:11.520163+09:00,2026-08-29,CAH,"Cardinal Health, Inc.",US,제약/바이오,2026-08-28,234.55,1777884,1869599.2,6.2796,54550638592,51,65,53,66,55,0,HOLD,0.34,4,False,live,STOCK,55,NEUTRAL,NYSE
2026-08-29T07:57:11.520163+09:00,2026-08-29,MRNA,"Moderna, Inc.",US,제약/바이오,2026-08-28,137.99,25736829,30346486.45,19.8191,55090565120,95,65,50,50,72,2,WATCH,1.13,14,False,live,STOCK,93,NEUTRAL,NASDAQ
2026-08-29T07:57:11.520163+09:00,2026-08-29,KEYS,"Keysight Technologies, Inc.",US,IT,2026-08-28,319.97,2195517,1450450.85,12.8592,54490890240,43,60,53,50,45,0,HOLD,-0.23,-3,False,live,STOCK,33,NEUTRAL,NYSE
2026-08-29T07:57:11.520163+09:00,2026-08-29,COHR,"Coherent, Inc.",US,IT,2026-08-28,279.2,5203328,7605536.4,24.8414,54676365312,18,60,55,43,44,0,AVOID,-0.49,-6,True,live,STOCK,68,NEUTRAL,NYSE
2026-08-29T07:57:11.520163+09:00,2026-08-29,AME,"AMETEK, Inc.",US,산업재,2026-08-28,236.25,1746053,1358227.65,5.1721,54162968576,39,60,63,53,51,0,HOLD,0.08,1,False,live,STOCK,51,NEUTRAL,NYSE
2026-08-29T07:57:11.520163+09:00,2026-08-29,WDAY,"Workday, Inc.",US,IT,2026-08-28,204.72,8655791,4968229.55,11.6451,50560409600,66,60,45,66,61,1,HOLD,0.58,7,False,live,STOCK,72,NEUTRAL,NASDAQ
2026-08-29T07:57:11.520163+09:00,2026-08-29,CIEN,Ciena Corporation,US,IT,2026-08-28,378.44,1316442,1899692.1,27.7407,53569290240,21,60,50,43,36,0,AVOID,-0.77,-9,True,live,STOCK,30,NEUTRAL,NYSE
2026-08-29T07:57:11.520163+09:00,2026-08-29,STT,State Street Corporation,US,금융,2026-08-28,193.33,627396,1333094.8,3.7815,53108092928,95,60,63,76,75,2,WATCH,1.13,14,False,live,STOCK,60,NEUTRAL,NYSE
2026-08-29T07:57:11.520163+09:00,2026-08-29,FIX,"Comfort Systems USA, Inc.",US,산업재,2026-08-28,1518.73,356969,390308.45,86.0307,53450682368,18,60,50,58,37,0,AVOID,-0.79,-9,True,live,STOCK,26,NEUTRAL,NYSE
2026-08-29T07:57:11.520163+09:00,2026-08-29,DAL,"Delta Air Lines, Inc.",US,산업재,2026-08-28,80.07,3800189,4574259.45,2.3104,52655878144,20,60,60,84,51,1,HOLD,-0.21,-3,False,live,STOCK,51,NEUTRAL,NYSE
2026-08-29T07:57:11.520163+09:00,2026-08-29,BDX,"Becton, Dickinson and Company",US,제약/바이오,2026-08-28,189.52,1693770,1803718.5,4.0052,51622752256,73,65,50,66,68,2,WATCH,0.86,10,False,live,STOCK,90,NEUTRAL,NYSE
2026-08-29T07:57:11.520163+09:00,2026-08-29,DVN,Devon Energy Corporation,US,에너지,2026-08-28,47.35,8783049,10335832.45,1.1843,52084998144,65,60,84,70,67,2,WATCH,0.61,7,False,live,STOCK,40,NEUTRAL,NYSE
2026-08-29T07:57:11.520163+09:00,2026-08-29,EW,Edwards Lifesciences Corporation,US,제약/바이오,2026-08-28,90.21,2043684,2974884.2,1.6728,51997044736,43,65,63,50,51,0,HOLD,0.03,0,False,live,STOCK,45,NEUTRAL,NYSE
2026-08-29T07:57:11.520163+09:00,2026-08-29,DEO,Diageo plc,US,소매,2026-08-28,92.99,486783,1305294.15,1.8621,51693137920,44,60,58,58,58,1,HOLD,0.44,5,False,live,STOCK,80,NEUTRAL,NYSE
2026-08-29T07:57:11.520163+09:00,2026-08-29,FNV,Franco-Nevada Corporation,US,소재,2026-08-28,266.16,1050853,847487.65,8.2336,51335294976,84,60,55,50,68,2,WATCH,0.97,12,False,live,STOCK,84,NEUTRAL,NYSE
2026-08-29T07:57:11.520163+09:00,2026-08-29,AMP,"Ameriprise Financial, Inc.",US,금융,2026-08-28,559.32,270172,377768.6,10.2775,49406533632,51,60,53,68,57,0,HOLD,0.38,5,False,live,STOCK,60,NEUTRAL,NYSE
2026-08-29T07:57:11.520163+09:00,2026-08-29,NBIS,Nebius Group N.V.,US,IT,2026-08-28,209.18,13064528,24731351.4,21.5814,56866676736,40,60,65,58,54,0,HOLD,-0.14,-2,False,live,STOCK,52,NEUTRAL,NASDAQ
2026-08-29T07:57:11.520163+09:00,2026-08-29,TEAM,Atlassian Corporation,US,IT,2026-08-28,190.415,5212790,5555639.5,8.8655,48201424896,80,60,60,42,69,2,WATCH,1.0,12,False,live,STOCK,93,NEUTRAL,NASDAQ
2026-08-29T07:57:11.520163+09:00,2026-08-29,ELC,"Entergy Louisiana, LLC COLLATERAL TR MT",US,유틸리티,2026-08-28,19.8,18813,18510.65,0.1605,,50,60,58,50,50,0,HOLD,-0.01,0,False,live,STOCK,40,NEUTRAL,NYSE
2026-08-29T07:57:11.520163+09:00,2026-08-29,XYZ,"Block, Inc.",US,IT,2026-08-28,83.57,3457954,4799287.7,2.6216,50208440320,91,60,63,43,66,1,HOLD,0.85,10,False,live,STOCK,55,NEUTRAL,NYSE
2026-08-29T07:57:11.520163+09:00,2026-08-29,ALAB,"Astera Labs, Inc. Common Stock",US,반도체,2026-08-28,289.47,2618162,4089378.1,20.1208,50218733568,25,65,65,35,41,0,AVOID,-0.47,-6,True,live,STOCK,36,NEUTRAL,NASDAQ
2026-08-29T07:57:11.520163+09:00,2026-08-29,FITB,Fifth Third Bancorp,US,금융,2026-08-28,54.54,5617707,5025230.35,0.9782,49461919744,24,60,45,58,43,0,AVOID,-0.19,-2,True,live,STOCK,54,NEUTRAL,NYSE
2026-08-29T07:57:11.520163+09:00,2026-08-29,UMC,United Microelectronics Corporation,US,반도체,2026-08-28,19.79,19841030,11579686.5,0.8171,49631514624,72,65,55,66,58,1,HOLD,0.16,2,False,live,STOCK,36,NEUTRAL,NYSE
2026-08-29T07:57:11.520163+09:00,2026-08-29,WAB,Westinghouse Air Brake Technologies Corp,US,산업재,2026-08-28,292.23,477703,865865.15,5.856,49360818176,50,60,45,58,52,0,HOLD,0.24,3,False,live,STOCK,61,NEUTRAL,NYSE
2026-08-29T07:57:11.520163+09:00,2026-08-29,ETR,Entergy Corporation,US,유틸리티,2026-08-28,105.75,1448273,1990908.65,1.8959,49346281472,50,60,60,50,56,0,HOLD,0.23,3,False,live,STOCK,65,NEUTRAL,NYSE
2026-08-29T07:57:11.520163+09:00,2026-08-29,LHX,"L3Harris Technologies, Inc.",US,산업재,2026-08-28,262.82,1397351,1598137.55,5.9321,48940929024,20,60,63,58,48,0,HOLD,-0.42,-5,False,live,STOCK,55,NEUTRAL,NYSE
2026-08-29T07:57:11.520163+09:00,2026-08-29,INFY,Infosys Limited,US,IT,2026-08-28,12.05,11604331,16934321.55,0.3511,48806109184,43,60,60,60,56,0,HOLD,0.02,0,False,live,STOCK,63,NEUTRAL,NYSE
2026-08-29T07:57:11.520163+09:00,2026-08-29,CMG,"Chipotle Mexican Grill, Inc.",US,소비재,2026-08-28,38.03,12709639,18144206.95,1.1557,48123842560,73,60,63,50,63,1,HOLD,0.74,9,False,live,STOCK,61,NEUTRAL,NYSE
2026-08-29T07:57:11.520163+09:00,2026-08-29,CARR,Carrier Global Corporation,US,산업재,2026-08-28,58.79,6044642,5296037.1,1.4432,48462069760,20,60,73,50,43,1,AVOID,-0.47,-6,True,live,STOCK,26,NEUTRAL,NYSE
2026-08-29T07:57:11.520163+09:00,2026-08-29,AXON,"Axon Enterprise, Inc.",US,산업재,2026-08-28,600.73,525492,910874.6,31.5678,48801751040,51,60,60,35,58,1,HOLD,0.55,7,False,live,STOCK,90,NEUTRAL,NASDAQ
2026-08-29T07:57:11.520163+09:00,2026-08-29,AZO,"AutoZone, Inc.",US,소비재,2026-08-28,2961.96,316242,221397.1,74.645,,28,60,60,50,51,1,HOLD,-0.08,-1,False,live,STOCK,71,NEUTRAL,NYSE
2026-08-29T07:57:11.520163+09:00,2026-08-29,CCEP,Coca-Cola Europacific Partners PLC,US,소매,2026-08-28,109.1,1099338,1723471.9,1.815,48154402816,73,60,60,45,66,2,WATCH,0.85,10,False,live,STOCK,84,NEUTRAL,NASDAQ
2026-08-29T07:57:11.520163+09:00,2026-08-29,ROK,"Rockwell Automation, Inc.",US,산업재,2026-08-28,430.86,565901,839070.05,9.0242,47943491584,28,60,60,42,41,0,AVOID,-0.43,-5,True,live,STOCK,32,NEUTRAL,NYSE
2026-08-29T07:57:11.520163+09:00,2026-08-29,XEL,Xcel Energy Inc.,US,유틸리티,2026-08-28,76.45,4330530,4623176.5,1.2614,47753289728,31,60,58,42,43,0,AVOID,-0.26,-3,True,live,STOCK,41,NEUTRAL,NASDAQ
2026-08-29T07:57:11.520163+09:00,2026-08-29,COIN,"Coinbase Global, Inc.",US,금융,2026-08-28,178.64,9959934,9504381.7,10.78,47131828224,80,60,53,38,61,1,HOLD,0.51,6,False,live,STOCK,69,NEUTRAL,NASDAQ
2026-08-29T07:57:11.520163+09:00,2026-08-29,EBAY,eBay Inc.,US,소비재,2026-08-28,105.62,4269025,4614791.25,2.79,47000899584,50,60,53,50,53,0,HOLD,0.06,1,False,live,STOCK,62,NEUTRAL,NASDAQ
2026-08-29T07:57:11.520163+09:00,2026-08-29,HEI,HEICO Corporation,US,산업재,2026-08-28,336.53,448281,487004.05,10.3157,,35,60,60,34,44,0,AVOID,-0.2,-2,True,live,STOCK,42,NEUTRAL,NYSE
2026-08-29T07:57:11.520163+09:00,2026-08-29,ARES,Ares Management Corporation,US,금융,2026-08-28,142.53,1096964,2142288.2,4.5639,47013040128,62,60,60,35,58,1,HOLD,0.53,6,False,live,STOCK,71,NEUTRAL,NYSE
2026-08-29T07:57:11.520163+09:00,2026-08-29,NTRA,"Natera, Inc.",US,제약/바이오,2026-08-28,326.26,833443,1471397.15,10.5121,47028482048,95,65,63,50,76,2,WATCH,1.27,15,False,live,STOCK,93,NEUTRAL,NASDAQ
2026-08-29T07:57:11.520163+09:00,2026-08-29,TRI,Thomson Reuters Corporation,US,산업재,2026-08-28,106.225,1202809,2016465.45,4.0695,46019280896,55,60,50,58,57,0,HOLD,0.41,5,False,live,STOCK,69,NEUTRAL,NASDAQ
2026-08-29T07:57:11.520163+09:00,2026-08-29,HUM,Humana Inc.,US,제약/바이오,2026-08-28,385.54,746502,1096855.1,12.4584,46295760896,69,65,70,58,69,2,WATCH,0.89,11,False,live,STOCK,77,NEUTRAL,NYSE
2026-08-29T07:57:11.520163+09:00,2026-08-29,VST,Vistra Corp.,US,유틸리티,2026-08-28,137.09,3049673,4580178.65,4.4496,46012227584,28,60,66,58,45,0,HOLD,-0.43,-5,False,live,STOCK,26,NEUTRAL,NYSE
2026-08-29T07:57:11.520163+09:00,2026-08-29,CRWV,"CoreWeave, Inc. Class A Common Stock",US,IT,2026-08-28,84.23,17232715,29737950.75,7.5047,46455926784,33,60,60,42,40,0,AVOID,-0.57,-7,True,live,STOCK,20,NEUTRAL,NASDAQ
2026-08-29T07:57:11.520163+09:00,2026-08-29,PYPL,"PayPal Holdings, Inc.",US,금융,2026-08-28,53.66,36208248,11151292.4,1.9568,45904031744,47,60,50,78,61,2,WATCH,0.49,6,False,live,STOCK,83,NEUTRAL,NASDAQ
2026-08-29T07:57:11.520163+09:00,2026-08-29,EXC,Exelon Corporation,US,유틸리티,2026-08-28,43.93,5456527,5824646.35,0.7496,45259055104,31,60,60,52,48,0,HOLD,-0.15,-2,False,live,STOCK,52,NEUTRAL,NASDAQ
2026-08-29T07:57:11.520163+09:00,2026-08-29,PAYX,"Paychex, Inc.",US,산업재,2026-08-28,127.04,1546116,2239685.8,3.0236,45185949696,70,60,50,50,64,2,WATCH,0.76,9,False,live,STOCK,90,NEUTRAL,NASDAQ
2026-08-29T07:57:11.520163+09:00,2026-08-29,VEEV,Veeva Systems Inc.,US,IT,2026-08-28,276.69,3638382,2052454.1,11.4479,44946436096,82,60,60,50,69,2,WATCH,0.98,12,False,live,STOCK,83,NEUTRAL,NYSE
2026-08-29T07:57:11.520163+09:00,2026-08-29,VTR,"Ventas, Inc.",US,리츠,2026-08-28,91.81,1916830,2919951.5,1.9246,47093604352,69,60,65,43,65,1,HOLD,0.8,10,False,live,STOCK,83,NEUTRAL,NYSE
2026-08-29T07:57:11.520163+09:00,2026-08-29,HLN,Haleon plc,US,제약/바이오,2026-08-28,10.11,7906722,7666236.1,0.1512,44459909120,91,65,55,58,71,2,WATCH,1.04,12,False,live,STOCK,77,NEUTRAL,NYSE
2026-08-29T07:57:11.520163+09:00,2026-08-29,PCG,PG&E Corporation,US,유틸리티,2026-08-28,16.6,114326369,29759433.45,0.6714,36559294464,46,60,63,78,63,2,WATCH,0.37,4,False,live,STOCK,72,NEUTRAL,NYSE
2026-08-29T07:57:11.520163+09:00,2026-08-29,FERG,Ferguson plc,US,산업재,2026-08-28,228.49,1000721,4384631.05,6.6922,44202012672,35,60,63,50,55,1,HOLD,0.15,2,False,live,STOCK,78,NEUTRAL,NYSE
2026-08-29T07:57:11.520163+09:00,2026-08-29,ABEV,Ambev S.A.,US,소매,2026-08-28,2.86,30154123,34333681.15,0.0679,44101193728,50,60,58,68,51,0,HOLD,-0.17,-2,False,live,STOCK,26,NEUTRAL,NYSE
2026-08-29T07:57:11.520163+09:00,2026-08-29,RVMD,"Revolution Medicines, Inc.",US,제약/바이오,2026-08-28,207.88,2004020,1824291.0,8.5583,44556255232,66,65,63,42,65,1,HOLD,0.81,10,False,live,STOCK,90,NEUTRAL,NASDAQ
2026-08-29T07:57:11.520163+09:00,2026-08-29,STM,STMicroelectronics N.V.,US,반도체,2026-08-28,49.38,7343546,7774857.3,1.8343,44049776640,40,65,70,58,49,1,HOLD,-0.29,-3,False,live,STOCK,23,NEUTRAL,NYSE
2026-08-29T07:57:11.520163+09:00,2026-08-29,TTWO,"Take-Two Interactive Software, Inc.",US,IT,2026-08-28,235.39,3703598,2467904.9,8.0686,44013326336,17,60,53,37,33,0,AVOID,-0.6,-7,True,live,STOCK,25,NEUTRAL,NASDAQ
2026-08-29T07:57:11.520163+09:00,2026-08-29,KDP,Keurig Dr Pepper Inc.,US,소매,2026-08-28,32.18,8222396,11336239.8,0.8375,43791380480,76,60,65,66,71,2,WATCH,0.87,10,False,live,STOCK,78,NEUTRAL,NASDAQ
2026-08-29T07:57:11.520163+09:00,2026-08-29,IDXX,"IDEXX Laboratories, Inc.",US,제약/바이오,2026-08-28,554.99,340349,608572.45,14.9322,43722731520,40,65,60,37,48,0,HOLD,-0.08,-1,False,live,STOCK,54,NEUTRAL,NASDAQ
2026-08-29T07:57:11.520163+09:00,2026-08-29,WDS,Woodside Energy Group Ltd,US,에너지,2026-08-28,23.06,336006,495215.3,0.4529,,43,60,55,60,51,0,HOLD,0.03,0,False,live,STOCK,48,NEUTRAL,NYSE
2026-08-29T07:57:11.520163+09:00,2026-08-29,CBRE,"CBRE Group, Inc.",US,리츠,2026-08-28,150.82,1483414,1318590.7,4.1246,43673747456,66,60,63,58,62,0,HOLD,0.64,8,False,live,STOCK,58,NEUTRAL,NYSE
2026-08-29T07:57:11.520163+09:00,2026-08-29,SLF,Sun Life Financial Inc.,US,금융,2026-08-28,78.76,421633,1174106.65,1.1483,43846840320,44,60,55,50,53,0,HOLD,0.24,3,False,live,STOCK,66,NEUTRAL,NYSE
2026-08-29T07:57:11.520163+09:00,2026-08-29,KB,KB Financial Group Inc.,US,금융,2026-08-28,124.16,132023,181021.15,2.6,43593334784,92,60,55,78,70,2,WATCH,0.93,11,False,live,STOCK,49,NEUTRAL,NYSE
2026-08-29T07:57:11.520163+09:00,2026-08-29,CCJ,Cameco Corporation,US,에너지,2026-08-28,100.01,4011235,2817336.75,3.9971,43557654528,73,60,60,35,56,1,HOLD,0.2,2,False,live,STOCK,47,NEUTRAL,NYSE
2026-08-29T07:57:11.520163+09:00,2026-08-29,BSBR,Banco Santander (Brasil) S.A.,US,금융,2026-08-28,5.81,2009083,4488309.15,0.1211,43502534656,55,60,45,86,57,1,HOLD,0.25,3,False,live,STOCK,48,NEUTRAL,NYSE
2026-08-29T07:57:11.520163+09:00,2026-08-29,A,"Agilent Technologies, Inc.",US,제약/바이오,2026-08-28,153.84,2966228,2038576.4,4.3657,43377623040,91,65,60,58,75,2,WATCH,1.17,14,False,live,STOCK,90,NEUTRAL,NYSE
2026-08-29T07:57:11.520163+09:00,2026-08-29,CRDO,Credo Technology Group Holding Ltd,US,반도체,2026-08-28,232.75,3516306,4243435.3,18.2035,43741794304,43,65,68,35,50,0,HOLD,0.05,1,False,live,STOCK,46,NEUTRAL,NASDAQ
2026-08-29T07:57:11.520163+09:00,2026-08-29,IX,ORIX Corporation,US,금융,2026-08-28,39.0,394922,314151.1,0.7304,42361643008,43,60,55,70,48,1,HOLD,-0.16,-2,False,live,STOCK,22,NEUTRAL,NYSE
2026-08-29T07:57:11.520163+09:00,2026-08-29,IQV,IQVIA Holdings Inc.,US,제약/바이오,2026-08-28,261.75,1842139,1251656.95,7.1668,43084050432,80,65,50,58,69,2,WATCH,0.93,11,False,live,STOCK,90,NEUTRAL,NYSE
2026-08-29T07:57:11.520163+09:00,2026-08-29,ROP,"Roper Technologies, Inc.",US,IT,2026-08-28,426.2,560823,698876.15,10.1107,42151550976,85,60,60,68,75,2,WATCH,1.14,14,False,live,STOCK,90,NEUTRAL,NASDAQ
2026-08-29T07:57:11.520163+09:00,2026-08-29,FER,Ferrovial SE,US,산업재,2026-08-28,58.73,1059664,1246968.2,1.1693,42329776128,20,60,55,38,41,0,AVOID,-0.53,-6,True,live,STOCK,55,NEUTRAL,NASDAQ
2026-08-29T07:57:11.520163+09:00,2026-08-29,TEVA,Teva Pharmaceutical Industries Limited,US,제약/바이오,2026-08-28,36.44,3138885,5082764.25,0.9257,42463387648,62,65,50,51,56,0,HOLD,0.33,4,False,live,STOCK,63,NEUTRAL,NYSE
2026-08-29T07:57:11.520163+09:00,2026-08-29,YUM,"Yum! Brands, Inc.",US,소비재,2026-08-28,153.86,1539983,2505234.15,3.9593,41988562944,72,60,53,50,56,1,HOLD,0.33,4,False,live,STOCK,41,NEUTRAL,NYSE
2026-08-29T07:57:11.520163+09:00,2026-08-29,LYV,"Live Nation Entertainment, Inc.",US,인터넷,2026-08-28,181.65,1279067,1796138.35,3.9721,42317090816,47,65,60,22,50,0,HOLD,0.19,2,False,live,STOCK,69,NEUTRAL,NYSE
2026-08-29T07:57:11.520163+09:00,2026-08-29,MSTR,Strategy Inc,US,IT,2026-08-28,127.31,30989446,25181152.3,8.1471,50577928192,70,60,53,62,60,1,HOLD,0.19,2,False,live,STOCK,55,NEUTRAL,NASDAQ
2026-08-29T07:57:11.520163+09:00,2026-08-29,WCN,"Waste Connections, Inc.",US,산업재,2026-08-28,165.93,829861,1065053.05,2.6379,41742884864,32,60,53,50,43,0,AVOID,-0.16,-2,True,live,STOCK,37,NEUTRAL,NYSE
2026-08-29T07:57:11.520163+09:00,2026-08-29,PRU,"Prudential Financial, Inc.",US,금융,2026-08-28,119.79,1248456,1781937.8,2.0224,41327550464,51,60,63,94,68,2,WATCH,0.68,8,False,live,STOCK,75,NEUTRAL,NYSE
2026-08-29T07:57:11.520163+09:00,2026-08-29,MSCI,MSCI Inc.,US,금융,2026-08-28,570.76,270068,601633.4,11.6987,41494253568,72,60,63,50,58,1,HOLD,0.22,3,False,live,STOCK,39,NEUTRAL,NYSE
2026-08-29T07:57:11.520163+09:00,2026-08-29,HMC,"Honda Motor Co., Ltd.",US,소비재,2026-08-28,31.86,692771,1035418.55,0.5607,41343836160,66,60,58,63,61,0,HOLD,0.59,7,False,live,STOCK,55,NEUTRAL,NYSE
2026-08-29T07:57:11.520163+09:00,2026-08-29,ODFL,"Old Dominion Freight Line, Inc.",US,산업재,2026-08-28,198.63,1173826,1460731.3,5.5675,41308741632,28,60,60,50,42,0,AVOID,-0.54,-6,True,live,STOCK,26,NEUTRAL,NASDAQ
2026-08-29T07:57:11.520163+09:00,2026-08-29,DHI,"D.R. Horton, Inc.",US,소비재,2026-08-28,147.39,1421314,1864275.7,4.0064,41225170944,28,60,73,68,52,1,HOLD,-0.06,-1,False,live,STOCK,41,NEUTRAL,NYSE
2026-08-29T07:57:11.520163+09:00,2026-08-29,GFI,Gold Fields Limited,US,소재,2026-08-28,45.96,5857306,3926315.3,1.8879,40945602560,88,60,60,65,71,1,HOLD,1.0,12,False,live,STOCK,66,NEUTRAL,NYSE
2026-08-29T07:57:11.520163+09:00,2026-08-29,FMX,"Fomento Económico Mexicano, S.A.B. de C.",US,소매,2026-08-28,120.12,220938,426716.9,2.3054,40922660864,50,60,60,53,56,0,HOLD,0.24,3,False,live,STOCK,61,NEUTRAL,NYSE
2026-08-29T07:57:11.520163+09:00,2026-08-29,FLEX,Flex Ltd.,US,IT,2026-08-28,110.5,2058200,3042255.0,5.5464,40819027968,18,60,71,58,51,1,HOLD,-0.3,-4,False,live,STOCK,64,NEUTRAL,NASDAQ
2026-08-29T07:57:11.520163+09:00,2026-08-29,AIG,"American International Group, Inc.",US,금융,2026-08-28,76.93,1975069,2906718.45,1.2246,40226172928,54,60,55,94,64,1,HOLD,0.41,5,False,live,STOCK,61,NEUTRAL,NYSE
2026-08-29T07:57:11.520163+09:00,2026-08-29,CBRS,Cerebras Systems Inc.,US,반도체,2026-08-28,179.08,5337735,7756031.75,19.8521,42542968832,33,65,68,35,47,0,HOLD,-0.31,-4,False,live,STOCK,49,NEUTRAL,NASDAQ
2026-08-29T07:57:11.520163+09:00,2026-08-29,JD,"JD.com, Inc.",US,소비재,2026-08-28,28.74,4612312,8407215.6,0.7946,38813368320,32,60,63,74,59,2,HOLD,0.15,2,False,live,STOCK,78,NEUTRAL,NASDAQ
2026-08-29T07:57:11.520163+09:00,2026-08-29,PFH,"Prudential Financial, Inc. 4.125% Junior",US,금융,2026-08-28,15.43,21297,32299.85,0.2384,,50,60,58,50,50,0,HOLD,-0.03,0,False,live,STOCK,40,NEUTRAL,NYSE
2026-08-29T07:57:11.520163+09:00,2026-08-29,ED,"Consolidated Edison, Inc.",US,유틸리티,2026-08-28,107.49,1656970,2194413.5,1.6169,39752880128,72,60,65,52,67,2,WATCH,0.72,9,False,live,STOCK,77,NEUTRAL,NYSE
2026-08-29T07:57:11.520163+09:00,2026-08-29,MCHP,Microchip Technology Incorporated,US,반도체,2026-08-28,72.93,11080523,9693736.15,2.6138,39601623040,10,65,73,51,40,1,AVOID,-0.7,-8,True,live,STOCK,24,NEUTRAL,NASDAQ
2026-08-29T07:57:11.520163+09:00,2026-08-29,VIK,Viking Holdings Ltd,US,소비재,2026-08-28,88.5,3061654,3549742.7,4.0369,39527473152,20,60,55,50,37,0,AVOID,-0.61,-7,True,live,STOCK,22,NEUTRAL,NYSE
2026-08-29T07:57:11.520163+09:00,2026-08-29,ADM,Archer-Daniels-Midland Company,US,소매,2026-08-28,81.54,3593466,3773058.3,2.33,39298985984,72,60,63,58,60,1,HOLD,0.39,5,False,live,STOCK,40,NEUTRAL,NYSE
2026-08-29T07:57:11.520163+09:00,2026-08-29,ONC,BeOne Medicines AG,US,제약/바이오,2026-08-28,366.73,295938,403916.9,8.9114,41485291520,73,65,48,35,60,2,WATCH,0.7,8,False,live,STOCK,86,NEUTRAL,NASDAQ
2026-08-29T07:57:11.520163+09:00,2026-08-29,SYY,Sysco Corporation,US,소매,2026-08-28,81.94,2082994,3298944.7,1.36,39257128960,47,60,63,50,51,0,HOLD,0.18,2,False,live,STOCK,40,NEUTRAL,NYSE
2026-08-29T07:57:11.520163+09:00,2026-08-29,RKT,"Rocket Companies, Inc.",US,금융,2026-08-28,13.77,23440097,25202729.85,0.661,38991716352,28,60,63,60,53,0,HOLD,-0.04,0,False,live,STOCK,69,NEUTRAL,NYSE
2026-08-29T07:57:11.520163+09:00,2026-08-29,HIG,"The Hartford Insurance Group, Inc.",US,금융,2026-08-28,138.55,875240,1380827.0,2.3436,37529317376,47,60,58,86,60,1,HOLD,0.33,4,False,live,STOCK,55,NEUTRAL,NYSE
2026-08-29T07:57:11.520163+09:00,2026-08-29,EXPE,"Expedia Group, Inc.",US,소비재,2026-08-28,329.44,967090,1553469.5,11.9556,39540072448,73,60,45,58,61,2,WATCH,0.64,8,False,live,STOCK,70,NEUTRAL,NASDAQ
2026-08-29T07:57:11.520163+09:00,2026-08-29,SHG,"Shinhan Financial Group Co., Ltd.",US,금융,2026-08-28,79.15,153554,164087.7,1.575,37268914176,92,60,50,75,63,2,WATCH,0.71,9,False,live,STOCK,26,NEUTRAL,NYSE
2026-08-29T07:57:11.520163+09:00,2026-08-29,EL,The Estée Lauder Companies Inc.,US,소매,2026-08-28,103.39,3120876,3670768.8,3.7907,37406351360,78,60,66,35,62,1,HOLD,0.76,9,False,live,STOCK,58,NEUTRAL,NYSE
2026-08-29T07:57:11.520163+09:00,2026-08-29,RKLB,"Rocket Lab USA, Inc.",US,산업재,2026-08-28,64.39,18446759,17938052.95,4.2784,41171673088,10,60,63,19,32,0,AVOID,-0.87,-10,True,live,STOCK,30,NEUTRAL,NASDAQ
2026-08-29T07:57:11.520163+09:00,2026-08-29,KGC,Kinross Gold Corporation,US,소재,2026-08-28,31.27,10932867,9034713.35,1.2493,37093748736,84,60,55,78,69,2,WATCH,0.78,9,False,live,STOCK,58,NEUTRAL,NYSE
2026-08-29T07:57:11.520163+09:00,2026-08-29,VOD,Vodafone Group Public Limited Company,US,인터넷,2026-08-28,16.04,2059497,3864219.85,0.2279,37068484608,69,65,55,86,70,2,WATCH,0.76,9,False,live,STOCK,77,NEUTRAL,NASDAQ
2026-08-29T07:57:11.520163+09:00,2026-08-29,KVUE,Kenvue Inc.,US,소매,2026-08-28,19.17,11888237,20874691.85,0.3148,36821229568,91,60,60,66,74,2,WATCH,1.08,13,False,live,STOCK,77,NEUTRAL,NYSE
2026-08-29T07:57:11.520163+09:00,2026-08-29,NTAP,"NetApp, Inc.",US,IT,2026-08-28,187.02,1497184,2366739.2,6.5785,36699734016,40,60,55,50,50,0,HOLD,0.01,0,False,live,STOCK,55,NEUTRAL,NASDAQ
2026-08-29T07:57:11.520163+09:00,2026-08-29,NWG,NatWest Group plc,US,금융,2026-08-28,18.38,2534451,2917952.55,0.2401,72994889728,47,60,55,70,56,1,HOLD,0.32,4,False,live,STOCK,55,NEUTRAL,NYSE
2026-08-29T07:57:11.520163+09:00,2026-08-29,PEG,Public Service Enterprise Group Incorpor,US,유틸리티,2026-08-28,73.19,2284221,2497596.05,1.0629,36479365120,31,60,50,45,39,0,AVOID,-0.49,-6,True,live,STOCK,27,NEUTRAL,NYSE
2026-08-29T07:57:11.520163+09:00,2026-08-29,KMB,Kimberly-Clark Corporation,US,소매,2026-08-28,109.55,2433377,3357068.85,1.9782,36434034688,54,60,60,50,60,1,HOLD,0.53,6,False,live,STOCK,77,NEUTRAL,NASDAQ
2026-08-29T07:57:11.520163+09:00,2026-08-29,HSY,The Hershey Company,US,소매,2026-08-28,179.05,821326,1142231.3,3.8093,35975741440,43,60,50,58,54,1,HOLD,0.06,1,False,live,STOCK,75,NEUTRAL,NYSE
2026-08-29T07:57:11.520163+09:00,2026-08-29,UI,Ubiquiti Inc.,US,IT,2026-08-28,599.35,186245,155037.25,31.6564,36277682176,77,60,55,42,61,1,HOLD,0.55,7,False,live,STOCK,63,NEUTRAL,NYSE
2026-08-29T07:57:11.520163+09:00,2026-08-29,TWLO,Twilio Inc.,US,IT,2026-08-28,237.78,1756638,2683446.9,10.9434,36517113856,58,60,60,58,61,1,HOLD,0.46,6,False,live,STOCK,72,NEUTRAL,NYSE
2026-08-29T07:57:11.520163+09:00,2026-08-29,MDB,"MongoDB, Inc.",US,IT,2026-08-28,446.62,1447954,1505672.7,22.5384,35922505728,69,60,50,27,57,1,HOLD,0.52,6,False,live,STOCK,78,NEUTRAL,NASDAQ
2026-08-29T07:57:11.520163+09:00,2026-08-29,UAL,"United Airlines Holdings, Inc.",US,산업재,2026-08-28,110.6,2283651,2961787.55,3.5864,35897409536,20,60,60,73,48,1,HOLD,-0.28,-3,False,live,STOCK,45,NEUTRAL,NASDAQ
2026-08-29T07:57:11.520163+09:00,2026-08-29,VMC,Vulcan Materials Company,US,소재,2026-08-28,274.51,714764,855943.2,6.6131,35570659328,25,60,53,58,49,1,HOLD,-0.18,-2,False,live,STOCK,70,NEUTRAL,NYSE
2026-08-29T07:57:11.520163+09:00,2026-08-29,KR,The Kroger Co.,US,소매,2026-08-28,57.72,3968170,5861468.5,1.2545,35362000896,72,60,60,74,64,2,WATCH,0.4,5,False,live,STOCK,47,NEUTRAL,NYSE
2026-08-29T07:57:11.520163+09:00,2026-08-29,NTR,Nutrien Ltd.,US,소재,2026-08-28,73.51,1818463,2714733.15,1.8316,35079712768,69,60,50,60,66,1,HOLD,0.67,8,False,live,STOCK,90,NEUTRAL,NYSE
2026-08-29T07:57:11.520163+09:00,2026-08-29,ALC,Alcon Inc.,US,제약/바이오,2026-08-28,72.01,1177000,1691765.0,1.4546,34809634816,47,65,60,50,52,0,HOLD,0.18,2,False,live,STOCK,48,NEUTRAL,NYSE
2026-08-29T07:57:11.520163+09:00,2026-08-29,IRM,Iron Mountain Incorporated,US,리츠,2026-08-28,117.4,1144365,1530293.25,3.9146,34950311936,31,60,50,35,46,1,HOLD,-0.22,-3,False,live,STOCK,76,NEUTRAL,NYSE
2026-08-29T07:57:11.520163+09:00,2026-08-29,RMD,ResMed Inc.,US,제약/바이오,2026-08-28,240.33,1386747,1581642.35,6.1038,34668154880,70,65,56,58,68,2,WATCH,0.87,10,False,live,STOCK,93,NEUTRAL,NYSE
2026-08-29T07:57:11.520163+09:00,2026-08-29,VG,"Venture Global, Inc.",US,에너지,2026-08-28,14.18,6154590,13353364.5,0.6827,35451318272,84,60,45,70,66,2,WATCH,0.79,9,False,live,STOCK,69,NEUTRAL,NYSE
2026-08-29T07:57:11.520163+09:00,2026-08-29,WEC,"WEC Energy Group, Inc.",US,유틸리티,2026-08-28,106.22,1440482,2460609.1,1.7636,34611720192,28,60,63,42,42,0,AVOID,-0.34,-4,True,live,STOCK,33,NEUTRAL,NYSE
2026-08-29T07:57:11.520163+09:00,2026-08-29,ACGL,Arch Capital Group Ltd.,US,금융,2026-08-28,98.84,3990822,1631031.1,1.7168,33727084544,54,60,55,78,59,1,HOLD,0.39,5,False,live,STOCK,54,NEUTRAL,NASDAQ
2026-08-29T07:57:11.520163+09:00,2026-08-29,RJF,"Raymond James Financial, Inc.",US,금융,2026-08-28,179.36,1759382,978799.1,3.6596,34455056384,66,60,60,68,64,0,HOLD,0.68,8,False,live,STOCK,63,NEUTRAL,NYSE
2026-08-29T07:57:11.520163+09:00,2026-08-29,PUK,Prudential plc,US,금융,2026-08-28,27.65,1001978,1145068.9,0.443,34277154816,28,60,55,78,44,1,AVOID,-0.45,-5,True,live,STOCK,16,NEUTRAL,NYSE
2026-08-29T07:57:11.520163+09:00,2026-08-29,MTB,M&T Bank Corporation,US,금융,2026-08-28,237.29,867697,874914.85,3.9571,34268532736,39,60,50,60,48,0,HOLD,0.03,0,False,live,STOCK,48,NEUTRAL,NYSE
2026-08-29T07:57:11.520163+09:00,2026-08-29,BBD,Banco Bradesco S.A.,US,금융,2026-08-28,3.25,21418160,29188318.0,0.0943,34414825472,65,60,50,88,57,1,HOLD,0.12,1,False,live,STOCK,26,NEUTRAL,NYSE
2026-08-29T07:57:11.520163+09:00,2026-08-29,CLS,Celestica Inc.,US,IT,2026-08-28,298.7,1549099,2653124.95,17.9721,37669392384,18,60,63,50,42,0,AVOID,-0.59,-7,True,live,STOCK,39,NEUTRAL,NYSE
2026-08-29T07:57:11.520163+09:00,2026-08-29,DXCM,"DexCom, Inc.",US,제약/바이오,2026-08-28,90.82,2544135,5012521.75,2.3525,34271905792,73,65,50,42,62,2,WATCH,0.73,9,False,live,STOCK,83,NEUTRAL,NASDAQ
2026-08-29T07:57:11.520163+09:00,2026-08-29,PPLC,PPL Corporation,US,유틸리티,2026-08-28,46.08,756296,262599.8,0.5586,,31,60,58,50,46,0,HOLD,-0.22,-3,False,live,STOCK,46,NEUTRAL,NYSE
2026-08-29T07:57:11.520163+09:00,2026-08-29,HBAN,Huntington Bancshares Incorporated,US,금융,2026-08-28,16.92,21522473,21841933.65,0.3143,34185418752,32,60,42,68,47,0,HOLD,-0.14,-2,False,live,STOCK,54,NEUTRAL,NASDAQ
2026-08-29T07:57:11.520163+09:00,2026-08-29,NTRS,Northern Trust Corporation,US,금융,2026-08-28,186.79,603016,1021230.8,3.5436,34174283776,62,60,60,60,60,0,HOLD,0.5,6,False,live,STOCK,55,NEUTRAL,NASDAQ
2026-08-29T07:57:11.520163+09:00,2026-08-29,EQT,EQT Corporation,US,에너지,2026-08-28,54.57,3640328,6184656.4,1.2771,34134409216,80,60,45,68,65,1,HOLD,0.55,7,False,live,STOCK,69,NEUTRAL,NYSE
2026-08-29T07:57:11.520163+09:00,2026-08-29,EC,Ecopetrol S.A.,US,에너지,2026-08-28,16.5,927735,1779711.75,0.4629,33921273856,40,60,55,96,58,1,HOLD,0.09,1,False,live,STOCK,49,NEUTRAL,NYSE
2026-08-29T07:57:11.520163+09:00,2026-08-29,CCL,Carnival Corporation & plc,US,소비재,2026-08-28,24.76,19115985,16834384.25,0.7886,33912512512,20,60,55,86,44,1,AVOID,-0.56,-7,True,live,STOCK,23,NEUTRAL,NYSE
2026-08-29T07:57:11.520163+09:00,2026-08-29,STLD,"Steel Dynamics, Inc.",US,소재,2026-08-28,234.665,670280,1229204.0,9.8307,33634086912,32,60,53,53,44,0,AVOID,-0.42,-5,True,live,STOCK,39,NEUTRAL,NASDAQ
2026-08-29T07:57:11.520163+09:00,2026-08-29,STRC,Strategy Inc,US,IT,2026-08-28,97.33,1870646,1450462.3,0.966,,70,60,48,60,53,1,HOLD,0.18,2,False,live,STOCK,29,NEUTRAL,NASDAQ
2026-08-29T07:57:11.520163+09:00,2026-08-29,TECK,Teck Resources Limited,US,소재,2026-08-28,69.34,2807242,2870042.1,1.9664,34018201600,87,60,55,53,63,1,HOLD,0.6,7,False,live,STOCK,48,NEUTRAL,NYSE
2026-08-29T07:57:11.520163+09:00,2026-08-29,CQP,"Cheniere Energy Partners, L.P.",US,에너지,2026-08-28,68.91,55368,121633.4,1.7421,33356417024,69,60,53,55,61,0,HOLD,0.62,7,False,live,STOCK,66,NEUTRAL,NYSE
2026-08-29T07:57:11.520163+09:00,2026-08-29,CHT,"Chunghwa Telecom Co., Ltd.",US,인터넷,2026-08-28,42.99,175906,180160.3,0.395,33349263360,87,65,55,50,63,1,HOLD,0.56,7,False,live,STOCK,50,NEUTRAL,NYSE
2026-08-29T07:57:11.520163+09:00,2026-08-29,CCI,Crown Castle Inc.,US,리츠,2026-08-28,76.14,1935026,2939931.3,1.5643,33273180160,62,60,60,58,55,0,HOLD,0.0,0,False,live,STOCK,36,NEUTRAL,NYSE
2026-08-29T07:57:11.520163+09:00,2026-08-29,ESLT,Elbit Systems Ltd.,US,산업재,2026-08-28,708.68,64650,86112.5,21.8071,33208993792,25,60,55,37,44,0,AVOID,-0.46,-6,True,live,STOCK,62,NEUTRAL,NASDAQ
2026-08-29T07:57:11.520163+09:00,2026-08-29,BIDU,"Baidu, Inc.",US,인터넷,2026-08-28,97.12,2067072,3193428.6,3.3286,32941797376,7,65,60,78,44,1,AVOID,-0.66,-8,True,live,STOCK,41,NEUTRAL,NASDAQ
2026-08-29T07:57:11.520163+09:00,2026-08-29,BBDO,Banco Bradesco S.A.,US,금융,2026-08-28,3.03,103901,81165.05,0.1243,32085204992,43,60,55,80,53,1,HOLD,-0.05,-1,False,live,STOCK,40,NEUTRAL,NYSE
2026-08-29T07:57:11.520163+09:00,2026-08-29,ERIC,Telefonaktiebolaget LM Ericsson (publ),US,IT,2026-08-28,9.95,6083147,9160382.35,0.1793,32543297536,43,60,50,78,48,1,HOLD,-0.39,-5,False,live,STOCK,23,NEUTRAL,NASDAQ
2026-08-29T07:57:11.520163+09:00,2026-08-29,EME,"EMCOR Group, Inc.",US,산업재,2026-08-28,740.17,370026,359061.3,28.8443,32648824832,43,60,60,50,46,0,HOLD,-0.31,-4,False,live,STOCK,26,NEUTRAL,NYSE
2026-08-29T07:57:11.520163+09:00,2026-08-29,ILMN,"Illumina, Inc.",US,제약/바이오,2026-08-28,215.59,1791493,1952084.65,9.3271,32554088448,95,65,63,29,71,2,WATCH,1.15,14,False,live,STOCK,87,NEUTRAL,NASDAQ
2026-08-29T07:57:11.520163+09:00,2026-08-29,ZTS,Zoetis Inc.,US,제약/바이오,2026-08-28,77.34,4843694,6609714.7,2.5186,31958712320,80,65,60,63,70,2,WATCH,0.77,9,False,live,STOCK,78,NEUTRAL,NYSE
2026-08-29T07:57:11.520163+09:00,2026-08-29,GEHC,GE HealthCare Technologies Inc.,US,제약/바이오,2026-08-28,71.725,1984263,2743018.15,1.4168,32397195264,47,65,66,60,59,0,HOLD,0.47,6,False,live,STOCK,66,NEUTRAL,NASDAQ
2026-08-29T07:57:11.520163+09:00,2026-08-29,BIIB,Biogen Inc.,US,제약/바이오,2026-08-28,218.5,517362,756783.1,5.265,32284248064,91,65,63,58,71,1,HOLD,1.05,13,False,live,STOCK,68,NEUTRAL,NASDAQ
2026-08-29T07:57:11.520163+09:00,2026-08-29,CNC,Centene Corp.,US,제약/바이오,2026-08-28,64.75,2526609,3900180.45,1.9729,31986176000,43,65,76,76,59,2,HOLD,0.26,3,False,live,STOCK,40,NEUTRAL,NYSE
2026-08-29T07:57:11.520163+09:00,2026-08-29,WTW,Willis Towers Watson Public Limited Comp,US,금융,2026-08-28,343.75,311422,514216.1,7.2429,31924727808,66,60,60,58,56,0,HOLD,0.44,5,False,live,STOCK,34,NEUTRAL,NASDAQ
2026-08-29T07:57:11.520163+09:00,2026-08-29,MLM,"Martin Marietta Materials, Inc.",US,소재,2026-08-28,531.05,559071,545763.55,11.7814,37714841600,47,60,63,58,51,0,HOLD,-0.1,-1,False,live,STOCK,32,NEUTRAL,NYSE
2026-08-29T07:57:11.520163+09:00,2026-08-29,ALNY,"Alnylam Pharmaceuticals, Inc.",US,제약/바이오,2026-08-28,237.1,1835489,1863514.45,9.0207,31726143488,62,65,50,50,56,0,HOLD,0.05,1,False,live,STOCK,62,NEUTRAL,NASDAQ
2026-08-29T07:57:11.520163+09:00,2026-08-29,JBL,Jabil Inc.,US,IT,2026-08-28,301.45,1022747,961187.35,13.9871,31588069376,18,60,60,58,40,0,AVOID,-0.7,-8,True,live,STOCK,23,NEUTRAL,NYSE
2026-08-29T07:57:11.520163+09:00,2026-08-29,P,"Everpure, Inc.",US,IT,2026-08-28,93.4,3252539,3617476.95,6.9033,31046621184,47,60,45,35,49,1,HOLD,0.15,2,False,live,STOCK,72,NEUTRAL,NYSE
2026-08-29T07:57:11.520163+09:00,2026-08-29,WAT,Waters Corporation,US,제약/바이오,2026-08-28,414.69,435135,834171.75,11.5171,40716693504,62,65,42,35,54,1,HOLD,0.36,4,False,live,STOCK,78,NEUTRAL,NYSE
2026-08-29T07:57:11.520163+09:00,2026-08-29,IR,Ingersoll Rand Inc.,US,산업재,2026-08-28,78.58,3232248,3698357.4,2.0463,30488995840,39,60,65,66,54,0,HOLD,0.19,2,False,live,STOCK,48,NEUTRAL,NYSE
2026-08-29T07:57:11.520163+09:00,2026-08-29,CPRT,"Copart, Inc.",US,산업재,2026-08-28,32.99,6771845,10368507.25,1.1668,30542522368,70,60,58,45,64,2,WATCH,0.61,7,False,live,STOCK,83,NEUTRAL,NASDAQ
2026-08-29T07:57:11.520163+09:00,2026-08-29,KHC,The Kraft Heinz Company,US,소매,2026-08-28,25.7,20652379,15140093.95,0.6325,30475671552,69,60,66,86,73,2,WATCH,0.89,11,False,live,STOCK,77,NEUTRAL,NASDAQ
2026-08-29T07:57:11.520163+09:00,2026-08-29,HAL,Halliburton Company,US,에너지,2026-08-28,36.18,9237035,10516481.75,0.9804,30142656512,77,60,50,74,63,2,WATCH,0.35,4,False,live,STOCK,49,NEUTRAL,NYSE
2026-08-29T07:57:11.520163+09:00,2026-08-29,STRF,MicroStrategy Incorporated 10.00% Series,US,IT,2026-08-28,101.65,62698,73779.9,1.1166,,66,60,48,60,53,0,HOLD,0.2,2,False,live,STOCK,34,NEUTRAL,NASDAQ
2026-08-29T07:57:11.520163+09:00,2026-08-29,EXR,Extra Space Storage Inc.,US,리츠,2026-08-28,142.91,813288,850784.4,2.1721,31540600832,43,60,63,45,52,0,HOLD,0.09,1,False,live,STOCK,54,NEUTRAL,NYSE
2026-08-29T07:57:11.520163+09:00,2026-08-29,JBS,Jbs N.V.,US,소매,2026-08-28,13.59,4443739,5895886.95,0.4378,14553678848,47,60,60,76,61,1,HOLD,0.45,5,False,live,STOCK,69,NEUTRAL,NYSE
2026-08-29T07:57:11.520163+09:00,2026-08-29,NMR,"Nomura Holdings, Inc.",US,금융,2026-08-28,10.3,660482,639669.1,0.1671,30102708224,92,60,55,68,67,1,HOLD,0.88,11,False,live,STOCK,46,NEUTRAL,NYSE
2026-08-29T07:57:11.520163+09:00,2026-08-29,SUNB,Sunbelt Rentals Holdings Inc,US,산업재,2026-08-28,73.2,13245065,2708223.25,2.8254,30008160256,43,60,45,66,51,0,HOLD,-0.11,-1,False,live,STOCK,56,NEUTRAL,NYSE
2026-08-29T07:57:11.520163+09:00,2026-08-29,FOXA,Fox Corporation,US,인터넷,2026-08-28,68.42,3622657,5492847.85,1.8579,28766330880,58,65,66,68,67,1,HOLD,0.61,7,False,live,STOCK,83,NEUTRAL,NASDAQ
2026-08-29T07:57:11.520163+09:00,2026-08-29,MDLN,Medline Inc.,US,제약/바이오,2026-08-28,35.28,5713037,8004886.85,1.2729,47466881024,57,65,55,50,58,1,HOLD,0.27,3,False,live,STOCK,70,NEUTRAL,NASDAQ
2026-08-29T07:57:11.520163+09:00,2026-08-29,ZS,"Zscaler, Inc.",US,IT,2026-08-28,184.23,1938571,2247023.55,9.1148,29791744000,62,60,50,34,58,1,HOLD,0.57,7,False,live,STOCK,87,NEUTRAL,NASDAQ
2026-08-29T07:57:11.520163+09:00,2026-08-29,FTI,TechnipFMC plc,US,에너지,2026-08-28,75.84,1452606,2914970.3,2.2959,29741746176,69,60,65,50,62,0,HOLD,0.64,8,False,live,STOCK,60,NEUTRAL,NYSE
2026-08-29T07:57:11.520163+09:00,2026-08-29,CPNG,"Coupang, Inc.",US,소비재,2026-08-28,16.52,12401448,16953352.4,0.4914,29694894080,65,60,50,27,45,0,HOLD,-0.06,-1,False,live,STOCK,24,NEUTRAL,NYSE
2026-08-29T07:57:11.520163+09:00,2026-08-29,LPLA,LPL Financial Holdings Inc.,US,금융,2026-08-28,370.69,554371,579183.55,9.8389,29188978688,66,60,53,66,64,1,HOLD,0.7,8,False,live,STOCK,77,NEUTRAL,NASDAQ
2026-08-29T07:57:11.520163+09:00,2026-08-29,CFG,"Citizens Financial Group, Inc.",US,금융,2026-08-28,69.71,2375901,2771145.05,1.3124,29360234496,47,60,63,68,57,0,HOLD,0.36,4,False,live,STOCK,51,NEUTRAL,NYSE
2026-08-29T07:57:11.520163+09:00,2026-08-29,TCOM,Trip.com Group Limited,US,소비재,2026-08-28,45.35,1806619,2180770.95,0.8736,28557129728,40,60,55,70,58,2,HOLD,0.08,1,False,live,STOCK,75,NEUTRAL,NASDAQ
2026-08-29T07:57:11.520163+09:00,2026-08-29,RDDT,"Reddit, Inc.",US,인터넷,2026-08-28,153.0,2744092,7348849.6,9.0891,29436665856,50,65,60,50,48,0,HOLD,-0.27,-3,False,live,STOCK,23,NEUTRAL,NYSE
2026-08-29T07:57:11.520163+09:00,2026-08-29,AEE,Ameren Corporation,US,유틸리티,2026-08-28,106.12,1094588,1454689.4,1.5586,29378607104,31,60,53,42,40,0,AVOID,-0.36,-4,True,live,STOCK,33,NEUTRAL,NYSE
2026-08-29T07:57:11.520163+09:00,2026-08-29,BAP,Credicorp Ltd.,US,금융,2026-08-28,368.4,554800,290725.0,11.8871,29258076160,35,60,63,63,51,0,HOLD,0.05,1,False,live,STOCK,45,NEUTRAL,NYSE
2026-08-29T07:57:11.520163+09:00,2026-08-29,LVS,Las Vegas Sands Corp.,US,소비재,2026-08-28,45.04,6847697,4620689.85,1.1136,29172461568,31,60,55,68,50,0,HOLD,-0.31,-4,False,live,STOCK,55,NEUTRAL,NYSE
2026-08-29T07:57:11.520163+09:00,2026-08-29,RYAAY,Ryanair Holdings plc,US,산업재,2026-08-28,56.13,587404,1048770.2,1.2046,29119641600,25,60,55,47,38,0,AVOID,-0.57,-7,True,live,STOCK,23,NEUTRAL,NASDAQ
2026-08-29T07:57:11.520163+09:00,2026-08-29,TS,Tenaris S.A.,US,에너지,2026-08-28,53.97,680942,1666167.1,1.0543,27245129728,50,60,50,55,48,0,HOLD,-0.29,-3,False,live,STOCK,33,NEUTRAL,NYSE
2026-08-29T07:57:11.520163+09:00,2026-08-29,ZM,"Zoom Communications, Inc.",US,IT,2026-08-28,98.43,2813843,3353572.15,4.2379,28720271360,43,60,50,73,55,1,HOLD,-0.08,-1,False,live,STOCK,63,NEUTRAL,NASDAQ
2026-08-29T07:57:11.520163+09:00,2026-08-29,CTSH,Cognizant Technology Solutions Corporati,US,IT,2026-08-28,64.04,5302703,7909860.15,2.1478,28846448640,71,60,60,76,70,3,BUY,0.86,10,False,live,STOCK,78,NEUTRAL,NASDAQ
2026-08-29T07:57:11.520163+09:00,2026-08-29,TDY,Teledyne Technologies Incorporated,US,IT,2026-08-28,621.96,187002,277600.1,14.2636,28831375360,35,60,45,58,48,0,HOLD,-0.13,-2,False,live,STOCK,61,NEUTRAL,NYSE
2026-08-29T07:57:11.520163+09:00,2026-08-29,ATI,ATI Inc.,US,산업재,2026-08-28,210.76,1119531,1532971.55,7.6221,28699269120,44,60,45,35,46,0,HOLD,0.09,1,False,live,STOCK,61,NEUTRAL,NYSE
2026-08-29T07:57:11.520163+09:00,2026-08-29,VICI,VICI Properties Inc.,US,리츠,2026-08-28,25.87,4362855,9367312.75,0.3988,28484876288,31,60,63,80,57,1,HOLD,-0.01,0,False,live,STOCK,62,NEUTRAL,NYSE
2026-08-29T07:57:11.520163+09:00,2026-08-29,DTW,DTE Energy Company 5.25 % Debentures 201,US,유틸리티,2026-08-28,19.6,37036,28181.8,0.3034,,65,60,55,80,60,1,HOLD,0.22,3,False,live,STOCK,40,NEUTRAL,NYSE
2026-08-29T07:57:11.520163+09:00,2026-08-29,FISV,"Fiserv, Inc.",US,IT,2026-08-28,53.18,3984956,8039657.8,1.6814,28279353344,51,60,67,78,66,2,WATCH,0.35,4,False,live,STOCK,77,NEUTRAL,NASDAQ
2026-08-29T07:57:11.520163+09:00,2026-08-29,DTE,DTE Energy Company,US,유틸리티,2026-08-28,135.86,877206,1284200.3,1.9793,28270843904,31,60,55,50,45,0,HOLD,-0.26,-3,False,live,STOCK,47,NEUTRAL,NYSE
2026-08-29T07:57:11.520163+09:00,2026-08-29,ON,ON Semiconductor Corporation,US,반도체,2026-08-28,72.61,7059711,8955765.55,2.9368,28268425216,40,65,73,66,52,1,HOLD,-0.23,-3,False,live,STOCK,23,NEUTRAL,NASDAQ
2026-08-29T07:57:11.520163+09:00,2026-08-29,MTD,Mettler-Toledo International Inc.,US,제약/바이오,2026-08-28,1398.58,201919,169970.95,33.2574,28022730752,44,65,50,42,50,0,HOLD,0.21,3,False,live,STOCK,67,NEUTRAL,NYSE
2026-08-29T07:57:11.520163+09:00,2026-08-29,CASY,"Casey's General Stores, Inc.",US,소비재,2026-08-28,755.47,442108,299985.4,26.0757,27956099072,35,60,53,45,40,0,AVOID,-0.37,-4,True,live,STOCK,23,NEUTRAL,NASDAQ
2026-08-29T07:57:11.520163+09:00,2026-08-29,PBA,Pembina Pipeline Corporation,US,에너지,2026-08-28,48.01,476069,863253.45,0.8736,27920455680,28,60,60,58,50,0,HOLD,-0.09,-1,False,live,STOCK,58,NEUTRAL,NYSE
2026-08-29T07:57:11.520163+09:00,2026-08-29,HPQ,HP Inc.,US,IT,2026-08-28,30.52,15844562,14815058.1,1.4554,27522660352,62,60,50,73,64,2,WATCH,0.51,6,False,live,STOCK,77,NEUTRAL,NYSE
2026-08-29T07:57:11.520163+09:00,2026-08-29,FTS,Fortis Inc.,US,유틸리티,2026-08-28,54.66,609697,725614.85,0.7444,27925794816,31,60,63,42,48,0,HOLD,-0.08,-1,False,live,STOCK,59,NEUTRAL,NYSE
2026-08-29T07:57:11.520163+09:00,2026-08-29,ATO,Atmos Energy Corporation,US,유틸리티,2026-08-28,166.65,516714,1024665.7,2.4848,28161941504,31,60,65,42,43,0,AVOID,-0.27,-3,True,live,STOCK,30,NEUTRAL,NYSE
2026-08-29T07:57:11.520163+09:00,2026-08-29,WSM,"Williams-Sonoma, Inc.",US,소비재,2026-08-28,235.09,972351,1052302.55,8.2025,27686078464,39,60,63,37,46,0,HOLD,0.07,1,False,live,STOCK,40,NEUTRAL,NYSE
2026-08-29T07:57:11.520163+09:00,2026-08-29,OKTA,"Okta, Inc.",US,IT,2026-08-28,166.23,4422042,3571032.1,9.3421,29060483072,88,60,60,43,67,1,HOLD,0.95,11,False,live,STOCK,69,NEUTRAL,NASDAQ
2026-08-29T07:57:11.520163+09:00,2026-08-29,RBLX,Roblox Corporation,US,IT,2026-08-28,38.53,7735978,13278458.9,1.675,27524904960,62,60,50,53,49,0,HOLD,-0.19,-2,False,live,STOCK,26,NEUTRAL,NYSE
2026-08-29T07:57:11.520163+09:00,2026-08-29,AWK,"American Water Works Company, Inc.",US,유틸리티,2026-08-28,138.3,1908169,2183293.45,2.6821,27484219392,69,60,63,42,63,1,HOLD,0.76,9,False,live,STOCK,77,NEUTRAL,NYSE
2026-08-29T07:57:11.520163+09:00,2026-08-29,LH,Labcorp Holdings Inc.,US,제약/바이오,2026-08-28,335.11,456542,573317.1,6.9871,27177420800,73,65,48,58,65,2,WATCH,0.77,9,False,live,STOCK,84,NEUTRAL,NYSE
2026-08-29T07:57:11.520163+09:00,2026-08-29,OTIS,Otis Worldwide Corporation,US,산업재,2026-08-28,71.74,3499361,3043073.05,1.3116,27309217792,43,60,60,58,49,0,HOLD,-0.04,0,False,live,STOCK,32,NEUTRAL,NYSE
2026-08-29T07:57:11.520163+09:00,2026-08-29,QSR,Restaurant Brands International Inc.,US,소비재,2026-08-28,78.26,2471248,2419172.4,1.71,35851767808,91,60,63,50,72,2,WATCH,1.01,12,False,live,STOCK,77,NEUTRAL,NYSE
2026-08-29T07:57:11.520163+09:00,2026-08-29,DG,Dollar General Corporation,US,소매,2026-08-28,122.89,3297834,2276651.7,3.9721,27111596032,47,60,60,68,56,0,HOLD,0.32,4,False,live,STOCK,54,NEUTRAL,NYSE
2026-08-29T07:57:11.520163+09:00,2026-08-29,SN,"SharkNinja, Inc.",US,소비재,2026-08-28,191.23,1319915,1764640.75,5.3074,27062941696,73,60,55,50,66,2,WATCH,0.83,10,False,live,STOCK,87,NEUTRAL,NYSE
2026-08-29T07:57:11.520163+09:00,2026-08-29,EIX,Edison International,US,유틸리티,2026-08-28,70.17,7395049,3699737.45,2.6057,27002396672,57,60,60,65,54,0,HOLD,0.15,2,False,live,STOCK,29,NEUTRAL,NYSE
2026-08-29T07:57:11.520163+09:00,2026-08-29,RPRX,Royalty Pharma plc,US,제약/바이오,2026-08-28,60.85,1666318,2686280.9,1.3089,35161284608,91,65,50,50,66,1,HOLD,0.85,10,False,live,STOCK,69,NEUTRAL,NASDAQ
2026-08-29T07:57:11.520163+09:00,2026-08-29,FOX,Fox Corporation,US,인터넷,2026-08-28,61.32,928258,1004062.9,1.6186,25781225472,80,65,66,68,73,2,WATCH,0.89,11,False,live,STOCK,80,NEUTRAL,NASDAQ
2026-08-29T07:57:11.520163+09:00,2026-08-29,DGX,Quest Diagnostics Incorporated,US,제약/바이오,2026-08-28,242.76,639931,779316.55,4.5993,26794235904,73,65,60,58,61,1,HOLD,0.64,8,False,live,STOCK,48,NEUTRAL,NYSE
2026-08-29T07:57:11.520163+09:00,2026-08-29,DOV,Dover Corporation,US,산업재,2026-08-28,198.68,1215415,933695.75,3.8664,26758266880,20,60,60,58,42,0,AVOID,-0.47,-6,True,live,STOCK,32,NEUTRAL,NYSE
2026-08-29T07:57:11.520163+09:00,2026-08-29,CPAY,"Corpay, Inc.",US,IT,2026-08-28,407.88,242619,507040.95,9.6136,26781237248,62,60,50,74,62,1,HOLD,0.55,7,False,live,STOCK,69,NEUTRAL,NYSE
2026-08-29T07:57:11.520163+09:00,2026-08-29,ES,Eversource Energy,US,유틸리티,2026-08-28,70.84,1476970,1980243.5,1.1593,26683637760,35,60,63,58,55,0,HOLD,0.17,2,False,live,STOCK,69,NEUTRAL,NYSE
2026-08-29T07:57:11.520163+09:00,2026-08-29,FE,FirstEnergy Corp.,US,유틸리티,2026-08-28,45.88,2340967,3862228.35,0.7604,26548000768,28,60,60,50,46,0,HOLD,-0.19,-2,False,live,STOCK,48,NEUTRAL,NYSE
2026-08-29T07:57:11.520163+09:00,2026-08-29,CINF,Cincinnati Financial Corporation,US,금융,2026-08-28,171.97,350072,463243.6,2.8132,26393620480,54,60,63,78,61,1,HOLD,0.44,5,False,live,STOCK,52,NEUTRAL,NASDAQ
2026-08-29T07:57:11.520163+09:00,2026-08-29,VRSN,"VeriSign, Inc.",US,IT,2026-08-28,291.93,698768,712128.4,7.6952,26390470656,80,60,50,50,59,1,HOLD,0.39,5,False,live,STOCK,48,NEUTRAL,NASDAQ
2026-08-29T07:57:11.520163+09:00,2026-08-29,PHG,Koninklijke Philips N.V.,US,제약/바이오,2026-08-28,26.72,531709,769165.45,0.44,26116861952,43,65,58,74,56,1,HOLD,0.15,2,False,live,STOCK,57,NEUTRAL,NYSE
2026-08-29T07:57:11.520163+09:00,2026-08-29,AFRM,"Affirm Holdings, Inc.",US,금융,2026-08-28,77.76,29014196,4393434.8,4.0204,26041712640,69,60,70,68,62,1,HOLD,0.49,6,False,live,STOCK,31,NEUTRAL,NASDAQ
2026-08-29T07:57:11.520163+09:00,2026-08-29,XYL,Xylem Inc.,US,산업재,2026-08-28,111.31,1458851,1572867.55,2.7685,25989416960,20,60,63,58,46,0,HOLD,-0.23,-3,False,live,STOCK,48,NEUTRAL,NYSE
2026-08-29T07:57:11.520163+09:00,2026-08-29,RF,Regions Financial Corporation,US,금융,2026-08-28,30.33,5897989,7515389.45,0.5124,25839022080,47,60,63,60,57,0,HOLD,0.35,4,False,live,STOCK,61,NEUTRAL,NYSE
2026-08-29T07:57:11.520163+09:00,2026-08-29,CNP,"CenterPoint Energy, Inc.",US,유틸리티,2026-08-28,39.24,7220407,5972065.35,0.6964,25848184832,28,60,65,42,43,0,AVOID,-0.36,-4,True,live,STOCK,32,NEUTRAL,NYSE
2026-08-29T07:57:11.520163+09:00,2026-08-29,PPL,PPL Corporation,US,유틸리티,2026-08-28,34.2,5653324,7964431.2,0.597,25737033728,31,60,63,50,45,0,HOLD,-0.26,-3,False,live,STOCK,32,NEUTRAL,NYSE
2026-08-29T07:57:11.520163+09:00,2026-08-29,INSM,Insmed Incorporated,US,제약/바이오,2026-08-28,118.54,1977202,2915850.1,4.2721,25886943232,36,65,50,19,36,0,AVOID,-0.27,-3,True,live,STOCK,32,NEUTRAL,NASDAQ
2026-08-29T07:57:11.520163+09:00,2026-08-29,BNTX,BioNTech SE,US,제약/바이오,2026-08-28,102.075,3070087,1843824.35,5.6613,25641684992,84,65,53,58,69,2,WATCH,0.9,11,False,live,STOCK,81,NEUTRAL,NASDAQ
2026-08-29T07:57:11.520163+09:00,2026-08-29,SYM,Symbotic Inc.,US,산업재,2026-08-28,39.875,1328032,1788321.6,1.7074,24138921984,18,60,50,38,40,0,AVOID,-0.61,-7,True,live,STOCK,61,NEUTRAL,NASDAQ
2026-08-29T07:57:11.520163+09:00,2026-08-29,FWONK,Liberty Media Corporation,US,인터넷,2026-08-28,101.8,933113,1939870.65,2.1736,25522124800,47,65,58,38,54,1,HOLD,0.35,4,False,live,STOCK,77,NEUTRAL,NASDAQ
2026-08-29T07:57:11.520163+09:00,2026-08-29,WRB,W. R. Berkley Corporation,US,금융,2026-08-28,68.44,1266958,1592777.9,1.1336,25406812160,32,60,60,63,50,0,HOLD,-0.02,0,False,live,STOCK,48,NEUTRAL,NYSE
2026-08-29T07:57:11.520163+09:00,2026-08-29,SYF,Synchrony Financial,US,금융,2026-08-28,78.05,2932014,3115585.7,1.9832,25395195904,47,60,50,70,57,1,HOLD,0.3,4,False,live,STOCK,69,NEUTRAL,NYSE
2026-08-29T07:57:11.520163+09:00,2026-08-29,PPG,"PPG Industries, Inc.",US,소재,2026-08-28,114.22,1051922,1292006.1,2.1821,25391106048,50,60,65,60,62,1,HOLD,0.43,5,False,live,STOCK,79,NEUTRAL,NYSE
2026-08-29T07:57:11.520163+09:00,2026-08-29,TPR,"Tapestry, Inc.",US,소비재,2026-08-28,125.49,3485696,3557494.8,5.7371,25021661184,17,60,55,60,47,0,HOLD,-0.39,-5,False,live,STOCK,65,NEUTRAL,NYSE
2026-08-29T07:57:11.520163+09:00,2026-08-29,SW,Smurfit Westrock plc,US,소비재,2026-08-28,48.29,3973811,4294105.55,1.407,25329211392,47,60,63,58,57,0,HOLD,0.41,5,False,live,STOCK,63,NEUTRAL,NYSE
2026-08-29T07:57:11.520163+09:00,2026-08-29,INCY,Incyte Corporation,US,제약/바이오,2026-08-28,124.37,1215027,1319921.35,3.1371,25209518080,73,65,53,55,64,2,WATCH,0.76,9,False,live,STOCK,77,NEUTRAL,NASDAQ
2026-08-29T07:57:11.520163+09:00,2026-08-29,Q,"Qnity Electronics, Inc.",US,반도체,2026-08-28,120.26,1997615,1742610.75,5.9387,25159419904,18,65,63,50,45,0,HOLD,-0.48,-6,False,live,STOCK,55,NEUTRAL,NYSE
2026-08-29T07:57:11.520163+09:00,2026-08-29,TPL,Texas Pacific Land Corporation,US,에너지,2026-08-28,364.38,200076,412958.8,16.3679,25132994560,57,60,75,29,53,1,HOLD,0.2,2,False,live,STOCK,39,NEUTRAL,NYSE
2026-08-29T07:57:11.520163+09:00,2026-08-29,ROIV,Roivant Sciences Ltd.,US,제약/바이오,2026-08-28,34.71,8764828,5992996.4,1.2217,25071831040,47,65,48,50,55,1,HOLD,0.37,4,False,live,STOCK,83,NEUTRAL,NASDAQ
2026-08-29T07:57:11.520163+09:00,2026-08-29,FCNCA,"First Citizens BancShares, Inc.",US,금융,2026-08-28,2194.0701,42894,48594.7,45.3972,24777895936,47,60,72,70,62,2,WATCH,0.5,6,False,live,STOCK,60,NEUTRAL,NASDAQ
2026-08-29T07:57:11.520163+09:00,2026-08-29,EXPD,"Expeditors International of Washington, ",US,산업재,2026-08-28,190.97,555091,979909.55,3.7539,24824309760,76,60,55,37,65,2,WATCH,0.85,10,False,live,STOCK,90,NEUTRAL,NYSE
2026-08-29T07:57:11.520163+09:00,2026-08-29,VRSK,"Verisk Analytics, Inc.",US,IT,2026-08-28,191.77,942285,1259999.25,6.0043,24960020480,72,60,48,58,54,1,HOLD,0.24,3,False,live,STOCK,31,NEUTRAL,NASDAQ
2026-08-29T07:57:11.520163+09:00,2026-08-29,FICO,Fair Isaac Corporation,US,IT,2026-08-28,1153.5699,157523,304881.15,43.6214,24914382848,72,60,60,66,67,2,WATCH,0.47,6,False,live,STOCK,70,NEUTRAL,NYSE
2026-08-29T07:57:11.520163+09:00,2026-08-29,PHM,"PulteGroup, Inc.",US,소비재,2026-08-28,128.55,1065613,1237850.65,3.3404,24487020544,47,60,55,60,57,1,HOLD,0.33,4,False,live,STOCK,72,NEUTRAL,NYSE
2026-08-29T07:57:11.520163+09:00,2026-08-29,AMRZ,Amrize Ltd,US,소재,2026-08-28,44.67,2566662,4041408.1,1.1663,24431167488,18,60,72,58,44,1,AVOID,-0.54,-6,True,live,STOCK,29,NEUTRAL,NYSE
2026-08-29T07:57:11.520163+09:00,2026-08-29,DRI,"Darden Restaurants, Inc.",US,소비재,2026-08-28,215.63,779452,966667.6,6.0421,24483010560,47,60,50,42,53,1,HOLD,0.22,3,False,live,STOCK,77,NEUTRAL,NYSE
2026-08-29T07:57:11.520163+09:00,2026-08-29,DLTR,"Dollar Tree, Inc.",US,소매,2026-08-28,128.26,2502109,2273140.45,4.5389,24065462272,47,60,56,68,58,0,HOLD,0.42,5,False,live,STOCK,69,NEUTRAL,NASDAQ
2026-08-29T07:57:11.520163+09:00,2026-08-29,GFS,GLOBALFOUNDRIES Inc.,US,반도체,2026-08-28,44.76,3303274,4395093.7,2.0492,24559849472,40,65,45,66,43,0,AVOID,-0.53,-6,True,live,STOCK,23,NEUTRAL,NASDAQ
2026-08-29T07:57:11.520163+09:00,2026-08-29,BRO,"Brown & Brown, Inc.",US,금융,2026-08-28,73.31,1397427,1763361.35,1.8101,24530284544,66,60,65,66,66,0,HOLD,0.75,9,False,live,STOCK,66,NEUTRAL,NYSE
2026-08-29T07:57:11.520163+09:00,2026-08-29,JBHT,"J.B. Hunt Transport Services, Inc.",US,산업재,2026-08-28,261.03,555316,743105.8,8.6332,24514615296,31,60,60,58,47,0,HOLD,-0.3,-4,False,live,STOCK,39,NEUTRAL,NASDAQ
2026-08-29T07:57:11.520163+09:00,2026-08-29,HUBB,Hubbell Incorporated,US,산업재,2026-08-28,459.66,267841,467525.8,12.7631,24285020160,20,60,63,58,42,0,AVOID,-0.43,-5,True,live,STOCK,26,NEUTRAL,NYSE
2026-08-29T07:57:11.520163+09:00,2026-08-29,OMC,Omnicom Group Inc.,US,인터넷,2026-08-28,88.28,1389407,2186210.35,2.0293,24219260928,69,65,55,46,55,0,HOLD,0.47,6,False,live,STOCK,45,NEUTRAL,NYSE
2026-08-29T07:57:11.520163+09:00,2026-08-29,VLTO,Veralto Corporation,US,산업재,2026-08-28,98.56,1201498,1332694.9,1.822,24028270592,69,60,60,50,65,1,HOLD,0.78,9,False,live,STOCK,80,NEUTRAL,NYSE
2026-08-29T07:57:11.520163+09:00,2026-08-29,NVT,nVent Electric plc,US,산업재,2026-08-28,148.48,1856036,1907726.8,7.6616,24032665600,43,60,60,50,52,0,HOLD,-0.14,-2,False,live,STOCK,55,NEUTRAL,NYSE
2026-08-29T07:57:11.520163+09:00,2026-08-29,CHD,"Church & Dwight Co., Inc.",US,소매,2026-08-28,101.26,1239961,1707843.05,2.1401,24019267584,84,60,50,53,66,2,WATCH,0.77,9,False,live,STOCK,78,NEUTRAL,NYSE
2026-08-29T07:57:11.520163+09:00,2026-08-29,IHG,InterContinental Hotels Group PLC,US,소비재,2026-08-28,162.38,123360,240213.0,2.8412,23908954112,76,60,55,58,57,1,HOLD,0.37,4,False,live,STOCK,29,NEUTRAL,NYSE
2026-08-29T07:57:11.520163+09:00,2026-08-29,SMCI,"Super Micro Computer, Inc.",US,IT,2026-08-28,37.08,28943597,55038399.85,2.6536,23986053120,70,60,63,78,69,2,WATCH,0.45,5,False,live,STOCK,69,NEUTRAL,NASDAQ
2026-08-29T07:57:11.520163+09:00,2026-08-29,PFG,"Principal Financial Group, Inc.",US,금융,2026-08-28,111.41,806379,942788.95,1.9496,23853398016,44,60,55,68,57,0,HOLD,0.27,3,False,live,STOCK,69,NEUTRAL,NASDAQ
2026-08-29T07:57:11.520163+09:00,2026-08-29,TROW,"T. Rowe Price Group, Inc.",US,금융,2026-08-28,111.24,1059328,1460636.4,2.0657,23729254400,29,60,70,78,56,2,HOLD,0.16,2,False,live,STOCK,55,NEUTRAL,NASDAQ
2026-08-29T07:57:11.520163+09:00,2026-08-29,STRD,Strategy Inc,US,IT,2026-08-28,72.05,55434,118301.7,1.4312,,74,60,58,60,67,2,WATCH,0.73,9,False,live,STOCK,79,NEUTRAL,NASDAQ
2026-08-29T07:57:11.520163+09:00,2026-08-29,IOT,Samsara Inc.,US,IT,2026-08-28,41.16,4636358,4683547.9,2.0124,23984347136,91,60,50,35,64,2,WATCH,0.79,9,False,live,STOCK,75,NEUTRAL,NYSE
2026-08-29T07:57:11.520163+09:00,2026-08-29,WST,"West Pharmaceutical Services, Inc.",US,제약/바이오,2026-08-28,337.47,492703,474310.15,7.2393,23749707776,32,65,73,50,54,1,HOLD,0.18,2,False,live,STOCK,64,NEUTRAL,NYSE
2026-08-29T07:57:11.520163+09:00,2026-08-29,CRS,Carpenter Technology Corporation,US,소재,2026-08-28,476.43,393377,578353.85,19.792,23611187200,20,60,63,42,40,0,AVOID,-0.46,-6,True,live,STOCK,33,NEUTRAL,NYSE
2026-08-29T07:57:11.520163+09:00,2026-08-29,KOF,"Coca-Cola FEMSA, S.A.B. de C.V.",US,소매,2026-08-28,112.58,103376,122938.8,2.2371,,91,60,53,55,66,1,HOLD,0.77,9,False,live,STOCK,58,NEUTRAL,NYSE
2026-08-29T07:57:11.520163+09:00,2026-08-29,KEY,KeyCorp,US,금융,2026-08-28,21.91,7584761,8734698.05,0.3846,23380787200,32,60,63,60,47,0,HOLD,-0.12,-1,False,live,STOCK,33,NEUTRAL,NYSE
2026-08-29T07:57:11.520163+09:00,2026-08-29,USFD,US Foods Holding Corp.,US,소매,2026-08-28,107.27,1342307,2111370.35,2.4654,23205795840,51,60,63,66,63,1,HOLD,0.6,7,False,live,STOCK,78,NEUTRAL,NYSE
2026-08-29T07:57:11.520163+09:00,2026-08-29,ASTS,"AST SpaceMobile, Inc.",US,인터넷,2026-08-28,58.05,9387029,11005826.45,3.9604,22591172608,18,65,63,42,39,0,AVOID,-0.67,-8,True,live,STOCK,32,NEUTRAL,NASDAQ
2026-08-29T07:57:11.520163+09:00,2026-08-29,TSEM,Tower Semiconductor Ltd.,US,반도체,2026-08-28,208.01,1248115,1916195.75,14.7843,23511627776,10,65,40,38,35,0,AVOID,-0.82,-10,True,live,STOCK,62,NEUTRAL,NASDAQ
2026-08-29T07:57:11.520163+09:00,2026-08-29,NRG,"NRG Energy, Inc.",US,유틸리티,2026-08-28,111.12,2162040,3240087.0,4.6736,23358588928,31,60,63,66,47,0,HOLD,-0.43,-5,False,live,STOCK,26,NEUTRAL,NYSE
2026-08-29T07:57:11.520163+09:00,2026-08-29,FWONA,Formula One Group,US,인터넷,2026-08-28,93.42,84313,130225.65,2.1075,23421186048,47,65,61,38,53,0,HOLD,0.29,3,False,live,STOCK,66,NEUTRAL,NASDAQ
2026-08-29T07:57:11.520163+09:00,2026-08-29,ROKU,"Roku, Inc.",US,인터넷,2026-08-28,157.675,1557121,2410426.05,1.9439,23401961472,73,65,60,43,64,2,WATCH,0.81,10,False,live,STOCK,80,NEUTRAL,NASDAQ
2026-08-29T07:57:11.520163+09:00,2026-08-29,CRCL,Circle Internet Group,US,금융,2026-08-28,87.14,14589870,14675033.5,6.2861,23753850880,70,60,50,55,62,2,WATCH,0.29,3,False,live,STOCK,77,NEUTRAL,NYSE
2026-08-29T07:57:11.520163+09:00,2026-08-29,AER,AerCap Holdings N.V.,US,산업재,2026-08-28,147.49,838387,975319.35,2.9741,23183079424,47,60,63,70,55,1,HOLD,0.22,3,False,live,STOCK,42,NEUTRAL,NYSE
2026-08-29T07:57:11.520163+09:00,2026-08-29,TW,Tradeweb Markets Inc.,US,금융,2026-08-28,108.87,941566,1208158.3,2.1936,23518996480,84,60,60,50,68,2,WATCH,0.86,10,False,live,STOCK,74,NEUTRAL,NASDAQ
2026-08-29T07:57:11.520163+09:00,2026-08-29,SOFI,"SoFi Technologies, Inc.",US,금융,2026-08-28,18.06,45306917,47808915.85,0.8604,23325759488,65,60,40,66,49,0,HOLD,-0.07,-1,False,live,STOCK,23,NEUTRAL,NASDAQ
2026-08-29T07:57:11.520163+09:00,2026-08-29,CIB,Grupo Cibest S.A.,US,금융,2026-08-28,97.24,381334,298731.7,3.5243,22964731904,73,60,58,88,68,2,WATCH,0.8,10,False,live,STOCK,58,NEUTRAL,NYSE
2026-08-29T07:57:11.520163+09:00,2026-08-29,EFX,Equifax Inc.,US,산업재,2026-08-28,194.35,1145037,1086401.85,5.8996,22833190912,84,60,50,58,64,1,HOLD,0.73,9,False,live,STOCK,60,NEUTRAL,NYSE
2026-08-29T07:57:11.520163+09:00,2026-08-29,GPN,Global Payments Inc.,US,금융,2026-08-28,91.82,1869170,3085263.5,2.7639,24297259008,73,60,60,66,70,2,WATCH,0.91,11,False,live,STOCK,83,NEUTRAL,NYSE
2026-08-29T07:57:11.520163+09:00,2026-08-29,STE,STERIS plc,US,제약/바이오,2026-08-28,233.78,339455,686867.75,4.35,22793576448,47,65,53,58,58,1,HOLD,0.4,5,False,live,STOCK,84,NEUTRAL,NYSE
2026-08-29T07:57:11.520163+09:00,2026-08-29,EXE,Expand Energy Corporation,US,에너지,2026-08-28,98.16,1890549,2607917.45,2.2129,22724413440,84,60,75,78,73,3,BUY,0.92,11,False,live,STOCK,48,NEUTRAL,NASDAQ
2026-08-29T07:57:11.520163+09:00,2026-08-29,FCNCN,First Citizens BancShares Inc. Depositar,US,금융,2026-08-28,25.1,7661,13683.05,0.2154,,65,60,63,50,56,0,HOLD,0.3,4,False,live,STOCK,40,NEUTRAL,NASDAQ
2026-08-29T07:57:11.520163+09:00,2026-08-29,L,Loews Corporation,US,금융,2026-08-28,109.72,490543,596947.15,1.7032,22429808640,24,60,60,68,48,0,HOLD,-0.15,-2,False,live,STOCK,45,NEUTRAL,NYSE
2026-08-29T07:57:11.520163+09:00,2026-08-29,MKL,Markel Corporation,US,금융,2026-08-28,1818.6899,59548,60212.4,27.9457,22533492736,50,60,60,62,51,0,HOLD,0.0,0,False,live,STOCK,26,NEUTRAL,NYSE
2026-08-29T07:57:11.520163+09:00,2026-08-29,SQM,Sociedad Química y Minera de Chile S.A.,US,소재,2026-08-28,78.63,893875,908503.75,2.8786,22459701248,80,60,50,84,67,2,WATCH,0.5,6,False,live,STOCK,55,NEUTRAL,NYSE
2026-08-29T07:57:11.520163+09:00,2026-08-29,IFF,International Flavors & Fragrances Inc.,US,소재,2026-08-28,87.95,1162278,1548458.9,1.8971,22440439808,91,60,63,42,69,2,WATCH,1.03,12,False,live,STOCK,71,NEUTRAL,NYSE
2026-08-29T07:57:11.520163+09:00,2026-08-29,STZ,"Constellation Brands, Inc.",US,소매,2026-08-28,130.69,1999158,1611552.9,3.3386,22322421760,31,60,60,68,57,1,HOLD,0.07,1,False,live,STOCK,81,NEUTRAL,NYSE
2026-08-29T07:57:11.520163+09:00,2026-08-29,RGLD,"Royal Gold, Inc.",US,소재,2026-08-28,262.85,677262,755143.1,7.8,22270717952,88,60,60,50,65,1,HOLD,0.87,10,False,live,STOCK,55,NEUTRAL,NASDAQ
2026-08-29T07:57:11.520163+09:00,2026-08-29,PAAS,Pan American Silver Corp.,US,소재,2026-08-28,52.87,6988929,5405301.45,2.3141,21920851968,73,60,55,71,69,3,WATCH,0.63,8,False,live,STOCK,84,NEUTRAL,NYSE
2026-08-29T07:57:11.520163+09:00,2026-08-29,ULTA,"Ulta Beauty, Inc.",US,소비재,2026-08-28,517.5,1606711,682545.55,19.0621,22246969344,43,60,63,42,54,0,HOLD,0.19,2,False,live,STOCK,69,NEUTRAL,NASDAQ
2026-08-29T07:57:11.520163+09:00,2026-08-29,FFIV,"F5, Inc.",US,IT,2026-08-28,394.24,336122,554046.1,12.2561,22324701184,50,60,50,58,56,1,HOLD,0.19,2,False,live,STOCK,74,NEUTRAL,NASDAQ
2026-08-29T07:57:11.520163+09:00,2026-08-29,TCPA,TransCanada PipeLines Limited 6,US,에너지,2026-08-28,21.96,21247,31287.35,0.3674,,20,60,55,50,40,0,AVOID,-0.53,-6,True,live,STOCK,40,NEUTRAL,NYSE
2026-08-29T07:57:11.520163+09:00,2026-08-29,BG,Bunge Global S.A.,US,소매,2026-08-28,115.48,1572940,1324837.0,3.426,22185916416,72,60,65,50,59,1,HOLD,0.26,3,False,live,STOCK,41,NEUTRAL,NYSE
2026-08-29T07:57:11.520163+09:00,2026-08-29,GIS,"General Mills, Inc.",US,소매,2026-08-28,41.55,8925450,8034372.5,1.1336,22213853184,75,60,73,63,75,3,BUY,1.12,13,False,live,STOCK,90,NEUTRAL,NYSE
2026-08-29T07:57:11.520163+09:00,2026-08-29,XPO,"XPO Logistics, Inc.",US,산업재,2026-08-28,188.56,638370,796838.5,6.1011,22077822976,28,60,58,42,38,0,AVOID,-0.68,-8,True,live,STOCK,17,NEUTRAL,NYSE
2026-08-29T07:57:11.520163+09:00,2026-08-29,DOW,Dow Inc.,US,소재,2026-08-28,30.51,5820848,8263512.4,0.9156,22038616064,43,60,63,55,50,0,HOLD,-0.19,-2,False,live,STOCK,38,NEUTRAL,NYSE
2026-08-29T07:57:11.520163+09:00,2026-08-29,CW,Curtiss-Wright Corporation,US,산업재,2026-08-28,596.37,312128,375741.4,23.1277,22026594304,10,60,53,42,32,0,AVOID,-0.95,-11,True,live,STOCK,23,NEUTRAL,NYSE
2026-08-29T07:57:11.520163+09:00,2026-08-29,FSLR,"First Solar, Inc.",US,에너지,2026-08-28,204.46,1446985,2473364.25,8.595,21973274624,25,60,50,84,50,1,HOLD,-0.4,-5,False,live,STOCK,55,NEUTRAL,NASDAQ
2026-08-29T07:57:11.520163+09:00,2026-08-29,CMSA,CMS Energy Corporation 5.6% JRSUB NT 78,US,유틸리티,2026-08-28,20.35,23713,14000.65,0.1584,,47,60,60,70,54,1,HOLD,-0.01,0,False,live,STOCK,40,NEUTRAL,NYSE
2026-08-29T07:57:11.520163+09:00,2026-08-29,UTHR,United Therapeutics Corporation,US,제약/바이오,2026-08-28,515.46,266869,515413.45,13.2657,22108436480,50,65,50,50,52,0,HOLD,0.01,0,False,live,STOCK,62,NEUTRAL,NASDAQ
2026-08-29T07:57:11.520163+09:00,2026-08-29,BCE,BCE Inc.,US,인터넷,2026-08-28,23.46,1687549,3198287.45,0.3611,21877055488,58,65,63,86,72,2,WATCH,0.59,7,False,live,STOCK,91,NEUTRAL,NYSE
2026-08-29T07:57:11.520163+09:00,2026-08-29,CDE,"Coeur Mining, Inc.",US,소재,2026-08-28,21.13,24286950,40420672.5,1.0507,21720264704,84,60,60,63,72,2,WATCH,0.97,12,False,live,STOCK,81,NEUTRAL,NYSE
2026-08-29T07:57:11.520163+09:00,2026-08-29,GH,"Guardant Health, Inc.",US,제약/바이오,2026-08-28,161.5,1820734,2068916.7,7.0693,21672681472,51,65,63,58,61,1,HOLD,0.55,7,False,live,STOCK,75,NEUTRAL,NASDAQ
2026-08-29T07:57:11.520163+09:00,2026-08-29,RL,Ralph Lauren Corporation,US,소비재,2026-08-28,354.04,511944,636087.2,10.01,21094496256,20,60,55,58,39,0,AVOID,-0.55,-7,True,live,STOCK,26,NEUTRAL,NYSE
2026-08-29T07:57:11.520163+09:00,2026-08-29,AMCR,Amcor plc,US,소비재,2026-08-28,46.67,2884665,3691413.25,1.155,21577672704,51,60,71,66,64,2,WATCH,0.64,8,False,live,STOCK,71,NEUTRAL,NYSE
2026-08-29T07:57:11.520163+09:00,2026-08-29,THC,Tenet Healthcare Corporation,US,제약/바이오,2026-08-28,266.8,519366,775153.3,7.3043,21482467328,73,65,50,78,65,2,WATCH,0.7,8,False,live,STOCK,61,NEUTRAL,NYSE
2026-08-29T07:57:11.520163+09:00,2026-08-29,LEN,Lennar Corporation,US,소비재,2026-08-28,86.33,2359367,2196643.35,2.4871,20796477440,43,60,60,73,55,1,HOLD,0.02,0,False,live,STOCK,47,NEUTRAL,NYSE
2026-08-29T07:57:11.520163+09:00,2026-08-29,FIS,"Fidelity National Information Services, ",US,IT,2026-08-28,41.44,3729137,6081526.85,1.3043,21370853376,43,60,65,86,58,1,HOLD,0.06,1,False,live,STOCK,40,NEUTRAL,NYSE
2026-08-29T07:57:11.520163+09:00,2026-08-29,PKG,Packaging Corporation of America,US,소비재,2026-08-28,240.39,417987,486409.35,5.0911,21418338304,39,60,53,58,44,0,AVOID,-0.14,-2,True,live,STOCK,26,NEUTRAL,NYSE
2026-08-29T07:57:11.520163+09:00,2026-08-29,CMS,CMS Energy Corporation,US,유틸리티,2026-08-28,68.21,2176145,3556917.25,1.0,21389096960,31,60,65,50,48,0,HOLD,-0.16,-2,False,live,STOCK,47,NEUTRAL,NYSE
2026-08-29T07:57:11.520163+09:00,2026-08-29,STRK,Strategy Inc,US,IT,2026-08-28,71.73,75873,94998.65,2.0159,,80,60,48,60,63,1,HOLD,0.57,7,False,live,STOCK,63,NEUTRAL,NASDAQ
2026-08-29T07:57:11.520163+09:00,2026-08-29,BR,"Broadridge Financial Solutions, Inc.",US,IT,2026-08-28,183.64,734211,1383725.55,4.5528,20938962944,84,60,60,58,71,2,WATCH,1.04,12,False,live,STOCK,83,NEUTRAL,NYSE
2026-08-29T07:57:11.520163+09:00,2026-08-29,BCH,Banco de Chile,US,금융,2026-08-28,41.63,150010,293770.5,0.9875,21026705408,62,60,55,70,61,1,HOLD,0.5,6,False,live,STOCK,58,NEUTRAL,NYSE
2026-08-29T07:57:11.520163+09:00,2026-08-29,IP,International Paper Company,US,소재,2026-08-28,39.31,3520347,3623657.35,1.108,20817393664,47,60,55,68,56,0,HOLD,0.33,4,False,live,STOCK,58,NEUTRAL,NYSE
2026-08-29T07:57:11.520163+09:00,2026-08-29,CHTR,"Charter Communications, Inc.",US,인터넷,2026-08-28,153.62,1688547,2562002.35,7.5521,20704516096,55,65,63,86,61,1,HOLD,0.37,4,False,live,STOCK,40,NEUTRAL,NASDAQ
2026-08-29T07:57:11.520163+09:00,2026-08-29,TPG,TPG Inc.,US,금융,2026-08-28,53.97,2259410,3368065.5,1.9935,21078921216,66,60,63,43,66,1,HOLD,0.84,10,False,live,STOCK,93,NEUTRAL,NASDAQ
2026-08-29T07:57:11.520163+09:00,2026-08-29,ENTG,"Entegris, Inc.",US,반도체,2026-08-28,134.92,3037553,2230622.65,7.7143,20615776256,46,65,53,43,49,0,HOLD,-0.04,0,False,live,STOCK,52,NEUTRAL,NASDAQ
2026-08-29T07:57:11.520163+09:00,2026-08-29,SOJD,Southern Company (The) Series 2,US,유틸리티,2026-08-28,18.36,63577,73793.85,0.1722,,50,60,58,50,50,0,HOLD,-0.05,-1,False,live,STOCK,40,NEUTRAL,NYSE
2026-08-29T07:57:11.520163+09:00,2026-08-29,LYB,LyondellBasell Industries N.V.,US,소재,2026-08-28,63.67,2171268,3997103.4,1.8644,20567826432,65,60,55,78,58,1,HOLD,0.19,2,False,live,STOCK,34,NEUTRAL,NYSE
2026-08-29T07:57:11.520163+09:00,2026-08-29,GMAB,Genmab A/S,US,제약/바이오,2026-08-28,33.23,1514286,2931179.3,0.8361,20423901184,95,65,60,53,74,2,WATCH,1.2,14,False,live,STOCK,87,NEUTRAL,NASDAQ
2026-08-29T07:57:11.520163+09:00,2026-08-29,TOST,"Toast, Inc.",US,IT,2026-08-28,35.15,9800592,9887124.6,1.1745,20316700672,66,60,50,50,59,0,HOLD,0.56,7,False,live,STOCK,69,NEUTRAL,NYSE
2026-08-29T07:57:11.520163+09:00,2026-08-29,WWD,"Woodward, Inc.",US,산업재,2026-08-28,341.81,563266,555333.3,10.0281,20182452224,31,60,50,42,36,0,AVOID,-0.52,-6,True,live,STOCK,17,NEUTRAL,NASDAQ
2026-08-29T07:57:11.520163+09:00,2026-08-29,SNX,TD Synnex Corp,US,IT,2026-08-28,253.97,242192,570469.6,6.8814,,65,60,66,66,57,0,HOLD,0.17,2,False,live,STOCK,23,NEUTRAL,NYSE
2026-08-29T07:57:11.520163+09:00,2026-08-29,SNA,Snap-on Incorporated,US,산업재,2026-08-28,391.86,192773,284303.65,6.218,20269789184,36,60,45,58,47,0,HOLD,-0.09,-1,False,live,STOCK,54,NEUTRAL,NYSE
2026-08-29T07:57:11.520163+09:00,2026-08-29,SBAC,SBA Communications Corporation,US,리츠,2026-08-28,190.95,681159,951262.95,4.0891,20257523712,67,60,63,45,59,0,HOLD,0.32,4,False,live,STOCK,55,NEUTRAL,NASDAQ
2026-08-29T07:57:11.520163+09:00,2026-08-29,MTSI,"MACOM Technology Solutions Holdings, Inc",US,반도체,2026-08-28,265.27,1085058,1403387.9,16.025,20258914304,15,65,60,35,37,0,AVOID,-0.74,-9,True,live,STOCK,36,NEUTRAL,NASDAQ
2026-08-29T07:57:11.520163+09:00,2026-08-29,BEKE,KE Holdings Inc.,US,리츠,2026-08-28,18.32,14122368,3979253.4,0.5821,20209803264,81,60,55,74,68,2,WATCH,0.74,9,False,live,STOCK,61,NEUTRAL,NYSE
2026-08-29T07:57:11.520163+09:00,2026-08-29,KSPI,Joint Stock Company Kaspi.kz,US,IT,2026-08-28,106.29,757133,689001.65,3.3693,20197998592,80,60,45,80,69,3,WATCH,0.87,10,False,live,STOCK,78,NEUTRAL,NASDAQ
2026-08-29T07:57:11.520163+09:00,2026-08-29,SOJC,The Southern Company JR 2017B NT 77,US,유틸리티,2026-08-28,20.02,44338,32281.9,0.164,,65,60,58,60,57,0,HOLD,0.18,2,False,live,STOCK,40,NEUTRAL,NYSE
2026-08-29T07:57:11.520163+09:00,2026-08-29,FTAI,FTAI Aviation Ltd.,US,산업재,2026-08-28,194.98,984484,1261189.2,10.6161,20025827328,18,60,65,34,37,0,AVOID,-0.71,-9,True,live,STOCK,26,NEUTRAL,NASDAQ
2026-08-29T07:57:11.520163+09:00,2026-08-29,WES,"Western Midstream Partners, LP",US,에너지,2026-08-28,48.3,426794,788749.7,0.905,19956332544,69,60,68,60,66,0,HOLD,0.79,9,False,live,STOCK,66,NEUTRAL,NYSE
2026-08-29T07:57:11.520163+09:00,2026-08-29,FDXF,"FedEx Freight Holding Company, Inc.",US,산업재,2026-08-28,133.45,774102,1180840.1,5.7995,19953192960,28,60,78,42,47,1,HOLD,-0.3,-4,False,live,STOCK,33,NEUTRAL,NYSE
2026-08-29T07:57:11.520163+09:00,2026-08-29,ATHS,Athene Holding Ltd. 7.250% Fixe,US,금융,2026-08-28,24.75,18569,23273.45,0.2049,,43,60,58,50,48,0,HOLD,-0.08,-1,False,live,STOCK,40,NEUTRAL,NYSE
2026-08-29T07:57:11.520163+09:00,2026-08-29,RS,Reliance Steel & Aluminum Co.,US,소재,2026-08-28,387.59,226630,336071.5,12.7917,19788234752,32,60,50,58,49,0,HOLD,-0.11,-1,False,live,STOCK,63,NEUTRAL,NYSE
2026-08-29T07:57:11.520163+09:00,2026-08-29,RCI,Rogers Communications Inc.,US,인터넷,2026-08-28,36.59,719695,995114.75,0.6493,19766843392,70,65,55,86,72,3,BUY,0.64,8,False,live,STOCK,88,NEUTRAL,NYSE
2026-08-29T07:57:11.520163+09:00,2026-08-29,YPF,YPF Sociedad Anónima,US,에너지,2026-08-28,50.2,717063,1086918.15,1.8907,19682168832,43,60,67,74,58,1,HOLD,0.07,1,False,live,STOCK,52,NEUTRAL,NYSE
2026-08-29T07:57:11.520163+09:00,2026-08-29,TSN,"Tyson Foods, Inc.",US,소매,2026-08-28,55.4,1945674,2921658.7,1.2875,19489804288,28,60,63,66,47,0,HOLD,-0.34,-4,False,live,STOCK,32,NEUTRAL,NYSE
2026-08-29T07:57:11.520163+09:00,2026-08-29,SSNC,"SS&C Technologies Holdings, Inc.",US,IT,2026-08-28,83.42,1096872,1582638.6,1.6207,19574919168,66,60,60,74,68,2,WATCH,0.81,10,False,live,STOCK,78,NEUTRAL,NASDAQ
2026-08-29T07:57:11.520163+09:00,2026-08-29,ZBH,"Zimmer Biomet Holdings, Inc.",US,제약/바이오,2026-08-28,100.91,1190906,2179550.3,2.4452,19247341568,73,65,63,74,72,3,BUY,0.98,12,False,live,STOCK,84,NEUTRAL,NYSE
2026-08-29T07:57:11.520163+09:00,2026-08-29,RIVN,"Rivian Automotive, Inc.",US,소비재,2026-08-28,16.07,40838481,21352214.05,0.6994,23267119104,65,60,53,50,60,1,HOLD,0.33,4,False,live,STOCK,73,NEUTRAL,NASDAQ
2026-08-29T07:57:11.520163+09:00,2026-08-29,NI,NiSource Inc,US,유틸리티,2026-08-28,40.57,3054038,6210376.9,0.7279,19455752192,28,60,55,42,40,0,AVOID,-0.51,-6,True,live,STOCK,36,NEUTRAL,NYSE
2026-08-29T07:57:11.520163+09:00,2026-08-29,LUV,Southwest Airlines Co.,US,산업재,2026-08-28,39.64,3130477,4484443.85,1.1093,19392212992,20,60,63,58,47,0,HOLD,-0.33,-4,False,live,STOCK,52,NEUTRAL,NYSE
2026-08-29T07:57:11.520163+09:00,2026-08-29,MTZ,"MasTec, Inc.",US,산업재,2026-08-28,241.0,1464018,1541245.9,14.2993,19353491456,18,60,66,58,42,0,AVOID,-0.62,-7,True,live,STOCK,26,NEUTRAL,NYSE
2026-08-29T07:57:11.520163+09:00,2026-08-29,CF,"CF Industries Holdings, Inc.",US,소재,2026-08-28,125.79,1535490,2415999.5,4.8495,19036823552,91,60,63,86,77,2,WATCH,1.12,13,False,live,STOCK,69,NEUTRAL,NYSE
2026-08-29T07:57:11.520163+09:00,2026-08-29,AQNB,Algonquin Power & Utilities Corp.,US,유틸리티,2026-08-28,26.28,14239,20506.95,0.1753,,72,60,55,50,56,1,HOLD,0.33,4,False,live,STOCK,40,NEUTRAL,NYSE
2026-08-29T07:57:11.520163+09:00,2026-08-29,RBRK,"Rubrik, Inc.",US,IT,2026-08-28,93.05,9407511,3820370.55,6.3564,19152347136,47,60,60,35,56,1,HOLD,0.39,5,False,live,STOCK,87,NEUTRAL,NYSE
2026-08-29T07:57:11.520163+09:00,2026-08-29,NWS,News Corporation,US,인터넷,2026-08-28,34.85,1583071,1165263.55,0.7771,18720022528,76,65,48,61,66,2,WATCH,0.78,9,False,live,STOCK,81,NEUTRAL,NASDAQ
2026-08-29T07:57:11.520163+09:00,2026-08-29,VTRS,Viatris Inc.,US,제약/바이오,2026-08-28,16.34,6217364,9742393.2,0.386,18767974400,50,65,55,78,52,1,HOLD,0.03,0,False,live,STOCK,25,NEUTRAL,NASDAQ
2026-08-29T07:57:11.520163+09:00,2026-08-29,PR,Permian Resources Corporation,US,에너지,2026-08-28,22.7,8555991,9832369.55,0.6289,19012546560,91,60,60,68,68,1,HOLD,0.93,11,False,live,STOCK,48,NEUTRAL,NYSE
2026-08-29T07:57:11.520163+09:00,2026-08-29,GPC,Genuine Parts Company,US,소비재,2026-08-28,137.51,718260,1130553.0,3.0229,18957094912,73,60,63,43,66,2,WATCH,0.87,10,False,live,STOCK,84,NEUTRAL,NYSE
2026-08-29T07:57:11.520163+09:00,2026-08-29,U,Unity Software Inc.,US,IT,2026-08-28,43.31,7634488,13147889.4,1.5842,19060252672,51,60,53,50,60,1,HOLD,0.55,7,False,live,STOCK,93,NEUTRAL,NYSE
2026-08-29T07:57:11.520163+09:00,2026-08-29,CDW,CDW Corporation,US,IT,2026-08-28,147.69,1636870,1995783.5,6.1877,18463823872,91,60,60,68,74,2,WATCH,1.0,12,False,live,STOCK,77,NEUTRAL,NASDAQ
2026-08-29T07:57:11.520163+09:00,2026-08-29,OWL,Blue Owl Capital Inc.,US,금융,2026-08-28,12.02,14954378,19338538.9,0.4286,18837221376,62,60,56,59,64,1,HOLD,0.69,8,False,live,STOCK,83,NEUTRAL,NYSE
2026-08-29T07:57:11.520163+09:00,2026-08-29,NTNX,"Nutanix, Inc.",US,IT,2026-08-28,69.16,3454716,2897980.8,2.612,18695366656,73,60,60,60,67,2,WATCH,0.84,10,False,live,STOCK,75,NEUTRAL,NASDAQ
2026-08-29T07:57:11.520163+09:00,2026-08-29,EVRG,"Evergy, Inc.",US,유틸리티,2026-08-28,80.65,1448127,1904606.35,1.2232,18595241984,31,60,63,42,43,0,AVOID,-0.26,-3,True,live,STOCK,33,NEUTRAL,NASDAQ
2026-08-29T07:57:11.520163+09:00,2026-08-29,GEN,Gen Digital Inc.,US,IT,2026-08-28,31.02,5942528,5659121.4,0.9363,18568169472,88,60,53,66,74,2,WATCH,1.06,13,False,live,STOCK,90,NEUTRAL,NASDAQ
2026-08-29T07:57:11.520163+09:00,2026-08-29,DD,"DuPont de Nemours, Inc.",US,소재,2026-08-28,136.98,1055511,1357375.55,3.1107,18498187264,43,60,47,58,46,0,HOLD,-0.26,-3,False,live,STOCK,35,NEUTRAL,NYSE
2026-08-29T07:57:11.520163+09:00,2026-08-29,ESS,"Essex Property Trust, Inc.",US,리츠,2026-08-28,284.03,642611,394260.55,4.6966,19579009024,28,60,55,45,47,0,HOLD,-0.11,-1,False,live,STOCK,67,NEUTRAL,NYSE
2026-08-29T07:57:11.520163+09:00,2026-08-29,VIV,Telefônica Brasil S.A.,US,인터넷,2026-08-28,11.39,1692768,1635298.4,0.2704,18198978560,47,65,55,84,53,1,HOLD,-0.19,-2,False,live,STOCK,29,NEUTRAL,NYSE
2026-08-29T07:57:11.520163+09:00,2026-08-29,PKX,POSCO Holdings Inc.,US,소재,2026-08-28,60.25,171038,241746.9,1.5579,18224607232,80,60,50,58,55,1,HOLD,0.05,1,False,live,STOCK,20,NEUTRAL,NYSE
2026-08-29T07:57:11.520163+09:00,2026-08-29,TSCO,Tractor Supply Company,US,소비재,2026-08-28,34.72,8331754,11008182.7,1.0563,18090514432,55,60,75,50,67,2,WATCH,0.75,9,False,live,STOCK,90,NEUTRAL,NASDAQ
2026-08-29T07:57:11.520163+09:00,2026-08-29,PTC,PTC Inc.,US,IT,2026-08-28,157.15,1069117,1182975.85,4.6511,17051758592,62,60,63,68,66,1,HOLD,0.65,8,False,live,STOCK,75,NEUTRAL,NASDAQ
2026-08-29T07:57:11.520163+09:00,2026-08-29,ITT,ITT Inc.,US,산업재,2026-08-28,202.99,402064,835223.2,5.6471,,47,60,63,58,57,0,HOLD,0.3,4,False,live,STOCK,61,NEUTRAL,NYSE
2026-08-29T07:57:11.520163+09:00,2026-08-29,NDSN,Nordson Corporation,US,산업재,2026-08-28,324.59,343009,417860.45,7.6539,18079457280,91,60,60,58,71,1,HOLD,1.04,12,False,live,STOCK,69,NEUTRAL,NASDAQ
2026-08-29T07:57:11.520163+09:00,2026-08-29,FTV,Fortive Corporation,US,IT,2026-08-28,59.69,1540799,2043489.95,1.0482,18027397120,25,60,63,74,56,2,HOLD,0.05,1,False,live,STOCK,73,NEUTRAL,NYSE
2026-08-29T07:57:11.520163+09:00,2026-08-29,BEN,"Franklin Resources, Inc.",US,금융,2026-08-28,34.65,1974915,3424795.75,0.6104,17604866048,81,60,58,58,66,1,HOLD,0.8,10,False,live,STOCK,61,NEUTRAL,NYSE
2026-08-29T07:57:11.520163+09:00,2026-08-29,WIT,Wipro Limited,US,IT,2026-08-28,1.82,26073802,6728390.1,0.0582,18004834304,10,60,55,68,38,0,AVOID,-0.81,-10,True,live,STOCK,27,NEUTRAL,NYSE
2026-08-29T07:57:11.520163+09:00,2026-08-29,PAA,"Plains All American Pipeline, L.P.",US,에너지,2026-08-28,25.48,1443193,2649279.65,0.4864,17977833472,73,60,55,66,65,1,HOLD,0.74,9,False,live,STOCK,69,NEUTRAL,NASDAQ
2026-08-29T07:57:11.520163+09:00,2026-08-29,AS,"Amer Sports, Inc.",US,소비재,2026-08-28,31.05,5367376,7198323.8,1.2756,18065573888,20,60,45,66,44,0,AVOID,-0.54,-6,True,live,STOCK,58,NEUTRAL,NYSE
2026-08-29T07:57:11.520163+09:00,2026-08-29,J,Jacobs Solutions Inc.,US,산업재,2026-08-28,151.98,615193,885264.65,3.1495,17787527168,95,60,60,58,74,2,WATCH,1.15,14,False,live,STOCK,77,NEUTRAL,NYSE
2026-08-29T07:57:11.520163+09:00,2026-08-29,MGA,Magna International Inc.,US,소비재,2026-08-28,65.86,892590,1198599.5,1.8813,17618855936,43,60,55,74,57,1,HOLD,0.15,2,False,live,STOCK,63,NEUTRAL,NYSE
2026-08-29T07:57:11.520163+09:00,2026-08-29,OVV,Ovintiv Inc.,US,에너지,2026-08-28,64.59,2155668,3331858.4,1.5739,17865592832,69,60,60,66,67,1,HOLD,0.77,9,False,live,STOCK,77,NEUTRAL,NYSE
2026-08-29T07:57:11.520163+09:00,2026-08-29,WF,Woori Financial Group Inc.,US,금융,2026-08-28,73.33,60777,81108.85,1.6711,17795620864,70,60,55,88,57,2,HOLD,0.39,5,False,live,STOCK,11,NEUTRAL,NYSE
2026-08-29T07:57:11.520163+09:00,2026-08-29,EWBC,"East West Bancorp, Inc.",US,금융,2026-08-28,129.44,707226,609051.3,2.3804,17734815744,47,60,50,55,44,0,AVOID,-0.15,-2,True,live,STOCK,17,NEUTRAL,NASDAQ
2026-08-29T07:57:11.520163+09:00,2026-08-29,CHRW,"C.H. Robinson Worldwide, Inc.",US,산업재,2026-08-28,150.39,869756,1472267.8,4.135,17573261312,55,60,60,50,49,0,HOLD,-0.21,-3,False,live,STOCK,23,NEUTRAL,NASDAQ
2026-08-29T07:57:11.520163+09:00,2026-08-29,DINO,HF Sinclair Corporation,US,에너지,2026-08-28,99.71,1797162,2524448.1,3.5571,17726828544,80,60,58,78,73,3,BUY,1.01,12,False,live,STOCK,80,NEUTRAL,NYSE
2026-08-29T07:57:11.520163+09:00,2026-08-29,LDOS,"Leidos Holdings, Inc.",US,IT,2026-08-28,140.66,949256,1501062.8,3.7661,17651734528,55,60,55,68,63,1,HOLD,0.56,7,False,live,STOCK,84,NEUTRAL,NYSE
2026-08-29T07:57:11.520163+09:00,2026-08-29,CG,The Carlyle Group Inc.,US,금융,2026-08-28,49.09,1881190,4428509.5,1.5849,17492377600,62,60,60,50,60,0,HOLD,0.51,6,False,live,STOCK,66,NEUTRAL,NASDAQ
2026-08-29T07:57:11.520163+09:00,2026-08-29,FLUT,Flutter Entertainment plc,US,소비재,2026-08-28,101.78,3015667,3570293.35,4.7667,17662810112,72,60,70,60,65,2,WATCH,0.52,6,False,live,STOCK,50,NEUTRAL,NYSE
2026-08-29T07:57:11.520163+09:00,2026-08-29,LNT,Alliant Energy Corporation,US,유틸리티,2026-08-28,68.03,2044512,2388095.6,1.1361,17639137280,31,60,60,42,45,0,HOLD,-0.23,-3,False,live,STOCK,47,NEUTRAL,NASDAQ
2026-08-29T07:57:11.520163+09:00,2026-08-29,BIP,Brookfield Infrastructure Partners L.P.,US,유틸리티,2026-08-28,38.1,329146,736322.3,0.9014,30168301568,46,60,55,30,45,0,HOLD,-0.14,-2,False,live,STOCK,45,NEUTRAL,NYSE
2026-08-29T07:57:11.520163+09:00,2026-08-29,ROL,"Rollins, Inc.",US,산업재,2026-08-28,36.38,2723387,4598739.35,0.7929,17504069632,40,60,60,37,41,0,AVOID,-0.49,-6,True,live,STOCK,20,NEUTRAL,NYSE
2026-08-29T07:57:11.520163+09:00,2026-08-29,JLL,Jones Lang LaSalle Incorporated,US,리츠,2026-08-28,378.01,250985,293954.25,9.9429,17391372288,73,60,53,66,65,2,WATCH,0.76,9,False,live,STOCK,71,NEUTRAL,NYSE
2026-08-29T07:57:11.520163+09:00,2026-08-29,NWSA,News Corporation,US,인터넷,2026-08-28,30.97,5268015,3943980.75,0.6279,16635842560,76,65,58,66,70,2,WATCH,0.94,11,False,live,STOCK,84,NEUTRAL,NASDAQ
2026-08-29T07:57:11.520163+09:00,2026-08-29,BBY,"Best Buy Co., Inc.",US,소비재,2026-08-28,82.44,5154224,3826136.2,3.4564,17375641600,47,60,50,68,56,0,HOLD,0.31,4,False,live,STOCK,69,NEUTRAL,NYSE
2026-08-29T07:57:11.520163+09:00,2026-08-29,INVH,Invitation Homes Inc.,US,리츠,2026-08-28,29.24,4427886,3605144.3,0.4366,17369788416,46,60,63,53,48,0,HOLD,-0.08,-1,False,live,STOCK,22,NEUTRAL,NYSE
2026-08-29T07:57:11.520163+09:00,2026-08-29,JHX,James Hardie Industries plc,US,소재,2026-08-28,29.93,3574596,5978564.8,0.8075,17375039488,66,60,53,51,58,0,HOLD,0.54,6,False,live,STOCK,61,NEUTRAL,NYSE
2026-08-29T07:57:11.520163+09:00,2026-08-29,NLY,"Annaly Capital Management, Inc.",US,리츠,2026-08-28,23.04,4962696,6071084.8,0.314,17365581824,47,60,58,65,58,0,HOLD,0.37,4,False,live,STOCK,69,NEUTRAL,NYSE
2026-08-29T07:57:11.520163+09:00,2026-08-29,FUTU,Futu Holdings Limited,US,금융,2026-08-28,124.26,869065,1462198.25,5.4914,17420568576,88,60,60,60,72,2,WATCH,1.08,13,False,live,STOCK,80,NEUTRAL,NASDAQ
2026-08-29T07:57:11.520163+09:00,2026-08-29,MKSI,MKS Inc.,US,IT,2026-08-28,255.76,1398793,1449294.65,14.4661,17293867008,18,60,50,50,36,0,AVOID,-0.82,-10,True,live,STOCK,26,NEUTRAL,NASDAQ
2026-08-29T07:57:11.520163+09:00,2026-08-29,NVR,"NVR, Inc.",US,소비재,2026-08-28,6396.27,23766,32363.3,140.9822,17130189824,72,60,65,63,65,1,HOLD,0.61,7,False,live,STOCK,55,NEUTRAL,NYSE
2026-08-29T07:57:11.520163+09:00,2026-08-29,DUKB,Duke Energy Corporation 5.625%,US,유틸리티,2026-08-28,22.17,41777,40053.85,0.1714,,47,60,58,50,50,0,HOLD,-0.11,-1,False,live,STOCK,40,NEUTRAL,NYSE
2026-08-29T07:57:11.520163+09:00,2026-08-29,BURL,"Burlington Stores, Inc.",US,소비재,2026-08-28,272.95,2892654,1199297.7,12.8775,17180076032,35,60,53,50,45,0,HOLD,-0.39,-5,False,live,STOCK,45,NEUTRAL,NYSE
2026-08-29T07:57:11.520163+09:00,2026-08-29,APG,APi Group Corporation,US,산업재,2026-08-28,39.69,1943166,2390103.3,1.1286,17152441344,43,60,45,50,50,1,HOLD,-0.04,0,False,live,STOCK,70,NEUTRAL,NYSE
2026-08-29T07:57:11.520163+09:00,2026-08-29,GWRE,"Guidewire Software, Inc.",US,IT,2026-08-28,205.85,1599408,1079335.4,7.9575,17138323456,75,60,50,35,61,2,WATCH,0.74,9,False,live,STOCK,84,NEUTRAL,NYSE
2026-08-29T07:57:11.520163+09:00,2026-08-29,WY,Weyerhaeuser Company,US,리츠,2026-08-28,23.64,3276886,4946509.3,0.5454,17038198784,35,60,60,50,42,0,AVOID,-0.31,-4,True,live,STOCK,19,NEUTRAL,NYSE
2026-08-29T07:57:11.520163+09:00,2026-08-29,ZTO,ZTO Express (Cayman) Inc.,US,산업재,2026-08-28,21.5,1852709,1886395.45,0.5496,16339015680,17,60,55,78,46,1,HOLD,-0.4,-5,False,live,STOCK,45,NEUTRAL,NYSE
2026-08-29T07:57:11.520163+09:00,2026-08-29,ZBRA,Zebra Technologies Corporation,US,IT,2026-08-28,356.45,580966,802913.3,10.92,16863885312,48,60,55,66,58,0,HOLD,0.41,5,False,live,STOCK,69,NEUTRAL,NASDAQ
2026-08-29T07:57:11.520163+09:00,2026-08-29,BALL,Ball Corporation,US,소비재,2026-08-28,63.77,1361022,1724951.1,1.1429,16880133120,91,60,55,58,70,2,WATCH,1.02,12,False,live,STOCK,74,NEUTRAL,NYSE
2026-08-29T07:57:11.520163+09:00,2026-08-29,IEX,IDEX Corporation,US,산업재,2026-08-28,230.28,410200,546515.0,5.0443,16976217088,50,60,63,58,59,0,HOLD,0.45,5,False,live,STOCK,69,NEUTRAL,NYSE
2026-08-29T07:57:11.520163+09:00,2026-08-29,PS,Pershing Square Inc.,US,금융,2026-08-28,42.17,124491,161729.55,2.5411,16867999744,74,60,65,34,64,2,WATCH,0.8,10,False,live,STOCK,76,NEUTRAL,NYSE
2026-08-29T07:57:11.520163+09:00,2026-08-29,MEDP,"Medpace Holdings, Inc.",US,제약/바이오,2026-08-28,600.65,186746,199837.3,17.8932,16765136896,66,65,45,37,56,1,HOLD,0.49,6,False,live,STOCK,74,NEUTRAL,NASDAQ
2026-08-29T07:57:11.520163+09:00,2026-08-29,SBS,Companhia de Saneamento Básico do Estado,US,유틸리티,2026-08-28,4.87,22809539,10396376.95,0.1693,17126356992,47,60,55,70,52,1,HOLD,-0.16,-2,False,live,STOCK,36,NEUTRAL,NYSE
2026-08-29T07:57:11.520163+09:00,2026-08-29,BSAC,Banco Santander-Chile,US,금융,2026-08-28,35.14,221974,271778.7,0.8164,16554992640,62,60,55,60,60,0,HOLD,0.52,6,False,live,STOCK,62,NEUTRAL,NYSE
2026-08-29T07:57:11.520163+09:00,2026-08-29,CCZ,Comcast Holdings Corp.,US,인터넷,2026-08-27,66.45,0,130.0,0.4321,,66,65,55,50,54,0,HOLD,0.28,3,False,live,STOCK,40,NEUTRAL,NYSE
2026-08-29T07:57:11.520163+09:00,2026-08-29,TRU,TransUnion,US,금융,2026-08-28,85.67,1415479,1696078.95,2.322,16414371840,81,60,53,58,67,2,WATCH,0.88,11,False,live,STOCK,77,NEUTRAL,NYSE
2026-08-29T07:57:11.520163+09:00,2026-08-29,CLH,"Clean Harbors, Inc.",US,산업재,2026-08-28,310.71,379206,427270.3,6.3843,16401525760,47,60,55,58,57,1,HOLD,0.35,4,False,live,STOCK,75,NEUTRAL,NYSE
2026-08-29T07:57:11.520163+09:00,2026-08-29,WCC,"WESCO International, Inc.",US,산업재,2026-08-28,336.42,500551,515952.55,12.025,16394707968,43,60,60,58,52,0,HOLD,-0.05,-1,False,live,STOCK,48,NEUTRAL,NYSE
2026-08-29T07:57:11.520163+09:00,2026-08-29,H,Hyatt Hotels Corporation,US,소비재,2026-08-28,172.25,353504,720950.2,4.2415,16232278016,31,60,53,43,40,0,AVOID,-0.46,-6,True,live,STOCK,33,NEUTRAL,NYSE
2026-08-29T07:57:11.520163+09:00,2026-08-29,ALB,Albemarle Corporation,US,소재,2026-08-28,137.36,1445917,2125165.85,5.411,16209174528,70,60,63,59,60,1,HOLD,0.18,2,False,live,STOCK,41,NEUTRAL,NYSE
2026-08-29T07:57:11.520163+09:00,2026-08-29,RGA,"Reinsurance Group of America, Incorporat",US,금융,2026-08-28,245.54,176832,341091.6,4.4418,16034169856,73,60,66,86,70,2,WATCH,0.85,10,False,live,STOCK,55,NEUTRAL,NYSE
2026-08-29T07:57:11.520163+09:00,2026-08-29,WPC,W. P. Carey Inc.,US,리츠,2026-08-28,70.51,953878,1047898.9,0.865,16062689280,31,60,63,58,46,0,HOLD,-0.27,-3,False,live,STOCK,30,NEUTRAL,NYSE
2026-08-29T07:57:11.520163+09:00,2026-08-29,KIM,Kimco Realty Corporation,US,리츠,2026-08-28,23.78,3934840,4062192.0,0.2871,15951372288,31,60,63,53,43,0,AVOID,-0.31,-4,True,live,STOCK,20,NEUTRAL,NYSE
2026-08-29T07:57:11.520163+09:00,2026-08-29,RBA,"RB Global, Inc.",US,산업재,2026-08-28,86.06,1061548,2330787.4,2.7754,15938311168,37,60,60,58,45,0,HOLD,-0.44,-5,False,live,STOCK,23,NEUTRAL,NYSE
2026-08-29T07:57:11.520163+09:00,2026-08-29,GIB,CGI Inc.,US,IT,2026-08-28,74.77,301883,358634.15,1.5651,15483027456,55,60,60,68,63,1,HOLD,0.48,6,False,live,STOCK,74,NEUTRAL,NYSE
2026-08-29T07:57:11.520163+09:00,2026-08-29,VNOM,"Viper Energy, Inc.",US,에너지,2026-08-28,44.18,1199728,1676236.4,0.9314,23149645824,87,60,60,60,63,1,HOLD,0.53,6,False,live,STOCK,34,NEUTRAL,NASDAQ
2026-08-29T07:57:11.520163+09:00,2026-08-29,PFGC,Performance Food Group Co,US,소매,2026-08-28,100.85,1108493,1744759.65,3.0628,15840757760,20,60,48,50,40,0,AVOID,-0.41,-5,True,live,STOCK,48,NEUTRAL,NYSE
2026-08-29T07:57:11.520163+09:00,2026-08-29,RBC,RBC Bearings Incorporated,US,산업재,2026-08-28,500.62,176482,243819.1,14.7021,15849250816,20,60,50,50,36,0,AVOID,-0.74,-9,True,live,STOCK,26,NEUTRAL,NYSE
2026-08-29T07:57:11.520163+09:00,2026-08-29,SOLV,Solventum Corporation,US,제약/바이오,2026-08-28,91.12,658526,1184451.3,2.1836,15510787072,85,65,63,70,74,3,BUY,1.09,13,False,live,STOCK,77,NEUTRAL,NYSE
2026-08-29T07:57:11.520163+09:00,2026-08-29,CX,"CEMEX, S.A.B. de C.V.",US,소재,2026-08-28,10.87,3413935,6975836.75,0.2639,15684892672,37,60,63,74,50,1,HOLD,-0.33,-4,False,live,STOCK,26,NEUTRAL,NYSE
2026-08-29T07:57:11.520163+09:00,2026-08-29,YUMC,"Yum China Holdings, Inc.",US,소비재,2026-08-28,45.02,1139252,1477502.6,1.1462,15346666496,47,60,53,68,56,0,HOLD,0.22,3,False,live,STOCK,63,NEUTRAL,NYSE
2026-08-29T07:57:11.520163+09:00,2026-08-29,STLA,Stellantis N.V.,US,소비재,2026-08-28,5.42,23906746,20694147.3,0.2086,20418895872,55,60,58,72,55,1,HOLD,-0.09,-1,False,live,STOCK,33,NEUTRAL,NYSE
2026-08-29T07:57:11.520163+09:00,2026-08-29,LSCC,Lattice Semiconductor Corporation,US,반도체,2026-08-28,114.4,1166899,1715339.95,5.6057,16248263680,18,65,63,43,39,0,AVOID,-0.66,-8,True,live,STOCK,32,NEUTRAL,NASDAQ
2026-08-29T07:57:11.520163+09:00,2026-08-29,TIGO,Millicom International Cellular S.A.,US,인터넷,2026-08-28,93.38,597331,1231626.55,3.1594,15660759040,47,65,60,74,59,1,HOLD,0.35,4,False,live,STOCK,61,NEUTRAL,NASDAQ
2026-08-29T07:57:11.520163+09:00,2026-08-29,DT,"Dynatrace, Inc.",US,IT,2026-08-28,53.67,5996364,7656938.2,1.9157,15576582144,92,60,53,43,68,2,WATCH,0.99,12,False,live,STOCK,78,NEUTRAL,NYSE
2026-08-29T07:57:11.520163+09:00,2026-08-29,AKAM,"Akamai Technologies, Inc.",US,IT,2026-08-28,107.47,2582605,3565515.25,4.6711,15445224448,18,60,60,58,42,0,AVOID,-0.61,-7,True,live,STOCK,36,NEUTRAL,NASDAQ
2026-08-29T07:57:11.520163+09:00,2026-08-29,COKE,"Coca-Cola Consolidated, Inc.",US,소매,2026-08-28,198.49,577177,483018.85,6.2714,13212347392,88,60,55,53,64,1,HOLD,0.83,10,False,live,STOCK,55,NEUTRAL,NASDAQ
2026-08-29T07:57:11.520163+09:00,2026-08-29,RZC,"Reinsurance Group of America, Incorporat",US,금융,2026-08-28,25.6,22545,34587.25,0.1246,,43,60,58,50,48,0,HOLD,-0.05,-1,False,live,STOCK,40,NEUTRAL,NYSE
2026-08-29T07:57:11.520163+09:00,2026-08-29,LECO,"Lincoln Electric Holdings, Inc.",US,산업재,2026-08-28,284.895,345946,455052.3,7.5354,15528416256,69,60,63,50,64,1,HOLD,0.75,9,False,live,STOCK,74,NEUTRAL,NASDAQ
2026-08-29T07:57:11.520163+09:00,2026-08-29,NBIX,"Neurocrine Biosciences, Inc.",US,제약/바이오,2026-08-28,154.06,812952,1195987.6,4.0646,15660072960,47,65,63,66,51,0,HOLD,-0.07,-1,False,live,STOCK,26,NEUTRAL,NASDAQ
2026-08-29T07:57:11.520163+09:00,2026-08-29,TYL,"Tyler Technologies, Inc.",US,IT,2026-08-28,377.94,1105330,756906.5,13.6743,15477501952,66,60,60,50,65,1,HOLD,0.76,9,False,live,STOCK,84,NEUTRAL,NYSE
2026-08-29T07:57:11.520163+09:00,2026-08-29,AGI,Alamos Gold Inc.,US,소재,2026-08-28,36.75,4474950,4792502.5,1.4125,15383714816,80,60,55,60,62,1,HOLD,0.4,5,False,live,STOCK,48,NEUTRAL,NYSE
2026-08-29T07:57:11.520163+09:00,2026-08-29,ASND,Ascendis Pharma A/S,US,제약/바이오,2026-08-28,247.91,314791,493489.55,7.1239,16261118976,32,65,82,42,51,1,HOLD,0.16,2,False,live,STOCK,40,NEUTRAL,NASDAQ
2026-08-29T07:57:11.520163+09:00,2026-08-29,JAZZ,Jazz Pharmaceuticals plc,US,제약/바이오,2026-08-28,244.54,1192885,1119174.25,7.6429,15874209792,47,65,53,84,61,2,WATCH,0.33,4,False,live,STOCK,72,NEUTRAL,NASDAQ
2026-08-29T07:57:11.520163+09:00,2026-08-29,ARMK,Aramark,US,산업재,2026-08-28,58.18,1786286,2646459.3,1.5089,15337704448,54,60,60,58,52,0,HOLD,0.16,2,False,live,STOCK,32,NEUTRAL,NYSE
2026-08-29T07:57:11.520163+09:00,2026-08-29,PNFP,"Pinnacle Financial Partners, Inc.",US,금융,2026-08-28,101.09,916763,907223.15,1.9679,15275976704,47,60,60,68,56,0,HOLD,0.24,3,False,live,STOCK,54,NEUTRAL,NYSE
2026-08-29T07:57:11.520163+09:00,2026-08-29,EMA,Emera Incorporated,US,유틸리티,2026-08-28,49.9,312142,555822.1,0.6732,15326786560,31,60,55,42,42,0,AVOID,-0.33,-4,True,live,STOCK,39,NEUTRAL,NYSE
2026-08-29T07:57:11.520163+09:00,2026-08-29,LAMR,Lamar Advertising Company,US,리츠,2026-08-28,150.38,340433,647926.65,2.7471,15271041024,28,60,65,42,48,0,HOLD,-0.1,-1,False,live,STOCK,60,NEUTRAL,NASDAQ
2026-08-29T07:57:11.520163+09:00,2026-08-29,HST,"Host Hotels & Resorts, Inc.",US,리츠,2026-08-28,22.28,4349012,9788760.6,0.4189,15478506496,28,60,63,63,51,0,HOLD,-0.09,-1,False,live,STOCK,55,NEUTRAL,NASDAQ
2026-08-29T07:57:11.520163+09:00,2026-08-29,SUI,"Sun Communities, Inc.",US,리츠,2026-08-28,122.92,1358934,2028556.7,2.5357,15531273216,80,60,63,46,64,1,HOLD,0.63,8,False,live,STOCK,57,NEUTRAL,NYSE
2026-08-29T07:57:11.520163+09:00,2026-08-29,SKM,"SK Telecom Co.,Ltd",US,인터넷,2026-08-28,39.34,1217961,1881458.05,1.3554,15102158848,77,65,55,74,65,2,WATCH,0.38,5,False,live,STOCK,52,NEUTRAL,NYSE
2026-08-29T07:57:11.520163+09:00,2026-08-29,TU,Telus Corp,US,인터넷,2026-08-28,9.67,5863530,7312231.5,0.2071,15230251008,40,65,55,68,53,0,HOLD,-0.18,-2,False,live,STOCK,56,NEUTRAL,NYSE
2026-08-29T07:57:11.520163+09:00,2026-08-29,MAA,"Mid-America Apartment Communities, Inc.",US,리츠,2026-08-28,129.61,844913,790880.65,2.1804,15418897408,31,60,66,53,45,0,HOLD,-0.22,-3,False,live,STOCK,26,NEUTRAL,NYSE
2026-08-29T07:57:11.520163+09:00,2026-08-29,APA,APA Corporation,US,에너지,2026-08-28,42.54,3317142,5696182.1,1.389,14903954432,69,60,60,86,71,2,WATCH,0.87,10,False,live,STOCK,77,NEUTRAL,NASDAQ
2026-08-29T07:57:11.520163+09:00,2026-08-29,BBIO,"BridgeBio Pharma, Inc.",US,제약/바이오,2026-08-28,76.6,1922145,2093652.25,2.7516,14974763008,39,65,53,27,44,0,AVOID,0.05,1,True,live,STOCK,57,NEUTRAL,NASDAQ
2026-08-29T07:57:11.520163+09:00,2026-08-29,KEP,Korea Electric Power Corporation,US,유틸리티,2026-08-28,11.68,1090690,1026719.5,0.3586,14996281344,50,60,58,96,56,1,HOLD,-0.07,-1,False,live,STOCK,23,NEUTRAL,NYSE
2026-08-29T07:57:11.520163+09:00,2026-08-29,ULS,UL Solutions Inc.,US,산업재,2026-08-28,74.43,377138,931486.9,1.7279,15027280896,29,60,53,42,39,0,AVOID,-0.62,-7,True,live,STOCK,32,NEUTRAL,NYSE
2026-08-29T07:57:11.520163+09:00,2026-08-29,GFL,GFL Environmental Inc.,US,산업재,2026-08-28,42.83,3991057,1718557.85,1.1425,15456933888,63,60,55,42,56,0,HOLD,0.48,6,False,live,STOCK,60,NEUTRAL,NYSE
2026-08-29T07:57:11.520163+09:00,2026-08-29,EG,"Everest Group, Ltd.",US,금융,2026-08-28,377.61,265752,270762.6,6.8293,14478600192,91,60,63,100,72,2,WATCH,0.94,11,False,live,STOCK,29,NEUTRAL,NYSE
2026-08-29T07:57:11.520163+09:00,2026-08-29,MKC,"McCormick & Company, Incorporated",US,소매,2026-08-28,55.33,2002520,2337726.0,1.4214,14875556864,62,60,63,70,68,2,WATCH,0.78,9,False,live,STOCK,80,NEUTRAL,NYSE
2026-08-29T07:57:11.520163+09:00,2026-08-29,FN,Fabrinet,US,IT,2026-08-28,414.36,730472,1034443.6,34.3639,14848533504,18,60,55,50,37,0,AVOID,-0.76,-9,True,live,STOCK,27,NEUTRAL,NYSE
2026-08-29T07:57:11.520163+09:00,2026-08-29,SWK,"Stanley Black & Decker, Inc.",US,산업재,2026-08-28,97.8,1230816,1718835.8,2.5368,14769427456,51,60,60,66,63,1,HOLD,0.61,7,False,live,STOCK,84,NEUTRAL,NYSE
2026-08-29T07:57:11.520163+09:00,2026-08-29,PINS,"Pinterest, Inc.",US,인터넷,2026-08-28,23.19,6628490,10786774.5,0.7658,13132798976,44,65,48,59,53,0,HOLD,0.17,2,False,live,STOCK,69,NEUTRAL,NYSE
2026-08-29T07:57:11.520163+09:00,2026-08-29,UNM,Unum Group,US,금융,2026-08-28,93.05,1546243,1311347.15,2.1307,14730447872,84,60,66,50,69,2,WATCH,0.95,11,False,live,STOCK,71,NEUTRAL,NYSE
2026-08-29T07:57:11.520163+09:00,2026-08-29,SITM,SiTime Corporation,US,반도체,2026-08-28,557.86,339532,453861.6,41.2231,16710985728,33,65,60,30,39,0,AVOID,-0.57,-7,True,live,STOCK,26,NEUTRAL,NASDAQ
2026-08-29T07:57:11.520163+09:00,2026-08-29,HTHT,H World Group Limited,US,소비재,2026-08-28,47.82,976268,1632518.4,1.6179,14705787904,84,60,60,74,69,2,WATCH,0.8,10,False,live,STOCK,55,NEUTRAL,NASDAQ
2026-08-29T07:57:11.520163+09:00,2026-08-29,IONQ,"IonQ, Inc.",US,IT,2026-08-28,39.2,19694329,19393901.45,2.8489,15881317376,21,60,73,50,45,1,HOLD,-0.49,-6,False,live,STOCK,32,NEUTRAL,NYSE
2026-08-29T07:57:11.520163+09:00,2026-08-29,WMG,Warner Music Group Corp.,US,인터넷,2026-08-28,28.03,1346536,2143316.8,0.8028,14662766592,72,65,58,58,65,2,WATCH,0.44,5,False,live,STOCK,70,NEUTRAL,NASDAQ
2026-08-29T07:57:11.520163+09:00,2026-08-29,UNMA,Unum Group 6.250% JR NT58,US,금융,2026-08-28,21.645,6345,21982.25,0.2088,,62,60,58,80,60,1,HOLD,0.22,3,False,live,STOCK,40,NEUTRAL,NYSE
2026-08-29T07:57:11.520163+09:00,2026-08-29,IVZ,Invesco Ltd.,US,금융,2026-08-28,32.86,2777033,4161526.65,0.8117,14507682816,69,60,60,86,70,1,HOLD,0.83,10,False,live,STOCK,69,NEUTRAL,NYSE
2026-08-29T07:57:11.520163+09:00,2026-08-29,CRBG,"Corebridge Financial, Inc.",US,금융,2026-08-28,32.61,1880863,4489278.15,0.7961,14536514560,48,60,53,58,59,1,HOLD,0.47,6,False,live,STOCK,84,NEUTRAL,NYSE
2026-08-29T07:57:11.520163+09:00,2026-08-29,LTM,LATAM Airlines Group S.A.,US,산업재,2026-08-28,50.53,832532,834086.6,1.4586,,28,60,53,62,41,0,AVOID,-0.46,-6,True,live,STOCK,23,NEUTRAL,NYSE
2026-08-29T07:57:11.520163+09:00,2026-08-29,AIZN,"Assurant, Inc. 5.25% Subordinat",US,금융,2026-08-28,18.59,9668,11043.4,0.2305,,50,60,55,50,50,0,HOLD,-0.05,-1,False,live,STOCK,40,NEUTRAL,NYSE
2026-08-29T07:57:11.520163+09:00,2026-08-29,CNH,CNH Industrial N.V.,US,산업재,2026-08-28,11.68,12221773,16848028.65,0.4323,18783293440,91,60,55,58,68,1,HOLD,0.95,11,False,live,STOCK,64,NEUTRAL,NYSE
2026-08-29T07:57:11.520163+09:00,2026-08-29,DOC,"Healthpeak Properties, Inc.",US,리츠,2026-08-28,20.96,3073821,4955476.05,0.3648,14859534336,54,60,55,53,54,0,HOLD,0.28,3,False,live,STOCK,51,NEUTRAL,NYSE
2026-08-29T07:57:11.520163+09:00,2026-08-29,MAS,Masco Corporation,US,소재,2026-08-28,73.25,1314045,1981772.25,1.7749,14443978752,32,60,73,68,61,2,WATCH,0.34,4,False,live,STOCK,78,NEUTRAL,NYSE
2026-08-29T07:57:11.520163+09:00,2026-08-29,STRL,"Sterling Infrastructure, Inc.",US,산업재,2026-08-28,470.52,473648,674632.4,29.3493,14392509440,18,60,68,58,44,0,AVOID,-0.56,-7,True,live,STOCK,32,NEUTRAL,NASDAQ
2026-08-29T07:57:11.520163+09:00,2026-08-29,CSL,Carlisle Companies Incorporated,US,소재,2026-08-28,356.53,374709,398900.45,10.6245,14159279104,47,60,60,50,50,0,HOLD,0.07,1,False,live,STOCK,40,NEUTRAL,NYSE
2026-08-29T07:57:11.520163+09:00,2026-08-29,TLK,Perusahaan Perseroan (Persero) PT Teleko,US,인터넷,2026-08-28,14.58,436069,620748.45,0.2414,14373101568,46,65,55,63,57,0,HOLD,0.13,2,False,live,STOCK,69,NEUTRAL,NYSE
2026-08-29T07:57:11.520163+09:00,2026-08-29,RVTY,"Revvity, Inc.",US,제약/바이오,2026-08-28,128.8,1576262,1533273.1,3.5136,14372328448,82,65,63,51,72,2,WATCH,1.07,13,False,live,STOCK,90,NEUTRAL,NYSE
2026-08-29T07:57:11.520163+09:00,2026-08-29,GRAB,Grab Holdings Limited,US,IT,2026-08-28,3.61,21274839,38436251.95,0.1182,14769599488,50,60,50,66,58,1,HOLD,0.23,3,False,live,STOCK,75,NEUTRAL,NASDAQ
2026-08-29T07:57:11.520163+09:00,2026-08-29,ARCC,Ares Capital Corporation,US,금융,2026-08-28,19.95,4034835,3955741.75,0.2349,14324556800,62,60,53,71,66,2,WATCH,0.61,7,False,live,STOCK,84,NEUTRAL,NASDAQ
2026-08-29T07:57:11.520163+09:00,2026-08-29,TXT,Textron Inc.,US,산업재,2026-08-28,83.04,1939960,1379923.0,1.8336,14281793536,20,60,63,68,44,0,AVOID,-0.49,-6,True,live,STOCK,26,NEUTRAL,NYSE
2026-08-29T07:57:11.520163+09:00,2026-08-29,PAG,"Penske Automotive Group, Inc.",US,소비재,2026-08-28,217.01,258216,322190.8,2.7464,14249499648,73,60,66,60,66,1,HOLD,0.8,10,False,live,STOCK,60,NEUTRAL,NYSE
2026-08-29T07:57:11.520163+09:00,2026-08-29,KKRS,KKR Group Finance Co. IX LLC 4.,US,금융,2026-08-28,16.03,22170,26018.5,0.1521,,31,60,58,50,45,0,HOLD,-0.25,-3,False,live,STOCK,40,NEUTRAL,NYSE
2026-08-29T07:57:11.520163+09:00,2026-08-29,TRMB,Trimble Inc.,US,IT,2026-08-28,61.01,2532695,2759994.75,2.1418,14226301952,80,60,63,60,72,2,WATCH,0.89,11,False,live,STOCK,83,NEUTRAL,NASDAQ
2026-08-29T07:57:11.520163+09:00,2026-08-29,W,Wayfair Inc.,US,소비재,2026-08-28,103.76,1851616,3399665.8,4.2235,14211806208,66,60,50,45,57,0,HOLD,0.52,6,False,live,STOCK,66,NEUTRAL,NYSE
2026-08-29T07:57:11.520163+09:00,2026-08-29,AIZ,"Assurant, Inc.",US,금융,2026-08-28,285.65,229376,380823.8,5.82,14089333760,62,60,63,68,62,0,HOLD,0.6,7,False,live,STOCK,55,NEUTRAL,NYSE
2026-08-29T07:57:11.520163+09:00,2026-08-29,SJM,The J. M. Smucker Company,US,소매,2026-08-28,132.34,1448156,1247022.8,3.5535,14136979456,77,60,50,51,65,2,WATCH,0.81,10,False,live,STOCK,83,NEUTRAL,NYSE
2026-08-29T07:57:11.520163+09:00,2026-08-29,VIRT,"Virtu Financial, Inc.",US,금융,2026-08-28,66.39,962332,1547541.6,3.2258,5862282240,70,60,63,70,68,3,WATCH,0.84,10,False,live,STOCK,72,NEUTRAL,NYSE
2026-08-29T07:57:11.520163+09:00,2026-08-29,CHKP,Check Point Software Technologies Ltd.,US,IT,2026-08-28,138.32,1144996,939564.8,4.2336,14122560512,69,60,50,60,64,1,HOLD,0.51,6,False,live,STOCK,81,NEUTRAL,NASDAQ
2026-08-29T07:57:11.520163+09:00,2026-08-29,AEFC,Aegon Funding Company LLC,US,금융,2026-08-28,18.1,108532,54236.6,0.2141,,50,60,55,50,50,0,HOLD,-0.09,-1,False,live,STOCK,40,NEUTRAL,NYSE
2026-08-29T07:57:11.520163+09:00,2026-08-29,LOGI,Logitech International S.A.,US,IT,2026-08-28,97.96,480150,766427.5,2.7189,14026729472,30,60,60,68,52,0,HOLD,-0.25,-3,False,live,STOCK,59,NEUTRAL,NASDAQ
2026-08-29T07:57:11.520163+09:00,2026-08-29,FIG,"Figma, Inc.",US,IT,2026-08-28,28.82,19067109,21279975.45,1.7276,15361343488,84,60,50,30,63,2,WATCH,0.73,9,False,live,STOCK,84,NEUTRAL,NYSE
2026-08-29T07:57:11.520163+09:00,2026-08-29,CRL,Charles River Laboratories International,US,제약/바이오,2026-08-28,291.5,659832,979531.6,9.613,14040892416,73,65,50,58,67,2,WATCH,0.85,10,False,live,STOCK,93,NEUTRAL,NYSE
2026-08-29T07:57:11.520163+09:00,2026-08-29,QXO,"QXO, Inc.",US,산업재,2026-08-28,13.52,9206214,16545225.7,0.7135,14026874880,15,60,63,37,37,0,AVOID,-0.74,-9,True,live,STOCK,30,NEUTRAL,NYSE
2026-08-29T07:57:11.520163+09:00,2026-08-29,BWXT,"BWX Technologies, Inc.",US,산업재,2026-08-28,152.85,869878,1043263.9,5.5507,14004420608,18,60,50,50,36,0,AVOID,-0.82,-10,True,live,STOCK,26,NEUTRAL,NYSE
2026-08-29T07:57:11.520163+09:00,2026-08-29,MLI,"Mueller Industries, Inc.",US,산업재,2026-08-28,62.8,1212768,1104053.4,2.0543,13890191360,40,60,53,55,50,0,HOLD,-0.06,-1,False,live,STOCK,55,NEUTRAL,NYSE
2026-08-29T07:57:11.520163+09:00,2026-08-29,COO,"The Cooper Companies, Inc.",US,제약/바이오,2026-08-28,71.17,1011285,1678764.25,1.4026,13880329216,39,65,63,51,52,0,HOLD,0.24,3,False,live,STOCK,58,NEUTRAL,NASDAQ
2026-08-29T07:57:11.520163+09:00,2026-08-29,CACI,CACI International Inc,US,IT,2026-08-28,628.2,198601,296580.05,19.3246,13882931200,55,60,55,53,61,1,HOLD,0.59,7,False,live,STOCK,87,NEUTRAL,NYSE
2026-08-29T07:57:11.520163+09:00,2026-08-29,TKO,"TKO Group Holdings, Inc.",US,인터넷,2026-08-28,184.64,641161,1155328.05,5.4,34946760704,43,65,53,43,51,0,HOLD,-0.11,-1,False,live,STOCK,68,NEUTRAL,NYSE
2026-08-29T07:57:11.520163+09:00,2026-08-29,AEG,Aegon Ltd.,US,금융,2026-08-28,9.19,9004077,4294078.85,0.1293,13646180352,44,60,50,47,48,0,HOLD,0.08,1,False,live,STOCK,51,NEUTRAL,NYSE
2026-08-29T07:57:11.520163+09:00,2026-08-29,REG,Regency Centers Corporation,US,리츠,2026-08-28,75.52,847942,1191482.1,0.8786,14119122944,28,60,63,58,47,0,HOLD,-0.22,-3,False,live,STOCK,39,NEUTRAL,NASDAQ
2026-08-29T07:57:11.520163+09:00,2026-08-29,ECHO,EchoStar Corporation,US,인터넷,2026-08-28,86.84,2271140,3590052.0,2.8586,25226213376,40,65,48,62,48,0,HOLD,-0.35,-4,False,live,STOCK,46,NEUTRAL,NASDAQ
2026-08-29T07:57:11.520163+09:00,2026-08-29,BNT,Brookfield Wealth Solutions Ltd.,US,금융,2026-08-28,41.37,11305,11865.25,0.7582,11350852608,35,60,55,60,47,0,HOLD,-0.31,-4,False,live,STOCK,40,NEUTRAL,NYSE
2026-08-29T07:57:11.520163+09:00,2026-08-29,OHI,"Omega Healthcare Investors, Inc.",US,리츠,2026-08-28,45.99,913679,1662643.95,0.7725,14684482560,25,60,63,55,48,0,HOLD,-0.12,-1,False,live,STOCK,55,NEUTRAL,NYSE
2026-08-29T07:57:11.520163+09:00,2026-08-29,RNR,RenaissanceRe Holdings Ltd.,US,금융,2026-08-28,330.74,184167,238828.35,5.7093,13742872576,88,60,53,73,63,2,WATCH,0.7,8,False,live,STOCK,29,NEUTRAL,NYSE
2026-08-29T07:57:11.520163+09:00,2026-08-29,LULU,Lululemon Athletica Inc.,US,소비재,2026-08-28,120.81,3900557,2815407.85,4.3639,13718449152,43,60,65,86,58,1,HOLD,0.0,0,False,live,STOCK,40,NEUTRAL,NASDAQ
2026-08-29T07:57:11.520163+09:00,2026-08-29,XELLL,Xcel Energy Inc. 6.25% Junior Subordinat,US,유틸리티,2026-08-28,22.5,75158,63387.9,0.2769,,28,60,55,60,45,0,HOLD,-0.36,-4,False,live,STOCK,40,NEUTRAL,NASDAQ
2026-08-29T07:57:11.520163+09:00,2026-08-29,EQH,"Equitable Holdings, Inc.",US,금융,2026-08-28,50.2,1243005,2690310.25,1.2167,13692843008,48,60,56,62,60,1,HOLD,0.51,6,False,live,STOCK,84,NEUTRAL,NYSE
2026-08-29T07:57:11.520163+09:00,2026-08-29,EXEL,"Exelixis, Inc.",US,제약/바이오,2026-08-28,54.45,1486394,2605959.7,1.3943,13491714048,76,65,63,76,71,3,BUY,0.85,10,False,live,STOCK,71,NEUTRAL,NASDAQ
2026-08-29T07:57:11.520163+09:00,2026-08-29,HL,Hecla Mining Company,US,소재,2026-08-28,20.38,28524980,38155634.0,1.037,13690640384,84,60,40,53,65,2,WATCH,0.84,10,False,live,STOCK,87,NEUTRAL,NYSE
2026-08-29T07:57:11.520163+09:00,2026-08-29,TOL,"Toll Brothers, Inc.",US,소비재,2026-08-28,146.22,816233,870466.65,4.4546,13506049024,32,60,60,70,54,1,HOLD,0.09,1,False,live,STOCK,62,NEUTRAL,NYSE
2026-08-29T07:57:11.520163+09:00,2026-08-29,RPM,RPM International Inc.,US,소재,2026-08-28,106.65,1118753,975672.65,2.9007,13613126656,35,60,60,58,48,0,HOLD,-0.11,-1,False,live,STOCK,40,NEUTRAL,NYSE
2026-08-29T07:57:11.520163+09:00,2026-08-29,AVY,Avery Dennison Corporation,US,소비재,2026-08-28,177.75,753240,720397.0,4.6725,13471342592,47,60,55,58,58,1,HOLD,0.43,5,False,live,STOCK,78,NEUTRAL,NYSE
2026-08-29T07:57:11.520163+09:00,2026-08-29,LII,Lennox International Inc.,US,산업재,2026-08-28,393.39,370390,499699.5,11.6225,13595825152,40,60,63,52,45,0,HOLD,-0.41,-5,False,live,STOCK,20,NEUTRAL,NYSE
2026-08-29T07:57:11.520163+09:00,2026-08-29,BMNR,"Bitmine Immersion Technologies, Inc.",US,금융,2026-08-28,23.8,51078477,38921213.85,1.4296,14356787200,73,60,63,42,66,2,WATCH,0.88,11,False,live,STOCK,86,NEUTRAL,NYSE
2026-08-29T07:57:11.520163+09:00,2026-08-29,SGI,Somnigroup International Inc,US,소비재,2026-08-28,64.37,8545428,3597386.4,2.1282,13541227520,50,60,68,74,55,1,HOLD,0.02,0,False,live,STOCK,26,NEUTRAL,NYSE
2026-08-29T07:57:11.520163+09:00,2026-08-29,BAX,Baxter International Inc.,US,제약/바이오,2026-08-28,26.13,3960355,6342392.75,0.6693,13509104640,48,65,66,63,62,1,HOLD,0.58,7,False,live,STOCK,78,NEUTRAL,NYSE
2026-08-29T07:57:11.520163+09:00,2026-08-29,ONTO,Onto Innovation Inc.,US,반도체,2026-08-28,270.79,1082841,1093232.05,20.3152,16551615488,35,65,63,43,46,0,HOLD,-0.1,-1,False,live,STOCK,39,NEUTRAL,NYSE
2026-08-29T07:57:11.520163+09:00,2026-08-29,TLN,Talen Energy Corporation,US,유틸리티,2026-08-28,296.105,684213,869770.65,16.0338,14187652096,10,60,73,70,50,2,HOLD,-0.41,-5,False,live,STOCK,55,NEUTRAL,NASDAQ
2026-08-29T07:57:11.520163+09:00,2026-08-29,GL,Globe Life Inc.,US,금융,2026-08-28,172.79,454851,520847.55,3.6214,13278815232,29,60,53,78,51,1,HOLD,0.05,1,False,live,STOCK,54,NEUTRAL,NYSE
2026-08-29T07:57:11.520163+09:00,2026-08-29,UHAL,U-Haul Holding Company,US,산업재,2026-08-28,68.59,110921,154521.05,1.6044,13408947200,43,60,63,35,52,0,HOLD,0.28,3,False,live,STOCK,64,NEUTRAL,NYSE
2026-08-29T07:57:11.520163+09:00,2026-08-29,SEIC,SEI Investments Company,US,금융,2026-08-28,111.63,660725,590386.25,1.6364,13397741568,77,60,45,50,63,2,WATCH,0.76,9,False,live,STOCK,83,NEUTRAL,NASDAQ
2026-08-29T07:57:11.520163+09:00,2026-08-29,ALLE,Allegion plc,US,산업재,2026-08-28,157.48,1201998,1086094.9,3.7143,13391592448,51,60,45,58,53,0,HOLD,0.27,3,False,live,STOCK,61,NEUTRAL,NYSE
2026-08-29T07:57:11.520163+09:00,2026-08-29,FIVE,"Five Below, Inc.",US,소비재,2026-08-28,241.89,1022640,977027.0,9.1164,13375392768,62,60,68,66,66,0,HOLD,0.64,8,False,live,STOCK,69,NEUTRAL,NASDAQ
2026-08-29T07:57:11.520163+09:00,2026-08-29,HUBS,"HubSpot, Inc.",US,IT,2026-08-28,260.68,1299512,2098050.6,14.0814,13344393216,77,60,55,51,67,2,WATCH,0.66,8,False,live,STOCK,84,NEUTRAL,NYSE
2026-08-29T07:57:11.520163+09:00,2026-08-29,SREA,Sempra,US,유틸리티,2026-08-28,20.45,90002,54755.1,0.1734,,53,60,58,50,51,0,HOLD,0.01,0,False,live,STOCK,40,NEUTRAL,NYSE
2026-08-29T07:57:11.520163+09:00,2026-08-29,BIPI,BIP Bermuda Holdings I Limited,US,산업재,2026-08-28,16.79,4945,14832.25,0.1521,,65,60,55,50,54,0,HOLD,0.23,3,False,live,STOCK,40,NEUTRAL,NYSE
2026-08-29T07:57:11.520163+09:00,2026-08-29,CNA,CNA Financial Corporation,US,금융,2026-08-28,49.31,371535,380451.75,0.8703,13343332352,44,60,60,86,57,1,HOLD,0.31,4,False,live,STOCK,45,NEUTRAL,NYSE
2026-08-29T07:57:11.520163+09:00,2026-08-29,EMBJ,Embraer S.A.,US,산업재,2026-08-28,72.54,1773575,1354128.75,2.2646,12909090816,51,60,55,61,56,0,HOLD,0.38,5,False,live,STOCK,60,NEUTRAL,NYSE
2026-08-29T07:57:11.520163+09:00,2026-08-29,HAS,"Hasbro, Inc.",US,소비재,2026-08-28,94.23,901016,1524480.8,2.229,13290619904,55,60,45,60,54,0,HOLD,0.28,3,False,live,STOCK,61,NEUTRAL,NASDAQ
2026-08-29T07:57:11.520163+09:00,2026-08-29,IT,"Gartner, Inc.",US,IT,2026-08-28,198.39,610198,1535309.9,8.2307,12528124928,55,60,45,84,64,2,WATCH,0.54,6,False,live,STOCK,87,NEUTRAL,NYSE
2026-08-29T07:57:11.520163+09:00,2026-08-29,AA,Alcoa Corporation,US,소재,2026-08-28,50.32,2413011,4996370.55,2.4866,13279923200,63,60,63,73,62,1,HOLD,0.19,2,False,live,STOCK,49,NEUTRAL,NYSE
2026-08-29T07:57:11.520163+09:00,2026-08-29,DTM,"DT Midstream, Inc.",US,에너지,2026-08-28,129.53,837710,1057965.5,3.9814,13214041088,50,60,65,50,52,0,HOLD,-0.02,0,False,live,STOCK,35,NEUTRAL,NYSE
2026-08-29T07:57:11.520163+09:00,2026-08-29,MAIR,Madison Air Solutions Corporation,US,산업재,2026-08-28,26.33,1918324,2768486.2,1.9525,13210356736,18,60,70,43,39,1,AVOID,-0.67,-8,True,live,STOCK,20,NEUTRAL,NYSE
2026-08-29T07:57:11.520163+09:00,2026-08-29,TME,Tencent Music Entertainment Group,US,인터넷,2026-08-28,8.56,5653397,12145509.85,0.3807,14015065088,32,65,58,78,56,1,HOLD,-0.09,-1,False,live,STOCK,66,NEUTRAL,NYSE
2026-08-29T07:57:11.520163+09:00,2026-08-29,BWA,BorgWarner Inc.,US,소비재,2026-08-28,64.09,1351970,2204643.5,2.1393,13052976128,40,60,63,74,50,1,HOLD,-0.24,-3,False,live,STOCK,23,NEUTRAL,NYSE
2026-08-29T07:57:11.520163+09:00,2026-08-29,QNT,Quantinuum Inc. Class A Common Stock,US,IT,2026-08-28,49.92,1474479,1546623.95,4.97,13144342528,31,60,65,58,49,0,HOLD,-0.14,-2,False,live,STOCK,41,NEUTRAL,NASDAQ
2026-08-29T07:57:11.520163+09:00,2026-08-29,TXRH,"Texas Roadhouse, Inc.",US,소비재,2026-08-28,198.99,434960,799063.0,4.8182,13061889024,47,60,53,42,49,0,HOLD,0.18,2,False,live,STOCK,55,NEUTRAL,NASDAQ
2026-08-29T07:57:11.520163+09:00,2026-08-29,CSGP,"CoStar Group, Inc.",US,리츠,2026-08-28,32.22,4336370,5570458.5,1.3857,13055467520,51,60,63,51,50,0,HOLD,-0.06,-1,False,live,STOCK,28,NEUTRAL,NASDAQ
2026-08-29T07:57:11.520163+09:00,2026-08-29,WSE,Wise Group plc Class A Ordinary Shares,US,IT,2026-08-28,13.04,914860,1014133.0,0.3646,12827831296,84,60,75,45,67,2,WATCH,0.84,10,False,live,STOCK,52,NEUTRAL,NASDAQ
2026-08-29T07:57:11.520163+09:00,2026-08-29,MANH,"Manhattan Associates, Inc.",US,IT,2026-08-28,223.28,568079,885738.95,7.4028,13018334208,77,60,50,35,64,2,WATCH,0.83,10,False,live,STOCK,93,NEUTRAL,NASDAQ
2026-08-29T07:57:11.520163+09:00,2026-08-29,ICLR,ICON Public Limited Company,US,제약/바이오,2026-08-28,170.02,314629,555631.45,6.5564,13117758464,73,65,50,51,63,2,WATCH,0.74,9,False,live,STOCK,81,NEUTRAL,NASDAQ
2026-08-29T07:57:11.520163+09:00,2026-08-29,HBM,Hudbay Minerals Inc.,US,소재,2026-08-28,29.29,4225670,4618793.5,1.3104,13009000448,87,60,60,60,70,1,HOLD,0.73,9,False,live,STOCK,69,NEUTRAL,NYSE
2026-08-29T07:57:11.520163+09:00,2026-08-29,DOCN,"DigitalOcean Holdings, Inc.",US,IT,2026-08-28,111.21,2101347,2613977.35,9.0901,13076022272,18,60,63,26,37,0,AVOID,-0.68,-8,True,live,STOCK,38,NEUTRAL,NYSE
2026-08-29T07:57:11.520163+09:00,2026-08-29,NXT,Nextpower Inc.,US,에너지,2026-08-28,85.44,1205457,2256037.85,4.3894,13126860800,10,60,53,53,36,0,AVOID,-0.84,-10,True,live,STOCK,32,NEUTRAL,NASDAQ
2026-08-29T07:57:11.520163+09:00,2026-08-29,GDDY,GoDaddy Inc.,US,IT,2026-08-28,97.7,2044644,1978337.2,4.1876,12373480448,84,60,53,76,74,3,BUY,0.95,11,False,live,STOCK,90,NEUTRAL,NYSE
2026-08-29T07:57:11.520163+09:00,2026-08-29,CCK,"Crown Holdings, Inc.",US,소비재,2026-08-28,118.44,639503,784980.15,2.5521,12881595392,51,60,60,84,64,1,HOLD,0.57,7,False,live,STOCK,69,NEUTRAL,NYSE
2026-08-29T07:57:11.520163+09:00,2026-08-29,GGG,Graco Inc.,US,산업재,2026-08-28,79.29,1798353,1468632.65,1.645,12841318400,39,60,63,50,50,0,HOLD,0.07,1,False,live,STOCK,48,NEUTRAL,NYSE
2026-08-29T07:57:11.520163+09:00,2026-08-29,ALLY,Ally Financial Inc.,US,금융,2026-08-28,42.18,2235264,2813983.2,0.7978,12831142912,28,60,63,96,60,1,HOLD,0.13,2,False,live,STOCK,68,NEUTRAL,NYSE
2026-08-29T07:57:11.520163+09:00,2026-08-29,WSO,"Watsco, Inc.",US,산업재,2026-08-28,310.76,416127,483271.35,9.545,12819531776,47,60,63,50,48,0,HOLD,-0.24,-3,False,live,STOCK,27,NEUTRAL,NYSE
2026-08-29T07:57:11.520163+09:00,2026-08-29,FNF,"Fidelity National Financial, Inc.",US,금융,2026-08-28,47.55,1100919,1524840.95,0.8564,12752569344,28,60,63,84,48,1,HOLD,-0.22,-3,False,live,STOCK,19,NEUTRAL,NYSE
2026-08-29T07:57:11.520163+09:00,2026-08-29,PEN,"Penumbra, Inc.",US,제약/바이오,2026-08-28,321.68,234126,264466.3,2.1052,12670789632,43,65,55,30,50,1,HOLD,0.05,1,False,live,STOCK,72,NEUTRAL,NYSE
2026-08-29T07:57:11.520163+09:00,2026-08-29,IREN,IREN Limited,US,IT,2026-08-28,35.45,89323370,45238668.5,3.4821,12669074432,21,60,73,45,41,1,AVOID,-0.59,-7,True,live,STOCK,20,NEUTRAL,NASDAQ
2026-08-29T07:57:11.520163+09:00,2026-08-29,CHYM,"Chime Financial, Inc. Class A Common Sto",US,IT,2026-08-28,33.2,5007502,9807840.1,1.2365,12569026560,73,60,55,62,68,2,WATCH,0.87,10,False,live,STOCK,86,NEUTRAL,NASDAQ
2026-08-29T07:57:11.520163+09:00,2026-08-29,HMY,Harmony Gold Mining Company Limited,US,소재,2026-08-28,20.23,5933308,3626435.4,0.9939,12640411648,55,60,50,86,61,1,HOLD,0.49,6,False,live,STOCK,63,NEUTRAL,NYSE
2026-08-29T07:57:11.520163+09:00,2026-08-29,WBS,Webster Financial Corporation,US,금융,2026-08-20,77.57,0,10126728.95,0.7775,12568934400,69,60,55,60,57,0,HOLD,0.36,4,False,live,STOCK,39,NEUTRAL,NYSE
2026-08-29T07:57:11.520163+09:00,2026-08-29,DKNG,DraftKings Inc.,US,소비재,2026-08-28,25.26,19877738,13127836.9,1.2294,12540429312,72,60,60,60,68,2,WATCH,0.63,8,False,live,STOCK,84,NEUTRAL,NASDAQ
2026-08-29T07:57:11.520163+09:00,2026-08-29,AGNC,AGNC Investment Corp.,US,리츠,2026-08-28,10.9,20289351,15498067.55,0.145,12921747456,69,60,60,65,62,0,HOLD,0.57,7,False,live,STOCK,54,NEUTRAL,NASDAQ
2026-08-29T07:57:11.520163+09:00,2026-08-29,BMRN,BioMarin Pharmaceutical Inc.,US,제약/바이오,2026-08-28,64.665,1098425,2252086.25,1.7543,12517447680,44,65,66,51,58,1,HOLD,0.44,5,False,live,STOCK,72,NEUTRAL,NASDAQ
2026-08-29T07:57:11.520163+09:00,2026-08-29,HALO,"Halozyme Therapeutics, Inc.",US,제약/바이오,2026-08-28,105.35,1681619,2376830.95,2.6943,11957014528,73,65,53,50,65,2,WATCH,0.81,10,False,live,STOCK,87,NEUTRAL,NASDAQ
2026-08-29T07:57:11.520163+09:00,2026-08-29,FMS,Fresenius Medical Care AG & Co. KGaA,US,제약/바이오,2026-08-28,23.1,715623,814376.15,0.35,12294267904,24,65,58,100,48,1,HOLD,-0.21,-3,False,live,STOCK,16,NEUTRAL,NYSE
2026-08-29T07:57:11.520163+09:00,2026-08-29,CLX,The Clorox Company,US,소매,2026-08-28,102.53,1865694,2514274.7,2.5411,12399055872,44,60,60,50,55,1,HOLD,0.37,4,False,live,STOCK,71,NEUTRAL,NYSE
2026-08-29T07:57:11.520163+09:00,2026-08-29,ELS,"Equity LifeStyle Properties, Inc.",US,리츠,2026-08-28,63.74,1976849,1264407.45,0.8964,12780565504,50,60,55,45,52,0,HOLD,0.15,2,False,live,STOCK,55,NEUTRAL,NYSE
2026-08-29T07:57:11.520163+09:00,2026-08-29,MICC,The Magnum Ice Cream Company N.V.,US,소매,2026-08-28,20.18,433147,718967.35,0.3795,12329337856,88,60,63,50,66,1,HOLD,0.9,11,False,live,STOCK,55,NEUTRAL,NYSE
2026-08-29T07:57:11.520163+09:00,2026-08-29,LI,Li Auto Inc.,US,소비재,2026-08-28,12.23,1764169,2688363.45,0.338,11977158656,30,60,55,60,43,0,AVOID,-0.55,-7,True,live,STOCK,27,NEUTRAL,NASDAQ
2026-08-29T07:57:11.520163+09:00,2026-08-29,IESC,"IES Holdings, Inc.",US,산업재,2026-08-28,309.8,179045,188277.25,61.6929,12345129984,25,60,45,42,43,0,AVOID,-0.5,-6,True,live,STOCK,68,NEUTRAL,NASDAQ
2026-08-29T07:57:11.520163+09:00,2026-08-29,MDGL,"Madrigal Pharmaceuticals, Inc.",US,제약/바이오,2026-08-28,533.76,268663,294833.15,20.1761,12332058624,76,65,50,26,54,1,HOLD,0.46,6,False,live,STOCK,55,NEUTRAL,NASDAQ
2026-08-29T07:57:11.520163+09:00,2026-08-29,SF,Stifel Financial Corp,US,금융,2026-08-28,81.29,996768,969763.4,1.685,12274930688,47,60,52,76,56,1,HOLD,0.3,4,False,live,STOCK,54,NEUTRAL,NYSE
2026-08-29T07:57:11.520163+09:00,2026-08-29,TTMI,"TTM Technologies, Inc.",US,IT,2026-08-28,118.65,1355806,3046160.3,8.8243,12499642368,40,60,56,50,44,0,AVOID,-0.45,-5,True,live,STOCK,26,NEUTRAL,NASDAQ
2026-08-29T07:57:11.520163+09:00,2026-08-29,CORT,Corcept Therapeutics Incorporated,US,제약/바이오,2026-08-28,113.88,917880,880089.0,3.9405,12310245376,51,65,63,43,55,0,HOLD,0.4,5,False,live,STOCK,61,NEUTRAL,NASDAQ
2026-08-29T07:57:11.520163+09:00,2026-08-29,WTS,"Watts Water Technologies, Inc.",US,산업재,2026-08-28,366.34,228149,190292.45,7.8211,12229545984,44,60,73,45,49,1,HOLD,0.15,2,False,live,STOCK,23,NEUTRAL,NYSE
2026-08-29T07:57:11.520163+09:00,2026-08-29,DOCU,"DocuSign, Inc.",US,IT,2026-08-28,64.0,3769755,2885312.75,2.6954,12220454912,62,60,50,66,61,0,HOLD,0.52,6,False,live,STOCK,69,NEUTRAL,NASDAQ
2026-08-29T07:57:11.520163+09:00,2026-08-29,SMTC,Semtech Corporation,US,반도체,2026-08-28,131.17,3066571,3180648.55,11.4289,12241521664,50,65,66,35,51,0,HOLD,-0.07,-1,False,live,STOCK,47,NEUTRAL,NASDAQ
2026-08-29T07:57:11.520163+09:00,2026-08-29,SNN,Smith & Nephew plc,US,제약/바이오,2026-08-28,28.97,1488333,1351311.65,0.4918,12124129280,28,65,60,58,46,0,HOLD,-0.28,-3,False,live,STOCK,38,NEUTRAL,NYSE
2026-08-29T07:57:11.520163+09:00,2026-08-29,JKHY,"Jack Henry & Associates, Inc.",US,IT,2026-08-28,169.73,901756,966267.8,5.2143,12059449344,88,60,63,50,72,2,WATCH,1.1,13,False,live,STOCK,83,NEUTRAL,NASDAQ
2026-08-29T07:57:11.520163+09:00,2026-08-29,GLPI,"Gaming and Leisure Properties, Inc.",US,리츠,2026-08-28,42.56,2522150,2772527.5,0.7991,12746772480,28,60,60,60,46,0,HOLD,-0.34,-4,False,live,STOCK,39,NEUTRAL,NASDAQ
2026-08-29T07:57:11.520163+09:00,2026-08-29,AMH,American Homes 4 Rent,US,리츠,2026-08-28,33.54,1124539,2053686.95,0.5164,13749790720,46,60,75,58,54,1,HOLD,0.17,2,False,live,STOCK,32,NEUTRAL,NYSE
2026-08-29T07:57:11.520163+09:00,2026-08-29,ELAN,Elanco Animal Health Incorporated,US,제약/바이오,2026-08-28,24.11,4165318,8351130.9,0.7579,12041729024,72,65,72,53,67,2,WATCH,0.67,8,False,live,STOCK,64,NEUTRAL,NYSE
2026-08-29T07:57:11.520163+09:00,2026-08-29,ERIE,Erie Indemnity Company,US,금융,2026-08-28,260.4,224285,239339.25,8.965,13616281600,66,60,72,58,68,2,WATCH,0.87,10,False,live,STOCK,77,NEUTRAL,NASDAQ
2026-08-29T07:57:11.520163+09:00,2026-08-29,EHC,Encompass Health Corporation,US,제약/바이오,2026-08-28,120.85,887881,1021814.05,2.3989,11922260992,51,65,45,58,56,1,HOLD,0.39,5,False,live,STOCK,78,NEUTRAL,NYSE
2026-08-29T07:57:11.520163+09:00,2026-08-29,ARWR,"Arrowhead Pharmaceuticals, Inc.",US,제약/바이오,2026-08-28,84.91,1282091,1113999.55,2.9047,11993917440,50,65,60,42,49,0,HOLD,0.17,2,False,live,STOCK,39,NEUTRAL,NASDAQ
2026-08-29T07:57:11.520163+09:00,2026-08-29,FROG,JFrog Ltd.,US,IT,2026-08-28,98.74,2607918,2202235.9,5.719,12174771200,91,60,60,27,66,2,WATCH,0.94,11,False,live,STOCK,77,NEUTRAL,NASDAQ
2026-08-29T07:57:11.520163+09:00,2026-08-29,CR,Crane Company,US,산업재,2026-08-28,207.0,364810,376755.5,5.9471,11964674048,24,60,63,58,47,0,HOLD,-0.03,0,False,live,STOCK,48,NEUTRAL,NYSE
2026-08-29T07:57:11.520163+09:00,2026-08-29,DECK,Deckers Outdoor Corporation,US,소비재,2026-08-28,87.76,2551549,2375777.45,2.8693,11951320064,18,60,63,68,43,0,AVOID,-0.62,-7,True,live,STOCK,26,NEUTRAL,NYSE
2026-08-29T07:57:11.520163+09:00,2026-08-29,AFG,"American Financial Group, Inc.",US,금융,2026-08-28,143.62,371716,350515.8,2.4657,11909180416,47,60,53,60,60,1,HOLD,0.47,6,False,live,STOCK,90,NEUTRAL,NYSE
2026-08-29T07:57:11.520163+09:00,2026-08-29,UDR,"UDR, Inc.",US,리츠,2026-08-28,37.12,1935742,2827747.1,0.5519,13636559872,53,60,60,53,50,0,HOLD,0.05,1,False,live,STOCK,30,NEUTRAL,NYSE
2026-08-29T07:57:11.520163+09:00,2026-08-29,AIT,"Applied Industrial Technologies, Inc.",US,산업재,2026-08-28,322.22,509989,269914.45,9.8533,11825105920,39,60,60,50,49,0,HOLD,0.03,0,False,live,STOCK,48,NEUTRAL,NYSE
2026-08-29T07:57:11.520163+09:00,2026-08-29,IAG,Iamgold Corporation,US,소재,2026-08-28,20.59,6598527,6319121.35,0.9443,11756890112,84,60,55,73,74,3,BUY,1.07,13,False,live,STOCK,87,NEUTRAL,NYSE
2026-08-29T07:57:11.520163+09:00,2026-08-29,AMKR,"Amkor Technology, Inc.",US,반도체,2026-08-28,47.88,4874836,4281056.8,3.2514,11895905280,43,65,50,58,44,0,AVOID,-0.46,-6,True,live,STOCK,23,NEUTRAL,NASDAQ
2026-08-29T07:57:11.520163+09:00,2026-08-29,CART,Maplebear Inc.,US,IT,2026-08-28,50.54,2075206,4480670.3,1.7354,11700013056,84,60,50,66,69,2,WATCH,0.92,11,False,live,STOCK,77,NEUTRAL,NASDAQ
2026-08-29T07:57:11.520163+09:00,2026-08-29,EGO,Eldorado Gold Corporation,US,소재,2026-08-28,45.48,3032933,2819111.65,2.0321,11861653504,88,60,55,55,64,1,HOLD,0.81,10,False,live,STOCK,51,NEUTRAL,NYSE
2026-08-29T07:57:11.520163+09:00,2026-08-29,HRL,Hormel Foods Corporation,US,소매,2026-08-28,21.57,10615798,4804184.9,0.5982,11870292992,20,60,58,66,48,0,HOLD,-0.33,-4,False,live,STOCK,55,NEUTRAL,NYSE
2026-08-29T07:57:11.520163+09:00,2026-08-29,RTO,Rentokil Initial plc,US,산업재,2026-08-28,23.53,1105461,1430023.05,0.3447,11841425408,37,60,55,66,47,0,HOLD,-0.41,-5,False,live,STOCK,30,NEUTRAL,NYSE
2026-08-29T07:57:11.520163+09:00,2026-08-29,PSKY,Paramount Skydance Corporation Class B C,US,인터넷,2026-08-28,10.88,10028916,11202275.8,0.3936,12206769152,65,65,63,51,68,1,HOLD,0.67,8,False,live,STOCK,97,NEUTRAL,NASDAQ
2026-08-29T07:57:11.520163+09:00,2026-08-29,PNW,Pinnacle West Capital Corporation,US,유틸리티,2026-08-28,97.64,753646,1073892.3,1.4957,11833697280,31,60,63,37,42,0,AVOID,-0.28,-3,True,live,STOCK,33,NEUTRAL,NYSE
2026-08-29T07:57:11.520163+09:00,2026-08-29,AR,Antero Resources Corporation,US,에너지,2026-08-28,38.45,2255156,3705762.8,1.0061,11821030400,80,60,55,78,72,3,BUY,0.82,10,False,live,STOCK,77,NEUTRAL,NYSE
2026-08-29T07:57:11.520163+09:00,2026-08-29,FHN,First Horizon Corporation,US,금융,2026-08-28,24.65,4543770,4620193.5,0.4189,11678606336,32,60,55,70,54,1,HOLD,0.07,1,False,live,STOCK,69,NEUTRAL,NYSE
2026-08-29T07:57:11.520163+09:00,2026-08-29,WTRG,"Essential Utilities, Inc.",US,유틸리티,2026-08-28,41.1,2846119,1984855.95,0.7954,11657315328,91,60,60,37,67,2,WATCH,0.97,12,False,live,STOCK,71,NEUTRAL,NYSE
2026-08-29T07:57:11.520163+09:00,2026-08-29,BTSG,"BrightSpring Health Services, Inc. Commo",US,제약/바이오,2026-08-28,59.13,1506252,2631442.6,2.5852,11699713024,50,65,45,58,46,0,HOLD,-0.18,-2,False,live,STOCK,30,NEUTRAL,NASDAQ
2026-08-29T07:57:11.520163+09:00,2026-08-29,DVA,DaVita Inc.,US,제약/바이오,2026-08-28,180.68,461791,1039309.55,4.6864,11527383040,50,65,53,84,59,1,HOLD,0.12,1,False,live,STOCK,55,NEUTRAL,NYSE
2026-08-29T07:57:11.520163+09:00,2026-08-29,HII,"Huntington Ingalls Industries, Inc.",US,산업재,2026-08-28,294.21,438475,432203.75,7.7568,11593227264,35,60,55,52,41,0,AVOID,-0.38,-5,True,live,STOCK,19,NEUTRAL,NYSE
2026-08-29T07:57:11.520163+09:00,2026-08-29,DPZ,"Domino's Pizza, Inc.",US,소비재,2026-08-28,350.0,1037349,750437.45,11.3807,11578607616,55,60,50,50,54,0,HOLD,0.32,4,False,live,STOCK,63,NEUTRAL,NASDAQ
2026-08-29T07:57:11.520163+09:00,2026-08-29,BJ,"BJ's Wholesale Club Holdings, Inc.",US,소매,2026-08-28,90.6,1355871,1915108.55,2.8256,11444110336,43,60,50,50,43,0,AVOID,-0.23,-3,True,live,STOCK,26,NEUTRAL,NYSE
2026-08-29T07:57:11.520163+09:00,2026-08-29,DKS,"DICK'S Sporting Goods, Inc.",US,소비재,2026-08-28,135.09,5343844,4745007.2,10.6271,12090897408,10,60,75,68,44,1,AVOID,-0.62,-7,True,live,STOCK,23,NEUTRAL,NYSE
2026-08-29T07:57:11.520163+09:00,2026-08-29,OC,Owens Corning,US,소재,2026-08-28,143.13,669610,833030.5,4.4,11314238464,39,60,60,78,58,1,HOLD,0.34,4,False,live,STOCK,63,NEUTRAL,NYSE
2026-08-29T07:57:11.520163+09:00,2026-08-29,AHR,"American Healthcare REIT, Inc.",US,리츠,2026-08-28,55.53,1341453,3054202.65,1.2014,12105470976,84,60,58,43,68,2,WATCH,0.97,12,False,live,STOCK,83,NEUTRAL,NYSE
2026-08-29T07:57:11.520163+09:00,2026-08-29,AUR,"Aurora Innovation, Inc.",US,IT,2026-08-28,5.83,31351265,29167418.25,0.3696,11684225024,25,60,45,50,46,1,HOLD,-0.42,-5,False,live,STOCK,76,NEUTRAL,NASDAQ
2026-08-29T07:57:11.520163+09:00,2026-08-29,SCI,Service Corporation International,US,소비재,2026-08-28,83.36,634673,802663.65,1.5732,11361266688,47,60,48,50,53,1,HOLD,0.28,3,False,live,STOCK,72,NEUTRAL,NYSE
2026-08-29T07:57:11.520163+09:00,2026-08-29,TECH,Bio-Techne Corporation,US,제약/바이오,2026-08-28,72.35,1630489,2652469.45,0.2355,11345799168,73,65,73,51,68,3,WATCH,0.92,11,False,live,STOCK,72,NEUTRAL,NASDAQ
2026-08-29T07:57:11.520163+09:00,2026-08-29,ALGN,"Align Technology, Inc.",US,제약/바이오,2026-08-28,157.58,954628,824941.4,5.5304,11194460160,20,65,63,74,54,2,HOLD,-0.16,-2,False,live,STOCK,70,NEUTRAL,NASDAQ
2026-08-29T07:57:11.520163+09:00,2026-08-29,SAIL,"SailPoint, Inc.",US,IT,2026-08-28,19.83,3665104,3169235.2,1.0563,11247238144,58,60,60,42,59,1,HOLD,0.4,5,False,live,STOCK,75,NEUTRAL,NASDAQ
2026-08-29T07:57:11.520163+09:00,2026-08-29,EVR,Evercore Inc.,US,금융,2026-08-28,290.11,356724,501431.2,8.8807,11156984832,40,60,63,68,50,0,HOLD,-0.31,-4,False,live,STOCK,26,NEUTRAL,NYSE
2026-08-29T07:57:11.520163+09:00,2026-08-29,TEM,"Tempus AI, Inc.",US,제약/바이오,2026-08-28,64.04,8708914,7405840.7,5.1226,11555041280,88,65,53,42,68,2,WATCH,0.99,12,False,live,STOCK,87,NEUTRAL,NASDAQ
2026-08-29T07:57:11.520163+09:00,2026-08-29,GMED,"Globus Medical, Inc.",US,제약/바이오,2026-08-28,82.97,1055364,1366863.2,2.1779,11139712000,40,65,60,58,60,1,HOLD,0.33,4,False,live,STOCK,90,NEUTRAL,NYSE
2026-08-29T07:57:11.520163+09:00,2026-08-29,APC,ARKO Petroleum Corp. Class A Common Stoc,US,에너지,2026-08-28,18.5,119827,169626.35,0.5439,1527549184,35,60,55,58,54,1,HOLD,0.06,1,False,live,STOCK,78,NEUTRAL,NASDAQ
2026-08-29T07:57:11.520163+09:00,2026-08-29,NVMI,Nova Ltd.,US,반도체,2026-08-28,349.06,490842,485937.1,17.5821,11102258176,18,65,40,50,34,0,AVOID,-0.87,-10,True,live,STOCK,33,NEUTRAL,NASDAQ
2026-08-29T07:57:11.520163+09:00,2026-08-29,NYT,The New York Times Company,US,인터넷,2026-08-28,68.16,995063,2352008.15,1.4075,10993089536,62,65,63,53,56,0,HOLD,0.1,1,False,live,STOCK,39,NEUTRAL,NYSE
2026-08-29T07:57:11.520163+09:00,2026-08-29,BXP,"BXP, Inc.",US,리츠,2026-08-28,69.32,857959,1159352.95,1.6586,12538423296,91,60,63,53,69,1,HOLD,1.0,12,False,live,STOCK,61,NEUTRAL,NYSE
2026-08-29T07:57:11.520163+09:00,2026-08-29,SUZ,Suzano S.A.,US,소재,2026-08-28,8.9,2941413,3766690.65,0.2636,10960889856,84,60,55,70,69,2,WATCH,0.85,10,False,live,STOCK,67,NEUTRAL,NYSE
2026-08-29T07:57:11.520163+09:00,2026-08-29,FDS,FactSet Research Systems Inc.,US,금융,2026-08-28,308.98,715165,787083.25,10.7254,10989041664,88,60,55,66,70,2,WATCH,0.98,12,False,live,STOCK,71,NEUTRAL,NYSE
2026-08-29T07:57:11.520163+09:00,2026-08-29,UMBF,UMB Financial Corporation,US,금융,2026-08-28,144.585,467731,467936.55,2.7457,10981235712,47,60,50,60,54,0,HOLD,0.29,3,False,live,STOCK,67,NEUTRAL,NASDAQ
2026-08-29T07:57:11.520163+09:00,2026-08-29,TFII,TFI International Inc.,US,산업재,2026-08-28,133.31,160951,226032.55,3.8761,10957153280,31,60,63,66,48,0,HOLD,-0.38,-5,False,live,STOCK,33,NEUTRAL,NYSE
2026-08-29T07:57:11.520163+09:00,2026-08-29,XPEV,XPeng Inc.,US,소비재,2026-08-28,11.53,5364278,8244033.9,0.4426,11029523456,40,60,60,50,47,0,HOLD,-0.35,-4,False,live,STOCK,33,NEUTRAL,NYSE
2026-08-29T07:57:11.520163+09:00,2026-08-29,SMMT,Summit Therapeutics Inc.,US,제약/바이오,2026-08-28,13.73,3891333,5417381.65,0.9671,10953102336,65,65,78,42,64,1,HOLD,0.39,5,False,live,STOCK,62,NEUTRAL,NASDAQ
2026-08-29T07:57:11.520163+09:00,2026-08-29,KNX,Knight-Swift Transportation Holdings Inc,US,산업재,2026-08-28,67.24,3152051,2800337.55,2.2377,10943713280,31,60,63,51,43,0,AVOID,-0.49,-6,True,live,STOCK,24,NEUTRAL,NYSE
2026-08-29T07:57:11.520163+09:00,2026-08-29,AEIS,"Advanced Energy Industries, Inc.",US,IT,2026-08-28,272.82,640612,605640.6,17.395,10926561280,28,60,50,50,39,0,AVOID,-0.55,-7,True,live,STOCK,30,NEUTRAL,NASDAQ
2026-08-29T07:57:11.520163+09:00,2026-08-29,BSY,"Bentley Systems, Incorporated",US,IT,2026-08-28,37.3,2429846,2499692.3,1.4183,11268065280,84,60,60,42,70,2,WATCH,0.91,11,False,live,STOCK,90,NEUTRAL,NASDAQ
2026-08-29T07:57:11.520163+09:00,2026-08-29,NIO,NIO Inc.,US,소비재,2026-08-28,4.37,24740140,27550462.0,0.1293,10949765120,18,60,50,42,40,0,AVOID,-0.63,-8,True,live,STOCK,56,NEUTRAL,NYSE
2026-08-29T07:57:11.520163+09:00,2026-08-29,BPOP,"Popular, Inc.",US,금융,2026-08-28,169.75,293393,377914.65,3.0864,10826400768,44,60,53,70,54,1,HOLD,0.24,3,False,live,STOCK,54,NEUTRAL,NASDAQ
2026-08-29T07:57:11.520163+09:00,2026-08-29,ENLT,Enlight Renewable Energy Ltd,US,유틸리티,2026-08-28,77.54,131614,192295.7,2.7671,10842363904,21,60,50,35,34,0,AVOID,-0.81,-10,True,live,STOCK,29,NEUTRAL,NASDAQ
2026-08-29T07:57:11.520163+09:00,2026-08-29,GNRC,Generac Holdings Inc.,US,산업재,2026-08-28,183.8,2429165,1068523.25,9.3421,10845369344,18,60,50,58,36,0,AVOID,-0.83,-10,True,live,STOCK,20,NEUTRAL,NYSE
2026-08-29T07:57:11.520163+09:00,2026-08-29,JEF,Jefferies Financial Group Inc.,US,금융,2026-08-28,53.09,1015427,1833151.35,1.4118,10798081024,25,60,60,68,46,0,HOLD,-0.29,-3,False,live,STOCK,33,NEUTRAL,NYSE
2026-08-29T07:57:11.520163+09:00,2026-08-29,PAC,"Grupo Aeroportuario del Pacífico, S.A.B.",US,산업재,2026-08-28,207.56,234216,119485.8,5.3118,12350197760,50,60,60,50,50,0,HOLD,-0.13,-2,False,live,STOCK,36,NEUTRAL,NYSE
2026-08-29T07:57:11.520163+09:00,2026-08-29,TX,Ternium S.A.,US,소재,2026-08-28,54.84,242173,681283.65,1.6782,,62,60,60,76,67,2,WATCH,0.7,8,False,live,STOCK,75,NEUTRAL,NYSE
2026-08-29T07:57:11.520163+09:00,2026-08-29,EGP,"EastGroup Properties, Inc.",US,리츠,2026-08-28,200.0,300327,391186.35,2.9857,10754663424,31,60,63,45,41,0,AVOID,-0.32,-4,True,live,STOCK,19,NEUTRAL,NYSE
2026-08-29T07:57:11.520163+09:00,2026-08-29,PAYC,"Paycom Software, Inc.",US,IT,2026-08-28,238.53,474988,913979.4,7.7771,10750932992,80,60,58,50,70,2,WATCH,1.0,12,False,live,STOCK,93,NEUTRAL,NYSE
2026-08-29T07:57:11.520163+09:00,2026-08-29,FRHC,Freedom Holding Corp.,US,금융,2026-08-28,174.85,204992,123889.6,8.3142,11153273856,88,60,53,43,68,2,WATCH,1.0,12,False,live,STOCK,87,NEUTRAL,NASDAQ
2026-08-29T07:57:11.520163+09:00,2026-08-29,CPT,Camden Property Trust,US,리츠,2026-08-28,106.35,845054,804342.7,1.6607,12308159488,28,60,63,45,42,0,AVOID,-0.31,-4,True,live,STOCK,30,NEUTRAL,NYSE
2026-08-29T07:57:11.520163+09:00,2026-08-29,DCI,"Donaldson Company, Inc.",US,산업재,2026-08-28,91.89,603080,651514.0,2.2621,,47,60,63,58,55,0,HOLD,0.33,4,False,live,STOCK,54,NEUTRAL,NYSE
2026-08-29T07:57:11.520163+09:00,2026-08-29,MGM,MGM Resorts International,US,소비재,2026-08-28,42.28,1667668,2172698.4,0.7014,10817389568,18,60,63,74,42,1,AVOID,-0.66,-8,True,live,STOCK,17,NEUTRAL,NYSE
2026-08-29T07:57:11.520163+09:00,2026-08-29,GKOS,Glaukos Corporation,US,제약/바이오,2026-08-28,179.87,551891,672324.55,6.1186,10609440768,51,65,45,27,52,1,HOLD,0.36,4,False,live,STOCK,90,NEUTRAL,NYSE
2026-08-29T07:57:11.520163+09:00,2026-08-29,AM,Antero Midstream Corporation,US,에너지,2026-08-28,22.29,1317201,2419300.05,0.5546,10580483072,69,60,60,58,61,0,HOLD,0.54,6,False,live,STOCK,55,NEUTRAL,NYSE
2026-08-29T07:57:11.520163+09:00,2026-08-29,GSAT,"Globalstar, Inc.",US,인터넷,2026-08-28,81.76,925886,811129.3,0.7675,10593102848,35,65,53,27,42,0,AVOID,-0.26,-3,True,live,STOCK,52,NEUTRAL,NASDAQ
2026-08-29T07:57:11.520163+09:00,2026-08-29,AES,The AES Corporation,US,유틸리티,2026-08-28,14.73,5672730,7212326.5,0.0436,10508951552,58,60,58,70,63,1,HOLD,0.42,5,False,live,STOCK,69,NEUTRAL,NYSE
2026-08-29T07:57:11.520163+09:00,2026-08-29,WMS,"Advanced Drainage Systems, Inc.",US,소재,2026-08-28,136.99,596100,707330.0,4.5161,10329778176,31,60,55,58,45,0,HOLD,-0.24,-3,False,live,STOCK,40,NEUTRAL,NYSE
2026-08-29T07:57:11.520163+09:00,2026-08-29,RRX,Regal Rexnord Corporation,US,산업재,2026-08-28,157.43,1714619,1465125.95,6.0371,10480047104,7,60,63,58,37,0,AVOID,-0.85,-10,True,live,STOCK,20,NEUTRAL,NYSE
2026-08-29T07:57:11.520163+09:00,2026-08-29,ALSN,"Allison Transmission Holdings, Inc.",US,소비재,2026-08-28,126.32,470575,834803.75,3.9059,10431257600,84,60,50,66,64,1,HOLD,0.75,9,False,live,STOCK,55,NEUTRAL,NYSE
2026-08-29T07:57:11.520163+09:00,2026-08-29,MOH,"Molina Healthcare, Inc.",US,제약/바이오,2026-08-28,200.0,967153,581147.65,7.0017,10439999488,69,65,63,51,53,0,HOLD,0.3,4,False,live,STOCK,17,NEUTRAL,NYSE
2026-08-29T07:57:11.520163+09:00,2026-08-29,BIO,"Bio-Rad Laboratories, Inc.",US,제약/바이오,2026-08-28,387.7,206971,269168.55,10.7413,10366391296,80,65,60,37,65,2,WATCH,0.88,11,False,live,STOCK,78,NEUTRAL,NYSE
2026-08-29T07:57:11.520163+09:00,2026-08-29,ARW,"Arrow Electronics, Inc.",US,IT,2026-08-28,203.92,442816,617685.8,6.8446,10380634112,28,60,60,84,54,1,HOLD,-0.13,-2,False,live,STOCK,55,NEUTRAL,NYSE
2026-08-29T07:57:11.520163+09:00,2026-08-29,SANM,Sanmina Corporation,US,IT,2026-08-28,194.01,673159,629092.95,9.5764,10398423040,40,60,65,58,48,0,HOLD,-0.34,-4,False,live,STOCK,24,NEUTRAL,NASDAQ
2026-08-29T07:57:11.520163+09:00,2026-08-29,UHS,"Universal Health Services, Inc.",US,제약/바이오,2026-08-28,171.66,553337,646021.85,4.8079,10117042176,47,65,63,70,59,1,HOLD,0.42,5,False,live,STOCK,58,NEUTRAL,NYSE
2026-08-29T07:57:11.520163+09:00,2026-08-29,ESTC,Elastic N.V.,US,IT,2026-08-28,99.91,10104560,2905203.0,5.3475,10385808384,77,60,50,42,64,2,WATCH,0.8,10,False,live,STOCK,86,NEUTRAL,NYSE
2026-08-29T07:57:11.520163+09:00,2026-08-29,KRYS,"Krystal Biotech, Inc.",US,제약/바이오,2026-08-28,351.46,143505,269060.25,10.3579,10402806784,76,65,45,34,52,1,HOLD,0.43,5,False,live,STOCK,46,NEUTRAL,NASDAQ
2026-08-29T07:57:11.520163+09:00,2026-08-29,PAYP,PayPay Corporation,US,IT,2026-08-28,15.28,547980,740889.0,0.6146,10346746880,63,60,55,68,56,0,HOLD,-0.01,0,False,live,STOCK,34,NEUTRAL,NASDAQ
2026-08-29T07:57:11.520163+09:00,2026-08-29,WTFC,Wintrust Financial Corporation,US,금융,2026-08-28,152.95,437128,551096.4,3.0811,10317305856,25,60,63,60,45,0,HOLD,-0.25,-3,False,live,STOCK,32,NEUTRAL,NASDAQ
2026-08-29T07:57:11.520163+09:00,2026-08-29,FLS,Flowserve Corporation,US,산업재,2026-08-28,80.33,1288872,1466648.6,2.1336,10210970624,55,60,66,58,63,1,HOLD,0.55,7,False,live,STOCK,77,NEUTRAL,NYSE
2026-08-29T07:57:11.520163+09:00,2026-08-29,LFUS,"Littelfuse, Inc.",US,IT,2026-08-28,405.415,244723,224431.15,16.9993,10297033728,43,60,45,50,41,0,AVOID,-0.5,-6,True,live,STOCK,23,NEUTRAL,NASDAQ
2026-08-29T07:57:11.520163+09:00,2026-08-29,DRS,"Leonardo DRS, Inc.",US,산업재,2026-08-28,38.54,810372,832533.6,1.3289,10285999104,10,60,53,50,35,0,AVOID,-0.88,-11,True,live,STOCK,29,NEUTRAL,NASDAQ
2026-08-29T07:57:11.520163+09:00,2026-08-29,SSB,SouthState Bank Corp.,US,금융,2026-08-28,105.98,806279,800048.95,1.7182,10277361664,47,60,53,70,58,1,HOLD,0.39,5,False,live,STOCK,69,NEUTRAL,NYSE
2026-08-29T07:57:11.520163+09:00,2026-08-29,ORI,Old Republic International Corporation,US,금융,2026-08-28,42.07,801216,1016645.8,0.6643,10157083648,47,60,60,78,58,1,HOLD,0.38,5,False,live,STOCK,52,NEUTRAL,NYSE
2026-08-29T07:57:11.520163+09:00,2026-08-29,AXSM,"Axsome Therapeutics, Inc.",US,제약/바이오,2026-08-28,199.02,441176,677718.8,6.7806,10424829952,20,65,60,34,37,0,AVOID,-0.68,-8,True,live,STOCK,32,NEUTRAL,NASDAQ
2026-08-29T07:57:11.520163+09:00,2026-08-29,AG,First Majestic Silver Corp.,US,소재,2026-08-28,20.76,14940675,10241803.75,1.062,10232736768,80,60,45,66,60,1,HOLD,0.41,5,False,live,STOCK,48,NEUTRAL,NYSE
2026-08-29T07:57:11.520163+09:00,2026-08-29,DAR,Darling Ingredients Inc.,US,소매,2026-08-28,64.32,2965462,2584578.1,2.8371,10149882880,62,60,50,63,61,1,HOLD,0.47,6,False,live,STOCK,74,NEUTRAL,NYSE
2026-08-29T07:57:11.520163+09:00,2026-08-29,SUN,Sunoco LP,US,에너지,2026-08-28,74.65,165642,446257.1,1.9054,14065094656,69,60,58,63,64,0,HOLD,0.69,8,False,live,STOCK,64,NEUTRAL,NYSE
2026-08-29T07:57:11.520163+09:00,2026-08-29,HSIC,"Henry Schein, Inc.",US,제약/바이오,2026-08-28,89.52,795954,1153007.7,1.6689,9976693760,69,65,60,58,62,0,HOLD,0.68,8,False,live,STOCK,61,NEUTRAL,NASDAQ
2026-08-29T07:57:11.520163+09:00,2026-08-29,BEPI,Brookfield Renewable Partners L.P.,US,유틸리티,2026-08-28,16.25,19448,18242.4,0.1249,,66,60,55,50,54,0,HOLD,0.29,3,False,live,STOCK,40,NEUTRAL,NYSE
2026-08-29T07:57:11.520163+09:00,2026-08-29,IONS,"Ionis Pharmaceuticals, Inc.",US,제약/바이오,2026-08-28,61.05,1850625,2272531.25,1.9114,10145552384,62,65,56,37,54,0,HOLD,0.03,0,False,live,STOCK,56,NEUTRAL,NASDAQ
2026-08-29T07:57:11.520163+09:00,2026-08-29,RDY,Dr. Reddy's Laboratories Limited,US,제약/바이오,2026-08-28,12.18,1674277,2361048.85,0.1875,10145797120,50,65,55,42,49,0,HOLD,-0.12,-1,False,live,STOCK,44,NEUTRAL,NYSE
2026-08-29T07:57:11.520163+09:00,2026-08-29,SOLS,Solstice Advanced Materials Inc.,US,소재,2026-08-28,63.53,16437232,2831616.6,2.5007,10091573248,62,60,58,50,51,0,HOLD,-0.12,-1,False,live,STOCK,26,NEUTRAL,NASDAQ
2026-08-29T07:57:11.520163+09:00,2026-08-29,FRT,Federal Realty Investment Trust,US,리츠,2026-08-28,116.75,579264,779128.2,1.4096,10206090240,28,60,63,45,43,0,AVOID,-0.32,-4,True,live,STOCK,33,NEUTRAL,NYSE
2026-08-29T07:57:11.520163+09:00,2026-08-29,ENSG,"The Ensign Group, Inc.",US,제약/바이오,2026-08-28,172.98,333218,297600.9,4.2261,10081694720,35,65,53,58,43,0,AVOID,-0.26,-3,True,live,STOCK,25,NEUTRAL,NASDAQ
2026-08-29T07:57:11.520163+09:00,2026-08-29,BEPH,Brookfield BRP Holdings (Canada) Inc 4.6,US,유틸리티,2026-08-28,15.1339,26606,18040.3,0.1022,,58,60,55,50,52,0,HOLD,0.15,2,False,live,STOCK,40,NEUTRAL,NYSE
2026-08-29T07:57:11.520163+09:00,2026-08-29,CGNX,Cognex Corporation,US,IT,2026-08-28,60.46,1087594,2338494.7,2.5589,10170813440,28,60,45,50,38,0,AVOID,-0.57,-7,True,live,STOCK,32,NEUTRAL,NASDAQ
2026-08-29T07:57:11.520163+09:00,2026-08-29,PODD,Insulet Corp.,US,제약/바이오,2026-08-28,145.13,1043227,1797851.35,5.2471,10065375232,50,65,60,58,63,1,HOLD,0.39,5,False,live,STOCK,91,NEUTRAL,NASDAQ
2026-08-29T07:57:11.520163+09:00,2026-08-29,CFR,"Cullen/Frost Bankers, Inc.",US,금융,2026-08-28,161.69,382187,497754.35,2.8398,10048836608,51,60,60,55,55,0,HOLD,0.36,4,False,live,STOCK,54,NEUTRAL,NYSE
2026-08-29T07:57:11.520163+09:00,2026-08-29,PSO,Pearson plc,US,인터넷,2026-08-28,16.73,366520,634406.0,0.2386,10065739776,88,65,55,66,65,1,HOLD,0.74,9,False,live,STOCK,45,NEUTRAL,NYSE
2026-08-29T07:57:11.520163+09:00,2026-08-29,AYI,"Acuity Brands, Inc.",US,산업재,2026-08-28,335.16,132356,221932.8,9.0221,10033198080,47,60,60,58,55,0,HOLD,0.27,3,False,live,STOCK,58,NEUTRAL,NYSE
