scan_ts_kst,date,ticker,name,market,sector,bar_date,close,volume,avg_vol20,atr14,market_cap,tech,macro,filing,value,total,consensus,signal,ev,target,hitl,source,asset_type,flow,regime,exchange
2026-09-01T07:56:16.654741+09:00,2026-09-01,NVDA,NVIDIA Corporation,US,반도체,2026-08-31,220.78,124033835,127651391.75,6.81,5331174293504,58,65,71,58,60,1,HOLD,0.34,4,False,live,STOCK,48,NEUTRAL,NASDAQ
2026-09-01T07:56:16.654741+09:00,2026-09-01,AAPL,Apple Inc.,US,IT,2026-08-31,316.85,40667429,41337116.45,6.1232,4624166158336,72,60,58,42,64,2,WATCH,0.61,7,False,live,STOCK,84,NEUTRAL,NASDAQ
2026-09-01T07:56:16.654741+09:00,2026-09-01,GOOGL,Alphabet Inc.,US,인터넷,2026-08-31,339.35,33315062,24130693.1,6.1567,4150228680704,28,65,60,68,47,0,HOLD,-0.34,-4,False,live,STOCK,33,NEUTRAL,NASDAQ
2026-09-01T07:56:16.654741+09:00,2026-09-01,GOOG,Alphabet Inc.,US,인터넷,2026-08-31,335.41,22947325,16416296.25,5.9032,4102042681344,25,65,60,68,44,0,AVOID,-0.43,-5,True,live,STOCK,27,NEUTRAL,NASDAQ
2026-09-01T07:56:16.654741+09:00,2026-09-01,MSFT,Microsoft Corporation,US,IT,2026-08-31,507.29,26637042,26493792.1,9.7953,3766905208832,62,60,50,50,59,1,HOLD,0.54,6,False,live,STOCK,75,NEUTRAL,NASDAQ
2026-09-01T07:56:16.654741+09:00,2026-09-01,AMZN,"Amazon.com, Inc.",US,소비재,2026-08-31,259.77,45422317,35964740.85,5.9336,2801960484864,40,60,60,50,50,0,HOLD,-0.03,0,False,live,STOCK,48,NEUTRAL,NASDAQ
2026-09-01T07:56:16.654741+09:00,2026-09-01,TSM,Taiwan Semiconductor Manufacturing Compa,US,반도체,2026-08-31,415.32,6630783,9838659.15,10.6464,2154046423040,50,65,77,58,56,1,HOLD,0.08,1,False,live,STOCK,30,NEUTRAL,NYSE
2026-09-01T07:56:16.654741+09:00,2026-09-01,AVGO,Broadcom Inc.,US,반도체,2026-08-31,370.34,21734663,19634258.15,12.6429,1761922252800,22,65,60,43,44,0,AVOID,-0.48,-6,True,live,STOCK,55,NEUTRAL,NASDAQ
2026-09-01T07:56:16.654741+09:00,2026-09-01,META,"Meta Platforms, Inc.",US,인터넷,2026-08-31,572.34,13275274,15392243.7,18.0062,1458039816192,50,65,50,66,54,0,HOLD,0.04,0,False,live,STOCK,55,NEUTRAL,NASDAQ
2026-09-01T07:56:16.654741+09:00,2026-09-01,TSLA,"Tesla, Inc.",US,소비재,2026-08-31,367.95,61157428,34320151.4,13.5079,1453236027392,69,60,70,30,60,1,HOLD,0.29,3,False,live,STOCK,59,NEUTRAL,NASDAQ
2026-09-01T07:56:16.654741+09:00,2026-09-01,LLY,Eli Lilly and Company,US,제약/바이오,2026-08-31,1156.73,3026949,2856172.45,36.8608,1031504003072,50,65,71,50,58,1,HOLD,0.42,5,False,live,STOCK,61,NEUTRAL,NYSE
2026-09-01T07:56:16.654741+09:00,2026-09-01,MU,"Micron Technology, Inc.",US,반도체,2026-08-31,958.73,22344863,29388738.15,50.895,1082783105024,72,65,65,58,60,1,HOLD,0.28,3,False,live,STOCK,38,NEUTRAL,NASDAQ
2026-09-01T07:56:16.654741+09:00,2026-09-01,JPM,JPMorgan Chase & Co.,US,금융,2026-08-31,356.02,7742145,5616812.25,5.0986,946367430656,47,60,71,60,60,1,HOLD,0.51,6,False,live,STOCK,64,NEUTRAL,NYSE
2026-09-01T07:56:16.654741+09:00,2026-09-01,WMT,Walmart Inc.,US,소매,2026-08-31,104.87,33835852,27895942.6,2.7813,834563735552,25,60,50,37,40,0,AVOID,-0.5,-6,True,live,STOCK,49,NEUTRAL,NASDAQ
2026-09-01T07:56:16.654741+09:00,2026-09-01,AMD,"Advanced Micro Devices, Inc.",US,반도체,2026-08-31,470.72,12251488,21827009.4,19.0943,768438632448,28,65,65,35,42,0,AVOID,-0.43,-5,True,live,STOCK,36,NEUTRAL,NASDAQ
2026-09-01T07:56:16.654741+09:00,2026-09-01,V,Visa Inc.,US,금융,2026-08-31,379.37,6723061,6806043.05,5.9214,708301750272,91,60,60,50,71,2,WATCH,1.07,13,False,live,STOCK,77,NEUTRAL,NYSE
2026-09-01T07:56:16.654741+09:00,2026-09-01,XOM,Exxon Mobil Corporation,US,에너지,2026-08-31,160.95,17994541,14241412.05,3.2158,661812215808,62,60,50,58,59,0,HOLD,0.44,5,False,live,STOCK,69,NEUTRAL,NYSE
2026-09-01T07:56:16.654741+09:00,2026-09-01,ASML,ASML Holding N.V.,US,반도체,2026-08-31,1696.01,1198328,1172561.4,45.65,651437473792,25,65,70,42,42,1,AVOID,-0.36,-4,True,live,STOCK,23,NEUTRAL,NASDAQ
2026-09-01T07:56:16.654741+09:00,2026-09-01,JNJ,Johnson & Johnson,US,제약/바이오,2026-08-31,265.85,7741497,6430269.85,5.0479,640671547392,69,65,56,53,66,1,HOLD,0.82,10,False,live,STOCK,90,NEUTRAL,NYSE
2026-09-01T07:56:16.654741+09:00,2026-09-01,MA,Mastercard Incorporated,US,금융,2026-08-31,589.31,3149367,2847993.35,9.485,516241391616,95,60,53,50,70,2,WATCH,1.05,13,False,live,STOCK,77,NEUTRAL,NYSE
2026-09-01T07:56:16.654741+09:00,2026-09-01,ABBV,AbbVie Inc.,US,제약/바이오,2026-08-31,256.42,4238123,4621451.15,5.3836,453124259840,69,65,81,51,71,2,WATCH,0.98,12,False,live,STOCK,77,NEUTRAL,NYSE
2026-09-01T07:56:16.654741+09:00,2026-09-01,INTC,Intel Corp.,US,반도체,2026-08-31,89.51,64515383,100412224.15,4.6816,473159270400,15,65,88,42,47,1,HOLD,-0.4,-5,False,live,STOCK,38,NEUTRAL,NASDAQ
2026-09-01T07:56:16.654741+09:00,2026-09-01,BAC,Bank of America Corporation,US,금융,2026-08-31,61.94,43377733,28832986.65,1.0764,433130831872,44,60,81,60,62,1,HOLD,0.55,7,False,live,STOCK,61,NEUTRAL,NYSE
2026-09-01T07:56:16.654741+09:00,2026-09-01,CSCO,"Cisco Systems, Inc.",US,IT,2026-08-31,110.49,20455713,20677665.65,3.1407,435489112064,25,60,65,50,44,0,AVOID,-0.49,-6,True,live,STOCK,33,NEUTRAL,NASDAQ
2026-09-01T07:56:16.654741+09:00,2026-09-01,ORCL,Oracle Corporation,US,IT,2026-08-31,149.12,15659481,23411124.05,5.97,429535821824,63,60,50,50,53,0,HOLD,-0.05,-1,False,live,STOCK,46,NEUTRAL,NYSE
2026-09-01T07:56:16.654741+09:00,2026-09-01,PLTR,Palantir Technologies Inc.,US,IT,2026-08-31,186.38,25633590,44505554.5,6.7931,447882035200,88,60,42,35,63,2,WATCH,0.85,10,False,live,STOCK,87,NEUTRAL,NASDAQ
2026-09-01T07:56:16.654741+09:00,2026-09-01,COST,Costco Wholesale Corporation,US,소매,2026-08-31,943.89,2383528,1763131.4,16.8586,418595241984,43,60,60,29,45,0,HOLD,-0.14,-2,False,live,STOCK,41,NEUTRAL,NASDAQ
2026-09-01T07:56:16.654741+09:00,2026-09-01,CVX,Chevron Corporation,US,에너지,2026-08-31,206.14,12043618,7976705.9,3.6961,404364918784,59,60,32,74,58,2,HOLD,0.35,4,False,live,STOCK,77,NEUTRAL,NYSE
2026-09-01T07:56:16.654741+09:00,2026-09-01,KO,The Coca-Cola Company,US,소매,2026-08-31,88.67,23291317,14051180.85,1.3799,381507010560,69,60,50,37,57,0,HOLD,0.54,6,False,live,STOCK,69,NEUTRAL,NYSE
2026-09-01T07:56:16.654741+09:00,2026-09-01,LRCX,Lam Research Corporation,US,반도체,2026-08-31,301.49,6946377,7997748.85,15.005,377260736512,31,65,73,42,49,1,HOLD,-0.21,-3,False,live,STOCK,46,NEUTRAL,NASDAQ
2026-09-01T07:56:16.654741+09:00,2026-09-01,CAT,Caterpillar Inc.,US,산업재,2026-08-31,797.47,3033479,2682233.95,25.1136,366576926720,28,60,70,50,45,1,HOLD,-0.43,-5,False,live,STOCK,26,NEUTRAL,NYSE
2026-09-01T07:56:16.654741+09:00,2026-09-01,MRK,"Merck & Co., Inc.",US,제약/바이오,2026-08-31,147.76,10746306,11199920.3,4.8942,364549275648,95,65,50,30,68,2,WATCH,1.06,13,False,live,STOCK,93,NEUTRAL,NYSE
2026-09-01T07:56:16.654741+09:00,2026-09-01,AMAT,"Applied Materials, Inc.",US,반도체,2026-08-31,458.39,6121394,7257749.7,22.6631,363777130496,28,65,65,58,46,0,HOLD,-0.35,-4,False,live,STOCK,30,NEUTRAL,NASDAQ
2026-09-01T07:56:16.654741+09:00,2026-09-01,HSBC,HSBC Holdings plc,US,금융,2026-08-31,103.14,697474,1150573.7,1.2914,353385414656,47,60,55,60,52,0,HOLD,0.15,2,False,live,STOCK,48,NEUTRAL,NYSE
2026-09-01T07:56:16.654741+09:00,2026-09-01,UNH,UnitedHealth Group Incorporated,US,제약/바이오,2026-08-31,389.41,5615785,4159969.25,7.6429,349532389376,28,65,83,66,57,1,HOLD,0.16,2,False,live,STOCK,52,NEUTRAL,NYSE
2026-09-01T07:56:16.654741+09:00,2026-09-01,GE,GE Aerospace,US,산업재,2026-08-31,335.71,4441373,3628068.65,9.1918,348320104448,47,60,60,37,50,0,HOLD,0.12,1,False,live,STOCK,54,NEUTRAL,NYSE
2026-09-01T07:56:16.654741+09:00,2026-09-01,PG,The Procter & Gamble Company,US,소매,2026-08-31,145.12,11777889,9137444.45,2.0764,337321721856,65,60,50,45,59,1,HOLD,0.44,5,False,live,STOCK,78,NEUTRAL,NYSE
2026-09-01T07:56:16.654741+09:00,2026-09-01,NFLX,"Netflix, Inc.",US,인터넷,2026-08-31,81.05,28722439,28848106.95,2.1621,337487331328,80,65,45,50,56,1,HOLD,0.3,4,False,live,STOCK,45,NEUTRAL,NASDAQ
2026-09-01T07:56:16.654741+09:00,2026-09-01,MS,Morgan Stanley,US,금융,2026-08-31,213.32,4004335,4175521.75,4.2371,335033204736,28,60,60,60,51,0,HOLD,-0.09,-1,False,live,STOCK,62,NEUTRAL,NYSE
2026-09-01T07:56:16.654741+09:00,2026-09-01,HD,"The Home Depot, Inc.",US,소비재,2026-08-31,327.83,3634982,3692734.1,7.8057,327072579584,39,60,63,42,52,0,HOLD,0.13,2,False,live,STOCK,63,NEUTRAL,NYSE
2026-09-01T07:56:16.654741+09:00,2026-09-01,PANW,"Palo Alto Networks, Inc.",US,IT,2026-08-31,382.13,8750916,5623515.8,18.0714,311435952128,66,60,57,30,58,1,HOLD,0.62,7,False,live,STOCK,78,NEUTRAL,NASDAQ
2026-09-01T07:56:16.654741+09:00,2026-09-01,DELL,Dell Technologies Inc.,US,IT,2026-08-31,456.01,7614148,5402862.4,24.3656,294647398400,43,60,65,66,57,0,HOLD,0.22,3,False,live,STOCK,55,NEUTRAL,NYSE
2026-09-01T07:56:16.654741+09:00,2026-09-01,GS,"The Goldman Sachs Group, Inc.",US,금융,2026-08-31,1025.9,1354091,1827734.55,22.515,298712727552,50,60,60,60,50,0,HOLD,-0.08,-1,False,live,STOCK,26,NEUTRAL,NYSE
2026-09-01T07:56:16.654741+09:00,2026-09-01,PM,Philip Morris International Inc.,US,소매,2026-08-31,187.3,3956841,4513947.05,4.2921,291928276992,47,60,58,58,57,0,HOLD,0.32,4,False,live,STOCK,69,NEUTRAL,NYSE
2026-09-01T07:56:16.654741+09:00,2026-09-01,NVS,Novartis AG,US,제약/바이오,2026-08-31,152.06,1286123,1377771.15,2.8825,289022705664,47,65,55,53,48,0,HOLD,-0.03,0,False,live,STOCK,32,NEUTRAL,NYSE
2026-09-01T07:56:16.654741+09:00,2026-09-01,RY,Royal Bank of Canada,US,금융,2026-08-31,204.15,1497737,1375421.85,3.6689,282631340032,47,60,60,60,56,0,HOLD,0.27,3,False,live,STOCK,61,NEUTRAL,NYSE
2026-09-01T07:56:16.654741+09:00,2026-09-01,RTX,RTX Corporation,US,산업재,2026-08-31,207.73,3938930,4379606.5,4.1506,279969792000,39,60,45,58,51,0,HOLD,0.15,2,False,live,STOCK,69,NEUTRAL,NYSE
2026-09-01T07:56:16.654741+09:00,2026-09-01,BABA,Alibaba Group Holding Limited,US,소비재,2026-08-31,114.02,9254989,12820489.45,4.3543,283410792448,43,60,55,58,56,1,HOLD,0.01,0,False,live,STOCK,77,NEUTRAL,NYSE
2026-09-01T07:56:16.654741+09:00,2026-09-01,WFC,Wells Fargo & Company,US,금융,2026-08-31,86.39,19064618,11676160.9,1.6371,261243289600,47,60,60,60,55,0,HOLD,0.26,3,False,live,STOCK,55,NEUTRAL,NYSE
2026-09-01T07:56:16.654741+09:00,2026-09-01,ARM,Arm Holdings plc American Depositary Sha,US,반도체,2026-08-31,241.91,2143232,4093121.6,14.818,258359541760,18,65,65,35,38,0,AVOID,-0.67,-8,True,live,STOCK,32,NEUTRAL,NASDAQ
2026-09-01T07:56:16.654741+09:00,2026-09-01,SAP,SAP SE,US,IT,2026-08-31,220.89,3028819,2521340.95,5.6943,254952177664,62,60,58,42,61,1,HOLD,0.66,8,False,live,STOCK,84,NEUTRAL,NYSE
2026-09-01T07:56:16.654741+09:00,2026-09-01,MUFG,"Mitsubishi UFJ Financial Group, Inc.",US,금융,2026-08-31,22.75,2480070,2587898.5,0.4582,256068648960,69,60,58,60,60,0,HOLD,0.57,7,False,live,STOCK,48,NEUTRAL,NYSE
2026-09-01T07:56:16.654741+09:00,2026-09-01,SHEL,Shell plc,US,에너지,2026-08-31,91.45,6129784,5596068.65,1.2409,251711602688,69,60,55,78,66,1,HOLD,0.62,7,False,live,STOCK,67,NEUTRAL,NYSE
2026-09-01T07:56:16.654741+09:00,2026-09-01,AZN,AstraZeneca PLC,US,제약/바이오,2026-08-31,162.13,3067789,3746039.45,3.0757,251445133312,72,65,68,58,62,1,HOLD,0.37,4,False,live,STOCK,44,NEUTRAL,NYSE
2026-09-01T07:56:16.654741+09:00,2026-09-01,ANET,"Arista Networks, Inc.",US,IT,2026-08-31,195.69,5019680,7320819.0,7.5121,246809067520,62,60,60,35,56,0,HOLD,0.45,5,False,live,STOCK,61,NEUTRAL,NYSE
2026-09-01T07:56:16.654741+09:00,2026-09-01,GEV,GE Vernova Inc.,US,산업재,2026-08-31,898.53,3565436,2030471.8,41.7719,239308718080,28,60,60,50,42,0,AVOID,-0.44,-5,True,live,STOCK,30,NEUTRAL,NYSE
2026-09-01T07:56:16.654741+09:00,2026-09-01,BHP,BHP Group Limited,US,소재,2026-08-31,93.92,1964103,2761345.15,2.5086,238695497728,87,60,50,45,64,1,HOLD,0.64,8,False,live,STOCK,69,NEUTRAL,NYSE
2026-09-01T07:56:16.654741+09:00,2026-09-01,TXN,Texas Instruments Incorporated,US,반도체,2026-08-31,260.91,5605972,5738538.6,8.2021,238275461120,28,65,75,50,47,1,HOLD,-0.38,-5,False,live,STOCK,30,NEUTRAL,NASDAQ
2026-09-01T07:56:16.654741+09:00,2026-09-01,CRWD,"CrowdStrike Holdings, Inc.",US,IT,2026-08-31,231.0,17747398,9437799.9,12.4775,236528943104,88,60,65,30,68,2,WATCH,1.02,12,False,live,STOCK,78,NEUTRAL,NASDAQ
2026-09-01T07:56:16.654741+09:00,2026-09-01,TM,Toyota Motor Corporation,US,소비재,2026-08-31,196.54,446098,347739.9,2.89,232739405824,81,60,50,54,61,1,HOLD,0.6,7,False,live,STOCK,55,NEUTRAL,NYSE
2026-09-01T07:56:16.654741+09:00,2026-09-01,SNDK,Sandisk Corporation,US,IT,2026-08-31,1566.7,23183006,14189690.3,128.9304,229394644992,72,60,70,50,62,2,WATCH,0.39,5,False,live,STOCK,49,NEUTRAL,NASDAQ
2026-09-01T07:56:16.654741+09:00,2026-09-01,AMGN,Amgen Inc.,US,제약/바이오,2026-08-31,429.88,2312381,2519239.05,8.8327,232406892544,73,65,45,50,62,2,WATCH,0.71,9,False,live,STOCK,84,NEUTRAL,NASDAQ
2026-09-01T07:56:16.654741+09:00,2026-09-01,TMO,Thermo Fisher Scientific Inc.,US,제약/바이오,2026-08-31,617.1,1419052,1670347.6,15.4386,228171055104,73,65,53,58,67,2,WATCH,0.86,10,False,live,STOCK,90,NEUTRAL,NYSE
2026-09-01T07:56:16.654741+09:00,2026-09-01,KLAC,KLA Corporation,US,반도체,2026-08-31,175.45,7166034,9455996.7,7.6168,229233639424,20,65,73,42,41,1,AVOID,-0.58,-7,True,live,STOCK,24,NEUTRAL,NASDAQ
2026-09-01T07:56:16.654741+09:00,2026-09-01,LIN,Linde plc,US,소재,2026-08-31,489.58,2109043,2000182.15,7.8707,225686667264,65,60,60,58,57,0,HOLD,0.25,3,False,live,STOCK,39,NEUTRAL,NASDAQ
2026-09-01T07:56:16.654741+09:00,2026-09-01,C,Citigroup Inc.,US,금융,2026-08-31,131.62,7324512,8744540.6,2.425,220784230400,25,60,70,76,52,2,HOLD,-0.12,-1,False,live,STOCK,39,NEUTRAL,NYSE
2026-09-01T07:56:16.654741+09:00,2026-09-01,AXP,American Express Company,US,금융,2026-08-31,330.17,2457089,2295259.45,5.5486,222967054336,32,60,81,50,49,1,HOLD,-0.02,0,False,live,STOCK,25,NEUTRAL,NYSE
2026-09-01T07:56:16.654741+09:00,2026-09-01,IBM,International Business Machines Corporat,US,IT,2026-08-31,233.87,6074219,5169775.95,5.9327,220336963584,40,60,81,58,57,1,HOLD,-0.03,0,False,live,STOCK,44,NEUTRAL,NYSE
2026-09-01T07:56:16.654741+09:00,2026-09-01,SAN,"Banco Santander, S.A.",US,금융,2026-08-31,14.56,8268397,20374629.85,0.2536,211609305088,47,60,55,63,53,0,HOLD,0.26,3,False,live,STOCK,51,NEUTRAL,NYSE
2026-09-01T07:56:16.654741+09:00,2026-09-01,CRM,"Salesforce, Inc.",US,IT,2026-08-31,257.54,20989333,15697791.65,11.1249,211955433472,70,60,52,66,63,1,HOLD,0.66,8,False,live,STOCK,64,NEUTRAL,NYSE
2026-09-01T07:56:16.654741+09:00,2026-09-01,VZ,Verizon Communications Inc.,US,인터넷,2026-08-31,50.02,21380554,18572437.7,0.7707,207821864960,81,65,60,84,70,2,WATCH,0.78,9,False,live,STOCK,55,NEUTRAL,NYSE
2026-09-01T07:56:16.654741+09:00,2026-09-01,TD,The Toronto-Dominion Bank,US,금융,2026-08-31,120.91,1341535,2045221.75,2.1786,198112362496,62,60,55,60,59,0,HOLD,0.43,5,False,live,STOCK,61,NEUTRAL,NYSE
2026-09-01T07:56:16.654741+09:00,2026-09-01,NVO,Novo Nordisk A/S,US,제약/바이오,2026-08-31,45.33,7556921,13677271.05,1.1836,200405286912,32,65,68,73,57,1,HOLD,0.19,2,False,live,STOCK,61,NEUTRAL,NYSE
2026-09-01T07:56:16.654741+09:00,2026-09-01,TTE,TotalEnergies SE,US,에너지,2026-08-31,88.31,950971,1382718.55,1.5507,195400679424,58,60,55,86,65,1,HOLD,0.41,5,False,live,STOCK,69,NEUTRAL,NYSE
2026-09-01T07:56:16.654741+09:00,2026-09-01,APH,Amphenol Corporation,US,IT,2026-08-31,158.55,5495134,5610766.7,5.1882,195489529856,47,60,63,50,52,0,HOLD,0.15,2,False,live,STOCK,45,NEUTRAL,NYSE
2026-09-01T07:56:16.654741+09:00,2026-09-01,TMUS,"T-Mobile US, Inc.",US,인터넷,2026-08-31,180.44,3766522,3994951.1,3.8959,193552875520,72,65,60,74,68,3,WATCH,0.59,7,False,live,STOCK,70,NEUTRAL,NASDAQ
2026-09-01T07:56:16.654741+09:00,2026-09-01,PEP,"PepsiCo, Inc.",US,소매,2026-08-31,140.34,6527144,6516777.2,2.2121,191704432640,43,60,60,42,49,0,HOLD,-0.03,0,False,live,STOCK,49,NEUTRAL,NASDAQ
2026-09-01T07:56:16.654741+09:00,2026-09-01,SHOP,Shopify Inc.,US,IT,2026-08-31,147.37,6868251,10011582.55,5.2393,191235358720,51,60,60,35,56,1,HOLD,0.48,6,False,live,STOCK,80,NEUTRAL,NASDAQ
2026-09-01T07:56:16.654741+09:00,2026-09-01,SCHW,The Charles Schwab Corporation,US,금융,2026-08-31,109.82,6145557,7465132.85,2.2627,189915643904,73,60,50,58,66,2,WATCH,0.83,10,False,live,STOCK,90,NEUTRAL,NYSE
2026-09-01T07:56:16.654741+09:00,2026-09-01,ABT,Abbott Laboratories,US,제약/바이오,2026-08-31,110.36,10631260,7760308.0,2.355,190965104640,51,65,63,58,64,1,HOLD,0.66,8,False,live,STOCK,90,NEUTRAL,NYSE
2026-09-01T07:56:16.654741+09:00,2026-09-01,MCD,McDonald's Corporation,US,소비재,2026-08-31,263.54,5209936,4374621.8,4.9425,186491863040,28,60,60,50,43,0,AVOID,-0.38,-5,True,live,STOCK,33,NEUTRAL,NYSE
2026-09-01T07:56:16.654741+09:00,2026-09-01,DIS,The Walt Disney Company,US,인터넷,2026-08-31,107.55,8421684,9357554.2,2.2143,185705168896,84,65,60,58,70,2,WATCH,0.9,11,False,live,STOCK,78,NEUTRAL,NYSE
2026-09-01T07:56:16.654741+09:00,2026-09-01,STX,Seagate Technology Holdings plc,US,IT,2026-08-31,828.38,3453714,4132330.7,54.8621,187747778560,28,60,68,50,54,1,HOLD,-0.08,-1,False,live,STOCK,76,NEUTRAL,NASDAQ
2026-09-01T07:56:16.654741+09:00,2026-09-01,MRVL,"Marvell Technology, Inc.",US,반도체,2026-08-31,211.66,23518678,24945338.9,16.7029,190219829248,18,65,79,35,47,1,HOLD,-0.38,-5,False,live,STOCK,53,NEUTRAL,NASDAQ
2026-09-01T07:56:16.654741+09:00,2026-09-01,UBS,UBS Group AG,US,금융,2026-08-31,55.72,3445686,1547469.3,0.6546,170600267776,78,60,73,66,72,2,WATCH,1.01,12,False,live,STOCK,67,NEUTRAL,NYSE
2026-09-01T07:56:16.654741+09:00,2026-09-01,GILD,"Gilead Sciences, Inc.",US,제약/바이오,2026-08-31,146.34,6505810,6287780.5,3.64,181455044608,91,65,50,60,71,2,WATCH,1.05,13,False,live,STOCK,84,NEUTRAL,NASDAQ
2026-09-01T07:56:16.654741+09:00,2026-09-01,BLK,"BlackRock, Inc.",US,금융,2026-08-31,1155.61,765322,573666.1,20.7057,187759116288,62,60,60,58,53,0,HOLD,0.32,4,False,live,STOCK,26,NEUTRAL,NYSE
2026-09-01T07:56:16.654741+09:00,2026-09-01,QCOM,QUALCOMM Incorporated,US,반도체,2026-08-31,170.48,12726310,9649960.5,4.8507,182082945024,59,65,65,66,58,0,HOLD,0.07,1,False,live,STOCK,40,NEUTRAL,NASDAQ
2026-09-01T07:56:16.654741+09:00,2026-09-01,UNP,Union Pacific Corporation,US,산업재,2026-08-31,300.67,3651738,2404071.9,5.7814,178620694528,69,60,60,37,58,0,HOLD,0.58,7,False,live,STOCK,61,NEUTRAL,NYSE
2026-09-01T07:56:16.654741+09:00,2026-09-01,T,AT&T Inc.,US,인터넷,2026-08-31,25.89,37382564,35121638.2,0.4513,177408262144,74,65,50,78,70,3,BUY,0.78,9,False,live,STOCK,87,NEUTRAL,NYSE
2026-09-01T07:56:16.654741+09:00,2026-09-01,DE,Deere & Company,US,산업재,2026-08-31,654.91,1779526,1177761.3,20.6771,176580362240,88,60,50,58,64,1,HOLD,0.77,9,False,live,STOCK,55,NEUTRAL,NYSE
2026-09-01T07:56:16.654741+09:00,2026-09-01,ADI,"Analog Devices, Inc.",US,반도체,2026-08-31,362.14,2705358,3601862.9,10.9007,175480553472,28,65,53,58,40,0,AVOID,-0.63,-8,True,live,STOCK,23,NEUTRAL,NASDAQ
2026-09-01T07:56:16.654741+09:00,2026-09-01,SCCO,Southern Copper Corporation,US,소재,2026-08-31,208.87,1330007,1125112.4,8.5464,176358064128,91,60,53,37,57,1,HOLD,0.53,6,False,live,STOCK,32,NEUTRAL,NYSE
2026-09-01T07:56:16.654741+09:00,2026-09-01,BX,Blackstone Inc.,US,금융,2026-08-31,143.24,3333562,3761528.1,3.8329,171214454784,66,60,72,50,67,2,WATCH,0.84,10,False,live,STOCK,77,NEUTRAL,NYSE
2026-09-01T07:56:16.654741+09:00,2026-09-01,NEE,"NextEra Energy, Inc.",US,유틸리티,2026-08-31,82.34,14050520,10586466.0,1.1901,171759435776,20,60,63,42,49,1,HOLD,-0.15,-2,False,live,STOCK,78,NEUTRAL,NYSE
2026-09-01T07:56:16.654741+09:00,2026-09-01,WELL,Welltower Inc.,US,리츠,2026-08-31,236.24,4911261,2894743.05,4.0896,170227941376,58,60,78,38,65,2,WATCH,0.8,10,False,live,STOCK,84,NEUTRAL,NYSE
2026-09-01T07:56:16.654741+09:00,2026-09-01,IBKR,"Interactive Brokers Group, Inc.",US,금융,2026-08-31,97.29,3560122,4251126.1,2.9438,165764218880,76,60,78,58,66,2,WATCH,0.76,9,False,live,STOCK,42,NEUTRAL,NASDAQ
2026-09-01T07:56:16.654741+09:00,2026-09-01,RIO,Rio Tinto Group,US,소재,2026-08-31,102.5,1496289,2296264.45,2.28,166701826048,87,60,55,55,62,1,HOLD,0.44,5,False,live,STOCK,40,NEUTRAL,NYSE
2026-09-01T07:56:16.654741+09:00,2026-09-01,BA,The Boeing Company,US,산업재,2026-08-31,207.78,5209340,5073302.0,4.2993,164223090688,35,60,63,30,41,0,AVOID,-0.37,-4,True,live,STOCK,26,NEUTRAL,NYSE
2026-09-01T07:56:16.654741+09:00,2026-09-01,PFE,Pfizer Inc.,US,제약/바이오,2026-08-31,28.46,45442575,38333718.75,0.6014,162212708352,91,65,64,66,75,2,WATCH,1.15,14,False,live,STOCK,78,NEUTRAL,NYSE
2026-09-01T07:56:16.654741+09:00,2026-09-01,COP,ConocoPhillips,US,에너지,2026-08-31,132.49,8738338,6996771.9,2.8377,159165202432,69,60,42,68,62,1,HOLD,0.62,7,False,live,STOCK,77,NEUTRAL,NYSE
2026-09-01T07:56:16.654741+09:00,2026-09-01,BBVA,"Banco Bilbao Vizcaya Argentaria, S.A.",US,금융,2026-08-31,28.96,800977,1673103.85,0.3411,159810109440,73,60,55,60,62,1,HOLD,0.68,8,False,live,STOCK,60,NEUTRAL,NYSE
2026-09-01T07:56:16.654741+09:00,2026-09-01,TBB,AT&T Inc. 5.35% GLB NTS 66,US,인터넷,2026-08-31,19.39,85172,92128.6,0.1606,,50,65,58,80,56,1,HOLD,0.04,0,False,live,STOCK,40,NEUTRAL,NYSE
2026-09-01T07:56:16.654741+09:00,2026-09-01,ETN,Eaton Corporation plc,US,산업재,2026-08-31,401.88,2165437,1797601.85,12.9979,156090187776,35,60,70,50,51,1,HOLD,-0.06,-1,False,live,STOCK,48,NEUTRAL,NYSE
2026-09-01T07:56:16.654741+09:00,2026-09-01,BUD,Anheuser-Busch InBev SA/NV,US,소매,2026-08-31,79.1,2315338,2023436.9,1.2868,155757887488,50,60,58,60,61,1,HOLD,0.33,4,False,live,STOCK,84,NEUTRAL,NYSE
2026-09-01T07:56:16.654741+09:00,2026-09-01,WDC,Western Digital Corporation,US,IT,2026-08-31,450.55,5837229,7703736.45,31.3436,162441707520,40,60,58,68,50,0,HOLD,-0.31,-4,False,live,STOCK,33,NEUTRAL,NASDAQ
2026-09-01T07:56:16.654741+09:00,2026-09-01,BKNG,Booking Holdings Inc.,US,소비재,2026-08-31,199.09,5053317,5329680.85,6.1018,149592342528,47,60,58,74,60,1,HOLD,0.46,6,False,live,STOCK,69,NEUTRAL,NASDAQ
2026-09-01T07:56:16.654741+09:00,2026-09-01,UBER,"Uber Technologies, Inc.",US,IT,2026-08-31,75.65,18172635,19540086.75,2.7168,154519683072,47,60,66,55,59,1,HOLD,0.37,4,False,live,STOCK,71,NEUTRAL,NYSE
2026-09-01T07:56:16.654741+09:00,2026-09-01,NOW,"ServiceNow, Inc.",US,IT,2026-08-31,147.99,25851359,18313892.95,6.5186,153001246720,81,60,60,35,67,2,WATCH,0.97,12,False,live,STOCK,90,NEUTRAL,NYSE
2026-09-01T07:56:16.654741+09:00,2026-09-01,DHR,Danaher Corporation,US,제약/바이오,2026-08-31,213.56,3608383,3384859.15,5.775,150129704960,88,65,60,58,73,2,WATCH,1.1,13,False,live,STOCK,84,NEUTRAL,NYSE
2026-09-01T07:56:16.654741+09:00,2026-09-01,TJX,"The TJX Companies, Inc.",US,소비재,2026-08-31,133.91,11950658,7230632.9,3.2263,147930972160,20,60,50,42,35,0,AVOID,-0.78,-9,True,live,STOCK,26,NEUTRAL,NYSE
2026-09-01T07:56:16.654741+09:00,2026-09-01,SONY,Sony Group Corporation,US,IT,2026-08-31,24.56,5215166,4336398.3,0.5232,143769468928,84,60,45,58,64,1,HOLD,0.69,8,False,live,STOCK,69,NEUTRAL,NYSE
2026-09-01T07:56:16.654741+09:00,2026-09-01,UL,Unilever PLC,US,소매,2026-08-31,64.85,4529412,3438960.6,0.9196,139639193600,91,60,58,53,71,2,WATCH,1.06,13,False,live,STOCK,78,NEUTRAL,NYSE
2026-09-01T07:56:16.654741+09:00,2026-09-01,VRTX,Vertex Pharmaceuticals Incorporated,US,제약/바이오,2026-08-31,544.52,1197308,1184630.4,13.4716,138014556160,95,65,50,58,70,2,WATCH,1.03,12,False,live,STOCK,75,NEUTRAL,NASDAQ
2026-09-01T07:56:16.654741+09:00,2026-09-01,BMY,Bristol-Myers Squibb Company,US,제약/바이오,2026-08-31,66.81,12635646,9543252.3,1.4721,136473755648,73,65,60,76,73,3,BUY,1.0,12,False,live,STOCK,90,NEUTRAL,NYSE
2026-09-01T07:56:16.654741+09:00,2026-09-01,ISRG,"Intuitive Surgical, Inc.",US,제약/바이오,2026-08-31,376.86,1916829,2511091.45,10.472,135020658688,25,65,50,50,46,1,HOLD,-0.29,-3,False,live,STOCK,70,NEUTRAL,NASDAQ
2026-09-01T07:56:16.654741+09:00,2026-09-01,NEM,Newmont Corporation,US,소재,2026-08-31,126.06,16329327,8409781.35,4.7743,132828446720,84,60,53,76,71,3,BUY,0.97,12,False,live,STOCK,74,NEUTRAL,NYSE
2026-09-01T07:56:16.654741+09:00,2026-09-01,COF,Capital One Financial Corporation,US,금융,2026-08-31,214.51,3884853,2980497.65,4.6824,131598630912,50,60,53,86,58,1,HOLD,0.37,4,False,live,STOCK,52,NEUTRAL,NYSE
2026-09-01T07:56:16.654741+09:00,2026-09-01,CB,Chubb Limited,US,금융,2026-08-31,338.6,1889282,1605784.1,5.1714,130631835648,32,60,60,68,52,0,HOLD,0.06,1,False,live,STOCK,54,NEUTRAL,NYSE
2026-09-01T07:56:16.654741+09:00,2026-09-01,PLD,"Prologis, Inc.",US,리츠,2026-08-31,139.92,3709868,4368698.4,1.7593,136015028224,50,60,58,45,51,0,HOLD,0.05,1,False,live,STOCK,47,NEUTRAL,NYSE
2026-09-01T07:56:16.654741+09:00,2026-09-01,MFG,"Mizuho Financial Group, Inc.",US,금융,2026-08-31,10.64,2773858,2764427.9,0.2214,129259462656,62,60,58,68,59,0,HOLD,0.48,6,False,live,STOCK,45,NEUTRAL,NYSE
2026-09-01T07:56:16.654741+09:00,2026-09-01,LMT,Lockheed Martin Corporation,US,산업재,2026-08-31,561.23,915136,978476.8,13.2514,129526685696,47,60,50,42,50,0,HOLD,0.13,2,False,live,STOCK,61,NEUTRAL,NYSE
2026-09-01T07:56:16.654741+09:00,2026-09-01,SPGI,S&P Global Inc.,US,금융,2026-08-31,435.84,2012598,1784314.9,9.8026,128485629952,84,60,63,50,60,1,HOLD,0.63,8,False,live,STOCK,32,NEUTRAL,NYSE
2026-09-01T07:56:16.654741+09:00,2026-09-01,GLW,Corning Inc,US,IT,2026-08-31,148.73,9441866,9470618.3,8.1511,128114286592,40,60,70,35,45,1,HOLD,-0.36,-4,False,live,STOCK,24,NEUTRAL,NYSE
2026-09-01T07:56:16.654741+09:00,2026-09-01,PGR,The Progressive Corporation,US,금융,2026-08-31,218.08,1748170,2242533.5,4.7718,126726299648,76,60,53,73,71,3,BUY,0.88,11,False,live,STOCK,87,NEUTRAL,NYSE
2026-09-01T07:56:16.654741+09:00,2026-09-01,FTNT,"Fortinet, Inc.",US,IT,2026-08-31,170.93,6589077,4553483.85,6.5743,125413670912,88,60,65,35,67,1,HOLD,0.97,12,False,live,STOCK,69,NEUTRAL,NASDAQ
2026-09-01T07:56:16.654741+09:00,2026-09-01,PBR,Petróleo Brasileiro S.A. - Petrobras,US,에너지,2026-08-31,19.35,21215832,18876456.6,0.5241,124698492928,78,60,50,73,66,2,WATCH,0.67,8,False,live,STOCK,64,NEUTRAL,NYSE
2026-09-01T07:56:16.654741+09:00,2026-09-01,SYK,Stryker Corporation,US,제약/바이오,2026-08-31,323.8,2036189,2209404.45,8.9064,124200951808,47,65,53,58,54,0,HOLD,0.25,3,False,live,STOCK,63,NEUTRAL,NYSE
2026-09-01T07:56:16.654741+09:00,2026-09-01,PH,Parker-Hannifin Corporation,US,산업재,2026-08-31,979.44,760206,699420.3,21.4571,123455938560,39,60,50,45,45,0,HOLD,0.01,0,False,live,STOCK,48,NEUTRAL,NYSE
2026-09-01T07:56:16.654741+09:00,2026-09-01,SBUX,Starbucks Corporation,US,소비재,2026-08-31,106.25,7165237,6031796.85,2.4595,121125003264,47,60,50,43,52,0,HOLD,0.22,3,False,live,STOCK,69,NEUTRAL,NASDAQ
2026-09-01T07:56:16.654741+09:00,2026-09-01,BTI,British American Tobacco p.l.c.,US,소매,2026-08-31,55.57,3557272,4224328.6,1.0114,119708966912,53,60,55,60,48,0,HOLD,-0.17,-2,False,live,STOCK,20,NEUTRAL,NYSE
2026-09-01T07:56:16.654741+09:00,2026-09-01,CVS,CVS Health Corp.,US,제약/바이오,2026-08-31,93.91,10674579,7954683.95,1.875,120108113920,54,65,70,74,61,2,WATCH,0.4,5,False,live,STOCK,47,NEUTRAL,NYSE
2026-09-01T07:56:16.654741+09:00,2026-09-01,PDD,PDD Holdings Inc.,US,소비재,2026-08-31,84.0,12538858,6581927.9,2.7164,119565303808,43,60,60,94,56,1,HOLD,-0.01,0,False,live,STOCK,34,NEUTRAL,NASDAQ
2026-09-01T07:56:16.654741+09:00,2026-09-01,BMO,Bank of Montreal,US,금융,2026-08-31,170.31,837019,840425.95,3.5025,118730997760,35,60,63,58,51,0,HOLD,-0.01,0,False,live,STOCK,48,NEUTRAL,NYSE
2026-09-01T07:56:16.654741+09:00,2026-09-01,HDB,HDFC Bank Limited,US,금융,2026-08-31,22.7,11393168,9165938.4,0.4496,116609900544,31,60,55,52,44,0,AVOID,-0.32,-4,True,live,STOCK,41,NEUTRAL,NYSE
2026-09-01T07:56:16.654741+09:00,2026-09-01,ADBE,Adobe Inc.,US,IT,2026-08-31,292.79,5093661,4286313.05,10.2779,116384030720,81,60,60,76,76,3,BUY,1.07,13,False,live,STOCK,90,NEUTRAL,NASDAQ
2026-09-01T07:56:16.654741+09:00,2026-09-01,ACN,Accenture plc,US,IT,2026-08-31,189.76,4134792,5241004.6,6.9898,116122124288,80,60,50,68,68,2,WATCH,0.71,9,False,live,STOCK,77,NEUTRAL,NYSE
2026-09-01T07:56:16.654741+09:00,2026-09-01,MDT,Medtronic plc,US,제약/바이오,2026-08-31,90.65,9694246,6696632.3,1.8736,116030259200,59,65,55,58,61,1,HOLD,0.6,7,False,live,STOCK,77,NEUTRAL,NYSE
2026-09-01T07:56:16.654741+09:00,2026-09-01,SNOW,Snowflake Inc.,US,IT,2026-08-31,331.43,4335122,4047886.1,12.1378,114873638912,66,60,60,22,60,1,HOLD,0.71,9,False,live,STOCK,90,NEUTRAL,NYSE
2026-09-01T07:56:16.654741+09:00,2026-09-01,LOW,"Lowe's Companies, Inc.",US,소비재,2026-08-31,204.7,4336407,2949405.35,5.2764,114847752192,35,60,60,60,49,0,HOLD,-0.14,-2,False,live,STOCK,41,NEUTRAL,NYSE
2026-09-01T07:56:16.654741+09:00,2026-09-01,ADP,"Automatic Data Processing, Inc.",US,IT,2026-08-31,286.16,1569152,2101132.6,5.6618,113680711680,95,60,50,42,69,2,WATCH,1.04,12,False,live,STOCK,84,NEUTRAL,NASDAQ
2026-09-01T07:56:16.654741+09:00,2026-09-01,MO,"Altria Group, Inc.",US,소매,2026-08-31,68.48,10942773,9421528.65,1.4189,114344067072,72,60,60,68,68,2,WATCH,0.66,8,False,live,STOCK,76,NEUTRAL,NYSE
2026-09-01T07:56:16.654741+09:00,2026-09-01,BP,BP p.l.c.,US,에너지,2026-08-31,42.87,13473263,8828158.15,0.8731,110404919296,58,60,55,74,61,1,HOLD,0.34,4,False,live,STOCK,63,NEUTRAL,NYSE
2026-09-01T07:56:16.654741+09:00,2026-09-01,SPOT,Spotify Technology S.A.,US,인터넷,2026-08-31,543.62,1478605,1894020.25,20.4829,111759687680,84,65,50,42,60,1,HOLD,0.59,7,False,live,STOCK,55,NEUTRAL,NYSE
2026-09-01T07:56:16.654741+09:00,2026-09-01,BNS,The Bank of Nova Scotia,US,금융,2026-08-31,91.66,1532993,2203509.65,2.0693,111717957632,91,60,60,60,68,1,HOLD,0.95,11,False,live,STOCK,55,NEUTRAL,NYSE
2026-09-01T07:56:16.654741+09:00,2026-09-01,BNY,Bank of New York Mellon Corp,US,금융,2026-08-31,161.28,5993428,2482066.4,2.8329,109429145600,62,60,48,50,53,0,HOLD,0.33,4,False,live,STOCK,48,NEUTRAL,NYSE
2026-09-01T07:56:16.654741+09:00,2026-09-01,ENB,Enbridge Inc.,US,에너지,2026-08-31,50.57,4031261,5828523.05,0.8777,110449205248,50,60,60,37,46,0,HOLD,-0.21,-3,False,live,STOCK,29,NEUTRAL,NYSE
2026-09-01T07:56:16.654741+09:00,2026-09-01,MPC,Marathon Petroleum Corporation,US,에너지,2026-08-31,373.32,3625388,2591744.4,10.1297,104837505024,80,60,50,68,71,2,WATCH,0.98,12,False,live,STOCK,93,NEUTRAL,NYSE
2026-09-01T07:56:16.654741+09:00,2026-09-01,FCX,Freeport-McMoRan Inc.,US,소재,2026-08-31,75.74,13939912,14631125.6,2.7775,108763963392,91,60,50,53,61,1,HOLD,0.59,7,False,live,STOCK,40,NEUTRAL,NYSE
2026-09-01T07:56:16.654741+09:00,2026-09-01,ABNB,"Airbnb, Inc.",US,소비재,2026-08-31,183.22,7594934,5810436.7,5.2154,109709508608,66,60,50,42,59,1,HOLD,0.61,7,False,live,STOCK,80,NEUTRAL,NASDAQ
2026-09-01T07:56:16.654741+09:00,2026-09-01,IBN,ICICI Bank Limited,US,금융,2026-08-31,30.36,3281539,5096041.95,0.4689,108941180928,73,60,53,58,62,1,HOLD,0.66,8,False,live,STOCK,61,NEUTRAL,NYSE
2026-09-01T07:56:16.654741+09:00,2026-09-01,NET,"Cloudflare, Inc.",US,IT,2026-08-31,305.11,3676229,4096476.45,15.5799,108643475456,62,60,50,27,53,1,HOLD,0.4,5,False,live,STOCK,72,NEUTRAL,NYSE
2026-09-01T07:56:16.654741+09:00,2026-09-01,SNY,Sanofi,US,제약/바이오,2026-08-31,44.36,2344915,2430075.75,0.6364,106292658176,50,65,55,61,50,0,HOLD,0.01,0,False,live,STOCK,32,NEUTRAL,NASDAQ
2026-09-01T07:56:16.654741+09:00,2026-09-01,CM,Canadian Imperial Bank of Commerce,US,금융,2026-08-31,113.52,951525,1093056.25,2.7736,103068827648,47,60,55,60,52,0,HOLD,0.1,1,False,live,STOCK,48,NEUTRAL,NYSE
2026-09-01T07:56:16.654741+09:00,2026-09-01,APP,AppLovin Corporation,US,IT,2026-08-31,312.06,5047643,6536462.15,12.6736,104833286144,40,60,60,58,46,0,HOLD,-0.42,-5,False,live,STOCK,20,NEUTRAL,NASDAQ
2026-09-01T07:56:16.654741+09:00,2026-09-01,SOMN,The Southern Company,US,유틸리티,2026-08-31,47.85,135542,112137.1,0.4932,,28,60,55,50,43,0,AVOID,-0.37,-4,True,live,STOCK,42,NEUTRAL,NYSE
2026-09-01T07:56:16.654741+09:00,2026-09-01,CNQ,Canadian Natural Resources Limited,US,에너지,2026-08-31,50.07,7030110,6100620.5,1.113,103219306496,69,60,53,63,63,0,HOLD,0.57,7,False,live,STOCK,69,NEUTRAL,NYSE
2026-09-01T07:56:16.654741+09:00,2026-09-01,SOJE,Southern Company (The) Series 2,US,유틸리티,2026-08-31,15.8,70040,48722.0,0.1947,,28,60,58,50,44,0,AVOID,-0.36,-4,True,live,STOCK,40,NEUTRAL,NYSE
2026-09-01T07:56:16.654741+09:00,2026-09-01,MCK,McKesson Corporation,US,제약/바이오,2026-08-31,885.32,1375393,1009174.65,22.0449,103219781632,81,65,56,66,62,1,HOLD,0.68,8,False,live,STOCK,40,NEUTRAL,NYSE
2026-09-01T07:56:16.654741+09:00,2026-09-01,VLO,Valero Energy Corporation,US,에너지,2026-08-31,358.92,3535936,2464846.8,9.99,103342923776,63,60,60,71,69,2,WATCH,0.84,10,False,live,STOCK,90,NEUTRAL,NYSE
2026-09-01T07:56:16.654741+09:00,2026-09-01,EQIX,"Equinix, Inc.",US,리츠,2026-08-31,1046.72,739229,578796.45,32.8419,103281623040,50,60,48,30,44,0,AVOID,-0.17,-2,True,live,STOCK,42,NEUTRAL,NASDAQ
2026-09-01T07:56:16.654741+09:00,2026-09-01,AEM,Agnico Eagle Mines Limited,US,소재,2026-08-31,203.11,3548413,3704975.65,8.6535,102847766528,84,60,55,55,70,2,WATCH,0.99,12,False,live,STOCK,87,NEUTRAL,NYSE
2026-09-01T07:56:16.654741+09:00,2026-09-01,CME,CME Group Inc.,US,금융,2026-08-31,285.5,3282044,1888037.2,5.7804,102659883008,66,60,65,45,63,1,HOLD,0.73,9,False,live,STOCK,75,NEUTRAL,NASDAQ
2026-09-01T07:56:16.654741+09:00,2026-09-01,EQNR,Equinor ASA,US,에너지,2026-08-31,42.8,2476705,2639630.25,0.9174,101580062720,69,60,55,78,62,1,HOLD,0.58,7,False,live,STOCK,46,NEUTRAL,NYSE
2026-09-01T07:56:16.654741+09:00,2026-09-01,SO,The Southern Company,US,유틸리티,2026-08-31,88.0,6624356,5638727.8,1.2587,101231943680,28,60,63,42,50,1,HOLD,-0.09,-1,False,live,STOCK,70,NEUTRAL,NYSE
2026-09-01T07:56:16.654741+09:00,2026-09-01,DASH,"DoorDash, Inc.",US,인터넷,2026-08-31,231.74,3361088,4584089.4,7.3965,100412473344,85,65,50,38,65,2,WATCH,0.9,11,False,live,STOCK,86,NEUTRAL,NASDAQ
2026-09-01T07:56:16.654741+09:00,2026-09-01,ING,ING Groep N.V.,US,금융,2026-08-31,35.32,1072892,1977459.6,0.4018,100762263552,62,60,50,60,55,0,HOLD,0.37,4,False,live,STOCK,45,NEUTRAL,NYSE
2026-09-01T07:56:16.654741+09:00,2026-09-01,GSK,GSK plc,US,제약/바이오,2026-08-31,50.25,2123067,2975593.35,0.981,100640980992,28,65,45,63,47,0,HOLD,-0.18,-2,False,live,STOCK,62,NEUTRAL,NYSE
2026-09-01T07:56:16.654741+09:00,2026-09-01,GD,General Dynamics Corporation,US,산업재,2026-08-31,371.35,1250582,811369.1,6.315,100471414784,39,60,53,50,50,0,HOLD,0.09,1,False,live,STOCK,61,NEUTRAL,NYSE
2026-09-01T07:56:16.654741+09:00,2026-09-01,SMFG,"Sumitomo Mitsui Financial Group, Inc.",US,금융,2026-08-31,25.84,1257935,1284006.75,0.4771,163632234496,91,60,50,60,63,1,HOLD,0.73,9,False,live,STOCK,42,NEUTRAL,NYSE
2026-09-01T07:56:16.654741+09:00,2026-09-01,VRT,Vertiv Holdings Co,US,산업재,2026-08-31,258.72,4080269,4286933.45,12.6002,99604135936,15,60,60,42,37,0,AVOID,-0.76,-9,True,live,STOCK,29,NEUTRAL,NYSE
2026-09-01T07:56:16.654741+09:00,2026-09-01,PSX,Phillips 66,US,에너지,2026-08-31,246.58,4437447,2869317.35,6.6797,98862555136,63,60,50,60,64,1,HOLD,0.72,9,False,live,STOCK,93,NEUTRAL,NYSE
2026-09-01T07:56:16.654741+09:00,2026-09-01,CEG,Constellation Energy Corporation,US,유틸리티,2026-08-31,274.77,2494816,2600740.8,7.8488,97353039872,51,60,63,45,53,0,HOLD,0.13,2,False,live,STOCK,48,NEUTRAL,NASDAQ
2026-09-01T07:56:16.654741+09:00,2026-09-01,KKR,KKR & Co. Inc.,US,금융,2026-08-31,109.72,3864347,4638197.35,3.6129,101336350720,55,60,58,66,59,0,HOLD,0.49,6,False,live,STOCK,61,NEUTRAL,NYSE
2026-09-01T07:56:16.654741+09:00,2026-09-01,INTU,Intuit Inc.,US,IT,2026-08-31,359.3,3077018,4048080.9,15.9081,98281840640,62,60,60,66,67,1,HOLD,0.73,9,False,live,STOCK,84,NEUTRAL,NASDAQ
2026-09-01T07:56:16.654741+09:00,2026-09-01,MELI,"MercadoLibre, Inc.",US,소비재,2026-08-31,1936.2,332643,492067.15,66.7793,98159140864,77,60,65,42,66,2,WATCH,0.9,11,False,live,STOCK,77,NEUTRAL,NASDAQ
2026-09-01T07:56:16.654741+09:00,2026-09-01,HWM,Howmet Aerospace Inc.,US,산업재,2026-08-31,244.95,9431551,2509097.55,8.9607,97686405120,35,60,63,50,43,0,AVOID,-0.32,-4,True,live,STOCK,19,NEUTRAL,NYSE
2026-09-01T07:56:16.654741+09:00,2026-09-01,TT,Trane Technologies plc,US,산업재,2026-08-31,444.4,1095340,938742.0,9.7432,97778302976,20,60,63,50,41,0,AVOID,-0.46,-6,True,live,STOCK,30,NEUTRAL,NYSE
2026-09-01T07:56:16.654741+09:00,2026-09-01,USB,U.S. Bancorp,US,금융,2026-08-31,61.58,8180167,6178148.35,1.0136,95944810496,47,60,73,60,61,1,HOLD,0.54,6,False,live,STOCK,67,NEUTRAL,NYSE
2026-09-01T07:56:16.654741+09:00,2026-09-01,PNC,"The PNC Financial Services Group, Inc.",US,금융,2026-08-31,239.63,1576095,1429069.75,4.3036,95598878720,39,60,63,60,56,0,HOLD,0.26,3,False,live,STOCK,67,NEUTRAL,NYSE
2026-09-01T07:56:16.654741+09:00,2026-09-01,CMCSA,Comcast Corporation,US,인터넷,2026-08-31,26.62,23216513,21827235.65,0.5989,94464712704,62,65,52,73,66,2,WATCH,0.64,8,False,live,STOCK,87,NEUTRAL,NASDAQ
2026-09-01T07:56:16.654741+09:00,2026-09-01,HOOD,"Robinhood Markets, Inc.",US,금융,2026-08-31,104.81,16232073,18290783.65,6.1929,94232813568,76,60,60,42,60,1,HOLD,0.68,8,False,live,STOCK,55,NEUTRAL,NASDAQ
2026-09-01T07:56:16.654741+09:00,2026-09-01,CSX,CSX Corporation,US,산업재,2026-08-31,50.51,11794688,9208964.4,0.8568,93568499712,54,60,45,58,54,0,HOLD,0.23,3,False,live,STOCK,61,NEUTRAL,NASDAQ
2026-09-01T07:56:16.654741+09:00,2026-09-01,BNH,Brookfield Finance Inc.,US,금융,2026-08-31,14.85,30809,14755.45,0.1051,,20,60,55,50,40,0,AVOID,-0.47,-6,True,live,STOCK,40,NEUTRAL,NYSE
2026-09-01T07:56:16.654741+09:00,2026-09-01,DUK,Duke Energy Corporation,US,유틸리티,2026-08-31,119.91,4251594,4551019.7,1.6878,93494091776,31,60,63,42,47,0,HOLD,-0.16,-2,False,live,STOCK,50,NEUTRAL,NYSE
2026-09-01T07:56:16.654741+09:00,2026-09-01,CDNS,"Cadence Design Systems, Inc.",US,IT,2026-08-31,338.78,1606956,2047942.8,9.6854,93297639424,62,60,60,30,50,0,HOLD,-0.07,-1,False,live,STOCK,39,NEUTRAL,NASDAQ
2026-09-01T07:56:16.654741+09:00,2026-09-01,BNJ,Brookfield Finance Inc. 4.50% P,US,금융,2026-08-31,14.94,28797,14869.85,0.1166,,43,60,55,50,47,0,HOLD,-0.09,-1,False,live,STOCK,40,NEUTRAL,NYSE
2026-09-01T07:56:16.654741+09:00,2026-09-01,BN,Brookfield Corporation,US,금융,2026-08-31,41.22,4077631,3903611.55,0.87,92017532928,35,60,50,35,44,0,AVOID,-0.35,-4,True,live,STOCK,55,NEUTRAL,NYSE
2026-09-01T07:56:16.654741+09:00,2026-09-01,WMB,"The Williams Companies, Inc.",US,에너지,2026-08-31,75.05,20164182,7018104.1,2.2171,91798724608,76,60,53,42,62,2,WATCH,0.63,8,False,live,STOCK,76,NEUTRAL,NYSE
2026-09-01T07:56:16.654741+09:00,2026-09-01,PWR,"Quanta Services, Inc.",US,산업재,2026-08-31,607.09,1384410,1086085.5,25.2671,91271970816,28,60,68,35,41,0,AVOID,-0.53,-6,True,live,STOCK,26,NEUTRAL,NYSE
2026-09-01T07:56:16.654741+09:00,2026-09-01,MRSH,"Marsh & McLennan Companies, Inc.",US,금융,2026-08-31,189.8,2298499,1885214.95,3.7657,90574700544,47,60,32,66,48,0,HOLD,0.06,1,False,live,STOCK,55,NEUTRAL,NYSE
2026-09-01T07:56:16.654741+09:00,2026-09-01,ICE,"Intercontinental Exchange, Inc.",US,금융,2026-08-31,160.7,4100527,3337161.35,3.1604,90216095744,69,60,53,50,63,1,HOLD,0.71,9,False,live,STOCK,83,NEUTRAL,NYSE
2026-09-01T07:56:16.654741+09:00,2026-09-01,BCS,Barclays PLC,US,금융,2026-08-31,26.64,2356399,2583959.95,0.375,89482813440,47,60,50,78,54,1,HOLD,0.11,1,False,live,STOCK,45,NEUTRAL,NYSE
2026-09-01T07:56:16.654741+09:00,2026-09-01,MNST,Monster Beverage Corporation,US,소매,2026-08-31,45.92,12160484,9291149.2,1.1021,89959653376,40,60,70,34,55,2,HOLD,-0.0,0,False,live,STOCK,76,NEUTRAL,NASDAQ
2026-09-01T07:56:16.654741+09:00,2026-09-01,HCA,"HCA Healthcare, Inc.",US,제약/바이오,2026-08-31,414.45,1306124,1178811.2,10.4371,89729048576,55,65,66,60,60,0,HOLD,0.52,6,False,live,STOCK,61,NEUTRAL,NYSE
2026-09-01T07:56:16.654741+09:00,2026-09-01,SLB,Slb N.V.,US,에너지,2026-08-31,60.1,35079742,11084242.1,1.6736,89197002752,73,60,60,58,62,1,HOLD,0.58,7,False,live,STOCK,55,NEUTRAL,NYSE
2026-09-01T07:56:16.654741+09:00,2026-09-01,MAR,"Marriott International, Inc.",US,소비재,2026-08-31,341.76,1420623,1600926.15,6.6033,89119490048,31,60,60,58,46,0,HOLD,-0.36,-4,False,live,STOCK,33,NEUTRAL,NASDAQ
2026-09-01T07:56:16.654741+09:00,2026-09-01,MMM,3M Company,US,산업재,2026-08-31,171.83,2362373,2616323.65,3.238,88616583168,39,60,63,58,53,0,HOLD,0.22,3,False,live,STOCK,55,NEUTRAL,NYSE
2026-09-01T07:56:16.654741+09:00,2026-09-01,UPS,"United Parcel Service, Inc.",US,산업재,2026-08-31,104.23,5001137,4586386.85,1.8186,88676966400,72,60,63,66,62,1,HOLD,0.39,5,False,live,STOCK,39,NEUTRAL,NYSE
2026-09-01T07:56:16.654741+09:00,2026-09-01,WM,"Waste Management, Inc.",US,산업재,2026-08-31,218.92,2767310,2025580.5,3.4875,87505649664,28,60,60,50,40,0,AVOID,-0.37,-4,True,live,STOCK,19,NEUTRAL,NYSE
2026-09-01T07:56:16.654741+09:00,2026-09-01,MCO,Moody's Corporation,US,금융,2026-08-31,504.64,849862,694913.1,11.2287,87394058240,91,60,60,42,68,1,HOLD,0.94,11,False,live,STOCK,69,NEUTRAL,NYSE
2026-09-01T07:56:16.654741+09:00,2026-09-01,EMR,Emerson Electric Co.,US,산업재,2026-08-31,152.44,2285369,2635123.45,3.3631,85031034880,39,60,60,58,55,0,HOLD,0.21,3,False,live,STOCK,69,NEUTRAL,NYSE
2026-09-01T07:56:16.654741+09:00,2026-09-01,LYG,Lloyds Banking Group plc,US,금융,2026-08-31,5.87,11714886,11933284.3,0.0921,85015347200,47,60,58,76,51,1,HOLD,0.06,1,False,live,STOCK,22,NEUTRAL,NYSE
2026-09-01T07:56:16.654741+09:00,2026-09-01,ELV,Elevance Health Inc.,US,제약/바이오,2026-08-31,392.54,1090130,879496.5,8.4862,85129871360,43,65,85,76,67,2,WATCH,0.48,6,False,live,STOCK,65,NEUTRAL,NYSE
2026-09-01T07:56:16.654741+09:00,2026-09-01,DDOG,"Datadog, Inc.",US,IT,2026-08-31,237.04,4226397,5024984.85,12.0611,85115133952,28,60,63,35,44,0,AVOID,-0.4,-5,True,live,STOCK,48,NEUTRAL,NASDAQ
2026-09-01T07:56:16.654741+09:00,2026-09-01,SNPS,"Synopsys, Inc.",US,IT,2026-08-31,439.59,1680672,1636673.6,15.3729,84241547264,72,60,63,43,58,1,HOLD,0.19,2,False,live,STOCK,43,NEUTRAL,NASDAQ
2026-09-01T07:56:16.654741+09:00,2026-09-01,EPD,Enterprise Products Partners L.P.,US,에너지,2026-08-31,38.82,3817093,2938884.65,0.5733,83830906880,87,60,55,60,69,2,WATCH,0.81,10,False,live,STOCK,71,NEUTRAL,NYSE
2026-09-01T07:56:16.654741+09:00,2026-09-01,ITUB,Itaú Unibanco Holding S.A.,US,금융,2026-08-31,7.61,14608671,21925298.55,0.1986,83876446208,65,60,55,70,55,1,HOLD,0.14,2,False,live,STOCK,26,NEUTRAL,NYSE
2026-09-01T07:56:16.654741+09:00,2026-09-01,JCI,Johnson Controls International plc,US,소재,2026-08-31,138.24,3088333,3046306.65,3.5679,83737698304,35,60,50,58,47,0,HOLD,-0.23,-3,False,live,STOCK,48,NEUTRAL,NYSE
2026-09-01T07:56:16.654741+09:00,2026-09-01,REGN,"Regeneron Pharmaceuticals, Inc.",US,제약/바이오,2026-08-31,799.08,894129,709981.45,18.5206,82269274112,51,65,60,58,62,1,HOLD,0.58,7,False,live,STOCK,83,NEUTRAL,NASDAQ
2026-09-01T07:56:16.654741+09:00,2026-09-01,SHW,The Sherwin-Williams Company,US,소재,2026-08-31,338.81,2134129,1672476.45,7.3097,82248884224,39,60,60,50,52,0,HOLD,0.22,3,False,live,STOCK,60,NEUTRAL,NYSE
2026-09-01T07:56:16.654741+09:00,2026-09-01,BAM,Brookfield Asset Management Ltd.,US,금융,2026-08-31,51.5,1889124,2512506.2,1.2077,82258460672,44,60,61,42,52,0,HOLD,0.2,2,False,live,STOCK,63,NEUTRAL,NYSE
2026-09-01T07:56:16.654741+09:00,2026-09-01,AMT,American Tower Corporation,US,리츠,2026-08-31,175.7,2848147,2120857.35,3.5407,81869185024,80,60,60,42,59,1,HOLD,0.4,5,False,live,STOCK,44,NEUTRAL,NYSE
2026-09-01T07:56:16.654741+09:00,2026-09-01,CP,Canadian Pacific Kansas City Ltd.,US,산업재,2026-08-31,92.69,1621588,2428069.4,1.7171,81481859072,43,60,63,58,59,1,HOLD,0.3,4,False,live,STOCK,77,NEUTRAL,NYSE
2026-09-01T07:56:16.654741+09:00,2026-09-01,ASX,"ASE Technology Holding Co., Ltd.",US,반도체,2026-08-31,36.95,4191417,6691585.85,1.5529,96205438976,50,65,55,37,46,0,HOLD,-0.16,-2,False,live,STOCK,36,NEUTRAL,NYSE
2026-09-01T07:56:16.654741+09:00,2026-09-01,CTAS,Cintas Corporation,US,산업재,2026-08-31,201.79,1726464,1787743.2,3.491,80750215168,47,60,58,29,51,0,HOLD,0.3,4,False,live,STOCK,69,NEUTRAL,NASDAQ
2026-09-01T07:56:16.654741+09:00,2026-09-01,MSI,"Motorola Solutions, Inc.",US,IT,2026-08-31,485.3,1141191,1009994.55,9.4543,80314138624,69,60,50,50,58,0,HOLD,0.54,6,False,live,STOCK,61,NEUTRAL,NYSE
2026-09-01T07:56:16.654741+09:00,2026-09-01,CVNA,Carvana Co.,US,소비재,2026-08-31,73.46,6085578,8562958.9,3.537,81427742720,77,60,58,42,63,2,WATCH,0.74,9,False,live,STOCK,71,NEUTRAL,NYSE
2026-09-01T07:56:16.654741+09:00,2026-09-01,ECL,Ecolab Inc.,US,소재,2026-08-31,283.2,1513563,1409593.15,5.475,79389065216,69,60,55,58,64,1,HOLD,0.68,8,False,live,STOCK,77,NEUTRAL,NYSE
2026-09-01T07:56:16.654741+09:00,2026-09-01,NGG,National Grid plc,US,유틸리티,2026-08-31,79.16,356622,704641.1,1.0507,79584305152,31,60,55,60,47,0,HOLD,-0.24,-3,False,live,STOCK,44,NEUTRAL,NYSE
2026-09-01T07:56:16.654741+09:00,2026-09-01,E,Eni S.p.A.,US,에너지,2026-08-31,54.8,400866,349473.3,1.0043,78949376000,58,60,50,60,56,0,HOLD,0.24,3,False,live,STOCK,60,NEUTRAL,NYSE
2026-09-01T07:56:16.654741+09:00,2026-09-01,ITW,Illinois Tool Works Inc.,US,산업재,2026-08-31,275.37,1249182,938539.1,4.7586,78425374720,39,60,50,42,44,0,AVOID,-0.06,-1,True,live,STOCK,45,NEUTRAL,NYSE
2026-09-01T07:56:16.654741+09:00,2026-09-01,MDLZ,"Mondelez International, Inc.",US,소매,2026-08-31,62.07,7196381,7027464.05,1.1382,79220441088,43,60,63,50,51,0,HOLD,0.06,1,False,live,STOCK,48,NEUTRAL,NASDAQ
2026-09-01T07:56:16.654741+09:00,2026-09-01,SU,Suncor Energy Inc.,US,에너지,2026-08-31,66.82,2502145,4388342.25,1.6236,78897397760,65,60,53,63,54,0,HOLD,0.2,2,False,live,STOCK,32,NEUTRAL,NYSE
2026-09-01T07:56:16.654741+09:00,2026-09-01,APO,"Apollo Global Management, Inc.",US,금융,2026-08-31,136.58,2603556,3389932.8,3.7792,80656384000,55,60,63,58,61,0,HOLD,0.45,5,False,live,STOCK,69,NEUTRAL,NYSE
2026-09-01T07:56:16.654741+09:00,2026-09-01,GM,General Motors Company,US,소비재,2026-08-31,86.32,7813744,5144087.2,1.9164,78072258560,44,60,50,74,55,1,HOLD,0.13,2,False,live,STOCK,58,NEUTRAL,NYSE
2026-09-01T07:56:16.654741+09:00,2026-09-01,CMI,Cummins Inc.,US,산업재,2026-08-31,564.4,1260406,940145.3,15.5949,77697835008,10,60,70,58,41,1,AVOID,-0.69,-8,True,live,STOCK,26,NEUTRAL,NYSE
2026-09-01T07:56:16.654741+09:00,2026-09-01,NTES,"NetEase, Inc.",US,IT,2026-08-31,121.78,394128,836341.4,4.2071,77969661952,28,60,58,68,54,1,HOLD,-0.04,0,False,live,STOCK,71,NEUTRAL,NASDAQ
2026-09-01T07:56:16.654741+09:00,2026-09-01,FDX,FedEx Corporation,US,산업재,2026-08-31,327.4,1899642,1474002.1,7.9829,77485899776,58,60,66,68,58,0,HOLD,0.23,3,False,live,STOCK,34,NEUTRAL,NYSE
2026-09-01T07:56:16.654741+09:00,2026-09-01,EOG,"EOG Resources, Inc.",US,에너지,2026-08-31,144.96,3258197,2914044.85,3.1071,76035751936,62,60,60,78,65,1,HOLD,0.53,6,False,live,STOCK,63,NEUTRAL,NYSE
2026-09-01T07:56:16.654741+09:00,2026-09-01,NSC,Norfolk Southern Corporation,US,산업재,2026-08-31,342.79,1173527,1163931.35,6.2111,76993503232,69,60,60,45,58,0,HOLD,0.54,6,False,live,STOCK,54,NEUTRAL,NYSE
2026-09-01T07:56:16.654741+09:00,2026-09-01,NOC,Northrop Grumman Corporation,US,산업재,2026-08-31,539.7,731565,644458.25,12.2864,76671418368,43,60,45,55,49,0,HOLD,-0.06,-1,False,live,STOCK,60,NEUTRAL,NYSE
2026-09-01T07:56:16.654741+09:00,2026-09-01,TRV,"The Travelers Companies, Inc.",US,금융,2026-08-31,365.93,1878269,1586603.45,6.37,76323856384,48,60,53,78,57,1,HOLD,0.33,4,False,live,STOCK,54,NEUTRAL,NYSE
2026-09-01T07:56:16.654741+09:00,2026-09-01,CNI,Canadian National Railway Company,US,산업재,2026-08-31,124.75,925533,1148726.65,1.9243,75461271552,46,60,63,50,56,0,HOLD,0.25,3,False,live,STOCK,67,NEUTRAL,NYSE
2026-09-01T07:56:16.654741+09:00,2026-09-01,DB,Deutsche Bank AG,US,금융,2026-08-31,40.06,1753954,1721947.7,0.5693,75272749056,92,60,63,80,73,2,WATCH,1.06,13,False,live,STOCK,54,NEUTRAL,NYSE
2026-09-01T07:56:16.654741+09:00,2026-09-01,B,Barrick Mining Corporation,US,소재,2026-08-31,44.83,6335824,12453116.2,1.5632,73784999936,80,60,50,78,66,2,WATCH,0.62,7,False,live,STOCK,58,NEUTRAL,NYSE
2026-09-01T07:56:16.654741+09:00,2026-09-01,APOS,"Apollo Global Management, Inc.",US,금융,2026-08-31,25.65,46312,64520.6,0.1821,,72,60,58,50,57,1,HOLD,0.32,4,False,live,STOCK,40,NEUTRAL,NYSE
2026-09-01T07:56:16.654741+09:00,2026-09-01,RACE,Ferrari N.V.,US,소비재,2026-08-31,422.6,318801,412385.05,7.4857,74278215680,69,60,60,37,61,1,HOLD,0.7,8,False,live,STOCK,75,NEUTRAL,NYSE
2026-09-01T07:56:16.654741+09:00,2026-09-01,ET,Energy Transfer LP,US,에너지,2026-08-31,21.51,7043892,9280964.6,0.3321,74065371136,91,60,75,68,76,2,WATCH,1.14,14,False,live,STOCK,61,NEUTRAL,NYSE
2026-09-01T07:56:16.654741+09:00,2026-09-01,ORLY,"O'Reilly Automotive, Inc.",US,소비재,2026-08-31,88.8,6348427,4621731.35,1.8893,71835721728,43,60,58,50,52,0,HOLD,0.08,1,False,live,STOCK,58,NEUTRAL,NASDAQ
2026-09-01T07:56:16.654741+09:00,2026-09-01,ROST,"Ross Stores, Inc.",US,소비재,2026-08-31,228.54,2422106,2770420.3,6.9082,73311305728,35,60,55,42,45,0,HOLD,-0.17,-2,False,live,STOCK,48,NEUTRAL,NASDAQ
2026-09-01T07:56:16.654741+09:00,2026-09-01,TGT,Target Corporation,US,소매,2026-08-31,160.88,3854018,4931935.9,5.4011,73086410752,73,60,53,60,65,2,WATCH,0.76,9,False,live,STOCK,74,NEUTRAL,NYSE
2026-09-01T07:56:16.654741+09:00,2026-09-01,CI,Cigna Corporation,US,제약/바이오,2026-08-31,276.08,1420946,1745807.3,5.2507,72951504896,50,65,60,94,63,1,HOLD,0.32,4,False,live,STOCK,55,NEUTRAL,NYSE
2026-09-01T07:56:16.654741+09:00,2026-09-01,RCL,Royal Caribbean Cruises Ltd.,US,소비재,2026-08-31,268.74,2760222,1524261.1,7.8836,71875067904,20,60,63,60,40,0,AVOID,-0.58,-7,True,live,STOCK,16,NEUTRAL,NYSE
2026-09-01T07:56:16.654741+09:00,2026-09-01,CL,Colgate-Palmolive Company,US,소매,2026-08-31,89.82,5802191,4143859.55,1.6218,71602061312,46,60,53,50,52,0,HOLD,0.1,1,False,live,STOCK,63,NEUTRAL,NYSE
2026-09-01T07:56:16.654741+09:00,2026-09-01,KMI,"Kinder Morgan, Inc.",US,에너지,2026-08-31,32.24,17123712,10583535.6,0.8371,71792107520,72,60,53,45,62,2,WATCH,0.56,7,False,live,STOCK,77,NEUTRAL,NYSE
2026-09-01T07:56:16.654741+09:00,2026-09-01,BSX,Boston Scientific Corporation,US,제약/바이오,2026-08-31,48.3,18864121,19369501.05,1.7775,69997789184,40,65,75,66,60,1,HOLD,0.29,3,False,live,STOCK,63,NEUTRAL,NYSE
2026-09-01T07:56:16.654741+09:00,2026-09-01,WBD,"Warner Bros. Discovery, Inc.",US,인터넷,2026-08-31,28.53,25384434,19731766.7,0.3839,71528611840,70,65,53,38,58,1,HOLD,0.47,6,False,live,STOCK,69,NEUTRAL,NASDAQ
2026-09-01T07:56:16.654741+09:00,2026-09-01,HLT,Hilton Worldwide Holdings Inc.,US,소비재,2026-08-31,316.28,2466636,1888261.8,6.864,71183532032,28,60,60,50,40,0,AVOID,-0.48,-6,True,live,STOCK,20,NEUTRAL,NYSE
2026-09-01T07:56:16.654741+09:00,2026-09-01,LITE,Lumentum Holdings Inc.,US,IT,2026-08-31,914.76,3202640,4950177.0,74.2455,82053971968,87,60,50,50,65,1,HOLD,0.5,6,False,live,STOCK,69,NEUTRAL,NASDAQ
2026-09-01T07:56:16.654741+09:00,2026-09-01,MFC,Manulife Financial Corporation,US,금융,2026-08-31,42.41,1471253,3060582.65,0.6866,70481248256,47,60,58,76,56,1,HOLD,0.25,3,False,live,STOCK,45,NEUTRAL,NYSE
2026-09-01T07:56:16.654741+09:00,2026-09-01,NU,Nu Holdings Ltd.,US,금융,2026-08-31,14.55,95268474,70035983.7,0.7162,70286524416,66,60,45,66,56,0,HOLD,0.41,5,False,live,STOCK,48,NEUTRAL,NYSE
2026-09-01T07:56:16.654741+09:00,2026-09-01,SATA,Strive Inc. Perp. Pfd. Series A,US,금융,2026-08-31,100.01,739814,250010.7,0.3315,,54,60,58,42,59,1,HOLD,0.42,5,False,live,STOCK,84,NEUTRAL,NASDAQ
2026-09-01T07:56:16.654741+09:00,2026-09-01,HPE,Hewlett Packard Enterprise Company,US,IT,2026-08-31,52.24,30250613,15979310.65,2.6432,69176393728,43,60,78,66,59,1,HOLD,0.15,2,False,live,STOCK,48,NEUTRAL,NYSE
2026-09-01T07:56:16.654741+09:00,2026-09-01,AMX,"América Móvil, S.A.B. de C.V.",US,인터넷,2026-08-31,23.04,2501425,3114646.25,0.4075,69019435008,53,65,55,76,53,1,HOLD,-0.09,-1,False,live,STOCK,29,NEUTRAL,NYSE
2026-09-01T07:56:16.654741+09:00,2026-09-01,APD,"Air Products and Chemicals, Inc.",US,소재,2026-08-31,309.46,1447569,927318.45,5.99,68912267264,84,60,60,42,68,2,WATCH,0.94,11,False,live,STOCK,84,NEUTRAL,NYSE
2026-09-01T07:56:16.654741+09:00,2026-09-01,SPG,"Simon Property Group, Inc.",US,리츠,2026-08-31,212.32,2200816,1297165.8,3.0586,80601661440,32,60,72,47,50,1,HOLD,0.01,0,False,live,STOCK,45,NEUTRAL,NYSE
2026-09-01T07:56:16.654741+09:00,2026-09-01,DLR,"Digital Realty Trust, Inc.",US,리츠,2026-08-31,185.59,6409267,2081798.35,5.0896,70090604544,46,60,63,46,54,0,HOLD,0.15,2,False,live,STOCK,63,NEUTRAL,NYSE
2026-09-01T07:56:16.654741+09:00,2026-09-01,WPM,Wheaton Precious Metals Corp.,US,소재,2026-08-31,150.83,2061855,2533637.75,6.2889,68500946944,84,60,60,50,71,2,WATCH,1.04,12,False,live,STOCK,87,NEUTRAL,NYSE
2026-09-01T07:56:16.654741+09:00,2026-09-01,AON,Aon plc,US,금융,2026-08-31,321.52,2422421,837651.05,9.4171,68202569728,43,60,53,60,45,0,HOLD,-0.2,-2,False,live,STOCK,23,NEUTRAL,NYSE
2026-09-01T07:56:16.654741+09:00,2026-09-01,SE,Sea Limited,US,소비재,2026-08-31,113.48,4532500,4845775.0,4.5943,69504745472,40,60,50,50,54,1,HOLD,0.31,4,False,live,STOCK,86,NEUTRAL,NYSE
2026-09-01T07:56:16.654741+09:00,2026-09-01,RSG,"Republic Services, Inc.",US,산업재,2026-08-31,220.92,1967735,1442291.75,3.4925,67648573440,91,60,67,45,63,1,HOLD,0.74,9,False,live,STOCK,32,NEUTRAL,NYSE
2026-09-01T07:56:16.654741+09:00,2026-09-01,HON,Honeywell International Inc.,US,산업재,2026-08-31,213.53,5081400,3029635.0,4.4966,67676196864,20,60,52,65,45,0,HOLD,-0.51,-6,False,live,STOCK,52,NEUTRAL,NASDAQ
2026-09-01T07:56:16.654741+09:00,2026-09-01,AJG,Arthur J. Gallagher & Co.,US,금융,2026-08-31,262.15,1496653,1281432.65,7.51,67199791104,95,60,63,58,74,2,WATCH,1.18,14,False,live,STOCK,77,NEUTRAL,NYSE
2026-09-01T07:56:16.654741+09:00,2026-09-01,AEP,"American Electric Power Company, Inc.",US,유틸리티,2026-08-31,122.43,4144270,3522688.5,1.9804,66650570752,28,60,60,42,44,0,AVOID,-0.31,-4,True,live,STOCK,44,NEUTRAL,NASDAQ
2026-09-01T07:56:16.654741+09:00,2026-09-01,ALL,The Allstate Corporation,US,금융,2026-08-31,257.8,2146464,1737118.2,5.27,65186775040,51,60,53,73,57,1,HOLD,0.35,4,False,live,STOCK,54,NEUTRAL,NYSE
2026-09-01T07:56:16.654741+09:00,2026-09-01,TDG,TransDigm Group Incorporated,US,산업재,2026-08-31,1171.74,496971,442058.55,25.1492,64769712128,28,60,56,53,41,0,AVOID,-0.48,-6,True,live,STOCK,27,NEUTRAL,NYSE
2026-09-01T07:56:16.654741+09:00,2026-09-01,PCAR,PACCAR Inc,US,산업재,2026-08-31,124.13,2563494,2789709.7,2.7464,65337679872,39,60,45,58,42,0,AVOID,-0.21,-3,True,live,STOCK,26,NEUTRAL,NASDAQ
2026-09-01T07:56:16.654741+09:00,2026-09-01,TRP,TC Energy Corporation,US,에너지,2026-08-31,62.53,1171994,2047154.7,1.3964,65141682176,50,60,50,45,45,0,HOLD,-0.24,-3,False,live,STOCK,32,NEUTRAL,NYSE
2026-09-01T07:56:16.654741+09:00,2026-09-01,URI,"United Rentals, Inc.",US,산업재,2026-08-31,1038.0,441899,429994.95,31.0149,64607703040,35,60,70,58,54,1,HOLD,0.12,1,False,live,STOCK,54,NEUTRAL,NYSE
2026-09-01T07:56:16.654741+09:00,2026-09-01,VALE,Vale S.A.,US,소재,2026-08-31,15.09,22399906,25494670.3,0.3803,64219459584,80,60,62,74,65,2,WATCH,0.45,5,False,live,STOCK,39,NEUTRAL,NYSE
2026-09-01T07:56:16.654741+09:00,2026-09-01,ARGX,argenx SE,US,제약/바이오,2026-08-31,1031.66,227987,307679.35,37.4651,64156639232,85,65,55,50,62,1,HOLD,0.73,9,False,live,STOCK,48,NEUTRAL,NASDAQ
2026-09-01T07:56:16.654741+09:00,2026-09-01,RELX,RELX Plc,US,산업재,2026-08-31,36.43,889719,1933335.95,0.8578,63448911872,84,60,55,50,68,2,WATCH,0.89,11,False,live,STOCK,83,NEUTRAL,NYSE
2026-09-01T07:56:16.654741+09:00,2026-09-01,BKR,Baker Hughes Company,US,에너지,2026-08-31,63.55,11210936,6402796.8,1.4986,63084433408,58,60,50,58,58,0,HOLD,0.26,3,False,live,STOCK,69,NEUTRAL,NASDAQ
2026-09-01T07:56:16.654741+09:00,2026-09-01,TRGP,Targa Resources Corp.,US,에너지,2026-08-31,293.65,1727221,1336406.05,9.0422,62967668736,91,60,53,42,60,1,HOLD,0.67,8,False,live,STOCK,40,NEUTRAL,NYSE
2026-09-01T07:56:16.654741+09:00,2026-09-01,CRH,CRH plc,US,소재,2026-08-31,94.29,5380236,4330386.8,2.3926,62729674752,47,60,55,60,54,0,HOLD,-0.07,-1,False,live,STOCK,55,NEUTRAL,NYSE
2026-09-01T07:56:16.654741+09:00,2026-09-01,COR,"Cencora, Inc.",US,제약/바이오,2026-08-31,323.6,1378638,1445676.9,8.1006,61751672832,59,65,68,58,65,1,HOLD,0.73,9,False,live,STOCK,77,NEUTRAL,NYSE
2026-09-01T07:56:16.654741+09:00,2026-09-01,MPWR,"Monolithic Power Systems, Inc.",US,반도체,2026-08-31,1267.77,617935,615241.75,52.9071,62302023680,18,65,50,35,32,0,AVOID,-0.89,-11,True,live,STOCK,23,NEUTRAL,NASDAQ
2026-09-01T07:56:16.654741+09:00,2026-09-01,GWW,"W.W. Grainger, Inc.",US,산업재,2026-08-31,1309.49,425988,251914.4,22.9446,61678215168,65,60,60,50,56,0,HOLD,0.3,4,False,live,STOCK,41,NEUTRAL,NYSE
2026-09-01T07:56:16.654741+09:00,2026-09-01,TFC,Truist Financial Corporation,US,금융,2026-08-31,49.58,8263264,5844153.2,0.8613,60568231936,43,60,66,70,58,1,HOLD,0.24,3,False,live,STOCK,57,NEUTRAL,NYSE
2026-09-01T07:56:16.654741+09:00,2026-09-01,MET,"MetLife, Inc.",US,금융,2026-08-31,95.17,2903011,3124375.55,1.5618,60478337024,47,60,73,58,60,1,HOLD,0.5,6,False,live,STOCK,60,NEUTRAL,NYSE
2026-09-01T07:56:16.654741+09:00,2026-09-01,LNG,"Cheniere Energy, Inc.",US,에너지,2026-08-31,291.69,2078387,1558764.35,6.8407,60243951616,82,60,66,45,71,2,WATCH,1.08,13,False,live,STOCK,90,NEUTRAL,NYSE
2026-09-01T07:56:16.654741+09:00,2026-09-01,BE,Bloom Energy Corporation,US,산업재,2026-08-31,206.3,9863454,12331602.7,17.4064,60760993792,40,60,55,43,41,0,AVOID,-0.52,-6,True,live,STOCK,20,NEUTRAL,NYSE
2026-09-01T07:56:16.654741+09:00,2026-09-01,OKE,"ONEOK, Inc.",US,에너지,2026-08-31,96.01,5214635,3647751.75,2.2564,60521791488,91,60,55,60,67,1,HOLD,0.86,10,False,live,STOCK,55,NEUTRAL,NYSE
2026-09-01T07:56:16.654741+09:00,2026-09-01,MPLX,MPLX Lp,US,에너지,2026-08-31,59.17,1405599,1289614.95,0.8636,59989991424,62,60,55,55,53,0,HOLD,0.24,3,False,live,STOCK,34,NEUTRAL,NYSE
2026-09-01T07:56:16.654741+09:00,2026-09-01,OXY,Occidental Petroleum Corporation,US,에너지,2026-08-31,60.18,8848804,7941165.2,1.3243,60158177280,65,60,65,76,68,1,HOLD,0.62,7,False,live,STOCK,69,NEUTRAL,NYSE
2026-09-01T07:56:16.654741+09:00,2026-09-01,TEL,TE Connectivity plc,US,반도체,2026-08-31,205.25,1829829,1900251.45,5.5315,59422588928,40,65,63,66,51,0,HOLD,-0.11,-1,False,live,STOCK,34,NEUTRAL,NYSE
2026-09-01T07:56:16.654741+09:00,2026-09-01,CVE,Cenovus Energy Inc.,US,에너지,2026-08-31,32.15,5029553,6781307.65,0.97,59292479488,69,60,53,68,57,0,HOLD,0.37,4,False,live,STOCK,32,NEUTRAL,NYSE
2026-09-01T07:56:16.654741+09:00,2026-09-01,AFL,Aflac Incorporated,US,금융,2026-08-31,115.85,3848697,2138719.85,1.8264,58080620544,25,60,50,68,41,0,AVOID,-0.43,-5,True,live,STOCK,25,NEUTRAL,NYSE
2026-09-01T07:56:16.654741+09:00,2026-09-01,D,"Dominion Energy, Inc.",US,유틸리티,2026-08-31,66.01,6657239,3660091.95,0.9749,58057510912,20,60,60,50,42,0,AVOID,-0.41,-5,True,live,STOCK,38,NEUTRAL,NYSE
2026-09-01T07:56:16.654741+09:00,2026-09-01,NKE,"NIKE, Inc.",US,소비재,2026-08-31,39.06,22996681,27575934.05,1.1111,57945464832,28,60,50,50,39,0,AVOID,-0.61,-7,True,live,STOCK,27,NEUTRAL,NYSE
2026-09-01T07:56:16.654741+09:00,2026-09-01,PSA,Public Storage,US,리츠,2026-08-31,306.99,1445530,740006.5,5.3029,57329074176,35,60,63,37,49,0,HOLD,0.02,0,False,live,STOCK,63,NEUTRAL,NYSE
2026-09-01T07:56:16.654741+09:00,2026-09-01,TAK,Takeda Pharmaceutical Company Limited,US,제약/바이오,2026-08-31,17.98,1779461,2866033.05,0.2475,57419182080,69,65,45,66,61,0,HOLD,0.6,7,False,live,STOCK,69,NEUTRAL,NYSE
2026-09-01T07:56:16.654741+09:00,2026-09-01,O,Realty Income Corporation,US,리츠,2026-08-31,61.28,6707922,5401271.1,0.7139,57984241664,31,60,63,42,42,0,AVOID,-0.28,-3,True,live,STOCK,26,NEUTRAL,NYSE
2026-09-01T07:56:16.654741+09:00,2026-09-01,NUE,Nucor Corporation,US,소재,2026-08-31,249.64,1329966,1490883.3,9.2489,56637243392,32,60,60,53,49,0,HOLD,-0.15,-2,False,live,STOCK,54,NEUTRAL,NYSE
2026-09-01T07:56:16.654741+09:00,2026-09-01,AU,AngloGold Ashanti plc,US,소재,2026-08-31,112.32,1974470,2931428.5,5.0286,56808001536,88,60,63,84,79,3,BUY,1.23,15,False,live,STOCK,84,NEUTRAL,NYSE
2026-09-01T07:56:16.654741+09:00,2026-09-01,MT,ArcelorMittal S.A.,US,소재,2026-08-31,74.6,1171079,1388673.95,2.0671,56251510784,58,60,60,58,61,0,HOLD,0.44,5,False,live,STOCK,69,NEUTRAL,NYSE
2026-09-01T07:56:16.654741+09:00,2026-09-01,NXPI,NXP Semiconductors N.V.,US,반도체,2026-08-31,224.64,2926609,3274750.45,5.6,56646160384,37,65,73,74,53,2,HOLD,-0.24,-3,False,live,STOCK,24,NEUTRAL,NASDAQ
2026-09-01T07:56:16.654741+09:00,2026-09-01,CTVA,"Corteva, Inc.",US,소재,2026-08-31,84.63,5726598,4546039.9,2.0043,56464797696,58,60,58,50,60,1,HOLD,0.49,6,False,live,STOCK,75,NEUTRAL,NYSE
2026-09-01T07:56:16.654741+09:00,2026-09-01,FAST,Fastenal Company,US,산업재,2026-08-31,49.31,7196747,6712507.35,0.9739,56583106560,39,60,53,29,47,0,HOLD,0.08,1,False,live,STOCK,69,NEUTRAL,NASDAQ
2026-09-01T07:56:16.654741+09:00,2026-09-01,FANG,"Diamondback Energy, Inc.",US,에너지,2026-08-31,200.48,3618606,1858275.3,5.2506,56138362880,58,60,50,61,53,0,HOLD,0.08,1,False,live,STOCK,40,NEUTRAL,NASDAQ
2026-09-01T07:56:16.654741+09:00,2026-09-01,MRNA,"Moderna, Inc.",US,제약/바이오,2026-08-31,140.34,18498650,31014047.5,20.3581,56028766208,95,65,50,50,72,2,WATCH,1.13,14,False,live,STOCK,93,NEUTRAL,NASDAQ
2026-09-01T07:56:16.654741+09:00,2026-09-01,F,Ford Motor Company,US,소비재,2026-08-31,13.94,40884470,40496728.5,0.3795,55587082240,43,60,68,57,58,0,HOLD,0.05,1,False,live,STOCK,65,NEUTRAL,NYSE
2026-09-01T07:56:16.654741+09:00,2026-09-01,KEYS,"Keysight Technologies, Inc.",US,IT,2026-08-31,322.7,1493571,1483563.55,12.5599,54955810816,40,60,53,50,44,0,AVOID,-0.32,-4,True,live,STOCK,33,NEUTRAL,NYSE
2026-09-01T07:56:16.654741+09:00,2026-09-01,NDAQ,"Nasdaq, Inc.",US,금융,2026-08-31,98.61,3588310,2619840.5,1.8207,55120756736,59,60,45,58,55,0,HOLD,0.35,4,False,live,STOCK,61,NEUTRAL,NASDAQ
2026-09-01T07:56:16.654741+09:00,2026-09-01,CAH,"Cardinal Health, Inc.",US,제약/바이오,2026-08-31,234.62,1660481,1847969.05,4.9929,54566916096,51,65,53,66,57,0,HOLD,0.38,5,False,live,STOCK,61,NEUTRAL,NYSE
2026-09-01T07:56:16.654741+09:00,2026-09-01,GRMN,Garmin Ltd.,US,IT,2026-08-31,284.11,1320805,862040.25,6.4739,54791331840,39,60,53,45,46,0,HOLD,0.05,1,False,live,STOCK,48,NEUTRAL,NYSE
2026-09-01T07:56:16.654741+09:00,2026-09-01,NOK,Nokia Oyj,US,IT,2026-08-31,10.14,44394733,69374271.65,0.4678,56770260992,62,60,55,43,51,0,HOLD,-0.1,-1,False,live,STOCK,36,NEUTRAL,NYSE
2026-09-01T07:56:16.654741+09:00,2026-09-01,TER,"Teradyne, Inc.",US,반도체,2026-08-31,349.83,1860242,2594372.1,22.4561,54692683776,46,65,45,50,45,0,HOLD,-0.34,-4,False,live,STOCK,38,NEUTRAL,NASDAQ
2026-09-01T07:56:16.654741+09:00,2026-09-01,ADSK,"Autodesk, Inc.",US,IT,2026-08-31,258.53,1822714,1882620.7,10.2246,54587379712,55,60,75,58,69,2,WATCH,0.76,9,False,live,STOCK,90,NEUTRAL,NASDAQ
2026-09-01T07:56:16.654741+09:00,2026-09-01,FIX,"Comfort Systems USA, Inc.",US,산업재,2026-08-31,1545.62,508643,396172.15,85.5511,54397059072,21,60,50,58,38,0,AVOID,-0.75,-9,True,live,STOCK,26,NEUTRAL,NYSE
2026-09-01T07:56:16.654741+09:00,2026-09-01,COHR,"Coherent, Inc.",US,IT,2026-08-31,277.83,4988153,7578397.65,24.1464,54408069120,18,60,55,43,42,0,AVOID,-0.58,-7,True,live,STOCK,55,NEUTRAL,NYSE
2026-09-01T07:56:16.654741+09:00,2026-09-01,CIEN,Ciena Corporation,US,IT,2026-08-31,382.8,1825830,1928866.5,27.8371,54186459136,18,60,50,43,35,0,AVOID,-0.81,-10,True,live,STOCK,30,NEUTRAL,NYSE
2026-09-01T07:56:16.654741+09:00,2026-09-01,AME,"AMETEK, Inc.",US,산업재,2026-08-31,235.17,2106598,1379759.9,4.9929,53915365376,35,60,63,53,50,0,HOLD,-0.01,0,False,live,STOCK,51,NEUTRAL,NYSE
2026-09-01T07:56:16.654741+09:00,2026-09-01,SRE,Sempra,US,유틸리티,2026-08-31,81.7,9466639,4419336.95,2.1807,53423656960,28,60,58,58,44,0,AVOID,-0.42,-5,True,live,STOCK,33,NEUTRAL,NYSE
2026-09-01T07:56:16.654741+09:00,2026-09-01,DVN,Devon Energy Corporation,US,에너지,2026-08-31,48.51,12576049,10531662.45,1.2543,53360996352,91,60,84,70,74,3,BUY,1.01,12,False,live,STOCK,40,NEUTRAL,NYSE
2026-09-01T07:56:16.654741+09:00,2026-09-01,STT,State Street Corporation,US,금융,2026-08-31,191.38,1832368,1364733.4,3.8287,52572422144,73,60,63,76,68,2,WATCH,0.81,10,False,live,STOCK,58,NEUTRAL,NYSE
2026-09-01T07:56:16.654741+09:00,2026-09-01,EW,Edwards Lifesciences Corporation,US,제약/바이오,2026-08-31,90.75,4015609,2977550.45,1.6761,52308299776,40,65,53,50,47,0,HOLD,-0.1,-1,False,live,STOCK,45,NEUTRAL,NYSE
2026-09-01T07:56:16.654741+09:00,2026-09-01,BDX,"Becton, Dickinson and Company",US,제약/바이오,2026-08-31,188.11,2629597,1848819.85,3.9664,51238682624,73,65,50,66,68,2,WATCH,0.86,10,False,live,STOCK,90,NEUTRAL,NYSE
2026-09-01T07:56:16.654741+09:00,2026-09-01,WDAY,"Workday, Inc.",US,IT,2026-08-31,197.45,4617408,5000770.4,11.8143,47585447936,66,60,45,66,61,1,HOLD,0.58,7,False,live,STOCK,72,NEUTRAL,NASDAQ
2026-09-01T07:56:16.654741+09:00,2026-09-01,DAL,"Delta Air Lines, Inc.",US,산업재,2026-08-31,78.0,6099352,4604992.6,2.3336,51294597120,20,60,60,84,50,1,HOLD,-0.26,-3,False,live,STOCK,45,NEUTRAL,NYSE
2026-09-01T07:56:16.654741+09:00,2026-09-01,DEO,Diageo plc,US,소매,2026-08-31,91.85,507265,1287963.25,1.7864,51059412992,47,60,58,66,61,1,HOLD,0.51,6,False,live,STOCK,80,NEUTRAL,NYSE
2026-09-01T07:56:16.654741+09:00,2026-09-01,TEAM,Atlassian Corporation,US,IT,2026-08-31,194.17,5062455,5636252.75,9.0287,49151963136,80,60,60,42,69,2,WATCH,1.0,12,False,live,STOCK,93,NEUTRAL,NASDAQ
2026-09-01T07:56:16.654741+09:00,2026-09-01,ALAB,"Astera Labs, Inc. Common Stock",US,반도체,2026-08-31,296.98,2314986,3998834.3,19.4536,51521609728,40,65,65,35,44,0,AVOID,-0.38,-5,True,live,STOCK,30,NEUTRAL,NASDAQ
2026-09-01T07:56:16.654741+09:00,2026-09-01,FNV,Franco-Nevada Corporation,US,소재,2026-08-31,263.15,575557,863172.85,8.4389,50754740224,84,60,55,50,70,2,WATCH,0.97,12,False,live,STOCK,90,NEUTRAL,NYSE
2026-09-01T07:56:16.654741+09:00,2026-09-01,AMP,"Ameriprise Financial, Inc.",US,금융,2026-08-31,553.11,481077,383538.85,10.0221,48857985024,51,60,53,68,56,0,HOLD,0.36,4,False,live,STOCK,58,NEUTRAL,NYSE
2026-09-01T07:56:16.654741+09:00,2026-09-01,COIN,"Coinbase Global, Inc.",US,금융,2026-08-31,188.12,10534047,9574732.35,11.2505,49633001472,84,60,53,38,64,2,WATCH,0.76,9,False,live,STOCK,77,NEUTRAL,NASDAQ
2026-09-01T07:56:16.654741+09:00,2026-09-01,ETR,Entergy Corporation,US,유틸리티,2026-08-31,106.31,2903850,1985192.5,1.9249,49607593984,50,60,60,50,56,0,HOLD,0.2,2,False,live,STOCK,65,NEUTRAL,NYSE
2026-09-01T07:56:16.654741+09:00,2026-09-01,ELC,"Entergy Louisiana, LLC COLLATERAL TR MT",US,유틸리티,2026-08-31,19.68,39344,20132.2,0.1741,,53,60,55,50,50,0,HOLD,-0.0,0,False,live,STOCK,40,NEUTRAL,NYSE
2026-09-01T07:56:16.654741+09:00,2026-09-01,UMC,United Microelectronics Corporation,US,반도체,2026-08-31,19.88,8834264,11418338.2,0.8129,49857220608,72,65,55,66,56,1,HOLD,0.1,1,False,live,STOCK,23,NEUTRAL,NYSE
2026-09-01T07:56:16.654741+09:00,2026-09-01,LHX,"L3Harris Technologies, Inc.",US,산업재,2026-08-31,266.25,2583251,1567337.55,6.0282,49579642880,17,60,63,58,47,0,HOLD,-0.44,-5,False,live,STOCK,55,NEUTRAL,NYSE
2026-09-01T07:56:16.654741+09:00,2026-09-01,NBIS,Nebius Group N.V.,US,IT,2026-08-31,206.32,10491543,23825627.15,21.3071,56089174016,33,60,65,58,50,0,HOLD,-0.29,-3,False,live,STOCK,44,NEUTRAL,NASDAQ
2026-09-01T07:56:16.654741+09:00,2026-09-01,INFY,Infosys Limited,US,IT,2026-08-31,12.06,14547831,16133896.55,0.3561,48846610432,43,60,60,60,58,1,HOLD,0.15,2,False,live,STOCK,77,NEUTRAL,NYSE
2026-09-01T07:56:16.654741+09:00,2026-09-01,AZO,"AutoZone, Inc.",US,소비재,2026-08-31,2991.24,376521,231171.05,74.035,,28,60,60,50,51,1,HOLD,-0.06,-1,False,live,STOCK,73,NEUTRAL,NYSE
2026-09-01T07:56:16.654741+09:00,2026-09-01,XYZ,"Block, Inc.",US,IT,2026-08-31,82.02,6047500,4887465.0,2.6884,49277206528,91,60,63,43,66,1,HOLD,0.86,10,False,live,STOCK,55,NEUTRAL,NYSE
2026-09-01T07:56:16.654741+09:00,2026-09-01,CMG,"Chipotle Mexican Grill, Inc.",US,소비재,2026-08-31,38.03,16798041,18221292.05,1.1711,48123842560,73,60,63,50,63,1,HOLD,0.74,9,False,live,STOCK,61,NEUTRAL,NYSE
2026-09-01T07:56:16.654741+09:00,2026-09-01,FITB,Fifth Third Bancorp,US,금융,2026-08-31,53.77,5223743,5041397.15,0.9825,48763613184,24,60,45,58,43,0,AVOID,-0.26,-3,True,live,STOCK,54,NEUTRAL,NYSE
2026-09-01T07:56:16.654741+09:00,2026-09-01,WAB,Westinghouse Air Brake Technologies Corp,US,산업재,2026-08-31,285.93,1026577,882303.85,5.9728,48296677376,47,60,45,58,50,0,HOLD,0.07,1,False,live,STOCK,54,NEUTRAL,NYSE
2026-09-01T07:56:16.654741+09:00,2026-09-01,CARR,Carrier Global Corporation,US,산업재,2026-08-31,58.22,5346906,5273790.3,1.3921,47992205312,20,60,73,50,43,1,AVOID,-0.51,-6,True,live,STOCK,26,NEUTRAL,NYSE
2026-09-01T07:56:16.654741+09:00,2026-09-01,CCEP,Coca-Cola Europacific Partners PLC,US,소매,2026-08-31,108.02,1520931,1681176.55,1.7675,47677714432,69,60,60,45,64,1,HOLD,0.79,9,False,live,STOCK,84,NEUTRAL,NASDAQ
2026-09-01T07:56:16.654741+09:00,2026-09-01,XEL,Xcel Energy Inc.,US,유틸리티,2026-08-31,75.69,6697730,4708741.5,1.2607,47278571520,28,60,58,42,44,0,AVOID,-0.29,-3,True,live,STOCK,49,NEUTRAL,NASDAQ
2026-09-01T07:56:16.654741+09:00,2026-09-01,ROK,"Rockwell Automation, Inc.",US,산업재,2026-08-31,424.43,1037394,807169.7,8.6265,47228002304,28,60,60,50,42,0,AVOID,-0.48,-6,True,live,STOCK,26,NEUTRAL,NYSE
2026-09-01T07:56:16.654741+09:00,2026-09-01,ARES,Ares Management Corporation,US,금융,2026-08-31,143.17,1873319,2059045.95,4.2468,47224139776,55,60,60,35,56,1,HOLD,0.44,5,False,live,STOCK,71,NEUTRAL,NYSE
2026-09-01T07:56:16.654741+09:00,2026-09-01,TRI,Thomson Reuters Corporation,US,산업재,2026-08-31,107.32,932631,1987551.55,4.037,46493663232,59,60,50,58,59,1,HOLD,0.53,6,False,live,STOCK,75,NEUTRAL,NASDAQ
2026-09-01T07:56:16.654741+09:00,2026-09-01,VEEV,Veeva Systems Inc.,US,IT,2026-08-31,285.69,2835925,2063966.25,12.0629,46255738880,82,60,60,50,71,2,WATCH,1.05,13,False,live,STOCK,93,NEUTRAL,NYSE
2026-09-01T07:56:16.654741+09:00,2026-09-01,VST,Vistra Corp.,US,유틸리티,2026-08-31,137.37,4110684,4585089.2,4.3239,46106206208,25,60,66,58,44,0,AVOID,-0.49,-6,True,live,STOCK,26,NEUTRAL,NYSE
2026-09-01T07:56:16.654741+09:00,2026-09-01,CRWV,"CoreWeave, Inc. Class A Common Stock",US,IT,2026-08-31,84.89,13122161,28167803.05,7.2686,46819938304,33,60,60,42,40,0,AVOID,-0.57,-7,True,live,STOCK,20,NEUTRAL,NASDAQ
2026-09-01T07:56:16.654741+09:00,2026-09-01,HEI,HEICO Corporation,US,산업재,2026-08-31,331.15,636214,498950.7,10.3557,46280663040,35,60,60,34,44,0,AVOID,-0.22,-3,True,live,STOCK,42,NEUTRAL,NYSE
2026-09-01T07:56:16.654741+09:00,2026-09-01,NTRA,"Natera, Inc.",US,제약/바이오,2026-08-31,321.96,1325418,1479875.9,10.6556,46408658944,73,65,63,50,68,2,WATCH,0.92,11,False,live,STOCK,87,NEUTRAL,NASDAQ
2026-09-01T07:56:16.654741+09:00,2026-09-01,HUM,Humana Inc.,US,제약/바이오,2026-08-31,383.23,1016693,1077974.65,11.6593,46018375680,76,65,70,58,69,2,WATCH,0.93,11,False,live,STOCK,69,NEUTRAL,NYSE
2026-09-01T07:56:16.654741+09:00,2026-09-01,EBAY,eBay Inc.,US,소비재,2026-08-31,103.56,7523701,4665505.05,2.8407,46084198400,50,60,53,50,53,0,HOLD,0.05,1,False,live,STOCK,62,NEUTRAL,NASDAQ
2026-09-01T07:56:16.654741+09:00,2026-09-01,AXON,"Axon Enterprise, Inc.",US,산업재,2026-08-31,566.56,1090151,910162.55,29.4835,46025871360,47,60,60,35,56,1,HOLD,0.44,5,False,live,STOCK,83,NEUTRAL,NASDAQ
2026-09-01T07:56:16.654741+09:00,2026-09-01,PAYX,"Paychex, Inc.",US,산업재,2026-08-31,127.34,2470350,2220342.5,3.0246,45292654592,70,60,50,50,64,2,WATCH,0.76,9,False,live,STOCK,90,NEUTRAL,NASDAQ
2026-09-01T07:56:16.654741+09:00,2026-09-01,PYPL,"PayPal Holdings, Inc.",US,금융,2026-08-31,52.665,19831267,11682403.35,2.0189,45052846080,47,60,50,78,61,2,WATCH,0.49,6,False,live,STOCK,83,NEUTRAL,NASDAQ
2026-09-01T07:56:16.654741+09:00,2026-09-01,EXC,Exelon Corporation,US,유틸리티,2026-08-31,43.72,9476437,5973211.85,0.7629,45042704384,28,60,60,52,46,0,HOLD,-0.25,-3,False,live,STOCK,46,NEUTRAL,NASDAQ
2026-09-01T07:56:16.654741+09:00,2026-09-01,STM,STMicroelectronics N.V.,US,반도체,2026-08-31,50.14,6266161,7649118.05,1.8314,44727738368,37,65,70,58,47,1,HOLD,-0.38,-5,False,live,STOCK,17,NEUTRAL,NYSE
2026-09-01T07:56:16.654741+09:00,2026-09-01,ABEV,Ambev S.A.,US,소매,2026-08-31,2.87,48483779,34717753.95,0.0639,44255391744,50,60,58,68,53,0,HOLD,-0.12,-1,False,live,STOCK,33,NEUTRAL,NYSE
2026-09-01T07:56:16.654741+09:00,2026-09-01,VTR,"Ventas, Inc.",US,리츠,2026-08-31,91.17,4254050,2912252.5,1.7118,46765318144,29,60,65,43,55,1,HOLD,0.31,4,False,live,STOCK,90,NEUTRAL,NYSE
2026-09-01T07:56:16.654741+09:00,2026-09-01,HLN,Haleon plc,US,제약/바이오,2026-08-31,10.03,8404563,7431443.15,0.1508,44108099584,91,65,55,58,72,2,WATCH,1.09,13,False,live,STOCK,84,NEUTRAL,NYSE
2026-09-01T07:56:16.654741+09:00,2026-09-01,WDS,Woodside Energy Group Ltd,US,에너지,2026-08-31,23.28,651455,489747.75,0.4614,,58,60,55,60,56,0,HOLD,0.23,3,False,live,STOCK,48,NEUTRAL,NYSE
2026-09-01T07:56:16.654741+09:00,2026-09-01,MSTR,Strategy Inc,US,IT,2026-08-31,132.94,23840659,25682672.95,8.3985,52814626816,67,60,53,62,66,1,HOLD,0.54,6,False,live,STOCK,87,NEUTRAL,NASDAQ
2026-09-01T07:56:16.654741+09:00,2026-09-01,IDXX,"IDEXX Laboratories, Inc.",US,제약/바이오,2026-08-31,556.69,673613,581855.65,15.2722,43856662528,40,65,60,37,48,0,HOLD,-0.04,0,False,live,STOCK,54,NEUTRAL,NASDAQ
2026-09-01T07:56:16.654741+09:00,2026-09-01,KB,KB Financial Group Inc.,US,금융,2026-08-31,124.79,184761,177818.05,2.5143,43814531072,88,60,55,78,67,2,WATCH,0.83,10,False,live,STOCK,42,NEUTRAL,NYSE
2026-09-01T07:56:16.654741+09:00,2026-09-01,RVMD,"Revolution Medicines, Inc.",US,제약/바이오,2026-08-31,205.57,2259509,1845960.45,8.6626,44061138944,51,65,63,42,61,1,HOLD,0.6,7,False,live,STOCK,90,NEUTRAL,NASDAQ
2026-09-01T07:56:16.654741+09:00,2026-09-01,FERG,Ferguson plc,US,산업재,2026-08-31,224.51,1599460,3922028.0,6.1135,43432067072,35,60,63,50,55,1,HOLD,0.11,1,False,live,STOCK,78,NEUTRAL,NYSE
2026-09-01T07:56:16.654741+09:00,2026-09-01,SLF,Sun Life Financial Inc.,US,금융,2026-08-31,78.38,534392,1176714.6,1.0515,43635286016,44,60,55,50,53,0,HOLD,0.2,2,False,live,STOCK,66,NEUTRAL,NYSE
2026-09-01T07:56:16.654741+09:00,2026-09-01,A,"Agilent Technologies, Inc.",US,제약/바이오,2026-08-31,153.56,2765675,2087093.75,4.3346,43298672640,69,65,60,58,67,1,HOLD,0.82,10,False,live,STOCK,84,NEUTRAL,NYSE
2026-09-01T07:56:16.654741+09:00,2026-09-01,KDP,Keurig Dr Pepper Inc.,US,소매,2026-08-31,31.86,11457342,11288267.1,0.8289,43355918336,76,60,65,66,72,2,WATCH,0.89,11,False,live,STOCK,84,NEUTRAL,NASDAQ
2026-09-01T07:56:16.654741+09:00,2026-09-01,IX,ORIX Corporation,US,금융,2026-08-31,38.97,164183,313529.15,0.725,42329059328,43,60,55,70,48,1,HOLD,-0.17,-2,False,live,STOCK,22,NEUTRAL,NYSE
2026-09-01T07:56:16.654741+09:00,2026-09-01,BSBR,Banco Santander (Brasil) S.A.,US,금융,2026-08-31,5.75,3177905,4414565.25,0.1221,43053281280,55,60,48,86,58,1,HOLD,0.26,3,False,live,STOCK,48,NEUTRAL,NYSE
2026-09-01T07:56:16.654741+09:00,2026-09-01,CCJ,Cameco Corporation,US,에너지,2026-08-31,98.76,3031817,2832465.85,4.0143,43013238784,55,60,60,35,48,0,HOLD,-0.2,-2,False,live,STOCK,33,NEUTRAL,NYSE
2026-09-01T07:56:16.654741+09:00,2026-09-01,IQV,IQVIA Holdings Inc.,US,제약/바이오,2026-08-31,261.19,1303877,1234613.85,7.2607,42991874048,85,65,50,66,72,2,WATCH,1.03,12,False,live,STOCK,90,NEUTRAL,NYSE
2026-09-01T07:56:16.654741+09:00,2026-09-01,ROP,"Roper Technologies, Inc.",US,IT,2026-08-31,424.64,706791,695834.55,10.0693,41997266944,82,60,60,68,74,2,WATCH,1.1,13,False,live,STOCK,90,NEUTRAL,NASDAQ
2026-09-01T07:56:16.654741+09:00,2026-09-01,FER,Ferrovial SE,US,산업재,2026-08-31,58.55,1169018,1220945.9,1.15,42200039424,20,60,55,38,40,0,AVOID,-0.57,-7,True,live,STOCK,49,NEUTRAL,NASDAQ
2026-09-01T07:56:16.654741+09:00,2026-09-01,YUM,"Yum! Brands, Inc.",US,소비재,2026-08-31,153.31,1949493,2460559.65,3.9143,41838465024,72,60,53,50,56,1,HOLD,0.34,4,False,live,STOCK,41,NEUTRAL,NYSE
2026-09-01T07:56:16.654741+09:00,2026-09-01,CBRE,"CBRE Group, Inc.",US,리츠,2026-08-31,145.81,2281127,1357791.35,4.1579,42222972928,50,60,63,66,57,0,HOLD,0.39,5,False,live,STOCK,51,NEUTRAL,NYSE
2026-09-01T07:56:16.654741+09:00,2026-09-01,CRDO,Credo Technology Group Holding Ltd,US,반도체,2026-08-31,226.19,4242265,4222258.25,18.5853,42508943360,43,65,68,35,47,0,HOLD,-0.1,-1,False,live,STOCK,32,NEUTRAL,NASDAQ
2026-09-01T07:56:16.654741+09:00,2026-09-01,TEVA,Teva Pharmaceutical Industries Limited,US,제약/바이오,2026-08-31,36.05,5778578,5061283.9,0.9236,42008924160,47,65,50,51,55,1,HOLD,0.27,3,False,live,STOCK,77,NEUTRAL,NYSE
2026-09-01T07:56:16.654741+09:00,2026-09-01,LYV,"Live Nation Entertainment, Inc.",US,인터넷,2026-08-31,179.89,1779994,1724514.7,3.9875,41907085312,50,65,60,22,50,0,HOLD,0.18,2,False,live,STOCK,61,NEUTRAL,NYSE
2026-09-01T07:56:16.654741+09:00,2026-09-01,CBRS,Cerebras Systems Inc.,US,반도체,2026-08-31,184.24,4506476,7737073.8,19.3186,43768803328,33,65,68,35,47,0,HOLD,-0.31,-4,False,live,STOCK,49,NEUTRAL,NASDAQ
2026-09-01T07:56:16.654741+09:00,2026-09-01,WCN,"Waste Connections, Inc.",US,산업재,2026-08-31,165.32,1046592,1048429.6,2.575,41589428224,32,60,53,58,43,0,AVOID,-0.19,-2,True,live,STOCK,29,NEUTRAL,NYSE
2026-09-01T07:56:16.654741+09:00,2026-09-01,ODFL,"Old Dominion Freight Line, Inc.",US,산업재,2026-08-31,199.96,1655680,1450134.0,5.4193,41585340416,28,60,60,50,42,0,AVOID,-0.53,-6,True,live,STOCK,27,NEUTRAL,NASDAQ
2026-09-01T07:56:16.654741+09:00,2026-09-01,GFI,Gold Fields Limited,US,소재,2026-08-31,46.37,4642858,4042617.9,1.8793,41310871552,88,60,60,65,72,2,WATCH,1.04,12,False,live,STOCK,72,NEUTRAL,NYSE
2026-09-01T07:56:16.654741+09:00,2026-09-01,MSCI,MSCI Inc.,US,금융,2026-08-31,570.64,426980,602054.0,11.8786,41485529088,72,60,63,50,58,1,HOLD,0.25,3,False,live,STOCK,39,NEUTRAL,NYSE
2026-09-01T07:56:16.654741+09:00,2026-09-01,HMC,"Honda Motor Co., Ltd.",US,소비재,2026-08-31,31.96,742791,1011054.55,0.5721,41473601536,66,60,58,63,62,0,HOLD,0.64,8,False,live,STOCK,63,NEUTRAL,NYSE
2026-09-01T07:56:16.654741+09:00,2026-09-01,TTWO,"Take-Two Interactive Software, Inc.",US,IT,2026-08-31,219.7,6785487,2725829.35,8.8908,41079603200,20,60,53,37,33,0,AVOID,-0.67,-8,True,live,STOCK,19,NEUTRAL,NASDAQ
2026-09-01T07:56:16.654741+09:00,2026-09-01,FMX,"Fomento Económico Mexicano, S.A.B. de C.",US,소매,2026-08-31,120.41,399425,418341.25,2.3582,41021456384,72,60,60,53,64,1,HOLD,0.57,7,False,live,STOCK,68,NEUTRAL,NYSE
2026-09-01T07:56:16.654741+09:00,2026-09-01,PRU,"Prudential Financial, Inc.",US,금융,2026-08-31,117.6,2442174,1800998.7,2.02,40571998208,47,60,63,94,65,1,HOLD,0.57,7,False,live,STOCK,67,NEUTRAL,NYSE
2026-09-01T07:56:16.654741+09:00,2026-09-01,AIG,"American International Group, Inc.",US,금융,2026-08-31,76.36,3645488,2957494.4,1.1964,39928123392,50,60,55,94,62,1,HOLD,0.34,4,False,live,STOCK,61,NEUTRAL,NYSE
2026-09-01T07:56:16.654741+09:00,2026-09-01,DHI,"D.R. Horton, Inc.",US,소비재,2026-08-31,144.56,2585360,1898383.0,3.9386,40433614848,31,60,73,68,51,1,HOLD,-0.11,-1,False,live,STOCK,33,NEUTRAL,NYSE
2026-09-01T07:56:16.654741+09:00,2026-09-01,FLEX,Flex Ltd.,US,IT,2026-08-31,109.25,2828614,2967710.7,5.3293,40357273600,18,60,71,58,48,1,HOLD,-0.43,-5,False,live,STOCK,46,NEUTRAL,NASDAQ
2026-09-01T07:56:16.654741+09:00,2026-09-01,PFH,"Prudential Financial, Inc. 4.125% Junior",US,금융,2026-08-31,15.3,40230,32776.5,0.2463,,50,60,58,50,50,0,HOLD,-0.05,-1,False,live,STOCK,40,NEUTRAL,NYSE
2026-09-01T07:56:16.654741+09:00,2026-09-01,MCHP,Microchip Technology Incorporated,US,반도체,2026-08-31,73.45,7045862,9640558.1,2.5103,39883988992,15,65,73,51,41,1,AVOID,-0.63,-8,True,live,STOCK,24,NEUTRAL,NASDAQ
2026-09-01T07:56:16.654741+09:00,2026-09-01,JD,"JD.com, Inc.",US,소비재,2026-08-31,28.24,7307087,8412829.35,0.7071,38138118144,32,60,63,74,59,2,HOLD,0.08,1,False,live,STOCK,78,NEUTRAL,NASDAQ
2026-09-01T07:56:16.654741+09:00,2026-09-01,ED,"Consolidated Edison, Inc.",US,유틸리티,2026-08-31,107.02,3498325,2267191.25,1.5736,39579058176,50,60,65,52,64,1,HOLD,0.55,7,False,live,STOCK,97,NEUTRAL,NYSE
2026-09-01T07:56:16.654741+09:00,2026-09-01,ADM,Archer-Daniels-Midland Company,US,소매,2026-08-31,81.29,5425665,3833003.25,2.4991,39178493952,65,60,63,58,58,0,HOLD,0.29,3,False,live,STOCK,40,NEUTRAL,NYSE
2026-09-01T07:56:16.654741+09:00,2026-09-01,SYY,Sysco Corporation,US,소매,2026-08-31,81.08,2759963,2932268.15,1.4,38845104128,47,60,63,50,49,0,HOLD,0.1,1,False,live,STOCK,32,NEUTRAL,NYSE
2026-09-01T07:56:16.654741+09:00,2026-09-01,ONC,BeOne Medicines AG,US,제약/바이오,2026-08-31,359.58,344080,405429.0,9.3085,40676466688,66,65,48,43,60,1,HOLD,0.63,8,False,live,STOCK,86,NEUTRAL,NASDAQ
2026-09-01T07:56:16.654741+09:00,2026-09-01,VIK,Viking Holdings Ltd,US,소비재,2026-08-31,86.14,3165978,3594433.9,3.9197,38473408512,20,60,55,50,37,0,AVOID,-0.61,-7,True,live,STOCK,22,NEUTRAL,NYSE
2026-09-01T07:56:16.654741+09:00,2026-09-01,RKT,"Rocket Companies, Inc.",US,금융,2026-08-31,13.41,24577688,25482209.4,0.6454,37972324352,31,60,63,60,54,0,HOLD,-0.02,0,False,live,STOCK,69,NEUTRAL,NYSE
2026-09-01T07:56:16.654741+09:00,2026-09-01,HIG,"The Hartford Insurance Group, Inc.",US,금융,2026-08-31,137.38,1979424,1367551.2,2.2811,37212397568,47,60,58,86,58,1,HOLD,0.26,3,False,live,STOCK,48,NEUTRAL,NYSE
2026-09-01T07:56:16.654741+09:00,2026-09-01,SHG,"Shinhan Financial Group Co., Ltd.",US,금융,2026-08-31,79.17,128974,160573.7,1.5457,37278330880,82,60,50,75,60,2,WATCH,0.57,7,False,live,STOCK,26,NEUTRAL,NYSE
2026-09-01T07:56:16.654741+09:00,2026-09-01,RKLB,"Rocket Lab USA, Inc.",US,산업재,2026-08-31,63.92,15207445,17862442.25,3.9684,40871149568,10,60,63,19,32,0,AVOID,-0.87,-10,True,live,STOCK,30,NEUTRAL,NASDAQ
2026-09-01T07:56:16.654741+09:00,2026-09-01,EL,The Estée Lauder Companies Inc.,US,소매,2026-08-31,102.3,3737886,3763054.3,3.7971,37011992576,78,60,66,35,62,1,HOLD,0.76,9,False,live,STOCK,58,NEUTRAL,NYSE
2026-09-01T07:56:16.654741+09:00,2026-09-01,VOD,Vodafone Group Public Limited Company,US,인터넷,2026-08-31,16.04,1911244,3452952.2,0.2175,37068484608,62,65,55,86,69,2,WATCH,0.69,8,False,live,STOCK,84,NEUTRAL,NASDAQ
2026-09-01T07:56:16.654741+09:00,2026-09-01,PEG,Public Service Enterprise Group Incorpor,US,유틸리티,2026-08-31,73.33,6403074,2638068.7,1.0732,36549140480,28,60,50,45,39,0,AVOID,-0.5,-6,True,live,STOCK,35,NEUTRAL,NYSE
2026-09-01T07:56:16.654741+09:00,2026-09-01,MDB,"MongoDB, Inc.",US,IT,2026-08-31,453.37,1741562,1502268.1,21.9499,36465422336,62,60,50,27,56,1,HOLD,0.51,6,False,live,STOCK,84,NEUTRAL,NASDAQ
2026-09-01T07:56:16.654741+09:00,2026-09-01,NTAP,"NetApp, Inc.",US,IT,2026-08-31,185.29,3066205,2421840.25,6.57,36360245248,47,60,55,50,50,0,HOLD,0.07,1,False,live,STOCK,48,NEUTRAL,NASDAQ
2026-09-01T07:56:16.654741+09:00,2026-09-01,KGC,Kinross Gold Corporation,US,소재,2026-08-31,30.68,6689938,9120676.9,1.28,36393865216,84,60,55,78,69,2,WATCH,0.76,9,False,live,STOCK,58,NEUTRAL,NYSE
2026-09-01T07:56:16.654741+09:00,2026-09-01,EXPE,"Expedia Group, Inc.",US,소비재,2026-08-31,317.12,1337483,1511999.15,11.7925,38061400064,51,60,45,66,57,1,HOLD,0.39,5,False,live,STOCK,75,NEUTRAL,NASDAQ
2026-09-01T07:56:16.654741+09:00,2026-09-01,NTR,Nutrien Ltd.,US,소재,2026-08-31,75.53,2718642,2734532.1,1.9187,36043677696,66,60,50,60,65,1,HOLD,0.69,8,False,live,STOCK,90,NEUTRAL,NYSE
2026-09-01T07:56:16.654741+09:00,2026-09-01,KVUE,Kenvue Inc.,US,소매,2026-08-31,18.88,27071865,20469918.25,0.3239,36264202240,47,60,60,66,60,1,HOLD,0.4,5,False,live,STOCK,71,NEUTRAL,NYSE
2026-09-01T07:56:16.654741+09:00,2026-09-01,NWG,NatWest Group plc,US,금융,2026-08-31,18.2,2421850,2673757.5,0.2432,72280039424,47,60,55,70,54,1,HOLD,0.24,3,False,live,STOCK,45,NEUTRAL,NYSE
2026-09-01T07:56:16.654741+09:00,2026-09-01,KMB,Kimberly-Clark Corporation,US,소매,2026-08-31,107.95,4490505,3207095.25,2.03,35901906944,50,60,60,50,57,1,HOLD,0.42,5,False,live,STOCK,71,NEUTRAL,NASDAQ
2026-09-01T07:56:16.654741+09:00,2026-09-01,TWLO,Twilio Inc.,US,IT,2026-08-31,235.63,1956624,2693071.2,10.4163,36186927104,55,60,60,58,60,1,HOLD,0.39,5,False,live,STOCK,72,NEUTRAL,NYSE
2026-09-01T07:56:16.654741+09:00,2026-09-01,VG,"Venture Global, Inc.",US,에너지,2026-08-31,14.64,12931591,13422524.55,0.6328,36601360384,91,60,45,70,69,2,WATCH,0.92,11,False,live,STOCK,69,NEUTRAL,NYSE
2026-09-01T07:56:16.654741+09:00,2026-09-01,HSY,The Hershey Company,US,소매,2026-08-31,176.21,1693050,1149132.5,3.9057,35405111296,46,60,50,58,55,1,HOLD,0.1,1,False,live,STOCK,75,NEUTRAL,NYSE
2026-09-01T07:56:16.654741+09:00,2026-09-01,UI,Ubiquiti Inc.,US,IT,2026-08-31,590.02,163970,159238.5,31.5329,35712954368,80,60,55,42,62,1,HOLD,0.56,7,False,live,STOCK,66,NEUTRAL,NYSE
2026-09-01T07:56:16.654741+09:00,2026-09-01,PCG,PG&E Corporation,US,유틸리티,2026-08-31,13.27,153622033,35466301.65,0.8868,29225410560,25,60,66,88,57,1,HOLD,-0.19,-2,False,live,STOCK,58,NEUTRAL,NYSE
2026-09-01T07:56:16.654741+09:00,2026-09-01,KR,The Kroger Co.,US,소매,2026-08-31,57.54,8011812,5922715.6,1.238,35251724288,72,60,60,74,64,2,WATCH,0.4,5,False,live,STOCK,47,NEUTRAL,NYSE
2026-09-01T07:56:16.654741+09:00,2026-09-01,ALC,Alcon Inc.,US,제약/바이오,2026-08-31,72.06,1106643,1652212.15,1.3468,34833801216,44,65,60,50,52,0,HOLD,0.22,3,False,live,STOCK,55,NEUTRAL,NYSE
2026-09-01T07:56:16.654741+09:00,2026-09-01,UAL,"United Airlines Holdings, Inc.",US,산업재,2026-08-31,107.99,3390868,2918828.4,3.5793,35050283008,20,60,60,73,49,1,HOLD,-0.23,-3,False,live,STOCK,52,NEUTRAL,NASDAQ
2026-09-01T07:56:16.654741+09:00,2026-09-01,VMC,Vulcan Materials Company,US,소재,2026-08-31,269.58,996073,829728.65,6.6321,34931834880,28,60,53,58,43,0,AVOID,-0.4,-5,True,live,STOCK,36,NEUTRAL,NYSE
2026-09-01T07:56:16.654741+09:00,2026-09-01,RMD,ResMed Inc.,US,제약/바이오,2026-08-31,240.1,1722126,1594441.3,5.823,34634977280,75,65,56,58,68,2,WATCH,0.9,11,False,live,STOCK,87,NEUTRAL,NYSE
2026-09-01T07:56:16.654741+09:00,2026-09-01,BBD,Banco Bradesco S.A.,US,금융,2026-08-31,3.28,17673710,29061415.5,0.09,34732498944,72,60,50,88,61,2,WATCH,0.26,3,False,live,STOCK,32,NEUTRAL,NYSE
2026-09-01T07:56:16.654741+09:00,2026-09-01,WEC,"WEC Energy Group, Inc.",US,유틸리티,2026-08-31,106.17,2087794,2463389.7,1.7667,34595426304,28,60,63,42,42,0,AVOID,-0.36,-4,True,live,STOCK,33,NEUTRAL,NYSE
2026-09-01T07:56:16.654741+09:00,2026-09-01,CLS,Celestica Inc.,US,IT,2026-08-31,299.4,1210957,2609537.85,17.6921,37757669376,18,60,63,50,42,0,AVOID,-0.59,-7,True,live,STOCK,39,NEUTRAL,NYSE
2026-09-01T07:56:16.654741+09:00,2026-09-01,DXCM,"DexCom, Inc.",US,제약/바이오,2026-08-31,91.06,2988676,4702508.8,2.3229,34362470400,73,65,50,42,62,2,WATCH,0.73,9,False,live,STOCK,83,NEUTRAL,NASDAQ
2026-09-01T07:56:16.654741+09:00,2026-09-01,IRM,Iron Mountain Incorporated,US,리츠,2026-08-31,115.35,2464218,1559015.9,4.0821,34340020224,28,60,50,35,46,1,HOLD,-0.31,-4,False,live,STOCK,76,NEUTRAL,NYSE
2026-09-01T07:56:16.654741+09:00,2026-09-01,PPLC,PPL Corporation,US,유틸리티,2026-08-31,46.16,30525,262636.25,0.5957,,31,60,58,50,43,0,AVOID,-0.33,-4,True,live,STOCK,30,NEUTRAL,NYSE
2026-09-01T07:56:16.654741+09:00,2026-09-01,EC,Ecopetrol S.A.,US,에너지,2026-08-31,16.67,2886366,1805423.3,0.4768,34270765056,43,60,55,96,58,1,HOLD,0.17,2,False,live,STOCK,49,NEUTRAL,NYSE
2026-09-01T07:56:16.654741+09:00,2026-09-01,ACGL,Arch Capital Group Ltd.,US,금융,2026-08-31,98.07,3796924,1741066.2,1.7086,33464340480,32,60,55,78,52,1,HOLD,0.09,1,False,live,STOCK,54,NEUTRAL,NASDAQ
2026-09-01T07:56:16.654741+09:00,2026-09-01,RJF,"Raymond James Financial, Inc.",US,금융,2026-08-31,178.17,1264067,994798.35,3.5593,34226456576,66,60,60,68,64,0,HOLD,0.68,8,False,live,STOCK,63,NEUTRAL,NYSE
2026-09-01T07:56:16.654741+09:00,2026-09-01,CQP,"Cheniere Energy Partners, L.P.",US,에너지,2026-08-31,70.29,110507,118675.35,1.7336,34024415232,88,60,53,55,69,2,WATCH,0.96,12,False,live,STOCK,78,NEUTRAL,NYSE
2026-09-01T07:56:16.654741+09:00,2026-09-01,NTRS,Northern Trust Corporation,US,금융,2026-08-31,185.56,777187,1010999.35,3.5126,33949249536,47,60,60,60,56,0,HOLD,0.31,4,False,live,STOCK,61,NEUTRAL,NASDAQ
2026-09-01T07:56:16.654741+09:00,2026-09-01,PUK,Prudential plc,US,금융,2026-08-31,27.27,727979,1132398.95,0.4182,33806077952,31,60,55,78,45,1,HOLD,-0.44,-5,False,live,STOCK,16,NEUTRAL,NYSE
2026-09-01T07:56:16.654741+09:00,2026-09-01,MTB,M&T Bank Corporation,US,금융,2026-08-31,233.94,1745991,902669.55,4.0489,33784739840,39,60,50,60,50,0,HOLD,0.01,0,False,live,STOCK,54,NEUTRAL,NYSE
2026-09-01T07:56:16.654741+09:00,2026-09-01,EQT,EQT Corporation,US,에너지,2026-08-31,54.18,5729797,6217754.85,1.3593,33890459648,73,60,45,68,61,1,HOLD,0.4,5,False,live,STOCK,61,NEUTRAL,NYSE
2026-09-01T07:56:16.654741+09:00,2026-09-01,HBAN,Huntington Bancshares Incorporated,US,금융,2026-08-31,16.685,23990161,22030573.05,0.3143,33710620672,20,60,42,68,43,0,AVOID,-0.36,-4,True,live,STOCK,54,NEUTRAL,NASDAQ
2026-09-01T07:56:16.654741+09:00,2026-09-01,CHT,"Chunghwa Telecom Co., Ltd.",US,인터넷,2026-08-31,43.21,232485,181789.25,0.4121,33519925248,87,65,55,50,64,1,HOLD,0.61,7,False,live,STOCK,57,NEUTRAL,NYSE
2026-09-01T07:56:16.654741+09:00,2026-09-01,STRC,Strategy Inc,US,IT,2026-08-31,97.1,2530513,1485170.65,0.9387,,80,60,48,60,56,1,HOLD,0.34,4,False,live,STOCK,29,NEUTRAL,NASDAQ
2026-09-01T07:56:16.654741+09:00,2026-09-01,STLD,"Steel Dynamics, Inc.",US,소재,2026-08-31,232.62,916335,1223136.75,9.6864,33340981248,32,60,53,53,48,0,HOLD,-0.31,-4,False,live,STOCK,62,NEUTRAL,NASDAQ
2026-09-01T07:56:16.654741+09:00,2026-09-01,CCI,Crown Castle Inc.,US,리츠,2026-08-31,76.14,4028040,2955167.0,1.5818,33273180160,72,60,60,58,60,1,HOLD,0.21,3,False,live,STOCK,44,NEUTRAL,NYSE
2026-09-01T07:56:16.654741+09:00,2026-09-01,ERIC,Telefonaktiebolaget LM Ericsson (publ),US,IT,2026-08-31,10.09,5357100,8832165.0,0.1793,33001193472,40,60,50,78,48,1,HOLD,-0.39,-5,False,live,STOCK,29,NEUTRAL,NASDAQ
2026-09-01T07:56:16.654741+09:00,2026-09-01,TECK,Teck Resources Limited,US,소재,2026-08-31,68.12,2616776,2908358.8,2.0393,33419673600,87,60,55,53,61,1,HOLD,0.47,6,False,live,STOCK,40,NEUTRAL,NYSE
2026-09-01T07:56:16.654741+09:00,2026-09-01,ESLT,Elbit Systems Ltd.,US,산업재,2026-08-31,700.51,60763,86313.15,16.3385,32826144768,25,60,55,37,42,0,AVOID,-0.51,-6,True,live,STOCK,55,NEUTRAL,NASDAQ
2026-09-01T07:56:16.654741+09:00,2026-09-01,CCL,Carnival Corporation & plc,US,소비재,2026-08-31,23.89,31210598,17556804.9,0.7879,32720916480,20,60,55,86,44,1,AVOID,-0.63,-8,True,live,STOCK,20,NEUTRAL,NYSE
2026-09-01T07:56:16.654741+09:00,2026-09-01,BBDO,Banco Bradesco S.A.,US,금융,2026-08-31,2.99,84833,78041.65,0.1157,31661639680,46,60,55,80,54,1,HOLD,-0.04,0,False,live,STOCK,40,NEUTRAL,NYSE
2026-09-01T07:56:16.654741+09:00,2026-09-01,BIDU,"Baidu, Inc.",US,인터넷,2026-08-31,95.28,3166667,3233698.35,3.2696,32317691904,37,65,60,78,51,1,HOLD,-0.3,-4,False,live,STOCK,33,NEUTRAL,NASDAQ
2026-09-01T07:56:16.654741+09:00,2026-09-01,EME,"EMCOR Group, Inc.",US,산업재,2026-08-31,734.54,577139,359676.95,27.9707,32400484352,43,60,60,58,48,0,HOLD,-0.28,-3,False,live,STOCK,26,NEUTRAL,NYSE
2026-09-01T07:56:16.654741+09:00,2026-09-01,ZTS,Zoetis Inc.,US,제약/바이오,2026-08-31,77.1,5796266,6646518.3,2.5171,31859539968,73,65,60,63,70,2,WATCH,0.74,9,False,live,STOCK,85,NEUTRAL,NYSE
2026-09-01T07:56:16.654741+09:00,2026-09-01,ILMN,"Illumina, Inc.",US,제약/바이오,2026-08-31,213.63,2017476,1922383.8,9.4071,32258129920,95,65,63,37,72,2,WATCH,1.16,14,False,live,STOCK,84,NEUTRAL,NASDAQ
2026-09-01T07:56:16.654741+09:00,2026-09-01,ALNY,"Alnylam Pharmaceuticals, Inc.",US,제약/바이오,2026-08-31,240.69,1634530,1775826.5,9.2264,32206518272,62,65,60,50,59,0,HOLD,0.16,2,False,live,STOCK,62,NEUTRAL,NASDAQ
2026-09-01T07:56:16.654741+09:00,2026-09-01,GEHC,GE HealthCare Technologies Inc.,US,제약/바이오,2026-08-31,71.23,3330408,2692005.4,1.4464,32173613056,47,65,66,60,58,0,HOLD,0.43,5,False,live,STOCK,60,NEUTRAL,NASDAQ
2026-09-01T07:56:16.654741+09:00,2026-09-01,BIIB,Biogen Inc.,US,제약/바이오,2026-08-31,216.65,807712,750125.6,5.355,32010903552,91,65,63,58,73,2,WATCH,1.1,13,False,live,STOCK,74,NEUTRAL,NASDAQ
2026-09-01T07:56:16.654741+09:00,2026-09-01,JBL,Jabil Inc.,US,IT,2026-08-31,305.26,974997,963039.85,12.8824,31987306496,25,60,60,58,42,0,AVOID,-0.61,-7,True,live,STOCK,23,NEUTRAL,NYSE
2026-09-01T07:56:16.654741+09:00,2026-09-01,CNC,Centene Corp.,US,제약/바이오,2026-08-31,64.34,8794461,3996598.05,1.8914,31783636992,47,65,76,76,58,2,HOLD,0.29,3,False,live,STOCK,32,NEUTRAL,NYSE
2026-09-01T07:56:16.654741+09:00,2026-09-01,WTW,Willis Towers Watson Public Limited Comp,US,금융,2026-08-31,338.55,487985,499484.25,7.2557,31441793024,51,60,60,58,51,0,HOLD,0.22,3,False,live,STOCK,32,NEUTRAL,NASDAQ
2026-09-01T07:56:16.654741+09:00,2026-09-01,MLM,"Martin Marietta Materials, Inc.",US,소재,2026-08-31,518.7,704711,542595.55,11.8857,36837756928,28,60,63,58,44,0,AVOID,-0.45,-5,True,live,STOCK,26,NEUTRAL,NYSE
2026-09-01T07:56:16.654741+09:00,2026-09-01,WAT,Waters Corporation,US,제약/바이오,2026-08-31,414.63,679235,810016.75,11.4107,40710803456,62,65,42,35,55,1,HOLD,0.42,5,False,live,STOCK,84,NEUTRAL,NYSE
2026-09-01T07:56:16.654741+09:00,2026-09-01,P,"Everpure, Inc.",US,IT,2026-08-31,92.95,3213075,3682923.75,6.344,30897037312,44,60,45,27,45,0,HOLD,0.06,1,False,live,STOCK,66,NEUTRAL,NYSE
2026-09-01T07:56:16.654741+09:00,2026-09-01,HAL,Halliburton Company,US,에너지,2026-08-31,36.85,17457408,10885180.4,1.07,30700853248,77,60,50,74,61,2,WATCH,0.3,4,False,live,STOCK,41,NEUTRAL,NYSE
2026-09-01T07:56:16.654741+09:00,2026-09-01,FTI,TechnipFMC plc,US,에너지,2026-08-31,78.15,3294002,2878065.1,2.3567,30647646208,69,60,65,50,65,1,HOLD,0.76,9,False,live,STOCK,74,NEUTRAL,NYSE
2026-09-01T07:56:16.654741+09:00,2026-09-01,CPRT,"Copart, Inc.",US,산업재,2026-08-31,32.99,9723093,10317514.65,1.1846,30542522368,74,60,58,45,64,2,WATCH,0.68,8,False,live,STOCK,77,NEUTRAL,NASDAQ
2026-09-01T07:56:16.654741+09:00,2026-09-01,ZS,"Zscaler, Inc.",US,IT,2026-08-31,188.385,2559557,2242152.85,8.9764,30463647744,66,60,50,34,59,1,HOLD,0.63,8,False,live,STOCK,87,NEUTRAL,NASDAQ
2026-09-01T07:56:16.654741+09:00,2026-09-01,KHC,The Kraft Heinz Company,US,소매,2026-08-31,25.67,18091809,15363985.45,0.6293,30440095744,91,60,66,86,78,2,WATCH,1.16,14,False,live,STOCK,69,NEUTRAL,NASDAQ
2026-09-01T07:56:16.654741+09:00,2026-09-01,STRF,MicroStrategy Incorporated 10.00% Series,US,IT,2026-08-31,102.44,110334,76281.7,1.1466,,66,60,48,60,54,0,HOLD,0.28,3,False,live,STOCK,40,NEUTRAL,NASDAQ
2026-09-01T07:56:16.654741+09:00,2026-09-01,IR,Ingersoll Rand Inc.,US,산업재,2026-08-31,77.05,4028284,3612719.2,1.9217,29895356416,39,60,65,66,53,0,HOLD,0.1,1,False,live,STOCK,42,NEUTRAL,NYSE
2026-09-01T07:56:16.654741+09:00,2026-09-01,TS,Tenaris S.A.,US,에너지,2026-08-31,55.87,1402654,1671822.7,1.16,28204285952,72,60,50,55,53,1,HOLD,-0.01,0,False,live,STOCK,26,NEUTRAL,NYSE
2026-09-01T07:56:16.654741+09:00,2026-09-01,JBS,Jbs N.V.,US,소매,2026-08-31,13.44,7035019,5961950.95,0.4139,14393040896,54,60,60,76,62,1,HOLD,0.46,6,False,live,STOCK,61,NEUTRAL,NYSE
2026-09-01T07:56:16.654741+09:00,2026-09-01,EXR,Extra Space Storage Inc.,US,리츠,2026-08-31,141.1,1210022,826831.1,2.2514,31141130240,20,60,63,45,43,0,AVOID,-0.33,-4,True,live,STOCK,45,NEUTRAL,NYSE
2026-09-01T07:56:16.654741+09:00,2026-09-01,NMR,"Nomura Holdings, Inc.",US,금융,2026-08-31,10.18,442325,609851.25,0.1679,29751998464,95,60,55,68,68,1,HOLD,0.92,11,False,live,STOCK,46,NEUTRAL,NYSE
2026-09-01T07:56:16.654741+09:00,2026-09-01,SUNB,Sunbelt Rentals Holdings Inc,US,산업재,2026-08-31,72.28,28446352,4054507.6,2.7957,29631008768,35,60,45,66,46,0,HOLD,-0.31,-4,False,live,STOCK,43,NEUTRAL,NYSE
2026-09-01T07:56:16.654741+09:00,2026-09-01,MDLN,Medline Inc.,US,제약/바이오,2026-08-31,35.03,8414076,8163278.8,1.18,47130525696,54,65,55,50,56,0,HOLD,0.31,4,False,live,STOCK,68,NEUTRAL,NASDAQ
2026-09-01T07:56:16.654741+09:00,2026-09-01,LPLA,LPL Financial Holdings Inc.,US,금융,2026-08-31,370.135,749172,572043.6,9.6903,29145278464,66,60,53,66,63,0,HOLD,0.64,8,False,live,STOCK,69,NEUTRAL,NASDAQ
2026-09-01T07:56:16.654741+09:00,2026-09-01,FOXA,Fox Corporation,US,인터넷,2026-08-31,67.35,6127965,5610908.25,1.8236,28316463104,58,65,63,68,66,1,HOLD,0.58,7,False,live,STOCK,83,NEUTRAL,NASDAQ
2026-09-01T07:56:16.654741+09:00,2026-09-01,RBLX,Roblox Corporation,US,IT,2026-08-31,41.29,19515477,13000343.85,1.8214,29496582144,59,60,50,53,48,0,HOLD,-0.14,-2,False,live,STOCK,26,NEUTRAL,NYSE
2026-09-01T07:56:16.654741+09:00,2026-09-01,AEE,Ameren Corporation,US,유틸리티,2026-08-31,106.01,1253338,1402746.9,1.5486,29348155392,31,60,53,42,42,0,AVOID,-0.33,-4,True,live,STOCK,41,NEUTRAL,NYSE
2026-09-01T07:56:16.654741+09:00,2026-09-01,CFG,"Citizens Financial Group, Inc.",US,금융,2026-08-31,68.87,4766013,2873585.65,1.3324,29006446592,39,60,63,68,54,0,HOLD,0.2,2,False,live,STOCK,51,NEUTRAL,NYSE
2026-09-01T07:56:16.654741+09:00,2026-09-01,BAP,Credicorp Ltd.,US,금융,2026-08-31,366.38,389089,296689.45,11.4605,29097650176,35,60,63,63,51,0,HOLD,0.02,0,False,live,STOCK,45,NEUTRAL,NYSE
2026-09-01T07:56:16.654741+09:00,2026-09-01,CTSH,Cognizant Technology Solutions Corporati,US,IT,2026-08-31,64.58,8661291,7943564.55,2.1486,29089689600,71,60,60,76,71,3,BUY,0.93,11,False,live,STOCK,84,NEUTRAL,NASDAQ
2026-09-01T07:56:16.654741+09:00,2026-09-01,TCOM,Trip.com Group Limited,US,소비재,2026-08-31,44.65,1916761,2047533.05,0.875,28116338688,43,60,55,70,57,1,HOLD,0.05,1,False,live,STOCK,68,NEUTRAL,NASDAQ
2026-09-01T07:56:16.654741+09:00,2026-09-01,CPNG,"Coupang, Inc.",US,소비재,2026-08-31,16.06,21006369,17166453.45,0.4979,28868036608,50,60,50,34,42,0,AVOID,-0.27,-3,True,live,STOCK,27,NEUTRAL,NYSE
2026-09-01T07:56:16.654741+09:00,2026-09-01,ON,ON Semiconductor Corporation,US,반도체,2026-08-31,74.09,5606819,8490740.95,2.9007,28844615680,37,65,73,66,51,1,HOLD,-0.27,-3,False,live,STOCK,23,NEUTRAL,NASDAQ
2026-09-01T07:56:16.654741+09:00,2026-09-01,RYAAY,Ryanair Holdings plc,US,산업재,2026-08-31,55.37,552763,1029393.15,1.2139,28725360640,25,60,55,47,38,0,AVOID,-0.57,-7,True,live,STOCK,23,NEUTRAL,NASDAQ
2026-09-01T07:56:16.654741+09:00,2026-09-01,OKTA,"Okta, Inc.",US,IT,2026-08-31,173.04,4699432,3689286.6,9.6893,30251012096,92,60,60,43,70,2,WATCH,1.08,13,False,live,STOCK,80,NEUTRAL,NASDAQ
2026-09-01T07:56:16.654741+09:00,2026-09-01,RDDT,"Reddit, Inc.",US,인터넷,2026-08-31,147.81,3841138,7008751.9,9.0905,28438128640,31,65,60,58,44,0,AVOID,-0.49,-6,True,live,STOCK,23,NEUTRAL,NYSE
2026-09-01T07:56:16.654741+09:00,2026-09-01,FISV,"Fiserv, Inc.",US,IT,2026-08-31,53.31,8792774,7769263.7,1.6793,28348483584,51,60,67,78,66,2,WATCH,0.41,5,False,live,STOCK,77,NEUTRAL,NASDAQ
2026-09-01T07:56:16.654741+09:00,2026-09-01,TDY,Teledyne Technologies Incorporated,US,IT,2026-08-31,612.95,329919,278120.95,13.61,28413710336,35,60,45,58,45,0,HOLD,-0.26,-3,False,live,STOCK,48,NEUTRAL,NYSE
2026-09-01T07:56:16.654741+09:00,2026-09-01,MTD,Mettler-Toledo International Inc.,US,제약/바이오,2026-08-31,1405.14,221157,170217.85,33.0282,28154171392,48,65,50,42,51,0,HOLD,0.26,3,False,live,STOCK,67,NEUTRAL,NYSE
2026-09-01T07:56:16.654741+09:00,2026-09-01,LVS,Las Vegas Sands Corp.,US,소비재,2026-08-31,43.81,7241682,4668709.1,1.1725,28375789568,31,60,55,68,50,0,HOLD,-0.3,-4,False,live,STOCK,55,NEUTRAL,NYSE
2026-09-01T07:56:16.654741+09:00,2026-09-01,DTW,DTE Energy Company 5.25 % Debentures 201,US,유틸리티,2026-08-31,19.48,30421,28756.05,0.3261,,50,60,55,80,56,1,HOLD,0.01,0,False,live,STOCK,40,NEUTRAL,NYSE
2026-09-01T07:56:16.654741+09:00,2026-09-01,ZM,"Zoom Communications, Inc.",US,IT,2026-08-31,96.68,3603794,3366049.7,4.2857,28209649664,43,60,50,73,55,1,HOLD,-0.11,-1,False,live,STOCK,63,NEUTRAL,NASDAQ
2026-09-01T07:56:16.654741+09:00,2026-09-01,PBA,Pembina Pipeline Corporation,US,에너지,2026-08-31,48.7,510152,871737.6,0.8536,28321728512,43,60,60,58,55,0,HOLD,0.15,2,False,live,STOCK,64,NEUTRAL,NYSE
2026-09-01T07:56:16.654741+09:00,2026-09-01,VICI,VICI Properties Inc.,US,리츠,2026-08-31,25.65,9091907,8835435.35,0.3852,28242636800,31,60,63,80,56,1,HOLD,-0.02,0,False,live,STOCK,61,NEUTRAL,NYSE
2026-09-01T07:56:16.654741+09:00,2026-09-01,DTE,DTE Energy Company,US,유틸리티,2026-08-31,135.63,1430043,1286637.15,1.97,28222984192,31,60,55,50,44,0,AVOID,-0.33,-4,True,live,STOCK,41,NEUTRAL,NYSE
2026-09-01T07:56:16.654741+09:00,2026-09-01,FTS,Fortis Inc.,US,유틸리티,2026-08-31,55.18,1058912,768710.6,0.7545,28191461376,28,60,63,42,50,1,HOLD,-0.02,0,False,live,STOCK,73,NEUTRAL,NYSE
2026-09-01T07:56:16.654741+09:00,2026-09-01,DG,Dollar General Corporation,US,소매,2026-08-31,126.75,4153130,2387246.5,4.0521,27963176960,84,60,60,68,69,1,HOLD,0.92,11,False,live,STOCK,61,NEUTRAL,NYSE
2026-09-01T07:56:16.654741+09:00,2026-09-01,ATI,ATI Inc.,US,산업재,2026-08-31,204.2,9993932,1983911.6,7.8446,27805992960,39,60,45,42,44,0,AVOID,-0.04,0,True,live,STOCK,51,NEUTRAL,NYSE
2026-09-01T07:56:16.654741+09:00,2026-09-01,CASY,"Casey's General Stores, Inc.",US,소비재,2026-08-31,752.21,419717,307475.85,24.9845,27835465728,28,60,53,45,38,0,AVOID,-0.49,-6,True,live,STOCK,23,NEUTRAL,NASDAQ
2026-09-01T07:56:16.654741+09:00,2026-09-01,ATO,Atmos Energy Corporation,US,유틸리티,2026-08-31,166.13,1148315,1041460.75,2.4962,28074070016,31,60,65,42,44,0,AVOID,-0.27,-3,True,live,STOCK,33,NEUTRAL,NYSE
2026-09-01T07:56:16.654741+09:00,2026-09-01,AWK,"American Water Works Company, Inc.",US,유틸리티,2026-08-31,138.23,2420135,2179421.75,2.6564,27470307328,62,60,63,42,63,1,HOLD,0.68,8,False,live,STOCK,84,NEUTRAL,NYSE
2026-09-01T07:56:16.654741+09:00,2026-09-01,HPQ,HP Inc.,US,IT,2026-08-31,30.02,19355156,15201742.8,1.4804,27071766528,62,60,50,73,64,2,WATCH,0.59,7,False,live,STOCK,77,NEUTRAL,NYSE
2026-09-01T07:56:16.654741+09:00,2026-09-01,LH,Labcorp Holdings Inc.,US,제약/바이오,2026-08-31,332.66,851134,579521.7,7.062,26978725888,73,65,48,58,66,2,WATCH,0.81,10,False,live,STOCK,90,NEUTRAL,NYSE
2026-09-01T07:56:16.654741+09:00,2026-09-01,SN,"SharkNinja, Inc.",US,소비재,2026-08-31,192.49,2065147,1760072.35,5.0354,27241259008,73,60,55,50,66,2,WATCH,0.83,10,False,live,STOCK,87,NEUTRAL,NYSE
2026-09-01T07:56:16.654741+09:00,2026-09-01,RPRX,Royalty Pharma plc,US,제약/바이오,2026-08-31,61.41,3773772,2739318.6,1.3441,35484876800,91,65,50,50,68,2,WATCH,0.95,11,False,live,STOCK,77,NEUTRAL,NASDAQ
2026-09-01T07:56:16.654741+09:00,2026-09-01,OTIS,Otis Worldwide Corporation,US,산업재,2026-08-31,71.13,5241290,3145244.5,1.3363,27077009408,43,60,60,58,49,0,HOLD,-0.05,-1,False,live,STOCK,34,NEUTRAL,NYSE
2026-09-01T07:56:16.654741+09:00,2026-09-01,QSR,Restaurant Brands International Inc.,US,소비재,2026-08-31,77.88,1661146,2423387.3,1.7196,35677679616,91,60,63,50,73,2,WATCH,1.08,13,False,live,STOCK,84,NEUTRAL,NYSE
2026-09-01T07:56:16.654741+09:00,2026-09-01,WSM,"Williams-Sonoma, Inc.",US,소비재,2026-08-31,228.25,1786660,1099368.0,8.5464,26880546816,39,60,63,37,46,0,HOLD,0.03,0,False,live,STOCK,40,NEUTRAL,NYSE
2026-09-01T07:56:16.654741+09:00,2026-09-01,FE,FirstEnergy Corp.,US,유틸리티,2026-08-31,45.86,4895858,3801947.9,0.77,26536427520,28,60,60,50,41,0,AVOID,-0.35,-4,True,live,STOCK,25,NEUTRAL,NYSE
2026-09-01T07:56:16.654741+09:00,2026-09-01,DGX,Quest Diagnostics Incorporated,US,제약/바이오,2026-08-31,240.3,1358107,805260.35,4.5243,26522718208,73,65,50,58,58,1,HOLD,0.54,6,False,live,STOCK,48,NEUTRAL,NYSE
2026-09-01T07:56:16.654741+09:00,2026-09-01,CPAY,"Corpay, Inc.",US,IT,2026-08-31,404.3,420180,508169.0,9.2311,26546176000,47,60,50,74,59,2,HOLD,0.38,5,False,live,STOCK,75,NEUTRAL,NYSE
2026-09-01T07:56:16.654741+09:00,2026-09-01,FOX,Fox Corporation,US,인터넷,2026-08-31,60.22,1836814,1050715.7,1.6176,25318744064,58,65,63,68,65,1,HOLD,0.52,6,False,live,STOCK,74,NEUTRAL,NASDAQ
2026-09-01T07:56:16.654741+09:00,2026-09-01,INSM,Insmed Incorporated,US,제약/바이오,2026-08-31,121.82,2389630,2858016.5,4.3757,26603235328,44,65,50,19,41,0,AVOID,-0.02,0,True,live,STOCK,46,NEUTRAL,NASDAQ
2026-09-01T07:56:16.654741+09:00,2026-09-01,ES,Eversource Energy,US,유틸리티,2026-08-31,70.14,2872270,1985043.5,1.1714,26419965952,31,60,63,58,54,1,HOLD,0.08,1,False,live,STOCK,71,NEUTRAL,NYSE
2026-09-01T07:56:16.654741+09:00,2026-09-01,DOV,Dover Corporation,US,산업재,2026-08-31,194.23,1703370,963993.5,3.875,26158940160,20,60,60,58,41,0,AVOID,-0.57,-7,True,live,STOCK,26,NEUTRAL,NYSE
2026-09-01T07:56:16.654741+09:00,2026-09-01,CNP,"CenterPoint Energy, Inc.",US,유틸리티,2026-08-31,39.6,9066298,6149679.9,0.7283,26085320704,50,60,65,42,51,0,HOLD,-0.01,0,False,live,STOCK,39,NEUTRAL,NYSE
2026-09-01T07:56:16.654741+09:00,2026-09-01,CINF,Cincinnati Financial Corporation,US,금융,2026-08-31,169.9,588282,455429.1,2.6929,26075920384,51,60,63,78,62,1,HOLD,0.42,5,False,live,STOCK,59,NEUTRAL,NASDAQ
2026-09-01T07:56:16.654741+09:00,2026-09-01,VRSN,"VeriSign, Inc.",US,IT,2026-08-31,288.28,797705,708940.25,7.7077,26060511232,80,60,50,50,59,1,HOLD,0.37,4,False,live,STOCK,48,NEUTRAL,NASDAQ
2026-09-01T07:56:16.654741+09:00,2026-09-01,PHG,Koninklijke Philips N.V.,US,제약/바이오,2026-08-31,26.57,631427,746821.35,0.4236,25970247680,43,65,58,74,56,1,HOLD,0.18,2,False,live,STOCK,57,NEUTRAL,NYSE
2026-09-01T07:56:16.654741+09:00,2026-09-01,TPL,Texas Pacific Land Corporation,US,에너지,2026-08-31,374.34,390514,414195.7,15.675,25819981824,65,60,75,29,56,1,HOLD,0.33,4,False,live,STOCK,39,NEUTRAL,NYSE
2026-09-01T07:56:16.654741+09:00,2026-09-01,XYL,Xylem Inc.,US,산업재,2026-08-31,110.11,2009294,1592159.7,2.6846,25709234176,20,60,63,58,46,0,HOLD,-0.27,-3,False,live,STOCK,48,NEUTRAL,NYSE
2026-09-01T07:56:16.654741+09:00,2026-09-01,PPL,PPL Corporation,US,유틸리티,2026-08-31,34.13,8402078,8080608.9,0.5897,25684355072,28,60,63,50,44,0,AVOID,-0.31,-4,True,live,STOCK,33,NEUTRAL,NYSE
2026-09-01T07:56:16.654741+09:00,2026-09-01,CRCL,Circle Internet Group,US,금융,2026-08-31,95.55,19713591,14866474.55,6.5489,26046367744,67,60,50,45,61,1,HOLD,0.39,5,False,live,STOCK,84,NEUTRAL,NYSE
2026-09-01T07:56:16.654741+09:00,2026-09-01,BNTX,BioNTech SE,US,제약/바이오,2026-08-31,101.61,1089764,1842368.2,5.7331,25524875264,84,65,53,58,69,2,WATCH,0.94,11,False,live,STOCK,81,NEUTRAL,NASDAQ
2026-09-01T07:56:16.654741+09:00,2026-09-01,RF,Regions Financial Corporation,US,금융,2026-08-31,29.88,9221914,7552020.7,0.5214,25455652864,39,60,63,60,53,0,HOLD,0.13,2,False,live,STOCK,54,NEUTRAL,NYSE
2026-09-01T07:56:16.654741+09:00,2026-09-01,SYM,Symbotic Inc.,US,산업재,2026-08-31,39.67,1558460,1781353.0,1.6427,24014821376,18,60,50,38,40,0,AVOID,-0.61,-7,True,live,STOCK,61,NEUTRAL,NASDAQ
2026-09-01T07:56:16.654741+09:00,2026-09-01,VRSK,"Verisk Analytics, Inc.",US,IT,2026-08-31,193.78,1274720,1259221.0,5.9914,25221632000,76,60,48,58,59,1,HOLD,0.49,6,False,live,STOCK,51,NEUTRAL,NASDAQ
2026-09-01T07:56:16.654741+09:00,2026-09-01,WRB,W. R. Berkley Corporation,US,금융,2026-08-31,67.56,2024206,1583930.3,1.1529,25080129536,28,60,60,63,49,0,HOLD,-0.11,-1,False,live,STOCK,48,NEUTRAL,NYSE
2026-09-01T07:56:16.654741+09:00,2026-09-01,SYF,Synchrony Financial,US,금융,2026-08-31,77.08,4465393,3213344.65,1.9871,25079584768,50,60,50,70,55,1,HOLD,0.23,3,False,live,STOCK,55,NEUTRAL,NYSE
2026-09-01T07:56:16.654741+09:00,2026-09-01,FWONK,Liberty Media Corporation,US,인터넷,2026-08-31,99.95,2159679,1938448.95,2.1689,25058312192,47,65,58,38,53,1,HOLD,0.31,4,False,live,STOCK,71,NEUTRAL,NASDAQ
2026-09-01T07:56:16.654741+09:00,2026-09-01,ROIV,Roivant Sciences Ltd.,US,제약/바이오,2026-08-31,34.64,39465505,7666945.25,1.2135,25021267968,54,65,48,50,55,1,HOLD,0.39,5,False,live,STOCK,72,NEUTRAL,NASDAQ
2026-09-01T07:56:16.654741+09:00,2026-09-01,Q,"Qnity Electronics, Inc.",US,반도체,2026-08-31,119.43,1945188,1708154.4,5.7008,24985776128,10,65,60,50,42,0,AVOID,-0.62,-7,True,live,STOCK,55,NEUTRAL,NYSE
2026-09-01T07:56:16.654741+09:00,2026-09-01,INCY,Incyte Corporation,US,제약/바이오,2026-08-31,123.22,1482832,1323121.6,3.1757,24976416768,58,65,53,55,61,1,HOLD,0.6,7,False,live,STOCK,84,NEUTRAL,NASDAQ
2026-09-01T07:56:16.654741+09:00,2026-09-01,PPG,"PPG Industries, Inc.",US,소재,2026-08-31,112.17,1572676,1267818.8,2.1968,24935391232,28,60,65,60,53,0,HOLD,-0.02,0,False,live,STOCK,65,NEUTRAL,NYSE
2026-09-01T07:56:16.654741+09:00,2026-09-01,AFRM,"Affirm Holdings, Inc.",US,금융,2026-08-31,74.45,11637750,4823712.5,4.3479,25121011712,31,60,70,68,49,1,HOLD,-0.1,-1,False,live,STOCK,25,NEUTRAL,NASDAQ
2026-09-01T07:56:16.654741+09:00,2026-09-01,JBHT,"J.B. Hunt Transport Services, Inc.",US,산업재,2026-08-31,265.47,1067650,754102.5,8.6857,24931598336,28,60,60,58,47,0,HOLD,-0.24,-3,False,live,STOCK,47,NEUTRAL,NASDAQ
2026-09-01T07:56:16.654741+09:00,2026-09-01,TPR,"Tapestry, Inc.",US,소비재,2026-08-31,123.39,4052474,3679548.7,5.5157,24602939392,17,60,55,60,48,1,HOLD,-0.37,-4,False,live,STOCK,71,NEUTRAL,NYSE
2026-09-01T07:56:16.654741+09:00,2026-09-01,EXPD,"Expeditors International of Washington, ",US,산업재,2026-08-31,189.65,1289154,933912.7,3.7421,24652720128,80,60,55,37,63,2,WATCH,0.8,10,False,live,STOCK,75,NEUTRAL,NYSE
2026-09-01T07:56:16.654741+09:00,2026-09-01,FICO,Fair Isaac Corporation,US,IT,2026-08-31,1147.21,242865,285203.25,43.045,24777023488,72,60,60,66,68,2,WATCH,0.55,7,False,live,STOCK,78,NEUTRAL,NYSE
2026-09-01T07:56:16.654741+09:00,2026-09-01,FCNCA,"First Citizens BancShares, Inc.",US,금융,2026-08-31,2164.3999,117026,51766.3,45.4614,24442828800,44,60,72,70,59,2,HOLD,0.34,4,False,live,STOCK,52,NEUTRAL,NASDAQ
2026-09-01T07:56:16.654741+09:00,2026-09-01,SW,Smurfit Westrock plc,US,소비재,2026-08-31,46.9,5527793,4343629.65,1.344,24600125440,47,60,63,58,57,0,HOLD,0.37,4,False,live,STOCK,63,NEUTRAL,NYSE
2026-09-01T07:56:16.654741+09:00,2026-09-01,DRI,"Darden Restaurants, Inc.",US,소비재,2026-08-31,214.26,1194519,965820.95,6.2439,24327456768,47,60,50,42,52,1,HOLD,0.2,2,False,live,STOCK,71,NEUTRAL,NYSE
2026-09-01T07:56:16.654741+09:00,2026-09-01,GFS,GLOBALFOUNDRIES Inc.,US,반도체,2026-08-31,44.69,3381556,4360402.8,1.9949,24521441280,40,65,45,66,42,0,AVOID,-0.57,-7,True,live,STOCK,17,NEUTRAL,NASDAQ
2026-09-01T07:56:16.654741+09:00,2026-09-01,PHM,"PulteGroup, Inc.",US,소비재,2026-08-31,126.32,1649587,1247909.35,3.3143,24062236672,47,60,55,60,55,0,HOLD,0.22,3,False,live,STOCK,61,NEUTRAL,NYSE
2026-09-01T07:56:16.654741+09:00,2026-09-01,NVT,nVent Electric plc,US,산업재,2026-08-31,150.75,12268514,2370375.7,7.4727,24400082944,43,60,60,50,53,0,HOLD,-0.09,-1,False,live,STOCK,61,NEUTRAL,NYSE
2026-09-01T07:56:16.654741+09:00,2026-09-01,DLTR,"Dollar Tree, Inc.",US,소매,2026-08-31,126.59,3500470,2339118.5,4.8564,23752120320,50,60,56,60,56,0,HOLD,0.39,5,False,live,STOCK,63,NEUTRAL,NASDAQ
2026-09-01T07:56:16.654741+09:00,2026-09-01,AMRZ,Amrize Ltd,US,소재,2026-08-31,43.7,3088285,4055904.25,1.1348,23900651520,15,60,72,58,44,1,AVOID,-0.58,-7,True,live,STOCK,29,NEUTRAL,NYSE
2026-09-01T07:56:16.654741+09:00,2026-09-01,BRO,"Brown & Brown, Inc.",US,금융,2026-08-31,72.17,2113736,1741451.8,1.7954,24148830208,59,60,65,66,64,0,HOLD,0.67,8,False,live,STOCK,68,NEUTRAL,NYSE
2026-09-01T07:56:16.654741+09:00,2026-09-01,SMCI,"Super Micro Computer, Inc.",US,IT,2026-08-31,37.28,22783724,54982116.2,2.6557,24115425280,55,60,60,78,64,1,HOLD,0.21,3,False,live,STOCK,69,NEUTRAL,NASDAQ
2026-09-01T07:56:16.654741+09:00,2026-09-01,ASTS,"AST SpaceMobile, Inc.",US,인터넷,2026-08-31,59.1,8424095,10799434.75,3.8226,22999797760,10,65,63,42,37,0,AVOID,-0.78,-9,True,live,STOCK,32,NEUTRAL,NASDAQ
2026-09-01T07:56:16.654741+09:00,2026-09-01,VLTO,Veralto Corporation,US,산업재,2026-08-31,98.57,2760778,1399228.9,1.8317,24030709760,62,60,60,50,63,1,HOLD,0.68,8,False,live,STOCK,80,NEUTRAL,NYSE
2026-09-01T07:56:16.654741+09:00,2026-09-01,OMC,Omnicom Group Inc.,US,인터넷,2026-08-31,87.53,1888246,2148682.3,1.8829,24013500416,69,65,55,46,57,0,HOLD,0.51,6,False,live,STOCK,51,NEUTRAL,NYSE
2026-09-01T07:56:16.654741+09:00,2026-09-01,WST,"West Pharmaceutical Services, Inc.",US,제약/바이오,2026-08-31,341.11,611452,472907.6,7.3111,24005873664,32,65,73,42,53,1,HOLD,0.18,2,False,live,STOCK,64,NEUTRAL,NYSE
2026-09-01T07:56:16.654741+09:00,2026-09-01,STRD,Strategy Inc,US,IT,2026-08-31,72.5,122841,116217.05,1.4419,,74,60,58,60,69,2,WATCH,0.8,10,False,live,STOCK,85,NEUTRAL,NASDAQ
2026-09-01T07:56:16.654741+09:00,2026-09-01,HUBB,Hubbell Incorporated,US,산업재,2026-08-31,453.0,506840,453915.2,12.0157,23933155328,20,60,63,58,41,0,AVOID,-0.52,-6,True,live,STOCK,23,NEUTRAL,NYSE
2026-09-01T07:56:16.654741+09:00,2026-09-01,TROW,"T. Rowe Price Group, Inc.",US,금융,2026-08-31,111.28,2584268,1465113.4,2.1021,23737788416,29,60,70,78,56,2,HOLD,0.13,2,False,live,STOCK,52,NEUTRAL,NASDAQ
2026-09-01T07:56:16.654741+09:00,2026-09-01,CRS,Carpenter Technology Corporation,US,소재,2026-08-31,476.42,4021111,746970.55,18.6698,23610693632,20,60,63,42,40,0,AVOID,-0.45,-5,True,live,STOCK,35,NEUTRAL,NYSE
2026-09-01T07:56:16.654741+09:00,2026-09-01,IHG,InterContinental Hotels Group PLC,US,소비재,2026-08-31,160.06,163069,229123.45,2.8728,23567353856,72,60,55,58,56,1,HOLD,0.26,3,False,live,STOCK,29,NEUTRAL,NYSE
2026-09-01T07:56:16.654741+09:00,2026-09-01,CHD,"Church & Dwight Co., Inc.",US,소매,2026-08-31,99.78,2318508,1727380.4,2.175,23668205568,43,60,50,53,48,0,HOLD,-0.05,-1,False,live,STOCK,48,NEUTRAL,NYSE
2026-09-01T07:56:16.654741+09:00,2026-09-01,PFG,"Principal Financial Group, Inc.",US,금융,2026-08-31,110.16,2123242,990877.1,1.8657,23585767424,47,60,55,68,56,0,HOLD,0.24,3,False,live,STOCK,61,NEUTRAL,NASDAQ
2026-09-01T07:56:16.654741+09:00,2026-09-01,IOT,Samsara Inc.,US,IT,2026-08-31,40.85,8059015,4863075.75,1.9352,23803705344,62,60,50,35,54,0,HOLD,0.37,4,False,live,STOCK,69,NEUTRAL,NYSE
2026-09-01T07:56:16.654741+09:00,2026-09-01,KOF,"Coca-Cola FEMSA, S.A.B. de C.V.",US,소매,2026-08-31,111.16,170992,124669.6,2.2243,,58,60,53,55,55,0,HOLD,0.22,3,False,live,STOCK,52,NEUTRAL,NYSE
2026-09-01T07:56:16.654741+09:00,2026-09-01,KEY,KeyCorp,US,금융,2026-08-31,21.61,10763105,8872845.25,0.3864,23060649984,28,60,63,60,46,0,HOLD,-0.24,-3,False,live,STOCK,32,NEUTRAL,NYSE
2026-09-01T07:56:16.654741+09:00,2026-09-01,ROKU,"Roku, Inc.",US,인터넷,2026-08-31,156.93,2002809,2368400.45,1.9232,23291387904,73,65,60,43,63,2,WATCH,0.77,9,False,live,STOCK,74,NEUTRAL,NASDAQ
2026-09-01T07:56:16.654741+09:00,2026-09-01,NRG,"NRG Energy, Inc.",US,유틸리티,2026-08-31,110.12,3567540,3286447.0,4.6136,23148378112,18,60,63,66,43,0,AVOID,-0.62,-7,True,live,STOCK,26,NEUTRAL,NYSE
2026-09-01T07:56:16.654741+09:00,2026-09-01,TSEM,Tower Semiconductor Ltd.,US,반도체,2026-08-31,205.05,1195092,1797884.6,14.2514,23177056256,10,65,40,38,34,0,AVOID,-0.87,-10,True,live,STOCK,55,NEUTRAL,NASDAQ
2026-09-01T07:56:16.654741+09:00,2026-09-01,ULTA,"Ulta Beauty, Inc.",US,소비재,2026-08-31,537.1,1103760,688928.0,20.005,22965037056,55,60,63,42,58,0,HOLD,0.43,5,False,live,STOCK,69,NEUTRAL,NASDAQ
2026-09-01T07:56:16.654741+09:00,2026-09-01,USFD,US Foods Holding Corp.,US,소매,2026-08-31,104.84,2209973,2083223.65,2.5039,22680111104,40,60,63,66,60,1,HOLD,0.45,5,False,live,STOCK,78,NEUTRAL,NYSE
2026-09-01T07:56:16.654741+09:00,2026-09-01,FWONA,Formula One Group,US,인터넷,2026-08-31,92.06,126074,122088.7,2.0886,23080222720,47,65,61,38,52,0,HOLD,0.25,3,False,live,STOCK,60,NEUTRAL,NASDAQ
2026-09-01T07:56:16.654741+09:00,2026-09-01,AER,AerCap Holdings N.V.,US,산업재,2026-08-31,145.94,1645396,970594.8,2.9371,22939443200,50,60,63,70,52,1,HOLD,0.11,1,False,live,STOCK,19,NEUTRAL,NYSE
2026-09-01T07:56:16.654741+09:00,2026-09-01,FFIV,"F5, Inc.",US,IT,2026-08-31,407.13,877877,545903.85,12.3532,23054624768,65,60,50,58,58,0,HOLD,0.31,4,False,live,STOCK,61,NEUTRAL,NASDAQ
2026-09-01T07:56:16.654741+09:00,2026-09-01,SOFI,"SoFi Technologies, Inc.",US,금융,2026-08-31,17.88,36279846,45436642.3,0.8557,23093276672,43,60,40,66,43,0,AVOID,-0.33,-4,True,live,STOCK,23,NEUTRAL,NASDAQ
2026-09-01T07:56:16.654741+09:00,2026-09-01,TW,Tradeweb Markets Inc.,US,금융,2026-08-31,107.7,1320731,1153166.55,2.2304,23266242560,84,60,60,50,68,2,WATCH,0.88,11,False,live,STOCK,74,NEUTRAL,NASDAQ
2026-09-01T07:56:16.654741+09:00,2026-09-01,CIB,Grupo Cibest S.A.,US,금융,2026-08-31,96.12,486502,306645.1,3.0786,22700226560,51,60,58,88,59,1,HOLD,0.4,5,False,live,STOCK,45,NEUTRAL,NYSE
2026-09-01T07:56:16.654741+09:00,2026-09-01,EXE,Expand Energy Corporation,US,에너지,2026-08-31,98.16,2072482,2523809.1,2.1792,22724413440,77,60,75,78,70,3,BUY,0.82,10,False,live,STOCK,46,NEUTRAL,NASDAQ
2026-09-01T07:56:16.654741+09:00,2026-09-01,XPO,"XPO Logistics, Inc.",US,산업재,2026-08-31,193.99,1310755,817087.75,6.1266,22713604096,25,60,58,42,39,0,AVOID,-0.58,-7,True,live,STOCK,30,NEUTRAL,NYSE
2026-09-01T07:56:16.654741+09:00,2026-09-01,STE,STERIS plc,US,제약/바이오,2026-08-31,232.64,860213,691040.65,4.3418,22682425344,44,65,53,58,56,1,HOLD,0.32,4,False,live,STOCK,78,NEUTRAL,NYSE
2026-09-01T07:56:16.654741+09:00,2026-09-01,GPN,Global Payments Inc.,US,금융,2026-08-31,91.05,3341555,3088332.75,2.8125,24093505536,73,60,60,66,70,2,WATCH,0.91,11,False,live,STOCK,83,NEUTRAL,NYSE
2026-09-01T07:56:16.654741+09:00,2026-09-01,SQM,Sociedad Química y Minera de Chile S.A.,US,소재,2026-08-31,79.01,885535,920356.75,2.8571,22568245248,80,60,50,84,67,2,WATCH,0.54,6,False,live,STOCK,55,NEUTRAL,NYSE
2026-09-01T07:56:16.654741+09:00,2026-09-01,FCNCN,First Citizens BancShares Inc. Depositar,US,금융,2026-08-31,24.85,30801,14560.05,0.2386,,53,60,55,50,50,0,HOLD,0.03,0,False,live,STOCK,40,NEUTRAL,NASDAQ
2026-09-01T07:56:16.654741+09:00,2026-09-01,MKL,Markel Corporation,US,금융,2026-08-31,1802.91,89117,59735.85,28.005,22337980416,47,60,60,62,50,0,HOLD,-0.05,-1,False,live,STOCK,26,NEUTRAL,NYSE
2026-09-01T07:56:16.654741+09:00,2026-09-01,BG,Bunge Global S.A.,US,소매,2026-08-31,116.21,2548539,1393871.95,3.8525,22326163456,72,60,65,50,60,1,HOLD,0.32,4,False,live,STOCK,47,NEUTRAL,NYSE
2026-09-01T07:56:16.654741+09:00,2026-09-01,STZ,"Constellation Brands, Inc.",US,소매,2026-08-31,130.62,3079528,1664376.4,3.2864,22310463488,31,60,60,68,56,1,HOLD,0.05,1,False,live,STOCK,78,NEUTRAL,NYSE
2026-09-01T07:56:16.654741+09:00,2026-09-01,L,Loews Corporation,US,금융,2026-08-31,108.29,1520413,633235.65,1.6918,22137477120,20,60,60,68,47,0,HOLD,-0.22,-3,False,live,STOCK,48,NEUTRAL,NYSE
2026-09-01T07:56:16.654741+09:00,2026-09-01,TCPA,TransCanada PipeLines Limited 6,US,에너지,2026-08-31,21.96,52715,33170.75,0.3587,,20,60,55,50,40,0,AVOID,-0.53,-6,True,live,STOCK,40,NEUTRAL,NYSE
2026-09-01T07:56:16.654741+09:00,2026-09-01,EFX,Equifax Inc.,US,산업재,2026-08-31,189.16,769587,1066249.35,6.1086,22223443968,84,60,50,58,67,2,WATCH,0.77,9,False,live,STOCK,74,NEUTRAL,NYSE
2026-09-01T07:56:16.654741+09:00,2026-09-01,RGLD,"Royal Gold, Inc.",US,소재,2026-08-31,261.47,681471,758828.55,8.171,22153793536,84,60,60,50,65,1,HOLD,0.84,10,False,live,STOCK,58,NEUTRAL,NASDAQ
2026-09-01T07:56:16.654741+09:00,2026-09-01,DOW,Dow Inc.,US,소재,2026-08-31,30.52,9010180,8257949.0,0.9189,22045839360,43,60,63,55,50,0,HOLD,-0.19,-2,False,live,STOCK,38,NEUTRAL,NYSE
2026-09-01T07:56:16.654741+09:00,2026-09-01,IFF,International Flavors & Fragrances Inc.,US,소재,2026-08-31,86.33,1808134,1555876.7,1.9187,22027098112,84,60,63,42,65,1,HOLD,0.88,11,False,live,STOCK,63,NEUTRAL,NYSE
2026-09-01T07:56:16.654741+09:00,2026-09-01,BCE,BCE Inc.,US,인터넷,2026-08-31,23.59,3137666,3268493.3,0.3171,21998284800,58,65,63,86,70,2,WATCH,0.57,7,False,live,STOCK,84,NEUTRAL,NYSE
2026-09-01T07:56:16.654741+09:00,2026-09-01,GIS,"General Mills, Inc.",US,소매,2026-08-31,41.2,10666196,8140009.8,1.0871,22026735616,88,60,63,63,76,2,WATCH,1.19,14,False,live,STOCK,90,NEUTRAL,NYSE
2026-09-01T07:56:16.654741+09:00,2026-09-01,PAAS,Pan American Silver Corp.,US,소재,2026-08-31,51.92,2776338,5451256.9,2.3671,21526964224,73,60,55,71,70,3,BUY,0.63,8,False,live,STOCK,87,NEUTRAL,NYSE
2026-09-01T07:56:16.654741+09:00,2026-09-01,FSLR,"First Solar, Inc.",US,에너지,2026-08-31,201.9,2682083,2354019.15,8.1407,21698150400,10,60,50,84,46,1,HOLD,-0.61,-7,False,live,STOCK,55,NEUTRAL,NASDAQ
2026-09-01T07:56:16.654741+09:00,2026-09-01,UTHR,United Therapeutics Corporation,US,제약/바이오,2026-08-31,510.38,536219,520845.95,12.3051,21890551808,50,65,50,50,52,0,HOLD,0.01,0,False,live,STOCK,62,NEUTRAL,NASDAQ
2026-09-01T07:56:16.654741+09:00,2026-09-01,STRK,Strategy Inc,US,IT,2026-08-31,72.65,139580,95804.0,2.0752,,84,60,48,60,67,2,WATCH,0.77,9,False,live,STOCK,76,NEUTRAL,NASDAQ
2026-09-01T07:56:16.654741+09:00,2026-09-01,CMSA,CMS Energy Corporation 5.6% JRSUB NT 78,US,유틸리티,2026-08-31,20.01,23903,14815.15,0.1729,,20,60,60,70,46,1,HOLD,-0.4,-5,False,live,STOCK,40,NEUTRAL,NYSE
2026-09-01T07:56:16.654741+09:00,2026-09-01,CW,Curtiss-Wright Corporation,US,산업재,2026-08-31,582.53,660295,398674.75,22.4789,21515423744,10,60,53,42,32,0,AVOID,-0.95,-11,True,live,STOCK,23,NEUTRAL,NYSE
2026-09-01T07:56:16.654741+09:00,2026-09-01,CDE,"Coeur Mining, Inc.",US,소재,2026-08-31,20.78,38664921,40522251.05,1.0675,21360490496,84,60,60,63,72,2,WATCH,0.95,11,False,live,STOCK,80,NEUTRAL,NYSE
2026-09-01T07:56:16.654741+09:00,2026-09-01,THC,Tenet Healthcare Corporation,US,제약/바이오,2026-08-31,265.91,830326,758671.3,7.5325,21410807808,58,65,50,78,63,2,WATCH,0.58,7,False,live,STOCK,75,NEUTRAL,NYSE
2026-09-01T07:56:16.654741+09:00,2026-09-01,CMS,CMS Energy Corporation,US,유틸리티,2026-08-31,68.06,3308424,3503791.2,0.9986,21342060544,28,60,65,50,47,0,HOLD,-0.23,-3,False,live,STOCK,47,NEUTRAL,NYSE
2026-09-01T07:56:16.654741+09:00,2026-09-01,GH,"Guardant Health, Inc.",US,제약/바이오,2026-08-31,159.02,1857019,2060960.95,7.135,21339875328,51,65,63,58,61,1,HOLD,0.55,7,False,live,STOCK,75,NEUTRAL,NASDAQ
2026-09-01T07:56:16.654741+09:00,2026-09-01,AMCR,Amcor plc,US,소비재,2026-08-31,45.89,3815721,3702376.05,1.1414,21217044480,50,60,71,66,62,1,HOLD,0.57,7,False,live,STOCK,63,NEUTRAL,NYSE
2026-09-01T07:56:16.654741+09:00,2026-09-01,RL,Ralph Lauren Corporation,US,소비재,2026-08-31,346.9,801991,646054.55,10.0236,20669079552,20,60,55,58,39,0,AVOID,-0.57,-7,True,live,STOCK,26,NEUTRAL,NYSE
2026-09-01T07:56:16.654741+09:00,2026-09-01,BR,"Broadridge Financial Solutions, Inc.",US,IT,2026-08-31,182.38,1125970,1374503.5,4.4421,20795295744,84,60,60,58,71,2,WATCH,1.04,12,False,live,STOCK,83,NEUTRAL,NYSE
2026-09-01T07:56:16.654741+09:00,2026-09-01,FIS,"Fidelity National Information Services, ",US,IT,2026-08-31,40.77,6669121,5867026.05,1.2721,21025331200,43,60,65,86,58,1,HOLD,0.08,1,False,live,STOCK,40,NEUTRAL,NYSE
2026-09-01T07:56:16.654741+09:00,2026-09-01,BCH,Banco de Chile,US,금융,2026-08-31,41.11,279274,284988.7,0.9625,20764061696,47,60,55,70,55,1,HOLD,0.21,3,False,live,STOCK,51,NEUTRAL,NYSE
2026-09-01T07:56:16.654741+09:00,2026-09-01,TPG,TPG Inc.,US,금융,2026-08-31,54.12,2189406,3240260.3,1.8955,21137504256,66,60,63,43,64,1,HOLD,0.79,9,False,live,STOCK,86,NEUTRAL,NASDAQ
2026-09-01T07:56:16.654741+09:00,2026-09-01,ENTG,"Entegris, Inc.",US,반도체,2026-08-31,135.29,2581372,2208988.6,7.2079,20672311296,43,65,53,43,48,0,HOLD,-0.15,-2,False,live,STOCK,52,NEUTRAL,NASDAQ
2026-09-01T07:56:16.654741+09:00,2026-09-01,CHTR,"Charter Communications, Inc.",US,인터넷,2026-08-31,152.44,2720122,2563371.1,7.2911,20545480704,55,65,63,86,61,1,HOLD,0.38,5,False,live,STOCK,40,NEUTRAL,NASDAQ
2026-09-01T07:56:16.654741+09:00,2026-09-01,SOJD,Southern Company (The) Series 2,US,유틸리티,2026-08-31,18.25,90584,75839.2,0.1922,,50,60,58,50,50,0,HOLD,-0.05,-1,False,live,STOCK,40,NEUTRAL,NYSE
2026-09-01T07:56:16.654741+09:00,2026-09-01,GMAB,Genmab A/S,US,제약/바이오,2026-08-31,33.16,1732961,2930853.05,0.855,20380878848,73,65,60,53,68,2,WATCH,0.9,11,False,live,STOCK,87,NEUTRAL,NASDAQ
2026-09-01T07:56:16.654741+09:00,2026-09-01,WWD,"Woodward, Inc.",US,산업재,2026-08-31,339.82,695647,549647.35,9.9655,20064950272,28,60,50,42,36,0,AVOID,-0.54,-6,True,live,STOCK,23,NEUTRAL,NASDAQ
2026-09-01T07:56:16.654741+09:00,2026-09-01,YPF,YPF Sociedad Anónima,US,에너지,2026-08-31,51.58,1051776,1094678.8,1.7064,20223232000,87,60,67,74,71,2,WATCH,0.7,8,False,live,STOCK,51,NEUTRAL,NYSE
2026-09-01T07:56:16.654741+09:00,2026-09-01,SNX,TD Synnex Corp,US,IT,2026-08-31,252.85,535993,568099.65,6.8264,,43,60,66,66,52,0,HOLD,-0.14,-2,False,live,STOCK,30,NEUTRAL,NYSE
2026-09-01T07:56:16.654741+09:00,2026-09-01,MTSI,"MACOM Technology Solutions Holdings, Inc",US,반도체,2026-08-31,263.83,791299,1387939.95,15.9004,20148940800,15,65,60,35,37,0,AVOID,-0.74,-9,True,live,STOCK,36,NEUTRAL,NASDAQ
2026-09-01T07:56:16.654741+09:00,2026-09-01,SBAC,SBA Communications Corporation,US,리츠,2026-08-31,189.66,900943,905552.15,4.1008,20120672256,77,60,63,45,63,1,HOLD,0.55,7,False,live,STOCK,62,NEUTRAL,NASDAQ
2026-09-01T07:56:16.654741+09:00,2026-09-01,IP,International Paper Company,US,소재,2026-08-31,37.93,4881685,3652374.25,1.1375,20086585344,47,60,55,68,55,0,HOLD,0.27,3,False,live,STOCK,52,NEUTRAL,NYSE
2026-09-01T07:56:16.654741+09:00,2026-09-01,FDXF,"FedEx Freight Holding Company, Inc.",US,산업재,2026-08-31,133.74,1460014,1221950.7,5.6486,19996555264,28,60,78,42,47,1,HOLD,-0.32,-4,False,live,STOCK,35,NEUTRAL,NYSE
2026-09-01T07:56:16.654741+09:00,2026-09-01,SNA,Snap-on Incorporated,US,산업재,2026-08-31,386.31,418753,287937.65,6.2468,19982704640,20,60,45,58,41,0,AVOID,-0.4,-5,True,live,STOCK,48,NEUTRAL,NYSE
2026-09-01T07:56:16.654741+09:00,2026-09-01,KSPI,Joint Stock Company Kaspi.kz,US,IT,2026-08-31,105.14,563594,674664.7,3.2193,19979466752,85,60,45,80,71,3,BUY,0.94,11,False,live,STOCK,78,NEUTRAL,NASDAQ
2026-09-01T07:56:16.654741+09:00,2026-09-01,CF,"CF Industries Holdings, Inc.",US,소재,2026-08-31,130.03,3254062,2470128.1,5.0103,19678496768,78,60,63,86,73,2,WATCH,0.99,12,False,live,STOCK,69,NEUTRAL,NYSE
2026-09-01T07:56:16.654741+09:00,2026-09-01,RCI,Rogers Communications Inc.,US,인터넷,2026-08-31,36.89,861303,1007625.15,0.6336,19928909824,80,65,55,86,75,3,BUY,0.83,10,False,live,STOCK,88,NEUTRAL,NYSE
2026-09-01T07:56:16.654741+09:00,2026-09-01,ATHS,Athene Holding Ltd. 7.250% Fixe,US,금융,2026-08-31,24.84,36489,24254.45,0.1999,,58,60,58,50,53,0,HOLD,0.14,2,False,live,STOCK,40,NEUTRAL,NYSE
2026-09-01T07:56:16.654741+09:00,2026-09-01,WES,"Western Midstream Partners, LP",US,에너지,2026-08-31,48.1,755142,789072.1,0.9019,19873697792,62,60,68,60,64,0,HOLD,0.67,8,False,live,STOCK,66,NEUTRAL,NYSE
2026-09-01T07:56:16.654741+09:00,2026-09-01,TOST,"Toast, Inc.",US,IT,2026-08-31,34.09,11863406,10057145.3,1.1996,19704020992,51,60,50,50,52,0,HOLD,0.29,3,False,live,STOCK,61,NEUTRAL,NYSE
2026-09-01T07:56:16.654741+09:00,2026-09-01,SOJC,The Southern Company JR 2017B NT 77,US,유틸리티,2026-08-31,19.64,59173,33868.65,0.1969,,50,60,58,60,52,0,HOLD,-0.05,-1,False,live,STOCK,40,NEUTRAL,NYSE
2026-09-01T07:56:16.654741+09:00,2026-09-01,NI,NiSource Inc,US,유틸리티,2026-08-31,40.92,6917794,6309134.7,0.7518,19623598080,47,60,55,42,48,0,HOLD,-0.2,-2,False,live,STOCK,44,NEUTRAL,NYSE
2026-09-01T07:56:16.654741+09:00,2026-09-01,RS,Reliance Steel & Aluminum Co.,US,소재,2026-08-31,384.05,527037,349161.85,12.792,19607500800,35,60,50,58,48,0,HOLD,-0.17,-2,False,live,STOCK,55,NEUTRAL,NYSE
2026-09-01T07:56:16.654741+09:00,2026-09-01,TSN,"Tyson Foods, Inc.",US,소매,2026-08-31,55.14,3148261,2789323.05,1.2657,19398334464,31,60,63,66,46,0,HOLD,-0.35,-4,False,live,STOCK,25,NEUTRAL,NYSE
2026-09-01T07:56:16.654741+09:00,2026-09-01,FTAI,FTAI Aviation Ltd.,US,산업재,2026-08-31,190.1,1973345,1250057.25,10.5186,19524618240,18,60,65,34,37,0,AVOID,-0.71,-9,True,live,STOCK,26,NEUTRAL,NASDAQ
2026-09-01T07:56:16.654741+09:00,2026-09-01,PR,Permian Resources Corporation,US,에너지,2026-08-31,23.29,8808915,9856380.75,0.6593,19506704384,91,60,60,68,68,1,HOLD,0.93,11,False,live,STOCK,48,NEUTRAL,NYSE
2026-09-01T07:56:16.654741+09:00,2026-09-01,RIVN,"Rivian Automotive, Inc.",US,소비재,2026-08-31,16.06,23175408,21396870.4,0.6986,23252639744,65,60,53,50,59,0,HOLD,0.27,3,False,live,STOCK,67,NEUTRAL,NASDAQ
2026-09-01T07:56:16.654741+09:00,2026-09-01,SSNC,"SS&C Technologies Holdings, Inc.",US,IT,2026-08-31,82.97,1891484,1558969.2,1.6011,19469324288,66,60,60,74,68,2,WATCH,0.8,10,False,live,STOCK,77,NEUTRAL,NASDAQ
2026-09-01T07:56:16.654741+09:00,2026-09-01,CDW,CDW Corporation,US,IT,2026-08-31,151.58,2229928,2017091.4,6.3758,18950141952,88,60,60,58,73,2,WATCH,1.02,12,False,live,STOCK,84,NEUTRAL,NASDAQ
2026-09-01T07:56:16.654741+09:00,2026-09-01,ZBH,"Zimmer Biomet Holdings, Inc.",US,제약/바이오,2026-08-31,100.04,1299322,2132166.1,2.4121,19081398272,69,65,60,74,69,2,WATCH,0.85,10,False,live,STOCK,78,NEUTRAL,NYSE
2026-09-01T07:56:16.654741+09:00,2026-09-01,AQNB,Algonquin Power & Utilities Corp.,US,유틸리티,2026-08-31,26.34,19155,21242.75,0.1956,,72,60,55,50,56,1,HOLD,0.33,4,False,live,STOCK,40,NEUTRAL,NYSE
2026-09-01T07:56:16.654741+09:00,2026-09-01,MTZ,"MasTec, Inc.",US,산업재,2026-08-31,239.78,1576838,1502346.9,13.9943,19255519232,18,60,66,58,42,0,AVOID,-0.62,-7,True,live,STOCK,26,NEUTRAL,NYSE
2026-09-01T07:56:16.654741+09:00,2026-09-01,VTRS,Viatris Inc.,US,제약/바이오,2026-08-31,16.51,12668992,9935989.6,0.3859,18963234816,76,65,55,78,60,2,WATCH,0.42,5,False,live,STOCK,25,NEUTRAL,NASDAQ
2026-09-01T07:56:16.654741+09:00,2026-09-01,RBRK,"Rubrik, Inc.",US,IT,2026-08-31,93.04,5376476,3971518.8,6.4426,19150288896,47,60,60,35,55,1,HOLD,0.4,5,False,live,STOCK,81,NEUTRAL,NYSE
2026-09-01T07:56:16.654741+09:00,2026-09-01,OWL,Blue Owl Capital Inc.,US,금융,2026-08-31,12.24,18143751,18243837.55,0.4124,19181993984,59,60,56,59,63,1,HOLD,0.65,8,False,live,STOCK,83,NEUTRAL,NYSE
2026-09-01T07:56:16.654741+09:00,2026-09-01,BEKE,KE Holdings Inc.,US,리츠,2026-08-31,17.19,5047806,4122085.3,0.6079,18963238912,65,60,55,74,63,1,HOLD,0.42,5,False,live,STOCK,61,NEUTRAL,NYSE
2026-09-01T07:56:16.654741+09:00,2026-09-01,LUV,Southwest Airlines Co.,US,산업재,2026-08-31,38.53,4528849,4318572.45,1.1232,18849191936,20,60,63,58,47,0,HOLD,-0.36,-4,False,live,STOCK,52,NEUTRAL,NYSE
2026-09-01T07:56:16.654741+09:00,2026-09-01,NWS,News Corporation,US,인터넷,2026-08-31,34.41,1207066,1170633.3,0.7686,18483673088,91,65,48,61,71,2,WATCH,1.04,12,False,live,STOCK,87,NEUTRAL,NASDAQ
2026-09-01T07:56:16.654741+09:00,2026-09-01,GPC,Genuine Parts Company,US,소비재,2026-08-31,135.67,1243378,1137153.9,2.88,18703433728,66,60,63,43,63,1,HOLD,0.73,9,False,live,STOCK,78,NEUTRAL,NYSE
2026-09-01T07:56:16.654741+09:00,2026-09-01,EVRG,"Evergy, Inc.",US,유틸리티,2026-08-31,81.02,2798168,1949943.4,1.239,18680551424,31,60,60,42,45,0,HOLD,-0.2,-2,False,live,STOCK,47,NEUTRAL,NASDAQ
2026-09-01T07:56:16.654741+09:00,2026-09-01,PKX,POSCO Holdings Inc.,US,소재,2026-08-31,61.35,249019,243325.95,1.5543,18557337600,77,60,50,58,52,1,HOLD,0.0,0,False,live,STOCK,13,NEUTRAL,NYSE
2026-09-01T07:56:16.654741+09:00,2026-09-01,GEN,Gen Digital Inc.,US,IT,2026-08-31,31.0,7947287,5865139.35,0.9272,18556196864,88,60,53,66,74,2,WATCH,1.07,13,False,live,STOCK,90,NEUTRAL,NASDAQ
2026-09-01T07:56:16.654741+09:00,2026-09-01,NTNX,"Nutanix, Inc.",US,IT,2026-08-31,68.57,2707778,2933793.9,2.6141,18535876608,73,60,60,52,64,1,HOLD,0.77,9,False,live,STOCK,69,NEUTRAL,NASDAQ
2026-09-01T07:56:16.654741+09:00,2026-09-01,VIV,Telefônica Brasil S.A.,US,인터넷,2026-08-31,11.54,1578992,1678959.6,0.2569,18438647808,50,65,55,84,55,1,HOLD,-0.14,-2,False,live,STOCK,32,NEUTRAL,NYSE
2026-09-01T07:56:16.654741+09:00,2026-09-01,U,Unity Software Inc.,US,IT,2026-08-31,42.1,12876367,13149468.35,1.6128,18527744000,51,60,53,50,60,1,HOLD,0.55,7,False,live,STOCK,93,NEUTRAL,NYSE
2026-09-01T07:56:16.654741+09:00,2026-09-01,TSCO,Tractor Supply Company,US,소비재,2026-08-31,34.9,8929055,10922222.75,1.0011,18184300544,55,60,75,50,66,2,WATCH,0.76,9,False,live,STOCK,83,NEUTRAL,NASDAQ
2026-09-01T07:56:16.654741+09:00,2026-09-01,WIT,Wipro Limited,US,IT,2026-08-31,1.85,11499937,6819971.85,0.0579,18301616128,15,60,55,68,41,0,AVOID,-0.69,-8,True,live,STOCK,33,NEUTRAL,NYSE
2026-09-01T07:56:16.654741+09:00,2026-09-01,ESS,"Essex Property Trust, Inc.",US,리츠,2026-08-31,282.96,622228,398236.4,4.7829,19505250304,28,60,55,45,49,1,HOLD,-0.06,-1,False,live,STOCK,75,NEUTRAL,NYSE
2026-09-01T07:56:16.654741+09:00,2026-09-01,DD,"DuPont de Nemours, Inc.",US,소재,2026-08-31,134.59,1713203,1342080.15,3.0157,18175432704,35,60,47,58,42,0,AVOID,-0.48,-6,True,live,STOCK,27,NEUTRAL,NYSE
2026-09-01T07:56:16.654741+09:00,2026-09-01,OVV,Ovintiv Inc.,US,에너지,2026-08-31,65.65,2556987,3326679.35,1.635,18158790656,69,60,60,66,68,1,HOLD,0.83,10,False,live,STOCK,83,NEUTRAL,NYSE
2026-09-01T07:56:16.654741+09:00,2026-09-01,PAA,"Plains All American Pipeline, L.P.",US,에너지,2026-08-31,25.65,2710189,2649324.45,0.4868,18097778688,73,60,55,66,67,2,WATCH,0.79,9,False,live,STOCK,75,NEUTRAL,NASDAQ
2026-09-01T07:56:16.654741+09:00,2026-09-01,DINO,HF Sinclair Corporation,US,에너지,2026-08-31,101.61,4071154,2542922.7,3.6764,18064617472,77,60,63,78,76,3,BUY,1.11,13,False,live,STOCK,93,NEUTRAL,NYSE
2026-09-01T07:56:16.654741+09:00,2026-09-01,PTC,PTC Inc.,US,IT,2026-08-31,155.74,1416808,1190890.4,4.605,16898765824,62,60,63,68,66,1,HOLD,0.67,8,False,live,STOCK,75,NEUTRAL,NASDAQ
2026-09-01T07:56:16.654741+09:00,2026-09-01,NDSN,Nordson Corporation,US,산업재,2026-08-31,321.72,434976,423283.8,7.7036,17919600640,91,60,60,58,70,1,HOLD,0.96,12,False,live,STOCK,63,NEUTRAL,NASDAQ
2026-09-01T07:56:16.654741+09:00,2026-09-01,ITT,ITT Inc.,US,산업재,2026-08-31,200.29,500705,823815.25,5.4371,,35,60,63,58,53,0,HOLD,0.08,1,False,live,STOCK,61,NEUTRAL,NYSE
2026-09-01T07:56:16.654741+09:00,2026-09-01,MGA,Magna International Inc.,US,소비재,2026-08-31,65.57,633759,1184142.95,1.8732,17541275648,43,60,55,74,57,1,HOLD,0.09,1,False,live,STOCK,63,NEUTRAL,NYSE
2026-09-01T07:56:16.654741+09:00,2026-09-01,FTV,Fortive Corporation,US,IT,2026-08-31,58.84,3009619,2047350.95,1.0436,17770684416,28,60,63,74,54,1,HOLD,-0.05,-1,False,live,STOCK,59,NEUTRAL,NYSE
2026-09-01T07:56:16.654741+09:00,2026-09-01,WF,Woori Financial Group Inc.,US,금융,2026-08-31,73.14,69341,78562.05,1.5979,17749510144,88,60,55,88,64,2,WATCH,0.69,8,False,live,STOCK,18,NEUTRAL,NYSE
2026-09-01T07:56:16.654741+09:00,2026-09-01,BEN,"Franklin Resources, Inc.",US,금융,2026-08-31,34.15,3518905,3231130.25,0.6154,17350825984,54,60,58,58,56,0,HOLD,0.34,4,False,live,STOCK,54,NEUTRAL,NYSE
2026-09-01T07:56:16.654741+09:00,2026-09-01,AS,"Amer Sports, Inc.",US,소비재,2026-08-31,30.55,7611845,7420707.25,1.1416,17774661632,28,60,55,66,50,0,HOLD,-0.33,-4,False,live,STOCK,58,NEUTRAL,NYSE
2026-09-01T07:56:16.654741+09:00,2026-09-01,CHRW,"C.H. Robinson Worldwide, Inc.",US,산업재,2026-08-31,149.66,1410914,1396600.7,3.9639,17487960064,62,60,60,50,51,0,HOLD,-0.12,-1,False,live,STOCK,23,NEUTRAL,NASDAQ
2026-09-01T07:56:16.654741+09:00,2026-09-01,LDOS,"Leidos Holdings, Inc.",US,IT,2026-08-31,140.21,1422602,1480335.1,3.5764,17595262976,55,60,55,68,63,1,HOLD,0.57,7,False,live,STOCK,84,NEUTRAL,NYSE
2026-09-01T07:56:16.654741+09:00,2026-09-01,J,Jacobs Solutions Inc.,US,산업재,2026-08-31,149.05,1366942,910402.1,3.0474,17444603904,66,60,60,58,66,1,HOLD,0.79,9,False,live,STOCK,83,NEUTRAL,NYSE
2026-09-01T07:56:16.654741+09:00,2026-09-01,LNT,Alliant Energy Corporation,US,유틸리티,2026-08-31,67.98,2334076,2339833.8,1.1164,17626175488,31,60,60,42,44,0,AVOID,-0.3,-4,True,live,STOCK,41,NEUTRAL,NASDAQ
2026-09-01T07:56:16.654741+09:00,2026-09-01,CG,The Carlyle Group Inc.,US,금융,2026-08-31,48.39,2512663,4205658.15,1.4949,17242943488,47,60,60,50,55,0,HOLD,0.3,4,False,live,STOCK,66,NEUTRAL,NASDAQ
2026-09-01T07:56:16.654741+09:00,2026-09-01,BIP,Brookfield Infrastructure Partners L.P.,US,유틸리티,2026-08-31,37.8,583870,730803.5,0.8329,29930756096,43,60,55,30,44,0,AVOID,-0.19,-2,True,live,STOCK,45,NEUTRAL,NYSE
2026-09-01T07:56:16.654741+09:00,2026-09-01,EWBC,"East West Bancorp, Inc.",US,금융,2026-08-31,126.86,1137889,637164.45,2.4232,17381324800,43,60,50,55,43,0,AVOID,-0.24,-3,True,live,STOCK,19,NEUTRAL,NASDAQ
2026-09-01T07:56:16.654741+09:00,2026-09-01,FLUT,Flutter Entertainment plc,US,소비재,2026-08-31,100.18,4574732,3651536.6,4.5285,17385148416,65,60,70,60,61,1,HOLD,0.38,5,False,live,STOCK,42,NEUTRAL,NYSE
2026-09-01T07:56:16.654741+09:00,2026-09-01,ROL,"Rollins, Inc.",US,산업재,2026-08-31,36.07,5059762,4549288.1,0.8068,17354913792,40,60,60,37,41,0,AVOID,-0.49,-6,True,live,STOCK,20,NEUTRAL,NYSE
2026-09-01T07:56:16.654741+09:00,2026-09-01,INVH,Invitation Homes Inc.,US,리츠,2026-08-31,29.14,6024186,3639784.3,0.4344,17310382080,46,60,63,53,49,0,HOLD,-0.04,0,False,live,STOCK,28,NEUTRAL,NYSE
2026-09-01T07:56:16.654741+09:00,2026-09-01,MKSI,MKS Inc.,US,IT,2026-08-31,256.24,960794,1427334.7,14.1053,17326323712,18,60,50,50,36,0,AVOID,-0.82,-10,True,live,STOCK,26,NEUTRAL,NASDAQ
2026-09-01T07:56:16.654741+09:00,2026-09-01,NLY,"Annaly Capital Management, Inc.",US,리츠,2026-08-31,22.92,8861309,6125435.45,0.3103,17275133952,47,60,58,65,57,0,HOLD,0.33,4,False,live,STOCK,63,NEUTRAL,NYSE
2026-09-01T07:56:16.654741+09:00,2026-09-01,JHX,James Hardie Industries plc,US,소재,2026-08-31,29.71,18697187,6544239.35,0.7907,17247322112,48,60,53,51,52,0,HOLD,0.24,3,False,live,STOCK,55,NEUTRAL,NYSE
2026-09-01T07:56:16.654741+09:00,2026-09-01,NWSA,News Corporation,US,인터넷,2026-08-31,30.71,5091839,4030631.95,0.6161,16496181248,76,65,58,66,69,2,WATCH,0.89,11,False,live,STOCK,77,NEUTRAL,NASDAQ
2026-09-01T07:56:16.654741+09:00,2026-09-01,DUKB,Duke Energy Corporation 5.625%,US,유틸리티,2026-08-31,22.1,42994,41209.7,0.1732,,50,60,58,50,50,0,HOLD,-0.07,-1,False,live,STOCK,40,NEUTRAL,NYSE
2026-09-01T07:56:16.654741+09:00,2026-09-01,PS,Pershing Square Inc.,US,금융,2026-08-31,42.92,164761,164903.05,2.5328,17167998976,84,60,65,34,67,2,WATCH,0.96,12,False,live,STOCK,76,NEUTRAL,NYSE
2026-09-01T07:56:16.654741+09:00,2026-09-01,GWRE,"Guidewire Software, Inc.",US,IT,2026-08-31,204.75,1322277,1087558.85,7.7268,17046740992,75,60,50,35,62,2,WATCH,0.78,9,False,live,STOCK,90,NEUTRAL,NYSE
2026-09-01T07:56:16.654741+09:00,2026-09-01,NVR,"NVR, Inc.",US,소비재,2026-08-31,6315.23,40888,32669.4,138.4707,16913152000,50,60,65,63,55,0,HOLD,0.17,2,False,live,STOCK,41,NEUTRAL,NYSE
2026-09-01T07:56:16.654741+09:00,2026-09-01,FUTU,Futu Holdings Limited,US,금융,2026-08-31,122.14,1291974,1468938.7,5.4455,17123355648,84,60,60,60,71,2,WATCH,1.03,12,False,live,STOCK,80,NEUTRAL,NASDAQ
2026-09-01T07:56:16.654741+09:00,2026-09-01,APG,APi Group Corporation,US,산업재,2026-08-31,39.25,2763477,2379293.85,1.1648,16962291712,43,60,45,50,49,0,HOLD,-0.15,-2,False,live,STOCK,62,NEUTRAL,NYSE
2026-09-01T07:56:16.654741+09:00,2026-09-01,BBY,"Best Buy Co., Inc.",US,소비재,2026-08-31,80.15,5612823,3908981.15,3.4568,16892985344,50,60,50,68,57,0,HOLD,0.35,4,False,live,STOCK,69,NEUTRAL,NYSE
2026-09-01T07:56:16.654741+09:00,2026-09-01,IEX,IDEX Corporation,US,산업재,2026-08-31,228.64,521122,548941.1,4.8918,16855316480,47,60,63,58,57,0,HOLD,0.31,4,False,live,STOCK,61,NEUTRAL,NYSE
2026-09-01T07:56:16.654741+09:00,2026-09-01,WY,Weyerhaeuser Company,US,리츠,2026-08-31,23.37,6768761,4978338.05,0.5368,16843600896,35,60,60,50,42,0,AVOID,-0.37,-4,True,live,STOCK,19,NEUTRAL,NYSE
2026-09-01T07:56:16.654741+09:00,2026-09-01,ZBRA,Zebra Technologies Corporation,US,IT,2026-08-31,353.55,517126,763716.3,10.705,16726683648,43,60,55,66,56,0,HOLD,0.34,4,False,live,STOCK,69,NEUTRAL,NASDAQ
2026-09-01T07:56:16.654741+09:00,2026-09-01,JLL,Jones Lang LaSalle Incorporated,US,리츠,2026-08-31,365.87,570285,301599.25,10.2357,16832838656,51,60,53,76,59,1,HOLD,0.43,5,False,live,STOCK,63,NEUTRAL,NYSE
2026-09-01T07:56:16.654741+09:00,2026-09-01,ZTO,ZTO Express (Cayman) Inc.,US,산업재,2026-08-31,21.17,1697285,1888349.25,0.5135,16068333568,20,60,55,78,48,1,HOLD,-0.34,-4,False,live,STOCK,52,NEUTRAL,NYSE
2026-09-01T07:56:16.654741+09:00,2026-09-01,BALL,Ball Corporation,US,소비재,2026-08-31,62.97,2301087,1730209.35,1.14,16668370944,47,60,55,58,57,1,HOLD,0.41,5,False,live,STOCK,74,NEUTRAL,NYSE
2026-09-01T07:56:16.654741+09:00,2026-09-01,CLH,"Clean Harbors, Inc.",US,산업재,2026-08-31,315.25,549388,433879.4,6.503,16641179648,62,60,55,58,63,1,HOLD,0.67,8,False,live,STOCK,83,NEUTRAL,NYSE
2026-09-01T07:56:16.654741+09:00,2026-09-01,SBS,Companhia de Saneamento Básico do Estado,US,유틸리티,2026-08-31,4.86,12627334,10726501.7,0.1618,17091190784,50,60,55,70,53,1,HOLD,-0.14,-2,False,live,STOCK,36,NEUTRAL,NYSE
2026-09-01T07:56:16.654741+09:00,2026-09-01,WCC,"WESCO International, Inc.",US,산업재,2026-08-31,340.4,325217,501995.85,11.53,16588663808,40,60,60,58,51,0,HOLD,-0.13,-2,False,live,STOCK,48,NEUTRAL,NYSE
2026-09-01T07:56:16.654741+09:00,2026-09-01,MEDP,"Medpace Holdings, Inc.",US,제약/바이오,2026-08-31,593.99,346442,204692.1,18.4309,16579244032,51,65,45,37,52,1,HOLD,0.31,4,False,live,STOCK,78,NEUTRAL,NASDAQ
2026-09-01T07:56:16.654741+09:00,2026-09-01,CCZ,Comcast Holdings Corp.,US,인터넷,2026-08-28,66.45,0,130.0,0.4321,,66,65,55,50,54,0,HOLD,0.3,4,False,live,STOCK,40,NEUTRAL,NYSE
2026-09-01T07:56:16.654741+09:00,2026-09-01,BSAC,Banco Santander-Chile,US,금융,2026-08-31,34.75,346903,278115.15,0.8107,16371257344,47,60,55,60,55,0,HOLD,0.29,3,False,live,STOCK,62,NEUTRAL,NYSE
2026-09-01T07:56:16.654741+09:00,2026-09-01,BURL,"Burlington Stores, Inc.",US,소비재,2026-08-31,259.76,2878945,1314507.25,13.1314,16316875776,10,60,53,50,32,0,AVOID,-0.97,-12,True,live,STOCK,16,NEUTRAL,NYSE
2026-09-01T07:56:16.654741+09:00,2026-09-01,ASND,Ascendis Pharma A/S,US,제약/바이오,2026-08-31,263.04,973381,511014.05,8.2032,17253539840,77,65,75,42,62,2,WATCH,0.74,9,False,live,STOCK,40,NEUTRAL,NASDAQ
2026-09-01T07:56:16.654741+09:00,2026-09-01,TRU,TransUnion,US,금융,2026-08-31,84.91,1639448,1706342.4,2.2866,16268756992,91,60,53,58,70,2,WATCH,1.02,12,False,live,STOCK,77,NEUTRAL,NYSE
2026-09-01T07:56:16.654741+09:00,2026-09-01,VNOM,"Viper Energy, Inc.",US,에너지,2026-08-31,44.79,987005,1645605.25,0.9458,23469277184,87,60,60,50,60,1,HOLD,0.48,6,False,live,STOCK,32,NEUTRAL,NASDAQ
2026-09-01T07:56:16.654741+09:00,2026-09-01,RGA,"Reinsurance Group of America, Incorporat",US,금융,2026-08-31,246.04,317570,343338.5,4.4051,16066821120,66,60,63,86,70,1,HOLD,0.82,10,False,live,STOCK,69,NEUTRAL,NYSE
2026-09-01T07:56:16.654741+09:00,2026-09-01,GIB,CGI Inc.,US,IT,2026-08-31,75.25,377540,358497.0,1.6153,15582424064,55,60,60,68,66,1,HOLD,0.61,7,False,live,STOCK,87,NEUTRAL,NYSE
2026-09-01T07:56:16.654741+09:00,2026-09-01,KIM,Kimco Realty Corporation,US,리츠,2026-08-31,23.71,10948332,4303161.6,0.2807,15904415744,31,60,63,53,43,0,AVOID,-0.31,-4,True,live,STOCK,20,NEUTRAL,NYSE
2026-09-01T07:56:16.654741+09:00,2026-09-01,WPC,W. P. Carey Inc.,US,리츠,2026-08-31,69.96,2078552,1074232.6,0.8671,15937394688,31,60,60,58,46,0,HOLD,-0.28,-3,False,live,STOCK,36,NEUTRAL,NYSE
2026-09-01T07:56:16.654741+09:00,2026-09-01,ALB,Albemarle Corporation,US,소재,2026-08-31,134.97,1959184,2115619.2,5.4546,15927142400,70,60,63,59,60,1,HOLD,0.18,2,False,live,STOCK,41,NEUTRAL,NYSE
2026-09-01T07:56:16.654741+09:00,2026-09-01,DT,"Dynatrace, Inc.",US,IT,2026-08-31,54.59,7377201,7838825.05,1.9225,15843594240,92,60,53,43,68,2,WATCH,0.99,12,False,live,STOCK,78,NEUTRAL,NYSE
2026-09-01T07:56:16.654741+09:00,2026-09-01,STLA,Stellantis N.V.,US,소비재,2026-08-31,5.49,17360778,20373678.9,0.2093,20682606592,55,60,58,72,55,1,HOLD,-0.09,-1,False,live,STOCK,33,NEUTRAL,NYSE
2026-09-01T07:56:16.654741+09:00,2026-09-01,H,Hyatt Hotels Corporation,US,소비재,2026-08-31,166.97,844258,694582.9,4.4628,15734708224,31,60,53,43,39,0,AVOID,-0.55,-7,True,live,STOCK,27,NEUTRAL,NYSE
2026-09-01T07:56:16.654741+09:00,2026-09-01,LSCC,Lattice Semiconductor Corporation,US,반도체,2026-08-31,115.34,1237079,1697643.95,5.4123,16381770752,18,65,60,43,38,0,AVOID,-0.69,-8,True,live,STOCK,32,NEUTRAL,NASDAQ
2026-09-01T07:56:16.654741+09:00,2026-09-01,AKAM,"Akamai Technologies, Inc.",US,IT,2026-08-31,108.62,2399924,3525816.2,4.6564,15610498048,15,60,60,58,41,0,AVOID,-0.66,-8,True,live,STOCK,36,NEUTRAL,NASDAQ
2026-09-01T07:56:16.654741+09:00,2026-09-01,SOLV,Solventum Corporation,US,제약/바이오,2026-08-31,91.06,926320,1167526.0,2.1179,15500572672,76,65,63,70,71,3,BUY,0.96,12,False,live,STOCK,77,NEUTRAL,NYSE
2026-09-01T07:56:16.654741+09:00,2026-09-01,RBA,"RB Global, Inc.",US,산업재,2026-08-31,84.58,2186339,2397661.95,2.5547,15664216064,37,60,60,58,45,0,HOLD,-0.44,-5,False,live,STOCK,23,NEUTRAL,NYSE
2026-09-01T07:56:16.654741+09:00,2026-09-01,JAZZ,Jazz Pharmaceuticals plc,US,제약/바이오,2026-08-31,250.68,1220959,1105557.95,7.6889,16272785408,47,65,53,84,61,2,WATCH,0.41,5,False,live,STOCK,72,NEUTRAL,NASDAQ
2026-09-01T07:56:16.654741+09:00,2026-09-01,TIGO,Millicom International Cellular S.A.,US,인터넷,2026-08-31,93.76,1176995,1197534.75,3.1115,15724489728,69,65,60,74,64,1,HOLD,0.57,7,False,live,STOCK,54,NEUTRAL,NASDAQ
2026-09-01T07:56:16.654741+09:00,2026-09-01,RBC,RBC Bearings Incorporated,US,산업재,2026-08-31,494.26,318238,244781.9,14.3779,15647898624,20,60,50,50,35,0,AVOID,-0.82,-10,True,live,STOCK,20,NEUTRAL,NYSE
2026-09-01T07:56:16.654741+09:00,2026-09-01,RZC,"Reinsurance Group of America, Incorporat",US,금융,2026-08-31,25.66,39793,35904.65,0.1318,,65,60,55,50,54,0,HOLD,0.23,3,False,live,STOCK,40,NEUTRAL,NYSE
2026-09-01T07:56:16.654741+09:00,2026-09-01,CX,"CEMEX, S.A.B. de C.V.",US,소재,2026-08-31,10.74,3236826,6950616.3,0.2525,15497309184,40,60,63,74,50,1,HOLD,-0.33,-4,False,live,STOCK,20,NEUTRAL,NYSE
2026-09-01T07:56:16.654741+09:00,2026-09-01,PFGC,Performance Food Group Co,US,소매,2026-08-31,99.17,1650852,1768837.6,3.0967,15576876032,20,60,48,58,42,0,AVOID,-0.39,-5,True,live,STOCK,48,NEUTRAL,NYSE
2026-09-01T07:56:16.654741+09:00,2026-09-01,YUMC,"Yum China Holdings, Inc.",US,소비재,2026-08-31,44.61,2241520,1501426.0,1.1127,15206903808,43,60,53,68,55,0,HOLD,0.13,2,False,live,STOCK,63,NEUTRAL,NYSE
2026-09-01T07:56:16.654741+09:00,2026-09-01,NBIX,"Neurocrine Biosciences, Inc.",US,제약/바이오,2026-08-31,154.03,1741063,1207248.15,4.0321,15657023488,47,65,63,66,53,0,HOLD,0.02,0,False,live,STOCK,32,NEUTRAL,NASDAQ
2026-09-01T07:56:16.654741+09:00,2026-09-01,AGI,Alamos Gold Inc.,US,소재,2026-08-31,36.61,3170150,4820437.5,1.4665,15325110272,80,60,55,60,60,1,HOLD,0.34,4,False,live,STOCK,40,NEUTRAL,NYSE
2026-09-01T07:56:16.654741+09:00,2026-09-01,COKE,"Coca-Cola Consolidated, Inc.",US,소매,2026-08-31,195.57,593883,488319.15,5.9096,13017979904,91,60,55,53,65,1,HOLD,0.83,10,False,live,STOCK,55,NEUTRAL,NASDAQ
2026-09-01T07:56:16.654741+09:00,2026-09-01,LECO,"Lincoln Electric Holdings, Inc.",US,산업재,2026-08-31,281.23,298568,449483.4,7.4964,15328654336,47,60,63,50,58,1,HOLD,0.41,5,False,live,STOCK,74,NEUTRAL,NASDAQ
2026-09-01T07:56:16.654741+09:00,2026-09-01,EMA,Emera Incorporated,US,유틸리티,2026-08-31,50.09,283699,530944.95,0.6682,15385144320,28,60,55,42,43,0,AVOID,-0.32,-4,True,live,STOCK,47,NEUTRAL,NYSE
2026-09-01T07:56:16.654741+09:00,2026-09-01,APA,APA Corporation,US,에너지,2026-08-31,43.15,4249700,5659790.0,1.4468,15117668352,69,60,60,86,71,2,WATCH,0.89,11,False,live,STOCK,77,NEUTRAL,NASDAQ
2026-09-01T07:56:16.654741+09:00,2026-09-01,TYL,"Tyler Technologies, Inc.",US,IT,2026-08-31,372.22,4926305,966685.25,13.6729,15243254784,71,60,60,50,65,2,WATCH,0.81,10,False,live,STOCK,80,NEUTRAL,NYSE
2026-09-01T07:56:16.654741+09:00,2026-09-01,LAMR,Lamar Advertising Company,US,리츠,2026-08-31,149.01,394735,601841.75,2.7759,15131917312,28,60,65,42,48,0,HOLD,-0.11,-1,False,live,STOCK,60,NEUTRAL,NASDAQ
2026-09-01T07:56:16.654741+09:00,2026-09-01,TU,Telus Corp,US,인터넷,2026-08-31,9.68,4690724,7138471.2,0.2061,15246001152,40,65,55,68,52,0,HOLD,-0.23,-3,False,live,STOCK,49,NEUTRAL,NYSE
2026-09-01T07:56:16.654741+09:00,2026-09-01,PNFP,"Pinnacle Financial Partners, Inc.",US,금융,2026-08-31,99.97,1009438,902061.9,2.0168,15106731008,35,60,60,68,53,0,HOLD,0.04,0,False,live,STOCK,54,NEUTRAL,NYSE
2026-09-01T07:56:16.654741+09:00,2026-09-01,HST,"Host Hotels & Resorts, Inc.",US,리츠,2026-08-31,21.93,7039828,9651541.4,0.4136,15235351552,31,60,63,63,51,0,HOLD,-0.14,-2,False,live,STOCK,49,NEUTRAL,NASDAQ
2026-09-01T07:56:16.654741+09:00,2026-09-01,BBIO,"BridgeBio Pharma, Inc.",US,제약/바이오,2026-08-31,76.59,2063544,2128482.2,2.4705,14972807168,39,65,53,27,44,0,AVOID,0.05,1,True,live,STOCK,57,NEUTRAL,NASDAQ
2026-09-01T07:56:16.654741+09:00,2026-09-01,MAA,"Mid-America Apartment Communities, Inc.",US,리츠,2026-08-31,128.85,1268322,801251.1,2.1764,15328485376,31,60,66,53,45,0,HOLD,-0.24,-3,False,live,STOCK,26,NEUTRAL,NYSE
2026-09-01T07:56:16.654741+09:00,2026-09-01,ULS,UL Solutions Inc.,US,산업재,2026-08-31,74.52,648096,909714.8,1.6479,15045451776,37,60,53,42,42,0,AVOID,-0.5,-6,True,live,STOCK,32,NEUTRAL,NYSE
2026-09-01T07:56:16.654741+09:00,2026-09-01,SUI,"Sun Communities, Inc.",US,리츠,2026-08-31,121.42,1552931,2046486.55,2.5043,15341744128,72,60,63,46,61,1,HOLD,0.49,6,False,live,STOCK,57,NEUTRAL,NYSE
2026-09-01T07:56:16.654741+09:00,2026-09-01,SITM,SiTime Corporation,US,반도체,2026-08-31,565.42,311755,451677.75,40.2242,16937449472,30,65,60,30,38,0,AVOID,-0.61,-7,True,live,STOCK,26,NEUTRAL,NASDAQ
2026-09-01T07:56:16.654741+09:00,2026-09-01,KEP,Korea Electric Power Corporation,US,유틸리티,2026-08-31,11.6,618902,1008725.1,0.3489,14893568000,47,60,58,96,55,1,HOLD,-0.12,-1,False,live,STOCK,23,NEUTRAL,NYSE
2026-09-01T07:56:16.654741+09:00,2026-09-01,EG,"Everest Group, Ltd.",US,금융,2026-08-31,374.65,452583,275504.15,6.8086,14365106176,91,60,63,100,73,2,WATCH,0.96,12,False,live,STOCK,32,NEUTRAL,NYSE
2026-09-01T07:56:16.654741+09:00,2026-09-01,ARMK,Aramark,US,산업재,2026-08-31,56.31,2898638,2687091.9,1.2554,14844726272,35,60,60,66,48,0,HOLD,-0.12,-1,False,live,STOCK,32,NEUTRAL,NYSE
2026-09-01T07:56:16.654741+09:00,2026-09-01,FN,Fabrinet,US,IT,2026-08-31,412.93,1000440,1046477.0,34.1597,14797290496,18,60,55,50,37,0,AVOID,-0.76,-9,True,live,STOCK,27,NEUTRAL,NYSE
2026-09-01T07:56:16.654741+09:00,2026-09-01,GFL,GFL Environmental Inc.,US,산업재,2026-08-31,42.29,2585437,1757756.85,1.1588,15262052352,63,60,55,42,54,0,HOLD,0.42,5,False,live,STOCK,52,NEUTRAL,NYSE
2026-09-01T07:56:16.654741+09:00,2026-09-01,UNM,Unum Group,US,금융,2026-08-31,93.22,1462245,1278837.25,2.1407,14757359616,91,60,66,50,72,2,WATCH,1.08,13,False,live,STOCK,77,NEUTRAL,NYSE
2026-09-01T07:56:16.654741+09:00,2026-09-01,SKM,"SK Telecom Co.,Ltd",US,인터넷,2026-08-31,38.39,2137923,1922341.15,1.3986,14737465344,77,65,55,74,65,2,WATCH,0.35,4,False,live,STOCK,55,NEUTRAL,NYSE
2026-09-01T07:56:16.654741+09:00,2026-09-01,WMG,Warner Music Group Corp.,US,인터넷,2026-08-31,28.21,1294596,2029039.8,0.7346,14756925440,57,65,58,58,63,1,HOLD,0.34,4,False,live,STOCK,84,NEUTRAL,NASDAQ
2026-09-01T07:56:16.654741+09:00,2026-09-01,IONQ,"IonQ, Inc.",US,IT,2026-08-31,39.31,38566189,20172234.45,2.8689,15925882880,36,60,73,50,48,1,HOLD,-0.34,-4,False,live,STOCK,24,NEUTRAL,NYSE
2026-09-01T07:56:16.654741+09:00,2026-09-01,CNH,CNH Industrial N.V.,US,산업재,2026-08-31,11.83,103166413,20101725.65,0.4464,19024517120,91,60,55,58,69,2,WATCH,0.9,11,False,live,STOCK,70,NEUTRAL,NYSE
2026-09-01T07:56:16.654741+09:00,2026-09-01,MKC,"McCormick & Company, Incorporated",US,소매,2026-08-31,54.22,3364986,2327734.3,1.4807,14577131520,62,60,63,70,68,2,WATCH,0.78,9,False,live,STOCK,80,NEUTRAL,NYSE
2026-09-01T07:56:16.654741+09:00,2026-09-01,SWK,"Stanley Black & Decker, Inc.",US,산업재,2026-08-31,96.37,1624725,1696501.25,2.5343,14553474048,43,60,60,66,60,1,HOLD,0.46,6,False,live,STOCK,78,NEUTRAL,NYSE
2026-09-01T07:56:16.654741+09:00,2026-09-01,HTHT,H World Group Limited,US,소비재,2026-08-31,47.32,2294844,1702127.2,1.5636,14552026112,84,60,60,74,68,2,WATCH,0.74,9,False,live,STOCK,48,NEUTRAL,NASDAQ
2026-09-01T07:56:16.654741+09:00,2026-09-01,IVZ,Invesco Ltd.,US,금융,2026-08-31,32.78,4394692,4142899.6,0.7895,14472361984,69,60,60,86,70,1,HOLD,0.83,10,False,live,STOCK,69,NEUTRAL,NYSE
2026-09-01T07:56:16.654741+09:00,2026-09-01,CRBG,"Corebridge Financial, Inc.",US,금융,2026-08-31,32.54,3238913,4411940.65,0.6836,14505311232,51,60,53,58,60,1,HOLD,0.51,6,False,live,STOCK,84,NEUTRAL,NYSE
2026-09-01T07:56:16.654741+09:00,2026-09-01,UNMA,Unum Group 6.250% JR NT58,US,금융,2026-08-31,21.41,18212,21615.6,0.2302,,72,60,58,80,63,2,WATCH,0.36,4,False,live,STOCK,40,NEUTRAL,NYSE
2026-09-01T07:56:16.654741+09:00,2026-09-01,STRL,"Sterling Infrastructure, Inc.",US,산업재,2026-08-31,470.07,418253,633667.65,29.0058,14378744832,18,60,68,58,44,0,AVOID,-0.56,-7,True,live,STOCK,32,NEUTRAL,NASDAQ
2026-09-01T07:56:16.654741+09:00,2026-09-01,BMNR,"Bitmine Immersion Technologies, Inc.",US,금융,2026-08-31,25.32,41181680,39897509.0,1.4968,15273691136,73,60,63,42,66,2,WATCH,0.88,11,False,live,STOCK,86,NEUTRAL,NYSE
2026-09-01T07:56:16.654741+09:00,2026-09-01,ARCC,Ares Capital Corporation,US,금융,2026-08-31,20.07,4824286,3964219.3,0.2357,14410718208,62,60,53,71,64,2,WATCH,0.58,7,False,live,STOCK,77,NEUTRAL,NASDAQ
2026-09-01T07:56:16.654741+09:00,2026-09-01,TLK,Perusahaan Perseroan (Persero) PT Teleko,US,인터넷,2026-08-31,14.58,520981,600364.05,0.2289,14373101568,43,65,55,63,55,0,HOLD,0.05,1,False,live,STOCK,63,NEUTRAL,NYSE
2026-09-01T07:56:16.654741+09:00,2026-09-01,KKRS,KKR Group Finance Co. IX LLC 4.,US,금융,2026-08-31,16.18,38674,24168.7,0.1615,,43,60,58,50,48,0,HOLD,-0.07,-1,False,live,STOCK,40,NEUTRAL,NYSE
2026-09-01T07:56:16.654741+09:00,2026-09-01,RVTY,"Revvity, Inc.",US,제약/바이오,2026-08-31,128.67,1631779,1485408.95,3.6292,14357821440,85,65,63,51,71,2,WATCH,1.07,13,False,live,STOCK,84,NEUTRAL,NYSE
2026-09-01T07:56:16.654741+09:00,2026-09-01,DOC,"Healthpeak Properties, Inc.",US,리츠,2026-08-31,20.82,5586187,4937424.35,0.3517,14760282112,61,60,55,53,56,0,HOLD,0.34,4,False,live,STOCK,51,NEUTRAL,NYSE
2026-09-01T07:56:16.654741+09:00,2026-09-01,AIZN,"Assurant, Inc. 5.25% Subordinat",US,금융,2026-08-31,18.41,16639,11531.95,0.2373,,28,60,55,50,43,0,AVOID,-0.37,-4,True,live,STOCK,40,NEUTRAL,NYSE
2026-09-01T07:56:16.654741+09:00,2026-09-01,LTM,LATAM Airlines Group S.A.,US,산업재,2026-08-31,49.77,897847,850142.35,1.4297,,28,60,53,62,40,0,AVOID,-0.5,-6,True,live,STOCK,17,NEUTRAL,NYSE
2026-09-01T07:56:16.654741+09:00,2026-09-01,MAS,Masco Corporation,US,소재,2026-08-31,72.16,1781294,1951774.7,1.7579,14229045248,32,60,73,68,59,2,HOLD,0.26,3,False,live,STOCK,70,NEUTRAL,NYSE
2026-09-01T07:56:16.654741+09:00,2026-09-01,PAG,"Penske Automotive Group, Inc.",US,소비재,2026-08-31,216.59,413843,318112.15,2.7445,14221921280,51,60,66,60,59,0,HOLD,0.49,6,False,live,STOCK,60,NEUTRAL,NYSE
2026-09-01T07:56:16.654741+09:00,2026-09-01,CHKP,Check Point Software Technologies Ltd.,US,IT,2026-08-31,138.91,885112,886150.6,4.2907,14182799360,69,60,50,60,64,1,HOLD,0.51,6,False,live,STOCK,81,NEUTRAL,NASDAQ
2026-09-01T07:56:16.654741+09:00,2026-09-01,LOGI,Logitech International S.A.,US,IT,2026-08-31,98.69,856824,743456.2,2.7107,14131257344,15,60,60,58,46,0,HOLD,-0.49,-6,False,live,STOCK,59,NEUTRAL,NASDAQ
2026-09-01T07:56:16.654741+09:00,2026-09-01,GRAB,Grab Holdings Limited,US,IT,2026-08-31,3.54,31923698,37016689.9,0.1129,14483208192,47,60,50,66,54,0,HOLD,0.07,1,False,live,STOCK,61,NEUTRAL,NASDAQ
2026-09-01T07:56:16.654741+09:00,2026-09-01,CSL,Carlisle Companies Incorporated,US,소재,2026-08-31,346.58,3659641,560912.05,10.9873,13764123648,35,60,60,50,42,0,AVOID,-0.33,-4,True,live,STOCK,16,NEUTRAL,NYSE
2026-09-01T07:56:16.654741+09:00,2026-09-01,SJM,The J. M. Smucker Company,US,소매,2026-08-31,131.16,1246378,1243043.9,3.6398,14010929152,77,60,50,51,65,2,WATCH,0.81,10,False,live,STOCK,83,NEUTRAL,NYSE
2026-09-01T07:56:16.654741+09:00,2026-09-01,VIRT,"Virtu Financial, Inc.",US,금융,2026-08-31,65.64,1070618,1534255.9,3.2555,5796056576,85,60,63,70,72,2,WATCH,1.01,12,False,live,STOCK,66,NEUTRAL,NYSE
2026-09-01T07:56:16.654741+09:00,2026-09-01,TRMB,Trimble Inc.,US,IT,2026-08-31,59.94,25870386,3932144.3,2.145,13976799232,80,60,63,60,68,1,HOLD,0.74,9,False,live,STOCK,64,NEUTRAL,NASDAQ
2026-09-01T07:56:16.654741+09:00,2026-09-01,AIZ,"Assurant, Inc.",US,금융,2026-08-31,281.86,275480,372939.0,5.4857,13902396416,47,60,63,68,58,0,HOLD,0.38,5,False,live,STOCK,55,NEUTRAL,NYSE
2026-09-01T07:56:16.654741+09:00,2026-09-01,BWXT,"BWX Technologies, Inc.",US,산업재,2026-08-31,152.29,1007984,1035589.2,5.4141,13953111040,10,60,50,50,32,0,AVOID,-0.97,-12,True,live,STOCK,20,NEUTRAL,NYSE
2026-09-01T07:56:16.654741+09:00,2026-09-01,CRL,Charles River Laboratories International,US,제약/바이오,2026-08-31,288.24,1086021,1003426.05,9.3707,13883865088,73,65,50,58,66,2,WATCH,0.81,10,False,live,STOCK,87,NEUTRAL,NYSE
2026-09-01T07:56:16.654741+09:00,2026-09-01,TXT,Textron Inc.,US,산업재,2026-08-31,80.56,1506507,1370660.35,1.875,13855264768,20,60,63,68,44,0,AVOID,-0.55,-7,True,live,STOCK,26,NEUTRAL,NYSE
2026-09-01T07:56:16.654741+09:00,2026-09-01,AEFC,Aegon Funding Company LLC,US,금융,2026-08-31,17.77,105999,57169.95,0.2474,,28,60,55,50,43,0,AVOID,-0.42,-5,True,live,STOCK,40,NEUTRAL,NYSE
2026-09-01T07:56:16.654741+09:00,2026-09-01,PINS,"Pinterest, Inc.",US,인터넷,2026-08-31,21.71,23202627,11292346.35,0.841,12294654976,43,65,48,59,53,0,HOLD,0.1,1,False,live,STOCK,69,NEUTRAL,NYSE
2026-09-01T07:56:16.654741+09:00,2026-09-01,MLI,"Mueller Industries, Inc.",US,산업재,2026-08-31,62.41,1262848,1112882.4,1.9871,13803930624,40,60,50,55,49,0,HOLD,-0.14,-2,False,live,STOCK,55,NEUTRAL,NYSE
2026-09-01T07:56:16.654741+09:00,2026-09-01,QXO,"QXO, Inc.",US,산업재,2026-08-31,13.28,13566711,16354725.55,0.7089,13777875968,10,60,63,37,33,0,AVOID,-0.9,-11,True,live,STOCK,17,NEUTRAL,NYSE
2026-09-01T07:56:16.654741+09:00,2026-09-01,CACI,CACI International Inc,US,IT,2026-08-31,623.01,315548,299907.4,18.1893,13768235008,44,60,55,53,59,1,HOLD,0.48,6,False,live,STOCK,93,NEUTRAL,NYSE
2026-09-01T07:56:16.654741+09:00,2026-09-01,AEG,Aegon Ltd.,US,금융,2026-08-31,9.14,4830858,4366287.9,0.1314,13571937280,44,60,50,47,48,0,HOLD,0.06,1,False,live,STOCK,51,NEUTRAL,NYSE
2026-09-01T07:56:16.654741+09:00,2026-09-01,EXEL,"Exelixis, Inc.",US,제약/바이오,2026-08-31,54.64,2246335,2503196.75,1.3401,13538791424,76,65,63,76,72,3,BUY,0.95,11,False,live,STOCK,77,NEUTRAL,NASDAQ
2026-09-01T07:56:16.654741+09:00,2026-09-01,BNT,Brookfield Wealth Solutions Ltd.,US,금융,2026-08-31,41.24,9645,12127.25,0.6582,11315184640,35,60,55,60,47,0,HOLD,-0.32,-4,False,live,STOCK,40,NEUTRAL,NYSE
2026-09-01T07:56:16.654741+09:00,2026-09-01,ECHO,EchoStar Corporation,US,인터넷,2026-08-31,86.44,1905603,3281135.15,2.7725,25110018048,40,65,48,62,48,0,HOLD,-0.35,-4,False,live,STOCK,46,NEUTRAL,NASDAQ
2026-09-01T07:56:16.654741+09:00,2026-09-01,TKO,"TKO Group Holdings, Inc.",US,인터넷,2026-08-31,182.61,710126,1100381.3,5.2036,34562543616,43,65,53,43,50,0,HOLD,-0.15,-2,False,live,STOCK,62,NEUTRAL,NYSE
2026-09-01T07:56:16.654741+09:00,2026-09-01,EQH,"Equitable Holdings, Inc.",US,금융,2026-08-31,50.13,2060524,2621761.2,1.0753,13673749504,51,60,56,62,61,1,HOLD,0.56,7,False,live,STOCK,84,NEUTRAL,NYSE
2026-09-01T07:56:16.654741+09:00,2026-09-01,OHI,"Omega Healthcare Investors, Inc.",US,리츠,2026-08-31,45.72,1863177,1660538.85,0.6972,14598272000,28,60,63,55,49,0,HOLD,-0.07,-1,False,live,STOCK,55,NEUTRAL,NYSE
2026-09-01T07:56:16.654741+09:00,2026-09-01,COO,"The Cooper Companies, Inc.",US,제약/바이오,2026-08-31,70.09,2156650,1646037.5,1.4252,13669695488,39,65,63,58,54,0,HOLD,0.27,3,False,live,STOCK,58,NEUTRAL,NASDAQ
2026-09-01T07:56:16.654741+09:00,2026-09-01,LULU,Lululemon Athletica Inc.,US,소비재,2026-08-31,120.26,13625993,3379204.65,4.5129,13655994368,43,60,65,86,55,1,HOLD,-0.05,-1,False,live,STOCK,26,NEUTRAL,NASDAQ
2026-09-01T07:56:16.654741+09:00,2026-09-01,REG,Regency Centers Corporation,US,리츠,2026-08-31,74.77,1783930,1199306.5,0.8721,13978903552,31,60,63,58,46,0,HOLD,-0.24,-3,False,live,STOCK,32,NEUTRAL,NASDAQ
2026-09-01T07:56:16.654741+09:00,2026-09-01,FIVE,"Five Below, Inc.",US,소비재,2026-08-31,246.84,1104819,989130.95,9.2407,13649104896,69,60,68,66,68,0,HOLD,0.8,10,False,live,STOCK,69,NEUTRAL,NASDAQ
2026-09-01T07:56:16.654741+09:00,2026-09-01,SGI,Somnigroup International Inc,US,소비재,2026-08-31,64.75,4321356,3701587.8,2.0893,13621165056,50,60,68,74,57,1,HOLD,0.09,1,False,live,STOCK,33,NEUTRAL,NYSE
2026-09-01T07:56:16.654741+09:00,2026-09-01,RNR,RenaissanceRe Holdings Ltd.,US,금융,2026-08-31,327.64,285255,241552.75,5.6743,13614062592,91,60,53,73,64,2,WATCH,0.74,9,False,live,STOCK,29,NEUTRAL,NYSE
2026-09-01T07:56:16.654741+09:00,2026-09-01,W,Wayfair Inc.,US,소비재,2026-08-31,99.27,2558235,3172361.75,4.3906,13596819456,54,60,50,45,51,0,HOLD,0.27,3,False,live,STOCK,55,NEUTRAL,NYSE
2026-09-01T07:56:16.654741+09:00,2026-09-01,BAX,Baxter International Inc.,US,제약/바이오,2026-08-31,26.0,3901994,6015139.7,0.6583,13441896448,48,65,66,63,61,0,HOLD,0.52,6,False,live,STOCK,69,NEUTRAL,NYSE
2026-09-01T07:56:16.654741+09:00,2026-09-01,TLN,Talen Energy Corporation,US,유틸리티,2026-08-31,295.76,741086,868789.3,15.1502,14171121664,10,60,73,70,49,2,HOLD,-0.46,-6,False,live,STOCK,49,NEUTRAL,NASDAQ
2026-09-01T07:56:16.654741+09:00,2026-09-01,TOL,"Toll Brothers, Inc.",US,소비재,2026-08-31,143.45,704603,875000.15,4.4414,13250189312,28,60,60,78,53,1,HOLD,-0.03,0,False,live,STOCK,55,NEUTRAL,NYSE
2026-09-01T07:56:16.654741+09:00,2026-09-01,GL,Globe Life Inc.,US,금융,2026-08-31,172.67,590451,517622.55,3.4911,13269594112,29,60,50,78,50,1,HOLD,0.03,0,False,live,STOCK,54,NEUTRAL,NYSE
2026-09-01T07:56:16.654741+09:00,2026-09-01,FIG,"Figma, Inc.",US,IT,2026-08-31,27.49,19915296,20554844.8,1.7582,14652440576,84,60,50,30,62,2,WATCH,0.77,9,False,live,STOCK,77,NEUTRAL,NYSE
2026-09-01T07:56:16.654741+09:00,2026-09-01,HUBS,"HubSpot, Inc.",US,IT,2026-08-31,261.36,1190808,2085260.4,13.5875,13379203072,84,60,55,51,70,2,WATCH,0.93,11,False,live,STOCK,90,NEUTRAL,NYSE
2026-09-01T07:56:16.654741+09:00,2026-09-01,DTM,"DT Midstream, Inc.",US,에너지,2026-08-31,131.02,612160,1028553.0,3.9054,13366044672,50,60,65,50,53,0,HOLD,0.01,0,False,live,STOCK,42,NEUTRAL,NYSE
2026-09-01T07:56:16.654741+09:00,2026-09-01,HL,Hecla Mining Company,US,소재,2026-08-31,19.87,24417069,38380648.45,1.0638,13348039680,84,60,40,53,65,2,WATCH,0.8,10,False,live,STOCK,87,NEUTRAL,NYSE
2026-09-01T07:56:16.654741+09:00,2026-09-01,SEIC,SEI Investments Company,US,금융,2026-08-31,110.98,722781,596379.05,1.5921,13319729152,80,60,45,50,62,2,WATCH,0.74,9,False,live,STOCK,75,NEUTRAL,NASDAQ
2026-09-01T07:56:16.654741+09:00,2026-09-01,AVY,Avery Dennison Corporation,US,소비재,2026-08-31,174.11,7272127,1040706.35,4.6729,13195473920,50,60,55,58,54,0,HOLD,0.25,3,False,live,STOCK,52,NEUTRAL,NYSE
2026-09-01T07:56:16.654741+09:00,2026-09-01,BIPI,BIP Bermuda Holdings I Limited,US,산업재,2026-08-31,16.74,17962,10658.1,0.1557,,58,60,55,50,52,0,HOLD,0.13,2,False,live,STOCK,40,NEUTRAL,NYSE
2026-09-01T07:56:16.654741+09:00,2026-09-01,RPM,RPM International Inc.,US,소재,2026-08-31,104.1,11381568,1501328.4,2.9671,13287635968,35,60,60,58,43,0,AVOID,-0.32,-4,True,live,STOCK,16,NEUTRAL,NYSE
2026-09-01T07:56:16.654741+09:00,2026-09-01,ONTO,Onto Innovation Inc.,US,반도체,2026-08-31,267.21,835079,1090638.95,19.0195,16332792832,43,65,63,43,48,0,HOLD,-0.11,-1,False,live,STOCK,39,NEUTRAL,NYSE
2026-09-01T07:56:16.654741+09:00,2026-09-01,HAS,"Hasbro, Inc.",US,소비재,2026-08-31,94.1,1340807,1497305.35,2.067,13272284160,55,60,45,60,56,0,HOLD,0.36,4,False,live,STOCK,69,NEUTRAL,NASDAQ
2026-09-01T07:56:16.654741+09:00,2026-09-01,IT,"Gartner, Inc.",US,IT,2026-08-31,198.11,997676,1513108.8,8.0596,12510443520,62,60,45,84,66,2,WATCH,0.69,8,False,live,STOCK,87,NEUTRAL,NYSE
2026-09-01T07:56:16.654741+09:00,2026-09-01,IREN,IREN Limited,US,IT,2026-08-31,37.115,39403071,45028033.55,3.4571,13264110592,21,60,73,45,41,1,AVOID,-0.59,-7,True,live,STOCK,20,NEUTRAL,NASDAQ
2026-09-01T07:56:16.654741+09:00,2026-09-01,MAIR,Madison Air Solutions Corporation,US,산업재,2026-08-31,26.4,1334314,2754730.7,1.8883,13245476864,15,60,70,43,38,1,AVOID,-0.71,-9,True,live,STOCK,20,NEUTRAL,NYSE
2026-09-01T07:56:16.654741+09:00,2026-09-01,LII,Lennox International Inc.,US,산업재,2026-08-31,382.64,640300,491750.0,11.8357,13224297472,32,60,63,52,43,0,AVOID,-0.52,-6,True,live,STOCK,20,NEUTRAL,NYSE
2026-09-01T07:56:16.654741+09:00,2026-09-01,SREA,Sempra,US,유틸리티,2026-08-31,20.21,110643,56332.15,0.1834,,28,60,58,50,44,0,AVOID,-0.35,-4,True,live,STOCK,40,NEUTRAL,NYSE
2026-09-01T07:56:16.654741+09:00,2026-09-01,ALLE,Allegion plc,US,산업재,2026-08-31,155.25,7468467,1392248.35,3.6657,13201960960,43,60,45,58,48,0,HOLD,0.08,1,False,live,STOCK,51,NEUTRAL,NYSE
2026-09-01T07:56:16.654741+09:00,2026-09-01,CNA,CNA Financial Corporation,US,금융,2026-08-31,48.57,324567,364293.35,0.8673,13143087104,32,60,60,86,55,1,HOLD,0.19,2,False,live,STOCK,51,NEUTRAL,NYSE
2026-09-01T07:56:16.654741+09:00,2026-09-01,EMBJ,Embraer S.A.,US,산업재,2026-08-31,71.56,1387747,1360737.35,2.11,12734691328,54,60,55,61,57,0,HOLD,0.42,5,False,live,STOCK,60,NEUTRAL,NYSE
2026-09-01T07:56:16.654741+09:00,2026-09-01,WSE,Wise Group plc Class A Ordinary Shares,US,IT,2026-08-31,13.11,1071340,1023762.0,0.3564,12896692224,77,60,75,45,66,2,WATCH,0.86,10,False,live,STOCK,58,NEUTRAL,NASDAQ
2026-09-01T07:56:16.654741+09:00,2026-09-01,MANH,"Manhattan Associates, Inc.",US,IT,2026-08-31,223.19,535201,847795.05,7.185,13013087232,77,60,50,35,64,2,WATCH,0.83,10,False,live,STOCK,93,NEUTRAL,NASDAQ
2026-09-01T07:56:16.654741+09:00,2026-09-01,CSGP,"CoStar Group, Inc.",US,리츠,2026-08-31,32.07,33460843,6942172.15,1.38,12994686976,51,60,63,51,48,0,HOLD,-0.12,-1,False,live,STOCK,20,NEUTRAL,NASDAQ
2026-09-01T07:56:16.654741+09:00,2026-09-01,GDDY,GoDaddy Inc.,US,IT,2026-08-31,97.88,1546445,1826907.25,4.2361,12396276736,62,60,53,76,68,2,WATCH,0.71,9,False,live,STOCK,90,NEUTRAL,NYSE
2026-09-01T07:56:16.654741+09:00,2026-09-01,DOCN,"DigitalOcean Holdings, Inc.",US,IT,2026-08-31,110.69,1817147,2459772.35,8.357,13014881280,21,60,73,26,39,1,AVOID,-0.59,-7,True,live,STOCK,30,NEUTRAL,NYSE
2026-09-01T07:56:16.654741+09:00,2026-09-01,TXRH,"Texas Roadhouse, Inc.",US,소비재,2026-08-31,195.6,572131,785746.55,4.6729,12839365632,39,60,53,42,46,0,HOLD,0.03,0,False,live,STOCK,48,NEUTRAL,NASDAQ
2026-09-01T07:56:16.654741+09:00,2026-09-01,ALLY,Ally Financial Inc.,US,금융,2026-08-31,42.21,3429986,2867824.3,0.8099,12840267776,28,60,63,96,60,1,HOLD,0.13,2,False,live,STOCK,68,NEUTRAL,NYSE
2026-09-01T07:56:16.654741+09:00,2026-09-01,WSO,"Watsco, Inc.",US,산업재,2026-08-31,309.82,649155,485847.75,9.0436,12780753920,50,60,63,50,49,0,HOLD,-0.21,-3,False,live,STOCK,27,NEUTRAL,NYSE
2026-09-01T07:56:16.654741+09:00,2026-09-01,HBM,Hudbay Minerals Inc.,US,소재,2026-08-31,28.66,2453497,4680059.85,1.3325,12729189376,80,60,60,60,68,1,HOLD,0.56,7,False,live,STOCK,69,NEUTRAL,NYSE
2026-09-01T07:56:16.654741+09:00,2026-09-01,PEN,"Penumbra, Inc.",US,제약/바이오,2026-08-31,323.1,463203,271200.15,2.2002,12726723584,43,65,55,30,49,0,HOLD,0.01,0,False,live,STOCK,66,NEUTRAL,NYSE
2026-09-01T07:56:16.654741+09:00,2026-09-01,TME,Tencent Music Entertainment Group,US,인터넷,2026-08-31,8.27,7963267,12285898.35,0.2832,13550859264,43,65,58,78,59,1,HOLD,0.02,0,False,live,STOCK,66,NEUTRAL,NYSE
2026-09-01T07:56:16.654741+09:00,2026-09-01,CCK,"Crown Holdings, Inc.",US,소비재,2026-08-31,116.39,731868,771613.4,2.4838,12658635776,51,60,60,84,64,1,HOLD,0.57,7,False,live,STOCK,69,NEUTRAL,NYSE
2026-09-01T07:56:16.654741+09:00,2026-09-01,DOCU,"DocuSign, Inc.",US,IT,2026-08-31,66.27,3873341,2928307.05,2.7625,12653898752,92,60,50,66,71,2,WATCH,1.03,12,False,live,STOCK,77,NEUTRAL,NASDAQ
2026-09-01T07:56:16.654741+09:00,2026-09-01,ICLR,ICON Public Limited Company,US,제약/바이오,2026-08-31,164.99,707457,530397.85,6.6561,12729672704,47,65,50,51,56,1,HOLD,0.38,5,False,live,STOCK,81,NEUTRAL,NASDAQ
2026-09-01T07:56:16.654741+09:00,2026-09-01,HALO,"Halozyme Therapeutics, Inc.",US,제약/바이오,2026-08-31,106.49,1279974,2372453.7,2.73,12086402048,73,65,53,50,66,2,WATCH,0.85,10,False,live,STOCK,93,NEUTRAL,NASDAQ
2026-09-01T07:56:16.654741+09:00,2026-09-01,CHYM,"Chime Financial, Inc. Class A Common Sto",US,IT,2026-08-31,33.11,7132073,9887573.65,1.1865,12534953984,73,60,55,62,68,2,WATCH,0.87,10,False,live,STOCK,86,NEUTRAL,NASDAQ
2026-09-01T07:56:16.654741+09:00,2026-09-01,BMRN,BioMarin Pharmaceutical Inc.,US,제약/바이오,2026-08-31,65.23,2299072,2274688.6,1.7598,12626817024,48,65,66,51,60,1,HOLD,0.54,6,False,live,STOCK,78,NEUTRAL,NASDAQ
2026-09-01T07:56:16.654741+09:00,2026-09-01,GGG,Graco Inc.,US,산업재,2026-08-31,77.43,19490540,2383697.0,1.7607,12540084224,35,60,63,50,44,0,AVOID,-0.2,-2,True,live,STOCK,23,NEUTRAL,NYSE
2026-09-01T07:56:16.654741+09:00,2026-09-01,FNF,"Fidelity National Financial, Inc.",US,금융,2026-08-31,46.45,2038593,1555289.65,0.8743,12457556992,31,60,63,84,49,1,HOLD,-0.21,-3,False,live,STOCK,19,NEUTRAL,NYSE
2026-09-01T07:56:16.654741+09:00,2026-09-01,MICC,The Magnum Ice Cream Company N.V.,US,소매,2026-08-31,20.42,933705,738990.25,0.3909,12475970560,88,60,63,50,69,1,HOLD,1.0,12,False,live,STOCK,69,NEUTRAL,NYSE
2026-09-01T07:56:16.654741+09:00,2026-09-01,MDGL,"Madrigal Pharmaceuticals, Inc.",US,제약/바이오,2026-08-31,540.03,134577,278368.85,19.8814,12476921856,69,65,50,26,52,0,HOLD,0.42,5,False,live,STOCK,55,NEUTRAL,NASDAQ
2026-09-01T07:56:16.654741+09:00,2026-09-01,NXT,Nextpower Inc.,US,에너지,2026-08-31,82.03,2703843,2148252.15,4.4206,12602953728,10,60,53,53,34,0,AVOID,-0.9,-11,True,live,STOCK,24,NEUTRAL,NASDAQ
2026-09-01T07:56:16.654741+09:00,2026-09-01,SMTC,Semtech Corporation,US,반도체,2026-08-31,132.96,1996958,3162252.9,11.455,12408576000,40,65,66,35,48,0,HOLD,-0.25,-3,False,live,STOCK,47,NEUTRAL,NASDAQ
2026-09-01T07:56:16.654741+09:00,2026-09-01,TTMI,"TTM Technologies, Inc.",US,IT,2026-08-31,118.92,1401171,3003533.55,8.7157,12528087040,40,60,56,50,44,0,AVOID,-0.45,-5,True,live,STOCK,26,NEUTRAL,NASDAQ
2026-09-01T07:56:16.654741+09:00,2026-09-01,AGNC,AGNC Investment Corp.,US,리츠,2026-08-31,10.73,16687704,15152505.2,0.1486,12720216064,47,60,60,65,55,0,HOLD,0.2,2,False,live,STOCK,48,NEUTRAL,NASDAQ
2026-09-01T07:56:16.654741+09:00,2026-09-01,ELS,"Equity LifeStyle Properties, Inc.",US,리츠,2026-08-31,63.45,1236346,1227152.3,0.8779,12722417664,46,60,55,45,50,0,HOLD,0.07,1,False,live,STOCK,55,NEUTRAL,NYSE
2026-09-01T07:56:16.654741+09:00,2026-09-01,HMY,Harmony Gold Mining Company Limited,US,소재,2026-08-31,19.65,5610536,3780181.8,1.0075,12280805376,47,60,50,86,60,1,HOLD,0.35,4,False,live,STOCK,66,NEUTRAL,NYSE
2026-09-01T07:56:16.654741+09:00,2026-09-01,CORT,Corcept Therapeutics Incorporated,US,제약/바이오,2026-08-31,113.35,636458,827487.9,3.9682,12252953600,51,65,63,43,56,0,HOLD,0.44,5,False,live,STOCK,67,NEUTRAL,NASDAQ
2026-09-01T07:56:16.654741+09:00,2026-09-01,SF,Stifel Financial Corp,US,금융,2026-08-31,80.78,798314,961170.7,1.6171,12197919744,44,60,52,76,55,1,HOLD,0.26,3,False,live,STOCK,54,NEUTRAL,NYSE
2026-09-01T07:56:16.654741+09:00,2026-09-01,LI,Li Auto Inc.,US,소비재,2026-08-31,12.1,1459598,2628869.9,0.3226,11849846784,36,60,55,60,45,0,HOLD,-0.47,-6,False,live,STOCK,27,NEUTRAL,NASDAQ
2026-09-01T07:56:16.654741+09:00,2026-09-01,FMS,Fresenius Medical Care AG & Co. KGaA,US,제약/바이오,2026-08-31,22.74,601232,772896.6,0.3293,12102668288,24,65,58,100,48,1,HOLD,-0.2,-2,False,live,STOCK,16,NEUTRAL,NYSE
2026-09-01T07:56:16.654741+09:00,2026-09-01,WTS,"Watts Water Technologies, Inc.",US,산업재,2026-08-31,365.75,207667,191448.35,7.9748,12209850368,47,60,73,45,50,1,HOLD,0.19,2,False,live,STOCK,23,NEUTRAL,NYSE
2026-09-01T07:56:16.654741+09:00,2026-09-01,FROG,JFrog Ltd.,US,IT,2026-08-31,100.07,2191435,2212641.75,5.8333,12338762752,88,60,60,27,65,2,WATCH,0.93,11,False,live,STOCK,77,NEUTRAL,NASDAQ
2026-09-01T07:56:16.654741+09:00,2026-09-01,SNN,Smith & Nephew plc,US,제약/바이오,2026-08-31,28.76,4304385,1481919.25,0.5064,12036243456,28,65,60,58,44,0,AVOID,-0.34,-4,True,live,STOCK,30,NEUTRAL,NYSE
2026-09-01T07:56:16.654741+09:00,2026-09-01,IESC,"IES Holdings, Inc.",US,산업재,2026-08-31,303.0,343530,181191.5,59.7541,12074160128,10,60,45,42,35,0,AVOID,-0.83,-10,True,live,STOCK,52,NEUTRAL,NASDAQ
2026-09-01T07:56:16.654741+09:00,2026-09-01,DKNG,DraftKings Inc.,US,소비재,2026-08-31,24.29,11512897,13088074.85,1.2291,12058869760,28,60,60,60,54,1,HOLD,-0.03,0,False,live,STOCK,78,NEUTRAL,NASDAQ
2026-09-01T07:56:16.654741+09:00,2026-09-01,HRL,Hormel Foods Corporation,US,소매,2026-08-31,21.85,7475750,5024877.5,0.5957,12025164800,20,60,58,66,48,0,HOLD,-0.32,-4,False,live,STOCK,55,NEUTRAL,NYSE
2026-09-01T07:56:16.654741+09:00,2026-09-01,AIT,"Applied Industrial Technologies, Inc.",US,산업재,2026-08-31,323.98,370001,280170.05,9.4847,11889695744,39,60,60,50,49,0,HOLD,0.01,0,False,live,STOCK,48,NEUTRAL,NYSE
2026-09-01T07:56:16.654741+09:00,2026-09-01,RTO,Rentokil Initial plc,US,산업재,2026-08-31,23.79,2053154,1397082.7,0.3528,11972270080,37,60,55,66,47,0,HOLD,-0.41,-5,False,live,STOCK,30,NEUTRAL,NYSE
2026-09-01T07:56:16.654741+09:00,2026-09-01,AMH,American Homes 4 Rent,US,리츠,2026-08-31,33.3,1744328,1992936.4,0.4964,13651401728,46,60,75,58,54,1,HOLD,0.17,2,False,live,STOCK,32,NEUTRAL,NYSE
2026-09-01T07:56:16.654741+09:00,2026-09-01,ELAN,Elanco Animal Health Incorporated,US,제약/바이오,2026-08-31,23.92,5359839,8349551.95,0.7521,11946833920,72,65,72,53,65,2,WATCH,0.62,7,False,live,STOCK,58,NEUTRAL,NYSE
2026-09-01T07:56:16.654741+09:00,2026-09-01,JKHY,"Jack Henry & Associates, Inc.",US,IT,2026-08-31,167.91,835490,977174.5,5.2364,11930137600,88,60,63,50,72,2,WATCH,1.1,13,False,live,STOCK,83,NEUTRAL,NASDAQ
2026-09-01T07:56:16.654741+09:00,2026-09-01,EHC,Encompass Health Corporation,US,제약/바이오,2026-08-31,120.21,720697,1001024.85,2.3745,11859123200,36,65,45,58,50,1,HOLD,0.13,2,False,live,STOCK,72,NEUTRAL,NYSE
2026-09-01T07:56:16.654741+09:00,2026-09-01,GLPI,"Gaming and Leisure Properties, Inc.",US,리츠,2026-08-31,42.07,21415501,3721855.05,0.797,12600015872,31,60,60,60,45,0,HOLD,-0.38,-5,False,live,STOCK,29,NEUTRAL,NASDAQ
2026-09-01T07:56:16.654741+09:00,2026-09-01,CART,Maplebear Inc.,US,IT,2026-08-31,50.52,2976216,4493955.8,1.5757,11695383552,73,60,50,66,65,2,WATCH,0.75,9,False,live,STOCK,74,NEUTRAL,NASDAQ
2026-09-01T07:56:16.654741+09:00,2026-09-01,UDR,"UDR, Inc.",US,리츠,2026-08-31,36.95,2415822,2718956.1,0.5513,13574108160,31,60,60,53,42,0,AVOID,-0.33,-4,True,live,STOCK,23,NEUTRAL,NYSE
2026-09-01T07:56:16.654741+09:00,2026-09-01,PSKY,Paramount Skydance Corporation Class B C,US,인터넷,2026-08-31,10.91,11108648,10998697.4,0.4071,12240428032,65,65,63,51,68,1,HOLD,0.7,8,False,live,STOCK,97,NEUTRAL,NASDAQ
2026-09-01T07:56:16.654741+09:00,2026-09-01,DECK,Deckers Outdoor Corporation,US,소비재,2026-08-31,87.08,3102626,2423731.3,2.6643,11858716672,18,60,63,68,43,0,AVOID,-0.62,-7,True,live,STOCK,26,NEUTRAL,NYSE
2026-09-01T07:56:16.654741+09:00,2026-09-01,AFG,"American Financial Group, Inc.",US,금융,2026-08-31,142.55,353787,351199.35,2.3782,11820454912,50,60,53,60,61,1,HOLD,0.5,6,False,live,STOCK,90,NEUTRAL,NYSE
2026-09-01T07:56:16.654741+09:00,2026-09-01,CR,Crane Company,US,산업재,2026-08-31,205.07,535080,380319.0,5.9031,11853119488,24,60,63,58,46,0,HOLD,-0.12,-1,False,live,STOCK,42,NEUTRAL,NYSE
2026-09-01T07:56:16.654741+09:00,2026-09-01,PNW,Pinnacle West Capital Corporation,US,유틸리티,2026-08-31,97.64,941320,1042391.0,1.4964,11833697280,28,60,63,37,42,0,AVOID,-0.3,-4,True,live,STOCK,39,NEUTRAL,NYSE
2026-09-01T07:56:16.654741+09:00,2026-09-01,AR,Antero Resources Corporation,US,에너지,2026-08-31,38.48,3321237,3661226.85,0.9979,11830252544,84,60,55,78,71,2,WATCH,0.84,10,False,live,STOCK,69,NEUTRAL,NYSE
2026-09-01T07:56:16.654741+09:00,2026-09-01,IAG,Iamgold Corporation,US,소재,2026-08-31,20.45,3467974,6332938.7,0.9479,11676950528,84,60,55,73,74,3,BUY,1.07,13,False,live,STOCK,87,NEUTRAL,NYSE
2026-09-01T07:56:16.654741+09:00,2026-09-01,CLX,The Clorox Company,US,소매,2026-08-31,97.68,13448472,2987583.6,2.8,11812540416,39,60,60,50,51,0,HOLD,0.14,2,False,live,STOCK,58,NEUTRAL,NYSE
2026-09-01T07:56:16.654741+09:00,2026-09-01,ERIE,Erie Indemnity Company,US,금융,2026-08-31,255.56,1993359,322417.95,8.8707,13363198976,51,60,60,58,58,0,HOLD,0.46,6,False,live,STOCK,66,NEUTRAL,NASDAQ
2026-09-01T07:56:16.654741+09:00,2026-09-01,AMKR,"Amkor Technology, Inc.",US,반도체,2026-08-31,47.3,4394083,4230709.15,3.249,11751801856,18,65,50,58,37,0,AVOID,-0.81,-10,True,live,STOCK,23,NEUTRAL,NASDAQ
2026-09-01T07:56:16.654741+09:00,2026-09-01,EGO,Eldorado Gold Corporation,US,소재,2026-08-31,44.84,2169538,2812061.9,2.075,11694735360,88,60,55,55,64,1,HOLD,0.81,10,False,live,STOCK,51,NEUTRAL,NYSE
2026-09-01T07:56:16.654741+09:00,2026-09-01,WTRG,"Essential Utilities, Inc.",US,유틸리티,2026-08-31,41.17,2318816,1960645.8,0.7921,11677169664,91,60,63,37,69,2,WATCH,1.02,12,False,live,STOCK,78,NEUTRAL,NYSE
2026-09-01T07:56:16.654741+09:00,2026-09-01,SAIL,"SailPoint, Inc.",US,IT,2026-08-31,20.56,3778488,3184789.4,1.072,11661281280,84,60,60,42,68,2,WATCH,0.83,10,False,live,STOCK,83,NEUTRAL,NASDAQ
2026-09-01T07:56:16.654741+09:00,2026-09-01,ARWR,"Arrowhead Pharmaceuticals, Inc.",US,제약/바이오,2026-08-31,82.39,1595367,1130343.35,3.0133,11637955584,47,65,60,42,47,0,HOLD,0.12,1,False,live,STOCK,33,NEUTRAL,NASDAQ
2026-09-01T07:56:16.654741+09:00,2026-09-01,BJ,"BJ's Wholesale Club Holdings, Inc.",US,소매,2026-08-31,90.65,1608687,1903429.35,2.7564,11450426368,46,60,50,50,45,0,HOLD,-0.15,-2,False,live,STOCK,32,NEUTRAL,NYSE
2026-09-01T07:56:16.654741+09:00,2026-09-01,FHN,First Horizon Corporation,US,금융,2026-08-31,24.32,5312817,4716850.85,0.4286,11522259968,28,60,55,70,53,1,HOLD,-0.03,0,False,live,STOCK,69,NEUTRAL,NYSE
2026-09-01T07:56:16.654741+09:00,2026-09-01,DKS,"DICK'S Sporting Goods, Inc.",US,소비재,2026-08-31,135.1,4703336,4885856.8,10.2621,12091793408,10,60,75,68,45,1,HOLD,-0.58,-7,False,live,STOCK,29,NEUTRAL,NYSE
2026-09-01T07:56:16.654741+09:00,2026-09-01,HII,"Huntington Ingalls Industries, Inc.",US,산업재,2026-08-31,291.2,438824,424046.2,7.8145,11474620416,35,60,55,52,41,0,AVOID,-0.37,-4,True,live,STOCK,19,NEUTRAL,NYSE
2026-09-01T07:56:16.654741+09:00,2026-09-01,BTSG,"BrightSpring Health Services, Inc. Commo",US,제약/바이오,2026-08-31,58.4,1924415,2501415.75,2.3495,11555271680,50,65,45,58,45,0,HOLD,-0.23,-3,False,live,STOCK,23,NEUTRAL,NASDAQ
2026-09-01T07:56:16.654741+09:00,2026-09-01,ALGN,"Align Technology, Inc.",US,제약/바이오,2026-08-31,159.79,1288147,839407.35,5.5227,11351457792,25,65,63,74,55,2,HOLD,-0.04,0,False,live,STOCK,70,NEUTRAL,NASDAQ
2026-09-01T07:56:16.654741+09:00,2026-09-01,AHR,"American Healthcare REIT, Inc.",US,리츠,2026-08-31,55.21,1874941,3066937.05,1.0229,12035712000,69,60,58,43,63,1,HOLD,0.76,9,False,live,STOCK,83,NEUTRAL,NYSE
2026-09-01T07:56:16.654741+09:00,2026-09-01,TECH,Bio-Techne Corporation,US,제약/바이오,2026-08-31,72.31,2200640,2598222.0,0.2184,11339526144,73,65,73,51,67,2,WATCH,0.86,10,False,live,STOCK,64,NEUTRAL,NASDAQ
2026-09-01T07:56:16.654741+09:00,2026-09-01,DPZ,"Domino's Pizza, Inc.",US,소비재,2026-08-31,342.06,2509600,830285.0,11.0607,11315938304,47,60,50,50,49,0,HOLD,0.1,1,False,live,STOCK,48,NEUTRAL,NASDAQ
2026-09-01T07:56:16.654741+09:00,2026-09-01,DVA,DaVita Inc.,US,제약/바이오,2026-08-31,176.01,573886,1000674.3,4.3954,11229437952,50,65,53,84,54,1,HOLD,-0.06,-1,False,live,STOCK,32,NEUTRAL,NYSE
2026-09-01T07:56:16.654741+09:00,2026-09-01,SCI,Service Corporation International,US,소비재,2026-08-31,81.64,657063,775658.15,1.5957,11126844416,50,60,48,50,53,0,HOLD,0.29,3,False,live,STOCK,66,NEUTRAL,NYSE
2026-09-01T07:56:16.654741+09:00,2026-09-01,FDS,FactSet Research Systems Inc.,US,금융,2026-08-31,313.55,1075130,815951.5,10.915,11151576064,92,60,55,66,73,2,WATCH,1.09,13,False,live,STOCK,78,NEUTRAL,NYSE
2026-09-01T07:56:16.654741+09:00,2026-09-01,KNX,Knight-Swift Transportation Holdings Inc,US,산업재,2026-08-31,68.51,2957918,2763665.9,2.2707,11150413824,28,60,63,51,42,0,AVOID,-0.5,-6,True,live,STOCK,24,NEUTRAL,NYSE
2026-09-01T07:56:16.654741+09:00,2026-09-01,OC,Owens Corning,US,소재,2026-08-31,138.15,1241820,851371.0,4.3871,10920574976,39,60,60,78,56,1,HOLD,0.28,3,False,live,STOCK,55,NEUTRAL,NYSE
2026-09-01T07:56:16.654741+09:00,2026-09-01,AEIS,"Advanced Energy Industries, Inc.",US,IT,2026-08-31,276.86,636532,581291.6,16.8132,11088364544,28,60,50,50,39,0,AVOID,-0.6,-7,True,live,STOCK,30,NEUTRAL,NASDAQ
2026-09-01T07:56:16.654741+09:00,2026-09-01,EVR,Evercore Inc.,US,금융,2026-08-31,286.43,598860,502328.0,8.4449,11015460864,40,60,63,68,48,0,HOLD,-0.35,-4,False,live,STOCK,20,NEUTRAL,NYSE
2026-09-01T07:56:16.654741+09:00,2026-09-01,NVMI,Nova Ltd.,US,반도체,2026-08-31,348.45,302716,476710.8,17.1557,11082856448,10,65,40,50,29,0,AVOID,-1.08,-13,True,live,STOCK,20,NEUTRAL,NASDAQ
2026-09-01T07:56:16.654741+09:00,2026-09-01,TEM,"Tempus AI, Inc.",US,제약/바이오,2026-08-31,63.05,7164206,7487530.3,5.1505,11376410624,88,65,53,42,68,2,WATCH,0.99,12,False,live,STOCK,87,NEUTRAL,NASDAQ
2026-09-01T07:56:16.654741+09:00,2026-09-01,AUR,"Aurora Innovation, Inc.",US,IT,2026-08-31,5.63,29928371,29255873.55,0.3829,11283394560,25,60,45,50,45,1,HOLD,-0.46,-6,False,live,STOCK,70,NEUTRAL,NASDAQ
2026-09-01T07:56:16.654741+09:00,2026-09-01,TFII,TFI International Inc.,US,산업재,2026-08-31,134.19,165863,224598.15,3.7679,11029483520,18,60,63,66,46,0,HOLD,-0.52,-6,False,live,STOCK,41,NEUTRAL,NYSE
2026-09-01T07:56:16.654741+09:00,2026-09-01,GMED,"Globus Medical, Inc.",US,제약/바이오,2026-08-31,81.37,1025305,1372420.25,2.1643,10924893184,43,65,60,66,60,1,HOLD,0.31,4,False,live,STOCK,77,NEUTRAL,NYSE
2026-09-01T07:56:16.654741+09:00,2026-09-01,NYT,The New York Times Company,US,인터넷,2026-08-31,67.27,2454045,2383942.25,1.3471,10849546240,62,65,63,53,55,0,HOLD,0.07,1,False,live,STOCK,35,NEUTRAL,NYSE
2026-09-01T07:56:16.654741+09:00,2026-09-01,ENLT,Enlight Renewable Energy Ltd,US,유틸리티,2026-08-31,78.135,171574,187833.7,2.6714,10925561856,21,60,50,35,33,0,AVOID,-0.85,-10,True,live,STOCK,23,NEUTRAL,NASDAQ
2026-09-01T07:56:16.654741+09:00,2026-09-01,GNRC,Generac Holdings Inc.,US,산업재,2026-08-31,185.38,1073465,1045393.25,8.7896,10938599424,10,60,50,58,34,0,AVOID,-0.94,-11,True,live,STOCK,20,NEUTRAL,NYSE
2026-09-01T07:56:16.654741+09:00,2026-09-01,APC,ARKO Petroleum Corp. Class A Common Stoc,US,에너지,2026-08-31,18.15,123794,171974.7,0.5248,1498649472,28,60,55,58,52,1,HOLD,-0.08,-1,False,live,STOCK,78,NEUTRAL,NASDAQ
2026-09-01T07:56:16.654741+09:00,2026-09-01,SMMT,Summit Therapeutics Inc.,US,제약/바이오,2026-08-31,13.62,5424052,5516702.6,0.9129,10865349632,47,65,78,42,58,1,HOLD,0.2,2,False,live,STOCK,62,NEUTRAL,NASDAQ
2026-09-01T07:56:16.654741+09:00,2026-09-01,BXP,"BXP, Inc.",US,리츠,2026-08-31,67.99,1319865,1134673.25,1.6682,12297856000,47,60,63,53,56,0,HOLD,0.35,4,False,live,STOCK,61,NEUTRAL,NYSE
2026-09-01T07:56:16.654741+09:00,2026-09-01,XPEV,XPeng Inc.,US,소비재,2026-08-31,11.36,4578814,7975770.7,0.4326,10866903040,43,60,60,50,48,0,HOLD,-0.31,-4,False,live,STOCK,33,NEUTRAL,NYSE
2026-09-01T07:56:16.654741+09:00,2026-09-01,SUZ,Suzano S.A.,US,소재,2026-08-31,8.72,5319273,3864583.65,0.2561,10739209216,74,60,55,70,65,2,WATCH,0.64,8,False,live,STOCK,61,NEUTRAL,NYSE
2026-09-01T07:56:16.654741+09:00,2026-09-01,PAYC,"Paycom Software, Inc.",US,IT,2026-08-31,239.1,746577,905093.85,7.7319,10776624128,58,60,58,50,63,1,HOLD,0.7,8,False,live,STOCK,93,NEUTRAL,NYSE
2026-09-01T07:56:16.654741+09:00,2026-09-01,TX,Ternium S.A.,US,소재,2026-08-31,54.82,268017,658950.85,1.6457,,62,60,60,76,65,1,HOLD,0.58,7,False,live,STOCK,67,NEUTRAL,NYSE
2026-09-01T07:56:16.654741+09:00,2026-09-01,UMBF,UMB Financial Corporation,US,금융,2026-08-31,141.63,505737,472501.85,2.7807,10756803584,47,60,50,70,55,1,HOLD,0.23,3,False,live,STOCK,60,NEUTRAL,NASDAQ
2026-09-01T07:56:16.654741+09:00,2026-09-01,BPOP,"Popular, Inc.",US,금융,2026-08-31,168.19,482187,384384.35,3.13,10726905856,47,60,53,70,55,1,HOLD,0.24,3,False,live,STOCK,54,NEUTRAL,NASDAQ
2026-09-01T07:56:16.654741+09:00,2026-09-01,BSY,"Bentley Systems, Incorporated",US,IT,2026-08-31,36.75,2119504,2465275.2,1.3665,11101914112,55,60,60,42,60,1,HOLD,0.49,6,False,live,STOCK,83,NEUTRAL,NASDAQ
2026-09-01T07:56:16.654741+09:00,2026-09-01,EGP,"EastGroup Properties, Inc.",US,리츠,2026-08-31,199.5,318310,376675.5,2.8793,10727776256,31,60,63,45,44,0,AVOID,-0.23,-3,True,live,STOCK,33,NEUTRAL,NYSE
2026-09-01T07:56:16.654741+09:00,2026-09-01,FRHC,Freedom Holding Corp.,US,금융,2026-08-31,175.01,215381,132464.05,8.7306,11163479040,88,60,50,43,67,2,WATCH,0.91,11,False,live,STOCK,87,NEUTRAL,NASDAQ
2026-09-01T07:56:16.654741+09:00,2026-09-01,JEF,Jefferies Financial Group Inc.,US,금융,2026-08-31,52.64,1444573,1822088.65,1.3755,10706554880,25,60,60,68,44,0,AVOID,-0.37,-4,True,live,STOCK,27,NEUTRAL,NYSE
2026-09-01T07:56:16.654741+09:00,2026-09-01,PAC,"Grupo Aeroportuario del Pacífico, S.A.B.",US,산업재,2026-08-31,206.04,220694,119174.7,5.4061,12259755008,50,60,60,50,50,0,HOLD,-0.18,-2,False,live,STOCK,36,NEUTRAL,NYSE
2026-09-01T07:56:16.654741+09:00,2026-09-01,AM,Antero Midstream Corporation,US,에너지,2026-08-31,22.42,1875924,2376126.2,0.5443,10642190336,69,60,60,58,57,0,HOLD,0.36,4,False,live,STOCK,32,NEUTRAL,NYSE
2026-09-01T07:56:16.654741+09:00,2026-09-01,CPT,Camden Property Trust,US,리츠,2026-08-31,105.8,1300528,809901.4,1.6889,12244506624,31,60,66,45,44,0,AVOID,-0.25,-3,True,live,STOCK,30,NEUTRAL,NYSE
2026-09-01T07:56:16.654741+09:00,2026-09-01,KRYS,"Krystal Biotech, Inc.",US,제약/바이오,2026-08-31,359.36,222723,221596.15,10.8164,10636637184,77,65,45,34,53,1,HOLD,0.44,5,False,live,STOCK,46,NEUTRAL,NASDAQ
2026-09-01T07:56:16.654741+09:00,2026-09-01,GKOS,Glaukos Corporation,US,제약/바이오,2026-08-31,179.56,455469,639743.45,6.1371,10591155200,51,65,45,27,52,1,HOLD,0.36,4,False,live,STOCK,90,NEUTRAL,NYSE
2026-09-01T07:56:16.654741+09:00,2026-09-01,RRX,Regal Rexnord Corporation,US,산업재,2026-08-31,158.45,945635,1462291.75,5.8396,10547948544,7,60,63,58,37,0,AVOID,-0.85,-10,True,live,STOCK,20,NEUTRAL,NYSE
2026-09-01T07:56:16.654741+09:00,2026-09-01,SANM,Sanmina Corporation,US,IT,2026-08-31,196.72,850436,632766.8,9.3771,10543672320,40,60,65,58,49,0,HOLD,-0.29,-3,False,live,STOCK,30,NEUTRAL,NASDAQ
2026-09-01T07:56:16.654741+09:00,2026-09-01,DCI,"Donaldson Company, Inc.",US,산업재,2026-08-31,90.89,601196,645479.8,2.2893,,39,60,63,58,53,0,HOLD,0.13,2,False,live,STOCK,54,NEUTRAL,NYSE
2026-09-01T07:56:16.654741+09:00,2026-09-01,DAR,Darling Ingredients Inc.,US,소매,2026-08-31,66.27,4344826,2637811.3,3.13,10457597952,69,60,50,63,66,1,HOLD,0.7,8,False,live,STOCK,87,NEUTRAL,NYSE
2026-09-01T07:56:16.654741+09:00,2026-09-01,NIO,NIO Inc.,US,소비재,2026-08-31,4.23,44498855,28587712.75,0.12,10598971392,18,60,50,42,39,0,AVOID,-0.68,-8,True,live,STOCK,49,NEUTRAL,NYSE
2026-09-01T07:56:16.654741+09:00,2026-09-01,AES,The AES Corporation,US,유틸리티,2026-08-31,14.74,9090310,7293120.5,0.045,10516085760,65,60,58,70,65,1,HOLD,0.52,6,False,live,STOCK,69,NEUTRAL,NYSE
2026-09-01T07:56:16.654741+09:00,2026-09-01,GSAT,"Globalstar, Inc.",US,인터넷,2026-08-31,81.55,612284,749009.2,0.7529,10565895168,35,65,53,27,42,0,AVOID,-0.26,-3,True,live,STOCK,52,NEUTRAL,NASDAQ
2026-09-01T07:56:16.654741+09:00,2026-09-01,LFUS,"Littelfuse, Inc.",US,IT,2026-08-31,412.18,183584,221894.2,16.4208,10468855808,30,60,45,50,37,0,AVOID,-0.72,-9,True,live,STOCK,23,NEUTRAL,NASDAQ
2026-09-01T07:56:16.654741+09:00,2026-09-01,ARW,"Arrow Electronics, Inc.",US,IT,2026-08-31,204.43,503186,614439.3,6.8029,10406595584,28,60,60,84,54,1,HOLD,-0.19,-2,False,live,STOCK,55,NEUTRAL,NYSE
2026-09-01T07:56:16.654741+09:00,2026-09-01,ALSN,"Allison Transmission Holdings, Inc.",US,소비재,2026-08-31,125.71,747403,807730.15,3.8379,10380884992,62,60,50,66,55,0,HOLD,0.28,3,False,live,STOCK,42,NEUTRAL,NYSE
2026-09-01T07:56:16.654741+09:00,2026-09-01,MGM,MGM Resorts International,US,소비재,2026-08-31,41.36,2214805,2122940.25,0.7029,10582006784,20,60,63,74,44,1,AVOID,-0.58,-7,True,live,STOCK,23,NEUTRAL,NYSE
2026-09-01T07:56:16.654741+09:00,2026-09-01,WMS,"Advanced Drainage Systems, Inc.",US,소재,2026-08-31,135.73,475506,690695.3,4.6047,10234767360,28,60,55,58,42,0,AVOID,-0.39,-5,True,live,STOCK,26,NEUTRAL,NYSE
2026-09-01T07:56:16.654741+09:00,2026-09-01,SUN,Sunoco LP,US,에너지,2026-08-31,76.04,567461,439333.05,1.8893,14326989824,69,60,58,63,64,0,HOLD,0.69,8,False,live,STOCK,64,NEUTRAL,NYSE
2026-09-01T07:56:16.654741+09:00,2026-09-01,BIO,"Bio-Rad Laboratories, Inc.",US,제약/바이오,2026-08-31,386.12,300747,269432.35,10.8521,10324144128,80,65,60,37,65,2,WATCH,0.88,11,False,live,STOCK,78,NEUTRAL,NYSE
2026-09-01T07:56:16.654741+09:00,2026-09-01,MOH,"Molina Healthcare, Inc.",US,제약/바이오,2026-08-31,198.77,1035243,599702.15,6.8763,10375794688,54,65,63,51,49,0,HOLD,0.11,1,False,live,STOCK,17,NEUTRAL,NYSE
2026-09-01T07:56:16.654741+09:00,2026-09-01,UHS,"Universal Health Services, Inc.",US,제약/바이오,2026-08-31,170.33,754512,634580.6,4.6007,10038657024,47,65,63,70,59,1,HOLD,0.42,5,False,live,STOCK,58,NEUTRAL,NYSE
2026-09-01T07:56:16.654741+09:00,2026-09-01,PODD,Insulet Corp.,US,제약/바이오,2026-08-31,148.66,6625167,2058713.35,5.4982,10310195200,72,65,60,58,71,2,WATCH,0.85,10,False,live,STOCK,100,NEUTRAL,NASDAQ
2026-09-01T07:56:16.654741+09:00,2026-09-01,PAYP,PayPay Corporation,US,IT,2026-08-31,15.13,308286,688549.3,0.6064,10245175296,62,60,55,68,55,0,HOLD,-0.04,0,False,live,STOCK,32,NEUTRAL,NASDAQ
2026-09-01T07:56:16.654741+09:00,2026-09-01,HSIC,"Henry Schein, Inc.",US,제약/바이오,2026-08-31,89.8,1153566,1115703.3,1.6733,10007900160,62,65,60,58,62,0,HOLD,0.62,7,False,live,STOCK,67,NEUTRAL,NASDAQ
2026-09-01T07:56:16.654741+09:00,2026-09-01,AXSM,"Axsome Therapeutics, Inc.",US,제약/바이오,2026-08-31,198.52,503552,654757.6,6.4946,10398640128,20,65,60,34,37,0,AVOID,-0.66,-8,True,live,STOCK,29,NEUTRAL,NASDAQ
2026-09-01T07:56:16.654741+09:00,2026-09-01,RGEN,Repligen Corporation,US,제약/바이오,2026-08-31,180.98,790961,986013.05,6.6821,10213718016,63,65,60,43,64,1,HOLD,0.74,9,False,live,STOCK,90,NEUTRAL,NASDAQ
2026-09-01T07:56:16.654741+09:00,2026-09-01,SSB,SouthState Bank Corp.,US,금융,2026-08-31,104.89,610045,779452.25,1.6746,10171659264,39,60,53,70,53,1,HOLD,0.14,2,False,live,STOCK,55,NEUTRAL,NYSE
2026-09-01T07:56:16.654741+09:00,2026-09-01,ORI,Old Republic International Corporation,US,금융,2026-08-31,41.73,1746806,1029355.3,0.6414,10074995712,47,60,60,78,58,1,HOLD,0.35,4,False,live,STOCK,51,NEUTRAL,NYSE
2026-09-01T07:56:16.654741+09:00,2026-09-01,BEPI,Brookfield Renewable Partners L.P.,US,유틸리티,2026-08-31,16.26,12160,14193.0,0.1256,,66,60,55,50,54,0,HOLD,0.3,4,False,live,STOCK,40,NEUTRAL,NYSE
2026-09-01T07:56:16.654741+09:00,2026-09-01,AG,First Majestic Silver Corp.,US,소재,2026-08-31,20.59,6703648,10146587.4,1.0696,10148941824,80,60,45,66,59,1,HOLD,0.33,4,False,live,STOCK,40,NEUTRAL,NYSE
2026-09-01T07:56:16.654741+09:00,2026-09-01,CGNX,Cognex Corporation,US,IT,2026-08-31,60.96,1631689,2349289.45,2.422,10254924800,28,60,45,50,37,0,AVOID,-0.63,-8,True,live,STOCK,26,NEUTRAL,NASDAQ
2026-09-01T07:56:16.654741+09:00,2026-09-01,DRS,"Leonardo DRS, Inc.",US,산업재,2026-08-31,38.0,904580,829384.0,1.318,10141878272,10,60,53,50,35,0,AVOID,-0.88,-11,True,live,STOCK,29,NEUTRAL,NASDAQ
2026-09-01T07:56:16.654741+09:00,2026-09-01,WTFC,Wintrust Financial Corporation,US,금융,2026-08-31,150.36,356994,544659.7,3.025,10142596096,20,60,63,60,42,0,AVOID,-0.41,-5,True,live,STOCK,26,NEUTRAL,NASDAQ
2026-09-01T07:56:16.654741+09:00,2026-09-01,ESTC,Elastic N.V.,US,IT,2026-08-31,97.55,5804377,3067993.85,5.7004,10254513152,82,60,50,42,64,2,WATCH,0.82,10,False,live,STOCK,78,NEUTRAL,NYSE
2026-09-01T07:56:16.654741+09:00,2026-09-01,FLS,Flowserve Corporation,US,산업재,2026-08-31,79.09,1704905,1445700.25,2.1511,10053349376,43,60,63,58,57,0,HOLD,0.25,3,False,live,STOCK,69,NEUTRAL,NYSE
2026-09-01T07:56:16.654741+09:00,2026-09-01,RDY,Dr. Reddy's Laboratories Limited,US,제약/바이오,2026-08-31,12.13,2159618,2294350.9,0.1675,10104146944,47,65,55,42,48,0,HOLD,-0.14,-2,False,live,STOCK,44,NEUTRAL,NYSE
2026-09-01T07:56:16.654741+09:00,2026-09-01,SWKS,"Skyworks Solutions, Inc.",US,반도체,2026-08-31,67.01,19966292,5338234.6,2.5964,10083181568,33,65,66,53,52,0,HOLD,-0.22,-3,False,live,STOCK,56,NEUTRAL,NASDAQ
2026-09-01T07:56:16.654741+09:00,2026-09-01,SOLS,Solstice Advanced Materials Inc.,US,소재,2026-08-31,63.39,5153337,2948466.85,2.5673,10069335040,62,60,58,50,51,0,HOLD,-0.12,-1,False,live,STOCK,26,NEUTRAL,NASDAQ
2026-09-01T07:56:16.654741+09:00,2026-09-01,BEPH,Brookfield BRP Holdings (Canada) Inc 4.6,US,유틸리티,2026-08-31,15.11,28603,17925.15,0.1072,,43,60,55,50,47,0,HOLD,-0.06,-1,False,live,STOCK,40,NEUTRAL,NYSE
2026-09-01T07:56:16.654741+09:00,2026-09-01,ENSG,"The Ensign Group, Inc.",US,제약/바이오,2026-08-31,172.26,363045,300012.25,4.0821,10039731200,35,65,53,58,46,0,HOLD,-0.17,-2,False,live,STOCK,39,NEUTRAL,NASDAQ
2026-09-01T07:56:16.654741+09:00,2026-09-01,IONS,"Ionis Pharmaceuticals, Inc.",US,제약/바이오,2026-08-31,60.36,2017076,2212768.8,1.88,10030885888,62,65,56,37,53,0,HOLD,0.01,0,False,live,STOCK,53,NEUTRAL,NASDAQ
2026-09-01T07:56:16.654741+09:00,2026-09-01,FRT,Federal Realty Investment Trust,US,리츠,2026-08-31,116.03,680504,771705.2,1.38,10143149056,28,60,63,45,44,0,AVOID,-0.29,-3,True,live,STOCK,39,NEUTRAL,NYSE
