scan_ts_kst,date,ticker,name,market,sector,bar_date,close,volume,avg_vol20,atr14,market_cap,tech,macro,filing,value,total,consensus,signal,ev,target,hitl,source,asset_type,flow,regime,exchange
2026-09-13T07:57:09.451647+09:00,2026-09-13,NVDA,NVIDIA Corporation,US,반도체,2026-09-11,218.29,88804100,127706235.0,7.6672,5271048421376,47,65,63,58,54,0,HOLD,0.2,2,False,live,STOCK,48,NEUTRAL,NASDAQ
2026-09-13T07:57:09.451647+09:00,2026-09-13,AAPL,Apple Inc.,US,IT,2026-09-11,332.27,50659000,42530425.0,7.845,4849207869440,63,60,58,42,58,1,HOLD,0.62,7,False,live,STOCK,77,NEUTRAL,NASDAQ
2026-09-13T07:57:09.451647+09:00,2026-09-13,GOOG,Alphabet Inc.,US,인터넷,2026-09-11,335.45,15792800,15345715.0,6.9896,4102531842048,28,65,70,60,50,1,HOLD,-0.17,-2,False,live,STOCK,46,NEUTRAL,NASDAQ
2026-09-13T07:57:09.451647+09:00,2026-09-13,MSFT,Microsoft Corporation,US,IT,2026-09-11,495.63,14510500,20799005.0,10.0579,3680323239936,73,60,50,50,63,2,WATCH,0.73,9,False,live,STOCK,80,NEUTRAL,NASDAQ
2026-09-13T07:57:09.451647+09:00,2026-09-13,AMZN,"Amazon.com, Inc.",US,소비재,2026-09-11,256.78,26682800,31943430.0,5.6293,2769709432832,47,60,60,50,49,0,HOLD,0.09,1,False,live,STOCK,39,NEUTRAL,NASDAQ
2026-09-13T07:57:09.451647+09:00,2026-09-13,TSM,Taiwan Semiconductor Manufacturing Compa,US,반도체,2026-09-11,433.24,10629200,9254790.0,9.8836,2246988005376,87,65,77,66,69,2,WATCH,0.8,10,False,live,STOCK,38,NEUTRAL,NYSE
2026-09-13T07:57:09.451647+09:00,2026-09-13,SPCX,Space Exploration Technologies Corp.,US,산업재,2026-09-11,151.21,78876800,79953730.0,6.1286,1992068956160,80,60,78,27,60,2,WATCH,0.64,8,False,live,STOCK,62,NEUTRAL,NASDAQ
2026-09-13T07:57:09.451647+09:00,2026-09-13,AVGO,Broadcom Inc.,US,반도체,2026-09-11,361.99,21142900,25744245.0,10.3886,1728006324224,50,65,60,50,49,0,HOLD,-0.08,-1,False,live,STOCK,33,NEUTRAL,NASDAQ
2026-09-13T07:57:09.451647+09:00,2026-09-13,META,"Meta Platforms, Inc.",US,인터넷,2026-09-11,648.03,16908400,17894880.0,21.325,1650860490752,58,65,50,66,59,0,HOLD,0.44,5,False,live,STOCK,61,NEUTRAL,NASDAQ
2026-09-13T07:57:09.451647+09:00,2026-09-13,TSLA,"Tesla, Inc.",US,소비재,2026-09-11,365.44,30091300,39539100.0,14.2721,1443322658816,73,60,70,30,55,2,HOLD,0.32,4,False,live,STOCK,49,NEUTRAL,NASDAQ
2026-09-13T07:57:09.451647+09:00,2026-09-13,MU,"Micron Technology, Inc.",US,반도체,2026-09-11,975.26,21694700,26086040.0,44.1493,1101452017664,80,65,65,58,64,1,HOLD,0.57,7,False,live,STOCK,46,NEUTRAL,NASDAQ
2026-09-13T07:57:09.451647+09:00,2026-09-13,LLY,Eli Lilly and Company,US,제약/바이오,2026-09-11,1115.7,1837200,2465370.0,27.7771,994487042048,20,65,81,50,47,1,HOLD,-0.13,-2,False,live,STOCK,48,NEUTRAL,NYSE
2026-09-13T07:57:09.451647+09:00,2026-09-13,JPM,JPMorgan Chase & Co.,US,금융,2026-09-11,356.23,5354600,5562350.0,5.6079,946925731840,54,60,71,60,60,1,HOLD,0.51,6,False,live,STOCK,57,NEUTRAL,NYSE
2026-09-13T07:57:09.451647+09:00,2026-09-13,WMT,Walmart Inc.,US,소매,2026-09-11,107.15,17058300,27794060.0,1.8986,850100944896,57,60,50,37,46,0,HOLD,-0.17,-2,False,live,STOCK,39,NEUTRAL,NASDAQ
2026-09-13T07:57:09.451647+09:00,2026-09-13,AMD,"Advanced Micro Devices, Inc.",US,반도체,2026-09-11,516.13,19001000,18016740.0,19.0393,842569351168,69,65,65,43,58,0,HOLD,0.47,6,False,live,STOCK,59,NEUTRAL,NASDAQ
2026-09-13T07:57:09.451647+09:00,2026-09-13,V,Visa Inc.,US,금융,2026-09-11,370.45,3492700,6259435.0,5.6671,691647676416,47,60,60,50,52,0,HOLD,0.3,4,False,live,STOCK,55,NEUTRAL,NYSE
2026-09-13T07:57:09.451647+09:00,2026-09-13,XOM,Exxon Mobil Corporation,US,에너지,2026-09-11,165.99,11362400,13867935.0,3.4043,682536271872,62,60,40,58,55,0,HOLD,0.3,4,False,live,STOCK,54,NEUTRAL,NYSE
2026-09-13T07:57:09.451647+09:00,2026-09-13,ASML,ASML Holding N.V.,US,반도체,2026-09-11,1698.3,881200,1117120.0,45.9707,652317032448,28,65,70,42,41,1,AVOID,-0.38,-5,True,live,STOCK,30,NEUTRAL,NASDAQ
2026-09-13T07:57:09.451647+09:00,2026-09-13,JNJ,Johnson & Johnson,US,제약/바이오,2026-09-11,265.58,4701200,6254835.0,5.251,640020840448,47,65,56,53,53,0,HOLD,0.25,3,False,live,STOCK,61,NEUTRAL,NYSE
2026-09-13T07:57:09.451647+09:00,2026-09-13,INTC,Intel Corp.,US,반도체,2026-09-11,102.94,86840900,91699110.0,4.5807,544151666688,62,65,88,42,56,1,HOLD,0.26,3,False,live,STOCK,38,NEUTRAL,NASDAQ
2026-09-13T07:57:09.451647+09:00,2026-09-13,MA,Mastercard Incorporated,US,금융,2026-09-11,569.19,2049300,2658705.0,8.8193,498616074240,47,60,53,50,51,0,HOLD,0.22,3,False,live,STOCK,55,NEUTRAL,NYSE
2026-09-13T07:57:09.451647+09:00,2026-09-13,ABBV,AbbVie Inc.,US,제약/바이오,2026-09-11,257.12,4308700,4338845.0,5.385,454361186304,47,65,81,51,59,1,HOLD,0.6,7,False,live,STOCK,68,NEUTRAL,NYSE
2026-09-13T07:57:09.451647+09:00,2026-09-13,BAC,Bank of America Corporation,US,금융,2026-09-11,62.69,28873700,30137830.0,1.083,438375383040,69,60,81,68,68,1,HOLD,0.85,10,False,live,STOCK,54,NEUTRAL,NYSE
2026-09-13T07:57:09.451647+09:00,2026-09-13,CSCO,"Cisco Systems, Inc.",US,IT,2026-09-11,112.13,14156800,15343480.0,2.085,442082263040,65,60,65,50,53,0,HOLD,0.13,2,False,live,STOCK,29,NEUTRAL,NASDAQ
2026-09-13T07:57:09.451647+09:00,2026-09-13,ORCL,Oracle Corporation,US,IT,2026-09-11,150.28,79522900,26681025.0,7.4914,432877174784,63,60,50,50,49,0,HOLD,-0.19,-2,False,live,STOCK,25,NEUTRAL,NYSE
2026-09-13T07:57:09.451647+09:00,2026-09-13,CVX,Chevron Corporation,US,에너지,2026-09-11,214.06,6570300,7757575.0,4.1214,419900817408,91,60,32,74,69,2,WATCH,0.79,9,False,live,STOCK,67,NEUTRAL,NYSE
2026-09-13T07:57:09.451647+09:00,2026-09-13,COST,Costco Wholesale Corporation,US,소매,2026-09-11,904.77,1772000,1875135.0,14.6121,401246322688,28,60,52,29,32,0,AVOID,-0.67,-8,True,live,STOCK,20,NEUTRAL,NASDAQ
2026-09-13T07:57:09.451647+09:00,2026-09-13,PLTR,Palantir Technologies Inc.,US,IT,2026-09-11,167.23,15383200,28623505.0,7.635,401863442432,54,60,42,35,47,0,HOLD,0.2,2,False,live,STOCK,61,NEUTRAL,NASDAQ
2026-09-13T07:57:09.451647+09:00,2026-09-13,KO,The Coca-Cola Company,US,소매,2026-09-11,88.29,9988700,14468745.0,1.2321,379872051200,44,60,50,37,45,0,HOLD,-0.0,0,False,live,STOCK,54,NEUTRAL,NYSE
2026-09-13T07:57:09.451647+09:00,2026-09-13,CAT,Caterpillar Inc.,US,산업재,2026-09-11,818.57,1824600,2346830.0,20.4907,376276058112,65,60,55,50,53,0,HOLD,0.05,1,False,live,STOCK,38,NEUTRAL,NYSE
2026-09-13T07:57:09.451647+09:00,2026-09-13,DELL,Dell Technologies Inc.,US,IT,2026-09-11,567.29,14385700,8827255.0,32.9236,360690188288,82,60,55,66,71,2,WATCH,0.97,12,False,live,STOCK,80,NEUTRAL,NYSE
2026-09-13T07:57:09.451647+09:00,2026-09-13,LRCX,Lam Research Corporation,US,반도체,2026-09-11,298.22,9364200,7608900.0,12.4564,373168930816,18,65,73,42,42,1,AVOID,-0.46,-6,True,live,STOCK,46,NEUTRAL,NASDAQ
2026-09-13T07:57:09.451647+09:00,2026-09-13,AMAT,"Applied Materials, Inc.",US,반도체,2026-09-11,456.49,4313100,6687965.0,15.4193,362269278208,37,65,65,58,50,0,HOLD,-0.27,-3,False,live,STOCK,40,NEUTRAL,NASDAQ
2026-09-13T07:57:09.451647+09:00,2026-09-13,HSBC,HSBC Holdings plc,US,금융,2026-09-11,105.3,955500,1077980.0,1.3914,360627863552,62,60,55,68,61,0,HOLD,0.51,6,False,live,STOCK,55,NEUTRAL,NYSE
2026-09-13T07:57:09.451647+09:00,2026-09-13,MRK,"Merck & Co., Inc.",US,제약/바이오,2026-09-11,143.93,8678200,11082420.0,3.53,355100000256,48,65,50,35,51,1,HOLD,0.33,4,False,live,STOCK,80,NEUTRAL,NYSE
2026-09-13T07:57:09.451647+09:00,2026-09-13,PG,The Procter & Gamble Company,US,소매,2026-09-11,145.27,11526600,9364360.0,2.1914,337670406144,43,60,50,45,52,1,HOLD,0.04,0,False,live,STOCK,76,NEUTRAL,NYSE
2026-09-13T07:57:09.451647+09:00,2026-09-13,UNH,UnitedHealth Group Incorporated,US,제약/바이오,2026-09-11,379.09,7478400,4721410.0,10.1814,340269203456,31,65,83,66,51,1,HOLD,-0.12,-1,False,live,STOCK,26,NEUTRAL,NYSE
2026-09-13T07:57:09.451647+09:00,2026-09-13,MS,Morgan Stanley,US,금융,2026-09-11,214.38,3928400,3836915.0,4.3879,336698015744,28,60,60,60,50,0,HOLD,-0.1,-1,False,live,STOCK,59,NEUTRAL,NYSE
2026-09-13T07:57:09.451647+09:00,2026-09-13,GE,GE Aerospace,US,산업재,2026-09-11,323.66,2528100,3691560.0,7.8286,335817474048,28,60,60,37,42,0,AVOID,-0.26,-3,True,live,STOCK,55,NEUTRAL,NYSE
2026-09-13T07:57:09.451647+09:00,2026-09-13,NFLX,"Netflix, Inc.",US,인터넷,2026-09-11,77.4,22207800,27139020.0,2.0993,322288943104,43,65,42,50,47,0,HOLD,-0.22,-3,False,live,STOCK,52,NEUTRAL,NASDAQ
2026-09-13T07:57:09.451647+09:00,2026-09-13,HD,"The Home Depot, Inc.",US,소비재,2026-09-11,308.74,3488800,3902730.0,5.7977,308026671104,20,60,53,42,33,0,AVOID,-0.7,-8,True,live,STOCK,20,NEUTRAL,NYSE
2026-09-13T07:57:09.451647+09:00,2026-09-13,GS,"The Goldman Sachs Group, Inc.",US,금융,2026-09-11,1029.1801,1163000,1771150.0,22.1145,299667783680,65,60,60,60,58,0,HOLD,0.25,3,False,live,STOCK,41,NEUTRAL,NYSE
2026-09-13T07:57:09.451647+09:00,2026-09-13,PM,Philip Morris International Inc.,US,소매,2026-09-11,191.06,5320900,4364820.0,4.6336,297788669952,58,60,58,58,57,0,HOLD,0.31,4,False,live,STOCK,54,NEUTRAL,NYSE
2026-09-13T07:57:09.451647+09:00,2026-09-13,RY,Royal Bank of Canada,US,금융,2026-09-11,205.9,823200,1204100.0,3.4314,285054107648,28,60,60,60,49,0,HOLD,-0.08,-1,False,live,STOCK,55,NEUTRAL,NYSE
2026-09-13T07:57:09.451647+09:00,2026-09-13,ARM,Arm Holdings plc American Depositary Sha,US,반도체,2026-09-11,264.79,4265800,3735710.0,13.0236,282795343872,62,65,70,35,51,1,HOLD,0.04,0,False,live,STOCK,38,NEUTRAL,NASDAQ
2026-09-13T07:57:09.451647+09:00,2026-09-13,WFC,Wells Fargo & Company,US,금융,2026-09-11,90.29,12927800,12481560.0,1.7836,273036886016,76,60,60,60,67,1,HOLD,0.75,9,False,live,STOCK,69,NEUTRAL,NYSE
2026-09-13T07:57:09.451647+09:00,2026-09-13,SHEL,Shell plc,US,에너지,2026-09-11,96.77,4906624,6303235.9,1.3787,276704821248,88,60,55,78,74,2,WATCH,0.99,12,False,live,STOCK,67,NEUTRAL,NYSE
2026-09-13T07:57:09.451647+09:00,2026-09-13,PANW,"Palo Alto Networks, Inc.",US,IT,2026-09-11,330.65,4679100,6059610.0,19.3536,270471692288,47,60,57,35,43,0,AVOID,0.07,1,True,live,STOCK,34,NEUTRAL,NASDAQ
2026-09-13T07:57:09.451647+09:00,2026-09-13,MUFG,"Mitsubishi UFJ Financial Group, Inc.",US,금융,2026-09-11,23.89,3409700,2779670.0,0.4386,268900220928,81,60,58,60,65,1,HOLD,0.78,9,False,live,STOCK,54,NEUTRAL,NYSE
2026-09-13T07:57:09.451647+09:00,2026-09-13,RTX,RTX Corporation,US,산업재,2026-09-11,197.68,3677200,4009435.0,3.6907,266424811520,39,60,45,58,49,0,HOLD,-0.04,0,False,live,STOCK,54,NEUTRAL,NYSE
2026-09-13T07:57:09.451647+09:00,2026-09-13,BABA,Alibaba Group Holding Limited,US,소비재,2026-09-11,109.3,5923900,12464815.0,2.714,271678668800,35,60,55,58,53,0,HOLD,-0.04,0,False,live,STOCK,69,NEUTRAL,NYSE
2026-09-13T07:57:09.451647+09:00,2026-09-13,NVS,Novartis AG,US,제약/바이오,2026-09-11,137.16,2353100,2333310.0,4.6121,260702060544,20,65,55,58,40,0,AVOID,-0.63,-8,True,live,STOCK,29,NEUTRAL,NYSE
2026-09-13T07:57:09.451647+09:00,2026-09-13,GEV,GE Vernova Inc.,US,산업재,2026-09-11,957.27,1176700,1992595.0,35.3822,254953160704,50,60,60,50,51,0,HOLD,0.1,1,False,live,STOCK,46,NEUTRAL,NYSE
2026-09-13T07:57:09.451647+09:00,2026-09-13,ANET,"Arista Networks, Inc.",US,IT,2026-09-11,199.59,4638000,5019655.0,7.0359,251727839232,73,60,60,35,56,1,HOLD,0.63,8,False,live,STOCK,58,NEUTRAL,NYSE
2026-09-13T07:57:09.451647+09:00,2026-09-13,AZN,AstraZeneca PLC,US,제약/바이오,2026-09-11,160.17,2227300,3254305.0,3.3943,248405393408,25,65,73,58,49,1,HOLD,-0.23,-3,False,live,STOCK,49,NEUTRAL,NYSE
2026-09-13T07:57:09.451647+09:00,2026-09-13,TXN,Texas Instruments Incorporated,US,반도체,2026-09-11,268.7,5255900,5426590.0,7.4179,245389656064,65,65,75,50,57,1,HOLD,0.25,3,False,live,STOCK,38,NEUTRAL,NASDAQ
2026-09-13T07:57:09.451647+09:00,2026-09-13,SNDK,Sandisk Corporation,US,IT,2026-09-11,1633.35,9340000,12508985.0,101.3813,239153479680,70,60,55,50,58,1,HOLD,0.17,2,False,live,STOCK,55,NEUTRAL,NASDAQ
2026-09-13T07:57:09.451647+09:00,2026-09-13,SAP,SAP SE,US,IT,2026-09-11,206.36,1720200,2353935.0,5.8714,238181597184,51,60,58,42,52,0,HOLD,0.35,4,False,live,STOCK,61,NEUTRAL,NYSE
2026-09-13T07:57:09.451647+09:00,2026-09-13,C,Citigroup Inc.,US,금융,2026-09-11,138.82,7394600,8236985.0,2.7536,232861794304,72,60,70,76,73,4,BUY,0.77,9,False,live,STOCK,73,NEUTRAL,NYSE
2026-09-13T07:57:09.451647+09:00,2026-09-13,KLAC,KLA Corporation,US,반도체,2026-09-11,180.64,7490600,9065845.0,7.0679,236014616576,40,65,73,42,47,1,HOLD,-0.21,-3,False,live,STOCK,38,NEUTRAL,NASDAQ
2026-09-13T07:57:09.451647+09:00,2026-09-13,TM,Toyota Motor Corporation,US,소비재,2026-09-11,198.2,392300,340780.0,3.4829,234705158144,55,60,50,54,54,0,HOLD,0.29,3,False,live,STOCK,54,NEUTRAL,NYSE
2026-09-13T07:57:09.451647+09:00,2026-09-13,IBM,International Business Machines Corporat,US,IT,2026-09-11,243.29,4914700,4806425.0,6.3464,229211865088,69,60,81,58,63,1,HOLD,0.44,5,False,live,STOCK,44,NEUTRAL,NYSE
2026-09-13T07:57:09.451647+09:00,2026-09-13,TMO,Thermo Fisher Scientific Inc.,US,제약/바이오,2026-09-11,609.82,1787000,1676205.0,15.3293,225479294976,48,65,53,58,59,1,HOLD,0.47,6,False,live,STOCK,84,NEUTRAL,NYSE
2026-09-13T07:57:09.451647+09:00,2026-09-13,BHP,BHP Group Limited,US,소재,2026-09-11,87.15,1915900,2692245.0,2.3204,221489709056,35,60,55,45,47,0,HOLD,-0.12,-1,False,live,STOCK,61,NEUTRAL,NYSE
2026-09-13T07:57:09.451647+09:00,2026-09-13,SAN,"Banco Santander, S.A.",US,금융,2026-09-11,14.96,6576600,17473655.0,0.2364,217135497216,69,60,55,76,60,1,HOLD,0.46,6,False,live,STOCK,28,NEUTRAL,NYSE
2026-09-13T07:57:09.451647+09:00,2026-09-13,AXP,American Express Company,US,금융,2026-09-11,324.69,1929300,2361375.0,5.2064,219266351104,25,60,81,50,45,1,HOLD,-0.15,-2,False,live,STOCK,32,NEUTRAL,NYSE
2026-09-13T07:57:09.451647+09:00,2026-09-13,LIN,Linde plc,US,소재,2026-09-11,466.22,1631000,1931820.0,7.1793,214918168576,28,60,60,58,44,0,AVOID,-0.44,-5,True,live,STOCK,33,NEUTRAL,NASDAQ
2026-09-13T07:57:09.451647+09:00,2026-09-13,VZ,Verizon Communications Inc.,US,인터넷,2026-09-11,50.61,16456300,17414375.0,0.8464,210273173504,69,65,50,84,68,1,HOLD,0.53,6,False,live,STOCK,58,NEUTRAL,NYSE
2026-09-13T07:57:09.451647+09:00,2026-09-13,CRWD,"CrowdStrike Holdings, Inc.",US,IT,2026-09-11,206.74,6639000,10383730.0,13.3685,211688292352,58,60,65,30,46,0,HOLD,0.29,3,False,live,STOCK,34,NEUTRAL,NASDAQ
2026-09-13T07:57:09.451647+09:00,2026-09-13,APH,Amphenol Corporation,US,IT,2026-09-11,83.92,11035200,11450035.0,2.4443,206943928320,91,60,66,50,65,1,HOLD,0.85,10,False,live,STOCK,48,NEUTRAL,NYSE
2026-09-13T07:57:09.451647+09:00,2026-09-13,MRVL,"Marvell Technology, Inc.",US,반도체,2026-09-11,236.1,17273100,24172525.0,13.2429,212184170496,70,65,66,35,58,1,HOLD,0.31,4,False,live,STOCK,67,NEUTRAL,NASDAQ
2026-09-13T07:57:09.451647+09:00,2026-09-13,TTE,TotalEnergies SE,US,에너지,2026-09-11,91.89,1214400,1600305.0,1.6171,203062378496,84,60,55,94,75,2,WATCH,0.78,9,False,live,STOCK,55,NEUTRAL,NYSE
2026-09-13T07:57:09.451647+09:00,2026-09-13,TD,The Toronto-Dominion Bank,US,금융,2026-09-11,120.97,1956900,1938760.0,2.0943,198210682880,50,60,60,60,59,0,HOLD,0.32,4,False,live,STOCK,69,NEUTRAL,NYSE
2026-09-13T07:57:09.451647+09:00,2026-09-13,AMGN,Amgen Inc.,US,제약/바이오,2026-09-11,377.35,2272400,2567990.0,10.9964,204007489536,39,65,45,50,48,0,HOLD,-0.02,0,False,live,STOCK,63,NEUTRAL,NASDAQ
2026-09-13T07:57:09.451647+09:00,2026-09-13,CRM,"Salesforce, Inc.",US,IT,2026-09-11,247.72,9738300,16486390.0,11.9314,203873566720,56,60,55,74,64,2,WATCH,0.57,7,False,live,STOCK,72,NEUTRAL,NYSE
2026-09-13T07:57:09.451647+09:00,2026-09-13,TMUS,"T-Mobile US, Inc.",US,인터넷,2026-09-11,182.33,3675000,3993125.0,4.2972,195580215296,51,65,60,74,56,1,HOLD,0.04,0,False,live,STOCK,32,NEUTRAL,NASDAQ
2026-09-13T07:57:09.451647+09:00,2026-09-13,NVO,Novo Nordisk A/S,US,제약/바이오,2026-09-11,43.07,11005100,10778270.0,1.255,190323097600,28,65,68,73,56,1,HOLD,0.04,0,False,live,STOCK,62,NEUTRAL,NYSE
2026-09-13T07:57:09.451647+09:00,2026-09-13,QCOM,QUALCOMM Incorporated,US,반도체,2026-09-11,181.97,11546600,10948215.0,6.6633,194354970624,54,65,68,66,60,0,HOLD,0.13,2,False,live,STOCK,52,NEUTRAL,NASDAQ
2026-09-13T07:57:09.451647+09:00,2026-09-13,SCHW,The Charles Schwab Corporation,US,금융,2026-09-11,107.25,4755700,7506890.0,2.2607,185471254528,47,60,50,66,56,0,HOLD,0.29,3,False,live,STOCK,61,NEUTRAL,NYSE
2026-09-13T07:57:09.451647+09:00,2026-09-13,PEP,"PepsiCo, Inc.",US,소매,2026-09-11,136.32,8767100,7081170.0,1.9743,186213122048,35,60,60,52,45,0,HOLD,-0.28,-3,False,live,STOCK,33,NEUTRAL,NASDAQ
2026-09-13T07:57:09.451647+09:00,2026-09-13,STX,Seagate Technology Holdings plc,US,IT,2026-09-11,830.17,3843400,3583270.0,45.08,188774842368,65,60,60,50,60,0,HOLD,0.3,4,False,live,STOCK,68,NEUTRAL,NASDAQ
2026-09-13T07:57:09.451647+09:00,2026-09-13,DIS,The Walt Disney Company,US,인터넷,2026-09-11,106.55,7255200,7593735.0,2.2293,183978491904,47,65,60,58,57,0,HOLD,0.32,4,False,live,STOCK,69,NEUTRAL,NYSE
2026-09-13T07:57:09.451647+09:00,2026-09-13,ADI,"Analog Devices, Inc.",US,반도체,2026-09-11,378.78,2886000,3627770.0,9.7706,183543709696,72,65,53,58,59,1,HOLD,0.23,3,False,live,STOCK,47,NEUTRAL,NASDAQ
2026-09-13T07:57:09.451647+09:00,2026-09-13,DE,Deere & Company,US,산업재,2026-09-11,675.74,1322300,1422445.0,17.5793,182196666368,91,60,50,58,68,1,HOLD,0.91,11,False,live,STOCK,66,NEUTRAL,NYSE
2026-09-13T07:57:09.451647+09:00,2026-09-13,MCD,McDonald's Corporation,US,소비재,2026-09-11,252.53,4096800,4233805.0,3.7694,178700713984,20,60,55,50,37,0,AVOID,-0.68,-8,True,live,STOCK,26,NEUTRAL,NYSE
2026-09-13T07:57:09.451647+09:00,2026-09-13,UBS,UBS Group AG,US,금융,2026-09-11,54.58,1494500,1614095.0,0.9004,167109885952,69,60,73,66,67,1,HOLD,0.79,9,False,live,STOCK,61,NEUTRAL,NYSE
2026-09-13T07:57:09.451647+09:00,2026-09-13,T,AT&T Inc.,US,인터넷,2026-09-11,26.06,43220300,32282215.0,0.5279,178573164544,62,65,45,78,64,1,HOLD,0.47,6,False,live,STOCK,64,NEUTRAL,NYSE
2026-09-13T07:57:09.451647+09:00,2026-09-13,GILD,"Gilead Sciences, Inc.",US,제약/바이오,2026-09-11,143.72,4202400,5268995.0,3.2371,178206359552,47,65,50,60,58,1,HOLD,0.39,5,False,live,STOCK,78,NEUTRAL,NASDAQ
2026-09-13T07:57:09.451647+09:00,2026-09-13,ABT,Abbott Laboratories,US,제약/바이오,2026-09-11,101.95,8397400,7951415.0,2.7371,177577836544,39,65,53,58,52,0,HOLD,0.18,2,False,live,STOCK,60,NEUTRAL,NYSE
2026-09-13T07:57:09.451647+09:00,2026-09-13,NEE,"NextEra Energy, Inc.",US,유틸리티,2026-09-11,82.31,9882600,10686230.0,1.1948,171666178048,50,60,63,42,48,0,HOLD,-0.02,0,False,live,STOCK,39,NEUTRAL,NYSE
2026-09-13T07:57:09.451647+09:00,2026-09-13,WELL,Welltower Inc.,US,리츠,2026-09-11,235.62,2106500,2464840.0,4.7871,169781182464,47,60,75,38,53,1,HOLD,0.41,5,False,live,STOCK,63,NEUTRAL,NYSE
2026-09-13T07:57:09.451647+09:00,2026-09-13,UNP,Union Pacific Corporation,US,산업재,2026-09-11,284.4,1595100,2334900.0,5.572,168955068416,35,60,60,42,45,0,HOLD,-0.08,-1,False,live,STOCK,48,NEUTRAL,NYSE
2026-09-13T07:57:09.451647+09:00,2026-09-13,BLK,"BlackRock, Inc.",US,금융,2026-09-11,1079.65,479800,555545.0,22.117,175417425920,47,60,60,66,51,0,HOLD,0.01,0,False,live,STOCK,25,NEUTRAL,NYSE
2026-09-13T07:57:09.451647+09:00,2026-09-13,COP,ConocoPhillips,US,에너지,2026-09-11,137.35,5524200,6338345.0,2.91,165003706368,69,60,42,58,63,1,HOLD,0.64,8,False,live,STOCK,83,NEUTRAL,NYSE
2026-09-13T07:57:09.451647+09:00,2026-09-13,SHOP,Shopify Inc.,US,IT,2026-09-11,128.79,10779500,7640510.0,6.2349,165706874880,47,60,60,35,47,0,HOLD,0.24,3,False,live,STOCK,54,NEUTRAL,NASDAQ
2026-09-13T07:57:09.451647+09:00,2026-09-13,BA,The Boeing Company,US,산업재,2026-09-11,210.45,4137700,5135485.0,4.1871,166211829760,28,60,63,35,37,0,AVOID,-0.44,-5,True,live,STOCK,26,NEUTRAL,NYSE
2026-09-13T07:57:09.451647+09:00,2026-09-13,ETN,Eaton Corporation plc,US,산업재,2026-09-11,425.37,1630700,1739890.0,12.8693,165171167232,84,60,60,42,61,1,HOLD,0.7,8,False,live,STOCK,54,NEUTRAL,NYSE
2026-09-13T07:57:09.451647+09:00,2026-09-13,BBVA,"Banco Bilbao Vizcaya Argentaria, S.A.",US,금융,2026-09-11,29.55,979200,1243845.0,0.4093,163065921536,70,60,55,60,63,1,HOLD,0.67,8,False,live,STOCK,64,NEUTRAL,NYSE
2026-09-13T07:57:09.451647+09:00,2026-09-13,RIO,Rio Tinto Group,US,소재,2026-09-11,99.96,1410000,2100360.0,2.0721,162570878976,40,60,55,55,52,0,HOLD,-0.02,0,False,live,STOCK,63,NEUTRAL,NYSE
2026-09-13T07:57:09.451647+09:00,2026-09-13,SCCO,Southern Copper Corporation,US,소재,2026-09-11,193.49,774300,1193335.0,8.9586,163372056576,40,60,48,37,42,0,AVOID,-0.17,-2,True,live,STOCK,48,NEUTRAL,NYSE
2026-09-13T07:57:09.451647+09:00,2026-09-13,TBB,AT&T Inc. 5.35% GLB NTS 66,US,인터넷,2026-09-11,19.51,101400,112900.0,0.1819,,65,65,58,80,62,1,HOLD,0.25,3,False,live,STOCK,36,NEUTRAL,NYSE
2026-09-13T07:57:09.451647+09:00,2026-09-13,PFE,Pfizer Inc.,US,제약/바이오,2026-09-11,27.72,25537800,32797060.0,0.5436,157994942464,47,65,64,66,62,1,HOLD,0.45,5,False,live,STOCK,77,NEUTRAL,NYSE
2026-09-13T07:57:09.451647+09:00,2026-09-13,IBKR,"Interactive Brokers Group, Inc.",US,금융,2026-09-11,91.37,3080400,3676145.0,3.0939,155677638656,43,60,85,58,57,1,HOLD,0.3,4,False,live,STOCK,49,NEUTRAL,NASDAQ
2026-09-13T07:57:09.451647+09:00,2026-09-13,BX,Blackstone Inc.,US,금융,2026-09-11,128.51,3402900,3270215.0,3.9271,153607716864,39,60,72,50,52,1,HOLD,0.18,2,False,live,STOCK,54,NEUTRAL,NYSE
2026-09-13T07:57:09.451647+09:00,2026-09-13,WDC,Western Digital Corporation,US,IT,2026-09-11,447.18,5122100,6088675.0,25.1407,161226686464,40,60,48,60,48,0,HOLD,-0.37,-4,False,live,STOCK,44,NEUTRAL,NASDAQ
2026-09-13T07:57:09.451647+09:00,2026-09-13,BUD,Anheuser-Busch InBev SA/NV,US,소매,2026-09-11,78.23,1617200,2411790.0,1.2721,154044956672,28,60,58,60,53,1,HOLD,-0.08,-1,False,live,STOCK,76,NEUTRAL,NYSE
2026-09-13T07:57:09.451647+09:00,2026-09-13,UBER,"Uber Technologies, Inc.",US,IT,2026-09-11,71.67,25250000,16972425.0,2.5124,146390286336,43,60,78,55,55,1,HOLD,0.25,3,False,live,STOCK,48,NEUTRAL,NYSE
2026-09-13T07:57:09.451647+09:00,2026-09-13,GLW,Corning Inc,US,IT,2026-09-11,166.4,4847300,8709160.0,6.6157,143043723264,72,60,73,35,56,2,HOLD,0.38,5,False,live,STOCK,46,NEUTRAL,NYSE
2026-09-13T07:57:09.451647+09:00,2026-09-13,DHR,Danaher Corporation,US,제약/바이오,2026-09-11,200.14,3628500,3193575.0,5.2086,140695633920,39,65,60,58,55,1,HOLD,0.28,3,False,live,STOCK,71,NEUTRAL,NYSE
2026-09-13T07:57:09.451647+09:00,2026-09-13,SONY,Sony Group Corporation,US,IT,2026-09-11,23.9,2434800,4105005.0,0.5029,139628412928,47,60,45,58,51,0,HOLD,0.16,2,False,live,STOCK,54,NEUTRAL,NYSE
2026-09-13T07:57:09.451647+09:00,2026-09-13,MFG,"Mizuho Financial Group, Inc.",US,금융,2026-09-11,11.45,4045500,2992640.0,0.215,138579787776,73,60,58,68,66,1,HOLD,0.73,9,False,live,STOCK,58,NEUTRAL,NYSE
2026-09-13T07:57:09.451647+09:00,2026-09-13,TJX,"The TJX Companies, Inc.",US,소비재,2026-09-11,126.02,5933200,8146105.0,2.3779,139214848000,10,60,60,42,32,0,AVOID,-0.87,-10,True,live,STOCK,23,NEUTRAL,NYSE
2026-09-13T07:57:09.451647+09:00,2026-09-13,NOW,"ServiceNow, Inc.",US,IT,2026-09-11,132.53,10705500,16706035.0,6.5543,137017729024,51,60,40,43,50,0,HOLD,0.22,3,False,live,STOCK,69,NEUTRAL,NYSE
2026-09-13T07:57:09.451647+09:00,2026-09-13,PBR,Petróleo Brasileiro S.A. - Petrobras,US,에너지,2026-09-11,21.2,18240000,22859760.0,0.6785,136620572672,81,60,50,73,73,3,BUY,0.97,12,False,live,STOCK,86,NEUTRAL,NYSE
2026-09-13T07:57:09.451647+09:00,2026-09-13,BKNG,Booking Holdings Inc.,US,소비재,2026-09-11,173.92,5783000,5781600.0,6.8038,134766862336,39,60,48,74,53,1,HOLD,-0.03,0,False,live,STOCK,48,NEUTRAL,NASDAQ
2026-09-13T07:57:09.451647+09:00,2026-09-13,NEM,Newmont Corporation,US,소재,2026-09-11,126.81,5554000,8038905.0,4.3191,133618712576,66,60,53,76,68,2,WATCH,0.7,8,False,live,STOCK,72,NEUTRAL,NYSE
2026-09-13T07:57:09.451647+09:00,2026-09-13,UL,Unilever PLC,US,소매,2026-09-11,62.02,3132100,3856350.0,0.8543,133545459712,47,60,58,61,49,0,HOLD,-0.01,0,False,live,STOCK,26,NEUTRAL,NYSE
2026-09-13T07:57:09.451647+09:00,2026-09-13,VRTX,Vertex Pharmaceuticals Incorporated,US,제약/바이오,2026-09-11,515.44,875500,1023105.0,11.0886,130560950272,39,65,50,50,51,1,HOLD,0.19,2,False,live,STOCK,71,NEUTRAL,NASDAQ
2026-09-13T07:57:09.451647+09:00,2026-09-13,CB,Chubb Limited,US,금융,2026-09-11,338.25,1151300,1658180.0,5.3271,130496806912,28,60,55,78,54,1,HOLD,-0.08,-1,False,live,STOCK,55,NEUTRAL,NYSE
2026-09-13T07:57:09.451647+09:00,2026-09-13,ISRG,"Intuitive Surgical, Inc.",US,제약/바이오,2026-09-11,369.15,3351100,2258190.0,11.0643,132258340864,28,65,50,50,44,0,AVOID,-0.43,-5,True,live,STOCK,52,NEUTRAL,NASDAQ
2026-09-13T07:57:09.451647+09:00,2026-09-13,BMY,Bristol-Myers Squibb Company,US,제약/바이오,2026-09-11,63.64,7054400,7751560.0,1.2514,129998356480,39,65,60,71,62,2,WATCH,0.42,5,False,live,STOCK,83,NEUTRAL,NYSE
2026-09-13T07:57:09.451647+09:00,2026-09-13,COF,Capital One Financial Corporation,US,금융,2026-09-11,208.3,2539500,3117620.0,4.5593,127792062464,47,60,53,86,56,1,HOLD,0.12,1,False,live,STOCK,25,NEUTRAL,NYSE
2026-09-13T07:57:09.451647+09:00,2026-09-13,PLD,"Prologis, Inc.",US,리츠,2026-09-11,135.75,2375400,2924110.0,2.07,131961405440,28,60,58,45,42,0,AVOID,-0.39,-5,True,live,STOCK,44,NEUTRAL,NYSE
2026-09-13T07:57:09.451647+09:00,2026-09-13,PGR,The Progressive Corporation,US,금융,2026-09-11,217.62,1643500,2166130.0,3.8664,126458986496,62,60,53,73,67,2,WATCH,0.59,7,False,live,STOCK,81,NEUTRAL,NYSE
2026-09-13T07:57:09.451647+09:00,2026-09-13,BMO,Bank of Montreal,US,금융,2026-09-11,174.88,477800,871370.0,3.1764,121557729280,50,60,63,58,55,0,HOLD,0.21,3,False,live,STOCK,48,NEUTRAL,NYSE
2026-09-13T07:57:09.451647+09:00,2026-09-13,SPGI,S&P Global Inc.,US,금융,2026-09-11,410.71,1581600,1841330.0,12.1391,121077309440,46,60,60,50,46,0,HOLD,-0.07,-1,False,live,STOCK,26,NEUTRAL,NYSE
2026-09-13T07:57:09.451647+09:00,2026-09-13,LMT,Lockheed Martin Corporation,US,산업재,2026-09-11,524.19,986700,1069895.0,12.1568,120978202624,43,60,40,42,43,0,AVOID,-0.28,-3,True,live,STOCK,48,NEUTRAL,NYSE
2026-09-13T07:57:09.451647+09:00,2026-09-13,BP,BP p.l.c.,US,에너지,2026-09-11,46.1,5631500,9323050.0,0.9886,118723280896,88,60,55,66,74,2,WATCH,0.99,12,False,live,STOCK,83,NEUTRAL,NYSE
2026-09-13T07:57:09.451647+09:00,2026-09-13,CVS,CVS Health Corp.,US,제약/바이오,2026-09-11,94.66,4377900,6116135.0,2.1243,121067339776,57,65,70,74,62,2,WATCH,0.24,3,False,live,STOCK,41,NEUTRAL,NYSE
2026-09-13T07:57:09.451647+09:00,2026-09-13,PH,Parker-Hannifin Corporation,US,산업재,2026-09-11,950.23,345600,605975.0,22.4543,119774085120,44,60,50,53,49,0,HOLD,-0.02,0,False,live,STOCK,48,NEUTRAL,NYSE
2026-09-13T07:57:09.451647+09:00,2026-09-13,HDB,HDFC Bank Limited,US,금융,2026-09-11,23.34,27226500,11084965.0,0.6107,119897579520,65,60,55,52,58,0,HOLD,0.31,4,False,live,STOCK,62,NEUTRAL,NYSE
2026-09-13T07:57:09.451647+09:00,2026-09-13,BTI,British American Tobacco p.l.c.,US,소매,2026-09-11,55.24,9412800,5156425.0,0.9407,118951149568,50,60,55,60,49,0,HOLD,-0.22,-3,False,live,STOCK,26,NEUTRAL,NYSE
2026-09-13T07:57:09.451647+09:00,2026-09-13,MDT,Medtronic plc,US,제약/바이오,2026-09-11,90.96,5408000,7947350.0,2.2857,116350386176,47,65,50,58,52,0,HOLD,0.21,3,False,live,STOCK,54,NEUTRAL,NYSE
2026-09-13T07:57:09.451647+09:00,2026-09-13,MPC,Marathon Petroleum Corporation,US,에너지,2026-09-11,395.93,2357900,2367480.0,11.3857,115586473984,80,60,50,68,70,2,WATCH,0.88,11,False,live,STOCK,78,NEUTRAL,NYSE
2026-09-13T07:57:09.451647+09:00,2026-09-13,MO,"Altria Group, Inc.",US,소매,2026-09-11,68.98,6356000,8462460.0,1.3736,115178938368,72,60,65,68,69,2,WATCH,0.63,8,False,live,STOCK,70,NEUTRAL,NYSE
2026-09-13T07:57:09.451647+09:00,2026-09-13,FTNT,"Fortinet, Inc.",US,IT,2026-09-11,156.07,2591800,4067470.0,7.0471,114510700544,32,60,65,42,48,0,HOLD,0.06,1,False,live,STOCK,63,NEUTRAL,NASDAQ
2026-09-13T07:57:09.451647+09:00,2026-09-13,SNOW,Snowflake Inc.,US,IT,2026-09-11,328.99,4487100,5321405.0,17.7127,116067672064,66,60,60,22,48,0,HOLD,0.42,5,False,live,STOCK,48,NEUTRAL,NYSE
2026-09-13T07:57:09.451647+09:00,2026-09-13,BNS,The Bank of Nova Scotia,US,금융,2026-09-11,93.45,2387200,2088380.0,2.0429,113710563328,91,60,60,60,64,1,HOLD,0.75,9,False,live,STOCK,32,NEUTRAL,NYSE
2026-09-13T07:57:09.451647+09:00,2026-09-13,SBUX,Starbucks Corporation,US,소비재,2026-09-11,98.74,5570200,5759965.0,2.2279,112563601408,35,60,60,50,47,0,HOLD,-0.17,-2,False,live,STOCK,48,NEUTRAL,NASDAQ
2026-09-13T07:57:09.451647+09:00,2026-09-13,ACN,Accenture plc,US,IT,2026-09-11,183.9,2886800,4785330.0,5.875,112536141824,55,60,50,68,60,0,HOLD,0.35,4,False,live,STOCK,64,NEUTRAL,NYSE
2026-09-13T07:57:09.451647+09:00,2026-09-13,VLO,Valero Energy Corporation,US,에너지,2026-09-11,390.42,3055800,2435045.0,10.8786,112412639232,77,60,55,71,73,3,BUY,0.98,12,False,live,STOCK,90,NEUTRAL,NYSE
2026-09-13T07:57:09.451647+09:00,2026-09-13,BNY,Bank of New York Mellon Corp,US,금융,2026-09-11,162.66,2267200,2578075.0,2.6486,110365483008,69,60,48,50,56,0,HOLD,0.46,6,False,live,STOCK,55,NEUTRAL,NYSE
2026-09-13T07:57:09.451647+09:00,2026-09-13,PDD,PDD Holdings Inc.,US,소비재,2026-09-11,77.81,7062700,7051300.0,2.0757,110754480128,20,60,60,94,51,1,HOLD,-0.39,-5,False,live,STOCK,26,NEUTRAL,NASDAQ
2026-09-13T07:57:09.451647+09:00,2026-09-13,LOW,"Lowe's Companies, Inc.",US,소비재,2026-09-11,196.82,3287400,3167335.0,4.065,110426652672,20,60,60,60,41,0,AVOID,-0.59,-7,True,live,STOCK,26,NEUTRAL,NYSE
2026-09-13T07:57:09.451647+09:00,2026-09-13,APP,AppLovin Corporation,US,IT,2026-09-11,323.96,3751600,4552230.0,13.7506,108413378560,59,60,60,58,50,0,HOLD,-0.17,-2,False,live,STOCK,17,NEUTRAL,NASDAQ
2026-09-13T07:57:09.451647+09:00,2026-09-13,NET,"Cloudflare, Inc.",US,IT,2026-09-11,306.53,2435600,2989180.0,16.2874,109149110272,88,60,50,27,56,1,HOLD,0.69,8,False,live,STOCK,55,NEUTRAL,NYSE
2026-09-13T07:57:09.451647+09:00,2026-09-13,SPOT,Spotify Technology S.A.,US,인터넷,2026-09-11,525.75,1018200,1572925.0,18.0506,108104744960,47,65,45,42,48,0,HOLD,0.08,1,False,live,STOCK,61,NEUTRAL,NYSE
2026-09-13T07:57:09.451647+09:00,2026-09-13,ADP,"Automatic Data Processing, Inc.",US,IT,2026-09-11,268.26,2166000,2016105.0,4.9315,106569711616,44,60,50,42,48,0,HOLD,0.17,2,False,live,STOCK,61,NEUTRAL,NASDAQ
2026-09-13T07:57:09.451647+09:00,2026-09-13,EQNR,Equinor ASA,US,에너지,2026-09-11,44.8,2970100,2753705.0,1.14,106263166976,92,60,55,68,74,2,WATCH,1.09,13,False,live,STOCK,77,NEUTRAL,NYSE
2026-09-13T07:57:09.451647+09:00,2026-09-13,ING,ING Groep N.V.,US,금융,2026-09-11,37.27,1662000,1603050.0,0.4893,106234552320,77,60,50,60,63,1,HOLD,0.68,8,False,live,STOCK,60,NEUTRAL,NYSE
2026-09-13T07:57:09.451647+09:00,2026-09-13,CM,Canadian Imperial Bank of Commerce,US,금융,2026-09-11,114.64,897600,1155255.0,2.6129,104085716992,28,60,60,60,43,0,AVOID,-0.32,-4,True,live,STOCK,25,NEUTRAL,NYSE
2026-09-13T07:57:09.451647+09:00,2026-09-13,SOJE,Southern Company (The) Series 2,US,유틸리티,2026-09-11,16.15,160700,79210.0,0.2308,,72,60,48,50,54,1,HOLD,0.18,2,False,live,STOCK,40,NEUTRAL,NYSE
2026-09-13T07:57:09.451647+09:00,2026-09-13,SMFG,"Sumitomo Mitsui Financial Group, Inc.",US,금융,2026-09-11,27.29,1340400,1316790.0,0.475,172814385152,81,60,55,60,65,1,HOLD,0.74,9,False,live,STOCK,58,NEUTRAL,NYSE
2026-09-13T07:57:09.451647+09:00,2026-09-13,SYK,Stryker Corporation,US,제약/바이오,2026-09-11,275.56,3723800,2816890.0,10.4729,105697386496,20,65,53,58,39,0,AVOID,-0.68,-8,True,live,STOCK,26,NEUTRAL,NYSE
2026-09-13T07:57:09.451647+09:00,2026-09-13,IBN,ICICI Bank Limited,US,금융,2026-09-11,29.39,3208400,5089775.0,0.5479,105476300800,47,60,53,58,53,0,HOLD,0.14,2,False,live,STOCK,55,NEUTRAL,NYSE
2026-09-13T07:57:09.451647+09:00,2026-09-13,CNQ,Canadian Natural Resources Limited,US,에너지,2026-09-11,50.07,8172800,6832900.0,1.2982,103219306496,62,60,53,63,59,0,HOLD,0.44,5,False,live,STOCK,54,NEUTRAL,NYSE
2026-09-13T07:57:09.451647+09:00,2026-09-13,ENB,Enbridge Inc.,US,에너지,2026-09-11,47.76,6840900,5772785.0,0.8736,104313020416,20,60,63,37,36,0,AVOID,-0.67,-8,True,live,STOCK,29,NEUTRAL,NYSE
2026-09-13T07:57:09.451647+09:00,2026-09-13,PSX,Phillips 66,US,에너지,2026-09-11,259.47,2581100,2742295.0,6.9307,103533961216,63,60,50,60,64,1,HOLD,0.67,8,False,live,STOCK,86,NEUTRAL,NYSE
2026-09-13T07:57:09.451647+09:00,2026-09-13,SOMN,The Southern Company,US,유틸리티,2026-09-11,47.35,1849200,292460.0,0.5461,,31,60,45,50,43,0,AVOID,-0.39,-5,True,live,STOCK,47,NEUTRAL,NYSE
2026-09-13T07:57:09.451647+09:00,2026-09-13,MCK,McKesson Corporation,US,제약/바이오,2026-09-11,881.51,888800,894390.0,21.1551,102775570432,54,65,56,66,55,0,HOLD,0.27,3,False,live,STOCK,40,NEUTRAL,NYSE
2026-09-13T07:57:09.451647+09:00,2026-09-13,SNY,Sanofi,US,제약/바이오,2026-09-11,42.77,2372800,2138215.0,0.6421,102482804736,35,65,55,61,49,0,HOLD,-0.2,-2,False,live,STOCK,45,NEUTRAL,NASDAQ
2026-09-13T07:57:09.451647+09:00,2026-09-13,EQIX,"Equinix, Inc.",US,리츠,2026-09-11,1037.72,558900,523200.0,30.165,102393577472,43,60,48,35,42,0,AVOID,-0.21,-3,True,live,STOCK,47,NEUTRAL,NASDAQ
2026-09-13T07:57:09.451647+09:00,2026-09-13,CEG,Constellation Energy Corporation,US,유틸리티,2026-09-11,284.75,1719500,2466570.0,9.2675,100889026560,84,60,63,45,58,1,HOLD,0.63,8,False,live,STOCK,31,NEUTRAL,NASDAQ
2026-09-13T07:57:09.451647+09:00,2026-09-13,FCX,Freeport-McMoRan Inc.,US,소재,2026-09-11,71.07,10762800,14869380.0,3.1679,102057762816,40,60,50,53,51,0,HOLD,0.04,0,False,live,STOCK,66,NEUTRAL,NYSE
2026-09-13T07:57:09.451647+09:00,2026-09-13,AEM,Agnico Eagle Mines Limited,US,소재,2026-09-11,200.36,1423400,3107895.0,8.1158,101455265792,48,60,55,55,59,1,HOLD,0.49,6,False,live,STOCK,86,NEUTRAL,NYSE
2026-09-13T07:57:09.451647+09:00,2026-09-13,HOOD,"Robinhood Markets, Inc.",US,금융,2026-09-11,112.57,19655300,22142715.0,6.5911,101209694208,88,60,60,42,59,1,HOLD,0.74,9,False,live,STOCK,40,NEUTRAL,NASDAQ
2026-09-13T07:57:09.451647+09:00,2026-09-13,ABNB,"Airbnb, Inc.",US,소비재,2026-09-11,170.19,2801000,4612425.0,4.9924,101907333120,51,60,50,50,50,0,HOLD,0.22,3,False,live,STOCK,51,NEUTRAL,NASDAQ
2026-09-13T07:57:09.451647+09:00,2026-09-13,SO,The Southern Company,US,유틸리티,2026-09-11,87.17,5141900,5641165.0,1.2671,100277141504,28,60,53,42,37,0,AVOID,-0.56,-7,True,live,STOCK,26,NEUTRAL,NYSE
2026-09-13T07:57:09.451647+09:00,2026-09-13,ADBE,Adobe Inc.,US,IT,2026-09-11,252.23,10770200,4953770.0,10.4543,100261421056,51,60,63,76,66,2,WATCH,0.62,7,False,live,STOCK,75,NEUTRAL,NASDAQ
2026-09-13T07:57:09.451647+09:00,2026-09-13,CME,CME Group Inc.,US,금융,2026-09-11,275.54,1050600,1879070.0,5.3971,99078471680,43,60,58,45,53,1,HOLD,0.17,2,False,live,STOCK,74,NEUTRAL,NASDAQ
2026-09-13T07:57:09.451647+09:00,2026-09-13,VRT,Vertiv Holdings Co,US,산업재,2026-09-11,257.06,4767600,4776635.0,13.5654,98965053440,40,60,48,50,44,0,AVOID,-0.46,-6,True,live,STOCK,36,NEUTRAL,NYSE
2026-09-13T07:57:09.451647+09:00,2026-09-13,USB,U.S. Bancorp,US,금융,2026-09-11,62.84,5774000,6150405.0,0.9936,97907957760,54,60,73,60,61,1,HOLD,0.51,6,False,live,STOCK,61,NEUTRAL,NYSE
2026-09-13T07:57:09.451647+09:00,2026-09-13,PWR,"Quanta Services, Inc.",US,산업재,2026-09-11,650.58,941000,1033020.0,21.1022,97810407424,65,60,48,35,47,0,HOLD,-0.05,-1,False,live,STOCK,39,NEUTRAL,NYSE
2026-09-13T07:57:09.451647+09:00,2026-09-13,PNC,"The PNC Financial Services Group, Inc.",US,금융,2026-09-11,244.24,1068000,1448320.0,4.2293,97438007296,50,60,73,60,58,1,HOLD,0.35,4,False,live,STOCK,54,NEUTRAL,NYSE
2026-09-13T07:57:09.451647+09:00,2026-09-13,TT,Trane Technologies plc,US,산업재,2026-09-11,442.52,873500,913910.0,8.5476,97364656128,28,60,63,50,42,0,AVOID,-0.35,-4,True,live,STOCK,30,NEUTRAL,NYSE
2026-09-13T07:57:09.451647+09:00,2026-09-13,GSK,GSK plc,US,제약/바이오,2026-09-11,48.13,2277000,2785115.0,0.9514,96395034624,20,65,45,63,42,0,AVOID,-0.62,-7,True,live,STOCK,38,NEUTRAL,NYSE
2026-09-13T07:57:09.451647+09:00,2026-09-13,GD,General Dynamics Corporation,US,산업재,2026-09-11,355.9,1343400,953435.0,6.7607,96291299328,20,60,48,50,40,0,AVOID,-0.47,-6,True,live,STOCK,48,NEUTRAL,NYSE
2026-09-13T07:57:09.451647+09:00,2026-09-13,MELI,"MercadoLibre, Inc.",US,소비재,2026-09-11,1897.37,314800,400340.0,64.1993,96190586880,47,60,60,50,54,0,HOLD,0.35,4,False,live,STOCK,63,NEUTRAL,NASDAQ
2026-09-13T07:57:09.451647+09:00,2026-09-13,BNH,Brookfield Finance Inc.,US,금융,2026-09-11,14.81,12300,18745.0,0.1739,,31,60,55,50,43,0,AVOID,-0.32,-4,True,live,STOCK,40,NEUTRAL,NYSE
2026-09-13T07:57:09.451647+09:00,2026-09-13,DUK,Duke Energy Corporation,US,유틸리티,2026-09-11,119.42,3033100,3529980.0,1.6129,93112033280,31,60,63,52,44,0,AVOID,-0.3,-4,True,live,STOCK,32,NEUTRAL,NYSE
2026-09-13T07:57:09.451647+09:00,2026-09-13,HCA,"HCA Healthcare, Inc.",US,제약/바이오,2026-09-11,426.94,1321300,1321575.0,12.3064,94712291328,77,65,66,60,64,1,HOLD,0.71,9,False,live,STOCK,48,NEUTRAL,NYSE
2026-09-13T07:57:09.451647+09:00,2026-09-13,HWM,Howmet Aerospace Inc.,US,산업재,2026-09-11,229.61,3730900,3661600.0,10.3886,91568791552,20,60,63,50,41,0,AVOID,-0.56,-7,True,live,STOCK,35,NEUTRAL,NYSE
2026-09-13T07:57:09.451647+09:00,2026-09-13,ITUB,Itaú Unibanco Holding S.A.,US,금융,2026-09-11,8.33,25160000,22139760.0,0.2387,91812192256,66,60,55,70,58,1,HOLD,0.3,4,False,live,STOCK,33,NEUTRAL,NYSE
2026-09-13T07:57:09.451647+09:00,2026-09-13,ELV,Elevance Health Inc.,US,제약/바이오,2026-09-11,418.72,1359400,1001010.0,10.9263,90807508992,84,65,85,58,71,2,WATCH,0.98,12,False,live,STOCK,58,NEUTRAL,NYSE
2026-09-13T07:57:09.451647+09:00,2026-09-13,KKR,KKR & Co. Inc.,US,금융,2026-09-11,101.08,2635200,3767485.0,3.0586,93356531712,47,60,58,66,56,0,HOLD,0.2,2,False,live,STOCK,54,NEUTRAL,NYSE
2026-09-13T07:57:09.451647+09:00,2026-09-13,CSX,CSX Corporation,US,산업재,2026-09-11,48.95,7112600,8969360.0,1.0092,90678648832,17,60,55,58,44,0,AVOID,-0.3,-4,True,live,STOCK,55,NEUTRAL,NASDAQ
2026-09-13T07:57:09.451647+09:00,2026-09-13,BNJ,Brookfield Finance Inc. 4.50% P,US,금융,2026-09-11,14.6,10800,17225.0,0.2007,,28,60,55,50,42,0,AVOID,-0.36,-4,True,live,STOCK,40,NEUTRAL,NYSE
2026-09-13T07:57:09.451647+09:00,2026-09-13,BCS,Barclays PLC,US,금융,2026-09-11,26.7,2758400,3047475.0,0.4036,89500794880,32,60,50,78,55,1,HOLD,-0.0,0,False,live,STOCK,60,NEUTRAL,NYSE
2026-09-13T07:57:09.451647+09:00,2026-09-13,CMCSA,Comcast Corporation,US,인터넷,2026-09-11,25.2,16035600,21984090.0,0.6836,89425649664,43,65,52,83,60,1,HOLD,0.15,2,False,live,STOCK,58,NEUTRAL,NASDAQ
2026-09-13T07:57:09.451647+09:00,2026-09-13,WMB,"The Williams Companies, Inc.",US,에너지,2026-09-11,72.85,8330200,7500550.0,2.0093,89107750912,50,60,53,42,53,1,HOLD,0.21,3,False,live,STOCK,76,NEUTRAL,NYSE
2026-09-13T07:57:09.451647+09:00,2026-09-13,JCI,Johnson Controls International plc,US,소재,2026-09-11,146.01,5782200,2949325.0,2.9764,88444305408,72,60,55,50,54,1,HOLD,0.25,3,False,live,STOCK,32,NEUTRAL,NYSE
2026-09-13T07:57:09.451647+09:00,2026-09-13,ICE,"Intercontinental Exchange, Inc.",US,금융,2026-09-11,157.4,2486900,3305470.0,3.2364,88363491328,47,60,53,50,53,0,HOLD,0.27,3,False,live,STOCK,67,NEUTRAL,NYSE
2026-09-13T07:57:09.451647+09:00,2026-09-13,DASH,"DoorDash, Inc.",US,인터넷,2026-09-11,201.95,2176400,3972620.0,8.1213,87504519168,51,65,50,43,52,0,HOLD,0.32,4,False,live,STOCK,69,NEUTRAL,NASDAQ
2026-09-13T07:57:09.451647+09:00,2026-09-13,INTU,Intuit Inc.,US,IT,2026-09-11,321.57,2305500,4004495.0,15.0964,85935079424,39,60,60,66,57,0,HOLD,0.34,4,False,live,STOCK,69,NEUTRAL,NASDAQ
2026-09-13T07:57:09.451647+09:00,2026-09-13,MAR,"Marriott International, Inc.",US,소비재,2026-09-11,334.69,1502100,1456260.0,7.0814,87275872256,15,60,60,58,40,0,AVOID,-0.68,-8,True,live,STOCK,32,NEUTRAL,NASDAQ
2026-09-13T07:57:09.451647+09:00,2026-09-13,LYG,Lloyds Banking Group plc,US,금융,2026-09-11,6.01,13652700,12065370.0,0.09,86801055744,47,60,58,76,52,1,HOLD,0.04,0,False,live,STOCK,16,NEUTRAL,NYSE
2026-09-13T07:57:09.451647+09:00,2026-09-13,ASX,"ASE Technology Holding Co., Ltd.",US,반도체,2026-09-11,39.47,5098000,6243135.0,1.355,102766673920,72,65,55,37,54,1,HOLD,0.39,5,False,live,STOCK,52,NEUTRAL,NYSE
2026-09-13T07:57:09.451647+09:00,2026-09-13,BN,Brookfield Corporation,US,금융,2026-09-11,38.22,3544300,4035100.0,0.7586,85320474624,10,60,50,35,29,0,AVOID,-0.98,-12,True,live,STOCK,26,NEUTRAL,NYSE
2026-09-13T07:57:09.451647+09:00,2026-09-13,WM,"Waste Management, Inc.",US,산업재,2026-09-11,213.46,2511300,2115975.0,3.4042,85323210752,28,60,60,50,39,0,AVOID,-0.44,-5,True,live,STOCK,20,NEUTRAL,NYSE
2026-09-13T07:57:09.451647+09:00,2026-09-13,EMR,Emerson Electric Co.,US,산업재,2026-09-11,152.19,1901900,2091270.0,3.595,85241618432,47,60,60,58,56,0,HOLD,0.25,3,False,live,STOCK,60,NEUTRAL,NYSE
2026-09-13T07:57:09.451647+09:00,2026-09-13,UPS,"United Parcel Service, Inc.",US,산업재,2026-09-11,100.28,3729900,3933020.0,1.86,85316378624,31,60,63,66,48,0,HOLD,-0.28,-3,False,live,STOCK,32,NEUTRAL,NYSE
2026-09-13T07:57:09.451647+09:00,2026-09-13,MMM,3M Company,US,산업재,2026-09-11,164.97,3285600,2711025.0,3.0657,85078728704,35,60,56,58,49,0,HOLD,-0.07,-1,False,live,STOCK,48,NEUTRAL,NYSE
2026-09-13T07:57:09.451647+09:00,2026-09-13,MNST,Monster Beverage Corporation,US,소매,2026-09-11,43.4,7022600,9676180.0,0.98,85022851072,20,60,70,34,43,1,AVOID,-0.25,-3,True,live,STOCK,64,NEUTRAL,NASDAQ
2026-09-13T07:57:09.451647+09:00,2026-09-13,MRSH,"Marsh & McLennan Companies, Inc.",US,금융,2026-09-11,176.91,1727700,2039905.0,3.5729,84423442432,39,60,27,66,46,0,HOLD,-0.28,-3,False,live,STOCK,48,NEUTRAL,NYSE
2026-09-13T07:57:09.451647+09:00,2026-09-13,EPD,Enterprise Products Partners L.P.,US,에너지,2026-09-11,38.9,1570500,2608765.0,0.5086,84003667968,69,60,55,60,62,0,HOLD,0.52,6,False,live,STOCK,63,NEUTRAL,NYSE
2026-09-13T07:57:09.451647+09:00,2026-09-13,SLB,Slb N.V.,US,에너지,2026-09-11,56.06,8842200,12523870.0,2.1515,83201073152,65,60,50,58,62,1,HOLD,0.43,5,False,live,STOCK,77,NEUTRAL,NYSE
2026-09-13T07:57:09.451647+09:00,2026-09-13,AMT,American Tower Corporation,US,리츠,2026-09-11,177.85,1911700,2019525.0,3.9857,82871001088,51,60,60,42,50,0,HOLD,0.04,0,False,live,STOCK,52,NEUTRAL,NYSE
2026-09-13T07:57:09.451647+09:00,2026-09-13,MCO,Moody's Corporation,US,금융,2026-09-11,474.95,773400,670145.0,11.46,82252316672,47,60,45,42,47,0,HOLD,-0.0,0,False,live,STOCK,55,NEUTRAL,NYSE
2026-09-13T07:57:09.451647+09:00,2026-09-13,HPE,Hewlett Packard Enterprise Company,US,IT,2026-09-11,62.09,38992100,23449635.0,3.5136,82422292480,92,60,76,74,80,4,STRONG_BUY,1.33,16,True,live,STOCK,77,NEUTRAL,NYSE
2026-09-13T07:57:09.451647+09:00,2026-09-13,SU,Suncor Energy Inc.,US,에너지,2026-09-11,68.83,4075400,4226930.0,1.6438,80505602048,84,60,53,63,61,1,HOLD,0.59,7,False,live,STOCK,32,NEUTRAL,NYSE
2026-09-13T07:57:09.451647+09:00,2026-09-13,BE,Bloom Energy Corporation,US,산업재,2026-09-11,275.75,13599900,12981225.0,16.9491,81215922176,73,60,45,43,54,1,HOLD,0.32,4,False,live,STOCK,49,NEUTRAL,NYSE
2026-09-13T07:57:09.451647+09:00,2026-09-13,E,Eni S.p.A.,US,에너지,2026-09-11,56.05,279200,367655.0,1.125,80570277888,80,60,50,68,71,2,WATCH,0.76,9,False,live,STOCK,81,NEUTRAL,NYSE
2026-09-13T07:57:09.451647+09:00,2026-09-13,CTAS,Cintas Corporation,US,산업재,2026-09-11,201.5,1573100,1752180.0,3.2507,80634167296,47,60,58,29,47,0,HOLD,0.25,3,False,live,STOCK,63,NEUTRAL,NASDAQ
2026-09-13T07:57:09.451647+09:00,2026-09-13,REGN,"Regeneron Pharmaceuticals, Inc.",US,제약/바이오,2026-09-11,781.49,444000,621445.0,19.7529,80458293248,51,65,50,58,58,1,HOLD,0.42,5,False,live,STOCK,75,NEUTRAL,NASDAQ
2026-09-13T07:57:09.451647+09:00,2026-09-13,MDLZ,"Mondelez International, Inc.",US,소매,2026-09-11,62.44,5567100,7142630.0,1.2007,80151093248,40,60,63,58,53,0,HOLD,0.06,1,False,live,STOCK,55,NEUTRAL,NASDAQ
2026-09-13T07:57:09.451647+09:00,2026-09-13,CDNS,"Cadence Design Systems, Inc.",US,IT,2026-09-11,289.37,2553900,2396540.0,12.1993,79812878336,18,60,60,42,37,0,AVOID,-0.69,-8,True,live,STOCK,33,NEUTRAL,NASDAQ
2026-09-13T07:57:09.451647+09:00,2026-09-13,DDOG,"Datadog, Inc.",US,IT,2026-09-11,221.21,1870100,3757965.0,11.7871,79430983680,28,60,63,35,39,0,AVOID,-0.37,-4,True,live,STOCK,36,NEUTRAL,NASDAQ
2026-09-13T07:57:09.451647+09:00,2026-09-13,EOG,"EOG Resources, Inc.",US,에너지,2026-09-11,147.36,3074700,2777220.0,3.3664,78488141824,59,60,60,78,67,1,HOLD,0.58,7,False,live,STOCK,69,NEUTRAL,NYSE
2026-09-13T07:57:09.451647+09:00,2026-09-13,SHW,The Sherwin-Williams Company,US,소재,2026-09-11,323.31,2172200,1552000.0,6.63,78486134784,20,60,60,50,42,0,AVOID,-0.32,-4,True,live,STOCK,45,NEUTRAL,NYSE
2026-09-13T07:57:09.451647+09:00,2026-09-13,CP,Canadian Pacific Kansas City Ltd.,US,산업재,2026-09-11,89.23,2446700,1981500.0,1.9321,78440243200,35,60,63,58,51,0,HOLD,-0.03,0,False,live,STOCK,54,NEUTRAL,NYSE
2026-09-13T07:57:09.451647+09:00,2026-09-13,TRV,"The Travelers Companies, Inc.",US,금융,2026-09-11,375.2,1620900,1479965.0,6.2377,78257348608,70,60,53,78,66,2,WATCH,0.64,8,False,live,STOCK,55,NEUTRAL,NYSE
2026-09-13T07:57:09.451647+09:00,2026-09-13,ECL,Ecolab Inc.,US,소재,2026-09-11,276.18,1289100,1466555.0,5.4557,77421150208,43,60,55,58,56,1,HOLD,0.19,2,False,live,STOCK,71,NEUTRAL,NYSE
2026-09-13T07:57:09.451647+09:00,2026-09-13,GM,General Motors Company,US,소비재,2026-09-11,85.62,7369200,5724605.0,2.1959,77439139840,47,60,50,74,57,1,HOLD,0.14,2,False,live,STOCK,54,NEUTRAL,NYSE
2026-09-13T07:57:09.451647+09:00,2026-09-13,MSI,"Motorola Solutions, Inc.",US,IT,2026-09-11,466.16,690800,985375.0,8.1929,77146587136,44,60,53,50,48,0,HOLD,0.11,1,False,live,STOCK,48,NEUTRAL,NYSE
2026-09-13T07:57:09.451647+09:00,2026-09-13,NGG,National Grid plc,US,유틸리티,2026-09-11,76.86,841900,829165.0,1.0464,77271973888,20,60,55,60,45,0,HOLD,-0.42,-5,False,live,STOCK,49,NEUTRAL,NYSE
2026-09-13T07:57:09.451647+09:00,2026-09-13,ITW,Illinois Tool Works Inc.,US,산업재,2026-09-11,268.16,1019600,1073845.0,5.0593,76371968000,25,60,50,42,40,0,AVOID,-0.33,-4,True,live,STOCK,48,NEUTRAL,NYSE
2026-09-13T07:57:09.451647+09:00,2026-09-13,CMI,Cummins Inc.,US,산업재,2026-09-11,556.75,705400,965490.0,13.7807,76825419776,37,60,70,58,46,1,HOLD,-0.35,-4,False,live,STOCK,20,NEUTRAL,NYSE
2026-09-13T07:57:09.451647+09:00,2026-09-13,SNPS,"Synopsys, Inc.",US,IT,2026-09-11,397.38,1177600,1835720.0,18.14,76152569856,43,60,53,43,45,0,HOLD,-0.32,-4,False,live,STOCK,41,NEUTRAL,NASDAQ
2026-09-13T07:57:09.451647+09:00,2026-09-13,DB,Deutsche Bank AG,US,금융,2026-09-11,40.48,1690900,1797095.0,0.6964,76061925376,73,60,53,80,67,2,WATCH,0.69,8,False,live,STOCK,54,NEUTRAL,NYSE
2026-09-13T07:57:09.451647+09:00,2026-09-13,CVNA,Carvana Co.,US,소비재,2026-09-11,69.16,5876000,7600245.0,3.1246,76661358592,50,60,48,42,48,0,HOLD,0.09,1,False,live,STOCK,55,NEUTRAL,NYSE
2026-09-13T07:57:09.451647+09:00,2026-09-13,BAM,Brookfield Asset Management Ltd.,US,금융,2026-09-11,47.26,2539500,2246275.0,1.1515,75486109696,35,60,61,42,46,0,HOLD,-0.08,-1,False,live,STOCK,54,NEUTRAL,NYSE
2026-09-13T07:57:09.451647+09:00,2026-09-13,APOS,"Apollo Global Management, Inc.",US,금융,2026-09-11,25.42,27400,42000.0,0.2017,,74,60,58,50,57,1,HOLD,0.37,4,False,live,STOCK,40,NEUTRAL,NYSE
2026-09-13T07:57:09.451647+09:00,2026-09-13,APO,"Apollo Global Management, Inc.",US,금융,2026-09-11,128.98,1872300,2557250.0,3.4879,76168257536,46,60,58,58,53,0,HOLD,0.02,0,False,live,STOCK,51,NEUTRAL,NYSE
2026-09-13T07:57:09.451647+09:00,2026-09-13,CI,Cigna Corporation,US,제약/바이오,2026-09-11,280.76,1342100,1388935.0,5.8376,74188161024,72,65,60,94,70,2,WATCH,0.42,5,False,live,STOCK,39,NEUTRAL,NYSE
2026-09-13T07:57:09.451647+09:00,2026-09-13,ET,Energy Transfer LP,US,에너지,2026-09-11,21.55,8151800,7717335.0,0.3021,74203103232,69,60,70,68,69,1,HOLD,0.87,10,False,live,STOCK,69,NEUTRAL,NYSE
2026-09-13T07:57:09.451647+09:00,2026-09-13,ROST,"Ross Stores, Inc.",US,소비재,2026-09-11,230.74,1609600,2733780.0,5.1356,73710616576,25,60,55,42,43,0,AVOID,-0.3,-4,True,live,STOCK,61,NEUTRAL,NASDAQ
2026-09-13T07:57:09.451647+09:00,2026-09-13,CNI,Canadian National Railway Company,US,산업재,2026-09-11,122.25,1396500,1361375.0,2.1972,73949020160,17,60,63,50,46,0,HOLD,-0.16,-2,False,live,STOCK,67,NEUTRAL,NYSE
2026-09-13T07:57:09.451647+09:00,2026-09-13,FDX,FedEx Corporation,US,산업재,2026-09-11,311.99,1194000,1442825.0,7.6121,73838804992,43,60,53,68,48,0,HOLD,-0.32,-4,False,live,STOCK,19,NEUTRAL,NYSE
2026-09-13T07:57:09.451647+09:00,2026-09-13,NTES,"NetEase, Inc.",US,IT,2026-09-11,115.61,515000,814525.0,2.8334,74019323904,20,60,58,68,50,0,HOLD,-0.29,-3,False,live,STOCK,62,NEUTRAL,NASDAQ
2026-09-13T07:57:09.451647+09:00,2026-09-13,NOC,Northrop Grumman Corporation,US,산업재,2026-09-11,518.97,588100,742905.0,10.1122,73726443520,32,60,45,55,45,0,HOLD,-0.37,-4,False,live,STOCK,48,NEUTRAL,NYSE
2026-09-13T07:57:09.451647+09:00,2026-09-13,B,Barrick Mining Corporation,US,소재,2026-09-11,43.68,7659800,10306535.0,1.4936,71892230144,44,60,50,78,60,1,HOLD,0.27,3,False,live,STOCK,69,NEUTRAL,NYSE
2026-09-13T07:57:09.451647+09:00,2026-09-13,RACE,Ferrari N.V.,US,소비재,2026-09-11,413.78,257200,358175.0,8.175,72681472000,44,60,60,37,50,0,HOLD,0.29,3,False,live,STOCK,67,NEUTRAL,NYSE
2026-09-13T07:57:09.451647+09:00,2026-09-13,MFC,Manulife Financial Corporation,US,금융,2026-09-11,43.49,921100,2674910.0,0.7943,72054931456,91,60,58,76,66,2,WATCH,0.67,8,False,live,STOCK,22,NEUTRAL,NYSE
2026-09-13T07:57:09.451647+09:00,2026-09-13,LITE,Lumentum Holdings Inc.,US,IT,2026-09-11,927.03,3396700,4159880.0,60.3082,83154591744,87,60,50,50,65,1,HOLD,0.66,8,False,live,STOCK,69,NEUTRAL,NASDAQ
2026-09-13T07:57:09.451647+09:00,2026-09-13,NSC,Norfolk Southern Corporation,US,산업재,2026-09-11,320.27,846200,1120580.0,5.8193,71935320064,35,60,60,45,46,0,HOLD,-0.1,-1,False,live,STOCK,48,NEUTRAL,NYSE
2026-09-13T07:57:09.451647+09:00,2026-09-13,ORLY,"O'Reilly Automotive, Inc.",US,소비재,2026-09-11,85.82,5167300,5083885.0,1.6221,69425012736,28,60,58,50,44,0,AVOID,-0.34,-4,True,live,STOCK,45,NEUTRAL,NASDAQ
2026-09-13T07:57:09.451647+09:00,2026-09-13,NU,Nu Holdings Ltd.,US,금융,2026-09-11,14.62,65629100,75958795.0,0.5869,70624665600,47,60,45,66,52,0,HOLD,0.15,2,False,live,STOCK,48,NEUTRAL,NYSE
2026-09-13T07:57:09.451647+09:00,2026-09-13,TGT,Target Corporation,US,소매,2026-09-11,155.83,2643900,4590095.0,4.105,70792241152,44,60,53,60,56,0,HOLD,0.32,4,False,live,STOCK,69,NEUTRAL,NYSE
2026-09-13T07:57:09.451647+09:00,2026-09-13,WBD,"Warner Bros. Discovery, Inc.",US,인터넷,2026-09-11,28.04,12965600,17226120.0,0.3186,70300114944,40,65,53,38,45,0,HOLD,-0.07,-1,False,live,STOCK,54,NEUTRAL,NASDAQ
2026-09-13T07:57:09.451647+09:00,2026-09-13,WPM,Wheaton Precious Metals Corp.,US,소재,2026-09-11,154.12,1203200,2362460.0,6.015,69995134976,59,60,60,50,63,1,HOLD,0.73,9,False,live,STOCK,93,NEUTRAL,NYSE
2026-09-13T07:57:09.451647+09:00,2026-09-13,DLR,"Digital Realty Trust, Inc.",US,리츠,2026-09-11,188.58,1339800,1965435.0,4.97,71219822592,43,60,63,46,54,1,HOLD,0.22,3,False,live,STOCK,72,NEUTRAL,NYSE
2026-09-13T07:57:09.451647+09:00,2026-09-13,RCL,Royal Caribbean Cruises Ltd.,US,소비재,2026-09-11,260.14,1568500,1756735.0,6.9257,69574991872,20,60,63,60,40,0,AVOID,-0.63,-8,True,live,STOCK,17,NEUTRAL,NYSE
2026-09-13T07:57:09.451647+09:00,2026-09-13,SATA,Strive Inc. Perp. Pfd. Series A,US,금융,2026-09-11,99.75,713700,390080.0,0.1963,,65,60,58,42,61,1,HOLD,0.58,7,False,live,STOCK,87,NEUTRAL,NASDAQ
2026-09-13T07:57:09.451647+09:00,2026-09-13,CL,Colgate-Palmolive Company,US,소매,2026-09-11,86.8,5767300,4244255.0,1.5536,69194604544,20,60,48,50,36,0,AVOID,-0.64,-8,True,live,STOCK,26,NEUTRAL,NYSE
2026-09-13T07:57:09.451647+09:00,2026-09-13,HLT,Hilton Worldwide Holdings Inc.,US,소비재,2026-09-11,306.19,1637100,1709065.0,6.3421,68912627712,20,60,55,50,37,0,AVOID,-0.69,-8,True,live,STOCK,26,NEUTRAL,NYSE
2026-09-13T07:57:09.451647+09:00,2026-09-13,KMI,"Kinder Morgan, Inc.",US,에너지,2026-09-11,30.86,11784700,11208415.0,0.7607,68658126848,31,60,53,45,43,0,AVOID,-0.31,-4,True,live,STOCK,47,NEUTRAL,NYSE
2026-09-13T07:57:09.451647+09:00,2026-09-13,RSG,"Republic Services, Inc.",US,산업재,2026-09-11,222.74,1341600,1493705.0,3.4307,68205883392,62,60,67,50,55,0,HOLD,0.36,4,False,live,STOCK,40,NEUTRAL,NYSE
2026-09-13T07:57:09.451647+09:00,2026-09-13,AMX,"América Móvil, S.A.B. de C.V.",US,인터넷,2026-09-11,22.83,2133100,3213065.0,0.4,68292747264,32,65,55,76,53,1,HOLD,-0.31,-4,False,live,STOCK,50,NEUTRAL,NYSE
2026-09-13T07:57:09.451647+09:00,2026-09-13,AEP,"American Electric Power Company, Inc.",US,유틸리티,2026-09-11,123.33,2201600,3215390.0,1.8536,67140530176,57,60,60,42,49,0,HOLD,0.03,0,False,live,STOCK,36,NEUTRAL,NASDAQ
2026-09-13T07:57:09.451647+09:00,2026-09-13,SPG,"Simon Property Group, Inc.",US,리츠,2026-09-11,204.83,1121500,1164945.0,3.1857,77758283776,20,60,72,47,39,1,AVOID,-0.46,-6,True,live,STOCK,23,NEUTRAL,NYSE
2026-09-13T07:57:09.451647+09:00,2026-09-13,ALL,The Allstate Corporation,US,금융,2026-09-11,253.71,1336800,1520905.0,5.0292,64152592384,47,60,53,78,58,1,HOLD,0.27,3,False,live,STOCK,48,NEUTRAL,NYSE
2026-09-13T07:57:09.451647+09:00,2026-09-13,VALE,Vale S.A.,US,소재,2026-09-11,15.23,20760600,29768890.0,0.4764,64815263744,80,60,62,74,66,2,WATCH,0.52,6,False,live,STOCK,35,NEUTRAL,NYSE
2026-09-13T07:57:09.451647+09:00,2026-09-13,APD,"Air Products and Chemicals, Inc.",US,소재,2026-09-11,291.43,921200,959080.0,5.4714,64897245184,43,60,60,42,48,0,HOLD,0.07,1,False,live,STOCK,55,NEUTRAL,NYSE
2026-09-13T07:57:09.451647+09:00,2026-09-13,PCAR,PACCAR Inc,US,산업재,2026-09-11,122.73,2066500,2337105.0,2.3871,64600772608,17,60,45,66,37,0,AVOID,-0.65,-8,True,live,STOCK,16,NEUTRAL,NASDAQ
2026-09-13T07:57:09.451647+09:00,2026-09-13,AON,Aon plc,US,금융,2026-09-11,302.69,2238000,1324270.0,10.1786,64208248832,20,60,63,60,41,0,AVOID,-0.59,-7,True,live,STOCK,20,NEUTRAL,NYSE
2026-09-13T07:57:09.451647+09:00,2026-09-13,HON,Honeywell International Inc.,US,산업재,2026-09-11,202.36,2746400,2660605.0,4.1814,64135979008,20,60,42,65,44,0,AVOID,-0.6,-7,True,live,STOCK,52,NEUTRAL,NASDAQ
2026-09-13T07:57:09.451647+09:00,2026-09-13,BSX,Boston Scientific Corporation,US,제약/바이오,2026-09-11,42.98,26974500,20429730.0,1.8421,62287884288,35,65,70,76,57,2,HOLD,-0.03,0,False,live,STOCK,48,NEUTRAL,NYSE
2026-09-13T07:57:09.451647+09:00,2026-09-13,TDG,TransDigm Group Incorporated,US,산업재,2026-09-11,1140.3199,375300,343495.0,23.0186,63782182912,17,60,51,53,36,0,AVOID,-0.73,-9,True,live,STOCK,26,NEUTRAL,NYSE
2026-09-13T07:57:09.451647+09:00,2026-09-13,SE,Sea Limited,US,소비재,2026-09-11,106.24,2899100,3615765.0,3.996,65070358528,51,60,45,50,52,0,HOLD,0.24,3,False,live,STOCK,61,NEUTRAL,NYSE
2026-09-13T07:57:09.451647+09:00,2026-09-13,TRP,TC Energy Corporation,US,에너지,2026-09-11,60.88,4593200,1993610.0,1.2336,63422771200,53,60,50,50,47,0,HOLD,-0.24,-3,False,live,STOCK,32,NEUTRAL,NYSE
2026-09-13T07:57:09.451647+09:00,2026-09-13,TFC,Truist Financial Corporation,US,금융,2026-09-11,50.4,3788600,5679955.0,0.9314,61569966080,28,60,66,70,53,1,HOLD,-0.08,-1,False,live,STOCK,51,NEUTRAL,NYSE
2026-09-13T07:57:09.451647+09:00,2026-09-13,COR,"Cencora, Inc.",US,제약/바이오,2026-09-11,321.57,844100,1162470.0,6.4457,61364293632,47,65,63,58,57,0,HOLD,0.41,5,False,live,STOCK,63,NEUTRAL,NYSE
2026-09-13T07:57:09.451647+09:00,2026-09-13,MET,"MetLife, Inc.",US,금융,2026-09-11,97.14,2636800,2850575.0,1.8536,61730230272,69,60,68,58,64,0,HOLD,0.69,8,False,live,STOCK,60,NEUTRAL,NYSE
2026-09-13T07:57:09.451647+09:00,2026-09-13,TRGP,Targa Resources Corp.,US,에너지,2026-09-11,290.25,843100,1214310.0,7.0514,62238605312,47,60,53,42,51,0,HOLD,0.19,2,False,live,STOCK,69,NEUTRAL,NYSE
2026-09-13T07:57:09.451647+09:00,2026-09-13,AJG,Arthur J. Gallagher & Co.,US,금융,2026-09-11,240.32,1074700,1313885.0,7.1103,61603868672,47,60,63,66,56,0,HOLD,0.27,3,False,live,STOCK,48,NEUTRAL,NYSE
2026-09-13T07:57:09.451647+09:00,2026-09-13,URI,"United Rentals, Inc.",US,산업재,2026-09-11,989.12,348000,426915.0,30.7764,61565288448,17,60,65,58,48,0,HOLD,-0.3,-4,False,live,STOCK,61,NEUTRAL,NYSE
2026-09-13T07:57:09.451647+09:00,2026-09-13,TEL,TE Connectivity plc,US,반도체,2026-09-11,211.96,1774600,2020295.0,5.6186,61455826944,80,65,63,66,66,1,HOLD,0.61,7,False,live,STOCK,48,NEUTRAL,NYSE
2026-09-13T07:57:09.451647+09:00,2026-09-13,ARGX,argenx SE,US,제약/바이오,2026-09-11,984.39,181900,277455.0,27.6832,61584416768,44,65,50,50,52,1,HOLD,0.2,2,False,live,STOCK,71,NEUTRAL,NASDAQ
2026-09-13T07:57:09.451647+09:00,2026-09-13,OXY,Occidental Petroleum Corporation,US,에너지,2026-09-11,61.46,7771100,7075475.0,1.4273,61437710336,84,60,65,58,71,2,WATCH,0.96,12,False,live,STOCK,75,NEUTRAL,NYSE
2026-09-13T07:57:09.451647+09:00,2026-09-13,CVE,Cenovus Energy Inc.,US,에너지,2026-09-11,33.11,5652400,6021625.0,0.9936,61062950912,62,60,53,68,61,0,HOLD,0.5,6,False,live,STOCK,55,NEUTRAL,NYSE
2026-09-13T07:57:09.451647+09:00,2026-09-13,OKE,"ONEOK, Inc.",US,에너지,2026-09-11,96.62,2810600,3331370.0,2.4443,60873773056,69,60,58,60,58,0,HOLD,0.42,5,False,live,STOCK,40,NEUTRAL,NYSE
2026-09-13T07:57:09.451647+09:00,2026-09-13,MPLX,MPLX Lp,US,에너지,2026-09-11,59.84,666800,1093345.0,0.8093,60721664000,69,60,55,55,55,0,HOLD,0.31,4,False,live,STOCK,32,NEUTRAL,NYSE
2026-09-13T07:57:09.451647+09:00,2026-09-13,MPWR,"Monolithic Power Systems, Inc.",US,반도체,2026-09-11,1234.46,555000,591265.0,39.5407,60665065472,15,65,50,43,35,0,AVOID,-0.81,-10,True,live,STOCK,36,NEUTRAL,NASDAQ
2026-09-13T07:57:09.451647+09:00,2026-09-13,GWW,"W.W. Grainger, Inc.",US,산업재,2026-09-11,1280.0,252800,217575.0,27.88,60432793600,31,60,60,50,42,0,AVOID,-0.33,-4,True,live,STOCK,30,NEUTRAL,NYSE
2026-09-13T07:57:09.451647+09:00,2026-09-13,NOK,Nokia Oyj,US,IT,2026-09-11,11.13,86613500,69053860.0,0.4036,62312914944,59,60,55,51,54,0,HOLD,-0.0,0,False,live,STOCK,52,NEUTRAL,NYSE
2026-09-13T07:57:09.451647+09:00,2026-09-13,COHR,"Coherent, Inc.",US,IT,2026-09-11,305.37,7303900,6168245.0,16.8821,59801288704,62,60,45,43,53,0,HOLD,-0.03,0,False,live,STOCK,62,NEUTRAL,NYSE
2026-09-13T07:57:09.451647+09:00,2026-09-13,NXPI,NXP Semiconductors N.V.,US,반도체,2026-09-11,236.62,3124500,3060920.0,6.3729,59667087360,59,65,76,74,63,2,WATCH,0.21,3,False,live,STOCK,40,NEUTRAL,NASDAQ
2026-09-13T07:57:09.451647+09:00,2026-09-13,FIX,"Comfort Systems USA, Inc.",US,산업재,2026-09-11,1690.8199,320800,363945.0,66.4357,59507273728,65,60,50,50,54,0,HOLD,0.05,1,False,live,STOCK,46,NEUTRAL,NYSE
2026-09-13T07:57:09.451647+09:00,2026-09-13,TER,"Teradyne, Inc.",US,반도체,2026-09-11,379.72,2393400,2367010.0,17.4401,59365711872,80,65,45,50,59,1,HOLD,0.31,4,False,live,STOCK,53,NEUTRAL,NASDAQ
2026-09-13T07:57:09.451647+09:00,2026-09-13,CRH,CRH plc,US,소재,2026-09-11,88.55,4312300,4367500.0,2.5129,58910941184,18,60,55,60,41,0,AVOID,-0.69,-8,True,live,STOCK,32,NEUTRAL,NYSE
2026-09-13T07:57:09.451647+09:00,2026-09-13,NUE,Nucor Corporation,US,소재,2026-09-11,259.43,844800,1399830.0,7.4507,58858356736,87,60,60,53,66,1,HOLD,0.67,8,False,live,STOCK,60,NEUTRAL,NYSE
2026-09-13T07:57:09.451647+09:00,2026-09-13,RELX,RELX Plc,US,산업재,2026-09-11,33.8,5008800,2116645.0,0.8179,58831155200,43,60,55,50,51,0,HOLD,0.04,0,False,live,STOCK,61,NEUTRAL,NYSE
2026-09-13T07:57:09.451647+09:00,2026-09-13,AFL,Aflac Incorporated,US,금융,2026-09-11,115.28,1408600,2097455.0,1.7264,57794854912,28,60,50,68,44,0,AVOID,-0.43,-5,True,live,STOCK,26,NEUTRAL,NYSE
2026-09-13T07:57:09.451647+09:00,2026-09-13,BKR,Baker Hughes Company,US,에너지,2026-09-11,59.06,10196000,6615810.0,1.9014,58627330048,43,60,53,58,53,0,HOLD,-0.04,0,False,live,STOCK,61,NEUTRAL,NASDAQ
2026-09-13T07:57:09.451647+09:00,2026-09-13,LNG,"Cheniere Energy, Inc.",US,에너지,2026-09-11,278.34,1481400,1947995.0,8.0129,57486716928,47,60,66,45,56,1,HOLD,0.5,6,False,live,STOCK,77,NEUTRAL,NYSE
2026-09-13T07:57:09.451647+09:00,2026-09-13,TAK,Takeda Pharmaceutical Company Limited,US,제약/바이오,2026-09-11,18.26,2150000,2206435.0,0.2536,58313363456,62,65,45,66,59,0,HOLD,0.42,5,False,live,STOCK,58,NEUTRAL,NYSE
2026-09-13T07:57:09.451647+09:00,2026-09-13,KEYS,"Keysight Technologies, Inc.",US,IT,2026-09-11,338.64,522400,1396340.0,8.4352,57651683328,87,60,53,50,58,1,HOLD,0.38,5,False,live,STOCK,33,NEUTRAL,NYSE
2026-09-13T07:57:09.451647+09:00,2026-09-13,FANG,"Diamondback Energy, Inc.",US,에너지,2026-09-11,204.97,1678000,1864970.0,5.4814,57660788736,62,60,50,61,59,0,HOLD,0.38,5,False,live,STOCK,61,NEUTRAL,NASDAQ
2026-09-13T07:57:09.451647+09:00,2026-09-13,MRNA,"Moderna, Inc.",US,제약/바이오,2026-09-11,143.97,15386500,34206580.0,11.9996,57477992448,66,65,50,50,62,1,HOLD,0.68,8,False,live,STOCK,87,NEUTRAL,NASDAQ
2026-09-13T07:57:09.451647+09:00,2026-09-13,D,"Dominion Energy, Inc.",US,유틸리티,2026-09-11,64.36,5944600,4152505.0,1.0754,56606289920,28,60,63,50,42,0,AVOID,-0.38,-5,True,live,STOCK,29,NEUTRAL,NYSE
2026-09-13T07:57:09.451647+09:00,2026-09-13,MT,ArcelorMittal S.A.,US,소재,2026-09-11,74.51,898400,1358985.0,1.7843,56064421888,69,60,60,58,67,1,HOLD,0.7,8,False,live,STOCK,83,NEUTRAL,NYSE
2026-09-13T07:57:09.451647+09:00,2026-09-13,FAST,Fastenal Company,US,산업재,2026-09-11,49.32,6367800,5880795.0,1.0493,56594579456,44,60,53,29,43,0,AVOID,-0.01,0,True,live,STOCK,54,NEUTRAL,NASDAQ
2026-09-13T07:57:09.451647+09:00,2026-09-13,UMC,United Microelectronics Corporation,US,반도체,2026-09-11,22.64,7185200,10762300.0,0.9243,56779051008,58,65,55,58,55,0,HOLD,0.24,3,False,live,STOCK,44,NEUTRAL,NYSE
2026-09-13T07:57:09.451647+09:00,2026-09-13,CTVA,"Corteva, Inc.",US,소재,2026-09-11,83.9,5325900,4697195.0,2.4388,55977746432,76,60,58,50,62,1,HOLD,0.68,8,False,live,STOCK,63,NEUTRAL,NYSE
2026-09-13T07:57:09.451647+09:00,2026-09-13,F,Ford Motor Company,US,소비재,2026-09-11,13.97,39370900,43575655.0,0.4257,55706714112,43,60,68,57,57,0,HOLD,0.18,2,False,live,STOCK,69,NEUTRAL,NYSE
2026-09-13T07:57:09.451647+09:00,2026-09-13,O,Realty Income Corporation,US,리츠,2026-09-11,59.5,6351600,5143245.0,0.7318,56299974656,20,60,63,37,34,0,AVOID,-0.59,-7,True,live,STOCK,20,NEUTRAL,NYSE
2026-09-13T07:57:09.451647+09:00,2026-09-13,AME,"AMETEK, Inc.",US,산업재,2026-09-11,241.87,1312700,1411190.0,4.8257,55437328384,47,60,63,58,50,0,HOLD,0.06,1,False,live,STOCK,28,NEUTRAL,NYSE
2026-09-13T07:57:09.451647+09:00,2026-09-13,PSA,Public Storage,US,리츠,2026-09-11,296.5,683100,747330.0,6.1979,55401701376,20,60,63,37,34,0,AVOID,-0.63,-8,True,live,STOCK,23,NEUTRAL,NYSE
2026-09-13T07:57:09.451647+09:00,2026-09-13,DVN,Devon Energy Corporation,US,에너지,2026-09-11,50.23,10404100,10555765.0,1.1764,55253000192,88,60,84,70,80,4,STRONG_BUY,1.3,16,True,live,STOCK,77,NEUTRAL,NYSE
2026-09-13T07:57:09.451647+09:00,2026-09-13,CAH,"Cardinal Health, Inc.",US,제약/바이오,2026-09-11,234.57,1111600,1445705.0,4.9621,54555291648,54,65,53,66,57,0,HOLD,0.22,3,False,live,STOCK,52,NEUTRAL,NYSE
2026-09-13T07:57:09.451647+09:00,2026-09-13,GRMN,Garmin Ltd.,US,IT,2026-09-11,282.67,756900,834780.0,6.0953,54514667520,44,60,53,50,48,0,HOLD,0.13,2,False,live,STOCK,48,NEUTRAL,NYSE
2026-09-13T07:57:09.451647+09:00,2026-09-13,SRE,Sempra,US,유틸리티,2026-09-11,83.34,1740500,3966690.0,2.0193,54496051200,50,60,58,58,53,0,HOLD,-0.06,-1,False,live,STOCK,43,NEUTRAL,NYSE
2026-09-13T07:57:09.451647+09:00,2026-09-13,NKE,"NIKE, Inc.",US,소비재,2026-09-11,36.8,19932600,28931780.0,0.9053,54592753664,10,60,50,60,35,0,AVOID,-0.94,-11,True,live,STOCK,20,NEUTRAL,NYSE
2026-09-13T07:57:09.451647+09:00,2026-09-13,NBIS,Nebius Group N.V.,US,IT,2026-09-11,224.55,11178900,18058275.0,13.6597,57012838400,65,60,65,58,59,0,HOLD,0.33,4,False,live,STOCK,47,NEUTRAL,NASDAQ
2026-09-13T07:57:09.451647+09:00,2026-09-13,STT,State Street Corporation,US,금융,2026-09-11,193.4,1645200,1321210.0,3.7514,53127319552,69,60,58,76,68,1,HOLD,0.75,9,False,live,STOCK,66,NEUTRAL,NYSE
2026-09-13T07:57:09.451647+09:00,2026-09-13,AU,AngloGold Ashanti plc,US,소재,2026-09-11,104.42,2034500,2829980.0,4.1107,52812423168,40,60,63,84,65,2,WATCH,0.48,6,False,live,STOCK,74,NEUTRAL,NYSE
2026-09-13T07:57:09.451647+09:00,2026-09-13,DAL,"Delta Air Lines, Inc.",US,산업재,2026-09-11,79.91,4769700,5071125.0,2.07,52550660096,28,60,55,84,49,1,HOLD,-0.37,-4,False,live,STOCK,23,NEUTRAL,NYSE
2026-09-13T07:57:09.451647+09:00,2026-09-13,FNV,Franco-Nevada Corporation,US,소재,2026-09-11,266.0,734200,830425.0,7.893,51299573760,59,60,55,50,59,1,HOLD,0.57,7,False,live,STOCK,77,NEUTRAL,NYSE
2026-09-13T07:57:09.451647+09:00,2026-09-13,NDAQ,"Nasdaq, Inc.",US,금융,2026-09-11,91.19,3380500,2724665.0,2.065,50973147136,35,60,45,58,46,0,HOLD,-0.21,-3,False,live,STOCK,48,NEUTRAL,NASDAQ
2026-09-13T07:57:09.451647+09:00,2026-09-13,HONA,Honeywell Aerospace Inc,US,산업재,2026-09-11,158.26,2516700,3559280.0,5.4614,50160939008,50,60,88,58,55,1,HOLD,0.26,3,False,live,STOCK,26,NEUTRAL,NASDAQ
2026-09-13T07:57:09.451647+09:00,2026-09-13,AMP,"Ameriprise Financial, Inc.",US,금융,2026-09-11,557.61,327100,416250.0,11.2607,49292722176,66,60,53,68,63,0,HOLD,0.59,7,False,live,STOCK,60,NEUTRAL,NYSE
2026-09-13T07:57:09.451647+09:00,2026-09-13,VST,Vistra Corp.,US,유틸리티,2026-09-11,148.38,3159100,4198845.0,4.5426,49801551872,62,60,56,58,55,0,HOLD,0.19,2,False,live,STOCK,39,NEUTRAL,NYSE
2026-09-13T07:57:09.451647+09:00,2026-09-13,ALAB,"Astera Labs, Inc. Common Stock",US,반도체,2026-09-11,291.22,2312000,3417145.0,18.6732,50522333184,40,65,65,35,43,0,AVOID,-0.32,-4,True,live,STOCK,38,NEUTRAL,NASDAQ
2026-09-13T07:57:09.451647+09:00,2026-09-13,FITB,Fifth Third Bancorp,US,금융,2026-09-11,54.72,3409000,4863705.0,0.9186,49607675904,50,60,45,58,52,0,HOLD,0.02,0,False,live,STOCK,55,NEUTRAL,NYSE
2026-09-13T07:57:09.451647+09:00,2026-09-13,CIEN,Ciena Corporation,US,IT,2026-09-11,349.54,1979900,2330235.0,21.9279,49567752192,15,60,45,43,31,0,AVOID,-0.96,-12,True,live,STOCK,23,NEUTRAL,NYSE
2026-09-13T07:57:09.451647+09:00,2026-09-13,HUM,Humana Inc.,US,제약/바이오,2026-09-11,409.8,684100,946440.0,13.7586,49208905728,78,65,73,58,68,2,WATCH,0.85,10,False,live,STOCK,61,NEUTRAL,NYSE
2026-09-13T07:57:09.451647+09:00,2026-09-13,ETR,Entergy Corporation,US,유틸리티,2026-09-11,105.33,4179400,2289300.0,1.8236,50324303872,53,60,63,50,51,0,HOLD,0.04,0,False,live,STOCK,39,NEUTRAL,NYSE
2026-09-13T07:57:09.451647+09:00,2026-09-13,BDX,"Becton, Dickinson and Company",US,제약/바이오,2026-09-11,177.85,1584100,1610895.0,3.9251,48443998208,43,65,50,66,56,0,HOLD,0.29,3,False,live,STOCK,69,NEUTRAL,NYSE
2026-09-13T07:57:09.451647+09:00,2026-09-13,ELC,"Entergy Louisiana, LLC COLLATERAL TR MT",US,유틸리티,2026-09-11,19.31,166100,31250.0,0.2528,,31,60,55,50,43,0,AVOID,-0.31,-4,True,live,STOCK,40,NEUTRAL,NYSE
2026-09-13T07:57:09.451647+09:00,2026-09-13,WDAY,"Workday, Inc.",US,IT,2026-09-11,185.7,1856800,4044925.0,8.34,44753698816,51,60,45,74,57,1,HOLD,0.27,3,False,live,STOCK,54,NEUTRAL,NASDAQ
2026-09-13T07:57:09.451647+09:00,2026-09-13,EW,Edwards Lifesciences Corporation,US,제약/바이오,2026-09-11,84.37,3795200,2790445.0,2.1079,48580247552,35,65,53,50,41,0,AVOID,-0.38,-5,True,live,STOCK,23,NEUTRAL,NYSE
2026-09-13T07:57:09.451647+09:00,2026-09-13,CRWV,"CoreWeave, Inc. Class A Common Stock",US,IT,2026-09-11,88.99,17604400,22916395.0,5.2701,49081237504,65,60,60,42,49,0,HOLD,-0.03,0,False,live,STOCK,26,NEUTRAL,NASDAQ
2026-09-13T07:57:09.451647+09:00,2026-09-13,DEO,Diageo plc,US,소매,2026-09-11,86.63,1550900,931165.0,1.675,48157614080,39,60,58,66,54,0,HOLD,0.09,1,False,live,STOCK,54,NEUTRAL,NYSE
2026-09-13T07:57:09.451647+09:00,2026-09-13,EBAY,eBay Inc.,US,소비재,2026-09-11,107.75,3153100,4457615.0,3.3963,47948750848,69,60,48,50,55,0,HOLD,0.22,3,False,live,STOCK,47,NEUTRAL,NASDAQ
2026-09-13T07:57:09.451647+09:00,2026-09-13,WAB,Westinghouse Air Brake Technologies Corp,US,산업재,2026-09-11,283.22,493300,801985.0,6.0464,47838928896,44,60,45,58,52,0,HOLD,0.06,1,False,live,STOCK,61,NEUTRAL,NYSE
2026-09-13T07:57:09.451647+09:00,2026-09-13,ROK,"Rockwell Automation, Inc.",US,산업재,2026-09-11,428.39,864500,664860.0,8.8593,47572144128,50,60,60,42,45,0,HOLD,-0.18,-2,False,live,STOCK,26,NEUTRAL,NYSE
2026-09-13T07:57:09.451647+09:00,2026-09-13,CARR,Carrier Global Corporation,US,산업재,2026-09-11,57.46,6125500,5272420.0,1.5271,47725150208,37,60,73,50,46,1,HOLD,-0.31,-4,False,live,STOCK,26,NEUTRAL,NYSE
2026-09-13T07:57:09.451647+09:00,2026-09-13,TEAM,Atlassian Corporation,US,IT,2026-09-11,179.7,1791300,3923565.0,9.4319,45489045504,73,60,60,42,62,2,WATCH,0.8,10,False,live,STOCK,78,NEUTRAL,NASDAQ
2026-09-13T07:57:09.451647+09:00,2026-09-13,XEL,Xcel Energy Inc.,US,유틸리티,2026-09-11,75.5,5403800,5192745.0,1.2093,47159889920,28,60,58,42,39,0,AVOID,-0.42,-5,True,live,STOCK,33,NEUTRAL,NASDAQ
2026-09-13T07:57:09.451647+09:00,2026-09-13,XYZ,"Block, Inc.",US,IT,2026-09-11,79.21,2142100,3966095.0,2.8304,47588970496,47,60,63,43,46,0,HOLD,0.14,2,False,live,STOCK,34,NEUTRAL,NYSE
2026-09-13T07:57:09.451647+09:00,2026-09-13,NTRA,"Natera, Inc.",US,제약/바이오,2026-09-11,328.93,798000,1144170.0,9.729,47413342208,66,65,63,50,63,1,HOLD,0.76,9,False,live,STOCK,78,NEUTRAL,NASDAQ
2026-09-13T07:57:09.451647+09:00,2026-09-13,AZO,"AutoZone, Inc.",US,소비재,2026-09-11,2876.75,354400,298200.0,58.3179,46963965952,31,60,60,50,48,0,HOLD,-0.22,-3,False,live,STOCK,56,NEUTRAL,NYSE
2026-09-13T07:57:09.451647+09:00,2026-09-13,ABEV,Ambev S.A.,US,소매,2026-09-11,3.02,37930300,33281540.0,0.075,46557790208,72,60,58,68,65,1,HOLD,0.4,5,False,live,STOCK,55,NEUTRAL,NYSE
2026-09-13T07:57:09.451647+09:00,2026-09-13,CMG,"Chipotle Mexican Grill, Inc.",US,소비재,2026-09-11,36.2,7696000,13103805.0,1.0321,45808132096,47,60,60,50,57,1,HOLD,0.42,5,False,live,STOCK,78,NEUTRAL,NYSE
2026-09-13T07:57:09.451647+09:00,2026-09-13,KB,KB Financial Group Inc.,US,금융,2026-09-11,132.01,174800,173995.0,3.2064,46349516800,77,60,55,78,68,2,WATCH,0.76,9,False,live,STOCK,55,NEUTRAL,NYSE
2026-09-13T07:57:09.451647+09:00,2026-09-13,COIN,"Coinbase Global, Inc.",US,금융,2026-09-11,175.26,7805000,9867550.0,11.32,46240059392,55,60,53,43,54,1,HOLD,0.36,4,False,live,STOCK,72,NEUTRAL,NASDAQ
2026-09-13T07:57:09.451647+09:00,2026-09-13,STM,STMicroelectronics N.V.,US,반도체,2026-09-11,51.51,7595600,7732325.0,1.4143,45949857792,55,65,70,58,53,1,HOLD,-0.07,-1,False,live,STOCK,24,NEUTRAL,NYSE
2026-09-13T07:57:09.451647+09:00,2026-09-13,PYPL,"PayPal Holdings, Inc.",US,금융,2026-09-11,53.72,9983400,12880645.0,2.1333,46306639872,48,60,50,86,64,1,HOLD,0.43,5,False,live,STOCK,69,NEUTRAL,NASDAQ
2026-09-13T07:57:09.451647+09:00,2026-09-13,LHX,"L3Harris Technologies, Inc.",US,산업재,2026-09-11,245.54,1923900,1644675.0,5.4922,45723136000,10,60,58,58,37,0,AVOID,-0.82,-10,True,live,STOCK,26,NEUTRAL,NYSE
2026-09-13T07:57:09.451647+09:00,2026-09-13,CCEP,Coca-Cola Europacific Partners PLC,US,소매,2026-09-11,102.77,1347400,1460120.0,1.9821,45309820928,43,60,60,50,50,0,HOLD,0.04,0,False,live,STOCK,48,NEUTRAL,NASDAQ
2026-09-13T07:57:09.451647+09:00,2026-09-13,BSBR,Banco Santander (Brasil) S.A.,US,금융,2026-09-11,6.02,2471500,4408085.0,0.1129,45074915328,81,60,48,86,69,2,WATCH,0.7,8,False,live,STOCK,48,NEUTRAL,NYSE
2026-09-13T07:57:09.451647+09:00,2026-09-13,INFY,Infosys Limited,US,IT,2026-09-11,11.07,16797600,15052785.0,0.3364,44836814848,43,60,60,60,52,0,HOLD,-0.07,-1,False,live,STOCK,45,NEUTRAL,NYSE
2026-09-13T07:57:09.451647+09:00,2026-09-13,WDS,Woodside Energy Group Ltd,US,에너지,2026-09-11,23.69,701100,521795.0,0.552,45037064192,84,60,55,60,68,2,WATCH,0.78,9,False,live,STOCK,71,NEUTRAL,NYSE
2026-09-13T07:57:09.451647+09:00,2026-09-13,ADSK,"Autodesk, Inc.",US,IT,2026-09-11,212.4,1612200,2120635.0,10.2664,44391600128,39,60,75,66,57,1,HOLD,0.29,3,False,live,STOCK,54,NEUTRAL,NASDAQ
2026-09-13T07:57:09.451647+09:00,2026-09-13,IX,ORIX Corporation,US,금융,2026-09-11,40.11,156700,333385.0,0.7579,41713848320,72,60,55,78,59,2,HOLD,0.27,3,False,live,STOCK,16,NEUTRAL,NYSE
2026-09-13T07:57:09.451647+09:00,2026-09-13,EXC,Exelon Corporation,US,유틸리티,2026-09-11,43.16,4644200,7040245.0,0.7,44465762304,53,60,60,52,52,0,HOLD,0.01,0,False,live,STOCK,41,NEUTRAL,NASDAQ
2026-09-13T07:57:09.451647+09:00,2026-09-13,SLF,Sun Life Financial Inc.,US,금융,2026-09-11,79.67,346700,1114580.0,1.2102,44298559488,72,60,60,50,63,2,WATCH,0.65,8,False,live,STOCK,74,NEUTRAL,NYSE
2026-09-13T07:57:09.451647+09:00,2026-09-13,HEI,HEICO Corporation,US,산업재,2026-09-11,316.0,326800,522100.0,9.61,44163342336,17,60,60,34,31,0,AVOID,-0.69,-8,True,live,STOCK,20,NEUTRAL,NYSE
2026-09-13T07:57:09.451647+09:00,2026-09-13,VTR,"Ventas, Inc.",US,리츠,2026-09-11,89.99,3795600,3038300.0,1.7514,46160044032,32,60,60,38,44,0,AVOID,-0.06,-1,True,live,STOCK,55,NEUTRAL,NYSE
2026-09-13T07:57:09.451647+09:00,2026-09-13,CBRS,Cerebras Systems Inc.,US,반도체,2026-09-11,191.93,3409800,7763560.0,12.0264,45595664384,50,65,68,35,47,0,HOLD,-0.06,-1,False,live,STOCK,41,NEUTRAL,NASDAQ
2026-09-13T07:57:09.451647+09:00,2026-09-13,MSTR,Strategy Inc,US,IT,2026-09-11,130.97,19385600,28570205.0,9.5979,52031979520,84,60,53,62,72,2,WATCH,0.88,11,False,live,STOCK,87,NEUTRAL,NASDAQ
2026-09-13T07:57:09.451647+09:00,2026-09-13,RVMD,"Revolution Medicines, Inc.",US,제약/바이오,2026-09-11,203.77,1378500,1748670.0,8.3706,43675332608,54,65,66,42,59,1,HOLD,0.63,8,False,live,STOCK,84,NEUTRAL,NASDAQ
2026-09-13T07:57:09.451647+09:00,2026-09-13,ARES,Ares Management Corporation,US,금융,2026-09-11,131.64,1354400,1878495.0,4.1918,43674984448,43,60,60,35,46,0,HOLD,-0.04,0,False,live,STOCK,54,NEUTRAL,NYSE
2026-09-13T07:57:09.451647+09:00,2026-09-13,TEVA,Teva Pharmaceutical Industries Limited,US,제약/바이오,2026-09-11,37.09,2855300,4699000.0,1.0743,43220832256,62,65,53,59,62,1,HOLD,0.51,6,False,live,STOCK,77,NEUTRAL,NYSE
2026-09-13T07:57:09.451647+09:00,2026-09-13,FERG,Ferguson plc,US,산업재,2026-09-11,222.54,919300,1311180.0,5.78,43050967040,17,60,63,50,46,0,HOLD,-0.27,-3,False,live,STOCK,64,NEUTRAL,NYSE
2026-09-13T07:57:09.451647+09:00,2026-09-13,IQV,IQVIA Holdings Inc.,US,제약/바이오,2026-09-11,261.77,1428600,1314540.0,6.775,43087339520,66,65,50,66,66,1,HOLD,0.72,9,False,live,STOCK,84,NEUTRAL,NYSE
2026-09-13T07:57:09.451647+09:00,2026-09-13,FLEX,Flex Ltd.,US,IT,2026-09-11,115.78,3033300,2905985.0,4.6886,42769477632,62,60,66,58,55,0,HOLD,0.02,0,False,live,STOCK,30,NEUTRAL,NASDAQ
2026-09-13T07:57:09.451647+09:00,2026-09-13,KDP,Keurig Dr Pepper Inc.,US,소매,2026-09-11,31.39,11014500,9192370.0,0.65,42716327936,43,60,63,74,57,1,HOLD,0.09,1,False,live,STOCK,46,NEUTRAL,NASDAQ
2026-09-13T07:57:09.451647+09:00,2026-09-13,VEEV,Veeva Systems Inc.,US,IT,2026-09-11,262.4,863700,1766025.0,11.6579,42484879360,73,60,60,50,61,1,HOLD,0.7,8,False,live,STOCK,60,NEUTRAL,NYSE
2026-09-13T07:57:09.451647+09:00,2026-09-13,TRI,Thomson Reuters Corporation,US,산업재,2026-09-11,97.35,1120800,1666620.0,4.0793,42174410752,51,60,50,58,54,0,HOLD,0.27,3,False,live,STOCK,54,NEUTRAL,NASDAQ
2026-09-13T07:57:09.451647+09:00,2026-09-13,HMC,"Honda Motor Co., Ltd.",US,소비재,2026-09-11,32.52,650000,815055.0,0.7086,42195570688,66,60,58,83,68,1,HOLD,0.7,8,False,live,STOCK,61,NEUTRAL,NYSE
2026-09-13T07:57:09.451647+09:00,2026-09-13,CCJ,Cameco Corporation,US,에너지,2026-09-11,96.68,2137700,2619115.0,3.7636,42107330560,40,60,60,35,41,0,AVOID,-0.27,-3,True,live,STOCK,32,NEUTRAL,NYSE
2026-09-13T07:57:09.451647+09:00,2026-09-13,ADM,Archer-Daniels-Midland Company,US,소매,2026-09-11,86.72,3590500,3602235.0,2.7386,41795268608,81,60,63,58,64,1,HOLD,0.7,8,False,live,STOCK,48,NEUTRAL,NYSE
2026-09-13T07:57:09.451647+09:00,2026-09-13,A,"Agilent Technologies, Inc.",US,제약/바이오,2026-09-11,146.93,1775700,2375100.0,4.6329,41423806464,44,65,60,58,57,1,HOLD,0.37,4,False,live,STOCK,71,NEUTRAL,NYSE
2026-09-13T07:57:09.451647+09:00,2026-09-13,PRU,"Prudential Financial, Inc.",US,금융,2026-09-11,119.24,1173900,1559850.0,2.5737,41137799168,47,60,63,94,67,1,HOLD,0.47,6,False,live,STOCK,60,NEUTRAL,NYSE
2026-09-13T07:57:09.451647+09:00,2026-09-13,PAYX,"Paychex, Inc.",US,산업재,2026-09-11,115.8,1762200,2240190.0,2.5793,41222541312,39,60,50,50,48,0,HOLD,0.07,1,False,live,STOCK,54,NEUTRAL,NASDAQ
2026-09-13T07:57:09.451647+09:00,2026-09-13,FER,Ferrovial SE,US,산업재,2026-09-11,56.15,1170300,1234975.0,0.9939,40464621568,10,60,55,45,32,0,AVOID,-0.91,-11,True,live,STOCK,23,NEUTRAL,NASDAQ
2026-09-13T07:57:09.451647+09:00,2026-09-13,CBRE,"CBRE Group, Inc.",US,리츠,2026-09-11,140.51,1414500,1451570.0,4.5129,40688222208,47,60,63,66,56,0,HOLD,0.21,3,False,live,STOCK,48,NEUTRAL,NYSE
2026-09-13T07:57:09.451647+09:00,2026-09-13,HLN,Haleon plc,US,제약/바이오,2026-09-11,9.19,10035700,10747120.0,0.1763,40414101504,20,65,55,58,46,0,HOLD,-0.27,-3,False,live,STOCK,57,NEUTRAL,NYSE
2026-09-13T07:57:09.451647+09:00,2026-09-13,GFI,Gold Fields Limited,US,소재,2026-09-11,45.1,2323400,3801035.0,1.6758,40179429376,59,60,60,65,61,0,HOLD,0.54,6,False,live,STOCK,58,NEUTRAL,NYSE
2026-09-13T07:57:09.451647+09:00,2026-09-13,MSCI,MSCI Inc.,US,금융,2026-09-11,554.61,425400,481340.0,11.595,40320147456,28,60,68,50,45,0,HOLD,-0.3,-4,False,live,STOCK,38,NEUTRAL,NYSE
2026-09-13T07:57:09.451647+09:00,2026-09-13,MCHP,Microchip Technology Incorporated,US,반도체,2026-09-11,74.2,8766900,7965595.0,2.2654,40291246080,40,65,70,51,48,1,HOLD,-0.25,-3,False,live,STOCK,32,NEUTRAL,NASDAQ
2026-09-13T07:57:09.451647+09:00,2026-09-13,TTWO,"Take-Two Interactive Software, Inc.",US,IT,2026-09-11,215.47,1343800,2565005.0,8.1093,40288677888,17,60,53,42,32,0,AVOID,-0.65,-8,True,live,STOCK,20,NEUTRAL,NASDAQ
2026-09-13T07:57:09.451647+09:00,2026-09-13,WCN,"Waste Connections, Inc.",US,산업재,2026-09-11,159.74,601800,915895.0,2.7486,40185671680,20,60,53,58,40,0,AVOID,-0.47,-6,True,live,STOCK,29,NEUTRAL,NYSE
2026-09-13T07:57:09.451647+09:00,2026-09-13,VOD,Vodafone Group Public Limited Company,US,인터넷,2026-09-11,17.4,2233700,2864095.0,0.2993,40211980288,73,65,55,86,73,3,BUY,0.82,10,False,live,STOCK,72,NEUTRAL,NASDAQ
2026-09-13T07:57:09.451647+09:00,2026-09-13,AIG,"American International Group, Inc.",US,금융,2026-09-11,75.33,6741300,3577005.0,1.27,39389544448,28,60,55,94,60,1,HOLD,-0.02,0,False,live,STOCK,62,NEUTRAL,NYSE
2026-09-13T07:57:09.451647+09:00,2026-09-13,CLS,Celestica Inc.,US,IT,2026-09-11,346.55,2556700,2212830.0,17.2129,43703808000,69,60,63,50,56,0,HOLD,0.17,2,False,live,STOCK,39,NEUTRAL,NYSE
2026-09-13T07:57:09.451647+09:00,2026-09-13,FMX,"Fomento Económico Mexicano, S.A.B. de C.",US,소매,2026-09-11,116.95,242700,349865.0,2.4621,39842697216,28,60,60,53,49,0,HOLD,-0.21,-3,False,live,STOCK,64,NEUTRAL,NYSE
2026-09-13T07:57:09.451647+09:00,2026-09-13,IDXX,"IDEXX Laboratories, Inc.",US,제약/바이오,2026-09-11,504.7,401600,499945.0,13.5436,39812251648,20,65,60,42,43,0,AVOID,-0.4,-5,True,live,STOCK,61,NEUTRAL,NASDAQ
2026-09-13T07:57:09.451647+09:00,2026-09-13,SYY,Sysco Corporation,US,소매,2026-09-11,83.21,3487000,2582205.0,1.5343,39865577472,69,60,63,50,53,0,HOLD,0.3,4,False,live,STOCK,25,NEUTRAL,NYSE
2026-09-13T07:57:09.451647+09:00,2026-09-13,SHG,"Shinhan Financial Group Co., Ltd.",US,금융,2026-09-11,84.06,119600,146435.0,2.0586,39580856320,80,60,50,75,68,2,WATCH,0.74,9,False,live,STOCK,55,NEUTRAL,NYSE
2026-09-13T07:57:09.451647+09:00,2026-09-13,LYV,"Live Nation Entertainment, Inc.",US,인터넷,2026-09-11,170.15,2044900,1749815.0,4.2036,39638056960,20,65,60,22,34,0,AVOID,-0.45,-5,True,live,STOCK,48,NEUTRAL,NYSE
2026-09-13T07:57:09.451647+09:00,2026-09-13,PFH,"Prudential Financial, Inc. 4.125% Junior",US,금융,2026-09-11,15.15,109100,39245.0,0.2523,,31,60,58,50,44,0,AVOID,-0.33,-4,True,live,STOCK,40,NEUTRAL,NYSE
2026-09-13T07:57:09.451647+09:00,2026-09-13,ED,"Consolidated Edison, Inc.",US,유틸리티,2026-09-11,106.46,1417200,2084170.0,1.5179,39371956224,31,60,65,52,52,1,HOLD,0.03,0,False,live,STOCK,70,NEUTRAL,NYSE
2026-09-13T07:57:09.451647+09:00,2026-09-13,ROP,"Roper Technologies, Inc.",US,IT,2026-09-11,388.52,570700,642390.0,9.3643,38424965120,47,60,60,68,59,0,HOLD,0.4,5,False,live,STOCK,61,NEUTRAL,NASDAQ
2026-09-13T07:57:09.451647+09:00,2026-09-13,NTAP,"NetApp, Inc.",US,IT,2026-09-11,199.28,2608900,2482545.0,9.0264,39142379520,73,60,50,50,59,1,HOLD,0.6,7,False,live,STOCK,61,NEUTRAL,NASDAQ
2026-09-13T07:57:09.451647+09:00,2026-09-13,YUM,"Yum! Brands, Inc.",US,소비재,2026-09-11,140.87,2110200,2260405.0,3.4665,38443573248,28,60,53,60,41,0,AVOID,-0.56,-7,True,live,STOCK,20,NEUTRAL,NYSE
2026-09-13T07:57:09.451647+09:00,2026-09-13,AXON,"Axon Enterprise, Inc.",US,산업재,2026-09-11,479.34,613600,737290.0,25.7478,38940344320,39,60,60,35,44,0,AVOID,-0.0,0,True,live,STOCK,48,NEUTRAL,NASDAQ
2026-09-13T07:57:09.451647+09:00,2026-09-13,VG,"Venture Global, Inc.",US,에너지,2026-09-11,15.8,21661400,13676235.0,0.6479,39501467648,92,60,45,62,72,2,WATCH,1.01,12,False,live,STOCK,83,NEUTRAL,NYSE
2026-09-13T07:57:09.451647+09:00,2026-09-13,DHI,"D.R. Horton, Inc.",US,소비재,2026-09-11,137.89,2489400,1955675.0,3.4157,38568009728,28,60,68,68,48,0,HOLD,-0.36,-4,False,live,STOCK,26,NEUTRAL,NYSE
2026-09-13T07:57:09.451647+09:00,2026-09-13,BBD,Banco Bradesco S.A.,US,금융,2026-09-11,3.6,23245300,29186960.0,0.1128,38054563840,58,60,40,78,57,1,HOLD,0.1,1,False,live,STOCK,39,NEUTRAL,NYSE
2026-09-13T07:57:09.451647+09:00,2026-09-13,JD,"JD.com, Inc.",US,소비재,2026-09-11,27.06,4179900,6751635.0,0.5014,36544528384,20,60,63,74,56,2,HOLD,-0.07,-1,False,live,STOCK,78,NEUTRAL,NASDAQ
2026-09-13T07:57:09.451647+09:00,2026-09-13,VIK,Viking Holdings Ltd,US,소비재,2026-09-11,85.01,3626500,4359550.0,2.6286,37968707584,17,60,55,50,36,0,AVOID,-0.7,-8,True,live,STOCK,23,NEUTRAL,NYSE
2026-09-13T07:57:09.451647+09:00,2026-09-13,NTR,Nutrien Ltd.,US,소재,2026-09-11,78.45,2443800,2634405.0,2.3454,37437128704,91,60,50,60,72,2,WATCH,1.04,12,False,live,STOCK,83,NEUTRAL,NYSE
2026-09-13T07:57:09.451647+09:00,2026-09-13,NWG,NatWest Group plc,US,금융,2026-09-11,18.89,2469200,2544395.0,0.2643,74963206144,69,60,55,70,61,1,HOLD,0.53,6,False,live,STOCK,42,NEUTRAL,NYSE
2026-09-13T07:57:09.451647+09:00,2026-09-13,ODFL,"Old Dominion Freight Line, Inc.",US,산업재,2026-09-11,179.79,1288400,1619825.0,6.3682,37280645120,10,60,63,50,35,0,AVOID,-0.83,-10,True,live,STOCK,20,NEUTRAL,NASDAQ
2026-09-13T07:57:09.451647+09:00,2026-09-13,HIG,"The Hartford Insurance Group, Inc.",US,금융,2026-09-11,136.36,1175900,1297045.0,2.3872,36936105984,32,60,58,86,52,1,HOLD,-0.14,-2,False,live,STOCK,25,NEUTRAL,NYSE
2026-09-13T07:57:09.451647+09:00,2026-09-13,RKT,"Rocket Companies, Inc.",US,금융,2026-09-11,13.18,17610400,21986845.0,0.5454,37321048064,31,60,63,60,46,0,HOLD,-0.2,-2,False,live,STOCK,33,NEUTRAL,NYSE
2026-09-13T07:57:09.451647+09:00,2026-09-13,ONC,BeOne Medicines AG,US,제약/바이오,2026-09-11,346.51,307800,377310.0,8.9921,39197962240,43,65,48,51,55,1,HOLD,0.34,4,False,live,STOCK,87,NEUTRAL,NASDAQ
2026-09-13T07:57:09.451647+09:00,2026-09-13,PCG,PG&E Corporation,US,유틸리티,2026-09-11,13.8,26744800,53303015.0,1.0814,30392664064,15,60,56,88,57,2,HOLD,-0.33,-4,False,live,STOCK,73,NEUTRAL,NYSE
2026-09-13T07:57:09.451647+09:00,2026-09-13,EC,Ecopetrol S.A.,US,에너지,2026-09-11,17.75,1067400,1611700.0,0.5264,36491067392,84,60,55,96,76,2,WATCH,0.82,10,False,live,STOCK,55,NEUTRAL,NYSE
2026-09-13T07:57:09.451647+09:00,2026-09-13,RKLB,"Rocket Lab USA, Inc.",US,산업재,2026-09-11,62.95,15335700,16460805.0,2.8811,40250925056,7,60,63,19,25,0,AVOID,-0.96,-12,True,live,STOCK,23,NEUTRAL,NASDAQ
2026-09-13T07:57:09.451647+09:00,2026-09-13,PEG,Public Service Enterprise Group Incorpor,US,유틸리티,2026-09-11,72.39,2093300,2656015.0,1.0032,36073488384,50,60,50,45,44,0,AVOID,-0.29,-3,True,live,STOCK,27,NEUTRAL,NYSE
2026-09-13T07:57:09.451647+09:00,2026-09-13,KR,The Kroger Co.,US,소매,2026-09-11,58.49,12363100,6233365.0,1.4443,34860040192,65,60,58,74,68,2,WATCH,0.44,5,False,live,STOCK,76,NEUTRAL,NYSE
2026-09-13T07:57:09.451647+09:00,2026-09-13,UAL,"United Airlines Holdings, Inc.",US,산업재,2026-09-11,109.82,5651500,3328775.0,3.5636,35644248064,28,60,60,73,47,1,HOLD,-0.38,-5,False,live,STOCK,23,NEUTRAL,NASDAQ
2026-09-13T07:57:09.451647+09:00,2026-09-13,HSY,The Hershey Company,US,소매,2026-09-11,173.32,1018800,1150170.0,3.8779,34824437760,32,60,50,74,51,1,HOLD,-0.25,-3,False,live,STOCK,45,NEUTRAL,NYSE
2026-09-13T07:57:09.451647+09:00,2026-09-13,EL,The Estée Lauder Companies Inc.,US,소매,2026-09-11,97.12,2574200,3973940.0,3.104,35137523712,47,60,61,43,57,1,HOLD,0.42,5,False,live,STOCK,87,NEUTRAL,NYSE
2026-09-13T07:57:09.451647+09:00,2026-09-13,BBDO,Banco Bradesco S.A.,US,금융,2026-09-11,3.2,34100,78920.0,0.1164,33826279424,76,60,55,80,66,2,WATCH,0.56,7,False,live,STOCK,40,NEUTRAL,NYSE
2026-09-13T07:57:09.451647+09:00,2026-09-13,CHT,"Chunghwa Telecom Co., Ltd.",US,인터넷,2026-09-11,44.85,162300,196265.0,0.4579,34792144896,69,65,55,50,64,1,HOLD,0.6,7,False,live,STOCK,88,NEUTRAL,NYSE
2026-09-13T07:57:09.451647+09:00,2026-09-13,MTB,M&T Bank Corporation,US,금융,2026-09-11,239.83,802100,968340.0,4.0122,34759278592,50,60,45,60,52,0,HOLD,0.02,0,False,live,STOCK,48,NEUTRAL,NYSE
2026-09-13T07:57:09.451647+09:00,2026-09-13,NTRS,Northern Trust Corporation,US,금융,2026-09-11,189.19,700800,902290.0,3.3294,34613379072,91,60,60,60,70,1,HOLD,0.91,11,False,live,STOCK,61,NEUTRAL,NASDAQ
2026-09-13T07:57:09.451647+09:00,2026-09-13,KGC,Kinross Gold Corporation,US,소재,2026-09-11,29.13,9056100,8126745.0,1.2364,34555191296,44,60,60,78,62,1,HOLD,0.44,5,False,live,STOCK,69,NEUTRAL,NYSE
2026-09-13T07:57:09.451647+09:00,2026-09-13,TWLO,Twilio Inc.,US,IT,2026-09-11,227.35,1250300,1801610.0,9.4742,34915328000,47,60,60,58,54,0,HOLD,0.28,3,False,live,STOCK,55,NEUTRAL,NYSE
2026-09-13T07:57:09.451647+09:00,2026-09-13,EME,"EMCOR Group, Inc.",US,산업재,2026-09-11,780.66,241000,337810.0,23.4986,34434834432,65,60,55,50,54,0,HOLD,0.13,2,False,live,STOCK,41,NEUTRAL,NYSE
2026-09-13T07:57:09.451647+09:00,2026-09-13,STLD,"Steel Dynamics, Inc.",US,소재,2026-09-11,239.79,697100,1183540.0,7.4893,34368643072,62,60,63,53,58,0,HOLD,0.14,2,False,live,STOCK,54,NEUTRAL,NASDAQ
2026-09-13T07:57:09.451647+09:00,2026-09-13,WEC,"WEC Energy Group, Inc.",US,유틸리티,2026-09-11,105.33,2060200,2148460.0,1.5357,34321715200,50,60,63,42,44,0,AVOID,-0.19,-2,True,live,STOCK,20,NEUTRAL,NYSE
2026-09-13T07:57:09.451647+09:00,2026-09-13,IRM,Iron Mountain Incorporated,US,리츠,2026-09-11,115.18,1350800,1476845.0,3.6129,34289410048,25,60,50,35,40,0,AVOID,-0.44,-5,True,live,STOCK,62,NEUTRAL,NYSE
2026-09-13T07:57:09.451647+09:00,2026-09-13,PPLC,PPL Corporation,US,유틸리티,2026-09-11,46.0,7400,99245.0,0.6264,,28,60,58,50,39,0,AVOID,-0.49,-6,True,live,STOCK,18,NEUTRAL,NYSE
2026-09-13T07:57:09.451647+09:00,2026-09-13,UI,Ubiquiti Inc.,US,IT,2026-09-11,564.15,132200,208520.0,30.2139,34147086336,43,60,55,42,45,0,HOLD,-0.18,-2,False,live,STOCK,43,NEUTRAL,NYSE
2026-09-13T07:57:09.451647+09:00,2026-09-13,KVUE,Kenvue Inc.,US,소매,2026-09-11,17.78,47159300,24303020.0,0.3479,34151354368,20,60,60,66,42,0,AVOID,-0.47,-6,True,live,STOCK,22,NEUTRAL,NYSE
2026-09-13T07:57:09.451647+09:00,2026-09-13,ESLT,Elbit Systems Ltd.,US,산업재,2026-09-11,728.0,49300,78105.0,14.3878,34114947072,50,60,50,37,48,0,HOLD,-0.16,-2,False,live,STOCK,61,NEUTRAL,NASDAQ
2026-09-13T07:57:09.451647+09:00,2026-09-13,HBAN,Huntington Bancshares Incorporated,US,금융,2026-09-11,16.86,19012000,20294270.0,0.3057,34064195584,28,60,45,68,50,0,HOLD,-0.26,-3,False,live,STOCK,61,NEUTRAL,NASDAQ
2026-09-13T07:57:09.451647+09:00,2026-09-13,STRC,Strategy Inc,US,IT,2026-09-11,98.64,1388800,1481785.0,0.7183,,47,60,48,60,56,1,HOLD,0.23,3,False,live,STOCK,72,NEUTRAL,NASDAQ
2026-09-13T07:57:09.451647+09:00,2026-09-13,ERIC,Telefonaktiebolaget LM Ericsson (publ),US,IT,2026-09-11,10.31,13633700,8036255.0,0.1836,33669191680,52,60,50,78,58,1,HOLD,-0.12,-1,False,live,STOCK,44,NEUTRAL,NASDAQ
2026-09-13T07:57:09.451647+09:00,2026-09-13,EQT,EQT Corporation,US,에너지,2026-09-11,54.07,5466800,6260290.0,1.4593,33821650944,43,60,55,68,55,0,HOLD,0.11,1,False,live,STOCK,55,NEUTRAL,NYSE
2026-09-13T07:57:09.451647+09:00,2026-09-13,ACGL,Arch Capital Group Ltd.,US,금융,2026-09-11,96.09,2516600,2636425.0,1.7371,32766689280,28,60,55,78,53,1,HOLD,-0.09,-1,False,live,STOCK,51,NEUTRAL,NASDAQ
2026-09-13T07:57:09.451647+09:00,2026-09-13,JBL,Jabil Inc.,US,IT,2026-09-11,318.08,859100,891490.0,10.0407,33330675712,55,60,60,58,52,0,HOLD,-0.14,-2,False,live,STOCK,29,NEUTRAL,NYSE
2026-09-13T07:57:09.451647+09:00,2026-09-13,RJF,"Raymond James Financial, Inc.",US,금융,2026-09-11,173.46,1042600,1150895.0,3.8879,33367064576,50,60,63,68,58,0,HOLD,0.36,4,False,live,STOCK,48,NEUTRAL,NYSE
2026-09-13T07:57:09.451647+09:00,2026-09-13,ALNY,"Alnylam Pharmaceuticals, Inc.",US,제약/바이오,2026-09-11,248.68,1177300,1717865.0,10.9593,33275650048,72,65,60,50,66,2,WATCH,0.5,6,False,live,STOCK,85,NEUTRAL,NASDAQ
2026-09-13T07:57:09.451647+09:00,2026-09-13,PUK,Prudential plc,US,금융,2026-09-11,26.68,794000,1013130.0,0.4854,33005293568,28,60,55,78,45,1,HOLD,-0.42,-5,False,live,STOCK,10,NEUTRAL,NYSE
2026-09-13T07:57:09.451647+09:00,2026-09-13,CCI,Crown Castle Inc.,US,리츠,2026-09-11,75.62,2733400,2487155.0,1.8079,32172941312,55,60,60,58,58,0,HOLD,0.07,1,False,live,STOCK,59,NEUTRAL,NYSE
2026-09-13T07:57:09.451647+09:00,2026-09-13,CNC,Centene Corp.,US,제약/바이오,2026-09-11,66.42,3631000,3896020.0,2.2057,32811147264,50,65,76,76,59,2,HOLD,0.26,3,False,live,STOCK,32,NEUTRAL,NYSE
2026-09-13T07:57:09.451647+09:00,2026-09-13,CQP,"Cheniere Energy Partners, L.P.",US,에너지,2026-09-11,67.74,74200,107965.0,1.8857,32790067200,47,60,53,55,54,0,HOLD,0.22,3,False,live,STOCK,64,NEUTRAL,NYSE
2026-09-13T07:57:09.451647+09:00,2026-09-13,VMC,Vulcan Materials Company,US,소재,2026-09-11,252.74,1031300,937050.0,6.7479,32749729792,20,60,53,58,40,0,AVOID,-0.64,-8,True,live,STOCK,32,NEUTRAL,NYSE
2026-09-13T07:57:09.451647+09:00,2026-09-13,P,"Everpure, Inc.",US,IT,2026-09-11,98.18,1947000,3214220.0,6.1419,32716253184,51,60,45,27,45,0,HOLD,0.18,2,False,live,STOCK,64,NEUTRAL,NYSE
2026-09-13T07:57:09.451647+09:00,2026-09-13,KMB,Kimberly-Clark Corporation,US,소매,2026-09-11,98.15,8137300,3909370.0,2.2546,32579946496,20,60,60,50,37,0,AVOID,-0.56,-7,True,live,STOCK,20,NEUTRAL,NASDAQ
2026-09-13T07:57:09.451647+09:00,2026-09-13,RBLX,Roblox Corporation,US,IT,2026-09-11,45.5,6349900,9932675.0,1.9561,32504104960,58,60,50,45,50,0,HOLD,0.14,2,False,live,STOCK,47,NEUTRAL,NYSE
2026-09-13T07:57:09.451647+09:00,2026-09-13,HPQ,HP Inc.,US,IT,2026-09-11,35.48,26522500,15669610.0,1.7755,31995543552,82,60,50,63,72,2,WATCH,0.97,12,False,live,STOCK,90,NEUTRAL,NYSE
2026-09-13T07:57:09.451647+09:00,2026-09-13,ALC,Alcon Inc.,US,제약/바이오,2026-09-11,66.03,1942100,1303230.0,1.2736,31918901248,35,65,60,50,41,0,AVOID,-0.36,-4,True,live,STOCK,16,NEUTRAL,NYSE
2026-09-13T07:57:09.451647+09:00,2026-09-13,EXPE,"Expedia Group, Inc.",US,소비재,2026-09-11,280.83,1365400,1622675.0,13.3485,33705031680,51,60,45,76,57,1,HOLD,0.24,3,False,live,STOCK,48,NEUTRAL,NASDAQ
2026-09-13T07:57:09.451647+09:00,2026-09-13,TECK,Teck Resources Limited,US,소재,2026-09-11,66.44,2117100,3026015.0,2.3057,32595464192,43,60,55,53,54,1,HOLD,0.15,2,False,live,STOCK,71,NEUTRAL,NYSE
2026-09-13T07:57:09.451647+09:00,2026-09-13,BIIB,Biogen Inc.,US,제약/바이오,2026-09-11,217.15,1075600,715760.0,5.7079,32084781056,62,65,63,58,62,0,HOLD,0.57,7,False,live,STOCK,68,NEUTRAL,NASDAQ
2026-09-13T07:57:09.451647+09:00,2026-09-13,NMR,"Nomura Holdings, Inc.",US,금융,2026-09-11,10.86,884000,691460.0,0.1986,31739359232,77,60,55,68,64,1,HOLD,0.67,8,False,live,STOCK,46,NEUTRAL,NYSE
2026-09-13T07:57:09.451647+09:00,2026-09-13,RMD,ResMed Inc.,US,제약/바이오,2026-09-11,218.27,912300,1337145.0,6.0693,31485952000,39,65,56,58,53,0,HOLD,0.19,2,False,live,STOCK,63,NEUTRAL,NYSE
2026-09-13T07:57:09.451647+09:00,2026-09-13,DXCM,"DexCom, Inc.",US,제약/바이오,2026-09-11,83.03,2547400,3806680.0,2.3886,31332263936,39,65,50,42,46,0,HOLD,0.02,0,False,live,STOCK,60,NEUTRAL,NASDAQ
2026-09-13T07:57:09.451647+09:00,2026-09-13,ILMN,"Illumina, Inc.",US,제약/바이오,2026-09-11,206.45,2412100,1803605.0,8.6557,31173949440,51,65,63,42,56,1,HOLD,0.52,6,False,live,STOCK,78,NEUTRAL,NASDAQ
2026-09-13T07:57:09.451647+09:00,2026-09-13,CCL,Carnival Corporation & plc,US,소비재,2026-09-11,22.75,16373800,19046960.0,0.685,31159517184,10,60,55,86,44,1,AVOID,-0.79,-9,True,live,STOCK,20,NEUTRAL,NYSE
2026-09-13T07:57:09.451647+09:00,2026-09-13,BIDU,"Baidu, Inc.",US,인터넷,2026-09-11,91.4,2480800,3628345.0,2.7543,31205832704,40,65,60,88,56,1,HOLD,-0.24,-3,False,live,STOCK,30,NEUTRAL,NASDAQ
2026-09-13T07:57:09.451647+09:00,2026-09-13,STRF,MicroStrategy Incorporated 10.00% Series,US,IT,2026-09-11,103.92,50100,68590.0,1.3142,,76,60,48,50,64,2,WATCH,0.73,9,False,live,STOCK,82,NEUTRAL,NASDAQ
2026-09-13T07:57:09.451647+09:00,2026-09-13,TS,Tenaris S.A.,US,에너지,2026-09-11,57.39,1015700,1311570.0,1.235,28971612160,62,60,50,55,54,0,HOLD,0.05,1,False,live,STOCK,47,NEUTRAL,NYSE
2026-09-13T07:57:09.451647+09:00,2026-09-13,MLM,"Martin Marietta Materials, Inc.",US,소재,2026-09-11,509.96,711400,692675.0,12.0532,36217044992,25,60,63,58,43,0,AVOID,-0.51,-6,True,live,STOCK,26,NEUTRAL,NYSE
2026-09-13T07:57:09.451647+09:00,2026-09-13,ZTS,Zoetis Inc.,US,제약/바이오,2026-09-11,72.97,5238500,4687805.0,1.9521,30152927232,35,65,55,65,55,0,HOLD,-0.08,-1,False,live,STOCK,68,NEUTRAL,NYSE
2026-09-13T07:57:09.451647+09:00,2026-09-13,WAT,Waters Corporation,US,제약/바이오,2026-09-11,408.34,487200,627840.0,11.355,40093212672,47,65,32,35,46,1,HOLD,0.1,1,False,live,STOCK,77,NEUTRAL,NYSE
2026-09-13T07:57:09.451647+09:00,2026-09-13,CRDO,Credo Technology Group Holding Ltd,US,반도체,2026-09-11,162.95,5870600,7163590.0,14.0645,30626764800,10,65,58,42,31,0,AVOID,-0.91,-11,True,live,STOCK,20,NEUTRAL,NASDAQ
2026-09-13T07:57:09.451647+09:00,2026-09-13,RDDT,"Reddit, Inc.",US,인터넷,2026-09-11,157.77,3192600,7189670.0,7.4789,30354399232,65,65,60,58,54,0,HOLD,0.12,1,False,live,STOCK,23,NEUTRAL,NYSE
2026-09-13T07:57:09.451647+09:00,2026-09-13,BAP,Credicorp Ltd.,US,금융,2026-09-11,377.9,248700,334880.0,8.4522,30012561408,65,60,58,63,56,0,HOLD,0.24,3,False,live,STOCK,32,NEUTRAL,NYSE
2026-09-13T07:57:09.451647+09:00,2026-09-13,HAL,Halliburton Company,US,에너지,2026-09-11,35.84,9916300,10851560.0,1.1722,29940656128,73,60,50,74,59,2,HOLD,0.12,1,False,live,STOCK,26,NEUTRAL,NYSE
2026-09-13T07:57:09.451647+09:00,2026-09-13,FTI,TechnipFMC plc,US,에너지,2026-09-11,76.34,2547500,2611520.0,2.3471,29937827840,47,60,60,50,54,0,HOLD,0.27,3,False,live,STOCK,64,NEUTRAL,NYSE
2026-09-13T07:57:09.451647+09:00,2026-09-13,CFG,"Citizens Financial Group, Inc.",US,금융,2026-09-11,70.48,2208600,2982745.0,1.3735,29684541440,28,60,63,68,52,0,HOLD,-0.03,0,False,live,STOCK,52,NEUTRAL,NYSE
2026-09-13T07:57:09.451647+09:00,2026-09-13,SUNB,Sunbelt Rentals Holdings Inc,US,산업재,2026-09-11,72.68,6498500,7738210.0,3.1686,29781712896,25,60,45,66,45,0,HOLD,-0.53,-6,False,live,STOCK,44,NEUTRAL,NYSE
2026-09-13T07:57:09.451647+09:00,2026-09-13,ON,ON Semiconductor Corporation,US,반도체,2026-09-11,76.14,11285100,7648440.0,2.6707,29642719232,55,65,68,66,56,0,HOLD,-0.02,0,False,live,STOCK,30,NEUTRAL,NASDAQ
2026-09-13T07:57:09.451647+09:00,2026-09-13,ROIV,Roivant Sciences Ltd.,US,제약/바이오,2026-09-11,40.82,5963900,8765720.0,1.7132,29485225984,92,65,48,50,67,2,WATCH,0.93,11,False,live,STOCK,74,NEUTRAL,NASDAQ
2026-09-13T07:57:09.451647+09:00,2026-09-13,WTW,Willis Towers Watson Public Limited Comp,US,금융,2026-09-11,315.61,370000,447345.0,7.4529,29311309824,51,60,60,58,48,0,HOLD,0.13,2,False,live,STOCK,19,NEUTRAL,NASDAQ
2026-09-13T07:57:09.451647+09:00,2026-09-13,KHC,The Kraft Heinz Company,US,소매,2026-09-11,24.6,123781300,21661460.0,0.6271,29171265536,28,60,66,96,65,2,WATCH,0.21,3,False,live,STOCK,72,NEUTRAL,NASDAQ
2026-09-13T07:57:09.451647+09:00,2026-09-13,MDB,"MongoDB, Inc.",US,IT,2026-09-11,362.21,937100,1959450.0,23.0104,29178312704,47,60,50,35,44,0,AVOID,-0.03,0,True,live,STOCK,48,NEUTRAL,NASDAQ
2026-09-13T07:57:09.451647+09:00,2026-09-13,EXR,Extra Space Storage Inc.,US,리츠,2026-09-11,137.64,1864200,1026740.0,2.5686,30377498624,20,60,60,45,42,0,AVOID,-0.4,-5,True,live,STOCK,55,NEUTRAL,NYSE
2026-09-13T07:57:09.451647+09:00,2026-09-13,AEE,Ameren Corporation,US,유틸리티,2026-09-11,104.9,888400,1301470.0,1.5142,29040859136,50,60,53,42,45,0,HOLD,-0.16,-2,False,live,STOCK,33,NEUTRAL,NYSE
2026-09-13T07:57:09.451647+09:00,2026-09-13,FOXA,Fox Corporation,US,인터넷,2026-09-11,65.94,2988200,5202245.0,1.8011,27723646976,43,65,66,68,59,0,HOLD,0.22,3,False,live,STOCK,61,NEUTRAL,NASDAQ
2026-09-13T07:57:09.451647+09:00,2026-09-13,GEHC,GE HealthCare Technologies Inc.,US,제약/바이오,2026-09-11,63.93,3198200,2686795.0,1.6213,29081231360,35,65,66,68,52,0,HOLD,-0.08,-1,False,live,STOCK,39,NEUTRAL,NASDAQ
2026-09-13T07:57:09.451647+09:00,2026-09-13,IR,Ingersoll Rand Inc.,US,산업재,2026-09-11,72.93,5645200,3335445.0,1.9779,28296798208,20,60,60,66,43,0,AVOID,-0.45,-5,True,live,STOCK,26,NEUTRAL,NYSE
2026-09-13T07:57:09.451647+09:00,2026-09-13,LPLA,LPL Financial Holdings Inc.,US,금융,2026-09-11,353.78,428400,558715.0,10.39,27857446912,47,60,53,66,56,0,HOLD,0.3,4,False,live,STOCK,58,NEUTRAL,NASDAQ
2026-09-13T07:57:09.451647+09:00,2026-09-13,INSM,Insmed Incorporated,US,제약/바이오,2026-09-11,129.41,1698200,1823595.0,4.5714,28260751360,66,65,50,19,50,1,HOLD,0.49,6,False,live,STOCK,75,NEUTRAL,NASDAQ
2026-09-13T07:57:09.451647+09:00,2026-09-13,ZM,"Zoom Communications, Inc.",US,IT,2026-09-11,95.57,2246200,3231045.0,4.0793,27885768704,40,60,53,73,54,1,HOLD,-0.02,0,False,live,STOCK,48,NEUTRAL,NASDAQ
2026-09-13T07:57:09.451647+09:00,2026-09-13,TDY,Teledyne Technologies Incorporated,US,IT,2026-09-11,603.79,243000,233090.0,11.0064,27973068800,17,60,45,58,43,0,AVOID,-0.48,-6,True,live,STOCK,58,NEUTRAL,NYSE
2026-09-13T07:57:09.451647+09:00,2026-09-13,RYAAY,Ryanair Holdings plc,US,산업재,2026-09-11,53.8,2442100,1314360.0,1.21,27883685888,28,60,55,47,39,0,AVOID,-0.58,-7,True,live,STOCK,26,NEUTRAL,NASDAQ
2026-09-13T07:57:09.451647+09:00,2026-09-13,JBS,Jbs N.V.,US,소매,2026-09-11,12.59,5627700,5147380.0,0.3989,41413091328,35,60,60,78,56,1,HOLD,-0.02,0,False,live,STOCK,48,NEUTRAL,NYSE
2026-09-13T07:57:09.451647+09:00,2026-09-13,DTW,DTE Energy Company 5.25 % Debentures 201,US,유틸리티,2026-09-11,19.15,53600,31990.0,0.3764,,28,60,58,80,52,1,HOLD,-0.28,-3,False,live,STOCK,40,NEUTRAL,NYSE
2026-09-13T07:57:09.451647+09:00,2026-09-13,PBA,Pembina Pipeline Corporation,US,에너지,2026-09-11,47.81,637400,935840.0,0.8264,27804145664,31,60,60,58,50,0,HOLD,-0.08,-1,False,live,STOCK,58,NEUTRAL,NYSE
2026-09-13T07:57:09.451647+09:00,2026-09-13,LVS,Las Vegas Sands Corp.,US,소비재,2026-09-11,42.83,3985000,4879570.0,1.1829,27741042688,20,60,55,76,52,1,HOLD,-0.39,-5,False,live,STOCK,62,NEUTRAL,NYSE
2026-09-13T07:57:09.451647+09:00,2026-09-13,CPRT,"Copart, Inc.",US,산업재,2026-09-11,29.95,21854400,10867565.0,1.1164,28851087360,35,60,58,45,47,0,HOLD,-0.14,-2,False,live,STOCK,55,NEUTRAL,NASDAQ
2026-09-13T07:57:09.451647+09:00,2026-09-13,FTS,Fortis Inc.,US,유틸리티,2026-09-11,54.37,549700,698545.0,0.76,27777632256,31,60,63,42,49,1,HOLD,-0.05,-1,False,live,STOCK,73,NEUTRAL,NYSE
2026-09-13T07:57:09.451647+09:00,2026-09-13,OKTA,"Okta, Inc.",US,IT,2026-09-11,166.5,2740500,4066425.0,10.084,29107685376,95,60,60,43,68,2,WATCH,1.08,13,False,live,STOCK,74,NEUTRAL,NASDAQ
2026-09-13T07:57:09.451647+09:00,2026-09-13,DTE,DTE Energy Company,US,유틸리티,2026-09-11,132.58,1683900,1185175.0,2.0179,27588315136,50,60,58,50,48,0,HOLD,-0.16,-2,False,live,STOCK,33,NEUTRAL,NYSE
2026-09-13T07:57:09.451647+09:00,2026-09-13,MDLN,Medline Inc.,US,제약/바이오,2026-09-11,32.53,4646700,6443695.0,1.2491,43766939648,31,65,55,50,46,0,HOLD,-0.35,-4,False,live,STOCK,52,NEUTRAL,NASDAQ
2026-09-13T07:57:09.451647+09:00,2026-09-13,FISV,"Fiserv, Inc.",US,IT,2026-09-11,51.58,5624100,6316695.0,1.6879,27428528128,28,60,67,78,56,1,HOLD,-0.06,-1,False,live,STOCK,54,NEUTRAL,NASDAQ
2026-09-13T07:57:09.451647+09:00,2026-09-13,DG,Dollar General Corporation,US,소매,2026-09-11,124.58,2225000,2612210.0,4.2686,27484438528,47,60,55,68,58,0,HOLD,0.27,3,False,live,STOCK,61,NEUTRAL,NYSE
2026-09-13T07:57:09.451647+09:00,2026-09-13,AWK,"American Water Works Company, Inc.",US,유틸리티,2026-09-11,137.69,1403600,2016375.0,2.8307,27362996224,54,60,63,42,52,0,HOLD,0.33,4,False,live,STOCK,55,NEUTRAL,NYSE
2026-09-13T07:57:09.451647+09:00,2026-09-13,VICI,VICI Properties Inc.,US,리츠,2026-09-11,24.83,10259000,9121830.0,0.4024,27339753472,20,60,63,80,54,1,HOLD,-0.3,-4,False,live,STOCK,55,NEUTRAL,NYSE
2026-09-13T07:57:09.451647+09:00,2026-09-13,ATO,Atmos Energy Corporation,US,유틸리티,2026-09-11,163.19,970700,906440.0,2.3257,27577243648,31,60,65,42,40,0,AVOID,-0.36,-4,True,live,STOCK,24,NEUTRAL,NYSE
2026-09-13T07:57:09.451647+09:00,2026-09-13,CPNG,"Coupang, Inc.",US,소비재,2026-09-11,15.12,10326800,15728430.0,0.4599,27141369856,25,60,55,26,31,0,AVOID,-0.7,-8,True,live,STOCK,24,NEUTRAL,NYSE
2026-09-13T07:57:09.451647+09:00,2026-09-13,ATI,ATI Inc.,US,산업재,2026-09-11,198.77,1223300,1842730.0,7.1386,27066587136,46,60,45,42,45,0,HOLD,-0.15,-2,False,live,STOCK,48,NEUTRAL,NYSE
2026-09-13T07:57:09.451647+09:00,2026-09-13,SYM,Symbotic Inc.,US,산업재,2026-09-11,42.13,1524400,1550855.0,1.5872,25504020480,65,60,45,38,52,0,HOLD,0.19,2,False,live,STOCK,59,NEUTRAL,NASDAQ
2026-09-13T07:57:09.451647+09:00,2026-09-13,CTSH,Cognizant Technology Solutions Corporati,US,IT,2026-09-11,60.0,3103400,5679990.0,1.8986,28380000256,47,60,50,84,64,2,WATCH,0.43,5,False,live,STOCK,72,NEUTRAL,NASDAQ
2026-09-13T07:57:09.451647+09:00,2026-09-13,QSR,Restaurant Brands International Inc.,US,소비재,2026-09-11,76.96,3210500,2608300.0,1.5214,35256221696,40,60,63,58,54,0,HOLD,0.15,2,False,live,STOCK,61,NEUTRAL,NYSE
2026-09-13T07:57:09.451647+09:00,2026-09-13,FE,FirstEnergy Corp.,US,유틸리티,2026-09-11,46.13,3827100,4022170.0,0.6871,26683029504,50,60,55,50,48,0,HOLD,-0.08,-1,False,live,STOCK,33,NEUTRAL,NYSE
2026-09-13T07:57:09.451647+09:00,2026-09-13,CPAY,"Corpay, Inc.",US,IT,2026-09-11,408.22,400600,413530.0,8.65,26803562496,47,60,50,74,58,1,HOLD,0.31,4,False,live,STOCK,60,NEUTRAL,NYSE
2026-09-13T07:57:09.451647+09:00,2026-09-13,WSM,"Williams-Sonoma, Inc.",US,소비재,2026-09-11,226.23,843100,1172680.0,8.2529,26642653184,40,60,63,42,45,0,HOLD,-0.08,-1,False,live,STOCK,40,NEUTRAL,NYSE
2026-09-13T07:57:09.451647+09:00,2026-09-13,ZS,"Zscaler, Inc.",US,IT,2026-09-11,164.54,2057900,3002825.0,9.2679,26829019136,51,60,40,42,48,0,HOLD,0.16,2,False,live,STOCK,61,NEUTRAL,NASDAQ
2026-09-13T07:57:09.451647+09:00,2026-09-13,VRSN,"VeriSign, Inc.",US,IT,2026-09-11,292.71,497400,654535.0,7.3714,26460983296,65,60,50,50,58,0,HOLD,0.41,5,False,live,STOCK,69,NEUTRAL,NASDAQ
2026-09-13T07:57:09.451647+09:00,2026-09-13,Q,"Qnity Electronics, Inc.",US,반도체,2026-09-11,126.4,865500,1669430.0,4.5008,26460475392,55,65,68,50,53,0,HOLD,-0.02,0,False,live,STOCK,39,NEUTRAL,NYSE
2026-09-13T07:57:09.451647+09:00,2026-09-13,OTIS,Otis Worldwide Corporation,US,산업재,2026-09-11,69.1,3623900,3397970.0,1.1981,26304251904,28,60,60,68,47,0,HOLD,-0.29,-3,False,live,STOCK,32,NEUTRAL,NYSE
2026-09-13T07:57:09.451647+09:00,2026-09-13,NVT,nVent Electric plc,US,산업재,2026-09-11,162.38,1722900,2509585.0,6.3343,26282491904,72,60,55,50,61,1,HOLD,0.46,6,False,live,STOCK,68,NEUTRAL,NYSE
2026-09-13T07:57:09.451647+09:00,2026-09-13,MTD,Mettler-Toledo International Inc.,US,제약/바이오,2026-09-11,1293.52,96700,176785.0,31.58,25917691904,39,65,50,42,44,0,AVOID,-0.01,0,True,live,STOCK,48,NEUTRAL,NYSE
2026-09-13T07:57:09.451647+09:00,2026-09-13,CINF,Cincinnati Financial Corporation,US,금융,2026-09-11,169.8,416700,431275.0,2.8021,26060572672,50,60,63,78,63,1,HOLD,0.31,4,False,live,STOCK,59,NEUTRAL,NASDAQ
2026-09-13T07:57:09.451647+09:00,2026-09-13,WRB,W. R. Berkley Corporation,US,금융,2026-09-11,69.9,2658400,1962065.0,1.2643,25948805120,72,60,60,63,66,1,HOLD,0.63,8,False,live,STOCK,68,NEUTRAL,NYSE
2026-09-13T07:57:09.451647+09:00,2026-09-13,RPRX,Royalty Pharma plc,US,제약/바이오,2026-09-11,58.61,2595900,2940870.0,1.5708,33866936320,47,65,45,50,55,1,HOLD,0.24,3,False,live,STOCK,84,NEUTRAL,NASDAQ
2026-09-13T07:57:09.451647+09:00,2026-09-13,DGX,Quest Diagnostics Incorporated,US,제약/바이오,2026-09-11,235.02,996800,888930.0,4.935,25939947520,44,65,50,58,49,0,HOLD,0.09,1,False,live,STOCK,42,NEUTRAL,NYSE
2026-09-13T07:57:09.451647+09:00,2026-09-13,SMCI,"Super Micro Computer, Inc.",US,IT,2026-09-11,40.1,46402900,40169170.0,2.2214,25939607552,70,60,50,68,66,2,WATCH,0.72,9,False,live,STOCK,75,NEUTRAL,NASDAQ
2026-09-13T07:57:09.451647+09:00,2026-09-13,ES,Eversource Energy,US,유틸리티,2026-09-11,68.52,1756900,1885525.0,1.2229,25809752064,31,60,63,68,49,0,HOLD,-0.19,-2,False,live,STOCK,33,NEUTRAL,NYSE
2026-09-13T07:57:09.451647+09:00,2026-09-13,CNP,"CenterPoint Energy, Inc.",US,유틸리티,2026-09-11,39.11,5532600,5602040.0,0.6586,25762549760,50,60,68,42,48,0,HOLD,-0.07,-1,False,live,STOCK,33,NEUTRAL,NYSE
2026-09-13T07:57:09.451647+09:00,2026-09-13,GFS,GLOBALFOUNDRIES Inc.,US,반도체,2026-09-11,46.95,3695500,3740350.0,1.5151,25763864576,55,65,45,66,51,0,HOLD,-0.27,-3,False,live,STOCK,30,NEUTRAL,NASDAQ
2026-09-13T07:57:09.451647+09:00,2026-09-13,RF,Regions Financial Corporation,US,금융,2026-09-11,30.13,7370600,7100150.0,0.5477,25668636672,28,60,63,60,49,0,HOLD,-0.1,-1,False,live,STOCK,48,NEUTRAL,NYSE
2026-09-13T07:57:09.451647+09:00,2026-09-13,PPL,PPL Corporation,US,유틸리티,2026-09-11,34.08,5600700,7729680.0,0.5041,25646729216,28,60,63,50,40,0,AVOID,-0.44,-5,True,live,STOCK,20,NEUTRAL,NYSE
2026-09-13T07:57:09.451647+09:00,2026-09-13,FOX,Fox Corporation,US,인터넷,2026-09-11,58.45,893100,1062880.0,1.6472,24574570496,43,65,61,68,56,0,HOLD,0.11,1,False,live,STOCK,55,NEUTRAL,NASDAQ
2026-09-13T07:57:09.451647+09:00,2026-09-13,LH,Labcorp Holdings Inc.,US,제약/바이오,2026-09-11,311.54,809900,676065.0,7.4837,25265895424,39,65,48,58,50,0,HOLD,0.09,1,False,live,STOCK,55,NEUTRAL,NYSE
2026-09-13T07:57:09.451647+09:00,2026-09-13,DOV,Dover Corporation,US,산업재,2026-09-11,189.05,1043800,1136780.0,4.0039,25461297152,28,60,55,58,43,0,AVOID,-0.52,-6,True,live,STOCK,32,NEUTRAL,NYSE
2026-09-13T07:57:09.451647+09:00,2026-09-13,TPL,Texas Pacific Land Corporation,US,에너지,2026-09-11,369.1,271000,337875.0,12.5633,25458554880,50,60,70,29,46,1,HOLD,0.04,0,False,live,STOCK,41,NEUTRAL,NYSE
2026-09-13T07:57:09.451647+09:00,2026-09-13,JBHT,"J.B. Hunt Transport Services, Inc.",US,산업재,2026-09-11,270.45,845800,788660.0,8.0529,25395255296,65,60,60,58,59,0,HOLD,0.25,3,False,live,STOCK,49,NEUTRAL,NASDAQ
2026-09-13T07:57:09.451647+09:00,2026-09-13,TCOM,Trip.com Group Limited,US,소비재,2026-09-11,39.02,4566500,2891760.0,0.9964,24571097088,10,60,55,70,43,1,AVOID,-0.69,-8,True,live,STOCK,42,NEUTRAL,NASDAQ
2026-09-13T07:57:09.451647+09:00,2026-09-13,EXPD,"Expeditors International of Washington, ",US,산업재,2026-09-11,192.6,866000,750485.0,3.3693,25036195840,66,60,50,42,55,0,HOLD,0.49,6,False,live,STOCK,64,NEUTRAL,NYSE
2026-09-13T07:57:09.451647+09:00,2026-09-13,STRD,Strategy Inc,US,IT,2026-09-11,75.68,87400,99255.0,1.3895,,62,60,58,60,65,1,HOLD,0.66,8,False,live,STOCK,85,NEUTRAL,NASDAQ
2026-09-13T07:57:09.451647+09:00,2026-09-13,XYL,Xylem Inc.,US,산업재,2026-09-11,106.96,1845400,2190780.0,2.6259,24973750272,25,60,63,58,43,0,AVOID,-0.39,-5,True,live,STOCK,26,NEUTRAL,NYSE
2026-09-13T07:57:09.451647+09:00,2026-09-13,PFG,"Principal Financial Group, Inc.",US,금융,2026-09-11,116.17,948200,1174210.0,2.619,24871464960,91,60,58,68,70,1,HOLD,0.82,10,False,live,STOCK,54,NEUTRAL,NASDAQ
2026-09-13T07:57:09.451647+09:00,2026-09-13,FCNCA,"First Citizens BancShares, Inc.",US,금융,2026-09-11,2173.0,51600,57930.0,47.5776,24539949056,43,60,60,70,56,1,HOLD,0.11,1,False,live,STOCK,48,NEUTRAL,NASDAQ
2026-09-13T07:57:09.451647+09:00,2026-09-13,SYF,Synchrony Financial,US,금융,2026-09-11,75.99,2461800,3250695.0,1.9282,24724930560,43,60,50,78,56,1,HOLD,0.04,0,False,live,STOCK,48,NEUTRAL,NYSE
2026-09-13T07:57:09.451647+09:00,2026-09-13,INCY,Incyte Corporation,US,제약/바이오,2026-09-11,121.47,1425000,1263545.0,3.2307,24621694976,47,65,48,55,54,1,HOLD,0.26,3,False,live,STOCK,71,NEUTRAL,NASDAQ
2026-09-13T07:57:09.451647+09:00,2026-09-13,WST,"West Pharmaceutical Services, Inc.",US,제약/바이오,2026-09-11,346.23,541800,450070.0,7.1543,24366200832,47,65,73,42,53,1,HOLD,0.31,4,False,live,STOCK,59,NEUTRAL,NYSE
2026-09-13T07:57:09.451647+09:00,2026-09-13,ASTS,"AST SpaceMobile, Inc.",US,인터넷,2026-09-11,59.86,6630000,9421030.0,3.8986,23295565824,37,65,75,42,43,1,AVOID,-0.34,-4,True,live,STOCK,23,NEUTRAL,NASDAQ
2026-09-13T07:57:09.451647+09:00,2026-09-13,HUBB,Hubbell Incorporated,US,산업재,2026-09-11,460.4,417014,464731.5,11.4489,24328353792,50,60,58,58,49,0,HOLD,-0.1,-1,False,live,STOCK,26,NEUTRAL,NYSE
2026-09-13T07:57:09.451647+09:00,2026-09-13,BNTX,BioNTech SE,US,제약/바이오,2026-09-11,96.73,1176300,1742570.0,3.7544,24298999808,36,65,48,58,53,1,HOLD,0.07,1,False,live,STOCK,74,NEUTRAL,NASDAQ
2026-09-13T07:57:09.451647+09:00,2026-09-13,CRCL,Circle Internet Group,US,금융,2026-09-11,90.6,10368300,15031780.0,6.9934,24697026560,55,60,50,45,56,1,HOLD,0.45,5,False,live,STOCK,78,NEUTRAL,NYSE
2026-09-13T07:57:09.451647+09:00,2026-09-13,CIB,Grupo Cibest S.A.,US,금융,2026-09-11,102.04,297700,338685.0,3.4233,24098326528,73,60,58,88,74,3,BUY,0.89,11,False,live,STOCK,72,NEUTRAL,NYSE
2026-09-13T07:57:09.451647+09:00,2026-09-13,PHG,Koninklijke Philips N.V.,US,제약/바이오,2026-09-11,24.59,765400,688600.0,0.4093,24034940928,20,65,58,74,44,1,AVOID,-0.56,-7,True,live,STOCK,20,NEUTRAL,NYSE
2026-09-13T07:57:09.451647+09:00,2026-09-13,DRI,"Darden Restaurants, Inc.",US,소비재,2026-09-11,209.89,1176500,944695.0,4.9629,23831279616,43,60,50,42,46,0,HOLD,-0.1,-1,False,live,STOCK,54,NEUTRAL,NYSE
2026-09-13T07:57:09.451647+09:00,2026-09-13,FWONK,Liberty Media Corporation,US,인터넷,2026-09-11,95.59,1766900,1726465.0,2.4304,23965222912,39,65,58,38,38,0,AVOID,-0.23,-3,True,live,STOCK,19,NEUTRAL,NASDAQ
2026-09-13T07:57:09.451647+09:00,2026-09-13,TPR,"Tapestry, Inc.",US,소비재,2026-09-11,118.49,2334500,3667320.0,3.6542,23625920512,15,60,45,60,44,0,AVOID,-0.6,-7,True,live,STOCK,65,NEUTRAL,NYSE
2026-09-13T07:57:09.451647+09:00,2026-09-13,NRG,"NRG Energy, Inc.",US,유틸리티,2026-09-11,113.46,1552000,2582280.0,4.0093,23850481664,50,60,58,66,52,0,HOLD,-0.15,-2,False,live,STOCK,26,NEUTRAL,NYSE
2026-09-13T07:57:09.451647+09:00,2026-09-13,AFRM,"Affirm Holdings, Inc.",US,금융,2026-09-11,71.44,4525400,5657465.0,4.0338,24105375744,29,60,60,68,48,0,HOLD,-0.12,-1,False,live,STOCK,35,NEUTRAL,NASDAQ
2026-09-13T07:57:09.451647+09:00,2026-09-13,TSEM,Tower Semiconductor Ltd.,US,반도체,2026-09-11,211.52,1118600,1284365.0,10.2943,23908368384,40,65,40,38,42,0,AVOID,-0.47,-6,True,live,STOCK,52,NEUTRAL,NASDAQ
2026-09-13T07:57:09.451647+09:00,2026-09-13,KEY,KeyCorp,US,금융,2026-09-11,21.84,11327000,10469025.0,0.3844,23306088448,50,60,63,60,52,0,HOLD,0.01,0,False,live,STOCK,33,NEUTRAL,NYSE
2026-09-13T07:57:09.451647+09:00,2026-09-13,BG,Bunge Global S.A.,US,소매,2026-09-11,122.41,1212200,1550355.0,4.6971,23517302784,87,60,63,50,68,1,HOLD,0.75,9,False,live,STOCK,69,NEUTRAL,NYSE
2026-09-13T07:57:09.451647+09:00,2026-09-13,ULTA,"Ulta Beauty, Inc.",US,소비재,2026-09-11,546.78,419800,712985.0,18.81,23378931712,62,60,63,42,59,1,HOLD,0.67,8,False,live,STOCK,77,NEUTRAL,NASDAQ
2026-09-13T07:57:09.451647+09:00,2026-09-13,PPG,"PPG Industries, Inc.",US,소재,2026-09-11,105.5,1600100,1372030.0,2.7271,23452649472,20,60,60,60,46,0,HOLD,-0.41,-5,False,live,STOCK,52,NEUTRAL,NYSE
2026-09-13T07:57:09.451647+09:00,2026-09-13,KOF,"Coca-Cola FEMSA, S.A.B. de C.V.",US,소매,2026-09-11,110.71,88600,125160.0,2.3693,23258314752,43,60,58,63,54,0,HOLD,0.08,1,False,live,STOCK,52,NEUTRAL,NYSE
2026-09-13T07:57:09.451647+09:00,2026-09-13,FFIV,"F5, Inc.",US,IT,2026-09-11,411.71,455000,451885.0,13.0836,23313977344,69,60,40,58,61,1,HOLD,0.4,5,False,live,STOCK,73,NEUTRAL,NASDAQ
2026-09-13T07:57:09.451647+09:00,2026-09-13,ROKU,"Roku, Inc.",US,인터넷,2026-09-11,154.93,1405400,2270975.0,2.0777,22994550784,47,65,60,43,52,0,HOLD,0.26,3,False,live,STOCK,66,NEUTRAL,NASDAQ
2026-09-13T07:57:09.451647+09:00,2026-09-13,VLTO,Veralto Corporation,US,산업재,2026-09-11,94.1,997900,1481150.0,1.7266,22940952576,39,60,60,50,50,0,HOLD,0.15,2,False,live,STOCK,54,NEUTRAL,NYSE
2026-09-13T07:57:09.451647+09:00,2026-09-13,VRSK,"Verisk Analytics, Inc.",US,IT,2026-09-11,176.2,688400,1073680.0,5.9614,23086047232,28,60,48,58,46,0,HOLD,-0.34,-4,False,live,STOCK,52,NEUTRAL,NASDAQ
2026-09-13T07:57:09.451647+09:00,2026-09-13,PHM,"PulteGroup, Inc.",US,소비재,2026-09-11,118.26,1265200,1293715.0,2.9943,22526916608,20,60,55,68,48,0,HOLD,-0.32,-4,False,live,STOCK,55,NEUTRAL,NYSE
2026-09-13T07:57:09.451647+09:00,2026-09-13,CASY,"Casey's General Stores, Inc.",US,소비재,2026-09-11,615.47,624300,531425.0,34.8679,22747873280,10,60,53,45,32,0,AVOID,-0.91,-11,True,live,STOCK,27,NEUTRAL,NASDAQ
2026-09-13T07:57:09.451647+09:00,2026-09-13,TROW,"T. Rowe Price Group, Inc.",US,금융,2026-09-11,106.29,1520500,1237160.0,2.065,22673342464,20,60,70,78,49,2,HOLD,-0.28,-3,False,live,STOCK,30,NEUTRAL,NASDAQ
2026-09-13T07:57:09.451647+09:00,2026-09-13,SN,"SharkNinja, Inc.",US,소비재,2026-09-11,160.8,2544600,1573835.0,6.6056,22652145664,51,60,55,58,53,0,HOLD,0.28,3,False,live,STOCK,48,NEUTRAL,NYSE
2026-09-13T07:57:09.451647+09:00,2026-09-13,IHG,InterContinental Hotels Group PLC,US,소비재,2026-09-11,153.83,137300,192375.0,3.2736,22550190080,28,60,60,58,44,0,AVOID,-0.42,-5,True,live,STOCK,29,NEUTRAL,NYSE
2026-09-13T07:57:09.451647+09:00,2026-09-13,DLTR,"Dollar Tree, Inc.",US,소매,2026-09-11,118.17,3686100,2570815.0,5.485,22172272640,43,60,43,60,50,0,HOLD,-0.05,-1,False,live,STOCK,55,NEUTRAL,NASDAQ
2026-09-13T07:57:09.451647+09:00,2026-09-13,SW,Smurfit Westrock plc,US,소비재,2026-09-11,43.22,3972000,4246260.0,1.455,22669881344,35,60,63,66,47,0,HOLD,-0.23,-3,False,live,STOCK,19,NEUTRAL,NYSE
2026-09-13T07:57:09.451647+09:00,2026-09-13,STRK,Strategy Inc,US,IT,2026-09-11,76.0,96400,90225.0,2.0717,,84,60,48,60,68,2,WATCH,0.85,10,False,live,STOCK,78,NEUTRAL,NASDAQ
2026-09-13T07:57:09.451647+09:00,2026-09-13,FSLR,"First Solar, Inc.",US,에너지,2026-09-11,209.03,2068300,1927775.0,7.9314,22464409600,40,60,50,84,58,1,HOLD,-0.21,-3,False,live,STOCK,52,NEUTRAL,NASDAQ
2026-09-13T07:57:09.451647+09:00,2026-09-13,AMRZ,Amrize Ltd,US,소재,2026-09-11,40.52,3653800,4222275.0,1.1475,22161426432,10,60,75,66,43,1,AVOID,-0.61,-7,True,live,STOCK,26,NEUTRAL,NYSE
2026-09-13T07:57:09.451647+09:00,2026-09-13,L,Loews Corporation,US,금융,2026-09-11,108.79,1001100,719770.0,1.56,22239690752,28,60,60,68,46,0,HOLD,-0.3,-4,False,live,STOCK,26,NEUTRAL,NYSE
2026-09-13T07:57:09.451647+09:00,2026-09-13,AER,AerCap Holdings N.V.,US,산업재,2026-09-11,141.5,1238300,1052395.0,2.605,22241544192,28,60,53,70,45,1,HOLD,-0.36,-4,False,live,STOCK,26,NEUTRAL,NYSE
2026-09-13T07:57:09.451647+09:00,2026-09-13,CHD,"Church & Dwight Co., Inc.",US,소매,2026-09-11,94.15,1952900,1780750.0,1.8821,22332747776,43,60,50,58,46,0,HOLD,-0.28,-3,False,live,STOCK,26,NEUTRAL,NYSE
2026-09-13T07:57:09.451647+09:00,2026-09-13,SOFI,"SoFi Technologies, Inc.",US,금융,2026-09-11,17.32,24422500,39974960.0,0.7454,22369996800,43,60,40,66,43,0,AVOID,-0.37,-4,True,live,STOCK,10,NEUTRAL,NASDAQ
2026-09-13T07:57:09.451647+09:00,2026-09-13,TCPA,TransCanada PipeLines Limited 6,US,에너지,2026-09-11,21.895,23800,36030.0,0.2999,,50,60,55,50,49,0,HOLD,-0.09,-1,False,live,STOCK,40,NEUTRAL,NYSE
2026-09-13T07:57:09.451647+09:00,2026-09-13,BRO,"Brown & Brown, Inc.",US,금융,2026-09-11,66.19,1198200,1611520.0,1.7821,22147860480,39,60,63,66,47,0,HOLD,-0.06,-1,False,live,STOCK,16,NEUTRAL,NYSE
2026-09-13T07:57:09.451647+09:00,2026-09-13,IOT,Samsara Inc.,US,IT,2026-09-11,38.38,6748200,7267655.0,2.4096,22475528192,47,60,50,35,46,0,HOLD,0.14,2,False,live,STOCK,57,NEUTRAL,NYSE
2026-09-13T07:57:09.451647+09:00,2026-09-13,MKL,Markel Corporation,US,금융,2026-09-11,1784.1801,47000,60980.0,27.4507,22105915392,53,60,55,62,51,0,HOLD,-0.08,-1,False,live,STOCK,26,NEUTRAL,NYSE
2026-09-13T07:57:09.451647+09:00,2026-09-13,CRS,Carpenter Technology Corporation,US,소재,2026-09-11,443.19,403200,733990.0,15.5944,21963862016,10,60,58,42,34,0,AVOID,-0.81,-10,True,live,STOCK,35,NEUTRAL,NYSE
2026-09-13T07:57:09.451647+09:00,2026-09-13,EXE,Expand Energy Corporation,US,에너지,2026-09-11,94.83,3500700,2453075.0,2.3076,22686072832,50,60,63,86,66,1,HOLD,0.45,5,False,live,STOCK,63,NEUTRAL,NASDAQ
2026-09-13T07:57:09.451647+09:00,2026-09-13,GPN,Global Payments Inc.,US,금융,2026-09-11,88.29,2030600,2475715.0,2.5374,23363158016,51,60,55,66,57,0,HOLD,0.35,4,False,live,STOCK,54,NEUTRAL,NYSE
2026-09-13T07:57:09.451647+09:00,2026-09-13,BCE,BCE Inc.,US,인터넷,2026-09-11,23.39,2589700,2679500.0,0.3536,21811777536,43,65,63,86,62,1,HOLD,0.12,1,False,live,STOCK,51,NEUTRAL,NYSE
2026-09-13T07:57:09.451647+09:00,2026-09-13,FWONA,Formula One Group,US,인터넷,2026-09-11,87.03,97800,134200.0,2.2071,21819158528,39,65,61,38,38,0,AVOID,-0.24,-3,True,live,STOCK,16,NEUTRAL,NASDAQ
2026-09-13T07:57:09.451647+09:00,2026-09-13,YPF,YPF Sociedad Anónima,US,에너지,2026-09-11,55.55,2282600,1237940.0,1.9036,21779769344,84,60,67,74,76,3,BUY,0.91,11,False,live,STOCK,75,NEUTRAL,NYSE
2026-09-13T07:57:09.451647+09:00,2026-09-13,FCNCN,"First Citizens BancShares, Inc. Deposita",US,금융,2026-09-11,24.14,20000,18170.0,0.303,,28,60,55,50,42,0,AVOID,-0.33,-4,True,live,STOCK,40,NEUTRAL,NASDAQ
2026-09-13T07:57:09.451647+09:00,2026-09-13,OMC,Omnicom Group Inc.,US,인터넷,2026-09-11,79.01,1952100,2316475.0,2.3664,22518341632,35,65,45,46,44,0,AVOID,-0.22,-3,True,live,STOCK,52,NEUTRAL,NYSE
2026-09-13T07:57:09.451647+09:00,2026-09-13,TW,Tradeweb Markets Inc.,US,금융,2026-09-11,101.44,1036700,1189865.0,2.4425,22116558848,43,60,55,50,49,0,HOLD,-0.03,0,False,live,STOCK,52,NEUTRAL,NASDAQ
2026-09-13T07:57:09.451647+09:00,2026-09-13,EIX,Edison International,US,유틸리티,2026-09-11,56.0,4126300,6739315.0,4.0736,21549582336,15,60,60,70,46,1,HOLD,-0.56,-7,False,live,STOCK,44,NEUTRAL,NYSE
2026-09-13T07:57:09.451647+09:00,2026-09-13,SNX,TD Synnex Corp,US,IT,2026-09-11,269.21,533500,544460.0,7.6164,21525694464,84,60,63,66,66,1,HOLD,0.57,7,False,live,STOCK,44,NEUTRAL,NYSE
2026-09-13T07:57:09.451647+09:00,2026-09-13,RGLD,"Royal Gold, Inc.",US,소재,2026-09-11,252.28,565600,633910.0,7.5229,21375143936,51,60,50,50,56,1,HOLD,0.41,5,False,live,STOCK,78,NEUTRAL,NASDAQ
2026-09-13T07:57:09.451647+09:00,2026-09-13,ENTG,"Entegris, Inc.",US,반도체,2026-09-11,140.37,1296900,1983755.0,6.0221,21378351104,65,65,58,43,53,0,HOLD,0.14,2,False,live,STOCK,44,NEUTRAL,NASDAQ
2026-09-13T07:57:09.451647+09:00,2026-09-13,IFF,International Flavors & Fragrances Inc.,US,소재,2026-09-11,83.61,1376000,1397200.0,1.6686,21345923072,47,60,63,42,44,0,AVOID,-0.0,0,True,live,STOCK,26,NEUTRAL,NYSE
2026-09-13T07:57:09.451647+09:00,2026-09-13,XPO,"XPO Logistics, Inc.",US,산업재,2026-09-11,182.18,731400,910445.0,7.0314,21330810880,18,60,58,42,33,0,AVOID,-0.82,-10,True,live,STOCK,17,NEUTRAL,NYSE
2026-09-13T07:57:09.451647+09:00,2026-09-13,FICO,Fair Isaac Corporation,US,IT,2026-09-11,985.39,400200,351325.0,54.7364,21282095104,10,60,60,66,47,0,HOLD,-0.52,-6,False,live,STOCK,62,NEUTRAL,NYSE
2026-09-13T07:57:09.451647+09:00,2026-09-13,THC,Tenet Healthcare Corporation,US,제약/바이오,2026-09-11,263.69,588100,738620.0,8.7271,21232056320,48,65,50,78,60,1,HOLD,0.35,4,False,live,STOCK,61,NEUTRAL,NYSE
2026-09-13T07:57:09.451647+09:00,2026-09-13,PAAS,Pan American Silver Corp.,US,소재,2026-09-11,50.34,2517700,5041910.0,2.1086,20871868416,43,60,55,71,61,2,WATCH,0.3,4,False,live,STOCK,80,NEUTRAL,NYSE
2026-09-13T07:57:09.451647+09:00,2026-09-13,CDE,"Coeur Mining, Inc.",US,소재,2026-09-11,20.58,17912400,34036335.0,1.0007,21154902016,47,60,40,63,54,0,HOLD,0.19,2,False,live,STOCK,63,NEUTRAL,NYSE
2026-09-13T07:57:09.451647+09:00,2026-09-13,GH,"Guardant Health, Inc.",US,제약/바이오,2026-09-11,157.38,695500,1938440.0,7.935,21119793152,47,65,58,58,56,0,HOLD,0.36,4,False,live,STOCK,63,NEUTRAL,NASDAQ
2026-09-13T07:57:09.451647+09:00,2026-09-13,UTHR,United Therapeutics Corporation,US,제약/바이오,2026-09-11,497.11,573400,514310.0,14.5843,21321392128,28,65,50,60,46,0,HOLD,-0.41,-5,False,live,STOCK,47,NEUTRAL,NASDAQ
2026-09-13T07:57:09.451647+09:00,2026-09-13,BCH,Banco de Chile,US,금융,2026-09-11,41.72,338500,282525.0,0.8564,21072162816,43,60,55,70,60,2,WATCH,0.24,3,False,live,STOCK,74,NEUTRAL,NYSE
2026-09-13T07:57:09.451647+09:00,2026-09-13,CMS,CMS Energy Corporation,US,유틸리티,2026-09-11,67.15,2792000,3078045.0,0.9607,20743952384,50,60,65,50,48,0,HOLD,-0.12,-1,False,live,STOCK,26,NEUTRAL,NYSE
2026-09-13T07:57:09.451647+09:00,2026-09-13,USFD,US Foods Holding Corp.,US,소매,2026-09-11,95.34,3246500,1842345.0,2.7993,20624969728,35,60,63,66,47,0,HOLD,-0.21,-3,False,live,STOCK,19,NEUTRAL,NYSE
2026-09-13T07:57:09.451647+09:00,2026-09-13,MTSI,"MACOM Technology Solutions Holdings, Inc",US,반도체,2026-09-11,274.9,890300,1211960.0,11.6871,20994367488,40,65,50,35,41,0,AVOID,-0.43,-5,True,live,STOCK,44,NEUTRAL,NASDAQ
2026-09-13T07:57:09.451647+09:00,2026-09-13,DOW,Dow Inc.,US,소재,2026-09-11,29.03,10492800,8404865.0,1.0082,20969551872,35,60,60,55,45,0,HOLD,-0.4,-5,False,live,STOCK,31,NEUTRAL,NYSE
2026-09-13T07:57:09.451647+09:00,2026-09-13,STZ,"Constellation Brands, Inc.",US,소매,2026-09-11,122.45,2022600,2039440.0,3.2614,20914993152,10,60,60,78,49,1,HOLD,-0.52,-6,False,live,STOCK,55,NEUTRAL,NYSE
2026-09-13T07:57:09.451647+09:00,2026-09-13,CMSA,CMS Energy Corporation 5.6% JRSUB NT 78,US,유틸리티,2026-09-11,19.37,17500,20220.0,0.2541,,28,60,60,70,49,1,HOLD,-0.29,-3,False,live,STOCK,40,NEUTRAL,NYSE
2026-09-13T07:57:09.451647+09:00,2026-09-13,PKG,Packaging Corporation of America,US,소비재,2026-09-11,234.4,876500,559635.0,6.2036,20884639744,40,60,53,58,45,0,HOLD,-0.21,-3,False,live,STOCK,25,NEUTRAL,NYSE
2026-09-13T07:57:09.451647+09:00,2026-09-13,RL,Ralph Lauren Corporation,US,소비재,2026-09-11,339.09,641200,638490.0,10.1914,20203741184,7,60,55,58,36,0,AVOID,-0.89,-11,True,live,STOCK,26,NEUTRAL,NYSE
2026-09-13T07:57:09.451647+09:00,2026-09-13,CW,Curtiss-Wright Corporation,US,산업재,2026-09-11,558.9,292600,405270.0,16.4879,20642662400,7,60,63,50,34,0,AVOID,-0.88,-11,True,live,STOCK,20,NEUTRAL,NYSE
2026-09-13T07:57:09.451647+09:00,2026-09-13,LYB,LyondellBasell Industries N.V.,US,소재,2026-09-11,63.69,3982500,3345555.0,2.1493,20574285824,40,60,50,78,56,1,HOLD,-0.02,0,False,live,STOCK,54,NEUTRAL,NYSE
2026-09-13T07:57:09.451647+09:00,2026-09-13,STE,STERIS plc,US,제약/바이오,2026-09-11,210.76,595400,590190.0,5.2467,20549122048,35,65,63,58,44,0,AVOID,-0.24,-3,True,live,STOCK,19,NEUTRAL,NYSE
2026-09-13T07:57:09.451647+09:00,2026-09-13,CF,"CF Industries Holdings, Inc.",US,소재,2026-09-11,133.07,2292800,2622000.0,5.415,20138565632,95,60,66,86,81,2,WATCH,1.26,15,False,live,STOCK,69,NEUTRAL,NYSE
2026-09-13T07:57:09.451647+09:00,2026-09-13,WES,"Western Midstream Partners, LP",US,에너지,2026-09-11,49.03,653300,757710.0,0.9371,20257949696,69,60,68,60,67,1,HOLD,0.82,10,False,live,STOCK,74,NEUTRAL,NYSE
2026-09-13T07:57:09.451647+09:00,2026-09-13,RS,Reliance Steel & Aluminum Co.,US,소재,2026-09-11,394.21,293100,340070.0,10.6271,20125601792,57,60,50,58,58,0,HOLD,0.19,2,False,live,STOCK,67,NEUTRAL,NYSE
2026-09-13T07:57:09.451647+09:00,2026-09-13,WWD,"Woodward, Inc.",US,산업재,2026-09-11,337.26,433000,522625.0,8.3736,19913793536,50,60,60,50,50,0,HOLD,-0.15,-2,False,live,STOCK,38,NEUTRAL,NASDAQ
2026-09-13T07:57:09.451647+09:00,2026-09-13,SQM,Sociedad Química y Minera de Chile S.A.,US,소재,2026-09-11,69.88,1014300,982600.0,2.7041,19960371200,25,60,50,84,54,1,HOLD,-0.4,-5,False,live,STOCK,55,NEUTRAL,NYSE
2026-09-13T07:57:09.451647+09:00,2026-09-13,SOJD,Southern Company (The) Series 2,US,유틸리티,2026-09-11,17.83,106500,96060.0,0.2379,,28,60,58,50,43,0,AVOID,-0.39,-5,True,live,STOCK,40,NEUTRAL,NYSE
2026-09-13T07:57:09.451647+09:00,2026-09-13,GMAB,Genmab A/S,US,제약/바이오,2026-09-11,32.47,1393800,2338685.0,0.7918,19965886464,54,65,60,53,59,1,HOLD,0.54,6,False,live,STOCK,74,NEUTRAL,NASDAQ
2026-09-13T07:57:09.451647+09:00,2026-09-13,PR,Permian Resources Corporation,US,에너지,2026-09-11,23.78,6551000,9267540.0,0.6145,19917107200,66,60,55,68,67,1,HOLD,0.73,9,False,live,STOCK,77,NEUTRAL,NYSE
2026-09-13T07:57:09.451647+09:00,2026-09-13,NI,NiSource Inc,US,유틸리티,2026-09-11,41.41,3626300,5117280.0,0.62,19858583552,72,60,55,42,53,1,HOLD,0.11,1,False,live,STOCK,41,NEUTRAL,NYSE
2026-09-13T07:57:09.451647+09:00,2026-09-13,EFX,Equifax Inc.,US,산업재,2026-09-11,169.0,1056500,1149400.0,6.7243,19854948352,35,60,50,58,49,0,HOLD,-0.1,-1,False,live,STOCK,55,NEUTRAL,NYSE
2026-09-13T07:57:09.451647+09:00,2026-09-13,LEN,Lennar Corporation,US,소비재,2026-09-11,79.6,3620900,2800270.0,2.2479,19175251968,28,60,60,73,49,1,HOLD,-0.4,-5,False,live,STOCK,32,NEUTRAL,NYSE
2026-09-13T07:57:09.451647+09:00,2026-09-13,ATHS,Athene Holding Ltd. 7.250% Fixe,US,금융,2026-09-11,24.64,108100,38125.0,0.2288,,53,60,58,50,50,0,HOLD,0.06,1,False,live,STOCK,40,NEUTRAL,NYSE
2026-09-13T07:57:09.451647+09:00,2026-09-13,FIS,"Fidelity National Information Services, ",US,IT,2026-09-11,38.14,5204000,5534535.0,1.1609,19713769472,28,60,65,86,51,1,HOLD,-0.26,-3,False,live,STOCK,19,NEUTRAL,NYSE
2026-09-13T07:57:09.451647+09:00,2026-09-13,SBAC,SBA Communications Corporation,US,리츠,2026-09-11,185.47,909500,816330.0,5.0936,19676162048,43,60,63,45,46,0,HOLD,-0.21,-3,False,live,STOCK,34,NEUTRAL,NASDAQ
2026-09-13T07:57:09.451647+09:00,2026-09-13,CDW,CDW Corporation,US,IT,2026-09-11,153.79,1774600,1697335.0,7.0788,19226429440,91,60,60,58,68,1,HOLD,0.94,11,False,live,STOCK,55,NEUTRAL,NASDAQ
2026-09-13T07:57:09.451647+09:00,2026-09-13,CHTR,"Charter Communications, Inc.",US,인터넷,2026-09-11,145.77,2051100,2944115.0,7.77,19646515200,43,65,63,86,62,1,HOLD,0.2,2,False,live,STOCK,55,NEUTRAL,NASDAQ
2026-09-13T07:57:09.451647+09:00,2026-09-13,AMCR,Amcor plc,US,소비재,2026-09-11,42.32,3012300,3392265.0,0.9605,19566469120,39,60,71,84,55,2,HOLD,0.04,0,False,live,STOCK,19,NEUTRAL,NYSE
2026-09-13T07:57:09.451647+09:00,2026-09-13,RCI,Rogers Communications Inc.,US,인터넷,2026-09-11,36.21,832800,956340.0,0.8117,19561555968,43,65,55,86,60,1,HOLD,0.02,0,False,live,STOCK,51,NEUTRAL,NYSE
2026-09-13T07:57:09.451647+09:00,2026-09-13,RIVN,"Rivian Automotive, Inc.",US,소비재,2026-09-11,16.03,18975700,21385125.0,0.6344,23209205760,62,60,60,50,59,0,HOLD,0.33,4,False,live,STOCK,67,NEUTRAL,NASDAQ
2026-09-13T07:57:09.451647+09:00,2026-09-13,SNA,Snap-on Incorporated,US,산업재,2026-09-11,375.44,180400,253780.0,6.5207,19420432384,20,60,45,58,38,0,AVOID,-0.65,-8,True,live,STOCK,26,NEUTRAL,NYSE
2026-09-13T07:57:09.451647+09:00,2026-09-13,BR,"Broadridge Financial Solutions, Inc.",US,IT,2026-09-11,167.74,592600,1122410.0,4.4526,19400523776,39,60,60,68,58,0,HOLD,0.33,4,False,live,STOCK,67,NEUTRAL,NYSE
2026-09-13T07:57:09.451647+09:00,2026-09-13,MTZ,"MasTec, Inc.",US,산업재,2026-09-11,240.41,722600,1430495.0,10.7557,19306110976,37,60,66,58,47,0,HOLD,-0.35,-4,False,live,STOCK,26,NEUTRAL,NYSE
2026-09-13T07:57:09.451647+09:00,2026-09-13,AQNB,Algonquin Power & Utilities Corp.,US,유틸리티,2026-09-11,26.2,10000,22940.0,0.2249,,65,60,55,50,54,0,HOLD,0.23,3,False,live,STOCK,40,NEUTRAL,NYSE
2026-09-13T07:57:09.451647+09:00,2026-09-13,VTRS,Viatris Inc.,US,제약/바이오,2026-09-11,16.51,12174100,7445425.0,0.4314,18963234816,43,65,55,78,57,1,HOLD,0.05,1,False,live,STOCK,48,NEUTRAL,NASDAQ
2026-09-13T07:57:09.451647+09:00,2026-09-13,LUV,Southwest Airlines Co.,US,산업재,2026-09-11,39.24,5379900,4424515.0,1.0584,19196530688,50,60,63,58,51,0,HOLD,-0.16,-2,False,live,STOCK,29,NEUTRAL,NYSE
2026-09-13T07:57:09.451647+09:00,2026-09-13,U,Unity Software Inc.,US,IT,2026-09-11,43.96,7918400,9464360.0,1.6791,19346309120,48,60,53,50,56,1,HOLD,0.4,5,False,live,STOCK,78,NEUTRAL,NYSE
2026-09-13T07:57:09.451647+09:00,2026-09-13,FDXF,"FedEx Freight Holding Company, Inc.",US,산업재,2026-09-11,128.31,1488300,1231875.0,5.0093,19184670720,15,60,78,42,38,1,AVOID,-0.59,-7,True,live,STOCK,26,NEUTRAL,NYSE
2026-09-13T07:57:09.451647+09:00,2026-09-13,DINO,HF Sinclair Corporation,US,에너지,2026-09-11,107.84,2807000,2326845.0,3.8971,19172210688,85,60,63,78,78,3,BUY,1.16,14,False,live,STOCK,83,NEUTRAL,NYSE
2026-09-13T07:57:09.451647+09:00,2026-09-13,WF,Woori Financial Group Inc.,US,금융,2026-09-11,78.87,194200,82680.0,2.1407,19140059136,77,60,60,88,68,2,WATCH,0.68,8,False,live,STOCK,30,NEUTRAL,NYSE
2026-09-13T07:57:09.451647+09:00,2026-09-13,BBY,"Best Buy Co., Inc.",US,소비재,2026-09-11,90.8,3002500,4165070.0,3.81,19043274752,88,60,50,68,72,2,WATCH,0.98,12,False,live,STOCK,77,NEUTRAL,NYSE
2026-09-13T07:57:09.451647+09:00,2026-09-13,GIS,"General Mills, Inc.",US,소매,2026-09-11,35.85,7640900,8544270.0,1.2621,19166466048,39,60,73,73,58,2,HOLD,0.23,3,False,live,STOCK,48,NEUTRAL,NYSE
2026-09-13T07:57:09.451647+09:00,2026-09-13,SOJC,The Southern Company JR 2017B NT 77,US,유틸리티,2026-09-11,19.1,31300,36540.0,0.1947,,28,60,58,60,46,0,HOLD,-0.35,-4,False,live,STOCK,40,NEUTRAL,NYSE
2026-09-13T07:57:09.451647+09:00,2026-09-13,FTAI,FTAI Aviation Ltd.,US,산업재,2026-09-11,186.06,1245900,1218380.0,8.6026,19109681152,15,60,65,34,34,0,AVOID,-0.71,-9,True,live,STOCK,33,NEUTRAL,NASDAQ
2026-09-13T07:57:09.451647+09:00,2026-09-13,PKX,POSCO Holdings Inc.,US,소재,2026-09-11,62.94,191300,208030.0,1.5129,19038285824,80,60,55,58,63,1,HOLD,0.53,6,False,live,STOCK,55,NEUTRAL,NYSE
2026-09-13T07:57:09.451647+09:00,2026-09-13,KSPI,Joint Stock Company Kaspi.kz,US,IT,2026-09-11,99.89,887300,676290.0,3.3853,18981822464,51,60,45,80,63,2,WATCH,0.42,5,False,live,STOCK,72,NEUTRAL,NASDAQ
2026-09-13T07:57:09.451647+09:00,2026-09-13,VIV,Telefônica Brasil S.A.,US,인터넷,2026-09-11,11.85,924000,1493220.0,0.2525,18933966848,72,65,55,84,65,2,WATCH,0.24,3,False,live,STOCK,36,NEUTRAL,NYSE
2026-09-13T07:57:09.451647+09:00,2026-09-13,SSNC,"SS&C Technologies Holdings, Inc.",US,IT,2026-09-11,80.27,1437100,1497350.0,1.6481,18835755008,47,60,60,74,60,1,HOLD,0.42,5,False,live,STOCK,61,NEUTRAL,NASDAQ
2026-09-13T07:57:09.451647+09:00,2026-09-13,EVRG,"Evergy, Inc.",US,유틸리티,2026-09-11,81.62,2262300,2039105.0,1.2029,18818893824,50,60,60,42,49,0,HOLD,0.03,0,False,live,STOCK,47,NEUTRAL,NASDAQ
2026-09-13T07:57:09.451647+09:00,2026-09-13,TSN,"Tyson Foods, Inc.",US,소매,2026-09-11,52.98,3903300,3438540.0,1.3639,18638444544,17,60,68,66,48,0,HOLD,-0.33,-4,False,live,STOCK,47,NEUTRAL,NYSE
2026-09-13T07:57:09.451647+09:00,2026-09-13,BEKE,KE Holdings Inc.,US,리츠,2026-09-11,16.93,4070500,4770265.0,0.5971,18658197504,43,60,55,74,58,1,HOLD,0.09,1,False,live,STOCK,57,NEUTRAL,NYSE
2026-09-13T07:57:09.451647+09:00,2026-09-13,TOST,"Toast, Inc.",US,IT,2026-09-11,32.12,6699800,8250190.0,1.128,18565359616,43,60,50,50,50,0,HOLD,0.18,2,False,live,STOCK,61,NEUTRAL,NYSE
2026-09-13T07:57:09.451647+09:00,2026-09-13,GPC,Genuine Parts Company,US,소비재,2026-09-11,133.68,730900,1026010.0,2.9426,18429091840,51,60,66,43,55,0,HOLD,0.48,6,False,live,STOCK,68,NEUTRAL,NYSE
2026-09-13T07:57:09.451647+09:00,2026-09-13,PAA,"Plains All American Pipeline, L.P.",US,에너지,2026-09-11,26.1,3222700,2576525.0,0.4743,18415284224,81,60,58,66,72,2,WATCH,1.01,12,False,live,STOCK,84,NEUTRAL,NASDAQ
2026-09-13T07:57:09.451647+09:00,2026-09-13,TPG,TPG Inc.,US,금융,2026-09-11,47.69,3136400,2702955.0,1.7446,18626156544,39,60,63,43,50,0,HOLD,0.21,3,False,live,STOCK,63,NEUTRAL,NASDAQ
2026-09-13T07:57:09.451647+09:00,2026-09-13,ITT,ITT Inc.,US,산업재,2026-09-11,204.14,786500,622950.0,5.6949,18339901440,47,60,63,50,53,0,HOLD,0.26,3,False,live,STOCK,58,NEUTRAL,NYSE
2026-09-13T07:57:09.451647+09:00,2026-09-13,IP,International Paper Company,US,소재,2026-09-11,34.36,4586500,3984035.0,1.3014,18196021248,20,60,55,78,45,1,HOLD,-0.5,-6,False,live,STOCK,25,NEUTRAL,NYSE
2026-09-13T07:57:09.451647+09:00,2026-09-13,GEN,Gen Digital Inc.,US,IT,2026-09-11,30.26,4797300,5434120.0,0.8586,18113243136,73,60,53,76,72,3,BUY,0.88,11,False,live,STOCK,83,NEUTRAL,NASDAQ
2026-09-13T07:57:09.451647+09:00,2026-09-13,ZBH,"Zimmer Biomet Holdings, Inc.",US,제약/바이오,2026-09-11,93.49,1876100,1545240.0,2.7307,17832067072,39,65,63,74,58,1,HOLD,0.21,3,False,live,STOCK,60,NEUTRAL,NYSE
2026-09-13T07:57:09.451647+09:00,2026-09-13,SBS,Companhia de Saneamento Básico do Estado,US,유틸리티,2026-09-11,5.29,6872000,10974760.0,0.1614,18602778624,57,60,55,70,59,1,HOLD,0.18,2,False,live,STOCK,50,NEUTRAL,NYSE
2026-09-13T07:57:09.451647+09:00,2026-09-13,MKSI,MKS Inc.,US,IT,2026-09-11,267.31,1247600,1299725.0,10.1805,18074849280,40,60,60,50,47,0,HOLD,-0.3,-4,False,live,STOCK,41,NEUTRAL,NASDAQ
2026-09-13T07:57:09.451647+09:00,2026-09-13,CHRW,"C.H. Robinson Worldwide, Inc.",US,산업재,2026-09-11,152.78,884800,1268670.0,3.8019,17852534784,49,60,55,50,45,0,HOLD,-0.35,-4,False,live,STOCK,23,NEUTRAL,NASDAQ
2026-09-13T07:57:09.451647+09:00,2026-09-13,MGA,Magna International Inc.,US,소비재,2026-09-11,66.13,849400,1164725.0,2.0679,17691086848,40,60,55,74,58,1,HOLD,0.08,1,False,live,STOCK,63,NEUTRAL,NYSE
2026-09-13T07:57:09.451647+09:00,2026-09-13,NWS,News Corporation,US,인터넷,2026-09-11,32.71,987600,1063120.0,0.7068,17544667136,39,65,48,66,56,1,HOLD,0.2,2,False,live,STOCK,72,NEUTRAL,NASDAQ
2026-09-13T07:57:09.451647+09:00,2026-09-13,RBRK,"Rubrik, Inc.",US,IT,2026-09-11,86.65,2989100,3605670.0,6.1812,17835044864,51,60,60,35,43,0,AVOID,0.1,1,True,live,STOCK,26,NEUTRAL,NYSE
2026-09-13T07:57:09.451647+09:00,2026-09-13,NTNX,"Nutanix, Inc.",US,IT,2026-09-11,65.92,1525400,2696115.0,2.4523,17819527168,51,60,60,52,54,0,HOLD,0.35,4,False,live,STOCK,54,NEUTRAL,NASDAQ
2026-09-13T07:57:09.451647+09:00,2026-09-13,EWBC,"East West Bancorp, Inc.",US,금융,2026-09-11,129.17,662300,672150.0,2.29,17697820672,28,60,50,55,39,0,AVOID,-0.53,-6,True,live,STOCK,19,NEUTRAL,NASDAQ
2026-09-13T07:57:09.451647+09:00,2026-09-13,OVV,Ovintiv Inc.,US,에너지,2026-09-11,63.69,2774800,3305780.0,1.7771,17616654336,47,60,55,71,60,1,HOLD,0.37,4,False,live,STOCK,69,NEUTRAL,NYSE
2026-09-13T07:57:09.451647+09:00,2026-09-13,ESS,"Essex Property Trust, Inc.",US,리츠,2026-09-11,272.91,270100,493655.0,4.8307,18810646528,20,60,55,45,43,0,AVOID,-0.35,-4,True,live,STOCK,61,NEUTRAL,NYSE
2026-09-13T07:57:09.451647+09:00,2026-09-13,NDSN,Nordson Corporation,US,산업재,2026-09-11,314.47,267000,432860.0,6.2236,17521623040,44,60,60,58,55,0,HOLD,0.28,3,False,live,STOCK,64,NEUTRAL,NASDAQ
2026-09-13T07:57:09.451647+09:00,2026-09-13,BEN,"Franklin Resources, Inc.",US,금융,2026-09-11,33.65,2205400,3091155.0,0.7479,17096787968,47,60,53,58,52,0,HOLD,0.08,1,False,live,STOCK,48,NEUTRAL,NYSE
2026-09-13T07:57:09.451647+09:00,2026-09-13,FLUT,Flutter Entertainment plc,US,소비재,2026-09-11,100.56,1685900,2351250.0,4.0496,17451091968,65,60,70,60,58,1,HOLD,0.21,3,False,live,STOCK,32,NEUTRAL,NYSE
2026-09-13T07:57:09.451647+09:00,2026-09-13,LNT,Alliant Energy Corporation,US,유틸리티,2026-09-11,67.26,1950300,1959250.0,0.9943,17439490048,53,60,60,42,46,0,HOLD,-0.14,-2,False,live,STOCK,27,NEUTRAL,NASDAQ
2026-09-13T07:57:09.451647+09:00,2026-09-13,WCC,"WESCO International, Inc.",US,산업재,2026-09-11,356.32,467500,496135.0,11.4763,17364492288,80,60,50,58,65,1,HOLD,0.62,7,False,live,STOCK,69,NEUTRAL,NYSE
2026-09-13T07:57:09.451647+09:00,2026-09-13,TSCO,Tractor Supply Company,US,소비재,2026-09-11,33.01,8143800,8465005.0,1.0107,17199534080,47,60,75,60,58,1,HOLD,0.37,4,False,live,STOCK,54,NEUTRAL,NASDAQ
2026-09-13T07:57:09.451647+09:00,2026-09-13,DD,"DuPont de Nemours, Inc.",US,소재,2026-09-11,126.99,862400,1183335.0,2.936,17146114048,20,60,37,58,36,0,AVOID,-0.86,-10,True,live,STOCK,26,NEUTRAL,NYSE
2026-09-13T07:57:09.451647+09:00,2026-09-13,CLH,"Clean Harbors, Inc.",US,산업재,2026-09-11,322.82,241000,405940.0,6.0114,17040780288,91,60,55,58,71,2,WATCH,1.01,12,False,live,STOCK,77,NEUTRAL,NYSE
2026-09-13T07:57:09.451647+09:00,2026-09-13,BIP,Brookfield Infrastructure Partners L.P.,US,유틸리티,2026-09-11,36.88,617600,685195.0,0.799,29202505728,25,60,55,37,40,0,AVOID,-0.36,-4,True,live,STOCK,52,NEUTRAL,NYSE
2026-09-13T07:57:09.451647+09:00,2026-09-13,CNH,CNH Industrial N.V.,US,산업재,2026-09-11,13.58,16282400,25074620.0,0.5843,21838794752,95,60,55,58,74,2,WATCH,1.16,14,False,live,STOCK,86,NEUTRAL,NYSE
2026-09-13T07:57:09.451647+09:00,2026-09-13,SITM,SiTime Corporation,US,반도체,2026-09-11,635.66,380000,351750.0,34.1112,19114954752,80,65,55,30,57,1,HOLD,0.34,4,False,live,STOCK,65,NEUTRAL,NASDAQ
2026-09-13T07:57:09.451647+09:00,2026-09-13,J,Jacobs Solutions Inc.,US,산업재,2026-09-11,141.85,511100,806670.0,2.9043,16749773824,39,60,60,58,53,0,HOLD,0.22,3,False,live,STOCK,61,NEUTRAL,NYSE
2026-09-13T07:57:09.451647+09:00,2026-09-13,WIT,Wipro Limited,US,IT,2026-09-11,1.69,7121500,8578420.0,0.055,16719220736,10,60,50,68,39,0,AVOID,-0.86,-10,True,live,STOCK,26,NEUTRAL,NYSE
2026-09-13T07:57:09.451647+09:00,2026-09-13,ROL,"Rollins, Inc.",US,산업재,2026-09-11,34.73,3265200,4281870.0,0.8136,16710179840,32,60,55,42,37,0,AVOID,-0.66,-8,True,live,STOCK,17,NEUTRAL,NYSE
2026-09-13T07:57:09.451647+09:00,2026-09-13,ZBRA,Zebra Technologies Corporation,US,IT,2026-09-11,350.37,583300,561345.0,10.5486,16689311744,48,60,55,66,55,0,HOLD,0.27,3,False,live,STOCK,48,NEUTRAL,NASDAQ
2026-09-13T07:57:09.451647+09:00,2026-09-13,NVR,"NVR, Inc.",US,소비재,2026-09-11,6160.7598,37200,34375.0,134.4758,16417562624,28,60,65,63,46,0,HOLD,-0.32,-4,False,live,STOCK,26,NEUTRAL,NYSE
2026-09-13T07:57:09.451647+09:00,2026-09-13,DUKB,Duke Energy Corporation 5.625%,US,유틸리티,2026-09-11,21.34,33500,42020.0,0.3071,,20,60,58,50,41,0,AVOID,-0.53,-6,True,live,STOCK,40,NEUTRAL,NYSE
2026-09-13T07:57:09.451647+09:00,2026-09-13,BSAC,Banco Santander-Chile,US,금융,2026-09-11,35.19,172100,282720.0,0.8143,16578547712,47,60,55,60,57,1,HOLD,0.3,4,False,live,STOCK,70,NEUTRAL,NYSE
2026-09-13T07:57:09.451647+09:00,2026-09-13,IEX,IDEX Corporation,US,산업재,2026-09-11,224.21,338200,536555.0,4.7114,16528738304,40,60,66,58,53,0,HOLD,0.12,1,False,live,STOCK,54,NEUTRAL,NYSE
2026-09-13T07:57:09.451647+09:00,2026-09-13,NWSA,News Corporation,US,인터넷,2026-09-11,29.44,3480200,3609405.0,0.6027,15790737408,44,65,58,66,60,1,HOLD,0.43,5,False,live,STOCK,75,NEUTRAL,NASDAQ
2026-09-13T07:57:09.451647+09:00,2026-09-13,JHX,James Hardie Industries plc,US,소재,2026-09-11,28.47,9737500,6735730.0,0.8621,16527474688,47,60,48,51,49,0,HOLD,0.13,2,False,live,STOCK,48,NEUTRAL,NYSE
2026-09-13T07:57:09.451647+09:00,2026-09-13,FTV,Fortive Corporation,US,IT,2026-09-11,54.69,1253800,2132215.0,1.1113,16672848896,20,60,63,74,45,1,HOLD,-0.51,-6,False,live,STOCK,23,NEUTRAL,NYSE
2026-09-13T07:57:09.451647+09:00,2026-09-13,OWL,Blue Owl Capital Inc.,US,금융,2026-09-11,10.56,15394000,18207635.0,0.4097,16549173248,47,60,56,59,54,0,HOLD,0.23,3,False,live,STOCK,54,NEUTRAL,NYSE
2026-09-13T07:57:09.451647+09:00,2026-09-13,NLY,"Annaly Capital Management, Inc.",US,리츠,2026-09-11,21.9,8349800,6299310.0,0.3279,16506345472,35,60,63,65,46,0,HOLD,-0.2,-2,False,live,STOCK,19,NEUTRAL,NYSE
2026-09-13T07:57:09.451647+09:00,2026-09-13,LSCC,Lattice Semiconductor Corporation,US,반도체,2026-09-11,119.76,1499500,1234765.0,4.3514,16975886336,55,65,55,43,48,0,HOLD,-0.2,-2,False,live,STOCK,36,NEUTRAL,NASDAQ
2026-09-13T07:57:09.451647+09:00,2026-09-13,MEDP,"Medpace Holdings, Inc.",US,제약/바이오,2026-09-11,587.52,159100,195040.0,13.3259,16398656512,40,65,45,42,41,0,AVOID,-0.1,-1,True,live,STOCK,39,NEUTRAL,NASDAQ
2026-09-13T07:57:09.451647+09:00,2026-09-13,ASND,Ascendis Pharma A/S,US,제약/바이오,2026-09-11,263.515,443600,522520.0,8.0614,17334904832,95,65,70,42,66,2,WATCH,1.05,13,False,live,STOCK,55,NEUTRAL,NASDAQ
2026-09-13T07:57:09.451647+09:00,2026-09-13,APG,APi Group Corporation,US,산업재,2026-09-11,37.86,3538000,3192830.0,1.3655,16361588736,20,60,45,50,44,0,AVOID,-0.49,-6,True,live,STOCK,68,NEUTRAL,NYSE
2026-09-13T07:57:09.451647+09:00,2026-09-13,INVH,Invitation Homes Inc.,US,리츠,2026-09-11,27.54,6086100,3957905.0,0.4471,16265763840,20,60,60,53,38,0,AVOID,-0.6,-7,True,live,STOCK,20,NEUTRAL,NYSE
2026-09-13T07:57:09.451647+09:00,2026-09-13,ZTO,ZTO Express (Cayman) Inc.,US,산업재,2026-09-11,20.61,2256400,1950805.0,0.3399,15574713344,25,60,55,78,48,1,HOLD,-0.47,-6,False,live,STOCK,30,NEUTRAL,NYSE
2026-09-13T07:57:09.451647+09:00,2026-09-13,RGA,"Reinsurance Group of America, Incorporat",US,금융,2026-09-11,248.72,307300,314120.0,4.4057,16241829888,69,60,63,86,71,1,HOLD,0.81,10,False,live,STOCK,61,NEUTRAL,NYSE
2026-09-13T07:57:09.451647+09:00,2026-09-13,AS,"Amer Sports, Inc.",US,소비재,2026-09-11,28.07,7369200,8460415.0,1.0354,16331744256,10,60,50,66,39,0,AVOID,-0.85,-10,True,live,STOCK,29,NEUTRAL,NYSE
2026-09-13T07:57:09.451647+09:00,2026-09-13,LDOS,"Leidos Holdings, Inc.",US,IT,2026-09-11,128.86,1226400,1146410.0,3.8086,16208714752,39,60,50,68,53,0,HOLD,0.02,0,False,live,STOCK,54,NEUTRAL,NYSE
2026-09-13T07:57:09.451647+09:00,2026-09-13,TIGO,Millicom International Cellular S.A.,US,인터넷,2026-09-11,96.68,460500,952075.0,2.6121,16214202368,72,65,60,74,69,2,WATCH,0.66,8,False,live,STOCK,66,NEUTRAL,NASDAQ
2026-09-13T07:57:09.451647+09:00,2026-09-13,VNOM,"Viper Energy, Inc.",US,에너지,2026-09-11,44.71,890800,1282295.0,0.8546,16059602944,58,60,55,60,56,0,HOLD,0.22,3,False,live,STOCK,48,NEUTRAL,NASDAQ
2026-09-13T07:57:09.451647+09:00,2026-09-13,CCZ,Comcast Holdings Corp.,US,인터넷,2026-09-11,64.67,0,35.0,0.1271,,32,65,55,42,41,0,AVOID,-0.27,-3,True,live,STOCK,40,NEUTRAL,NYSE
2026-09-13T07:57:09.451647+09:00,2026-09-13,JLL,Jones Lang LaSalle Incorporated,US,리츠,2026-09-11,346.97,279100,308330.0,11.4493,15963292672,39,60,53,84,57,1,HOLD,0.18,2,False,live,STOCK,48,NEUTRAL,NYSE
2026-09-13T07:57:09.451647+09:00,2026-09-13,BALL,Ball Corporation,US,소비재,2026-09-11,59.9,2777600,1711335.0,1.1099,15948166144,24,60,55,68,41,0,AVOID,-0.46,-6,True,live,STOCK,10,NEUTRAL,NYSE
2026-09-13T07:57:09.451647+09:00,2026-09-13,WY,Weyerhaeuser Company,US,리츠,2026-09-11,22.06,5084100,4853415.0,0.4559,15899436032,20,60,60,50,38,0,AVOID,-0.62,-7,True,live,STOCK,26,NEUTRAL,NYSE
2026-09-13T07:57:09.451647+09:00,2026-09-13,APA,APA Corporation,US,에너지,2026-09-11,44.73,4255100,5036155.0,1.44,15671223296,73,60,60,78,72,3,BUY,0.9,11,False,live,STOCK,75,NEUTRAL,NASDAQ
2026-09-13T07:57:09.451647+09:00,2026-09-13,WPC,W. P. Carey Inc.,US,리츠,2026-09-11,69.12,1133400,1099490.0,0.9579,15746703360,28,60,60,58,42,0,AVOID,-0.48,-6,True,live,STOCK,23,NEUTRAL,NYSE
2026-09-13T07:57:09.451647+09:00,2026-09-13,FUTU,Futu Holdings Limited,US,금융,2026-09-11,112.73,639200,1432800.0,4.4421,15804126208,44,60,60,70,61,2,WATCH,0.44,5,False,live,STOCK,72,NEUTRAL,NASDAQ
2026-09-13T07:57:09.451647+09:00,2026-09-13,NBIX,"Neurocrine Biosciences, Inc.",US,제약/바이오,2026-09-11,156.22,890900,1034450.0,4.2593,15879635968,72,65,63,66,63,1,HOLD,0.45,5,False,live,STOCK,47,NEUTRAL,NASDAQ
2026-09-13T07:57:09.451647+09:00,2026-09-13,STRL,"Sterling Infrastructure, Inc.",US,산업재,2026-09-11,511.04,468100,538820.0,24.3979,15631956992,55,60,55,58,54,0,HOLD,-0.08,-1,False,live,STOCK,46,NEUTRAL,NASDAQ
2026-09-13T07:57:09.451647+09:00,2026-09-13,KEP,Korea Electric Power Corporation,US,유틸리티,2026-09-11,12.21,1017400,1014090.0,0.3579,15676763136,72,60,58,96,68,2,WATCH,0.35,4,False,live,STOCK,29,NEUTRAL,NYSE
2026-09-13T07:57:09.451647+09:00,2026-09-13,RBC,RBC Bearings Incorporated,US,산업재,2026-09-11,494.83,359600,252945.0,13.1436,15665943552,40,60,63,50,45,0,HOLD,-0.36,-4,False,live,STOCK,27,NEUTRAL,NYSE
2026-09-13T07:57:09.451647+09:00,2026-09-13,KIM,Kimco Realty Corporation,US,리츠,2026-09-11,23.19,13001400,4940570.0,0.3229,15555605504,28,60,63,53,41,0,AVOID,-0.5,-6,True,live,STOCK,20,NEUTRAL,NYSE
2026-09-13T07:57:09.451647+09:00,2026-09-13,IREN,IREN Limited,US,IT,2026-09-11,43.83,28985500,42527135.0,2.9204,17271590912,63,60,73,45,54,1,HOLD,0.09,1,False,live,STOCK,33,NEUTRAL,NASDAQ
2026-09-13T07:57:09.451647+09:00,2026-09-13,STLA,Stellantis N.V.,US,소비재,2026-09-11,5.4,23889800,20438840.0,0.1693,15665083392,55,60,53,80,59,1,HOLD,-0.07,-1,False,live,STOCK,39,NEUTRAL,NYSE
2026-09-13T07:57:09.451647+09:00,2026-09-13,SMTC,Semtech Corporation,US,반도체,2026-09-11,167.24,2630700,3478610.0,10.5936,15607778304,69,65,53,35,60,1,HOLD,0.54,6,False,live,STOCK,91,NEUTRAL,NASDAQ
2026-09-13T07:57:09.451647+09:00,2026-09-13,RBA,"RB Global, Inc.",US,산업재,2026-09-11,83.6,2213100,1953980.0,2.2853,15574679552,40,60,72,66,52,1,HOLD,-0.19,-2,False,live,STOCK,30,NEUTRAL,NYSE
2026-09-13T07:57:09.451647+09:00,2026-09-13,RZC,"Reinsurance Group of America, Incorporat",US,금융,2026-09-11,25.61,82500,49945.0,0.1334,,58,60,55,50,51,0,HOLD,0.12,1,False,live,STOCK,40,NEUTRAL,NYSE
2026-09-13T07:57:09.451647+09:00,2026-09-13,AKAM,"Akamai Technologies, Inc.",US,IT,2026-09-11,106.79,3688400,2957750.0,4.3671,15347496960,40,60,60,58,47,0,HOLD,-0.35,-4,False,live,STOCK,29,NEUTRAL,NASDAQ
2026-09-13T07:57:09.451647+09:00,2026-09-13,CX,"CEMEX, S.A.B. de C.V.",US,소재,2026-09-11,10.69,3703900,5457220.0,0.2457,15425161216,37,60,63,74,51,1,HOLD,-0.33,-4,False,live,STOCK,26,NEUTRAL,NYSE
2026-09-13T07:57:09.451647+09:00,2026-09-13,H,Hyatt Hotels Corporation,US,소비재,2026-09-11,163.07,761000,671485.0,4.4606,15367185408,7,60,53,43,30,0,AVOID,-0.98,-12,True,live,STOCK,23,NEUTRAL,NYSE
2026-09-13T07:57:09.451647+09:00,2026-09-13,CRBG,"Corebridge Financial, Inc.",US,금융,2026-09-11,34.67,3785100,3150765.0,0.7425,15454931968,85,60,53,58,66,1,HOLD,0.83,10,False,live,STOCK,61,NEUTRAL,NYSE
2026-09-13T07:57:09.451647+09:00,2026-09-13,JAZZ,Jazz Pharmaceuticals plc,US,제약/바이오,2026-09-11,245.8,422900,996115.0,7.4329,15956002816,32,65,43,84,57,1,HOLD,0.01,0,False,live,STOCK,69,NEUTRAL,NASDAQ
2026-09-13T07:57:09.451647+09:00,2026-09-13,ARMK,Aramark,US,산업재,2026-09-11,58.55,2854100,2226580.0,1.0643,15435245568,47,60,55,58,48,0,HOLD,-0.02,0,False,live,STOCK,26,NEUTRAL,NYSE
2026-09-13T07:57:09.451647+09:00,2026-09-13,INIO,INNIO N.V. Ordinary Shares,US,산업재,2026-09-11,20.35,2919600,3603380.0,1.3393,15262499840,37,60,70,35,40,1,AVOID,-0.43,-5,True,live,STOCK,20,NEUTRAL,NASDAQ
2026-09-13T07:57:09.451647+09:00,2026-09-13,CG,The Carlyle Group Inc.,US,금융,2026-09-11,42.34,4251700,3283445.0,1.3586,15087130624,35,60,55,58,48,0,HOLD,-0.23,-3,False,live,STOCK,48,NEUTRAL,NASDAQ
2026-09-13T07:57:09.451647+09:00,2026-09-13,HST,"Host Hotels & Resorts, Inc.",US,리츠,2026-09-11,22.24,5703600,7557500.0,0.3764,15450716160,47,60,63,63,53,0,HOLD,-0.03,0,False,live,STOCK,39,NEUTRAL,NASDAQ
2026-09-13T07:57:09.451647+09:00,2026-09-13,SOLV,Solventum Corporation,US,제약/바이오,2026-09-11,87.45,774400,948995.0,2.0301,14886064128,47,65,58,70,57,1,HOLD,0.27,3,False,live,STOCK,52,NEUTRAL,NYSE
2026-09-13T07:57:09.451647+09:00,2026-09-13,COKE,"Coca-Cola Consolidated, Inc.",US,소매,2026-09-11,192.61,701600,431115.0,6.0536,12820948992,58,60,45,53,56,1,HOLD,0.25,3,False,live,STOCK,71,NEUTRAL,NASDAQ
2026-09-13T07:57:09.451647+09:00,2026-09-13,LAMR,Lamar Advertising Company,US,리츠,2026-09-11,149.08,370900,463960.0,2.2386,15139026944,28,60,65,42,45,0,HOLD,-0.18,-2,False,live,STOCK,55,NEUTRAL,NASDAQ
2026-09-13T07:57:09.451647+09:00,2026-09-13,PTC,PTC Inc.,US,IT,2026-09-11,130.78,1669700,1315370.0,5.055,14190448640,39,60,63,68,56,0,HOLD,0.27,3,False,live,STOCK,54,NEUTRAL,NASDAQ
2026-09-13T07:57:09.451647+09:00,2026-09-13,AGI,Alamos Gold Inc.,US,소재,2026-09-11,35.92,2573900,3694675.0,1.3873,15036272640,43,60,55,60,56,0,HOLD,0.15,2,False,live,STOCK,69,NEUTRAL,NYSE
2026-09-13T07:57:09.451647+09:00,2026-09-13,PS,Pershing Square Inc.,US,금융,2026-09-11,37.67,264700,261030.0,2.7693,15067999232,47,60,65,42,52,0,HOLD,0.33,4,False,live,STOCK,61,NEUTRAL,NYSE
2026-09-13T07:57:09.451647+09:00,2026-09-13,EMA,Emera Incorporated,US,유틸리티,2026-09-11,49.19,322500,360450.0,0.6779,15108709376,28,60,55,42,39,0,AVOID,-0.48,-6,True,live,STOCK,33,NEUTRAL,NYSE
2026-09-13T07:57:09.451647+09:00,2026-09-13,BURL,"Burlington Stores, Inc.",US,소비재,2026-09-11,239.04,1332100,1712840.0,12.0157,15015344128,10,60,48,58,36,0,AVOID,-0.9,-11,True,live,STOCK,29,NEUTRAL,NYSE
2026-09-13T07:57:09.451647+09:00,2026-09-13,GIB,CGI Inc.,US,IT,2026-09-11,70.21,356100,362095.0,1.7771,14538764288,47,60,60,76,59,1,HOLD,0.23,3,False,live,STOCK,51,NEUTRAL,NYSE
2026-09-13T07:57:09.451647+09:00,2026-09-13,PNFP,"Pinnacle Financial Partners, Inc.",US,금융,2026-09-11,99.27,983600,893605.0,2.28,15000950784,25,60,55,68,50,0,HOLD,-0.16,-2,False,live,STOCK,54,NEUTRAL,NYSE
2026-09-13T07:57:09.451647+09:00,2026-09-13,GFL,GFL Environmental Inc.,US,산업재,2026-09-11,42.85,2988700,2305080.0,1.2554,15464150016,62,60,55,42,53,0,HOLD,0.43,5,False,live,STOCK,55,NEUTRAL,NYSE
2026-09-13T07:57:09.451647+09:00,2026-09-13,UNM,Unum Group,US,금융,2026-09-11,94.42,1959300,1300285.0,2.14,14947328000,87,60,63,50,68,1,HOLD,0.82,10,False,live,STOCK,69,NEUTRAL,NYSE
2026-09-13T07:57:09.451647+09:00,2026-09-13,TRU,TransUnion,US,금융,2026-09-11,77.7,1651700,1917360.0,2.7511,14887319552,39,60,48,66,54,0,HOLD,0.19,2,False,live,STOCK,65,NEUTRAL,NYSE
2026-09-13T07:57:09.451647+09:00,2026-09-13,DT,"Dynatrace, Inc.",US,IT,2026-09-11,51.07,4969700,6662860.0,1.7811,14759337984,73,60,60,43,62,2,WATCH,0.8,10,False,live,STOCK,78,NEUTRAL,NYSE
2026-09-13T07:57:09.451647+09:00,2026-09-13,FN,Fabrinet,US,IT,2026-09-11,414.58,466900,1033655.0,16.5686,14856417280,40,60,45,50,43,0,AVOID,-0.51,-6,True,live,STOCK,33,NEUTRAL,NYSE
2026-09-13T07:57:09.451647+09:00,2026-09-13,WMG,Warner Music Group Corp.,US,인터넷,2026-09-11,28.33,1711400,1742675.0,0.7944,14819699712,80,65,53,58,65,1,HOLD,0.6,7,False,live,STOCK,66,NEUTRAL,NASDAQ
2026-09-13T07:57:09.451647+09:00,2026-09-13,YUMC,"Yum China Holdings, Inc.",US,소비재,2026-09-11,42.32,1313300,1479695.0,1.0909,14376436736,35,60,53,76,54,1,HOLD,-0.16,-2,False,live,STOCK,48,NEUTRAL,NYSE
2026-09-13T07:57:09.451647+09:00,2026-09-13,ECHO,EchoStar Corporation,US,인터넷,2026-09-11,93.14,1815000,2558160.0,2.6243,27056306176,59,65,48,62,55,0,HOLD,-0.08,-1,False,live,STOCK,46,NEUTRAL,NASDAQ
2026-09-13T07:57:09.451647+09:00,2026-09-13,PFGC,Performance Food Group Co,US,소매,2026-09-11,93.94,1054200,1437655.0,2.123,14755387392,20,60,43,58,36,0,AVOID,-0.81,-10,True,live,STOCK,20,NEUTRAL,NYSE
2026-09-13T07:57:09.451647+09:00,2026-09-13,LOGI,Logitech International S.A.,US,IT,2026-09-11,102.7,994200,726300.0,2.5121,14705441792,69,60,60,50,62,1,HOLD,0.43,5,False,live,STOCK,73,NEUTRAL,NASDAQ
2026-09-13T07:57:09.451647+09:00,2026-09-13,LTM,LATAM Airlines Group S.A.,US,산업재,2026-09-11,51.29,746700,849480.0,1.4804,15014837248,50,60,53,70,50,1,HOLD,-0.18,-2,False,live,STOCK,17,NEUTRAL,NYSE
2026-09-13T07:57:09.451647+09:00,2026-09-13,TLK,Perusahaan Perseroan (Persero) PT Teleko,US,인터넷,2026-09-11,14.94,514000,524775.0,0.225,14727992320,73,65,55,73,67,2,WATCH,0.55,7,False,live,STOCK,59,NEUTRAL,NYSE
2026-09-13T07:57:09.451647+09:00,2026-09-13,EG,"Everest Group, Ltd.",US,금융,2026-09-11,371.71,323800,298280.0,7.313,14252378112,32,60,63,100,57,1,HOLD,0.02,0,False,live,STOCK,25,NEUTRAL,NYSE
2026-09-13T07:57:09.451647+09:00,2026-09-13,EQH,"Equitable Holdings, Inc.",US,금융,2026-09-11,53.34,2397300,2275450.0,1.1528,14549327872,85,60,56,62,70,2,WATCH,0.95,11,False,live,STOCK,72,NEUTRAL,NYSE
2026-09-13T07:57:09.451647+09:00,2026-09-13,SKM,"SK Telecom Co.,Ltd",US,인터넷,2026-09-11,37.87,775000,1828455.0,1.0093,14537915392,40,65,55,74,58,1,HOLD,0.07,1,False,live,STOCK,63,NEUTRAL,NYSE
2026-09-13T07:57:09.451647+09:00,2026-09-13,MAA,"Mid-America Apartment Communities, Inc.",US,리츠,2026-09-11,124.79,1046900,828845.0,2.02,14890771456,20,60,66,53,40,0,AVOID,-0.53,-6,True,live,STOCK,26,NEUTRAL,NYSE
2026-09-13T07:57:09.451647+09:00,2026-09-13,UNMA,Unum Group 6.250% JR NT58,US,금융,2026-09-11,21.45,8800,23055.0,0.3392,,80,60,55,80,67,2,WATCH,0.47,6,False,live,STOCK,40,NEUTRAL,NYSE
2026-09-13T07:57:09.451647+09:00,2026-09-13,DOCN,"DigitalOcean Holdings, Inc.",US,IT,2026-09-11,122.95,2444200,2346875.0,8.1881,14373850112,62,60,53,26,47,0,HOLD,-0.07,-1,False,live,STOCK,52,NEUTRAL,NYSE
2026-09-13T07:57:09.451647+09:00,2026-09-13,ULS,UL Solutions Inc.,US,산업재,2026-09-11,71.25,679900,493145.0,1.6237,14361372672,40,60,48,42,38,0,AVOID,-0.6,-7,True,live,STOCK,20,NEUTRAL,NYSE
2026-09-13T07:57:09.451647+09:00,2026-09-13,IVZ,Invesco Ltd.,US,금융,2026-09-11,32.28,3286700,3438175.0,0.8986,14251612160,47,60,50,86,62,1,HOLD,0.33,4,False,live,STOCK,61,NEUTRAL,NYSE
2026-09-13T07:57:09.451647+09:00,2026-09-13,TKO,"TKO Group Holdings, Inc.",US,인터넷,2026-09-11,190.31,833700,1014175.0,5.3457,36019916800,65,65,53,43,55,0,HOLD,0.22,3,False,live,STOCK,62,NEUTRAL,NYSE
2026-09-13T07:57:09.451647+09:00,2026-09-13,BMNR,"Bitmine Immersion Technologies, Inc.",US,금융,2026-09-11,25.03,62751600,46041795.0,1.8682,15098756096,66,60,63,42,62,1,HOLD,0.78,9,False,live,STOCK,86,NEUTRAL,NYSE
2026-09-13T07:57:09.451647+09:00,2026-09-13,TU,Telus Corp,US,인터넷,2026-09-11,9.1,5355400,5414845.0,0.1949,14332500992,10,65,50,63,36,0,AVOID,-0.9,-11,True,live,STOCK,23,NEUTRAL,NYSE
2026-09-13T07:57:09.451647+09:00,2026-09-13,TLN,Talen Energy Corporation,US,유틸리티,2026-09-11,312.74,351800,821090.0,11.2525,14984705024,50,60,63,70,55,1,HOLD,-0.1,-1,False,live,STOCK,32,NEUTRAL,NASDAQ
2026-09-13T07:57:09.451647+09:00,2026-09-13,BBIO,"BridgeBio Pharma, Inc.",US,제약/바이오,2026-09-11,72.44,1766600,1995675.0,2.274,14161512448,24,65,48,27,34,0,AVOID,-0.39,-5,True,live,STOCK,45,NEUTRAL,NASDAQ
2026-09-13T07:57:09.451647+09:00,2026-09-13,PAG,"Penske Automotive Group, Inc.",US,소비재,2026-09-11,215.91,414300,298360.0,2.7207,14177270784,54,60,61,60,58,0,HOLD,0.48,6,False,live,STOCK,60,NEUTRAL,NYSE
2026-09-13T07:57:09.451647+09:00,2026-09-13,ARCC,Ares Capital Corporation,US,금융,2026-09-11,19.74,4319400,3753575.0,0.2221,14173770752,47,60,58,71,57,1,HOLD,0.17,2,False,live,STOCK,48,NEUTRAL,NASDAQ
2026-09-13T07:57:09.451647+09:00,2026-09-13,SUI,"Sun Communities, Inc.",US,리츠,2026-09-11,114.48,712000,2130625.0,2.2486,14637505536,20,60,63,46,44,0,AVOID,-0.37,-4,True,live,STOCK,57,NEUTRAL,NYSE
2026-09-13T07:57:09.451647+09:00,2026-09-13,EXEL,"Exelixis, Inc.",US,제약/바이오,2026-09-11,56.12,2916900,2094885.0,1.6243,13905508352,91,65,66,76,80,3,STRONG_BUY,1.15,14,True,live,STOCK,84,NEUTRAL,NASDAQ
2026-09-13T07:57:09.451647+09:00,2026-09-13,KKRS,KKR Group Finance Co. IX LLC 4.,US,금융,2026-09-11,15.84,18900,26610.0,0.1964,,31,60,58,50,44,0,AVOID,-0.27,-3,True,live,STOCK,40,NEUTRAL,NYSE
2026-09-13T07:57:09.451647+09:00,2026-09-13,OHI,"Omega Healthcare Investors, Inc.",US,리츠,2026-09-11,46.99,3068000,1800645.0,0.8979,14820423680,65,60,63,55,60,0,HOLD,0.45,5,False,live,STOCK,55,NEUTRAL,NYSE
2026-09-13T07:57:09.451647+09:00,2026-09-13,SGI,Somnigroup International Inc,US,소비재,2026-09-11,66.76,2148100,3843360.0,2.4671,14044000256,72,60,68,66,61,1,HOLD,0.31,4,False,live,STOCK,29,NEUTRAL,NYSE
2026-09-13T07:57:09.451647+09:00,2026-09-13,AIZN,"Assurant, Inc. 5.25% Subordinat",US,금융,2026-09-11,18.0,16300,11970.0,0.3586,,20,60,55,50,40,0,AVOID,-0.49,-6,True,live,STOCK,40,NEUTRAL,NYSE
2026-09-13T07:57:09.451647+09:00,2026-09-13,SMMT,Summit Therapeutics Inc.,US,제약/바이오,2026-09-11,17.55,4275200,6541005.0,1.0136,14000505856,73,65,66,42,64,2,WATCH,0.87,10,False,live,STOCK,80,NEUTRAL,NASDAQ
2026-09-13T07:57:09.451647+09:00,2026-09-13,DOC,"Healthpeak Properties, Inc.",US,리츠,2026-09-11,20.3,3570700,4144855.0,0.37,14391628800,20,60,55,45,44,0,AVOID,-0.27,-3,True,live,STOCK,67,NEUTRAL,NYSE
2026-09-13T07:57:09.451647+09:00,2026-09-13,AIZ,"Assurant, Inc.",US,금융,2026-09-11,282.46,267900,304350.0,4.618,13931991040,47,60,63,68,52,0,HOLD,0.1,1,False,live,STOCK,25,NEUTRAL,NYSE
2026-09-13T07:57:09.451647+09:00,2026-09-13,ONTO,Onto Innovation Inc.,US,반도체,2026-09-11,281.26,796700,894835.0,13.8009,17191577600,28,65,63,51,42,0,AVOID,-0.48,-6,True,live,STOCK,30,NEUTRAL,NYSE
2026-09-13T07:57:09.451647+09:00,2026-09-13,TXT,Textron Inc.,US,산업재,2026-09-11,81.0,1751700,1563040.0,1.6775,14085007360,50,60,63,76,56,1,HOLD,-0.11,-1,False,live,STOCK,26,NEUTRAL,NYSE
2026-09-13T07:57:09.451647+09:00,2026-09-13,AEFC,Aegon Funding Company LLC,US,금융,2026-09-11,17.9,56000,77560.0,0.2539,,57,60,55,50,51,0,HOLD,0.03,0,False,live,STOCK,40,NEUTRAL,NYSE
2026-09-13T07:57:09.451647+09:00,2026-09-13,RVTY,"Revvity, Inc.",US,제약/바이오,2026-09-11,124.31,1151500,1578755.0,3.7064,13871304704,51,65,58,58,60,1,HOLD,0.54,6,False,live,STOCK,81,NEUTRAL,NYSE
2026-09-13T07:57:09.451647+09:00,2026-09-13,ALB,Albemarle Corporation,US,소재,2026-09-11,117.52,2391500,2229455.0,5.8086,13867954176,25,60,63,59,47,0,HOLD,-0.4,-5,False,live,STOCK,47,NEUTRAL,NYSE
2026-09-13T07:57:09.451647+09:00,2026-09-13,EMBJ,Embraer S.A.,US,산업재,2026-09-11,75.49,757200,1171090.0,1.9143,13434066944,66,60,55,61,61,0,HOLD,0.59,7,False,live,STOCK,60,NEUTRAL,NYSE
2026-09-13T07:57:09.451647+09:00,2026-09-13,MKC,"McCormick & Company, Incorporated",US,소매,2026-09-11,51.32,3128500,2533520.0,1.2807,13797462016,39,60,63,78,58,1,HOLD,0.17,2,False,live,STOCK,52,NEUTRAL,NYSE
2026-09-13T07:57:09.451647+09:00,2026-09-13,LECO,"Lincoln Electric Holdings, Inc.",US,산업재,2026-09-11,253.06,375900,460690.0,9.0521,13793226752,35,60,53,50,49,0,HOLD,-0.1,-1,False,live,STOCK,64,NEUTRAL,NASDAQ
2026-09-13T07:57:09.451647+09:00,2026-09-13,TYL,"Tyler Technologies, Inc.",US,IT,2026-09-11,336.67,521000,962815.0,13.3336,13787402240,47,60,60,50,51,0,HOLD,0.24,3,False,live,STOCK,51,NEUTRAL,NYSE
2026-09-13T07:57:09.451647+09:00,2026-09-13,IESC,"IES Holdings, Inc.",US,산업재,2026-09-11,345.71,225200,276860.0,18.7864,13776098304,80,60,50,42,60,1,HOLD,0.41,5,False,live,STOCK,67,NEUTRAL,NASDAQ
2026-09-13T07:57:09.451647+09:00,2026-09-13,BWXT,"BWX Technologies, Inc.",US,산업재,2026-09-11,150.12,764300,1094775.0,5.7207,13754292224,40,60,45,50,41,0,AVOID,-0.56,-7,True,live,STOCK,26,NEUTRAL,NYSE
2026-09-13T07:57:09.451647+09:00,2026-09-13,CACI,CACI International Inc,US,IT,2026-09-11,621.17,271600,246780.0,18.4357,13727605760,47,60,55,53,53,0,HOLD,0.3,4,False,live,STOCK,61,NEUTRAL,NYSE
2026-09-13T07:57:09.451647+09:00,2026-09-13,IONQ,"IonQ, Inc.",US,IT,2026-09-11,36.75,15329000,18523610.0,2.3741,14888734720,33,60,53,50,40,0,AVOID,-0.6,-7,True,live,STOCK,23,NEUTRAL,NYSE
2026-09-13T07:57:09.451647+09:00,2026-09-13,BWA,BorgWarner Inc.,US,소비재,2026-09-11,66.65,1489800,1754385.0,1.705,13574363136,80,60,63,74,65,2,WATCH,0.36,4,False,live,STOCK,29,NEUTRAL,NYSE
2026-09-13T07:57:09.451647+09:00,2026-09-13,AEG,Aegon Ltd.,US,금융,2026-09-11,9.06,6814200,4436370.0,0.1249,13408715776,69,60,50,57,58,0,HOLD,0.44,5,False,live,STOCK,51,NEUTRAL,NYSE
2026-09-13T07:57:09.451647+09:00,2026-09-13,REG,Regency Centers Corporation,US,리츠,2026-09-11,74.62,1619000,1135755.0,0.9404,13950861312,50,60,63,58,50,0,HOLD,-0.08,-1,False,live,STOCK,26,NEUTRAL,NASDAQ
2026-09-13T07:57:09.451647+09:00,2026-09-13,CSL,Carlisle Companies Incorporated,US,소재,2026-09-11,335.24,415900,598955.0,9.9571,13313765376,28,60,55,66,45,0,HOLD,-0.38,-5,False,live,STOCK,29,NEUTRAL,NYSE
2026-09-13T07:57:09.451647+09:00,2026-09-13,FIVE,"Five Below, Inc.",US,소비재,2026-09-11,244.6,881900,1224605.0,11.1793,13466217472,51,60,53,58,56,0,HOLD,0.35,4,False,live,STOCK,61,NEUTRAL,NASDAQ
2026-09-13T07:57:09.451647+09:00,2026-09-13,MAS,Masco Corporation,US,소재,2026-09-11,68.52,2651800,1843530.0,1.7021,13511281664,28,60,73,68,49,1,HOLD,-0.24,-3,False,live,STOCK,30,NEUTRAL,NYSE
2026-09-13T07:57:09.451647+09:00,2026-09-13,W,Wayfair Inc.,US,소비재,2026-09-11,98.57,1687600,2171135.0,3.9556,13010894848,51,60,40,45,49,0,HOLD,0.16,2,False,live,STOCK,60,NEUTRAL,NYSE
2026-09-13T07:57:09.451647+09:00,2026-09-13,RNR,RenaissanceRe Holdings Ltd.,US,금융,2026-09-11,324.99,182000,242195.0,6.0729,13503948800,47,60,53,73,53,1,HOLD,0.05,1,False,live,STOCK,32,NEUTRAL,NYSE
2026-09-13T07:57:09.451647+09:00,2026-09-13,SWK,"Stanley Black & Decker, Inc.",US,산업재,2026-09-11,89.24,1855100,1548640.0,2.8124,13476724736,39,60,60,66,53,0,HOLD,0.09,1,False,live,STOCK,48,NEUTRAL,NYSE
2026-09-13T07:57:09.451647+09:00,2026-09-13,TRMB,Trimble Inc.,US,IT,2026-09-11,57.66,1735400,3814225.0,1.5879,13445149696,44,60,63,68,58,0,HOLD,0.36,4,False,live,STOCK,58,NEUTRAL,NASDAQ
2026-09-13T07:57:09.451647+09:00,2026-09-13,CHKP,Check Point Software Technologies Ltd.,US,IT,2026-09-11,131.64,1510700,902745.0,4.7357,13440527360,47,60,50,68,55,0,HOLD,0.12,1,False,live,STOCK,52,NEUTRAL,NASDAQ
2026-09-13T07:57:09.451647+09:00,2026-09-13,CRL,Charles River Laboratories International,US,제약/바이오,2026-09-11,278.26,767600,827055.0,7.9329,13283818496,51,65,50,58,56,0,HOLD,0.35,4,False,live,STOCK,66,NEUTRAL,NYSE
2026-09-13T07:57:09.451647+09:00,2026-09-13,MLI,"Mueller Industries, Inc.",US,산업재,2026-09-11,60.48,1499100,1226745.0,1.8613,13377050624,46,60,50,55,51,0,HOLD,-0.17,-2,False,live,STOCK,54,NEUTRAL,NYSE
2026-09-13T07:57:09.451647+09:00,2026-09-13,XELLL,Xcel Energy Inc. 6.25% Junior Subordinat,US,유틸리티,2026-09-11,21.83,48400,73485.0,0.2869,,20,60,55,60,43,0,AVOID,-0.49,-6,True,live,STOCK,40,NEUTRAL,NASDAQ
2026-09-13T07:57:09.451647+09:00,2026-09-13,SWKS,"Skyworks Solutions, Inc.",US,반도체,2026-09-11,88.35,11126000,6298640.0,4.0179,13288367104,73,65,66,45,61,1,HOLD,0.77,9,False,live,STOCK,64,NEUTRAL,NASDAQ
2026-09-13T07:57:09.451647+09:00,2026-09-13,GL,Globe Life Inc.,US,금융,2026-09-11,171.17,337900,418445.0,3.4936,13154320384,28,60,50,78,52,1,HOLD,-0.16,-2,False,live,STOCK,52,NEUTRAL,NYSE
2026-09-13T07:57:09.451647+09:00,2026-09-13,HL,Hecla Mining Company,US,소재,2026-09-11,19.78,23107800,32617730.0,1.0128,13266691072,51,60,45,53,53,0,HOLD,0.28,3,False,live,STOCK,66,NEUTRAL,NYSE
2026-09-13T07:57:09.451647+09:00,2026-09-13,DTM,"DT Midstream, Inc.",US,에너지,2026-09-11,128.86,1043000,972265.0,3.2382,13145691136,57,60,65,50,52,0,HOLD,0.02,0,False,live,STOCK,33,NEUTRAL,NYSE
2026-09-13T07:57:09.451647+09:00,2026-09-13,TTMI,"TTM Technologies, Inc.",US,IT,2026-09-11,126.44,1353300,2192530.0,7.0571,13320310784,62,60,51,50,53,0,HOLD,-0.06,-1,False,live,STOCK,44,NEUTRAL,NASDAQ
2026-09-13T07:57:09.451647+09:00,2026-09-13,HTHT,H World Group Limited,US,소비재,2026-09-11,42.66,1809400,1822665.0,1.0329,13118965760,35,60,60,74,52,1,HOLD,-0.17,-2,False,live,STOCK,34,NEUTRAL,NASDAQ
2026-09-13T07:57:09.451647+09:00,2026-09-13,ALLE,Allegion plc,US,산업재,2026-09-11,153.35,1061000,1332630.0,3.5764,13040391168,44,60,45,58,50,0,HOLD,0.1,1,False,live,STOCK,51,NEUTRAL,NYSE
2026-09-13T07:57:09.451647+09:00,2026-09-13,BIPI,BIP Bermuda Holdings I Limited,US,산업재,2026-09-11,16.39,10400,19830.0,0.2107,,40,60,55,50,46,0,HOLD,-0.13,-2,False,live,STOCK,40,NEUTRAL,NYSE
2026-09-13T07:57:09.451647+09:00,2026-09-13,SREA,Sempra,US,유틸리티,2026-09-11,19.92,38500,64345.0,0.2146,,17,60,58,50,40,0,AVOID,-0.51,-6,True,live,STOCK,40,NEUTRAL,NYSE
2026-09-13T07:57:09.451647+09:00,2026-09-13,GDDY,GoDaddy Inc.,US,IT,2026-09-11,98.07,1447000,1734050.0,3.8811,12420340736,59,60,53,76,66,2,WATCH,0.62,7,False,live,STOCK,75,NEUTRAL,NYSE
2026-09-13T07:57:09.451647+09:00,2026-09-13,ICLR,ICON Public Limited Company,US,제약/바이오,2026-09-11,169.31,1710000,656760.0,6.1829,13062978560,47,65,50,51,50,0,HOLD,0.2,2,False,live,STOCK,55,NEUTRAL,NASDAQ
2026-09-13T07:57:09.451647+09:00,2026-09-13,VIRT,"Virtu Financial, Inc.",US,금융,2026-09-11,60.86,686300,1490430.0,2.2707,5373979648,36,60,63,70,59,2,HOLD,0.24,3,False,live,STOCK,72,NEUTRAL,NYSE
2026-09-13T07:57:09.451647+09:00,2026-09-13,AVY,Avery Dennison Corporation,US,소비재,2026-09-11,169.38,796300,1061810.0,4.4415,12955941888,39,60,55,58,44,0,AVOID,-0.18,-2,True,live,STOCK,22,NEUTRAL,NYSE
2026-09-13T07:57:09.451647+09:00,2026-09-13,SJM,The J. M. Smucker Company,US,소매,2026-09-11,121.14,1060500,1379615.0,3.5393,12940560384,43,60,40,58,49,0,HOLD,-0.08,-1,False,live,STOCK,54,NEUTRAL,NYSE
2026-09-13T07:57:09.451647+09:00,2026-09-13,WSO,"Watsco, Inc.",US,산업재,2026-09-11,314.22,323300,461120.0,9.265,12962264064,55,60,63,50,51,0,HOLD,-0.1,-1,False,live,STOCK,35,NEUTRAL,NYSE
2026-09-13T07:57:09.451647+09:00,2026-09-13,HAS,"Hasbro, Inc.",US,소비재,2026-09-11,91.54,1071400,1362445.0,2.1679,12911210496,47,60,45,60,51,0,HOLD,0.08,1,False,live,STOCK,51,NEUTRAL,NASDAQ
2026-09-13T07:57:09.451647+09:00,2026-09-13,QNT,Quantinuum Inc. Class A Common Stock,US,IT,2026-09-11,49.03,1016600,1467155.0,2.7436,13026176000,25,60,65,58,43,0,AVOID,-0.48,-6,True,live,STOCK,26,NEUTRAL,NASDAQ
2026-09-13T07:57:09.451647+09:00,2026-09-13,CNA,CNA Financial Corporation,US,금융,2026-09-11,47.67,453900,358390.0,0.9121,12899546112,32,60,60,86,51,1,HOLD,-0.15,-2,False,live,STOCK,19,NEUTRAL,NYSE
2026-09-13T07:57:09.451647+09:00,2026-09-13,HMY,Harmony Gold Mining Company Limited,US,소재,2026-09-11,20.64,2796900,4001470.0,0.8979,12899533824,48,60,50,86,62,1,HOLD,0.35,4,False,live,STOCK,58,NEUTRAL,NYSE
2026-09-13T07:57:09.451647+09:00,2026-09-13,AMKR,"Amkor Technology, Inc.",US,반도체,2026-09-11,51.73,3060700,4358620.0,2.4076,12822445056,55,65,40,58,48,0,HOLD,-0.35,-4,False,live,STOCK,30,NEUTRAL,NASDAQ
2026-09-13T07:57:09.451647+09:00,2026-09-13,SEIC,SEI Investments Company,US,금융,2026-09-11,106.93,579700,645540.0,1.835,12833651712,44,60,45,50,51,0,HOLD,0.18,2,False,live,STOCK,67,NEUTRAL,NASDAQ
2026-09-13T07:57:09.451647+09:00,2026-09-13,RPM,RPM International Inc.,US,소재,2026-09-11,100.21,921600,1630740.0,2.7186,12791104512,20,60,60,58,40,0,AVOID,-0.55,-7,True,live,STOCK,23,NEUTRAL,NYSE
2026-09-13T07:57:09.451647+09:00,2026-09-13,ALLY,Ally Financial Inc.,US,금융,2026-09-11,42.07,3543300,2927665.0,0.9393,12797680640,28,60,63,96,62,1,HOLD,0.01,0,False,live,STOCK,62,NEUTRAL,NYSE
2026-09-13T07:57:09.451647+09:00,2026-09-13,QXO,"QXO, Inc.",US,산업재,2026-09-11,12.31,13095200,14211205.0,0.4957,12771511296,18,60,63,60,39,0,AVOID,-0.71,-9,True,live,STOCK,17,NEUTRAL,NYSE
2026-09-13T07:57:09.451647+09:00,2026-09-13,AA,Alcoa Corporation,US,소재,2026-09-11,48.26,3098900,3809735.0,2.126,12736269312,33,60,53,73,51,1,HOLD,-0.37,-4,False,live,STOCK,44,NEUTRAL,NYSE
2026-09-13T07:57:09.451647+09:00,2026-09-13,HALO,"Halozyme Therapeutics, Inc.",US,제약/바이오,2026-09-11,107.2,861500,1603890.0,2.4807,12166985728,66,65,50,50,62,1,HOLD,0.66,8,False,live,STOCK,84,NEUTRAL,NASDAQ
2026-09-13T07:57:09.451647+09:00,2026-09-13,BNT,Brookfield Wealth Solutions Ltd.,US,금융,2026-09-11,38.19,6000,14325.0,0.7184,10478343168,10,60,53,60,40,0,AVOID,-0.76,-9,True,live,STOCK,40,NEUTRAL,NYSE
2026-09-13T07:57:09.451647+09:00,2026-09-13,BMRN,BioMarin Pharmaceutical Inc.,US,제약/바이오,2026-09-11,65.68,1604800,1794280.0,1.6193,12713924608,47,65,66,51,55,0,HOLD,0.41,5,False,live,STOCK,61,NEUTRAL,NASDAQ
2026-09-13T07:57:09.451647+09:00,2026-09-13,LII,Lennox International Inc.,US,산업재,2026-09-11,366.04,585400,468960.0,10.9057,12650590208,32,60,63,60,44,0,AVOID,-0.49,-6,True,live,STOCK,20,NEUTRAL,NYSE
2026-09-13T07:57:09.451647+09:00,2026-09-13,MAIR,Madison Air Solutions Corporation,US,산업재,2026-09-11,25.21,4888000,3140425.0,1.3843,12648426496,40,60,70,50,47,1,HOLD,-0.28,-3,False,live,STOCK,29,NEUTRAL,NYSE
2026-09-13T07:57:09.451647+09:00,2026-09-13,TOL,"Toll Brothers, Inc.",US,소비재,2026-09-11,134.92,864500,918980.0,3.7043,12432473088,20,60,60,78,48,1,HOLD,-0.45,-5,False,live,STOCK,32,NEUTRAL,NYSE
2026-09-13T07:57:09.451647+09:00,2026-09-13,AUR,"Aurora Innovation, Inc.",US,IT,2026-09-11,6.43,33395600,31445610.0,0.3243,12886718464,65,60,50,50,58,1,HOLD,0.42,5,False,live,STOCK,70,NEUTRAL,NASDAQ
2026-09-13T07:57:09.451647+09:00,2026-09-13,CHYM,"Chime Financial, Inc. Class A Common Sto",US,IT,2026-09-11,33.0,8563800,7238805.0,1.3864,12493308928,66,60,50,62,64,1,HOLD,0.66,8,False,live,STOCK,78,NEUTRAL,NASDAQ
2026-09-13T07:57:09.451647+09:00,2026-09-13,NXT,Nextpower Inc.,US,에너지,2026-09-11,82.89,2078700,2015305.0,3.5804,12735082496,40,60,43,53,41,0,AVOID,-0.59,-7,True,live,STOCK,23,NEUTRAL,NASDAQ
2026-09-13T07:57:09.451647+09:00,2026-09-13,DOCU,"DocuSign, Inc.",US,IT,2026-09-11,65.65,2193100,3374375.0,2.7134,12270145536,73,60,50,66,64,1,HOLD,0.66,8,False,live,STOCK,61,NEUTRAL,NASDAQ
2026-09-13T07:57:09.451647+09:00,2026-09-13,UHAL,U-Haul Holding Company,US,산업재,2026-09-11,64.05,133200,141365.0,1.5364,12450903040,20,60,58,35,36,0,AVOID,-0.42,-5,True,live,STOCK,40,NEUTRAL,NYSE
2026-09-13T07:57:09.451647+09:00,2026-09-13,PEN,"Penumbra, Inc.",US,제약/바이오,2026-09-11,317.73,152600,258090.0,2.0993,12515202048,35,65,55,30,41,0,AVOID,-0.22,-3,True,live,STOCK,51,NEUTRAL,NYSE
2026-09-13T07:57:09.451647+09:00,2026-09-13,PAYP,PayPay Corporation,US,IT,2026-09-11,18.45,1420000,823045.0,0.8036,12493290496,70,60,50,68,66,2,WATCH,0.71,9,False,live,STOCK,74,NEUTRAL,NASDAQ
2026-09-13T07:57:09.451647+09:00,2026-09-13,GGG,Graco Inc.,US,산업재,2026-09-11,76.7,1694700,2508550.0,1.5857,12421858304,32,60,63,50,40,0,AVOID,-0.31,-4,True,live,STOCK,16,NEUTRAL,NYSE
2026-09-13T07:57:09.451647+09:00,2026-09-13,MDGL,"Madrigal Pharmaceuticals, Inc.",US,제약/바이오,2026-09-11,534.49,187600,222590.0,17.9936,12348923904,91,65,45,26,53,1,HOLD,0.55,7,False,live,STOCK,45,NEUTRAL,NASDAQ
2026-09-13T07:57:09.451647+09:00,2026-09-13,CSGP,"CoStar Group, Inc.",US,리츠,2026-09-11,30.46,6195600,6683910.0,1.1614,12342318080,40,60,60,51,43,0,AVOID,-0.34,-4,True,live,STOCK,20,NEUTRAL,NASDAQ
2026-09-13T07:57:09.451647+09:00,2026-09-13,BAX,Baxter International Inc.,US,제약/바이오,2026-09-11,23.8,5450600,4813105.0,0.7606,12304504832,39,65,66,73,56,1,HOLD,0.27,3,False,live,STOCK,48,NEUTRAL,NYSE
2026-09-13T07:57:09.451647+09:00,2026-09-13,DKNG,DraftKings Inc.,US,소비재,2026-09-11,24.74,11718200,9194895.0,1.039,12282272768,51,60,60,60,57,0,HOLD,0.02,0,False,live,STOCK,59,NEUTRAL,NASDAQ
2026-09-13T07:57:09.451647+09:00,2026-09-13,TME,Tencent Music Entertainment Group,US,인터넷,2026-09-11,7.98,3767800,10001790.0,0.2129,13005526016,20,65,58,78,52,1,HOLD,-0.38,-5,False,live,STOCK,55,NEUTRAL,NYSE
2026-09-13T07:57:09.451647+09:00,2026-09-13,CCK,"Crown Holdings, Inc.",US,소비재,2026-09-11,112.64,694000,725530.0,2.0686,12250783744,39,60,55,84,57,1,HOLD,0.17,2,False,live,STOCK,45,NEUTRAL,NYSE
2026-09-13T07:57:09.451647+09:00,2026-09-13,CORT,Corcept Therapeutics Incorporated,US,제약/바이오,2026-09-11,112.79,1282400,820965.0,5.0307,12192418816,48,65,63,43,54,0,HOLD,0.42,5,False,live,STOCK,69,NEUTRAL,NASDAQ
2026-09-13T07:57:09.451647+09:00,2026-09-13,PINS,"Pinterest, Inc.",US,인터넷,2026-09-11,19.05,13763900,11343925.0,0.8596,10670996480,20,65,48,66,45,0,HOLD,-0.48,-6,False,live,STOCK,48,NEUTRAL,NYSE
2026-09-13T07:57:09.451647+09:00,2026-09-13,GRAB,Grab Holdings Limited,US,IT,2026-09-11,3.05,63157000,42823960.0,0.1246,12478470144,20,60,50,66,47,0,HOLD,-0.43,-5,False,live,STOCK,55,NEUTRAL,NASDAQ
2026-09-13T07:57:09.451647+09:00,2026-09-13,SF,Stifel Financial Corp,US,금융,2026-09-11,79.76,724800,1038570.0,1.7403,12043897856,47,60,52,76,58,1,HOLD,0.23,3,False,live,STOCK,54,NEUTRAL,NYSE
2026-09-13T07:57:09.451647+09:00,2026-09-13,EHC,Encompass Health Corporation,US,제약/바이오,2026-09-11,121.71,649300,799465.0,2.345,12007103488,73,65,40,58,58,1,HOLD,0.47,6,False,live,STOCK,54,NEUTRAL,NYSE
2026-09-13T07:57:09.451647+09:00,2026-09-13,MICC,The Magnum Ice Cream Company N.V.,US,소매,2026-09-11,19.65,902700,809195.0,0.4379,11926089728,47,60,63,50,52,0,HOLD,0.23,3,False,live,STOCK,51,NEUTRAL,NYSE
2026-09-13T07:57:09.451647+09:00,2026-09-13,IT,"Gartner, Inc.",US,IT,2026-09-11,179.59,900500,1183715.0,7.6764,11340923904,48,60,45,84,64,2,WATCH,0.43,5,False,live,STOCK,77,NEUTRAL,NYSE
2026-09-13T07:57:09.451647+09:00,2026-09-13,WSE,Wise Group plc Class A Ordinary Shares,US,IT,2026-09-11,12.02,1426200,1187175.0,0.3443,11824428032,39,60,75,45,43,1,AVOID,-0.01,0,True,live,STOCK,16,NEUTRAL,NASDAQ
2026-09-13T07:57:09.451647+09:00,2026-09-13,FMS,Fresenius Medical Care AG & Co. KGaA,US,제약/바이오,2026-09-11,22.35,584800,623275.0,0.3057,11895102464,20,65,58,100,52,1,HOLD,-0.39,-5,False,live,STOCK,23,NEUTRAL,NYSE
2026-09-13T07:57:09.451647+09:00,2026-09-13,AIT,"Applied Industrial Technologies, Inc.",US,산업재,2026-09-11,323.78,231200,279455.0,8.0679,11893700608,25,60,60,50,48,0,HOLD,-0.09,-1,False,live,STOCK,69,NEUTRAL,NYSE
2026-09-13T07:57:09.451647+09:00,2026-09-13,LI,Li Auto Inc.,US,소비재,2026-09-11,11.81,1767800,2826980.0,0.3565,11541612544,10,60,55,37,30,0,AVOID,-0.92,-11,True,live,STOCK,26,NEUTRAL,NASDAQ
2026-09-13T07:57:09.451647+09:00,2026-09-13,TXRH,"Texas Roadhouse, Inc.",US,소비재,2026-09-11,181.22,1011800,708350.0,4.5257,11895448576,24,60,48,50,35,0,AVOID,-0.51,-6,True,live,STOCK,16,NEUTRAL,NASDAQ
2026-09-13T07:57:09.451647+09:00,2026-09-13,WTS,"Watts Water Technologies, Inc.",US,산업재,2026-09-11,356.02,166900,178025.0,8.6018,11885033472,44,60,63,45,45,0,HOLD,-0.02,0,False,live,STOCK,29,NEUTRAL,NYSE
2026-09-13T07:57:09.451647+09:00,2026-09-13,FNF,"Fidelity National Financial, Inc.",US,금융,2026-09-11,44.13,2474000,1935120.0,1.0286,11835350016,20,60,63,84,48,1,HOLD,-0.47,-6,False,live,STOCK,20,NEUTRAL,NYSE
2026-09-13T07:57:09.451647+09:00,2026-09-13,NVMI,Nova Ltd.,US,반도체,2026-09-11,371.81,353800,497040.0,15.0071,11825848320,40,65,40,42,39,0,AVOID,-0.59,-7,True,live,STOCK,33,NEUTRAL,NASDAQ
2026-09-13T07:57:09.451647+09:00,2026-09-13,AR,Antero Resources Corporation,US,에너지,2026-09-11,38.43,2740200,3176245.0,1.02,11814881280,62,60,55,78,65,1,HOLD,0.53,6,False,live,STOCK,61,NEUTRAL,NYSE
2026-09-13T07:57:09.451647+09:00,2026-09-13,AFG,"American Financial Group, Inc.",US,금융,2026-09-11,141.96,321800,289455.0,2.1129,11771531264,47,60,53,60,55,0,HOLD,0.2,2,False,live,STOCK,63,NEUTRAL,NYSE
2026-09-13T07:57:09.451647+09:00,2026-09-13,HBM,Hudbay Minerals Inc.,US,소재,2026-09-11,26.52,3127000,3756640.0,1.4167,11778719744,43,60,60,60,55,0,HOLD,0.06,1,False,live,STOCK,61,NEUTRAL,NYSE
2026-09-13T07:57:09.451647+09:00,2026-09-13,MANH,"Manhattan Associates, Inc.",US,IT,2026-09-11,201.82,656900,724670.0,6.9529,11767109632,48,60,55,42,54,1,HOLD,0.41,5,False,live,STOCK,80,NEUTRAL,NASDAQ
2026-09-13T07:57:09.451647+09:00,2026-09-13,GWRE,"Guidewire Software, Inc.",US,IT,2026-09-11,140.92,1988600,1548145.0,11.0821,11732487168,39,60,50,43,46,0,HOLD,0.08,1,False,live,STOCK,58,NEUTRAL,NYSE
2026-09-13T07:57:09.451647+09:00,2026-09-13,IAG,Iamgold Corporation,US,소재,2026-09-11,20.26,3666200,4783650.0,0.8586,11568459776,51,60,60,73,63,1,HOLD,0.53,6,False,live,STOCK,69,NEUTRAL,NYSE
2026-09-13T07:57:09.451647+09:00,2026-09-13,BJ,"BJ's Wholesale Club Holdings, Inc.",US,소매,2026-09-11,91.49,1675400,1969550.0,2.5032,11556530176,25,60,50,50,40,0,AVOID,-0.41,-5,True,live,STOCK,40,NEUTRAL,NYSE
2026-09-13T07:57:09.451647+09:00,2026-09-13,ARWR,"Arrowhead Pharmaceuticals, Inc.",US,제약/바이오,2026-09-11,82.85,1335800,1266545.0,3.2369,11670003712,47,65,55,42,47,0,HOLD,0.1,1,False,live,STOCK,45,NEUTRAL,NASDAQ
2026-09-13T07:57:09.451647+09:00,2026-09-13,ARW,"Arrow Electronics, Inc.",US,IT,2026-09-11,228.2,794400,555225.0,6.7443,11616617472,84,60,50,84,79,3,BUY,0.89,11,False,live,STOCK,91,NEUTRAL,NYSE
2026-09-13T07:57:09.451647+09:00,2026-09-13,ELS,"Equity LifeStyle Properties, Inc.",US,리츠,2026-09-11,60.08,1231000,1282260.0,0.8964,12039062528,20,60,58,53,39,0,AVOID,-0.58,-7,True,live,STOCK,26,NEUTRAL,NYSE
2026-09-13T07:57:09.451647+09:00,2026-09-13,DVA,DaVita Inc.,US,제약/바이오,2026-09-11,181.55,767800,587230.0,4.8564,11652787200,72,65,48,84,62,2,WATCH,0.09,1,False,live,STOCK,30,NEUTRAL,NYSE
2026-09-13T07:57:09.451647+09:00,2026-09-13,CR,Crane Company,US,산업재,2026-09-11,201.82,315600,388235.0,5.8204,11665268736,28,60,63,58,44,0,AVOID,-0.34,-4,True,live,STOCK,26,NEUTRAL,NYSE
2026-09-13T07:57:09.451647+09:00,2026-09-13,AGNC,AGNC Investment Corp.,US,리츠,2026-09-11,10.15,26595500,18221455.0,0.178,12032636928,20,60,60,65,41,0,AVOID,-0.46,-6,True,live,STOCK,19,NEUTRAL,NASDAQ
2026-09-13T07:57:09.451647+09:00,2026-09-13,WTRG,"Essential Utilities, Inc.",US,유틸리티,2026-09-11,41.07,2605200,2180590.0,0.805,11654787072,69,60,63,37,57,0,HOLD,0.59,7,False,live,STOCK,63,NEUTRAL,NYSE
2026-09-13T07:57:09.451647+09:00,2026-09-13,PNW,Pinnacle West Capital Corporation,US,유틸리티,2026-09-11,96.1,858000,920280.0,1.4436,11647053824,53,60,63,37,45,0,HOLD,-0.12,-1,False,live,STOCK,26,NEUTRAL,NYSE
2026-09-13T07:57:09.451647+09:00,2026-09-13,FHN,First Horizon Corporation,US,금융,2026-09-11,24.47,5786500,3834625.0,0.4039,11593326592,50,60,55,70,58,1,HOLD,0.13,2,False,live,STOCK,55,NEUTRAL,NYSE
2026-09-13T07:57:09.451647+09:00,2026-09-13,SANM,Sanmina Corporation,US,IT,2026-09-11,216.0,473200,570040.0,9.2114,11577028608,59,60,55,58,56,0,HOLD,0.02,0,False,live,STOCK,52,NEUTRAL,NASDAQ
2026-09-13T07:57:09.451647+09:00,2026-09-13,SUZ,Suzano S.A.,US,소재,2026-09-11,9.36,3143900,3697820.0,0.2157,11527407616,84,60,50,70,71,3,BUY,0.9,11,False,live,STOCK,75,NEUTRAL,NYSE
2026-09-13T07:57:09.451647+09:00,2026-09-13,ELAN,Elanco Animal Health Incorporated,US,제약/바이오,2026-09-11,23.17,4738400,4896170.0,0.725,11576238080,31,65,72,53,55,2,HOLD,0.12,1,False,live,STOCK,78,NEUTRAL,NYSE
2026-09-13T07:57:09.451647+09:00,2026-09-13,SNN,Smith & Nephew plc,US,제약/바이오,2026-09-11,27.5,1140400,1863120.0,0.5793,11509170176,20,65,60,58,41,0,AVOID,-0.59,-7,True,live,STOCK,26,NEUTRAL,NYSE
2026-09-13T07:57:09.451647+09:00,2026-09-13,HUBS,"HubSpot, Inc.",US,IT,2026-09-11,225.33,827000,1273270.0,11.6317,11236350976,47,60,55,59,55,0,HOLD,0.32,4,False,live,STOCK,61,NEUTRAL,NYSE
2026-09-13T07:57:09.451647+09:00,2026-09-13,DKS,"DICK'S Sporting Goods, Inc.",US,소비재,2026-09-11,135.03,2538700,5485870.0,9.4018,12007753728,29,60,75,68,50,1,HOLD,-0.32,-4,False,live,STOCK,29,NEUTRAL,NYSE
2026-09-13T07:57:09.451647+09:00,2026-09-13,PSKY,Paramount Skydance Corporation Class B C,US,인터넷,2026-09-11,10.6,8178000,10083935.0,0.4371,11863235584,51,65,58,59,61,1,HOLD,0.38,5,False,live,STOCK,83,NEUTRAL,NASDAQ
2026-09-13T07:57:09.451647+09:00,2026-09-13,BTSG,"BrightSpring Health Services, Inc. Commo",US,제약/바이오,2026-09-11,58.73,2489900,2135480.0,2.4657,11620567040,50,65,50,58,48,0,HOLD,-0.21,-3,False,live,STOCK,30,NEUTRAL,NASDAQ
2026-09-13T07:57:09.451647+09:00,2026-09-13,AEIS,"Advanced Energy Industries, Inc.",US,IT,2026-09-11,287.25,426900,488290.0,12.5957,11504488448,40,60,40,50,42,0,AVOID,-0.54,-6,True,live,STOCK,36,NEUTRAL,NASDAQ
2026-09-13T07:57:09.451647+09:00,2026-09-13,CART,Maplebear Inc.,US,IT,2026-09-11,48.73,3014900,3567455.0,1.5669,11280998400,47,60,50,66,52,0,HOLD,0.14,2,False,live,STOCK,40,NEUTRAL,NASDAQ
2026-09-13T07:57:09.451647+09:00,2026-09-13,JKHY,"Jack Henry & Associates, Inc.",US,IT,2026-09-11,161.12,783100,959665.0,4.0798,11296542720,51,60,53,50,56,1,HOLD,0.42,5,False,live,STOCK,75,NEUTRAL,NASDAQ
2026-09-13T07:57:09.451647+09:00,2026-09-13,EGO,Eldorado Gold Corporation,US,소재,2026-09-11,43.75,1009900,2690555.0,1.9232,11410452480,51,60,60,55,57,0,HOLD,0.45,5,False,live,STOCK,66,NEUTRAL,NYSE
2026-09-13T07:57:09.451647+09:00,2026-09-13,GLPI,"Gaming and Leisure Properties, Inc.",US,리츠,2026-09-11,40.24,3889300,4281420.0,0.6988,12051899392,20,60,65,70,46,1,HOLD,-0.52,-6,False,live,STOCK,29,NEUTRAL,NASDAQ
2026-09-13T07:57:09.451647+09:00,2026-09-13,TX,Ternium S.A.,US,소재,2026-09-11,57.9,314300,533535.0,1.405,11366214656,69,60,60,78,72,2,WATCH,0.88,11,False,live,STOCK,80,NEUTRAL,NYSE
2026-09-13T07:57:09.451647+09:00,2026-09-13,AXSM,"Axsome Therapeutics, Inc.",US,제약/바이오,2026-09-11,220.75,1228400,559350.0,6.7669,11563065344,69,65,55,26,48,0,HOLD,0.01,0,False,live,STOCK,44,NEUTRAL,NASDAQ
2026-09-13T07:57:09.451647+09:00,2026-09-13,APC,ARKO Petroleum Corp. Class A Common Stoc,US,에너지,2026-09-11,18.92,122500,162690.0,0.4786,1562228608,72,60,50,58,62,1,HOLD,0.38,5,False,live,STOCK,66,NEUTRAL,NASDAQ
2026-09-13T07:57:09.451647+09:00,2026-09-13,HRL,Hormel Foods Corporation,US,소매,2026-09-11,20.57,4560500,5707260.0,0.5671,11320715264,10,60,53,66,39,0,AVOID,-0.84,-10,True,live,STOCK,26,NEUTRAL,NYSE
2026-09-13T07:57:09.451647+09:00,2026-09-13,ERIE,Erie Indemnity Company,US,금융,2026-09-11,245.03,157000,298500.0,7.9536,12812585984,47,60,60,58,54,0,HOLD,0.21,3,False,live,STOCK,51,NEUTRAL,NASDAQ
2026-09-13T07:57:09.451647+09:00,2026-09-13,FIG,"Figma, Inc.",US,IT,2026-09-11,23.2,13514200,14679855.0,1.6734,12365829120,51,60,50,30,45,0,HOLD,0.17,2,False,live,STOCK,54,NEUTRAL,NYSE
2026-09-13T07:57:09.451647+09:00,2026-09-13,AMH,American Homes 4 Rent,US,리츠,2026-09-11,31.48,2206400,1924375.0,0.505,12905288704,20,60,75,58,42,1,AVOID,-0.41,-5,True,live,STOCK,19,NEUTRAL,NYSE
2026-09-13T07:57:09.451647+09:00,2026-09-13,TECH,Bio-Techne Corporation,US,제약/바이오,2026-09-11,72.12,2723700,2393475.0,0.175,11309731840,54,65,68,43,53,0,HOLD,0.43,5,False,live,STOCK,51,NEUTRAL,NASDAQ
2026-09-13T07:57:09.451647+09:00,2026-09-13,UDR,"UDR, Inc.",US,리츠,2026-09-11,35.12,3404600,3139675.0,0.5929,13012508672,20,60,60,53,38,0,AVOID,-0.65,-8,True,live,STOCK,20,NEUTRAL,NYSE
2026-09-13T07:57:09.451647+09:00,2026-09-13,RTO,Rentokil Initial plc,US,산업재,2026-09-11,22.37,938000,1357730.0,0.4443,11257657344,40,60,55,74,52,1,HOLD,-0.33,-4,False,live,STOCK,32,NEUTRAL,NYSE
2026-09-13T07:57:09.451647+09:00,2026-09-13,LULU,Lululemon Athletica Inc.,US,소비재,2026-09-11,98.97,5597200,7209890.0,5.8107,10956971008,10,60,65,78,50,1,HOLD,-0.49,-6,False,live,STOCK,52,NEUTRAL,NASDAQ
2026-09-13T07:57:09.451647+09:00,2026-09-13,SCI,Service Corporation International,US,소비재,2026-09-11,82.21,1191700,706855.0,1.6457,11204531200,47,60,48,50,48,0,HOLD,0.0,0,False,live,STOCK,45,NEUTRAL,NYSE
2026-09-13T07:57:09.451647+09:00,2026-09-13,HUT,Hut 8 Corp.,US,금융,2026-09-11,98.6,5682300,4874750.0,6.8211,12153383936,59,60,70,42,57,1,HOLD,0.19,2,False,live,STOCK,62,NEUTRAL,NASDAQ
2026-09-13T07:57:09.451647+09:00,2026-09-13,AHR,"American Healthcare REIT, Inc.",US,리츠,2026-09-11,53.58,2156600,2546195.0,1.155,11680374784,32,60,58,43,48,1,HOLD,0.15,2,False,live,STOCK,71,NEUTRAL,NYSE
2026-09-13T07:57:09.451647+09:00,2026-09-13,DECK,Deckers Outdoor Corporation,US,소비재,2026-09-11,81.27,3027100,2774550.0,2.3729,11067498496,10,60,63,86,45,1,HOLD,-0.71,-9,False,live,STOCK,20,NEUTRAL,NYSE
2026-09-13T07:57:09.451647+09:00,2026-09-13,KNX,Knight-Swift Transportation Holdings Inc,US,산업재,2026-09-11,67.97,5107900,2926270.0,2.549,11062525952,40,60,63,51,45,0,HOLD,-0.38,-5,False,live,STOCK,24,NEUTRAL,NYSE
2026-09-13T07:57:09.451647+09:00,2026-09-13,HII,"Huntington Ingalls Industries, Inc.",US,산업재,2026-09-11,279.69,445800,394055.0,7.1828,11021072384,20,60,50,60,38,0,AVOID,-0.68,-8,True,live,STOCK,19,NEUTRAL,NYSE
2026-09-13T07:57:09.451647+09:00,2026-09-13,GNRC,Generac Holdings Inc.,US,산업재,2026-09-11,186.99,568600,910640.0,7.6493,11033464832,37,60,40,58,42,0,AVOID,-0.62,-7,True,live,STOCK,27,NEUTRAL,NYSE
2026-09-13T07:57:09.451647+09:00,2026-09-13,LFUS,"Littelfuse, Inc.",US,IT,2026-09-11,432.3,196000,200470.0,13.8536,10979878912,72,60,55,50,55,1,HOLD,0.15,2,False,live,STOCK,36,NEUTRAL,NASDAQ
2026-09-13T07:57:09.451647+09:00,2026-09-13,FRO,Frontline Plc,US,산업재,2026-09-11,49.21,3699600,2553595.0,1.5779,10955272192,82,60,55,65,72,2,WATCH,0.98,12,False,live,STOCK,83,NEUTRAL,NYSE
2026-09-13T07:57:09.451647+09:00,2026-09-13,BMNP,"Bitmine Immersion Technologies, Inc.",US,금융,2026-09-11,98.64,34100,37645.0,1.5283,,43,60,55,50,54,1,HOLD,0.15,2,False,live,STOCK,78,NEUTRAL,NYSE
2026-09-13T07:57:09.451647+09:00,2026-09-13,EVR,Evercore Inc.,US,금융,2026-09-11,281.21,274700,442935.0,8.084,10814710784,40,60,63,68,50,0,HOLD,-0.31,-4,False,live,STOCK,26,NEUTRAL,NYSE
2026-09-13T07:57:09.451647+09:00,2026-09-13,NYT,The New York Times Company,US,인터넷,2026-09-11,66.88,1402100,1805120.0,1.4836,10786646016,57,65,63,53,55,0,HOLD,0.11,1,False,live,STOCK,47,NEUTRAL,NYSE
2026-09-13T07:57:09.451647+09:00,2026-09-13,RRX,Regal Rexnord Corporation,US,산업재,2026-09-11,162.29,820200,1176225.0,5.2736,10807193600,40,60,63,58,47,0,HOLD,-0.34,-4,False,live,STOCK,27,NEUTRAL,NYSE
2026-09-13T07:57:09.451647+09:00,2026-09-13,ALGN,"Align Technology, Inc.",US,제약/바이오,2026-09-11,150.82,619800,852565.0,4.5886,10714231808,20,65,63,74,49,1,HOLD,-0.46,-6,False,live,STOCK,39,NEUTRAL,NASDAQ
2026-09-13T07:57:09.451647+09:00,2026-09-13,TFII,TFI International Inc.,US,산업재,2026-09-11,131.24,254200,191540.0,4.0621,10787013632,15,60,63,66,42,0,AVOID,-0.67,-8,True,live,STOCK,26,NEUTRAL,NYSE
2026-09-13T07:57:09.451647+09:00,2026-09-13,CGNX,Cognex Corporation,US,IT,2026-09-11,64.22,1374400,1604120.0,1.8286,10803335168,72,60,45,43,51,1,HOLD,0.18,2,False,live,STOCK,40,NEUTRAL,NASDAQ
2026-09-13T07:57:09.451647+09:00,2026-09-13,MOH,"Molina Healthcare, Inc.",US,제약/바이오,2026-09-11,204.23,503000,592240.0,6.6071,10660805632,72,65,63,59,55,1,HOLD,0.27,3,False,live,STOCK,17,NEUTRAL,NYSE
2026-09-13T07:57:09.451647+09:00,2026-09-13,EGP,"EastGroup Properties, Inc.",US,리츠,2026-09-11,198.12,314800,344430.0,2.66,10653569024,28,60,63,45,40,0,AVOID,-0.39,-5,True,live,STOCK,27,NEUTRAL,NYSE
2026-09-13T07:57:09.451647+09:00,2026-09-13,GSAT,"Globalstar, Inc.",US,인터넷,2026-09-11,82.48,347100,617725.0,0.6821,10686389248,58,65,53,27,42,0,AVOID,-0.05,-1,True,live,STOCK,31,NEUTRAL,NASDAQ
2026-09-13T07:57:09.451647+09:00,2026-09-13,SUN,Sunoco LP,US,에너지,2026-09-11,77.67,375200,412745.0,1.8243,14634103808,92,60,58,63,74,2,WATCH,1.13,14,False,live,STOCK,80,NEUTRAL,NYSE
2026-09-13T07:57:09.451647+09:00,2026-09-13,OC,Owens Corning,US,소재,2026-09-11,131.9,1582900,935520.0,4.4679,10426520576,21,60,60,78,46,1,HOLD,-0.3,-4,False,live,STOCK,19,NEUTRAL,NYSE
2026-09-13T07:57:09.451647+09:00,2026-09-13,CLX,The Clorox Company,US,소매,2026-09-11,87.76,6205500,3004720.0,2.755,10612905984,35,60,60,50,40,0,AVOID,-0.47,-6,True,live,STOCK,13,NEUTRAL,NYSE
2026-09-13T07:57:09.451647+09:00,2026-09-13,UMBF,UMB Financial Corporation,US,금융,2026-09-11,139.49,531700,470465.0,2.6812,10594270208,25,60,50,70,48,1,HOLD,-0.25,-3,False,live,STOCK,48,NEUTRAL,NASDAQ
2026-09-13T07:57:09.451647+09:00,2026-09-13,UHS,"Universal Health Services, Inc.",US,제약/바이오,2026-09-11,174.83,519000,633295.0,4.7751,10303870976,55,65,63,70,60,1,HOLD,0.48,6,False,live,STOCK,51,NEUTRAL,NYSE
2026-09-13T07:57:09.451647+09:00,2026-09-13,JEF,Jefferies Financial Group Inc.,US,금융,2026-09-11,51.96,2143600,1636865.0,1.6086,10568248320,43,60,50,60,49,0,HOLD,-0.34,-4,False,live,STOCK,39,NEUTRAL,NYSE
2026-09-13T07:57:09.451647+09:00,2026-09-13,PAC,"Grupo Aeroportuario del Pacífico, S.A.B.",US,산업재,2026-09-11,203.46,58000,116650.0,5.8886,12106241024,53,60,50,50,48,0,HOLD,-0.23,-3,False,live,STOCK,38,NEUTRAL,NYSE
2026-09-13T07:57:09.451647+09:00,2026-09-13,FROG,JFrog Ltd.,US,IT,2026-09-11,87.18,1302600,1957505.0,5.9456,10749408256,47,60,60,27,46,0,HOLD,0.19,2,False,live,STOCK,57,NEUTRAL,NASDAQ
2026-09-13T07:57:09.451647+09:00,2026-09-13,AES,The AES Corporation,US,유틸리티,2026-09-11,14.79,7454400,7446620.0,0.0443,10547602432,58,60,58,70,62,1,HOLD,0.37,4,False,live,STOCK,61,NEUTRAL,NYSE
2026-09-13T07:57:09.451647+09:00,2026-09-13,ALSN,"Allison Transmission Holdings, Inc.",US,소비재,2026-09-11,126.94,498800,731595.0,3.9464,10482456576,44,60,50,66,50,0,HOLD,-0.03,0,False,live,STOCK,34,NEUTRAL,NYSE
2026-09-13T07:57:09.451647+09:00,2026-09-13,COO,"The Cooper Companies, Inc.",US,제약/바이오,2026-09-11,53.91,6438900,3106330.0,2.7071,10251272192,10,65,63,74,42,1,AVOID,-0.75,-9,True,live,STOCK,20,NEUTRAL,NASDAQ
2026-09-13T07:57:09.451647+09:00,2026-09-13,AM,Antero Midstream Corporation,US,에너지,2026-09-11,22.06,1846100,2240715.0,0.4809,10471308288,46,60,60,58,50,0,HOLD,-0.01,0,False,live,STOCK,32,NEUTRAL,NYSE
2026-09-13T07:57:09.451647+09:00,2026-09-13,BPOP,"Popular, Inc.",US,금융,2026-09-11,163.71,438700,459925.0,2.8382,10441179136,28,60,53,70,50,1,HOLD,-0.19,-2,False,live,STOCK,48,NEUTRAL,NASDAQ
2026-09-13T07:57:09.451647+09:00,2026-09-13,XP,XP Inc.,US,금융,2026-09-11,19.86,8036500,7120230.0,0.8418,10077817856,73,60,55,70,62,2,WATCH,0.6,7,False,live,STOCK,43,NEUTRAL,NASDAQ
2026-09-13T07:57:09.451647+09:00,2026-09-13,ENLT,Enlight Renewable Energy Ltd,US,유틸리티,2026-09-11,74.22,60700,153820.0,2.4391,10383511552,18,60,50,35,30,0,AVOID,-0.91,-11,True,live,STOCK,20,NEUTRAL,NASDAQ
2026-09-13T07:57:09.451647+09:00,2026-09-13,CPT,Camden Property Trust,US,리츠,2026-09-11,103.01,987500,880315.0,1.5571,10356558848,20,60,66,45,38,0,AVOID,-0.57,-7,True,live,STOCK,26,NEUTRAL,NYSE
2026-09-13T07:57:09.451647+09:00,2026-09-13,DAR,Darling Ingredients Inc.,US,소매,2026-09-11,65.11,1563900,2641225.0,2.8343,10274547712,47,60,50,63,60,1,HOLD,0.45,5,False,live,STOCK,87,NEUTRAL,NYSE
2026-09-13T07:57:09.451647+09:00,2026-09-13,DCI,"Donaldson Company, Inc.",US,산업재,2026-09-11,89.25,561900,643860.0,2.1664,10345061376,28,60,63,58,49,0,HOLD,-0.06,-1,False,live,STOCK,54,NEUTRAL,NYSE
2026-09-13T07:57:09.451647+09:00,2026-09-13,TEM,"Tempus AI, Inc.",US,제약/바이오,2026-09-11,59.01,3676400,7956970.0,4.4421,10647454720,40,65,50,19,41,0,AVOID,0.08,1,True,live,STOCK,68,NEUTRAL,NASDAQ
2026-09-13T07:57:09.451647+09:00,2026-09-13,BXP,"BXP, Inc.",US,리츠,2026-09-11,64.7,992600,1175670.0,1.6557,11702768640,31,60,63,58,49,0,HOLD,-0.13,-2,False,live,STOCK,48,NEUTRAL,NYSE
2026-09-13T07:57:09.451647+09:00,2026-09-13,DPZ,"Domino's Pizza, Inc.",US,소비재,2026-09-11,311.6,597100,810555.0,11.1707,10308269056,43,60,50,68,53,0,HOLD,-0.09,-1,False,live,STOCK,48,NEUTRAL,NASDAQ
2026-09-13T07:57:09.451647+09:00,2026-09-13,QRVO,"Qorvo, Inc.",US,반도체,2026-09-11,116.65,2192700,1089385.0,3.7724,10290630656,73,65,53,66,64,1,HOLD,0.69,8,False,live,STOCK,61,NEUTRAL,NASDAQ
2026-09-13T07:57:09.451647+09:00,2026-09-13,SSB,SouthState Bank Corp.,US,금융,2026-09-11,105.98,469900,631910.0,1.7793,10277361664,47,60,50,70,50,1,HOLD,-0.04,0,False,live,STOCK,25,NEUTRAL,NYSE
2026-09-13T07:57:09.451647+09:00,2026-09-13,WTFC,Wintrust Financial Corporation,US,금융,2026-09-11,152.16,538800,428465.0,2.6357,10265621504,50,60,63,60,51,0,HOLD,-0.05,-1,False,live,STOCK,26,NEUTRAL,NASDAQ
2026-09-13T07:57:09.451647+09:00,2026-09-13,VSAT,"Viasat, Inc.",US,IT,2026-09-11,74.31,1244500,1607090.0,3.8664,10236634112,69,60,45,43,52,0,HOLD,0.23,3,False,live,STOCK,45,NEUTRAL,NASDAQ
2026-09-13T07:57:09.451647+09:00,2026-09-13,KRYS,"Krystal Biotech, Inc.",US,제약/바이오,2026-09-11,347.0,206300,226070.0,11.4246,10270795776,47,65,45,42,45,0,HOLD,-0.02,0,False,live,STOCK,47,NEUTRAL,NASDAQ
2026-09-13T07:57:09.451647+09:00,2026-09-13,GGB,Gerdau S.A.,US,소재,2026-09-11,5.15,13864900,11102460.0,0.1729,10103281664,73,60,60,71,70,3,BUY,0.78,9,False,live,STOCK,72,NEUTRAL,NYSE
2026-09-13T07:57:09.451647+09:00,2026-09-13,DDS,"Dillard's, Inc.",US,소비재,2026-09-11,650.57,88200,168095.0,22.2671,10161546240,62,60,60,60,66,1,HOLD,0.65,8,False,live,STOCK,86,NEUTRAL,NYSE
2026-09-13T07:57:09.451647+09:00,2026-09-13,FRHC,Freedom Holding Corp.,US,금융,2026-09-11,165.5,56800,133270.0,6.9854,10556858368,62,60,45,43,58,1,HOLD,0.55,7,False,live,STOCK,87,NEUTRAL,NASDAQ
2026-09-13T07:57:09.451647+09:00,2026-09-13,ENSG,"The Ensign Group, Inc.",US,제약/바이오,2026-09-11,173.98,318900,299605.0,3.7493,10139977728,44,65,48,58,46,0,HOLD,-0.01,0,False,live,STOCK,31,NEUTRAL,NASDAQ
2026-09-13T07:57:09.451647+09:00,2026-09-13,CFR,"Cullen/Frost Bankers, Inc.",US,금융,2026-09-11,162.92,435400,468320.0,3.1319,10125280256,47,60,60,55,53,0,HOLD,0.25,3,False,live,STOCK,54,NEUTRAL,NYSE
2026-09-13T07:57:09.451647+09:00,2026-09-13,HSIC,"Henry Schein, Inc.",US,제약/바이오,2026-09-11,88.36,713800,902710.0,1.6457,10065684480,47,65,60,58,54,0,HOLD,0.24,3,False,live,STOCK,54,NEUTRAL,NASDAQ
2026-09-13T07:57:09.451647+09:00,2026-09-13,MOD,Modine Manufacturing Company,US,산업재,2026-09-11,189.3,1046000,1275410.0,9.5036,10054236160,40,60,43,35,38,0,AVOID,-0.56,-7,True,live,STOCK,36,NEUTRAL,NYSE
2026-09-13T07:57:09.451647+09:00,2026-09-13,MGM,MGM Resorts International,US,소비재,2026-09-11,39.89,2243700,1953360.0,0.8729,10036034560,10,60,63,74,41,1,AVOID,-0.77,-9,True,live,STOCK,17,NEUTRAL,NYSE
2026-09-13T07:57:09.451647+09:00,2026-09-13,ZION,"Zions Bancorporation, National Associati",US,금융,2026-09-11,68.75,887400,1222650.0,1.2993,10034293760,65,60,53,65,56,0,HOLD,0.21,3,False,live,STOCK,32,NEUTRAL,NASDAQ
2026-09-13T07:57:09.451647+09:00,2026-09-13,AVTR,"Avantor, Inc.",US,제약/바이오,2026-09-11,14.81,6179000,6670640.0,0.4316,10016874496,73,65,66,60,71,2,WATCH,1.0,12,False,live,STOCK,90,NEUTRAL,NYSE
2026-09-13T07:57:09.451647+09:00,2026-09-13,XPEV,XPeng Inc.,US,소비재,2026-09-11,10.54,10203800,8221170.0,0.4079,10083695616,10,60,60,42,33,0,AVOID,-0.85,-10,True,live,STOCK,26,NEUTRAL,NYSE
2026-09-13T07:57:09.451647+09:00,2026-09-13,GMED,"Globus Medical, Inc.",US,제약/바이오,2026-09-11,74.19,1486400,1140375.0,2.2829,9960892416,35,65,60,66,52,0,HOLD,-0.14,-2,False,live,STOCK,51,NEUTRAL,NYSE
