scan_ts_kst,date,ticker,name,market,sector,bar_date,close,volume,avg_vol20,atr14,market_cap,tech,macro,filing,value,total,consensus,signal,ev,target,hitl,source,asset_type,flow,regime,exchange
2026-09-03T07:56:57.533214+09:00,2026-09-03,NVDA,NVIDIA Corporation,US,반도체,2026-09-02,224.41,155979384,126342634.2,7.1729,5418828431360,58,65,68,58,59,0,HOLD,0.35,4,False,live,STOCK,48,NEUTRAL,NASDAQ
2026-09-03T07:56:57.533214+09:00,2026-09-03,AAPL,Apple Inc.,US,IT,2026-09-02,324.96,33660931,39837286.55,6.7271,4742524698624,59,60,58,42,59,1,HOLD,0.43,5,False,live,STOCK,77,NEUTRAL,NASDAQ
2026-09-03T07:56:57.533214+09:00,2026-09-03,GOOGL,Alphabet Inc.,US,인터넷,2026-09-02,337.12,22400937,22296691.85,6.4057,4122955743232,28,65,68,60,47,0,HOLD,-0.35,-4,False,live,STOCK,30,NEUTRAL,NASDAQ
2026-09-03T07:56:57.533214+09:00,2026-09-03,GOOG,Alphabet Inc.,US,인터넷,2026-09-02,333.78,12897448,15419227.4,6.1868,4082107678720,28,65,60,60,44,0,AVOID,-0.44,-5,True,live,STOCK,30,NEUTRAL,NASDAQ
2026-09-03T07:56:57.533214+09:00,2026-09-03,MSFT,Microsoft Corporation,US,IT,2026-09-02,496.82,15280048,24147962.4,9.5503,3689159589888,62,60,50,50,59,1,HOLD,0.54,6,False,live,STOCK,75,NEUTRAL,NASDAQ
2026-09-03T07:56:57.533214+09:00,2026-09-03,AMZN,"Amazon.com, Inc.",US,소비재,2026-09-02,254.98,23785257,33032562.85,5.8964,2750293999616,43,60,60,50,51,0,HOLD,0.03,0,False,live,STOCK,52,NEUTRAL,NASDAQ
2026-09-03T07:56:57.533214+09:00,2026-09-03,TSM,Taiwan Semiconductor Manufacturing Compa,US,반도체,2026-09-02,415.5,6263352,9218697.6,10.1436,2154979917824,28,65,77,66,51,1,HOLD,-0.19,-2,False,live,STOCK,30,NEUTRAL,NYSE
2026-09-03T07:56:57.533214+09:00,2026-09-03,AVGO,Broadcom Inc.,US,반도체,2026-09-02,367.24,30822042,19829422.1,11.9743,1747173769216,32,65,60,43,47,0,HOLD,-0.3,-4,False,live,STOCK,55,NEUTRAL,NASDAQ
2026-09-03T07:56:57.533214+09:00,2026-09-03,META,"Meta Platforms, Inc.",US,인터넷,2026-09-02,592.85,16426291,15367214.55,18.645,1510288916480,65,65,50,66,60,0,HOLD,0.27,3,False,live,STOCK,61,NEUTRAL,NASDAQ
2026-09-03T07:56:57.533214+09:00,2026-09-03,TSLA,"Tesla, Inc.",US,소비재,2026-09-02,357.01,33758963,34792528.15,13.3243,1410028011520,72,60,70,30,60,2,WATCH,0.32,4,False,live,STOCK,59,NEUTRAL,NASDAQ
2026-09-03T07:56:57.533214+09:00,2026-09-03,LLY,Eli Lilly and Company,US,제약/바이오,2026-09-02,1160.08,2441157,2778277.85,37.6094,1034491265024,47,65,71,50,58,1,HOLD,0.36,4,False,live,STOCK,61,NEUTRAL,NYSE
2026-09-03T07:56:57.533214+09:00,2026-09-03,MU,"Micron Technology, Inc.",US,반도체,2026-09-02,956.08,21231828,28243191.4,46.5459,1079790206976,65,65,65,58,58,0,HOLD,0.26,3,False,live,STOCK,38,NEUTRAL,NASDAQ
2026-09-03T07:56:57.533214+09:00,2026-09-03,JPM,JPMorgan Chase & Co.,US,금융,2026-09-02,356.22,5336079,5529018.95,5.4386,946899124224,44,60,71,60,58,1,HOLD,0.42,5,False,live,STOCK,57,NEUTRAL,NYSE
2026-09-03T07:56:57.533214+09:00,2026-09-03,WMT,Walmart Inc.,US,소매,2026-09-02,106.09,24960781,27713439.05,2.641,844272566272,25,60,50,37,40,0,AVOID,-0.53,-6,True,live,STOCK,49,NEUTRAL,NASDAQ
2026-09-03T07:56:57.533214+09:00,2026-09-03,AMD,"Advanced Micro Devices, Inc.",US,반도체,2026-09-02,457.06,11852873,18338653.65,18.66,746139025408,31,65,65,43,43,0,AVOID,-0.44,-5,True,live,STOCK,30,NEUTRAL,NASDAQ
2026-09-03T07:56:57.533214+09:00,2026-09-03,V,Visa Inc.,US,금융,2026-09-02,378.4,5597957,6772872.85,6.3786,706490662912,95,60,60,50,70,1,HOLD,1.07,13,False,live,STOCK,69,NEUTRAL,NYSE
2026-09-03T07:56:57.533214+09:00,2026-09-03,XOM,Exxon Mobil Corporation,US,에너지,2026-09-02,164.15,11279808,14107910.4,3.3241,674970337280,69,60,50,58,60,0,HOLD,0.5,6,False,live,STOCK,63,NEUTRAL,NYSE
2026-09-03T07:56:57.533214+09:00,2026-09-03,JNJ,Johnson & Johnson,US,제약/바이오,2026-09-02,275.21,7904941,6478727.05,5.4458,663228121088,92,65,56,53,72,2,WATCH,1.09,13,False,live,STOCK,83,NEUTRAL,NYSE
2026-09-03T07:56:57.533214+09:00,2026-09-03,ASML,ASML Holding N.V.,US,반도체,2026-09-02,1682.3,855058,1127022.9,46.266,646171459584,28,65,70,42,42,1,AVOID,-0.35,-4,True,live,STOCK,23,NEUTRAL,NASDAQ
2026-09-03T07:56:57.533214+09:00,2026-09-03,MA,Mastercard Incorporated,US,금융,2026-09-02,588.14,2290089,2873514.45,10.0164,515216474112,73,60,53,50,62,1,HOLD,0.69,8,False,live,STOCK,69,NEUTRAL,NYSE
2026-09-03T07:56:57.533214+09:00,2026-09-03,ABBV,AbbVie Inc.,US,제약/바이오,2026-09-02,261.72,4223114,4467095.7,5.5714,462489944064,73,65,81,51,73,3,BUY,1.09,13,False,live,STOCK,84,NEUTRAL,NYSE
2026-09-03T07:56:57.533214+09:00,2026-09-03,INTC,Intel Corp.,US,반도체,2026-09-02,90.05,60998770,96715283.5,4.2557,476013789184,7,65,88,42,43,1,AVOID,-0.57,-7,True,live,STOCK,30,NEUTRAL,NASDAQ
2026-09-03T07:56:57.533214+09:00,2026-09-03,BAC,Bank of America Corporation,US,금융,2026-09-02,62.6,27679770,28386703.5,1.145,437746040832,48,60,81,68,63,1,HOLD,0.59,7,False,live,STOCK,54,NEUTRAL,NYSE
2026-09-03T07:56:57.533214+09:00,2026-09-03,CSCO,"Cisco Systems, Inc.",US,IT,2026-09-02,109.455,11357814,19989395.7,2.9893,431409725440,17,60,65,50,41,0,AVOID,-0.6,-7,True,live,STOCK,33,NEUTRAL,NASDAQ
2026-09-03T07:56:57.533214+09:00,2026-09-03,CVX,Chevron Corporation,US,에너지,2026-09-02,211.78,7589144,7900387.2,3.7794,415428345856,73,60,32,74,63,3,WATCH,0.63,8,False,live,STOCK,84,NEUTRAL,NYSE
2026-09-03T07:56:57.533214+09:00,2026-09-03,ORCL,Oracle Corporation,US,IT,2026-09-02,145.75,21817305,22435830.25,5.9257,419828662272,30,60,50,50,42,0,AVOID,-0.56,-7,True,live,STOCK,38,NEUTRAL,NYSE
2026-09-03T07:56:57.533214+09:00,2026-09-03,COST,Costco Wholesale Corporation,US,소매,2026-09-02,928.48,2158946,1754992.3,17.3307,411761213440,46,60,60,29,44,0,AVOID,-0.19,-2,True,live,STOCK,33,NEUTRAL,NASDAQ
2026-09-03T07:56:57.533214+09:00,2026-09-03,PLTR,Palantir Technologies Inc.,US,IT,2026-09-02,169.46,39578542,35803932.1,7.1781,407222288384,47,60,42,35,49,1,HOLD,0.21,3,False,live,STOCK,77,NEUTRAL,NASDAQ
2026-09-03T07:56:57.533214+09:00,2026-09-03,KO,The Coca-Cola Company,US,소매,2026-09-02,88.24,17458515,14340340.75,1.4121,379656929280,54,60,50,37,51,0,HOLD,0.26,3,False,live,STOCK,61,NEUTRAL,NYSE
2026-09-03T07:56:57.533214+09:00,2026-09-03,MRK,"Merck & Co., Inc.",US,제약/바이오,2026-09-02,151.64,8756709,11155760.45,4.8007,374121889792,95,65,50,35,69,2,WATCH,1.08,13,False,live,STOCK,93,NEUTRAL,NYSE
2026-09-03T07:56:57.533214+09:00,2026-09-03,CAT,Caterpillar Inc.,US,산업재,2026-09-02,792.28,2434831,2552321.55,25.8071,364191219712,28,60,60,50,42,0,AVOID,-0.56,-7,True,live,STOCK,26,NEUTRAL,NYSE
2026-09-03T07:56:57.533214+09:00,2026-09-03,UNH,UnitedHealth Group Incorporated,US,제약/바이오,2026-09-02,399.66,3261743,4129387.15,7.9857,358732759040,69,65,83,66,69,1,HOLD,0.77,9,False,live,STOCK,52,NEUTRAL,NYSE
2026-09-03T07:56:57.533214+09:00,2026-09-03,HSBC,HSBC Holdings plc,US,금융,2026-09-02,104.94,1387363,1109158.15,1.3261,359532888064,66,60,55,68,62,0,HOLD,0.58,7,False,live,STOCK,61,NEUTRAL,NYSE
2026-09-03T07:56:57.533214+09:00,2026-09-03,LRCX,Lam Research Corporation,US,반도체,2026-09-02,288.32,4830379,7459188.95,15.1671,360780857344,18,65,73,42,45,1,HOLD,-0.46,-6,False,live,STOCK,46,NEUTRAL,NASDAQ
2026-09-03T07:56:57.533214+09:00,2026-09-03,PG,The Procter & Gamble Company,US,소매,2026-09-02,147.64,7426036,9288376.8,2.29,342919348224,73,60,50,45,61,2,WATCH,0.57,7,False,live,STOCK,76,NEUTRAL,NYSE
2026-09-03T07:56:57.533214+09:00,2026-09-03,AMAT,"Applied Materials, Inc.",US,반도체,2026-09-02,438.46,6491747,7217267.35,22.3767,347960737792,20,65,65,58,43,0,AVOID,-0.54,-6,True,live,STOCK,30,NEUTRAL,NASDAQ
2026-09-03T07:56:57.533214+09:00,2026-09-03,NFLX,"Netflix, Inc.",US,인터넷,2026-09-02,82.73,21992669,27516753.45,2.1579,344482742272,80,65,42,50,56,1,HOLD,0.32,4,False,live,STOCK,45,NEUTRAL,NASDAQ
2026-09-03T07:56:57.533214+09:00,2026-09-03,GE,GE Aerospace,US,산업재,2026-09-02,329.5,2685114,3579435.7,9.2007,341876834304,28,60,60,37,46,0,HOLD,-0.11,-1,False,live,STOCK,60,NEUTRAL,NYSE
2026-09-03T07:56:57.533214+09:00,2026-09-03,MS,Morgan Stanley,US,금융,2026-09-02,211.82,3613938,3909066.9,4.6007,332677349376,28,60,60,60,49,0,HOLD,-0.14,-2,False,live,STOCK,52,NEUTRAL,NYSE
2026-09-03T07:56:57.533214+09:00,2026-09-03,DELL,Dell Technologies Inc.,US,IT,2026-09-02,492.2,36411468,7296768.4,27.3071,318031298560,59,60,65,66,58,0,HOLD,0.47,6,False,live,STOCK,40,NEUTRAL,NYSE
2026-09-03T07:56:57.533214+09:00,2026-09-03,HD,"The Home Depot, Inc.",US,소비재,2026-09-02,318.51,3496996,3672764.8,7.5907,317774135296,20,60,63,42,38,0,AVOID,-0.45,-5,True,live,STOCK,25,NEUTRAL,NYSE
2026-09-03T07:56:57.533214+09:00,2026-09-03,NVS,Novartis AG,US,제약/바이오,2026-09-02,162.46,4342915,1667980.75,3.6293,308790165504,88,65,55,53,62,1,HOLD,0.7,8,False,live,STOCK,40,NEUTRAL,NYSE
2026-09-03T07:56:57.533214+09:00,2026-09-03,GS,"The Goldman Sachs Group, Inc.",US,금융,2026-09-02,1004.42,2083868,1839158.4,24.0818,292458364928,31,60,60,60,44,0,AVOID,-0.33,-4,True,live,STOCK,26,NEUTRAL,NYSE
2026-09-03T07:56:57.533214+09:00,2026-09-03,PM,Philip Morris International Inc.,US,소매,2026-09-02,187.94,2924601,4409520.05,4.5229,292925800448,47,60,58,58,55,0,HOLD,0.25,3,False,live,STOCK,61,NEUTRAL,NYSE
2026-09-03T07:56:57.533214+09:00,2026-09-03,RY,Royal Bank of Canada,US,금융,2026-09-02,207.86,858393,1368209.65,3.7754,287767592960,44,60,60,50,54,0,HOLD,0.24,3,False,live,STOCK,63,NEUTRAL,NYSE
2026-09-03T07:56:57.533214+09:00,2026-09-03,RTX,RTX Corporation,US,산업재,2026-09-02,200.78,4686727,4334391.35,4.6452,270602862592,39,60,45,58,49,0,HOLD,0.1,1,False,live,STOCK,61,NEUTRAL,NYSE
2026-09-03T07:56:57.533214+09:00,2026-09-03,WFC,Wells Fargo & Company,US,금융,2026-09-02,89.27,20553650,12249132.5,1.8029,269952401408,84,60,60,60,67,1,HOLD,0.88,11,False,live,STOCK,61,NEUTRAL,NYSE
2026-09-03T07:56:57.533214+09:00,2026-09-03,BABA,Alibaba Group Holding Limited,US,소비재,2026-09-02,111.81,6812000,12637235.0,3.9126,277917564928,35,60,55,58,52,0,HOLD,-0.15,-2,False,live,STOCK,69,NEUTRAL,NYSE
2026-09-03T07:56:57.533214+09:00,2026-09-03,PANW,"Palo Alto Networks, Inc.",US,IT,2026-09-02,328.48,13170703,6047110.15,19.8707,267711201280,47,60,57,30,50,0,HOLD,0.25,3,False,live,STOCK,63,NEUTRAL,NASDAQ
2026-09-03T07:56:57.533214+09:00,2026-09-03,MUFG,"Mitsubishi UFJ Financial Group, Inc.",US,금융,2026-09-02,23.42,2923697,2475459.85,0.4542,263610023936,92,60,58,60,68,1,HOLD,0.93,11,False,live,STOCK,54,NEUTRAL,NYSE
2026-09-03T07:56:57.533214+09:00,2026-09-03,SHEL,Shell plc,US,에너지,2026-09-02,92.8,8111566,5772859.3,1.3377,255243845632,69,60,55,78,66,1,HOLD,0.64,8,False,live,STOCK,67,NEUTRAL,NYSE
2026-09-03T07:56:57.533214+09:00,2026-09-03,ARM,Arm Holdings plc American Depositary Sha,US,반도체,2026-09-02,234.86,2423600,3674005.0,14.8931,250830143488,10,65,65,35,34,0,AVOID,-0.84,-10,True,live,STOCK,24,NEUTRAL,NASDAQ
2026-09-03T07:56:57.533214+09:00,2026-09-03,AZN,AstraZeneca PLC,US,제약/바이오,2026-09-02,161.63,3300672,3492198.6,3.2321,250671300608,57,65,68,58,60,0,HOLD,0.22,3,False,live,STOCK,52,NEUTRAL,NYSE
2026-09-03T07:56:57.533214+09:00,2026-09-03,GEV,GE Vernova Inc.,US,산업재,2026-09-02,921.94,2648317,2076085.85,43.7869,245543583744,25,60,60,50,45,0,HOLD,-0.32,-4,False,live,STOCK,46,NEUTRAL,NYSE
2026-09-03T07:56:57.533214+09:00,2026-09-03,SAP,SAP SE,US,IT,2026-09-02,209.69,1506488,2465714.4,5.9264,242025103360,54,60,58,42,57,1,HOLD,0.5,6,False,live,STOCK,77,NEUTRAL,NYSE
2026-09-03T07:56:57.533214+09:00,2026-09-03,AMGN,Amgen Inc.,US,제약/바이오,2026-09-02,442.84,2282634,2484516.7,9.3758,239413477376,73,65,45,50,63,2,WATCH,0.75,9,False,live,STOCK,90,NEUTRAL,NASDAQ
2026-09-03T07:56:57.533214+09:00,2026-09-03,BHP,BHP Group Limited,US,소재,2026-09-02,93.43,2119942,2764322.1,2.4507,237450182656,65,60,50,45,57,0,HOLD,0.36,4,False,live,STOCK,69,NEUTRAL,NYSE
2026-09-03T07:56:57.533214+09:00,2026-09-03,TM,Toyota Motor Corporation,US,소비재,2026-09-02,198.3,256015,338765.75,3.0639,234823581696,81,60,50,54,60,1,HOLD,0.59,7,False,live,STOCK,51,NEUTRAL,NYSE
2026-09-03T07:56:57.533214+09:00,2026-09-03,ANET,"Arista Networks, Inc.",US,IT,2026-09-02,186.1,4357203,6899220.15,7.2829,234713923584,47,60,60,42,53,0,HOLD,0.2,2,False,live,STOCK,61,NEUTRAL,NYSE
2026-09-03T07:56:57.533214+09:00,2026-09-03,TXN,Texas Instruments Incorporated,US,반도체,2026-09-02,254.8,3876789,5558789.45,7.8871,232695513088,18,65,75,58,44,1,AVOID,-0.55,-7,True,live,STOCK,23,NEUTRAL,NASDAQ
2026-09-03T07:56:57.533214+09:00,2026-09-03,C,Citigroup Inc.,US,금융,2026-09-02,134.34,7668254,8274642.7,2.6914,225346846720,28,60,70,76,52,2,HOLD,-0.05,-1,False,live,STOCK,36,NEUTRAL,NYSE
2026-09-03T07:56:57.533214+09:00,2026-09-03,SNDK,Sandisk Corporation,US,IT,2026-09-02,1553.4,8866446,13677857.3,115.1943,227447291904,65,60,70,50,60,1,HOLD,0.26,3,False,live,STOCK,49,NEUTRAL,NASDAQ
2026-09-03T07:56:57.533214+09:00,2026-09-03,TMO,Thermo Fisher Scientific Inc.,US,제약/바이오,2026-09-02,608.54,1616965,1673028.25,16.9277,225006010368,66,65,53,58,65,1,HOLD,0.76,9,False,live,STOCK,90,NEUTRAL,NYSE
2026-09-03T07:56:57.533214+09:00,2026-09-03,LIN,Linde plc,US,소재,2026-09-02,487.45,1153614,1929170.7,7.7321,224704790528,72,60,60,58,59,1,HOLD,0.32,4,False,live,STOCK,39,NEUTRAL,NASDAQ
2026-09-03T07:56:57.533214+09:00,2026-09-03,KLAC,KLA Corporation,US,반도체,2026-09-02,172.26,6414711,9159800.55,7.2407,225065746432,10,65,73,42,38,1,AVOID,-0.73,-9,True,live,STOCK,24,NEUTRAL,NASDAQ
2026-09-03T07:56:57.533214+09:00,2026-09-03,AXP,American Express Company,US,금융,2026-09-02,329.98,2285049,2304827.45,5.9786,222838751232,32,60,81,50,49,1,HOLD,0.03,0,False,live,STOCK,25,NEUTRAL,NYSE
2026-09-03T07:56:57.533214+09:00,2026-09-03,IBM,International Business Machines Corporat,US,IT,2026-09-02,231.7,4648208,4991085.4,5.9211,218292535296,40,60,81,58,57,1,HOLD,-0.03,0,False,live,STOCK,44,NEUTRAL,NYSE
2026-09-03T07:56:57.533214+09:00,2026-09-03,SAN,"Banco Santander, S.A.",US,금융,2026-09-02,14.75,8639931,20270891.55,0.2718,214370680832,66,60,55,76,62,1,HOLD,0.57,7,False,live,STOCK,51,NEUTRAL,NYSE
2026-09-03T07:56:57.533214+09:00,2026-09-03,CRM,"Salesforce, Inc.",US,IT,2026-09-02,256.93,13359403,16289125.15,11.275,211453378560,70,60,52,66,67,2,WATCH,0.82,10,False,live,STOCK,87,NEUTRAL,NYSE
2026-09-03T07:56:57.533214+09:00,2026-09-03,VZ,Verizon Communications Inc.,US,인터넷,2026-09-02,50.22,18669236,18539471.8,0.8082,208652812288,76,65,60,84,67,2,WATCH,0.7,8,False,live,STOCK,48,NEUTRAL,NYSE
2026-09-03T07:56:57.533214+09:00,2026-09-03,NVO,Novo Nordisk A/S,US,제약/바이오,2026-09-02,46.77,13594449,12028302.45,1.2682,206771568640,69,65,68,73,71,2,WATCH,0.89,11,False,live,STOCK,77,NEUTRAL,NYSE
2026-09-03T07:56:57.533214+09:00,2026-09-03,CRWD,"CrowdStrike Holdings, Inc.",US,IT,2026-09-02,203.42,12268302,9958870.1,13.8799,208288825344,69,60,65,30,60,1,HOLD,0.68,8,False,live,STOCK,71,NEUTRAL,NASDAQ
2026-09-03T07:56:57.533214+09:00,2026-09-03,TD,The Toronto-Dominion Bank,US,금융,2026-09-02,121.47,2324638,2077256.9,2.2329,199029932032,84,60,55,50,66,1,HOLD,0.78,9,False,live,STOCK,69,NEUTRAL,NYSE
2026-09-03T07:56:57.533214+09:00,2026-09-03,TTE,TotalEnergies SE,US,에너지,2026-09-02,90.22,2246629,1407331.45,1.6443,199626883072,65,60,55,86,67,2,WATCH,0.55,7,False,live,STOCK,71,NEUTRAL,NYSE
2026-09-03T07:56:57.533214+09:00,2026-09-03,TMUS,"T-Mobile US, Inc.",US,인터넷,2026-09-02,187.3,5351532,4015066.6,4.175,200911405056,69,65,60,74,66,1,HOLD,0.59,7,False,live,STOCK,62,NEUTRAL,NASDAQ
2026-09-03T07:56:57.533214+09:00,2026-09-03,APH,Amphenol Corporation,US,IT,2026-09-02,160.08,6521828,10734598.1,8.3264,197375983616,77,60,63,50,61,1,HOLD,0.68,8,False,live,STOCK,45,NEUTRAL,NYSE
2026-09-03T07:56:57.533214+09:00,2026-09-03,PEP,"PepsiCo, Inc.",US,소매,2026-09-02,140.52,7035617,6446940.85,2.2726,191950323712,51,60,60,42,51,0,HOLD,0.06,1,False,live,STOCK,47,NEUTRAL,NASDAQ
2026-09-03T07:56:57.533214+09:00,2026-09-03,ABT,Abbott Laboratories,US,제약/바이오,2026-09-02,110.47,8430297,7761164.85,2.5157,191155453952,51,65,63,58,62,1,HOLD,0.61,7,False,live,STOCK,83,NEUTRAL,NYSE
2026-09-03T07:56:57.533214+09:00,2026-09-03,DE,Deere & Company,US,산업재,2026-09-02,698.37,2026254,1315057.7,22.7464,188298297344,88,60,50,50,65,1,HOLD,0.86,10,False,live,STOCK,69,NEUTRAL,NYSE
2026-09-03T07:56:57.533214+09:00,2026-09-03,SCHW,The Charles Schwab Corporation,US,금융,2026-09-02,108.24,7085250,7244707.5,2.1747,187183284224,51,60,50,66,57,0,HOLD,0.4,5,False,live,STOCK,69,NEUTRAL,NYSE
2026-09-03T07:56:57.533214+09:00,2026-09-03,DIS,The Walt Disney Company,US,인터넷,2026-09-02,107.98,7534710,8988190.5,2.4064,186447659008,62,65,60,58,64,1,HOLD,0.62,7,False,live,STOCK,77,NEUTRAL,NYSE
2026-09-03T07:56:57.533214+09:00,2026-09-03,GILD,"Gilead Sciences, Inc.",US,제약/바이오,2026-09-02,149.61,4922963,6079863.15,3.6807,185509691392,81,65,50,60,68,2,WATCH,0.91,11,False,live,STOCK,84,NEUTRAL,NASDAQ
2026-09-03T07:56:57.533214+09:00,2026-09-03,MCD,McDonald's Corporation,US,소비재,2026-09-02,260.95,5100029,4247716.45,4.7122,184659066880,28,60,60,50,43,0,AVOID,-0.38,-5,True,live,STOCK,32,NEUTRAL,NYSE
2026-09-03T07:56:57.533214+09:00,2026-09-03,SHOP,Shopify Inc.,US,IT,2026-09-02,141.87,6032277,9455993.85,5.5182,184098258944,54,60,60,35,56,1,HOLD,0.46,6,False,live,STOCK,72,NEUTRAL,NASDAQ
2026-09-03T07:56:57.533214+09:00,2026-09-03,STX,Seagate Technology Holdings plc,US,IT,2026-09-02,808.54,2656324,3994946.2,54.5343,183251140608,28,60,68,50,53,1,HOLD,-0.17,-2,False,live,STOCK,70,NEUTRAL,NASDAQ
2026-09-03T07:56:57.533214+09:00,2026-09-03,MRVL,"Marvell Technology, Inc.",US,반도체,2026-09-02,206.48,15004161,24282058.05,15.9207,185564528640,36,65,79,35,53,1,HOLD,-0.08,-1,False,live,STOCK,59,NEUTRAL,NASDAQ
2026-09-03T07:56:57.533214+09:00,2026-09-03,UBS,UBS Group AG,US,금융,2026-09-02,54.9,1692471,1575133.55,0.8186,168089649152,91,60,73,66,75,2,WATCH,1.15,14,False,live,STOCK,61,NEUTRAL,NYSE
2026-09-03T07:56:57.533214+09:00,2026-09-03,QCOM,QUALCOMM Incorporated,US,반도체,2026-09-02,169.96,7511325,9265806.25,5.1664,181527560192,59,65,65,66,60,0,HOLD,0.11,1,False,live,STOCK,46,NEUTRAL,NASDAQ
2026-09-03T07:56:57.533214+09:00,2026-09-03,T,AT&T Inc.,US,인터넷,2026-09-02,25.95,33751931,34524751.55,0.4764,177819418624,69,65,50,78,67,2,WATCH,0.73,9,False,live,STOCK,80,NEUTRAL,NYSE
2026-09-03T07:56:57.533214+09:00,2026-09-03,NEE,"NextEra Energy, Inc.",US,유틸리티,2026-09-02,83.1,12712990,10511639.5,1.1746,173344784384,25,60,63,42,50,1,HOLD,-0.05,-1,False,live,STOCK,78,NEUTRAL,NYSE
2026-09-03T07:56:57.533214+09:00,2026-09-03,ADI,"Analog Devices, Inc.",US,반도체,2026-09-02,355.71,3186448,3546017.4,10.8209,172364775424,18,65,50,58,37,0,AVOID,-0.81,-10,True,live,STOCK,23,NEUTRAL,NASDAQ
2026-09-03T07:56:57.533214+09:00,2026-09-03,UNP,Union Pacific Corporation,US,산업재,2026-09-02,289.73,1891342,2443757.1,6.8,172121505792,50,60,60,42,54,0,HOLD,0.29,3,False,live,STOCK,61,NEUTRAL,NYSE
2026-09-03T07:56:57.533214+09:00,2026-09-03,WELL,Welltower Inc.,US,리츠,2026-09-02,238.59,2516633,2824041.65,4.3136,171921276928,91,60,78,38,75,3,BUY,1.26,15,False,live,STOCK,84,NEUTRAL,NYSE
2026-09-03T07:56:57.533214+09:00,2026-09-03,BLK,"BlackRock, Inc.",US,금융,2026-09-02,1107.08,723189,572849.45,22.3154,179874136064,47,60,60,66,50,0,HOLD,0.12,1,False,live,STOCK,26,NEUTRAL,NYSE
2026-09-03T07:56:57.533214+09:00,2026-09-03,SCCO,Southern Copper Corporation,US,소재,2026-09-02,204.26,789157,1101114.9,9.0807,172465635328,65,60,53,37,49,0,HOLD,0.09,1,False,live,STOCK,32,NEUTRAL,NYSE
2026-09-03T07:56:57.533214+09:00,2026-09-03,COP,ConocoPhillips,US,에너지,2026-09-02,137.2,6019092,7035414.6,3.0793,164823498752,91,60,42,58,67,2,WATCH,0.91,11,False,live,STOCK,77,NEUTRAL,NYSE
2026-09-03T07:56:57.533214+09:00,2026-09-03,RIO,Rio Tinto Group,US,소재,2026-09-02,102.75,1781878,2263198.9,2.2679,167108411392,65,60,55,55,55,0,HOLD,0.17,2,False,live,STOCK,40,NEUTRAL,NYSE
2026-09-03T07:56:57.533214+09:00,2026-09-03,PFE,Pfizer Inc.,US,제약/바이오,2026-09-02,29.02,39230415,37976030.75,0.6357,165404524544,73,65,64,66,71,2,WATCH,0.96,12,False,live,STOCK,84,NEUTRAL,NYSE
2026-09-03T07:56:57.533214+09:00,2026-09-03,BX,Blackstone Inc.,US,금융,2026-09-02,136.82,2330043,3720077.15,4.0293,163540647936,51,60,72,50,61,1,HOLD,0.58,7,False,live,STOCK,69,NEUTRAL,NYSE
2026-09-03T07:56:57.533214+09:00,2026-09-03,BA,The Boeing Company,US,산업재,2026-09-02,208.87,6422328,5020276.4,4.2471,165084594176,32,60,63,35,41,0,AVOID,-0.35,-4,True,live,STOCK,26,NEUTRAL,NYSE
2026-09-03T07:56:57.533214+09:00,2026-09-03,BBVA,"Banco Bilbao Vizcaya Argentaria, S.A.",US,금융,2026-09-02,29.16,974170,1604463.5,0.3854,160913784832,73,60,55,60,62,1,HOLD,0.68,8,False,live,STOCK,60,NEUTRAL,NYSE
2026-09-03T07:56:57.533214+09:00,2026-09-03,TBB,AT&T Inc. 5.35% GLB NTS 66,US,인터넷,2026-09-02,19.38,107535,93271.75,0.1685,,50,65,58,80,56,1,HOLD,0.05,1,False,live,STOCK,40,NEUTRAL,NYSE
2026-09-03T07:56:57.533214+09:00,2026-09-03,BUD,Anheuser-Busch InBev SA/NV,US,소매,2026-09-02,79.02,2330831,2002411.55,1.2336,155600355328,50,60,58,60,60,1,HOLD,0.3,4,False,live,STOCK,76,NEUTRAL,NYSE
2026-09-03T07:56:57.533214+09:00,2026-09-03,UBER,"Uber Technologies, Inc.",US,IT,2026-09-02,76.45,12973697,19229029.85,2.5034,156153708544,55,60,66,55,62,1,HOLD,0.49,6,False,live,STOCK,71,NEUTRAL,NYSE
2026-09-03T07:56:57.533214+09:00,2026-09-03,WDC,Western Digital Corporation,US,IT,2026-09-02,448.9,3939127,7570286.35,30.6807,161846820864,40,60,58,68,51,0,HOLD,-0.26,-3,False,live,STOCK,41,NEUTRAL,NASDAQ
2026-09-03T07:56:57.533214+09:00,2026-09-03,BKNG,Booking Holdings Inc.,US,소비재,2026-09-02,199.6,4845310,5189045.5,6.0793,149975547904,51,60,58,74,60,1,HOLD,0.46,6,False,live,STOCK,61,NEUTRAL,NASDAQ
2026-09-03T07:56:57.533214+09:00,2026-09-03,IBKR,"Interactive Brokers Group, Inc.",US,금융,2026-09-02,89.12,4308129,4377901.45,3.2957,151844044800,28,60,85,58,51,1,HOLD,-0.04,0,False,live,STOCK,28,NEUTRAL,NASDAQ
2026-09-03T07:56:57.533214+09:00,2026-09-03,ETN,Eaton Corporation plc,US,산업재,2026-09-02,390.85,1630880,1737724.0,12.7932,151806148608,35,60,70,58,53,1,HOLD,-0.08,-1,False,live,STOCK,48,NEUTRAL,NYSE
2026-09-03T07:56:57.533214+09:00,2026-09-03,DHR,Danaher Corporation,US,제약/바이오,2026-09-02,209.91,2951009,3198250.45,6.1292,147563806720,55,65,60,58,62,1,HOLD,0.62,7,False,live,STOCK,81,NEUTRAL,NYSE
2026-09-03T07:56:57.533214+09:00,2026-09-03,TJX,"The TJX Companies, Inc.",US,소비재,2026-09-02,131.31,6997505,7231895.25,3.11,144437592064,10,60,50,42,32,0,AVOID,-0.96,-12,True,live,STOCK,26,NEUTRAL,NYSE
2026-09-03T07:56:57.533214+09:00,2026-09-03,SONY,Sony Group Corporation,US,IT,2026-09-02,24.65,3121209,4132360.45,0.5336,144296312832,84,60,45,58,65,2,WATCH,0.77,9,False,live,STOCK,75,NEUTRAL,NYSE
2026-09-03T07:56:57.533214+09:00,2026-09-03,NOW,"ServiceNow, Inc.",US,IT,2026-09-02,136.72,14507032,18146481.6,6.4232,141349617664,84,60,50,35,64,2,WATCH,0.86,10,False,live,STOCK,84,NEUTRAL,NYSE
2026-09-03T07:56:57.533214+09:00,2026-09-03,VRTX,Vertex Pharmaceuticals Incorporated,US,제약/바이오,2026-09-02,556.75,1734185,1162469.25,13.3071,141114376192,95,65,53,58,73,2,WATCH,1.12,13,False,live,STOCK,83,NEUTRAL,NASDAQ
2026-09-03T07:56:57.533214+09:00,2026-09-03,UL,Unilever PLC,US,소매,2026-09-02,64.57,3540763,3491753.15,0.9446,139036295168,91,60,58,53,70,2,WATCH,1.02,12,False,live,STOCK,71,NEUTRAL,NYSE
2026-09-03T07:56:57.533214+09:00,2026-09-03,BMY,Bristol-Myers Squibb Company,US,제약/바이오,2026-09-02,67.66,7818379,8841358.95,1.5157,138210082816,73,65,60,76,72,3,BUY,0.95,11,False,live,STOCK,83,NEUTRAL,NYSE
2026-09-03T07:56:57.533214+09:00,2026-09-03,MFG,"Mizuho Financial Group, Inc.",US,금융,2026-09-02,11.07,3670789,2821304.45,0.2286,133980782592,88,60,58,68,68,1,HOLD,0.89,11,False,live,STOCK,51,NEUTRAL,NYSE
2026-09-03T07:56:57.533214+09:00,2026-09-03,PBR,Petróleo Brasileiro S.A. - Petrobras,US,에너지,2026-09-02,20.86,24205340,19804922.0,0.6305,134429483008,73,60,50,73,66,3,WATCH,0.76,9,False,live,STOCK,72,NEUTRAL,NYSE
2026-09-03T07:56:57.533214+09:00,2026-09-03,COF,Capital One Financial Corporation,US,금융,2026-09-02,216.6,4044162,3021143.1,5.2178,132880826368,51,60,53,86,59,1,HOLD,0.41,5,False,live,STOCK,55,NEUTRAL,NYSE
2026-09-03T07:56:57.533214+09:00,2026-09-03,NEM,Newmont Corporation,US,소재,2026-09-02,125.16,6336080,8431009.0,5.1012,131880132608,62,60,53,76,66,2,WATCH,0.7,8,False,live,STOCK,80,NEUTRAL,NYSE
2026-09-03T07:56:57.533214+09:00,2026-09-03,ISRG,"Intuitive Surgical, Inc.",US,제약/바이오,2026-09-02,371.88,2052689,2419409.45,11.2007,133236441088,25,65,50,50,46,1,HOLD,-0.33,-4,False,live,STOCK,70,NEUTRAL,NASDAQ
2026-09-03T07:56:57.533214+09:00,2026-09-03,CB,Chubb Limited,US,금융,2026-09-02,339.42,1711804,1615555.2,5.162,130948194304,32,60,60,68,52,0,HOLD,0.06,1,False,live,STOCK,54,NEUTRAL,NYSE
2026-09-03T07:56:57.533214+09:00,2026-09-03,PGR,The Progressive Corporation,US,금융,2026-09-02,221.38,1670771,2277378.55,4.6261,128643923968,76,60,53,73,70,3,BUY,0.9,11,False,live,STOCK,83,NEUTRAL,NYSE
2026-09-03T07:56:57.533214+09:00,2026-09-03,PLD,"Prologis, Inc.",US,리츠,2026-09-02,136.59,3618315,3797095.75,1.8564,132777959424,28,60,58,45,46,0,HOLD,-0.24,-3,False,live,STOCK,56,NEUTRAL,NYSE
2026-09-03T07:56:57.533214+09:00,2026-09-03,SPGI,S&P Global Inc.,US,금융,2026-09-02,431.71,2024568,1819978.4,11.254,127268102144,84,60,63,50,60,1,HOLD,0.63,8,False,live,STOCK,32,NEUTRAL,NYSE
2026-09-03T07:56:57.533214+09:00,2026-09-03,GLW,Corning Inc,US,IT,2026-09-02,144.13,7845675,9122868.75,8.0443,124151906304,18,60,70,43,40,1,AVOID,-0.64,-8,True,live,STOCK,24,NEUTRAL,NYSE
2026-09-03T07:56:57.533214+09:00,2026-09-03,CVS,CVS Health Corp.,US,제약/바이오,2026-09-02,97.23,5401221,8094206.05,2.0379,124354289664,76,65,70,74,70,3,BUY,0.79,9,False,live,STOCK,55,NEUTRAL,NYSE
2026-09-03T07:56:57.533214+09:00,2026-09-03,LMT,Lockheed Martin Corporation,US,산업재,2026-09-02,531.55,1234535,1003946.75,14.1294,122676822016,35,60,40,42,42,0,AVOID,-0.26,-3,True,live,STOCK,54,NEUTRAL,NYSE
2026-09-03T07:56:57.533214+09:00,2026-09-03,SBUX,Starbucks Corporation,US,소비재,2026-09-02,106.72,5203526,5807541.3,2.4474,121660801024,62,60,50,43,56,0,HOLD,0.44,5,False,live,STOCK,69,NEUTRAL,NASDAQ
2026-09-03T07:56:57.533214+09:00,2026-09-03,BMO,Bank of Montreal,US,금융,2026-09-02,172.82,623346,824547.3,3.6593,120480841728,44,60,63,58,53,0,HOLD,0.16,2,False,live,STOCK,48,NEUTRAL,NYSE
2026-09-03T07:56:57.533214+09:00,2026-09-03,BTI,British American Tobacco p.l.c.,US,소매,2026-09-02,55.68,4772436,4268111.8,1.0229,119915388928,50,60,55,60,49,0,HOLD,-0.13,-2,False,live,STOCK,26,NEUTRAL,NYSE
2026-09-03T07:56:57.533214+09:00,2026-09-03,PH,Parker-Hannifin Corporation,US,산업재,2026-09-02,949.38,500610,679325.5,23.55,119666950144,39,60,50,53,47,0,HOLD,-0.0,0,False,live,STOCK,48,NEUTRAL,NYSE
2026-09-03T07:56:57.533214+09:00,2026-09-03,SYK,Stryker Corporation,US,제약/바이오,2026-09-02,312.19,2185442,2155442.1,9.2939,119747674112,39,65,53,58,49,0,HOLD,-0.03,0,False,live,STOCK,48,NEUTRAL,NYSE
2026-09-03T07:56:57.533214+09:00,2026-09-03,HDB,HDFC Bank Limited,US,금융,2026-09-02,23.21,11093044,9008562.2,0.4164,119253426176,50,60,55,52,50,0,HOLD,-0.02,0,False,live,STOCK,41,NEUTRAL,NYSE
2026-09-03T07:56:57.533214+09:00,2026-09-03,MDT,Medtronic plc,US,제약/바이오,2026-09-02,92.18,9157834,7601906.7,2.1382,117988630528,55,65,55,58,58,0,HOLD,0.47,6,False,live,STOCK,67,NEUTRAL,NYSE
2026-09-03T07:56:57.533214+09:00,2026-09-03,PDD,PDD Holdings Inc.,US,소비재,2026-09-02,82.25,5041064,6503983.2,2.5804,117074362368,43,60,60,94,55,1,HOLD,-0.06,-1,False,live,STOCK,26,NEUTRAL,NASDAQ
2026-09-03T07:56:57.533214+09:00,2026-09-03,MO,"Altria Group, Inc.",US,소매,2026-09-02,69.56,9234858,9548427.9,1.5879,116147380224,72,60,60,68,68,2,WATCH,0.66,8,False,live,STOCK,76,NEUTRAL,NYSE
2026-09-03T07:56:57.533214+09:00,2026-09-03,BP,BP p.l.c.,US,에너지,2026-09-02,43.93,7760703,8759780.15,0.9526,113137524736,65,60,55,74,63,1,HOLD,0.46,6,False,live,STOCK,63,NEUTRAL,NYSE
2026-09-03T07:56:57.533214+09:00,2026-09-03,SPOT,Spotify Technology S.A.,US,인터넷,2026-09-02,559.36,1363890,1725599.5,20.9761,114995576832,74,65,50,42,58,1,HOLD,0.58,7,False,live,STOCK,61,NEUTRAL,NYSE
2026-09-03T07:56:57.533214+09:00,2026-09-03,ACN,Accenture plc,US,IT,2026-09-02,187.68,2876147,5026567.35,6.7946,114849284096,62,60,50,68,63,1,HOLD,0.53,6,False,live,STOCK,80,NEUTRAL,NYSE
2026-09-03T07:56:57.533214+09:00,2026-09-03,BNS,The Bank of Nova Scotia,US,금융,2026-09-02,93.31,1396497,2096394.85,2.05,113729019904,91,60,60,60,70,1,HOLD,1.0,12,False,live,STOCK,63,NEUTRAL,NYSE
2026-09-03T07:56:57.533214+09:00,2026-09-03,FTNT,"Fortinet, Inc.",US,IT,2026-09-02,154.54,5169967,4510353.35,6.9714,113388101632,69,60,65,42,60,0,HOLD,0.5,6,False,live,STOCK,55,NEUTRAL,NASDAQ
2026-09-03T07:56:57.533214+09:00,2026-09-03,MPC,Marathon Petroleum Corporation,US,에너지,2026-09-02,387.0,2395529,2609126.45,10.3274,108679184384,80,60,50,68,71,2,WATCH,0.98,12,False,live,STOCK,93,NEUTRAL,NYSE
2026-09-03T07:56:57.533214+09:00,2026-09-03,ADP,"Automatic Data Processing, Inc.",US,IT,2026-09-02,281.16,1828732,2064291.6,5.8186,111694397440,73,60,50,42,59,1,HOLD,0.63,8,False,live,STOCK,69,NEUTRAL,NASDAQ
2026-09-03T07:56:57.533214+09:00,2026-09-03,LOW,"Lowe's Companies, Inc.",US,소비재,2026-09-02,199.84,2728712,2979185.6,5.075,112121028608,35,60,60,60,47,0,HOLD,-0.23,-3,False,live,STOCK,33,NEUTRAL,NYSE
2026-09-03T07:56:57.533214+09:00,2026-09-03,BNY,Bank of New York Mellon Corp,US,금융,2026-09-02,162.04,3170066,2530338.3,2.9463,109944807424,62,60,48,50,54,0,HOLD,0.38,5,False,live,STOCK,55,NEUTRAL,NYSE
2026-09-03T07:56:57.533214+09:00,2026-09-03,ADBE,Adobe Inc.,US,IT,2026-09-02,279.79,3777838,4310751.9,10.3446,111216525312,84,60,60,76,76,3,BUY,1.07,13,False,live,STOCK,90,NEUTRAL,NASDAQ
2026-09-03T07:56:57.533214+09:00,2026-09-03,ENB,Enbridge Inc.,US,에너지,2026-09-02,50.31,4370639,5628646.95,0.9166,109881344000,50,60,60,37,46,0,HOLD,-0.2,-2,False,live,STOCK,29,NEUTRAL,NYSE
2026-09-03T07:56:57.533214+09:00,2026-09-03,IBN,ICICI Bank Limited,US,금융,2026-09-02,30.58,4087206,4924035.3,0.4907,109739761664,92,60,53,58,68,1,HOLD,0.94,11,False,live,STOCK,63,NEUTRAL,NYSE
2026-09-03T07:56:57.533214+09:00,2026-09-03,ABNB,"Airbnb, Inc.",US,소비재,2026-09-02,183.26,3411452,5775972.6,4.7836,109733453824,66,60,50,42,59,1,HOLD,0.61,7,False,live,STOCK,80,NEUTRAL,NASDAQ
2026-09-03T07:56:57.533214+09:00,2026-09-03,MCK,McKesson Corporation,US,제약/바이오,2026-09-02,924.78,821541,1005247.05,22.9417,107820433408,85,65,56,66,64,1,HOLD,0.74,9,False,live,STOCK,40,NEUTRAL,NYSE
2026-09-03T07:56:57.533214+09:00,2026-09-03,CNQ,Canadian Natural Resources Limited,US,에너지,2026-09-02,51.81,4980118,5951115.9,1.1421,106806321152,76,60,53,63,65,1,HOLD,0.7,8,False,live,STOCK,69,NEUTRAL,NYSE
2026-09-03T07:56:57.533214+09:00,2026-09-03,APP,AppLovin Corporation,US,IT,2026-09-02,319.05,3872404,6236960.2,11.9147,107181498368,47,60,60,58,48,0,HOLD,-0.32,-4,False,live,STOCK,20,NEUTRAL,NASDAQ
2026-09-03T07:56:57.533214+09:00,2026-09-03,CM,Canadian Imperial Bank of Commerce,US,금융,2026-09-02,115.66,717975,1091988.75,2.8021,105011814400,44,60,55,60,51,0,HOLD,0.1,1,False,live,STOCK,48,NEUTRAL,NYSE
2026-09-03T07:56:57.533214+09:00,2026-09-03,SNY,Sanofi,US,제약/바이오,2026-09-02,44.47,2170257,2457457.85,0.7164,106556235776,58,65,55,61,51,0,HOLD,0.09,1,False,live,STOCK,25,NEUTRAL,NASDAQ
2026-09-03T07:56:57.533214+09:00,2026-09-03,FCX,Freeport-McMoRan Inc.,US,소재,2026-09-02,73.93,11958507,14154990.35,3.045,106164772864,87,60,50,53,60,1,HOLD,0.52,6,False,live,STOCK,40,NEUTRAL,NYSE
2026-09-03T07:56:57.533214+09:00,2026-09-03,SNOW,Snowflake Inc.,US,IT,2026-09-02,305.84,10770913,4353500.65,12.6528,106004144128,51,60,60,22,53,1,HOLD,0.4,5,False,live,STOCK,75,NEUTRAL,NYSE
2026-09-03T07:56:57.533214+09:00,2026-09-03,VLO,Valero Energy Corporation,US,에너지,2026-09-02,366.09,2838121,2469376.05,10.4071,105407365120,85,60,60,71,76,3,BUY,1.15,14,False,live,STOCK,90,NEUTRAL,NYSE
2026-09-03T07:56:57.533214+09:00,2026-09-03,SOMN,The Southern Company,US,유틸리티,2026-09-02,47.87,393822,131866.1,0.5661,,28,60,55,50,43,0,AVOID,-0.37,-4,True,live,STOCK,42,NEUTRAL,NYSE
2026-09-03T07:56:57.533214+09:00,2026-09-03,EQNR,Equinor ASA,US,에너지,2026-09-02,43.58,2337779,2640678.95,1.0306,103431299072,91,60,55,78,72,2,WATCH,1.02,12,False,live,STOCK,63,NEUTRAL,NYSE
2026-09-03T07:56:57.533214+09:00,2026-09-03,CEG,Constellation Energy Corporation,US,유틸리티,2026-09-02,290.04,2875561,2589588.05,9.0245,102763315200,81,60,63,45,63,1,HOLD,0.7,8,False,live,STOCK,55,NEUTRAL,NASDAQ
2026-09-03T07:56:57.533214+09:00,2026-09-03,ING,ING Groep N.V.,US,금융,2026-09-02,36.37,1553631,1838306.55,0.4857,103757742080,70,60,50,60,58,1,HOLD,0.53,6,False,live,STOCK,52,NEUTRAL,NYSE
2026-09-03T07:56:57.533214+09:00,2026-09-03,SMFG,"Sumitomo Mitsui Financial Group, Inc.",US,금융,2026-09-02,26.72,1638354,1250027.7,0.47,169204842496,88,60,50,60,64,1,HOLD,0.8,10,False,live,STOCK,55,NEUTRAL,NYSE
2026-09-03T07:56:57.533214+09:00,2026-09-03,SOJE,Southern Company (The) Series 2,US,유틸리티,2026-09-02,15.75,65393,50894.65,0.2104,,28,60,58,50,44,0,AVOID,-0.35,-4,True,live,STOCK,40,NEUTRAL,NYSE
2026-09-03T07:56:57.533214+09:00,2026-09-03,PSX,Phillips 66,US,에너지,2026-09-02,256.09,2886583,2907644.15,7.227,102675447808,80,60,50,60,70,2,WATCH,0.96,12,False,live,STOCK,93,NEUTRAL,NYSE
2026-09-03T07:56:57.533214+09:00,2026-09-03,MELI,"MercadoLibre, Inc.",US,소비재,2026-09-02,2006.58,390957,488682.85,65.2293,101727182848,75,60,65,50,69,2,WATCH,0.94,11,False,live,STOCK,83,NEUTRAL,NASDAQ
2026-09-03T07:56:57.533214+09:00,2026-09-03,SO,The Southern Company,US,유틸리티,2026-09-02,88.31,5873581,5302589.05,1.3063,101588557824,20,60,63,42,46,0,HOLD,-0.25,-3,False,live,STOCK,62,NEUTRAL,NYSE
2026-09-03T07:56:57.533214+09:00,2026-09-03,HWM,Howmet Aerospace Inc.,US,산업재,2026-09-02,252.96,3628295,2768889.75,9.6303,100880809984,28,60,63,50,42,0,AVOID,-0.32,-4,True,live,STOCK,26,NEUTRAL,NYSE
2026-09-03T07:56:57.533214+09:00,2026-09-03,GSK,GSK plc,US,제약/바이오,2026-09-02,50.44,2899866,2898198.3,0.9874,101021515776,28,65,45,63,44,0,AVOID,-0.29,-3,True,live,STOCK,49,NEUTRAL,NYSE
2026-09-03T07:56:57.533214+09:00,2026-09-03,EQIX,"Equinix, Inc.",US,리츠,2026-09-02,1019.24,747687,580049.35,31.9697,100570128384,43,60,48,35,43,0,AVOID,-0.29,-3,True,live,STOCK,43,NEUTRAL,NASDAQ
2026-09-03T07:56:57.533214+09:00,2026-09-03,CME,CME Group Inc.,US,금융,2026-09-02,277.77,2225002,1819265.1,6.26,99880329216,84,60,65,45,68,2,WATCH,0.92,11,False,live,STOCK,74,NEUTRAL,NASDAQ
2026-09-03T07:56:57.533214+09:00,2026-09-03,AEM,Agnico Eagle Mines Limited,US,소재,2026-09-02,196.66,2521737,3773411.85,9.153,99581714432,62,60,55,55,64,1,HOLD,0.69,8,False,live,STOCK,87,NEUTRAL,NYSE
2026-09-03T07:56:57.533214+09:00,2026-09-03,VRT,Vertiv Holdings Co,US,산업재,2026-09-02,256.7,3007714,4169235.7,12.2502,98826469376,15,60,53,50,36,0,AVOID,-0.8,-10,True,live,STOCK,30,NEUTRAL,NYSE
2026-09-03T07:56:57.533214+09:00,2026-09-03,DASH,"DoorDash, Inc.",US,인터넷,2026-09-02,226.24,3389407,4587030.35,7.4716,98029330432,73,65,50,43,63,2,WATCH,0.75,9,False,live,STOCK,86,NEUTRAL,NASDAQ
2026-09-03T07:56:57.533214+09:00,2026-09-03,GD,General Dynamics Corporation,US,산업재,2026-09-02,364.07,1575155,847512.75,6.7679,98501754880,39,60,53,50,48,0,HOLD,0.02,0,False,live,STOCK,54,NEUTRAL,NYSE
2026-09-03T07:56:57.533214+09:00,2026-09-03,USB,U.S. Bancorp,US,금융,2026-09-02,62.77,7333157,6079307.85,1.1296,97798889472,44,60,73,60,59,1,HOLD,0.47,6,False,live,STOCK,61,NEUTRAL,NYSE
2026-09-03T07:56:57.533214+09:00,2026-09-03,NET,"Cloudflare, Inc.",US,IT,2026-09-02,272.74,3349009,3988885.45,16.622,97117175808,43,60,50,27,46,0,HOLD,-0.04,0,False,live,STOCK,64,NEUTRAL,NYSE
2026-09-03T07:56:57.533214+09:00,2026-09-03,PNC,"The PNC Financial Services Group, Inc.",US,금융,2026-09-02,242.46,1383885,1431009.25,4.7839,96727883776,29,60,63,60,53,0,HOLD,0.16,2,False,live,STOCK,67,NEUTRAL,NYSE
2026-09-03T07:56:57.533214+09:00,2026-09-03,TT,Trane Technologies plc,US,산업재,2026-09-02,439.02,819905,911790.25,9.6268,96594575360,20,60,63,50,40,0,AVOID,-0.55,-7,True,live,STOCK,23,NEUTRAL,NYSE
2026-09-03T07:56:57.533214+09:00,2026-09-03,HOOD,"Robinhood Markets, Inc.",US,금융,2026-09-02,106.99,16549518,18363660.9,6.2564,96192815104,80,60,60,42,60,1,HOLD,0.68,8,False,live,STOCK,47,NEUTRAL,NASDAQ
2026-09-03T07:56:57.533214+09:00,2026-09-03,KKR,KKR & Co. Inc.,US,금융,2026-09-02,106.43,4368253,4673757.65,3.5454,98297741312,47,60,58,66,57,0,HOLD,0.38,5,False,live,STOCK,61,NEUTRAL,NYSE
2026-09-03T07:56:57.533214+09:00,2026-09-03,CMCSA,Comcast Corporation,US,인터넷,2026-09-02,26.81,18885248,21115137.4,0.6121,95138947072,62,65,52,73,65,2,WATCH,0.68,8,False,live,STOCK,80,NEUTRAL,NASDAQ
2026-09-03T07:56:57.533214+09:00,2026-09-03,BNH,Brookfield Finance Inc.,US,금융,2026-09-02,14.94,23884,14764.2,0.1108,,31,60,55,50,44,0,AVOID,-0.3,-4,True,live,STOCK,40,NEUTRAL,NYSE
2026-09-03T07:56:57.533214+09:00,2026-09-03,DUK,Duke Energy Corporation,US,유틸리티,2026-09-02,120.56,3418317,4462930.85,1.7271,94000898048,28,60,63,42,46,0,HOLD,-0.19,-2,False,live,STOCK,50,NEUTRAL,NYSE
2026-09-03T07:56:57.533214+09:00,2026-09-03,INTU,Intuit Inc.,US,IT,2026-09-02,342.94,3106157,3956717.85,16.6857,93806780416,47,60,60,66,61,1,HOLD,0.45,5,False,live,STOCK,77,NEUTRAL,NASDAQ
2026-09-03T07:56:57.533214+09:00,2026-09-03,WMB,"The Williams Companies, Inc.",US,에너지,2026-09-02,75.16,8745584,6898369.2,2.2596,91933270016,69,60,53,42,62,1,HOLD,0.58,7,False,live,STOCK,84,NEUTRAL,NYSE
2026-09-03T07:56:57.533214+09:00,2026-09-03,PWR,"Quanta Services, Inc.",US,산업재,2026-09-02,610.78,806902,1062240.1,25.24,91826741248,28,60,68,35,41,0,AVOID,-0.53,-6,True,live,STOCK,26,NEUTRAL,NYSE
2026-09-03T07:56:57.533214+09:00,2026-09-03,BNJ,Brookfield Finance Inc. 4.50% P,US,금융,2026-09-02,14.81,21713,15950.65,0.1198,,28,60,55,50,43,0,AVOID,-0.31,-4,True,live,STOCK,40,NEUTRAL,NYSE
2026-09-03T07:56:57.533214+09:00,2026-09-03,CSX,CSX Corporation,US,산업재,2026-09-02,48.65,9864244,9441942.2,1.0236,90122903552,43,60,55,58,51,0,HOLD,0.03,0,False,live,STOCK,48,NEUTRAL,NASDAQ
2026-09-03T07:56:57.533214+09:00,2026-09-03,MRSH,"Marsh & McLennan Companies, Inc.",US,금융,2026-09-02,187.84,3011669,1952333.45,3.7639,89639362560,51,60,32,66,48,0,HOLD,0.07,1,False,live,STOCK,48,NEUTRAL,NYSE
2026-09-03T07:56:57.533214+09:00,2026-09-03,ITUB,Itaú Unibanco Holding S.A.,US,금융,2026-09-02,8.08,24590646,22376017.3,0.2236,89056722944,73,60,55,70,58,2,HOLD,0.38,5,False,live,STOCK,26,NEUTRAL,NYSE
2026-09-03T07:56:57.533214+09:00,2026-09-03,BN,Brookfield Corporation,US,금융,2026-09-02,39.71,4292134,3984846.7,0.9182,88646672384,20,60,50,35,39,0,AVOID,-0.56,-7,True,live,STOCK,55,NEUTRAL,NYSE
2026-09-03T07:56:57.533214+09:00,2026-09-03,ICE,"Intercontinental Exchange, Inc.",US,금융,2026-09-02,157.85,3192866,3291688.3,3.3139,88616124416,62,60,53,50,61,1,HOLD,0.62,7,False,live,STOCK,83,NEUTRAL,NYSE
2026-09-03T07:56:57.533214+09:00,2026-09-03,BCS,Barclays PLC,US,금융,2026-09-02,26.2,4315517,2574480.85,0.3993,87908032512,39,60,50,96,55,1,HOLD,0.07,1,False,live,STOCK,45,NEUTRAL,NYSE
2026-09-03T07:56:57.533214+09:00,2026-09-03,ELV,Elevance Health Inc.,US,제약/바이오,2026-09-02,405.84,980762,883693.1,8.4964,88014233600,84,65,85,68,79,3,BUY,1.12,13,False,live,STOCK,73,NEUTRAL,NYSE
2026-09-03T07:56:57.533214+09:00,2026-09-03,REGN,"Regeneron Pharmaceuticals, Inc.",US,제약/바이오,2026-09-02,852.03,749264,716323.2,20.2418,87720747008,63,65,60,58,65,1,HOLD,0.75,9,False,live,STOCK,83,NEUTRAL,NASDAQ
2026-09-03T07:56:57.533214+09:00,2026-09-03,WM,"Waste Management, Inc.",US,산업재,2026-09-02,219.04,2336649,2000312.45,3.6186,87553613824,28,60,60,50,40,0,AVOID,-0.41,-5,True,live,STOCK,19,NEUTRAL,NYSE
2026-09-03T07:56:57.533214+09:00,2026-09-03,UPS,"United Parcel Service, Inc.",US,산업재,2026-09-02,103.01,3130275,4594883.75,1.8828,87639007232,50,60,63,66,55,0,HOLD,0.07,1,False,live,STOCK,39,NEUTRAL,NYSE
2026-09-03T07:56:57.533214+09:00,2026-09-03,HCA,"HCA Healthcare, Inc.",US,제약/바이오,2026-09-02,402.06,1534758,1202462.9,10.6939,87046594560,50,65,66,60,56,0,HOLD,0.33,4,False,live,STOCK,48,NEUTRAL,NYSE
2026-09-03T07:56:57.533214+09:00,2026-09-03,MMM,3M Company,US,산업재,2026-09-02,168.75,2174431,2626241.55,3.3326,87028162560,39,60,63,58,52,0,HOLD,0.15,2,False,live,STOCK,48,NEUTRAL,NYSE
2026-09-03T07:56:57.533214+09:00,2026-09-03,MNST,Monster Beverage Corporation,US,소매,2026-09-02,44.42,10508139,9562521.95,1.1514,87021076480,40,60,70,34,55,2,HOLD,-0.0,0,False,live,STOCK,76,NEUTRAL,NASDAQ
2026-09-03T07:56:57.533214+09:00,2026-09-03,MAR,"Marriott International, Inc.",US,소비재,2026-09-02,333.14,1255444,1528207.2,6.763,86871687168,20,60,60,58,41,0,AVOID,-0.61,-7,True,live,STOCK,26,NEUTRAL,NASDAQ
2026-09-03T07:56:57.533214+09:00,2026-09-03,LYG,Lloyds Banking Group plc,US,금융,2026-09-02,5.98,8365858,11640597.9,0.0964,86534250496,44,60,58,76,50,1,HOLD,0.08,1,False,live,STOCK,22,NEUTRAL,NYSE
2026-09-03T07:56:57.533214+09:00,2026-09-03,SLB,Slb N.V.,US,에너지,2026-09-02,58.13,13819343,11235687.15,1.9379,86273245184,84,60,50,58,61,1,HOLD,0.52,6,False,live,STOCK,48,NEUTRAL,NYSE
2026-09-03T07:56:57.533214+09:00,2026-09-03,EPD,Enterprise Products Partners L.P.,US,에너지,2026-09-02,39.36,1986113,2895150.65,0.6027,84997029888,88,60,55,60,69,1,HOLD,0.82,10,False,live,STOCK,69,NEUTRAL,NYSE
2026-09-03T07:56:57.533214+09:00,2026-09-03,MCO,Moody's Corporation,US,금융,2026-09-02,490.0,661721,726311.05,11.1714,84858683392,54,60,50,42,52,0,HOLD,0.23,3,False,live,STOCK,61,NEUTRAL,NYSE
2026-09-03T07:56:57.533214+09:00,2026-09-03,CDNS,"Cadence Design Systems, Inc.",US,IT,2026-09-02,306.67,2559756,2099727.8,11.1757,84454768640,43,60,60,35,44,0,AVOID,-0.36,-4,True,live,STOCK,33,NEUTRAL,NASDAQ
2026-09-03T07:56:57.533214+09:00,2026-09-03,JCI,Johnson Controls International plc,US,소재,2026-09-02,139.25,2501989,2966924.45,3.4879,84349493248,35,60,50,58,47,0,HOLD,-0.26,-3,False,live,STOCK,48,NEUTRAL,NYSE
2026-09-03T07:56:57.533214+09:00,2026-09-03,EMR,Emerson Electric Co.,US,산업재,2026-09-02,148.98,2885715,2571060.75,3.6861,83101040640,39,60,60,58,54,0,HOLD,0.14,2,False,live,STOCK,61,NEUTRAL,NYSE
2026-09-03T07:56:57.533214+09:00,2026-09-03,ASX,"ASE Technology Holding Co., Ltd.",US,반도체,2026-09-02,37.08,3412614,6306845.7,1.6221,96543916032,50,65,55,37,46,0,HOLD,-0.17,-2,False,live,STOCK,36,NEUTRAL,NYSE
2026-09-03T07:56:57.533214+09:00,2026-09-03,CVNA,Carvana Co.,US,소비재,2026-09-02,74.16,7097196,8577999.8,3.6299,82203672576,77,60,58,42,63,2,WATCH,0.78,9,False,live,STOCK,71,NEUTRAL,NYSE
2026-09-03T07:56:57.533214+09:00,2026-09-03,SU,Suncor Energy Inc.,US,에너지,2026-09-02,68.39,2984169,4099078.45,1.5693,80751165440,91,60,53,63,64,1,HOLD,0.65,8,False,live,STOCK,40,NEUTRAL,NYSE
2026-09-03T07:56:57.533214+09:00,2026-09-03,AMT,American Tower Corporation,US,리츠,2026-09-02,172.92,2578881,2140364.05,3.6692,80573816832,50,60,60,42,49,0,HOLD,-0.08,-1,False,live,STOCK,36,NEUTRAL,NYSE
2026-09-03T07:56:57.533214+09:00,2026-09-03,SHW,The Sherwin-Williams Company,US,소재,2026-09-02,331.25,1396150,1606342.5,7.4796,80413638656,39,60,60,50,52,0,HOLD,0.18,2,False,live,STOCK,60,NEUTRAL,NYSE
2026-09-03T07:56:57.533214+09:00,2026-09-03,E,Eni S.p.A.,US,에너지,2026-09-02,55.21,429000,366210.0,1.04,79540060160,58,60,50,60,58,0,HOLD,0.29,3,False,live,STOCK,68,NEUTRAL,NYSE
2026-09-03T07:56:57.533214+09:00,2026-09-03,MDLZ,"Mondelez International, Inc.",US,소매,2026-09-02,62.45,6041039,6652731.95,1.1989,79705440256,43,60,63,58,51,0,HOLD,0.03,0,False,live,STOCK,40,NEUTRAL,NASDAQ
2026-09-03T07:56:57.533214+09:00,2026-09-03,SNPS,"Synopsys, Inc.",US,IT,2026-09-02,415.97,1268741,1633712.05,16.8361,79715090432,55,60,53,43,50,0,HOLD,-0.17,-2,False,live,STOCK,43,NEUTRAL,NASDAQ
2026-09-03T07:56:57.533214+09:00,2026-09-03,MSI,"Motorola Solutions, Inc.",US,IT,2026-09-02,478.92,1281848,1047922.4,10.1879,79258288128,69,60,50,50,58,0,HOLD,0.54,6,False,live,STOCK,61,NEUTRAL,NYSE
2026-09-03T07:56:57.533214+09:00,2026-09-03,EOG,"EOG Resources, Inc.",US,에너지,2026-09-02,148.96,3295693,2984789.65,3.1746,78133870592,69,60,60,78,68,2,WATCH,0.7,8,False,live,STOCK,71,NEUTRAL,NYSE
2026-09-03T07:56:57.533214+09:00,2026-09-03,BAM,Brookfield Asset Management Ltd.,US,금융,2026-09-02,49.67,1581574,2402918.7,1.2884,79335481344,39,60,61,42,49,0,HOLD,0.1,1,False,live,STOCK,55,NEUTRAL,NYSE
2026-09-03T07:56:57.533214+09:00,2026-09-03,CTAS,Cintas Corporation,US,산업재,2026-09-02,198.09,2173170,1772673.5,3.4855,79269584896,50,60,58,29,52,0,HOLD,0.33,4,False,live,STOCK,69,NEUTRAL,NASDAQ
2026-09-03T07:56:57.533214+09:00,2026-09-03,ECL,Ecolab Inc.,US,소재,2026-09-02,279.9,1382269,1449488.45,5.3993,78463975424,47,60,55,58,58,1,HOLD,0.36,4,False,live,STOCK,77,NEUTRAL,NYSE
2026-09-03T07:56:57.533214+09:00,2026-09-03,CP,Canadian Pacific Kansas City Ltd.,US,산업재,2026-09-02,89.54,2647790,2268764.5,1.895,78712758272,43,60,63,58,56,0,HOLD,0.15,2,False,live,STOCK,61,NEUTRAL,NYSE
2026-09-03T07:56:57.533214+09:00,2026-09-03,NGG,National Grid plc,US,유틸리티,2026-09-02,78.05,1377966,744238.3,1.0857,78468882432,28,60,55,60,47,0,HOLD,-0.24,-3,False,live,STOCK,52,NEUTRAL,NYSE
2026-09-03T07:56:57.533214+09:00,2026-09-03,ITW,Illinois Tool Works Inc.,US,산업재,2026-09-02,269.09,1670247,973822.35,4.9841,76636831744,39,60,50,42,45,0,HOLD,-0.09,-1,False,live,STOCK,48,NEUTRAL,NYSE
2026-09-03T07:56:57.533214+09:00,2026-09-03,GM,General Motors Company,US,소비재,2026-09-02,84.87,5852539,5092931.95,1.8729,76760801280,43,60,50,74,52,1,HOLD,0.01,0,False,live,STOCK,45,NEUTRAL,NYSE
2026-09-03T07:56:57.533214+09:00,2026-09-03,TRV,"The Travelers Companies, Inc.",US,금융,2026-09-02,366.18,1177790,1579389.5,6.0939,76375998464,51,60,53,78,58,1,HOLD,0.37,4,False,live,STOCK,54,NEUTRAL,NYSE
2026-09-03T07:56:57.533214+09:00,2026-09-03,NTES,"NetEase, Inc.",US,IT,2026-09-02,119.465,435251,820667.55,3.8901,76487483392,31,60,58,68,53,0,HOLD,-0.05,-1,False,live,STOCK,63,NEUTRAL,NASDAQ
2026-09-03T07:56:57.533214+09:00,2026-09-03,APO,"Apollo Global Management, Inc.",US,금융,2026-09-02,132.29,2116184,3241734.2,4.021,78122950656,47,60,63,58,57,0,HOLD,0.29,3,False,live,STOCK,61,NEUTRAL,NYSE
2026-09-03T07:56:57.533214+09:00,2026-09-03,DB,Deutsche Bank AG,US,금융,2026-09-02,40.5,1655066,1739273.3,0.6186,76099502080,92,60,63,88,74,2,WATCH,1.04,12,False,live,STOCK,48,NEUTRAL,NYSE
2026-09-03T07:56:57.533214+09:00,2026-09-03,CMI,Cummins Inc.,US,산업재,2026-09-02,550.9,1357356,898002.8,15.3296,75839365120,10,60,70,58,40,1,AVOID,-0.73,-9,True,live,STOCK,20,NEUTRAL,NYSE
2026-09-03T07:56:57.533214+09:00,2026-09-03,FDX,FedEx Corporation,US,산업재,2026-09-02,316.54,1277655,1517072.75,8.7296,74915659776,46,60,66,68,51,0,HOLD,-0.06,-1,False,live,STOCK,20,NEUTRAL,NYSE
2026-09-03T07:56:57.533214+09:00,2026-09-03,CI,Cigna Corporation,US,제약/바이오,2026-09-02,282.84,1340171,1658008.55,5.5268,74737778688,76,65,60,94,71,2,WATCH,0.73,9,False,live,STOCK,55,NEUTRAL,NYSE
2026-09-03T07:56:57.533214+09:00,2026-09-03,NU,Nu Holdings Ltd.,US,금융,2026-09-02,15.4,80770188,70915389.4,0.7684,74392608768,85,60,45,66,62,1,HOLD,0.68,8,False,live,STOCK,48,NEUTRAL,NYSE
2026-09-03T07:56:57.533214+09:00,2026-09-03,DDOG,"Datadog, Inc.",US,IT,2026-09-02,209.23,6108678,5135203.9,12.4161,75129266176,18,60,63,35,41,0,AVOID,-0.58,-7,True,live,STOCK,48,NEUTRAL,NASDAQ
2026-09-03T07:56:57.533214+09:00,2026-09-03,NOC,Northrop Grumman Corporation,US,산업재,2026-09-02,523.82,738896,650734.8,13.4236,74415456256,35,60,45,55,45,0,HOLD,-0.24,-3,False,live,STOCK,52,NEUTRAL,NYSE
2026-09-03T07:56:57.533214+09:00,2026-09-03,TGT,Target Corporation,US,소매,2026-09-02,163.36,2798611,4932630.55,5.3914,74213916672,73,60,53,60,66,2,WATCH,0.8,10,False,live,STOCK,80,NEUTRAL,NYSE
2026-09-03T07:56:57.533214+09:00,2026-09-03,NSC,Norfolk Southern Corporation,US,산업재,2026-09-02,330.06,1143121,1212326.05,7.0186,74134241280,50,60,60,45,53,0,HOLD,0.23,3,False,live,STOCK,54,NEUTRAL,NYSE
2026-09-03T07:56:57.533214+09:00,2026-09-03,ET,Energy Transfer LP,US,에너지,2026-09-02,21.54,6908558,9054037.9,0.3436,74168672256,91,60,75,68,77,2,WATCH,1.19,14,False,live,STOCK,69,NEUTRAL,NYSE
2026-09-03T07:56:57.533214+09:00,2026-09-03,ROST,"Ross Stores, Inc.",US,소비재,2026-09-02,230.85,2175674,2754973.7,6.9657,74052313088,40,60,55,42,48,0,HOLD,-0.09,-1,False,live,STOCK,55,NEUTRAL,NASDAQ
2026-09-03T07:56:57.533214+09:00,2026-09-03,B,Barrick Mining Corporation,US,소재,2026-09-02,44.13,15383975,12658703.75,1.6939,72632877056,62,60,50,78,61,1,HOLD,0.39,5,False,live,STOCK,58,NEUTRAL,NYSE
2026-09-03T07:56:57.533214+09:00,2026-09-03,APOS,"Apollo Global Management, Inc.",US,금융,2026-09-02,25.16,27984,66834.2,0.1915,,72,60,58,50,57,1,HOLD,0.32,4,False,live,STOCK,40,NEUTRAL,NYSE
2026-09-03T07:56:57.533214+09:00,2026-09-03,CNI,Canadian National Railway Company,US,산업재,2026-09-02,121.45,1147674,1190513.7,2.2425,73465102336,43,60,63,50,55,0,HOLD,0.19,2,False,live,STOCK,67,NEUTRAL,NYSE
2026-09-03T07:56:57.533214+09:00,2026-09-03,RACE,Ferrari N.V.,US,소비재,2026-09-02,413.23,280504,409060.2,8.1021,72631304192,47,60,60,37,54,1,HOLD,0.39,5,False,live,STOCK,75,NEUTRAL,NYSE
2026-09-03T07:56:57.533214+09:00,2026-09-03,MFC,Manulife Financial Corporation,US,금융,2026-09-02,43.29,1554594,3051079.7,0.7351,71943725056,47,60,58,76,57,1,HOLD,0.33,4,False,live,STOCK,51,NEUTRAL,NYSE
2026-09-03T07:56:57.533214+09:00,2026-09-03,CL,Colgate-Palmolive Company,US,소매,2026-09-02,90.1,4117072,4091318.6,1.6725,71825268736,35,60,53,50,47,0,HOLD,-0.05,-1,False,live,STOCK,55,NEUTRAL,NYSE
2026-09-03T07:56:57.533214+09:00,2026-09-03,ORLY,"O'Reilly Automotive, Inc.",US,소비재,2026-09-02,86.97,7549756,4713592.8,1.9361,70355320832,43,60,58,50,50,0,HOLD,-0.01,0,False,live,STOCK,51,NEUTRAL,NASDAQ
2026-09-03T07:56:57.533214+09:00,2026-09-03,BSX,Boston Scientific Corporation,US,제약/바이오,2026-09-02,48.37,17010501,18886410.05,1.8621,70099230720,40,65,75,66,59,1,HOLD,0.23,3,False,live,STOCK,55,NEUTRAL,NYSE
2026-09-03T07:56:57.533214+09:00,2026-09-03,RCL,Royal Caribbean Cruises Ltd.,US,소비재,2026-09-02,265.6,1761400,1581525.0,8.0993,71035273216,20,60,63,60,42,0,AVOID,-0.53,-6,True,live,STOCK,23,NEUTRAL,NYSE
2026-09-03T07:56:57.533214+09:00,2026-09-03,KMI,"Kinder Morgan, Inc.",US,에너지,2026-09-02,31.97,8074627,10558736.35,0.8846,71190863872,65,60,53,45,59,1,HOLD,0.41,5,False,live,STOCK,71,NEUTRAL,NYSE
2026-09-03T07:56:57.533214+09:00,2026-09-03,WBD,"Warner Bros. Discovery, Inc.",US,인터넷,2026-09-02,28.39,21704742,19388722.1,0.3736,71177609216,62,65,53,38,56,0,HOLD,0.36,4,False,live,STOCK,69,NEUTRAL,NASDAQ
2026-09-03T07:56:57.533214+09:00,2026-09-03,AON,Aon plc,US,금융,2026-09-02,330.88,2052590,956839.5,9.4841,70188064768,32,60,53,50,43,0,AVOID,-0.24,-3,True,live,STOCK,37,NEUTRAL,NYSE
2026-09-03T07:56:57.533214+09:00,2026-09-03,HLT,Hilton Worldwide Holdings Inc.,US,소비재,2026-09-02,311.51,1276076,1832223.8,6.8793,70109970432,28,60,60,50,40,0,AVOID,-0.49,-6,True,live,STOCK,20,NEUTRAL,NYSE
2026-09-03T07:56:57.533214+09:00,2026-09-03,SATA,Strive Inc. Perp. Pfd. Series A,US,금융,2026-09-02,100.0,306011,258450.55,0.2815,,54,60,58,42,59,1,HOLD,0.43,5,False,live,STOCK,84,NEUTRAL,NASDAQ
2026-09-03T07:56:57.533214+09:00,2026-09-03,APD,"Air Products and Chemicals, Inc.",US,소재,2026-09-02,309.45,881604,914330.2,6.2475,68910039040,91,60,60,42,69,2,WATCH,0.98,12,False,live,STOCK,77,NEUTRAL,NYSE
2026-09-03T07:56:57.533214+09:00,2026-09-03,HPE,Hewlett Packard Enterprise Company,US,IT,2026-09-02,51.83,58753944,17743882.2,2.3904,68633468928,32,60,81,66,58,1,HOLD,0.12,1,False,live,STOCK,55,NEUTRAL,NYSE
2026-09-03T07:56:57.533214+09:00,2026-09-03,AMX,"América Móvil, S.A.B. de C.V.",US,인터넷,2026-09-02,22.88,2113174,3116818.7,0.4036,68538753024,31,65,55,76,47,1,HOLD,-0.39,-5,False,live,STOCK,29,NEUTRAL,NYSE
2026-09-03T07:56:57.533214+09:00,2026-09-03,WPM,Wheaton Precious Metals Corp.,US,소재,2026-09-02,150.91,1482937,2513486.85,6.6407,68537282560,66,60,60,50,66,1,HOLD,0.83,10,False,live,STOCK,93,NEUTRAL,NYSE
2026-09-03T07:56:57.533214+09:00,2026-09-03,RSG,"Republic Services, Inc.",US,산업재,2026-09-02,222.52,1713285,1472079.25,3.5629,68138516480,91,60,67,50,64,1,HOLD,0.75,9,False,live,STOCK,32,NEUTRAL,NYSE
2026-09-03T07:56:57.533214+09:00,2026-09-03,SPG,"Simon Property Group, Inc.",US,리츠,2026-09-02,210.2,919139,1271866.95,3.1264,79796854784,28,60,72,47,48,1,HOLD,-0.06,-1,False,live,STOCK,45,NEUTRAL,NYSE
2026-09-03T07:56:57.533214+09:00,2026-09-03,DLR,"Digital Realty Trust, Inc.",US,리츠,2026-09-02,183.76,2045209,2093175.45,5.0186,69399478272,43,60,63,46,52,0,HOLD,0.08,1,False,live,STOCK,57,NEUTRAL,NYSE
2026-09-03T07:56:57.533214+09:00,2026-09-03,AJG,Arthur J. Gallagher & Co.,US,금융,2026-09-02,264.46,1847932,1346516.6,7.1918,67791937536,95,60,63,58,74,2,WATCH,1.17,14,False,live,STOCK,75,NEUTRAL,NYSE
2026-09-03T07:56:57.533214+09:00,2026-09-03,LITE,Lumentum Holdings Inc.,US,IT,2026-09-02,870.58,2770980,4776384.0,69.1383,78091026432,43,60,50,50,52,0,HOLD,-0.06,-1,False,live,STOCK,69,NEUTRAL,NASDAQ
2026-09-03T07:56:57.533214+09:00,2026-09-03,SE,Sea Limited,US,소비재,2026-09-02,112.81,1388040,4576977.0,4.3257,69094383616,40,60,50,50,54,1,HOLD,0.31,4,False,live,STOCK,86,NEUTRAL,NYSE
2026-09-03T07:56:57.533214+09:00,2026-09-03,AEP,"American Electric Power Company, Inc.",US,유틸리티,2026-09-02,123.57,2834671,3485123.55,2.0257,67271184384,50,60,60,42,52,0,HOLD,0.07,1,False,live,STOCK,52,NEUTRAL,NASDAQ
2026-09-03T07:56:57.533214+09:00,2026-09-03,VALE,Vale S.A.,US,소재,2026-09-02,15.73,27917150,25507272.5,0.4286,66943143936,62,60,62,74,60,1,HOLD,0.34,4,False,live,STOCK,39,NEUTRAL,NYSE
2026-09-03T07:56:57.533214+09:00,2026-09-03,ALL,The Allstate Corporation,US,금융,2026-09-02,259.34,1085570,1701473.5,4.9079,65576181760,51,60,53,73,57,1,HOLD,0.35,4,False,live,STOCK,54,NEUTRAL,NYSE
2026-09-03T07:56:57.533214+09:00,2026-09-03,ARGX,argenx SE,US,제약/바이오,2026-09-02,1055.37,216974,306178.7,38.6912,65631109120,80,65,55,42,58,1,HOLD,0.63,8,False,live,STOCK,48,NEUTRAL,NASDAQ
2026-09-03T07:56:57.533214+09:00,2026-09-03,COR,"Cencora, Inc.",US,제약/바이오,2026-09-02,336.36,1395652,1437692.6,7.4199,64186621952,75,65,63,58,68,2,WATCH,0.9,11,False,live,STOCK,77,NEUTRAL,NYSE
2026-09-03T07:56:57.533214+09:00,2026-09-03,HON,Honeywell International Inc.,US,산업재,2026-09-02,206.07,2910298,3008534.9,4.5406,65311830016,20,60,52,65,45,0,HOLD,-0.49,-6,False,live,STOCK,52,NEUTRAL,NASDAQ
2026-09-03T07:56:57.533214+09:00,2026-09-03,TRP,TC Energy Corporation,US,에너지,2026-09-02,62.49,1692186,2034089.3,1.4429,65100017664,50,60,50,45,45,0,HOLD,-0.24,-3,False,live,STOCK,32,NEUTRAL,NYSE
2026-09-03T07:56:57.533214+09:00,2026-09-03,TDG,TransDigm Group Incorporated,US,산업재,2026-09-02,1153.75,333496,417009.8,26.1336,63775289344,20,60,56,53,37,0,AVOID,-0.62,-7,True,live,STOCK,20,NEUTRAL,NYSE
2026-09-03T07:56:57.533214+09:00,2026-09-03,PCAR,PACCAR Inc,US,산업재,2026-09-02,122.13,3203556,2677697.8,2.609,64284950528,39,60,45,58,41,0,AVOID,-0.3,-4,True,live,STOCK,19,NEUTRAL,NASDAQ
2026-09-03T07:56:57.533214+09:00,2026-09-03,BKR,Baker Hughes Company,US,에너지,2026-09-02,64.63,5133354,6308972.7,1.6554,64156520448,58,60,50,58,56,0,HOLD,0.23,3,False,live,STOCK,61,NEUTRAL,NASDAQ
2026-09-03T07:56:57.533214+09:00,2026-09-03,BE,Bloom Energy Corporation,US,산업재,2026-09-02,217.28,9125978,11731483.9,15.2999,63994904576,52,60,55,43,45,0,HOLD,-0.35,-4,False,live,STOCK,20,NEUTRAL,NYSE
2026-09-03T07:56:57.533214+09:00,2026-09-03,TFC,Truist Financial Corporation,US,금융,2026-09-02,50.81,6425036,5998036.8,0.9731,62070829056,47,60,66,70,58,1,HOLD,0.31,4,False,live,STOCK,51,NEUTRAL,NYSE
2026-09-03T07:56:57.533214+09:00,2026-09-03,TRGP,Targa Resources Corp.,US,에너지,2026-09-02,293.46,1081391,1310019.55,9.4057,62926925824,91,60,53,42,60,1,HOLD,0.67,8,False,live,STOCK,40,NEUTRAL,NYSE
2026-09-03T07:56:57.533214+09:00,2026-09-03,MET,"MetLife, Inc.",US,금융,2026-09-02,96.42,2858308,2994790.4,1.7761,61272682496,62,60,73,58,63,1,HOLD,0.67,8,False,live,STOCK,54,NEUTRAL,NYSE
2026-09-03T07:56:57.533214+09:00,2026-09-03,LNG,"Cheniere Energy, Inc.",US,에너지,2026-09-02,295.86,2600518,1637320.9,7.6579,61105192960,77,60,66,45,70,2,WATCH,1.01,12,False,live,STOCK,90,NEUTRAL,NYSE
2026-09-03T07:56:57.533214+09:00,2026-09-03,CRH,CRH plc,US,소재,2026-09-02,92.67,5460240,4515722.0,2.4057,61651910656,28,60,55,60,42,0,AVOID,-0.55,-7,True,live,STOCK,26,NEUTRAL,NYSE
2026-09-03T07:56:57.533214+09:00,2026-09-03,RELX,RELX Plc,US,산업재,2026-09-02,35.15,1926917,1884150.85,0.8539,61206114304,47,60,55,50,56,1,HOLD,0.29,3,False,live,STOCK,75,NEUTRAL,NYSE
2026-09-03T07:56:57.533214+09:00,2026-09-03,URI,"United Rentals, Inc.",US,산업재,2026-09-02,979.82,380510,414975.5,31.2932,60986433536,35,60,70,58,53,1,HOLD,-0.08,-1,False,live,STOCK,48,NEUTRAL,NYSE
2026-09-03T07:56:57.533214+09:00,2026-09-03,GWW,"W.W. Grainger, Inc.",US,산업재,2026-09-02,1284.85,260649,237752.45,22.9336,60517646336,31,60,60,50,44,0,AVOID,-0.28,-3,True,live,STOCK,33,NEUTRAL,NYSE
2026-09-03T07:56:57.533214+09:00,2026-09-03,OXY,Occidental Petroleum Corporation,US,에너지,2026-09-02,60.91,5272570,7897198.5,1.3596,60887912448,87,60,65,68,73,1,HOLD,0.91,11,False,live,STOCK,69,NEUTRAL,NYSE
2026-09-03T07:56:57.533214+09:00,2026-09-03,CVE,Cenovus Energy Inc.,US,에너지,2026-09-02,32.81,4413993,6582254.65,0.9793,60509679616,91,60,53,68,65,1,HOLD,0.76,9,False,live,STOCK,40,NEUTRAL,NYSE
2026-09-03T07:56:57.533214+09:00,2026-09-03,OKE,"ONEOK, Inc.",US,에너지,2026-09-02,96.01,3563805,3555860.25,2.5346,60521791488,91,60,55,60,65,1,HOLD,0.81,10,False,live,STOCK,48,NEUTRAL,NYSE
2026-09-03T07:56:57.533214+09:00,2026-09-03,CTVA,"Corteva, Inc.",US,소재,2026-09-02,89.97,8709480,4764284.0,2.331,60027629568,58,60,58,50,60,1,HOLD,0.57,7,False,live,STOCK,75,NEUTRAL,NYSE
2026-09-03T07:56:57.533214+09:00,2026-09-03,NUE,Nucor Corporation,US,소재,2026-09-02,263.97,1155135,1472676.75,9.665,59888373760,58,60,60,53,57,0,HOLD,0.29,3,False,live,STOCK,54,NEUTRAL,NYSE
2026-09-03T07:56:57.533214+09:00,2026-09-03,MPWR,"Monolithic Power Systems, Inc.",US,반도체,2026-09-02,1219.36,404836,580201.8,53.0353,59923009536,10,65,50,43,33,0,AVOID,-0.92,-11,True,live,STOCK,30,NEUTRAL,NASDAQ
2026-09-03T07:56:57.533214+09:00,2026-09-03,MPLX,MPLX Lp,US,에너지,2026-09-02,58.99,1281101,1280755.05,0.8904,59807498240,62,60,55,55,51,0,HOLD,0.19,2,False,live,STOCK,26,NEUTRAL,NYSE
2026-09-03T07:56:57.533214+09:00,2026-09-03,MRNA,"Moderna, Inc.",US,제약/바이오,2026-09-02,150.81,16532173,32680398.65,21.6806,60208766976,95,65,53,50,73,2,WATCH,1.16,14,False,live,STOCK,93,NEUTRAL,NASDAQ
2026-09-03T07:56:57.533214+09:00,2026-09-03,AFL,Aflac Incorporated,US,금융,2026-09-02,117.24,2209915,2144440.75,1.9137,58777485312,28,60,50,68,42,0,AVOID,-0.38,-5,True,live,STOCK,25,NEUTRAL,NYSE
2026-09-03T07:56:57.533214+09:00,2026-09-03,TAK,Takeda Pharmaceutical Company Limited,US,제약/바이오,2026-09-02,18.43,1721803,2661280.15,0.2768,58856259584,95,65,45,66,68,1,HOLD,0.95,11,False,live,STOCK,66,NEUTRAL,NYSE
2026-09-03T07:56:57.533214+09:00,2026-09-03,TEL,TE Connectivity plc,US,반도체,2026-09-02,202.21,2446365,2006748.25,5.579,58542469120,40,65,63,66,52,0,HOLD,-0.11,-1,False,live,STOCK,40,NEUTRAL,NYSE
2026-09-03T07:56:57.533214+09:00,2026-09-03,D,"Dominion Energy, Inc.",US,유틸리티,2026-09-02,66.05,5853991,3870524.55,0.9886,58092691456,20,60,60,50,42,0,AVOID,-0.39,-5,True,live,STOCK,38,NEUTRAL,NYSE
2026-09-03T07:56:57.533214+09:00,2026-09-03,NXPI,NXP Semiconductors N.V.,US,반도체,2026-09-02,228.5,2717654,2965737.7,5.6268,57619513344,40,65,76,74,56,2,HOLD,-0.11,-1,False,live,STOCK,32,NEUTRAL,NASDAQ
2026-09-03T07:56:57.533214+09:00,2026-09-03,CAH,"Cardinal Health, Inc.",US,제약/바이오,2026-09-02,245.49,1358096,1765419.8,5.2043,57095016448,92,65,53,66,69,1,HOLD,0.95,11,False,live,STOCK,61,NEUTRAL,NYSE
2026-09-03T07:56:57.533214+09:00,2026-09-03,O,Realty Income Corporation,US,리츠,2026-09-02,61.5,5397397,5490564.85,0.7275,58192408576,28,60,63,42,41,0,AVOID,-0.32,-4,True,live,STOCK,26,NEUTRAL,NYSE
2026-09-03T07:56:57.533214+09:00,2026-09-03,FANG,"Diamondback Energy, Inc.",US,에너지,2026-09-02,203.42,1592824,1752171.2,5.3771,56961622016,65,60,50,61,55,0,HOLD,0.14,2,False,live,STOCK,40,NEUTRAL,NASDAQ
2026-09-03T07:56:57.533214+09:00,2026-09-03,MT,ArcelorMittal S.A.,US,소재,2026-09-02,75.13,1247810,1380635.5,2.1371,56651153408,62,60,60,58,64,1,HOLD,0.56,7,False,live,STOCK,77,NEUTRAL,NYSE
2026-09-03T07:56:57.533214+09:00,2026-09-03,NKE,"NIKE, Inc.",US,소비재,2026-09-02,38.24,20604888,27271334.4,1.0683,56728993792,28,60,50,50,37,0,AVOID,-0.67,-8,True,live,STOCK,20,NEUTRAL,NYSE
2026-09-03T07:56:57.533214+09:00,2026-09-03,F,Ford Motor Company,US,소비재,2026-09-02,14.14,58045480,41168619.0,0.4014,56384606208,43,60,68,57,58,0,HOLD,0.14,2,False,live,STOCK,66,NEUTRAL,NYSE
2026-09-03T07:56:57.533214+09:00,2026-09-03,PSA,Public Storage,US,리츠,2026-09-02,301.33,872164,778208.2,5.5486,56272093184,20,60,63,37,39,0,AVOID,-0.44,-5,True,live,STOCK,33,NEUTRAL,NYSE
2026-09-03T07:56:57.533214+09:00,2026-09-03,FAST,Fastenal Company,US,산업재,2026-09-02,47.93,7260994,6598604.7,1.0018,54999560192,35,60,53,29,44,0,AVOID,-0.13,-2,True,live,STOCK,61,NEUTRAL,NASDAQ
2026-09-03T07:56:57.533214+09:00,2026-09-03,KEYS,"Keysight Technologies, Inc.",US,IT,2026-09-02,321.58,685694,1373369.7,12.1216,54765072384,40,60,53,50,44,0,AVOID,-0.34,-4,True,live,STOCK,33,NEUTRAL,NYSE
2026-09-03T07:56:57.533214+09:00,2026-09-03,FIX,"Comfort Systems USA, Inc.",US,산업재,2026-09-02,1560.13,326156,384532.8,81.7685,54907727872,18,60,50,58,39,0,AVOID,-0.74,-9,True,live,STOCK,33,NEUTRAL,NYSE
2026-09-03T07:56:57.533214+09:00,2026-09-03,SRE,Sempra,US,유틸리티,2026-09-02,83.79,6498576,4499493.8,2.1829,54790311936,50,60,58,58,52,0,HOLD,-0.03,0,False,live,STOCK,41,NEUTRAL,NYSE
2026-09-03T07:56:57.533214+09:00,2026-09-03,AU,AngloGold Ashanti plc,US,소재,2026-09-02,107.83,2623424,2902516.2,5.1815,54537097216,66,60,63,84,73,2,WATCH,0.94,11,False,live,STOCK,87,NEUTRAL,NYSE
2026-09-03T07:56:57.533214+09:00,2026-09-03,DVN,Devon Energy Corporation,US,에너지,2026-09-02,49.03,8492990,10542769.5,1.2825,53932998656,81,60,84,70,72,3,BUY,0.88,11,False,live,STOCK,40,NEUTRAL,NYSE
2026-09-03T07:56:57.533214+09:00,2026-09-03,NDAQ,"Nasdaq, Inc.",US,금융,2026-09-02,95.72,4640442,2700567.1,1.9575,53505310720,47,60,45,58,50,0,HOLD,0.11,1,False,live,STOCK,55,NEUTRAL,NASDAQ
2026-09-03T07:56:57.533214+09:00,2026-09-03,AME,"AMETEK, Inc.",US,산업재,2026-09-02,233.19,1250797,1301254.85,5.3454,53461430272,35,60,63,58,51,0,HOLD,-0.03,0,False,live,STOCK,48,NEUTRAL,NYSE
2026-09-03T07:56:57.533214+09:00,2026-09-03,TER,"Teradyne, Inc.",US,반도체,2026-09-02,341.62,1810183,2450569.15,21.4057,53409128448,33,65,45,50,41,0,AVOID,-0.57,-7,True,live,STOCK,38,NEUTRAL,NASDAQ
2026-09-03T07:56:57.533214+09:00,2026-09-03,GRMN,Garmin Ltd.,US,IT,2026-09-02,276.04,972042,843287.1,7.0079,53235019776,39,60,53,50,47,0,HOLD,0.06,1,False,live,STOCK,48,NEUTRAL,NYSE
2026-09-03T07:56:57.533214+09:00,2026-09-03,NOK,Nokia Oyj,US,IT,2026-09-02,9.84,48017229,66536916.45,0.3936,55090663424,37,60,55,51,45,0,HOLD,-0.42,-5,False,live,STOCK,36,NEUTRAL,NYSE
2026-09-03T07:56:57.533214+09:00,2026-09-03,WDAY,"Workday, Inc.",US,IT,2026-09-02,200.87,2774917,4719025.85,11.3136,48409669632,73,60,45,66,63,2,WATCH,0.67,8,False,live,STOCK,70,NEUTRAL,NASDAQ
2026-09-03T07:56:57.533214+09:00,2026-09-03,STT,State Street Corporation,US,금융,2026-09-02,190.04,1126444,1352207.2,4.1807,52204318720,66,60,63,76,66,1,HOLD,0.71,9,False,live,STOCK,58,NEUTRAL,NYSE
2026-09-03T07:56:57.533214+09:00,2026-09-03,COHR,"Coherent, Inc.",US,IT,2026-09-02,268.64,4167629,7329351.45,20.7021,52608376832,18,60,45,43,40,0,AVOID,-0.64,-8,True,live,STOCK,62,NEUTRAL,NYSE
2026-09-03T07:56:57.533214+09:00,2026-09-03,EW,Edwards Lifesciences Corporation,US,제약/바이오,2026-09-02,90.82,2595702,2917805.1,1.8041,52348649472,44,65,53,50,46,0,HOLD,-0.07,-1,False,live,STOCK,37,NEUTRAL,NYSE
2026-09-03T07:56:57.533214+09:00,2026-09-03,BDX,"Becton, Dickinson and Company",US,제약/바이오,2026-09-02,187.52,1474448,1796597.4,3.9504,51077976064,73,65,50,66,68,2,WATCH,0.86,10,False,live,STOCK,90,NEUTRAL,NYSE
2026-09-03T07:56:57.533214+09:00,2026-09-03,DAL,"Delta Air Lines, Inc.",US,산업재,2026-09-02,78.14,4895592,4728879.6,2.3957,51386662912,20,60,60,84,51,1,HOLD,-0.19,-2,False,live,STOCK,52,NEUTRAL,NYSE
2026-09-03T07:56:57.533214+09:00,2026-09-03,ADSK,"Autodesk, Inc.",US,IT,2026-09-02,241.73,1477849,1769662.45,10.415,50521567232,50,60,75,66,67,2,WATCH,0.62,7,False,live,STOCK,83,NEUTRAL,NASDAQ
2026-09-03T07:56:57.533214+09:00,2026-09-03,DEO,Diageo plc,US,소매,2026-09-02,91.14,840955,1280662.75,1.8243,50664800256,47,60,58,66,59,1,HOLD,0.45,5,False,live,STOCK,72,NEUTRAL,NYSE
2026-09-03T07:56:57.533214+09:00,2026-09-03,CIEN,Ciena Corporation,US,IT,2026-09-02,354.16,2838379,2014453.95,25.8407,50132385792,18,60,50,43,34,0,AVOID,-0.85,-10,True,live,STOCK,24,NEUTRAL,NYSE
2026-09-03T07:56:57.533214+09:00,2026-09-03,FNV,Franco-Nevada Corporation,US,소재,2026-09-02,259.71,737197,857464.85,8.4511,50091253760,84,60,55,50,70,2,WATCH,0.99,12,False,live,STOCK,90,NEUTRAL,NYSE
2026-09-03T07:56:57.533214+09:00,2026-09-03,ETR,Entergy Corporation,US,유틸리티,2026-09-02,106.75,3355281,2050484.05,1.8821,49812910080,65,60,63,50,62,0,HOLD,0.45,5,False,live,STOCK,67,NEUTRAL,NYSE
2026-09-03T07:56:57.533214+09:00,2026-09-03,UMC,United Microelectronics Corporation,US,반도체,2026-09-02,19.97,8752821,10757116.05,0.8253,50082934784,72,65,55,58,54,1,HOLD,0.13,2,False,live,STOCK,23,NEUTRAL,NYSE
2026-09-03T07:56:57.533214+09:00,2026-09-03,AMP,"Ameriprise Financial, Inc.",US,금융,2026-09-02,551.85,419274,383228.7,11.6205,48746684416,51,60,53,68,54,0,HOLD,0.27,3,False,live,STOCK,45,NEUTRAL,NYSE
2026-09-03T07:56:57.533214+09:00,2026-09-03,CMG,"Chipotle Mexican Grill, Inc.",US,소비재,2026-09-02,38.52,11648777,16112378.85,1.2054,48743903232,73,60,63,50,65,1,HOLD,0.79,9,False,live,STOCK,69,NEUTRAL,NYSE
2026-09-03T07:56:57.533214+09:00,2026-09-03,FITB,Fifth Third Bancorp,US,금융,2026-09-02,54.4,4409524,4837446.2,1.0779,49334956032,21,60,45,58,42,0,AVOID,-0.26,-3,True,live,STOCK,54,NEUTRAL,NYSE
2026-09-03T07:56:57.533214+09:00,2026-09-03,XYZ,"Block, Inc.",US,IT,2026-09-02,82.46,5974983,5041259.15,3.1824,49541554176,69,60,63,43,59,0,HOLD,0.61,7,False,live,STOCK,55,NEUTRAL,NYSE
2026-09-03T07:56:57.533214+09:00,2026-09-03,ELC,"Entergy Louisiana, LLC COLLATERAL TR MT",US,유틸리티,2026-09-02,19.46,40608,21385.4,0.1919,,28,60,55,50,43,0,AVOID,-0.36,-4,True,live,STOCK,40,NEUTRAL,NYSE
2026-09-03T07:56:57.533214+09:00,2026-09-03,NBIS,Nebius Group N.V.,US,IT,2026-09-02,204.09,10712561,23052658.05,16.0764,55482933248,30,60,65,58,49,0,HOLD,-0.34,-4,False,live,STOCK,44,NEUTRAL,NASDAQ
2026-09-03T07:56:57.533214+09:00,2026-09-03,TEAM,Atlassian Corporation,US,IT,2026-09-02,186.44,3544755,5551862.75,8.9537,47195201536,95,60,60,42,74,2,WATCH,1.21,15,False,live,STOCK,93,NEUTRAL,NASDAQ
2026-09-03T07:56:57.533214+09:00,2026-09-03,LHX,"L3Harris Technologies, Inc.",US,산업재,2026-09-02,261.31,1411166,1542663.3,6.1164,48659742720,20,60,63,58,48,0,HOLD,-0.4,-5,False,live,STOCK,55,NEUTRAL,NYSE
2026-09-03T07:56:57.533214+09:00,2026-09-03,INFY,Infosys Limited,US,IT,2026-09-02,11.97,10615215,15912835.75,0.3314,48482082816,43,60,60,60,57,0,HOLD,0.15,2,False,live,STOCK,69,NEUTRAL,NYSE
2026-09-03T07:56:57.533214+09:00,2026-09-03,VST,Vistra Corp.,US,유틸리티,2026-09-02,143.46,4732318,4158935.9,4.6208,48150228992,65,60,76,58,61,1,HOLD,0.3,4,False,live,STOCK,33,NEUTRAL,NYSE
2026-09-03T07:56:57.533214+09:00,2026-09-03,HUM,Humana Inc.,US,제약/바이오,2026-09-02,400.97,1138205,1073030.25,11.7618,48148598784,77,65,73,58,72,3,BUY,1.04,12,False,live,STOCK,77,NEUTRAL,NYSE
2026-09-03T07:56:57.533214+09:00,2026-09-03,AZO,"AutoZone, Inc.",US,소비재,2026-09-02,2934.52,313679,238878.95,77.3862,,28,60,60,50,49,0,HOLD,-0.15,-2,False,live,STOCK,65,NEUTRAL,NYSE
2026-09-03T07:56:57.533214+09:00,2026-09-03,CCEP,Coca-Cola Europacific Partners PLC,US,소매,2026-09-02,107.78,1304882,1578594.1,1.7379,47546519552,62,60,60,50,60,0,HOLD,0.61,7,False,live,STOCK,69,NEUTRAL,NASDAQ
2026-09-03T07:56:57.533214+09:00,2026-09-03,CARR,Carrier Global Corporation,US,산업재,2026-09-02,57.58,4820876,5107933.8,1.3305,47464636416,20,60,73,50,43,1,AVOID,-0.54,-6,True,live,STOCK,26,NEUTRAL,NYSE
2026-09-03T07:56:57.533214+09:00,2026-09-03,EBAY,eBay Inc.,US,소비재,2026-09-02,106.7,4216794,4600019.7,2.8492,47481499648,72,60,53,50,60,1,HOLD,0.4,5,False,live,STOCK,62,NEUTRAL,NASDAQ
2026-09-03T07:56:57.533214+09:00,2026-09-03,ROK,"Rockwell Automation, Inc.",US,산업재,2026-09-02,425.36,702288,739799.4,9.1785,47331487744,28,60,60,50,42,0,AVOID,-0.47,-6,True,live,STOCK,26,NEUTRAL,NYSE
2026-09-03T07:56:57.533214+09:00,2026-09-03,WAB,Westinghouse Air Brake Technologies Corp,US,산업재,2026-09-02,279.81,886549,906737.45,6.2953,47262945280,47,60,45,58,50,0,HOLD,0.05,1,False,live,STOCK,54,NEUTRAL,NYSE
2026-09-03T07:56:57.533214+09:00,2026-09-03,XEL,Xcel Energy Inc.,US,유틸리티,2026-09-02,75.51,5696767,4911678.35,1.2993,47166136320,28,60,58,42,42,0,AVOID,-0.34,-4,True,live,STOCK,41,NEUTRAL,NASDAQ
2026-09-03T07:56:57.533214+09:00,2026-09-03,ALAB,"Astera Labs, Inc. Common Stock",US,반도체,2026-09-02,274.13,2844787,3348539.35,18.4008,47557472256,10,65,65,35,34,0,AVOID,-0.84,-10,True,live,STOCK,23,NEUTRAL,NASDAQ
2026-09-03T07:56:57.533214+09:00,2026-09-03,PYPL,"PayPal Holdings, Inc.",US,금융,2026-09-02,54.67,15016378,12004128.9,2.0468,46768041984,51,60,60,86,67,2,WATCH,0.68,8,False,live,STOCK,83,NEUTRAL,NASDAQ
2026-09-03T07:56:57.533214+09:00,2026-09-03,NTRA,"Natera, Inc.",US,제약/바이오,2026-09-02,325.165,1032691,1454139.55,11.2603,46870642688,73,65,63,50,68,2,WATCH,0.91,11,False,live,STOCK,86,NEUTRAL,NASDAQ
2026-09-03T07:56:57.533214+09:00,2026-09-03,TRI,Thomson Reuters Corporation,US,산업재,2026-09-02,105.87,1730451,1800107.55,3.9686,45865488384,66,60,50,58,60,0,HOLD,0.57,7,False,live,STOCK,67,NEUTRAL,NASDAQ
2026-09-03T07:56:57.533214+09:00,2026-09-03,ABEV,Ambev S.A.,US,소매,2026-09-02,2.99,27249876,34314568.8,0.0729,46105796608,62,60,58,68,56,0,HOLD,0.14,2,False,live,STOCK,33,NEUTRAL,NYSE
2026-09-03T07:56:57.533214+09:00,2026-09-03,COIN,"Coinbase Global, Inc.",US,금융,2026-09-02,174.96,5226672,9562713.6,11.8466,46160912384,84,60,53,51,65,1,HOLD,0.73,9,False,live,STOCK,69,NEUTRAL,NASDAQ
2026-09-03T07:56:57.533214+09:00,2026-09-03,VEEV,Veeva Systems Inc.,US,IT,2026-09-02,280.72,1490251,1943987.55,11.8136,45451051008,82,60,60,50,71,2,WATCH,1.05,13,False,live,STOCK,93,NEUTRAL,NYSE
2026-09-03T07:56:57.533214+09:00,2026-09-03,ARES,Ares Management Corporation,US,금융,2026-09-02,138.06,1534568,1984398.4,4.479,45538623488,47,60,60,35,52,0,HOLD,0.28,3,False,live,STOCK,63,NEUTRAL,NYSE
2026-09-03T07:56:57.533214+09:00,2026-09-03,EXC,Exelon Corporation,US,유틸리티,2026-09-02,43.97,11911141,6147347.05,0.7861,45300269056,25,60,60,52,48,0,HOLD,-0.2,-2,False,live,STOCK,59,NEUTRAL,NASDAQ
2026-09-03T07:56:57.533214+09:00,2026-09-03,STM,STMicroelectronics N.V.,US,반도체,2026-09-02,50.71,6034693,7500479.65,1.7146,45229674496,37,65,70,58,47,1,HOLD,-0.38,-5,False,live,STOCK,17,NEUTRAL,NYSE
2026-09-03T07:56:57.533214+09:00,2026-09-03,WDS,Woodside Energy Group Ltd,US,에너지,2026-09-02,23.83,791039,513221.95,0.4836,,69,60,55,60,62,0,HOLD,0.53,6,False,live,STOCK,63,NEUTRAL,NYSE
2026-09-03T07:56:57.533214+09:00,2026-09-03,HEI,HEICO Corporation,US,산업재,2026-09-02,322.9,439052,494732.6,10.0864,45127667712,35,60,60,34,44,0,AVOID,-0.24,-3,True,live,STOCK,42,NEUTRAL,NYSE
2026-09-03T07:56:57.533214+09:00,2026-09-03,VTR,"Ventas, Inc.",US,리츠,2026-09-02,92.06,2792032,2959446.6,1.7704,47221841920,54,60,60,43,61,1,HOLD,0.62,7,False,live,STOCK,90,NEUTRAL,NYSE
2026-09-03T07:56:57.533214+09:00,2026-09-03,RVMD,"Revolution Medicines, Inc.",US,제약/바이오,2026-09-02,209.23,1329398,1823444.9,9.1808,44845608960,66,65,66,42,66,1,HOLD,0.84,10,False,live,STOCK,90,NEUTRAL,NASDAQ
2026-09-03T07:56:57.533214+09:00,2026-09-03,IX,ORIX Corporation,US,금융,2026-09-02,39.94,250830,307496.5,0.7329,43382665216,80,60,55,70,60,2,WATCH,0.42,5,False,live,STOCK,29,NEUTRAL,NYSE
2026-09-03T07:56:57.533214+09:00,2026-09-03,KDP,Keurig Dr Pepper Inc.,US,소매,2026-09-02,32.59,8432854,11002547.7,0.8414,44349317120,66,60,68,74,72,2,WATCH,0.83,10,False,live,STOCK,84,NEUTRAL,NASDAQ
2026-09-03T07:56:57.533214+09:00,2026-09-03,KB,KB Financial Group Inc.,US,금융,2026-09-02,126.25,229951,174682.55,2.7664,44327145472,92,60,55,78,68,2,WATCH,0.88,11,False,live,STOCK,42,NEUTRAL,NYSE
2026-09-03T07:56:57.533214+09:00,2026-09-03,CRWV,"CoreWeave, Inc. Class A Common Stock",US,IT,2026-09-02,80.93,15457881,27022229.05,5.4336,44635856896,25,60,60,42,38,0,AVOID,-0.68,-8,True,live,STOCK,20,NEUTRAL,NASDAQ
2026-09-03T07:56:57.533214+09:00,2026-09-03,PAYX,"Paychex, Inc.",US,산업재,2026-09-02,124.0,3246846,2241352.3,3.105,44104671232,73,60,50,50,62,2,WATCH,0.71,9,False,live,STOCK,77,NEUTRAL,NASDAQ
2026-09-03T07:56:57.533214+09:00,2026-09-03,BSBR,Banco Santander (Brasil) S.A.,US,금융,2026-09-02,5.89,6597867,4772993.35,0.1286,44101533696,59,60,48,86,59,1,HOLD,0.4,5,False,live,STOCK,48,NEUTRAL,NYSE
2026-09-03T07:56:57.533214+09:00,2026-09-03,SLF,Sun Life Financial Inc.,US,금융,2026-09-02,79.46,799743,1197767.15,1.1322,44236537856,32,60,55,50,51,1,HOLD,0.12,1,False,live,STOCK,74,NEUTRAL,NYSE
2026-09-03T07:56:57.533214+09:00,2026-09-03,TEVA,Teva Pharmaceutical Industries Limited,US,제약/바이오,2026-09-02,37.49,7687255,5218247.75,1.0434,43686952960,62,65,50,59,61,1,HOLD,0.58,7,False,live,STOCK,77,NEUTRAL,NYSE
2026-09-03T07:56:57.533214+09:00,2026-09-03,HLN,Haleon plc,US,제약/바이오,2026-09-02,9.91,10528123,7667371.15,0.1566,43580456960,54,65,55,58,56,0,HOLD,0.41,5,False,live,STOCK,61,NEUTRAL,NYSE
2026-09-03T07:56:57.533214+09:00,2026-09-03,IQV,IQVIA Holdings Inc.,US,제약/바이오,2026-09-02,263.84,1127717,1187310.85,7.5664,43428065280,63,65,50,66,65,1,HOLD,0.72,9,False,live,STOCK,90,NEUTRAL,NYSE
2026-09-03T07:56:57.533214+09:00,2026-09-03,FERG,Ferguson plc,US,산업재,2026-09-02,221.23,1667666,1743818.3,6.2618,42797543424,35,60,63,50,51,0,HOLD,-0.03,0,False,live,STOCK,60,NEUTRAL,NYSE
2026-09-03T07:56:57.533214+09:00,2026-09-03,A,"Agilent Technologies, Inc.",US,제약/바이오,2026-09-02,151.39,3077508,2147245.4,4.8429,42686803968,62,65,60,58,65,1,HOLD,0.68,8,False,live,STOCK,84,NEUTRAL,NYSE
2026-09-03T07:56:57.533214+09:00,2026-09-03,IDXX,"IDEXX Laboratories, Inc.",US,제약/바이오,2026-09-02,538.99,655414,543645.7,15.7664,42462236672,43,65,60,42,50,0,HOLD,-0.04,0,False,live,STOCK,54,NEUTRAL,NASDAQ
2026-09-03T07:56:57.533214+09:00,2026-09-03,HMC,"Honda Motor Co., Ltd.",US,소비재,2026-09-02,32.44,833761,985533.05,0.5657,42096484352,69,60,58,63,63,0,HOLD,0.67,8,False,live,STOCK,61,NEUTRAL,NYSE
2026-09-03T07:56:57.533214+09:00,2026-09-03,CCJ,Cameco Corporation,US,에너지,2026-09-02,96.38,2386914,2657780.7,4.3186,41976668160,33,60,60,35,43,0,AVOID,-0.45,-5,True,live,STOCK,41,NEUTRAL,NYSE
2026-09-03T07:56:57.533214+09:00,2026-09-03,ROP,"Roper Technologies, Inc.",US,IT,2026-09-02,415.79,646397,678794.85,10.0086,41121992704,73,60,60,68,70,2,WATCH,0.92,11,False,live,STOCK,83,NEUTRAL,NASDAQ
2026-09-03T07:56:57.533214+09:00,2026-09-03,FER,Ferrovial SE,US,산업재,2026-09-02,57.84,756910,1165575.5,1.1529,41685413888,20,60,55,38,35,0,AVOID,-0.77,-9,True,live,STOCK,23,NEUTRAL,NASDAQ
2026-09-03T07:56:57.533214+09:00,2026-09-03,CBRS,Cerebras Systems Inc.,US,반도체,2026-09-02,184.52,6951630,7965271.5,16.1529,43835318272,40,65,68,35,49,0,HOLD,-0.2,-2,False,live,STOCK,49,NEUTRAL,NASDAQ
2026-09-03T07:56:57.533214+09:00,2026-09-03,LYV,"Live Nation Entertainment, Inc.",US,인터넷,2026-09-02,179.59,1810931,1680596.55,3.8993,41837195264,50,65,60,22,48,0,HOLD,0.16,2,False,live,STOCK,54,NEUTRAL,NYSE
2026-09-03T07:56:57.533214+09:00,2026-09-03,YUM,"Yum! Brands, Inc.",US,소비재,2026-09-02,151.27,1461278,2409113.9,3.7075,41281748992,65,60,53,50,55,0,HOLD,0.25,3,False,live,STOCK,47,NEUTRAL,NYSE
2026-09-03T07:56:57.533214+09:00,2026-09-03,PRU,"Prudential Financial, Inc.",US,금융,2026-09-02,119.84,1525738,1785676.9,2.2586,41344798720,51,60,63,94,66,1,HOLD,0.62,7,False,live,STOCK,67,NEUTRAL,NYSE
2026-09-03T07:56:57.533214+09:00,2026-09-03,WCN,"Waste Connections, Inc.",US,산업재,2026-09-02,164.09,1080121,1038166.05,2.6785,41279995904,35,60,53,58,44,0,AVOID,-0.18,-2,True,live,STOCK,29,NEUTRAL,NYSE
2026-09-03T07:56:57.533214+09:00,2026-09-03,FMX,"Fomento Económico Mexicano, S.A.B. de C.",US,소매,2026-09-02,121.37,230677,413363.85,2.5164,41348509696,72,60,60,53,62,1,HOLD,0.49,6,False,live,STOCK,58,NEUTRAL,NYSE
2026-09-03T07:56:57.533214+09:00,2026-09-03,ADM,Archer-Daniels-Midland Company,US,소매,2026-09-02,85.38,3445028,3771756.4,2.6643,41149706240,84,60,63,58,65,1,HOLD,0.64,8,False,live,STOCK,46,NEUTRAL,NYSE
2026-09-03T07:56:57.533214+09:00,2026-09-03,CBRE,"CBRE Group, Inc.",US,리츠,2026-09-02,142.06,2174144,1400657.2,4.3736,41137065984,50,60,63,66,57,0,HOLD,0.37,4,False,live,STOCK,51,NEUTRAL,NYSE
2026-09-03T07:56:57.533214+09:00,2026-09-03,AXON,"Axon Enterprise, Inc.",US,산업재,2026-09-02,506.98,1047049,961522.45,30.6757,41185746944,47,60,60,35,54,1,HOLD,0.26,3,False,live,STOCK,75,NEUTRAL,NASDAQ
2026-09-03T07:56:57.533214+09:00,2026-09-03,MSCI,MSCI Inc.,US,금융,2026-09-02,560.63,397221,584796.05,12.346,40757800960,50,60,63,50,52,0,HOLD,-0.05,-1,False,live,STOCK,39,NEUTRAL,NYSE
2026-09-03T07:56:57.533214+09:00,2026-09-03,MSTR,Strategy Inc,US,IT,2026-09-02,123.19,14665180,26114334.0,8.7529,48941129728,80,60,53,62,68,2,WATCH,0.64,8,False,live,STOCK,80,NEUTRAL,NASDAQ
2026-09-03T07:56:57.533214+09:00,2026-09-03,TTWO,"Take-Two Interactive Software, Inc.",US,IT,2026-09-02,216.14,2476857,2702537.85,8.4564,40413954048,20,60,53,42,34,0,AVOID,-0.63,-8,True,live,STOCK,19,NEUTRAL,NASDAQ
2026-09-03T07:56:57.533214+09:00,2026-09-03,AIG,"American International Group, Inc.",US,금융,2026-09-02,76.13,5374194,3151714.7,1.2521,39807856640,32,60,55,94,54,1,HOLD,0.02,0,False,live,STOCK,48,NEUTRAL,NYSE
2026-09-03T07:56:57.533214+09:00,2026-09-03,GFI,Gold Fields Limited,US,소재,2026-09-02,44.92,4065098,3961629.9,1.8813,40019070976,62,60,60,65,64,1,HOLD,0.68,8,False,live,STOCK,72,NEUTRAL,NYSE
2026-09-03T07:56:57.533214+09:00,2026-09-03,PFH,"Prudential Financial, Inc. 4.125% Junior",US,금융,2026-09-02,15.25,61235,35151.75,0.2444,,50,60,58,50,50,0,HOLD,-0.05,-1,False,live,STOCK,40,NEUTRAL,NYSE
2026-09-03T07:56:57.533214+09:00,2026-09-03,DHI,"D.R. Horton, Inc.",US,소비재,2026-09-02,142.26,1672559,1901262.95,3.5693,39790301184,31,60,73,68,50,1,HOLD,-0.15,-2,False,live,STOCK,26,NEUTRAL,NYSE
2026-09-03T07:56:57.533214+09:00,2026-09-03,ED,"Consolidated Edison, Inc.",US,유틸리티,2026-09-02,107.67,2146924,2264246.2,1.563,39819448320,65,60,65,52,67,1,HOLD,0.72,9,False,live,STOCK,90,NEUTRAL,NYSE
2026-09-03T07:56:57.533214+09:00,2026-09-03,MCHP,Microchip Technology Incorporated,US,반도체,2026-09-02,72.76,5835366,9153398.3,2.3891,39509315584,15,65,70,51,39,1,AVOID,-0.71,-9,True,live,STOCK,17,NEUTRAL,NASDAQ
2026-09-03T07:56:57.533214+09:00,2026-09-03,FLEX,Flex Ltd.,US,IT,2026-09-02,105.95,2797057,2891882.85,5.16,39138242560,18,60,71,58,48,1,HOLD,-0.43,-5,False,live,STOCK,46,NEUTRAL,NASDAQ
2026-09-03T07:56:57.533214+09:00,2026-09-03,SYY,Sysco Corporation,US,소매,2026-09-02,81.76,2932016,2677715.8,1.3914,39170891776,47,60,63,50,48,0,HOLD,0.04,0,False,live,STOCK,25,NEUTRAL,NYSE
2026-09-03T07:56:57.533214+09:00,2026-09-03,JD,"JD.com, Inc.",US,소비재,2026-09-02,27.83,6753677,8620843.85,0.6803,37584412672,32,60,63,74,58,2,HOLD,0.04,0,False,live,STOCK,71,NEUTRAL,NASDAQ
2026-09-03T07:56:57.533214+09:00,2026-09-03,ODFL,"Old Dominion Freight Line, Inc.",US,산업재,2026-09-02,187.61,2130829,1531041.45,6.2164,39016931328,10,60,60,50,35,0,AVOID,-0.86,-10,True,live,STOCK,20,NEUTRAL,NASDAQ
2026-09-03T07:56:57.533214+09:00,2026-09-03,ONC,BeOne Medicines AG,US,제약/바이오,2026-09-02,361.78,288600,401175.0,10.1787,40925335552,66,65,48,51,62,1,HOLD,0.66,8,False,live,STOCK,86,NEUTRAL,NASDAQ
2026-09-03T07:56:57.533214+09:00,2026-09-03,NTR,Nutrien Ltd.,US,소재,2026-09-02,80.29,2820612,2833580.6,2.1887,38315196416,73,60,50,60,67,2,WATCH,0.84,10,False,live,STOCK,90,NEUTRAL,NYSE
2026-09-03T07:56:57.533214+09:00,2026-09-03,SHG,"Shinhan Financial Group Co., Ltd.",US,금융,2026-09-02,81.41,141389,158219.45,1.6771,38333067264,82,60,50,65,58,1,HOLD,0.53,6,False,live,STOCK,26,NEUTRAL,NYSE
2026-09-03T07:56:57.533214+09:00,2026-09-03,RKT,"Rocket Companies, Inc.",US,금융,2026-09-02,13.56,25837640,25621527.0,0.5943,38397071360,25,60,63,60,54,1,HOLD,0.04,0,False,live,STOCK,76,NEUTRAL,NYSE
2026-09-03T07:56:57.533214+09:00,2026-09-03,VIK,Viking Holdings Ltd,US,소비재,2026-09-02,85.76,3159207,3760340.35,3.9008,38303686656,20,60,55,50,38,0,AVOID,-0.56,-7,True,live,STOCK,29,NEUTRAL,NYSE
2026-09-03T07:56:57.533214+09:00,2026-09-03,HIG,"The Hartford Insurance Group, Inc.",US,금융,2026-09-02,137.21,1138562,1321508.1,2.3136,37166350336,47,60,58,86,58,1,HOLD,0.28,3,False,live,STOCK,48,NEUTRAL,NYSE
2026-09-03T07:56:57.533214+09:00,2026-09-03,NWG,NatWest Group plc,US,금융,2026-09-02,18.59,3221365,2545388.25,0.2756,73804136448,47,60,55,70,53,1,HOLD,0.22,3,False,live,STOCK,42,NEUTRAL,NYSE
2026-09-03T07:56:57.533214+09:00,2026-09-03,VOD,Vodafone Group Public Limited Company,US,인터넷,2026-09-02,16.07,2352031,3292411.55,0.2304,37138305024,62,65,55,86,68,2,WATCH,0.65,8,False,live,STOCK,77,NEUTRAL,NASDAQ
2026-09-03T07:56:57.533214+09:00,2026-09-03,KVUE,Kenvue Inc.,US,소매,2026-09-02,19.13,19098995,20738319.75,0.3289,36744396800,62,60,60,66,62,0,HOLD,0.62,7,False,live,STOCK,63,NEUTRAL,NYSE
2026-09-03T07:56:57.533214+09:00,2026-09-03,EL,The Estée Lauder Companies Inc.,US,소매,2026-09-02,101.15,2895580,3755429.0,4.0179,36595924992,88,60,66,35,69,2,WATCH,1.06,13,False,live,STOCK,81,NEUTRAL,NYSE
2026-09-03T07:56:57.533214+09:00,2026-09-03,PEG,Public Service Enterprise Group Incorpor,US,유틸리티,2026-09-02,73.32,3577375,2553883.75,1.0479,36544155648,47,60,50,45,44,0,AVOID,-0.29,-3,True,live,STOCK,27,NEUTRAL,NYSE
2026-09-03T07:56:57.533214+09:00,2026-09-03,RKLB,"Rocket Lab USA, Inc.",US,산업재,2026-09-02,63.1,16363403,17601285.15,3.5002,40346832896,10,60,63,19,32,0,AVOID,-0.87,-10,True,live,STOCK,30,NEUTRAL,NASDAQ
2026-09-03T07:56:57.533214+09:00,2026-09-03,BBD,Banco Bradesco S.A.,US,금융,2026-09-02,3.45,46035855,30443597.75,0.1007,36532662272,69,60,50,78,58,1,HOLD,0.3,4,False,live,STOCK,32,NEUTRAL,NYSE
2026-09-03T07:56:57.533214+09:00,2026-09-03,KMB,Kimberly-Clark Corporation,US,소매,2026-09-02,109.29,3944006,3032650.3,2.1036,36347564032,32,60,60,50,53,1,HOLD,0.24,3,False,live,STOCK,77,NEUTRAL,NASDAQ
2026-09-03T07:56:57.533214+09:00,2026-09-03,UI,Ubiquiti Inc.,US,IT,2026-09-02,598.37,171815,162995.75,30.1093,36218368000,77,60,55,42,63,2,WATCH,0.62,7,False,live,STOCK,74,NEUTRAL,NYSE
2026-09-03T07:56:57.533214+09:00,2026-09-03,EC,Ecopetrol S.A.,US,에너지,2026-09-02,17.51,1931460,1858808.0,0.5211,35997667328,69,60,55,96,67,1,HOLD,0.66,8,False,live,STOCK,52,NEUTRAL,NYSE
2026-09-03T07:56:57.533214+09:00,2026-09-03,HSY,The Hershey Company,US,소매,2026-09-02,177.43,1006885,1152239.25,3.8731,35650240512,46,60,50,66,57,1,HOLD,0.14,2,False,live,STOCK,74,NEUTRAL,NYSE
2026-09-03T07:56:57.533214+09:00,2026-09-03,VG,"Venture Global, Inc.",US,에너지,2026-09-02,14.73,13959404,14012570.2,0.6171,36826365952,91,60,48,62,70,2,WATCH,0.98,12,False,live,STOCK,77,NEUTRAL,NYSE
2026-09-03T07:56:57.533214+09:00,2026-09-03,KGC,Kinross Gold Corporation,US,소재,2026-09-02,30.26,7061013,8922420.65,1.3676,35895644160,62,60,55,78,62,1,HOLD,0.48,6,False,live,STOCK,58,NEUTRAL,NYSE
2026-09-03T07:56:57.533214+09:00,2026-09-03,ALNY,"Alnylam Pharmaceuticals, Inc.",US,제약/바이오,2026-09-02,267.4,3286090,1789544.5,10.1429,35780558848,54,65,60,50,57,0,HOLD,0.13,2,False,live,STOCK,62,NEUTRAL,NASDAQ
2026-09-03T07:56:57.533214+09:00,2026-09-03,PCG,PG&E Corporation,US,유틸리티,2026-09-02,13.33,118606695,45210739.75,1.0407,29357551616,10,60,66,88,54,1,HOLD,-0.35,-4,False,live,STOCK,66,NEUTRAL,NYSE
2026-09-03T07:56:57.533214+09:00,2026-09-03,KR,The Kroger Co.,US,소매,2026-09-02,58.22,4485100,5977395.0,1.335,35668324352,72,60,60,74,65,2,WATCH,0.46,6,False,live,STOCK,53,NEUTRAL,NYSE
2026-09-03T07:56:57.533214+09:00,2026-09-03,STLD,"Steel Dynamics, Inc.",US,소재,2026-09-02,247.64,1192114,1199470.7,10.3554,35493769216,58,60,53,53,56,0,HOLD,0.11,1,False,live,STOCK,62,NEUTRAL,NASDAQ
2026-09-03T07:56:57.533214+09:00,2026-09-03,NTAP,"NetApp, Inc.",US,IT,2026-09-02,180.77,3895915,2471410.75,7.0225,35473268736,35,60,55,50,47,0,HOLD,-0.17,-2,False,live,STOCK,48,NEUTRAL,NASDAQ
2026-09-03T07:56:57.533214+09:00,2026-09-03,EXPE,"Expedia Group, Inc.",US,소비재,2026-09-02,308.06,1520192,1546849.6,11.526,36974002176,54,60,45,66,56,0,HOLD,0.35,4,False,live,STOCK,63,NEUTRAL,NASDAQ
2026-09-03T07:56:57.533214+09:00,2026-09-03,ALC,Alcon Inc.,US,제약/바이오,2026-09-02,72.24,1328039,1647206.95,1.2671,34920816640,47,65,60,50,52,0,HOLD,0.22,3,False,live,STOCK,48,NEUTRAL,NYSE
2026-09-03T07:56:57.533214+09:00,2026-09-03,UAL,"United Airlines Holdings, Inc.",US,산업재,2026-09-02,108.35,4183992,3021729.6,3.7286,35167129600,20,60,60,73,44,1,AVOID,-0.34,-4,True,live,STOCK,29,NEUTRAL,NASDAQ
2026-09-03T07:56:57.533214+09:00,2026-09-03,EQT,EQT Corporation,US,에너지,2026-09-02,55.75,5909135,6324001.75,1.4036,34872520704,77,60,45,68,64,1,HOLD,0.56,7,False,live,STOCK,69,NEUTRAL,NYSE
2026-09-03T07:56:57.533214+09:00,2026-09-03,CQP,"Cheniere Energy Partners, L.P.",US,에너지,2026-09-02,71.22,139766,122963.3,1.7379,34474590208,88,60,53,55,69,2,WATCH,0.98,12,False,live,STOCK,78,NEUTRAL,NYSE
2026-09-03T07:56:57.533214+09:00,2026-09-03,WEC,"WEC Energy Group, Inc.",US,유틸리티,2026-09-02,105.73,1777967,2499133.35,1.6555,34452054016,28,60,63,42,42,0,AVOID,-0.36,-4,True,live,STOCK,33,NEUTRAL,NYSE
2026-09-03T07:56:57.533214+09:00,2026-09-03,TWLO,Twilio Inc.,US,IT,2026-09-02,226.75,1292472,2590783.6,10.4606,34823180288,40,60,60,58,56,1,HOLD,0.14,2,False,live,STOCK,72,NEUTRAL,NYSE
2026-09-03T07:56:57.533214+09:00,2026-09-03,PPLC,PPL Corporation,US,유틸리티,2026-09-02,46.24,109015,226290.75,0.585,,25,60,58,50,44,0,AVOID,-0.32,-4,True,live,STOCK,44,NEUTRAL,NYSE
2026-09-03T07:56:57.533214+09:00,2026-09-03,ACGL,Arch Capital Group Ltd.,US,금융,2026-09-02,98.21,3900922,1734836.1,1.695,33512112128,32,60,55,78,51,1,HOLD,0.04,0,False,live,STOCK,48,NEUTRAL,NASDAQ
2026-09-03T07:56:57.533214+09:00,2026-09-03,VMC,Vulcan Materials Company,US,소재,2026-09-02,263.93,1254567,878488.35,6.8264,34199715840,28,60,53,58,41,0,AVOID,-0.51,-6,True,live,STOCK,26,NEUTRAL,NYSE
2026-09-03T07:56:57.533214+09:00,2026-09-03,MTB,M&T Bank Corporation,US,금융,2026-09-02,235.48,1158700,908190.0,4.3864,34007140352,39,60,50,60,50,0,HOLD,0.05,1,False,live,STOCK,54,NEUTRAL,NYSE
2026-09-03T07:56:57.533214+09:00,2026-09-03,HBAN,Huntington Bancshares Incorporated,US,금융,2026-09-02,16.88,19790438,21785041.9,0.3593,34104600576,29,60,32,68,44,0,AVOID,-0.25,-3,True,live,STOCK,61,NEUTRAL,NASDAQ
2026-09-03T07:56:57.533214+09:00,2026-09-03,PUK,Prudential plc,US,금융,2026-09-02,27.29,881915,1128040.75,0.4304,33820438528,31,60,55,78,45,1,HOLD,-0.41,-5,False,live,STOCK,16,NEUTRAL,NYSE
2026-09-03T07:56:57.533214+09:00,2026-09-03,DXCM,"DexCom, Inc.",US,제약/바이오,2026-09-02,89.69,1822108,4468205.4,2.3234,33845487616,66,65,50,42,58,1,HOLD,0.57,7,False,live,STOCK,75,NEUTRAL,NASDAQ
2026-09-03T07:56:57.533214+09:00,2026-09-03,RJF,"Raymond James Financial, Inc.",US,금융,2026-09-02,175.95,1563862,1008648.1,4.0596,33799995392,51,60,63,68,57,0,HOLD,0.4,5,False,live,STOCK,48,NEUTRAL,NYSE
2026-09-03T07:56:57.533214+09:00,2026-09-03,CHT,"Chunghwa Telecom Co., Ltd.",US,인터넷,2026-09-02,43.48,183253,183757.65,0.4279,33729376256,77,65,55,50,61,1,HOLD,0.49,6,False,live,STOCK,57,NEUTRAL,NYSE
2026-09-03T07:56:57.533214+09:00,2026-09-03,NTRS,Northern Trust Corporation,US,금융,2026-09-02,183.98,899661,1021378.05,3.6814,33660178432,44,60,60,60,55,0,HOLD,0.26,3,False,live,STOCK,61,NEUTRAL,NASDAQ
2026-09-03T07:56:57.533214+09:00,2026-09-03,BBDO,Banco Bradesco S.A.,US,금융,2026-09-02,3.08,112652,79192.6,0.1262,32614664192,28,60,55,80,49,1,HOLD,-0.17,-2,False,live,STOCK,40,NEUTRAL,NYSE
2026-09-03T07:56:57.533214+09:00,2026-09-03,RMD,ResMed Inc.,US,제약/바이오,2026-09-02,230.87,1156198,1545139.9,6.1882,33303529472,66,65,56,58,65,1,HOLD,0.75,9,False,live,STOCK,84,NEUTRAL,NYSE
2026-09-03T07:56:57.533214+09:00,2026-09-03,STRC,Strategy Inc,US,IT,2026-09-02,97.07,998003,1443965.15,0.9314,,62,60,48,60,57,0,HOLD,0.31,4,False,live,STOCK,58,NEUTRAL,NASDAQ
2026-09-03T07:56:57.533214+09:00,2026-09-03,IRM,Iron Mountain Incorporated,US,리츠,2026-09-02,111.84,2651685,1625904.25,4.4059,33295081472,20,60,50,35,40,0,AVOID,-0.55,-7,True,live,STOCK,62,NEUTRAL,NYSE
2026-09-03T07:56:57.533214+09:00,2026-09-03,CNC,Centene Corp.,US,제약/바이오,2026-09-02,67.34,4825358,4038317.9,1.8925,33265623040,81,65,76,76,69,3,WATCH,0.85,10,False,live,STOCK,32,NEUTRAL,NYSE
2026-09-03T07:56:57.533214+09:00,2026-09-03,ESLT,Elbit Systems Ltd.,US,산업재,2026-09-02,709.2,70052,86932.6,17.8964,33233903616,17,60,55,37,41,0,AVOID,-0.57,-7,True,live,STOCK,61,NEUTRAL,NASDAQ
2026-09-03T07:56:57.533214+09:00,2026-09-03,ERIC,Telefonaktiebolaget LM Ericsson (publ),US,IT,2026-09-02,10.04,7072208,9216065.4,0.1607,32816070656,40,60,50,78,47,1,HOLD,-0.43,-5,False,live,STOCK,23,NEUTRAL,NASDAQ
2026-09-03T07:56:57.533214+09:00,2026-09-03,CCI,Crown Castle Inc.,US,리츠,2026-09-02,75.38,3367043,2948432.15,1.6446,32941058048,72,60,60,58,58,1,HOLD,0.16,2,False,live,STOCK,36,NEUTRAL,NYSE
2026-09-03T07:56:57.533214+09:00,2026-09-03,BIIB,Biogen Inc.,US,제약/바이오,2026-09-02,222.67,1268016,767825.8,5.6714,32900382720,91,65,63,58,73,2,WATCH,1.09,13,False,live,STOCK,74,NEUTRAL,NASDAQ
2026-09-03T07:56:57.533214+09:00,2026-09-03,CCL,Carnival Corporation & plc,US,소비재,2026-09-02,23.74,22752501,17994085.05,0.7893,32515471360,20,60,55,86,45,1,HOLD,-0.6,-7,False,live,STOCK,26,NEUTRAL,NYSE
2026-09-03T07:56:57.533214+09:00,2026-09-03,TECK,Teck Resources Limited,US,소재,2026-09-02,67.07,2047673,2811738.65,1.9864,32904542208,58,60,55,53,52,0,HOLD,0.1,1,False,live,STOCK,40,NEUTRAL,NYSE
2026-09-03T07:56:57.533214+09:00,2026-09-03,EME,"EMCOR Group, Inc.",US,산업재,2026-09-02,734.26,300850,351437.5,27.0621,32388134912,35,60,60,58,45,0,HOLD,-0.41,-5,False,live,STOCK,26,NEUTRAL,NYSE
2026-09-03T07:56:57.533214+09:00,2026-09-03,ILMN,"Illumina, Inc.",US,제약/바이오,2026-09-02,213.25,1771386,1841204.3,10.0764,32200749056,95,65,63,42,73,2,WATCH,1.18,14,False,live,STOCK,84,NEUTRAL,NASDAQ
2026-09-03T07:56:57.533214+09:00,2026-09-03,BIDU,"Baidu, Inc.",US,인터넷,2026-09-02,94.34,1090928,3183481.4,3.1529,31998855168,37,65,60,88,53,1,HOLD,-0.26,-3,False,live,STOCK,33,NEUTRAL,NASDAQ
2026-09-03T07:56:57.533214+09:00,2026-09-03,CLS,Celestica Inc.,US,IT,2026-09-02,277.77,3153695,2595699.75,17.5329,35029884928,10,60,63,50,37,0,AVOID,-0.79,-9,True,live,STOCK,26,NEUTRAL,NYSE
2026-09-03T07:56:57.533214+09:00,2026-09-03,ZTS,Zoetis Inc.,US,제약/바이오,2026-09-02,76.17,4471238,6447956.9,2.387,31475243008,80,65,60,63,70,2,WATCH,0.75,9,False,live,STOCK,78,NEUTRAL,NYSE
2026-09-03T07:56:57.533214+09:00,2026-09-03,GEHC,GE HealthCare Technologies Inc.,US,제약/바이오,2026-09-02,70.56,2061105,2665155.25,1.4984,31870980096,50,65,66,60,58,0,HOLD,0.44,5,False,live,STOCK,58,NEUTRAL,NASDAQ
2026-09-03T07:56:57.533214+09:00,2026-09-03,HAL,Halliburton Company,US,에너지,2026-09-02,37.63,11068396,10595259.8,1.1199,31350695936,62,60,50,74,57,1,HOLD,0.07,1,False,live,STOCK,41,NEUTRAL,NYSE
2026-09-03T07:56:57.533214+09:00,2026-09-03,JBL,Jabil Inc.,US,IT,2026-09-02,299.39,872268,951828.4,12.8684,31372208128,10,60,60,58,37,0,AVOID,-0.82,-10,True,live,STOCK,23,NEUTRAL,NYSE
2026-09-03T07:56:57.533214+09:00,2026-09-03,WTW,Willis Towers Watson Public Limited Comp,US,금융,2026-09-02,337.73,270104,486315.2,7.4593,31365640192,51,60,60,58,50,0,HOLD,0.17,2,False,live,STOCK,25,NEUTRAL,NASDAQ
2026-09-03T07:56:57.533214+09:00,2026-09-03,FTI,TechnipFMC plc,US,에너지,2026-09-02,79.67,2586541,2881507.05,2.434,31243735040,91,60,65,50,72,2,WATCH,1.1,13,False,live,STOCK,74,NEUTRAL,NYSE
2026-09-03T07:56:57.533214+09:00,2026-09-03,KHC,The Kraft Heinz Company,US,소매,2026-09-02,26.26,16574991,15074344.55,0.6675,31139731456,88,60,66,86,77,2,WATCH,1.16,14,False,live,STOCK,69,NEUTRAL,NASDAQ
2026-09-03T07:56:57.533214+09:00,2026-09-03,MLM,"Martin Marietta Materials, Inc.",US,소재,2026-09-02,517.07,1124516,583855.8,12.2017,36721991680,28,60,63,58,44,0,AVOID,-0.46,-6,True,live,STOCK,26,NEUTRAL,NYSE
2026-09-03T07:56:57.533214+09:00,2026-09-03,WAT,Waters Corporation,US,제약/바이오,2026-09-02,412.2,621465,745198.25,12.815,40472211456,62,65,42,35,55,1,HOLD,0.38,5,False,live,STOCK,84,NEUTRAL,NYSE
2026-09-03T07:56:57.533214+09:00,2026-09-03,CRDO,Credo Technology Group Holding Ltd,US,반도체,2026-09-02,165.22,29701428,5661251.4,20.3846,31050567680,25,65,68,35,38,0,AVOID,-0.64,-8,True,live,STOCK,17,NEUTRAL,NASDAQ
2026-09-03T07:56:57.533214+09:00,2026-09-03,P,"Everpure, Inc.",US,IT,2026-09-02,92.43,2589734,3598046.7,6.4023,30724188160,44,60,45,27,45,0,HOLD,0.09,1,False,live,STOCK,66,NEUTRAL,NYSE
2026-09-03T07:56:57.533214+09:00,2026-09-03,MDLN,Medline Inc.,US,제약/바이오,2026-09-02,36.3,9700222,8373486.1,1.2026,48839225344,69,65,55,50,61,0,HOLD,0.52,6,False,live,STOCK,68,NEUTRAL,NASDAQ
2026-09-03T07:56:57.533214+09:00,2026-09-03,STRF,MicroStrategy Incorporated 10.00% Series,US,IT,2026-09-02,103.01,35474,74558.7,1.2405,,66,60,48,60,56,0,HOLD,0.36,4,False,live,STOCK,47,NEUTRAL,NASDAQ
2026-09-03T07:56:57.533214+09:00,2026-09-03,RDDT,"Reddit, Inc.",US,인터넷,2026-09-02,158.1,6221847,7064932.35,9.5898,30417889280,65,65,60,58,54,0,HOLD,0.06,1,False,live,STOCK,23,NEUTRAL,NYSE
2026-09-03T07:56:57.533214+09:00,2026-09-03,MDB,"MongoDB, Inc.",US,IT,2026-09-02,375.4,7350743,1875467.15,25.8016,30194145280,43,60,50,35,48,0,HOLD,-0.03,0,False,live,STOCK,63,NEUTRAL,NASDAQ
2026-09-03T07:56:57.533214+09:00,2026-09-03,BAP,Credicorp Ltd.,US,금융,2026-09-02,379.56,277041,281677.05,11.4796,30144397312,47,60,63,63,56,0,HOLD,0.35,4,False,live,STOCK,51,NEUTRAL,NYSE
2026-09-03T07:56:57.533214+09:00,2026-09-03,TS,Tenaris S.A.,US,에너지,2026-09-02,55.98,1871338,1741246.9,1.2271,28259815424,72,60,50,55,55,1,HOLD,0.06,1,False,live,STOCK,36,NEUTRAL,NYSE
2026-09-03T07:56:57.533214+09:00,2026-09-03,JBS,Jbs N.V.,US,소매,2026-09-02,13.54,4130797,5919829.85,0.4321,14500132864,54,60,60,76,60,1,HOLD,0.47,6,False,live,STOCK,54,NEUTRAL,NYSE
2026-09-03T07:56:57.533214+09:00,2026-09-03,NMR,"Nomura Holdings, Inc.",US,금융,2026-09-02,10.25,502568,608063.4,0.1593,29956579328,92,60,55,68,67,1,HOLD,0.88,11,False,live,STOCK,46,NEUTRAL,NYSE
2026-09-03T07:56:57.533214+09:00,2026-09-03,CPRT,"Copart, Inc.",US,산업재,2026-09-02,32.16,6511570,10111563.5,1.1922,29774096384,62,60,58,45,60,1,HOLD,0.5,6,False,live,STOCK,77,NEUTRAL,NASDAQ
2026-09-03T07:56:57.533214+09:00,2026-09-03,FOXA,Fox Corporation,US,인터넷,2026-09-02,67.52,4715227,5631771.35,1.8372,28387936256,62,65,63,68,66,1,HOLD,0.61,7,False,live,STOCK,75,NEUTRAL,NASDAQ
2026-09-03T07:56:57.533214+09:00,2026-09-03,EXR,Extra Space Storage Inc.,US,리츠,2026-09-02,139.93,1174713,862885.65,2.4236,30882906112,20,60,63,45,45,0,HOLD,-0.28,-3,False,live,STOCK,55,NEUTRAL,NYSE
2026-09-03T07:56:57.533214+09:00,2026-09-03,CFG,"Citizens Financial Group, Inc.",US,금융,2026-09-02,69.78,4221311,2969210.55,1.4802,29389717504,44,60,63,68,56,0,HOLD,0.31,4,False,live,STOCK,51,NEUTRAL,NYSE
2026-09-03T07:56:57.533214+09:00,2026-09-03,RBLX,Roblox Corporation,US,IT,2026-09-02,41.21,6533406,12055560.3,1.9047,29439430656,59,60,50,53,50,0,HOLD,-0.06,-1,False,live,STOCK,33,NEUTRAL,NYSE
2026-09-03T07:56:57.533214+09:00,2026-09-03,IR,Ingersoll Rand Inc.,US,산업재,2026-09-02,75.0,3508532,3550036.6,1.9121,29099956224,39,60,65,66,49,0,HOLD,-0.02,0,False,live,STOCK,25,NEUTRAL,NYSE
2026-09-03T07:56:57.533214+09:00,2026-09-03,AEE,Ameren Corporation,US,유틸리티,2026-09-02,105.89,1203072,1385123.6,1.5986,29314932736,28,60,53,42,41,0,AVOID,-0.36,-4,True,live,STOCK,41,NEUTRAL,NYSE
2026-09-03T07:56:57.533214+09:00,2026-09-03,HPQ,HP Inc.,US,IT,2026-09-02,31.99,15199648,15228107.4,1.5107,28848293888,92,60,50,63,71,2,WATCH,1.02,12,False,live,STOCK,77,NEUTRAL,NYSE
2026-09-03T07:56:57.533214+09:00,2026-09-03,DG,Dollar General Corporation,US,소매,2026-09-02,130.89,2763579,2459248.95,4.1714,28876531712,75,60,60,68,66,1,HOLD,0.8,10,False,live,STOCK,61,NEUTRAL,NYSE
2026-09-03T07:56:57.533214+09:00,2026-09-03,LVS,Las Vegas Sands Corp.,US,소비재,2026-09-02,44.54,5547195,4499694.75,1.2007,28848611328,31,60,55,76,53,1,HOLD,-0.2,-2,False,live,STOCK,62,NEUTRAL,NYSE
2026-09-03T07:56:57.533214+09:00,2026-09-03,CPNG,"Coupang, Inc.",US,소비재,2026-09-02,15.97,7747620,16445686.0,0.5007,28706260992,28,60,50,26,33,0,AVOID,-0.64,-8,True,live,STOCK,20,NEUTRAL,NYSE
2026-09-03T07:56:57.533214+09:00,2026-09-03,CTSH,Cognizant Technology Solutions Corporati,US,IT,2026-09-02,63.4,5851978,7240478.9,2.1414,28558163968,62,60,50,84,67,2,WATCH,0.73,9,False,live,STOCK,84,NEUTRAL,NASDAQ
2026-09-03T07:56:57.533214+09:00,2026-09-03,DTW,DTE Energy Company 5.25 % Debentures 201,US,유틸리티,2026-09-02,19.51,39646,28752.3,0.3492,,50,60,55,80,56,1,HOLD,0.02,0,False,live,STOCK,40,NEUTRAL,NYSE
2026-09-03T07:56:57.533214+09:00,2026-09-03,LPLA,LPL Financial Holdings Inc.,US,금융,2026-09-02,355.1,927137,593726.85,10.8293,27961387008,51,60,53,66,57,0,HOLD,0.38,5,False,live,STOCK,61,NEUTRAL,NASDAQ
2026-09-03T07:56:57.533214+09:00,2026-09-03,TCOM,Trip.com Group Limited,US,소비재,2026-09-02,43.63,2353400,1983850.0,0.8746,27474038784,43,60,55,70,54,1,HOLD,-0.08,-1,False,live,STOCK,52,NEUTRAL,NASDAQ
2026-09-03T07:56:57.533214+09:00,2026-09-03,DTE,DTE Energy Company,US,유틸리티,2026-09-02,136.05,1169168,1278703.4,2.0182,28310382592,50,60,55,50,50,0,HOLD,-0.05,-1,False,live,STOCK,41,NEUTRAL,NYSE
2026-09-03T07:56:57.533214+09:00,2026-09-03,RYAAY,Ryanair Holdings plc,US,산업재,2026-09-02,54.42,1191877,1054458.85,1.2336,28209594368,20,60,55,47,36,0,AVOID,-0.63,-8,True,live,STOCK,23,NEUTRAL,NASDAQ
2026-09-03T07:56:57.533214+09:00,2026-09-03,PBA,Pembina Pipeline Corporation,US,에너지,2026-09-02,48.59,622760,855568.0,0.85,28257757184,43,60,60,58,54,0,HOLD,0.11,1,False,live,STOCK,58,NEUTRAL,NYSE
2026-09-03T07:56:57.533214+09:00,2026-09-03,VICI,VICI Properties Inc.,US,리츠,2026-09-02,25.61,7994580,8607054.0,0.4081,28198594560,31,60,63,80,56,1,HOLD,-0.01,0,False,live,STOCK,61,NEUTRAL,NYSE
2026-09-03T07:56:57.533214+09:00,2026-09-03,ON,ON Semiconductor Corporation,US,반도체,2026-09-02,72.34,7131614,7144140.7,2.7746,28163307520,29,65,73,66,48,1,HOLD,-0.39,-5,False,live,STOCK,23,NEUTRAL,NASDAQ
2026-09-03T07:56:57.533214+09:00,2026-09-03,ZM,"Zoom Communications, Inc.",US,IT,2026-09-02,95.86,2407739,3296221.95,4.1554,27970385920,43,60,53,73,54,1,HOLD,-0.08,-1,False,live,STOCK,55,NEUTRAL,NASDAQ
2026-09-03T07:56:57.533214+09:00,2026-09-03,TDY,Teledyne Technologies Incorporated,US,IT,2026-09-02,606.36,214482,264419.1,13.5257,28108224512,35,60,45,58,45,0,HOLD,-0.27,-3,False,live,STOCK,48,NEUTRAL,NYSE
2026-09-03T07:56:57.533214+09:00,2026-09-03,FTS,Fortis Inc.,US,유틸리티,2026-09-02,55.05,695328,763781.4,0.7909,28125044736,28,60,63,42,50,1,HOLD,-0.02,0,False,live,STOCK,73,NEUTRAL,NYSE
2026-09-03T07:56:57.533214+09:00,2026-09-03,ATO,Atmos Energy Corporation,US,유틸리티,2026-09-02,167.68,874848,1031212.4,2.5158,28336001024,50,60,65,42,51,0,HOLD,0.07,1,False,live,STOCK,41,NEUTRAL,NYSE
2026-09-03T07:56:57.533214+09:00,2026-09-03,RPRX,Royalty Pharma plc,US,제약/바이오,2026-09-02,63.11,3142662,2764688.1,1.3192,36467195904,81,65,50,50,66,2,WATCH,0.87,10,False,live,STOCK,84,NEUTRAL,NASDAQ
2026-09-03T07:56:57.533214+09:00,2026-09-03,ZS,"Zscaler, Inc.",US,IT,2026-09-02,172.73,2581632,2262641.6,9.4918,27932084224,51,60,50,42,53,1,HOLD,0.34,4,False,live,STOCK,72,NEUTRAL,NASDAQ
2026-09-03T07:56:57.533214+09:00,2026-09-03,CASY,"Casey's General Stores, Inc.",US,소비재,2026-09-02,753.59,376495,307054.75,25.5529,27886532608,28,60,53,45,40,0,AVOID,-0.43,-5,True,live,STOCK,36,NEUTRAL,NASDAQ
2026-09-03T07:56:57.533214+09:00,2026-09-03,AWK,"American Water Works Company, Inc.",US,유틸리티,2026-09-02,139.49,2386680,2102764.0,2.7821,27720708096,88,60,63,42,69,2,WATCH,1.01,12,False,live,STOCK,77,NEUTRAL,NYSE
2026-09-03T07:56:57.533214+09:00,2026-09-03,FISV,"Fiserv, Inc.",US,IT,2026-09-02,51.98,5530482,7461184.1,1.652,27641233408,43,60,67,78,62,1,HOLD,0.24,3,False,live,STOCK,69,NEUTRAL,NASDAQ
2026-09-03T07:56:57.533214+09:00,2026-09-03,MTD,Mettler-Toledo International Inc.,US,제약/바이오,2026-09-02,1367.74,178279,168553.95,36.2104,27404804096,39,65,50,42,47,0,HOLD,0.1,1,False,live,STOCK,61,NEUTRAL,NYSE
2026-09-03T07:56:57.533214+09:00,2026-09-03,ATI,ATI Inc.,US,산업재,2026-09-02,201.69,1921549,2021707.45,7.5164,27464204288,39,60,45,42,44,0,AVOID,-0.07,-1,True,live,STOCK,51,NEUTRAL,NYSE
2026-09-03T07:56:57.533214+09:00,2026-09-03,SUNB,Sunbelt Rentals Holdings Inc,US,산업재,2026-09-02,67.11,6035693,4373099.65,2.8429,27511580672,35,60,45,66,41,0,AVOID,-0.58,-7,True,live,STOCK,20,NEUTRAL,NYSE
2026-09-03T07:56:57.533214+09:00,2026-09-03,INSM,Insmed Incorporated,US,제약/바이오,2026-09-02,126.63,1997904,2715470.2,4.3593,27653648384,59,65,50,19,46,0,HOLD,0.19,2,False,live,STOCK,46,NEUTRAL,NASDAQ
2026-09-03T07:56:57.533214+09:00,2026-09-03,QSR,Restaurant Brands International Inc.,US,소비재,2026-09-02,78.87,2025074,2445128.7,1.7696,36131213312,69,60,63,50,66,1,HOLD,0.76,9,False,live,STOCK,83,NEUTRAL,NYSE
2026-09-03T07:56:57.533214+09:00,2026-09-03,CPAY,"Corpay, Inc.",US,IT,2026-09-02,416.4,494336,502111.8,9.3,27340656640,62,60,50,74,63,2,WATCH,0.63,8,False,live,STOCK,75,NEUTRAL,NYSE
2026-09-03T07:56:57.533214+09:00,2026-09-03,LH,Labcorp Holdings Inc.,US,제약/바이오,2026-09-02,331.66,643899,580044.95,7.5511,26897627136,73,65,48,58,66,2,WATCH,0.81,10,False,live,STOCK,90,NEUTRAL,NYSE
2026-09-03T07:56:57.533214+09:00,2026-09-03,OKTA,"Okta, Inc.",US,IT,2026-09-02,163.15,3751979,3707308.95,10.2314,28522033152,95,60,60,43,71,2,WATCH,1.12,13,False,live,STOCK,80,NEUTRAL,NASDAQ
2026-09-03T07:56:57.533214+09:00,2026-09-03,OTIS,Otis Worldwide Corporation,US,산업재,2026-09-02,70.83,3910673,3227718.65,1.3351,26962810880,25,60,60,58,42,0,AVOID,-0.36,-4,True,live,STOCK,26,NEUTRAL,NYSE
2026-09-03T07:56:57.533214+09:00,2026-09-03,FE,FirstEnergy Corp.,US,유틸리티,2026-09-02,46.29,3339789,3896814.45,0.7646,26785243136,28,60,60,50,43,0,AVOID,-0.29,-3,True,live,STOCK,32,NEUTRAL,NYSE
2026-09-03T07:56:57.533214+09:00,2026-09-03,DGX,Quest Diagnostics Incorporated,US,제약/바이오,2026-09-02,240.8,1144082,825959.1,5.0468,26577905664,73,65,50,58,58,1,HOLD,0.54,6,False,live,STOCK,48,NEUTRAL,NYSE
2026-09-03T07:56:57.533214+09:00,2026-09-03,ES,Eversource Energy,US,유틸리티,2026-09-02,70.44,1869179,1947718.95,1.1643,26532970496,31,60,63,58,52,0,HOLD,0.03,0,False,live,STOCK,63,NEUTRAL,NYSE
2026-09-03T07:56:57.533214+09:00,2026-09-03,FOX,Fox Corporation,US,인터넷,2026-09-02,60.27,1390657,1069077.85,1.634,25339766784,58,65,63,68,64,0,HOLD,0.51,6,False,live,STOCK,69,NEUTRAL,NASDAQ
2026-09-03T07:56:57.533214+09:00,2026-09-03,CINF,Cincinnati Financial Corporation,US,금융,2026-09-02,171.69,523034,466136.7,2.6393,26350647296,54,60,63,78,62,1,HOLD,0.47,6,False,live,STOCK,58,NEUTRAL,NASDAQ
2026-09-03T07:56:57.533214+09:00,2026-09-03,VRSN,"VeriSign, Inc.",US,IT,2026-09-02,289.96,766930,708171.5,7.5835,26212382720,87,60,50,50,62,1,HOLD,0.52,6,False,live,STOCK,54,NEUTRAL,NASDAQ
2026-09-03T07:56:57.533214+09:00,2026-09-03,INCY,Incyte Corporation,US,제약/바이오,2026-09-02,128.83,2324073,1334298.65,3.405,26113550336,73,65,53,55,66,2,WATCH,0.81,10,False,live,STOCK,84,NEUTRAL,NASDAQ
2026-09-03T07:56:57.533214+09:00,2026-09-03,WSM,"Williams-Sonoma, Inc.",US,소비재,2026-09-02,221.72,1366644,1101847.2,8.6307,26113998848,39,60,63,42,45,0,HOLD,-0.07,-1,False,live,STOCK,32,NEUTRAL,NYSE
2026-09-03T07:56:57.533214+09:00,2026-09-03,BNTX,BioNTech SE,US,제약/바이오,2026-09-02,103.81,729965,1677338.25,5.6872,26077523968,62,65,53,58,64,1,HOLD,0.69,8,False,live,STOCK,87,NEUTRAL,NASDAQ
2026-09-03T07:56:57.533214+09:00,2026-09-03,CNP,"CenterPoint Energy, Inc.",US,유틸리티,2026-09-02,39.51,5072231,5873181.55,0.7567,26026035200,50,60,65,42,51,0,HOLD,-0.01,0,False,live,STOCK,39,NEUTRAL,NYSE
2026-09-03T07:56:57.533214+09:00,2026-09-03,PPL,PPL Corporation,US,유틸리티,2026-09-02,34.54,5382014,8238735.7,0.6021,25992898560,25,60,63,50,46,0,HOLD,-0.24,-3,False,live,STOCK,47,NEUTRAL,NYSE
2026-09-03T07:56:57.533214+09:00,2026-09-03,PHG,Koninklijke Philips N.V.,US,제약/바이오,2026-09-02,26.37,792803,747890.15,0.4443,25774761984,46,65,58,74,56,1,HOLD,0.16,2,False,live,STOCK,49,NEUTRAL,NYSE
2026-09-03T07:56:57.533214+09:00,2026-09-03,SYM,Symbotic Inc.,US,산업재,2026-09-02,39.87,1285374,1804188.7,1.7426,24135892992,18,60,50,38,40,0,AVOID,-0.61,-7,True,live,STOCK,61,NEUTRAL,NASDAQ
2026-09-03T07:56:57.533214+09:00,2026-09-03,RF,Regions Financial Corporation,US,금융,2026-09-02,29.93,7001428,7470716.4,0.5686,25498251264,44,60,63,60,55,0,HOLD,0.25,3,False,live,STOCK,54,NEUTRAL,NYSE
2026-09-03T07:56:57.533214+09:00,2026-09-03,SYF,Synchrony Financial,US,금융,2026-09-02,78.39,2509128,3183391.4,2.1536,25505820672,47,60,50,78,56,1,HOLD,0.29,3,False,live,STOCK,55,NEUTRAL,NYSE
2026-09-03T07:56:57.533214+09:00,2026-09-03,DOV,Dover Corporation,US,산업재,2026-09-02,188.9,1301946,1005362.3,4.0407,25441093632,20,60,60,58,41,0,AVOID,-0.61,-7,True,live,STOCK,26,NEUTRAL,NYSE
2026-09-03T07:56:57.533214+09:00,2026-09-03,ASTS,"AST SpaceMobile, Inc.",US,인터넷,2026-09-02,62.4,19740307,10587760.35,4.0569,24284051456,15,65,75,42,43,1,AVOID,-0.54,-6,True,live,STOCK,38,NEUTRAL,NASDAQ
2026-09-03T07:56:57.533214+09:00,2026-09-03,WRB,W. R. Berkley Corporation,US,금융,2026-09-02,68.12,1776677,1575343.85,1.1089,25288019968,29,60,60,63,50,0,HOLD,-0.05,-1,False,live,STOCK,54,NEUTRAL,NYSE
2026-09-03T07:56:57.533214+09:00,2026-09-03,DLTR,"Dollar Tree, Inc.",US,소매,2026-09-02,131.91,1250024,2246591.2,4.9995,24750313472,69,60,53,60,61,0,HOLD,0.62,7,False,live,STOCK,63,NEUTRAL,NASDAQ
2026-09-03T07:56:57.533214+09:00,2026-09-03,TPL,Texas Pacific Land Corporation,US,에너지,2026-09-02,367.32,279409,413150.45,14.1311,25335779328,72,60,75,29,59,2,HOLD,0.35,4,False,live,STOCK,47,NEUTRAL,NYSE
2026-09-03T07:56:57.533214+09:00,2026-09-03,DRI,"Darden Restaurants, Inc.",US,소비재,2026-09-02,220.03,1257237,984771.85,5.9214,24982593536,62,60,50,42,56,0,HOLD,0.43,5,False,live,STOCK,69,NEUTRAL,NYSE
2026-09-03T07:56:57.533214+09:00,2026-09-03,XYL,Xylem Inc.,US,산업재,2026-09-02,106.74,1983029,1625746.45,2.6877,24922382336,20,60,63,58,46,0,HOLD,-0.3,-4,False,live,STOCK,48,NEUTRAL,NYSE
2026-09-03T07:56:57.533214+09:00,2026-09-03,TPR,"Tapestry, Inc.",US,소비재,2026-09-02,123.14,2927699,3718754.95,5.1229,24553091072,17,60,55,60,48,1,HOLD,-0.38,-5,False,live,STOCK,71,NEUTRAL,NYSE
2026-09-03T07:56:57.533214+09:00,2026-09-03,AFRM,"Affirm Holdings, Inc.",US,금융,2026-09-02,74.09,5919207,5250360.35,4.3291,24999538688,32,60,70,68,50,1,HOLD,-0.03,0,False,live,STOCK,28,NEUTRAL,NASDAQ
2026-09-03T07:56:57.533214+09:00,2026-09-03,SN,"SharkNinja, Inc.",US,소비재,2026-09-02,175.25,1681592,1744754.6,5.9942,24801447936,51,60,55,50,59,1,HOLD,0.5,6,False,live,STOCK,84,NEUTRAL,NYSE
2026-09-03T07:56:57.533214+09:00,2026-09-03,FCNCA,"First Citizens BancShares, Inc.",US,금융,2026-09-02,2177.1101,66374,53193.7,49.0814,24586364928,44,60,72,70,60,2,WATCH,0.4,5,False,live,STOCK,54,NEUTRAL,NASDAQ
2026-09-03T07:56:57.533214+09:00,2026-09-03,PPG,"PPG Industries, Inc.",US,소재,2026-09-02,111.31,1490693,1288519.65,2.1386,24744212480,28,60,65,60,52,0,HOLD,-0.05,-1,False,live,STOCK,58,NEUTRAL,NYSE
2026-09-03T07:56:57.533214+09:00,2026-09-03,ROIV,Roivant Sciences Ltd.,US,제약/바이오,2026-09-02,34.18,6195990,7589839.5,1.2393,24689000448,47,65,48,50,53,1,HOLD,0.29,3,False,live,STOCK,72,NEUTRAL,NASDAQ
2026-09-03T07:56:57.533214+09:00,2026-09-03,Q,"Qnity Electronics, Inc.",US,반도체,2026-09-02,117.69,2101422,1697041.1,5.8351,24621754368,10,65,60,50,42,0,AVOID,-0.62,-7,True,live,STOCK,55,NEUTRAL,NYSE
2026-09-03T07:56:57.533214+09:00,2026-09-03,VRSK,"Verisk Analytics, Inc.",US,IT,2026-09-02,188.16,1014262,1257333.1,6.1429,24490156032,76,60,48,58,57,1,HOLD,0.4,5,False,live,STOCK,43,NEUTRAL,NASDAQ
2026-09-03T07:56:57.533214+09:00,2026-09-03,JBHT,"J.B. Hunt Transport Services, Inc.",US,산업재,2026-09-02,260.22,831423,759961.15,8.5818,24438544384,28,60,60,58,46,0,HOLD,-0.34,-4,False,live,STOCK,39,NEUTRAL,NASDAQ
2026-09-03T07:56:57.533214+09:00,2026-09-03,FWONK,Liberty Media Corporation,US,인터넷,2026-09-02,97.4,1820912,1971870.6,2.19,24419006464,47,65,58,38,54,1,HOLD,0.35,4,False,live,STOCK,77,NEUTRAL,NASDAQ
2026-09-03T07:56:57.533214+09:00,2026-09-03,EXPD,"Expeditors International of Washington, ",US,산업재,2026-09-02,186.16,715795,842944.75,3.4211,24199055360,62,60,55,42,55,0,HOLD,0.46,6,False,live,STOCK,60,NEUTRAL,NYSE
2026-09-03T07:56:57.533214+09:00,2026-09-03,STRD,Strategy Inc,US,IT,2026-09-02,73.265,37316,103785.8,1.4261,,74,60,58,60,69,2,WATCH,0.83,10,False,live,STOCK,85,NEUTRAL,NASDAQ
2026-09-03T07:56:57.533214+09:00,2026-09-03,GFS,GLOBALFOUNDRIES Inc.,US,반도체,2026-09-02,43.97,3209412,4213075.6,1.9176,24126377984,32,65,45,66,40,0,AVOID,-0.68,-8,True,live,STOCK,17,NEUTRAL,NASDAQ
2026-09-03T07:56:57.533214+09:00,2026-09-03,BRO,"Brown & Brown, Inc.",US,금융,2026-09-02,72.04,1715198,1720839.9,1.7171,24105330688,59,60,65,66,62,0,HOLD,0.61,7,False,live,STOCK,60,NEUTRAL,NYSE
2026-09-03T07:56:57.533214+09:00,2026-09-03,WST,"West Pharmaceutical Services, Inc.",US,제약/바이오,2026-09-02,342.63,323128,464496.4,7.3021,24112846848,32,65,73,42,50,1,HOLD,0.08,1,False,live,STOCK,51,NEUTRAL,NYSE
2026-09-03T07:56:57.533214+09:00,2026-09-03,NVT,nVent Electric plc,US,산업재,2026-09-02,148.17,1845579,2360123.95,7.2215,23982489600,25,60,60,58,47,0,HOLD,-0.42,-5,False,live,STOCK,49,NEUTRAL,NYSE
2026-09-03T07:56:57.533214+09:00,2026-09-03,SMCI,"Super Micro Computer, Inc.",US,IT,2026-09-02,37.0,32916115,53381540.75,2.1243,24307718144,48,60,60,78,62,1,HOLD,0.11,1,False,live,STOCK,69,NEUTRAL,NASDAQ
2026-09-03T07:56:57.533214+09:00,2026-09-03,PHM,"PulteGroup, Inc.",US,소비재,2026-09-02,123.7,1136924,1239251.2,3.1114,23563161600,32,60,55,60,48,0,HOLD,-0.08,-1,False,live,STOCK,51,NEUTRAL,NYSE
2026-09-03T07:56:57.533214+09:00,2026-09-03,PFG,"Principal Financial Group, Inc.",US,금융,2026-09-02,111.31,1128475,1003978.75,2.0396,23831986176,47,60,55,68,56,0,HOLD,0.28,3,False,live,STOCK,61,NEUTRAL,NASDAQ
2026-09-03T07:56:57.533214+09:00,2026-09-03,SW,Smurfit Westrock plc,US,소비재,2026-09-02,45.36,3678650,4516372.5,1.3515,23792359424,47,60,63,66,55,0,HOLD,0.21,3,False,live,STOCK,42,NEUTRAL,NYSE
2026-09-03T07:56:57.533214+09:00,2026-09-03,AMRZ,Amrize Ltd,US,소재,2026-09-02,42.97,6742846,4289727.3,1.1375,23501395968,18,60,75,58,45,1,HOLD,-0.5,-6,False,live,STOCK,29,NEUTRAL,NYSE
2026-09-03T07:56:57.533214+09:00,2026-09-03,HUBB,Hubbell Incorporated,US,산업재,2026-09-02,450.08,458193,429288.0,11.75,23778883584,20,60,63,58,41,0,AVOID,-0.54,-6,True,live,STOCK,23,NEUTRAL,NYSE
2026-09-03T07:56:57.533214+09:00,2026-09-03,FICO,Fair Isaac Corporation,US,IT,2026-09-02,1099.45,165490,273659.5,44.23,23745519616,57,60,60,66,62,1,HOLD,0.31,4,False,live,STOCK,70,NEUTRAL,NYSE
2026-09-03T07:56:57.533214+09:00,2026-09-03,ULTA,"Ulta Beauty, Inc.",US,소비재,2026-09-02,551.74,596906,655065.3,19.0657,23591006208,84,60,63,42,66,1,HOLD,0.92,11,False,live,STOCK,69,NEUTRAL,NASDAQ
2026-09-03T07:56:57.533214+09:00,2026-09-03,IHG,InterContinental Hotels Group PLC,US,소비재,2026-09-02,160.51,209354,228747.7,3.1073,23614685184,43,60,55,58,47,0,HOLD,-0.16,-2,False,live,STOCK,29,NEUTRAL,NYSE
2026-09-03T07:56:57.533214+09:00,2026-09-03,VLTO,Veralto Corporation,US,산업재,2026-09-02,97.21,1762875,1447788.75,1.8739,23699150848,47,60,60,50,57,1,HOLD,0.44,5,False,live,STOCK,75,NEUTRAL,NYSE
2026-09-03T07:56:57.533214+09:00,2026-09-03,CRCL,Circle Internet Group,US,금융,2026-09-02,88.64,8328423,14338041.15,6.6775,24162742272,80,60,50,55,65,2,WATCH,0.6,7,False,live,STOCK,77,NEUTRAL,NYSE
2026-09-03T07:56:57.533214+09:00,2026-09-03,BG,Bunge Global S.A.,US,소매,2026-09-02,122.86,1762713,1373435.65,4.1002,23603755008,74,60,65,50,63,1,HOLD,0.45,5,False,live,STOCK,55,NEUTRAL,NYSE
2026-09-03T07:56:57.533214+09:00,2026-09-03,KOF,"Coca-Cola FEMSA, S.A.B. de C.V.",US,소매,2026-09-02,112.3,141776,129128.8,2.3547,,69,60,53,55,59,0,HOLD,0.44,5,False,live,STOCK,58,NEUTRAL,NYSE
2026-09-03T07:56:57.533214+09:00,2026-09-03,CHD,"Church & Dwight Co., Inc.",US,소매,2026-09-02,99.32,1499646,1731937.3,2.236,23559092224,47,60,50,58,50,0,HOLD,0.07,1,False,live,STOCK,48,NEUTRAL,NYSE
2026-09-03T07:56:57.533214+09:00,2026-09-03,KEY,KeyCorp,US,금융,2026-09-02,21.8,10374733,9145526.65,0.4289,23263401984,29,60,63,60,45,0,HOLD,-0.22,-3,False,live,STOCK,26,NEUTRAL,NYSE
2026-09-03T07:56:57.533214+09:00,2026-09-03,NRG,"NRG Energy, Inc.",US,유틸리티,2026-09-02,111.09,2105529,2703706.45,4.7182,23352281088,18,60,63,66,43,0,AVOID,-0.62,-7,True,live,STOCK,26,NEUTRAL,NYSE
2026-09-03T07:56:57.533214+09:00,2026-09-03,TROW,"T. Rowe Price Group, Inc.",US,금융,2026-09-02,109.38,1087035,1404956.75,2.0686,23332487168,32,60,70,78,55,2,HOLD,0.11,1,False,live,STOCK,45,NEUTRAL,NASDAQ
2026-09-03T07:56:57.533214+09:00,2026-09-03,ROKU,"Roku, Inc.",US,인터넷,2026-09-02,157.7,2488484,2290469.2,2.0911,23420127232,73,65,60,43,63,2,WATCH,0.76,9,False,live,STOCK,72,NEUTRAL,NASDAQ
2026-09-03T07:56:57.533214+09:00,2026-09-03,CIB,Grupo Cibest S.A.,US,금융,2026-09-02,98.43,350859,307967.95,2.985,23245768704,73,60,58,88,70,2,WATCH,0.84,10,False,live,STOCK,64,NEUTRAL,NYSE
2026-09-03T07:56:57.533214+09:00,2026-09-03,TSEM,Tower Semiconductor Ltd.,US,반도체,2026-09-02,206.81,1203209,1566750.45,13.635,23375990784,7,65,40,38,32,0,AVOID,-0.93,-11,True,live,STOCK,52,NEUTRAL,NASDAQ
2026-09-03T07:56:57.533214+09:00,2026-09-03,SQM,Sociedad Química y Minera de Chile S.A.,US,소재,2026-09-02,81.14,749170,901908.5,2.905,23176652800,70,60,50,84,70,3,BUY,0.68,8,False,live,STOCK,84,NEUTRAL,NYSE
2026-09-03T07:56:57.533214+09:00,2026-09-03,USFD,US Foods Holding Corp.,US,소매,2026-09-02,104.79,2022252,2080732.6,2.5329,22669295616,43,60,63,66,61,1,HOLD,0.49,6,False,live,STOCK,78,NEUTRAL,NYSE
2026-09-03T07:56:57.533214+09:00,2026-09-03,GPN,Global Payments Inc.,US,금융,2026-09-02,92.81,1968216,2986910.8,2.8396,24559230976,73,60,60,66,68,2,WATCH,0.86,10,False,live,STOCK,75,NEUTRAL,NYSE
2026-09-03T07:56:57.533214+09:00,2026-09-03,EXE,Expand Energy Corporation,US,에너지,2026-09-02,99.32,2027346,2527967.3,2.1269,22992957440,84,60,68,78,71,2,WATCH,0.88,11,False,live,STOCK,48,NEUTRAL,NASDAQ
2026-09-03T07:56:57.533214+09:00,2026-09-03,CRS,Carpenter Technology Corporation,US,소재,2026-09-02,460.97,1094342,778642.1,18.6794,22845014016,20,60,63,42,40,0,AVOID,-0.49,-6,True,live,STOCK,35,NEUTRAL,NYSE
2026-09-03T07:56:57.533214+09:00,2026-09-03,SOFI,"SoFi Technologies, Inc.",US,금융,2026-09-02,17.84,40464233,43673626.65,0.8843,23041613824,43,60,40,66,43,0,AVOID,-0.28,-3,True,live,STOCK,23,NEUTRAL,NASDAQ
2026-09-03T07:56:57.533214+09:00,2026-09-03,AER,AerCap Holdings N.V.,US,산업재,2026-09-02,144.92,1232247,1008882.35,3.0004,22779113472,32,60,63,70,46,1,HOLD,-0.16,-2,False,live,STOCK,19,NEUTRAL,NYSE
2026-09-03T07:56:57.533214+09:00,2026-09-03,FWONA,Formula One Group,US,인터넷,2026-09-02,90.19,143211,123875.55,2.0146,22611398656,47,65,61,38,53,0,HOLD,0.32,4,False,live,STOCK,66,NEUTRAL,NASDAQ
2026-09-03T07:56:57.533214+09:00,2026-09-03,DOW,Dow Inc.,US,소재,2026-09-02,31.28,7906218,8297615.9,0.9531,22594818048,58,60,63,55,53,0,HOLD,-0.03,0,False,live,STOCK,30,NEUTRAL,NYSE
2026-09-03T07:56:57.533214+09:00,2026-09-03,MKL,Markel Corporation,US,금융,2026-09-02,1816.0601,73932,60061.6,29.2657,22500907008,50,60,60,62,51,0,HOLD,0.01,0,False,live,STOCK,26,NEUTRAL,NYSE
2026-09-03T07:56:57.533214+09:00,2026-09-03,STE,STERIS plc,US,제약/바이오,2026-09-02,230.35,467746,679842.3,4.8157,22459152384,47,65,63,58,60,1,HOLD,0.45,5,False,live,STOCK,78,NEUTRAL,NYSE
2026-09-03T07:56:57.533214+09:00,2026-09-03,FCNCN,First Citizens BancShares Inc. Depositar,US,금융,2026-09-02,24.92,32840,15682.0,0.2721,,28,60,55,50,43,0,AVOID,-0.32,-4,True,live,STOCK,40,NEUTRAL,NASDAQ
2026-09-03T07:56:57.533214+09:00,2026-09-03,OMC,Omnicom Group Inc.,US,인터넷,2026-09-02,81.76,4838641,2212462.05,2.2839,22430525440,47,65,55,46,47,0,HOLD,0.07,1,False,live,STOCK,37,NEUTRAL,NYSE
2026-09-03T07:56:57.533214+09:00,2026-09-03,L,Loews Corporation,US,금융,2026-09-02,108.94,886831,671516.55,1.6533,22270355456,20,60,60,68,47,0,HOLD,-0.21,-3,False,live,STOCK,48,NEUTRAL,NYSE
2026-09-03T07:56:57.533214+09:00,2026-09-03,TCPA,TransCanada PipeLines Limited 6,US,에너지,2026-09-02,22.03,24029,33216.45,0.3811,,25,60,55,50,42,0,AVOID,-0.45,-5,True,live,STOCK,40,NEUTRAL,NYSE
2026-09-03T07:56:57.533214+09:00,2026-09-03,IFF,International Flavors & Fragrances Inc.,US,소재,2026-09-02,86.94,1288817,1546335.85,1.9304,22182737920,91,60,63,42,67,1,HOLD,0.97,12,False,live,STOCK,63,NEUTRAL,NYSE
2026-09-03T07:56:57.533214+09:00,2026-09-03,STZ,"Constellation Brands, Inc.",US,소매,2026-09-02,129.35,2315568,1695613.4,3.3379,22093543424,46,60,60,68,59,1,HOLD,0.2,2,False,live,STOCK,70,NEUTRAL,NYSE
2026-09-03T07:56:57.533214+09:00,2026-09-03,CDE,"Coeur Mining, Inc.",US,소재,2026-09-02,21.42,35850742,40087827.1,1.1618,22018367488,62,60,60,53,63,1,HOLD,0.69,8,False,live,STOCK,80,NEUTRAL,NYSE
2026-09-03T07:56:57.533214+09:00,2026-09-03,FFIV,"F5, Inc.",US,IT,2026-09-02,391.08,359200,512525.0,12.6195,22145759232,47,60,50,58,56,1,HOLD,0.12,1,False,live,STOCK,76,NEUTRAL,NASDAQ
2026-09-03T07:56:57.533214+09:00,2026-09-03,STRK,Strategy Inc,US,IT,2026-09-02,74.26,39801,90990.05,2.1213,,84,60,48,60,67,2,WATCH,0.83,10,False,live,STOCK,76,NEUTRAL,NASDAQ
2026-09-03T07:56:57.533214+09:00,2026-09-03,TW,Tradeweb Markets Inc.,US,금융,2026-09-02,103.47,1129743,1139097.15,2.3868,22352443392,43,60,60,50,54,0,HOLD,0.16,2,False,live,STOCK,66,NEUTRAL,NASDAQ
2026-09-03T07:56:57.533214+09:00,2026-09-03,RGLD,"Royal Gold, Inc.",US,소재,2026-09-02,258.38,604600,745850.0,8.2643,21891983360,84,60,60,50,65,1,HOLD,0.84,10,False,live,STOCK,58,NEUTRAL,NASDAQ
2026-09-03T07:56:57.533214+09:00,2026-09-03,GH,"Guardant Health, Inc.",US,제약/바이오,2026-09-02,163.06,1757175,2070388.75,8.0171,21882025984,51,65,63,58,61,1,HOLD,0.55,7,False,live,STOCK,75,NEUTRAL,NASDAQ
2026-09-03T07:56:57.533214+09:00,2026-09-03,BCE,BCE Inc.,US,인터넷,2026-09-02,23.4,3065108,3116190.4,0.3311,21821104128,58,65,63,86,68,2,WATCH,0.48,6,False,live,STOCK,71,NEUTRAL,NYSE
2026-09-03T07:56:57.533214+09:00,2026-09-03,EFX,Equifax Inc.,US,산업재,2026-09-02,185.48,690243,1026972.15,5.7,21791098880,54,60,50,58,55,0,HOLD,0.27,3,False,live,STOCK,60,NEUTRAL,NYSE
2026-09-03T07:56:57.533214+09:00,2026-09-03,XPO,"XPO Logistics, Inc.",US,산업재,2026-09-02,185.98,935613,841495.65,6.3625,21775740928,20,60,58,42,36,0,AVOID,-0.75,-9,True,live,STOCK,23,NEUTRAL,NYSE
2026-09-03T07:56:57.533214+09:00,2026-09-03,FSLR,"First Solar, Inc.",US,에너지,2026-09-02,202.6,1728369,2245433.45,7.2557,21773379584,10,60,50,84,46,1,HOLD,-0.61,-7,False,live,STOCK,55,NEUTRAL,NASDAQ
2026-09-03T07:56:57.533214+09:00,2026-09-03,PAAS,Pan American Silver Corp.,US,소재,2026-09-02,51.54,5080301,5393290.05,2.4723,21369411584,51,60,55,71,63,2,WATCH,0.38,5,False,live,STOCK,87,NEUTRAL,NYSE
2026-09-03T07:56:57.533214+09:00,2026-09-03,GIS,"General Mills, Inc.",US,소매,2026-09-02,40.58,6583461,8106163.05,1.1232,21695264768,88,60,63,63,74,2,WATCH,1.14,14,False,live,STOCK,83,NEUTRAL,NYSE
2026-09-03T07:56:57.533214+09:00,2026-09-03,FIS,"Fidelity National Information Services, ",US,IT,2026-09-02,41.87,6706493,5455314.65,1.2757,21592606720,51,60,65,86,58,1,HOLD,0.22,3,False,live,STOCK,32,NEUTRAL,NYSE
2026-09-03T07:56:57.533214+09:00,2026-09-03,AMCR,Amcor plc,US,소비재,2026-09-02,46.68,3134614,3710975.7,1.0607,21582297088,51,60,71,66,58,1,HOLD,0.42,5,False,live,STOCK,40,NEUTRAL,NYSE
2026-09-03T07:56:57.533214+09:00,2026-09-03,LYB,LyondellBasell Industries N.V.,US,소재,2026-09-02,66.57,3052484,3897999.2,2.0297,21504636928,87,60,55,78,66,2,WATCH,0.6,7,False,live,STOCK,40,NEUTRAL,NYSE
2026-09-03T07:56:57.533214+09:00,2026-09-03,CHTR,"Charter Communications, Inc.",US,인터넷,2026-09-02,158.97,2883829,2593721.45,7.885,21425577984,63,65,63,86,64,1,HOLD,0.62,7,False,live,STOCK,46,NEUTRAL,NASDAQ
2026-09-03T07:56:57.533214+09:00,2026-09-03,BCH,Banco de Chile,US,금융,2026-09-02,42.38,535177,296028.85,0.9443,21405519872,69,60,55,70,64,1,HOLD,0.7,8,False,live,STOCK,66,NEUTRAL,NYSE
2026-09-03T07:56:57.533214+09:00,2026-09-03,CF,"CF Industries Holdings, Inc.",US,소재,2026-09-02,139.27,4440167,2705063.35,5.3755,21076860928,77,60,63,86,76,3,BUY,1.07,13,False,live,STOCK,83,NEUTRAL,NYSE
2026-09-03T07:56:57.533214+09:00,2026-09-03,CMS,CMS Energy Corporation,US,유틸리티,2026-09-02,68.06,2792681,3449399.05,1.0432,21342060544,28,60,65,50,47,0,HOLD,-0.2,-2,False,live,STOCK,47,NEUTRAL,NYSE
2026-09-03T07:56:57.533214+09:00,2026-09-03,EIX,Edison International,US,유틸리티,2026-09-02,55.19,12335354,5919587.7,4.2018,21237882880,18,60,60,65,47,0,HOLD,-0.48,-6,False,live,STOCK,52,NEUTRAL,NYSE
2026-09-03T07:56:57.533214+09:00,2026-09-03,IOT,Samsara Inc.,US,IT,2026-09-02,36.79,5235213,4901285.65,2.0324,21437904896,46,60,50,35,48,0,HOLD,-0.01,0,False,live,STOCK,61,NEUTRAL,NYSE
2026-09-03T07:56:57.533214+09:00,2026-09-03,CMSA,CMS Energy Corporation 5.6% JRSUB NT 78,US,유틸리티,2026-09-02,19.68,28455,15417.75,0.1908,,20,60,60,70,46,1,HOLD,-0.42,-5,False,live,STOCK,40,NEUTRAL,NYSE
2026-09-03T07:56:57.533214+09:00,2026-09-03,YPF,YPF Sociedad Anónima,US,에너지,2026-09-02,53.91,974667,1085613.35,1.7436,21136766976,84,60,67,74,72,2,WATCH,0.77,9,False,live,STOCK,58,NEUTRAL,NYSE
2026-09-03T07:56:57.533214+09:00,2026-09-03,GMAB,Genmab A/S,US,제약/바이오,2026-09-02,34.215,2079448,2971247.4,0.9025,21029306368,73,65,60,53,68,2,WATCH,0.9,11,False,live,STOCK,87,NEUTRAL,NASDAQ
2026-09-03T07:56:57.533214+09:00,2026-09-03,UTHR,United Therapeutics Corporation,US,제약/바이오,2026-09-02,492.02,1404126,575666.3,13.9657,21103077376,31,65,50,60,49,0,HOLD,-0.29,-3,False,live,STOCK,62,NEUTRAL,NASDAQ
2026-09-03T07:56:57.533214+09:00,2026-09-03,RL,Ralph Lauren Corporation,US,소비재,2026-09-02,336.5,787780,654254.0,9.8679,20049424384,20,60,55,58,38,0,AVOID,-0.63,-8,True,live,STOCK,20,NEUTRAL,NYSE
2026-09-03T07:56:57.533214+09:00,2026-09-03,SOJD,Southern Company (The) Series 2,US,유틸리티,2026-09-02,18.32,175398,81969.9,0.2172,,28,60,58,50,44,0,AVOID,-0.34,-4,True,live,STOCK,40,NEUTRAL,NYSE
2026-09-03T07:56:57.533214+09:00,2026-09-03,RS,Reliance Steel & Aluminum Co.,US,소재,2026-09-02,400.21,317345,354627.25,13.1187,20432543744,40,60,50,58,51,0,HOLD,0.0,0,False,live,STOCK,63,NEUTRAL,NYSE
2026-09-03T07:56:57.533214+09:00,2026-09-03,KSPI,Joint Stock Company Kaspi.kz,US,IT,2026-09-02,106.81,358807,650175.35,3.1668,20296812544,95,60,45,80,74,3,BUY,1.08,13,False,live,STOCK,78,NEUTRAL,NASDAQ
2026-09-03T07:56:57.533214+09:00,2026-09-03,SNX,TD Synnex Corp,US,IT,2026-09-02,253.06,411940,559807.0,6.8371,,43,60,63,66,51,0,HOLD,-0.17,-2,False,live,STOCK,30,NEUTRAL,NYSE
2026-09-03T07:56:57.533214+09:00,2026-09-03,WES,"Western Midstream Partners, LP",US,에너지,2026-09-02,48.96,1183914,829935.7,0.9529,20229027840,69,60,68,60,66,0,HOLD,0.78,9,False,live,STOCK,66,NEUTRAL,NYSE
2026-09-03T07:56:57.533214+09:00,2026-09-03,TPG,TPG Inc.,US,금융,2026-09-02,52.32,1472231,3108181.55,1.9781,20434483200,66,60,63,43,64,1,HOLD,0.79,9,False,live,STOCK,86,NEUTRAL,NASDAQ
2026-09-03T07:56:57.533214+09:00,2026-09-03,ENTG,"Entegris, Inc.",US,반도체,2026-09-02,131.31,1777786,2080919.3,7.1182,20064167936,35,65,63,43,47,0,HOLD,-0.21,-3,False,live,STOCK,46,NEUTRAL,NASDAQ
2026-09-03T07:56:57.533214+09:00,2026-09-03,WWD,"Woodward, Inc.",US,산업재,2026-09-02,335.52,521377,544523.85,9.5041,19811053568,28,60,60,50,41,0,AVOID,-0.45,-5,True,live,STOCK,23,NEUTRAL,NASDAQ
2026-09-03T07:56:57.533214+09:00,2026-09-03,PR,Permian Resources Corporation,US,에너지,2026-09-02,23.82,6596134,9834231.7,0.6389,19950608384,81,60,60,68,66,1,HOLD,0.79,9,False,live,STOCK,48,NEUTRAL,NYSE
2026-09-03T07:56:57.533214+09:00,2026-09-03,ATHS,Athene Holding Ltd. 7.250% Fixe,US,금융,2026-09-02,24.87,54097,25919.85,0.2013,,58,60,58,50,53,0,HOLD,0.15,2,False,live,STOCK,40,NEUTRAL,NYSE
2026-09-03T07:56:57.533214+09:00,2026-09-03,VTRS,Viatris Inc.,US,제약/바이오,2026-09-02,17.09,7826264,9898198.2,0.3982,19629418496,63,65,55,78,56,1,HOLD,0.3,4,False,live,STOCK,25,NEUTRAL,NASDAQ
2026-09-03T07:56:57.533214+09:00,2026-09-03,BEKE,KE Holdings Inc.,US,리츠,2026-09-02,17.94,2227660,4182983.0,0.6011,19784572928,84,60,55,74,69,2,WATCH,0.8,10,False,live,STOCK,61,NEUTRAL,NYSE
2026-09-03T07:56:57.533214+09:00,2026-09-03,RCI,Rogers Communications Inc.,US,인터넷,2026-09-02,36.65,912146,995812.3,0.6921,19799257088,80,65,55,86,74,3,BUY,0.79,9,False,live,STOCK,81,NEUTRAL,NYSE
2026-09-03T07:56:57.533214+09:00,2026-09-03,TSN,"Tyson Foods, Inc.",US,소매,2026-09-02,55.81,2818900,2707640.0,1.2894,19634042880,28,60,63,66,46,0,HOLD,-0.31,-4,False,live,STOCK,25,NEUTRAL,NYSE
2026-09-03T07:56:57.533214+09:00,2026-09-03,SBAC,SBA Communications Corporation,US,리츠,2026-09-02,186.42,805308,830430.4,4.1481,19776946176,80,60,63,45,60,1,HOLD,0.42,5,False,live,STOCK,41,NEUTRAL,NASDAQ
2026-09-03T07:56:57.533214+09:00,2026-09-03,TOST,"Toast, Inc.",US,IT,2026-09-02,34.04,6999510,9435475.5,1.1635,19675119616,51,60,50,50,52,0,HOLD,0.29,3,False,live,STOCK,61,NEUTRAL,NYSE
2026-09-03T07:56:57.533214+09:00,2026-09-03,NI,NiSource Inc,US,유틸리티,2026-09-02,41.15,5138438,6415496.9,0.7221,19733899264,47,60,55,42,48,0,HOLD,-0.18,-2,False,live,STOCK,44,NEUTRAL,NYSE
2026-09-03T07:56:57.533214+09:00,2026-09-03,SNA,Snap-on Incorporated,US,산업재,2026-09-02,380.59,231117,274135.85,6.1749,19686825984,20,60,45,58,41,0,AVOID,-0.44,-5,True,live,STOCK,48,NEUTRAL,NYSE
2026-09-03T07:56:57.533214+09:00,2026-09-03,MTSI,"MACOM Technology Solutions Holdings, Inc",US,반도체,2026-09-02,257.56,809216,1335330.8,15.3364,19670095872,18,65,60,35,38,0,AVOID,-0.69,-8,True,live,STOCK,36,NEUTRAL,NASDAQ
2026-09-03T07:56:57.533214+09:00,2026-09-03,SOJC,The Southern Company JR 2017B NT 77,US,유틸리티,2026-09-02,19.53,38918,33420.9,0.2049,,28,60,58,60,46,0,HOLD,-0.35,-4,False,live,STOCK,40,NEUTRAL,NYSE
2026-09-03T07:56:57.533214+09:00,2026-09-03,SSNC,"SS&C Technologies Holdings, Inc.",US,IT,2026-09-02,82.55,1975071,1490488.55,1.6492,19370770432,66,60,60,74,65,1,HOLD,0.69,8,False,live,STOCK,61,NEUTRAL,NASDAQ
2026-09-03T07:56:57.533214+09:00,2026-09-03,ZBH,"Zimmer Biomet Holdings, Inc.",US,제약/바이오,2026-09-02,99.5,1392098,2034779.9,2.4294,18978400256,62,65,60,74,67,2,WATCH,0.75,9,False,live,STOCK,77,NEUTRAL,NYSE
2026-09-03T07:56:57.533214+09:00,2026-09-03,IP,International Paper Company,US,소재,2026-09-02,36.3,4995779,3834718.95,1.2035,19223386112,39,60,55,68,51,0,HOLD,0.08,1,False,live,STOCK,48,NEUTRAL,NYSE
2026-09-03T07:56:57.533214+09:00,2026-09-03,AQNB,Algonquin Power & Utilities Corp.,US,유틸리티,2026-09-02,26.09,13649,21447.45,0.2178,,77,60,55,50,58,1,HOLD,0.39,5,False,live,STOCK,40,NEUTRAL,NYSE
2026-09-03T07:56:57.533214+09:00,2026-09-03,FTAI,FTAI Aviation Ltd.,US,산업재,2026-09-02,185.61,1168817,1243260.85,10.5105,19063461888,10,60,65,34,34,0,AVOID,-0.83,-10,True,live,STOCK,26,NEUTRAL,NASDAQ
2026-09-03T07:56:57.533214+09:00,2026-09-03,CDW,CDW Corporation,US,IT,2026-09-02,148.67,1440613,1943450.65,6.2709,18586339328,91,60,60,68,74,2,WATCH,1.05,13,False,live,STOCK,77,NEUTRAL,NASDAQ
2026-09-03T07:56:57.533214+09:00,2026-09-03,RIVN,"Rivian Automotive, Inc.",US,소비재,2026-09-02,15.61,15291220,20928266.0,0.6951,22601103360,28,60,63,50,52,1,HOLD,-0.2,-2,False,live,STOCK,73,NEUTRAL,NASDAQ
2026-09-03T07:56:57.533214+09:00,2026-09-03,FDXF,"FedEx Freight Holding Company, Inc.",US,산업재,2026-09-02,126.6,1121579,1234493.95,6.0971,18928994304,18,60,78,42,43,1,AVOID,-0.54,-6,True,live,STOCK,27,NEUTRAL,NYSE
2026-09-03T07:56:57.533214+09:00,2026-09-03,VIV,Telefônica Brasil S.A.,US,인터넷,2026-09-02,11.82,958968,1662258.4,0.2677,18886033408,72,65,55,84,61,2,WATCH,0.23,3,False,live,STOCK,32,NEUTRAL,NYSE
2026-09-03T07:56:57.533214+09:00,2026-09-03,GPC,Genuine Parts Company,US,소비재,2026-09-02,137.15,736233,1118821.65,2.8164,18907465728,73,60,63,43,65,2,WATCH,0.83,10,False,live,STOCK,78,NEUTRAL,NYSE
2026-09-03T07:56:57.533214+09:00,2026-09-03,MTZ,"MasTec, Inc.",US,산업재,2026-09-02,235.33,1634397,1508329.85,13.6168,18898161664,10,60,66,58,38,0,AVOID,-0.77,-9,True,live,STOCK,20,NEUTRAL,NYSE
2026-09-03T07:56:57.533214+09:00,2026-09-03,LUV,Southwest Airlines Co.,US,산업재,2026-09-02,38.61,4610508,4315625.4,1.1321,18888329216,20,60,63,58,47,0,HOLD,-0.31,-4,False,live,STOCK,52,NEUTRAL,NYSE
2026-09-03T07:56:57.533214+09:00,2026-09-03,DINO,HF Sinclair Corporation,US,에너지,2026-09-02,106.06,2496863,2546958.15,3.8757,18855755776,77,60,63,78,76,3,BUY,1.11,13,False,live,STOCK,93,NEUTRAL,NYSE
2026-09-03T07:56:57.533214+09:00,2026-09-03,NWS,News Corporation,US,인터넷,2026-09-02,34.41,1257542,1143902.1,0.7932,18475956224,69,65,48,61,65,1,HOLD,0.74,9,False,live,STOCK,87,NEUTRAL,NASDAQ
2026-09-03T07:56:57.533214+09:00,2026-09-03,EVRG,"Evergy, Inc.",US,유틸리티,2026-09-02,80.77,2360015,2001185.75,1.2012,18622908416,28,60,60,42,43,0,AVOID,-0.29,-3,True,live,STOCK,41,NEUTRAL,NASDAQ
2026-09-03T07:56:57.533214+09:00,2026-09-03,PKX,POSCO Holdings Inc.,US,소재,2026-09-02,61.43,178090,239629.5,1.5018,18581536768,77,60,50,58,54,1,HOLD,0.05,1,False,live,STOCK,19,NEUTRAL,NYSE
2026-09-03T07:56:57.533214+09:00,2026-09-03,OVV,Ovintiv Inc.,US,에너지,2026-09-02,66.91,2407545,3319047.25,1.6021,18507307008,69,60,60,66,68,1,HOLD,0.84,10,False,live,STOCK,83,NEUTRAL,NYSE
2026-09-03T07:56:57.533214+09:00,2026-09-03,WF,Woori Financial Group Inc.,US,금융,2026-09-02,75.72,62053,79247.65,1.7186,18375622656,92,60,55,88,65,2,WATCH,0.75,9,False,live,STOCK,18,NEUTRAL,NYSE
2026-09-03T07:56:57.533214+09:00,2026-09-03,GEN,Gen Digital Inc.,US,IT,2026-09-02,30.65,4716643,5812197.15,0.9518,18346690560,88,60,53,76,76,3,BUY,1.13,14,False,live,STOCK,90,NEUTRAL,NASDAQ
2026-09-03T07:56:57.533214+09:00,2026-09-03,BBY,"Best Buy Co., Inc.",US,소비재,2026-09-02,87.0,7390163,4069408.15,3.8986,18336739328,73,60,50,68,66,2,WATCH,0.77,9,False,live,STOCK,77,NEUTRAL,NYSE
2026-09-03T07:56:57.533214+09:00,2026-09-03,TSCO,Tractor Supply Company,US,소비재,2026-09-02,34.86,8052128,10775351.4,0.9782,18163460096,48,60,75,50,64,2,WATCH,0.67,8,False,live,STOCK,83,NEUTRAL,NASDAQ
2026-09-03T07:56:57.533214+09:00,2026-09-03,PAA,"Plains All American Pipeline, L.P.",US,에너지,2026-09-02,25.72,2869518,2614815.9,0.4993,18147168256,76,60,55,66,68,2,WATCH,0.85,10,False,live,STOCK,77,NEUTRAL,NASDAQ
2026-09-03T07:56:57.533214+09:00,2026-09-03,OWL,Blue Owl Capital Inc.,US,금융,2026-09-02,11.6,26782884,19025124.2,0.4386,18179016704,51,60,56,59,56,0,HOLD,0.39,5,False,live,STOCK,61,NEUTRAL,NYSE
2026-09-03T07:56:57.533214+09:00,2026-09-03,NTNX,"Nutanix, Inc.",US,IT,2026-09-02,66.85,2369342,2815802.1,2.5381,18070925312,73,60,60,52,65,2,WATCH,0.81,10,False,live,STOCK,75,NEUTRAL,NASDAQ
2026-09-03T07:56:57.533214+09:00,2026-09-03,ITT,ITT Inc.,US,산업재,2026-09-02,201.0,936159,808972.95,5.8657,,43,60,63,58,54,0,HOLD,0.14,2,False,live,STOCK,54,NEUTRAL,NYSE
2026-09-03T07:56:57.533214+09:00,2026-09-03,DD,"DuPont de Nemours, Inc.",US,소재,2026-09-02,132.93,824512,1215720.6,2.9579,17951262720,35,60,47,58,40,0,AVOID,-0.53,-6,True,live,STOCK,20,NEUTRAL,NYSE
2026-09-03T07:56:57.533214+09:00,2026-09-03,RBRK,"Rubrik, Inc.",US,IT,2026-09-02,87.18,3203297,3956339.85,6.3402,17944133632,47,60,60,35,54,1,HOLD,0.35,4,False,live,STOCK,74,NEUTRAL,NYSE
2026-09-03T07:56:57.533214+09:00,2026-09-03,MGA,Magna International Inc.,US,소비재,2026-09-02,65.78,913509,1174225.45,2.0271,17597454336,43,60,55,74,57,1,HOLD,0.09,1,False,live,STOCK,63,NEUTRAL,NYSE
2026-09-03T07:56:57.533214+09:00,2026-09-03,ESS,"Essex Property Trust, Inc.",US,리츠,2026-09-02,277.29,829666,418198.3,4.975,19114401792,31,60,55,45,47,0,HOLD,-0.15,-2,False,live,STOCK,60,NEUTRAL,NYSE
2026-09-03T07:56:57.533214+09:00,2026-09-03,WIT,Wipro Limited,US,IT,2026-09-02,1.8,7374178,5889158.9,0.0561,17806977024,20,60,55,68,40,0,AVOID,-0.71,-9,True,live,STOCK,20,NEUTRAL,NYSE
2026-09-03T07:56:57.533214+09:00,2026-09-03,U,Unity Software Inc.,US,IT,2026-09-02,40.76,7426377,12822693.85,1.5885,17938024448,48,60,53,50,58,1,HOLD,0.46,6,False,live,STOCK,86,NEUTRAL,NYSE
2026-09-03T07:56:57.533214+09:00,2026-09-03,FLUT,Flutter Entertainment plc,US,소비재,2026-09-02,101.98,2503354,3690437.7,4.7624,17697517568,65,60,70,60,61,1,HOLD,0.42,5,False,live,STOCK,42,NEUTRAL,NYSE
2026-09-03T07:56:57.533214+09:00,2026-09-03,EWBC,"East West Bancorp, Inc.",US,금융,2026-09-02,128.97,636768,631258.4,2.5307,17670418432,44,60,50,55,44,0,AVOID,-0.14,-2,True,live,STOCK,26,NEUTRAL,NASDAQ
2026-09-03T07:56:57.533214+09:00,2026-09-03,NDSN,Nordson Corporation,US,산업재,2026-09-02,316.63,322299,423379.95,8.3051,17636091904,47,60,60,58,58,0,HOLD,0.35,4,False,live,STOCK,69,NEUTRAL,NASDAQ
2026-09-03T07:56:57.533214+09:00,2026-09-03,LNT,Alliant Energy Corporation,US,유틸리티,2026-09-02,67.74,2293089,2327294.45,1.0486,17563944960,20,60,60,42,41,0,AVOID,-0.45,-5,True,live,STOCK,41,NEUTRAL,NASDAQ
2026-09-03T07:56:57.533214+09:00,2026-09-03,SBS,Companhia de Saneamento Básico do Estado,US,유틸리티,2026-09-02,5.09,22143567,10996428.35,0.1796,17900032000,65,60,55,70,57,1,HOLD,0.15,2,False,live,STOCK,35,NEUTRAL,NYSE
2026-09-03T07:56:57.533214+09:00,2026-09-03,J,Jacobs Solutions Inc.,US,산업재,2026-09-02,147.08,659397,890779.85,3.0595,17214038016,73,60,60,58,66,2,WATCH,0.83,10,False,live,STOCK,75,NEUTRAL,NYSE
2026-09-03T07:56:57.533214+09:00,2026-09-03,PTC,PTC Inc.,US,IT,2026-09-02,149.13,1129485,1155849.25,4.9446,16181539840,47,60,63,68,60,0,HOLD,0.37,4,False,live,STOCK,67,NEUTRAL,NASDAQ
2026-09-03T07:56:57.533214+09:00,2026-09-03,NWSA,News Corporation,US,인터넷,2026-09-02,30.65,3704516,3870840.8,0.6325,16457078784,81,65,58,66,72,2,WATCH,1.0,12,False,live,STOCK,83,NEUTRAL,NASDAQ
2026-09-03T07:56:57.533214+09:00,2026-09-03,ROL,"Rollins, Inc.",US,산업재,2026-09-02,35.71,4935645,4658087.25,0.8114,17181702144,43,60,60,42,43,0,AVOID,-0.43,-5,True,live,STOCK,20,NEUTRAL,NYSE
2026-09-03T07:56:57.533214+09:00,2026-09-03,BEN,"Franklin Resources, Inc.",US,금융,2026-09-02,33.01,3444957,3227482.85,0.695,16771617792,50,60,58,58,55,0,HOLD,0.27,3,False,live,STOCK,54,NEUTRAL,NYSE
2026-09-03T07:56:57.533214+09:00,2026-09-03,INVH,Invitation Homes Inc.,US,리츠,2026-09-02,28.84,2761852,3538242.6,0.4364,17132171264,28,60,63,53,42,0,AVOID,-0.35,-4,True,live,STOCK,22,NEUTRAL,NYSE
2026-09-03T07:56:57.533214+09:00,2026-09-03,NLY,"Annaly Capital Management, Inc.",US,리츠,2026-09-02,22.71,8081318,6075830.9,0.315,17116854272,50,60,58,65,58,0,HOLD,0.37,4,False,live,STOCK,63,NEUTRAL,NYSE
2026-09-03T07:56:57.533214+09:00,2026-09-03,CHRW,"C.H. Robinson Worldwide, Inc.",US,산업재,2026-09-02,145.2,1073887,1369724.35,4.0436,16966802432,40,60,60,50,45,0,HOLD,-0.42,-5,False,live,STOCK,23,NEUTRAL,NASDAQ
2026-09-03T07:56:57.533214+09:00,2026-09-03,FTV,Fortive Corporation,US,IT,2026-09-02,56.6,2533361,2154373.05,1.1657,17094164480,20,60,63,74,50,1,HOLD,-0.27,-3,False,live,STOCK,52,NEUTRAL,NYSE
2026-09-03T07:56:57.533214+09:00,2026-09-03,NVR,"NVR, Inc.",US,소비재,2026-09-02,6326.9502,36568,33493.4,135.6293,16944540672,50,60,65,63,55,0,HOLD,0.19,2,False,live,STOCK,41,NEUTRAL,NYSE
2026-09-03T07:56:57.533214+09:00,2026-09-03,DUKB,Duke Energy Corporation 5.625%,US,유틸리티,2026-09-02,21.94,39021,41241.05,0.1879,,28,60,58,50,44,0,AVOID,-0.38,-5,True,live,STOCK,40,NEUTRAL,NYSE
2026-09-03T07:56:57.533214+09:00,2026-09-03,APG,APi Group Corporation,US,산업재,2026-09-02,39.36,4636755,2453587.75,1.1079,17009828864,35,60,45,50,46,0,HOLD,-0.27,-3,False,live,STOCK,62,NEUTRAL,NYSE
2026-09-03T07:56:57.533214+09:00,2026-09-03,MKSI,MKS Inc.,US,IT,2026-09-02,251.38,1089586,1350074.3,13.5883,16997702656,10,60,50,50,33,0,AVOID,-0.93,-11,True,live,STOCK,26,NEUTRAL,NASDAQ
2026-09-03T07:56:57.533214+09:00,2026-09-03,CG,The Carlyle Group Inc.,US,금융,2026-09-02,47.14,3154450,4116162.5,1.581,16797528064,50,60,60,58,56,0,HOLD,0.35,4,False,live,STOCK,58,NEUTRAL,NASDAQ
2026-09-03T07:56:57.533214+09:00,2026-09-03,CNH,CNH Industrial N.V.,US,산업재,2026-09-02,13.65,53791621,22794256.05,0.5771,21951365120,77,60,55,58,67,2,WATCH,0.85,10,False,live,STOCK,78,NEUTRAL,NYSE
2026-09-03T07:56:57.533214+09:00,2026-09-03,BALL,Ball Corporation,US,소비재,2026-09-02,63.3,1998038,1668531.9,1.1269,16755722240,73,60,55,58,62,1,HOLD,0.67,8,False,live,STOCK,60,NEUTRAL,NYSE
2026-09-03T07:56:57.533214+09:00,2026-09-03,BSAC,Banco Santander-Chile,US,금융,2026-09-02,35.74,366976,290323.8,0.7893,16837662720,69,60,55,60,62,0,HOLD,0.65,8,False,live,STOCK,64,NEUTRAL,NYSE
2026-09-03T07:56:57.533214+09:00,2026-09-03,LDOS,"Leidos Holdings, Inc.",US,IT,2026-09-02,133.78,988975,1400623.75,3.9096,16788347904,47,60,55,68,60,1,HOLD,0.37,4,False,live,STOCK,77,NEUTRAL,NYSE
2026-09-03T07:56:57.533214+09:00,2026-09-03,ZBRA,Zebra Technologies Corporation,US,IT,2026-09-02,351.11,517038,662976.9,10.7779,16611245056,51,60,55,66,56,0,HOLD,0.35,4,False,live,STOCK,54,NEUTRAL,NASDAQ
2026-09-03T07:56:57.533214+09:00,2026-09-03,WY,Weyerhaeuser Company,US,리츠,2026-09-02,23.19,4951262,5031428.1,0.505,16713868288,35,60,60,50,45,0,HOLD,-0.29,-3,False,live,STOCK,32,NEUTRAL,NYSE
2026-09-03T07:56:57.533214+09:00,2026-09-03,BIP,Brookfield Infrastructure Partners L.P.,US,유틸리티,2026-09-02,36.29,937227,764571.35,0.935,28735328256,35,60,55,37,43,0,AVOID,-0.32,-4,True,live,STOCK,45,NEUTRAL,NYSE
2026-09-03T07:56:57.533214+09:00,2026-09-03,CLH,"Clean Harbors, Inc.",US,산업재,2026-09-02,315.22,494654,432572.7,6.5328,16639596544,47,60,55,58,58,1,HOLD,0.36,4,False,live,STOCK,77,NEUTRAL,NYSE
2026-09-03T07:56:57.533214+09:00,2026-09-03,ASND,Ascendis Pharma A/S,US,제약/바이오,2026-09-02,267.31,418291,509754.55,8.9882,17533620224,77,65,75,42,62,2,WATCH,0.74,9,False,live,STOCK,40,NEUTRAL,NASDAQ
2026-09-03T07:56:57.533214+09:00,2026-09-03,ZTO,ZTO Express (Cayman) Inc.,US,산업재,2026-09-02,20.96,1727024,1901766.2,0.4539,15899151360,20,60,55,78,46,1,HOLD,-0.45,-5,False,live,STOCK,38,NEUTRAL,NYSE
2026-09-03T07:56:57.533214+09:00,2026-09-03,IEX,IDEX Corporation,US,산업재,2026-09-02,224.61,584951,553307.55,5.1693,16558225408,35,60,63,58,52,0,HOLD,0.04,0,False,live,STOCK,54,NEUTRAL,NYSE
2026-09-03T07:56:57.533214+09:00,2026-09-03,MEDP,"Medpace Holdings, Inc.",US,제약/바이오,2026-09-02,593.02,204149,203197.45,19.3245,16552170496,51,65,45,42,53,1,HOLD,0.33,4,False,live,STOCK,78,NEUTRAL,NASDAQ
2026-09-03T07:56:57.533214+09:00,2026-09-03,CCZ,Comcast Holdings Corp.,US,인터넷,2026-09-01,66.45,0,130.0,0.3036,,61,65,55,50,53,0,HOLD,0.23,3,False,live,STOCK,40,NEUTRAL,NYSE
2026-09-03T07:56:57.533214+09:00,2026-09-03,RGA,"Reinsurance Group of America, Incorporat",US,금융,2026-09-02,252.37,321864,346713.2,4.7035,16480180224,70,60,63,86,69,2,WATCH,0.82,10,False,live,STOCK,61,NEUTRAL,NYSE
2026-09-03T07:56:57.533214+09:00,2026-09-03,JHX,James Hardie Industries plc,US,소재,2026-09-02,28.46,6680898,6707714.9,0.8275,16521669632,43,60,53,51,49,0,HOLD,0.12,1,False,live,STOCK,48,NEUTRAL,NYSE
2026-09-03T07:56:57.533214+09:00,2026-09-03,AS,"Amer Sports, Inc.",US,소비재,2026-09-02,28.56,8969867,7781348.35,1.1811,16616836096,10,60,55,66,40,0,AVOID,-0.76,-9,True,live,STOCK,35,NEUTRAL,NYSE
2026-09-03T07:56:57.533214+09:00,2026-09-03,FUTU,Futu Holdings Limited,US,금융,2026-09-02,118.08,675688,1460144.4,5.5426,16554166272,88,60,60,70,73,3,BUY,1.06,13,False,live,STOCK,72,NEUTRAL,NASDAQ
2026-09-03T07:56:57.533214+09:00,2026-09-03,ALB,Albemarle Corporation,US,소재,2026-09-02,137.75,2394538,2127236.9,5.5636,16255196160,70,60,63,59,61,1,HOLD,0.23,3,False,live,STOCK,47,NEUTRAL,NYSE
2026-09-03T07:56:57.533214+09:00,2026-09-03,VNOM,"Viper Energy, Inc.",US,에너지,2026-09-02,45.12,919736,1514731.8,0.8979,23642189824,72,60,60,50,58,1,HOLD,0.31,4,False,live,STOCK,40,NEUTRAL,NASDAQ
2026-09-03T07:56:57.533214+09:00,2026-09-03,KIM,Kimco Realty Corporation,US,리츠,2026-09-02,24.08,4561175,4219793.75,0.3021,16152607744,50,60,63,53,50,0,HOLD,0.02,0,False,live,STOCK,27,NEUTRAL,NYSE
2026-09-03T07:56:57.533214+09:00,2026-09-03,WCC,"WESCO International, Inc.",US,산업재,2026-09-02,332.86,490892,484284.6,11.4993,16221217792,43,60,60,58,52,0,HOLD,-0.13,-2,False,live,STOCK,48,NEUTRAL,NYSE
2026-09-03T07:56:57.533214+09:00,2026-09-03,BURL,"Burlington Stores, Inc.",US,소비재,2026-09-02,257.07,1860012,1336270.6,13.3986,16147902464,10,60,53,50,34,0,AVOID,-0.92,-11,True,live,STOCK,23,NEUTRAL,NYSE
2026-09-03T07:56:57.533214+09:00,2026-09-03,JLL,Jones Lang LaSalle Incorporated,US,리츠,2026-09-02,349.93,302952,305772.6,11.3432,16099475456,54,60,53,84,60,1,HOLD,0.44,5,False,live,STOCK,55,NEUTRAL,NYSE
2026-09-03T07:56:57.533214+09:00,2026-09-03,WPC,W. P. Carey Inc.,US,리츠,2026-09-02,70.58,1341683,1086914.15,0.8986,16078636032,28,60,60,58,45,0,HOLD,-0.31,-4,False,live,STOCK,36,NEUTRAL,NYSE
2026-09-03T07:56:57.533214+09:00,2026-09-03,GWRE,"Guidewire Software, Inc.",US,IT,2026-09-02,192.76,1813060,1089398.0,8.3029,16048496640,88,60,50,35,66,2,WATCH,0.96,12,False,live,STOCK,90,NEUTRAL,NYSE
2026-09-03T07:56:57.533214+09:00,2026-09-03,TIGO,Millicom International Cellular S.A.,US,인터넷,2026-09-02,95.25,793381,1196274.05,3.1522,15974377472,84,65,60,74,70,2,WATCH,0.9,11,False,live,STOCK,61,NEUTRAL,NASDAQ
2026-09-03T07:56:57.533214+09:00,2026-09-03,SOLV,Solventum Corporation,US,제약/바이오,2026-09-02,91.9,824344,1140012.2,2.2051,15643560960,76,65,63,70,70,2,WATCH,0.9,11,False,live,STOCK,69,NEUTRAL,NYSE
2026-09-03T07:56:57.533214+09:00,2026-09-03,NBIX,"Neurocrine Biosciences, Inc.",US,제약/바이오,2026-09-02,157.79,1037847,1202547.35,3.9625,16039224320,65,65,63,66,59,0,HOLD,0.27,3,False,live,STOCK,39,NEUTRAL,NASDAQ
2026-09-03T07:56:57.533214+09:00,2026-09-03,APA,APA Corporation,US,에너지,2026-09-02,44.695,4266745,5639137.25,1.516,15658960896,81,60,60,78,73,3,BUY,1.03,12,False,live,STOCK,77,NEUTRAL,NASDAQ
2026-09-03T07:56:57.533214+09:00,2026-09-03,TRU,TransUnion,US,금융,2026-09-02,82.39,2315976,1761278.8,2.3214,15785923584,69,60,53,66,64,0,HOLD,0.69,8,False,live,STOCK,69,NEUTRAL,NYSE
2026-09-03T07:56:57.533214+09:00,2026-09-03,H,Hyatt Hotels Corporation,US,소비재,2026-09-02,165.02,1096112,711365.6,4.6383,15550946304,28,60,53,43,40,0,AVOID,-0.57,-7,True,live,STOCK,33,NEUTRAL,NYSE
2026-09-03T07:56:57.533214+09:00,2026-09-03,YUMC,"Yum China Holdings, Inc.",US,소비재,2026-09-02,44.75,1202063,1475138.15,1.1453,15242684416,43,60,53,68,55,0,HOLD,0.15,2,False,live,STOCK,63,NEUTRAL,NYSE
2026-09-03T07:56:57.533214+09:00,2026-09-03,LSCC,Lattice Semiconductor Corporation,US,반도체,2026-09-02,113.88,1391997,1586564.85,5.3879,16174406656,18,65,60,43,37,0,AVOID,-0.76,-9,True,live,STOCK,23,NEUTRAL,NASDAQ
2026-09-03T07:56:57.533214+09:00,2026-09-03,PFGC,Performance Food Group Co,US,소매,2026-09-02,99.32,1366456,1775607.8,2.6761,15600437248,20,60,48,58,43,0,AVOID,-0.34,-4,True,live,STOCK,55,NEUTRAL,NYSE
2026-09-03T07:56:57.533214+09:00,2026-09-03,GIB,CGI Inc.,US,IT,2026-09-02,72.85,259607,342930.35,1.6751,15085443072,50,60,60,68,60,0,HOLD,0.42,5,False,live,STOCK,66,NEUTRAL,NYSE
2026-09-03T07:56:57.533214+09:00,2026-09-03,RZC,"Reinsurance Group of America, Incorporat",US,금융,2026-09-02,25.55,37451,37162.55,0.1286,,43,60,55,50,47,0,HOLD,-0.09,-1,False,live,STOCK,40,NEUTRAL,NYSE
2026-09-03T07:56:57.533214+09:00,2026-09-03,RBC,RBC Bearings Incorporated,US,산업재,2026-09-02,490.89,283218,248305.9,14.6507,15541207040,10,60,60,50,35,0,AVOID,-0.86,-10,True,live,STOCK,20,NEUTRAL,NYSE
2026-09-03T07:56:57.533214+09:00,2026-09-03,RBA,"RB Global, Inc.",US,산업재,2026-09-02,82.9,1518364,2407753.2,2.5546,15353079808,40,60,60,58,46,0,HOLD,-0.4,-5,False,live,STOCK,23,NEUTRAL,NYSE
2026-09-03T07:56:57.533214+09:00,2026-09-03,JAZZ,Jazz Pharmaceuticals plc,US,제약/바이오,2026-09-02,245.57,1155945,1062597.25,7.8571,15941072896,50,65,53,84,60,1,HOLD,0.33,4,False,live,STOCK,64,NEUTRAL,NASDAQ
2026-09-03T07:56:57.533214+09:00,2026-09-03,LAMR,Lamar Advertising Company,US,리츠,2026-09-02,151.5,464081,597909.05,2.6146,15384776704,28,60,65,42,48,0,HOLD,-0.08,-1,False,live,STOCK,60,NEUTRAL,NASDAQ
2026-09-03T07:56:57.533214+09:00,2026-09-03,TYL,"Tyler Technologies, Inc.",US,IT,2026-09-02,374.88,823616,954230.8,13.5407,15352187904,73,60,60,50,66,2,WATCH,0.82,10,False,live,STOCK,78,NEUTRAL,NYSE
2026-09-03T07:56:57.533214+09:00,2026-09-03,CX,"CEMEX, S.A.B. de C.V.",US,소재,2026-09-02,10.58,3513413,6825445.65,0.2668,15266437120,40,60,63,74,51,1,HOLD,-0.29,-3,False,live,STOCK,26,NEUTRAL,NYSE
2026-09-03T07:56:57.533214+09:00,2026-09-03,COKE,"Coca-Cola Consolidated, Inc.",US,소매,2026-09-02,195.26,354269,464098.45,5.9093,12997344256,91,60,55,53,67,1,HOLD,0.85,10,False,live,STOCK,61,NEUTRAL,NASDAQ
2026-09-03T07:56:57.533214+09:00,2026-09-03,EMA,Emera Incorporated,US,유틸리티,2026-09-02,49.95,245307,422185.35,0.6736,15342143488,28,60,55,42,42,0,AVOID,-0.34,-4,True,live,STOCK,44,NEUTRAL,NYSE
2026-09-03T07:56:57.533214+09:00,2026-09-03,AKAM,"Akamai Technologies, Inc.",US,IT,2026-09-02,105.09,2172150,3426267.5,4.26,15103177728,10,60,60,58,38,0,AVOID,-0.77,-9,True,live,STOCK,29,NEUTRAL,NASDAQ
2026-09-03T07:56:57.533214+09:00,2026-09-03,STLA,Stellantis N.V.,US,소비재,2026-09-02,5.27,20593051,19998382.55,0.2171,19853797376,40,60,58,80,51,1,HOLD,-0.32,-4,False,live,STOCK,26,NEUTRAL,NYSE
2026-09-03T07:56:57.533214+09:00,2026-09-03,AGI,Alamos Gold Inc.,US,소재,2026-09-02,36.13,2520910,4544360.5,1.5582,15124179968,58,60,55,60,56,0,HOLD,0.13,2,False,live,STOCK,48,NEUTRAL,NYSE
2026-09-03T07:56:57.533214+09:00,2026-09-03,HST,"Host Hotels & Resorts, Inc.",US,리츠,2026-09-02,22.11,7455137,9637611.85,0.4325,15360402432,25,60,63,63,44,0,AVOID,-0.39,-5,True,live,STOCK,26,NEUTRAL,NASDAQ
2026-09-03T07:56:57.533214+09:00,2026-09-03,PNFP,"Pinnacle Financial Partners, Inc.",US,금융,2026-09-02,100.09,1335677,930518.85,2.3232,15124864000,44,60,65,68,57,0,HOLD,0.27,3,False,live,STOCK,54,NEUTRAL,NYSE
2026-09-03T07:56:57.533214+09:00,2026-09-03,INIO,INNIO N.V. Ordinary Shares,US,산업재,2026-09-02,20.07,5462954,3383357.7,1.6557,15052499968,20,60,70,35,38,1,AVOID,-0.47,-6,True,live,STOCK,20,NEUTRAL,NASDAQ
2026-09-03T07:56:57.533214+09:00,2026-09-03,SITM,SiTime Corporation,US,반도체,2026-09-02,568.82,434549,449392.45,39.5906,17039299584,30,65,60,30,38,0,AVOID,-0.61,-7,True,live,STOCK,26,NEUTRAL,NASDAQ
2026-09-03T07:56:57.533214+09:00,2026-09-03,BBIO,"BridgeBio Pharma, Inc.",US,제약/바이오,2026-09-02,76.5,1618969,2100603.45,2.3706,14955213824,39,65,53,50,49,0,HOLD,0.13,2,False,live,STOCK,57,NEUTRAL,NASDAQ
2026-09-03T07:56:57.533214+09:00,2026-09-03,EG,"Everest Group, Ltd.",US,금융,2026-09-02,378.28,345749,281042.45,7.2775,14504290304,91,60,63,100,71,2,WATCH,0.91,11,False,live,STOCK,25,NEUTRAL,NYSE
2026-09-03T07:56:57.533214+09:00,2026-09-03,MAA,"Mid-America Apartment Communities, Inc.",US,리츠,2026-09-02,128.61,712751,791412.55,2.12,15299933184,28,60,66,53,45,0,HOLD,-0.28,-3,False,live,STOCK,32,NEUTRAL,NYSE
2026-09-03T07:56:57.533214+09:00,2026-09-03,CRBG,"Corebridge Financial, Inc.",US,금융,2026-09-02,33.54,4024241,4375962.05,0.7746,14951079936,66,60,53,58,64,1,HOLD,0.72,9,False,live,STOCK,84,NEUTRAL,NYSE
2026-09-03T07:56:57.533214+09:00,2026-09-03,TU,Telus Corp,US,인터넷,2026-09-02,9.57,4412783,6346044.15,0.1939,15072750592,43,65,55,68,51,0,HOLD,-0.25,-3,False,live,STOCK,41,NEUTRAL,NYSE
2026-09-03T07:56:57.533214+09:00,2026-09-03,SUI,"Sun Communities, Inc.",US,리츠,2026-09-02,121.24,1280352,2064677.6,2.6229,15319001088,50,60,63,46,56,0,HOLD,0.23,3,False,live,STOCK,63,NEUTRAL,NYSE
2026-09-03T07:56:57.533214+09:00,2026-09-03,ARMK,Aramark,US,산업재,2026-09-02,56.72,1756066,2701538.3,1.225,14952812544,44,60,60,66,51,0,HOLD,0.03,0,False,live,STOCK,32,NEUTRAL,NYSE
2026-09-03T07:56:57.533214+09:00,2026-09-03,ULS,UL Solutions Inc.,US,산업재,2026-09-02,74.12,413474,726953.7,1.7596,14964692992,40,60,53,42,43,0,AVOID,-0.43,-5,True,live,STOCK,36,NEUTRAL,NYSE
2026-09-03T07:56:57.533214+09:00,2026-09-03,KEP,Korea Electric Power Corporation,US,유틸리티,2026-09-02,11.6,570853,954052.65,0.3157,14893568000,50,60,58,96,56,1,HOLD,-0.08,-1,False,live,STOCK,23,NEUTRAL,NYSE
2026-09-03T07:56:57.533214+09:00,2026-09-03,GFL,GFL Environmental Inc.,US,산업재,2026-09-02,42.59,2179468,1624718.4,1.2104,15370319872,63,60,55,42,53,0,HOLD,0.37,4,False,live,STOCK,45,NEUTRAL,NYSE
2026-09-03T07:56:57.533214+09:00,2026-09-03,LECO,"Lincoln Electric Holdings, Inc.",US,산업재,2026-09-02,272.59,569267,458288.35,8.2739,14857723904,43,60,63,50,57,1,HOLD,0.26,3,False,live,STOCK,74,NEUTRAL,NASDAQ
2026-09-03T07:56:57.533214+09:00,2026-09-03,DT,"Dynatrace, Inc.",US,IT,2026-09-02,50.87,4129981,7733004.05,1.9914,14763941888,84,60,53,43,65,2,WATCH,0.88,11,False,live,STOCK,78,NEUTRAL,NYSE
2026-09-03T07:56:57.533214+09:00,2026-09-03,WMG,Warner Music Group Corp.,US,인터넷,2026-09-02,28.35,1165179,1925763.95,0.7107,14830161920,57,65,58,58,62,1,HOLD,0.39,5,False,live,STOCK,81,NEUTRAL,NASDAQ
2026-09-03T07:56:57.533214+09:00,2026-09-03,LTM,LATAM Airlines Group S.A.,US,산업재,2026-09-02,51.23,763223,863641.15,1.5365,,28,60,53,62,41,0,AVOID,-0.38,-5,True,live,STOCK,23,NEUTRAL,NYSE
2026-09-03T07:56:57.533214+09:00,2026-09-03,EXEL,"Exelixis, Inc.",US,제약/바이오,2026-09-02,58.53,2849240,2555502.0,1.5275,14502662144,58,65,63,66,65,1,HOLD,0.67,8,False,live,STOCK,77,NEUTRAL,NASDAQ
2026-09-03T07:56:57.533214+09:00,2026-09-03,UNM,Unum Group,US,금융,2026-09-02,92.8,1040049,1258307.45,2.2425,14690871296,84,60,66,50,69,1,HOLD,0.93,11,False,live,STOCK,69,NEUTRAL,NYSE
2026-09-03T07:56:57.533214+09:00,2026-09-03,SWK,"Stanley Black & Decker, Inc.",US,산업재,2026-09-02,96.89,1455622,1651246.1,2.5689,14632002560,51,60,60,66,62,1,HOLD,0.56,7,False,live,STOCK,77,NEUTRAL,NYSE
2026-09-03T07:56:57.533214+09:00,2026-09-03,RVTY,"Revvity, Inc.",US,제약/바이오,2026-09-02,130.94,2101523,1535141.15,3.8979,14611123200,82,65,63,51,70,2,WATCH,1.03,12,False,live,STOCK,84,NEUTRAL,NYSE
2026-09-03T07:56:57.533214+09:00,2026-09-03,PS,Pershing Square Inc.,US,금융,2026-09-02,36.5,385119,182335.95,2.8847,14599999488,46,60,65,42,54,0,HOLD,0.21,3,False,live,STOCK,63,NEUTRAL,NYSE
2026-09-03T07:56:57.533214+09:00,2026-09-03,TLK,Perusahaan Perseroan (Persero) PT Teleko,US,인터넷,2026-09-02,14.73,563896,573919.8,0.2407,14520972288,43,65,55,63,56,0,HOLD,0.16,2,False,live,STOCK,69,NEUTRAL,NYSE
2026-09-03T07:56:57.533214+09:00,2026-09-03,DOC,"Healthpeak Properties, Inc.",US,리츠,2026-09-02,21.03,5512075,4911903.75,0.3758,14909161472,54,60,55,38,50,0,HOLD,0.23,3,False,live,STOCK,51,NEUTRAL,NYSE
2026-09-03T07:56:57.533214+09:00,2026-09-03,MKC,"McCormick & Company, Incorporated",US,소매,2026-09-02,53.8,1855094,2321264.7,1.4346,14464212992,47,60,63,70,61,2,WATCH,0.52,6,False,live,STOCK,72,NEUTRAL,NYSE
2026-09-03T07:56:57.533214+09:00,2026-09-03,UNMA,Unum Group 6.250% JR NT58,US,금융,2026-09-02,21.38,36804,24945.2,0.2607,,59,60,58,80,59,1,HOLD,0.21,3,False,live,STOCK,40,NEUTRAL,NYSE
2026-09-03T07:56:57.533214+09:00,2026-09-03,ARCC,Ares Capital Corporation,US,금융,2026-09-02,20.02,3783619,3894955.95,0.2411,14374817792,62,60,53,71,62,1,HOLD,0.54,6,False,live,STOCK,69,NEUTRAL,NASDAQ
2026-09-03T07:56:57.533214+09:00,2026-09-03,HTHT,H World Group Limited,US,소비재,2026-09-02,46.74,755706,1674555.3,1.5986,14373663744,58,60,60,74,60,1,HOLD,0.34,4,False,live,STOCK,48,NEUTRAL,NASDAQ
2026-09-03T07:56:57.533214+09:00,2026-09-03,PAG,"Penske Automotive Group, Inc.",US,소비재,2026-09-02,218.06,168890,311309.5,2.8019,14318445568,66,60,66,60,64,0,HOLD,0.7,8,False,live,STOCK,60,NEUTRAL,NYSE
2026-09-03T07:56:57.533214+09:00,2026-09-03,SGI,Somnigroup International Inc,US,소비재,2026-09-02,67.82,4758838,3600496.9,2.1968,14266987520,69,60,68,66,60,0,HOLD,0.36,4,False,live,STOCK,27,NEUTRAL,NYSE
2026-09-03T07:56:57.533214+09:00,2026-09-03,BWXT,"BWX Technologies, Inc.",US,산업재,2026-09-02,155.67,917489,1047879.45,6.2255,14262794240,37,60,50,42,38,0,AVOID,-0.62,-7,True,live,STOCK,20,NEUTRAL,NYSE
2026-09-03T07:56:57.533214+09:00,2026-09-03,LOGI,Logitech International S.A.,US,IT,2026-09-02,99.14,866239,757841.95,2.6279,14195691520,18,60,60,58,47,0,HOLD,-0.45,-5,False,live,STOCK,59,NEUTRAL,NASDAQ
2026-09-03T07:56:57.533214+09:00,2026-09-03,SKM,"SK Telecom Co.,Ltd",US,인터넷,2026-09-02,37.07,2294864,1949363.2,1.3836,14230732800,40,65,55,74,54,1,HOLD,-0.17,-2,False,live,STOCK,55,NEUTRAL,NYSE
2026-09-03T07:56:57.533214+09:00,2026-09-03,TKO,"TKO Group Holdings, Inc.",US,인터넷,2026-09-02,189.79,868741,997867.05,5.4893,35921498112,43,65,53,43,51,0,HOLD,-0.03,0,False,live,STOCK,67,NEUTRAL,NYSE
2026-09-03T07:56:57.533214+09:00,2026-09-03,KKRS,KKR Group Finance Co. IX LLC 4.,US,금융,2026-09-02,16.01,20676,24583.8,0.1608,,28,60,58,50,44,0,AVOID,-0.28,-3,True,live,STOCK,40,NEUTRAL,NYSE
2026-09-03T07:56:57.533214+09:00,2026-09-03,AIZN,"Assurant, Inc. 5.25% Subordinat",US,금융,2026-09-02,18.24,5722,11081.1,0.247,,20,60,55,50,40,0,AVOID,-0.49,-6,True,live,STOCK,40,NEUTRAL,NYSE
2026-09-03T07:56:57.533214+09:00,2026-09-03,FN,Fabrinet,US,IT,2026-09-02,395.35,778050,1019102.5,31.3229,14167313408,10,60,55,50,34,0,AVOID,-0.92,-11,True,live,STOCK,20,NEUTRAL,NYSE
2026-09-03T07:56:57.533214+09:00,2026-09-03,IREN,IREN Limited,US,IT,2026-09-02,39.6,40267008,44966015.4,3.1453,15604722688,30,60,73,45,44,1,AVOID,-0.47,-6,True,live,STOCK,20,NEUTRAL,NASDAQ
2026-09-03T07:56:57.533214+09:00,2026-09-03,AIZ,"Assurant, Inc.",US,금융,2026-09-02,284.07,216600,363325.0,5.6079,14011403264,47,60,63,68,56,0,HOLD,0.34,4,False,live,STOCK,48,NEUTRAL,NYSE
2026-09-03T07:56:57.533214+09:00,2026-09-03,EQH,"Equitable Holdings, Inc.",US,금융,2026-09-02,51.52,3145875,2622243.75,1.2153,14052893696,66,60,56,62,66,1,HOLD,0.77,9,False,live,STOCK,84,NEUTRAL,NYSE
2026-09-03T07:56:57.533214+09:00,2026-09-03,IVZ,Invesco Ltd.,US,금융,2026-09-02,31.72,2983984,4100984.2,0.8903,14004372480,47,60,60,86,62,1,HOLD,0.47,6,False,live,STOCK,61,NEUTRAL,NYSE
2026-09-03T07:56:57.533214+09:00,2026-09-03,OHI,"Omega Healthcare Investors, Inc.",US,리츠,2026-09-02,46.99,1908059,1696452.95,0.7693,15003780096,76,60,63,55,65,1,HOLD,0.72,9,False,live,STOCK,63,NEUTRAL,NYSE
2026-09-03T07:56:57.533214+09:00,2026-09-03,CRL,Charles River Laboratories International,US,제약/바이오,2026-09-02,291.76,606417,978725.85,10.0782,14053416960,73,65,50,58,67,2,WATCH,0.85,10,False,live,STOCK,93,NEUTRAL,NYSE
2026-09-03T07:56:57.533214+09:00,2026-09-03,IONQ,"IonQ, Inc.",US,IT,2026-09-02,37.64,13231155,19057937.75,2.6725,15249305600,33,60,73,50,47,1,HOLD,-0.38,-5,False,live,STOCK,24,NEUTRAL,NYSE
2026-09-03T07:56:57.533214+09:00,2026-09-03,SJM,The J. M. Smucker Company,US,소매,2026-09-02,131.44,1149590,1255929.5,3.5067,14040839168,80,60,50,51,64,2,WATCH,0.8,10,False,live,STOCK,75,NEUTRAL,NYSE
2026-09-03T07:56:57.533214+09:00,2026-09-03,STRL,"Sterling Infrastructure, Inc.",US,산업재,2026-09-02,457.6,471767,566053.35,28.5671,13997305856,18,60,68,58,42,0,AVOID,-0.61,-7,True,live,STOCK,24,NEUTRAL,NASDAQ
2026-09-03T07:56:57.533214+09:00,2026-09-03,GRAB,Grab Holdings Limited,US,IT,2026-09-02,3.53,30699631,31991621.55,0.1107,14442295296,25,60,50,66,48,0,HOLD,-0.17,-2,False,live,STOCK,64,NEUTRAL,NASDAQ
2026-09-03T07:56:57.533214+09:00,2026-09-03,MAS,Masco Corporation,US,소재,2026-09-02,70.94,1929295,1955794.75,1.6845,13988475904,28,60,73,68,56,1,HOLD,0.11,1,False,live,STOCK,62,NEUTRAL,NYSE
2026-09-03T07:56:57.533214+09:00,2026-09-03,AEFC,Aegon Funding Company LLC,US,금융,2026-09-02,17.96,129701,63385.05,0.2524,,28,60,55,50,43,0,AVOID,-0.4,-5,True,live,STOCK,40,NEUTRAL,NYSE
2026-09-03T07:56:57.533214+09:00,2026-09-03,HL,Hecla Mining Company,US,소재,2026-09-02,20.77,28206413,38243305.65,1.1745,13952630784,88,60,40,53,66,2,WATCH,0.9,11,False,live,STOCK,87,NEUTRAL,NYSE
2026-09-03T07:56:57.533214+09:00,2026-09-03,AEG,Aegon Ltd.,US,금융,2026-09-02,9.25,4721869,4168913.45,0.1362,13735274496,47,60,50,47,49,0,HOLD,0.15,2,False,live,STOCK,51,NEUTRAL,NYSE
2026-09-03T07:56:57.533214+09:00,2026-09-03,REG,Regency Centers Corporation,US,리츠,2026-09-02,75.81,1031590,1187244.5,0.9379,14173341696,50,60,63,58,52,0,HOLD,0.04,0,False,live,STOCK,32,NEUTRAL,NASDAQ
2026-09-03T07:56:57.533214+09:00,2026-09-03,CSL,Carlisle Companies Incorporated,US,소재,2026-09-02,341.93,616147,577732.35,11.7228,13579452416,43,60,60,58,47,0,HOLD,-0.16,-2,False,live,STOCK,22,NEUTRAL,NYSE
2026-09-03T07:56:57.533214+09:00,2026-09-03,TRMB,Trimble Inc.,US,IT,2026-09-02,59.11,3195189,4020474.45,1.8846,13783260160,62,60,63,60,62,0,HOLD,0.52,6,False,live,STOCK,64,NEUTRAL,NASDAQ
2026-09-03T07:56:57.533214+09:00,2026-09-03,RNR,RenaissanceRe Holdings Ltd.,US,금융,2026-09-02,331.21,219016,238615.8,5.7286,13762402304,91,60,53,73,62,2,WATCH,0.69,8,False,live,STOCK,22,NEUTRAL,NYSE
2026-09-03T07:56:57.533214+09:00,2026-09-03,ECHO,EchoStar Corporation,US,인터넷,2026-09-02,86.69,2142691,2987389.55,2.4329,25182642176,29,65,48,62,42,0,AVOID,-0.61,-7,True,live,STOCK,30,NEUTRAL,NASDAQ
2026-09-03T07:56:57.533214+09:00,2026-09-03,MLI,"Mueller Industries, Inc.",US,산업재,2026-09-02,62.07,1482869,1134088.45,2.0429,13728729088,40,60,50,55,49,0,HOLD,-0.16,-2,False,live,STOCK,55,NEUTRAL,NYSE
2026-09-03T07:56:57.533214+09:00,2026-09-03,QXO,"QXO, Inc.",US,산업재,2026-09-02,13.22,10463194,15179514.7,0.6739,13715627008,15,60,63,42,35,0,AVOID,-0.81,-10,True,live,STOCK,17,NEUTRAL,NYSE
2026-09-03T07:56:57.533214+09:00,2026-09-03,XELLL,Xcel Energy Inc. 6.25% Junior Subordinat,US,유틸리티,2026-09-02,22.5,68587,61959.35,0.2859,,20,60,55,60,42,0,AVOID,-0.46,-6,True,live,STOCK,40,NEUTRAL,NASDAQ
2026-09-03T07:56:57.533214+09:00,2026-09-03,TLN,Talen Energy Corporation,US,유틸리티,2026-09-02,302.03,832989,874779.45,15.5581,14471543808,7,60,63,70,45,1,HOLD,-0.6,-7,False,live,STOCK,49,NEUTRAL,NASDAQ
2026-09-03T07:56:57.533214+09:00,2026-09-03,CHKP,Check Point Software Technologies Ltd.,US,IT,2026-09-02,133.89,1018915,863560.75,4.4718,13670253568,72,60,50,68,65,2,WATCH,0.52,6,False,live,STOCK,74,NEUTRAL,NASDAQ
2026-09-03T07:56:57.533214+09:00,2026-09-03,LULU,Lululemon Athletica Inc.,US,소비재,2026-09-02,120.07,3915610,3565950.5,4.5564,13634418688,43,60,65,86,55,1,HOLD,-0.03,0,False,live,STOCK,26,NEUTRAL,NASDAQ
2026-09-03T07:56:57.533214+09:00,2026-09-03,TXT,Textron Inc.,US,산업재,2026-09-02,79.24,1741748,1346822.4,1.75,13628242944,20,60,63,76,45,1,HOLD,-0.54,-6,False,live,STOCK,26,NEUTRAL,NYSE
2026-09-03T07:56:57.533214+09:00,2026-09-03,COO,"The Cooper Companies, Inc.",US,제약/바이오,2026-09-02,69.73,1583370,1644283.5,1.4707,13599485952,39,65,63,58,52,0,HOLD,0.22,3,False,live,STOCK,51,NEUTRAL,NASDAQ
2026-09-03T07:56:57.533214+09:00,2026-09-03,CACI,CACI International Inc,US,IT,2026-09-02,614.27,405614,308175.7,17.4693,13575085056,36,60,55,53,56,1,HOLD,0.37,4,False,live,STOCK,93,NEUTRAL,NYSE
2026-09-03T07:56:57.533214+09:00,2026-09-03,PINS,"Pinterest, Inc.",US,인터넷,2026-09-02,21.22,13269822,10201861.1,0.7931,12017162240,43,65,48,59,51,0,HOLD,-0.05,-1,False,live,STOCK,58,NEUTRAL,NYSE
2026-09-03T07:56:57.533214+09:00,2026-09-03,GDDY,GoDaddy Inc.,US,IT,2026-09-02,101.87,1777608,1802135.4,4.3146,12901602304,85,60,53,76,75,3,BUY,1.09,13,False,live,STOCK,90,NEUTRAL,NYSE
2026-09-03T07:56:57.533214+09:00,2026-09-03,AA,Alcoa Corporation,US,소재,2026-09-02,51.05,3276885,5032314.25,2.2204,13472576512,63,60,50,73,58,1,HOLD,0.04,0,False,live,STOCK,47,NEUTRAL,NYSE
2026-09-03T07:56:57.533214+09:00,2026-09-03,GL,Globe Life Inc.,US,금융,2026-09-02,173.34,276625,500196.25,3.6116,13321082880,32,60,50,78,51,1,HOLD,0.07,1,False,live,STOCK,54,NEUTRAL,NYSE
2026-09-03T07:56:57.533214+09:00,2026-09-03,FIVE,"Five Below, Inc.",US,소비재,2026-09-02,243.08,1854221,1054516.05,9.1943,13441193984,62,60,68,66,68,1,HOLD,0.72,9,False,live,STOCK,77,NEUTRAL,NASDAQ
2026-09-03T07:56:57.533214+09:00,2026-09-03,BWA,BorgWarner Inc.,US,소비재,2026-09-02,65.18,1888094,2126719.7,1.9903,13274973184,43,60,63,74,51,1,HOLD,-0.26,-3,False,live,STOCK,23,NEUTRAL,NYSE
2026-09-03T07:56:57.533214+09:00,2026-09-03,VIRT,"Virtu Financial, Inc.",US,금융,2026-09-02,62.69,1149652,1515277.6,3.3834,5535569408,95,60,63,70,76,3,BUY,1.19,14,False,live,STOCK,72,NEUTRAL,NYSE
2026-09-03T07:56:57.533214+09:00,2026-09-03,AVY,Avery Dennison Corporation,US,소비재,2026-09-02,174.42,797779,1043778.95,4.6414,13218967552,47,60,55,58,51,0,HOLD,0.16,2,False,live,STOCK,45,NEUTRAL,NYSE
2026-09-03T07:56:57.533214+09:00,2026-09-03,BAX,Baxter International Inc.,US,제약/바이오,2026-09-02,25.7,4167794,5783274.7,0.6919,13286797312,51,65,66,63,59,0,HOLD,0.46,6,False,live,STOCK,54,NEUTRAL,NYSE
2026-09-03T07:56:57.533214+09:00,2026-09-03,BNT,Brookfield Wealth Solutions Ltd.,US,금융,2026-09-02,39.86,21753,12372.65,0.7589,10936548352,20,60,55,60,42,0,AVOID,-0.52,-6,True,live,STOCK,40,NEUTRAL,NYSE
2026-09-03T07:56:57.533214+09:00,2026-09-03,EMBJ,Embraer S.A.,US,산업재,2026-09-02,72.21,967196,1333449.8,2.0371,12850364416,51,60,55,61,56,0,HOLD,0.38,5,False,live,STOCK,60,NEUTRAL,NYSE
2026-09-03T07:56:57.533214+09:00,2026-09-03,DTM,"DT Midstream, Inc.",US,에너지,2026-09-02,128.89,940438,1011946.9,3.9214,13148751872,47,60,65,50,51,0,HOLD,-0.09,-1,False,live,STOCK,36,NEUTRAL,NYSE
2026-09-03T07:56:57.533214+09:00,2026-09-03,CNA,CNA Financial Corporation,US,금융,2026-09-02,48.56,630786,366769.3,0.9264,13140381696,32,60,60,86,54,1,HOLD,0.14,2,False,live,STOCK,45,NEUTRAL,NYSE
2026-09-03T07:56:57.533214+09:00,2026-09-03,BMNR,"Bitmine Immersion Technologies, Inc.",US,금융,2026-09-02,23.06,26589299,40382314.95,1.6125,13910400000,88,60,63,42,69,2,WATCH,1.04,12,False,live,STOCK,78,NEUTRAL,NYSE
2026-09-03T07:56:57.533214+09:00,2026-09-03,BIPI,BIP Bermuda Holdings I Limited,US,산업재,2026-09-02,16.49,24463,11898.15,0.1686,,43,60,55,50,47,0,HOLD,-0.09,-1,False,live,STOCK,40,NEUTRAL,NYSE
2026-09-03T07:56:57.533214+09:00,2026-09-03,SEIC,SEI Investments Company,US,금융,2026-09-02,109.12,668216,592955.8,1.6957,13096494080,73,60,45,50,59,1,HOLD,0.6,7,False,live,STOCK,69,NEUTRAL,NASDAQ
2026-09-03T07:56:57.533214+09:00,2026-09-03,SREA,Sempra,US,유틸리티,2026-09-02,20.0,74725,56296.25,0.1864,,20,60,58,50,41,0,AVOID,-0.47,-6,True,live,STOCK,40,NEUTRAL,NYSE
2026-09-03T07:56:57.533214+09:00,2026-09-03,UHAL,U-Haul Holding Company,US,산업재,2026-09-02,66.56,156409,152550.45,1.4993,13012093952,43,60,63,35,49,0,HOLD,0.19,2,False,live,STOCK,51,NEUTRAL,NYSE
2026-09-03T07:56:57.533214+09:00,2026-09-03,HALO,"Halozyme Therapeutics, Inc.",US,제약/바이오,2026-09-02,109.66,1619112,2343520.6,2.8679,12446190592,73,65,50,50,66,2,WATCH,0.82,10,False,live,STOCK,93,NEUTRAL,NASDAQ
2026-09-03T07:56:57.533214+09:00,2026-09-03,WSE,Wise Group plc Class A Ordinary Shares,US,IT,2026-09-02,13.0,1137358,1021377.9,0.3429,12788482048,88,60,75,45,68,2,WATCH,0.99,12,False,live,STOCK,52,NEUTRAL,NASDAQ
2026-09-03T07:56:57.533214+09:00,2026-09-03,ALLY,Ally Financial Inc.,US,금융,2026-09-02,42.66,3145946,2907932.3,0.8978,12977158144,25,60,63,96,58,1,HOLD,0.09,1,False,live,STOCK,61,NEUTRAL,NYSE
2026-09-03T07:56:57.533214+09:00,2026-09-03,W,Wayfair Inc.,US,소비재,2026-09-02,94.54,1834992,2586419.6,4.5089,12948961280,51,60,50,45,49,0,HOLD,0.18,2,False,live,STOCK,48,NEUTRAL,NYSE
2026-09-03T07:56:57.533214+09:00,2026-09-03,BMRN,BioMarin Pharmaceutical Inc.,US,제약/바이오,2026-09-02,66.97,2520749,2372972.45,1.7586,12963635200,63,65,66,51,63,1,HOLD,0.71,9,False,live,STOCK,72,NEUTRAL,NASDAQ
2026-09-03T07:56:57.533214+09:00,2026-09-03,LII,Lennox International Inc.,US,산업재,2026-09-02,374.0,390681,483914.05,10.7171,12925692928,32,60,63,60,44,0,AVOID,-0.49,-6,True,live,STOCK,20,NEUTRAL,NYSE
2026-09-03T07:56:57.533214+09:00,2026-09-03,TME,Tencent Music Entertainment Group,US,인터넷,2026-09-02,8.39,5522070,12414343.5,0.2689,13747485696,28,65,58,78,55,1,HOLD,-0.12,-1,False,live,STOCK,66,NEUTRAL,NYSE
2026-09-03T07:56:57.533214+09:00,2026-09-03,MAIR,Madison Air Solutions Corporation,US,산업재,2026-09-02,25.67,4111122,2811941.1,1.8443,12879219712,10,60,70,50,38,1,AVOID,-0.76,-9,True,live,STOCK,20,NEUTRAL,NYSE
2026-09-03T07:56:57.533214+09:00,2026-09-03,CHYM,"Chime Financial, Inc. Class A Common Sto",US,IT,2026-09-02,33.41,5947464,10014858.2,1.2769,12648528896,73,60,55,62,68,2,WATCH,0.87,10,False,live,STOCK,86,NEUTRAL,NASDAQ
2026-09-03T07:56:57.533214+09:00,2026-09-03,CCK,"Crown Holdings, Inc.",US,소비재,2026-09-02,117.0,757668,771453.4,2.41,12724979712,48,60,60,84,61,1,HOLD,0.47,6,False,live,STOCK,61,NEUTRAL,NYSE
2026-09-03T07:56:57.533214+09:00,2026-09-03,WSO,"Watsco, Inc.",US,산업재,2026-09-02,308.92,550137,502796.85,8.6557,12743627776,40,60,63,50,46,0,HOLD,-0.36,-4,False,live,STOCK,27,NEUTRAL,NYSE
2026-09-03T07:56:57.533214+09:00,2026-09-03,PEN,"Penumbra, Inc.",US,제약/바이오,2026-09-02,322.8,220277,260583.85,2.2825,12714905600,40,65,55,30,46,0,HOLD,-0.09,-1,False,live,STOCK,58,NEUTRAL,NYSE
2026-09-03T07:56:57.533214+09:00,2026-09-03,CSGP,"CoStar Group, Inc.",US,리츠,2026-09-02,31.26,5169078,7001008.9,1.4363,12666477568,43,60,63,51,47,0,HOLD,-0.21,-3,False,live,STOCK,26,NEUTRAL,NASDAQ
2026-09-03T07:56:57.533214+09:00,2026-09-03,ONTO,Onto Innovation Inc.,US,반도체,2026-09-02,254.55,764008,1052030.4,18.4499,15558970368,35,65,63,51,46,0,HOLD,-0.31,-4,False,live,STOCK,33,NEUTRAL,NYSE
2026-09-03T07:56:57.533214+09:00,2026-09-03,QNT,Quantinuum Inc. Class A Common Stock,US,IT,2026-09-02,48.0,2125188,1543434.4,3.88,12638790656,20,60,65,58,45,0,HOLD,-0.3,-4,False,live,STOCK,41,NEUTRAL,NASDAQ
2026-09-03T07:56:57.533214+09:00,2026-09-03,MANH,"Manhattan Associates, Inc.",US,IT,2026-09-02,216.77,444655,807362.75,7.3321,12638769152,63,60,50,35,60,1,HOLD,0.63,8,False,live,STOCK,93,NEUTRAL,NASDAQ
2026-09-03T07:56:57.533214+09:00,2026-09-03,MDGL,"Madrigal Pharmaceuticals, Inc.",US,제약/바이오,2026-09-02,546.93,202812,261250.6,19.8625,12636339200,66,65,50,26,51,0,HOLD,0.34,4,False,live,STOCK,55,NEUTRAL,NASDAQ
2026-09-03T07:56:57.533214+09:00,2026-09-03,GGG,Graco Inc.,US,산업재,2026-09-02,77.66,2194376,2437878.8,1.7308,12577334272,39,60,63,50,44,0,AVOID,-0.18,-2,True,live,STOCK,16,NEUTRAL,NYSE
2026-09-03T07:56:57.533214+09:00,2026-09-03,HUBS,"HubSpot, Inc.",US,IT,2026-09-02,245.51,1283730,2068211.5,13.9621,12567830528,84,60,55,59,72,2,WATCH,0.98,12,False,live,STOCK,90,NEUTRAL,NYSE
2026-09-03T07:56:57.533214+09:00,2026-09-03,TXRH,"Texas Roadhouse, Inc.",US,소비재,2026-09-02,190.88,784039,807746.95,4.5727,12529541120,39,60,53,42,46,0,HOLD,0.04,0,False,live,STOCK,48,NEUTRAL,NASDAQ
2026-09-03T07:56:57.533214+09:00,2026-09-03,FIG,"Figma, Inc.",US,IT,2026-09-02,25.73,9595856,17941692.8,1.6436,13714342912,47,60,50,30,49,0,HOLD,0.21,3,False,live,STOCK,69,NEUTRAL,NYSE
2026-09-03T07:56:57.533214+09:00,2026-09-03,NXT,Nextpower Inc.,US,에너지,2026-09-02,82.55,1734022,2130726.1,4.4636,12682846208,10,60,53,53,34,0,AVOID,-0.9,-11,True,live,STOCK,24,NEUTRAL,NASDAQ
2026-09-03T07:56:57.533214+09:00,2026-09-03,IT,"Gartner, Inc.",US,IT,2026-09-02,186.75,690722,1370146.1,8.1704,11793071104,54,60,45,84,62,2,WATCH,0.49,6,False,live,STOCK,77,NEUTRAL,NYSE
2026-09-03T07:56:57.533214+09:00,2026-09-03,DOCU,"DocuSign, Inc.",US,IT,2026-09-02,65.39,2718506,2889545.3,2.7889,12485867520,95,60,50,66,72,2,WATCH,1.08,13,False,live,STOCK,77,NEUTRAL,NASDAQ
2026-09-03T07:56:57.533214+09:00,2026-09-03,SMTC,Semtech Corporation,US,반도체,2026-09-02,133.85,1724318,3105945.9,11.5057,12491635712,55,65,66,35,54,0,HOLD,0.02,0,False,live,STOCK,55,NEUTRAL,NASDAQ
2026-09-03T07:56:57.533214+09:00,2026-09-03,FNF,"Fidelity National Financial, Inc.",US,금융,2026-09-02,46.18,1710257,1603042.85,0.91,12385144832,28,60,63,84,48,1,HOLD,-0.23,-3,False,live,STOCK,19,NEUTRAL,NYSE
2026-09-03T07:56:57.533214+09:00,2026-09-03,ELAN,Elanco Animal Health Incorporated,US,제약/바이오,2026-09-02,24.68,6739185,8222019.25,0.7643,12326415360,72,65,72,53,70,3,BUY,0.76,9,False,live,STOCK,79,NEUTRAL,NYSE
2026-09-03T07:56:57.533214+09:00,2026-09-03,DOCN,"DigitalOcean Holdings, Inc.",US,IT,2026-09-02,104.87,2059036,2211421.8,7.9155,12330567680,10,60,73,26,38,1,AVOID,-0.69,-8,True,live,STOCK,38,NEUTRAL,NYSE
2026-09-03T07:56:57.533214+09:00,2026-09-03,ELS,"Equity LifeStyle Properties, Inc.",US,리츠,2026-09-02,63.12,1130039,1178291.95,0.9307,12656248832,31,60,55,45,46,0,HOLD,-0.15,-2,False,live,STOCK,55,NEUTRAL,NYSE
2026-09-03T07:56:57.533214+09:00,2026-09-03,ICLR,ICON Public Limited Company,US,제약/바이오,2026-09-02,159.84,893167,537298.35,6.6718,12332327936,35,65,50,59,50,0,HOLD,0.08,1,False,live,STOCK,66,NEUTRAL,NASDAQ
2026-09-03T07:56:57.533214+09:00,2026-09-03,AGNC,AGNC Investment Corp.,US,리츠,2026-09-02,10.62,18798188,14830729.4,0.1409,12589812736,47,60,60,65,55,0,HOLD,0.19,2,False,live,STOCK,48,NEUTRAL,NASDAQ
2026-09-03T07:56:57.533214+09:00,2026-09-03,AR,Antero Resources Corporation,US,에너지,2026-09-02,39.59,3113265,3734833.25,1.035,12171510784,84,60,55,78,71,2,WATCH,0.87,10,False,live,STOCK,69,NEUTRAL,NYSE
2026-09-03T07:56:57.533214+09:00,2026-09-03,FMS,Fresenius Medical Care AG & Co. KGaA,US,제약/바이오,2026-09-02,22.65,646323,724751.15,0.3343,12054768640,24,65,58,100,48,1,HOLD,-0.23,-3,False,live,STOCK,16,NEUTRAL,NYSE
2026-09-03T07:56:57.533214+09:00,2026-09-03,MICC,The Magnum Ice Cream Company N.V.,US,소매,2026-09-02,19.85,814906,746445.3,0.4524,12098411520,55,60,63,50,59,0,HOLD,0.54,6,False,live,STOCK,69,NEUTRAL,NYSE
2026-09-03T07:56:57.533214+09:00,2026-09-03,HMY,Harmony Gold Mining Company Limited,US,소재,2026-09-02,19.45,5146265,3825723.25,1.0361,12155810816,47,60,50,86,60,1,HOLD,0.38,5,False,live,STOCK,66,NEUTRAL,NYSE
2026-09-03T07:56:57.533214+09:00,2026-09-03,RTO,Rentokil Initial plc,US,산업재,2026-09-02,24.13,1136459,1368892.95,0.4004,12143373312,55,60,55,74,55,1,HOLD,-0.08,-1,False,live,STOCK,38,NEUTRAL,NYSE
2026-09-03T07:56:57.533214+09:00,2026-09-03,HRL,Hormel Foods Corporation,US,소매,2026-09-02,22.05,4523202,4851645.1,0.5953,12135234560,20,60,58,66,48,0,HOLD,-0.29,-3,False,live,STOCK,55,NEUTRAL,NYSE
2026-09-03T07:56:57.533214+09:00,2026-09-03,HBM,Hudbay Minerals Inc.,US,소재,2026-09-02,27.32,2469400,4505600.0,1.3879,12134034432,43,60,60,60,57,0,HOLD,0.04,0,False,live,STOCK,69,NEUTRAL,NYSE
2026-09-03T07:56:57.533214+09:00,2026-09-03,LI,Li Auto Inc.,US,소비재,2026-09-02,12.01,3783790,2724479.5,0.3236,11751565312,36,60,55,47,42,0,AVOID,-0.52,-6,True,live,STOCK,27,NEUTRAL,NASDAQ
2026-09-03T07:56:57.533214+09:00,2026-09-03,SF,Stifel Financial Corp,US,금융,2026-09-02,80.01,837503,939410.15,1.8367,12081648640,44,60,52,76,55,1,HOLD,0.26,3,False,live,STOCK,54,NEUTRAL,NYSE
2026-09-03T07:56:57.533214+09:00,2026-09-03,CART,Maplebear Inc.,US,IT,2026-09-02,51.53,2716036,4524101.8,1.6668,11929197568,73,60,50,66,66,2,WATCH,0.8,10,False,live,STOCK,81,NEUTRAL,NASDAQ
2026-09-03T07:56:57.533214+09:00,2026-09-03,IESC,"IES Holdings, Inc.",US,산업재,2026-09-02,302.64,223682,185179.1,58.6239,12059814912,10,60,45,42,37,0,AVOID,-0.78,-9,True,live,STOCK,59,NEUTRAL,NASDAQ
2026-09-03T07:56:57.533214+09:00,2026-09-03,SNN,Smith & Nephew plc,US,제약/바이오,2026-09-02,28.66,3379060,1569643.0,0.5518,11994456064,28,65,60,58,43,0,AVOID,-0.42,-5,True,live,STOCK,23,NEUTRAL,NYSE
2026-09-03T07:56:57.533214+09:00,2026-09-03,ARWR,"Arrowhead Pharmaceuticals, Inc.",US,제약/바이오,2026-09-02,85.37,1524980,1107464.0,3.1369,12058894336,47,65,60,42,48,0,HOLD,0.16,2,False,live,STOCK,39,NEUTRAL,NASDAQ
2026-09-03T07:56:57.533214+09:00,2026-09-03,EHC,Encompass Health Corporation,US,제약/바이오,2026-09-02,121.18,650829,986186.45,2.275,11954817024,44,65,45,58,53,1,HOLD,0.25,3,False,live,STOCK,72,NEUTRAL,NYSE
2026-09-03T07:56:57.533214+09:00,2026-09-03,DKNG,DraftKings Inc.,US,소비재,2026-09-02,24.21,10630906,12427280.3,1.1316,12019151872,28,60,60,60,54,1,HOLD,-0.02,0,False,live,STOCK,78,NEUTRAL,NASDAQ
2026-09-03T07:56:57.533214+09:00,2026-09-03,TTMI,"TTM Technologies, Inc.",US,IT,2026-09-02,115.6,1287344,2861617.2,8.563,12178328576,37,60,56,50,43,0,AVOID,-0.49,-6,True,live,STOCK,26,NEUTRAL,NASDAQ
2026-09-03T07:56:57.533214+09:00,2026-09-03,GLPI,"Gaming and Leisure Properties, Inc.",US,리츠,2026-09-02,42.34,4129416,3913440.8,0.8371,12680881152,28,60,60,60,44,0,AVOID,-0.4,-5,True,live,STOCK,29,NEUTRAL,NASDAQ
2026-09-03T07:56:57.533214+09:00,2026-09-03,CORT,Corcept Therapeutics Incorporated,US,제약/바이오,2026-09-02,110.43,951109,821480.45,4.3325,11937306624,51,65,63,43,58,1,HOLD,0.5,6,False,live,STOCK,75,NEUTRAL,NASDAQ
2026-09-03T07:56:57.533214+09:00,2026-09-03,ERIE,Erie Indemnity Company,US,금융,2026-09-02,258.41,214739,320641.95,9.1103,13512224768,59,60,60,58,62,1,HOLD,0.61,7,False,live,STOCK,72,NEUTRAL,NASDAQ
2026-09-03T07:56:57.533214+09:00,2026-09-03,PSKY,Paramount Skydance Corporation Class B C,US,인터넷,2026-09-02,10.97,11983920,10805406.0,0.4211,12307744768,69,65,63,59,69,1,HOLD,0.79,9,False,live,STOCK,90,NEUTRAL,NASDAQ
2026-09-03T07:56:57.533214+09:00,2026-09-03,JKHY,"Jack Henry & Associates, Inc.",US,IT,2026-09-02,167.03,889631,986006.55,5.2564,11710908416,88,60,63,50,70,2,WATCH,1.04,12,False,live,STOCK,75,NEUTRAL,NASDAQ
2026-09-03T07:56:57.533214+09:00,2026-09-03,AMH,American Homes 4 Rent,US,리츠,2026-09-02,32.99,1684816,1961150.8,0.5004,13524317184,46,60,75,58,53,1,HOLD,0.1,1,False,live,STOCK,25,NEUTRAL,NYSE
2026-09-03T07:56:57.533214+09:00,2026-09-03,AFG,"American Financial Group, Inc.",US,금융,2026-09-02,142.6,213706,334035.3,2.3182,11824601088,50,60,53,60,59,1,HOLD,0.43,5,False,live,STOCK,80,NEUTRAL,NYSE
2026-09-03T07:56:57.533214+09:00,2026-09-03,BJ,"BJ's Wholesale Club Holdings, Inc.",US,소매,2026-09-02,92.75,1650470,1949108.5,2.9399,11715687424,43,60,50,50,44,0,AVOID,-0.17,-2,True,live,STOCK,32,NEUTRAL,NYSE
2026-09-03T07:56:57.533214+09:00,2026-09-03,BTSG,"BrightSpring Health Services, Inc. Commo",US,제약/바이오,2026-09-02,60.25,1766996,2373944.8,2.3406,11921320960,65,65,45,58,49,0,HOLD,-0.02,0,False,live,STOCK,23,NEUTRAL,NASDAQ
2026-09-03T07:56:57.533214+09:00,2026-09-03,AIT,"Applied Industrial Technologies, Inc.",US,산업재,2026-09-02,319.45,230586,269129.3,9.3278,11723450368,35,60,60,50,48,0,HOLD,-0.09,-1,False,live,STOCK,48,NEUTRAL,NYSE
2026-09-03T07:56:57.533214+09:00,2026-09-03,PNW,Pinnacle West Capital Corporation,US,유틸리티,2026-09-02,97.38,748066,1014818.3,1.4689,11802185728,28,60,63,42,42,0,AVOID,-0.33,-4,True,live,STOCK,33,NEUTRAL,NYSE
2026-09-03T07:56:57.533214+09:00,2026-09-03,WTRG,"Essential Utilities, Inc.",US,유틸리티,2026-09-02,41.55,2737465,1903773.25,0.8286,11784950784,88,60,63,37,67,2,WATCH,0.95,11,False,live,STOCK,71,NEUTRAL,NYSE
2026-09-03T07:56:57.533214+09:00,2026-09-03,UDR,"UDR, Inc.",US,리츠,2026-09-02,36.59,2234102,2654920.1,0.5875,13441856512,31,60,60,53,42,0,AVOID,-0.37,-4,True,live,STOCK,23,NEUTRAL,NYSE
2026-09-03T07:56:57.533214+09:00,2026-09-03,WTS,"Watts Water Technologies, Inc.",US,산업재,2026-09-02,351.84,247079,193358.95,8.1154,11745491968,39,60,73,45,46,1,HOLD,-0.0,0,False,live,STOCK,17,NEUTRAL,NYSE
2026-09-03T07:56:57.533214+09:00,2026-09-03,DKS,"DICK'S Sporting Goods, Inc.",US,소비재,2026-09-02,137.34,3194329,4875891.45,10.5579,12292278272,10,60,75,68,44,1,AVOID,-0.62,-7,True,live,STOCK,23,NEUTRAL,NYSE
2026-09-03T07:56:57.533214+09:00,2026-09-03,AMKR,"Amkor Technology, Inc.",US,반도체,2026-09-02,47.17,3587204,4089120.2,3.0599,11719502848,15,65,50,58,36,0,AVOID,-0.85,-10,True,live,STOCK,23,NEUTRAL,NASDAQ
2026-09-03T07:56:57.533214+09:00,2026-09-03,IAG,Iamgold Corporation,US,소재,2026-09-02,20.2,4161920,6127926.0,1.0214,11534200832,66,60,55,73,68,2,WATCH,0.82,10,False,live,STOCK,87,NEUTRAL,NYSE
2026-09-03T07:56:57.533214+09:00,2026-09-03,FHN,First Horizon Corporation,US,금융,2026-09-02,24.57,3368088,4575574.4,0.4654,11640704000,25,60,55,70,52,1,HOLD,-0.04,0,False,live,STOCK,68,NEUTRAL,NYSE
2026-09-03T07:56:57.533214+09:00,2026-09-03,SMMT,Summit Therapeutics Inc.,US,제약/바이오,2026-09-02,14.6,3646598,5538894.9,0.9636,11647144960,65,65,71,42,62,1,HOLD,0.44,5,False,live,STOCK,62,NEUTRAL,NASDAQ
2026-09-03T07:56:57.533214+09:00,2026-09-03,AHR,"American Healthcare REIT, Inc.",US,리츠,2026-09-02,56.21,1901136,3136316.8,1.1282,12253710336,85,60,58,43,68,2,WATCH,0.98,12,False,live,STOCK,83,NEUTRAL,NYSE
2026-09-03T07:56:57.533214+09:00,2026-09-03,DVA,DaVita Inc.,US,제약/바이오,2026-09-02,179.39,513088,906294.4,4.1614,11445082112,65,65,53,84,59,1,HOLD,0.13,2,False,live,STOCK,32,NEUTRAL,NYSE
2026-09-03T07:56:57.533214+09:00,2026-09-03,CR,Crane Company,US,산업재,2026-09-02,199.1,360315,386130.75,6.1746,11508050944,24,60,63,58,42,0,AVOID,-0.32,-4,True,live,STOCK,19,NEUTRAL,NYSE
2026-09-03T07:56:57.533214+09:00,2026-09-03,AUR,"Aurora Innovation, Inc.",US,IT,2026-09-02,5.85,27908124,28562306.2,0.3779,11724308480,15,60,45,50,40,0,AVOID,-0.66,-8,True,live,STOCK,62,NEUTRAL,NASDAQ
2026-09-03T07:56:57.533214+09:00,2026-09-03,DPZ,"Domino's Pizza, Inc.",US,소비재,2026-09-02,346.68,692263,801218.15,11.2864,11468776448,55,60,50,50,52,0,HOLD,0.28,3,False,live,STOCK,54,NEUTRAL,NASDAQ
2026-09-03T07:56:57.533214+09:00,2026-09-03,DECK,Deckers Outdoor Corporation,US,소비재,2026-09-02,83.76,2844442,2469257.1,2.6204,11406593024,18,60,63,78,45,1,HOLD,-0.58,-7,False,live,STOCK,26,NEUTRAL,NYSE
2026-09-03T07:56:57.533214+09:00,2026-09-03,CLX,The Clorox Company,US,소매,2026-09-02,94.27,2586564,2927433.2,3.0408,11400165376,39,60,60,50,50,0,HOLD,0.06,1,False,live,STOCK,51,NEUTRAL,NYSE
2026-09-03T07:56:57.533214+09:00,2026-09-03,ALGN,"Align Technology, Inc.",US,제약/바이오,2026-09-02,159.15,687054,799052.7,5.815,11305992192,25,65,63,74,55,2,HOLD,-0.01,0,False,live,STOCK,70,NEUTRAL,NASDAQ
2026-09-03T07:56:57.533214+09:00,2026-09-03,HII,"Huntington Ingalls Industries, Inc.",US,산업재,2026-09-02,288.72,348205,408500.25,7.5263,11376896000,35,60,55,60,43,0,AVOID,-0.33,-4,True,live,STOCK,19,NEUTRAL,NYSE
2026-09-03T07:56:57.533214+09:00,2026-09-03,TECH,Bio-Techne Corporation,US,제약/바이오,2026-09-02,72.3,1655844,2592607.2,0.2241,11337959424,66,65,73,43,63,1,HOLD,0.74,9,False,live,STOCK,64,NEUTRAL,NASDAQ
2026-09-03T07:56:57.533214+09:00,2026-09-03,SUZ,Suzano S.A.,US,소재,2026-09-02,9.14,3586286,3871599.3,0.2714,11256465408,74,60,55,70,66,2,WATCH,0.76,9,False,live,STOCK,67,NEUTRAL,NYSE
2026-09-03T07:56:57.533214+09:00,2026-09-03,EGO,Eldorado Gold Corporation,US,소재,2026-09-02,43.15,3609200,2987220.0,2.2304,11253966848,66,60,55,55,58,0,HOLD,0.5,6,False,live,STOCK,51,NEUTRAL,NYSE
2026-09-03T07:56:57.533214+09:00,2026-09-03,EVR,Evercore Inc.,US,금융,2026-09-02,288.69,551803,509520.15,9.0262,11102375936,50,60,63,68,52,0,HOLD,-0.21,-3,False,live,STOCK,20,NEUTRAL,NYSE
2026-09-03T07:56:57.533214+09:00,2026-09-03,TX,Ternium S.A.,US,소재,2026-09-02,56.87,711936,675781.8,1.7407,,66,60,60,76,70,2,WATCH,0.84,10,False,live,STOCK,83,NEUTRAL,NYSE
2026-09-03T07:56:57.533214+09:00,2026-09-03,NVMI,Nova Ltd.,US,반도체,2026-09-02,349.6,498497,465999.85,17.7371,11119433728,10,65,40,50,28,0,AVOID,-1.1,-13,True,live,STOCK,17,NEUTRAL,NASDAQ
2026-09-03T07:56:57.533214+09:00,2026-09-03,FROG,JFrog Ltd.,US,IT,2026-09-02,91.73,2203066,2237178.3,6.1715,11310430208,91,60,60,27,66,2,WATCH,0.91,11,False,live,STOCK,77,NEUTRAL,NASDAQ
2026-09-03T07:56:57.533214+09:00,2026-09-03,SCI,Service Corporation International,US,소비재,2026-09-02,81.09,528452,732602.6,1.58,11051884544,47,60,48,50,50,0,HOLD,0.19,2,False,live,STOCK,58,NEUTRAL,NYSE
2026-09-03T07:56:57.533214+09:00,2026-09-03,APC,ARKO Petroleum Corp. Class A Common Stoc,US,에너지,2026-09-02,18.37,140176,176583.8,0.5182,1516815104,28,60,55,58,51,1,HOLD,-0.12,-1,False,live,STOCK,71,NEUTRAL,NASDAQ
2026-09-03T07:56:57.533214+09:00,2026-09-03,NYT,The New York Times Company,US,인터넷,2026-09-02,67.68,1711065,2336478.25,1.3643,10915673088,62,65,63,53,55,0,HOLD,0.08,1,False,live,STOCK,35,NEUTRAL,NYSE
2026-09-03T07:56:57.533214+09:00,2026-09-03,KNX,Knight-Swift Transportation Holdings Inc,US,산업재,2026-09-02,67.42,2161768,2687743.4,2.1914,10973008896,28,60,63,51,42,0,AVOID,-0.53,-6,True,live,STOCK,24,NEUTRAL,NYSE
2026-09-03T07:56:57.533214+09:00,2026-09-03,BPOP,"Popular, Inc.",US,금융,2026-09-02,170.57,747358,415097.9,3.3229,10878699520,44,60,53,70,54,1,HOLD,0.25,3,False,live,STOCK,54,NEUTRAL,NASDAQ
2026-09-03T07:56:57.533214+09:00,2026-09-03,FDS,FactSet Research Systems Inc.,US,금융,2026-09-02,306.07,524037,812946.85,11.3655,10885545984,95,60,55,66,72,2,WATCH,1.09,13,False,live,STOCK,71,NEUTRAL,NYSE
2026-09-03T07:56:57.533214+09:00,2026-09-03,KRYS,"Krystal Biotech, Inc.",US,제약/바이오,2026-09-02,369.23,304958,212807.9,10.8371,10928778240,67,65,45,34,50,0,HOLD,0.3,4,False,live,STOCK,46,NEUTRAL,NASDAQ
2026-09-03T07:56:57.533214+09:00,2026-09-03,GMED,"Globus Medical, Inc.",US,제약/바이오,2026-09-02,80.66,826095,1353329.75,2.215,10829566976,43,65,60,66,58,0,HOLD,0.24,3,False,live,STOCK,69,NEUTRAL,NYSE
2026-09-03T07:56:57.533214+09:00,2026-09-03,TEM,"Tempus AI, Inc.",US,제약/바이오,2026-09-02,61.94,5766149,7705837.45,5.6219,11176128512,62,65,53,42,60,1,HOLD,0.63,8,False,live,STOCK,87,NEUTRAL,NASDAQ
2026-09-03T07:56:57.533214+09:00,2026-09-03,PAC,"Grupo Aeroportuario del Pacífico, S.A.B.",US,산업재,2026-09-02,208.45,86922,110451.1,6.0021,12403153920,50,60,60,50,52,0,HOLD,-0.12,-1,False,live,STOCK,44,NEUTRAL,NYSE
2026-09-03T07:56:57.533214+09:00,2026-09-03,OC,Owens Corning,US,소재,2026-09-02,134.25,935352,863102.6,4.0857,10612285440,39,60,60,78,55,1,HOLD,0.2,2,False,live,STOCK,48,NEUTRAL,NYSE
2026-09-03T07:56:57.533214+09:00,2026-09-03,AXSM,"Axsome Therapeutics, Inc.",US,제약/바이오,2026-09-02,209.92,608143,672252.15,7.1439,10995780608,50,65,60,26,46,0,HOLD,-0.19,-2,False,live,STOCK,39,NEUTRAL,NASDAQ
2026-09-03T07:56:57.533214+09:00,2026-09-03,SWKS,"Skyworks Solutions, Inc.",US,반도체,2026-09-02,71.67,7516638,5450241.9,2.8586,10784384000,84,65,66,53,66,1,HOLD,0.51,6,False,live,STOCK,50,NEUTRAL,NASDAQ
2026-09-03T07:56:57.533214+09:00,2026-09-03,UMBF,UMB Financial Corporation,US,금융,2026-09-02,141.91,671069,476043.45,3.1296,10778068992,44,60,50,70,54,1,HOLD,0.23,3,False,live,STOCK,61,NEUTRAL,NASDAQ
2026-09-03T07:56:57.533214+09:00,2026-09-03,JEF,Jefferies Financial Group Inc.,US,금융,2026-09-02,52.9,1256778,1732758.9,1.4608,10759437312,28,60,60,68,44,0,AVOID,-0.34,-4,True,live,STOCK,20,NEUTRAL,NYSE
2026-09-03T07:56:57.533214+09:00,2026-09-03,DAR,Darling Ingredients Inc.,US,소매,2026-09-02,67.62,2286256,2658147.8,3.1557,10670632960,91,60,50,53,70,2,WATCH,0.97,12,False,live,STOCK,87,NEUTRAL,NYSE
2026-09-03T07:56:57.533214+09:00,2026-09-03,AEIS,"Advanced Energy Industries, Inc.",US,IT,2026-09-02,268.19,422121,505036.05,16.3266,10741127168,10,60,50,50,31,0,AVOID,-0.99,-12,True,live,STOCK,17,NEUTRAL,NASDAQ
2026-09-03T07:56:57.533214+09:00,2026-09-03,RRX,Regal Rexnord Corporation,US,산업재,2026-09-02,160.77,1024434,1413246.7,5.7214,10702390272,37,60,63,58,46,0,HOLD,-0.43,-5,False,live,STOCK,20,NEUTRAL,NYSE
2026-09-03T07:56:57.533214+09:00,2026-09-03,BXP,"BXP, Inc.",US,리츠,2026-09-02,67.1,1146983,1157819.15,1.7486,12136875008,47,60,63,58,55,0,HOLD,0.3,4,False,live,STOCK,54,NEUTRAL,NYSE
2026-09-03T07:56:57.533214+09:00,2026-09-03,ENLT,Enlight Renewable Energy Ltd,US,유틸리티,2026-09-02,76.48,117262,177553.1,2.6746,10694145024,18,60,50,35,31,0,AVOID,-0.91,-11,True,live,STOCK,20,NEUTRAL,NASDAQ
2026-09-03T07:56:57.533214+09:00,2026-09-03,AM,Antero Midstream Corporation,US,에너지,2026-09-02,22.51,2503008,2418980.4,0.5376,10684911616,69,60,60,58,58,0,HOLD,0.42,5,False,live,STOCK,40,NEUTRAL,NYSE
2026-09-03T07:56:57.533214+09:00,2026-09-03,PAYP,PayPay Corporation,US,IT,2026-09-02,15.73,592826,665986.3,0.62,10651460608,72,60,55,68,57,1,HOLD,0.15,2,False,live,STOCK,26,NEUTRAL,NASDAQ
2026-09-03T07:56:57.533214+09:00,2026-09-03,PAYC,"Paycom Software, Inc.",US,IT,2026-09-02,236.25,608716,894575.8,7.2898,10648170496,58,60,58,50,63,1,HOLD,0.7,8,False,live,STOCK,93,NEUTRAL,NYSE
2026-09-03T07:56:57.533214+09:00,2026-09-03,ARW,"Arrow Electronics, Inc.",US,IT,2026-09-02,208.13,504881,601239.05,7.0395,10594946048,28,60,60,84,54,1,HOLD,-0.17,-2,False,live,STOCK,55,NEUTRAL,NYSE
2026-09-03T07:56:57.533214+09:00,2026-09-03,GNRC,Generac Holdings Inc.,US,산업재,2026-09-02,180.76,781890,926304.5,8.7464,10665989120,10,60,50,58,34,0,AVOID,-0.94,-11,True,live,STOCK,20,NEUTRAL,NYSE
2026-09-03T07:56:57.533214+09:00,2026-09-03,EGP,"EastGroup Properties, Inc.",US,리츠,2026-09-02,197.49,313768,362003.4,2.8986,10619692032,28,60,63,45,43,0,AVOID,-0.28,-3,True,live,STOCK,35,NEUTRAL,NYSE
2026-09-03T07:56:57.533214+09:00,2026-09-03,CPT,Camden Property Trust,US,리츠,2026-09-02,105.54,785935,795591.75,1.6821,12214416384,28,60,66,45,43,0,AVOID,-0.33,-4,True,live,STOCK,29,NEUTRAL,NYSE
2026-09-03T07:56:57.533214+09:00,2026-09-03,TFII,TFI International Inc.,US,산업재,2026-09-02,128.97,195569,216768.45,3.9893,10600435712,10,60,63,66,42,0,AVOID,-0.69,-8,True,live,STOCK,33,NEUTRAL,NYSE
2026-09-03T07:56:57.533214+09:00,2026-09-03,GKOS,Glaukos Corporation,US,제약/바이오,2026-09-02,179.53,768690,635884.5,6.0757,10589385728,51,65,45,27,52,1,HOLD,0.36,4,False,live,STOCK,90,NEUTRAL,NYSE
2026-09-03T07:56:57.533214+09:00,2026-09-03,MOH,"Molina Healthcare, Inc.",US,제약/바이오,2026-09-02,202.62,463742,576302.1,6.555,10576763904,69,65,63,59,55,0,HOLD,0.33,4,False,live,STOCK,17,NEUTRAL,NYSE
2026-09-03T07:56:57.533214+09:00,2026-09-03,AES,The AES Corporation,US,유틸리티,2026-09-02,14.8,9768062,7414388.1,0.0486,10558892032,62,60,58,70,65,2,WATCH,0.54,6,False,live,STOCK,77,NEUTRAL,NYSE
2026-09-03T07:56:57.533214+09:00,2026-09-03,XPEV,XPeng Inc.,US,소비재,2026-09-02,11.08,5414929,7746666.45,0.4244,10599057408,21,60,60,35,38,0,AVOID,-0.67,-8,True,live,STOCK,33,NEUTRAL,NYSE
2026-09-03T07:56:57.533214+09:00,2026-09-03,ALSN,"Allison Transmission Holdings, Inc.",US,소비재,2026-09-02,126.71,795337,757206.85,4.0839,10463463424,69,60,50,66,57,0,HOLD,0.35,4,False,live,STOCK,42,NEUTRAL,NYSE
2026-09-03T07:56:57.533214+09:00,2026-09-03,GSAT,"Globalstar, Inc.",US,인터넷,2026-09-02,81.46,382291,718844.55,0.7293,10554233856,35,65,53,27,42,0,AVOID,-0.25,-3,True,live,STOCK,52,NEUTRAL,NASDAQ
2026-09-03T07:56:57.533214+09:00,2026-09-03,XP,XP Inc.,US,금융,2026-09-02,19.99,9057115,5127855.75,0.7643,10143784960,70,60,60,70,61,2,WATCH,0.58,7,False,live,STOCK,40,NEUTRAL,NASDAQ
2026-09-03T07:56:57.533214+09:00,2026-09-03,BIO,"Bio-Rad Laboratories, Inc.",US,제약/바이오,2026-09-02,388.51,285327,272471.35,10.6111,10388048896,73,65,60,37,64,2,WATCH,0.82,10,False,live,STOCK,84,NEUTRAL,NYSE
2026-09-03T07:56:57.533214+09:00,2026-09-03,AG,First Majestic Silver Corp.,US,소재,2026-09-02,21.2,9496326,10007201.3,1.1407,10449615872,62,60,45,66,58,0,HOLD,0.36,4,False,live,STOCK,63,NEUTRAL,NYSE
2026-09-03T07:56:57.533214+09:00,2026-09-03,SUN,Sunoco LP,US,에너지,2026-09-02,76.41,232741,420922.05,1.8243,14396703744,62,60,58,63,63,1,HOLD,0.65,8,False,live,STOCK,72,NEUTRAL,NYSE
2026-09-03T07:56:57.533214+09:00,2026-09-03,LFUS,"Littelfuse, Inc.",US,IT,2026-09-02,410.52,155278,203868.9,16.9593,10426693632,30,60,45,50,37,0,AVOID,-0.72,-9,True,live,STOCK,23,NEUTRAL,NASDAQ
2026-09-03T07:56:57.533214+09:00,2026-09-03,MGM,MGM Resorts International,US,소비재,2026-09-02,41.44,1739375,2012668.75,0.805,10602474496,20,60,63,74,44,1,AVOID,-0.58,-7,True,live,STOCK,23,NEUTRAL,NYSE
2026-09-03T07:56:57.533214+09:00,2026-09-03,DCI,"Donaldson Company, Inc.",US,산업재,2026-09-02,89.91,541003,635885.15,2.2636,,39,60,63,58,53,0,HOLD,0.12,1,False,live,STOCK,54,NEUTRAL,NYSE
2026-09-03T07:56:57.533214+09:00,2026-09-03,SAIL,"SailPoint, Inc.",US,IT,2026-09-02,18.31,3266315,3164180.75,1.1463,10385120256,43,60,60,42,54,1,HOLD,0.15,2,False,live,STOCK,75,NEUTRAL,NASDAQ
2026-09-03T07:56:57.533214+09:00,2026-09-03,FRHC,Freedom Holding Corp.,US,금융,2026-09-02,169.0,60749,129932.45,8.4773,10780114944,91,60,50,43,67,2,WATCH,0.85,10,False,live,STOCK,81,NEUTRAL,NASDAQ
2026-09-03T07:56:57.533214+09:00,2026-09-03,SSB,SouthState Bank Corp.,US,금융,2026-09-02,106.29,1072831,798416.55,1.8457,10307423232,44,60,53,70,53,1,HOLD,0.2,2,False,live,STOCK,48,NEUTRAL,NYSE
2026-09-03T07:56:57.533214+09:00,2026-09-03,HSIC,"Henry Schein, Inc.",US,제약/바이오,2026-09-02,90.39,859381,986734.05,1.7586,10073653248,62,65,60,58,63,1,HOLD,0.68,8,False,live,STOCK,75,NEUTRAL,NASDAQ
2026-09-03T07:56:57.533214+09:00,2026-09-03,WTFC,Wintrust Financial Corporation,US,금융,2026-09-02,152.22,380370,508278.5,3.2793,10268063744,17,60,63,60,41,0,AVOID,-0.42,-5,True,live,STOCK,26,NEUTRAL,NASDAQ
2026-09-03T07:56:57.533214+09:00,2026-09-03,BSY,"Bentley Systems, Incorporated",US,IT,2026-09-02,35.12,1151944,2307012.2,1.3639,10609502208,47,60,60,50,57,1,HOLD,0.34,4,False,live,STOCK,75,NEUTRAL,NASDAQ
2026-09-03T07:56:57.533214+09:00,2026-09-03,PODD,Insulet Corp.,US,제약/바이오,2026-09-02,148.14,1113180,2039644.0,5.3821,10274130944,65,65,60,58,68,1,HOLD,0.7,8,False,live,STOCK,94,NEUTRAL,NASDAQ
2026-09-03T07:56:57.533214+09:00,2026-09-03,ORI,Old Republic International Corporation,US,금융,2026-09-02,42.09,995686,1021294.3,0.6618,10161911808,47,60,60,78,58,1,HOLD,0.36,4,False,live,STOCK,51,NEUTRAL,NYSE
2026-09-03T07:56:57.533214+09:00,2026-09-03,IONS,"Ionis Pharmaceuticals, Inc.",US,제약/바이오,2026-09-02,61.33,1844083,2171649.15,1.9046,10192084992,62,65,56,37,52,0,HOLD,-0.04,0,False,live,STOCK,46,NEUTRAL,NASDAQ
2026-09-03T07:56:57.533214+09:00,2026-09-03,FRT,Federal Realty Investment Trust,US,리츠,2026-09-02,117.94,769651,791467.55,1.4893,10310118400,65,60,63,45,57,0,HOLD,0.3,4,False,live,STOCK,47,NEUTRAL,NYSE
2026-09-03T07:56:57.533214+09:00,2026-09-03,WMS,"Advanced Drainage Systems, Inc.",US,소재,2026-09-02,132.64,1168552,705207.6,4.6633,10001764352,31,60,55,58,43,0,AVOID,-0.35,-4,True,live,STOCK,26,NEUTRAL,NYSE
2026-09-03T07:56:57.533214+09:00,2026-09-03,UHS,"Universal Health Services, Inc.",US,제약/바이오,2026-09-02,167.49,808869,636768.45,4.432,9871277056,50,65,63,78,60,1,HOLD,0.44,5,False,live,STOCK,51,NEUTRAL,NYSE
2026-09-03T07:56:57.533214+09:00,2026-09-03,RDY,Dr. Reddy's Laboratories Limited,US,제약/바이오,2026-09-02,12.17,4010240,2369872.0,0.1646,10137466880,47,65,55,42,48,0,HOLD,-0.14,-2,False,live,STOCK,44,NEUTRAL,NYSE
2026-09-03T07:56:57.533214+09:00,2026-09-03,FRO,Frontline Plc,US,산업재,2026-09-02,45.42,1839160,2159423.0,1.5911,10111532032,85,60,55,65,68,1,HOLD,0.89,11,False,live,STOCK,63,NEUTRAL,NYSE
2026-09-03T07:56:57.533214+09:00,2026-09-03,ENSG,"The Ensign Group, Inc.",US,제약/바이오,2026-09-02,172.7,220425,283316.25,3.955,10065376256,35,65,53,58,45,0,HOLD,-0.22,-3,False,live,STOCK,33,NEUTRAL,NASDAQ
2026-09-03T07:56:57.533214+09:00,2026-09-03,SANM,Sanmina Corporation,US,IT,2026-09-02,187.67,504626,626611.3,9.4011,10058615808,18,60,65,58,41,0,AVOID,-0.64,-8,True,live,STOCK,24,NEUTRAL,NASDAQ
2026-09-03T07:56:57.533214+09:00,2026-09-03,CFR,"Cullen/Frost Bankers, Inc.",US,금융,2026-09-02,161.66,431697,487919.85,3.1914,10046972928,48,60,60,55,53,0,HOLD,0.28,3,False,live,STOCK,48,NEUTRAL,NYSE
2026-09-03T07:56:57.533214+09:00,2026-09-03,SIRI,Sirius XM Holdings Inc.,US,인터넷,2026-09-02,29.7,6668382,3660224.1,0.765,10010886144,76,65,60,96,72,2,WATCH,0.8,10,False,live,STOCK,61,NEUTRAL,NASDAQ
2026-09-03T07:56:57.533214+09:00,2026-09-03,CHWY,"Chewy, Inc.",US,소비재,2026-09-02,24.17,7280355,6554542.75,0.9218,9895782400,62,60,40,50,56,1,HOLD,0.44,5,False,live,STOCK,75,NEUTRAL,NYSE
