scan_ts_kst,date,ticker,name,market,sector,bar_date,close,volume,avg_vol20,atr14,market_cap,tech,macro,filing,value,total,consensus,signal,ev,target,hitl,source
2026-08-05T14:54:55.736369+09:00,2026-08-05,NVDA,NVIDIA Corporation,US,반도체,2026-08-04,211.94,134922000,129727720.0,7.7486,,69,60,38,58,56,0,HOLD,0.34,4,False,backfill
2026-08-05T14:54:55.736369+09:00,2026-08-05,GOOGL,Alphabet Inc.,US,인터넷,2026-08-04,377.65,35705700,31186340.0,13.8643,,62,60,35,58,53,0,HOLD,0.07,1,False,backfill
2026-08-05T14:54:55.736369+09:00,2026-08-05,GOOG,Alphabet Inc.,US,인터넷,2026-08-04,375.35,19983300,20558480.0,13.6255,,62,60,35,58,53,0,HOLD,0.08,1,False,backfill
2026-08-05T14:54:55.736369+09:00,2026-08-05,AAPL,Apple Inc.,US,IT,2026-08-04,309.1134,68001000,56015860.0,9.8272,,47,55,45,42,47,0,HOLD,0.03,0,False,backfill
2026-08-05T14:54:55.736369+09:00,2026-08-05,MSFT,Microsoft Corporation,US,IT,2026-08-04,492.81,50455500,38930945.0,17.9321,,70,55,27,50,51,1,HOLD,0.27,3,False,backfill
2026-08-05T14:54:55.736369+09:00,2026-08-05,AMZN,"Amazon.com, Inc.",US,소비재,2026-08-04,277.42,69748100,49549255.0,9.9757,,84,55,30,50,57,1,HOLD,0.32,4,False,backfill
2026-08-05T14:54:55.736369+09:00,2026-08-05,TSM,Taiwan Semiconductor Manufacturing Compa,US,반도체,2026-08-04,417.17,13929100,15030150.0,17.2964,,69,60,57,66,63,0,HOLD,0.55,7,False,backfill
2026-08-05T14:54:55.736369+09:00,2026-08-05,AVGO,Broadcom Inc.,US,반도체,2026-08-04,418.16,29564200,20500080.0,17.4221,,69,60,30,43,52,0,HOLD,0.07,1,False,backfill
2026-08-05T14:54:55.736369+09:00,2026-08-05,META,"Meta Platforms, Inc.",US,인터넷,2026-08-04,587.94,17959200,19393045.0,24.7414,,32,60,27,66,41,0,AVOID,-0.4,-5,True,backfill
2026-08-05T14:54:55.736369+09:00,2026-08-05,TSLA,"Tesla, Inc.",US,소비재,2026-08-04,327.35,33318300,39979120.0,15.8179,,7,55,50,30,33,0,AVOID,-0.84,-10,True,backfill
2026-08-05T14:54:55.736369+09:00,2026-08-05,LLY,Eli Lilly and Company,US,제약/바이오,2026-08-04,1114.0836,4097200,2439555.0,36.3507,,50,60,45,50,50,0,HOLD,0.19,2,False,backfill
2026-08-05T14:54:55.736369+09:00,2026-08-05,MU,"Micron Technology, Inc.",US,반도체,2026-08-04,892.67,37478600,46145550.0,86.3807,,36,60,35,58,44,0,AVOID,-0.06,-1,True,backfill
2026-08-05T14:54:55.736369+09:00,2026-08-05,JPM,JPMorgan Chase & Co.,US,금융,2026-08-04,357.52,8477200,9324330.0,7.3229,,69,55,35,60,55,0,HOLD,0.38,5,False,backfill
2026-08-05T14:54:55.736369+09:00,2026-08-05,WMT,Walmart Inc.,US,소매,2026-08-04,111.55,29620000,21320875.0,2.8243,,50,55,25,37,42,0,AVOID,-0.47,-6,True,backfill
2026-08-05T14:54:55.736369+09:00,2026-08-05,AMD,"Advanced Micro Devices, Inc.",US,반도체,2026-08-04,518.58,48463600,28552280.0,41.3,,51,60,37,35,46,0,HOLD,0.09,1,False,backfill
2026-08-05T14:54:55.736369+09:00,2026-08-05,V,Visa Inc.,US,금융,2026-08-04,368.9047,7497500,7429940.0,8.1278,,91,55,38,50,62,1,HOLD,0.68,8,False,backfill
2026-08-05T14:54:55.736369+09:00,2026-08-05,ASML,ASML Holding N.V.,US,반도체,2026-08-04,1711.89,1526700,1973945.0,82.0104,,32,60,45,42,43,0,AVOID,-0.06,-1,True,backfill
2026-08-05T14:54:55.736369+09:00,2026-08-05,XOM,Exxon Mobil Corporation,US,에너지,2026-08-04,152.9695,14347900,14598365.0,3.9026,,77,55,35,58,57,1,HOLD,0.28,3,False,backfill
2026-08-05T14:54:55.736369+09:00,2026-08-05,JNJ,Johnson & Johnson,US,제약/바이오,2026-08-04,254.93,7362400,8087525.0,6.3764,,54,60,56,53,56,0,HOLD,0.38,5,False,backfill
2026-08-05T14:54:55.736369+09:00,2026-08-05,INTC,Intel Corp.,US,반도체,2026-08-04,100.86,124355100,116441685.0,7.9564,,65,60,65,42,61,0,HOLD,0.32,4,False,backfill
2026-08-05T14:54:55.736369+09:00,2026-08-05,MA,Mastercard Incorporated,US,금융,2026-08-04,571.1,3207100,3035540.0,12.4364,,84,55,43,50,61,1,HOLD,0.64,8,False,backfill
2026-08-05T14:54:55.736369+09:00,2026-08-05,CSCO,"Cisco Systems, Inc.",US,IT,2026-08-04,121.74,26637900,20956450.0,3.4457,,67,55,35,42,51,0,HOLD,0.29,3,False,backfill
2026-08-05T14:54:55.736369+09:00,2026-08-05,BAC,Bank of America Corporation,US,금융,2026-08-04,62.9,28242100,33202740.0,1.0679,,69,55,45,60,58,0,HOLD,0.48,6,False,backfill
2026-08-05T14:54:55.736369+09:00,2026-08-05,AMAT,"Applied Materials, Inc.",US,반도체,2026-08-04,546.62,7971700,8096710.0,39.62,,51,60,35,42,47,0,HOLD,0.1,1,False,backfill
2026-08-05T14:54:55.736369+09:00,2026-08-05,ABBV,AbbVie Inc.,US,제약/바이오,2026-08-04,243.8,8028800,5908960.0,6.8893,,50,60,48,51,52,0,HOLD,0.25,3,False,backfill
2026-08-05T14:54:55.736369+09:00,2026-08-05,COST,Costco Wholesale Corporation,US,소매,2026-08-04,947.85,2437300,2226470.0,19.754,,72,55,27,29,49,1,HOLD,-0.06,-1,False,backfill
2026-08-05T14:54:55.736369+09:00,2026-08-05,ORCL,Oracle Corporation,US,IT,2026-08-04,145.74,43723500,39102860.0,7.5571,,67,55,35,50,52,0,HOLD,-0.08,-1,False,backfill
2026-08-05T14:54:55.736369+09:00,2026-08-05,CAT,Caterpillar Inc.,US,산업재,2026-08-04,876.54,6230100,3146650.0,44.8467,,28,55,35,42,38,0,AVOID,-0.5,-6,True,backfill
2026-08-05T14:54:55.736369+09:00,2026-08-05,LRCX,Lam Research Corporation,US,반도체,2026-08-04,317.74,15796600,11586385.0,25.0914,,47,60,40,42,47,0,HOLD,0.09,1,False,backfill
2026-08-05T14:54:55.736369+09:00,2026-08-05,GE,GE Aerospace,US,산업재,2026-08-04,377.28,4183100,3923965.0,11.5057,,92,55,38,29,59,1,HOLD,0.62,7,False,backfill
2026-08-05T14:54:55.736369+09:00,2026-08-05,CVX,Chevron Corporation,US,에너지,2026-08-04,190.4,9455900,7556165.0,4.5221,,87,55,17,66,56,1,HOLD,0.26,3,False,backfill
2026-08-05T14:54:55.736369+09:00,2026-08-05,PLTR,Palantir Technologies Inc.,US,IT,2026-08-04,162.66,175034700,42182600.0,8.4107,,73,55,32,35,51,1,HOLD,0.32,4,False,backfill
2026-08-05T14:54:55.736369+09:00,2026-08-05,KO,The Coca-Cola Company,US,소매,2026-08-04,86.56,17085700,17514295.0,2.205,,91,55,38,37,60,1,HOLD,0.58,7,False,backfill
2026-08-05T14:54:55.736369+09:00,2026-08-05,UNH,UnitedHealth Group Incorporated,US,제약/바이오,2026-08-04,407.55,5266300,5466560.0,13.7243,,50,60,63,66,58,0,HOLD,0.43,5,False,backfill
2026-08-05T14:54:55.736369+09:00,2026-08-05,HSBC,HSBC Holdings plc,US,금융,2026-08-04,105.5304,2127900,1372985.0,2.1155,,95,55,50,60,68,1,HOLD,0.9,11,False,backfill
2026-08-05T14:54:55.736369+09:00,2026-08-05,PG,The Procter & Gamble Company,US,소매,2026-08-04,148.01,7362300,8628215.0,3.7053,,58,55,48,45,52,0,HOLD,0.15,2,False,backfill
2026-08-05T14:54:55.736369+09:00,2026-08-05,HD,"The Home Depot, Inc.",US,소비재,2026-08-04,348.24,4275000,3864935.0,9.4529,,74,55,45,42,57,1,HOLD,0.44,5,False,backfill
2026-08-05T14:54:55.736369+09:00,2026-08-05,MS,Morgan Stanley,US,금융,2026-08-04,217.04,8932800,6120615.0,7.3132,,62,55,35,60,52,0,HOLD,0.28,3,False,backfill
2026-08-05T14:54:55.736369+09:00,2026-08-05,MRK,"Merck & Co., Inc.",US,제약/바이오,2026-08-04,128.0,11816900,8740005.0,3.4229,,69,60,35,53,55,0,HOLD,0.37,4,False,backfill
2026-08-05T14:54:55.736369+09:00,2026-08-05,GS,"The Goldman Sachs Group, Inc.",US,금융,2026-08-04,1052.98,2653600,2071855.0,40.4428,,44,55,40,60,47,0,HOLD,0.08,1,False,backfill
2026-08-05T14:54:55.736369+09:00,2026-08-05,DELL,Dell Technologies Inc.,US,IT,2026-08-04,467.27,7583200,6628365.0,35.5008,,92,55,43,66,66,1,HOLD,0.81,10,False,backfill
2026-08-05T14:54:55.736369+09:00,2026-08-05,BABA,Alibaba Group Holding Limited,US,소비재,2026-08-04,128.99,10755800,12489920.0,3.8654,,77,55,40,58,59,1,HOLD,0.31,4,False,backfill
2026-08-05T14:54:55.736369+09:00,2026-08-05,NFLX,"Netflix, Inc.",US,인터넷,2026-08-04,73.57,42877900,48994890.0,2.7057,,55,60,20,50,45,0,HOLD,-0.38,-5,False,backfill
2026-08-05T14:54:55.736369+09:00,2026-08-05,ARM,Arm Holdings plc American Depositary Sha,US,반도체,2026-08-04,280.56,9892200,6470585.0,24.0324,,68,60,40,35,53,0,HOLD,0.36,4,False,backfill
2026-08-05T14:54:55.736369+09:00,2026-08-05,PANW,"Palo Alto Networks, Inc.",US,IT,2026-08-04,366.34,8186900,6480145.0,15.6486,,70,55,45,30,54,1,HOLD,0.39,5,False,backfill
2026-08-05T14:54:55.736369+09:00,2026-08-05,RTX,RTX Corporation,US,산업재,2026-08-04,217.2084,6386900,5123385.0,6.0179,,80,55,35,58,58,1,HOLD,0.53,6,False,backfill
2026-08-05T14:54:55.736369+09:00,2026-08-05,NVS,Novartis AG,US,제약/바이오,2026-08-04,153.27,1706500,1791055.0,3.6964,,47,60,53,53,52,0,HOLD,0.14,2,False,backfill
2026-08-05T14:54:55.736369+09:00,2026-08-05,PM,Philip Morris International Inc.,US,소매,2026-08-04,186.91,5387400,5186860.0,6.1207,,54,55,48,58,53,0,HOLD,0.25,3,False,backfill
2026-08-05T14:54:55.736369+09:00,2026-08-05,RY,Royal Bank of Canada,US,금융,2026-08-04,208.54,1596600,1433345.0,3.4356,,44,55,50,50,49,0,HOLD,0.15,2,False,backfill
2026-08-05T14:54:55.736369+09:00,2026-08-05,GEV,GE Vernova Inc.,US,유틸리티,2026-08-04,1018.53,2187700,2880335.0,65.4142,,43,55,35,50,44,0,AVOID,-0.31,-4,True,backfill
2026-08-05T14:54:55.736369+09:00,2026-08-05,WFC,Wells Fargo & Company,US,금융,2026-08-04,87.8854,16454100,16963540.0,1.9737,,55,55,45,60,53,0,HOLD,0.24,3,False,backfill
2026-08-05T14:54:55.736369+09:00,2026-08-05,TXN,Texas Instruments Incorporated,US,반도체,2026-08-04,283.63,8978800,8159405.0,12.1975,,28,60,40,42,40,0,AVOID,-0.35,-4,True,backfill
2026-08-05T14:54:55.736369+09:00,2026-08-05,KLAC,KLA Corporation,US,반도체,2026-08-04,195.2293,13251400,12251460.0,13.3542,,29,60,51,42,44,0,AVOID,-0.07,-1,True,backfill
2026-08-05T14:54:55.736369+09:00,2026-08-05,SHEL,Shell plc,US,에너지,2026-08-04,89.0595,9317217,6950948.55,1.6853,,87,55,53,78,69,2,WATCH,0.7,8,False,backfill
2026-08-05T14:54:55.736369+09:00,2026-08-05,MUFG,"Mitsubishi UFJ Financial Group, Inc.",US,금융,2026-08-04,21.83,4701700,3638735.0,0.5493,,51,55,53,60,54,0,HOLD,0.32,4,False,backfill
2026-08-05T14:54:55.736369+09:00,2026-08-05,AZN,AstraZeneca PLC,US,제약/바이오,2026-08-04,155.62,8095300,3912130.0,4.4829,,36,60,53,58,49,0,HOLD,-0.25,-3,False,backfill
2026-08-05T14:54:55.736369+09:00,2026-08-05,ANET,"Arista Networks, Inc.",US,IT,2026-08-04,190.51,14097400,7698640.0,9.9203,,88,55,43,35,60,1,HOLD,0.6,7,False,backfill
2026-08-05T14:54:55.736369+09:00,2026-08-05,C,Citigroup Inc.,US,금융,2026-08-04,136.87,12152500,12611260.0,3.5878,,57,55,50,76,57,1,HOLD,0.32,4,False,backfill
2026-08-05T14:54:55.736369+09:00,2026-08-05,AXP,American Express Company,US,금융,2026-08-04,346.71,2764800,3155260.0,8.2507,,55,55,48,50,52,0,HOLD,0.22,3,False,backfill
2026-08-05T14:54:55.736369+09:00,2026-08-05,SAP,SAP SE,US,IT,2026-08-04,195.49,2853800,3577815.0,8.16,,63,55,53,42,55,0,HOLD,0.4,5,False,backfill
2026-08-05T14:54:55.736369+09:00,2026-08-05,LIN,Linde plc,US,소재,2026-08-04,484.64,2974700,2150445.0,11.9421,,28,55,27,58,38,0,AVOID,-0.52,-6,True,backfill
2026-08-05T14:54:55.736369+09:00,2026-08-05,TM,Toyota Motor Corporation,US,소비재,2026-08-04,189.17,540200,457750.0,3.74,,80,55,50,54,62,1,HOLD,0.46,6,False,backfill
2026-08-05T14:54:55.736369+09:00,2026-08-05,BHP,BHP Group Limited,US,소재,2026-08-04,87.46,3084900,2455530.0,2.5264,,66,55,50,45,56,0,HOLD,0.38,5,False,backfill
2026-08-05T14:54:55.736369+09:00,2026-08-05,IBM,International Business Machines Corporat,US,IT,2026-08-04,233.4752,7537900,14319105.0,8.5572,,80,55,53,58,64,1,HOLD,0.56,7,False,backfill
2026-08-05T14:54:55.736369+09:00,2026-08-05,CRWD,"CrowdStrike Holdings, Inc.",US,IT,2026-08-04,211.22,8354500,8385200.0,9.0206,,85,55,50,22,59,1,HOLD,0.63,8,False,backfill
2026-08-05T14:54:55.736369+09:00,2026-08-05,SAN,"Banco Santander, S.A.",US,금융,2026-08-04,14.47,10646100,9912410.0,0.3821,,92,55,45,55,65,1,HOLD,0.79,9,False,backfill
2026-08-05T14:54:55.736369+09:00,2026-08-05,SNDK,Sandisk Corporation,US,IT,2026-08-04,1427.62,14685300,16398220.0,185.0834,,28,55,35,42,38,0,AVOID,-0.44,-5,True,backfill
2026-08-05T14:54:55.736369+09:00,2026-08-05,APH,Amphenol Corporation,US,IT,2026-08-04,171.33,8173700,7055070.0,7.9307,,92,55,53,42,65,1,HOLD,0.83,10,False,backfill
2026-08-05T14:54:55.736369+09:00,2026-08-05,AMGN,Amgen Inc.,US,제약/바이오,2026-08-04,390.02,3622700,2461210.0,11.4779,,81,60,45,50,61,1,HOLD,0.65,8,False,backfill
2026-08-05T14:54:55.736369+09:00,2026-08-05,TMO,Thermo Fisher Scientific Inc.,US,제약/바이오,2026-08-04,564.75,1941800,2252835.0,19.4593,,88,60,53,58,67,1,HOLD,0.86,10,False,backfill
2026-08-05T14:54:55.736369+09:00,2026-08-05,TD,The Toronto-Dominion Bank,US,금융,2026-08-04,119.39,3142200,3110480.0,2.2371,,52,55,53,58,54,0,HOLD,0.3,4,False,backfill
2026-08-05T14:54:55.736369+09:00,2026-08-05,NVO,Novo Nordisk A/S,US,제약/바이오,2026-08-04,43.7213,47478800,11336435.0,1.7597,,35,60,53,57,49,0,HOLD,-0.1,-1,False,backfill
2026-08-05T14:54:55.736369+09:00,2026-08-05,VZ,Verizon Communications Inc.,US,인터넷,2026-08-04,46.88,23748600,26613805.0,1.4636,,72,60,38,84,61,2,WATCH,0.38,5,False,backfill
2026-08-05T14:54:55.736369+09:00,2026-08-05,MRVL,"Marvell Technology, Inc.",US,반도체,2026-08-04,218.59,33923400,24403690.0,17.6229,,68,60,50,35,56,0,HOLD,0.47,6,False,backfill
2026-08-05T14:54:55.736369+09:00,2026-08-05,MCD,McDonald's Corporation,US,소비재,2026-08-04,268.34,7486000,4612805.0,5.9257,,50,55,45,50,50,0,HOLD,-0.09,-1,False,backfill
2026-08-05T14:54:55.736369+09:00,2026-08-05,TMUS,"T-Mobile US, Inc.",US,인터넷,2026-08-04,177.21,5803600,4953595.0,7.93,,43,60,56,74,55,1,HOLD,0.01,0,False,backfill
2026-08-05T14:54:55.736369+09:00,2026-08-05,PEP,"PepsiCo, Inc.",US,소매,2026-08-04,139.1,8525200,8730300.0,3.1536,,72,55,45,42,56,1,HOLD,0.14,2,False,backfill
2026-08-05T14:54:55.736369+09:00,2026-08-05,TTE,TotalEnergies SE,US,에너지,2026-08-04,85.19,1461600,1741425.0,1.9107,,72,55,55,86,66,2,WATCH,0.4,5,False,backfill
2026-08-05T14:54:55.736369+09:00,2026-08-05,STX,Seagate Technology Holdings plc,US,IT,2026-08-04,845.35,5027400,5606410.0,81.3143,,69,55,43,43,54,0,HOLD,0.33,4,False,backfill
2026-08-05T14:54:55.736369+09:00,2026-08-05,WDC,Western Digital Corporation,US,IT,2026-08-04,548.56,7806200,7378385.0,51.195,,69,55,43,58,57,0,HOLD,0.46,6,False,backfill
2026-08-05T14:54:55.736369+09:00,2026-08-05,BA,The Boeing Company,US,산업재,2026-08-04,237.16,7932100,6075250.0,8.1221,,73,55,47,30,55,1,HOLD,0.33,4,False,backfill
2026-08-05T14:54:55.736369+09:00,2026-08-05,ADI,"Analog Devices, Inc.",US,반도체,2026-08-04,380.29,5082700,3914205.0,14.0243,,65,60,43,58,56,0,HOLD,0.16,2,False,backfill
2026-08-05T14:54:55.736369+09:00,2026-08-05,SCHW,The Charles Schwab Corporation,US,금융,2026-08-04,106.0408,6861800,8202815.0,2.2363,,88,55,32,58,60,1,HOLD,0.61,7,False,backfill
2026-08-05T14:54:55.736369+09:00,2026-08-05,ABT,Abbott Laboratories,US,제약/바이오,2026-08-04,105.46,8157100,12254390.0,3.6386,,73,60,45,58,60,1,HOLD,0.57,7,False,backfill
2026-08-05T14:54:55.736369+09:00,2026-08-05,NEE,"NextEra Energy, Inc.",US,유틸리티,2026-08-04,87.2,11420100,10370465.0,1.8357,,43,55,48,42,47,0,HOLD,-0.23,-3,False,backfill
2026-08-05T14:54:55.736369+09:00,2026-08-05,UNP,Union Pacific Corporation,US,산업재,2026-08-04,296.35,2476600,3223925.0,8.3464,,69,55,45,37,54,0,HOLD,0.37,4,False,backfill
2026-08-05T14:54:55.736369+09:00,2026-08-05,BLK,"BlackRock, Inc.",US,금융,2026-08-04,1131.13,625000,807905.0,28.8271,,81,55,50,58,63,1,HOLD,0.61,7,False,backfill
2026-08-05T14:54:55.736369+09:00,2026-08-05,UBS,UBS Group AG,US,금융,2026-08-04,53.46,1722500,1962555.0,1.1368,,66,55,53,66,60,0,HOLD,0.55,7,False,backfill
2026-08-05T14:54:55.736369+09:00,2026-08-05,TJX,"The TJX Companies, Inc.",US,소비재,2026-08-04,157.0545,7351600,4952570.0,3.5858,,72,55,35,37,52,1,HOLD,0.17,2,False,backfill
2026-08-05T14:54:55.736369+09:00,2026-08-05,ETN,Eaton Corporation plc,US,산업재,2026-08-04,443.6784,3028300,2486310.0,20.7803,,73,55,53,37,58,1,HOLD,0.46,6,False,backfill
2026-08-05T14:54:55.736369+09:00,2026-08-05,QCOM,QUALCOMM Incorporated,US,반도체,2026-08-04,162.67,16351500,13280935.0,7.88,,20,60,53,76,46,1,HOLD,-0.39,-5,False,backfill
2026-08-05T14:54:55.736369+09:00,2026-08-05,DIS,The Walt Disney Company,US,인터넷,2026-08-04,98.18,16796800,11203850.0,2.3407,,65,60,50,60,59,0,HOLD,0.29,3,False,backfill
2026-08-05T14:54:55.736369+09:00,2026-08-05,GILD,"Gilead Sciences, Inc.",US,제약/바이오,2026-08-04,135.25,10091400,6475475.0,3.86,,80,60,40,58,61,1,HOLD,0.44,5,False,backfill
2026-08-05T14:54:55.736369+09:00,2026-08-05,WELL,Welltower Inc.,US,리츠,2026-08-04,230.6991,5216300,2970340.0,5.9675,,50,55,53,38,50,0,HOLD,0.14,2,False,backfill
2026-08-05T14:54:55.736369+09:00,2026-08-05,DE,Deere & Company,US,산업재,2026-08-04,617.37,966300,1056440.0,19.0893,,69,55,50,58,59,0,HOLD,0.43,5,False,backfill
2026-08-05T14:54:55.736369+09:00,2026-08-05,BUD,Anheuser-Busch InBev SA/NV,US,소매,2026-08-04,84.59,1681900,1734655.0,1.99,,91,55,45,50,64,1,HOLD,0.65,8,False,backfill
2026-08-05T14:54:55.736369+09:00,2026-08-05,BX,Blackstone Inc.,US,금융,2026-08-04,137.2,5864000,5056225.0,4.5982,,69,55,62,50,61,0,HOLD,0.6,7,False,backfill
2026-08-05T14:54:55.736369+09:00,2026-08-05,SCCO,Southern Copper Corporation,US,소재,2026-08-04,195.16,1069000,1158275.0,8.6729,,73,55,46,37,56,1,HOLD,0.47,6,False,backfill
2026-08-05T14:54:55.736369+09:00,2026-08-05,TBB,AT&T Inc. 5.35% GLB NTS 66,US,인터넷,2026-08-04,19.94,81800,127755.0,0.1499,,17,60,58,80,47,1,HOLD,-0.28,-3,False,backfill
2026-08-05T14:54:55.736369+09:00,2026-08-05,RIO,Rio Tinto Group,US,소재,2026-08-04,96.8826,2547300,2972795.0,2.2268,,69,55,53,55,59,0,HOLD,0.33,4,False,backfill
2026-08-05T14:54:55.736369+09:00,2026-08-05,T,AT&T Inc.,US,인터넷,2026-08-04,23.38,55823300,77441310.0,0.8064,,80,60,30,78,61,2,WATCH,0.26,3,False,backfill
2026-08-05T14:54:55.736369+09:00,2026-08-05,SHOP,Shopify Inc.,US,IT,2026-08-04,123.3,21452100,8765220.0,6.371,,55,55,45,35,49,0,HOLD,0.19,2,False,backfill
2026-08-05T14:54:55.736369+09:00,2026-08-05,CRM,"Salesforce, Inc.",US,IT,2026-08-04,190.99,9326900,12698500.0,8.9979,,77,55,50,66,63,1,HOLD,0.5,6,False,backfill
2026-08-05T14:54:55.736369+09:00,2026-08-05,BBVA,"Banco Bilbao Vizcaya Argentaria, S.A.",US,금융,2026-08-04,28.12,1845800,1329695.0,0.7164,,92,55,50,60,67,1,HOLD,0.86,10,False,backfill
2026-08-05T14:54:55.736369+09:00,2026-08-05,IBKR,"Interactive Brokers Group, Inc.",US,금융,2026-08-04,88.63,4670900,4300250.0,3.8686,,47,55,60,58,54,0,HOLD,0.2,2,False,backfill
2026-08-05T14:54:55.736369+09:00,2026-08-05,BKNG,Booking Holdings Inc.,US,소비재,2026-08-04,194.27,9369600,5892895.0,7.0843,,84,55,48,66,65,1,HOLD,0.75,9,False,backfill
2026-08-05T14:54:55.736369+09:00,2026-08-05,UBER,"Uber Technologies, Inc.",US,IT,2026-08-04,71.99,20046000,16239495.0,2.2385,,65,55,50,55,57,0,HOLD,0.24,3,False,backfill
2026-08-05T14:54:55.736369+09:00,2026-08-05,PFE,Pfizer Inc.,US,제약/바이오,2026-08-04,25.41,62189500,39442105.0,0.5094,,69,60,48,66,60,0,HOLD,0.36,4,False,backfill
2026-08-05T14:54:55.736369+09:00,2026-08-05,COP,ConocoPhillips,US,에너지,2026-08-04,117.1586,7115400,6333250.0,3.1263,,87,55,32,58,60,1,HOLD,0.34,4,False,backfill
2026-08-05T14:54:55.736369+09:00,2026-08-05,APP,AppLovin Corporation,US,IT,2026-08-04,419.7,7149600,6227050.0,20.4099,,47,55,43,50,48,0,HOLD,-0.24,-3,False,backfill
2026-08-05T14:54:55.736369+09:00,2026-08-05,UL,Unilever PLC,US,소매,2026-08-04,63.5455,4140200,5334190.0,1.5959,,92,55,53,53,67,1,HOLD,0.81,10,False,backfill
2026-08-05T14:54:55.736369+09:00,2026-08-05,GLW,Corning Inc,US,IT,2026-08-04,159.89,19442500,14045080.0,13.1236,,65,55,30,35,48,0,HOLD,-0.03,0,False,backfill
2026-08-05T14:54:55.736369+09:00,2026-08-05,DHR,Danaher Corporation,US,제약/바이오,2026-08-04,194.78,6972400,6777850.0,8.8321,,55,60,45,58,53,0,HOLD,0.27,3,False,backfill
2026-08-05T14:54:55.736369+09:00,2026-08-05,COF,Capital One Financial Corporation,US,금융,2026-08-04,221.1291,3838700,4631560.0,5.7675,,81,55,43,86,65,2,WATCH,0.72,9,False,backfill
2026-08-05T14:54:55.736369+09:00,2026-08-05,LMT,Lockheed Martin Corporation,US,산업재,2026-08-04,589.33,1181200,1231445.0,18.2436,,69,55,40,42,53,0,HOLD,0.37,4,False,backfill
2026-08-05T14:54:55.736369+09:00,2026-08-05,BMY,Bristol-Myers Squibb Company,US,제약/바이오,2026-08-04,65.89,23292800,12862735.0,1.9164,,73,60,42,76,62,2,WATCH,0.6,7,False,backfill
2026-08-05T14:54:55.736369+09:00,2026-08-05,CB,Chubb Limited,US,금융,2026-08-04,348.3,1521800,2040490.0,8.2836,,54,55,35,68,51,0,HOLD,0.11,1,False,backfill
2026-08-05T14:54:55.736369+09:00,2026-08-05,CVS,CVS Health Corp.,US,제약/바이오,2026-08-04,104.42,7229200,7686445.0,2.3884,,51,60,35,58,49,0,HOLD,0.15,2,False,backfill
2026-08-05T14:54:55.736369+09:00,2026-08-05,SONY,Sony Group Corporation,US,IT,2026-08-04,22.35,7056900,5467670.0,0.6093,,84,55,40,58,61,1,HOLD,0.58,7,False,backfill
2026-08-05T14:54:55.736369+09:00,2026-08-05,ISRG,"Intuitive Surgical, Inc.",US,제약/바이오,2026-08-04,368.27,3938800,4136940.0,17.0243,,48,60,35,50,47,0,HOLD,-0.32,-4,False,backfill
2026-08-05T14:54:55.736369+09:00,2026-08-05,PLD,"Prologis, Inc.",US,리츠,2026-08-04,139.05,16284400,5034325.0,3.8557,,54,55,48,45,51,0,HOLD,0.05,1,False,backfill
2026-08-05T14:54:55.736369+09:00,2026-08-05,PDD,PDD Holdings Inc.,US,소비재,2026-08-04,91.03,6318700,6488340.0,2.2936,,77,55,50,94,67,2,WATCH,0.49,6,False,backfill
2026-08-05T14:54:55.736369+09:00,2026-08-05,SYK,Stryker Corporation,US,제약/바이오,2026-08-04,335.96,3180100,2530970.0,12.5314,,84,60,43,58,63,1,HOLD,0.69,8,False,backfill
2026-08-05T14:54:55.736369+09:00,2026-08-05,BTI,British American Tobacco p.l.c.,US,소매,2026-08-04,59.12,3478100,4115465.0,1.735,,43,55,53,60,51,0,HOLD,0.02,0,False,backfill
2026-08-05T14:54:55.736369+09:00,2026-08-05,MFG,"Mizuho Financial Group, Inc.",US,금융,2026-08-04,10.34,3021900,4296550.0,0.3143,,66,55,53,68,60,0,HOLD,0.55,7,False,backfill
2026-08-05T14:54:55.736369+09:00,2026-08-05,BMO,Bank of Montreal,US,금융,2026-08-04,179.79,706100,818415.0,3.3673,,62,55,53,58,57,0,HOLD,0.46,6,False,backfill
2026-08-05T14:54:55.736369+09:00,2026-08-05,PH,Parker-Hannifin Corporation,US,산업재,2026-08-04,992.65,1013100,574390.0,26.2493,,91,55,53,45,66,1,HOLD,0.81,10,False,backfill
2026-08-05T14:54:55.736369+09:00,2026-08-05,FTNT,"Fortinet, Inc.",US,IT,2026-08-04,168.29,6437400,5526985.0,6.9336,,92,55,43,42,62,1,HOLD,0.72,9,False,backfill
2026-08-05T14:54:55.736369+09:00,2026-08-05,HDB,HDFC Bank Limited,US,금융,2026-08-04,23.89,5476800,9118880.0,0.6743,,32,55,53,52,46,0,HOLD,-0.23,-3,False,backfill
2026-08-05T14:54:55.736369+09:00,2026-08-05,PGR,The Progressive Corporation,US,금융,2026-08-04,210.75,2413600,2969095.0,5.7164,,54,55,40,65,52,0,HOLD,0.13,2,False,backfill
2026-08-05T14:54:55.736369+09:00,2026-08-05,LOW,"Lowe's Companies, Inc.",US,소비재,2026-08-04,218.08,2852500,3177665.0,6.3291,,69,55,53,60,60,0,HOLD,0.33,4,False,backfill
2026-08-05T14:54:55.736369+09:00,2026-08-05,NOW,"ServiceNow, Inc.",US,IT,2026-08-04,118.14,19398600,24666505.0,7.0521,,85,55,35,43,58,1,HOLD,0.54,6,False,backfill
2026-08-05T14:54:55.736369+09:00,2026-08-05,SPGI,S&P Global Inc.,US,금융,2026-08-04,412.53,3331800,2040940.0,13.2064,,43,55,48,50,48,0,HOLD,-0.04,0,False,backfill
2026-08-05T14:54:55.736369+09:00,2026-08-05,VRTX,Vertex Pharmaceuticals Incorporated,US,제약/바이오,2026-08-04,478.71,2026400,1439295.0,13.145,,47,60,43,50,49,0,HOLD,0.13,2,False,backfill
2026-08-05T14:54:55.736369+09:00,2026-08-05,PBR,Petróleo Brasileiro S.A. - Petrobras,US,에너지,2026-08-04,18.72,14675000,15109385.0,0.5279,,87,55,50,81,69,2,WATCH,0.48,6,False,backfill
2026-08-05T14:54:55.736369+09:00,2026-08-05,SBUX,Starbucks Corporation,US,소비재,2026-08-04,104.3704,9530900,7964845.0,3.1654,,58,55,50,50,54,0,HOLD,0.16,2,False,backfill
2026-08-05T14:54:55.736369+09:00,2026-08-05,ENB,Enbridge Inc.,US,에너지,2026-08-04,52.6852,8597500,3441420.0,0.9315,,28,55,53,45,43,0,AVOID,-0.28,-3,True,backfill
2026-08-05T14:54:55.736369+09:00,2026-08-05,HWM,Howmet Aerospace Inc.,US,산업재,2026-08-04,288.0608,2509500,1952855.0,8.9128,,91,55,53,43,65,1,HOLD,0.82,10,False,backfill
2026-08-05T14:54:55.736369+09:00,2026-08-05,MO,"Altria Group, Inc.",US,소매,2026-08-04,68.07,10678700,8336230.0,2.2607,,46,55,50,68,52,0,HOLD,-0.03,0,False,backfill
2026-08-05T14:54:55.736369+09:00,2026-08-05,BP,BP p.l.c.,US,에너지,2026-08-04,41.9247,13295400,8070055.0,1.1205,,80,55,45,74,64,2,WATCH,0.38,5,False,backfill
2026-08-05T14:54:55.736369+09:00,2026-08-05,MDT,Medtronic plc,US,제약/바이오,2026-08-04,86.2,6361100,7275695.0,2.2671,,84,60,50,58,65,1,HOLD,0.73,9,False,backfill
2026-08-05T14:54:55.736369+09:00,2026-08-05,SNOW,Snowflake Inc.,US,IT,2026-08-04,316.77,5632100,4896105.0,15.1071,,72,55,35,22,50,1,HOLD,0.29,3,False,backfill
2026-08-05T14:54:55.736369+09:00,2026-08-05,SOJE,Southern Company (The) Series 2,US,유틸리티,2026-08-04,16.64,57100,55720.0,0.1404,,65,55,58,50,59,0,HOLD,0.3,4,False,backfill
2026-08-05T14:54:55.736369+09:00,2026-08-05,CM,Canadian Imperial Bank of Commerce,US,금융,2026-08-04,117.95,912700,1063670.0,2.3264,,47,55,53,60,52,0,HOLD,0.16,2,False,backfill
2026-08-05T14:54:55.736369+09:00,2026-08-05,IBN,ICICI Bank Limited,US,금융,2026-08-04,30.33,6093400,7101265.0,0.5488,,81,55,50,58,63,1,HOLD,0.7,8,False,backfill
2026-08-05T14:54:55.736369+09:00,2026-08-05,ADP,"Automatic Data Processing, Inc.",US,IT,2026-08-04,270.62,2586300,2484765.0,9.6293,,95,55,43,42,63,1,HOLD,0.76,9,False,backfill
2026-08-05T14:54:55.736369+09:00,2026-08-05,SOMN,The Southern Company,US,유틸리티,2026-08-04,49.28,72900,173095.0,0.8229,,31,55,55,50,46,0,HOLD,-0.24,-3,False,backfill
2026-08-05T14:54:55.736369+09:00,2026-08-05,BNY,Bank of New York Mellon Corp,US,금융,2026-08-04,156.82,3034700,3814275.0,3.2404,,59,55,48,50,54,0,HOLD,0.34,4,False,backfill
2026-08-05T14:54:55.736369+09:00,2026-08-05,SO,The Southern Company,US,유틸리티,2026-08-04,92.4863,11142800,5040880.0,2.1048,,46,55,48,42,48,0,HOLD,-0.1,-1,False,backfill
2026-08-05T14:54:55.736369+09:00,2026-08-05,NET,"Cloudflare, Inc.",US,IT,2026-08-04,301.33,5453800,3061940.0,14.5264,,92,55,35,27,58,1,HOLD,0.59,7,False,backfill
2026-08-05T14:54:55.736369+09:00,2026-08-05,BNS,The Bank of Nova Scotia,US,금융,2026-08-04,87.13,4184000,2266185.0,1.5714,,44,55,53,68,52,0,HOLD,0.24,3,False,backfill
2026-08-05T14:54:55.736369+09:00,2026-08-05,GD,General Dynamics Corporation,US,산업재,2026-08-04,385.76,1502500,1213860.0,9.1193,,69,55,43,50,56,0,HOLD,0.37,4,False,backfill
2026-08-05T14:54:55.736369+09:00,2026-08-05,ACN,Accenture plc,US,IT,2026-08-04,170.43,5792900,7922255.0,8.5143,,59,55,43,68,55,0,HOLD,0.1,1,False,backfill
2026-08-05T14:54:55.736369+09:00,2026-08-05,PWR,"Quanta Services, Inc.",US,산업재,2026-08-04,693.0,1394100,1168525.0,34.145,,69,55,53,35,56,0,HOLD,0.14,2,False,backfill
2026-08-05T14:54:55.736369+09:00,2026-08-05,VRT,Vertiv Holdings Co,US,산업재,2026-08-04,269.93,5802700,6271290.0,21.0524,,15,55,56,42,39,0,AVOID,-0.62,-7,True,backfill
2026-08-05T14:54:55.736369+09:00,2026-08-05,TT,Trane Technologies plc,US,산업재,2026-08-04,472.24,1452300,1332480.0,16.6329,,58,55,56,50,56,0,HOLD,0.2,2,False,backfill
2026-08-05T14:54:55.736369+09:00,2026-08-05,EQIX,"Equinix, Inc.",US,리츠,2026-08-04,1051.53,740600,546950.0,36.285,,72,55,38,30,52,1,HOLD,0.12,1,False,backfill
2026-08-05T14:54:55.736369+09:00,2026-08-05,GSK,GSK plc,US,제약/바이오,2026-08-04,51.0683,4558700,4685340.0,1.3896,,43,60,45,63,50,0,HOLD,0.01,0,False,backfill
2026-08-05T14:54:55.736369+09:00,2026-08-05,NEM,Newmont Corporation,US,소재,2026-08-04,97.73,5449100,7062385.0,3.3171,,62,55,40,76,56,1,HOLD,0.05,1,False,backfill
2026-08-05T14:54:55.736369+09:00,2026-08-05,DDOG,"Datadog, Inc.",US,IT,2026-08-04,288.15,4826500,4163855.0,12.9156,,92,55,43,35,61,1,HOLD,0.7,8,False,backfill
2026-08-05T14:54:55.736369+09:00,2026-08-05,SNY,Sanofi,US,제약/바이오,2026-08-04,42.68,2279500,3329765.0,1.0686,,46,60,53,61,53,0,HOLD,0.06,1,False,backfill
2026-08-05T14:54:55.736369+09:00,2026-08-05,ADBE,Adobe Inc.,US,IT,2026-08-04,257.49,4203000,5432490.0,13.4293,,77,55,50,76,64,2,WATCH,0.51,6,False,backfill
2026-08-05T14:54:55.736369+09:00,2026-08-05,PNC,"The PNC Financial Services Group, Inc.",US,금융,2026-08-04,254.14,1327700,1989680.0,4.2193,,59,55,38,60,52,0,HOLD,0.27,3,False,backfill
2026-08-05T14:54:55.736369+09:00,2026-08-05,ING,ING Groep N.V.,US,금융,2026-08-04,34.8864,4573300,2444910.0,0.7813,,92,55,45,60,66,1,HOLD,0.81,10,False,backfill
2026-08-05T14:54:55.736369+09:00,2026-08-05,USB,U.S. Bancorp,US,금융,2026-08-04,64.23,9982800,8381155.0,1.2507,,69,55,50,60,59,0,HOLD,0.54,6,False,backfill
2026-08-05T14:54:55.736369+09:00,2026-08-05,BN,Brookfield Corporation,US,금융,2026-08-04,44.62,5414400,4018585.0,0.9707,,62,55,50,35,53,0,HOLD,0.12,1,False,backfill
2026-08-05T14:54:55.736369+09:00,2026-08-05,SPOT,Spotify Technology S.A.,US,인터넷,2026-08-04,478.17,4857100,1875575.0,20.9484,,47,60,35,42,45,0,HOLD,0.03,0,False,backfill
2026-08-05T14:54:55.736369+09:00,2026-08-05,MCK,McKesson Corporation,US,제약/바이오,2026-08-04,830.43,1089400,941800.0,25.5407,,50,60,46,58,52,0,HOLD,0.11,1,False,backfill
2026-08-05T14:54:55.736369+09:00,2026-08-05,KKR,KKR & Co. Inc.,US,금융,2026-08-04,108.0048,5337500,3938150.0,3.6153,,81,55,45,66,63,1,HOLD,0.56,7,False,backfill
2026-08-05T14:54:55.736369+09:00,2026-08-05,DUK,Duke Energy Corporation,US,유틸리티,2026-08-04,123.1869,5683300,3703445.0,2.5249,,46,55,53,42,49,0,HOLD,-0.04,0,False,backfill
2026-08-05T14:54:55.736369+09:00,2026-08-05,FCX,Freeport-McMoRan Inc.,US,소재,2026-08-04,67.3,16305900,14769500.0,2.9757,,73,55,43,53,57,1,HOLD,0.49,6,False,backfill
2026-08-05T14:54:55.736369+09:00,2026-08-05,CNQ,Canadian Natural Resources Limited,US,에너지,2026-08-04,46.18,6828600,7461740.0,1.235,,87,55,53,73,68,2,WATCH,0.63,8,False,backfill
2026-08-05T14:54:55.736369+09:00,2026-08-05,SMFG,"Sumitomo Mitsui Financial Group, Inc.",US,금융,2026-08-04,24.86,2107000,1877595.0,0.6771,,47,55,45,60,50,0,HOLD,0.18,2,False,backfill
2026-08-05T14:54:55.736369+09:00,2026-08-05,CEG,Constellation Energy Corporation,US,유틸리티,2026-08-04,267.25,3817900,2715225.0,9.9465,,62,55,50,37,53,0,HOLD,-0.04,0,False,backfill
2026-08-05T14:54:55.736369+09:00,2026-08-05,MELI,"MercadoLibre, Inc.",US,소비재,2026-08-04,1888.5,448300,360155.0,50.3536,,80,55,62,34,63,1,HOLD,0.58,7,False,backfill
2026-08-05T14:54:55.736369+09:00,2026-08-05,BNH,Brookfield Finance Inc.,US,금융,2026-08-04,15.15,21300,33620.0,0.2344,,51,55,55,50,53,0,HOLD,0.09,1,False,backfill
2026-08-05T14:54:55.736369+09:00,2026-08-05,BNJ,Brookfield Finance Inc. 4.50% P,US,금융,2026-08-04,15.0784,21300,23665.0,0.1843,,40,55,55,50,49,0,HOLD,-0.01,0,False,backfill
2026-08-05T14:54:55.736369+09:00,2026-08-05,CSX,CSX Corporation,US,산업재,2026-08-04,51.03,14455800,14065780.0,1.3836,,69,55,40,58,56,0,HOLD,0.41,5,False,backfill
2026-08-05T14:54:55.736369+09:00,2026-08-05,BCS,Barclays PLC,US,금융,2026-08-04,27.7088,4182500,5706075.0,0.8469,,66,55,45,78,59,1,HOLD,0.5,6,False,backfill
2026-08-05T14:54:55.736369+09:00,2026-08-05,CME,CME Group Inc.,US,금융,2026-08-04,262.63,2294700,2669585.0,6.9293,,80,55,53,45,62,1,HOLD,0.36,4,False,backfill
2026-08-05T14:54:55.736369+09:00,2026-08-05,CDNS,"Cadence Design Systems, Inc.",US,IT,2026-08-04,340.62,2010900,2378895.0,16.05,,47,55,43,30,45,0,HOLD,-0.2,-2,False,backfill
2026-08-05T14:54:55.736369+09:00,2026-08-05,EQNR,Equinor ASA,US,에너지,2026-08-04,38.7932,3048000,4082800.0,1.4049,,87,55,50,78,68,2,WATCH,0.59,7,False,backfill
2026-08-05T14:54:55.736369+09:00,2026-08-05,MMM,3M Company,US,산업재,2026-08-04,181.45,2980000,3897560.0,5.3036,,80,55,43,58,61,1,HOLD,0.61,7,False,backfill
2026-08-05T14:54:55.736369+09:00,2026-08-05,JCI,Johnson Controls International plc,US,소재,2026-08-04,153.62,4569500,3523870.0,5.0514,,78,55,43,50,59,1,HOLD,0.44,5,False,backfill
2026-08-05T14:54:55.736369+09:00,2026-08-05,UPS,"United Parcel Service, Inc.",US,산업재,2026-08-04,107.3977,4303200,5375290.0,3.3614,,47,55,50,58,51,0,HOLD,0.2,2,False,backfill
2026-08-05T14:54:55.736369+09:00,2026-08-05,MNST,Monster Beverage Corporation,US,소매,2026-08-04,94.18,6807800,5637095.0,2.4507,,51,55,40,42,47,0,HOLD,0.12,1,False,backfill
2026-08-05T14:54:55.736369+09:00,2026-08-05,MRSH,"Marsh & McLennan Companies, Inc.",US,금융,2026-08-04,191.45,2348300,2772360.0,5.5923,,84,55,32,66,60,1,HOLD,0.58,7,False,backfill
2026-08-05T14:54:55.736369+09:00,2026-08-05,MPC,Marathon Petroleum Corporation,US,에너지,2026-08-04,312.61,2507100,2083135.0,9.3714,,73,55,35,58,56,1,HOLD,0.43,5,False,backfill
2026-08-05T14:54:55.736369+09:00,2026-08-05,LYG,Lloyds Banking Group plc,US,금융,2026-08-04,6.1368,15786900,16279970.0,0.1557,,79,55,45,76,64,2,WATCH,0.68,8,False,backfill
2026-08-05T14:54:55.736369+09:00,2026-08-05,ITUB,Itaú Unibanco Holding S.A.,US,금융,2026-08-04,8.19,16828500,18575495.0,0.1699,,56,55,53,78,58,1,HOLD,0.2,2,False,backfill
2026-08-05T14:54:55.736369+09:00,2026-08-05,WM,"Waste Management, Inc.",US,산업재,2026-08-04,225.25,3077900,1877965.0,5.8579,,46,55,45,42,47,0,HOLD,-0.09,-1,False,backfill
2026-08-05T14:54:55.736369+09:00,2026-08-05,MAR,"Marriott International, Inc.",US,소비재,2026-08-04,345.2,3376600,1613690.0,9.5786,,28,55,50,58,44,0,AVOID,-0.28,-3,True,backfill
2026-08-05T14:54:55.736369+09:00,2026-08-05,EMR,Emerson Electric Co.,US,산업재,2026-08-04,158.3031,5333600,2823835.0,4.8379,,73,55,45,58,59,1,HOLD,0.53,6,False,backfill
2026-08-05T14:54:55.736369+09:00,2026-08-05,ABNB,"Airbnb, Inc.",US,소비재,2026-08-04,149.92,3580600,3454000.0,4.0436,,84,55,35,50,58,1,HOLD,0.45,5,False,backfill
2026-08-05T14:54:55.736369+09:00,2026-08-05,VLO,Valero Energy Corporation,US,에너지,2026-08-04,308.73,3634000,2845570.0,11.0873,,73,55,35,63,56,1,HOLD,0.44,5,False,backfill
2026-08-05T14:54:55.736369+09:00,2026-08-05,INTU,Intuit Inc.,US,IT,2026-08-04,323.6,3491400,4121180.0,16.2971,,70,55,50,74,62,2,WATCH,0.2,2,False,backfill
2026-08-05T14:54:55.736369+09:00,2026-08-05,CMCSA,Comcast Corporation,US,인터넷,2026-08-04,24.93,31994600,33840300.0,1.0043,,77,60,45,83,65,2,WATCH,0.45,5,False,backfill
2026-08-05T14:54:55.736369+09:00,2026-08-05,DASH,"DoorDash, Inc.",US,인터넷,2026-08-04,202.37,3842000,3513940.0,8.3224,,85,60,40,30,58,1,HOLD,0.58,7,False,backfill
2026-08-05T14:54:55.736369+09:00,2026-08-05,SHW,The Sherwin-Williams Company,US,소재,2026-08-04,361.57,2572200,2122885.0,11.9429,,81,55,45,50,60,1,HOLD,0.62,7,False,backfill
2026-08-05T14:54:55.736369+09:00,2026-08-05,CMI,Cummins Inc.,US,산업재,2026-08-04,635.96,2535000,998320.0,29.0557,,28,55,43,58,42,0,AVOID,-0.39,-5,True,backfill
2026-08-05T14:54:55.736369+09:00,2026-08-05,WMB,"The Williams Companies, Inc.",US,에너지,2026-08-04,71.51,13763600,6869280.0,2.095,,40,55,43,42,44,0,AVOID,-0.28,-3,True,backfill
2026-08-05T14:54:55.736369+09:00,2026-08-05,RCL,Royal Caribbean Cruises Ltd.,US,소비재,2026-08-04,325.74,1523200,2435615.0,11.7993,,82,55,45,42,60,1,HOLD,0.6,7,False,backfill
2026-08-05T14:54:55.736369+09:00,2026-08-05,HCA,"HCA Healthcare, Inc.",US,제약/바이오,2026-08-04,400.73,1318800,1810015.0,13.505,,80,60,56,60,66,1,HOLD,0.5,6,False,backfill
2026-08-05T14:54:55.736369+09:00,2026-08-05,ASX,"ASE Technology Holding Co., Ltd.",US,반도체,2026-08-04,38.7,10697600,9619355.0,2.6079,,47,60,40,37,46,0,HOLD,0.08,1,False,backfill
2026-08-05T14:54:55.736369+09:00,2026-08-05,ITW,Illinois Tool Works Inc.,US,산업재,2026-08-04,295.06,1215500,1572960.0,8.5321,,88,55,55,42,65,1,HOLD,0.79,9,False,backfill
2026-08-05T14:54:55.736369+09:00,2026-08-05,HOOD,"Robinhood Markets, Inc.",US,금융,2026-08-04,93.51,22639500,21154535.0,6.5602,,40,55,43,50,45,0,HOLD,0.02,0,False,backfill
2026-08-05T14:54:55.736369+09:00,2026-08-05,MCO,Moody's Corporation,US,금융,2026-08-04,482.6501,541700,858725.0,13.18,,44,55,43,42,46,0,HOLD,-0.06,-1,False,backfill
2026-08-05T14:54:55.736369+09:00,2026-08-05,ICE,"Intercontinental Exchange, Inc.",US,금융,2026-08-04,149.2,3819500,4223125.0,4.2507,,80,55,43,58,61,1,HOLD,0.36,4,False,backfill
2026-08-05T14:54:55.736369+09:00,2026-08-05,NTES,"NetEase, Inc.",US,IT,2026-08-04,130.6,725700,927120.0,3.3614,,77,55,45,68,62,1,HOLD,0.61,7,False,backfill
2026-08-05T14:54:55.736369+09:00,2026-08-05,BAM,Brookfield Asset Management Ltd.,US,금융,2026-08-04,51.94,4747500,2307295.0,1.3811,,81,55,48,50,61,1,HOLD,0.56,7,False,backfill
2026-08-05T14:54:55.736369+09:00,2026-08-05,PSX,Phillips 66,US,에너지,2026-08-04,205.89,3489900,2579155.0,6.1607,,69,55,25,50,50,0,HOLD,0.24,3,False,backfill
2026-08-05T14:54:55.736369+09:00,2026-08-05,EPD,Enterprise Products Partners L.P.,US,에너지,2026-08-04,38.12,4108300,3329890.0,0.7289,,65,55,50,60,58,0,HOLD,0.29,3,False,backfill
2026-08-05T14:54:55.736369+09:00,2026-08-05,ELV,Elevance Health Inc.,US,제약/바이오,2026-08-04,378.0,1438000,1504900.0,12.4607,,28,60,50,76,48,1,HOLD,-0.11,-1,False,backfill
2026-08-05T14:54:55.736369+09:00,2026-08-05,AMT,American Tower Corporation,US,리츠,2026-08-04,175.25,2990800,3131255.0,5.0543,,72,55,45,42,56,1,HOLD,0.25,3,False,backfill
2026-08-05T14:54:55.736369+09:00,2026-08-05,CTAS,Cintas Corporation,US,산업재,2026-08-04,203.1223,2653200,2685045.0,6.3784,,66,55,48,29,53,0,HOLD,0.36,4,False,backfill
2026-08-05T14:54:55.736369+09:00,2026-08-05,NGG,National Grid plc,US,유틸리티,2026-08-04,80.42,763000,767800.0,1.5186,,38,55,45,42,44,0,AVOID,-0.29,-3,True,backfill
2026-08-05T14:54:55.736369+09:00,2026-08-05,ROST,"Ross Stores, Inc.",US,소비재,2026-08-04,251.06,2261600,2252490.0,5.5114,,76,55,50,42,59,1,HOLD,0.51,6,False,backfill
2026-08-05T14:54:55.736369+09:00,2026-08-05,GM,General Motors Company,US,소비재,2026-08-04,88.31,5329800,7159230.0,3.1279,,81,55,40,74,62,2,WATCH,0.65,8,False,backfill
2026-08-05T14:54:55.736369+09:00,2026-08-05,ECL,Ecolab Inc.,US,소재,2026-08-04,283.14,1225900,1219345.0,6.9193,,81,55,45,50,60,1,HOLD,0.55,7,False,backfill
2026-08-05T14:54:55.736369+09:00,2026-08-05,CP,Canadian Pacific Kansas City Ltd.,US,산업재,2026-08-04,90.63,6594300,2783430.0,2.03,,47,55,56,58,53,0,HOLD,0.2,2,False,backfill
2026-08-05T14:54:55.736369+09:00,2026-08-05,MDLZ,"Mondelez International, Inc.",US,소매,2026-08-04,62.08,12200800,9892295.0,1.8964,,72,55,53,58,61,1,HOLD,0.43,5,False,backfill
2026-08-05T14:54:55.736369+09:00,2026-08-05,HON,Honeywell International Inc.,US,산업재,2026-08-04,248.0457,3568900,3352105.0,7.1956,,61,55,32,65,52,0,HOLD,0.24,3,False,backfill
2026-08-05T14:54:55.736369+09:00,2026-08-05,TRV,"The Travelers Companies, Inc.",US,금융,2026-08-04,377.15,2047000,2196135.0,11.0179,,66,55,40,78,58,1,HOLD,0.45,5,False,backfill
2026-08-05T14:54:55.736369+09:00,2026-08-05,REGN,"Regeneron Pharmaceuticals, Inc.",US,제약/바이오,2026-08-04,760.66,817300,786765.0,21.6707,,66,60,53,58,60,0,HOLD,0.47,6,False,backfill
2026-08-05T14:54:55.736369+09:00,2026-08-05,NOC,Northrop Grumman Corporation,US,산업재,2026-08-04,551.55,753100,930510.0,18.0586,,72,55,35,55,55,1,HOLD,0.19,2,False,backfill
2026-08-05T14:54:55.736369+09:00,2026-08-05,E,Eni S.p.A.,US,에너지,2026-08-04,53.48,369200,385050.0,1.3986,,87,55,53,58,66,1,HOLD,0.56,7,False,backfill
2026-08-05T14:54:55.736369+09:00,2026-08-05,SNPS,"Synopsys, Inc.",US,IT,2026-08-04,403.86,1367400,1984445.0,16.425,,55,55,50,43,52,0,HOLD,-0.12,-1,False,backfill
2026-08-05T14:54:55.736369+09:00,2026-08-05,CNI,Canadian National Railway Company,US,산업재,2026-08-04,127.3,1769300,1670605.0,2.6043,,69,55,45,50,56,0,HOLD,0.45,5,False,backfill
2026-08-05T14:54:55.736369+09:00,2026-08-05,APOS,"Apollo Global Management, Inc.",US,금융,2026-08-04,25.74,19100,45560.0,0.1482,,65,55,48,50,56,0,HOLD,0.24,3,False,backfill
2026-08-05T14:54:55.736369+09:00,2026-08-05,APO,"Apollo Global Management, Inc.",US,금융,2026-08-04,133.2,5413200,4056675.0,4.5271,,69,55,46,51,57,0,HOLD,0.3,4,False,backfill
2026-08-05T14:54:55.736369+09:00,2026-08-05,NSC,Norfolk Southern Corporation,US,산업재,2026-08-04,339.9247,761000,1150960.0,8.4594,,69,55,53,45,58,0,HOLD,0.44,5,False,backfill
2026-08-05T14:54:55.736369+09:00,2026-08-05,EOG,"EOG Resources, Inc.",US,에너지,2026-08-04,143.52,2979400,2949070.0,3.9851,,87,55,35,68,62,1,HOLD,0.49,6,False,backfill
2026-08-05T14:54:55.736369+09:00,2026-08-05,AEM,Agnico Eagle Mines Limited,US,소재,2026-08-04,150.61,2406600,2424560.0,5.2779,,62,55,45,63,56,0,HOLD,-0.0,0,False,backfill
2026-08-05T14:54:55.736369+09:00,2026-08-05,SU,Suncor Energy Inc.,US,에너지,2026-08-04,64.45,5928700,3985445.0,1.7021,,87,55,53,63,67,1,HOLD,0.54,6,False,backfill
2026-08-05T14:54:55.736369+09:00,2026-08-05,ORLY,"O'Reilly Automotive, Inc.",US,소비재,2026-08-04,91.83,6404600,8253660.0,3.0593,,69,55,43,50,56,0,HOLD,0.18,2,False,backfill
2026-08-05T14:54:55.736369+09:00,2026-08-05,AON,Aon plc,US,금융,2026-08-04,356.65,1433500,1441850.0,10.4213,,47,55,43,45,47,0,HOLD,0.08,1,False,backfill
2026-08-05T14:54:55.736369+09:00,2026-08-05,SLB,Slb N.V.,US,에너지,2026-08-04,50.81,11277300,13047600.0,1.7864,,72,55,35,58,55,1,HOLD,0.1,1,False,backfill
2026-08-05T14:54:55.736369+09:00,2026-08-05,MFC,Manulife Financial Corporation,US,금융,2026-08-04,44.77,2311100,1590055.0,0.6457,,91,55,45,84,69,2,WATCH,0.87,10,False,backfill
2026-08-05T14:54:55.736369+09:00,2026-08-05,AMX,"América Móvil, S.A.B. de C.V.",US,인터넷,2026-08-04,24.88,1989700,1803810.0,0.6464,,35,60,45,76,49,1,HOLD,-0.2,-2,False,backfill
2026-08-05T14:54:55.736369+09:00,2026-08-05,CVNA,Carvana Co.,US,소비재,2026-08-04,68.03,7792700,10214625.0,4.1161,,65,55,35,42,51,0,HOLD,-0.08,-1,False,backfill
2026-08-05T14:54:55.736369+09:00,2026-08-05,FDX,FedEx Corporation,US,산업재,2026-08-04,313.34,1273500,1554900.0,7.0043,,47,55,38,68,49,0,HOLD,0.03,0,False,backfill
2026-08-05T14:54:55.736369+09:00,2026-08-05,CL,Colgate-Palmolive Company,US,소매,2026-08-04,92.53,6831300,4689530.0,2.6475,,62,55,53,50,56,0,HOLD,0.34,4,False,backfill
2026-08-05T14:54:55.736369+09:00,2026-08-05,MSI,"Motorola Solutions, Inc.",US,IT,2026-08-04,442.85,1023100,875005.0,10.6579,,67,55,45,50,55,0,HOLD,0.24,3,False,backfill
2026-08-05T14:54:55.736369+09:00,2026-08-05,SPG,"Simon Property Group, Inc.",US,리츠,2026-08-04,225.9,1960900,1490195.0,4.3193,,54,55,65,47,56,0,HOLD,0.41,5,False,backfill
2026-08-05T14:54:55.736369+09:00,2026-08-05,BSX,Boston Scientific Corporation,US,제약/바이오,2026-08-04,49.09,21565100,19570405.0,1.755,,54,60,62,66,59,0,HOLD,0.14,2,False,backfill
2026-08-05T14:54:55.736369+09:00,2026-08-05,CI,Cigna Corporation,US,제약/바이오,2026-08-04,274.05,2799200,1705045.0,9.3857,,43,60,43,94,54,1,HOLD,0.05,1,False,backfill
2026-08-05T14:54:55.736369+09:00,2026-08-05,DLR,"Digital Realty Trust, Inc.",US,리츠,2026-08-04,193.89,2307000,3047365.0,7.415,,72,55,56,46,60,1,HOLD,0.38,5,False,backfill
2026-08-05T14:54:55.736369+09:00,2026-08-05,URI,"United Rentals, Inc.",US,산업재,2026-08-04,1148.1488,597600,510960.0,43.2896,,92,55,53,58,68,1,HOLD,0.88,11,False,backfill
2026-08-05T14:54:55.736369+09:00,2026-08-05,PCAR,PACCAR Inc,US,산업재,2026-08-04,135.601,6158100,3817550.0,4.107,,85,55,40,58,61,1,HOLD,0.65,8,False,backfill
2026-08-05T14:54:55.736369+09:00,2026-08-05,TDG,TransDigm Group Incorporated,US,산업재,2026-08-04,1275.05,912300,381685.0,39.4828,,76,55,46,53,59,1,HOLD,0.46,6,False,backfill
2026-08-05T14:54:55.736369+09:00,2026-08-05,RACE,Ferrari N.V.,US,소비재,2026-08-04,402.79,466300,463960.0,10.2814,,92,55,45,37,62,1,HOLD,0.73,9,False,backfill
2026-08-05T14:54:55.736369+09:00,2026-08-05,DB,Deutsche Bank AG,US,금융,2026-08-04,37.47,1662200,1935190.0,0.9229,,92,55,53,88,72,2,WATCH,0.99,12,False,backfill
2026-08-05T14:54:55.736369+09:00,2026-08-05,HLT,Hilton Worldwide Holdings Inc.,US,소비재,2026-08-04,312.07,2249500,2196665.0,8.1979,,28,55,45,50,42,0,AVOID,-0.33,-4,True,backfill
2026-08-05T14:54:55.736369+09:00,2026-08-05,ET,Energy Transfer LP,US,에너지,2026-08-04,19.9956,15662600,8971140.0,0.3007,,65,55,53,76,61,1,HOLD,0.39,5,False,backfill
2026-08-05T14:54:55.736369+09:00,2026-08-05,KMI,"Kinder Morgan, Inc.",US,에너지,2026-08-04,31.38,12125600,9876030.0,0.781,,46,55,35,45,44,0,AVOID,-0.22,-3,True,backfill
2026-08-05T14:54:55.736369+09:00,2026-08-05,AEP,"American Electric Power Company, Inc.",US,유틸리티,2026-08-04,127.3802,3964300,3965085.0,2.7895,,43,55,45,42,46,0,HOLD,-0.22,-3,False,backfill
2026-08-05T14:54:55.736369+09:00,2026-08-05,NU,Nu Holdings Ltd.,US,금융,2026-08-04,14.33,51555400,103951230.0,0.4804,,66,55,45,66,57,0,HOLD,0.27,3,False,backfill
2026-08-05T14:54:55.736369+09:00,2026-08-05,HPE,Hewlett Packard Enterprise Company,US,IT,2026-08-04,52.39,25682700,17622635.0,2.8878,,92,55,55,66,70,1,HOLD,0.93,11,False,backfill
2026-08-05T14:54:55.736369+09:00,2026-08-05,SATA,"Strive, Inc. Variable Rate Series A Perp",US,금융,2026-08-04,97.3482,116800,139790.0,1.4259,,68,55,58,42,58,0,HOLD,0.36,4,False,backfill
2026-08-05T14:54:55.736369+09:00,2026-08-05,TRP,TC Energy Corporation,US,에너지,2026-08-04,65.37,2634600,2528710.0,1.6814,,43,55,53,45,49,0,HOLD,-0.05,-1,False,backfill
2026-08-05T14:54:55.736369+09:00,2026-08-05,ALL,The Allstate Corporation,US,금융,2026-08-04,262.56,1931600,1585975.0,6.6521,,63,55,56,73,61,1,HOLD,0.56,7,False,backfill
2026-08-05T14:54:55.736369+09:00,2026-08-05,TGT,Target Corporation,US,소매,2026-08-04,146.9818,3181100,3735840.0,4.1354,,88,55,43,50,62,1,HOLD,0.69,8,False,backfill
2026-08-05T14:54:55.736369+09:00,2026-08-05,BE,Bloom Energy Corporation,US,산업재,2026-08-04,228.11,18854900,17945645.0,28.5481,,63,55,43,43,52,0,HOLD,-0.08,-1,False,backfill
2026-08-05T14:54:55.736369+09:00,2026-08-05,SE,Sea Limited,US,소비재,2026-08-04,111.44,4234600,4626300.0,4.2379,,81,55,35,50,57,1,HOLD,0.51,6,False,backfill
2026-08-05T14:54:55.736369+09:00,2026-08-05,LITE,Lumentum Holdings Inc.,US,IT,2026-08-04,849.47,6642900,4485545.0,80.4827,,72,55,30,43,52,1,HOLD,-0.09,-1,False,backfill
2026-08-05T14:54:55.736369+09:00,2026-08-05,CRH,CRH plc,US,소재,2026-08-04,98.4454,4493800,4100070.0,3.21,,28,55,56,60,47,0,HOLD,-0.33,-4,False,backfill
2026-08-05T14:54:55.736369+09:00,2026-08-05,APD,"Air Products and Chemicals, Inc.",US,소재,2026-08-04,294.71,1064000,1166685.0,7.3407,,43,55,45,42,46,0,HOLD,-0.18,-2,False,backfill
2026-08-05T14:54:55.736369+09:00,2026-08-05,TFC,Truist Financial Corporation,US,금융,2026-08-04,52.1432,5426900,7909960.0,1.0998,,62,55,53,60,58,0,HOLD,0.36,4,False,backfill
2026-08-05T14:54:55.736369+09:00,2026-08-05,MPWR,"Monolithic Power Systems, Inc.",US,반도체,2026-08-04,1335.03,1228400,957800.0,93.895,,40,60,43,35,44,0,AVOID,-0.4,-5,True,backfill
2026-08-05T14:54:55.736369+09:00,2026-08-05,WBD,"Warner Bros. Discovery, Inc.",US,인터넷,2026-08-04,25.79,33289000,24858040.0,0.5836,,25,60,53,38,42,0,AVOID,-0.36,-4,True,backfill
2026-08-05T14:54:55.736369+09:00,2026-08-05,RELX,RELX Plc,US,산업재,2026-08-04,36.5128,3002100,3083480.0,1.2835,,80,55,53,42,61,1,HOLD,0.51,6,False,backfill
2026-08-05T14:54:55.736369+09:00,2026-08-05,B,Barrick Mining Corporation,US,소재,2026-08-04,38.21,8168900,7868675.0,1.2571,,69,55,50,70,61,1,HOLD,0.36,4,False,backfill
2026-08-05T14:54:55.736369+09:00,2026-08-05,RSG,"Republic Services, Inc.",US,산업재,2026-08-04,207.66,1594000,1334795.0,5.135,,43,55,62,45,51,0,HOLD,0.07,1,False,backfill
2026-08-05T14:54:55.736369+09:00,2026-08-05,AJG,Arthur J. Gallagher & Co.,US,금융,2026-08-04,248.06,1419500,1423200.0,9.0786,,51,55,53,58,53,0,HOLD,0.31,4,False,backfill
2026-08-05T14:54:55.736369+09:00,2026-08-05,AFL,Aflac Incorporated,US,금융,2026-08-04,125.15,2519800,1945030.0,2.0464,,69,55,35,60,55,0,HOLD,0.31,4,False,backfill
2026-08-05T14:54:55.736369+09:00,2026-08-05,COHR,"Coherent, Inc.",US,IT,2026-08-04,323.73,8958000,4913055.0,30.5271,,65,55,40,43,52,0,HOLD,0.07,1,False,backfill
2026-08-05T14:54:55.736369+09:00,2026-08-05,VALE,Vale S.A.,US,소재,2026-08-04,14.4186,22049500,22362250.0,0.359,,65,55,45,74,58,1,HOLD,0.18,2,False,backfill
2026-08-05T14:54:55.736369+09:00,2026-08-05,TER,"Teradyne, Inc.",US,반도체,2026-08-04,403.56,4144100,3761025.0,32.7893,,73,60,40,50,57,1,HOLD,0.46,6,False,backfill
2026-08-05T14:54:55.736369+09:00,2026-08-05,TEL,TE Connectivity plc,US,반도체,2026-08-04,216.82,2609800,2843485.0,8.4793,,73,60,53,66,63,1,HOLD,0.55,7,False,backfill
2026-08-05T14:54:55.736369+09:00,2026-08-05,FIX,"Comfort Systems USA, Inc.",US,산업재,2026-08-04,1774.9408,553600,537915.0,122.5151,,65,55,46,50,55,0,HOLD,0.07,1,False,backfill
2026-08-05T14:54:55.736369+09:00,2026-08-05,NUE,Nucor Corporation,US,소재,2026-08-04,274.04,1900500,1354605.0,9.0264,,58,55,35,53,50,0,HOLD,0.2,2,False,backfill
2026-08-05T14:54:55.736369+09:00,2026-08-05,ALAB,"Astera Labs, Inc. Common Stock",US,반도체,2026-08-04,361.67,10057000,4571955.0,34.0682,,73,60,43,35,56,1,HOLD,0.47,6,False,backfill
2026-08-05T14:54:55.736369+09:00,2026-08-05,MET,"MetLife, Inc.",US,금융,2026-08-04,96.13,5299000,3968775.0,1.7552,,63,55,45,58,55,0,HOLD,0.39,5,False,backfill
2026-08-05T14:54:55.736369+09:00,2026-08-05,BDX,"Becton, Dickinson and Company",US,제약/바이오,2026-08-04,170.12,2104800,1761470.0,4.4007,,66,60,40,58,56,0,HOLD,0.42,5,False,backfill
2026-08-05T14:54:55.736369+09:00,2026-08-05,NKE,"NIKE, Inc.",US,소비재,2026-08-04,41.53,27802800,18422155.0,1.3436,,31,55,56,50,46,0,HOLD,-0.2,-2,False,backfill
2026-08-05T14:54:55.736369+09:00,2026-08-05,MPLX,MPLX Lp,US,에너지,2026-08-04,59.4314,2051800,1603235.0,1.1463,,78,55,50,55,62,1,HOLD,0.59,7,False,backfill
2026-08-05T14:54:55.736369+09:00,2026-08-05,GWW,"W.W. Grainger, Inc.",US,산업재,2026-08-04,1297.9153,587600,284135.0,41.1019,,47,55,40,50,47,0,HOLD,0.09,1,False,backfill
2026-08-05T14:54:55.736369+09:00,2026-08-05,BKR,Baker Hughes Company,US,에너지,2026-08-04,61.5037,7363400,9672315.0,2.0076,,69,55,38,58,55,0,HOLD,0.08,1,False,backfill
2026-08-05T14:54:55.736369+09:00,2026-08-05,DAL,"Delta Air Lines, Inc.",US,산업재,2026-08-04,92.77,5184400,6716470.0,2.7629,,92,55,43,76,68,2,WATCH,0.84,10,False,backfill
2026-08-05T14:54:55.736369+09:00,2026-08-05,D,"Dominion Energy, Inc.",US,유틸리티,2026-08-04,69.22,2835600,3741145.0,1.3793,,42,55,50,50,48,0,HOLD,0.07,1,False,backfill
2026-08-05T14:54:55.736369+09:00,2026-08-05,PSA,Public Storage,US,리츠,2026-08-04,326.49,922800,1314925.0,9.0979,,99,55,53,37,67,1,HOLD,0.84,10,False,backfill
2026-08-05T14:54:55.736369+09:00,2026-08-05,NXPI,NXP Semiconductors N.V.,US,반도체,2026-08-04,237.6,6542400,4480900.0,12.7636,,10,60,53,66,41,0,AVOID,-0.6,-7,True,backfill
2026-08-05T14:54:55.736369+09:00,2026-08-05,COR,"Cencora, Inc.",US,제약/바이오,2026-08-04,305.6872,2454300,1365685.0,7.3115,,50,60,62,50,56,0,HOLD,0.2,2,False,backfill
2026-08-05T14:54:55.736369+09:00,2026-08-05,GRMN,Garmin Ltd.,US,IT,2026-08-04,307.36,1351300,1072160.0,11.5893,,77,55,43,45,58,1,HOLD,0.52,6,False,backfill
2026-08-05T14:54:55.736369+09:00,2026-08-05,O,Realty Income Corporation,US,리츠,2026-08-04,62.9,5369800,5012305.0,1.2535,,46,55,48,45,48,0,HOLD,-0.06,-1,False,backfill
2026-08-05T14:54:55.736369+09:00,2026-08-05,KEYS,"Keysight Technologies, Inc.",US,IT,2026-08-04,341.24,1525900,1249575.0,14.2107,,69,55,53,42,57,0,HOLD,0.25,3,False,backfill
2026-08-05T14:54:55.736369+09:00,2026-08-05,AME,"AMETEK, Inc.",US,산업재,2026-08-04,254.05,2617200,1136295.0,6.0071,,78,55,50,53,61,1,HOLD,0.55,7,False,backfill
2026-08-05T14:54:55.736369+09:00,2026-08-05,CIEN,Ciena Corporation,US,IT,2026-08-04,411.13,2068800,2006730.0,30.3614,,55,55,33,43,47,0,HOLD,-0.3,-4,False,backfill
2026-08-05T14:54:55.736369+09:00,2026-08-05,MT,ArcelorMittal S.A.,US,소재,2026-08-04,75.0559,1395700,1661925.0,2.1812,,82,55,50,58,63,1,HOLD,0.71,9,False,backfill
2026-08-05T14:54:55.736369+09:00,2026-08-05,FAST,Fastenal Company,US,산업재,2026-08-04,49.71,9160000,9153875.0,1.3641,,78,55,56,29,59,1,HOLD,0.59,7,False,backfill
2026-08-05T14:54:55.736369+09:00,2026-08-05,F,Ford Motor Company,US,소비재,2026-08-04,14.0874,53923500,55036435.0,0.542,,58,55,58,57,57,0,HOLD,0.46,6,False,backfill
2026-08-05T14:54:55.736369+09:00,2026-08-05,SRE,Sempra,US,유틸리티,2026-08-04,86.65,6351100,2948200.0,1.9914,,35,55,38,66,45,0,HOLD,-0.35,-4,False,backfill
2026-08-05T14:54:55.736369+09:00,2026-08-05,TRGP,Targa Resources Corp.,US,에너지,2026-08-04,262.98,2027500,1144265.0,7.4092,,43,55,45,34,45,0,HOLD,-0.15,-2,False,backfill
2026-08-05T14:54:55.736369+09:00,2026-08-05,OKE,"ONEOK, Inc.",US,에너지,2026-08-04,87.65,7156600,3694665.0,2.4129,,46,55,32,60,46,0,HOLD,-0.19,-2,False,backfill
2026-08-05T14:54:55.736369+09:00,2026-08-05,OXY,Occidental Petroleum Corporation,US,에너지,2026-08-04,55.09,9032500,8994700.0,1.5936,,72,55,45,51,57,1,HOLD,0.2,2,False,backfill
2026-08-05T14:54:55.736369+09:00,2026-08-05,CAH,"Cardinal Health, Inc.",US,제약/바이오,2026-08-04,233.55,2579100,2235880.0,5.02,,69,60,53,66,62,0,HOLD,0.62,7,False,backfill
2026-08-05T14:54:55.736369+09:00,2026-08-05,NBIS,Nebius Group N.V.,US,IT,2026-08-04,225.74,21356700,22402490.0,26.9924,,80,55,43,43,58,1,HOLD,0.56,7,False,backfill
2026-08-05T14:54:55.736369+09:00,2026-08-05,CARR,Carrier Global Corporation,US,산업재,2026-08-04,65.69,6947600,7365010.0,2.4419,,28,55,45,50,42,0,AVOID,-0.29,-3,True,backfill
2026-08-05T14:54:55.736369+09:00,2026-08-05,FANG,"Diamondback Energy, Inc.",US,에너지,2026-08-04,190.8191,4161000,1997990.0,6.5489,,43,55,43,46,46,0,HOLD,-0.24,-3,False,backfill
2026-08-05T14:54:55.736369+09:00,2026-08-05,LNG,"Cheniere Energy, Inc.",US,에너지,2026-08-04,256.7325,1873200,1786865.0,7.6206,,43,55,43,37,44,0,AVOID,-0.24,-3,True,backfill
2026-08-05T14:54:55.736369+09:00,2026-08-05,NOK,Nokia Oyj,US,IT,2026-08-04,9.92,99289300,100546950.0,0.6393,,37,55,50,51,47,0,HOLD,-0.34,-4,False,backfill
2026-08-05T14:54:55.736369+09:00,2026-08-05,LHX,"L3Harris Technologies, Inc.",US,산업재,2026-08-04,285.3,1634100,1534865.0,10.7086,,28,55,50,58,44,0,AVOID,-0.32,-4,True,backfill
2026-08-05T14:54:55.736369+09:00,2026-08-05,CVE,Cenovus Energy Inc.,US,에너지,2026-08-04,28.73,9506500,7447185.0,1.0186,,87,55,53,78,69,2,WATCH,0.61,7,False,backfill
2026-08-05T14:54:55.736369+09:00,2026-08-05,EA,Electronic Arts Inc.,US,IT,2026-08-04,209.7,48713698,,,,58,55,43,50,52,0,HOLD,0.13,2,False,backfill
2026-08-05T14:54:55.736369+09:00,2026-08-05,TAK,Takeda Pharmaceutical Company Limited,US,제약/바이오,2026-08-04,16.56,5910500,4095675.0,0.385,,51,60,50,66,55,0,HOLD,0.14,2,False,backfill
2026-08-05T14:54:55.736369+09:00,2026-08-05,ARGX,argenx SE,US,제약/바이오,2026-08-04,844.5,264400,283775.0,28.0531,,47,60,45,50,49,0,HOLD,0.06,1,False,backfill
2026-08-05T14:54:55.736369+09:00,2026-08-05,WPM,Wheaton Precious Metals Corp.,US,소재,2026-08-04,115.41,2170900,1587470.0,4.1779,,69,55,53,66,61,0,HOLD,0.29,3,False,backfill
2026-08-05T14:54:55.736369+09:00,2026-08-05,CTVA,"Corteva, Inc.",US,소재,2026-08-04,78.31,6806100,4235205.0,2.6373,,43,55,48,50,48,0,HOLD,-0.17,-2,False,backfill
2026-08-05T14:54:55.736369+09:00,2026-08-05,FITB,Fifth Third Bancorp,US,금융,2026-08-04,57.77,6808900,6333280.0,1.4093,,62,55,45,58,55,0,HOLD,0.38,5,False,backfill
2026-08-05T14:54:55.736369+09:00,2026-08-05,NDAQ,"Nasdaq, Inc.",US,금융,2026-08-04,93.62,3783400,4070815.0,2.4757,,84,55,43,58,62,1,HOLD,0.54,6,False,backfill
2026-08-05T14:54:55.736369+09:00,2026-08-05,EW,Edwards Lifesciences Corporation,US,제약/바이오,2026-08-04,89.6,4318700,5290610.0,2.5164,,76,60,43,50,59,1,HOLD,0.47,6,False,backfill
2026-08-05T14:54:55.736369+09:00,2026-08-05,UMC,United Microelectronics Corporation,US,반도체,2026-08-04,20.63,20080600,16708980.0,1.6214,,33,60,45,58,46,0,HOLD,0.01,0,False,backfill
2026-08-05T14:54:55.736369+09:00,2026-08-05,STT,State Street Corporation,US,금융,2026-08-04,185.23,1939600,2422375.0,5.0936,,66,55,43,76,58,1,HOLD,0.48,6,False,backfill
2026-08-05T14:54:55.736369+09:00,2026-08-05,HEI,HEICO Corporation,US,산업재,2026-08-04,367.66,442600,436710.0,10.755,,92,55,45,27,61,1,HOLD,0.69,8,False,backfill
2026-08-05T14:54:55.736369+09:00,2026-08-05,INFY,Infosys Limited,US,IT,2026-08-04,12.6,19825900,27319760.0,0.49,,77,55,43,60,60,1,HOLD,0.42,5,False,backfill
2026-08-05T14:54:55.736369+09:00,2026-08-05,ETR,Entergy Corporation,US,유틸리티,2026-08-04,108.214,2894500,2827605.0,2.7763,,43,55,50,50,49,0,HOLD,-0.16,-2,False,backfill
2026-08-05T14:54:55.736369+09:00,2026-08-05,WAB,Westinghouse Air Brake Technologies Corp,US,산업재,2026-08-04,299.07,924700,1040875.0,9.7207,,81,55,35,58,59,1,HOLD,0.52,6,False,backfill
2026-08-05T14:54:55.736369+09:00,2026-08-05,ELC,"Entergy Louisiana, LLC COLLATERAL TR MT",US,유틸리티,2026-08-04,20.0,12200,14140.0,0.0831,,65,55,55,50,58,0,HOLD,0.28,3,False,backfill
2026-08-05T14:54:55.736369+09:00,2026-08-05,XYZ,"Block, Inc.",US,IT,2026-08-04,84.64,4657000,4608290.0,2.5191,,88,55,40,43,60,1,HOLD,0.64,8,False,backfill
2026-08-05T14:54:55.736369+09:00,2026-08-05,CRWV,"CoreWeave, Inc. Class A Common Stock",US,IT,2026-08-04,91.9,33601300,26980635.0,7.938,,59,55,43,42,51,0,HOLD,-0.14,-2,False,backfill
2026-08-05T14:54:55.736369+09:00,2026-08-05,ADSK,"Autodesk, Inc.",US,IT,2026-08-04,237.21,2114000,2209075.0,10.1357,,80,55,68,66,69,1,HOLD,0.63,8,False,backfill
2026-08-05T14:54:55.736369+09:00,2026-08-05,PYPL,"PayPal Holdings, Inc.",US,금융,2026-08-04,58.54,10322200,18959635.0,1.5507,,88,55,43,78,66,2,WATCH,0.79,9,False,backfill
2026-08-05T14:54:55.736369+09:00,2026-08-05,AMP,"Ameriprise Financial, Inc.",US,금융,2026-08-04,553.58,623000,602065.0,11.8082,,79,55,40,68,61,1,HOLD,0.6,7,False,backfill
2026-08-05T14:54:55.736369+09:00,2026-08-05,FERG,Ferguson plc,US,산업재,2026-08-04,255.51,46181600,4002540.0,8.2136,,75,55,50,42,59,1,HOLD,0.38,5,False,backfill
2026-08-05T14:54:55.736369+09:00,2026-08-05,ROK,"Rockwell Automation, Inc.",US,산업재,2026-08-04,443.8627,2359000,821030.0,17.2362,,46,55,43,42,46,0,HOLD,-0.09,-1,False,backfill
2026-08-05T14:54:55.736369+09:00,2026-08-05,AZO,"AutoZone, Inc.",US,소비재,2026-08-04,3028.03,160700,167050.0,97.7914,,45,55,58,50,52,0,HOLD,-0.14,-2,False,backfill
2026-08-05T14:54:55.736369+09:00,2026-08-05,AXON,"Axon Enterprise, Inc.",US,산업재,2026-08-04,607.2,930200,779170.0,28.1807,,85,55,43,30,58,1,HOLD,0.58,7,False,backfill
2026-08-05T14:54:55.736369+09:00,2026-08-05,DEO,Diageo plc,US,소매,2026-08-04,87.83,1450000,986925.0,2.2486,,84,55,53,58,65,1,HOLD,0.69,8,False,backfill
2026-08-05T14:54:55.736369+09:00,2026-08-05,EBAY,eBay Inc.,US,소비재,2026-08-04,109.61,4586200,3743205.0,3.475,,46,55,35,50,45,0,HOLD,-0.12,-1,False,backfill
2026-08-05T14:54:55.736369+09:00,2026-08-05,XEL,Xcel Energy Inc.,US,유틸리티,2026-08-04,77.75,4676400,4977580.0,1.8171,,46,55,56,42,50,0,HOLD,-0.04,0,False,backfill
2026-08-05T14:54:55.736369+09:00,2026-08-05,STM,STMicroelectronics N.V.,US,반도체,2026-08-04,54.22,11279300,12577300.0,4.0657,,25,60,45,51,42,0,AVOID,-0.4,-5,True,backfill
2026-08-05T14:54:55.736369+09:00,2026-08-05,VST,Vistra Corp.,US,유틸리티,2026-08-04,143.23,11503000,4518595.0,8.5141,,28,55,46,50,42,0,AVOID,-0.46,-6,True,backfill
2026-08-05T14:54:55.736369+09:00,2026-08-05,FER,Ferrovial SE,US,산업재,2026-08-04,66.52,1847000,1624925.0,1.1332,,69,55,53,38,57,0,HOLD,0.24,3,False,backfill
2026-08-05T14:54:55.736369+09:00,2026-08-05,VIK,Viking Holdings Ltd,US,소비재,2026-08-04,107.52,1951800,1896875.0,3.0222,,72,55,40,50,56,1,HOLD,0.44,5,False,backfill
2026-08-05T14:54:55.736369+09:00,2026-08-05,TRI,Thomson Reuters Corporation,US,산업재,2026-08-04,109.15,6031900,2417435.0,5.7479,,81,55,53,58,64,1,HOLD,0.73,9,False,backfill
2026-08-05T14:54:55.736369+09:00,2026-08-05,EXC,Exelon Corporation,US,유틸리티,2026-08-04,45.84,10292900,9018225.0,1.0893,,43,55,50,52,49,0,HOLD,-0.05,-1,False,backfill
2026-08-05T14:54:55.736369+09:00,2026-08-05,CCEP,Coca-Cola Europacific Partners PLC,US,소매,2026-08-04,106.13,3583400,2032020.0,2.9529,,47,55,50,45,49,0,HOLD,0.17,2,False,backfill
2026-08-05T14:54:55.736369+09:00,2026-08-05,ABEV,Ambev S.A.,US,소매,2026-08-04,3.04,33115100,26031050.0,0.0714,,28,55,53,68,47,0,HOLD,-0.31,-4,False,backfill
2026-08-05T14:54:55.736369+09:00,2026-08-05,ARES,Ares Management Corporation,US,금융,2026-08-04,142.91,3459900,2243380.0,5.2954,,71,55,56,35,58,1,HOLD,0.54,6,False,backfill
2026-08-05T14:54:55.736369+09:00,2026-08-05,PCG,PG&E Corporation,US,유틸리티,2026-08-04,17.45,41402200,21737890.0,0.4836,,47,55,53,60,52,0,HOLD,0.16,2,False,backfill
2026-08-05T14:54:55.736369+09:00,2026-08-05,FLEX,Flex Ltd.,US,IT,2026-08-04,126.71,4710900,5017435.0,9.1893,,73,55,43,50,57,1,HOLD,0.48,6,False,backfill
2026-08-05T14:54:55.736369+09:00,2026-08-05,IDXX,"IDEXX Laboratories, Inc.",US,제약/바이오,2026-08-04,588.09,1561700,656585.0,19.4121,,77,60,53,29,59,1,HOLD,0.47,6,False,backfill
2026-08-05T14:54:55.736369+09:00,2026-08-05,JD,"JD.com, Inc.",US,소비재,2026-08-04,32.97,4477100,7816220.0,0.6575,,76,55,50,66,62,1,HOLD,0.6,7,False,backfill
2026-08-05T14:54:55.736369+09:00,2026-08-05,ODFL,"Old Dominion Freight Line, Inc.",US,산업재,2026-08-04,219.32,1832900,1747265.0,8.0864,,32,55,45,34,41,0,AVOID,-0.17,-2,True,backfill
2026-08-05T14:54:55.736369+09:00,2026-08-05,SLF,Sun Life Financial Inc.,US,금융,2026-08-04,82.27,744200,570685.0,1.1386,,69,55,53,50,59,0,HOLD,0.51,6,False,backfill
2026-08-05T14:54:55.736369+09:00,2026-08-05,TTWO,"Take-Two Interactive Software, Inc.",US,IT,2026-08-04,240.22,2096600,1775070.0,6.2907,,47,55,43,37,46,0,HOLD,-0.02,0,False,backfill
2026-08-05T14:54:55.736369+09:00,2026-08-05,WDAY,"Workday, Inc.",US,IT,2026-08-04,171.28,3363900,4602960.0,10.3407,,85,55,35,66,61,1,HOLD,0.62,7,False,backfill
2026-08-05T14:54:55.736369+09:00,2026-08-05,IX,ORIX Corporation,US,금융,2026-08-04,40.24,141500,198985.0,0.9336,,66,55,62,60,62,0,HOLD,0.62,7,False,backfill
2026-08-05T14:54:55.736369+09:00,2026-08-05,CRDO,Credo Technology Group Holding Ltd,US,반도체,2026-08-04,237.92,6945100,5878960.0,21.1964,,73,60,43,35,56,1,HOLD,0.47,6,False,backfill
2026-08-05T14:54:55.736369+09:00,2026-08-05,VTR,"Ventas, Inc.",US,리츠,2026-08-04,90.85,3283400,3395815.0,2.6893,,50,55,50,43,50,0,HOLD,0.08,1,False,backfill
2026-08-05T14:54:55.736369+09:00,2026-08-05,MCHP,Microchip Technology Incorporated,US,반도체,2026-08-04,80.67,16079400,10749050.0,4.08,,18,60,35,51,36,0,AVOID,-0.73,-9,True,backfill
2026-08-05T14:54:55.736369+09:00,2026-08-05,CBRE,"CBRE Group, Inc.",US,리츠,2026-08-04,151.05,1778100,1752100.0,4.6014,,81,55,56,66,66,1,HOLD,0.67,8,False,backfill
2026-08-05T14:54:55.736369+09:00,2026-08-05,HUM,Humana Inc.,US,제약/바이오,2026-08-04,362.16,1553400,1555370.0,17.0886,,51,60,50,58,54,0,HOLD,0.31,4,False,backfill
2026-08-05T14:54:55.736369+09:00,2026-08-05,CMG,"Chipotle Mexican Grill, Inc.",US,소비재,2026-08-04,33.82,51798200,19256270.0,1.6986,,65,55,56,50,58,0,HOLD,0.37,4,False,backfill
2026-08-05T14:54:55.736369+09:00,2026-08-05,RKLB,"Rocket Lab USA, Inc.",US,산업재,2026-08-04,74.48,19421300,18448365.0,5.8158,,65,55,40,19,49,0,HOLD,-0.04,0,False,backfill
2026-08-05T14:54:55.736369+09:00,2026-08-05,HLN,Haleon plc,US,제약/바이오,2026-08-04,9.7161,9146900,11160445.0,0.2391,,47,60,50,58,52,0,HOLD,0.14,2,False,backfill
2026-08-05T14:54:55.736369+09:00,2026-08-05,UAL,"United Airlines Holdings, Inc.",US,산업재,2026-08-04,132.62,3766400,4495175.0,4.9729,,92,55,35,63,63,1,HOLD,0.71,9,False,backfill
2026-08-05T14:54:55.736369+09:00,2026-08-05,FMX,"Fomento Económico Mexicano, S.A.B. de C.",US,소매,2026-08-04,126.28,488900,540335.0,4.5693,,47,55,53,53,51,0,HOLD,0.11,1,False,backfill
2026-08-05T14:54:55.736369+09:00,2026-08-05,PRU,"Prudential Financial, Inc.",US,금융,2026-08-04,123.54,2035500,1821015.0,2.395,,80,55,48,68,64,1,HOLD,0.7,8,False,backfill
2026-08-05T14:54:55.736369+09:00,2026-08-05,PFH,"Prudential Financial, Inc. 4.125% Junior",US,금융,2026-08-04,15.7089,45400,34230.0,0.1209,,17,55,58,50,42,0,AVOID,-0.39,-5,True,backfill
2026-08-05T14:54:55.736369+09:00,2026-08-05,LYV,"Live Nation Entertainment, Inc.",US,인터넷,2026-08-04,183.7,3043800,2100185.0,5.0029,,69,60,35,22,50,0,HOLD,0.28,3,False,backfill
2026-08-05T14:54:55.736369+09:00,2026-08-05,CLS,Celestica Inc.,US,IT,2026-08-04,371.15,3078100,2691690.0,29.3979,,69,55,43,50,56,0,HOLD,0.08,1,False,backfill
2026-08-05T14:54:55.736369+09:00,2026-08-05,BSBR,Banco Santander (Brasil) S.A.,US,금융,2026-08-04,5.68,3821900,2498750.0,0.1828,,85,55,50,86,69,2,WATCH,0.64,8,False,backfill
2026-08-05T14:54:55.736369+09:00,2026-08-05,WDS,Woodside Energy Group Ltd,US,에너지,2026-08-04,22.42,683800,757665.0,0.63,,87,55,53,60,66,1,HOLD,0.56,7,False,backfill
2026-08-05T14:54:55.736369+09:00,2026-08-05,KDP,Keurig Dr Pepper Inc.,US,소매,2026-08-04,31.1,13077000,12129815.0,0.805,,76,55,48,50,59,1,HOLD,0.49,6,False,backfill
2026-08-05T14:54:55.736369+09:00,2026-08-05,FNV,Franco-Nevada Corporation,US,소재,2026-08-04,218.86,783700,697800.0,6.7921,,72,55,50,58,60,1,HOLD,0.34,4,False,backfill
2026-08-05T14:54:55.736369+09:00,2026-08-05,PAYX,"Paychex, Inc.",US,산업재,2026-08-04,118.66,2989100,3260250.0,4.2378,,95,55,35,50,62,1,HOLD,0.71,9,False,backfill
2026-08-05T14:54:55.736369+09:00,2026-08-05,KB,KB Financial Group Inc.,US,금융,2026-08-04,119.98,297000,317780.0,3.7664,,62,55,50,86,61,1,HOLD,0.46,6,False,backfill
2026-08-05T14:54:55.736369+09:00,2026-08-05,DHI,"D.R. Horton, Inc.",US,소비재,2026-08-04,149.9232,2159300,2704055.0,4.9574,,65,55,50,68,59,0,HOLD,0.35,4,False,backfill
2026-08-05T14:54:55.736369+09:00,2026-08-05,AIG,"American International Group, Inc.",US,금융,2026-08-04,79.32,2875500,3268795.0,1.6836,,65,55,45,76,59,1,HOLD,0.31,4,False,backfill
2026-08-05T14:54:55.736369+09:00,2026-08-05,WCN,"Waste Connections, Inc.",US,산업재,2026-08-04,165.2177,1574300,1354175.0,4.2353,,50,55,38,50,47,0,HOLD,-0.02,0,False,backfill
2026-08-05T14:54:55.736369+09:00,2026-08-05,MSCI,MSCI Inc.,US,금융,2026-08-04,569.4334,827900,744045.0,20.3664,,25,55,57,50,44,0,AVOID,-0.26,-3,True,backfill
2026-08-05T14:54:55.736369+09:00,2026-08-05,AU,AngloGold Ashanti plc,US,소재,2026-08-04,81.5,2635300,2555970.0,3.6714,,65,55,53,94,64,1,HOLD,0.31,4,False,backfill
2026-08-05T14:54:55.736369+09:00,2026-08-05,RVMD,"Revolution Medicines, Inc.",US,제약/바이오,2026-08-04,193.46,1614200,1851805.0,8.3124,,65,60,43,42,54,0,HOLD,0.38,5,False,backfill
2026-08-05T14:54:55.736369+09:00,2026-08-05,YUM,"Yum! Brands, Inc.",US,소비재,2026-08-04,147.68,2548400,2883715.0,5.035,,36,55,38,50,42,0,AVOID,-0.33,-4,True,backfill
2026-08-05T14:54:55.736369+09:00,2026-08-05,CCJ,Cameco Corporation,US,에너지,2026-08-04,93.09,3996800,3947250.0,4.0429,,55,55,53,43,53,0,HOLD,-0.09,-1,False,backfill
2026-08-05T14:54:55.736369+09:00,2026-08-05,CCL,Carnival Corporation & plc,US,소비재,2026-08-04,29.4358,22467200,19182730.0,1.004,,63,55,53,60,58,0,HOLD,0.48,6,False,backfill
2026-08-05T14:54:55.736369+09:00,2026-08-05,HMC,"Honda Motor Co., Ltd.",US,소비재,2026-08-04,30.12,1394300,1096105.0,0.6436,,83,55,53,55,64,1,HOLD,0.75,9,False,backfill
2026-08-05T14:54:55.736369+09:00,2026-08-05,TEVA,Teva Pharmaceutical Industries Limited,US,제약/바이오,2026-08-04,34.43,4924500,5721240.0,1.2564,,72,60,40,66,59,1,HOLD,0.28,3,False,backfill
2026-08-05T14:54:55.736369+09:00,2026-08-05,ED,"Consolidated Edison, Inc.",US,유틸리티,2026-08-04,108.41,2432500,2135340.0,2.4736,,46,55,55,50,51,0,HOLD,0.03,0,False,backfill
2026-08-05T14:54:55.736369+09:00,2026-08-05,RKT,"Rocket Companies, Inc.",US,금융,2026-08-04,14.11,26861600,28851485.0,0.7368,,43,55,53,68,52,0,HOLD,0.03,0,False,backfill
2026-08-05T14:54:55.736369+09:00,2026-08-05,ESLT,Elbit Systems Ltd.,US,산업재,2026-08-04,849.27,79900,73375.0,25.7557,,54,55,53,30,50,0,HOLD,0.05,1,False,backfill
2026-08-05T14:54:55.736369+09:00,2026-08-05,COIN,"Coinbase Global, Inc.",US,금융,2026-08-04,150.73,7289000,7506310.0,10.7,,21,55,46,50,40,0,AVOID,-0.61,-7,True,backfill
2026-08-05T14:54:55.736369+09:00,2026-08-05,ROP,"Roper Technologies, Inc.",US,IT,2026-08-04,392.76,922000,894630.0,16.8521,,84,55,53,68,66,1,HOLD,0.74,9,False,backfill
2026-08-05T14:54:55.736369+09:00,2026-08-05,SYY,Sysco Corporation,US,소매,2026-08-04,82.79,8141100,3464585.0,2.26,,54,55,55,58,55,0,HOLD,0.36,4,False,backfill
2026-08-05T14:54:55.736369+09:00,2026-08-05,NTRA,"Natera, Inc.",US,제약/바이오,2026-08-04,275.19,1922900,1104750.0,11.4337,,66,60,38,50,54,0,HOLD,0.37,4,False,backfill
2026-08-05T14:54:55.736369+09:00,2026-08-05,A,"Agilent Technologies, Inc.",US,제약/바이오,2026-08-04,139.2,1623700,2158990.0,4.2393,,91,60,53,58,68,1,HOLD,0.9,11,False,backfill
2026-08-05T14:54:55.736369+09:00,2026-08-05,HIG,"The Hartford Insurance Group, Inc.",US,금융,2026-08-04,142.05,2226200,1734905.0,3.4243,,69,55,50,86,63,1,HOLD,0.51,6,False,backfill
2026-08-05T14:54:55.736369+09:00,2026-08-05,ADM,Archer-Daniels-Midland Company,US,소매,2026-08-04,79.87,5073800,3630785.0,2.255,,43,55,50,58,50,0,HOLD,-0.01,0,False,backfill
2026-08-05T14:54:55.736369+09:00,2026-08-05,BIDU,"Baidu, Inc.",US,인터넷,2026-08-04,112.58,2024400,2161155.0,3.3693,,65,60,50,86,63,1,HOLD,0.26,3,False,backfill
2026-08-05T14:54:55.736369+09:00,2026-08-05,NWG,NatWest Group plc,US,금융,2026-08-04,18.8013,5810800,4344775.0,0.4797,,92,55,50,70,69,2,WATCH,0.89,11,False,backfill
2026-08-05T14:54:55.736369+09:00,2026-08-05,PEG,Public Service Enterprise Group Incorpor,US,유틸리티,2026-08-04,76.27,7069600,3073690.0,1.6757,,20,55,43,47,38,0,AVOID,-0.52,-6,True,backfill
2026-08-05T14:54:55.736369+09:00,2026-08-05,STLD,"Steel Dynamics, Inc.",US,소재,2026-08-04,265.1,1659400,1186775.0,8.9329,,58,55,38,53,51,0,HOLD,0.19,2,False,backfill
2026-08-05T14:54:55.736369+09:00,2026-08-05,IQV,IQVIA Holdings Inc.,US,제약/바이오,2026-08-04,228.2,1471700,1485625.0,9.4936,,88,60,43,74,67,2,WATCH,0.81,10,False,backfill
2026-08-05T14:54:55.736369+09:00,2026-08-05,KVUE,Kenvue Inc.,US,소매,2026-08-04,19.3345,23595500,19797935.0,0.4744,,69,55,45,58,57,0,HOLD,0.46,6,False,backfill
2026-08-05T14:54:55.736369+09:00,2026-08-05,NTAP,"NetApp, Inc.",US,IT,2026-08-04,190.46,3765900,2569030.0,6.7507,,77,55,40,50,57,1,HOLD,0.51,6,False,backfill
2026-08-05T14:54:55.736369+09:00,2026-08-05,IRM,Iron Mountain Incorporated,US,리츠,2026-08-04,125.51,2511100,2059620.0,4.8914,,65,55,43,35,52,0,HOLD,0.07,1,False,backfill
2026-08-05T14:54:55.736369+09:00,2026-08-05,KMB,Kimberly-Clark Corporation,US,소매,2026-08-04,111.57,8623300,3963185.0,3.2443,,69,55,50,50,58,0,HOLD,0.5,6,False,backfill
2026-08-05T14:54:55.736369+09:00,2026-08-05,VMC,Vulcan Materials Company,US,소재,2026-08-04,284.5713,1237200,1108935.0,9.61,,43,55,45,58,48,0,HOLD,-0.11,-1,False,backfill
2026-08-05T14:54:55.736369+09:00,2026-08-05,BBD,Banco Bradesco S.A.,US,금융,2026-08-04,3.486,28067400,29290320.0,0.0892,,46,55,53,78,55,1,HOLD,0.01,0,False,backfill
2026-08-05T14:54:55.736369+09:00,2026-08-05,PUK,Prudential plc,US,금융,2026-08-04,29.51,1097000,943470.0,0.7443,,73,55,50,73,62,2,WATCH,0.41,5,False,backfill
2026-08-05T14:54:55.736369+09:00,2026-08-05,MTB,M&T Bank Corporation,US,금융,2026-08-04,253.06,1013600,1224250.0,4.6121,,69,55,46,60,58,0,HOLD,0.49,6,False,backfill
2026-08-05T14:54:55.736369+09:00,2026-08-05,HSY,The Hershey Company,US,소매,2026-08-04,177.6432,1688900,1809685.0,4.8058,,72,55,40,58,57,1,HOLD,0.23,3,False,backfill
2026-08-05T14:54:55.736369+09:00,2026-08-05,EME,"EMCOR Group, Inc.",US,산업재,2026-08-04,819.88,450900,500755.0,38.5586,,69,55,53,50,59,0,HOLD,0.17,2,False,backfill
2026-08-05T14:54:55.736369+09:00,2026-08-05,VOD,Vodafone Group Public Limited Company,US,인터넷,2026-08-04,15.69,7210500,5275810.0,0.4336,,95,60,45,86,72,2,WATCH,0.79,9,False,backfill
2026-08-05T14:54:55.736369+09:00,2026-08-05,EXPE,"Expedia Group, Inc.",US,소비재,2026-08-04,312.06,2207200,1561525.0,12.3529,,82,55,45,66,63,1,HOLD,0.69,8,False,backfill
2026-08-05T14:54:55.736369+09:00,2026-08-05,JBL,Jabil Inc.,US,IT,2026-08-04,339.9265,999900,1074130.0,16.6957,,69,55,43,50,56,0,HOLD,0.24,3,False,backfill
2026-08-05T14:54:55.736369+09:00,2026-08-05,WEC,"WEC Energy Group, Inc.",US,유틸리티,2026-08-04,108.3059,1983400,1956855.0,2.3545,,28,55,50,42,42,0,AVOID,-0.36,-4,True,backfill
2026-08-05T14:54:55.736369+09:00,2026-08-05,MDLN,Medline Inc.,US,제약/바이오,2026-08-04,42.04,7726600,5303895.0,1.6271,,72,60,43,58,59,1,HOLD,0.24,3,False,backfill
2026-08-05T14:54:55.736369+09:00,2026-08-05,HBAN,Huntington Bancshares Incorporated,US,금융,2026-08-04,17.56,29157500,25970505.0,0.415,,47,55,45,68,51,0,HOLD,0.11,1,False,backfill
2026-08-05T14:54:55.736369+09:00,2026-08-05,KR,The Kroger Co.,US,소매,2026-08-04,57.3962,6726400,7390750.0,1.7076,,50,55,53,66,54,0,HOLD,-0.05,-1,False,backfill
2026-08-05T14:54:55.736369+09:00,2026-08-05,BBDO,Banco Bradesco S.A.,US,금융,2026-08-04,3.247,84700,96890.0,0.1085,,73,55,55,80,65,2,WATCH,0.45,5,False,backfill
2026-08-05T14:54:55.736369+09:00,2026-08-05,IR,Ingersoll Rand Inc.,US,산업재,2026-08-04,89.4389,4590300,4489600.0,3.2152,,71,55,45,66,59,1,HOLD,0.53,6,False,backfill
2026-08-05T14:54:55.736369+09:00,2026-08-05,PPLC,PPL Corporation,US,유틸리티,2026-08-04,46.85,107200,200980.0,0.6865,,31,55,55,50,46,0,HOLD,-0.23,-3,False,backfill
2026-08-05T14:54:55.736369+09:00,2026-08-05,ACGL,Arch Capital Group Ltd.,US,금융,2026-08-04,99.52,1949000,1844905.0,2.81,,47,55,53,78,55,1,HOLD,0.2,2,False,backfill
2026-08-05T14:54:55.736369+09:00,2026-08-05,ALC,Alcon Inc.,US,제약/바이오,2026-08-04,70.99,1656200,2233435.0,1.5421,,77,60,53,50,62,1,HOLD,0.42,5,False,backfill
2026-08-05T14:54:55.736369+09:00,2026-08-05,ONC,BeOne Medicines AG,US,제약/바이오,2026-08-04,323.01,385300,376350.0,9.5031,,70,60,40,43,55,1,HOLD,0.33,4,False,backfill
2026-08-05T14:54:55.736369+09:00,2026-08-05,VEEV,Veeva Systems Inc.,US,IT,2026-08-04,211.86,1476100,1531530.0,8.3107,,80,55,50,66,64,1,HOLD,0.71,9,False,backfill
2026-08-05T14:54:55.736369+09:00,2026-08-05,RJF,"Raymond James Financial, Inc.",US,금융,2026-08-04,178.57,966900,1266465.0,3.8557,,88,55,45,68,66,1,HOLD,0.75,9,False,backfill
2026-08-05T14:54:55.736369+09:00,2026-08-05,CCI,Crown Castle Inc.,US,리츠,2026-08-04,77.66,4050500,4300135.0,2.6686,,65,55,53,58,58,0,HOLD,0.15,2,False,backfill
2026-08-05T14:54:55.736369+09:00,2026-08-05,UI,Ubiquiti Inc.,US,IT,2026-08-04,560.0,112000,84100.0,19.5772,,59,55,50,42,53,0,HOLD,-0.07,-1,False,backfill
2026-08-05T14:54:55.736369+09:00,2026-08-05,SHG,"Shinhan Financial Group Co., Ltd.",US,금융,2026-08-04,71.67,190300,241520.0,2.095,,62,55,50,83,60,1,HOLD,0.39,5,False,backfill
2026-08-05T14:54:55.736369+09:00,2026-08-05,ERIC,Telefonaktiebolaget LM Ericsson (publ),US,IT,2026-08-04,10.27,10158900,17465925.0,0.2271,,73,55,45,78,62,2,WATCH,0.22,3,False,backfill
2026-08-05T14:54:55.736369+09:00,2026-08-05,EC,Ecopetrol S.A.,US,에너지,2026-08-04,16.31,2822100,2357705.0,0.5543,,84,55,45,96,68,2,WATCH,0.82,10,False,backfill
2026-08-05T14:54:55.736369+09:00,2026-08-05,MLM,"Martin Marietta Materials, Inc.",US,소재,2026-08-04,555.82,646500,604050.0,18.12,,28,55,48,58,44,0,AVOID,-0.37,-4,True,backfill
2026-08-05T14:54:55.736369+09:00,2026-08-05,NTRS,Northern Trust Corporation,US,금융,2026-08-04,182.41,1040300,1123535.0,4.4529,,44,55,53,60,51,0,HOLD,0.2,2,False,backfill
2026-08-05T14:54:55.736369+09:00,2026-08-05,EQT,EQT Corporation,US,에너지,2026-08-04,52.605,6022900,7656690.0,1.4661,,72,55,45,68,60,1,HOLD,0.22,3,False,backfill
2026-08-05T14:54:55.736369+09:00,2026-08-05,SUNB,Sunbelt Rentals Holdings Inc,US,산업재,2026-08-04,80.43,2596800,2206090.0,2.8864,,73,55,35,66,57,1,HOLD,0.37,4,False,backfill
2026-08-05T14:54:55.736369+09:00,2026-08-05,DXCM,"DexCom, Inc.",US,제약/바이오,2026-08-04,86.94,6123700,5112655.0,3.345,,82,60,40,42,59,1,HOLD,0.59,7,False,backfill
2026-08-05T14:54:55.736369+09:00,2026-08-05,CHT,"Chunghwa Telecom Co., Ltd.",US,인터넷,2026-08-04,41.89,185900,186315.0,0.5536,,36,60,50,50,47,0,HOLD,-0.11,-1,False,backfill
2026-08-05T14:54:55.736369+09:00,2026-08-05,RMD,ResMed Inc.,US,제약/바이오,2026-08-04,223.14,1742500,1301265.0,6.5993,,71,60,53,50,60,1,HOLD,0.5,6,False,backfill
2026-08-05T14:54:55.736369+09:00,2026-08-05,MSTR,Strategy Inc,US,IT,2026-08-04,97.65,15220800,15293980.0,5.795,,55,55,43,60,52,0,HOLD,-0.13,-2,False,backfill
2026-08-05T14:54:55.736369+09:00,2026-08-05,NTR,Nutrien Ltd.,US,소재,2026-08-04,66.92,3024800,2190540.0,1.8221,,43,55,50,68,51,0,HOLD,-0.17,-2,False,backfill
2026-08-05T14:54:55.736369+09:00,2026-08-05,CQP,"Cheniere Energy Partners, L.P.",US,에너지,2026-08-04,65.1805,110700,100300.0,2.0189,,87,55,56,47,65,1,HOLD,0.62,7,False,backfill
2026-08-05T14:54:55.736369+09:00,2026-08-05,STRC,Strategy Inc,US,IT,2026-08-04,92.0469,1798100,1219040.0,2.2745,,64,55,48,60,57,0,HOLD,0.19,2,False,backfill
2026-08-05T14:54:55.736369+09:00,2026-08-05,ZTS,Zoetis Inc.,US,제약/바이오,2026-08-04,76.04,7601400,5573635.0,2.2874,,62,60,62,60,61,0,HOLD,0.2,2,False,backfill
2026-08-05T14:54:55.736369+09:00,2026-08-05,TDY,Teledyne Technologies Incorporated,US,IT,2026-08-04,684.76,501000,451620.0,22.9693,,86,55,53,58,66,1,HOLD,0.71,9,False,backfill
2026-08-05T14:54:55.736369+09:00,2026-08-05,GEHC,GE HealthCare Technologies Inc.,US,제약/바이오,2026-08-04,70.26,3427200,6038950.0,2.6482,,81,60,65,60,69,1,HOLD,0.9,11,False,backfill
2026-08-05T14:54:55.736369+09:00,2026-08-05,EXR,Extra Space Storage Inc.,US,리츠,2026-08-04,149.86,1209100,1338245.0,3.9007,,91,55,56,45,66,1,HOLD,0.77,9,False,backfill
2026-08-05T14:54:55.736369+09:00,2026-08-05,CNC,Centene Corp.,US,제약/바이오,2026-08-04,64.07,6025600,5079830.0,2.8457,,51,60,53,68,56,0,HOLD,0.38,5,False,backfill
2026-08-05T14:54:55.736369+09:00,2026-08-05,KHC,The Kraft Heinz Company,US,소매,2026-08-04,26.64,16254300,13088065.0,0.8135,,73,55,48,86,64,2,WATCH,0.66,8,False,backfill
2026-08-05T14:54:55.736369+09:00,2026-08-05,WTW,Willis Towers Watson Public Limited Comp,US,금융,2026-08-04,339.63,637100,590055.0,9.975,,70,55,50,58,59,1,HOLD,0.54,6,False,backfill
2026-08-05T14:54:55.736369+09:00,2026-08-05,TPR,"Tapestry, Inc.",US,소비재,2026-08-04,155.97,1649900,2146510.0,4.365,,78,55,50,50,61,1,HOLD,0.57,7,False,backfill
2026-08-05T14:54:55.736369+09:00,2026-08-05,CASY,"Casey's General Stores, Inc.",US,소비재,2026-08-04,850.66,376400,337355.0,24.801,,50,55,46,37,48,0,HOLD,-0.07,-1,False,backfill
2026-08-05T14:54:55.736369+09:00,2026-08-05,EL,The Estée Lauder Companies Inc.,US,소매,2026-08-04,86.97,3233300,2169335.0,2.4729,,68,55,50,50,57,0,HOLD,0.36,4,False,backfill
2026-08-05T14:54:55.736369+09:00,2026-08-05,ON,ON Semiconductor Corporation,US,반도체,2026-08-04,80.78,24702400,10219460.0,5.1729,,18,60,53,66,44,0,AVOID,-0.49,-6,True,backfill
2026-08-05T14:54:55.736369+09:00,2026-08-05,VG,"Venture Global, Inc.",US,에너지,2026-08-04,12.84,11334400,16538595.0,0.8393,,43,55,38,60,46,0,HOLD,-0.17,-2,False,backfill
2026-08-05T14:54:55.736369+09:00,2026-08-05,TECK,Teck Resources Limited,US,소재,2026-08-04,64.74,4529300,3783110.0,2.5714,,73,55,45,63,60,1,HOLD,0.51,6,False,backfill
2026-08-05T14:54:55.736369+09:00,2026-08-05,RYAAY,Ryanair Holdings plc,US,산업재,2026-08-04,60.19,849300,1775085.0,2.1729,,29,55,40,47,40,0,AVOID,-0.23,-3,True,backfill
2026-08-05T14:54:55.736369+09:00,2026-08-05,CFG,"Citizens Financial Group, Inc.",US,금융,2026-08-04,73.68,3430300,4804970.0,1.8343,,66,55,53,68,60,0,HOLD,0.55,7,False,backfill
2026-08-05T14:54:55.736369+09:00,2026-08-05,BAP,Credicorp Ltd.,US,금융,2026-08-04,392.12,316400,282425.0,11.3393,,61,55,45,63,55,0,HOLD,0.38,5,False,backfill
2026-08-05T14:54:55.736369+09:00,2026-08-05,TS,Tenaris S.A.,US,에너지,2026-08-04,57.96,953900,1026720.0,1.3786,,65,55,45,55,56,0,HOLD,0.12,1,False,backfill
2026-08-05T14:54:55.736369+09:00,2026-08-05,BIIB,Biogen Inc.,US,제약/바이오,2026-08-04,208.45,1205400,1458615.0,7.735,,91,60,56,53,69,1,HOLD,0.85,10,False,backfill
2026-08-05T14:54:55.736369+09:00,2026-08-05,RDDT,"Reddit, Inc.",US,인터넷,2026-08-04,159.97,6155500,5989530.0,14.1124,,43,60,35,50,45,0,HOLD,-0.28,-3,False,backfill
2026-08-05T14:54:55.736369+09:00,2026-08-05,ILMN,"Illumina, Inc.",US,제약/바이오,2026-08-04,203.01,3104200,1893960.0,8.1121,,92,60,43,37,63,1,HOLD,0.74,9,False,backfill
2026-08-05T14:54:55.736369+09:00,2026-08-05,MDB,"MongoDB, Inc.",US,IT,2026-08-04,380.04,2053400,1355805.0,17.7232,,77,55,43,34,56,1,HOLD,0.48,6,False,backfill
2026-08-05T14:54:55.736369+09:00,2026-08-05,GFI,Gold Fields Limited,US,소재,2026-08-04,34.11,3566000,3495335.0,1.2221,,62,55,55,73,60,1,HOLD,0.14,2,False,backfill
2026-08-05T14:54:55.736369+09:00,2026-08-05,SYM,Symbotic Inc.,US,산업재,2026-08-04,47.46,1910400,1449030.0,2.1683,,59,55,43,27,49,0,HOLD,-0.19,-2,False,backfill
2026-08-05T14:54:55.736369+09:00,2026-08-05,TCOM,Trip.com Group Limited,US,소비재,2026-08-04,46.84,4034100,3254355.0,1.3536,,72,55,53,70,63,2,WATCH,0.3,4,False,backfill
2026-08-05T14:54:55.736369+09:00,2026-08-05,AEE,Ameren Corporation,US,유틸리티,2026-08-04,109.44,1698400,1504940.0,2.3821,,46,55,53,42,49,0,HOLD,-0.03,0,False,backfill
2026-08-05T14:54:55.736369+09:00,2026-08-05,JBS,Jbs N.V.,US,소매,2026-08-04,13.61,4551000,4761650.0,0.4539,,70,55,50,70,61,2,WATCH,0.26,3,False,backfill
2026-08-05T14:54:55.736369+09:00,2026-08-05,CPNG,"Coupang, Inc.",US,소비재,2026-08-04,16.78,26907900,19359415.0,0.6007,,55,55,56,50,55,0,HOLD,-0.03,0,False,backfill
2026-08-05T14:54:55.736369+09:00,2026-08-05,ZM,"Zoom Communications, Inc.",US,IT,2026-08-04,102.12,3653500,3228535.0,3.4654,,69,55,40,63,57,0,HOLD,0.16,2,False,backfill
2026-08-05T14:54:55.736369+09:00,2026-08-05,LVS,Las Vegas Sands Corp.,US,소비재,2026-08-04,46.02,6876100,5567005.0,1.3498,,57,55,45,68,55,0,HOLD,-0.01,0,False,backfill
2026-08-05T14:54:55.736369+09:00,2026-08-05,FISV,"Fiserv, Inc.",US,IT,2026-08-04,55.78,13576100,6931900.0,1.7779,,69,55,93,78,75,2,WATCH,0.82,10,False,backfill
2026-08-05T14:54:55.736369+09:00,2026-08-05,Q,"Qnity Electronics, Inc.",US,반도체,2026-08-04,141.67,3113900,1955605.0,7.5024,,65,60,53,50,58,0,HOLD,0.27,3,False,backfill
2026-08-05T14:54:55.736369+09:00,2026-08-05,DTW,DTE Energy Company JR SUB DB 2017 E,US,유틸리티,2026-08-04,19.9267,24800,23295.0,0.1423,,62,55,58,80,62,1,HOLD,0.32,4,False,backfill
2026-08-05T14:54:55.736369+09:00,2026-08-05,DTE,DTE Energy Company,US,유틸리티,2026-08-04,141.72,1500900,1317155.0,3.2157,,43,55,48,50,48,0,HOLD,-0.09,-1,False,backfill
2026-08-05T14:54:55.736369+09:00,2026-08-05,TWLO,Twilio Inc.,US,IT,2026-08-04,194.05,3255700,1734215.0,9.1268,,25,55,35,51,38,0,AVOID,-0.48,-6,True,backfill
2026-08-05T14:54:55.736369+09:00,2026-08-05,WSM,"Williams-Sonoma, Inc.",US,소비재,2026-08-04,248.88,1531400,909910.0,7.7804,,82,55,43,37,58,1,HOLD,0.56,7,False,backfill
2026-08-05T14:54:55.736369+09:00,2026-08-05,ALNY,"Alnylam Pharmaceuticals, Inc.",US,제약/바이오,2026-08-04,219.0,3107600,2393710.0,16.0779,,26,60,35,58,40,0,AVOID,-0.6,-7,True,backfill
2026-08-05T14:54:55.736369+09:00,2026-08-05,VICI,VICI Properties Inc.,US,리츠,2026-08-04,26.59,20792100,9571910.0,0.5739,,65,55,53,70,60,1,HOLD,0.29,3,False,backfill
2026-08-05T14:54:55.736369+09:00,2026-08-05,MTD,Mettler-Toledo International Inc.,US,제약/바이오,2026-08-04,1437.0,178100,169460.0,45.1779,,81,60,50,42,62,1,HOLD,0.61,7,False,backfill
2026-08-05T14:54:55.736369+09:00,2026-08-05,TEAM,Atlassian Corporation,US,IT,2026-08-04,110.31,4584600,3862260.0,7.2943,,76,55,40,58,58,1,HOLD,0.52,6,False,backfill
2026-08-05T14:54:55.736369+09:00,2026-08-05,ATO,Atmos Energy Corporation,US,유틸리티,2026-08-04,172.65,1348100,1006095.0,3.335,,46,55,50,42,48,0,HOLD,-0.15,-2,False,backfill
2026-08-05T14:54:55.736369+09:00,2026-08-05,FTS,Fortis Inc.,US,유틸리티,2026-08-04,56.58,982000,751010.0,0.9086,,46,55,53,42,49,0,HOLD,-0.03,0,False,backfill
2026-08-05T14:54:55.736369+09:00,2026-08-05,AMRZ,Amrize Ltd,US,소재,2026-08-04,51.85,3325600,2724935.0,1.3839,,62,55,65,58,61,0,HOLD,0.35,4,False,backfill
2026-08-05T14:54:55.736369+09:00,2026-08-05,ASTS,"AST SpaceMobile, Inc.",US,인터넷,2026-08-04,70.31,20484200,15528375.0,6.0574,,69,60,38,42,54,0,HOLD,0.32,4,False,backfill
2026-08-05T14:54:55.736369+09:00,2026-08-05,GFS,GLOBALFOUNDRIES Inc.,US,반도체,2026-08-04,52.02,6911400,3829145.0,3.3501,,15,60,35,66,38,0,AVOID,-0.72,-9,True,backfill
2026-08-05T14:54:55.736369+09:00,2026-08-05,XYL,Xylem Inc.,US,산업재,2026-08-04,122.17,1734500,2049810.0,3.7586,,55,55,53,58,55,0,HOLD,0.24,3,False,backfill
2026-08-05T14:54:55.736369+09:00,2026-08-05,NMR,"Nomura Holdings, Inc.",US,금융,2026-08-04,9.74,869000,1084140.0,0.2571,,66,55,50,78,61,1,HOLD,0.56,7,False,backfill
2026-08-05T14:54:55.736369+09:00,2026-08-05,STRF,MicroStrategy Incorporated 10.00% Series,US,IT,2026-08-04,95.7,75300,76590.0,1.6277,,38,55,48,60,48,0,HOLD,-0.15,-2,False,backfill
2026-08-05T14:54:55.736369+09:00,2026-08-05,LPLA,LPL Financial Holdings Inc.,US,금융,2026-08-04,353.9566,1295100,758630.0,9.5566,,81,55,43,66,62,1,HOLD,0.56,7,False,backfill
2026-08-05T14:54:55.736369+09:00,2026-08-05,CRS,Carpenter Technology Corporation,US,소재,2026-08-04,570.13,715500,699740.0,30.7057,,66,55,56,42,57,0,HOLD,0.49,6,False,backfill
2026-08-05T14:54:55.736369+09:00,2026-08-05,DOV,Dover Corporation,US,산업재,2026-08-04,209.93,734200,1238320.0,6.465,,65,55,45,58,56,0,HOLD,0.14,2,False,backfill
2026-08-05T14:54:55.736369+09:00,2026-08-05,PBA,Pembina Pipeline Corporation,US,에너지,2026-08-04,48.38,1411700,917025.0,0.8671,,47,55,53,58,52,0,HOLD,0.13,2,False,backfill
2026-08-05T14:54:55.736369+09:00,2026-08-05,DG,Dollar General Corporation,US,소매,2026-08-04,127.26,1928500,2344535.0,4.4593,,84,55,50,58,64,1,HOLD,0.66,8,False,backfill
2026-08-05T14:54:55.736369+09:00,2026-08-05,OTIS,Otis Worldwide Corporation,US,산업재,2026-08-04,73.1963,3355500,3983685.0,1.9698,,73,55,53,58,61,1,HOLD,0.39,5,False,backfill
2026-08-05T14:54:55.736369+09:00,2026-08-05,KGC,Kinross Gold Corporation,US,소재,2026-08-04,23.6,8301000,7361865.0,0.9193,,55,55,45,78,55,1,HOLD,-0.05,-1,False,backfill
2026-08-05T14:54:55.736369+09:00,2026-08-05,CW,Curtiss-Wright Corporation,US,산업재,2026-08-04,757.31,233900,212090.0,31.0786,,65,55,43,42,53,0,HOLD,0.2,2,False,backfill
2026-08-05T14:54:55.736369+09:00,2026-08-05,FE,FirstEnergy Corp.,US,유틸리티,2026-08-04,47.8061,4586200,4703120.0,0.9258,,47,55,45,50,48,0,HOLD,0.02,0,False,backfill
2026-08-05T14:54:55.736369+09:00,2026-08-05,P,"Everpure, Inc.",US,산업재,2026-08-04,83.92,3726100,2355305.0,4.2611,,63,55,45,35,52,0,HOLD,0.28,3,False,backfill
2026-08-05T14:54:55.736369+09:00,2026-08-05,CINF,Cincinnati Financial Corporation,US,금융,2026-08-04,179.42,525700,953205.0,4.6564,,54,55,48,78,56,1,HOLD,0.33,4,False,backfill
2026-08-05T14:54:55.736369+09:00,2026-08-05,FTI,TechnipFMC plc,US,에너지,2026-08-04,70.02,3229900,3337500.0,2.5571,,43,55,45,58,48,0,HOLD,-0.18,-2,False,backfill
2026-08-05T14:54:55.736369+09:00,2026-08-05,CNP,"CenterPoint Energy, Inc.",US,유틸리티,2026-08-04,41.58,9488900,6549455.0,1.0179,,46,55,50,42,48,0,HOLD,-0.1,-1,False,backfill
2026-08-05T14:54:55.736369+09:00,2026-08-05,DVN,Devon Energy Corporation,US,에너지,2026-08-04,44.05,9813400,9969095.0,1.225,,87,55,48,68,66,1,HOLD,0.42,5,False,backfill
2026-08-05T14:54:55.736369+09:00,2026-08-05,ES,Eversource Energy,US,유틸리티,2026-08-04,72.7,2665800,2280275.0,1.7021,,50,55,53,60,53,0,HOLD,0.19,2,False,backfill
2026-08-05T14:54:55.736369+09:00,2026-08-05,ATI,ATI Inc.,US,산업재,2026-08-04,200.15,1461400,1387955.0,9.5886,,85,55,40,35,58,1,HOLD,0.57,7,False,backfill
2026-08-05T14:54:55.736369+09:00,2026-08-05,TPL,Texas Pacific Land Corporation,US,에너지,2026-08-04,395.52,368200,282500.0,16.4507,,43,55,57,29,47,0,HOLD,-0.17,-2,False,backfill
2026-08-05T14:54:55.736369+09:00,2026-08-05,RF,Regions Financial Corporation,US,금융,2026-08-04,31.95,9040200,10252280.0,0.6293,,59,55,50,60,56,0,HOLD,0.4,5,False,backfill
2026-08-05T14:54:55.736369+09:00,2026-08-05,CPRT,"Copart, Inc.",US,산업재,2026-08-04,29.4,9411200,12026360.0,1.0493,,72,55,45,45,56,1,HOLD,0.12,1,False,backfill
2026-08-05T14:54:55.736369+09:00,2026-08-05,EIX,Edison International,US,유틸리티,2026-08-04,70.69,6084000,2698525.0,2.3979,,43,55,50,65,51,0,HOLD,0.04,0,False,backfill
2026-08-05T14:54:55.736369+09:00,2026-08-05,VRSN,"VeriSign, Inc.",US,IT,2026-08-04,299.2,821300,843130.0,11.25,,88,55,38,50,61,1,HOLD,0.56,7,False,backfill
2026-08-05T14:54:55.736369+09:00,2026-08-05,HAL,Halliburton Company,US,에너지,2026-08-04,32.36,13958700,12459075.0,1.0843,,37,55,35,84,47,1,HOLD,-0.39,-5,False,backfill
2026-08-05T14:54:55.736369+09:00,2026-08-05,AVB,"AvalonBay Communities, Inc.",US,리츠,2026-08-04,189.25,452000,763790.0,3.6429,,43,55,48,53,48,0,HOLD,-0.03,0,False,backfill
2026-08-05T14:54:55.736369+09:00,2026-08-05,TSEM,Tower Semiconductor Ltd.,US,반도체,2026-08-04,239.53,6331100,2130825.0,24.515,,69,60,40,30,53,0,HOLD,0.24,3,False,backfill
2026-08-05T14:54:55.736369+09:00,2026-08-05,AWK,"American Water Works Company, Inc.",US,유틸리티,2026-08-04,133.1245,3673400,2245190.0,3.8551,,62,55,53,42,55,0,HOLD,0.3,4,False,backfill
2026-08-05T14:54:55.736369+09:00,2026-08-05,WRB,W. R. Berkley Corporation,US,금융,2026-08-04,71.39,2436300,2090570.0,1.8329,,54,55,56,63,56,0,HOLD,0.31,4,False,backfill
2026-08-05T14:54:55.736369+09:00,2026-08-05,HUBB,Hubbell Incorporated,US,산업재,2026-08-04,502.24,724235,605707.75,18.8077,,69,55,48,58,58,0,HOLD,0.3,4,False,backfill
2026-08-05T14:54:55.736369+09:00,2026-08-05,PPL,PPL Corporation,US,유틸리티,2026-08-04,35.18,6585100,7176195.0,0.7329,,46,55,45,58,49,0,HOLD,-0.11,-1,False,backfill
2026-08-05T14:54:55.736369+09:00,2026-08-05,RBLX,Roblox Corporation,US,IT,2026-08-04,37.0,26983600,12370830.0,3.6511,,25,55,43,53,41,0,AVOID,-0.58,-7,True,backfill
2026-08-05T14:54:55.736369+09:00,2026-08-05,ZS,"Zscaler, Inc.",US,IT,2026-08-04,163.22,2516200,2381510.0,7.2244,,76,55,40,42,56,1,HOLD,0.47,6,False,backfill
2026-08-05T14:54:55.736369+09:00,2026-08-05,HPQ,HP Inc.,US,IT,2026-08-04,28.82,13699800,15107850.0,1.2971,,82,55,50,65,64,1,HOLD,0.74,9,False,backfill
2026-08-05T14:54:55.736369+09:00,2026-08-05,NVT,nVent Electric plc,US,산업재,2026-08-04,162.24,2768800,2245320.0,9.7901,,65,55,40,50,53,0,HOLD,0.09,1,False,backfill
2026-08-05T14:54:55.736369+09:00,2026-08-05,PPG,"PPG Industries, Inc.",US,소재,2026-08-04,117.0719,1486400,2063065.0,3.9852,,47,55,55,60,53,0,HOLD,0.23,3,False,backfill
2026-08-05T14:54:55.736369+09:00,2026-08-05,FSLR,"First Solar, Inc.",US,IT,2026-08-04,243.63,4251300,2145700.0,11.3743,,73,55,40,74,60,2,WATCH,0.48,6,False,backfill
2026-08-05T14:54:55.736369+09:00,2026-08-05,AFRM,"Affirm Holdings, Inc.",US,금융,2026-08-04,78.12,3066200,3556120.0,3.4316,,62,55,53,51,56,0,HOLD,0.44,5,False,backfill
2026-08-05T14:54:55.736369+09:00,2026-08-05,CPAY,"Corpay, Inc.",US,IT,2026-08-04,396.52,847300,521485.0,11.1386,,92,55,35,74,65,2,WATCH,0.75,9,False,backfill
2026-08-05T14:54:55.736369+09:00,2026-08-05,FOXA,Fox Corporation,US,인터넷,2026-08-04,59.08,5642600,4612060.0,1.5729,,72,60,48,71,62,2,WATCH,0.36,4,False,backfill
2026-08-05T14:54:55.736369+09:00,2026-08-05,PHG,Koninklijke Philips N.V.,US,제약/바이오,2026-08-04,26.47,972300,1377365.0,0.74,,28,60,53,74,49,1,HOLD,-0.07,-1,False,backfill
2026-08-05T14:54:55.736369+09:00,2026-08-05,WAT,Waters Corporation,US,제약/바이오,2026-08-04,396.08,1999900,866445.0,14.6243,,88,60,35,42,60,1,HOLD,0.62,7,False,backfill
2026-08-05T14:54:55.736369+09:00,2026-08-05,DGX,Quest Diagnostics Incorporated,US,제약/바이오,2026-08-04,233.72,903600,1125835.0,7.5114,,80,60,50,58,64,1,HOLD,0.72,9,False,backfill
2026-08-05T14:54:55.736369+09:00,2026-08-05,JBHT,"J.B. Hunt Transport Services, Inc.",US,산업재,2026-08-04,274.0178,860100,1120190.0,9.1403,,47,55,43,58,49,0,HOLD,0.12,1,False,backfill
2026-08-05T14:54:55.736369+09:00,2026-08-05,SYF,Synchrony Financial,US,금융,2026-08-04,78.74,3689900,4268000.0,2.2817,,81,55,38,78,62,2,WATCH,0.54,6,False,backfill
2026-08-05T14:54:55.736369+09:00,2026-08-05,FCNCA,"First Citizens BancShares, Inc.",US,금융,2026-08-04,2251.8201,66500,83825.0,61.7457,,88,55,62,70,71,2,WATCH,0.93,11,False,backfill
2026-08-05T14:54:55.736369+09:00,2026-08-05,QSR,Restaurant Brands International Inc.,US,소비재,2026-08-04,73.88,2196300,2409950.0,1.7489,,43,55,53,58,51,0,HOLD,-0.12,-1,False,backfill
2026-08-05T14:54:55.736369+09:00,2026-08-05,LH,Labcorp Holdings Inc.,US,제약/바이오,2026-08-04,312.34,748500,813750.0,10.445,,80,60,38,58,60,1,HOLD,0.59,7,False,backfill
2026-08-05T14:54:55.736369+09:00,2026-08-05,SW,Smurfit Westrock plc,US,소비재,2026-08-04,48.0816,4433400,5394445.0,2.1982,,95,55,53,58,69,1,HOLD,0.92,11,False,backfill
2026-08-05T14:54:55.736369+09:00,2026-08-05,PHM,"PulteGroup, Inc.",US,소비재,2026-08-04,131.68,1746500,1930425.0,4.55,,91,55,45,60,65,1,HOLD,0.75,9,False,backfill
2026-08-05T14:54:55.736369+09:00,2026-08-05,EQR,Equity Residential,US,리츠,2026-08-04,67.69,2201500,2982060.0,1.3307,,43,55,56,45,50,0,HOLD,0.03,0,False,backfill
2026-08-05T14:54:55.736369+09:00,2026-08-05,CTSH,Cognizant Technology Solutions Corporati,US,IT,2026-08-04,56.13,18716800,9909850.0,2.7321,,58,55,45,94,59,1,HOLD,0.37,4,False,backfill
2026-08-05T14:54:55.736369+09:00,2026-08-05,DLTR,"Dollar Tree, Inc.",US,소매,2026-08-04,130.71,2763200,2531930.0,4.28,,92,55,43,58,65,1,HOLD,0.78,9,False,backfill
2026-08-05T14:54:55.736369+09:00,2026-08-05,VRSK,"Verisk Analytics, Inc.",US,IT,2026-08-04,192.8,1181200,1787440.0,8.4221,,47,55,40,58,48,0,HOLD,0.01,0,False,backfill
2026-08-05T14:54:55.736369+09:00,2026-08-05,ROIV,Roivant Sciences Ltd.,US,제약/바이오,2026-08-04,34.59,5880100,4642845.0,1.2162,,51,60,40,50,49,0,HOLD,0.18,2,False,backfill
2026-08-05T14:54:55.736369+09:00,2026-08-05,KEY,KeyCorp,US,금융,2026-08-04,23.1,7935900,10809415.0,0.4614,,62,55,53,60,58,0,HOLD,0.36,4,False,backfill
2026-08-05T14:54:55.736369+09:00,2026-08-05,TROW,"T. Rowe Price Group, Inc.",US,금융,2026-08-04,115.79,2557300,2168945.0,2.9436,,47,55,45,73,52,1,HOLD,0.19,2,False,backfill
2026-08-05T14:54:55.736369+09:00,2026-08-05,RPRX,Royalty Pharma plc,US,제약/바이오,2026-08-04,57.2493,3684200,2750225.0,1.3309,,54,60,43,50,51,0,HOLD,0.25,3,False,backfill
2026-08-05T14:54:55.736369+09:00,2026-08-05,NRG,"NRG Energy, Inc.",US,유틸리티,2026-08-04,117.04,13780900,2848005.0,8.1376,,18,55,50,51,40,0,AVOID,-0.61,-7,True,backfill
2026-08-05T14:54:55.736369+09:00,2026-08-05,PFG,"Principal Financial Group, Inc.",US,금융,2026-08-04,115.25,1304100,1677470.0,2.6729,,91,55,45,68,67,1,HOLD,0.82,10,False,backfill
2026-08-05T14:54:55.736369+09:00,2026-08-05,OKTA,"Okta, Inc.",US,IT,2026-08-04,147.82,3217500,2857535.0,6.7979,,66,55,35,43,51,0,HOLD,0.28,3,False,backfill
2026-08-05T14:54:55.736369+09:00,2026-08-05,WST,"West Pharmaceutical Services, Inc.",US,제약/바이오,2026-08-04,348.76,482000,836270.0,11.9283,,47,60,53,42,51,0,HOLD,0.2,2,False,backfill
2026-08-05T14:54:55.736369+09:00,2026-08-05,AER,AerCap Holdings N.V.,US,산업재,2026-08-04,154.6646,977800,1030940.0,4.1439,,88,55,43,70,65,2,WATCH,0.66,8,False,backfill
2026-08-05T14:54:55.736369+09:00,2026-08-05,INCY,Incyte Corporation,US,제약/바이오,2026-08-04,120.6,2077700,1932940.0,4.3814,,73,60,46,55,60,1,HOLD,0.57,7,False,backfill
2026-08-05T14:54:55.736369+09:00,2026-08-05,CHD,"Church & Dwight Co., Inc.",US,소매,2026-08-04,102.6869,2197600,1865305.0,2.6519,,88,55,35,53,60,1,HOLD,0.56,7,False,backfill
2026-08-05T14:54:55.736369+09:00,2026-08-05,FWONK,Liberty Media Corporation,US,인터넷,2026-08-04,96.43,2573300,1940720.0,2.7579,,47,60,53,37,50,0,HOLD,0.15,2,False,backfill
2026-08-05T14:54:55.736369+09:00,2026-08-05,SOFI,"SoFi Technologies, Inc.",US,금융,2026-08-04,18.7,61346100,86331615.0,0.9049,,77,55,50,66,63,1,HOLD,0.67,8,False,backfill
2026-08-05T14:54:55.736369+09:00,2026-08-05,AXIA,AXIA Energia S.A.,US,유틸리티,2026-07-17,9.79,2159983,,,,62,55,55,52,57,0,HOLD,0.06,1,False,backfill
2026-08-05T14:54:55.736369+09:00,2026-08-05,L,Loews Corporation,US,금융,2026-08-04,115.98,615900,786260.0,2.1986,,69,55,55,60,61,0,HOLD,0.51,6,False,backfill
2026-08-05T14:54:55.736369+09:00,2026-08-05,LUV,Southwest Airlines Co.,US,산업재,2026-08-04,48.7,5885600,5667845.0,1.8,,66,55,50,58,58,0,HOLD,0.49,6,False,backfill
2026-08-05T14:54:55.736369+09:00,2026-08-05,BRO,"Brown & Brown, Inc.",US,금융,2026-08-04,71.0056,2190200,2886960.0,2.8598,,88,55,58,66,69,1,HOLD,0.91,11,False,backfill
2026-08-05T14:54:55.736369+09:00,2026-08-05,XPO,"XPO Logistics, Inc.",US,산업재,2026-08-04,203.29,1062900,1020025.0,7.7679,,28,55,56,50,45,0,HOLD,-0.24,-3,False,backfill
2026-08-05T14:54:55.736369+09:00,2026-08-05,SN,"SharkNinja, Inc.",US,소비재,2026-08-04,168.19,3445200,1612375.0,5.7348,,82,55,35,50,58,1,HOLD,0.53,6,False,backfill
2026-08-05T14:54:55.736369+09:00,2026-08-05,EXPD,"Expeditors International of Washington, ",US,산업재,2026-08-04,181.48,2765300,1400505.0,4.7186,,62,55,45,37,52,0,HOLD,0.31,4,False,backfill
2026-08-05T14:54:55.736369+09:00,2026-08-05,VLTO,Veralto Corporation,US,산업재,2026-08-04,96.45,1393400,1775165.0,3.0821,,84,55,50,50,63,1,HOLD,0.64,8,False,backfill
2026-08-05T14:54:55.736369+09:00,2026-08-05,DRI,"Darden Restaurants, Inc.",US,소비재,2026-08-04,204.57,1119200,1420910.0,5.7436,,76,55,35,42,54,1,HOLD,0.29,3,False,backfill
2026-08-05T14:54:55.736369+09:00,2026-08-05,MKL,Markel Corporation,US,금융,2026-08-04,1887.65,81100,66760.0,45.2057,,50,55,45,62,51,0,HOLD,0.12,1,False,backfill
2026-08-05T14:54:55.736369+09:00,2026-08-05,ULTA,"Ulta Beauty, Inc.",US,소비재,2026-08-04,543.86,494700,557685.0,15.0,,62,55,50,42,54,0,HOLD,0.2,2,False,backfill
2026-08-05T14:54:55.736369+09:00,2026-08-05,TCPA,TransCanada PipeLines Limited 6,US,에너지,2026-08-04,23.02,31300,32895.0,0.2186,,62,55,55,50,57,0,HOLD,0.22,3,False,backfill
2026-08-05T14:54:55.736369+09:00,2026-08-05,FFIV,"F5, Inc.",US,IT,2026-08-04,412.25,1168100,714505.0,17.2893,,66,55,40,58,55,0,HOLD,0.38,5,False,backfill
2026-08-05T14:54:55.736369+09:00,2026-08-05,IHG,InterContinental Hotels Group PLC,US,소비재,2026-08-04,157.11,270100,274565.0,2.7464,,54,55,50,58,54,0,HOLD,0.26,3,False,backfill
2026-08-05T14:54:55.736369+09:00,2026-08-05,FOX,Fox Corporation,US,인터넷,2026-08-04,52.82,1343200,1200530.0,1.3653,,72,60,56,76,65,2,WATCH,0.46,6,False,backfill
2026-08-05T14:54:55.736369+09:00,2026-08-05,BURL,"Burlington Stores, Inc.",US,소비재,2026-08-04,367.82,749100,630010.0,12.1671,,91,55,43,58,64,1,HOLD,0.76,9,False,backfill
2026-08-05T14:54:55.736369+09:00,2026-08-05,BNTX,BioNTech SE,US,제약/바이오,2026-08-04,91.35,2000000,842430.0,2.5926,,43,60,53,58,52,0,HOLD,-0.03,0,False,backfill
2026-08-05T14:54:55.736369+09:00,2026-08-05,RL,Ralph Lauren Corporation,US,소비재,2026-08-04,377.92,924600,567395.0,12.0964,,32,55,50,58,46,0,HOLD,-0.12,-1,False,backfill
2026-08-05T14:54:55.736369+09:00,2026-08-05,FIS,"Fidelity National Information Services, ",US,IT,2026-08-04,44.26,16458500,6492340.0,1.9157,,80,55,58,94,70,2,WATCH,0.64,8,False,backfill
2026-08-05T14:54:55.736369+09:00,2026-08-05,KOF,"Coca-Cola FEMSA, S.A.B. de C.V.",US,소매,2026-08-04,108.48,112000,150045.0,2.8414,,72,55,53,55,60,1,HOLD,0.43,5,False,backfill
2026-08-05T14:54:55.736369+09:00,2026-08-05,FTAI,FTAI Aviation Ltd.,US,산업재,2026-08-04,221.4681,1580700,1790870.0,16.4703,,73,55,45,34,55,1,HOLD,0.13,2,False,backfill
2026-08-05T14:54:55.736369+09:00,2026-08-05,PKG,Packaging Corporation of America,US,소비재,2026-08-04,255.48,447500,745335.0,8.2193,,81,55,53,58,64,1,HOLD,0.73,9,False,backfill
2026-08-05T14:54:55.736369+09:00,2026-08-05,STE,STERIS plc,US,제약/바이오,2026-08-04,232.85,910700,739450.0,5.9064,,84,60,43,58,63,1,HOLD,0.63,8,False,backfill
2026-08-05T14:54:55.736369+09:00,2026-08-05,MRNA,"Moderna, Inc.",US,제약/바이오,2026-08-04,56.99,4000100,5332480.0,3.2454,,40,60,40,58,47,0,HOLD,0.05,1,False,backfill
2026-08-05T14:54:55.736369+09:00,2026-08-05,FICO,Fair Isaac Corporation,US,IT,2026-08-04,1046.99,491700,350500.0,73.5257,,43,55,53,66,52,0,HOLD,0.0,0,False,backfill
2026-08-05T14:54:55.736369+09:00,2026-08-05,CMSA,CMS Energy Corporation 5.6% JRSUB NT 78,US,유틸리티,2026-08-04,20.885,12300,14105.0,0.1252,,25,55,55,70,47,1,HOLD,-0.24,-3,False,backfill
2026-08-05T14:54:55.736369+09:00,2026-08-05,CMS,CMS Energy Corporation,US,유틸리티,2026-08-04,71.1558,4593600,3782125.0,1.5397,,28,55,45,42,41,0,AVOID,-0.4,-5,True,backfill
2026-08-05T14:54:55.736369+09:00,2026-08-05,STZ,"Constellation Brands, Inc.",US,소매,2026-08-04,131.42,1849400,2030580.0,3.1266,,65,55,50,68,59,0,HOLD,0.15,2,False,backfill
2026-08-05T14:54:55.736369+09:00,2026-08-05,OMC,Omnicom Group Inc.,US,인터넷,2026-08-04,81.81,3726900,3323000.0,3.3271,,62,60,50,46,56,0,HOLD,0.31,4,False,backfill
2026-08-05T14:54:55.736369+09:00,2026-08-05,IP,International Paper Company,US,소재,2026-08-04,41.8336,4351400,5925515.0,1.8574,,88,55,45,60,64,1,HOLD,0.75,9,False,backfill
2026-08-05T14:54:55.736369+09:00,2026-08-05,FCNCN,"First Citizens BancShares, Inc. Deposita",US,금융,2026-08-04,24.8,10900,26125.0,0.15,,30,55,55,50,46,0,HOLD,-0.18,-2,False,backfill
2026-08-05T14:54:55.736369+09:00,2026-08-05,IOT,Samsara Inc.,US,IT,2026-08-04,38.6,5131000,5410835.0,2.4413,,88,55,40,35,59,1,HOLD,0.61,7,False,backfill
2026-08-05T14:54:55.736369+09:00,2026-08-05,WWD,"Woodward, Inc.",US,산업재,2026-08-04,373.67,767900,687535.0,16.9936,,40,55,40,34,42,0,AVOID,-0.24,-3,True,backfill
2026-08-05T14:54:55.736369+09:00,2026-08-05,FWONA,Formula One Group,US,인터넷,2026-08-04,88.52,151900,169155.0,2.2536,,47,60,53,45,51,0,HOLD,0.18,2,False,backfill
2026-08-05T14:54:55.736369+09:00,2026-08-05,ENTG,"Entegris, Inc.",US,반도체,2026-08-04,144.56,4417900,3005665.0,10.1918,,65,60,46,43,55,0,HOLD,0.17,2,False,backfill
2026-08-05T14:54:55.736369+09:00,2026-08-05,UTHR,United Therapeutics Corporation,US,제약/바이오,2026-08-04,518.68,522100,404750.0,10.9036,,28,60,35,50,40,0,AVOID,-0.52,-6,True,backfill
2026-08-05T14:54:55.736369+09:00,2026-08-05,DOW,Dow Inc.,US,소재,2026-08-04,30.33,9348800,10433850.0,1.236,,55,55,30,55,48,0,HOLD,-0.29,-3,False,backfill
2026-08-05T14:54:55.736369+09:00,2026-08-05,GPN,Global Payments Inc.,US,금융,2026-08-04,88.25,4048700,3176430.0,3.2636,,95,55,45,66,68,1,HOLD,0.87,10,False,backfill
2026-08-05T14:54:55.736369+09:00,2026-08-05,ROKU,"Roku, Inc.",US,인터넷,2026-08-04,147.33,4102900,2668840.0,1.5955,,66,60,46,35,54,0,HOLD,0.4,5,False,backfill
2026-08-05T14:54:55.736369+09:00,2026-08-05,MTZ,"MasTec, Inc.",US,산업재,2026-08-04,271.71,1565600,1504550.0,24.7079,,26,55,48,42,41,0,AVOID,-0.55,-7,True,backfill
2026-08-05T14:54:55.736369+09:00,2026-08-05,USFD,US Foods Holding Corp.,US,소매,2026-08-04,99.04,3116200,2417640.0,2.7511,,69,55,45,66,59,0,HOLD,0.41,5,False,backfill
2026-08-05T14:54:55.736369+09:00,2026-08-05,AMCR,Amcor plc,US,소비재,2026-08-04,47.14,2910700,3685560.0,1.3643,,92,55,61,66,71,1,HOLD,0.99,12,False,backfill
2026-08-05T14:54:55.736369+09:00,2026-08-05,MKSI,MKS Inc.,US,IT,2026-08-04,320.76,2892300,1405510.0,25.4814,,32,55,35,43,39,0,AVOID,-0.24,-3,True,backfill
2026-08-05T14:54:55.736369+09:00,2026-08-05,SNA,Snap-on Incorporated,US,산업재,2026-08-04,418.34,560300,394465.0,10.4657,,66,55,35,58,53,0,HOLD,0.28,3,False,backfill
2026-08-05T14:54:55.736369+09:00,2026-08-05,LEN,Lennar Corporation,US,소비재,2026-08-04,87.02,1711100,2455405.0,2.8429,,62,55,50,73,59,1,HOLD,0.3,4,False,backfill
2026-08-05T14:54:55.736369+09:00,2026-08-05,EXE,Expand Energy Corporation,US,에너지,2026-08-04,92.5142,2510300,4123730.0,2.6171,,72,55,68,78,68,2,WATCH,0.55,7,False,backfill
2026-08-05T14:54:55.736369+09:00,2026-08-05,GH,"Guardant Health, Inc.",US,제약/바이오,2026-08-04,159.79,2185300,2195120.0,8.8479,,66,60,35,58,54,0,HOLD,0.36,4,False,backfill
2026-08-05T14:54:55.736369+09:00,2026-08-05,INSM,Insmed Incorporated,US,제약/바이오,2026-08-04,98.75,4290700,2526015.0,3.5,,25,60,43,19,36,0,AVOID,-0.66,-8,True,backfill
2026-08-05T14:54:55.736369+09:00,2026-08-05,TW,Tradeweb Markets Inc.,US,금융,2026-08-04,100.48,1660400,1781195.0,3.9315,,73,55,53,50,60,1,HOLD,0.27,3,False,backfill
2026-08-05T14:54:55.736369+09:00,2026-08-05,NI,NiSource Inc,US,유틸리티,2026-08-04,44.53,6885400,4681230.0,0.9242,,31,55,35,42,39,0,AVOID,-0.51,-6,True,backfill
2026-08-05T14:54:55.736369+09:00,2026-08-05,CIB,Grupo Cibest S.A.,US,금융,2026-08-04,90.01,379000,279835.0,2.7743,,95,55,53,88,73,2,WATCH,1.03,12,False,backfill
2026-08-05T14:54:55.736369+09:00,2026-08-05,RS,Reliance Steel & Aluminum Co.,US,소재,2026-08-04,413.6901,337800,333240.0,13.362,,88,55,50,58,66,1,HOLD,0.75,9,False,backfill
2026-08-05T14:54:55.736369+09:00,2026-08-05,SNX,TD Synnex Corp,US,IT,2026-08-04,263.79,805300,752765.0,9.173,,73,55,46,66,60,1,HOLD,0.54,6,False,backfill
2026-08-05T14:54:55.736369+09:00,2026-08-05,SOJD,Southern Company (The) Series 2,US,유틸리티,2026-08-04,18.84,73900,80290.0,0.1278,,65,55,58,50,59,0,HOLD,0.27,3,False,backfill
2026-08-05T14:54:55.736369+09:00,2026-08-05,AS,"Amer Sports, Inc.",US,소비재,2026-08-04,36.22,3623800,3728150.0,1.3118,,73,55,35,58,56,1,HOLD,0.28,3,False,backfill
2026-08-05T14:54:55.736369+09:00,2026-08-05,BCH,Banco de Chile,US,금융,2026-08-04,41.38,436100,275455.0,1.1607,,84,55,50,70,66,2,WATCH,0.76,9,False,backfill
2026-08-05T14:54:55.736369+09:00,2026-08-05,MTSI,"MACOM Technology Solutions Holdings, Inc",US,반도체,2026-08-04,273.31,1873600,1439025.0,18.905,,50,60,40,35,47,0,HOLD,-0.22,-3,False,backfill
2026-08-05T14:54:55.736369+09:00,2026-08-05,TSN,"Tyson Foods, Inc.",US,소매,2026-08-04,58.74,4629700,3260960.0,1.86,,72,55,53,50,60,1,HOLD,0.2,2,False,backfill
2026-08-05T14:54:55.736369+09:00,2026-08-05,EFX,Equifax Inc.,US,산업재,2026-08-04,177.12,1150300,1819290.0,9.18,,51,55,38,58,49,0,HOLD,0.01,0,False,backfill
2026-08-05T14:54:55.736369+09:00,2026-08-05,RBA,"RB Global, Inc.",US,산업재,2026-08-04,111.06,2287400,978875.0,2.8779,,43,55,50,50,49,0,HOLD,-0.0,0,False,backfill
2026-08-05T14:54:55.736369+09:00,2026-08-05,IFF,International Flavors & Fragrances Inc.,US,소재,2026-08-04,80.89,1811400,1792315.0,2.3236,,88,55,61,66,70,1,HOLD,0.94,11,False,backfill
2026-08-05T14:54:55.736369+09:00,2026-08-05,CHTR,"Charter Communications, Inc.",US,인터넷,2026-08-04,153.07,3247900,3176845.0,7.6814,,59,60,53,86,61,1,HOLD,0.31,4,False,backfill
2026-08-05T14:54:55.736369+09:00,2026-08-05,VTRS,Viatris Inc.,US,제약/바이오,2026-08-04,17.7,8892200,9135145.0,0.4864,,91,60,48,78,70,2,WATCH,0.92,11,False,backfill
2026-08-05T14:54:55.736369+09:00,2026-08-05,BCE,BCE Inc.,US,인터넷,2026-08-04,22.0,8582500,3969705.0,0.4614,,72,60,53,86,66,2,WATCH,0.44,5,False,backfill
2026-08-05T14:54:55.736369+09:00,2026-08-05,BG,Bunge Global S.A.,US,소매,2026-08-04,106.73,2194300,1366960.0,3.8893,,18,55,55,50,41,0,AVOID,-0.56,-7,True,backfill
2026-08-05T14:54:55.736369+09:00,2026-08-05,SMCI,"Super Micro Computer, Inc.",US,IT,2026-08-04,31.69,56404600,43885195.0,2.4921,,73,55,48,68,61,1,HOLD,0.58,7,False,backfill
2026-08-05T14:54:55.736369+09:00,2026-08-05,THC,Tenet Healthcare Corporation,US,제약/바이오,2026-08-04,253.33,1088600,1475720.0,12.1107,,73,60,40,78,61,2,WATCH,0.58,7,False,backfill
2026-08-05T14:54:55.736369+09:00,2026-08-05,SOJC,The Southern Company JR 2017B NT 77,US,유틸리티,2026-08-04,20.35,45700,31160.0,0.1365,,65,55,58,60,60,0,HOLD,0.3,4,False,backfill
2026-08-05T14:54:55.736369+09:00,2026-08-05,STRD,Strategy Inc,US,IT,2026-08-04,61.36,306300,113605.0,1.5875,,55,55,58,60,57,0,HOLD,0.02,0,False,backfill
2026-08-05T14:54:55.736369+09:00,2026-08-05,WIT,Wipro Limited,US,IT,2026-08-04,2.05,8491800,9497240.0,0.0768,,54,55,50,68,55,0,HOLD,0.21,3,False,backfill
2026-08-05T14:54:55.736369+09:00,2026-08-05,SBAC,SBA Communications Corporation,US,리츠,2026-08-04,187.9,2377900,1121725.0,6.7079,,65,55,53,45,56,0,HOLD,0.09,1,False,backfill
2026-08-05T14:54:55.736369+09:00,2026-08-05,ATHS,Athene Holding Ltd. 7.250% Fixe,US,금융,2026-08-04,24.85,30500,26435.0,0.1879,,75,55,58,50,62,1,HOLD,0.48,6,False,backfill
2026-08-05T14:54:55.736369+09:00,2026-08-05,LYB,LyondellBasell Industries N.V.,US,소재,2026-08-04,61.11,3989500,4874190.0,2.3843,,62,55,35,78,55,1,HOLD,-0.06,-1,False,backfill
2026-08-05T14:54:55.736369+09:00,2026-08-05,VIV,Telefônica Brasil S.A.,US,인터넷,2026-08-04,12.32,1135100,1285890.0,0.3614,,25,60,50,76,47,1,HOLD,-0.39,-5,False,backfill
2026-08-05T14:54:55.736369+09:00,2026-08-05,CDW,CDW Corporation,US,IT,2026-08-04,154.0,2931900,1902815.0,5.4114,,73,55,50,58,60,1,HOLD,0.56,7,False,backfill
2026-08-05T14:54:55.736369+09:00,2026-08-05,TOST,"Toast, Inc.",US,IT,2026-08-04,33.81,16938500,9965480.0,1.35,,81,55,43,50,60,1,HOLD,0.6,7,False,backfill
2026-08-05T14:54:55.736369+09:00,2026-08-05,SQM,Sociedad Química y Minera de Chile S.A.,US,소재,2026-08-04,68.58,1217800,1014105.0,2.7057,,40,55,53,74,52,1,HOLD,-0.19,-2,False,backfill
2026-08-05T14:54:55.736369+09:00,2026-08-05,BR,"Broadridge Financial Solutions, Inc.",US,IT,2026-08-04,168.41,2516800,1009985.0,6.3379,,71,55,53,60,61,1,HOLD,0.55,7,False,backfill
2026-08-05T14:54:55.736369+09:00,2026-08-05,YPF,YPF Sociedad Anónima,US,에너지,2026-08-04,49.64,1342300,1244475.0,1.65,,54,55,75,70,63,2,WATCH,0.6,7,False,backfill
2026-08-05T14:54:55.736369+09:00,2026-08-05,EVRG,"Evergy, Inc.",US,유틸리티,2026-08-04,83.84,2088000,2051425.0,1.6514,,46,55,35,42,44,0,AVOID,-0.16,-2,True,backfill
2026-08-05T14:54:55.736369+09:00,2026-08-05,GIS,"General Mills, Inc.",US,소매,2026-08-04,36.19,7943400,9549935.0,1.2607,,47,55,45,65,51,0,HOLD,0.08,1,False,backfill
2026-08-05T14:54:55.736369+09:00,2026-08-05,DD,"DuPont de Nemours, Inc.",US,소재,2026-08-04,142.93,3279100,1672240.0,4.0714,,69,55,37,43,53,0,HOLD,0.1,1,False,backfill
2026-08-05T14:54:55.736369+09:00,2026-08-05,WES,"Western Midstream Partners, LP",US,에너지,2026-08-04,46.67,831500,773440.0,0.9782,,76,55,53,60,62,1,HOLD,0.62,7,False,backfill
2026-08-05T14:54:55.736369+09:00,2026-08-05,RIVN,"Rivian Automotive, Inc.",US,소비재,2026-08-04,15.76,23356500,35337155.0,0.9364,,47,55,38,50,46,0,HOLD,-0.03,0,False,backfill
2026-08-05T14:54:55.736369+09:00,2026-08-05,MGA,Magna International Inc.,US,소비재,2026-08-04,69.5445,2454200,1392945.0,2.1383,,88,55,45,74,66,2,WATCH,0.8,10,False,backfill
2026-08-05T14:54:55.736369+09:00,2026-08-05,FN,Fabrinet,US,IT,2026-08-04,531.03,1456100,813840.0,38.6571,,59,55,53,42,54,0,HOLD,-0.04,0,False,backfill
2026-08-05T14:54:55.736369+09:00,2026-08-05,SSNC,"SS&C Technologies Holdings, Inc.",US,IT,2026-08-04,81.06,3568700,2065775.0,2.6857,,66,55,53,74,61,1,HOLD,0.57,7,False,backfill
2026-08-05T14:54:55.736369+09:00,2026-08-05,ZTO,ZTO Express (Cayman) Inc.,US,산업재,2026-08-04,23.98,1829900,1644790.0,0.4832,,43,55,45,76,51,1,HOLD,-0.1,-1,False,backfill
2026-08-05T14:54:55.736369+09:00,2026-08-05,BEKE,KE Holdings Inc.,US,리츠,2026-08-04,17.14,1997500,3478335.0,0.3949,,73,55,50,58,60,1,HOLD,0.31,4,False,backfill
2026-08-05T14:54:55.736369+09:00,2026-08-05,PAAS,Pan American Silver Corp.,US,소재,2026-08-04,44.91,3483800,3623950.0,1.7586,,72,55,50,71,62,2,WATCH,0.27,3,False,backfill
2026-08-05T14:54:55.736369+09:00,2026-08-05,LSCC,Lattice Semiconductor Corporation,US,반도체,2026-08-04,138.0,3533800,1801105.0,9.285,,69,60,43,43,56,0,HOLD,0.41,5,False,backfill
2026-08-05T14:54:55.736369+09:00,2026-08-05,AQNB,Algonquin Power & Utilities Corp.,US,유틸리티,2026-08-04,25.63,8700,15410.0,0.1004,,79,55,55,50,63,1,HOLD,0.5,6,False,backfill
2026-08-05T14:54:55.736369+09:00,2026-08-05,TPG,TPG Inc.,US,금융,2026-08-04,48.4566,4992100,2093160.0,1.6529,,81,55,45,43,59,1,HOLD,0.51,6,False,backfill
2026-08-05T14:54:55.736369+09:00,2026-08-05,STRK,Strategy Inc,US,IT,2026-08-04,63.2,123500,76410.0,1.9299,,54,55,48,60,53,0,HOLD,-0.09,-1,False,backfill
2026-08-05T14:54:55.736369+09:00,2026-08-05,WY,Weyerhaeuser Company,US,리츠,2026-08-04,25.83,5723500,5174080.0,0.765,,73,55,53,50,60,1,HOLD,0.52,6,False,backfill
2026-08-05T14:54:55.736369+09:00,2026-08-05,BEN,"Franklin Resources, Inc.",US,금융,2026-08-04,35.77,4957600,5032065.0,0.965,,88,55,48,58,65,1,HOLD,0.77,9,False,backfill
2026-08-05T14:54:55.736369+09:00,2026-08-05,SBS,Companhia de Saneamento Básico do Estado,US,유틸리티,2026-08-04,5.43,8152300,5938870.0,0.1621,,33,55,40,70,45,1,HOLD,-0.44,-5,False,backfill
2026-08-05T14:54:55.736369+09:00,2026-08-05,ZBH,"Zimmer Biomet Holdings, Inc.",US,제약/바이오,2026-08-04,95.81,3547200,2337190.0,2.9457,,84,60,53,74,68,2,WATCH,0.86,10,False,backfill
2026-08-05T14:54:55.736369+09:00,2026-08-05,ESS,"Essex Property Trust, Inc.",US,리츠,2026-08-04,287.21,594000,512175.0,5.8836,,47,55,45,45,48,0,HOLD,0.04,0,False,backfill
2026-08-05T14:54:55.736369+09:00,2026-08-05,BIP,Brookfield Infrastructure Partners L.P.,US,유틸리티,2026-08-04,39.91,1469600,1125580.0,1.2593,,77,55,53,38,60,1,HOLD,0.55,7,False,backfill
2026-08-05T14:54:55.736369+09:00,2026-08-05,ITT,ITT Inc.,US,산업재,2026-08-04,204.65,1703600,961820.0,5.9,,84,55,35,58,60,1,HOLD,0.33,4,False,backfill
2026-08-05T14:54:55.736369+09:00,2026-08-05,RCI,Rogers Communications Inc.,US,인터넷,2026-08-04,33.85,1590200,1561560.0,0.8871,,65,60,53,86,64,1,HOLD,0.35,4,False,backfill
2026-08-05T14:54:55.736369+09:00,2026-08-05,EWBC,"East West Bancorp, Inc.",US,금융,2026-08-04,133.4,684100,846635.0,2.4644,,79,55,43,55,60,1,HOLD,0.5,6,False,backfill
2026-08-05T14:54:55.736369+09:00,2026-08-05,FTV,Fortive Corporation,US,IT,2026-08-04,60.51,3078300,2944090.0,1.8814,,43,55,45,74,51,1,HOLD,-0.03,0,False,backfill
2026-08-05T14:54:55.736369+09:00,2026-08-05,GPC,Genuine Parts Company,US,소비재,2026-08-04,132.55,1303800,1787695.0,5.0929,,63,55,50,51,56,0,HOLD,0.42,5,False,backfill
2026-08-05T14:54:55.736369+09:00,2026-08-05,LNT,Alliant Energy Corporation,US,유틸리티,2026-08-04,70.66,3365000,2532955.0,1.5524,,43,55,50,42,47,0,HOLD,-0.13,-2,False,backfill
2026-08-05T14:54:55.736369+09:00,2026-08-05,CHRW,"C.H. Robinson Worldwide, Inc.",US,산업재,2026-08-04,154.75,1872800,2493230.0,9.5829,,43,55,45,50,47,0,HOLD,-0.21,-3,False,backfill
2026-08-05T14:54:55.736369+09:00,2026-08-05,WCC,"WESCO International, Inc.",US,산업재,2026-08-04,374.1,872600,800965.0,15.7321,,81,55,50,58,63,1,HOLD,0.59,7,False,backfill
2026-08-05T14:54:55.736369+09:00,2026-08-05,CG,The Carlyle Group Inc.,US,금융,2026-08-04,50.2803,6095000,3038100.0,1.5752,,77,55,45,58,60,1,HOLD,0.38,5,False,backfill
2026-08-05T14:54:55.736369+09:00,2026-08-05,FLUT,Flutter Entertainment plc,US,소비재,2026-08-04,104.96,3789800,2268030.0,4.3193,,43,55,60,70,55,1,HOLD,0.13,2,False,backfill
2026-08-05T14:54:55.736369+09:00,2026-08-05,BBY,"Best Buy Co., Inc.",US,소비재,2026-08-04,86.35,3810200,3393280.0,2.7,,66,55,38,68,56,0,HOLD,0.4,5,False,backfill
2026-08-05T14:54:55.736369+09:00,2026-08-05,ROL,"Rollins, Inc.",US,산업재,2026-08-04,37.6267,3803000,6285720.0,1.5794,,18,55,45,50,38,0,AVOID,-0.67,-8,True,backfill
2026-08-05T14:54:55.736369+09:00,2026-08-05,CF,"CF Industries Holdings, Inc.",US,소재,2026-08-04,117.5046,2040200,2227500.0,4.3462,,43,55,45,73,50,1,HOLD,-0.13,-2,False,backfill
2026-08-05T14:54:55.736369+09:00,2026-08-05,INVH,Invitation Homes Inc.,US,리츠,2026-08-04,30.47,3840400,4089260.0,0.601,,88,55,48,53,64,1,HOLD,0.66,8,False,backfill
2026-08-05T14:54:55.736369+09:00,2026-08-05,OWL,Blue Owl Capital Inc.,US,금융,2026-08-04,11.3522,33768500,18482675.0,0.4127,,66,55,53,59,59,0,HOLD,0.46,6,False,backfill
2026-08-05T14:54:55.736369+09:00,2026-08-05,APG,APi Group Corporation,US,산업재,2026-08-04,41.54,3753800,2880660.0,1.3815,,65,55,53,50,57,0,HOLD,0.16,2,False,backfill
2026-08-05T14:54:55.736369+09:00,2026-08-05,AKAM,"Akamai Technologies, Inc.",US,IT,2026-08-04,123.35,4284400,3496750.0,5.3871,,65,55,45,50,55,0,HOLD,0.25,3,False,backfill
2026-08-05T14:54:55.736369+09:00,2026-08-05,NWS,News Corporation,US,인터넷,2026-08-04,32.72,1601600,1107520.0,0.975,,91,60,53,53,68,1,HOLD,0.84,10,False,backfill
2026-08-05T14:54:55.736369+09:00,2026-08-05,RBC,RBC Bearings Incorporated,US,산업재,2026-08-04,565.96,273500,236320.0,20.5807,,28,55,43,50,41,0,AVOID,-0.44,-5,True,backfill
2026-08-05T14:54:55.736369+09:00,2026-08-05,GMAB,Genmab A/S,US,제약/바이오,2026-08-04,29.02,1320500,2055440.0,0.6954,,55,60,50,58,55,0,HOLD,0.24,3,False,backfill
2026-08-05T14:54:55.736369+09:00,2026-08-05,DUKB,Duke Energy Corporation 5.625%,US,유틸리티,2026-08-04,22.81,31900,42355.0,0.1379,,50,55,58,50,53,0,HOLD,0.07,1,False,backfill
2026-08-05T14:54:55.736369+09:00,2026-08-05,PFGC,Performance Food Group Co,US,소매,2026-08-04,112.41,1429400,1604355.0,2.922,,51,55,35,58,48,0,HOLD,0.12,1,False,backfill
2026-08-05T14:54:55.736369+09:00,2026-08-05,ZBRA,Zebra Technologies Corporation,US,IT,2026-08-04,368.83,2615000,818350.0,15.8879,,77,55,50,66,63,1,HOLD,0.67,8,False,backfill
2026-08-05T14:54:55.736369+09:00,2026-08-05,IEX,IDEX Corporation,US,산업재,2026-08-04,237.89,662800,778945.0,6.315,,88,55,53,58,66,1,HOLD,0.77,9,False,backfill
2026-08-05T14:54:55.736369+09:00,2026-08-05,RGLD,"Royal Gold, Inc.",US,소재,2026-08-04,206.03,866900,682630.0,6.0464,,69,55,53,50,59,0,HOLD,0.22,3,False,backfill
2026-08-05T14:54:55.736369+09:00,2026-08-05,KSPI,Joint Stock Company Kaspi.kz,US,IT,2026-08-04,92.0,646100,335480.0,2.6221,,88,55,45,80,67,2,WATCH,0.78,9,False,backfill
2026-08-05T14:54:55.736369+09:00,2026-08-05,TSCO,Tractor Supply Company,US,소비재,2026-08-04,33.12,10252200,10349040.0,1.1807,,77,55,58,60,64,1,HOLD,0.56,7,False,backfill
2026-08-05T14:54:55.736369+09:00,2026-08-05,NDSN,Nordson Corporation,US,산업재,2026-08-04,309.67,368000,332575.0,6.6414,,78,55,50,58,62,1,HOLD,0.59,7,False,backfill
2026-08-05T14:54:55.736369+09:00,2026-08-05,PR,Permian Resources Corporation,US,에너지,2026-08-04,20.5,10002100,8272350.0,0.6743,,87,55,53,50,65,1,HOLD,0.48,6,False,backfill
2026-08-05T14:54:55.736369+09:00,2026-08-05,DKS,"DICK'S Sporting Goods, Inc.",US,소비재,2026-08-04,200.74,1589800,1185935.0,6.7221,,31,55,53,50,45,0,HOLD,-0.28,-3,False,backfill
2026-08-05T14:54:55.736369+09:00,2026-08-05,NLY,"Annaly Capital Management, Inc.",US,리츠,2026-08-04,22.75,9733600,7348945.0,0.4457,,47,55,56,65,54,0,HOLD,0.18,2,False,backfill
2026-08-05T14:54:55.736369+09:00,2026-08-05,HST,"Host Hotels & Resorts, Inc.",US,리츠,2026-08-04,24.98,9565100,8827215.0,0.5714,,95,55,45,55,66,1,HOLD,0.83,10,False,backfill
2026-08-05T14:54:55.736369+09:00,2026-08-05,PINS,"Pinterest, Inc.",US,인터넷,2026-08-04,25.58,21955800,11136305.0,0.9139,,76,60,40,66,60,1,HOLD,0.58,7,False,backfill
2026-08-05T14:54:55.736369+09:00,2026-08-05,BALL,Ball Corporation,US,소비재,2026-08-04,63.75,3466200,1934970.0,1.85,,69,55,50,58,59,0,HOLD,0.49,6,False,backfill
2026-08-05T14:54:55.736369+09:00,2026-08-05,WF,Woori Financial Group Inc.,US,금융,2026-08-04,69.94,86400,163300.0,2.0364,,77,55,50,88,66,2,WATCH,0.54,6,False,backfill
2026-08-05T14:54:55.736369+09:00,2026-08-05,STLA,Stellantis N.V.,US,소비재,2026-08-04,5.86,23778200,22238775.0,0.2121,,55,55,45,72,55,1,HOLD,-0.07,-1,False,backfill
2026-08-05T14:54:55.736369+09:00,2026-08-05,JLL,Jones Lang LaSalle Incorporated,US,리츠,2026-08-04,367.86,324200,399395.0,10.7836,,71,55,53,76,63,2,WATCH,0.65,8,False,backfill
2026-08-05T14:54:55.736369+09:00,2026-08-05,GEN,Gen Digital Inc.,US,IT,2026-08-04,28.1459,5420100,3929990.0,0.8271,,87,55,53,76,69,2,WATCH,0.88,11,False,backfill
2026-08-05T14:54:55.736369+09:00,2026-08-05,NVR,"NVR, Inc.",US,소비재,2026-08-04,6267.3501,42600,33115.0,235.8365,,28,55,50,55,44,0,AVOID,-0.2,-2,True,backfill
2026-08-05T14:54:55.736369+09:00,2026-08-05,CRCL,Circle Internet Group,US,금융,2026-08-04,63.25,12757700,12580495.0,4.8064,,40,55,40,37,43,0,AVOID,-0.46,-6,True,backfill
2026-08-05T14:54:55.736369+09:00,2026-08-05,KIM,Kimco Realty Corporation,US,리츠,2026-08-04,25.01,8283100,4429875.0,0.4957,,50,55,56,45,52,0,HOLD,0.18,2,False,backfill
2026-08-05T14:54:55.736369+09:00,2026-08-05,J,Jacobs Solutions Inc.,US,산업재,2026-08-04,142.68,1362800,887600.0,3.8214,,77,55,62,58,65,1,HOLD,0.63,8,False,backfill
2026-08-05T14:54:55.736369+09:00,2026-08-05,CX,"CEMEX, S.A.B. de C.V.",US,소재,2026-08-04,11.61,6768000,6417345.0,0.3771,,28,55,53,68,47,0,HOLD,-0.31,-4,False,backfill
2026-08-05T14:54:55.736369+09:00,2026-08-05,OVV,Ovintiv Inc.,US,에너지,2026-08-04,60.75,2690100,3388470.0,2.0807,,87,55,45,76,66,2,WATCH,0.55,7,False,backfill
2026-08-05T14:54:55.736369+09:00,2026-08-05,YUMC,"Yum China Holdings, Inc.",US,소비재,2026-08-04,47.87,1698300,1763840.0,1.2282,,67,55,48,68,59,0,HOLD,0.31,4,False,backfill
2026-08-05T14:54:55.736369+09:00,2026-08-05,CDE,"Coeur Mining, Inc.",US,소재,2026-08-04,16.21,32994500,28602590.0,0.9007,,65,55,50,63,58,0,HOLD,0.22,3,False,backfill
2026-08-05T14:54:55.736369+09:00,2026-08-05,NBIX,"Neurocrine Biosciences, Inc.",US,제약/바이오,2026-08-04,166.06,1197300,1367310.0,6.3543,,54,60,43,66,54,0,HOLD,0.31,4,False,backfill
2026-08-05T14:54:55.736369+09:00,2026-08-05,RBRK,"Rubrik, Inc.",US,IT,2026-08-04,80.99,3089300,2443150.0,3.6129,,66,55,43,35,52,0,HOLD,0.33,4,False,backfill
2026-08-05T14:54:55.736369+09:00,2026-08-05,NTNX,"Nutanix, Inc.",US,IT,2026-08-04,61.5,3106300,2825960.0,2.0301,,82,55,53,43,62,1,HOLD,0.69,8,False,backfill
2026-08-05T14:54:55.736369+09:00,2026-08-05,STRL,"Sterling Infrastructure, Inc.",US,산업재,2026-08-04,541.62,2117200,880725.0,60.025,,18,55,56,42,40,0,AVOID,-0.58,-7,True,backfill
2026-08-05T14:54:55.736369+09:00,2026-08-05,PAA,"Plains All American Pipeline, L.P.",US,에너지,2026-08-04,23.55,4411000,2309430.0,0.4608,,54,55,50,58,54,0,HOLD,0.2,2,False,backfill
2026-08-05T14:54:55.736369+09:00,2026-08-05,PKX,POSCO Holdings Inc.,US,소재,2026-08-04,54.68,287800,360970.0,1.8743,,59,55,50,66,57,0,HOLD,0.02,0,False,backfill
2026-08-05T14:54:55.736369+09:00,2026-08-05,WPC,W. P. Carey Inc.,US,리츠,2026-08-04,72.32,1427800,1406760.0,1.6057,,43,55,53,58,51,0,HOLD,-0.0,0,False,backfill
2026-08-05T14:54:55.736369+09:00,2026-08-05,PNFP,"Pinnacle Financial Partners, Inc.",US,금융,2026-08-04,108.5178,1186400,1324140.0,3.0321,,88,55,35,68,62,1,HOLD,0.61,7,False,backfill
2026-08-05T14:54:55.736369+09:00,2026-08-05,H,Hyatt Hotels Corporation,US,소비재,2026-08-04,173.6,1142700,868095.0,6.6764,,24,55,35,43,36,0,AVOID,-0.41,-5,True,backfill
2026-08-05T14:54:55.736369+09:00,2026-08-05,JHX,James Hardie Industries plc,US,소재,2026-08-04,28.36,7374900,7203915.0,1.0007,,92,55,53,43,66,1,HOLD,0.83,10,False,backfill
2026-08-05T14:54:55.736369+09:00,2026-08-05,JAZZ,Jazz Pharmaceuticals plc,US,제약/바이오,2026-08-04,261.62,1895100,771665.0,7.7357,,82,60,43,59,62,1,HOLD,0.68,8,False,backfill
2026-08-05T14:54:55.736369+09:00,2026-08-05,LDOS,"Leidos Holdings, Inc.",US,IT,2026-08-04,130.6,2831900,1445820.0,4.5443,,54,55,45,78,55,1,HOLD,0.08,1,False,backfill
2026-08-05T14:54:55.736369+09:00,2026-08-05,CCZ,Comcast Holdings Corp.,US,인터넷,2026-08-04,65.99,0,10.0,0.0364,,27,60,58,50,46,0,HOLD,-0.13,-2,False,backfill
2026-08-05T14:54:55.736369+09:00,2026-08-05,CLH,"Clean Harbors, Inc.",US,산업재,2026-08-04,310.61,506200,506680.0,9.3943,,87,55,45,58,64,1,HOLD,0.52,6,False,backfill
2026-08-05T14:54:55.736369+09:00,2026-08-05,PTC,PTC Inc.,US,IT,2026-08-04,141.68,1459500,1622520.0,5.7393,,69,55,53,68,61,0,HOLD,0.44,5,False,backfill
2026-08-05T14:54:55.736369+09:00,2026-08-05,BSAC,Banco Santander-Chile,US,금융,2026-08-04,34.73,276400,299325.0,0.835,,91,55,50,60,67,1,HOLD,0.84,10,False,backfill
2026-08-05T14:54:55.736369+09:00,2026-08-05,LAMR,Lamar Advertising Company,US,리츠,2026-08-04,158.91,821400,632340.0,3.4929,,47,55,45,42,47,0,HOLD,0.11,1,False,backfill
2026-08-05T14:54:55.736369+09:00,2026-08-05,BBIO,"BridgeBio Pharma, Inc.",US,제약/바이오,2026-08-04,82.07,1703000,3229745.0,2.573,,47,60,38,27,44,0,AVOID,0.02,0,True,backfill
2026-08-05T14:54:55.736369+09:00,2026-08-05,LTM,LATAM Airlines Group S.A.,US,산업재,2026-08-04,55.66,820000,735660.0,1.8569,,73,55,53,62,62,1,HOLD,0.63,8,False,backfill
2026-08-05T14:54:55.736369+09:00,2026-08-05,MEDP,"Medpace Holdings, Inc.",US,제약/바이오,2026-08-04,575.08,227900,390705.0,27.2986,,66,60,35,37,51,0,HOLD,0.29,3,False,backfill
2026-08-05T14:54:55.736369+09:00,2026-08-05,NWSA,News Corporation,US,인터넷,2026-08-04,28.59,5046200,3289710.0,0.815,,84,60,53,61,66,1,HOLD,0.78,9,False,backfill
2026-08-05T14:54:55.736369+09:00,2026-08-05,EMA,Emera Incorporated,US,유틸리티,2026-08-04,52.37,2266000,565550.0,0.9087,,54,55,55,37,52,0,HOLD,0.11,1,False,backfill
2026-08-05T14:54:55.736369+09:00,2026-08-05,MAIR,Madison Air Solutions Corporation,US,산업재,2026-08-04,31.75,3238600,2847525.0,2.1129,,18,55,60,43,42,0,AVOID,-0.53,-6,True,backfill
2026-08-05T14:54:55.736369+09:00,2026-08-05,GIB,CGI Inc.,US,IT,2026-08-04,74.2886,641600,532560.0,2.5779,,71,55,53,68,62,1,HOLD,0.57,7,False,backfill
2026-08-05T14:54:55.736369+09:00,2026-08-05,KEP,Korea Electric Power Corporation,US,유틸리티,2026-08-04,12.34,1357800,1240175.0,0.34,,62,55,53,96,63,1,HOLD,0.2,2,False,backfill
2026-08-05T14:54:55.736369+09:00,2026-08-05,BWXT,"BWX Technologies, Inc.",US,산업재,2026-08-04,172.4,1766800,958625.0,7.5136,,40,55,35,42,42,0,AVOID,-0.49,-6,True,backfill
2026-08-05T14:54:55.736369+09:00,2026-08-05,ULS,UL Solutions Inc.,US,산업재,2026-08-04,78.34,4298900,927430.0,3.5939,,18,55,43,42,36,0,AVOID,-0.71,-9,True,backfill
2026-08-05T14:54:55.736369+09:00,2026-08-05,DINO,HF Sinclair Corporation,US,에너지,2026-08-04,87.7063,3284500,3089130.0,3.6921,,77,55,48,78,64,2,WATCH,0.69,8,False,backfill
2026-08-05T14:54:55.736369+09:00,2026-08-05,TRU,TransUnion,US,금융,2026-08-04,81.72,1747600,2289340.0,3.7868,,84,55,40,66,62,1,HOLD,0.66,8,False,backfill
2026-08-05T14:54:55.736369+09:00,2026-08-05,LOGI,Logitech International S.A.,US,IT,2026-08-04,108.95,816800,1317190.0,3.6729,,69,55,53,50,59,0,HOLD,0.38,5,False,backfill
2026-08-05T14:54:55.736369+09:00,2026-08-05,CSL,Carlisle Companies Incorporated,US,소재,2026-08-04,386.43,408400,556610.0,16.2029,,73,55,53,50,60,1,HOLD,0.51,6,False,backfill
2026-08-05T14:54:55.736369+09:00,2026-08-05,IONQ,"IonQ, Inc.",US,IT,2026-08-04,41.72,25440200,19916565.0,2.8019,,72,55,56,35,58,1,HOLD,0.18,2,False,backfill
2026-08-05T14:54:55.736369+09:00,2026-08-05,TIGO,Millicom International Cellular S.A.,US,인터넷,2026-08-04,92.86,1072200,1365950.0,3.0716,,50,60,40,76,53,1,HOLD,0.21,3,False,backfill
2026-08-05T14:54:55.736369+09:00,2026-08-05,RZC,"Reinsurance Group of America, Incorporat",US,금융,2026-08-04,25.57,16300,35445.0,0.135,,84,55,58,50,65,1,HOLD,0.63,8,False,backfill
2026-08-05T14:54:55.736369+09:00,2026-08-05,MAA,"Mid-America Apartment Communities, Inc.",US,리츠,2026-08-04,133.21,959900,1188815.0,2.5521,,28,55,61,53,47,0,HOLD,-0.1,-1,False,backfill
2026-08-05T14:54:55.736369+09:00,2026-08-05,RGA,"Reinsurance Group of America, Incorporat",US,금융,2026-08-04,236.19,482400,359530.0,5.1157,,47,55,56,76,56,1,HOLD,0.3,4,False,backfill
2026-08-05T14:54:55.736369+09:00,2026-08-05,SWK,"Stanley Black & Decker, Inc.",US,산업재,2026-08-04,102.4,3028800,1923045.0,3.5957,,82,55,50,66,65,1,HOLD,0.74,9,False,backfill
2026-08-05T14:54:55.736369+09:00,2026-08-05,LII,Lennox International Inc.,US,산업재,2026-08-04,446.74,640600,570375.0,23.0636,,20,55,53,42,40,0,AVOID,-0.57,-7,True,backfill
2026-08-05T14:54:55.736369+09:00,2026-08-05,TLN,Talen Energy Corporation,US,유틸리티,2026-08-04,340.0,977200,682990.0,21.1656,,25,55,56,70,47,1,HOLD,-0.34,-4,False,backfill
2026-08-05T14:54:55.736369+09:00,2026-08-05,SITM,SiTime Corporation,US,반도체,2026-08-04,583.06,456900,423665.0,44.5036,,65,60,40,29,51,0,HOLD,0.07,1,False,backfill
2026-08-05T14:54:55.736369+09:00,2026-08-05,U,Unity Software Inc.,US,IT,2026-08-04,35.22,15355300,8064325.0,1.8604,,85,55,43,50,61,1,HOLD,0.65,8,False,backfill
2026-08-05T14:54:55.736369+09:00,2026-08-05,TXT,Textron Inc.,US,산업재,2026-08-04,89.12,1487800,1776210.0,3.1857,,28,55,53,68,47,0,HOLD,-0.21,-3,False,backfill
2026-08-05T14:54:55.736369+09:00,2026-08-05,W,Wayfair Inc.,US,소비재,2026-08-04,116.08,14568100,3854670.0,6.73,,85,55,50,45,62,1,HOLD,0.71,9,False,backfill
2026-08-05T14:54:55.736369+09:00,2026-08-05,VNOM,"Viper Energy, Inc.",US,에너지,2026-08-04,41.6683,3454000,1549340.0,1.1292,,28,55,50,60,45,0,HOLD,-0.43,-5,False,backfill
2026-08-05T14:54:55.736369+09:00,2026-08-05,SOLV,Solventum Corporation,US,제약/바이오,2026-08-04,87.94,1808600,1084790.0,2.5871,,95,60,50,70,71,2,WATCH,0.97,12,False,backfill
2026-08-05T14:54:55.736369+09:00,2026-08-05,FUTU,Futu Holdings Limited,US,금융,2026-08-04,109.0,1399900,1330720.0,4.3614,,62,55,45,68,56,0,HOLD,0.01,0,False,backfill
2026-08-05T14:54:55.736369+09:00,2026-08-05,MAS,Masco Corporation,US,소재,2026-08-04,77.08,2967500,2878785.0,2.8343,,62,55,50,68,58,0,HOLD,0.4,5,False,backfill
2026-08-05T14:54:55.736369+09:00,2026-08-05,ASND,Ascendis Pharma A/S,US,제약/바이오,2026-08-04,244.59,791800,526060.0,7.7814,,39,60,62,42,51,0,HOLD,0.13,2,False,backfill
2026-08-05T14:54:55.736369+09:00,2026-08-05,IESC,"IES Holdings, Inc.",US,산업재,2026-08-04,760.36,158800,219560.0,61.0314,,73,55,35,42,53,1,HOLD,0.37,4,False,backfill
2026-08-05T14:54:55.736369+09:00,2026-08-05,LECO,"Lincoln Electric Holdings, Inc.",US,산업재,2026-08-04,277.64,510100,403785.0,9.9893,,69,55,53,42,57,0,HOLD,0.36,4,False,backfill
2026-08-05T14:54:55.736369+09:00,2026-08-05,MLI,"Mueller Industries, Inc.",US,산업재,2026-08-04,68.35,996100,1550695.0,2.0429,,54,55,50,55,53,0,HOLD,0.12,1,False,backfill
2026-08-05T14:54:55.736369+09:00,2026-08-05,DOCN,"DigitalOcean Holdings, Inc.",US,IT,2026-08-04,128.89,7045200,3750660.0,12.2086,,62,55,38,34,49,0,HOLD,-0.18,-2,False,backfill
2026-08-05T14:54:55.736369+09:00,2026-08-05,BNT,Brookfield Wealth Solutions Ltd.,US,금융,2026-08-04,45.27,15000,22305.0,0.9164,,62,55,55,78,61,1,HOLD,0.34,4,False,backfill
2026-08-05T14:54:55.736369+09:00,2026-08-05,TLK,Perusahaan Perseroan (Persero) PT Teleko,US,인터넷,2026-08-04,15.27,1039600,816815.0,0.345,,67,60,50,63,60,0,HOLD,0.34,4,False,backfill
2026-08-05T14:54:55.736369+09:00,2026-08-05,SUI,"Sun Communities, Inc.",US,리츠,2026-08-04,121.67,1129500,1913750.0,3.0307,,80,55,53,46,62,1,HOLD,0.45,5,False,backfill
2026-08-05T14:54:55.736369+09:00,2026-08-05,NXT,Nextpower Inc.,US,IT,2026-08-04,98.44,3684900,3282685.0,6.9959,,18,55,43,53,38,0,AVOID,-0.68,-8,True,backfill
2026-08-05T14:54:55.736369+09:00,2026-08-05,DOC,"Healthpeak Properties, Inc.",US,리츠,2026-08-04,21.5139,7445500,6110520.0,0.483,,51,55,50,38,50,0,HOLD,0.21,3,False,backfill
2026-08-05T14:54:55.736369+09:00,2026-08-05,TU,Telus Corp,US,인터넷,2026-08-04,9.53,20171400,8679285.0,0.3879,,26,60,53,76,48,1,HOLD,-0.34,-4,False,backfill
2026-08-05T14:54:55.736369+09:00,2026-08-05,TME,Tencent Music Entertainment Group,US,인터넷,2026-08-04,9.62,5262300,5959500.0,0.3334,,79,60,53,86,68,2,WATCH,0.7,8,False,backfill
2026-08-05T14:54:55.736369+09:00,2026-08-05,ARMK,Aramark,US,산업재,2026-08-04,56.22,2408500,2461495.0,1.0664,,54,55,50,58,54,0,HOLD,0.32,4,False,backfill
2026-08-05T14:54:55.736369+09:00,2026-08-05,GRAB,Grab Holdings Limited,US,IT,2026-08-04,3.72,103086200,46747230.0,0.1529,,73,55,40,51,56,1,HOLD,0.27,3,False,backfill
2026-08-05T14:54:55.736369+09:00,2026-08-05,RPM,RPM International Inc.,US,소재,2026-08-04,115.09,1059000,1092105.0,4.2986,,81,55,45,58,62,1,HOLD,0.64,8,False,backfill
2026-08-05T14:54:55.736369+09:00,2026-08-05,GFL,GFL Environmental Inc.,US,산업재,2026-08-04,42.06,2990700,2694540.0,1.2075,,71,55,45,42,56,1,HOLD,0.43,5,False,backfill
2026-08-05T14:54:55.736369+09:00,2026-08-05,SGI,Somnigroup International Inc,US,소비재,2026-08-04,69.69,2929700,2183885.0,2.9493,,28,55,45,66,44,0,AVOID,-0.35,-4,True,backfill
2026-08-05T14:54:55.736369+09:00,2026-08-05,BAX,Baxter International Inc.,US,제약/바이오,2026-08-04,28.35,10209100,7178850.0,1.2921,,77,60,56,63,65,1,HOLD,0.76,9,False,backfill
2026-08-05T14:54:55.736369+09:00,2026-08-05,RRX,Regal Rexnord Corporation,US,산업재,2026-08-04,220.04,1607900,986960.0,10.3629,,62,55,43,58,54,0,HOLD,0.15,2,False,backfill
2026-08-05T14:54:55.736369+09:00,2026-08-05,DVA,DaVita Inc.,US,제약/바이오,2026-08-04,227.99,2611500,762670.0,6.4321,,54,60,35,74,52,1,HOLD,0.25,3,False,backfill
2026-08-05T14:54:55.736369+09:00,2026-08-05,EG,"Everest Group, Ltd.",US,금융,2026-08-04,369.21,338500,373235.0,9.4136,,47,55,53,100,58,1,HOLD,0.28,3,False,backfill
2026-08-05T14:54:55.736369+09:00,2026-08-05,OHI,"Omega Healthcare Investors, Inc.",US,리츠,2026-08-04,48.74,2066600,1900040.0,1.1633,,64,55,45,55,55,0,HOLD,0.29,3,False,backfill
2026-08-05T14:54:55.736369+09:00,2026-08-05,IREN,IREN Limited,US,IT,2026-08-04,40.85,41251300,46984110.0,4.4109,,55,55,48,37,50,0,HOLD,-0.16,-2,False,backfill
2026-08-05T14:54:55.736369+09:00,2026-08-05,COO,"The Cooper Companies, Inc.",US,제약/바이오,2026-08-04,74.69,1970000,2044620.0,1.6879,,85,60,50,51,64,1,HOLD,0.76,9,False,backfill
2026-08-05T14:54:55.736369+09:00,2026-08-05,ECHO,EchoStar Corporation,US,인터넷,2026-08-04,91.6,7426500,5479600.0,4.3693,,55,60,58,62,58,0,HOLD,0.07,1,False,backfill
2026-08-05T14:54:55.736369+09:00,2026-08-05,REG,Regency Centers Corporation,US,리츠,2026-08-04,79.43,1915800,1359665.0,1.4593,,46,55,50,50,50,0,HOLD,0.0,0,False,backfill
2026-08-05T14:54:55.736369+09:00,2026-08-05,UNM,Unum Group,US,금융,2026-08-04,91.39,1349300,1515625.0,2.4091,,73,55,48,50,58,1,HOLD,0.52,6,False,backfill
2026-08-05T14:54:55.736369+09:00,2026-08-05,UNMA,Unum Group 6.250% JR NT58,US,금융,2026-08-04,21.43,19800,25145.0,0.1986,,47,55,58,80,57,1,HOLD,0.09,1,False,backfill
2026-08-05T14:54:55.736369+09:00,2026-08-05,UHAL,U-Haul Holding Company,US,산업재,2026-08-04,73.8,230200,170200.0,1.915,,73,55,53,35,58,1,HOLD,0.54,6,False,backfill
2026-08-05T14:54:55.736369+09:00,2026-08-05,PAG,"Penske Automotive Group, Inc.",US,소비재,2026-08-04,217.6075,318500,550890.0,6.6566,,100,55,56,60,72,1,HOLD,1.03,12,False,backfill
2026-08-05T14:54:55.736369+09:00,2026-08-05,PS,Pershing Square Inc.,US,금융,2026-08-04,35.99,107300,125285.0,1.9371,,74,55,58,42,61,1,HOLD,0.55,7,False,backfill
2026-08-05T14:54:55.736369+09:00,2026-08-05,KKRS,KKR Group Finance Co. IX LLC 4.,US,금융,2026-08-04,16.17,14800,33830.0,0.1142,,46,55,55,50,51,0,HOLD,0.02,0,False,backfill
2026-08-05T14:54:55.736369+09:00,2026-08-05,CNA,CNA Financial Corporation,US,금융,2026-08-04,52.4616,728800,501445.0,1.4286,,73,55,50,86,64,2,WATCH,0.68,8,False,backfill
2026-08-05T14:54:55.736369+09:00,2026-08-05,TOL,"Toll Brothers, Inc.",US,소비재,2026-08-04,153.24,709800,883755.0,4.8064,,62,55,45,78,58,1,HOLD,0.41,5,False,backfill
2026-08-05T14:54:55.736369+09:00,2026-08-05,ONTO,Onto Innovation Inc.,US,반도체,2026-08-04,287.6,1202200,1161855.0,24.4991,,43,60,53,43,49,0,HOLD,-0.1,-1,False,backfill
2026-08-05T14:54:55.736369+09:00,2026-08-05,GL,Globe Life Inc.,US,금융,2026-08-04,183.9,531300,684425.0,4.7179,,62,55,35,60,52,0,HOLD,0.28,3,False,backfill
2026-08-05T14:54:55.736369+09:00,2026-08-05,ALB,Albemarle Corporation,US,소재,2026-08-04,120.82,2293100,2140860.0,4.7057,,55,55,50,86,58,1,HOLD,0.03,0,False,backfill
2026-08-05T14:54:55.736369+09:00,2026-08-05,AEFC,Aegon Funding Company LLC,US,금융,2026-08-04,18.32,42800,41605.0,0.1296,,17,55,55,50,41,0,AVOID,-0.43,-5,True,backfill
2026-08-05T14:54:55.736369+09:00,2026-08-05,COKE,"Coca-Cola Consolidated, Inc.",US,소매,2026-08-04,181.0,640700,516790.0,6.4788,,33,55,53,53,46,0,HOLD,-0.36,-4,False,backfill
2026-08-05T14:54:55.736369+09:00,2026-08-05,IVZ,Invesco Ltd.,US,금융,2026-08-04,31.7874,5865700,5228355.0,0.9863,,92,55,53,78,71,2,WATCH,0.95,11,False,backfill
2026-08-05T14:54:55.736369+09:00,2026-08-05,AUR,"Aurora Innovation, Inc.",US,IT,2026-08-04,7.23,32244700,24303265.0,0.4379,,73,55,40,50,56,1,HOLD,0.39,5,False,backfill
2026-08-05T14:54:55.736369+09:00,2026-08-05,XELLL,Xcel Energy Inc. 6.25% Junior Subordinat,US,유틸리티,2026-08-04,23.21,60300,56920.0,0.1796,,62,55,55,60,58,0,HOLD,0.25,3,False,backfill
2026-08-05T14:54:55.736369+09:00,2026-08-05,AEG,Aegon Ltd.,US,금융,2026-08-04,9.38,4538800,5103355.0,0.1464,,91,55,53,47,66,1,HOLD,0.83,10,False,backfill
2026-08-05T14:54:55.736369+09:00,2026-08-05,ARCC,Ares Capital Corporation,US,금융,2026-08-04,19.65,6829100,4646700.0,0.3336,,84,55,56,71,68,2,WATCH,0.7,8,False,backfill
2026-08-05T14:54:55.736369+09:00,2026-08-05,CRBG,"Corebridge Financial, Inc.",US,금융,2026-08-04,31.6,5622600,4047790.0,0.8346,,62,55,48,51,55,0,HOLD,0.35,4,False,backfill
2026-08-05T14:54:55.736369+09:00,2026-08-05,EXEL,"Exelixis, Inc.",US,제약/바이오,2026-08-04,56.0,2729800,2361435.0,1.6857,,66,60,43,58,57,0,HOLD,0.45,5,False,backfill
2026-08-05T14:54:55.736369+09:00,2026-08-05,ALLE,Allegion plc,US,산업재,2026-08-04,165.36,1012200,1449000.0,5.6743,,70,55,53,50,59,1,HOLD,0.55,7,False,backfill
2026-08-05T14:54:55.736369+09:00,2026-08-05,MKC,"McCormick & Company, Incorporated",US,소매,2026-08-04,52.06,2355400,3511595.0,1.7829,,62,55,58,78,62,1,HOLD,0.5,6,False,backfill
2026-08-05T14:54:55.736369+09:00,2026-08-05,LULU,Lululemon Athletica Inc.,US,소비재,2026-08-04,123.03,2161300,2461130.0,4.0557,,69,55,50,86,63,1,HOLD,0.35,4,False,backfill
2026-08-05T14:54:55.736369+09:00,2026-08-05,HRL,Hormel Foods Corporation,US,소매,2026-08-04,25.34,2896100,3598940.0,0.6221,,66,55,53,58,59,0,HOLD,0.52,6,False,backfill
2026-08-05T14:54:55.736369+09:00,2026-08-05,TRMB,Trimble Inc.,US,IT,2026-08-04,59.81,2715800,2521510.0,2.285,,77,55,53,58,63,1,HOLD,0.31,4,False,backfill
2026-08-05T14:54:55.736369+09:00,2026-08-05,AIZ,"Assurant, Inc.",US,금융,2026-08-04,281.31,425500,352820.0,4.9036,,69,55,43,60,57,0,HOLD,0.46,6,False,backfill
2026-08-05T14:54:55.736369+09:00,2026-08-05,AIZN,"Assurant, Inc. 5.25% Subordinat",US,금융,2026-08-04,19.08,15000,16835.0,0.3636,,40,55,45,50,46,0,HOLD,-0.17,-2,False,backfill
2026-08-05T14:54:55.736369+09:00,2026-08-05,CNH,CNH Industrial N.V.,US,산업재,2026-08-04,11.22,18654400,12985975.0,0.5243,,88,55,55,66,68,1,HOLD,0.81,10,False,backfill
2026-08-05T14:54:55.736369+09:00,2026-08-05,AMKR,"Amkor Technology, Inc.",US,반도체,2026-08-04,55.87,5772400,6340760.0,5.8964,,15,60,35,50,35,0,AVOID,-0.78,-9,True,backfill
2026-08-05T14:54:55.736369+09:00,2026-08-05,FNF,"Fidelity National Financial, Inc.",US,금융,2026-08-04,51.51,1530100,1492690.0,1.5721,,58,55,53,74,58,1,HOLD,0.29,3,False,backfill
2026-08-05T14:54:55.736369+09:00,2026-08-05,TKO,"TKO Group Holdings, Inc.",US,인터넷,2026-08-04,184.51,3015900,1183625.0,5.0836,,65,60,43,43,54,0,HOLD,0.17,2,False,backfill
2026-08-05T14:54:55.736369+09:00,2026-08-05,WSO,"Watsco, Inc.",US,산업재,2026-08-04,335.07,525800,522770.0,16.4429,,15,55,45,50,37,0,AVOID,-0.71,-9,True,backfill
2026-08-05T14:54:55.736369+09:00,2026-08-05,TTMI,"TTM Technologies, Inc.",US,IT,2026-08-04,132.79,4202700,2617645.0,13.1429,,55,55,43,43,50,0,HOLD,-0.19,-2,False,backfill
2026-08-05T14:54:55.736369+09:00,2026-08-05,DTM,"DT Midstream, Inc.",US,에너지,2026-08-04,134.85,1174600,830310.0,3.745,,20,55,55,50,42,0,AVOID,-0.43,-5,True,backfill
2026-08-05T14:54:55.736369+09:00,2026-08-05,TXRH,"Texas Roadhouse, Inc.",US,소비재,2026-08-04,208.24,825100,810130.0,5.3043,,85,55,43,42,60,1,HOLD,0.62,7,False,backfill
2026-08-05T14:54:55.736369+09:00,2026-08-05,ALLY,Ally Financial Inc.,US,금융,2026-08-04,44.99,3291900,3266050.0,1.239,,58,55,45,86,58,1,HOLD,0.29,3,False,backfill
2026-08-05T14:54:55.736369+09:00,2026-08-05,SREA,Sempra,US,유틸리티,2026-08-04,20.87,45300,61905.0,0.1864,,35,55,58,50,48,0,HOLD,-0.11,-1,False,backfill
2026-08-05T14:54:55.736369+09:00,2026-08-05,DECK,Deckers Outdoor Corporation,US,소비재,2026-08-04,99.87,2215500,2352060.0,4.1571,,28,55,53,68,47,0,HOLD,-0.16,-2,False,backfill
2026-08-05T14:54:55.736369+09:00,2026-08-05,WMG,Warner Music Group Corp.,US,인터넷,2026-08-04,25.8,2780800,2186265.0,1.2102,,28,60,50,58,46,0,HOLD,-0.33,-4,False,backfill
2026-08-05T14:54:55.736369+09:00,2026-08-05,RNR,RenaissanceRe Holdings Ltd.,US,금융,2026-08-04,321.75,313300,369170.0,9.4614,,69,55,43,73,59,1,HOLD,0.4,5,False,backfill
2026-08-05T14:54:55.736369+09:00,2026-08-05,SKM,"SK Telecom Co.,Ltd",US,인터넷,2026-08-04,34.8,2661400,2766030.0,2.0071,,72,60,45,66,61,1,HOLD,0.28,3,False,backfill
2026-08-05T14:54:55.736369+09:00,2026-08-05,GWRE,"Guidewire Software, Inc.",US,IT,2026-08-04,160.31,1321500,1296630.0,9.1557,,84,55,40,43,59,1,HOLD,0.57,7,False,backfill
2026-08-05T14:54:55.736369+09:00,2026-08-05,GGG,Graco Inc.,US,산업재,2026-08-04,82.31,1199500,1476310.0,2.1186,,71,55,53,50,59,1,HOLD,0.43,5,False,backfill
2026-08-05T14:54:55.736369+09:00,2026-08-05,DT,"Dynatrace, Inc.",US,IT,2026-08-04,45.71,5732000,4068875.0,1.6085,,84,55,40,51,60,1,HOLD,0.61,7,False,backfill
2026-08-05T14:54:55.736369+09:00,2026-08-05,BIPI,BIP Bermuda Holdings I Limited,US,산업재,2026-08-04,16.68,11000,19375.0,0.1619,,65,55,55,50,58,0,HOLD,0.35,4,False,backfill
2026-08-05T14:54:55.736369+09:00,2026-08-05,AVY,Avery Dennison Corporation,US,소비재,2026-08-04,173.3,895800,871670.0,6.0957,,81,55,50,50,62,1,HOLD,0.57,7,False,backfill
2026-08-05T14:54:55.736369+09:00,2026-08-05,CCK,"Crown Holdings, Inc.",US,소비재,2026-08-04,121.3114,803300,1149735.0,3.7229,,73,55,50,84,64,2,WATCH,0.68,8,False,backfill
2026-08-05T14:54:55.736369+09:00,2026-08-05,FIG,"Figma, Inc.",US,IT,2026-08-04,27.12,26804900,22969805.0,1.851,,85,55,35,22,55,1,HOLD,0.47,6,False,backfill
2026-08-05T14:54:55.736369+09:00,2026-08-05,AIT,"Applied Industrial Technologies, Inc.",US,산업재,2026-08-04,356.381,283000,272780.0,8.6826,,78,55,53,50,62,1,HOLD,0.66,8,False,backfill
2026-08-05T14:54:55.736369+09:00,2026-08-05,EQH,"Equitable Holdings, Inc.",US,금융,2026-08-04,48.25,3823100,2708165.0,1.3331,,62,55,46,62,56,0,HOLD,0.35,4,False,backfill
2026-08-05T14:54:55.736369+09:00,2026-08-05,NVMI,Nova Ltd.,US,반도체,2026-08-04,413.5,750600,571935.0,28.145,,23,60,43,42,39,0,AVOID,-0.61,-7,True,backfill
2026-08-05T14:54:55.736369+09:00,2026-08-05,HTHT,H World Group Limited,US,소비재,2026-08-04,42.31,1279400,1494735.0,1.0771,,65,55,53,66,60,0,HOLD,0.15,2,False,backfill
2026-08-05T14:54:55.736369+09:00,2026-08-05,LI,Li Auto Inc.,US,소비재,2026-08-04,12.86,2720500,3789520.0,0.4859,,55,55,50,70,56,1,HOLD,-0.02,0,False,backfill
2026-08-05T14:54:55.736369+09:00,2026-08-05,AEIS,"Advanced Energy Industries, Inc.",US,IT,2026-08-04,341.39,1729400,763355.0,24.1214,,69,55,45,35,54,0,HOLD,0.18,2,False,backfill
2026-08-05T14:54:55.736369+09:00,2026-08-05,EMBJ,Embraer S.A.,US,산업재,2026-08-04,70.52,1116500,1023225.0,2.055,,81,55,55,37,61,1,HOLD,0.62,7,False,backfill
2026-08-05T14:54:55.736369+09:00,2026-08-05,CR,Crane Company,US,산업재,2026-08-04,224.1,416600,511610.0,8.2189,,66,55,53,58,59,0,HOLD,0.52,6,False,backfill
2026-08-05T14:54:55.736369+09:00,2026-08-05,BWA,BorgWarner Inc.,US,소비재,2026-08-04,63.04,3544200,2152610.0,2.1671,,54,55,40,66,52,0,HOLD,0.18,2,False,backfill
2026-08-05T14:54:55.736369+09:00,2026-08-05,HAS,"Hasbro, Inc.",US,소비재,2026-08-04,91.51,2409600,2506800.0,3.1121,,70,55,38,68,57,1,HOLD,0.22,3,False,backfill
2026-08-05T14:54:55.736369+09:00,2026-08-05,FMS,Fresenius Medical Care AG & Co. KGaA,US,제약/바이오,2026-08-04,24.01,1672600,662005.0,0.6129,,51,60,53,94,60,1,HOLD,0.47,6,False,backfill
2026-08-05T14:54:55.736369+09:00,2026-08-05,GNRC,Generac Holdings Inc.,US,산업재,2026-08-04,218.63,1682800,1175120.0,11.9121,,63,55,40,58,54,0,HOLD,-0.06,-1,False,backfill
2026-08-05T14:54:55.736369+09:00,2026-08-05,TYL,"Tyler Technologies, Inc.",US,IT,2026-08-04,313.33,917600,822865.0,16.5721,,73,55,53,50,60,1,HOLD,0.33,4,False,backfill
2026-08-05T14:54:55.736369+09:00,2026-08-05,SNN,Smith & Nephew plc,US,제약/바이오,2026-08-04,30.44,2918600,1921520.0,0.8864,,73,60,50,58,61,1,HOLD,0.38,5,False,backfill
2026-08-05T14:54:55.736369+09:00,2026-08-05,ELAN,Elanco Animal Health Incorporated,US,제약/바이오,2026-08-04,25.6,9071200,4889540.0,0.8721,,62,60,55,53,58,0,HOLD,0.45,5,False,backfill
2026-08-05T14:54:55.736369+09:00,2026-08-05,PEN,"Penumbra, Inc.",US,제약/바이오,2026-08-04,324.22,363200,395010.0,2.2686,,69,60,53,30,57,0,HOLD,0.3,4,False,backfill
2026-08-05T14:54:55.736369+09:00,2026-08-05,HUBS,"HubSpot, Inc.",US,IT,2026-08-04,248.89,1105700,1510035.0,17.8407,,77,55,53,59,63,1,HOLD,0.49,6,False,backfill
2026-08-05T14:54:55.736369+09:00,2026-08-05,SF,Stifel Financial Corp,US,금융,2026-08-04,84.05,1037600,1252520.0,1.9929,,84,55,45,76,65,2,WATCH,0.66,8,False,backfill
2026-08-05T14:54:55.736369+09:00,2026-08-05,SJM,The J. M. Smucker Company,US,소매,2026-08-04,118.0636,1162800,1507375.0,3.8461,,95,55,35,78,66,2,WATCH,0.81,10,False,backfill
2026-08-05T14:54:55.736369+09:00,2026-08-05,HII,"Huntington Ingalls Industries, Inc.",US,산업재,2026-08-04,323.06,607800,555365.0,13.535,,59,55,50,42,53,0,HOLD,0.13,2,False,backfill
2026-08-05T14:54:55.736369+09:00,2026-08-05,ENLT,Enlight Renewable Energy Ltd,US,유틸리티,2026-08-04,90.54,431900,194510.0,4.7489,,43,55,40,35,43,0,AVOID,-0.22,-3,True,backfill
2026-08-05T14:54:55.736369+09:00,2026-08-05,CLX,The Clorox Company,US,소매,2026-08-04,103.4613,5292700,2641650.0,3.2428,,85,55,50,60,65,1,HOLD,0.76,9,False,backfill
2026-08-05T14:54:55.736369+09:00,2026-08-05,APA,APA Corporation,US,에너지,2026-08-04,35.8,6177600,5340745.0,1.2403,,87,55,50,78,68,2,WATCH,0.48,6,False,backfill
2026-08-05T14:54:55.736369+09:00,2026-08-05,CHKP,Check Point Software Technologies Ltd.,US,IT,2026-08-04,123.92,1235300,1435090.0,5.8129,,50,55,35,68,49,0,HOLD,0.01,0,False,backfill
2026-08-05T14:54:55.736369+09:00,2026-08-05,WBS,Webster Financial Corporation,US,금융,2026-08-04,77.5555,3943200,4109035.0,0.8656,,96,55,45,60,67,1,HOLD,0.78,9,False,backfill
2026-08-05T14:54:55.736369+09:00,2026-08-05,ARWR,"Arrowhead Pharmaceuticals, Inc.",US,제약/바이오,2026-08-04,89.59,2031100,2298785.0,4.6579,,81,60,50,42,62,1,HOLD,0.68,8,False,backfill
2026-08-05T14:54:55.736369+09:00,2026-08-05,RTO,Rentokil Initial plc,US,산업재,2026-08-04,24.8271,2671200,1457010.0,1.1301,,18,55,55,66,44,0,AVOID,-0.5,-6,True,backfill
2026-08-05T14:54:55.736369+09:00,2026-08-05,ELS,"Equity LifeStyle Properties, Inc.",US,리츠,2026-08-04,64.91,1706600,1782615.0,1.6029,,43,55,53,45,49,0,HOLD,0.01,0,False,backfill
2026-08-05T14:54:55.736369+09:00,2026-08-05,GLPI,"Gaming and Leisure Properties, Inc.",US,리츠,2026-08-04,44.41,2423500,2566925.0,0.9261,,50,55,50,60,52,0,HOLD,-0.0,0,False,backfill
2026-08-05T14:54:55.736369+09:00,2026-08-05,SEIC,SEI Investments Company,US,금융,2026-08-04,104.72,725600,825850.0,2.5671,,88,55,43,50,62,1,HOLD,0.69,8,False,backfill
2026-08-05T14:54:55.736369+09:00,2026-08-05,ONON,On Holding AG,US,소비재,2026-08-04,37.61,3727200,3937135.0,1.4714,,69,55,62,58,62,0,HOLD,0.57,7,False,backfill
2026-08-05T14:54:55.736369+09:00,2026-08-05,DY,"Dycom Industries, Inc.",US,산업재,2026-08-04,415.08,537700,461815.0,24.4743,,50,55,53,53,52,0,HOLD,-0.05,-1,False,backfill
2026-08-05T14:54:55.736369+09:00,2026-08-05,IT,"Gartner, Inc.",US,산업재,2026-08-04,185.79,3712100,1453170.0,10.8021,,67,55,50,68,60,0,HOLD,0.54,6,False,backfill
2026-08-05T14:54:55.736369+09:00,2026-08-05,RVTY,"Revvity, Inc.",US,제약/바이오,2026-08-04,111.39,2587200,1491975.0,4.4628,,66,60,53,58,60,0,HOLD,0.55,7,False,backfill
2026-08-05T14:54:55.736369+09:00,2026-08-05,ALGN,"Align Technology, Inc.",US,제약/바이오,2026-08-04,173.27,1116100,961765.0,7.2471,,43,60,56,74,55,1,HOLD,0.16,2,False,backfill
2026-08-05T14:54:55.736369+09:00,2026-08-05,AMH,American Homes 4 Rent,US,리츠,2026-08-04,34.53,3173900,2071740.0,0.6514,,88,55,65,50,69,1,HOLD,0.83,10,False,backfill
2026-08-05T14:54:55.736369+09:00,2026-08-05,UDR,"UDR, Inc.",US,리츠,2026-08-04,38.4027,3858100,3477700.0,0.8208,,46,55,53,53,51,0,HOLD,0.08,1,False,backfill
2026-08-05T14:54:55.736369+09:00,2026-08-05,APC,ARKO Petroleum Corp. Class A Common Stoc,US,에너지,2026-08-04,20.64,117700,95455.0,0.8071,,57,55,70,58,61,1,HOLD,0.48,6,False,backfill
2026-08-05T14:54:55.736369+09:00,2026-08-05,FHN,First Horizon Corporation,US,금융,2026-08-04,26.09,6518300,6295275.0,0.5157,,74,55,50,60,61,1,HOLD,0.49,6,False,backfill
2026-08-05T14:54:55.736369+09:00,2026-08-05,EVR,Evercore Inc.,US,금융,2026-08-04,319.73,631600,531810.0,13.5529,,25,55,53,58,44,0,AVOID,-0.28,-3,True,backfill
2026-08-05T14:54:55.736369+09:00,2026-08-05,AA,Alcoa Corporation,US,소재,2026-08-04,46.7393,4525300,5332565.0,1.8653,,55,55,56,73,58,1,HOLD,0.05,1,False,backfill
2026-08-05T14:54:55.736369+09:00,2026-08-05,BJ,"BJ's Wholesale Club Holdings, Inc.",US,소매,2026-08-04,96.65,1154700,1574735.0,2.9228,,80,55,43,50,59,1,HOLD,0.41,5,False,backfill
2026-08-05T14:54:55.736369+09:00,2026-08-05,BTSG,"BrightSpring Health Services, Inc. Commo",US,제약/바이오,2026-08-04,62.77,4296000,4720245.0,4.0911,,62,60,40,58,54,0,HOLD,0.36,4,False,backfill
2026-08-05T14:54:55.736369+09:00,2026-08-05,PNW,Pinnacle West Capital Corporation,US,유틸리티,2026-08-04,101.45,1566200,1257495.0,2.3715,,43,55,48,37,46,0,HOLD,-0.12,-1,False,backfill
2026-08-05T14:54:55.736369+09:00,2026-08-05,FIVE,"Five Below, Inc.",US,소비재,2026-08-04,222.3,713300,1095445.0,7.6921,,69,55,58,58,61,0,HOLD,0.39,5,False,backfill
2026-08-05T14:54:55.736369+09:00,2026-08-05,NYT,The New York Times Company,US,인터넷,2026-08-04,75.61,3243900,1602270.0,2.4729,,80,60,53,53,64,1,HOLD,0.51,6,False,backfill
2026-08-05T14:54:55.736369+09:00,2026-08-05,AGNC,AGNC Investment Corp.,US,리츠,2026-08-04,10.64,26254200,20384690.0,0.2392,,48,55,53,65,53,0,HOLD,0.13,2,False,backfill
2026-08-05T14:54:55.736369+09:00,2026-08-05,DPZ,"Domino's Pizza, Inc.",US,소비재,2026-08-04,367.63,1002900,1042580.0,15.9693,,71,55,46,50,57,1,HOLD,0.44,5,False,backfill
2026-08-05T14:54:55.736369+09:00,2026-08-05,VIRT,"Virtu Financial, Inc.",US,금융,2026-08-04,57.0,1324500,1195225.0,2.4403,,44,55,48,70,51,1,HOLD,0.18,2,False,backfill
2026-08-05T14:54:55.736369+09:00,2026-08-05,DRS,"Leonardo DRS, Inc.",US,산업재,2026-08-04,45.1798,791000,871900.0,1.9768,,39,55,43,50,45,0,HOLD,-0.0,0,False,backfill
2026-08-05T14:54:55.736369+09:00,2026-08-05,CSGP,"CoStar Group, Inc.",US,리츠,2026-08-04,29.82,5794200,7982645.0,1.6793,,72,55,53,51,60,1,HOLD,0.18,2,False,backfill
2026-08-05T14:54:55.736369+09:00,2026-08-05,AGI,Alamos Gold Inc.,US,소재,2026-08-04,28.76,6995200,4536510.0,1.1707,,40,55,45,70,49,1,HOLD,-0.29,-3,False,backfill
2026-08-05T14:54:55.736369+09:00,2026-08-05,SMTC,Semtech Corporation,US,반도체,2026-08-04,129.16,2340400,2347805.0,10.4371,,69,60,43,42,55,0,HOLD,0.43,5,False,backfill
2026-08-05T14:54:55.736369+09:00,2026-08-05,ICLR,ICON Public Limited Company,US,제약/바이오,2026-08-04,156.85,1045200,851145.0,9.0657,,51,60,53,59,55,0,HOLD,0.35,4,False,backfill
2026-08-05T14:54:55.736369+09:00,2026-08-05,WTS,"Watts Water Technologies, Inc.",US,산업재,2026-08-04,358.09,188400,199630.0,9.4521,,87,55,53,45,64,1,HOLD,0.77,9,False,backfill
2026-08-05T14:54:55.736369+09:00,2026-08-05,CGNX,Cognex Corporation,US,IT,2026-08-04,71.52,2863800,1832110.0,3.1471,,77,55,40,35,55,1,HOLD,0.46,6,False,backfill
2026-08-05T14:54:55.736369+09:00,2026-08-05,CORT,Corcept Therapeutics Incorporated,US,제약/바이오,2026-08-04,109.8,1265600,1426530.0,6.485,,100,60,43,43,66,1,HOLD,0.87,10,False,backfill
2026-08-05T14:54:55.736369+09:00,2026-08-05,VSAT,"Viasat, Inc.",US,IT,2026-08-04,86.16,3918100,2218385.0,5.3621,,82,55,35,43,57,1,HOLD,0.5,6,False,backfill
2026-08-05T14:54:55.736369+09:00,2026-08-05,LFUS,"Littelfuse, Inc.",US,IT,2026-08-04,466.46,478400,434310.0,23.2329,,81,55,43,50,60,1,HOLD,0.54,6,False,backfill
2026-08-05T14:54:55.736369+09:00,2026-08-05,NIO,NIO Inc.,US,소비재,2026-08-04,4.76,23351700,22554405.0,0.155,,37,55,45,42,44,0,AVOID,-0.43,-5,True,backfill
2026-08-05T14:54:55.736369+09:00,2026-08-05,GDDY,GoDaddy Inc.,US,IT,2026-08-04,89.09,2209600,2004855.0,6.4007,,43,55,43,76,50,1,HOLD,-0.02,0,False,backfill
2026-08-05T14:54:55.736369+09:00,2026-08-05,BMRN,BioMarin Pharmaceutical Inc.,US,제약/바이오,2026-08-04,60.72,1239100,1578860.0,1.4907,,69,60,50,58,60,0,HOLD,0.55,7,False,backfill
2026-08-05T14:54:55.736369+09:00,2026-08-05,MDGL,"Madrigal Pharmaceuticals, Inc.",US,제약/바이오,2026-08-04,507.56,442300,389995.0,27.4857,,40,60,35,26,40,0,AVOID,-0.3,-4,True,backfill
2026-08-05T14:54:55.736369+09:00,2026-08-05,OC,Owens Corning,US,소재,2026-08-04,145.53,1318000,875265.0,4.5938,,66,55,50,68,59,0,HOLD,0.52,6,False,backfill
2026-08-05T14:54:55.736369+09:00,2026-08-05,DKNG,DraftKings Inc.,US,소비재,2026-08-04,23.61,12847600,11121770.0,0.9003,,25,55,40,51,39,0,AVOID,-0.45,-5,True,backfill
2026-08-05T14:54:55.736369+09:00,2026-08-05,SCI,Service Corporation International,US,소비재,2026-08-04,85.6,1455300,1272430.0,2.4286,,69,55,38,50,54,0,HOLD,0.28,3,False,backfill
2026-08-05T14:54:55.736369+09:00,2026-08-05,AFG,"American Financial Group, Inc.",US,금융,2026-08-04,140.6,453100,404680.0,2.5221,,54,55,53,60,55,0,HOLD,0.26,3,False,backfill
2026-08-05T14:54:55.736369+09:00,2026-08-05,KNX,Knight-Swift Transportation Holdings Inc,US,산업재,2026-08-04,71.62,3680900,4429540.0,2.9379,,32,55,45,51,43,0,AVOID,-0.07,-1,True,backfill
2026-08-05T14:54:55.736369+09:00,2026-08-05,ARW,"Arrow Electronics, Inc.",US,IT,2026-08-04,227.67,788000,523350.0,8.295,,77,55,40,76,61,2,WATCH,0.6,7,False,backfill
2026-08-05T14:54:55.736369+09:00,2026-08-05,TFII,TFI International Inc.,US,산업재,2026-08-04,141.63,459700,397095.0,6.2329,,28,55,53,66,47,0,HOLD,-0.12,-1,False,backfill
2026-08-05T14:54:55.736369+09:00,2026-08-05,CACI,CACI International Inc,US,IT,2026-08-04,524.19,247300,265375.0,18.8421,,73,55,53,53,60,1,HOLD,0.48,6,False,backfill
2026-08-05T14:54:55.736369+09:00,2026-08-05,PODD,Insulet Corp.,US,제약/바이오,2026-08-04,166.82,1749000,1312150.0,6.6814,,80,60,50,50,62,1,HOLD,0.48,6,False,backfill
2026-08-05T14:54:55.736369+09:00,2026-08-05,MGM,MGM Resorts International,US,소비재,2026-08-04,45.72,4277400,2491095.0,1.0164,,31,55,53,50,45,0,HOLD,0.0,0,False,backfill
2026-08-05T14:54:55.736369+09:00,2026-08-05,WMS,"Advanced Drainage Systems, Inc.",US,산업재,2026-08-04,149.75,836200,625225.0,4.8325,,77,55,45,58,60,1,HOLD,0.46,6,False,backfill
2026-08-05T14:54:55.736369+09:00,2026-08-05,PAC,"Grupo Aeroportuario del Pacífico, S.A.B.",US,산업재,2026-08-04,220.7,110400,162275.0,5.7143,,55,55,50,50,53,0,HOLD,-0.06,-1,False,backfill
2026-08-05T14:54:55.736369+09:00,2026-08-05,XPEV,XPeng Inc.,US,소비재,2026-08-04,12.05,10022400,6623820.0,0.5118,,10,55,50,50,37,0,AVOID,-0.73,-9,True,backfill
2026-08-05T14:54:55.736369+09:00,2026-08-05,HUT,Hut 8 Corp.,US,금융,2026-08-04,101.16,6953600,4407090.0,12.4718,,58,55,43,42,50,0,HOLD,0.25,3,False,backfill
2026-08-05T14:54:55.736369+09:00,2026-08-05,DCI,"Donaldson Company, Inc.",US,산업재,2026-08-04,97.8127,662800,696980.0,2.4774,,66,55,53,50,57,0,HOLD,0.48,6,False,backfill
2026-08-05T14:54:55.736369+09:00,2026-08-05,JEF,Jefferies Financial Group Inc.,US,금융,2026-08-04,55.71,3305000,1863050.0,2.22,,69,55,50,68,60,0,HOLD,0.53,6,False,backfill
2026-08-05T14:54:55.736369+09:00,2026-08-05,PAYP,PayPay Corporation,US,IT,2026-08-04,16.69,855600,919850.0,0.8914,,59,55,60,68,60,0,HOLD,0.13,2,False,backfill
2026-08-05T14:54:55.736369+09:00,2026-08-05,ERIE,Erie Indemnity Company,US,금융,2026-08-04,244.53,259300,305010.0,12.3457,,92,55,62,50,69,1,HOLD,0.9,11,False,backfill
2026-08-05T14:54:55.736369+09:00,2026-08-05,TECH,Bio-Techne Corporation,US,제약/바이오,2026-08-04,72.09,3040900,3827185.0,0.3486,,73,60,53,51,61,1,HOLD,0.63,8,False,backfill
2026-08-05T14:54:55.736369+09:00,2026-08-05,CRL,Charles River Laboratories International,US,제약/바이오,2026-08-04,234.12,1146500,842910.0,8.9714,,73,60,50,58,61,1,HOLD,0.62,7,False,backfill
2026-08-05T14:54:55.736369+09:00,2026-08-05,BXP,"BXP, Inc.",US,리츠,2026-08-04,70.67,1184500,1521775.0,2.18,,73,55,43,45,56,1,HOLD,0.47,6,False,backfill
2026-08-05T14:54:55.736369+09:00,2026-08-05,UMBF,UMB Financial Corporation,US,금융,2026-08-04,148.33,703600,646455.0,3.5286,,91,55,40,60,64,1,HOLD,0.72,9,False,backfill
2026-08-05T14:54:55.736369+09:00,2026-08-05,AHR,"American Healthcare REIT, Inc.",US,리츠,2026-08-04,54.47,2338400,2219850.0,1.4966,,47,55,53,43,50,0,HOLD,0.14,2,False,backfill
2026-08-05T14:54:55.736369+09:00,2026-08-05,BPOP,"Popular, Inc.",US,금융,2026-08-04,175.79,385600,519020.0,4.12,,66,55,56,70,61,1,HOLD,0.59,7,False,backfill
2026-08-05T14:54:55.736369+09:00,2026-08-05,WTRG,"Essential Utilities, Inc.",US,유틸리티,2026-08-04,39.201,3087500,2058400.0,1.0921,,62,55,53,37,54,0,HOLD,0.28,3,False,backfill
2026-08-05T14:54:55.736369+09:00,2026-08-05,MICC,The Magnum Ice Cream Company N.V.,US,소매,2026-08-04,18.29,982300,1115455.0,0.4537,,51,55,53,50,52,0,HOLD,0.28,3,False,backfill
2026-08-05T14:54:55.736369+09:00,2026-08-05,JKHY,"Jack Henry & Associates, Inc.",US,IT,2026-08-04,156.63,712100,1098975.0,5.175,,84,55,58,50,65,1,HOLD,0.67,8,False,backfill
2026-08-05T14:54:55.736369+09:00,2026-08-05,QXO,"QXO, Inc.",US,산업재,2026-08-04,15.34,38554500,26851635.0,0.8429,,60,55,53,42,54,0,HOLD,-0.02,0,False,backfill
2026-08-05T14:54:55.736369+09:00,2026-08-05,SANM,Sanmina Corporation,US,IT,2026-08-04,207.46,782300,855145.0,17.3093,,65,55,35,58,53,0,HOLD,0.03,0,False,backfill
2026-08-05T14:54:55.736369+09:00,2026-08-05,BROS,Dutch Bros Inc.,US,소비재,2026-08-04,64.11,3575500,2584465.0,2.5331,,47,55,35,35,43,0,AVOID,-0.06,-1,True,backfill
2026-08-05T14:54:55.736369+09:00,2026-08-05,MANH,"Manhattan Associates, Inc.",US,IT,2026-08-04,189.42,1259300,948970.0,11.7136,,96,55,45,42,64,1,HOLD,0.8,10,False,backfill
2026-08-05T14:54:55.736369+09:00,2026-08-05,HBM,Hudbay Minerals Inc.,US,소재,2026-08-04,24.77,5439400,4917180.0,1.3571,,73,55,53,60,61,1,HOLD,0.57,7,False,backfill
2026-08-05T14:54:55.736369+09:00,2026-08-05,GMED,"Globus Medical, Inc.",US,제약/바이오,2026-08-04,81.51,1206900,1592615.0,2.4621,,72,60,50,50,60,1,HOLD,0.25,3,False,backfill
2026-08-05T14:54:55.736369+09:00,2026-08-05,WTFC,Wintrust Financial Corporation,US,금융,2026-08-04,162.4148,1024400,721105.0,3.3236,,70,55,53,60,60,1,HOLD,0.5,6,False,backfill
2026-08-05T14:54:55.736369+09:00,2026-08-05,DOCU,"DocuSign, Inc.",US,IT,2026-08-04,57.54,2740400,3158430.0,3.0307,,81,55,40,74,62,2,WATCH,0.65,8,False,backfill
2026-08-05T14:54:55.736369+09:00,2026-08-05,EGP,"EastGroup Properties, Inc.",US,리츠,2026-08-04,204.17,714700,534500.0,5.3129,,51,55,53,45,52,0,HOLD,0.1,1,False,backfill
2026-08-05T14:54:55.736369+09:00,2026-08-05,SMMT,Summit Therapeutics Inc.,US,제약/바이오,2026-08-04,13.76,3999900,3690350.0,0.9705,,18,60,68,42,45,0,HOLD,-0.42,-5,False,backfill
2026-08-05T14:54:55.736369+09:00,2026-08-05,AR,Antero Resources Corporation,US,에너지,2026-08-04,35.69,4416500,4770565.0,1.0707,,72,55,48,86,64,2,WATCH,0.33,4,False,backfill
2026-08-05T14:54:55.736369+09:00,2026-08-05,AAL,American Airlines Group Inc.,US,산업재,2026-08-04,16.56,61124400,112497670.0,0.7264,,80,55,46,78,64,2,WATCH,0.71,9,False,backfill
2026-08-05T14:54:55.736369+09:00,2026-08-05,EHC,Encompass Health Corporation,US,제약/바이오,2026-08-04,110.5,1094500,868110.0,2.9557,,47,60,45,58,51,0,HOLD,0.07,1,False,backfill
2026-08-05T14:54:55.736369+09:00,2026-08-05,PNR,Pentair plc,US,산업재,2026-08-04,68.48,2682400,3901530.0,2.235,,80,55,50,76,65,2,WATCH,0.39,5,False,backfill
2026-08-05T14:54:55.736369+09:00,2026-08-05,AXSM,"Axsome Therapeutics, Inc.",US,제약/바이오,2026-08-04,212.17,473500,694595.0,9.7436,,28,60,43,34,40,0,AVOID,-0.43,-5,True,backfill
2026-08-05T14:54:55.736369+09:00,2026-08-05,RMBS,Rambus Inc.,US,반도체,2026-08-04,100.55,2518400,2899585.0,7.54,,65,60,43,45,54,0,HOLD,-0.01,0,False,backfill
2026-08-05T14:54:55.736369+09:00,2026-08-05,MUSA,Murphy USA Inc.,US,소비재,2026-08-04,589.54,309000,265390.0,20.0093,,46,55,45,42,47,0,HOLD,-0.13,-2,False,backfill
2026-08-05T14:54:55.736369+09:00,2026-08-05,SPXC,"SPX Technologies, Inc.",US,소재,2026-08-04,215.97,524400,641785.0,11.1779,,65,55,48,58,57,0,HOLD,0.3,4,False,backfill
2026-08-05T14:54:55.736369+09:00,2026-08-05,GSAT,"Globalstar, Inc.",US,인터넷,2026-08-04,83.69,871700,1081445.0,1.1879,,69,60,53,27,56,0,HOLD,0.32,4,False,backfill
2026-08-05T14:54:55.736369+09:00,2026-08-05,CART,Maplebear Inc.,US,IT,2026-08-04,45.65,2608800,3597740.0,1.5684,,43,55,40,66,48,0,HOLD,-0.05,-1,False,backfill
2026-08-05T14:54:55.736369+09:00,2026-08-05,MOD,Modine Manufacturing Company,US,산업재,2026-08-04,201.71,1416200,1658015.0,17.4664,,15,55,35,27,31,0,AVOID,-0.89,-11,True,backfill
2026-08-05T14:54:55.736369+09:00,2026-08-05,SSB,SouthState Bank Corp.,US,금융,2026-08-04,108.7646,995000,853970.0,2.3457,,78,55,56,70,66,2,WATCH,0.73,9,False,backfill
2026-08-05T14:54:55.736369+09:00,2026-08-05,ORI,Old Republic International Corporation,US,금융,2026-08-04,43.42,1290700,1282270.0,1.1143,,81,55,45,78,65,2,WATCH,0.67,8,False,backfill
2026-08-05T14:54:55.736369+09:00,2026-08-05,AAOI,"Applied Optoelectronics, Inc.",US,IT,2026-08-04,131.63,21013700,9456615.0,14.0764,,59,55,43,42,51,0,HOLD,-0.14,-2,False,backfill
2026-08-05T14:54:55.736369+09:00,2026-08-05,HMY,Harmony Gold Mining Company Limited,US,소재,2026-08-04,16.88,2515500,2815615.0,0.655,,73,55,53,86,65,2,WATCH,0.63,8,False,backfill
2026-08-05T14:54:55.736369+09:00,2026-08-05,BSY,"Bentley Systems, Incorporated",US,IT,2026-08-04,36.08,3477500,2669030.0,1.6545,,84,55,50,42,62,1,HOLD,0.6,7,False,backfill
2026-08-05T14:54:55.736369+09:00,2026-08-05,ZION,"Zions Bancorporation, National Associati",US,금융,2026-08-04,71.291,1975400,1837945.0,1.656,,62,55,50,65,57,0,HOLD,0.45,5,False,backfill
2026-08-05T14:54:55.736369+09:00,2026-08-05,AES,The AES Corporation,US,유틸리티,2026-08-04,14.68,7275900,7885910.0,0.0474,,65,55,53,70,60,1,HOLD,0.39,5,False,backfill
2026-08-05T14:54:55.736369+09:00,2026-08-05,CFR,"Cullen/Frost Bankers, Inc.",US,금융,2026-08-04,168.26,625400,653315.0,3.6943,,95,55,53,55,68,1,HOLD,0.91,11,False,backfill
2026-08-05T14:54:55.736369+09:00,2026-08-05,FROG,JFrog Ltd.,US,IT,2026-08-04,86.22,1841600,2143295.0,5.4319,,66,55,40,27,50,0,HOLD,0.27,3,False,backfill
2026-08-05T14:54:55.736369+09:00,2026-08-05,AYI,"Acuity Brands, Inc.",US,산업재,2026-08-04,348.58,263000,308520.0,11.391,,66,55,45,58,56,0,HOLD,0.43,5,False,backfill
2026-08-05T14:54:55.736369+09:00,2026-08-05,ONB,Old National Bancorp,US,금융,2026-08-04,27.15,4547900,5036250.0,0.5707,,74,55,50,78,64,2,WATCH,0.64,8,False,backfill
2026-08-05T14:54:55.736369+09:00,2026-08-05,AM,Antero Midstream Corporation,US,에너지,2026-08-04,21.85,2306400,2096795.0,0.5226,,43,55,45,58,48,0,HOLD,-0.07,-1,False,backfill
2026-08-05T14:54:55.736369+09:00,2026-08-05,SIRI,Sirius XM Holdings Inc.,US,인터넷,2026-08-04,30.4724,4797000,4036110.0,1.0327,,62,60,45,86,60,1,HOLD,0.51,6,False,backfill
2026-08-05T14:54:55.736369+09:00,2026-08-05,WLK,Westlake Corporation,US,소재,2026-08-04,80.63,3009300,1127470.0,2.8429,,59,55,56,42,55,0,HOLD,-0.0,0,False,backfill
2026-08-05T14:54:55.736369+09:00,2026-08-05,HL,Hecla Mining Company,US,소재,2026-08-04,15.39,33671100,39408955.0,0.8343,,73,55,45,53,58,1,HOLD,0.19,2,False,backfill
2026-08-05T14:54:55.736369+09:00,2026-08-05,SUZ,Suzano S.A.,US,소재,2026-08-04,8.35,2618300,2395060.0,0.1914,,80,55,58,62,66,1,HOLD,0.54,6,False,backfill
2026-08-05T14:54:55.736369+09:00,2026-08-05,BMNR,"Bitmine Immersion Technologies, Inc.",US,금융,2026-08-04,18.1,28707800,34591955.0,1.2789,,70,55,56,52,60,1,HOLD,0.18,2,False,backfill
2026-08-05T14:54:55.736369+09:00,2026-08-05,R,"Ryder System, Inc.",US,산업재,2026-08-04,268.8,265800,363685.0,8.085,,62,55,45,74,57,1,HOLD,0.4,5,False,backfill
2026-08-05T14:54:55.736369+09:00,2026-08-05,VICR,Vicor Corporation,US,IT,2026-08-04,226.48,690300,883535.0,24.2557,,50,55,35,35,44,0,AVOID,-0.37,-4,True,backfill
2026-08-05T14:54:55.736369+09:00,2026-08-05,ENSG,"The Ensign Group, Inc.",US,제약/바이오,2026-08-04,176.13,438100,474840.0,5.2993,,75,60,46,58,61,1,HOLD,0.41,5,False,backfill
2026-08-05T14:54:55.736369+09:00,2026-08-05,FPS,"Forgent Power Solutions, Inc.",US,산업재,2026-08-04,39.4,13163400,9917035.0,3.4229,,73,55,45,43,56,1,HOLD,0.2,2,False,backfill
2026-08-05T14:54:55.736369+09:00,2026-08-05,SARO,"StandardAero, Inc.",US,산업재,2026-08-04,30.68,2684300,3132125.0,0.9988,,85,55,43,66,64,1,HOLD,0.71,9,False,backfill
2026-08-05T14:54:55.736369+09:00,2026-08-05,FLS,Flowserve Corporation,US,산업재,2026-08-04,79.55,2270400,2109425.0,3.1886,,63,55,58,58,59,0,HOLD,0.51,6,False,backfill
2026-08-05T14:54:55.736369+09:00,2026-08-05,ALSN,"Allison Transmission Holdings, Inc.",US,소비재,2026-08-04,122.62,2033400,897325.0,4.1593,,69,55,53,66,61,0,HOLD,0.34,4,False,backfill
2026-08-05T14:54:55.736369+09:00,2026-08-05,UHS,"Universal Health Services, Inc.",US,제약/바이오,2026-08-04,167.87,733700,1039985.0,6.7793,,70,60,50,70,62,2,WATCH,0.44,5,False,backfill
2026-08-05T14:54:55.736369+09:00,2026-08-05,SUN,Sunoco LP,US,에너지,2026-08-04,73.3178,772800,520255.0,2.0411,,69,55,53,45,58,0,HOLD,0.42,5,False,backfill
2026-08-05T14:54:55.736369+09:00,2026-08-05,HSIC,"Henry Schein, Inc.",US,제약/바이오,2026-08-04,89.11,3360800,1455330.0,2.1614,,66,60,55,58,60,0,HOLD,0.57,7,False,backfill
2026-08-05T14:54:55.736369+09:00,2026-08-05,GGB,Gerdau S.A.,US,소재,2026-08-04,5.1,18818900,15533325.0,0.135,,88,55,43,63,64,1,HOLD,0.63,8,False,backfill
2026-08-05T14:54:55.736369+09:00,2026-08-05,WYNN,"Wynn Resorts, Limited",US,소비재,2026-08-04,97.3616,2503900,1448605.0,2.4782,,50,55,40,58,49,0,HOLD,-0.15,-2,False,backfill
2026-08-05T14:54:55.736369+09:00,2026-08-05,AMG,"Affiliated Managers Group, Inc.",US,금융,2026-08-04,383.4096,290000,267850.0,15.2789,,85,55,53,76,68,2,WATCH,0.85,10,False,backfill
2026-08-05T14:54:55.736369+09:00,2026-08-05,BEP,Brookfield Renewable Partners L.P.,US,유틸리티,2026-08-04,33.04,1034500,1052835.0,1.1671,,65,55,53,45,56,0,HOLD,0.25,3,False,backfill
2026-08-05T14:54:55.736369+09:00,2026-08-05,APTV,Aptiv PLC,US,소비재,2026-08-04,47.72,16956600,3118785.0,2.4236,,20,55,45,74,43,1,AVOID,-0.53,-6,True,backfill
2026-08-05T14:54:55.736369+09:00,2026-08-05,YMM,Full Truck Alliance Co. Ltd.,US,IT,2026-08-04,9.65,6313100,6628370.0,0.2879,,84,55,53,76,68,2,WATCH,0.76,9,False,backfill
2026-08-05T14:54:55.736369+09:00,2026-08-05,SOLS,Solstice Advanced Materials Inc.,US,소재,2026-08-04,63.52,2570600,4122550.0,3.2732,,70,55,46,50,57,1,HOLD,0.07,1,False,backfill
2026-08-05T14:54:55.736369+09:00,2026-08-05,RDY,Dr. Reddy's Laboratories Limited,US,제약/바이오,2026-08-04,12.1,2757700,3108760.0,0.3072,,47,60,50,42,50,0,HOLD,-0.11,-1,False,backfill
2026-08-05T14:54:55.736369+09:00,2026-08-05,BEPH,Brookfield BRP Holdings (Canada) Inc 4.6,US,리츠,2026-08-04,15.11,17800,31605.0,0.1109,,73,55,55,50,61,1,HOLD,0.44,5,False,backfill
2026-08-05T14:54:55.736369+09:00,2026-08-05,GKOS,Glaukos Corporation,US,제약/바이오,2026-08-04,170.53,799700,897530.0,7.7939,,92,60,43,27,61,1,HOLD,0.7,8,False,backfill
2026-08-05T14:54:55.736369+09:00,2026-08-05,SWKS,"Skyworks Solutions, Inc.",US,반도체,2026-08-04,66.79,5818200,6013790.0,3.1493,,69,60,56,53,61,0,HOLD,0.31,4,False,backfill
2026-08-05T14:54:55.736369+09:00,2026-08-05,BEPI,Brookfield BRP Holdings (Canada,US,리츠,2026-08-04,16.05,10000,43485.0,0.1689,,84,55,55,50,64,1,HOLD,0.63,8,False,backfill
2026-08-05T14:54:55.736369+09:00,2026-08-05,005930.KS,삼성전자,KR,미분류,2026-08-04,240000.0,29433821,32208858.0,25485.7143,,50,55,55,78,57,1,HOLD,0.1,1,False,backfill
2026-08-05T14:54:55.736369+09:00,2026-08-05,000660.KS,SK하이닉스,KR,미분류,2026-08-04,1577000.0,5391210,6718951.5,208428.5714,,29,55,47,78,47,1,HOLD,-0.12,-1,False,backfill
2026-08-05T14:54:55.736369+09:00,2026-08-05,373220.KS,LG에너지솔루션,KR,미분류,2026-08-04,328500.0,270560,336117.25,20535.7143,,55,55,55,29,51,0,HOLD,-0.12,-1,False,backfill
2026-08-05T14:54:55.736369+09:00,2026-08-05,207940.KS,삼성바이오로직스,KR,미분류,2026-08-04,1476000.0,51711,68327.05,81428.5714,,80,55,55,50,63,1,HOLD,0.52,6,False,backfill
2026-08-05T14:54:55.736369+09:00,2026-08-05,005380.KS,현대차,KR,미분류,2026-08-04,392500.0,680354,932826.1,28607.1429,,35,55,55,65,50,0,HOLD,-0.27,-3,False,backfill
2026-08-05T14:54:55.736369+09:00,2026-08-05,000270.KS,기아,KR,미분류,2026-08-04,129600.0,700158,1110129.45,8664.2857,,28,55,63,78,51,1,HOLD,-0.22,-3,False,backfill
2026-08-05T14:54:55.736369+09:00,2026-08-05,035420.KS,NAVER,KR,미분류,2026-08-04,226500.0,2278507,1296459.1,15485.7143,,73,55,47,55,59,1,HOLD,0.49,6,False,backfill
2026-08-05T14:54:55.736369+09:00,2026-08-05,068270.KS,셀트리온,KR,미분류,2026-08-04,185800.0,521154,738488.9,7435.7143,,77,55,68,58,67,1,HOLD,0.67,8,False,backfill
2026-08-05T14:54:55.736369+09:00,2026-08-05,105560.KS,KB금융,KR,미분류,2026-08-04,167657.8594,743858,1526766.65,8825.591,,44,55,55,78,55,1,HOLD,0.22,3,False,backfill
2026-08-05T14:54:55.736369+09:00,2026-08-05,005490.KS,POSCO홀딩스,KR,미분류,2026-08-04,313000.0,276520,325853.4,16285.7143,,55,55,50,78,57,1,HOLD,0.0,0,False,backfill
2026-08-05T14:54:55.736369+09:00,2026-08-05,055550.KS,신한지주,KR,미분류,2026-08-04,102300.0,763199,1308771.35,5388.7741,,47,55,68,65,58,0,HOLD,0.33,4,False,backfill
2026-08-05T14:54:55.736369+09:00,2026-08-05,012330.KS,현대모비스,KR,미분류,2026-08-04,480078.25,270991,363205.75,35929.3094,,64,55,63,78,64,1,HOLD,0.67,8,False,backfill
2026-08-05T14:54:55.736369+09:00,2026-08-05,035720.KS,카카오,KR,미분류,2026-08-04,37900.0,2281800,2178620.75,1883.9286,,59,55,55,58,57,0,HOLD,0.04,0,False,backfill
2026-08-05T14:54:55.736369+09:00,2026-08-05,006400.KS,삼성SDI,KR,미분류,2026-08-04,419500.0,401740,503478.8,36464.2857,,55,55,58,45,54,0,HOLD,-0.03,0,False,backfill
2026-08-05T14:54:55.736369+09:00,2026-08-05,028260.KS,삼성물산,KR,미분류,2026-08-04,322500.0,485793,626579.35,32678.5714,,65,55,63,50,60,0,HOLD,0.28,3,False,backfill
2026-08-05T14:54:55.736369+09:00,2026-08-05,015760.KS,한국전력,KR,미분류,2026-08-04,35150.0,1276750,1682779.75,1717.8571,,62,55,63,70,62,1,HOLD,0.21,3,False,backfill
2026-08-05T14:54:55.736369+09:00,2026-08-05,010130.KS,고려아연,KR,미분류,2026-08-04,1044000.0,14310,16869.0,69428.5714,,54,55,55,42,53,0,HOLD,-0.08,-1,False,backfill
2026-08-05T14:54:55.736369+09:00,2026-08-05,034730.KS,SK,KR,미분류,2026-08-04,516594.9375,180653,259125.3,59160.5214,,32,55,55,78,50,1,HOLD,0.04,0,False,backfill
2026-08-05T14:54:55.736369+09:00,2026-08-05,003670.KS,포스코퓨처엠,KR,미분류,2026-08-04,142800.0,183174,294501.95,11478.5714,,55,55,50,22,49,0,HOLD,-0.19,-2,False,backfill
2026-08-05T14:54:55.736369+09:00,2026-08-05,018260.KS,삼성에스디에스,KR,미분류,2026-08-04,219500.0,409886,332892.7,14839.2857,,72,55,55,50,60,1,HOLD,0.6,7,False,backfill
2026-08-05T14:54:55.736369+09:00,2026-08-05,032830.KS,삼성생명,KR,미분류,2026-08-04,278000.0,691982,498100.75,28160.7143,,25,55,55,62,46,0,HOLD,-0.26,-3,False,backfill
2026-08-05T14:54:55.736369+09:00,2026-08-05,138040.KS,메리츠금융지주,KR,미분류,2026-08-04,119500.0,276866,291452.0,6007.1429,,84,55,55,70,67,2,WATCH,0.74,9,False,backfill
2026-08-05T14:54:55.736369+09:00,2026-08-05,011200.KS,HMM,KR,미분류,2026-08-04,21200.0,1078734,1516941.35,954.2857,,80,55,68,52,67,1,HOLD,0.68,8,False,backfill
2026-08-05T14:54:55.736369+09:00,2026-08-05,086790.KS,하나금융지주,KR,미분류,2026-08-04,126494.3906,509864,1006349.35,6953.5092,,40,55,66,65,55,0,HOLD,0.16,2,False,backfill
2026-08-05T14:54:55.736369+09:00,2026-08-05,017670.KS,SK텔레콤,KR,미분류,2026-08-04,91400.0,2471303,1578570.05,8507.1429,,72,55,50,68,61,1,HOLD,0.39,5,False,backfill
2026-08-05T14:54:55.736369+09:00,2026-08-05,011170.KS,롯데케미칼,KR,미분류,2026-08-04,57700.0,82435,107511.2,3271.4286,,35,55,50,50,46,0,HOLD,-0.38,-5,False,backfill
2026-08-05T14:54:55.736369+09:00,2026-08-05,267260.KS,HD현대일렉트릭,KR,미분류,2026-08-04,714781.6875,156137,189209.3,71378.3316,,55,55,63,50,57,0,HOLD,0.04,0,False,backfill
2026-08-05T14:54:55.736369+09:00,2026-08-05,090430.KS,아모레퍼시픽,KR,미분류,2026-08-04,131900.0,383994,386039.75,6964.2857,,77,55,68,50,66,1,HOLD,0.63,8,False,backfill
2026-08-05T14:54:55.736369+09:00,2026-08-05,267250.KS,HD현대중공업,KR,미분류,2026-08-04,207292.6562,159803,171655.9,17143.0087,,62,55,55,78,61,1,HOLD,0.15,2,False,backfill
2026-08-05T14:54:55.736369+09:00,2026-08-05,323410.KS,카카오뱅크,KR,미분류,2026-08-04,21850.0,704358,966765.5,928.5714,,28,55,60,60,48,0,HOLD,-0.31,-4,False,backfill
2026-08-05T14:54:55.736369+09:00,2026-08-05,000810.KS,삼성화재,KR,미분류,2026-08-04,620000.0,91459,121079.3,41428.5714,,36,55,66,62,53,0,HOLD,0.25,3,False,backfill
2026-08-05T14:54:55.736369+09:00,2026-08-05,010950.KS,S-Oil,KR,미분류,2026-08-04,125800.0,388861,521470.4,9896.4286,,43,55,55,70,53,1,HOLD,0.06,1,False,backfill
2026-08-05T14:54:55.736369+09:00,2026-08-05,011070.KS,LG이노텍,KR,미분류,2026-08-04,525000.0,256495,304962.2,63892.8571,,50,55,55,55,53,0,HOLD,0.04,0,False,backfill
2026-08-05T14:54:55.736369+09:00,2026-08-05,010140.KS,삼성중공업,KR,미분류,2026-08-04,21650.0,3560045,3997348.85,1531.4286,,55,55,58,76,59,1,HOLD,0.08,1,False,backfill
2026-08-05T14:54:55.736369+09:00,2026-08-05,329180.KS,HD현대미포,KR,미분류,2026-08-04,477152.125,153157,306729.75,29848.4684,,62,55,55,60,58,0,HOLD,0.09,1,False,backfill
2026-08-05T14:54:55.736369+09:00,2026-08-05,024110.KS,기업은행,KR,미분류,2026-08-04,20350.0,597126,1204317.3,754.8405,,43,55,60,70,55,1,HOLD,0.04,0,False,backfill
2026-08-05T14:54:55.736369+09:00,2026-08-05,009150.KS,삼성전기,KR,미분류,2026-08-04,1185000.0,982295,977292.75,170714.2857,,73,55,63,50,63,1,HOLD,0.69,8,False,backfill
2026-08-05T14:54:55.736369+09:00,2026-08-05,042660.KS,한화오션,KR,미분류,2026-08-04,87500.0,1087835,2206521.7,6714.2857,,59,55,58,60,58,0,HOLD,0.08,1,False,backfill
2026-08-05T14:54:55.736369+09:00,2026-08-05,128940.KS,한미약품,KR,미분류,2026-08-04,378000.0,93358,97716.3,27428.5714,,65,55,55,50,58,0,HOLD,0.15,2,False,backfill
2026-08-05T14:54:55.736369+09:00,2026-08-05,247540.KS,에코프로비엠,KR,미분류,2026-08-04,102500.0,556835,455992.2,9914.2857,,40,55,50,50,48,0,HOLD,-0.31,-4,False,backfill
2026-08-05T14:54:55.736369+09:00,2026-08-05,251270.KS,넷마블,KR,미분류,2026-08-04,39300.0,126708,170939.55,1628.5714,,62,55,55,78,61,1,HOLD,0.15,2,False,backfill
2026-08-05T14:54:55.736369+09:00,2026-08-05,036570.KS,엔씨소프트,KR,미분류,2026-08-04,240500.0,43882,81074.9,11785.7143,,67,55,63,78,65,1,HOLD,0.38,5,False,backfill
2026-08-05T14:54:55.736369+09:00,2026-08-05,018880.KS,한온시스템,KR,미분류,2026-08-04,3370.0,5892007,5396182.8,244.2857,,50,55,50,60,52,0,HOLD,-0.13,-2,False,backfill
2026-08-05T14:54:55.736369+09:00,2026-08-05,000720.KS,현대건설,KR,미분류,2026-08-04,101500.0,622625,581189.1,9182.1429,,57,55,63,52,58,0,HOLD,0.08,1,False,backfill
2026-08-05T14:54:55.736369+09:00,2026-08-05,139480.KS,이마트,KR,미분류,2026-08-04,80100.0,89887,114597.25,3607.1429,,35,55,55,70,50,1,HOLD,-0.25,-3,False,backfill
2026-08-05T14:54:55.736369+09:00,2026-08-05,000100.KS,유한양행,KR,미분류,2026-08-04,74800.0,216144,283949.8,3321.4286,,69,55,55,42,58,0,HOLD,0.14,2,False,backfill
2026-08-05T14:54:55.736369+09:00,2026-08-05,032640.KS,LG유플러스,KR,미분류,2026-08-04,14671.4307,1106127,1075876.55,473.0908,,72,55,68,78,68,2,WATCH,0.6,7,False,backfill
2026-08-05T14:54:55.736369+09:00,2026-08-05,375500.KS,DL이앤씨,KR,미분류,2026-08-04,66000.0,362506,340313.1,4953.5714,,54,55,63,78,60,1,HOLD,0.13,2,False,backfill
2026-08-05T14:54:55.736369+09:00,2026-08-05,096770.KS,SK이노베이션,KR,미분류,2026-08-04,111300.0,574466,931061.15,9857.1429,,41,55,50,68,51,0,HOLD,-0.23,-3,False,backfill
2026-08-05T14:54:55.736369+09:00,2026-08-05,079550.KS,LIG넥스원,KR,미분류,2026-08-04,801000.0,182444,157173.3,73142.8571,,47,55,63,42,53,0,HOLD,-0.1,-1,False,backfill
2026-08-05T14:54:55.736369+09:00,2026-08-05,006360.KS,GS건설,KR,미분류,2026-08-04,28750.0,5430333,3007292.3,3410.7143,,65,55,50,78,60,1,HOLD,0.2,2,False,backfill
2026-08-05T14:54:55.736369+09:00,2026-08-05,078930.KS,GS,KR,미분류,2026-08-04,96900.0,756290,547086.15,8078.5714,,100,55,68,70,77,2,WATCH,1.19,14,False,backfill
2026-08-05T14:54:55.736369+09:00,2026-08-05,036460.KS,한국가스공사,KR,미분류,2026-08-04,34100.0,143645,157816.95,1228.5714,,72,55,60,78,66,2,WATCH,0.42,5,False,backfill
2026-08-05T14:54:55.736369+09:00,2026-08-05,016360.KS,삼성증권,KR,미분류,2026-08-04,98600.0,260697,457568.8,6771.4286,,37,55,61,70,53,1,HOLD,-0.16,-2,False,backfill
2026-08-05T14:54:55.736369+09:00,2026-08-05,005940.KS,NH투자증권,KR,미분류,2026-08-04,27850.0,355305,735154.35,1767.8571,,15,55,55,70,43,1,AVOID,-0.53,-6,True,backfill
2026-08-05T14:54:55.736369+09:00,2026-08-05,026960.KS,동서,KR,미분류,2026-08-04,25400.0,70436,85144.45,925.0,,43,55,55,50,50,0,HOLD,-0.01,0,False,backfill
2026-08-05T14:54:55.736369+09:00,2026-08-05,010060.KS,OCI홀딩스,KR,미분류,2026-08-04,225000.0,531248,316080.5,32385.7143,,59,55,50,52,54,0,HOLD,-0.03,0,False,backfill
2026-08-05T14:54:55.736369+09:00,2026-08-05,000210.KS,DL,KR,미분류,2026-08-04,51900.0,264729,116083.75,3828.5714,,59,55,50,78,58,1,HOLD,0.06,1,False,backfill
2026-08-05T14:54:55.736369+09:00,2026-08-05,006800.KS,미래에셋증권,KR,미분류,2026-08-04,34050.0,1586634,2005088.25,2907.1429,,32,55,63,70,52,1,HOLD,-0.21,-3,False,backfill
2026-08-05T14:54:55.736369+09:00,2026-08-05,064350.KS,현대로템,KR,미분류,2026-08-04,139900.0,457455,661370.65,13478.5714,,40,55,63,60,53,0,HOLD,-0.13,-2,False,backfill
2026-08-05T14:54:55.736369+09:00,2026-08-05,005830.KS,DB손해보험,KR,미분류,2026-08-04,154800.0,174829,244885.9,8842.8571,,43,55,68,62,56,0,HOLD,0.11,1,False,backfill
2026-08-05T14:54:55.736369+09:00,2026-08-05,002380.KS,KCC,KR,미분류,2026-08-04,396500.0,29715,25657.85,29548.1776,,55,55,55,78,58,1,HOLD,0.06,1,False,backfill
2026-08-05T14:54:55.736369+09:00,2026-08-05,011790.KS,SKC,KR,미분류,2026-08-04,78100.0,227073,259469.0,6800.0,,50,55,50,50,51,0,HOLD,-0.16,-2,False,backfill
2026-08-05T14:54:55.736369+09:00,2026-08-05,006650.KS,대한유화,KR,미분류,2026-08-04,89700.0,33705,28806.9,6350.0,,32,55,55,78,50,1,HOLD,-0.27,-3,False,backfill
2026-08-05T14:54:55.736369+09:00,2026-08-05,000670.KS,영풍,KR,미분류,2026-08-04,35000.0,35510,32688.15,2132.1429,,55,55,55,58,55,0,HOLD,-0.01,0,False,backfill
2026-08-05T14:54:55.736369+09:00,2026-08-05,138930.KS,BNK금융지주,KR,미분류,2026-08-04,14958.3945,1081012,1139465.2,877.5347,,10,55,63,70,44,1,AVOID,-0.52,-6,True,backfill
2026-08-05T14:54:55.736369+09:00,2026-08-05,006260.KS,LS,KR,미분류,2026-08-04,300500.0,168198,153460.0,30250.0,,55,55,63,52,57,0,HOLD,0.05,1,False,backfill
2026-08-05T14:54:55.736369+09:00,2026-08-05,008770.KS,호텔신라,KR,미분류,2026-08-04,41500.0,721472,313516.3,2671.4286,,18,55,50,78,44,1,AVOID,-0.52,-6,True,backfill
2026-08-05T14:54:55.736369+09:00,2026-08-05,009830.KS,한화솔루션,KR,미분류,2026-08-04,26800.0,3984564,3317321.45,2800.0,,55,55,50,70,56,1,HOLD,-0.02,0,False,backfill
2026-08-05T14:54:55.736369+09:00,2026-08-05,139130.KS,DGB금융지주,KR,미분류,2026-08-04,17250.0,447348,588144.75,951.7857,,43,55,68,70,57,1,HOLD,0.08,1,False,backfill
2026-08-05T14:54:55.736369+09:00,2026-08-05,011780.KS,금호석유,KR,미분류,2026-08-04,117000.0,87584,78898.35,6257.1429,,65,55,63,86,66,1,HOLD,0.31,4,False,backfill
2026-08-05T14:54:55.736369+09:00,2026-08-05,079160.KS,CJ CGV,KR,미분류,2026-08-04,5190.0,308597,598603.45,304.6429,,92,55,55,66,70,1,HOLD,0.83,10,False,backfill
2026-08-05T14:54:55.736369+09:00,2026-08-05,033780.KS,KT&G,KR,미분류,2026-08-04,175600.0,223294,301280.65,6750.0,,35,55,66,55,51,0,HOLD,0.02,0,False,backfill
2026-08-05T14:54:55.736369+09:00,2026-08-05,005810.KS,풍산,KR,미분류,2026-08-04,35450.0,20385,32168.65,1821.4286,,54,55,55,78,58,1,HOLD,0.04,0,False,backfill
2026-08-05T14:54:55.736369+09:00,2026-08-05,002960.KS,한국쉘석유,KR,미분류,2026-08-04,499500.0,1048,2094.1,17678.5714,,38,55,55,58,50,0,HOLD,-0.02,0,False,backfill
2026-08-05T14:54:55.736369+09:00,2026-08-05,000120.KS,CJ대한통운,KR,미분류,2026-08-04,76000.0,44047,50571.25,3164.2857,,59,55,55,78,60,1,HOLD,0.11,1,False,backfill
2026-08-05T14:54:55.736369+09:00,2026-08-05,120110.KS,코오롱인더,KR,미분류,2026-08-04,52100.0,99887,190969.55,4196.4286,,50,55,50,78,55,1,HOLD,-0.07,-1,False,backfill
2026-08-05T14:54:55.736369+09:00,2026-08-05,069620.KS,대웅제약,KR,미분류,2026-08-04,123600.0,60974,43960.7,7692.8571,,58,55,60,62,59,0,HOLD,0.13,2,False,backfill
2026-08-05T14:54:55.736369+09:00,2026-08-05,185750.KS,종근당,KR,미분류,2026-08-04,67500.0,27500,23688.7,2639.2857,,55,55,55,78,58,1,HOLD,0.06,1,False,backfill
2026-08-05T14:54:55.736369+09:00,2026-08-05,006840.KS,AK홀딩스,KR,미분류,2026-08-04,7350.0,23077,18346.2,355.0,,54,55,55,42,53,0,HOLD,-0.07,-1,False,backfill
2026-08-05T14:54:55.736369+09:00,2026-08-05,008930.KS,한미사이언스,KR,미분류,2026-08-04,39200.0,316696,234842.75,2216.0714,,74,55,68,50,65,1,HOLD,0.68,8,False,backfill
2026-08-05T14:54:55.736369+09:00,2026-08-05,002790.KS,아모레G,KR,미분류,2026-08-04,25900.0,82254,125072.3,1200.0,,77,55,60,78,68,2,WATCH,0.55,7,False,backfill
2026-08-05T14:54:55.736369+09:00,2026-08-05,069260.KS,휴켐스,KR,미분류,2026-08-04,15020.0,71885,75161.75,430.0,,50,55,50,78,55,1,HOLD,-0.07,-1,False,backfill
2026-08-05T14:54:55.736369+09:00,2026-08-05,000080.KS,하이트진로,KR,미분류,2026-08-04,15130.0,100236,123963.7,473.5714,,57,55,55,78,59,1,HOLD,0.14,2,False,backfill
2026-08-05T14:54:55.736369+09:00,2026-08-05,030200.KS,KT,KR,미분류,2026-08-04,52300.0,233152,476513.15,1561.7383,,57,55,68,73,62,1,HOLD,0.3,4,False,backfill
2026-08-05T14:54:55.736369+09:00,2026-08-05,012450.KS,한화에어로스페이스,KR,미분류,2026-08-04,1004000.0,292632,231575.35,76000.0,,62,55,63,52,59,0,HOLD,0.15,2,False,backfill
2026-08-05T14:54:55.736369+09:00,2026-08-05,047810.KS,한국항공우주,KR,미분류,2026-08-04,137500.0,511714,496904.45,12157.1429,,33,55,63,50,49,0,HOLD,-0.27,-3,False,backfill
2026-08-05T14:54:55.736369+09:00,2026-08-05,051910.KS,LG화학,KR,미분류,2026-08-04,256500.0,217286,226299.6,17571.4286,,55,55,50,62,55,0,HOLD,-0.05,-1,False,backfill
2026-08-05T14:54:55.736369+09:00,2026-08-05,051900.KS,LG생활건강,KR,미분류,2026-08-04,290107.4688,101117,88242.65,14999.4317,,74,55,71,45,65,2,WATCH,0.72,9,False,backfill
2026-08-05T14:54:55.736369+09:00,2026-08-05,066570.KS,LG전자,KR,미분류,2026-08-04,165044.5781,1179360,1536977.55,13569.6993,,64,55,55,78,62,1,HOLD,0.58,7,False,backfill
2026-08-05T14:54:55.736369+09:00,2026-08-05,003550.KS,LG,KR,미분류,2026-08-04,102000.0,224190,356402.8,5571.4286,,57,55,58,70,59,1,HOLD,0.33,4,False,backfill
2026-08-05T14:54:55.736369+09:00,2026-08-05,000150.KS,두산,KR,미분류,2026-08-04,1272988.875,70200,90987.9,143457.4933,,55,55,50,50,53,0,HOLD,-0.09,-1,False,backfill
2026-08-05T14:54:55.736369+09:00,2026-08-05,034020.KS,두산에너빌리티,KR,미분류,2026-08-04,73000.0,2577175,2829484.45,5135.7143,,55,55,50,35,50,0,HOLD,-0.15,-2,False,backfill
2026-08-05T14:54:55.736369+09:00,2026-08-05,241560.KS,두산밥캣,KR,미분류,2026-08-04,62309.9531,121080,196313.4,3783.4599,,65,55,60,70,62,1,HOLD,0.29,3,False,backfill
2026-08-05T14:54:55.736369+09:00,2026-08-05,035250.KS,강원랜드,KR,미분류,2026-08-04,14500.0,549768,445132.05,388.9286,,53,55,55,70,57,1,HOLD,0.02,0,False,backfill
2026-08-05T14:54:55.736369+09:00,2026-08-05,114090.KS,GKL,KR,미분류,2026-08-04,9360.0,76202,219785.35,421.4286,,35,55,55,86,53,1,HOLD,-0.2,-2,False,backfill
2026-08-05T14:54:55.736369+09:00,2026-08-05,020150.KS,롯데에너지머티리얼즈,KR,미분류,2026-08-04,30450.0,166581,190799.0,2875.0,,50,55,50,27,48,0,HOLD,-0.25,-3,False,backfill
2026-08-05T14:54:55.736369+09:00,2026-08-05,004020.KS,현대제철,KR,미분류,2026-08-04,26450.0,635823,570482.65,1646.4286,,50,55,50,78,55,1,HOLD,-0.07,-1,False,backfill
2026-08-05T14:54:55.736369+09:00,2026-08-05,069960.KS,현대백화점,KR,미분류,2026-08-04,118400.0,178548,150195.8,11128.5714,,20,55,63,78,49,1,HOLD,-0.2,-2,False,backfill
2026-08-05T14:54:55.736369+09:00,2026-08-05,023530.KS,롯데쇼핑,KR,미분류,2026-08-04,114700.0,167505,146885.5,9435.7143,,20,55,50,78,45,1,HOLD,-0.47,-6,False,backfill
2026-08-05T14:54:55.736369+09:00,2026-08-05,012750.KS,에스원,KR,미분류,2026-08-04,72300.0,39418,65303.9,2735.7143,,72,55,58,68,64,1,HOLD,0.5,6,False,backfill
2026-08-05T14:54:55.736369+09:00,2026-08-05,035150.KS,백광산업,KR,미분류,2026-08-04,10030.0,9033,22471.75,362.8571,,50,55,55,58,54,0,HOLD,-0.08,-1,False,backfill
2026-08-05T14:54:55.736369+09:00,2026-08-05,018670.KS,삼성E&A,KR,미분류,2026-08-04,213500.0,23694,17266.5,15808.3649,,33,55,55,62,48,0,HOLD,-0.31,-4,False,backfill
2026-08-05T14:54:55.736369+09:00,2026-08-05,003490.KS,대한항공,KR,미분류,2026-08-04,26100.0,1563691,2904316.55,1217.8571,,69,55,60,62,62,0,HOLD,0.58,7,False,backfill
2026-08-05T14:54:55.736369+09:00,2026-08-05,020560.KS,아시아나항공,KR,미분류,2026-08-04,7000.0,47288,128614.3,283.5714,,65,55,55,50,58,0,HOLD,0.35,4,False,backfill
2026-08-05T14:54:55.736369+09:00,2026-08-05,047040.KS,대우건설,KR,미분류,2026-08-04,15200.0,9728050,5026184.9,1500.7143,,50,55,50,52,51,0,HOLD,-0.16,-2,False,backfill
2026-08-05T14:54:55.736369+09:00,2026-08-05,088980.KS,맥쿼리인프라,KR,미분류,2026-08-04,9880.0,1621227,1388928.95,162.1429,,50,55,55,50,52,0,HOLD,-0.03,0,False,backfill
2026-08-05T14:54:55.736369+09:00,2026-08-05,161390.KS,한국타이어앤테크놀로지,KR,미분류,2026-08-04,67700.0,180614,396666.05,4592.8571,,47,55,68,62,57,0,HOLD,0.41,5,False,backfill
2026-08-05T14:54:55.736369+09:00,2026-08-05,161890.KS,한국콜마,KR,미분류,2026-08-04,101300.0,341815,351208.85,7464.2857,,47,55,60,60,54,0,HOLD,0.33,4,False,backfill
