scan_ts_kst,date,ticker,name,market,sector,bar_date,close,volume,avg_vol20,atr14,market_cap,tech,macro,filing,value,total,consensus,signal,ev,target,hitl,source
2026-08-22T07:29:36.786475+09:00,2026-08-22,NVDA,NVIDIA Corporation,US,반도체,2026-08-21,214.72,91591112,116217370.6,5.7507,5200733011968,65,65,71,58,66,1,HOLD,0.56,7,False,live
2026-08-22T07:29:36.786475+09:00,2026-08-22,AAPL,Apple Inc.,US,IT,2026-08-21,309.35,42216056,52786512.8,6.3862,4514709504000,50,60,58,42,53,0,HOLD,0.13,2,False,live
2026-08-22T07:29:36.786475+09:00,2026-08-22,GOOGL,Alphabet Inc.,US,인터넷,2026-08-21,344.82,20779426,26696611.3,8.2921,4217126256640,17,65,68,68,50,0,HOLD,-0.24,-3,False,live
2026-08-22T07:29:36.786475+09:00,2026-08-22,GOOG,Alphabet Inc.,US,인터넷,2026-08-21,341.75,15139207,18018470.35,7.7664,4179580420096,17,65,60,68,47,0,HOLD,-0.32,-4,False,live
2026-08-22T07:29:36.786475+09:00,2026-08-22,MSFT,Microsoft Corporation,US,IT,2026-08-21,483.24,21856586,36620514.3,10.5147,3588320657408,55,60,50,50,54,0,HOLD,0.34,4,False,live
2026-08-22T07:29:36.786475+09:00,2026-08-22,AMZN,"Amazon.com, Inc.",US,소비재,2026-08-21,258.63,35440827,47962066.35,6.3868,2789664358400,32,60,60,50,49,0,HOLD,-0.12,-1,False,live
2026-08-22T07:29:36.786475+09:00,2026-08-22,TSM,Taiwan Semiconductor Manufacturing Compa,US,반도체,2026-08-21,418.95,7417130,12092791.5,11.2679,2172873342976,72,65,77,66,71,2,WATCH,0.8,10,False,live
2026-08-22T07:29:36.786475+09:00,2026-08-22,AVGO,Broadcom Inc.,US,반도체,2026-08-21,368.45,18978649,19930597.45,15.0093,1752930451456,43,65,60,43,52,0,HOLD,-0.06,-1,False,live
2026-08-22T07:29:36.786475+09:00,2026-08-22,TSLA,"Tesla, Inc.",US,소비재,2026-08-21,362.86,57808372,35015873.6,11.5086,1433132728320,59,60,70,30,58,1,HOLD,0.14,2,False,live
2026-08-22T07:29:36.786475+09:00,2026-08-22,META,"Meta Platforms, Inc.",US,인터넷,2026-08-21,549.9,13175977,17326433.85,17.0209,1400873680896,28,65,50,66,48,0,HOLD,-0.28,-3,False,live
2026-08-22T07:29:36.786475+09:00,2026-08-22,LLY,Eli Lilly and Company,US,제약/바이오,2026-08-21,1255.4,1876368,2823668.4,45.085,1119009636352,91,65,71,42,72,2,WATCH,1.07,13,False,live
2026-08-22T07:29:36.786475+09:00,2026-08-22,MU,"Micron Technology, Inc.",US,반도체,2026-08-21,966.78,20990385,39186879.25,56.2179,1091874717696,80,65,65,58,69,1,HOLD,0.91,11,False,live
2026-08-22T07:29:36.786475+09:00,2026-08-22,JPM,JPMorgan Chase & Co.,US,금융,2026-08-21,351.58,5579895,6088954.75,5.7288,934565052416,47,60,81,60,62,1,HOLD,0.59,7,False,live
2026-08-22T07:29:36.786475+09:00,2026-08-22,WMT,Walmart Inc.,US,소매,2026-08-21,103.7,44077886,26314214.3,2.8707,825252773888,28,60,50,37,42,0,AVOID,-0.47,-6,True,live
2026-08-22T07:29:36.786475+09:00,2026-08-22,AMD,"Advanced Micro Devices, Inc.",US,반도체,2026-08-21,473.25,14195919,26540185.95,23.4049,772568776704,28,65,65,35,48,0,HOLD,-0.08,-1,False,live
2026-08-22T07:29:36.786475+09:00,2026-08-22,V,Visa Inc.,US,금융,2026-08-21,371.04,4746812,7279340.6,6.4094,692749271040,66,60,71,50,64,1,HOLD,0.69,8,False,live
2026-08-22T07:29:36.786475+09:00,2026-08-22,XOM,Exxon Mobil Corporation,US,에너지,2026-08-21,165.11,14225679,14277493.95,3.7159,678917767168,81,60,40,58,61,1,HOLD,0.52,6,False,live
2026-08-22T07:29:36.786475+09:00,2026-08-22,ASML,ASML Holding N.V.,US,반도체,2026-08-21,1763.76,858512,1552670.6,58.7529,677460246528,76,65,70,42,67,2,WATCH,0.76,9,False,live
2026-08-22T07:29:36.786475+09:00,2026-08-22,JNJ,Johnson & Johnson,US,제약/바이오,2026-08-21,270.24,6175580,6991154.0,5.4082,651250958336,81,65,56,53,66,1,HOLD,0.81,10,False,live
2026-08-22T07:29:36.786475+09:00,2026-08-22,MA,Mastercard Incorporated,US,금융,2026-08-21,580.63,2200234,3076551.7,9.7561,508637642752,66,60,53,50,58,0,HOLD,0.53,6,False,live
2026-08-22T07:29:36.786475+09:00,2026-08-22,ABBV,AbbVie Inc.,US,제약/바이오,2026-08-21,264.96,5135044,5422252.2,5.5585,468215398400,85,65,81,51,75,2,WATCH,1.12,13,False,live
2026-08-22T07:29:36.786475+09:00,2026-08-22,INTC,Intel Corp.,US,반도체,2026-08-21,90.07,90790387,114388264.35,5.7063,476119498752,18,65,83,42,50,1,HOLD,-0.22,-3,False,live
2026-08-22T07:29:36.786475+09:00,2026-08-22,BAC,Bank of America Corporation,US,금융,2026-08-21,61.69,26762369,27505478.45,1.055,431382659072,50,60,81,60,63,1,HOLD,0.63,8,False,live
2026-08-22T07:29:36.786475+09:00,2026-08-22,CSCO,"Cisco Systems, Inc.",US,IT,2026-08-21,111.04,18389172,23026638.6,4.2536,437656911872,28,60,65,50,49,0,HOLD,-0.18,-2,False,live
2026-08-22T07:29:36.786475+09:00,2026-08-22,ORCL,Oracle Corporation,US,IT,2026-08-21,146.47,16685495,28940374.75,6.4896,421902581760,55,60,60,50,57,0,HOLD,0.04,0,False,live
2026-08-22T07:29:36.786475+09:00,2026-08-22,COST,Costco Wholesale Corporation,US,소매,2026-08-21,947.74,2185152,1857302.6,17.2921,420302618624,43,60,60,29,49,0,HOLD,-0.1,-1,False,live
2026-08-22T07:29:36.786475+09:00,2026-08-22,PLTR,Palantir Technologies Inc.,US,IT,2026-08-21,179.94,40929832,47634061.6,9.6131,432406331392,73,60,42,35,55,1,HOLD,0.46,6,False,live
2026-08-22T07:29:36.786475+09:00,2026-08-22,CVX,Chevron Corporation,US,에너지,2026-08-21,205.27,5523717,8019905.85,4.1712,402658328576,81,60,32,74,61,2,WATCH,0.51,6,False,live
2026-08-22T07:29:36.786475+09:00,2026-08-22,LRCX,Lam Research Corporation,US,반도체,2026-08-21,314.0,5606798,10564879.9,17.3893,392914796544,72,65,73,42,66,2,WATCH,0.67,8,False,live
2026-08-22T07:29:36.786475+09:00,2026-08-22,KO,The Coca-Cola Company,US,소매,2026-08-21,91.1,15527401,16131685.05,1.3521,391962198016,73,60,53,37,59,1,HOLD,0.55,7,False,live
2026-08-22T07:29:36.786475+09:00,2026-08-22,AMAT,"Applied Materials, Inc.",US,반도체,2026-08-21,492.32,5342374,8001108.7,27.1042,390882099200,32,65,65,42,50,0,HOLD,0.17,2,False,live
2026-08-22T07:29:36.786475+09:00,2026-08-22,CAT,Caterpillar Inc.,US,산업재,2026-08-21,827.9,2030466,3134088.3,33.1571,380564832256,50,60,65,50,56,0,HOLD,0.15,2,False,live
2026-08-22T07:29:36.786475+09:00,2026-08-22,MRK,"Merck & Co., Inc.",US,제약/바이오,2026-08-21,152.55,11433963,10294438.15,4.4971,376367022080,77,65,50,30,59,1,HOLD,0.61,7,False,live
2026-08-22T07:29:36.786475+09:00,2026-08-22,GE,GE Aerospace,US,산업재,2026-08-21,348.37,3545795,3627729.75,9.5807,361455648768,47,60,60,29,51,0,HOLD,0.26,3,False,live
2026-08-22T07:29:36.786475+09:00,2026-08-22,HSBC,HSBC Holdings plc,US,금융,2026-08-21,104.15,743306,1219790.3,1.5305,357006835712,59,60,55,60,58,0,HOLD,0.47,6,False,live
2026-08-22T07:29:36.786475+09:00,2026-08-22,UNH,UnitedHealth Group Incorporated,US,제약/바이오,2026-08-21,390.11,4878587,4356594.35,9.5568,350160715776,28,65,83,66,58,1,HOLD,0.21,3,False,live
2026-08-22T07:29:36.786475+09:00,2026-08-22,PG,The Procter & Gamble Company,US,소매,2026-08-21,144.68,8049649,9672372.45,2.5396,336901701632,28,60,63,45,47,0,HOLD,-0.11,-1,False,live
2026-08-22T07:29:36.786475+09:00,2026-08-22,MS,Morgan Stanley,US,금융,2026-08-21,214.2,3306544,4699007.2,4.8514,336415293440,47,60,60,60,55,0,HOLD,0.26,3,False,live
2026-08-22T07:29:36.786475+09:00,2026-08-22,HD,"The Home Depot, Inc.",US,소비재,2026-08-21,335.61,2330906,3919660.3,8.8757,334642315264,47,60,63,42,54,0,HOLD,0.24,3,False,live
2026-08-22T07:29:36.786475+09:00,2026-08-22,NFLX,"Netflix, Inc.",US,인터넷,2026-08-21,79.59,22987156,33591372.8,2.215,331407949824,80,65,45,50,62,1,HOLD,0.34,4,False,live
2026-08-22T07:29:36.786475+09:00,2026-08-22,GS,"The Goldman Sachs Group, Inc.",US,금융,2026-08-21,1039.28,2536160,1987793.0,24.7129,302608613376,43,60,55,60,53,0,HOLD,0.12,1,False,live
2026-08-22T07:29:36.786475+09:00,2026-08-22,NVS,Novartis AG,US,제약/바이오,2026-08-21,158.86,1083307,1537400.35,2.8132,301947551744,87,65,55,53,68,1,HOLD,0.75,9,False,live
2026-08-22T07:29:36.786475+09:00,2026-08-22,DELL,Dell Technologies Inc.,US,IT,2026-08-21,442.08,3657279,5788993.95,29.7586,285646618624,51,60,55,66,56,0,HOLD,0.39,5,False,live
2026-08-22T07:29:36.786475+09:00,2026-08-22,PM,Philip Morris International Inc.,US,소매,2026-08-21,188.23,3144548,4875682.4,4.1757,293377802240,43,60,58,58,53,0,HOLD,0.09,1,False,live
2026-08-22T07:29:36.786475+09:00,2026-08-22,PANW,"Palo Alto Networks, Inc.",US,IT,2026-08-21,357.87,5107946,5651147.3,15.3,291664035840,51,60,52,30,50,0,HOLD,0.24,3,False,live
2026-08-22T07:29:36.786475+09:00,2026-08-22,BABA,Alibaba Group Holding Limited,US,소비재,2026-08-21,119.34,32356925,11731596.25,4.3382,286042914816,40,60,45,58,48,0,HOLD,-0.19,-2,False,live
2026-08-22T07:29:36.786475+09:00,2026-08-22,RY,Royal Bank of Canada,US,금융,2026-08-21,205.23,793497,1237344.85,3.2936,285200384000,47,60,60,50,54,0,HOLD,0.25,3,False,live
2026-08-22T07:29:36.786475+09:00,2026-08-22,RTX,RTX Corporation,US,산업재,2026-08-21,209.91,4780103,5081605.15,4.5112,282907901952,50,60,45,58,52,0,HOLD,0.25,3,False,live
2026-08-22T07:29:36.786475+09:00,2026-08-22,SHEL,Shell plc,US,에너지,2026-08-21,93.33,3312188,6067136.5,1.5433,257493204992,88,60,55,78,71,2,WATCH,0.88,11,False,live
2026-08-22T07:29:36.786475+09:00,2026-08-22,ARM,Arm Holdings plc American Depositary Sha,US,반도체,2026-08-21,243.32,3613922,5320516.1,19.0711,259865427968,13,65,65,35,42,0,AVOID,-0.51,-6,True,live
2026-08-22T07:29:36.786475+09:00,2026-08-22,AZN,AstraZeneca PLC,US,제약/바이오,2026-08-21,165.98,2686783,4408394.15,3.4364,257416036352,80,65,68,58,70,1,HOLD,0.59,7,False,live
2026-08-22T07:29:36.786475+09:00,2026-08-22,GEV,GE Vernova Inc.,US,유틸리티,2026-08-21,956.85,1174530,2276506.5,41.8233,254841290752,28,60,60,50,47,0,HOLD,-0.24,-3,False,live
2026-08-22T07:29:36.786475+09:00,2026-08-22,SAP,SAP SE,US,IT,2026-08-21,218.68,1580298,2995839.9,5.6721,252401385472,73,60,58,42,61,1,HOLD,0.65,8,False,live
2026-08-22T07:29:36.786475+09:00,2026-08-22,WFC,Wells Fargo & Company,US,금융,2026-08-21,83.84,7927418,12275325.9,1.6996,253532078080,47,60,60,60,55,0,HOLD,0.31,4,False,live
2026-08-22T07:29:36.786475+09:00,2026-08-22,MUFG,"Mitsubishi UFJ Financial Group, Inc.",US,금융,2026-08-21,22.04,1779019,3132380.95,0.5,248542281728,47,60,58,60,55,0,HOLD,0.33,4,False,live
2026-08-22T07:29:36.786475+09:00,2026-08-22,BHP,BHP Group Limited,US,소재,2026-08-21,97.03,3320425,2698701.25,2.5814,246464118784,73,60,50,45,59,1,HOLD,0.57,7,False,live
2026-08-22T07:29:36.786475+09:00,2026-08-22,TXN,Texas Instruments Incorporated,US,반도체,2026-08-21,264.36,5457981,6975914.05,9.5007,241426137088,31,65,75,42,53,1,HOLD,-0.11,-1,False,live
2026-08-22T07:29:36.786475+09:00,2026-08-22,KLAC,KLA Corporation,US,반도체,2026-08-21,183.99,6644818,11576870.9,9.911,240391553024,28,65,73,42,51,1,HOLD,-0.02,0,False,live
2026-08-22T07:29:36.786475+09:00,2026-08-22,ANET,"Arista Networks, Inc.",US,IT,2026-08-21,188.65,8120203,8157415.15,9.6607,237930037248,66,60,60,42,59,0,HOLD,0.57,7,False,live
2026-08-22T07:29:36.786475+09:00,2026-08-22,AMGN,Amgen Inc.,US,제약/바이오,2026-08-21,439.33,1878863,2760203.15,11.9957,237110034432,77,65,45,50,61,1,HOLD,0.63,8,False,live
2026-08-22T07:29:36.786475+09:00,2026-08-22,SNDK,Sandisk Corporation,US,IT,2026-08-21,1596.08,7503783,17213199.15,132.8797,233696444416,84,60,50,50,64,1,HOLD,0.65,8,False,live
2026-08-22T07:29:36.786475+09:00,2026-08-22,TMO,Thermo Fisher Scientific Inc.,US,제약/바이오,2026-08-21,629.27,1555958,1895427.9,14.9679,232670887936,82,65,53,58,66,1,HOLD,0.81,10,False,live
2026-08-22T07:29:36.786475+09:00,2026-08-22,TM,Toyota Motor Corporation,US,소비재,2026-08-21,197.35,368750,401802.5,3.0357,233683173376,77,60,50,54,62,1,HOLD,0.52,6,False,live
2026-08-22T07:29:36.786475+09:00,2026-08-22,AXP,American Express Company,US,금융,2026-08-21,336.0,2606942,2611142.1,6.0343,226904096768,32,60,76,50,54,1,HOLD,0.2,2,False,live
2026-08-22T07:29:36.786475+09:00,2026-08-22,C,Citigroup Inc.,US,금융,2026-08-21,131.65,11273878,9312728.9,3.0143,220834545664,32,60,70,76,56,2,HOLD,0.2,2,False,live
2026-08-22T07:29:36.786475+09:00,2026-08-22,LIN,Linde plc,US,소재,2026-08-21,487.57,2048336,2267776.8,8.3429,224760102912,57,60,60,58,59,0,HOLD,0.23,3,False,live
2026-08-22T07:29:36.786475+09:00,2026-08-22,IBM,International Business Machines Corporat,US,IT,2026-08-21,235.68,2984735,6620756.75,6.5221,222042226688,67,60,81,58,68,1,HOLD,0.57,7,False,live
2026-08-22T07:29:36.786475+09:00,2026-08-22,SAN,"Banco Santander, S.A.",US,금융,2026-08-21,14.59,11814373,18683123.65,0.2643,212657782784,74,60,55,63,64,1,HOLD,0.7,8,False,live
2026-08-22T07:29:36.786475+09:00,2026-08-22,MRVL,"Marvell Technology, Inc.",US,반도체,2026-08-21,237.04,24970547,24098102.35,17.535,212753924096,75,65,69,35,65,1,HOLD,0.8,10,False,live
2026-08-22T07:29:36.786475+09:00,2026-08-22,NVO,Novo Nordisk A/S,US,제약/바이오,2026-08-21,46.74,10283301,14202520.05,1.4947,206687780864,54,65,68,73,63,1,HOLD,0.5,6,False,live
2026-08-22T07:29:36.786475+09:00,2026-08-22,VZ,Verizon Communications Inc.,US,인터넷,2026-08-21,49.45,10816090,21290234.5,0.9136,205453639680,84,65,60,84,73,2,WATCH,0.86,10,False,live
2026-08-22T07:29:36.786475+09:00,2026-08-22,ABT,Abbott Laboratories,US,제약/바이오,2026-08-21,116.64,9834345,8490787.25,2.3486,203165073408,70,65,63,58,65,1,HOLD,0.75,9,False,live
2026-08-22T07:29:36.786475+09:00,2026-08-22,TTE,TotalEnergies SE,US,에너지,2026-08-21,89.89,971671,1240713.55,1.6129,199301087232,87,60,55,86,72,2,WATCH,0.74,9,False,live
2026-08-22T07:29:36.786475+09:00,2026-08-22,TD,The Toronto-Dominion Bank,US,금융,2026-08-21,117.15,1136784,2075234.2,2.0393,193537769472,47,60,55,58,54,0,HOLD,0.18,2,False,live
2026-08-22T07:29:36.786475+09:00,2026-08-22,TMUS,"T-Mobile US, Inc.",US,인터넷,2026-08-21,183.04,3958253,4706037.65,4.6061,196341809152,72,65,55,74,66,2,WATCH,0.5,6,False,live
2026-08-22T07:29:36.786475+09:00,2026-08-22,PEP,"PepsiCo, Inc.",US,소매,2026-08-21,143.48,6621472,6910153.6,2.335,195993681920,77,60,60,42,63,1,HOLD,0.48,6,False,live
2026-08-22T07:29:36.786475+09:00,2026-08-22,CRWD,"CrowdStrike Holdings, Inc.",US,IT,2026-08-21,191.95,7936382,7636654.1,9.1371,195454861312,47,60,65,22,51,0,HOLD,0.29,3,False,live
2026-08-22T07:29:36.786475+09:00,2026-08-22,SCHW,The Charles Schwab Corporation,US,금융,2026-08-21,112.3,5152821,6794981.05,1.8655,194204401664,77,60,50,58,63,1,HOLD,0.68,8,False,live
2026-08-22T07:29:36.786475+09:00,2026-08-22,SHOP,Shopify Inc.,US,IT,2026-08-21,149.25,5095575,11291098.75,7.3351,192031604736,56,60,60,35,55,0,HOLD,0.41,5,False,live
2026-08-22T07:29:36.786475+09:00,2026-08-22,APH,Amphenol Corporation,US,IT,2026-08-21,157.01,5248209,6739660.45,6.0557,193590722560,47,60,63,50,55,0,HOLD,0.36,4,False,live
2026-08-22T07:29:36.786475+09:00,2026-08-22,MCD,McDonald's Corporation,US,소비재,2026-08-21,270.95,3774172,4557728.6,5.3596,191735480320,35,60,60,50,50,0,HOLD,-0.08,-1,False,live
2026-08-22T07:29:36.786475+09:00,2026-08-22,STX,Seagate Technology Holdings plc,US,IT,2026-08-21,850.0,2838852,5264922.6,64.275,192949993472,50,60,63,43,55,0,HOLD,0.24,3,False,live
2026-08-22T07:29:36.786475+09:00,2026-08-22,DIS,The Walt Disney Company,US,인터넷,2026-08-21,107.78,4961395,10579674.75,2.2679,186102300672,74,65,60,58,66,1,HOLD,0.65,8,False,live
2026-08-22T07:29:36.786475+09:00,2026-08-22,UNP,Union Pacific Corporation,US,산업재,2026-08-21,308.05,2684224,2708761.2,5.7686,183004954624,78,60,60,37,63,1,HOLD,0.72,9,False,live
2026-08-22T07:29:36.786475+09:00,2026-08-22,ADI,"Analog Devices, Inc.",US,반도체,2026-08-21,373.09,4972655,4013987.75,12.3557,181727297536,35,65,53,58,50,0,HOLD,-0.12,-1,False,live
2026-08-22T07:29:36.786475+09:00,2026-08-22,GILD,"Gilead Sciences, Inc.",US,제약/바이오,2026-08-21,146.12,5377022,6732591.1,4.4104,181182251008,71,65,50,60,62,1,HOLD,0.56,7,False,live
2026-08-22T07:29:36.786475+09:00,2026-08-22,SCCO,Southern Copper Corporation,US,소재,2026-08-21,216.0,1672255,1080594.15,8.9493,182378233856,82,60,51,37,62,1,HOLD,0.68,8,False,live
2026-08-22T07:29:36.786475+09:00,2026-08-22,BLK,"BlackRock, Inc.",US,금융,2026-08-21,1156.55,380532,606456.6,20.6529,187911847936,69,60,60,58,63,0,HOLD,0.58,7,False,live
2026-08-22T07:29:36.786475+09:00,2026-08-22,DE,Deere & Company,US,산업재,2026-08-21,647.47,2121866,1196468.3,19.8407,174886354944,92,60,60,50,70,1,HOLD,0.96,12,False,live
2026-08-22T07:29:36.786475+09:00,2026-08-22,UBS,UBS Group AG,US,금융,2026-08-21,53.29,1071036,1673421.8,0.7285,163160244224,69,60,73,66,68,1,HOLD,0.81,10,False,live
2026-08-22T07:29:36.786475+09:00,2026-08-22,NEE,"NextEra Energy, Inc.",US,유틸리티,2026-08-21,83.65,11885047,11231157.35,1.4471,174460895232,28,60,63,42,47,0,HOLD,-0.19,-2,False,live
2026-08-22T07:29:36.786475+09:00,2026-08-22,T,AT&T Inc.,US,인터넷,2026-08-21,25.29,21614176,44836928.8,0.5143,173296844800,70,65,45,78,63,2,WATCH,0.45,5,False,live
2026-08-22T07:29:36.786475+09:00,2026-08-22,BX,Blackstone Inc.,US,금융,2026-08-21,143.38,2969824,4711541.2,4.6871,171381800960,66,60,60,50,61,0,HOLD,0.6,7,False,live
2026-08-22T07:29:36.786475+09:00,2026-08-22,WELL,Welltower Inc.,US,리츠,2026-08-21,239.22,3134029,3166806.45,4.8341,172375244800,91,60,66,38,69,1,HOLD,0.92,11,False,live
2026-08-22T07:29:36.786475+09:00,2026-08-22,CRM,"Salesforce, Inc.",US,IT,2026-08-21,209.17,8348520,12732826.0,7.7746,171310235648,81,60,42,74,64,2,WATCH,0.7,8,False,live
2026-08-22T07:29:36.786475+09:00,2026-08-22,RIO,Rio Tinto Group,US,소재,2026-08-21,105.3,3085612,2547505.6,2.4266,171312955392,74,60,55,55,63,1,HOLD,0.52,6,False,live
2026-08-22T07:29:36.786475+09:00,2026-08-22,BA,The Boeing Company,US,산업재,2026-08-21,214.2,6226703,6049780.15,5.1429,169173549056,35,60,50,30,44,0,AVOID,-0.24,-3,True,live
2026-08-22T07:29:36.786475+09:00,2026-08-22,QCOM,QUALCOMM Incorporated,US,반도체,2026-08-21,160.75,8515558,11238107.9,5.9279,168825110528,57,65,68,66,63,0,HOLD,0.25,3,False,live
2026-08-22T07:29:36.786475+09:00,2026-08-22,COP,ConocoPhillips,US,에너지,2026-08-21,134.87,8696467,7083933.35,3.4515,162024374272,73,60,55,68,64,1,HOLD,0.68,8,False,live
2026-08-22T07:29:36.786475+09:00,2026-08-22,ETN,Eaton Corporation plc,US,산업재,2026-08-21,419.2,1343882,2337419.1,13.7038,162775367680,44,60,70,37,54,1,HOLD,0.25,3,False,live
2026-08-22T07:29:36.786475+09:00,2026-08-22,BKNG,Booking Holdings Inc.,US,소비재,2026-08-21,209.62,3787174,5963163.7,6.8886,162430025728,73,60,48,66,62,1,HOLD,0.63,8,False,live
2026-08-22T07:29:36.786475+09:00,2026-08-22,IBKR,"Interactive Brokers Group, Inc.",US,금융,2026-08-21,93.87,5094596,4611884.8,2.82,159937167360,73,60,85,58,72,2,WATCH,0.99,12,False,live
2026-08-22T07:29:36.786475+09:00,2026-08-22,BBVA,"Banco Bilbao Vizcaya Argentaria, S.A.",US,금융,2026-08-21,29.04,1371873,1874488.65,0.37,160251592704,73,60,55,60,63,1,HOLD,0.68,8,False,live
2026-08-22T07:29:36.786475+09:00,2026-08-22,UBER,"Uber Technologies, Inc.",US,IT,2026-08-21,78.8,10747289,20129924.45,2.9824,160953745408,84,60,66,55,69,1,HOLD,0.86,10,False,live
2026-08-22T07:29:36.786475+09:00,2026-08-22,PFE,Pfizer Inc.,US,제약/바이오,2026-08-21,28.07,37066560,41069033.0,0.6486,159989841920,66,65,64,66,65,0,HOLD,0.67,8,False,live
2026-08-22T07:29:36.786475+09:00,2026-08-22,WDC,Western Digital Corporation,US,IT,2026-08-21,459.44,4205970,8532478.5,39.645,165646925824,47,60,45,60,51,0,HOLD,-0.06,-1,False,live
2026-08-22T07:29:36.786475+09:00,2026-08-22,TBB,AT&T Inc. 5.35% GLB NTS 66,US,인터넷,2026-08-21,19.48,137884,102859.2,0.1519,,17,65,58,80,48,1,HOLD,-0.24,-3,False,live
2026-08-22T07:29:36.786475+09:00,2026-08-22,BUD,Anheuser-Busch InBev SA/NV,US,소매,2026-08-21,78.92,1268958,1937277.9,1.4771,155403452416,40,60,58,60,52,0,HOLD,-0.02,0,False,live
2026-08-22T07:29:36.786475+09:00,2026-08-22,TJX,"The TJX Companies, Inc.",US,소비재,2026-08-21,140.53,9660927,6183786.35,3.4744,155244101632,20,60,50,37,40,0,AVOID,-0.54,-6,True,live
2026-08-22T07:29:36.786475+09:00,2026-08-22,DHR,Danaher Corporation,US,제약/바이오,2026-08-21,218.85,3999830,4271386.5,6.6186,153848496128,75,65,60,58,66,1,HOLD,0.79,9,False,live
2026-08-22T07:29:36.786475+09:00,2026-08-22,SONY,Sony Group Corporation,US,IT,2026-08-21,23.92,3699472,5618848.6,0.4829,140023037952,62,60,45,58,56,0,HOLD,0.32,4,False,live
2026-08-22T07:29:36.786475+09:00,2026-08-22,VRTX,Vertex Pharmaceuticals Incorporated,US,제약/바이오,2026-08-21,548.05,940126,1337611.3,17.8114,138821058560,77,65,50,58,64,1,HOLD,0.71,9,False,live
2026-08-22T07:29:36.786475+09:00,2026-08-22,NEM,Newmont Corporation,US,소재,2026-08-21,131.58,8095228,7363631.4,5.0414,138644832256,70,60,53,76,64,2,WATCH,0.67,8,False,live
2026-08-22T07:29:36.786475+09:00,2026-08-22,UL,Unilever PLC,US,소매,2026-08-21,64.14,2643403,4691860.15,0.8953,138110369792,62,60,58,53,59,0,HOLD,0.5,6,False,live
2026-08-22T07:29:36.786475+09:00,2026-08-22,BMY,Bristol-Myers Squibb Company,US,제약/바이오,2026-08-21,67.01,6831817,12371150.85,1.7343,136882315264,88,65,60,76,73,2,WATCH,1.02,12,False,live
2026-08-22T07:29:36.786475+09:00,2026-08-22,ISRG,"Intuitive Surgical, Inc.",US,제약/바이오,2026-08-21,378.81,2009972,3022123.6,11.0929,135719305216,65,65,50,50,58,0,HOLD,0.13,2,False,live
2026-08-22T07:29:36.786475+09:00,2026-08-22,COF,Capital One Financial Corporation,US,금융,2026-08-21,217.91,2885769,3384913.45,4.8619,133687795712,62,60,53,76,61,1,HOLD,0.56,7,False,live
2026-08-22T07:29:36.786475+09:00,2026-08-22,NOW,"ServiceNow, Inc.",US,IT,2026-08-21,128.48,10343314,21413950.7,5.9368,132830584832,88,60,50,35,63,1,HOLD,0.75,9,False,live
2026-08-22T07:29:36.786475+09:00,2026-08-22,PLD,"Prologis, Inc.",US,리츠,2026-08-21,141.8,2272669,4674203.45,2.3129,137842556928,50,60,58,45,54,0,HOLD,0.11,1,False,live
2026-08-22T07:29:36.786475+09:00,2026-08-22,CB,Chubb Limited,US,금융,2026-08-21,340.99,1968060,1647728.0,5.4508,131553894400,40,60,45,68,50,0,HOLD,-0.0,0,False,live
2026-08-22T07:29:36.786475+09:00,2026-08-22,LMT,Lockheed Martin Corporation,US,산업재,2026-08-21,563.57,785078,1090883.9,15.2266,130066743296,50,60,50,42,51,0,HOLD,0.13,2,False,live
2026-08-22T07:29:36.786475+09:00,2026-08-22,GLW,Corning Inc,US,IT,2026-08-21,149.84,5124351,13642567.55,10.2265,128808124416,40,60,70,35,52,1,HOLD,-0.11,-1,False,live
2026-08-22T07:29:36.786475+09:00,2026-08-22,PGR,The Progressive Corporation,US,금융,2026-08-21,219.28,1345099,2502524.95,4.7264,127483199488,76,60,48,73,64,2,WATCH,0.63,8,False,live
2026-08-22T07:29:36.786475+09:00,2026-08-22,SPGI,S&P Global Inc.,US,금융,2026-08-21,431.29,1826701,2174455.05,9.3836,127144296448,84,60,63,50,68,1,HOLD,0.81,10,False,live
2026-08-22T07:29:36.786475+09:00,2026-08-22,PH,Parker-Hannifin Corporation,US,산업재,2026-08-21,1001.74,439111,655805.55,27.0571,126305779712,47,60,50,45,50,0,HOLD,0.21,3,False,live
2026-08-22T07:29:36.786475+09:00,2026-08-22,SYK,Stryker Corporation,US,제약/바이오,2026-08-21,329.45,2418452,2398552.6,9.1179,126368145408,43,65,53,58,53,0,HOLD,0.12,1,False,live
2026-08-22T07:29:36.786475+09:00,2026-08-22,PDD,PDD Holdings Inc.,US,소비재,2026-08-21,88.38,6870425,5913696.25,2.3127,125799776256,43,60,60,94,59,1,HOLD,0.14,2,False,live
2026-08-22T07:29:36.786475+09:00,2026-08-22,MFG,"Mizuho Financial Group, Inc.",US,금융,2026-08-21,10.28,2416367,3408893.35,0.245,124886016000,47,60,58,68,56,0,HOLD,0.31,4,False,live
2026-08-22T07:29:36.786475+09:00,2026-08-22,PBR,Petróleo Brasileiro S.A. - Petrobras,US,에너지,2026-08-21,19.15,16359511,16067460.55,0.5071,123409612800,80,60,50,73,66,2,WATCH,0.53,6,False,live
2026-08-22T07:29:36.786475+09:00,2026-08-22,BMO,Bank of Montreal,US,금융,2026-08-21,174.43,473893,825899.65,3.2657,122173669376,47,60,63,58,56,0,HOLD,0.31,4,False,live
2026-08-22T07:29:36.786475+09:00,2026-08-22,SBUX,Starbucks Corporation,US,소비재,2026-08-21,107.08,5546427,7668056.35,2.7022,122071203840,65,60,50,43,56,0,HOLD,0.31,4,False,live
2026-08-22T07:29:36.786475+09:00,2026-08-22,BTI,British American Tobacco p.l.c.,US,소매,2026-08-21,56.21,3422159,4108052.95,1.1886,121131417600,25,60,55,60,46,0,HOLD,-0.36,-4,False,live
2026-08-22T07:29:36.786475+09:00,2026-08-22,LOW,"Lowe's Companies, Inc.",US,소비재,2026-08-21,216.09,2265359,2908357.95,5.7271,121226485760,50,60,60,50,55,0,HOLD,0.19,2,False,live
2026-08-22T07:29:36.786475+09:00,2026-08-22,HDB,HDFC Bank Limited,US,금융,2026-08-21,23.6,4667200,7598375.0,0.3279,121233203200,62,60,60,52,60,0,HOLD,0.29,3,False,live
2026-08-22T07:29:36.786475+09:00,2026-08-22,MDT,Medtronic plc,US,제약/바이오,2026-08-21,93.35,7494004,7156540.2,2.04,119486201856,74,65,50,58,63,1,HOLD,0.67,8,False,live
2026-08-22T07:29:36.786475+09:00,2026-08-22,CVS,CVS Health Corp.,US,제약/바이오,2026-08-21,93.02,5588387,8152734.35,2.9921,118969819136,17,65,70,74,51,2,HOLD,-0.06,-1,False,live
2026-08-22T07:29:36.786475+09:00,2026-08-22,BP,BP p.l.c.,US,에너지,2026-08-21,44.76,8098104,8445475.2,1.0086,115272318976,84,60,55,74,69,2,WATCH,0.71,9,False,live
2026-08-22T07:29:36.786475+09:00,2026-08-22,SNOW,Snowflake Inc.,US,IT,2026-08-21,332.78,3422493,4959464.65,12.5163,115341549568,73,60,60,22,59,1,HOLD,0.6,7,False,live
2026-08-22T07:29:36.786475+09:00,2026-08-22,ACN,Accenture plc,US,IT,2026-08-21,185.28,4824967,6459273.35,7.9779,113380630528,67,60,50,68,61,0,HOLD,0.43,5,False,live
2026-08-22T07:29:36.786475+09:00,2026-08-22,FTNT,"Fortinet, Inc.",US,IT,2026-08-21,153.51,3784284,5427709.2,5.845,112632381440,44,60,65,42,53,0,HOLD,0.31,4,False,live
2026-08-22T07:29:36.786475+09:00,2026-08-22,ADP,"Automatic Data Processing, Inc.",US,IT,2026-08-21,280.81,2481784,2470289.2,6.4146,111555354624,70,60,60,42,61,1,HOLD,0.63,8,False,live
2026-08-22T07:29:36.786475+09:00,2026-08-22,ABNB,"Airbnb, Inc.",US,소비재,2026-08-21,187.3,4075950,5403187.5,6.9738,112152559616,88,60,50,42,64,1,HOLD,0.77,9,False,live
2026-08-22T07:29:36.786475+09:00,2026-08-22,MO,"Altria Group, Inc.",US,소매,2026-08-21,66.09,8955460,10542038.0,1.4414,110353367040,50,60,60,68,58,0,HOLD,0.11,1,False,live
2026-08-22T07:29:36.786475+09:00,2026-08-22,FCX,Freeport-McMoRan Inc.,US,소재,2026-08-21,76.66,28484655,13518897.75,2.9157,110085111808,82,60,60,53,67,1,HOLD,0.83,10,False,live
2026-08-22T07:29:36.786475+09:00,2026-08-22,ENB,Enbridge Inc.,US,에너지,2026-08-21,50.46,3267632,5449876.6,1.0396,110208950272,25,60,60,45,46,0,HOLD,-0.35,-4,False,live
2026-08-22T07:29:36.786475+09:00,2026-08-22,SNY,Sanofi,US,제약/바이오,2026-08-21,45.85,1854921,3154036.05,0.6564,109862895616,62,65,55,61,60,0,HOLD,0.41,5,False,live
2026-08-22T07:29:36.786475+09:00,2026-08-22,SPOT,Spotify Technology S.A.,US,인터넷,2026-08-21,533.72,1438943,2148197.15,24.2171,109743538176,77,65,45,42,60,1,HOLD,0.44,5,False,live
2026-08-22T07:29:36.786475+09:00,2026-08-22,ADBE,Adobe Inc.,US,IT,2026-08-21,275.3,4335077,5018328.85,10.5685,109431742464,84,60,60,76,71,2,WATCH,0.91,11,False,live
2026-08-22T07:29:36.786475+09:00,2026-08-22,AEM,Agnico Eagle Mines Limited,US,소재,2026-08-21,216.06,5334760,3386793.0,8.6443,109405192192,70,60,55,45,60,1,HOLD,0.58,7,False,live
2026-08-22T07:29:36.786475+09:00,2026-08-22,BNY,Bank of New York Mellon Corp,US,금융,2026-08-21,158.49,1725786,2454949.3,2.7529,107536121856,54,60,48,50,53,0,HOLD,0.3,4,False,live
2026-08-22T07:29:36.786475+09:00,2026-08-22,HWM,Howmet Aerospace Inc.,US,산업재,2026-08-21,271.68,1213277,2168783.85,8.7588,108346359808,47,60,63,50,55,0,HOLD,0.24,3,False,live
2026-08-22T07:29:36.786475+09:00,2026-08-22,CM,Canadian Imperial Bank of Commerce,US,금융,2026-08-21,116.49,621748,932002.4,2.3142,106332151808,46,60,55,60,54,0,HOLD,0.12,1,False,live
2026-08-22T07:29:36.786475+09:00,2026-08-22,CNQ,Canadian Natural Resources Limited,US,에너지,2026-08-21,51.4,3778729,6309266.45,1.1602,105961103360,73,60,53,63,63,1,HOLD,0.56,7,False,live
2026-08-22T07:29:36.786475+09:00,2026-08-22,IBN,ICICI Bank Limited,US,금융,2026-08-21,29.91,3066577,5194468.85,0.3646,107276361728,62,60,53,58,58,0,HOLD,0.5,6,False,live
2026-08-22T07:29:36.786475+09:00,2026-08-22,BNS,The Bank of Nova Scotia,US,금융,2026-08-21,87.57,860576,1883298.8,1.4057,106946527232,47,60,60,68,57,0,HOLD,0.34,4,False,live
2026-08-22T07:29:36.786475+09:00,2026-08-22,MPC,Marathon Petroleum Corporation,US,에너지,2026-08-21,360.72,2172885,2415624.25,12.3917,105307381760,80,60,45,68,64,1,HOLD,0.7,8,False,live
2026-08-22T07:29:36.786475+09:00,2026-08-22,SOMN,The Southern Company,US,유틸리티,2026-08-21,48.05,16768,44478.4,0.5439,,23,60,45,50,41,0,AVOID,-0.45,-5,True,live
2026-08-22T07:29:36.786475+09:00,2026-08-22,EQIX,"Equinix, Inc.",US,리츠,2026-08-21,1065.39,533924,613341.2,27.6231,105123831808,87,60,48,30,61,1,HOLD,0.49,6,False,live
2026-08-22T07:29:36.786475+09:00,2026-08-22,GSK,GSK plc,US,제약/바이오,2026-08-21,52.41,2230790,3937104.5,1.0712,104967045120,72,65,45,63,61,1,HOLD,0.45,5,False,live
2026-08-22T07:29:36.786475+09:00,2026-08-22,SOJE,Southern Company (The) Series 2,US,유틸리티,2026-08-21,15.9,72020,54221.0,0.1739,,20,60,48,50,41,0,AVOID,-0.43,-5,True,live
2026-08-22T07:29:36.786475+09:00,2026-08-22,NET,"Cloudflare, Inc.",US,IT,2026-08-21,293.14,2599496,4099294.8,18.4238,104381210624,51,60,50,27,49,0,HOLD,0.2,2,False,live
2026-08-22T07:29:36.786475+09:00,2026-08-22,GD,General Dynamics Corporation,US,산업재,2026-08-21,384.29,527738,969021.9,6.4829,103972421632,47,60,53,50,52,0,HOLD,0.23,3,False,live
2026-08-22T07:29:36.786475+09:00,2026-08-22,APP,AppLovin Corporation,US,IT,2026-08-21,305.77,5374178,7332428.9,19.8191,102326091776,15,60,60,58,44,0,AVOID,-0.49,-6,True,live
2026-08-22T07:29:36.786475+09:00,2026-08-22,EQNR,Equinor ASA,US,에너지,2026-08-21,42.86,1793543,2885592.15,1.022,101761916928,88,60,55,78,71,2,WATCH,0.91,11,False,live
2026-08-22T07:29:36.786475+09:00,2026-08-22,SO,The Southern Company,US,유틸리티,2026-08-21,88.94,6656385,5566624.25,1.5574,102313287680,20,60,53,42,41,0,AVOID,-0.42,-5,True,live
2026-08-22T07:29:36.786475+09:00,2026-08-22,VRT,Vertiv Holdings Co,US,산업재,2026-08-21,261.95,3205765,6534583.25,13.7791,100847656960,40,60,55,42,49,0,HOLD,-0.25,-3,False,live
2026-08-22T07:29:36.786475+09:00,2026-08-22,MCK,McKesson Corporation,US,제약/바이오,2026-08-21,858.9,835854,1012532.7,29.2111,100139466752,54,65,51,66,57,0,HOLD,0.39,5,False,live
2026-08-22T07:29:36.786475+09:00,2026-08-22,VLO,Valero Energy Corporation,US,에너지,2026-08-21,348.86,1905453,2561342.65,11.1329,100446371840,85,60,55,71,69,2,WATCH,0.89,11,False,live
2026-08-22T07:29:36.786475+09:00,2026-08-22,INTU,Intuit Inc.,US,IT,2026-08-21,367.0,3448367,3731923.35,13.7336,100388077568,71,60,60,74,66,2,WATCH,0.75,9,False,live
2026-08-22T07:29:36.786475+09:00,2026-08-22,TT,Trane Technologies plc,US,산업재,2026-08-21,453.43,667552,1156467.6,11.2593,99765108736,28,60,63,50,48,0,HOLD,-0.09,-1,False,live
2026-08-22T07:29:36.786475+09:00,2026-08-22,ING,ING Groep N.V.,US,금융,2026-08-21,34.84,1332791,2285419.55,0.4406,99454066688,62,60,50,60,58,0,HOLD,0.47,6,False,live
2026-08-22T07:29:36.786475+09:00,2026-08-22,CME,CME Group Inc.,US,금융,2026-08-21,274.98,1682604,1958700.2,6.0036,98877112320,72,60,60,45,62,1,HOLD,0.4,5,False,live
2026-08-22T07:29:36.786475+09:00,2026-08-22,CEG,Constellation Energy Corporation,US,유틸리티,2026-08-21,272.88,2017085,2761424.25,10.108,96683401216,51,60,53,45,52,0,HOLD,0.0,0,False,live
2026-08-22T07:29:36.786475+09:00,2026-08-22,MELI,"MercadoLibre, Inc.",US,소비재,2026-08-21,1922.73,418133,489626.65,74.8403,97476255744,77,60,65,42,65,1,HOLD,0.78,9,False,live
2026-08-22T07:29:36.786475+09:00,2026-08-22,KKR,KKR & Co. Inc.,US,금융,2026-08-21,108.48,2680321,5250451.05,4.4771,100191100928,55,60,55,66,58,0,HOLD,0.45,5,False,live
2026-08-22T07:29:36.786475+09:00,2026-08-22,DASH,"DoorDash, Inc.",US,인터넷,2026-08-21,223.49,3715944,4504192.2,7.9595,96837246976,80,65,50,38,62,1,HOLD,0.68,8,False,live
2026-08-22T07:29:36.786475+09:00,2026-08-22,PSX,Phillips 66,US,에너지,2026-08-21,242.87,2269624,2744511.2,7.5156,96910213120,80,60,50,60,64,1,HOLD,0.73,9,False,live
2026-08-22T07:29:36.786475+09:00,2026-08-22,HOOD,"Robinhood Markets, Inc.",US,금융,2026-08-21,108.13,49572416,19607655.8,5.2756,97217765376,67,60,60,42,60,0,HOLD,0.58,7,False,live
2026-08-22T07:29:36.786475+09:00,2026-08-22,SMFG,"Sumitomo Mitsui Financial Group, Inc.",US,금융,2026-08-21,25.05,1090280,1531934.0,0.5543,159151030272,47,60,50,60,52,0,HOLD,0.2,2,False,live
2026-08-22T07:29:36.786475+09:00,2026-08-22,PNC,"The PNC Financial Services Group, Inc.",US,금융,2026-08-21,243.13,1397591,1375419.55,4.3171,96995180544,47,60,63,60,56,0,HOLD,0.36,4,False,live
2026-08-22T07:29:36.786475+09:00,2026-08-22,USB,U.S. Bancorp,US,금융,2026-08-21,62.05,4202133,6301116.65,1.0628,96677093376,47,60,73,60,59,1,HOLD,0.49,6,False,live
2026-08-22T07:29:36.786475+09:00,2026-08-22,PWR,"Quanta Services, Inc.",US,산업재,2026-08-21,639.34,1215211,1247895.55,27.2711,96120545280,28,60,63,35,46,0,HOLD,-0.31,-4,False,live
2026-08-22T07:29:36.786475+09:00,2026-08-22,CSX,CSX Corporation,US,산업재,2026-08-21,51.59,12557810,11282645.5,0.8836,95569182720,66,60,45,58,57,0,HOLD,0.45,5,False,live
2026-08-22T07:29:36.786475+09:00,2026-08-22,CMCSA,Comcast Corporation,US,인터넷,2026-08-21,26.85,20305978,26514438.9,0.6096,95280898048,74,65,52,73,65,2,WATCH,0.65,8,False,live
2026-08-22T07:29:36.786475+09:00,2026-08-22,BNH,Brookfield Finance Inc.,US,금융,2026-08-21,15.05,20890,28019.5,0.1118,,36,60,55,50,49,0,HOLD,-0.09,-1,False,live
2026-08-22T07:29:36.786475+09:00,2026-08-22,MNST,Monster Beverage Corporation,US,소매,2026-08-21,47.79,9630653,8435457.65,14.3839,93623083008,26,60,70,34,47,1,HOLD,-0.31,-4,False,live
2026-08-22T07:29:36.786475+09:00,2026-08-22,DUK,Duke Energy Corporation,US,유틸리티,2026-08-21,119.85,4842403,4820075.15,2.2271,93447307264,36,60,63,42,50,0,HOLD,-0.07,-1,False,live
2026-08-22T07:29:36.786475+09:00,2026-08-22,BN,Brookfield Corporation,US,금융,2026-08-21,41.69,2148942,4505717.1,1.0354,93066731520,28,60,50,35,42,0,AVOID,-0.4,-5,True,live
2026-08-22T07:29:36.786475+09:00,2026-08-22,BNJ,Brookfield Finance Inc. 4.50% P,US,금융,2026-08-21,15.07,31157,19622.85,0.1025,,43,60,55,50,51,0,HOLD,0.07,1,False,live
2026-08-22T07:29:36.786475+09:00,2026-08-22,MAR,"Marriott International, Inc.",US,소비재,2026-08-21,356.39,928555,1795852.75,7.4843,92934504448,57,60,60,58,59,0,HOLD,0.26,3,False,live
2026-08-22T07:29:36.786475+09:00,2026-08-22,HCA,"HCA Healthcare, Inc.",US,제약/바이오,2026-08-21,429.19,2057968,1364723.4,11.615,95211429888,81,65,66,60,70,1,HOLD,0.86,10,False,live
2026-08-22T07:29:36.786475+09:00,2026-08-22,MMM,3M Company,US,산업재,2026-08-21,178.96,2011851,3048317.55,3.415,92293693440,47,60,53,58,53,0,HOLD,0.29,3,False,live
2026-08-22T07:29:36.786475+09:00,2026-08-22,MRSH,"Marsh & McLennan Companies, Inc.",US,금융,2026-08-21,192.01,2516751,2261892.55,3.6236,91629330432,62,60,32,66,53,0,HOLD,0.31,4,False,live
2026-08-22T07:29:36.786475+09:00,2026-08-22,ICE,"Intercontinental Exchange, Inc.",US,금융,2026-08-21,161.25,2683347,4141697.35,3.3586,90524860416,66,60,53,50,58,0,HOLD,0.4,5,False,live
2026-08-22T07:29:36.786475+09:00,2026-08-22,BCS,Barclays PLC,US,금융,2026-08-21,26.83,2296383,3905164.15,0.4184,90232766464,44,60,50,78,54,1,HOLD,0.27,3,False,live
2026-08-22T07:29:36.786475+09:00,2026-08-22,WM,"Waste Management, Inc.",US,산업재,2026-08-21,224.06,1339753,2014842.65,3.8557,89560186880,28,60,60,50,47,0,HOLD,-0.09,-1,False,live
2026-08-22T07:29:36.786475+09:00,2026-08-22,EMR,Emerson Electric Co.,US,산업재,2026-08-21,157.26,1752689,2959439.45,4.4529,88081317888,62,60,70,58,63,1,HOLD,0.68,8,False,live
2026-08-22T07:29:36.786475+09:00,2026-08-22,CDNS,"Cadence Design Systems, Inc.",US,IT,2026-08-21,319.02,2111896,2307754.8,9.3327,87990820864,25,60,60,35,44,0,AVOID,-0.42,-5,True,live
2026-08-22T07:29:36.786475+09:00,2026-08-22,LYG,Lloyds Banking Group plc,US,금융,2026-08-21,6.02,9252873,13787348.65,0.0986,87279091712,47,60,58,76,57,1,HOLD,0.39,5,False,live
2026-08-22T07:29:36.786475+09:00,2026-08-22,MCO,Moody's Corporation,US,금융,2026-08-21,503.32,573749,749537.45,10.2673,87165460480,88,60,45,42,63,1,HOLD,0.69,8,False,live
2026-08-22T07:29:36.786475+09:00,2026-08-22,ELV,Elevance Health Inc.,US,제약/바이오,2026-08-21,400.54,771533,992351.65,9.7396,86864830464,67,65,85,68,72,1,HOLD,0.8,10,False,live
2026-08-22T07:29:36.786475+09:00,2026-08-22,UPS,"United Parcel Service, Inc.",US,산업재,2026-08-21,102.01,3581379,5483673.95,2.1257,86788227072,25,60,63,66,50,0,HOLD,-0.05,-1,False,live
2026-08-22T07:29:36.786475+09:00,2026-08-22,JCI,Johnson Controls International plc,US,소재,2026-08-21,143.05,2689444,3660122.2,4.1657,86651314176,43,60,45,50,48,0,HOLD,-0.03,0,False,live
2026-08-22T07:29:36.786475+09:00,2026-08-22,WMB,"The Williams Companies, Inc.",US,에너지,2026-08-21,70.49,7586637,6478441.85,2.1442,86221070336,28,60,53,42,44,0,AVOID,-0.36,-4,True,live
2026-08-22T07:29:36.786475+09:00,2026-08-22,REGN,"Regeneron Pharmaceuticals, Inc.",US,제약/바이오,2026-08-21,834.04,718043,812712.15,20.048,85868576768,73,65,60,58,65,1,HOLD,0.76,9,False,live
2026-08-22T07:29:36.786475+09:00,2026-08-22,CP,Canadian Pacific Kansas City Ltd.,US,산업재,2026-08-21,96.69,1720930,2766156.5,1.795,84998176768,73,60,63,58,65,1,HOLD,0.72,9,False,live
2026-08-22T07:29:36.786475+09:00,2026-08-22,SHW,The Sherwin-Williams Company,US,소재,2026-08-21,346.59,1152244,1957392.2,8.3479,84137541632,47,60,60,50,54,0,HOLD,0.29,3,False,live
2026-08-22T07:29:36.786475+09:00,2026-08-22,DDOG,"Datadog, Inc.",US,IT,2026-08-21,235.62,2721237,5392956.85,17.4275,84605255680,44,60,63,35,52,0,HOLD,0.15,2,False,live
2026-08-22T07:29:36.786475+09:00,2026-08-22,BAM,Brookfield Asset Management Ltd.,US,금융,2026-08-21,52.3,1570037,2696816.85,1.6359,83536257024,69,60,61,42,61,0,HOLD,0.56,7,False,live
2026-08-22T07:29:36.786475+09:00,2026-08-22,ITUB,Itaú Unibanco Holding S.A.,US,금융,2026-08-21,7.48,23793760,20948963.0,0.2357,82443599872,17,60,55,70,45,1,HOLD,-0.31,-4,False,live
2026-08-22T07:29:36.786475+09:00,2026-08-22,MDLZ,"Mondelez International, Inc.",US,소매,2026-08-21,64.45,5800049,8502787.45,1.2525,82731229184,91,60,63,50,70,1,HOLD,0.85,10,False,live
2026-08-22T07:29:36.786475+09:00,2026-08-22,EPD,Enterprise Products Partners L.P.,US,에너지,2026-08-21,38.01,3040440,3485582.0,0.5891,82081726464,43,60,55,60,53,0,HOLD,0.02,0,False,live
2026-08-22T07:29:36.786475+09:00,2026-08-22,AMT,American Tower Corporation,US,리츠,2026-08-21,175.8,1746004,2727840.2,4.5925,81915781120,73,60,60,42,62,1,HOLD,0.42,5,False,live
2026-08-22T07:29:36.786475+09:00,2026-08-22,NTES,"NetEase, Inc.",US,IT,2026-08-21,128.17,1272032,844336.6,3.9579,82060861440,62,60,58,68,61,0,HOLD,0.53,6,False,live
2026-08-22T07:29:36.786475+09:00,2026-08-22,E,Eni S.p.A.,US,에너지,2026-08-21,56.47,276020,414681.0,1.06,81532248064,87,60,50,60,66,1,HOLD,0.67,8,False,live
2026-08-22T07:29:36.786475+09:00,2026-08-22,CTAS,Cintas Corporation,US,산업재,2026-08-21,203.79,1665137,2092736.85,3.9372,81550557184,47,60,55,29,49,0,HOLD,0.21,3,False,live
2026-08-22T07:29:36.786475+09:00,2026-08-22,EOG,"EOG Resources, Inc.",US,에너지,2026-08-21,153.05,2279251,2831287.55,3.84,81518796800,88,60,60,78,72,2,WATCH,0.93,11,False,live
2026-08-22T07:29:36.786475+09:00,2026-08-22,ITW,Illinois Tool Works Inc.,US,산업재,2026-08-21,282.29,629189,1264709.45,5.09,80396197888,47,60,50,42,50,0,HOLD,0.17,2,False,live
2026-08-22T07:29:36.786475+09:00,2026-08-22,CMI,Cummins Inc.,US,산업재,2026-08-21,587.68,762980,988599.0,20.7546,81093419008,20,60,70,58,49,1,HOLD,-0.22,-3,False,live
2026-08-22T07:29:36.786475+09:00,2026-08-22,SU,Suncor Energy Inc.,US,에너지,2026-08-21,68.42,2023795,4487499.75,1.8286,80026050560,87,60,53,63,68,1,HOLD,0.7,8,False,live
2026-08-22T07:29:36.786475+09:00,2026-08-22,ASX,"ASE Technology Holding Co., Ltd.",US,반도체,2026-08-21,36.51,3904258,8382012.9,1.8793,95059820544,32,65,55,37,46,0,HOLD,-0.06,-1,False,live
2026-08-22T07:29:36.786475+09:00,2026-08-22,NGG,National Grid plc,US,유틸리티,2026-08-21,79.76,571723,787151.15,1.1757,80187523072,50,60,55,42,52,0,HOLD,0.02,0,False,live
2026-08-22T07:29:36.786475+09:00,2026-08-22,SLB,Slb N.V.,US,에너지,2026-08-21,53.87,5630776,10095118.8,1.4554,79950790656,87,60,60,58,69,1,HOLD,0.65,8,False,live
2026-08-22T07:29:36.786475+09:00,2026-08-22,MSI,"Motorola Solutions, Inc.",US,IT,2026-08-21,480.47,921343,1016187.15,14.7871,79514804224,91,60,50,50,66,1,HOLD,0.84,10,False,live
2026-08-22T07:29:36.786475+09:00,2026-08-22,B,Barrick Mining Corporation,US,소재,2026-08-21,47.6,10689178,11293463.9,1.8707,78344093696,66,60,50,68,60,0,HOLD,0.56,7,False,live
2026-08-22T07:29:36.786475+09:00,2026-08-22,GM,General Motors Company,US,소비재,2026-08-21,87.93,4158382,5648654.1,2.0764,79528419328,62,60,45,74,58,1,HOLD,0.43,5,False,live
2026-08-22T07:29:36.786475+09:00,2026-08-22,ECL,Ecolab Inc.,US,소재,2026-08-21,281.63,2220756,1441222.8,5.4789,78948950016,62,60,55,58,59,0,HOLD,0.47,6,False,live
2026-08-22T07:29:36.786475+09:00,2026-08-22,NSC,Norfolk Southern Corporation,US,산업재,2026-08-21,350.72,420350,1253877.5,6.5436,78774648832,88,60,60,45,68,1,HOLD,0.85,10,False,live
2026-08-22T07:29:36.786475+09:00,2026-08-22,CNI,Canadian National Railway Company,US,산업재,2026-08-21,129.84,880291,1394344.55,1.9571,78540210176,66,60,63,50,61,0,HOLD,0.62,7,False,live
2026-08-22T07:29:36.786475+09:00,2026-08-22,RCL,Royal Caribbean Cruises Ltd.,US,소비재,2026-08-21,292.0,1220835,1870706.75,7.9821,78096007168,39,60,63,50,52,0,HOLD,0.25,3,False,live
2026-08-22T07:29:36.786475+09:00,2026-08-22,NOC,Northrop Grumman Corporation,US,산업재,2026-08-21,551.03,683437,691801.85,13.3504,78280990720,43,60,45,55,49,0,HOLD,-0.07,-1,False,live
2026-08-22T07:29:36.786475+09:00,2026-08-22,FDX,FedEx Corporation,US,산업재,2026-08-21,325.08,1776656,1545917.8,7.8404,76936822784,87,60,56,68,69,1,HOLD,0.75,9,False,live
2026-08-22T07:29:36.786475+09:00,2026-08-22,RACE,Ferrari N.V.,US,소비재,2026-08-21,436.54,409387,543944.35,6.8571,76728377344,77,60,60,29,61,1,HOLD,0.68,8,False,live
2026-08-22T07:29:36.786475+09:00,2026-08-22,ROST,"Ross Stores, Inc.",US,소비재,2026-08-21,239.04,6197424,2744086.2,5.9686,76679512064,40,60,55,42,49,0,HOLD,-0.02,0,False,live
2026-08-22T07:29:36.786475+09:00,2026-08-22,CVNA,Carvana Co.,US,소비재,2026-08-21,69.91,12492909,11289415.45,3.7231,104031141888,58,60,48,42,53,0,HOLD,0.16,2,False,live
2026-08-22T07:29:36.786475+09:00,2026-08-22,APO,"Apollo Global Management, Inc.",US,금융,2026-08-21,132.69,2214868,3991843.4,5.0707,78359175168,51,60,48,58,53,0,HOLD,0.14,2,False,live
2026-08-22T07:29:36.786475+09:00,2026-08-22,SNPS,"Synopsys, Inc.",US,IT,2026-08-21,397.87,1255857,1578142.85,10.7671,76183879680,40,60,60,43,50,0,HOLD,-0.19,-2,False,live
2026-08-22T07:29:36.786475+09:00,2026-08-22,TRV,"The Travelers Companies, Inc.",US,금융,2026-08-21,363.58,1614018,1862625.9,7.0064,75833704448,47,60,53,78,56,1,HOLD,0.36,4,False,live
2026-08-22T07:29:36.786475+09:00,2026-08-22,AON,Aon plc,US,금융,2026-08-21,355.11,480354,1173572.7,7.2996,75327864832,47,60,53,50,52,0,HOLD,0.19,2,False,live
2026-08-22T07:29:36.786475+09:00,2026-08-22,TGT,Target Corporation,US,소매,2026-08-21,165.44,5310435,4422996.75,4.8432,75141373952,77,60,53,60,64,1,HOLD,0.71,9,False,live
2026-08-22T07:29:36.786475+09:00,2026-08-22,BSX,Boston Scientific Corporation,US,제약/바이오,2026-08-21,50.37,35975077,21115478.85,1.69,72997691392,80,65,67,66,71,1,HOLD,0.59,7,False,live
2026-08-22T07:29:36.786475+09:00,2026-08-22,APOS,"Apollo Global Management, Inc.",US,금융,2026-08-21,25.42,30983,50099.15,0.1386,,43,60,48,50,49,0,HOLD,-0.06,-1,False,live
2026-08-22T07:29:36.786475+09:00,2026-08-22,ORLY,"O'Reilly Automotive, Inc.",US,소비재,2026-08-21,89.11,5717408,6151835.4,2.1414,72086495232,46,60,58,50,53,0,HOLD,0.06,1,False,live
2026-08-22T07:29:36.786475+09:00,2026-08-22,HLT,Hilton Worldwide Holdings Inc.,US,소비재,2026-08-21,326.63,1043972,2193993.6,7.1839,73512951808,72,60,55,50,61,1,HOLD,0.45,5,False,live
2026-08-22T07:29:36.786475+09:00,2026-08-22,CI,Cigna Corporation,US,제약/바이오,2026-08-21,277.51,1074451,1801392.55,7.285,73329377280,28,65,60,94,55,1,HOLD,0.02,0,False,live
2026-08-22T07:29:36.786475+09:00,2026-08-22,ET,Energy Transfer LP,US,에너지,2026-08-21,21.19,9797771,10212993.55,0.3678,72963522560,81,60,75,68,73,2,WATCH,0.93,11,False,live
2026-08-22T07:29:36.786475+09:00,2026-08-22,CL,Colgate-Palmolive Company,US,소매,2026-08-21,91.08,2570422,4522381.1,1.9679,72606498816,43,60,58,50,52,0,HOLD,0.07,1,False,live
2026-08-22T07:29:36.786475+09:00,2026-08-22,WPM,Wheaton Precious Metals Corp.,US,소재,2026-08-21,157.78,2892360,2239718.0,6.1161,71657357312,70,60,60,50,62,1,HOLD,0.66,8,False,live
2026-08-22T07:29:36.786475+09:00,2026-08-22,WBD,"Warner Bros. Discovery, Inc.",US,인터넷,2026-08-21,28.55,15051855,21369777.75,0.495,71578755072,69,65,53,38,59,0,HOLD,0.44,5,False,live
2026-08-22T07:29:36.786475+09:00,2026-08-22,AMX,"América Móvil, S.A.B. de C.V.",US,인터넷,2026-08-21,23.79,8470202,2718110.1,0.5075,71271276544,55,65,55,76,60,1,HOLD,0.21,3,False,live
2026-08-22T07:29:36.786475+09:00,2026-08-22,DB,Deutsche Bank AG,US,금융,2026-08-21,37.82,1140121,1786026.05,0.4882,71063781376,73,60,63,88,70,2,WATCH,0.86,10,False,live
2026-08-22T07:29:36.786475+09:00,2026-08-22,MFC,Manulife Financial Corporation,US,금융,2026-08-21,42.51,1048899,2947509.95,0.8796,70534692864,47,60,58,76,57,1,HOLD,0.35,4,False,live
2026-08-22T07:29:36.786475+09:00,2026-08-22,SPG,"Simon Property Group, Inc.",US,리츠,2026-08-21,218.29,1040134,1331826.7,3.7971,82868011008,36,60,72,47,53,1,HOLD,0.2,2,False,live
2026-08-22T07:29:36.786475+09:00,2026-08-22,HPE,Hewlett Packard Enterprise Company,US,IT,2026-08-21,53.45,6446479,16427848.95,3.0299,70778675200,73,60,73,66,69,2,WATCH,0.89,11,False,live
2026-08-22T07:29:36.786475+09:00,2026-08-22,NU,Nu Holdings Ltd.,US,금융,2026-08-21,14.58,63829159,65748962.95,0.6676,70431440896,77,60,55,66,65,1,HOLD,0.75,9,False,live
2026-08-22T07:29:36.786475+09:00,2026-08-22,SE,Sea Limited,US,소비재,2026-08-21,117.53,1168819,4887830.95,4.8893,71985307648,66,60,45,50,56,0,HOLD,0.44,5,False,live
2026-08-22T07:29:36.786475+09:00,2026-08-22,DLR,"Digital Realty Trust, Inc.",US,리츠,2026-08-21,190.62,981893,2101484.65,4.5025,71806779392,43,60,66,46,54,0,HOLD,0.13,2,False,live
2026-08-22T07:29:36.786475+09:00,2026-08-22,SATA,Strive Inc. Perp. Pfd. Series A,US,금융,2026-08-21,100.01,451150,169452.5,0.6386,,60,60,58,42,57,0,HOLD,0.31,4,False,live
2026-08-22T07:29:36.786475+09:00,2026-08-22,KMI,"Kinder Morgan, Inc.",US,에너지,2026-08-21,30.98,9967791,10377679.55,0.745,68925104128,31,60,53,45,46,0,HOLD,-0.28,-3,False,live
2026-08-22T07:29:36.786475+09:00,2026-08-22,PCAR,PACCAR Inc,US,산업재,2026-08-21,131.03,3001749,3549167.45,3.2044,68969603072,51,60,45,58,52,0,HOLD,0.26,3,False,live
2026-08-22T07:29:36.786475+09:00,2026-08-22,HON,Honeywell International Inc.,US,산업재,2026-08-21,215.9,3469120,3138426.0,5.8634,68427345920,35,60,42,65,47,0,HOLD,-0.3,-4,False,live
2026-08-22T07:29:36.786475+09:00,2026-08-22,URI,"United Rentals, Inc.",US,산업재,2026-08-21,1098.51,472046,451807.3,29.4549,68373995520,47,60,70,58,58,1,HOLD,0.47,6,False,live
2026-08-22T07:29:36.786475+09:00,2026-08-22,APD,"Air Products and Chemicals, Inc.",US,소재,2026-08-21,305.1,1053040,1024482.0,6.4964,67941359616,69,60,60,42,60,0,HOLD,0.49,6,False,live
2026-08-22T07:29:36.786475+09:00,2026-08-22,RSG,"Republic Services, Inc.",US,산업재,2026-08-21,220.67,780973,1410823.65,4.095,67572019200,61,60,67,45,60,0,HOLD,0.46,6,False,live
2026-08-22T07:29:36.786475+09:00,2026-08-22,AJG,Arthur J. Gallagher & Co.,US,금융,2026-08-21,263.81,883996,1324204.8,7.1882,67625316352,82,60,60,58,67,1,HOLD,0.85,10,False,live
2026-08-22T07:29:36.786475+09:00,2026-08-22,LITE,Lumentum Holdings Inc.,US,IT,2026-08-21,866.71,3658217,5335540.85,83.6886,77743890432,87,60,50,50,65,1,HOLD,0.48,6,False,live
2026-08-22T07:29:36.786475+09:00,2026-08-22,TDG,TransDigm Group Incorporated,US,산업재,2026-08-21,1200.35,533782,448709.1,36.4057,67139874816,28,60,51,53,45,0,HOLD,-0.23,-3,False,live
2026-08-22T07:29:36.786475+09:00,2026-08-22,AEP,"American Electric Power Company, Inc.",US,유틸리티,2026-08-21,120.94,5246704,3860880.2,2.5601,65839419392,20,60,60,42,43,0,AVOID,-0.37,-4,True,live
2026-08-22T07:29:36.786475+09:00,2026-08-22,ALL,The Allstate Corporation,US,금융,2026-08-21,253.83,1304282,1738914.1,6.8489,64182935552,50,60,48,73,55,1,HOLD,0.33,4,False,live
2026-08-22T07:29:36.786475+09:00,2026-08-22,MPWR,"Monolithic Power Systems, Inc.",US,반도체,2026-08-21,1316.28,523225,826116.25,64.5671,64685948928,18,65,50,35,40,0,AVOID,-0.6,-7,True,live
2026-08-22T07:29:36.786475+09:00,2026-08-22,ARGX,argenx SE,US,제약/바이오,2026-08-21,1039.78,301273,306443.65,35.1419,65049669632,77,65,55,50,64,1,HOLD,0.74,9,False,live
2026-08-22T07:29:36.786475+09:00,2026-08-22,TRP,TC Energy Corporation,US,에너지,2026-08-21,62.02,1426967,2254073.35,1.4954,64610385920,20,60,50,45,41,0,AVOID,-0.52,-6,True,live
2026-08-22T07:29:36.786475+09:00,2026-08-22,TRGP,Targa Resources Corp.,US,에너지,2026-08-21,299.1,1600887,1327219.35,9.4311,64136318976,78,60,63,42,64,1,HOLD,0.68,8,False,live
2026-08-22T07:29:36.786475+09:00,2026-08-22,CRH,CRH plc,US,소재,2026-08-21,95.07,2648233,4685616.65,2.5607,63248596992,28,60,58,60,48,0,HOLD,-0.18,-2,False,live
2026-08-22T07:29:36.786475+09:00,2026-08-22,TFC,Truist Financial Corporation,US,금융,2026-08-21,50.42,3820463,6341338.15,0.8587,61594394624,50,60,66,70,60,1,HOLD,0.38,5,False,live
2026-08-22T07:29:36.786475+09:00,2026-08-22,RELX,RELX Plc,US,산업재,2026-08-21,35.91,2123094,2593769.7,0.9235,62577274880,55,60,55,50,55,0,HOLD,0.32,4,False,live
2026-08-22T07:29:36.786475+09:00,2026-08-22,VALE,Vale S.A.,US,소재,2026-08-21,14.59,26488964,23227588.2,0.3699,62091579392,72,60,62,74,67,2,WATCH,0.47,6,False,live
2026-08-22T07:29:36.786475+09:00,2026-08-22,GWW,"W.W. Grainger, Inc.",US,산업재,2026-08-21,1312.24,136880,279289.0,26.9175,61954945024,29,60,60,50,48,0,HOLD,-0.05,-1,False,live
2026-08-22T07:29:36.786475+09:00,2026-08-22,BKR,Baker Hughes Company,US,에너지,2026-08-21,62.34,4797919,7794380.95,1.5438,61883301888,65,60,53,58,59,0,HOLD,0.27,3,False,live
2026-08-22T07:29:36.786475+09:00,2026-08-22,COR,"Cencora, Inc.",US,제약/바이오,2026-08-21,318.04,622908,1482285.4,10.263,60690673664,62,65,70,58,64,1,HOLD,0.71,9,False,live
2026-08-22T07:29:36.786475+09:00,2026-08-22,AU,AngloGold Ashanti plc,US,소재,2026-08-21,121.22,4402845,2892392.25,5.2663,61309349888,70,60,63,84,68,2,WATCH,0.81,10,False,live
2026-08-22T07:29:36.786475+09:00,2026-08-22,OXY,Occidental Petroleum Corporation,US,에너지,2026-08-21,61.3,6435274,8359763.7,1.5578,61277769728,74,60,65,66,67,1,HOLD,0.68,8,False,live
2026-08-22T07:29:36.786475+09:00,2026-08-22,CVE,Cenovus Energy Inc.,US,에너지,2026-08-21,32.93,3530232,7355306.6,0.9125,60730986496,78,60,53,68,65,1,HOLD,0.69,8,False,live
2026-08-22T07:29:36.786475+09:00,2026-08-22,MET,"MetLife, Inc.",US,금융,2026-08-21,94.34,4849668,3886048.4,1.877,59950891008,50,60,76,58,61,1,HOLD,0.54,6,False,live
2026-08-22T07:29:36.786475+09:00,2026-08-22,NKE,"NIKE, Inc.",US,소비재,2026-08-21,40.76,11727607,23908215.35,1.1482,60467404800,28,60,53,50,45,0,HOLD,-0.31,-4,False,live
2026-08-22T07:29:36.786475+09:00,2026-08-22,PSA,Public Storage,US,리츠,2026-08-21,322.49,369142,918802.1,5.4664,60223631360,47,60,63,37,53,0,HOLD,0.21,3,False,live
2026-08-22T07:29:36.786475+09:00,2026-08-22,BE,Bloom Energy Corporation,US,산업재,2026-08-21,201.45,7491949,16736487.45,19.3532,59332534272,26,60,48,43,42,0,AVOID,-0.51,-6,True,live
2026-08-22T07:29:36.786475+09:00,2026-08-22,FANG,"Diamondback Energy, Inc.",US,에너지,2026-08-21,210.72,1325341,1797322.05,5.922,59278340096,91,60,50,53,67,1,HOLD,0.73,9,False,live
2026-08-22T07:29:36.786475+09:00,2026-08-22,MPLX,MPLX Lp,US,에너지,2026-08-21,58.41,1697007,1560510.35,1.1118,59270594560,47,60,55,55,53,0,HOLD,0.17,2,False,live
2026-08-22T07:29:36.786475+09:00,2026-08-22,AFL,Aflac Incorporated,US,금융,2026-08-21,116.07,1227982,2008754.1,2.1157,58190917632,35,60,45,68,48,0,HOLD,-0.14,-2,False,live
2026-08-22T07:29:36.786475+09:00,2026-08-22,TEL,TE Connectivity plc,US,반도체,2026-08-21,203.52,2965339,2218981.95,6.092,59008724992,46,65,63,66,58,0,HOLD,0.25,3,False,live
2026-08-22T07:29:36.786475+09:00,2026-08-22,FAST,Fastenal Company,US,산업재,2026-08-21,51.26,4320617,7731080.85,1.0978,58820726784,59,60,56,29,54,0,HOLD,0.39,5,False,live
2026-08-22T07:29:36.786475+09:00,2026-08-22,OKE,"ONEOK, Inc.",US,에너지,2026-08-21,93.33,3107946,3846142.3,2.525,58800963584,87,60,55,60,68,1,HOLD,0.68,8,False,live
2026-08-22T07:29:36.786475+09:00,2026-08-22,TER,"Teradyne, Inc.",US,반도체,2026-08-21,375.74,1906895,3578704.75,27.0768,58743472128,28,65,45,50,44,0,AVOID,-0.19,-2,True,live
2026-08-22T07:29:36.786475+09:00,2026-08-22,D,"Dominion Energy, Inc.",US,유틸리티,2026-08-21,66.6,3883817,3381025.85,1.195,58576429056,23,60,60,50,46,0,HOLD,-0.21,-3,False,live
2026-08-22T07:29:36.786475+09:00,2026-08-22,O,Realty Income Corporation,US,리츠,2026-08-21,62.6,4093490,5513054.5,0.9807,59233247232,43,60,63,42,52,0,HOLD,0.11,1,False,live
2026-08-22T07:29:36.786475+09:00,2026-08-22,FIX,"Comfort Systems USA, Inc.",US,산업재,2026-08-21,1655.61,277538,447331.9,85.681,58268082176,25,60,48,50,43,0,AVOID,-0.43,-5,True,live
2026-08-22T07:29:36.786475+09:00,2026-08-22,LNG,"Cheniere Energy, Inc.",US,에너지,2026-08-21,277.51,1093910,1563795.5,7.466,57315295232,88,60,66,45,69,1,HOLD,0.95,11,False,live
2026-08-22T07:29:36.786475+09:00,2026-08-22,TAK,Takeda Pharmaceutical Company Limited,US,제약/바이오,2026-08-21,18.18,1388346,3593307.3,0.3432,58057883648,81,65,45,66,65,1,HOLD,0.7,8,False,live
2026-08-22T07:29:36.786475+09:00,2026-08-22,MRNA,"Moderna, Inc.",US,제약/바이오,2026-08-21,145.13,86743104,23998360.2,16.1045,57941106688,90,65,50,50,67,1,HOLD,0.86,10,False,live
2026-08-22T07:29:36.786475+09:00,2026-08-22,F,Ford Motor Company,US,소비재,2026-08-21,14.41,39160635,47969521.75,0.4025,57461256192,80,60,68,57,69,1,HOLD,0.67,8,False,live
2026-08-22T07:29:36.786475+09:00,2026-08-22,NXPI,NXP Semiconductors N.V.,US,반도체,2026-08-21,225.56,2168746,4378737.3,7.4614,56878149632,40,65,73,74,60,2,WATCH,0.09,1,False,live
2026-08-22T07:29:36.786475+09:00,2026-08-22,GRMN,Garmin Ltd.,US,IT,2026-08-21,294.85,481263,1051823.15,7.1957,56863653888,48,60,48,45,50,0,HOLD,0.2,2,False,live
2026-08-22T07:29:36.786475+09:00,2026-08-22,COHR,"Coherent, Inc.",US,IT,2026-08-21,289.52,5443729,7803076.45,35.7071,56697348096,26,60,45,43,41,0,AVOID,-0.54,-6,True,live
2026-08-22T07:29:36.786475+09:00,2026-08-22,CIEN,Ciena Corporation,US,IT,2026-08-21,395.79,1234520,2202256.0,29.8932,56025235456,40,60,45,43,46,0,HOLD,-0.35,-4,False,live
2026-08-22T07:29:36.786475+09:00,2026-08-22,NUE,Nucor Corporation,US,소재,2026-08-21,243.63,1876466,1625943.3,9.3121,55273721856,47,60,60,53,54,0,HOLD,0.21,3,False,live
2026-08-22T07:29:36.786475+09:00,2026-08-22,NOK,Nokia Oyj,US,IT,2026-08-21,10.21,44724264,81902508.2,0.5078,56997675008,62,60,55,51,58,0,HOLD,0.09,1,False,live
2026-08-22T07:29:36.786475+09:00,2026-08-22,MT,ArcelorMittal S.A.,US,소재,2026-08-21,72.2,1412049,1531317.45,2.2907,54441811968,62,60,60,58,60,0,HOLD,0.5,6,False,live
2026-08-22T07:29:36.786475+09:00,2026-08-22,AME,"AMETEK, Inc.",US,산업재,2026-08-21,239.55,1038772,1339253.6,5.6709,54905581568,50,60,60,53,55,0,HOLD,0.28,3,False,live
2026-08-22T07:29:36.786475+09:00,2026-08-22,NDAQ,"Nasdaq, Inc.",US,금융,2026-08-21,98.22,3790066,2986478.3,1.8686,54902755328,56,60,45,58,54,0,HOLD,0.24,3,False,live
2026-08-22T07:29:36.786475+09:00,2026-08-22,CTVA,"Corteva, Inc.",US,소재,2026-08-21,81.79,4650651,5009002.55,2.0225,54569963520,62,60,58,50,59,0,HOLD,0.36,4,False,live
2026-08-22T07:29:36.786475+09:00,2026-08-22,DAL,"Delta Air Lines, Inc.",US,산업재,2026-08-21,82.41,5075053,4910602.65,2.2461,54194716672,39,60,55,84,55,1,HOLD,0.2,2,False,live
2026-08-22T07:29:36.786475+09:00,2026-08-22,SRE,Sempra,US,유틸리티,2026-08-21,82.89,5175333,4002226.65,1.9921,54201798656,50,60,58,58,56,0,HOLD,0.05,1,False,live
2026-08-22T07:29:36.786475+09:00,2026-08-22,KEYS,"Keysight Technologies, Inc.",US,IT,2026-08-21,316.13,984986,1388219.3,14.3418,53836939264,28,60,63,42,47,0,HOLD,-0.25,-3,False,live
2026-08-22T07:29:36.786475+09:00,2026-08-22,DVN,Devon Energy Corporation,US,에너지,2026-08-21,49.1,9004753,10993932.65,1.3371,54009999360,84,60,84,70,77,3,BUY,1.04,12,False,live
2026-08-22T07:29:36.786475+09:00,2026-08-22,CAH,"Cardinal Health, Inc.",US,제약/바이오,2026-08-21,229.51,926884,1981954.2,6.8275,53378453504,47,65,53,66,55,0,HOLD,0.35,4,False,live
2026-08-22T07:29:36.786475+09:00,2026-08-22,ADSK,"Autodesk, Inc.",US,IT,2026-08-21,253.825,1783355,1947657.75,9.2921,53593939968,62,60,72,66,65,1,HOLD,0.6,7,False,live
2026-08-22T07:29:36.786475+09:00,2026-08-22,BDX,"Becton, Dickinson and Company",US,제약/바이오,2026-08-21,192.0,1791004,1929970.2,4.6211,52298268672,77,65,50,66,65,1,HOLD,0.74,9,False,live
2026-08-22T07:29:36.786475+09:00,2026-08-22,PYPL,"PayPal Holdings, Inc.",US,금융,2026-08-21,61.55,11187512,11265820.6,1.517,53056098304,73,60,50,78,64,2,WATCH,0.69,8,False,live
2026-08-22T07:29:36.786475+09:00,2026-08-22,DEO,Diageo plc,US,소매,2026-08-21,94.62,968251,1379617.55,2.2479,52599255040,69,60,58,58,62,0,HOLD,0.58,7,False,live
2026-08-22T07:29:36.786475+09:00,2026-08-22,NBIS,Nebius Group N.V.,US,IT,2026-08-21,219.13,20116988,28961589.4,23.3021,55636713472,73,60,65,58,66,1,HOLD,0.6,7,False,live
2026-08-22T07:29:36.786475+09:00,2026-08-22,WDAY,"Workday, Inc.",US,IT,2026-08-21,200.01,3426862,5257098.1,11.6843,49397161984,88,60,45,59,65,1,HOLD,0.78,9,False,live
2026-08-22T07:29:36.786475+09:00,2026-08-22,STT,State Street Corporation,US,금융,2026-08-21,187.13,1223794,1517259.7,3.8821,51404943360,73,60,58,76,66,2,WATCH,0.77,9,False,live
2026-08-22T07:29:36.786475+09:00,2026-08-22,EW,Edwards Lifesciences Corporation,US,제약/바이오,2026-08-21,89.79,2075074,3577953.7,1.9232,51701084160,58,65,53,50,57,0,HOLD,0.31,4,False,live
2026-08-22T07:29:36.786475+09:00,2026-08-22,FNV,Franco-Nevada Corporation,US,소재,2026-08-21,265.74,949809,802590.45,9.0003,51249426432,66,60,55,50,59,0,HOLD,0.55,7,False,live
2026-08-22T07:29:36.786475+09:00,2026-08-22,AXON,"Axon Enterprise, Inc.",US,산업재,2026-08-21,627.75,594935,964306.75,40.5331,50996789248,95,60,60,35,68,1,HOLD,0.95,11,False,live
2026-08-22T07:29:36.786475+09:00,2026-08-22,WAB,Westinghouse Air Brake Technologies Corp,US,산업재,2026-08-21,297.57,889048,970777.4,5.4785,50262802432,62,60,40,50,53,0,HOLD,0.33,4,False,live
2026-08-22T07:29:36.786475+09:00,2026-08-22,AMP,"Ameriprise Financial, Inc.",US,금융,2026-08-21,555.59,571522,441926.1,10.4907,49114157056,66,60,48,68,60,0,HOLD,0.54,6,False,live
2026-08-22T07:29:36.786475+09:00,2026-08-22,CARR,Carrier Global Corporation,US,산업재,2026-08-21,60.37,5083698,6777479.9,1.5306,50142138368,28,60,73,50,51,1,HOLD,-0.05,-1,False,live
2026-08-22T07:29:36.786475+09:00,2026-08-22,FITB,Fifth Third Bancorp,US,금융,2026-08-21,54.82,6259010,5549035.5,1.0793,49698332672,47,60,45,58,51,0,HOLD,0.16,2,False,live
2026-08-22T07:29:36.786475+09:00,2026-08-22,LHX,"L3Harris Technologies, Inc.",US,산업재,2026-08-21,266.73,1761086,1727329.3,6.7836,49669029888,31,60,58,58,49,0,HOLD,-0.27,-3,False,live
2026-08-22T07:29:36.786475+09:00,2026-08-22,ELC,"Entergy Louisiana, LLC COLLATERAL TR MT",US,유틸리티,2026-08-21,19.6817,16616,16365.8,0.096,,20,60,58,50,44,0,AVOID,-0.29,-3,True,live
2026-08-22T07:29:36.786475+09:00,2026-08-22,HEI,HEICO Corporation,US,산업재,2026-08-21,355.04,353242,413887.1,8.445,49612476416,50,60,60,27,52,0,HOLD,0.29,3,False,live
2026-08-22T07:29:36.786475+09:00,2026-08-22,COIN,"Coinbase Global, Inc.",US,금융,2026-08-21,186.49,22495437,9406456.85,8.7011,49202950144,59,60,53,38,54,0,HOLD,0.2,2,False,live
2026-08-22T07:29:36.786475+09:00,2026-08-22,XYZ,"Block, Inc.",US,IT,2026-08-21,82.16,6716098,4954709.9,2.7492,49361321984,66,60,63,43,60,0,HOLD,0.61,7,False,live
2026-08-22T07:29:36.786475+09:00,2026-08-22,ALAB,"Astera Labs, Inc. Common Stock",US,반도체,2026-08-21,284.97,2936802,4742695.1,27.2679,49438048256,25,65,65,35,46,0,HOLD,-0.24,-3,False,live
2026-08-22T07:29:36.786475+09:00,2026-08-22,ETR,Entergy Corporation,US,유틸리티,2026-08-21,104.62,2118313,2459730.65,2.2188,48818987008,50,60,63,50,56,0,HOLD,0.12,1,False,live
2026-08-22T07:29:36.786475+09:00,2026-08-22,ROK,"Rockwell Automation, Inc.",US,산업재,2026-08-21,437.08,441326,879136.3,13.1273,48537153536,17,60,60,42,42,0,AVOID,-0.36,-4,True,live
2026-08-22T07:29:36.786475+09:00,2026-08-22,INFY,Infosys Limited,US,IT,2026-08-21,11.94,15162305,21760210.25,0.3632,48358473728,43,60,60,60,54,0,HOLD,0.06,1,False,live
2026-08-22T07:29:36.786475+09:00,2026-08-22,AZO,"AutoZone, Inc.",US,소비재,2026-08-21,2957.95,254494,189569.7,79.8386,48289583104,26,60,60,50,47,0,HOLD,-0.34,-4,False,live
2026-08-22T07:29:36.786475+09:00,2026-08-22,CRWV,"CoreWeave, Inc. Class A Common Stock",US,IT,2026-08-21,87.85,20725295,33193969.75,8.0389,48452489216,55,60,60,42,56,0,HOLD,0.02,0,False,live
2026-08-22T07:29:36.786475+09:00,2026-08-22,CCEP,Coca-Cola Europacific Partners PLC,US,소매,2026-08-21,108.0,985615,2035305.75,2.2414,47701004288,47,60,60,45,53,0,HOLD,0.31,4,False,live
2026-08-22T07:29:36.786475+09:00,2026-08-22,XEL,Xcel Energy Inc.,US,유틸리티,2026-08-21,76.3,6440505,4891810.25,1.4707,47659597824,31,60,58,42,47,0,HOLD,-0.21,-3,False,live
2026-08-22T07:29:36.786475+09:00,2026-08-22,NTRA,"Natera, Inc.",US,제약/바이오,2026-08-21,332.03,1214658,1463012.9,14.2506,47860191232,80,65,58,50,66,1,HOLD,0.81,10,False,live
2026-08-22T07:29:36.786475+09:00,2026-08-22,CMG,"Chipotle Mexican Grill, Inc.",US,소비재,2026-08-21,36.9,20409883,19701039.15,1.3529,46693924864,77,60,58,50,64,1,HOLD,0.69,8,False,live
2026-08-22T07:29:36.786475+09:00,2026-08-22,PCG,PG&E Corporation,US,유틸리티,2026-08-21,17.6,26595883,26402284.15,0.5375,38761660416,92,60,66,68,74,1,HOLD,0.98,12,False,live
2026-08-22T07:29:36.786475+09:00,2026-08-22,FERG,Ferguson plc,US,산업재,2026-08-21,242.24,798349,4446197.45,6.9143,46861987840,55,60,63,50,58,0,HOLD,0.39,5,False,live
2026-08-22T07:29:36.786475+09:00,2026-08-22,ARES,Ares Management Corporation,US,금융,2026-08-21,141.25,1172500,2452540.0,5.0675,46590836736,55,60,60,35,54,0,HOLD,0.39,5,False,live
2026-08-22T07:29:36.786475+09:00,2026-08-22,EBAY,eBay Inc.,US,소비재,2026-08-21,104.13,3841159,4682162.95,3.6429,46337847296,28,60,48,50,44,0,AVOID,-0.39,-5,True,live
2026-08-22T07:29:36.786475+09:00,2026-08-22,WDS,Woodside Energy Group Ltd,US,에너지,2026-08-21,24.33,265501,603545.05,0.4607,46253768704,88,60,55,52,67,1,HOLD,0.76,9,False,live
2026-08-22T07:29:36.786475+09:00,2026-08-22,TRI,Thomson Reuters Corporation,US,산업재,2026-08-21,105.53,1429193,2407879.65,5.6267,45718188032,66,60,50,58,59,0,HOLD,0.52,6,False,live
2026-08-22T07:29:36.786475+09:00,2026-08-22,VST,Vistra Corp.,US,유틸리티,2026-08-21,136.21,4255120,4817026.0,5.4163,45716873216,20,60,56,58,44,0,AVOID,-0.43,-5,True,live
2026-08-22T07:29:36.786475+09:00,2026-08-22,UMC,United Microelectronics Corporation,US,반도체,2026-08-21,18.34,5121248,13844382.4,0.8975,45995044864,50,65,55,76,58,1,HOLD,0.28,3,False,live
2026-08-22T07:29:36.786475+09:00,2026-08-22,FER,Ferrovial SE,US,산업재,2026-08-21,62.835,1156712,1582810.6,1.0736,45291606016,28,60,55,38,44,0,AVOID,-0.32,-4,True,live
2026-08-22T07:29:36.786475+09:00,2026-08-22,HUM,Humana Inc.,US,제약/바이오,2026-08-21,378.88,1120280,1424919.0,13.4882,45496025088,51,65,70,58,61,1,HOLD,0.56,7,False,live
2026-08-22T07:29:36.786475+09:00,2026-08-22,VTR,"Ventas, Inc.",US,리츠,2026-08-21,93.06,2062825,3541986.25,2.1007,47734788096,69,60,65,43,62,0,HOLD,0.55,7,False,live
2026-08-22T07:29:36.786475+09:00,2026-08-22,TEAM,Atlassian Corporation,US,IT,2026-08-21,171.81,2947815,5709290.75,10.3789,43491778560,73,60,60,42,62,1,HOLD,0.67,8,False,live
2026-08-22T07:29:36.786475+09:00,2026-08-22,STM,STMicroelectronics N.V.,US,반도체,2026-08-21,50.56,4770384,9461419.2,2.1625,45122449408,40,65,70,58,57,1,HOLD,0.0,0,False,live
2026-08-22T07:29:36.786475+09:00,2026-08-22,EXC,Exelon Corporation,US,유틸리티,2026-08-21,43.78,5322761,7143868.05,0.9,45104517120,28,60,60,52,48,0,HOLD,-0.18,-2,False,live
2026-08-22T07:29:36.786475+09:00,2026-08-22,A,"Agilent Technologies, Inc.",US,제약/바이오,2026-08-21,159.0,2730169,1733873.45,3.8007,44906676224,77,65,60,58,67,1,HOLD,0.82,10,False,live
2026-08-22T07:29:36.786475+09:00,2026-08-22,TTWO,"Take-Two Interactive Software, Inc.",US,IT,2026-08-21,239.62,1494494,2276164.7,9.0836,44804255744,47,60,53,37,50,0,HOLD,0.08,1,False,live
2026-08-22T07:29:36.786475+09:00,2026-08-22,CCJ,Cameco Corporation,US,에너지,2026-08-21,102.51,3617909,2960890.45,3.5593,44646486016,59,60,60,35,56,0,HOLD,0.22,3,False,live
2026-08-22T07:29:36.786475+09:00,2026-08-22,RVMD,"Revolution Medicines, Inc.",US,제약/바이오,2026-08-21,209.46,2070274,1699693.7,7.4204,44894908416,80,65,63,42,66,1,HOLD,0.83,10,False,live
2026-08-22T07:29:36.786475+09:00,2026-08-22,ABEV,Ambev S.A.,US,소매,2026-08-21,2.88,23915079,36556398.95,0.0636,44409597952,25,60,58,68,48,0,HOLD,-0.26,-3,False,live
2026-08-22T07:29:36.786475+09:00,2026-08-22,CBRS,Cerebras Systems Inc.,US,반도체,2026-08-21,196.13,7722696,7554994.8,22.3052,46593437696,33,65,68,35,50,0,HOLD,-0.2,-2,False,live
2026-08-22T07:29:36.786475+09:00,2026-08-22,PAYX,"Paychex, Inc.",US,산업재,2026-08-21,124.475,2074663,2834368.15,3.2329,44273623040,70,60,50,50,59,1,HOLD,0.55,7,False,live
2026-08-22T07:29:36.786475+09:00,2026-08-22,CBRE,"CBRE Group, Inc.",US,리츠,2026-08-21,152.1,1040336,1696621.8,4.4264,44044402688,77,60,63,58,67,1,HOLD,0.81,10,False,live
2026-08-22T07:29:36.786475+09:00,2026-08-22,HLN,Haleon plc,US,제약/바이오,2026-08-21,10.0,7171279,10242218.95,0.1611,43984019456,62,65,55,58,60,0,HOLD,0.46,6,False,live
2026-08-22T07:29:36.786475+09:00,2026-08-22,IDXX,"IDEXX Laboratories, Inc.",US,제약/바이오,2026-08-21,556.93,472690,645564.5,21.0714,43932307456,43,65,60,37,52,0,HOLD,0.06,1,False,live
2026-08-22T07:29:36.786475+09:00,2026-08-22,SLF,Sun Life Financial Inc.,US,금융,2026-08-21,78.98,271907,779155.35,1.3793,43969318912,47,60,55,50,52,0,HOLD,0.2,2,False,live
2026-08-22T07:29:36.786475+09:00,2026-08-22,KDP,Keurig Dr Pepper Inc.,US,소매,2026-08-21,32.04,6958752,12935897.6,1.0757,43600867328,73,60,63,66,66,1,HOLD,0.73,9,False,live
2026-08-22T07:29:36.786475+09:00,2026-08-22,TEVA,Teva Pharmaceutical Industries Limited,US,제약/바이오,2026-08-21,37.34,2803516,6022425.8,0.8864,43512156160,76,65,50,51,62,1,HOLD,0.6,7,False,live
2026-08-22T07:29:36.786475+09:00,2026-08-22,HMC,"Honda Motor Co., Ltd.",US,소비재,2026-08-21,33.37,1020068,1197613.4,0.6196,43298467840,77,60,58,83,69,2,WATCH,0.85,10,False,live
2026-08-22T07:29:36.786475+09:00,2026-08-22,CRDO,Credo Technology Group Holding Ltd,US,반도체,2026-08-21,230.57,2631625,4999281.25,22.1094,42996211712,32,65,58,35,47,0,HOLD,-0.04,0,False,live
2026-08-22T07:29:36.786475+09:00,2026-08-22,BSBR,Banco Santander (Brasil) S.A.,US,금융,2026-08-21,5.74,3113766,4859548.3,0.1329,42978406400,63,60,45,86,60,1,HOLD,0.44,5,False,live
2026-08-22T07:29:36.786475+09:00,2026-08-22,ODFL,"Old Dominion Freight Line, Inc.",US,산업재,2026-08-21,206.47,1147224,1740071.2,6.1736,42812923904,28,60,60,50,47,0,HOLD,-0.16,-2,False,live
2026-08-22T07:29:36.786475+09:00,2026-08-22,GFI,Gold Fields Limited,US,소재,2026-08-21,47.81,4849439,3740241.95,2.0629,42762153984,70,60,60,63,64,1,HOLD,0.7,8,False,live
2026-08-22T07:29:36.786475+09:00,2026-08-22,IQV,IQVIA Holdings Inc.,US,제약/바이오,2026-08-21,259.82,1139616,1551355.8,7.8086,42766372864,82,65,45,66,65,1,HOLD,0.76,9,False,live
2026-08-22T07:29:36.786475+09:00,2026-08-22,IX,ORIX Corporation,US,금융,2026-08-21,38.49,187203,272160.15,0.8357,42040037376,46,60,55,78,56,1,HOLD,0.15,2,False,live
2026-08-22T07:29:36.786475+09:00,2026-08-22,WCN,"Waste Connections, Inc.",US,산업재,2026-08-21,169.4,714663,1249373.15,3.0147,42615828480,91,60,53,50,67,1,HOLD,0.8,10,False,live
2026-08-22T07:29:36.786475+09:00,2026-08-22,LYV,"Live Nation Entertainment, Inc.",US,인터넷,2026-08-21,181.82,1127472,2113338.6,3.9029,42356699136,47,65,60,22,51,0,HOLD,0.2,2,False,live
2026-08-22T07:29:36.786475+09:00,2026-08-22,YUM,"Yum! Brands, Inc.",US,소비재,2026-08-21,152.99,3746753,2624797.65,4.1557,41751138304,72,60,53,50,61,1,HOLD,0.4,5,False,live
2026-08-22T07:29:36.786475+09:00,2026-08-22,PRU,"Prudential Financial, Inc.",US,금융,2026-08-21,121.15,1160516,1883620.8,2.7293,41796751360,47,60,63,94,61,1,HOLD,0.52,6,False,live
2026-08-22T07:29:36.786475+09:00,2026-08-22,RKLB,"Rocket Lab USA, Inc.",US,산업재,2026-08-21,72.57,12459036,18671386.8,5.4279,46402056192,40,60,63,19,48,0,HOLD,-0.24,-3,False,live
2026-08-22T07:29:36.786475+09:00,2026-08-22,ROP,"Roper Technologies, Inc.",US,IT,2026-08-21,411.79,559084,785414.2,9.91,40726392832,63,60,60,68,62,0,HOLD,0.62,7,False,live
2026-08-22T07:29:36.786475+09:00,2026-08-22,DHI,"D.R. Horton, Inc.",US,소비재,2026-08-21,148.35,1397330,2156776.5,4.5291,41493688320,65,60,68,68,65,0,HOLD,0.58,7,False,live
2026-08-22T07:29:36.786475+09:00,2026-08-22,KB,KB Financial Group Inc.,US,금융,2026-08-21,117.96,180787,225619.35,2.8543,41416474624,47,60,55,78,57,1,HOLD,0.34,4,False,live
2026-08-22T07:29:36.786475+09:00,2026-08-22,MCHP,Microchip Technology Incorporated,US,반도체,2026-08-21,76.08,4628518,10859430.9,4.0264,41312104448,40,65,73,51,57,1,HOLD,0.01,0,False,live
2026-08-22T07:29:36.786475+09:00,2026-08-22,JD,"JD.com, Inc.",US,소비재,2026-08-21,29.37,5208585,9740664.25,0.8157,39664185344,32,60,63,74,53,1,HOLD,-0.01,0,False,live
2026-08-22T07:29:36.786475+09:00,2026-08-22,VIK,Viking Holdings Ltd,US,소비재,2026-08-21,92.79,4989852,3064972.6,4.0697,41398919168,47,60,55,50,52,0,HOLD,0.22,3,False,live
2026-08-22T07:29:36.786475+09:00,2026-08-22,FMX,"Fomento Económico Mexicano, S.A.B. de C.",US,소매,2026-08-21,120.68,366297,537504.85,2.5257,41113440256,25,60,60,53,47,0,HOLD,-0.15,-2,False,live
2026-08-22T07:29:36.786475+09:00,2026-08-22,MSCI,MSCI Inc.,US,금융,2026-08-21,563.49,359137,672516.85,12.7433,40965722112,50,60,63,50,56,0,HOLD,0.15,2,False,live
2026-08-22T07:29:36.786475+09:00,2026-08-22,FLEX,Flex Ltd.,US,IT,2026-08-21,110.45,2765177,4518118.85,6.6232,40800559104,21,60,66,58,48,0,HOLD,-0.34,-4,False,live
2026-08-22T07:29:36.786475+09:00,2026-08-22,AIG,"American International Group, Inc.",US,금융,2026-08-21,76.12,2258605,2962705.25,1.4193,39802630144,40,60,55,94,57,1,HOLD,0.13,2,False,live
2026-08-22T07:29:36.786475+09:00,2026-08-22,VEEV,Veeva Systems Inc.,US,IT,2026-08-21,247.9,892318,1748215.9,8.6957,40269692928,68,60,60,50,61,0,HOLD,0.63,8,False,live
2026-08-22T07:29:36.786475+09:00,2026-08-22,SYY,Sysco Corporation,US,소매,2026-08-21,84.1,1604838,3596321.9,1.7529,40262062080,62,60,73,50,63,1,HOLD,0.63,8,False,live
2026-08-22T07:29:36.786475+09:00,2026-08-22,ONC,BeOne Medicines AG,US,제약/바이오,2026-08-21,374.47,214682,392959.1,10.6306,42360856576,73,65,48,35,58,1,HOLD,0.55,7,False,live
2026-08-22T07:29:36.786475+09:00,2026-08-22,PFH,"Prudential Financial, Inc. 4.125% Junior",US,금융,2026-08-21,15.3,57478,33478.9,0.1868,,28,60,58,50,47,0,HOLD,-0.21,-3,False,live
2026-08-22T07:29:36.786475+09:00,2026-08-22,MSTR,Strategy Inc,US,IT,2026-08-21,119.25,45053427,20813446.35,6.105,47375839232,49,60,53,62,54,0,HOLD,-0.07,-1,False,live
2026-08-22T07:29:36.786475+09:00,2026-08-22,RKT,"Rocket Companies, Inc.",US,금융,2026-08-21,13.93,18284114,27455600.7,0.7532,39444779008,50,60,63,60,57,0,HOLD,0.26,3,False,live
2026-08-22T07:29:36.786475+09:00,2026-08-22,ED,"Consolidated Edison, Inc.",US,유틸리티,2026-08-21,106.35,1705265,2352748.25,1.8838,39331274752,28,60,65,52,49,0,HOLD,-0.09,-1,False,live
2026-08-22T07:29:36.786475+09:00,2026-08-22,KGC,Kinross Gold Corporation,US,소재,2026-08-21,32.76,11498640,8475472.0,1.279,38861246464,66,60,55,68,62,0,HOLD,0.61,7,False,live
2026-08-22T07:29:36.786475+09:00,2026-08-22,ADM,Archer-Daniels-Midland Company,US,소매,2026-08-21,80.3,3232674,4121968.7,2.5468,38701109248,87,60,63,58,70,1,HOLD,0.81,10,False,live
2026-08-22T07:29:36.786475+09:00,2026-08-22,HSY,The Hershey Company,US,소매,2026-08-21,186.46,719751,1431872.55,3.5552,37464600576,70,60,50,50,59,1,HOLD,0.3,4,False,live
2026-08-22T07:29:36.786475+09:00,2026-08-22,NTAP,"NetApp, Inc.",US,IT,2026-08-21,192.27,1612215,2503170.75,7.7511,37669523456,73,60,45,50,59,1,HOLD,0.54,6,False,live
2026-08-22T07:29:36.786475+09:00,2026-08-22,HIG,"The Hartford Insurance Group, Inc.",US,금융,2026-08-21,136.1,2330519,1532995.95,2.3507,36865679360,43,60,58,86,57,1,HOLD,0.19,2,False,live
2026-08-22T07:29:36.786475+09:00,2026-08-22,NWG,NatWest Group plc,US,금융,2026-08-21,18.62,1932606,3741880.3,0.2642,74007019520,63,60,55,70,61,1,HOLD,0.57,7,False,live
2026-08-22T07:29:36.786475+09:00,2026-08-22,EL,The Estée Lauder Companies Inc.,US,소매,2026-08-21,101.94,5673027,3290981.35,3.6929,36881375232,66,60,61,35,59,0,HOLD,0.56,7,False,live
2026-08-22T07:29:36.786475+09:00,2026-08-22,EXPE,"Expedia Group, Inc.",US,소비재,2026-08-21,321.63,1242287,1632619.35,12.5143,38601822208,73,60,45,58,60,1,HOLD,0.57,7,False,live
2026-08-22T07:29:36.786475+09:00,2026-08-22,VOD,Vodafone Group Public Limited Company,US,인터넷,2026-08-21,15.96,2468015,4250345.75,0.2842,36884090880,54,65,55,86,61,1,HOLD,0.46,6,False,live
2026-08-22T07:29:36.786475+09:00,2026-08-22,UAL,"United Airlines Holdings, Inc.",US,산업재,2026-08-21,113.17,2935780,3151909.0,3.7314,36731555840,19,60,60,73,48,1,HOLD,-0.0,0,False,live
2026-08-22T07:29:36.786475+09:00,2026-08-22,KVUE,Kenvue Inc.,US,소매,2026-08-21,19.06,11013445,21657782.25,0.4143,36609941504,47,60,60,66,56,0,HOLD,0.32,4,False,live
2026-08-22T07:29:36.786475+09:00,2026-08-22,IRM,Iron Mountain Incorporated,US,리츠,2026-08-21,122.02,586680,1709744.0,4.2457,36325695488,28,60,50,35,42,0,AVOID,-0.33,-4,True,live
2026-08-22T07:29:36.786475+09:00,2026-08-22,KMB,Kimberly-Clark Corporation,US,소매,2026-08-21,109.31,2050739,3446336.95,2.7109,36284399616,47,60,60,50,54,0,HOLD,0.29,3,False,live
2026-08-22T07:29:36.786475+09:00,2026-08-22,PEG,Public Service Enterprise Group Incorpor,US,유틸리티,2026-08-21,72.61,1452861,2807778.05,1.3582,36183117824,20,60,50,45,41,0,AVOID,-0.47,-6,True,live
2026-08-22T07:29:36.786475+09:00,2026-08-22,NTR,Nutrien Ltd.,US,소재,2026-08-21,75.27,2704826,2778566.3,1.8834,35919601664,66,60,50,60,59,0,HOLD,0.44,5,False,live
2026-08-22T07:29:36.786475+09:00,2026-08-22,P,"Everpure, Inc.",US,IT,2026-08-21,108.55,2586865,3121333.25,5.9721,36082556928,80,60,45,35,59,1,HOLD,0.58,7,False,live
2026-08-22T07:29:36.786475+09:00,2026-08-22,EC,Ecopetrol S.A.,US,에너지,2026-08-21,17.53,1181168,1995213.4,0.5721,36038782976,95,60,55,96,76,2,WATCH,1.11,13,False,live
2026-08-22T07:29:36.786475+09:00,2026-08-22,ALC,Alcon Inc.,US,제약/바이오,2026-08-21,73.63,994181,2164804.05,1.7779,35592740864,84,65,60,50,68,1,HOLD,0.8,10,False,live
2026-08-22T07:29:36.786475+09:00,2026-08-22,VMC,Vulcan Materials Company,US,소재,2026-08-21,276.04,786055,1029537.75,6.1353,35768913920,32,60,63,58,51,0,HOLD,0.06,1,False,live
2026-08-22T07:29:36.786475+09:00,2026-08-22,KR,The Kroger Co.,US,소매,2026-08-21,57.9,5881554,6254327.7,1.3127,35472277504,65,60,60,74,64,1,HOLD,0.29,3,False,live
2026-08-22T07:29:36.786475+09:00,2026-08-22,SHG,"Shinhan Financial Group Co., Ltd.",US,금융,2026-08-21,74.63,135594,192814.7,1.9014,35140603904,69,60,50,75,62,1,HOLD,0.62,7,False,live
2026-08-22T07:29:36.786475+09:00,2026-08-22,CCL,Carnival Corporation & plc,US,소비재,2026-08-21,25.73,13897848,17625412.4,0.8654,35241070592,43,60,55,86,56,1,HOLD,0.14,2,False,live
2026-08-22T07:29:36.786475+09:00,2026-08-22,PUK,Prudential plc,US,금융,2026-08-21,28.16,525704,1201715.2,0.5836,34951835648,40,60,55,78,54,1,HOLD,-0.02,0,False,live
2026-08-22T07:29:36.786475+09:00,2026-08-22,DXCM,"DexCom, Inc.",US,제약/바이오,2026-08-21,92.34,3478990,5765904.5,2.5745,34845491200,95,65,50,42,68,1,HOLD,0.91,11,False,live
2026-08-22T07:29:36.786475+09:00,2026-08-22,MTB,M&T Bank Corporation,US,금융,2026-08-21,240.34,757389,974024.45,4.1143,34833195008,47,60,45,60,51,0,HOLD,0.19,2,False,live
2026-08-22T07:29:36.786475+09:00,2026-08-22,ESLT,Elbit Systems Ltd.,US,산업재,2026-08-21,741.33,38495,86199.75,24.5725,34732183552,35,60,55,37,46,0,HOLD,-0.18,-2,False,live
2026-08-22T07:29:36.786475+09:00,2026-08-22,ACGL,Arch Capital Group Ltd.,US,금융,2026-08-21,99.39,1339537,1690586.85,1.76,33891989504,43,60,45,78,52,1,HOLD,0.06,1,False,live
2026-08-22T07:29:36.786475+09:00,2026-08-22,VG,"Venture Global, Inc.",US,에너지,2026-08-21,14.21,10243674,13822238.7,0.7443,35526320128,87,60,48,70,67,2,WATCH,0.68,8,False,live
2026-08-22T07:29:36.786475+09:00,2026-08-22,MDB,"MongoDB, Inc.",US,IT,2026-08-21,430.83,917858,1493937.9,22.3376,34652487680,95,60,50,34,65,1,HOLD,0.84,10,False,live
2026-08-22T07:29:36.786475+09:00,2026-08-22,WEC,"WEC Energy Group, Inc.",US,유틸리티,2026-08-21,106.01,1709260,2507603.0,1.971,34543292416,53,60,63,42,56,0,HOLD,0.14,2,False,live
2026-08-22T07:29:36.786475+09:00,2026-08-22,HBAN,Huntington Bancshares Incorporated,US,금융,2026-08-21,17.03,18573716,23390860.8,0.3436,34407665664,35,60,42,68,47,0,HOLD,-0.06,-1,False,live
2026-08-22T07:29:36.786475+09:00,2026-08-22,PPLC,PPL Corporation,US,유틸리티,2026-08-21,46.13,8298,252999.9,0.6107,,31,60,55,50,47,0,HOLD,-0.19,-2,False,live
2026-08-22T07:29:36.786475+09:00,2026-08-22,EME,"EMCOR Group, Inc.",US,산업재,2026-08-21,776.62,256624,419661.2,25.849,34256629760,40,60,55,50,50,0,HOLD,-0.13,-2,False,live
2026-08-22T07:29:36.786475+09:00,2026-08-22,BBDO,Banco Bradesco S.A.,US,금융,2026-08-21,3.14,60761,95248.05,0.12,34199859200,43,60,55,80,56,1,HOLD,0.18,2,False,live
2026-08-22T07:29:36.786475+09:00,2026-08-22,TWLO,Twilio Inc.,US,IT,2026-08-21,225.3,1277628,2599666.4,15.2309,34600497152,69,60,60,58,63,0,HOLD,0.67,8,False,live
2026-08-22T07:29:36.786475+09:00,2026-08-22,CLS,Celestica Inc.,US,IT,2026-08-21,296.55,1357421,3425276.05,22.2543,37398249472,26,60,63,50,48,0,HOLD,-0.33,-4,False,live
2026-08-22T07:29:36.786475+09:00,2026-08-22,UI,Ubiquiti Inc.,US,IT,2026-08-21,559.0,428542,123297.1,26.8314,33831845888,72,60,55,42,60,1,HOLD,0.29,3,False,live
2026-08-22T07:29:36.786475+09:00,2026-08-22,GEHC,GE HealthCare Technologies Inc.,US,제약/바이오,2026-08-21,74.82,2118031,4266481.55,1.5936,34035003392,74,65,66,60,68,1,HOLD,0.84,10,False,live
2026-08-22T07:29:36.786475+09:00,2026-08-22,RJF,"Raymond James Financial, Inc.",US,금융,2026-08-21,175.2,648519,942885.95,3.5068,33701771264,47,60,58,68,56,0,HOLD,0.38,5,False,live
2026-08-22T07:29:36.786475+09:00,2026-08-22,CHT,"Chunghwa Telecom Co., Ltd.",US,인터넷,2026-08-21,43.38,204069,173608.45,0.3964,33651804160,69,65,55,50,61,0,HOLD,0.47,6,False,live
2026-08-22T07:29:36.786475+09:00,2026-08-22,NTRS,Northern Trust Corporation,US,금융,2026-08-21,183.9,1141123,1041471.15,3.757,33645543424,47,60,55,60,54,0,HOLD,0.25,3,False,live
2026-08-22T07:29:36.786475+09:00,2026-08-22,EQT,EQT Corporation,US,에너지,2026-08-21,53.72,5331483,6127414.15,1.2982,33602721792,73,60,45,68,61,1,HOLD,0.31,4,False,live
2026-08-22T07:29:36.786475+09:00,2026-08-22,RMD,ResMed Inc.,US,제약/바이오,2026-08-21,231.52,925810,1462580.5,7.8161,33397293056,84,65,56,58,68,1,HOLD,0.83,10,False,live
2026-08-22T07:29:36.786475+09:00,2026-08-22,ERIC,Telefonaktiebolaget LM Ericsson (publ),US,IT,2026-08-21,10.22,3351672,10831923.6,0.1771,33457035264,62,60,50,78,60,1,HOLD,0.14,2,False,live
2026-08-22T07:29:36.786475+09:00,2026-08-22,TECK,Teck Resources Limited,US,소재,2026-08-21,69.2,4842781,2966754.05,2.2115,33949517824,73,60,55,53,62,1,HOLD,0.6,7,False,live
2026-08-22T07:29:36.786475+09:00,2026-08-22,ILMN,"Illumina, Inc.",US,제약/바이오,2026-08-21,219.4,1912997,2091774.85,8.7975,33129398272,92,65,58,34,68,1,HOLD,0.92,11,False,live
2026-08-22T07:29:36.786475+09:00,2026-08-22,STRC,Strategy Inc,US,IT,2026-08-21,96.18,1771165,1367688.25,1.2149,,60,60,48,60,56,0,HOLD,0.22,3,False,live
2026-08-22T07:29:36.786475+09:00,2026-08-22,CQP,"Cheniere Energy Partners, L.P.",US,에너지,2026-08-21,68.38,72047,135232.35,2.1315,33099864064,91,60,53,55,68,1,HOLD,0.82,10,False,live
2026-08-22T07:29:36.786475+09:00,2026-08-22,CCI,Crown Castle Inc.,US,리츠,2026-08-21,75.51,1706155,3703402.75,2.3146,32126140416,55,60,60,58,58,0,HOLD,0.07,1,False,live
2026-08-22T07:29:36.786475+09:00,2026-08-22,BBD,Banco Bradesco S.A.,US,금융,2026-08-21,3.11,24837590,29078249.5,0.0978,33873106944,17,60,50,88,46,1,HOLD,-0.37,-4,False,live
2026-08-22T07:29:36.786475+09:00,2026-08-22,JBL,Jabil Inc.,US,IT,2026-08-21,313.21,547295,1054594.75,15.8883,32820363264,28,60,60,58,48,0,HOLD,-0.29,-3,False,live
2026-08-22T07:29:36.786475+09:00,2026-08-22,STLD,"Steel Dynamics, Inc.",US,소재,2026-08-21,228.68,1999465,1229248.25,10.0636,32776267776,43,60,53,53,51,0,HOLD,-0.05,-1,False,live
2026-08-22T07:29:36.786475+09:00,2026-08-22,ZTS,Zoetis Inc.,US,제약/바이오,2026-08-21,77.73,5047816,6795330.8,3.3393,32119873536,65,65,50,55,59,0,HOLD,0.28,3,False,live
2026-08-22T07:29:36.786475+09:00,2026-08-22,MLM,"Martin Marietta Materials, Inc.",US,소재,2026-08-21,534.92,459228,622226.4,13.015,32130418688,28,60,63,58,49,0,HOLD,-0.08,-1,False,live
2026-08-22T07:29:36.786475+09:00,2026-08-22,CNC,Centene Corp.,US,제약/바이오,2026-08-21,65.02,3151416,4956530.8,2.3864,32119554048,47,65,76,76,64,2,WATCH,0.56,7,False,live
2026-08-22T07:29:36.786475+09:00,2026-08-22,BIIB,Biogen Inc.,US,제약/바이오,2026-08-21,216.78,695475,962563.75,5.8771,32030111744,88,65,63,58,71,1,HOLD,0.96,12,False,live
2026-08-22T07:29:36.786475+09:00,2026-08-22,WTW,Willis Towers Watson Public Limited Comp,US,금융,2026-08-21,341.99,458557,603137.85,7.5061,31761272832,66,60,60,58,62,0,HOLD,0.63,8,False,live
2026-08-22T07:29:36.786475+09:00,2026-08-22,BIDU,"Baidu, Inc.",US,인터넷,2026-08-21,93.21,3423050,3180567.5,3.545,31615576064,10,65,60,88,48,1,HOLD,-0.42,-5,False,live
2026-08-22T07:29:36.786475+09:00,2026-08-22,ALNY,"Alnylam Pharmaceuticals, Inc.",US,제약/바이오,2026-08-21,236.22,1874647,2386967.35,9.8407,31608389632,70,65,50,50,60,1,HOLD,0.18,2,False,live
2026-08-22T07:29:36.786475+09:00,2026-08-22,SUNB,Sunbelt Rentals Holdings Inc,US,산업재,2026-08-21,76.88,2344921,1948046.05,2.9479,31516766208,38,60,45,66,49,0,HOLD,-0.1,-1,False,live
2026-08-22T07:29:36.786475+09:00,2026-08-22,IR,Ingersoll Rand Inc.,US,산업재,2026-08-21,80.51,5636095,4113979.75,2.1666,31237834752,39,60,60,66,54,0,HOLD,0.26,3,False,live
2026-08-22T07:29:36.786475+09:00,2026-08-22,ZM,"Zoom Communications, Inc.",US,IT,2026-08-21,107.43,2685548,2906857.4,3.6675,31501938688,87,60,50,63,67,1,HOLD,0.66,8,False,live
2026-08-22T07:29:36.786475+09:00,2026-08-22,CPRT,"Copart, Inc.",US,산업재,2026-08-21,33.8,10776833,12256101.65,1.1789,32559822848,62,60,58,45,58,0,HOLD,0.3,4,False,live
2026-08-22T07:29:36.786475+09:00,2026-08-22,EXR,Extra Space Storage Inc.,US,리츠,2026-08-21,146.81,644309,1133740.45,2.42,32401340416,40,60,63,45,52,0,HOLD,0.1,1,False,live
2026-08-22T07:29:36.786475+09:00,2026-08-22,CASY,"Casey's General Stores, Inc.",US,소비재,2026-08-21,835.74,341836,294741.8,25.5564,30926485504,38,60,53,37,47,0,HOLD,-0.09,-1,False,live
2026-08-22T07:29:36.786475+09:00,2026-08-22,WAT,Waters Corporation,US,제약/바이오,2026-08-21,410.7,683844,882972.2,13.0164,40324931584,59,65,32,35,48,0,HOLD,0.19,2,False,live
2026-08-22T07:29:36.786475+09:00,2026-08-22,JBS,Jbs N.V.,US,소매,2026-08-21,13.82,5199904,6689380.2,0.4868,45459005440,51,60,60,68,58,0,HOLD,0.31,4,False,live
2026-08-22T07:29:36.786475+09:00,2026-08-22,LVS,Las Vegas Sands Corp.,US,소비재,2026-08-21,47.03,3294119,4954670.95,1.0825,30461386752,73,60,55,58,63,1,HOLD,0.42,5,False,live
2026-08-22T07:29:36.786475+09:00,2026-08-22,FTI,TechnipFMC plc,US,에너지,2026-08-21,77.45,1439269,3403873.45,2.3814,30373130240,76,60,60,50,64,1,HOLD,0.66,8,False,live
2026-08-22T07:29:36.786475+09:00,2026-08-22,KHC,The Kraft Heinz Company,US,소매,2026-08-21,25.58,8341761,14786478.05,0.7449,30333370368,47,60,63,86,60,1,HOLD,0.42,5,False,live
2026-08-22T07:29:36.786475+09:00,2026-08-22,BAP,Credicorp Ltd.,US,금융,2026-08-21,378.97,170185,280479.25,12.5871,30097539072,29,60,58,63,49,0,HOLD,0.08,1,False,live
2026-08-22T07:29:36.786475+09:00,2026-08-22,FOXA,Fox Corporation,US,인터넷,2026-08-21,68.54,5731662,5195518.1,2.1221,28762820608,69,65,66,68,67,0,HOLD,0.7,8,False,live
2026-08-22T07:29:36.786475+09:00,2026-08-22,TCOM,Trip.com Group Limited,US,소비재,2026-08-21,46.11,1497102,2841650.1,0.9314,29035708416,51,60,55,70,57,1,HOLD,0.2,2,False,live
2026-08-22T07:29:36.786475+09:00,2026-08-22,STRF,MicroStrategy Incorporated 10.00% Series,US,IT,2026-08-21,99.57,179620,81231.0,0.8982,,57,60,48,60,55,0,HOLD,0.19,2,False,live
2026-08-22T07:29:36.786475+09:00,2026-08-22,CPNG,"Coupang, Inc.",US,소비재,2026-08-21,16.45,10794544,18700537.2,0.5773,29528807424,65,60,50,27,54,0,HOLD,0.23,3,False,live
2026-08-22T07:29:36.786475+09:00,2026-08-22,CFG,"Citizens Financial Group, Inc.",US,금융,2026-08-21,69.86,3495519,3252290.95,1.458,29423411200,47,60,63,68,58,0,HOLD,0.38,5,False,live
2026-08-22T07:29:36.786475+09:00,2026-08-22,HAL,Halliburton Company,US,에너지,2026-08-21,35.34,8775505,10187380.25,0.9182,29522956288,62,60,50,74,60,1,HOLD,0.13,2,False,live
2026-08-22T07:29:36.786475+09:00,2026-08-22,RDDT,"Reddit, Inc.",US,인터넷,2026-08-21,153.29,3868951,9121187.55,9.3499,29492459520,40,65,60,50,52,0,HOLD,0.18,2,False,live
2026-08-22T07:29:36.786475+09:00,2026-08-22,TDY,Teledyne Technologies Incorporated,US,IT,2026-08-21,636.15,225385,319699.25,14.4414,29472280576,43,60,45,58,49,0,HOLD,-0.02,0,False,live
2026-08-22T07:29:36.786475+09:00,2026-08-22,ZS,"Zscaler, Inc.",US,IT,2026-08-21,181.745,1640155,2259342.75,8.1862,29389895680,65,60,40,42,53,0,HOLD,0.14,2,False,live
2026-08-22T07:29:36.786475+09:00,2026-08-22,AEE,Ameren Corporation,US,유틸리티,2026-08-21,106.13,1587050,1595087.5,1.8564,29381373952,28,60,53,42,44,0,AVOID,-0.29,-3,True,live
2026-08-22T07:29:36.786475+09:00,2026-08-22,BNTX,BioNTech SE,US,제약/바이오,2026-08-21,116.57,2957648,1599312.4,4.7832,29282893824,78,65,53,58,65,1,HOLD,0.76,9,False,live
2026-08-22T07:29:36.786475+09:00,2026-08-22,VICI,VICI Properties Inc.,US,리츠,2026-08-21,26.51,5697332,10013141.6,0.4279,29189564416,65,60,63,70,64,1,HOLD,0.41,5,False,live
2026-08-22T07:29:36.786475+09:00,2026-08-22,RYAAY,Ryanair Holdings plc,US,산업재,2026-08-21,55.8,2000302,1173530.1,1.1436,28949929984,20,60,55,47,43,0,AVOID,-0.39,-5,True,live
2026-08-22T07:29:36.786475+09:00,2026-08-22,MDLN,Medline Inc.,US,제약/바이오,2026-08-21,34.26,6985215,7514630.75,1.9675,46094540800,25,65,45,50,43,0,AVOID,-0.4,-5,True,live
2026-08-22T07:29:36.786475+09:00,2026-08-22,LPLA,LPL Financial Holdings Inc.,US,금융,2026-08-21,361.35,476520,680086.0,9.1631,28453525504,59,60,53,66,58,0,HOLD,0.48,6,False,live
2026-08-22T07:29:36.786475+09:00,2026-08-22,ON,ON Semiconductor Corporation,US,반도체,2026-08-21,74.21,4523397,9823624.85,3.5868,28890822656,40,65,71,66,58,1,HOLD,0.04,0,False,live
2026-08-22T07:29:36.786475+09:00,2026-08-22,NMR,"Nomura Holdings, Inc.",US,금융,2026-08-21,9.72,486120,800686.0,0.1721,28407605248,47,60,55,78,57,1,HOLD,0.38,5,False,live
2026-08-22T07:29:36.786475+09:00,2026-08-22,PBA,Pembina Pipeline Corporation,US,에너지,2026-08-21,48.73,548252,852112.6,0.9525,28339175424,43,60,60,58,54,0,HOLD,0.1,1,False,live
2026-08-22T07:29:36.786475+09:00,2026-08-22,TS,Tenaris S.A.,US,에너지,2026-08-21,52.66,797908,1627175.4,1.3586,26583814144,17,60,50,55,41,0,AVOID,-0.57,-7,True,live
2026-08-22T07:29:36.786475+09:00,2026-08-22,ATI,ATI Inc.,US,산업재,2026-08-21,207.01,1260921,1564101.05,10.1864,28188631040,58,60,45,35,51,0,HOLD,0.28,3,False,live
2026-08-22T07:29:36.786475+09:00,2026-08-22,MTD,Mettler-Toledo International Inc.,US,제약/바이오,2026-08-21,1395.25,318059,178262.95,34.8511,27956011008,48,65,50,42,51,0,HOLD,0.25,3,False,live
2026-08-22T07:29:36.786475+09:00,2026-08-22,DTE,DTE Energy Company,US,유틸리티,2026-08-21,135.22,1135719,1352745.95,2.4629,28137668608,20,60,58,50,44,0,AVOID,-0.35,-4,True,live
2026-08-22T07:29:36.786475+09:00,2026-08-22,DTW,DTE Energy Company 5.25 % Debentures 201,US,유틸리티,2026-08-21,19.235,29539,26506.95,0.2007,,20,60,58,80,48,1,HOLD,-0.26,-3,False,live
2026-08-22T07:29:36.786475+09:00,2026-08-22,QSR,Restaurant Brands International Inc.,US,소비재,2026-08-21,80.86,2271453,2438957.65,1.9463,37042851840,73,60,63,50,64,1,HOLD,0.64,8,False,live
2026-08-22T07:29:36.786475+09:00,2026-08-22,FISV,"Fiserv, Inc.",US,IT,2026-08-21,52.58,5359798,8535304.9,2.35,27960295424,43,60,70,78,60,2,WATCH,0.17,2,False,live
2026-08-22T07:29:36.786475+09:00,2026-08-22,WSM,"Williams-Sonoma, Inc.",US,소비재,2026-08-21,237.58,635902,862220.1,6.4661,27974240256,51,60,63,37,54,0,HOLD,0.38,5,False,live
2026-08-22T07:29:36.786475+09:00,2026-08-22,FTS,Fortis Inc.,US,유틸리티,2026-08-21,54.9,860752,791737.6,0.834,28048410624,28,60,63,42,47,0,HOLD,-0.16,-2,False,live
2026-08-22T07:29:36.786475+09:00,2026-08-22,ASTS,"AST SpaceMobile, Inc.",US,인터넷,2026-08-21,68.65,11196179,11629823.95,4.7991,26716348416,57,65,53,42,55,0,HOLD,0.01,0,False,live
2026-08-22T07:29:36.786475+09:00,2026-08-22,CTSH,Cognizant Technology Solutions Corporati,US,IT,2026-08-21,61.87,6495177,9505068.85,2.4466,29264508928,69,60,60,84,67,1,HOLD,0.76,9,False,live
2026-08-22T07:29:36.786475+09:00,2026-08-22,ATO,Atmos Energy Corporation,US,유틸리티,2026-08-21,166.85,789180,1057434.0,2.8521,28195741696,20,60,65,42,45,0,HOLD,-0.3,-4,False,live
2026-08-22T07:29:36.786475+09:00,2026-08-22,LH,Labcorp Holdings Inc.,US,제약/바이오,2026-08-21,336.34,418297,678574.85,7.1914,27277172736,77,65,48,58,63,1,HOLD,0.69,8,False,live
2026-08-22T07:29:36.786475+09:00,2026-08-22,EIX,Edison International,US,유틸리티,2026-08-21,71.59,2668326,3526601.3,2.4005,27548831744,58,60,60,65,60,0,HOLD,0.36,4,False,live
2026-08-22T07:29:36.786475+09:00,2026-08-22,RBLX,Roblox Corporation,US,IT,2026-08-21,38.37,8252425,16408311.25,1.7957,27410604032,55,60,50,53,54,0,HOLD,-0.05,-1,False,live
2026-08-22T07:29:36.786475+09:00,2026-08-22,CPAY,"Corpay, Inc.",US,IT,2026-08-21,417.13,261575,576393.75,11.5387,27388590080,69,60,50,74,62,1,HOLD,0.62,7,False,live
2026-08-22T07:29:36.786475+09:00,2026-08-22,INSM,Insmed Incorporated,US,제약/바이오,2026-08-21,125.77,1124427,3094821.35,6.9143,27465840640,74,65,50,19,57,1,HOLD,0.53,6,False,live
2026-08-22T07:29:36.786475+09:00,2026-08-22,DG,Dollar General Corporation,US,소매,2026-08-21,123.41,1385208,1927425.4,3.4993,27222597632,42,60,55,68,53,0,HOLD,0.27,3,False,live
2026-08-22T07:29:36.786475+09:00,2026-08-22,OTIS,Otis Worldwide Corporation,US,산업재,2026-08-21,71.49,2050958,3190777.9,1.4666,27214051328,43,60,60,58,54,0,HOLD,0.09,1,False,live
2026-08-22T07:29:36.786475+09:00,2026-08-22,DOV,Dover Corporation,US,산업재,2026-08-21,201.92,549909,1001815.45,3.7079,27194630144,28,60,55,58,47,0,HOLD,-0.21,-3,False,live
2026-08-22T07:29:36.786475+09:00,2026-08-22,RPRX,Royalty Pharma plc,US,제약/바이오,2026-08-21,61.31,2266495,2831554.75,1.5241,35427094528,78,65,50,50,63,1,HOLD,0.67,8,False,live
2026-08-22T07:29:36.786475+09:00,2026-08-22,HPQ,HP Inc.,US,IT,2026-08-21,29.71,10133858,14349877.9,1.33,27170467840,69,60,45,73,61,1,HOLD,0.56,7,False,live
2026-08-22T07:29:36.786475+09:00,2026-08-22,Q,"Qnity Electronics, Inc.",US,반도체,2026-08-21,128.88,1734355,2038037.75,7.0034,26979637248,18,65,63,50,46,0,HOLD,-0.41,-5,False,live
2026-08-22T07:29:36.786475+09:00,2026-08-22,DGX,Quest Diagnostics Incorporated,US,제약/바이오,2026-08-21,244.39,733762,837958.1,4.6836,26974144512,55,65,60,58,59,0,HOLD,0.51,6,False,live
2026-08-22T07:29:36.786475+09:00,2026-08-22,AWK,"American Water Works Company, Inc.",US,유틸리티,2026-08-21,135.39,899860,2486048.0,2.8613,26905917440,69,60,63,42,61,0,HOLD,0.56,7,False,live
2026-08-22T07:29:36.786475+09:00,2026-08-22,SYM,Symbotic Inc.,US,산업재,2026-08-21,41.83,2217005,1858520.25,2.1935,25322409984,30,60,50,38,43,0,AVOID,-0.45,-5,True,live
2026-08-22T07:29:36.786475+09:00,2026-08-22,PHG,Koninklijke Philips N.V.,US,제약/바이오,2026-08-21,27.42,642974,1325888.7,0.4364,26801061888,72,65,58,74,67,2,WATCH,0.6,7,False,live
2026-08-22T07:29:36.786475+09:00,2026-08-22,FOX,Fox Corporation,US,인터넷,2026-08-21,61.05,542185,1016789.25,1.7129,25619640320,64,65,61,68,64,0,HOLD,0.57,7,False,live
2026-08-22T07:29:36.786475+09:00,2026-08-22,FE,FirstEnergy Corp.,US,유틸리티,2026-08-21,45.96,4435664,4618093.2,0.8959,26584696832,20,60,55,50,43,0,AVOID,-0.29,-3,True,live
2026-08-22T07:29:36.786475+09:00,2026-08-22,XYL,Xylem Inc.,US,산업재,2026-08-21,113.42,1457191,1797924.55,2.8743,26482073600,43,60,58,58,53,0,HOLD,0.13,2,False,live
2026-08-22T07:29:36.786475+09:00,2026-08-22,TPL,Texas Pacific Land Corporation,US,에너지,2026-08-21,383.64,270768,417958.4,19.9679,26461448192,65,60,70,29,60,1,HOLD,0.36,4,False,live
2026-08-22T07:29:36.786475+09:00,2026-08-22,ES,Eversource Energy,US,유틸리티,2026-08-21,70.21,2091000,2340285.0,1.3424,26446333952,28,60,63,58,49,0,HOLD,-0.07,-1,False,live
2026-08-22T07:29:36.786475+09:00,2026-08-22,GFS,GLOBALFOUNDRIES Inc.,US,반도체,2026-08-21,48.05,2417951,4524422.55,2.9859,26367490048,43,65,45,66,51,0,HOLD,-0.19,-2,False,live
2026-08-22T07:29:36.786475+09:00,2026-08-22,TPR,"Tapestry, Inc.",US,소비재,2026-08-21,130.17,2466770,3094983.5,6.1936,25954813952,35,60,55,60,50,0,HOLD,-0.13,-2,False,live
2026-08-22T07:29:36.786475+09:00,2026-08-22,FWONK,Liberty Media Corporation,US,인터넷,2026-08-21,104.94,924087,2045549.35,2.5211,26309349376,81,65,58,38,64,1,HOLD,0.78,9,False,live
2026-08-22T07:29:36.786475+09:00,2026-08-22,ROIV,Roivant Sciences Ltd.,US,제약/바이오,2026-08-21,36.3,5774763,5717698.15,1.2654,26220324864,95,65,45,50,67,1,HOLD,0.88,11,False,live
2026-08-22T07:29:36.786475+09:00,2026-08-22,RF,Regions Financial Corporation,US,금융,2026-08-21,30.41,5102405,7506970.25,0.5261,25907177472,47,60,63,60,56,0,HOLD,0.34,4,False,live
2026-08-22T07:29:36.786475+09:00,2026-08-22,INCY,Incyte Corporation,US,제약/바이오,2026-08-21,127.81,1323723,1884751.15,3.4354,25906798592,85,65,48,55,65,1,HOLD,0.79,9,False,live
2026-08-22T07:29:36.786475+09:00,2026-08-22,SW,Smurfit Westrock plc,US,소비재,2026-08-21,49.39,2720534,4941436.7,1.4388,25906186240,73,60,63,58,65,1,HOLD,0.76,9,False,live
2026-08-22T07:29:36.786475+09:00,2026-08-22,PPL,PPL Corporation,US,유틸리티,2026-08-21,34.38,4256258,8291132.9,0.6982,25872492544,31,60,63,50,49,0,HOLD,-0.12,-1,False,live
2026-08-22T07:29:36.786475+09:00,2026-08-22,JBHT,"J.B. Hunt Transport Services, Inc.",US,산업재,2026-08-21,275.45,708344,866577.2,7.783,25864755200,76,60,60,58,65,1,HOLD,0.66,8,False,live
2026-08-22T07:29:36.786475+09:00,2026-08-22,SYF,Synchrony Financial,US,금융,2026-08-21,79.47,4003500,3164665.0,1.8016,25857222656,69,60,50,70,62,1,HOLD,0.55,7,False,live
2026-08-22T07:29:36.786475+09:00,2026-08-22,CINF,Cincinnati Financial Corporation,US,금융,2026-08-21,168.29,438285,620954.25,3.2114,25828818944,20,60,63,78,50,1,HOLD,-0.11,-1,False,live
2026-08-22T07:29:36.786475+09:00,2026-08-22,AFRM,"Affirm Holdings, Inc.",US,금융,2026-08-21,77.03,2367400,2891810.0,3.5468,25797234688,69,60,70,51,65,1,HOLD,0.75,9,False,live
2026-08-22T07:29:36.786475+09:00,2026-08-22,SN,"SharkNinja, Inc.",US,소비재,2026-08-21,180.76,1017093,1783784.65,7.0471,25463941120,63,60,55,50,58,0,HOLD,0.5,6,False,live
2026-08-22T07:29:36.786475+09:00,2026-08-22,CNP,"CenterPoint Energy, Inc.",US,유틸리티,2026-08-21,38.77,7818127,6347991.35,0.917,25538584576,20,60,65,42,45,0,HOLD,-0.34,-4,False,live
2026-08-22T07:29:36.786475+09:00,2026-08-22,WRB,W. R. Berkley Corporation,US,금융,2026-08-21,68.6,1079841,1595137.05,1.2984,25466208256,35,60,55,63,50,0,HOLD,-0.01,0,False,live
2026-08-22T07:29:36.786475+09:00,2026-08-22,VRSN,"VeriSign, Inc.",US,IT,2026-08-21,281.8,603542,770842.1,7.5743,25474719744,40,60,53,50,49,0,HOLD,-0.16,-2,False,live
2026-08-22T07:29:36.786475+09:00,2026-08-22,DRI,"Darden Restaurants, Inc.",US,소비재,2026-08-21,221.6,759939,1154401.95,5.5625,25160855552,91,60,50,42,65,1,HOLD,0.75,9,False,live
2026-08-22T07:29:36.786475+09:00,2026-08-22,FICO,Fair Isaac Corporation,US,IT,2026-08-21,1172.67,293103,408380.15,48.0843,25326901248,80,60,60,66,68,1,HOLD,0.58,7,False,live
2026-08-22T07:29:36.786475+09:00,2026-08-22,AMRZ,Amrize Ltd,US,소재,2026-08-21,45.68,2895982,3715054.1,1.528,24983562240,25,60,72,58,51,1,HOLD,-0.13,-2,False,live
2026-08-22T07:29:36.786475+09:00,2026-08-22,DLTR,"Dollar Tree, Inc.",US,소매,2026-08-21,131.48,1813681,1922014.05,3.4471,25267113984,68,60,51,58,60,0,HOLD,0.56,7,False,live
2026-08-22T07:29:36.786475+09:00,2026-08-22,PPG,"PPG Industries, Inc.",US,소재,2026-08-21,113.63,759801,1789265.05,2.5044,25259948032,32,60,65,60,52,0,HOLD,0.09,1,False,live
2026-08-22T07:29:36.786475+09:00,2026-08-22,TSEM,Tower Semiconductor Ltd.,US,반도체,2026-08-21,222.59,812849,2041177.45,20.8604,25159622656,18,65,40,30,36,0,AVOID,-0.72,-9,True,live
2026-08-22T07:29:36.786475+09:00,2026-08-22,PHM,"PulteGroup, Inc.",US,소비재,2026-08-21,129.0,990959,1454052.95,3.8961,24572739584,47,60,55,60,54,0,HOLD,0.26,3,False,live
2026-08-22T07:29:36.786475+09:00,2026-08-22,FCNCA,"First Citizens BancShares, Inc.",US,금융,2026-08-21,2183.54,43314,53170.7,45.6911,24658978816,47,60,67,70,59,1,HOLD,0.41,5,False,live
2026-08-22T07:29:36.786475+09:00,2026-08-22,WST,"West Pharmaceutical Services, Inc.",US,제약/바이오,2026-08-21,353.08,424729,612971.45,7.23,24848273408,76,65,68,37,66,1,HOLD,0.77,9,False,live
2026-08-22T07:29:36.786475+09:00,2026-08-22,HUBB,Hubbell Incorporated,US,산업재,2026-08-21,470.03,260694,615464.05,14.4873,24837220352,31,60,58,58,49,0,HOLD,-0.09,-1,False,live
2026-08-22T07:29:36.786475+09:00,2026-08-22,NVT,nVent Electric plc,US,산업재,2026-08-21,151.98,1507627,2301786.35,7.3259,24599169024,28,60,55,50,46,0,HOLD,-0.29,-3,False,live
2026-08-22T07:29:36.786475+09:00,2026-08-22,EXPD,"Expeditors International of Washington, ",US,산업재,2026-08-21,187.81,655107,1065025.35,5.0364,24413538304,76,60,50,37,59,1,HOLD,0.59,7,False,live
2026-08-22T07:29:36.786475+09:00,2026-08-22,CRS,Carpenter Technology Corporation,US,소재,2026-08-21,492.38,513747,707897.35,23.7114,24401647616,32,60,68,42,50,0,HOLD,0.16,2,False,live
2026-08-22T07:29:36.786475+09:00,2026-08-22,VRSK,"Verisk Analytics, Inc.",US,IT,2026-08-21,187.5,799930,1595676.5,6.7996,24566595584,47,60,48,58,52,0,HOLD,0.17,2,False,live
2026-08-22T07:29:36.786475+09:00,2026-08-22,BRO,"Brown & Brown, Inc.",US,금융,2026-08-21,72.92,874076,2287433.8,1.7937,24399788032,66,60,65,66,64,0,HOLD,0.71,9,False,live
2026-08-22T07:29:36.786475+09:00,2026-08-22,SOFI,"SoFi Technologies, Inc.",US,금융,2026-08-21,18.91,61431249,62268912.45,0.7368,24423593984,88,60,50,66,68,1,HOLD,0.86,10,False,live
2026-08-22T07:29:36.786475+09:00,2026-08-22,FWONA,Formula One Group,US,인터넷,2026-08-21,96.52,45965,142518.25,2.3539,24198381568,81,65,61,38,65,1,HOLD,0.81,10,False,live
2026-08-22T07:29:36.786475+09:00,2026-08-22,USFD,US Foods Holding Corp.,US,소매,2026-08-21,109.62,1539224,2301686.2,3.235,23714174976,58,60,63,66,61,0,HOLD,0.57,7,False,live
2026-08-22T07:29:36.786475+09:00,2026-08-22,SMCI,"Super Micro Computer, Inc.",US,IT,2026-08-21,37.24,36214766,54744653.3,2.5486,24089552896,70,60,63,78,67,2,WATCH,0.65,8,False,live
2026-08-22T07:29:36.786475+09:00,2026-08-22,VLTO,Veralto Corporation,US,산업재,2026-08-21,98.77,1303835,1557086.75,1.9928,24079468544,62,60,60,50,59,0,HOLD,0.53,6,False,live
2026-08-22T07:29:36.786475+09:00,2026-08-22,CIB,Grupo Cibest S.A.,US,금융,2026-08-21,101.43,220383,314409.15,3.4686,23954266112,82,60,58,88,71,2,WATCH,0.93,11,False,live
2026-08-22T07:29:36.786475+09:00,2026-08-22,OMC,Omnicom Group Inc.,US,인터넷,2026-08-21,87.54,1182065,2857928.25,2.4325,24949444608,81,65,45,46,62,1,HOLD,0.67,8,False,live
2026-08-22T07:29:36.786475+09:00,2026-08-22,STRD,Strategy Inc,US,IT,2026-08-21,72.5,138669,125343.45,1.6194,,62,60,58,60,60,0,HOLD,0.38,5,False,live
2026-08-22T07:29:36.786475+09:00,2026-08-22,TROW,"T. Rowe Price Group, Inc.",US,금융,2026-08-21,111.51,1275666,1893708.3,2.1886,23786852352,47,60,70,78,61,2,WATCH,0.46,6,False,live
2026-08-22T07:29:36.786475+09:00,2026-08-22,NRG,"NRG Energy, Inc.",US,유틸리티,2026-08-21,113.11,2355661,3201178.05,6.8493,23776907264,10,60,63,66,44,0,AVOID,-0.5,-6,True,live
2026-08-22T07:29:36.786475+09:00,2026-08-22,PFG,"Principal Financial Group, Inc.",US,금융,2026-08-21,110.75,820939,1310561.95,2.0964,23712088064,47,60,55,68,55,0,HOLD,0.24,3,False,live
2026-08-22T07:29:36.786475+09:00,2026-08-22,IHG,InterContinental Hotels Group PLC,US,소비재,2026-08-21,159.91,157993,267394.65,3.0489,23590035456,65,60,55,58,60,0,HOLD,0.42,5,False,live
2026-08-22T07:29:36.786475+09:00,2026-08-22,KEY,KeyCorp,US,금융,2026-08-21,21.87,6801450,9175062.5,0.4333,23338102784,28,60,63,60,50,0,HOLD,-0.03,0,False,live
2026-08-22T07:29:36.786475+09:00,2026-08-22,KOF,"Coca-Cola FEMSA, S.A.B. de C.V.",US,소매,2026-08-21,112.19,139947,143492.35,2.1814,23569238016,88,60,53,63,68,1,HOLD,0.76,9,False,live
2026-08-22T07:29:36.786475+09:00,2026-08-22,CRCL,Circle Internet Group,US,금융,2026-08-21,87.98,24554257,12932537.85,5.4938,23982831616,44,60,50,55,51,0,HOLD,-0.2,-2,False,live
2026-08-22T07:29:36.786475+09:00,2026-08-22,CW,Curtiss-Wright Corporation,US,산업재,2026-08-21,634.99,643696,319164.8,28.0407,23453001728,20,60,53,34,40,0,AVOID,-0.55,-7,True,live
2026-08-22T07:29:36.786475+09:00,2026-08-22,SQM,Sociedad Química y Minera de Chile S.A.,US,소재,2026-08-21,81.96,1468233,962531.65,2.6571,23410876416,54,60,50,84,58,1,HOLD,0.27,3,False,live
2026-08-22T07:29:36.786475+09:00,2026-08-22,CHD,"Church & Dwight Co., Inc.",US,소매,2026-08-21,98.8,1622432,1944751.6,2.279,23435747328,43,60,50,58,51,0,HOLD,0.04,0,False,live
2026-08-22T07:29:36.786475+09:00,2026-08-22,DOW,Dow Inc.,US,소재,2026-08-21,32.35,9090958,9166562.9,1.0841,23367720960,77,60,63,55,66,1,HOLD,0.48,6,False,live
2026-08-22T07:29:36.786475+09:00,2026-08-22,ROKU,"Roku, Inc.",US,인터넷,2026-08-21,157.49,1234559,2633362.95,2.1926,23374505984,75,65,60,43,64,1,HOLD,0.74,9,False,live
2026-08-22T07:29:36.786475+09:00,2026-08-22,GPN,Global Payments Inc.,US,금융,2026-08-21,93.49,1395223,3064996.15,3.2282,24739172352,95,60,60,66,73,1,HOLD,1.06,13,False,live
2026-08-22T07:29:36.786475+09:00,2026-08-22,STE,STERIS plc,US,제약/바이오,2026-08-21,237.93,307806,754170.3,6.0225,23198201856,62,65,53,58,59,0,HOLD,0.47,6,False,live
2026-08-22T07:29:36.786475+09:00,2026-08-22,STZ,"Constellation Brands, Inc.",US,소매,2026-08-21,135.66,1257424,1774761.2,3.3993,23171319808,72,60,60,68,65,1,HOLD,0.43,5,False,live
2026-08-22T07:29:36.786475+09:00,2026-08-22,XPO,"XPO Logistics, Inc.",US,산업재,2026-08-21,197.74,625203,967855.15,6.0446,23152678912,28,60,48,42,42,0,AVOID,-0.32,-4,True,live
2026-08-22T07:29:36.786475+09:00,2026-08-22,AER,AerCap Holdings N.V.,US,산업재,2026-08-21,146.29,804967,1065563.35,3.2248,22994456576,47,60,53,70,55,1,HOLD,0.21,3,False,live
2026-08-22T07:29:36.786475+09:00,2026-08-22,IOT,Samsara Inc.,US,IT,2026-08-21,39.94,2547197,5001739.85,1.9691,23273439232,73,60,50,35,58,1,HOLD,0.54,6,False,live
2026-08-22T07:29:36.786475+09:00,2026-08-22,FSLR,"First Solar, Inc.",US,에너지,2026-08-21,214.28,1463779,2668488.95,13.4836,23028627456,15,60,50,84,45,1,HOLD,-0.5,-6,False,live
2026-08-22T07:29:36.786475+09:00,2026-08-22,GH,"Guardant Health, Inc.",US,제약/바이오,2026-08-21,170.69,1913976,2278038.8,6.9164,22905944064,95,65,53,58,71,1,HOLD,0.99,12,False,live
2026-08-22T07:29:36.786475+09:00,2026-08-22,TW,Tradeweb Markets Inc.,US,금융,2026-08-21,107.04,1396567,1692618.35,2.2129,23337504768,80,60,45,50,61,1,HOLD,0.45,5,False,live
2026-08-22T07:29:36.786475+09:00,2026-08-22,RL,Ralph Lauren Corporation,US,소비재,2026-08-21,372.59,420162,607713.1,12.9757,22199746560,31,60,40,50,42,0,AVOID,-0.32,-4,True,live
2026-08-22T07:29:36.786475+09:00,2026-08-22,EFX,Equifax Inc.,US,산업재,2026-08-21,192.62,1165606,1280775.3,6.2786,22629939200,71,60,50,58,61,1,HOLD,0.59,7,False,live
2026-08-22T07:29:36.786475+09:00,2026-08-22,THC,Tenet Healthcare Corporation,US,제약/바이오,2026-08-21,280.77,641558,951217.9,7.9143,22607319040,55,65,50,78,59,1,HOLD,0.47,6,False,live
2026-08-22T07:29:36.786475+09:00,2026-08-22,L,Loews Corporation,US,금융,2026-08-21,109.83,335053,683902.65,1.9399,22452295680,35,60,65,68,54,0,HOLD,0.09,1,False,live
2026-08-22T07:29:36.786475+09:00,2026-08-22,PKG,Packaging Corporation of America,US,소비재,2026-08-21,252.79,354282,566634.1,5.1507,22523158528,47,60,53,58,53,0,HOLD,0.29,3,False,live
2026-08-22T07:29:36.786475+09:00,2026-08-22,FCNCN,First Citizens BancShares Inc. Depositar,US,금융,2026-08-21,24.9905,5265,16858.25,0.2207,,67,60,55,50,59,0,HOLD,0.39,5,False,live
2026-08-22T07:29:36.786475+09:00,2026-08-22,AMCR,Amcor plc,US,소비재,2026-08-21,48.59,2161973,4001383.65,1.2114,22465378304,70,60,71,66,68,2,WATCH,0.83,10,False,live
2026-08-22T07:29:36.786475+09:00,2026-08-22,OKTA,"Okta, Inc.",US,IT,2026-08-21,135.14,2816375,2533718.75,6.8725,23696318464,54,60,60,43,55,0,HOLD,0.41,5,False,live
2026-08-22T07:29:36.786475+09:00,2026-08-22,ULTA,"Ulta Beauty, Inc.",US,소비재,2026-08-21,521.46,461940,569642.0,18.0036,22417207296,43,60,60,42,51,0,HOLD,0.07,1,False,live
2026-08-22T07:29:36.786475+09:00,2026-08-22,TCPA,TransCanada PipeLines Limited 6,US,에너지,2026-08-21,22.1,22922,27516.1,0.3462,,20,60,55,50,43,0,AVOID,-0.38,-5,True,live
2026-08-22T07:29:36.786475+09:00,2026-08-22,PAAS,Pan American Silver Corp.,US,소재,2026-08-21,53.07,14106924,4877741.2,2.4057,22003775488,70,60,55,71,64,2,WATCH,0.45,5,False,live
2026-08-22T07:29:36.786475+09:00,2026-08-22,MKL,Markel Corporation,US,금융,2026-08-21,1795.62,77632,68131.6,32.02,22247655424,17,60,60,62,45,0,HOLD,-0.29,-3,False,live
2026-08-22T07:29:36.786475+09:00,2026-08-22,EXE,Expand Energy Corporation,US,에너지,2026-08-21,96.09,4701351,3081857.55,2.4061,22987499520,80,60,70,78,73,3,BUY,0.78,9,False,live
2026-08-22T07:29:36.786475+09:00,2026-08-22,BCE,BCE Inc.,US,인터넷,2026-08-21,23.71,1317944,3755542.2,0.445,22110185472,65,65,63,86,68,1,HOLD,0.55,7,False,live
2026-08-22T07:29:36.786475+09:00,2026-08-22,RGLD,"Royal Gold, Inc.",US,소재,2026-08-21,259.01,884694,762539.7,8.2364,21945362432,66,60,50,50,58,0,HOLD,0.49,6,False,live
2026-08-22T07:29:36.786475+09:00,2026-08-22,IP,International Paper Company,US,소재,2026-08-21,41.49,2283485,4414149.25,1.1565,21971855360,66,60,55,68,62,0,HOLD,0.61,7,False,live
2026-08-22T07:29:36.786475+09:00,2026-08-22,ENTG,"Entegris, Inc.",US,반도체,2026-08-21,143.66,1106294,2698774.7,9.2393,21879418880,76,65,48,43,60,1,HOLD,0.51,6,False,live
2026-08-22T07:29:36.786475+09:00,2026-08-22,LYB,LyondellBasell Industries N.V.,US,소재,2026-08-21,67.53,2090699,4500814.95,2.2057,21814753280,84,60,50,78,68,2,WATCH,0.62,7,False,live
2026-08-22T07:29:36.786475+09:00,2026-08-22,UTHR,United Therapeutics Corporation,US,제약/바이오,2026-08-21,513.12,415569,536123.45,16.0836,22008072192,50,65,45,50,52,0,HOLD,-0.08,-1,False,live
2026-08-22T07:29:36.786475+09:00,2026-08-22,CMSA,CMS Energy Corporation 5.6% JRSUB NT 78,US,유틸리티,2026-08-21,20.17,12151,12752.55,0.1245,,20,60,55,70,46,1,HOLD,-0.3,-4,False,live
2026-08-22T07:29:36.786475+09:00,2026-08-22,BG,Bunge Global S.A.,US,소매,2026-08-21,113.11,1892520,1426266.0,3.2774,21730592768,62,60,65,50,61,0,HOLD,0.32,4,False,live
2026-08-22T07:29:36.786475+09:00,2026-08-22,FFIV,"F5, Inc.",US,IT,2026-08-21,384.63,575466,731393.3,12.3241,21780514816,28,60,50,58,46,0,HOLD,-0.24,-3,False,live
2026-08-22T07:29:36.786475+09:00,2026-08-22,CDE,"Coeur Mining, Inc.",US,소재,2026-08-21,20.97,45720268,39071808.4,1.1993,21555795968,71,60,60,63,64,1,HOLD,0.71,9,False,live
2026-08-22T07:29:36.786475+09:00,2026-08-22,LEN,Lennar Corporation,US,소비재,2026-08-21,87.02,2037861,2285293.05,2.8129,20962693120,65,60,60,73,64,1,HOLD,0.45,5,False,live
2026-08-22T07:29:36.786475+09:00,2026-08-22,IFF,International Flavors & Fragrances Inc.,US,소재,2026-08-21,84.28,830877,1596523.85,2.5886,21516976128,69,60,66,42,62,0,HOLD,0.64,8,False,live
2026-08-22T07:29:36.786475+09:00,2026-08-22,FTAI,FTAI Aviation Ltd.,US,산업재,2026-08-21,209.7,903641,1701957.05,12.326,21537675264,26,60,60,34,44,0,AVOID,-0.42,-5,True,live
2026-08-22T07:29:36.786475+09:00,2026-08-22,STRK,Strategy Inc,US,IT,2026-08-21,72.26,191789,95409.45,1.9171,,62,60,48,60,57,0,HOLD,0.26,3,False,live
2026-08-22T07:29:36.786475+09:00,2026-08-22,CMS,CMS Energy Corporation,US,유틸리티,2026-08-21,68.27,2376787,3862404.35,1.3051,21089941504,28,60,60,50,47,0,HOLD,-0.24,-3,False,live
2026-08-22T07:29:36.786475+09:00,2026-08-22,MTZ,"MasTec, Inc.",US,산업재,2026-08-21,266.26,1238528,1680676.4,15.1436,21381994496,48,60,66,42,55,0,HOLD,-0.02,0,False,live
2026-08-22T07:29:36.786475+09:00,2026-08-22,FIS,"Fidelity National Information Services, ",US,IT,2026-08-21,41.34,5514993,6574949.65,1.7721,21367783424,40,60,65,86,58,1,HOLD,0.16,2,False,live
2026-08-22T07:29:36.786475+09:00,2026-08-22,GIS,"General Mills, Inc.",US,소매,2026-08-21,39.97,5183171,8199068.55,1.0132,21369141248,70,60,73,63,68,2,WATCH,0.84,10,False,live
2026-08-22T07:29:36.786475+09:00,2026-08-22,BCH,Banco de Chile,US,금융,2026-08-21,42.2,210372,295253.6,0.9868,21314605056,84,60,55,70,68,2,WATCH,0.83,10,False,live
2026-08-22T07:29:36.786475+09:00,2026-08-22,TOST,"Toast, Inc.",US,IT,2026-08-21,36.64,7878442,9976892.1,1.3271,21177919488,60,60,50,50,56,0,HOLD,0.41,5,False,live
2026-08-22T07:29:36.786475+09:00,2026-08-22,BR,"Broadridge Financial Solutions, Inc.",US,IT,2026-08-21,182.18,889183,1357089.15,6.5521,21070626816,75,60,60,58,65,1,HOLD,0.75,9,False,live
2026-08-22T07:29:36.786475+09:00,2026-08-22,TSN,"Tyson Foods, Inc.",US,소매,2026-08-21,58.48,1888534,3274251.7,1.3511,20573351936,65,60,63,66,64,0,HOLD,0.35,4,False,live
2026-08-22T07:29:36.786475+09:00,2026-08-22,RBRK,"Rubrik, Inc.",US,IT,2026-08-21,100.09,2125021,3095101.05,5.3936,20601378816,80,60,60,35,63,1,HOLD,0.74,9,False,live
2026-08-22T07:29:36.786475+09:00,2026-08-22,RIVN,"Rivian Automotive, Inc.",US,소비재,2026-08-21,16.97,34973009,23333340.45,0.6479,24570193920,73,60,53,50,61,1,HOLD,0.62,7,False,live
2026-08-22T07:29:36.786475+09:00,2026-08-22,BURL,"Burlington Stores, Inc.",US,소비재,2026-08-21,326.5,827327,768501.35,10.3432,20514082816,35,60,48,58,47,0,HOLD,-0.12,-1,False,live
2026-08-22T07:29:36.786475+09:00,2026-08-22,GMAB,Genmab A/S,US,제약/바이오,2026-08-21,33.45,2531735,2779076.75,0.8932,20857163776,81,65,60,53,67,1,HOLD,0.85,10,False,live
2026-08-22T07:29:36.786475+09:00,2026-08-22,FDXF,"FedEx Freight Holding Company, Inc.",US,산업재,2026-08-21,137.32,588444,1160622.2,5.6996,20531830784,28,60,81,42,52,1,HOLD,0.06,1,False,live
2026-08-22T07:29:36.786475+09:00,2026-08-22,U,Unity Software Inc.,US,IT,2026-08-21,46.93,5830005,12889275.25,2.2137,20653373440,88,60,53,50,66,1,HOLD,0.83,10,False,live
2026-08-22T07:29:36.786475+09:00,2026-08-22,WWD,"Woodward, Inc.",US,산업재,2026-08-21,343.26,348272,669688.6,11.6419,20268068864,28,60,53,42,44,0,AVOID,-0.26,-3,True,live
2026-08-22T07:29:36.786475+09:00,2026-08-22,SOJD,Southern Company (The) Series 2,US,유틸리티,2026-08-21,18.24,64112,77725.6,0.1506,,20,60,58,50,44,0,AVOID,-0.33,-4,True,live
2026-08-22T07:29:36.786475+09:00,2026-08-22,SNA,Snap-on Incorporated,US,산업재,2026-08-21,393.39,284047,325357.35,6.8568,20348934144,47,60,45,58,51,0,HOLD,0.11,1,False,live
2026-08-22T07:29:36.786475+09:00,2026-08-22,MTSI,"MACOM Technology Solutions Holdings, Inc",US,반도체,2026-08-21,266.61,856797,1543214.85,20.0636,20361252864,18,65,55,35,41,0,AVOID,-0.54,-6,True,live
2026-08-22T07:29:36.786475+09:00,2026-08-22,CHTR,"Charter Communications, Inc.",US,인터넷,2026-08-21,150.17,1804260,2922608.0,7.5029,20239536128,51,65,63,86,63,1,HOLD,0.43,5,False,live
2026-08-22T07:29:36.786475+09:00,2026-08-22,TPG,TPG Inc.,US,금융,2026-08-21,52.4,1968015,3378930.75,2.275,20465729536,96,60,53,43,68,1,HOLD,0.92,11,False,live
2026-08-22T07:29:36.786475+09:00,2026-08-22,YPF,YPF Sociedad Anónima,US,에너지,2026-08-21,51.18,475120,1094516.0,1.9772,20066402304,79,60,67,86,73,2,WATCH,0.87,10,False,live
2026-08-22T07:29:36.786475+09:00,2026-08-22,KSPI,Joint Stock Company Kaspi.kz,US,IT,2026-08-21,105.55,547058,586927.9,3.3721,20057378816,81,60,45,80,66,2,WATCH,0.76,9,False,live
2026-08-22T07:29:36.786475+09:00,2026-08-22,SNX,TD Synnex Corp,US,IT,2026-08-21,250.14,435813,689000.65,7.6729,20000882688,32,60,61,76,53,1,HOLD,0.1,1,False,live
2026-08-22T07:29:36.786475+09:00,2026-08-22,WES,"Western Midstream Partners, LP",US,에너지,2026-08-21,48.36,540665,912578.25,1.0,19981123584,91,60,68,60,73,1,HOLD,0.96,12,False,live
2026-08-22T07:29:36.786475+09:00,2026-08-22,CF,"CF Industries Holdings, Inc.",US,소재,2026-08-21,129.6,2814823,2390106.15,5.1109,19613421568,88,60,63,86,75,2,WATCH,0.96,12,False,live
2026-08-22T07:29:36.786475+09:00,2026-08-22,MGA,Magna International Inc.,US,소비재,2026-08-21,73.05,821778,1250083.9,1.9249,19542325248,88,60,55,74,70,2,WATCH,0.92,11,False,live
2026-08-22T07:29:36.786475+09:00,2026-08-22,PR,Permian Resources Corporation,US,에너지,2026-08-21,23.75,8928522,8951081.1,0.7092,19891980288,78,60,60,68,68,1,HOLD,0.83,10,False,live
2026-08-22T07:29:36.786475+09:00,2026-08-22,RS,Reliance Steel & Aluminum Co.,US,소재,2026-08-21,387.89,572097,342714.85,12.1842,19802949632,47,60,60,58,55,0,HOLD,0.24,3,False,live
2026-08-22T07:29:36.786475+09:00,2026-08-22,LUV,Southwest Airlines Co.,US,산업재,2026-08-21,40.38,3953805,4642515.25,1.315,19754227712,20,60,63,58,47,0,HOLD,-0.2,-2,False,live
2026-08-22T07:29:36.786475+09:00,2026-08-22,SOJC,The Southern Company JR 2017B NT 77,US,유틸리티,2026-08-21,19.75,33048,32602.4,0.1539,,20,60,58,60,45,0,HOLD,-0.31,-4,False,live
2026-08-22T07:29:36.786475+09:00,2026-08-22,ATHS,Athene Holding Ltd. 7.250% Fixe,US,금융,2026-08-21,24.49,49011,23345.55,0.2073,,38,60,58,50,50,0,HOLD,-0.02,0,False,live
2026-08-22T07:29:36.786475+09:00,2026-08-22,BEKE,KE Holdings Inc.,US,리츠,2026-08-21,17.75,7365798,2919324.9,0.4779,19585046528,74,60,55,50,62,1,HOLD,0.57,7,False,live
2026-08-22T07:29:36.786475+09:00,2026-08-22,RCI,Rogers Communications Inc.,US,인터넷,2026-08-21,36.27,549013,1222310.65,0.6632,19593971712,65,65,55,86,65,1,HOLD,0.49,6,False,live
2026-08-22T07:29:36.786475+09:00,2026-08-22,ZBH,"Zimmer Biomet Holdings, Inc.",US,제약/바이오,2026-08-21,100.98,881576,2525883.8,2.9471,19260692480,91,65,63,74,75,2,WATCH,1.1,13,False,live
2026-08-22T07:29:36.786475+09:00,2026-08-22,NI,NiSource Inc,US,유틸리티,2026-08-21,40.62,4045525,6082161.25,0.9454,19479730176,28,60,55,42,45,0,HOLD,-0.41,-5,False,live
2026-08-22T07:29:36.786475+09:00,2026-08-22,SSNC,"SS&C Technologies Holdings, Inc.",US,IT,2026-08-21,82.95,943055,1735702.75,1.9018,19464630272,63,60,55,74,62,1,HOLD,0.59,7,False,live
2026-08-22T07:29:36.786475+09:00,2026-08-22,SBAC,SBA Communications Corporation,US,리츠,2026-08-21,182.59,872728,1120121.4,5.7137,19370627072,72,60,63,45,63,1,HOLD,0.36,4,False,live
2026-08-22T07:29:36.786475+09:00,2026-08-22,AQNB,Algonquin Power & Utilities Corp.,US,유틸리티,2026-08-21,26.06,20659,18832.95,0.1458,,74,60,55,50,62,1,HOLD,0.48,6,False,live
2026-08-22T07:29:36.786475+09:00,2026-08-22,VTRS,Viatris Inc.,US,제약/바이오,2026-08-21,16.32,6244818,10598995.9,0.5134,18745001984,32,65,55,78,52,1,HOLD,-0.02,0,False,live
2026-08-22T07:29:36.786475+09:00,2026-08-22,NWS,News Corporation,US,인터넷,2026-08-21,34.55,850283,1115544.15,0.9571,18662666240,78,65,48,61,64,1,HOLD,0.71,9,False,live
2026-08-22T07:29:36.786475+09:00,2026-08-22,AS,"Amer Sports, Inc.",US,소비재,2026-08-21,32.63,6176407,6064975.35,1.3379,18984853504,36,60,45,66,48,0,HOLD,-0.22,-3,False,live
2026-08-22T07:29:36.786475+09:00,2026-08-22,MKSI,MKS Inc.,US,IT,2026-08-21,279.11,878509,1602770.45,17.2886,18872735744,28,60,60,50,47,0,HOLD,-0.3,-4,False,live
2026-08-22T07:29:36.786475+09:00,2026-08-22,WIT,Wipro Limited,US,IT,2026-08-21,1.89,5817767,6401598.35,0.057,18697072640,15,60,55,68,44,0,AVOID,-0.37,-4,True,live
2026-08-22T07:29:36.786475+09:00,2026-08-22,DD,"DuPont de Nemours, Inc.",US,소재,2026-08-21,138.33,1119141,1753257.05,4.2979,18677235712,51,60,37,58,50,0,HOLD,-0.08,-1,False,live
2026-08-22T07:29:36.786475+09:00,2026-08-22,EVRG,"Evergy, Inc.",US,유틸리티,2026-08-21,80.92,1573867,1881598.35,1.4495,18657495040,31,60,53,42,45,0,HOLD,-0.23,-3,False,live
2026-08-22T07:29:36.786475+09:00,2026-08-22,ITT,ITT Inc.,US,산업재,2026-08-21,208.1,595481,927104.05,7.1529,18695667712,69,60,53,50,60,0,HOLD,0.46,6,False,live
2026-08-22T07:29:36.786475+09:00,2026-08-22,ESS,"Essex Property Trust, Inc.",US,리츠,2026-08-21,289.0,165988,409284.4,4.8014,19919669248,69,60,55,45,59,0,HOLD,0.44,5,False,live
2026-08-22T07:29:36.786475+09:00,2026-08-22,NDSN,Nordson Corporation,US,산업재,2026-08-21,332.24,634763,407283.15,7.4336,18511730688,73,60,60,58,64,1,HOLD,0.72,9,False,live
2026-08-22T07:29:36.786475+09:00,2026-08-22,OVV,Ovintiv Inc.,US,에너지,2026-08-21,66.82,3064807,3482920.35,1.8514,18482411520,88,60,60,66,71,1,HOLD,0.95,11,False,live
2026-08-22T07:29:36.786475+09:00,2026-08-22,GPC,Genuine Parts Company,US,소비재,2026-08-21,133.96,964531,1173436.55,3.165,18467694592,73,60,63,43,63,1,HOLD,0.7,8,False,live
2026-08-22T07:29:36.786475+09:00,2026-08-22,TSCO,Tractor Supply Company,US,소비재,2026-08-21,34.98,8464906,11637425.3,1.1711,18225983488,84,60,75,50,71,2,WATCH,0.96,12,False,live
2026-08-22T07:29:36.786475+09:00,2026-08-22,VIV,Telefônica Brasil S.A.,US,인터넷,2026-08-21,11.43,1019745,1842992.25,0.2746,18262890496,25,65,55,84,51,1,HOLD,-0.25,-3,False,live
2026-08-22T07:29:36.786475+09:00,2026-08-22,NTNX,"Nutanix, Inc.",US,IT,2026-08-21,67.64,3139169,2479723.45,2.1633,18284478464,85,60,60,43,66,1,HOLD,0.84,10,False,live
2026-08-22T07:29:36.786475+09:00,2026-08-22,OWL,Blue Owl Capital Inc.,US,금융,2026-08-21,11.67,7233262,21503588.1,0.4605,28502108160,62,60,56,59,59,0,HOLD,0.53,6,False,live
2026-08-22T07:29:36.786475+09:00,2026-08-22,FTV,Fortive Corporation,US,IT,2026-08-21,60.08,1435523,2653876.15,1.165,18316050432,28,60,63,74,52,1,HOLD,0.01,0,False,live
2026-08-22T07:29:36.786475+09:00,2026-08-22,BBY,"Best Buy Co., Inc.",US,소비재,2026-08-21,85.89,1694715,3187510.75,2.86,18102788096,66,60,50,76,61,1,HOLD,0.59,7,False,live
2026-08-22T07:29:36.786475+09:00,2026-08-22,BIP,Brookfield Infrastructure Partners L.P.,US,유틸리티,2026-08-21,38.95,733125,975361.25,1.0721,30721826816,43,60,55,30,48,0,HOLD,-0.05,-1,False,live
2026-08-22T07:29:36.786475+09:00,2026-08-22,INVH,Invitation Homes Inc.,US,리츠,2026-08-21,30.11,1572242,3788727.1,0.4675,17886605312,58,60,63,53,59,0,HOLD,0.38,5,False,live
2026-08-22T07:29:36.786475+09:00,2026-08-22,PTC,PTC Inc.,US,IT,2026-08-21,154.68,759116,1434075.8,5.5386,16783748096,80,60,58,68,68,1,HOLD,0.7,8,False,live
2026-08-22T07:29:36.786475+09:00,2026-08-22,BEN,"Franklin Resources, Inc.",US,금융,2026-08-21,34.31,2490654,4349757.7,0.7319,17432119296,59,60,53,58,57,0,HOLD,0.41,5,False,live
2026-08-22T07:29:36.786475+09:00,2026-08-22,JLL,Jones Lang LaSalle Incorporated,US,리츠,2026-08-21,387.37,257371,358138.55,10.1114,17822003200,95,60,53,66,71,1,HOLD,0.99,12,False,live
2026-08-22T07:29:36.786475+09:00,2026-08-22,EWBC,"East West Bancorp, Inc.",US,금융,2026-08-21,129.97,601344,605227.2,2.4104,17807431680,47,60,50,55,52,0,HOLD,0.13,2,False,live
2026-08-22T07:29:36.786475+09:00,2026-08-22,FLUT,Flutter Entertainment plc,US,소비재,2026-08-21,102.61,812563,3641808.15,5.518,17806848000,77,60,70,60,69,2,WATCH,0.76,9,False,live
2026-08-22T07:29:36.786475+09:00,2026-08-22,APG,APi Group Corporation,US,산업재,2026-08-21,41.16,1480590,2668729.5,1.1454,17787717632,50,60,45,50,50,0,HOLD,0.0,0,False,live
2026-08-22T07:29:36.786475+09:00,2026-08-22,LDOS,"Leidos Holdings, Inc.",US,IT,2026-08-21,141.39,669653,1581197.65,5.135,17784807424,69,60,55,68,63,0,HOLD,0.62,7,False,live
2026-08-22T07:29:36.786475+09:00,2026-08-22,CG,The Carlyle Group Inc.,US,금융,2026-08-21,49.37,8169969,4519383.45,1.8577,17592150016,63,60,55,50,58,0,HOLD,0.43,5,False,live
2026-08-22T07:29:36.786475+09:00,2026-08-22,ROL,"Rollins, Inc.",US,산업재,2026-08-21,36.91,3037444,5312112.2,0.7945,17759076352,37,60,55,37,47,0,HOLD,-0.31,-4,False,live
2026-08-22T07:29:36.786475+09:00,2026-08-22,J,Jacobs Solutions Inc.,US,산업재,2026-08-21,150.08,681864,921283.2,3.8286,17721579520,85,60,60,58,68,1,HOLD,0.89,11,False,live
2026-08-22T07:29:36.786475+09:00,2026-08-22,JHX,James Hardie Industries plc,US,소재,2026-08-21,30.43,4726590,6827684.5,0.9979,17665300480,73,60,63,51,64,1,HOLD,0.73,9,False,live
2026-08-22T07:29:36.786475+09:00,2026-08-22,WY,Weyerhaeuser Company,US,리츠,2026-08-21,24.43,3518979,5559438.95,0.6068,17607581696,43,60,60,50,53,0,HOLD,0.13,2,False,live
2026-08-22T07:29:36.786475+09:00,2026-08-22,ZBRA,Zebra Technologies Corporation,US,IT,2026-08-21,368.51,674914,895350.7,16.6989,17553381376,58,60,55,66,59,0,HOLD,0.49,6,False,live
2026-08-22T07:29:36.786475+09:00,2026-08-22,CDW,CDW Corporation,US,IT,2026-08-21,137.25,2048871,1964683.55,8.0346,17158641664,51,60,60,68,58,0,HOLD,0.45,5,False,live
2026-08-22T07:29:36.786475+09:00,2026-08-22,LNT,Alliant Energy Corporation,US,유틸리티,2026-08-21,67.86,1841548,2662327.4,1.3143,17595060224,28,60,60,42,46,0,HOLD,-0.26,-3,False,live
2026-08-22T07:29:36.786475+09:00,2026-08-22,NLY,"Annaly Capital Management, Inc.",US,리츠,2026-08-21,23.16,6263262,7265698.1,0.3511,17456025600,69,60,53,65,62,0,HOLD,0.57,7,False,live
2026-08-22T07:29:36.786475+09:00,2026-08-22,PAA,"Plains All American Pipeline, L.P.",US,에너지,2026-08-21,24.61,2809268,2714003.4,0.5075,17363990528,80,60,55,66,66,1,HOLD,0.65,8,False,live
2026-08-22T07:29:36.786475+09:00,2026-08-22,PKX,POSCO Holdings Inc.,US,소재,2026-08-21,57.34,182017,307170.85,1.5294,17344380928,70,60,50,66,61,1,HOLD,0.21,3,False,live
2026-08-22T07:29:36.786475+09:00,2026-08-22,DUKB,Duke Energy Corporation 5.625%,US,유틸리티,2026-08-21,22.285,42609,41190.45,0.1486,,39,60,58,50,51,0,HOLD,-0.07,-1,False,live
2026-08-22T07:29:36.786475+09:00,2026-08-22,MEDP,"Medpace Holdings, Inc.",US,제약/바이오,2026-08-21,620.75,216023,266966.15,17.6182,17326159872,92,65,45,37,64,1,HOLD,0.8,10,False,live
2026-08-22T07:29:36.786475+09:00,2026-08-22,GEN,Gen Digital Inc.,US,IT,2026-08-21,28.93,7070498,5150584.9,1.0091,17317122048,69,60,63,76,66,1,HOLD,0.76,9,False,live
2026-08-22T07:29:36.786475+09:00,2026-08-22,DINO,HF Sinclair Corporation,US,에너지,2026-08-21,97.32,2245403,2914435.15,3.6488,17301923840,92,60,58,78,73,2,WATCH,1.04,12,False,live
2026-08-22T07:29:36.786475+09:00,2026-08-22,YUMC,"Yum China Holdings, Inc.",US,소비재,2026-08-21,49.52,828150,1509442.5,0.8496,16917234688,81,60,53,58,65,1,HOLD,0.72,9,False,live
2026-08-22T07:29:36.786475+09:00,2026-08-22,IEX,IDEX Corporation,US,산업재,2026-08-21,234.39,478908,696615.4,4.9439,17279205376,62,60,63,58,61,0,HOLD,0.57,7,False,live
2026-08-22T07:29:36.786475+09:00,2026-08-22,FUTU,Futu Holdings Limited,US,금융,2026-08-21,123.64,3380176,1368653.8,4.8164,17333647360,70,60,60,60,64,1,HOLD,0.69,8,False,live
2026-08-22T07:29:36.786475+09:00,2026-08-22,NVR,"NVR, Inc.",US,소비재,2026-08-21,6358.5098,28409,33050.45,157.4192,16944538624,76,60,65,63,68,1,HOLD,0.71,9,False,live
2026-08-22T07:29:36.786475+09:00,2026-08-22,H,Hyatt Hotels Corporation,US,소비재,2026-08-21,180.67,373897,903609.85,4.6314,17025751040,72,60,53,43,60,1,HOLD,0.44,5,False,live
2026-08-22T07:29:36.786475+09:00,2026-08-22,NWSA,News Corporation,US,인터넷,2026-08-21,30.38,3285131,3846396.55,0.8007,16410182656,78,65,53,66,66,1,HOLD,0.78,9,False,live
2026-08-22T07:29:36.786475+09:00,2026-08-22,WCC,"WESCO International, Inc.",US,산업재,2026-08-21,349.14,576914,653545.7,12.3121,17014590464,43,60,50,58,51,0,HOLD,-0.05,-1,False,live
2026-08-22T07:29:36.786475+09:00,2026-08-22,BALL,Ball Corporation,US,소비재,2026-08-21,63.59,962411,1893195.55,1.4007,16930615296,59,60,55,58,58,0,HOLD,0.45,5,False,live
2026-08-22T07:29:36.786475+09:00,2026-08-22,ZTO,ZTO Express (Cayman) Inc.,US,산업재,2026-08-21,21.37,1536386,2098044.3,0.6246,16241354752,43,60,55,78,55,1,HOLD,0.03,0,False,live
2026-08-22T07:29:36.786475+09:00,2026-08-22,ALB,Albemarle Corporation,US,소재,2026-08-21,143.25,3220128,2335136.4,5.6057,16904224768,44,60,63,59,55,0,HOLD,-0.05,-1,False,live
2026-08-22T07:29:36.786475+09:00,2026-08-22,IONQ,"IonQ, Inc.",US,IT,2026-08-21,44.86,17079779,21007823.95,2.8739,18174386176,62,60,68,50,62,0,HOLD,0.23,3,False,live
2026-08-22T07:29:36.786475+09:00,2026-08-22,CHRW,"C.H. Robinson Worldwide, Inc.",US,산업재,2026-08-21,141.63,992089,2223664.45,4.6907,16549644288,40,60,50,50,48,0,HOLD,-0.27,-3,False,live
2026-08-22T07:29:36.786475+09:00,2026-08-22,CLH,"Clean Harbors, Inc.",US,산업재,2026-08-21,315.98,198220,530381.0,6.9193,16679714816,91,60,55,58,69,1,HOLD,0.86,10,False,live
2026-08-22T07:29:36.786475+09:00,2026-08-22,WF,Woori Financial Group Inc.,US,금융,2026-08-21,68.43,72424,106221.2,1.8525,16606494720,42,60,55,88,56,1,HOLD,0.26,3,False,live
2026-08-22T07:29:36.786475+09:00,2026-08-22,BSAC,Banco Santander-Chile,US,금융,2026-08-21,35.16,246243,273967.15,0.815,16564414464,62,60,55,60,59,0,HOLD,0.51,6,False,live
2026-08-22T07:29:36.786475+09:00,2026-08-22,CCZ,Comcast Holdings Corp.,US,인터넷,2026-08-20,66.45,0,130.0,0.5743,,60,65,55,42,57,0,HOLD,0.33,4,False,live
2026-08-22T07:29:36.786475+09:00,2026-08-22,PFGC,Performance Food Group Co,US,소매,2026-08-21,104.98,1531784,1790124.2,3.2163,16489467904,47,60,40,50,48,0,HOLD,0.08,1,False,live
2026-08-22T07:29:36.786475+09:00,2026-08-22,VNOM,"Viper Energy, Inc.",US,에너지,2026-08-21,45.27,1982275,1734333.75,1.067,23720790016,69,60,60,50,62,0,HOLD,0.42,5,False,live
2026-08-22T07:29:36.786475+09:00,2026-08-22,SITM,SiTime Corporation,US,반도체,2026-08-21,614.83,316927,510966.35,56.1176,18488576000,25,65,55,30,43,0,AVOID,-0.46,-6,True,live
2026-08-22T07:29:36.786475+09:00,2026-08-22,WPC,W. P. Carey Inc.,US,리츠,2026-08-21,71.2,589403,1211125.15,1.0721,16219875328,25,60,63,58,48,0,HOLD,-0.16,-2,False,live
2026-08-22T07:29:36.786475+09:00,2026-08-22,RBA,"RB Global, Inc.",US,산업재,2026-08-21,87.02,1985795,2176424.75,4.2207,16211825664,15,60,60,58,44,0,AVOID,-0.49,-6,True,live
2026-08-22T07:29:36.786475+09:00,2026-08-22,TRU,TransUnion,US,금융,2026-08-21,84.61,1417783,2181324.15,2.6209,16211275776,85,60,53,58,66,1,HOLD,0.82,10,False,live
2026-08-22T07:29:36.786475+09:00,2026-08-22,KIM,Kimco Realty Corporation,US,리츠,2026-08-21,24.02,2790399,4385754.95,0.4392,16112361472,17,60,63,53,45,0,HOLD,-0.24,-3,False,live
2026-08-22T07:29:36.786475+09:00,2026-08-22,LSCC,Lattice Semiconductor Corporation,US,반도체,2026-08-21,117.69,1029378,1937883.9,7.215,16682465280,21,65,58,43,44,0,AVOID,-0.44,-5,True,live
2026-08-22T07:29:36.786475+09:00,2026-08-22,CX,"CEMEX, S.A.B. de C.V.",US,소재,2026-08-21,11.11,9425834,7671686.7,0.2961,16031201280,33,60,63,74,54,1,HOLD,-0.1,-1,False,live
2026-08-22T07:29:36.786475+09:00,2026-08-22,AKAM,"Akamai Technologies, Inc.",US,IT,2026-08-21,110.42,2932316,3567300.8,6.2071,15869188096,18,60,60,50,44,0,AVOID,-0.47,-6,True,live
2026-08-22T07:29:36.786475+09:00,2026-08-22,GIB,CGI Inc.,US,IT,2026-08-21,74.98,164094,484889.7,1.8813,15526514688,62,60,60,68,62,0,HOLD,0.57,7,False,live
2026-08-22T07:29:36.786475+09:00,2026-08-22,PS,Pershing Square Inc.,US,금융,2026-08-21,40.06,183199,153214.95,2.5361,16024000512,69,60,65,34,61,0,HOLD,0.61,7,False,live
2026-08-22T07:29:36.786475+09:00,2026-08-22,RBC,RBC Bearings Incorporated,US,산업재,2026-08-21,505.63,203742,242377.1,15.3314,16007863296,20,60,53,50,42,0,AVOID,-0.45,-5,True,live
2026-08-22T07:29:36.786475+09:00,2026-08-22,JAZZ,Jazz Pharmaceuticals plc,US,제약/바이오,2026-08-21,254.28,516622,786936.1,7.5179,16506478592,62,65,48,84,62,1,HOLD,0.45,5,False,live
2026-08-22T07:29:36.786475+09:00,2026-08-22,BBIO,"BridgeBio Pharma, Inc.",US,제약/바이오,2026-08-21,81.5,1743868,2302308.4,2.9023,15932679168,47,65,48,27,48,0,HOLD,0.16,2,False,live
2026-08-22T07:29:36.786475+09:00,2026-08-22,RGA,"Reinsurance Group of America, Incorporat",US,금융,2026-08-21,243.13,184988,367439.4,5.0998,15876794368,69,60,66,86,69,1,HOLD,0.82,10,False,live
2026-08-22T07:29:36.786475+09:00,2026-08-22,AGI,Alamos Gold Inc.,US,소재,2026-08-21,37.86,5668506,5190450.3,1.5093,15848366080,62,60,55,60,59,0,HOLD,0.31,4,False,live
2026-08-22T07:29:36.786475+09:00,2026-08-22,HST,"Host Hotels & Resorts, Inc.",US,리츠,2026-08-21,23.21,10097234,10342611.7,0.5704,16124600320,36,60,53,63,50,0,HOLD,0.05,1,False,live
2026-08-22T07:29:36.786475+09:00,2026-08-22,STRL,"Sterling Infrastructure, Inc.",US,산업재,2026-08-21,516.81,406770,850353.5,36.3514,15808451584,37,60,58,58,51,0,HOLD,-0.2,-2,False,live
2026-08-22T07:29:36.786475+09:00,2026-08-22,SBS,Companhia de Saneamento Básico do Estado,US,유틸리티,2026-08-21,4.61,13298594,9157219.7,0.1707,16212014080,15,60,45,70,41,1,AVOID,-0.6,-7,True,live
2026-08-22T07:29:36.786475+09:00,2026-08-22,GWRE,"Guidewire Software, Inc.",US,IT,2026-08-21,189.19,999739,1091761.95,7.9621,15751272448,70,60,45,43,56,1,HOLD,0.47,6,False,live
2026-08-22T07:29:36.786475+09:00,2026-08-22,ASND,Ascendis Pharma A/S,US,제약/바이오,2026-08-21,253.29,363762,544993.1,8.1687,16614007808,72,65,82,42,69,2,WATCH,0.75,9,False,live
2026-08-22T07:29:36.786475+09:00,2026-08-22,ARMK,Aramark,US,산업재,2026-08-21,59.77,1352318,2689500.9,1.5142,15756868608,91,60,55,58,69,1,HOLD,0.92,11,False,live
2026-08-22T07:29:36.786475+09:00,2026-08-22,TIGO,Millicom International Cellular S.A.,US,인터넷,2026-08-21,93.68,735946,1456502.3,4.644,15711073280,47,65,60,74,59,1,HOLD,0.39,5,False,live
2026-08-22T07:29:36.786475+09:00,2026-08-22,STLA,Stellantis N.V.,US,소비재,2026-08-21,5.41,21572653,23441052.65,0.2036,20381220864,40,60,58,72,54,1,HOLD,-0.11,-1,False,live
2026-08-22T07:29:36.786475+09:00,2026-08-22,DKS,"DICK'S Sporting Goods, Inc.",US,소비재,2026-08-21,183.23,1845385,1595689.25,6.9168,16399549440,26,60,58,60,48,0,HOLD,-0.35,-4,False,live
2026-08-22T07:29:36.786475+09:00,2026-08-22,FN,Fabrinet,US,IT,2026-08-21,436.67,1132008,1029420.4,46.1171,15648010240,18,60,45,50,39,0,AVOID,-0.63,-8,True,live
2026-08-22T07:29:36.786475+09:00,2026-08-22,RZC,"Reinsurance Group of America, Incorporat",US,금융,2026-08-21,25.65,47193,42204.65,0.1275,,58,60,58,50,57,0,HOLD,0.3,4,False,live
2026-08-22T07:29:36.786475+09:00,2026-08-22,SOLV,Solventum Corporation,US,제약/바이오,2026-08-21,89.57,730807,1319460.35,2.8564,15246939136,84,65,58,70,70,2,WATCH,0.93,11,False,live
2026-08-22T07:29:36.786475+09:00,2026-08-22,SKM,"SK Telecom Co.,Ltd",US,인터넷,2026-08-21,40.29,2466756,2271902.8,1.6757,15466853376,78,65,55,74,68,2,WATCH,0.72,9,False,live
2026-08-22T07:29:36.786475+09:00,2026-08-22,TU,Telus Corp,US,인터넷,2026-08-21,9.9,5561675,9623018.75,0.2543,15592500224,55,65,55,68,59,0,HOLD,0.09,1,False,live
2026-08-22T07:29:36.786475+09:00,2026-08-22,PNFP,"Pinnacle Financial Partners, Inc.",US,금융,2026-08-21,102.26,448770,1046318.5,2.2686,15452778496,47,60,60,68,57,0,HOLD,0.27,3,False,live
2026-08-22T07:29:36.786475+09:00,2026-08-22,LECO,"Lincoln Electric Holdings, Inc.",US,산업재,2026-08-21,281.82,348493,496774.65,7.3871,15360813056,77,60,53,50,62,1,HOLD,0.58,7,False,live
2026-08-22T07:29:36.786475+09:00,2026-08-22,NBIX,"Neurocrine Biosciences, Inc.",US,제약/바이오,2026-08-21,152.57,1227586,1460804.3,4.3061,15508617216,17,65,63,66,48,0,HOLD,-0.2,-2,False,live
2026-08-22T07:29:36.786475+09:00,2026-08-22,APA,APA Corporation,US,에너지,2026-08-21,43.39,6362700,6069990.0,1.6211,15201752064,81,60,60,86,71,2,WATCH,0.9,11,False,live
2026-08-22T07:29:36.786475+09:00,2026-08-22,EMA,Emera Incorporated,US,유틸리티,2026-08-21,50.08,313408,636485.4,0.8546,15382073344,28,60,55,42,45,0,HOLD,-0.28,-3,False,live
2026-08-22T07:29:36.786475+09:00,2026-08-22,LAMR,Lamar Advertising Company,US,리츠,2026-08-21,150.77,495847,745282.35,3.6089,15310645248,43,60,65,42,53,0,HOLD,0.09,1,False,live
2026-08-22T07:29:36.786475+09:00,2026-08-22,MAA,"Mid-America Apartment Communities, Inc.",US,리츠,2026-08-21,131.31,512161,1008718.05,2.4564,15668781056,28,60,66,53,50,0,HOLD,-0.04,0,False,live
2026-08-22T07:29:36.786475+09:00,2026-08-22,SWK,"Stanley Black & Decker, Inc.",US,산업재,2026-08-21,100.02,1507285,2212214.25,2.7643,15104684032,74,60,60,66,66,1,HOLD,0.77,9,False,live
2026-08-22T07:29:36.786475+09:00,2026-08-22,HTHT,H World Group Limited,US,소비재,2026-08-21,49.16,1585577,1656198.85,1.5564,15117870080,71,60,60,74,66,2,WATCH,0.68,8,False,live
2026-08-22T07:29:36.786475+09:00,2026-08-22,ULS,UL Solutions Inc.,US,산업재,2026-08-21,75.06,298684,1019449.2,3.1536,15129327616,7,60,48,42,35,0,AVOID,-0.78,-9,True,live
2026-08-22T07:29:36.786475+09:00,2026-08-22,SUI,"Sun Communities, Inc.",US,리츠,2026-08-21,121.66,823268,2405713.4,2.4893,15555546112,73,60,60,46,62,1,HOLD,0.43,5,False,live
2026-08-22T07:29:36.786475+09:00,2026-08-22,IREN,IREN Limited,US,IT,2026-08-21,41.88,49329768,47560288.4,3.4775,14967019520,55,60,73,37,59,1,HOLD,0.14,2,False,live
2026-08-22T07:29:36.786475+09:00,2026-08-22,MKC,"McCormick & Company, Incorporated",US,소매,2026-08-21,55.41,1733357,2807517.85,1.4207,14897064960,74,60,63,70,67,2,WATCH,0.81,10,False,live
2026-08-22T07:29:36.786475+09:00,2026-08-22,PINS,"Pinterest, Inc.",US,인터넷,2026-08-21,23.4,5312717,11341660.85,0.97,13107681280,51,65,45,59,53,0,HOLD,0.3,4,False,live
2026-08-22T07:29:36.786475+09:00,2026-08-22,CSL,Carlisle Companies Incorporated,US,소재,2026-08-21,367.68,456017,467960.85,11.6536,14602091520,47,60,60,50,54,0,HOLD,0.27,3,False,live
2026-08-22T07:29:36.786475+09:00,2026-08-22,COO,"The Cooper Companies, Inc.",US,제약/바이오,2026-08-21,76.22,854910,1792530.5,1.5075,14865233920,66,65,63,51,63,0,HOLD,0.67,8,False,live
2026-08-22T07:29:36.786475+09:00,2026-08-22,COKE,"Coca-Cola Consolidated, Inc.",US,소매,2026-08-21,189.1,364024,462481.2,7.3321,12587309056,69,60,55,53,61,0,HOLD,0.5,6,False,live
2026-08-22T07:29:36.786475+09:00,2026-08-22,LTM,LATAM Airlines Group S.A.,US,산업재,2026-08-21,51.55,430579,728733.95,1.7427,15090950144,25,60,53,70,47,1,HOLD,-0.13,-2,False,live
2026-08-22T07:29:36.786475+09:00,2026-08-22,TLK,Telkom Indonesia Persero Tbk PT ADR,US,인터넷,2026-08-21,14.99,387960,683653.0,0.2636,14777282560,51,65,55,81,59,1,HOLD,0.27,3,False,live
2026-08-22T07:29:36.786475+09:00,2026-08-22,DOC,"Healthpeak Properties, Inc.",US,리츠,2026-08-21,21.4,3971957,5489532.85,0.4807,15171471360,62,60,50,46,56,0,HOLD,0.36,4,False,live
2026-08-22T07:29:36.786475+09:00,2026-08-22,CNH,CNH Industrial N.V.,US,산업재,2026-08-21,11.87,23938645,16818667.25,0.4582,19088844800,96,60,55,58,71,1,HOLD,0.99,12,False,live
2026-08-22T07:29:36.786475+09:00,2026-08-22,HMY,Harmony Gold Mining Company Limited,US,소재,2026-08-21,23.54,5111824,2890716.2,1.0143,14862807040,70,60,50,84,64,2,WATCH,0.67,8,False,live
2026-08-22T07:29:36.786475+09:00,2026-08-22,EG,"Everest Group, Ltd.",US,금융,2026-08-21,370.06,182210,319715.5,7.0714,14189112320,47,60,63,100,62,1,HOLD,0.41,5,False,live
2026-08-22T07:29:36.786475+09:00,2026-08-22,ONTO,Onto Innovation Inc.,US,반도체,2026-08-21,293.33,803287,1257674.35,24.3686,17929336832,76,65,58,43,63,1,HOLD,0.69,8,False,live
2026-08-22T07:29:36.786475+09:00,2026-08-22,TKO,"TKO Group Holdings, Inc.",US,인터넷,2026-08-21,193.14,604760,1097983.0,6.29,36555550720,72,65,43,43,58,1,HOLD,0.33,4,False,live
2026-08-22T07:29:36.786475+09:00,2026-08-22,VIRT,"Virtu Financial, Inc.",US,금융,2026-08-21,67.93,2585807,1504580.35,3.1817,5998265344,77,60,63,70,68,2,WATCH,0.85,10,False,live
2026-08-22T07:29:36.786475+09:00,2026-08-22,KEP,Korea Electric Power Corporation,US,유틸리티,2026-08-21,11.26,630592,1039639.6,0.2964,14457031680,28,60,58,88,52,1,HOLD,-0.21,-3,False,live
2026-08-22T07:29:36.786475+09:00,2026-08-22,MAS,Masco Corporation,US,소재,2026-08-21,73.29,932498,2856644.9,2.1054,14451866624,32,60,73,68,55,1,HOLD,0.24,3,False,live
2026-08-22T07:29:36.786475+09:00,2026-08-22,UNMA,Unum Group 6.250% JR NT58,US,금융,2026-08-21,21.35,22876,28008.8,0.203,,65,60,58,80,64,1,HOLD,0.39,5,False,live
2026-08-22T07:29:36.786475+09:00,2026-08-22,DT,"Dynatrace, Inc.",US,IT,2026-08-21,49.3,4953868,6901958.4,2.3868,14247803904,69,60,53,43,58,0,HOLD,0.54,6,False,live
2026-08-22T07:29:36.786475+09:00,2026-08-22,BWXT,"BWX Technologies, Inc.",US,산업재,2026-08-21,156.78,900074,934223.7,5.6039,14364494848,10,60,45,42,35,0,AVOID,-0.77,-9,True,live
2026-08-22T07:29:36.786475+09:00,2026-08-22,TYL,"Tyler Technologies, Inc.",US,IT,2026-08-21,350.73,449965,864978.25,12.92,14363191296,66,60,60,50,61,0,HOLD,0.56,7,False,live
2026-08-22T07:29:36.786475+09:00,2026-08-22,AIZN,"Assurant, Inc. 5.25% Subordinat",US,금융,2026-08-21,18.44,12514,12200.7,0.2309,,20,60,55,50,43,0,AVOID,-0.35,-4,True,live
2026-08-22T07:29:36.786475+09:00,2026-08-22,GFL,GFL Environmental Inc.,US,산업재,2026-08-21,41.05,846429,2152611.45,1.0993,14814547968,47,60,55,42,51,0,HOLD,0.25,3,False,live
2026-08-22T07:29:36.786475+09:00,2026-08-22,ARCC,Ares Capital Corporation,US,금융,2026-08-21,19.92,3318050,4386072.5,0.3271,14303014912,69,60,53,71,63,1,HOLD,0.57,7,False,live
2026-08-22T07:29:36.786475+09:00,2026-08-22,CACI,CACI International Inc,US,IT,2026-08-21,647.39,131823,296956.15,27.4464,14307021824,73,60,55,53,62,1,HOLD,0.66,8,False,live
2026-08-22T07:29:36.786475+09:00,2026-08-22,QXO,"QXO, Inc.",US,산업재,2026-08-21,13.76,11646761,18411613.05,0.87,14275871744,18,60,63,37,43,0,AVOID,-0.49,-6,True,live
2026-08-22T07:29:36.786475+09:00,2026-08-22,TLN,Talen Energy Corporation,US,유틸리티,2026-08-21,314.46,873389,917864.45,17.6796,15067117568,18,60,63,70,48,1,HOLD,-0.37,-4,False,live
2026-08-22T07:29:36.786475+09:00,2026-08-22,TXT,Textron Inc.,US,산업재,2026-08-21,82.95,1825246,1808962.3,2.0621,14424089600,28,60,63,68,51,0,HOLD,-0.17,-2,False,live
2026-08-22T07:29:36.786475+09:00,2026-08-22,KKRS,KKR Group Finance Co. IX LLC 4.,US,금융,2026-08-21,16.0573,9073,29988.65,0.1343,,31,60,55,50,47,0,HOLD,-0.14,-2,False,live
2026-08-22T07:29:36.786475+09:00,2026-08-22,CRBG,"Corebridge Financial, Inc.",US,금융,2026-08-21,31.95,2302630,4954591.5,1.0309,14242432000,47,60,53,58,53,0,HOLD,0.29,3,False,live
2026-08-22T07:29:36.786475+09:00,2026-08-22,PAG,"Penske Automotive Group, Inc.",US,소비재,2026-08-21,216.87,257015,402335.75,2.8043,14240307200,66,60,61,60,62,0,HOLD,0.64,8,False,live
2026-08-22T07:29:36.786475+09:00,2026-08-22,CRL,Charles River Laboratories International,US,제약/바이오,2026-08-21,295.19,757758,973932.9,12.1189,14092038144,80,65,45,58,63,1,HOLD,0.7,8,False,live
2026-08-22T07:29:36.786475+09:00,2026-08-22,IVZ,Invesco Ltd.,US,금융,2026-08-21,32.02,2054635,4942831.75,0.8176,14136822784,69,60,60,86,67,1,HOLD,0.77,9,False,live
2026-08-22T07:29:36.786475+09:00,2026-08-22,WMG,Warner Music Group Corp.,US,인터넷,2026-08-21,27.13,1474838,2453751.9,0.865,14191967232,62,65,58,58,61,0,HOLD,0.18,2,False,live
2026-08-22T07:29:36.786475+09:00,2026-08-22,AIZ,"Assurant, Inc.",US,금융,2026-08-21,284.04,236038,407201.9,7.88,14009923584,62,60,63,68,63,0,HOLD,0.6,7,False,live
2026-08-22T07:29:36.786475+09:00,2026-08-22,AVY,Avery Dennison Corporation,US,소비재,2026-08-21,183.71,370355,855507.75,4.8871,14052048896,74,60,55,58,63,1,HOLD,0.69,8,False,live
2026-08-22T07:29:36.786475+09:00,2026-08-22,TRMB,Trimble Inc.,US,IT,2026-08-21,60.25,2760748,2875062.4,2.2879,14049085440,81,60,63,60,68,1,HOLD,0.77,9,False,live
2026-08-22T07:29:36.786475+09:00,2026-08-22,AEFC,Aegon Funding Company LLC,US,금융,2026-08-21,18.06,23712,40410.6,0.1891,,53,60,55,50,55,0,HOLD,0.11,1,False,live
2026-08-22T07:29:36.786475+09:00,2026-08-22,MLI,"Mueller Industries, Inc.",US,산업재,2026-08-21,63.22,1038174,1090688.7,1.7387,13983087616,43,60,53,55,51,0,HOLD,-0.05,-1,False,live
2026-08-22T07:29:36.786475+09:00,2026-08-22,UHAL,U-Haul Holding Company,US,산업재,2026-08-21,71.41,129851,159957.55,1.9868,13881639936,54,60,58,35,54,0,HOLD,0.36,4,False,live
2026-08-22T07:29:36.786475+09:00,2026-08-22,OHI,"Omega Healthcare Investors, Inc.",US,리츠,2026-08-21,46.61,2439479,1950188.95,0.8786,14700573696,32,60,63,55,50,0,HOLD,-0.05,-1,False,live
2026-08-22T07:29:36.786475+09:00,2026-08-22,EMBJ,Embraer S.A.,US,산업재,2026-08-21,75.95,814848,1387807.4,2.5929,13515927552,95,60,55,61,71,1,HOLD,0.99,12,False,live
2026-08-22T07:29:36.786475+09:00,2026-08-22,LII,Lennox International Inc.,US,산업재,2026-08-21,402.87,339577,650043.85,12.5429,13923459072,23,60,63,52,47,0,HOLD,-0.36,-4,False,live
2026-08-22T07:29:36.786475+09:00,2026-08-22,RVTY,"Revvity, Inc.",US,제약/바이오,2026-08-21,124.75,1864543,1586647.15,4.0114,13920403456,92,65,58,58,71,1,HOLD,1.0,12,False,live
2026-08-22T07:29:36.786475+09:00,2026-08-22,BNT,Brookfield Wealth Solutions Ltd.,US,금융,2026-08-21,41.81,9602,14060.1,0.944,11471578112,38,60,55,60,51,0,HOLD,-0.11,-1,False,live
2026-08-22T07:29:36.786475+09:00,2026-08-22,W,Wayfair Inc.,US,소비재,2026-08-21,101.52,1663309,3835165.45,6.6656,13400284160,73,60,45,45,58,1,HOLD,0.52,6,False,live
2026-08-22T07:29:36.786475+09:00,2026-08-22,BWA,BorgWarner Inc.,US,소비재,2026-08-21,67.78,1510036,2261701.8,2.55,13804505088,50,60,63,74,60,1,HOLD,0.33,4,False,live
2026-08-22T07:29:36.786475+09:00,2026-08-22,HL,Hecla Mining Company,US,소재,2026-08-21,20.72,30469517,38764530.85,1.0846,13897159680,78,60,45,53,61,1,HOLD,0.62,7,False,live
2026-08-22T07:29:36.786475+09:00,2026-08-22,UNM,Unum Group,US,금융,2026-08-21,87.77,777351,1500872.55,2.18,13894587392,43,60,66,50,54,0,HOLD,0.2,2,False,live
2026-08-22T07:29:36.786475+09:00,2026-08-22,REG,Regency Centers Corporation,US,리츠,2026-08-21,76.06,1073920,1372071.0,1.2757,14220081152,17,60,63,58,46,0,HOLD,-0.26,-3,False,live
2026-08-22T07:29:36.786475+09:00,2026-08-22,RPM,RPM International Inc.,US,소재,2026-08-21,108.63,1577432,975321.6,3.0664,13865859072,47,60,60,58,55,0,HOLD,0.27,3,False,live
2026-08-22T07:29:36.786475+09:00,2026-08-22,FIVE,"Five Below, Inc.",US,소비재,2026-08-21,250.24,886449,891352.45,8.6729,13837109248,81,60,63,66,69,1,HOLD,0.88,11,False,live
2026-08-22T07:29:36.786475+09:00,2026-08-22,GRAB,Grab Holdings Limited,US,IT,2026-08-21,3.48,24654757,45302402.85,0.1357,14237730816,25,60,45,66,44,0,AVOID,-0.29,-3,True,live
2026-08-22T07:29:36.786475+09:00,2026-08-22,ALLE,Allegion plc,US,산업재,2026-08-21,162.31,739606,1153585.3,3.8446,13802319872,51,60,45,58,52,0,HOLD,0.26,3,False,live
2026-08-22T07:29:36.786475+09:00,2026-08-22,LOGI,Logitech International S.A.,US,IT,2026-08-21,96.03,594332,1138146.6,3.2786,13750375424,43,60,60,68,55,0,HOLD,-0.06,-1,False,live
2026-08-22T07:29:36.786475+09:00,2026-08-22,ECHO,EchoStar Corporation,US,인터넷,2026-08-21,86.81,2163109,4403815.45,3.7871,25217499136,35,65,48,62,49,0,HOLD,-0.28,-3,False,live
2026-08-22T07:29:36.786475+09:00,2026-08-22,LULU,Lululemon Athletica Inc.,US,소비재,2026-08-21,121.07,3244308,2609290.4,4.1511,13747973120,43,60,60,86,58,1,HOLD,0.14,2,False,live
2026-08-22T07:29:36.786475+09:00,2026-08-22,TOL,"Toll Brothers, Inc.",US,소비재,2026-08-21,147.09,580652,885607.6,4.7259,13748648960,32,60,60,78,53,1,HOLD,0.15,2,False,live
2026-08-22T07:29:36.786475+09:00,2026-08-22,XELLL,Xcel Energy Inc. 6.25% Junior Subordinat,US,유틸리티,2026-08-21,22.515,42653,63642.65,0.2457,,20,60,55,60,44,0,AVOID,-0.32,-4,True,live
2026-08-22T07:29:36.786475+09:00,2026-08-22,AA,Alcoa Corporation,US,소재,2026-08-21,51.85,4729675,5270233.75,2.3558,13683703808,62,60,63,73,64,1,HOLD,0.26,3,False,live
2026-08-22T07:29:36.786475+09:00,2026-08-22,IESC,"IES Holdings, Inc.",US,산업재,2026-08-21,685.04,115440,186152.0,42.9361,13648979968,43,60,40,42,45,0,HOLD,-0.11,-1,False,live
2026-08-22T07:29:36.786475+09:00,2026-08-22,BAX,Baxter International Inc.,US,제약/바이오,2026-08-21,26.34,3080914,7881855.7,0.8793,13617674240,48,65,66,63,59,0,HOLD,0.49,6,False,live
2026-08-22T07:29:36.786475+09:00,2026-08-22,SGI,Somnigroup International Inc,US,소비재,2026-08-21,64.71,2184846,3140867.3,2.3147,13612750848,50,60,63,74,60,1,HOLD,0.25,3,False,live
2026-08-22T07:29:36.786475+09:00,2026-08-22,EXEL,"Exelixis, Inc.",US,제약/바이오,2026-08-21,54.08,1894276,2751223.8,1.77,13400034304,69,65,48,76,63,1,HOLD,0.55,7,False,live
2026-08-22T07:29:36.786475+09:00,2026-08-22,TME,Tencent Music Entertainment Group,US,인터넷,2026-08-21,8.8,8863460,10620603.0,0.3939,14408010752,40,65,63,78,58,1,HOLD,0.2,2,False,live
2026-08-22T07:29:36.786475+09:00,2026-08-22,AEG,Aegon Ltd.,US,금융,2026-08-21,8.99,3461673,4609418.65,0.1307,13292756992,39,60,50,57,49,0,HOLD,0.04,0,False,live
2026-08-22T07:29:36.786475+09:00,2026-08-22,DOCN,"DigitalOcean Holdings, Inc.",US,IT,2026-08-21,115.64,2561419,3157980.95,10.508,13519252480,18,60,53,26,38,0,AVOID,-0.63,-8,True,live
2026-08-22T07:29:36.786475+09:00,2026-08-22,TXRH,"Texas Roadhouse, Inc.",US,소비재,2026-08-21,204.48,643328,851916.4,4.94,13422257152,44,60,48,42,48,0,HOLD,0.14,2,False,live
2026-08-22T07:29:36.786475+09:00,2026-08-22,RNR,RenaissanceRe Holdings Ltd.,US,금융,2026-08-21,323.45,310140,272842.0,6.1043,13439960064,62,60,53,73,61,1,HOLD,0.48,6,False,live
2026-08-22T07:29:36.786475+09:00,2026-08-22,SREA,Sempra,US,유틸리티,2026-08-21,20.5,28221,53421.05,0.1762,,17,60,58,50,43,0,AVOID,-0.33,-4,True,live
2026-08-22T07:29:36.786475+09:00,2026-08-22,HBM,Hudbay Minerals Inc.,US,소재,2026-08-21,30.06,5269046,5154782.3,1.3139,13350991872,77,60,60,50,64,1,HOLD,0.75,9,False,live
2026-08-22T07:29:36.786475+09:00,2026-08-22,EQH,"Equitable Holdings, Inc.",US,금융,2026-08-21,48.9,1651145,2956472.25,1.5768,13338247168,47,60,56,62,55,0,HOLD,0.33,4,False,live
2026-08-22T07:29:36.786475+09:00,2026-08-22,CHKP,Check Point Software Technologies Ltd.,US,IT,2026-08-21,130.55,671574,1209663.7,3.9061,13329238016,72,60,50,68,62,1,HOLD,0.41,5,False,live
2026-08-22T07:29:36.786475+09:00,2026-08-22,BIPI,BIP Bermuda Holdings I Limited,US,산업재,2026-08-21,16.72,4925,17921.25,0.162,,65,60,55,50,59,0,HOLD,0.39,5,False,live
2026-08-22T07:29:36.786475+09:00,2026-08-22,SJM,The J. M. Smucker Company,US,소매,2026-08-21,124.32,866405,1160370.25,2.9686,13287406592,92,60,40,78,68,2,WATCH,0.85,10,False,live
2026-08-22T07:29:36.786475+09:00,2026-08-22,GL,Globe Life Inc.,US,금융,2026-08-21,171.08,382820,594761.0,3.6425,13147403264,39,60,53,78,53,1,HOLD,0.17,2,False,live
2026-08-22T07:29:36.786475+09:00,2026-08-22,CNA,CNA Financial Corporation,US,금융,2026-08-21,48.98,188934,415541.7,0.9354,13254033408,39,60,60,86,57,1,HOLD,0.31,4,False,live
2026-08-22T07:29:36.786475+09:00,2026-08-22,CORT,Corcept Therapeutics Incorporated,US,제약/바이오,2026-08-21,122.25,640189,1159174.45,3.5754,13215029248,95,65,63,43,72,1,HOLD,1.05,13,False,live
2026-08-22T07:29:36.786475+09:00,2026-08-22,FIG,"Figma, Inc.",US,IT,2026-08-21,27.1,9915204,22150825.2,2.0082,14444567552,84,60,50,30,61,1,HOLD,0.68,8,False,live
2026-08-22T07:29:36.786475+09:00,2026-08-22,HAS,"Hasbro, Inc.",US,소비재,2026-08-21,93.54,1977479,1784788.95,2.2181,13193298944,62,60,45,60,56,0,HOLD,0.33,4,False,live
2026-08-22T07:29:36.786475+09:00,2026-08-22,ICLR,ICON Public Limited Company,US,제약/바이오,2026-08-21,172.23,389160,796323.0,6.9371,13288268800,95,65,50,51,69,1,HOLD,0.94,11,False,live
2026-08-22T07:29:36.786475+09:00,2026-08-22,LI,Li Auto Inc.,US,소비재,2026-08-21,13.05,1952688,2937539.4,0.313,12792862720,63,60,55,70,61,1,HOLD,0.17,2,False,live
2026-08-22T07:29:36.786475+09:00,2026-08-22,HRL,Hormel Foods Corporation,US,소매,2026-08-21,23.88,2342223,3551291.15,0.455,13140787200,39,60,50,58,49,0,HOLD,0.13,2,False,live
2026-08-22T07:29:36.786475+09:00,2026-08-22,SEIC,SEI Investments Company,US,금융,2026-08-21,109.53,787929,597596.45,1.7314,13145701376,55,60,45,50,52,0,HOLD,0.29,3,False,live
2026-08-22T07:29:36.786475+09:00,2026-08-22,IT,"Gartner, Inc.",US,IT,2026-08-21,195.9,685204,1589445.2,11.4714,12370883584,73,60,50,84,65,2,WATCH,0.71,9,False,live
2026-08-22T07:29:36.786475+09:00,2026-08-22,CSGP,"CoStar Group, Inc.",US,리츠,2026-08-21,32.26,4750841,7223407.05,1.4675,13071674368,80,60,63,51,67,1,HOLD,0.56,7,False,live
2026-08-22T07:29:36.786475+09:00,2026-08-22,NXT,Nextpower Inc.,US,에너지,2026-08-21,86.18,2862276,2846113.8,4.9383,13240553472,21,60,51,53,43,0,AVOID,-0.52,-6,True,live
2026-08-22T07:29:36.786475+09:00,2026-08-22,GGG,Graco Inc.,US,산업재,2026-08-21,80.64,1342189,1377914.45,1.5121,13059956736,47,60,63,50,55,0,HOLD,0.26,3,False,live
2026-08-22T07:29:36.786475+09:00,2026-08-22,ALLY,Ally Financial Inc.,US,금융,2026-08-21,42.93,1509101,2662750.05,0.8417,13059292160,28,60,63,96,55,1,HOLD,0.09,1,False,live
2026-08-22T07:29:36.786475+09:00,2026-08-22,WSE,Wise Group plc Class A Ordinary Shares,US,IT,2026-08-21,13.02,789224,1033546.2,0.3654,12808157184,80,60,75,45,69,2,WATCH,0.75,9,False,live
2026-08-22T07:29:36.786475+09:00,2026-08-22,MAIR,Madison Air Solutions Corporation,US,산업재,2026-08-21,25.99,1195400,3007775.0,1.8112,13039770624,26,60,70,43,49,1,HOLD,-0.28,-3,False,live
2026-08-22T07:29:36.786475+09:00,2026-08-22,BMNR,"Bitmine Immersion Technologies, Inc.",US,금융,2026-08-21,22.83,57699543,35236602.15,1.0999,13771658240,70,60,63,42,62,1,HOLD,0.66,8,False,live
2026-08-22T07:29:36.786475+09:00,2026-08-22,CCK,"Crown Holdings, Inc.",US,소비재,2026-08-21,119.47,361329,858646.45,2.8136,12993618944,66,60,50,84,63,1,HOLD,0.61,7,False,live
2026-08-22T07:29:36.786475+09:00,2026-08-22,DKNG,DraftKings Inc.,US,소비재,2026-08-21,26.17,8400475,13007258.75,1.3573,12992202752,72,60,60,60,64,1,HOLD,0.57,7,False,live
2026-08-22T07:29:36.786475+09:00,2026-08-22,DTM,"DT Midstream, Inc.",US,에너지,2026-08-21,126.77,874097,980139.85,3.6632,12932478976,26,60,65,50,48,0,HOLD,-0.31,-4,False,live
2026-08-22T07:29:36.786475+09:00,2026-08-22,CLX,The Clorox Company,US,소매,2026-08-21,106.69,2151188,2734459.4,2.9584,12902129664,74,60,60,50,63,1,HOLD,0.69,8,False,live
2026-08-22T07:29:36.786475+09:00,2026-08-22,BMRN,BioMarin Pharmaceutical Inc.,US,제약/바이오,2026-08-21,66.7,1464731,2301841.55,2.3286,12911369216,95,65,66,51,74,1,HOLD,1.11,13,False,live
2026-08-22T07:29:36.786475+09:00,2026-08-22,GDDY,GoDaddy Inc.,US,IT,2026-08-21,97.07,1093215,2237455.75,3.9855,12293692416,84,60,48,76,67,2,WATCH,0.71,9,False,live
2026-08-22T07:29:36.786475+09:00,2026-08-22,WSO,"Watsco, Inc.",US,산업재,2026-08-21,311.94,364499,561084.95,9.4171,12868208640,48,60,63,50,55,0,HOLD,-0.02,0,False,live
2026-08-22T07:29:36.786475+09:00,2026-08-22,HALO,"Halozyme Therapeutics, Inc.",US,제약/바이오,2026-08-21,108.17,1150292,2424479.6,3.9457,12277078016,88,65,53,50,67,1,HOLD,0.87,10,False,live
2026-08-22T07:29:36.786475+09:00,2026-08-22,PEN,"Penumbra, Inc.",US,제약/바이오,2026-08-21,325.18,147338,272276.9,2.1861,12808652800,58,65,50,30,53,0,HOLD,0.13,2,False,live
2026-08-22T07:29:36.786475+09:00,2026-08-22,TEM,"Tempus AI, Inc.",US,제약/바이오,2026-08-21,72.69,15877153,6887807.65,4.3825,13115802624,62,65,53,42,57,0,HOLD,0.48,6,False,live
2026-08-22T07:29:36.786475+09:00,2026-08-22,FNF,"Fidelity National Financial, Inc.",US,금융,2026-08-21,47.3,901962,1514008.1,1.2614,12685520896,43,60,63,84,59,1,HOLD,0.21,3,False,live
2026-08-22T07:29:36.786475+09:00,2026-08-22,ELS,"Equity LifeStyle Properties, Inc.",US,리츠,2026-08-21,65.46,666115,1358600.75,1.0289,13117126656,80,60,55,45,63,1,HOLD,0.58,7,False,live
2026-08-22T07:29:36.786475+09:00,2026-08-22,AIT,"Applied Industrial Technologies, Inc.",US,산업재,2026-08-21,341.62,163630,263786.5,8.3171,12537063424,47,60,63,50,55,0,HOLD,0.32,4,False,live
2026-08-22T07:29:36.786475+09:00,2026-08-22,FMS,Fresenius Medical Care AG & Co. KGaA,US,제약/바이오,2026-08-21,23.43,791556,827412.8,0.5107,12469899264,36,65,58,94,57,1,HOLD,0.26,3,False,live
2026-08-22T07:29:36.786475+09:00,2026-08-22,WBS,Webster Financial Corporation,US,금융,2026-08-20,77.57,0,10126728.95,0.7775,12568934400,77,60,55,60,64,1,HOLD,0.62,7,False,live
2026-08-22T07:29:36.786475+09:00,2026-08-22,WTS,"Watts Water Technologies, Inc.",US,산업재,2026-08-21,375.57,114368,197693.4,9.9204,12537672704,68,60,73,45,64,1,HOLD,0.75,9,False,live
2026-08-22T07:29:36.786475+09:00,2026-08-22,MANH,"Manhattan Associates, Inc.",US,IT,2026-08-21,214.56,958378,1076143.9,7.3415,12509915136,85,60,50,35,62,1,HOLD,0.71,9,False,live
2026-08-22T07:29:36.786475+09:00,2026-08-22,AGNC,AGNC Investment Corp.,US,리츠,2026-08-21,10.89,10033258,17644327.9,0.1679,12909893632,91,60,60,65,72,1,HOLD,0.94,11,False,live
2026-08-22T07:29:36.786475+09:00,2026-08-22,CHYM,"Chime Financial, Inc. Class A Common Sto",US,IT,2026-08-21,32.78,5926281,9853639.05,1.8921,12410019840,88,60,40,62,64,1,HOLD,0.74,9,False,live
2026-08-22T07:29:36.786475+09:00,2026-08-22,AMKR,"Amkor Technology, Inc.",US,반도체,2026-08-21,50.26,2810826,6027056.3,3.6207,12458072064,40,65,40,58,48,0,HOLD,-0.31,-4,False,live
2026-08-22T07:29:36.786475+09:00,2026-08-22,DECK,Deckers Outdoor Corporation,US,소비재,2026-08-21,91.68,1662884,2246279.2,2.7236,12485152768,25,60,63,68,50,0,HOLD,-0.27,-3,False,live
2026-08-22T07:29:36.786475+09:00,2026-08-22,AMH,American Homes 4 Rent,US,리츠,2026-08-21,34.35,926831,2156321.55,0.545,14081850368,62,60,75,58,65,1,HOLD,0.63,8,False,live
2026-08-22T07:29:36.786475+09:00,2026-08-22,GLPI,"Gaming and Leisure Properties, Inc.",US,리츠,2026-08-21,43.55,2664484,2668544.2,0.84,13043246080,50,60,60,60,56,0,HOLD,0.11,1,False,live
2026-08-22T07:29:36.786475+09:00,2026-08-22,BJ,"BJ's Wholesale Club Holdings, Inc.",US,소매,2026-08-21,96.42,3607560,1745663.0,2.5348,12312103936,55,60,50,50,54,0,HOLD,0.29,3,False,live
2026-08-22T07:29:36.786475+09:00,2026-08-22,HUBS,"HubSpot, Inc.",US,IT,2026-08-21,240.01,776118,2221105.9,19.2427,11968386048,77,60,50,59,63,1,HOLD,0.68,8,False,live
2026-08-22T07:29:36.786475+09:00,2026-08-22,SNN,Smith & Nephew plc,US,제약/바이오,2026-08-21,29.26,790537,1546126.85,0.6682,12245496832,32,65,60,58,51,0,HOLD,-0.07,-1,False,live
2026-08-22T07:29:36.786475+09:00,2026-08-22,SF,Stifel Financial Corp,US,금융,2026-08-21,80.96,1143381,1030784.05,1.6832,12225099776,47,60,52,68,54,0,HOLD,0.27,3,False,live
2026-08-22T07:29:36.786475+09:00,2026-08-22,ARWR,"Arrowhead Pharmaceuticals, Inc.",US,제약/바이오,2026-08-21,87.11,1052698,1306359.9,3.0689,12270055424,42,65,50,42,49,0,HOLD,0.16,2,False,live
2026-08-22T07:29:36.786475+09:00,2026-08-22,AUR,"Aurora Innovation, Inc.",US,IT,2026-08-21,6.24,25977893,28919184.65,0.3943,12505928704,43,60,40,50,47,0,HOLD,-0.29,-3,False,live
2026-08-22T07:29:36.786475+09:00,2026-08-22,ERIE,Erie Indemnity Company,US,금융,2026-08-21,264.85,286812,270770.6,9.005,13848972288,74,60,72,58,68,2,WATCH,0.86,10,False,live
2026-08-22T07:29:36.786475+09:00,2026-08-22,MICC,The Magnum Ice Cream Company N.V.,US,소매,2026-08-21,19.96,426999,777664.95,0.4199,12222059520,83,60,63,50,67,1,HOLD,0.87,10,False,live
2026-08-22T07:29:36.786475+09:00,2026-08-22,IAG,Iamgold Corporation,US,소재,2026-08-21,21.14,5075316,6229940.8,1.0086,12070939648,70,60,55,73,64,2,WATCH,0.68,8,False,live
2026-08-22T07:29:36.786475+09:00,2026-08-22,UDR,"UDR, Inc.",US,리츠,2026-08-21,37.77,3154969,3536053.45,0.6231,13994376192,28,60,60,53,48,0,HOLD,-0.12,-1,False,live
2026-08-22T07:29:36.786475+09:00,2026-08-22,GNRC,Generac Holdings Inc.,US,산업재,2026-08-21,205.98,751217,1206105.85,9.3479,12153981952,40,60,40,58,47,0,HOLD,-0.35,-4,False,live
2026-08-22T07:29:36.786475+09:00,2026-08-22,CR,Crane Company,US,산업재,2026-08-21,208.41,201343,451097.15,6.1336,12046172160,47,60,63,58,56,0,HOLD,0.39,5,False,live
2026-08-22T07:29:36.786475+09:00,2026-08-22,NVMI,Nova Ltd.,US,반도체,2026-08-21,376.99,348598,565259.9,19.0264,11990603776,43,65,40,42,46,0,HOLD,-0.33,-4,False,live
2026-08-22T07:29:36.786475+09:00,2026-08-22,ELAN,Elanco Animal Health Incorporated,US,제약/바이오,2026-08-21,23.97,4754839,8592201.95,1.2386,11975934976,62,65,72,53,64,1,HOLD,0.65,8,False,live
2026-08-22T07:29:36.786475+09:00,2026-08-22,AFG,"American Financial Group, Inc.",US,금융,2026-08-21,143.7,172811,368695.55,2.8536,11915813888,54,60,63,60,59,0,HOLD,0.37,4,False,live
2026-08-22T07:29:36.786475+09:00,2026-08-22,MDGL,"Madrigal Pharmaceuticals, Inc.",US,제약/바이오,2026-08-21,516.74,178313,392575.65,19.6554,11938826240,57,65,40,26,49,0,HOLD,0.01,0,False,live
2026-08-22T07:29:36.786475+09:00,2026-08-22,EHC,Encompass Health Corporation,US,제약/바이오,2026-08-21,120.31,543413,935810.65,3.5393,11868988416,69,65,40,58,58,0,HOLD,0.49,6,False,live
2026-08-22T07:29:36.786475+09:00,2026-08-22,EGO,Eldorado Gold Corporation,US,소재,2026-08-21,45.72,4285950,2810347.5,2.1761,11924248576,70,60,55,55,61,1,HOLD,0.62,7,False,live
2026-08-22T07:29:36.786475+09:00,2026-08-22,OC,Owens Corning,US,소재,2026-08-21,148.06,534494,824604.7,5.3129,11703947264,58,60,60,68,60,0,HOLD,0.55,7,False,live
2026-08-22T07:29:36.786475+09:00,2026-08-22,RTO,Rentokil Initial plc,US,산업재,2026-08-21,23.65,801543,1821662.15,0.4533,11901813760,48,60,55,74,56,1,HOLD,-0.02,0,False,live
2026-08-22T07:29:36.786475+09:00,2026-08-22,DOCU,"DocuSign, Inc.",US,IT,2026-08-21,62.0,1785143,2976137.15,2.6801,11838565376,88,60,50,66,68,1,HOLD,0.86,10,False,live
2026-08-22T07:29:36.786475+09:00,2026-08-22,JKHY,"Jack Henry & Associates, Inc.",US,IT,2026-08-21,166.2,940374,948418.7,5.2539,11808640000,76,60,50,50,61,1,HOLD,0.63,8,False,live
2026-08-22T07:29:36.786475+09:00,2026-08-22,PNW,Pinnacle West Capital Corporation,US,유틸리티,2026-08-21,97.36,1079247,1190777.35,1.8521,11799762944,28,60,63,37,46,0,HOLD,-0.21,-3,False,live
2026-08-22T07:29:36.786475+09:00,2026-08-22,DY,"Dycom Industries, Inc.",US,산업재,2026-08-21,392.95,344131,423591.55,15.8157,11795809280,47,60,55,53,53,0,HOLD,0.03,0,False,live
2026-08-22T07:29:36.786475+09:00,2026-08-22,HII,"Huntington Ingalls Industries, Inc.",US,산업재,2026-08-21,298.2,367521,557921.05,8.6443,11750452224,35,60,50,52,47,0,HOLD,-0.22,-3,False,live
2026-08-22T07:29:36.786475+09:00,2026-08-22,GMED,"Globus Medical, Inc.",US,제약/바이오,2026-08-21,86.91,651820,1390161.0,2.6682,11668704256,80,65,60,58,68,1,HOLD,0.69,8,False,live
2026-08-22T07:29:36.786475+09:00,2026-08-22,CART,Maplebear Inc.,US,IT,2026-08-21,49.83,3059420,4471051.0,2.1285,11535648768,95,60,50,66,70,1,HOLD,0.96,12,False,live
2026-08-22T07:29:36.786475+09:00,2026-08-22,FHN,First Horizon Corporation,US,금융,2026-08-21,24.63,4096449,4990767.45,0.4951,11669131264,43,60,55,70,54,1,HOLD,0.13,2,False,live
2026-08-22T07:29:36.786475+09:00,2026-08-22,AR,Antero Resources Corporation,US,에너지,2026-08-21,37.94,2710541,4266722.05,1.1211,11664235520,80,60,55,78,68,2,WATCH,0.68,8,False,live
2026-08-22T07:29:36.786475+09:00,2026-08-22,KNX,Knight-Swift Transportation Holdings Inc,US,산업재,2026-08-21,71.6,2103595,3444804.75,2.1593,11653328896,72,60,63,51,64,1,HOLD,0.55,7,False,live
2026-08-22T07:29:36.786475+09:00,2026-08-22,ALGN,"Align Technology, Inc.",US,제약/바이오,2026-08-21,162.55,1000520,959411.0,6.2389,11547529216,31,65,63,74,54,1,HOLD,0.05,1,False,live
2026-08-22T07:29:36.786475+09:00,2026-08-22,TFII,TFI International Inc.,US,산업재,2026-08-21,141.35,128453,351892.65,3.8932,11617985536,72,60,63,66,66,1,HOLD,0.51,6,False,live
2026-08-22T07:29:36.786475+09:00,2026-08-22,XPEV,XPeng Inc.,US,소비재,2026-08-21,12.19,9354472,6527653.6,0.3587,11660875776,55,60,60,50,57,0,HOLD,0.04,0,False,live
2026-08-22T07:29:36.786475+09:00,2026-08-22,AHR,"American Healthcare REIT, Inc.",US,리츠,2026-08-21,55.93,1199267,2888558.35,1.4559,12192670720,62,60,58,43,58,0,HOLD,0.46,6,False,live
2026-08-22T07:29:36.786475+09:00,2026-08-22,SMTC,Semtech Corporation,US,반도체,2026-08-21,124.09,2150507,2350635.35,11.5675,11559128064,18,65,53,42,42,0,AVOID,-0.54,-6,True,live
2026-08-22T07:29:36.786475+09:00,2026-08-22,BTSG,"BrightSpring Health Services, Inc. Commo",US,제약/바이오,2026-08-21,58.87,1523715,2872965.75,2.5092,11648267264,28,65,40,58,44,0,AVOID,-0.27,-3,True,live
2026-08-22T07:29:36.786475+09:00,2026-08-22,NIO,NIO Inc.,US,소비재,2026-08-21,4.63,21891270,25705588.5,0.125,11601239040,50,60,50,42,51,0,HOLD,-0.1,-1,False,live
2026-08-22T07:29:36.786475+09:00,2026-08-22,TTMI,"TTM Technologies, Inc.",US,IT,2026-08-21,110.54,2353181,3426839.05,11.0554,11645263872,21,60,51,50,42,0,AVOID,-0.53,-6,True,live
2026-08-22T07:29:36.786475+09:00,2026-08-22,AEIS,"Advanced Energy Industries, Inc.",US,IT,2026-08-21,285.83,396676,693633.8,20.76,11447616512,28,60,45,50,43,0,AVOID,-0.45,-5,True,live
2026-08-22T07:29:36.786475+09:00,2026-08-22,WTRG,"Essential Utilities, Inc.",US,유틸리티,2026-08-21,40.18,1056244,1944307.2,0.8366,11402223616,91,60,60,37,67,1,HOLD,0.81,10,False,live
2026-08-22T07:29:36.786475+09:00,2026-08-22,SCI,Service Corporation International,US,소비재,2026-08-21,83.29,412315,1034200.75,1.835,11351726080,44,60,48,50,49,0,HOLD,0.07,1,False,live
2026-08-22T07:29:36.786475+09:00,2026-08-22,TECH,Bio-Techne Corporation,US,제약/바이오,2026-08-21,72.32,3958011,3619450.55,0.2804,11268227072,66,65,71,51,65,1,HOLD,0.75,9,False,live
2026-08-22T07:29:36.786475+09:00,2026-08-22,DPZ,"Domino's Pizza, Inc.",US,소비재,2026-08-21,341.85,641136,778591.8,10.2014,11308991488,44,60,53,50,51,0,HOLD,0.13,2,False,live
2026-08-22T07:29:36.786475+09:00,2026-08-22,EVR,Evercore Inc.,US,금융,2026-08-21,291.89,341923,579396.15,10.1279,11225441280,18,60,63,68,47,0,HOLD,-0.38,-5,False,live
2026-08-22T07:29:36.786475+09:00,2026-08-22,PSKY,Paramount Skydance Corporation Class B C,US,인터넷,2026-08-21,10.35,7446555,12703587.75,0.4169,11583441920,65,65,63,61,64,0,HOLD,0.48,6,False,live
2026-08-22T07:29:36.786475+09:00,2026-08-22,ENLT,Enlight Renewable Energy Ltd,US,유틸리티,2026-08-21,79.92,121605,204590.25,3.6332,11173509120,31,60,40,35,40,0,AVOID,-0.53,-6,True,live
2026-08-22T07:29:36.786475+09:00,2026-08-22,DVA,DaVita Inc.,US,제약/바이오,2026-08-21,173.82,632449,1020412.45,8.2178,11156636672,17,65,43,84,44,1,AVOID,-0.48,-6,True,live
2026-08-22T07:29:36.786475+09:00,2026-08-22,FROG,JFrog Ltd.,US,IT,2026-08-21,92.13,1796506,2310145.3,5.5959,11359749120,95,60,60,27,67,1,HOLD,0.92,11,False,live
2026-08-22T07:29:36.786475+09:00,2026-08-22,RRX,Regal Rexnord Corporation,US,산업재,2026-08-21,166.15,754327,1455846.35,9.0843,11064238080,15,60,63,58,45,0,HOLD,-0.46,-6,False,live
2026-08-22T07:29:36.786475+09:00,2026-08-22,ALSN,"Allison Transmission Holdings, Inc.",US,소비재,2026-08-21,133.23,933390,869894.5,4.7243,11001872384,82,60,60,66,69,1,HOLD,0.88,11,False,live
2026-08-22T07:29:36.786475+09:00,2026-08-22,APC,ARKO Petroleum Corp. Class A Common Stoc,US,에너지,2026-08-21,18.4,138441,166387.05,0.7566,1519292032,40,60,55,58,51,0,HOLD,-0.11,-1,False,live
2026-08-22T07:29:36.786475+09:00,2026-08-22,UMBF,UMB Financial Corporation,US,금융,2026-08-21,145.14,369447,582867.35,3.0164,11023387648,47,60,50,60,52,0,HOLD,0.21,3,False,live
2026-08-22T07:29:36.786475+09:00,2026-08-22,PAC,"Grupo Aeroportuario del Pacífico, S.A.B.",US,산업재,2026-08-21,212.18,137670,126913.5,5.2643,12625095680,50,60,60,50,55,0,HOLD,0.02,0,False,live
2026-08-22T07:29:36.786475+09:00,2026-08-22,WMS,"Advanced Drainage Systems, Inc.",US,소재,2026-08-21,143.73,237113,702475.65,5.3246,10838009856,32,60,55,58,48,0,HOLD,0.01,0,False,live
2026-08-22T07:29:36.786475+09:00,2026-08-22,MGM,MGM Resorts International,US,소비재,2026-08-21,43.74,1441446,2403647.3,0.845,11004667904,27,60,63,74,51,1,HOLD,0.15,2,False,live
2026-08-22T07:29:36.786475+09:00,2026-08-22,GKOS,Glaukos Corporation,US,제약/바이오,2026-08-21,184.89,348605,959700.25,6.1136,10905539584,73,65,45,27,56,1,HOLD,0.49,6,False,live
2026-08-22T07:29:36.786475+09:00,2026-08-22,TX,Ternium S.A.,US,소재,2026-08-21,55.45,920895,721469.75,1.9,10885261312,67,60,60,78,65,1,HOLD,0.71,9,False,live
2026-08-22T07:29:36.786475+09:00,2026-08-22,DRS,"Leonardo DRS, Inc.",US,산업재,2026-08-21,40.7,607028,804771.4,1.485,10862485504,35,60,53,50,48,0,HOLD,-0.23,-3,False,live
2026-08-22T07:29:36.786475+09:00,2026-08-22,SUZ,Suzano S.A.,US,소재,2026-08-21,8.78,3810145,3378827.25,0.2532,10813103104,81,60,55,70,67,2,WATCH,0.7,8,False,live
2026-08-22T07:29:36.786475+09:00,2026-08-22,BSY,"Bentley Systems, Incorporated",US,IT,2026-08-21,37.08,1649344,2819162.2,1.4829,11201605632,59,60,60,42,57,0,HOLD,0.43,5,False,live
2026-08-22T07:29:36.786475+09:00,2026-08-22,CPT,Camden Property Trust,US,리츠,2026-08-21,107.59,832109,937445.45,1.9479,10817028096,28,60,63,45,47,0,HOLD,-0.11,-1,False,live
2026-08-22T07:29:36.786475+09:00,2026-08-22,DCI,"Donaldson Company, Inc.",US,산업재,2026-08-21,93.25,530460,637448.0,2.0125,10808706048,44,60,63,50,54,0,HOLD,0.29,3,False,live
2026-08-22T07:29:36.786475+09:00,2026-08-22,EGP,"EastGroup Properties, Inc.",US,리츠,2026-08-21,201.0,268047,491132.35,3.7866,10808436736,33,60,63,45,49,0,HOLD,-0.07,-1,False,live
2026-08-22T07:29:36.786475+09:00,2026-08-22,BPOP,"Popular, Inc.",US,금융,2026-08-21,169.07,390684,409919.2,3.3179,10783031296,47,60,53,70,55,1,HOLD,0.3,4,False,live
2026-08-22T07:29:36.786475+09:00,2026-08-22,BXP,"BXP, Inc.",US,리츠,2026-08-21,67.67,1263827,1424926.35,1.6679,12239975424,44,60,63,53,54,0,HOLD,0.31,4,False,live
2026-08-22T07:29:36.786475+09:00,2026-08-22,ARW,"Arrow Electronics, Inc.",US,IT,2026-08-21,210.85,545049,643427.45,9.1836,10733409280,28,60,50,84,49,1,HOLD,-0.16,-2,False,live
2026-08-22T07:29:36.786475+09:00,2026-08-22,UHS,"Universal Health Services, Inc.",US,제약/바이오,2026-08-21,177.26,446994,896319.7,5.2336,10447086592,81,65,63,70,71,2,WATCH,0.91,11,False,live
2026-08-22T07:29:36.786475+09:00,2026-08-22,KTOS,"Kratos Defense & Security Solutions, Inc",US,산업재,2026-08-21,57.17,3031921,3973301.05,4.0007,10720517120,58,60,40,30,49,0,HOLD,0.03,0,False,live
2026-08-22T07:29:36.786475+09:00,2026-08-22,AXSM,"Axsome Therapeutics, Inc.",US,제약/바이오,2026-08-21,207.77,734785,716019.25,7.3694,10883162112,28,65,50,26,42,0,AVOID,-0.45,-5,True,live
2026-08-22T07:29:36.786475+09:00,2026-08-22,MP,MP Materials Corp.,US,소재,2026-08-21,60.05,8383006,7423200.3,3.5862,10695000064,57,60,50,27,51,0,HOLD,-0.0,0,False,live
2026-08-22T07:29:36.786475+09:00,2026-08-22,NYT,The New York Times Company,US,인터넷,2026-08-21,65.69,1044904,2313970.2,2.4214,10594718720,17,65,63,53,46,0,HOLD,-0.37,-4,False,live
2026-08-22T07:29:36.786475+09:00,2026-08-22,FDS,FactSet Research Systems Inc.,US,금융,2026-08-21,299.91,387350,851982.5,10.1179,10666462208,82,60,55,66,67,1,HOLD,0.83,10,False,live
2026-08-22T07:29:36.786475+09:00,2026-08-22,JEF,Jefferies Financial Group Inc.,US,금융,2026-08-21,52.33,849946,2002642.3,1.5582,10643504128,28,60,50,68,47,0,HOLD,-0.16,-2,False,live
2026-08-22T07:29:36.786475+09:00,2026-08-22,GSAT,"Globalstar, Inc.",US,인터넷,2026-08-21,82.36,544352,963747.6,0.7729,10670840832,55,65,53,27,52,0,HOLD,0.12,1,False,live
2026-08-22T07:29:36.786475+09:00,2026-08-22,SAIL,"SailPoint, Inc.",US,IT,2026-08-21,18.64,2640622,3045411.1,0.8925,10572290048,62,60,60,42,58,0,HOLD,0.51,6,False,live
2026-08-22T07:29:36.786475+09:00,2026-08-22,EAT,"Brinker International, Inc.",US,소비재,2026-08-21,246.06,576333,1112396.65,11.2021,10552970240,73,60,53,50,61,1,HOLD,0.62,7,False,live
2026-08-22T07:29:36.786475+09:00,2026-08-22,AES,The AES Corporation,US,유틸리티,2026-08-21,14.77,10251037,6751591.85,0.0507,10533339136,62,60,58,70,62,1,HOLD,0.42,5,False,live
2026-08-22T07:29:36.786475+09:00,2026-08-22,MUSA,Murphy USA Inc.,US,소비재,2026-08-21,569.72,157100,289530.0,21.6168,10471651328,50,60,58,52,55,0,HOLD,0.23,3,False,live
2026-08-22T07:29:36.786475+09:00,2026-08-22,AM,Antero Midstream Corporation,US,에너지,2026-08-21,22.14,1761633,2603326.65,0.5561,10509281280,65,60,60,58,61,0,HOLD,0.43,5,False,live
2026-08-22T07:29:36.786475+09:00,2026-08-22,MOD,Modine Manufacturing Company,US,산업재,2026-08-21,197.68,2016541,1708702.05,11.9621,10499319808,40,60,43,35,44,0,AVOID,-0.4,-5,True,live
2026-08-22T07:29:36.786475+09:00,2026-08-22,SMMT,Summit Therapeutics Inc.,US,제약/바이오,2026-08-21,13.16,7022416,4902885.8,0.8355,10498384896,18,65,78,42,49,1,HOLD,-0.28,-3,False,live
2026-08-22T07:29:36.786475+09:00,2026-08-22,PRAX,"Praxis Precision Medicines, Inc.",US,제약/바이오,2026-08-21,375.94,408446,449042.3,22.3939,10496240640,91,65,48,50,67,1,HOLD,0.78,9,False,live
2026-08-22T07:29:36.786475+09:00,2026-08-22,LFUS,"Littelfuse, Inc.",US,IT,2026-08-21,412.26,126850,342107.5,17.5731,10470888448,40,60,45,50,47,0,HOLD,-0.26,-3,False,live
2026-08-22T07:29:36.786475+09:00,2026-08-22,ENSG,"The Ensign Group, Inc.",US,제약/바이오,2026-08-21,179.48,268775,369628.75,3.8771,10460530688,45,65,45,58,51,0,HOLD,0.07,1,False,live
2026-08-22T07:29:36.786475+09:00,2026-08-22,FRHC,Freedom Holding Corp.,US,금융,2026-08-21,170.66,204440,108252.0,6.3879,10886002688,88,60,48,43,64,1,HOLD,0.76,9,False,live
2026-08-22T07:29:36.786475+09:00,2026-08-22,MOH,"Molina Healthcare, Inc.",US,제약/바이오,2026-08-21,200.29,473719,688270.95,7.0979,10455137280,64,65,63,51,62,0,HOLD,0.56,7,False,live
2026-08-22T07:29:36.786475+09:00,2026-08-22,DAR,Darling Ingredients Inc.,US,소매,2026-08-21,65.74,7350222,2557541.1,2.7052,10373962752,91,60,50,63,68,1,HOLD,0.85,10,False,live
2026-08-22T07:29:36.786475+09:00,2026-08-22,PAYP,PayPay Corporation,US,IT,2026-08-21,15.41,805674,898903.7,0.6429,10434775040,41,60,55,68,53,0,HOLD,-0.14,-2,False,live
2026-08-22T07:29:36.786475+09:00,2026-08-22,WYNN,"Wynn Resorts, Limited",US,소비재,2026-08-21,100.28,844563,1549338.15,3.0511,10326221824,50,60,50,50,52,0,HOLD,0.12,1,False,live
2026-08-22T07:29:36.786475+09:00,2026-08-22,AG,First Majestic Silver Corp.,US,소재,2026-08-21,21.09,10835613,11210720.65,1.0474,10395395072,66,60,45,66,58,0,HOLD,0.41,5,False,live
2026-08-22T07:29:36.786475+09:00,2026-08-22,SUN,Sunoco LP,US,에너지,2026-08-21,75.85,294400,509495.0,2.1501,14291190784,62,60,58,63,61,0,HOLD,0.49,6,False,live
2026-08-22T07:29:36.786475+09:00,2026-08-22,SPXC,"SPX Technologies, Inc.",US,소재,2026-08-21,207.2,297049,475337.45,6.9296,10377790464,28,60,53,58,46,0,HOLD,-0.18,-2,False,live
2026-08-22T07:29:36.786475+09:00,2026-08-22,SSB,SouthState Bank Corp.,US,금융,2026-08-21,106.86,349985,826839.25,1.9502,10362698752,47,60,53,70,55,1,HOLD,0.31,4,False,live
2026-08-22T07:29:36.786475+09:00,2026-08-22,PAYC,"Paycom Software, Inc.",US,IT,2026-08-21,229.07,461985,1010099.25,10.6664,10324556800,80,60,48,50,62,1,HOLD,0.67,8,False,live
2026-08-22T07:29:36.786475+09:00,2026-08-22,WTFC,Wintrust Financial Corporation,US,금융,2026-08-21,152.67,400526,577381.3,3.2626,10300028928,20,60,63,60,47,0,HOLD,-0.15,-2,False,live
2026-08-22T07:29:36.786475+09:00,2026-08-22,VSAT,"Viasat, Inc.",US,IT,2026-08-21,74.72,1142745,2068267.25,5.2914,10293113856,43,60,45,43,47,0,HOLD,-0.1,-1,False,live
2026-08-22T07:29:36.786475+09:00,2026-08-22,PNR,Pentair plc,US,산업재,2026-08-21,64.4,2443275,2934893.75,1.9457,10407396352,28,60,58,76,51,1,HOLD,-0.24,-3,False,live
2026-08-22T07:29:36.786475+09:00,2026-08-22,AYI,"Acuity Brands, Inc.",US,산업재,2026-08-21,343.1,88272,267903.6,9.5975,10270886912,54,60,60,58,58,0,HOLD,0.46,6,False,live
2026-08-22T07:29:36.786475+09:00,2026-08-22,PODD,Insulet Corp.,US,제약/바이오,2026-08-21,148.16,878513,1734960.65,8.4325,10275518464,47,65,55,58,55,0,HOLD,0.09,1,False,live
2026-08-22T07:29:36.786475+09:00,2026-08-22,BIO,"Bio-Rad Laboratories, Inc.",US,제약/바이오,2026-08-21,380.03,302710,288125.5,12.0986,10170210304,77,65,50,37,60,1,HOLD,0.64,8,False,live
2026-08-22T07:29:36.786475+09:00,2026-08-22,RGEN,Repligen Corporation,US,제약/바이오,2026-08-21,181.13,1086682,1135824.1,7.1714,10222184448,77,65,60,43,64,1,HOLD,0.76,9,False,live
2026-08-22T07:29:36.786475+09:00,2026-08-22,KRYS,"Krystal Biotech, Inc.",US,제약/바이오,2026-08-21,346.58,407790,321864.5,10.4383,10258364416,66,65,45,42,56,0,HOLD,0.45,5,False,live
2026-08-22T07:29:36.786475+09:00,2026-08-22,APTV,Aptiv PLC,US,소비재,2026-08-21,48.28,2841660,4389203.0,2.3793,10217038848,29,60,72,74,55,2,HOLD,-0.11,-1,False,live
2026-08-22T07:29:36.786475+09:00,2026-08-22,CFR,"Cullen/Frost Bankers, Inc.",US,금융,2026-08-21,164.19,339518,578940.9,2.8836,10204209152,44,60,60,55,54,0,HOLD,0.31,4,False,live
2026-08-22T07:29:36.786475+09:00,2026-08-22,FLS,Flowserve Corporation,US,산업재,2026-08-21,79.39,653963,1716803.15,2.1336,10146599936,62,60,66,58,62,0,HOLD,0.63,8,False,live
2026-08-22T07:29:36.786475+09:00,2026-08-22,RDY,Dr. Reddy's Laboratories Limited,US,제약/바이오,2026-08-21,12.18,1746775,2670873.75,0.225,10145941504,65,65,55,42,59,0,HOLD,0.21,3,False,live
2026-08-22T07:29:36.786475+09:00,2026-08-22,ORI,Old Republic International Corporation,US,금융,2026-08-21,41.58,722089,1133484.45,0.7032,10038781952,39,60,60,78,55,1,HOLD,0.21,3,False,live
2026-08-22T07:29:36.786475+09:00,2026-08-22,SANM,Sanmina Corporation,US,IT,2026-08-21,188.89,410480,822264.0,10.9186,10124004352,18,60,55,58,44,0,AVOID,-0.5,-6,True,live
2026-08-22T07:29:36.786475+09:00,2026-08-22,WLK,Westlake Corporation,US,소재,2026-08-21,78.93,428751,1177872.55,3.1921,10086981632,72,60,50,50,60,1,HOLD,0.24,3,False,live
2026-08-22T07:29:36.786475+09:00,2026-08-22,BEPI,Brookfield Renewable Partners L.P.,US,유틸리티,2026-08-21,16.19,18599,28294.95,0.1119,,77,60,55,50,63,1,HOLD,0.58,7,False,live
2026-08-22T07:29:36.786475+09:00,2026-08-22,SWKS,"Skyworks Solutions, Inc.",US,반도체,2026-08-21,67.14,5561672,5754353.6,2.8054,10098256896,77,65,66,53,68,1,HOLD,0.46,6,False,live
2026-08-22T07:29:36.786475+09:00,2026-08-22,FRT,Federal Realty Investment Trust,US,리츠,2026-08-21,116.74,306338,865036.9,1.9079,10146853888,17,60,63,45,44,0,AVOID,-0.29,-3,True,live
2026-08-22T07:29:36.786475+09:00,2026-08-22,HSIC,"Henry Schein, Inc.",US,제약/바이오,2026-08-21,88.5,712853,1316142.65,2.1329,10081633280,69,65,60,58,64,0,HOLD,0.7,8,False,live
2026-08-22T07:29:36.786475+09:00,2026-08-22,LTH,"Life Time Group Holdings, Inc.",US,소비재,2026-08-21,45.11,1390737,3170361.85,1.2697,10080368640,73,60,48,42,58,1,HOLD,0.54,6,False,live
2026-08-22T07:29:36.786475+09:00,2026-08-22,CGNX,Cognex Corporation,US,IT,2026-08-21,60.54,1696150,2459117.5,3.1634,10184271872,25,60,45,50,42,0,AVOID,-0.44,-5,True,live
2026-08-22T07:29:36.786475+09:00,2026-08-22,BEPH,Brookfield BRP Holdings (Canada) Inc 4.6,US,유틸리티,2026-08-21,15.1,8629,21881.45,0.0918,,43,60,55,50,51,0,HOLD,0.08,1,False,live
2026-08-22T07:29:36.786475+09:00,2026-08-22,BEP,Brookfield Renewable Partners L.P.,US,유틸리티,2026-08-21,32.77,476985,930749.25,1.0111,15975154688,28,60,50,45,44,0,AVOID,-0.35,-4,True,live
2026-08-22T07:29:36.786475+09:00,2026-08-22,AAOI,"Applied Optoelectronics, Inc.",US,IT,2026-08-21,124.82,8018846,13162487.3,17.0522,10555932672,62,60,38,50,53,0,HOLD,-0.09,-1,False,live
2026-08-22T07:29:36.786475+09:00,2026-08-22,ONON,On Holding AG,US,소비재,2026-08-21,30.02,4499441,8714757.05,1.6939,10033125376,18,60,65,66,48,0,HOLD,-0.36,-4,False,live
2026-08-22T07:29:36.786475+09:00,2026-08-22,005930.KS,삼성전자,KR,미분류,2026-08-21,281500.0,27746471,30668063.5,17500.0,1848487620640768,69,60,63,78,67,1,HOLD,0.49,6,False,live
2026-08-22T07:29:36.786475+09:00,2026-08-22,000660.KS,SK하이닉스,KR,미분류,2026-08-21,1730000.0,4274294,5739983.2,137785.7143,1228048993091584,65,60,55,78,63,1,HOLD,0.29,3,False,live
2026-08-22T07:29:36.786475+09:00,2026-08-22,373220.KS,LG에너지솔루션,KR,미분류,2026-08-21,343500.0,248966,300644.05,16035.7143,80378995933184,72,60,55,29,58,1,HOLD,0.17,2,False,live
2026-08-22T07:29:36.786475+09:00,2026-08-22,207940.KS,삼성바이오로직스,KR,미분류,2026-08-21,1551000.0,44704,70555.05,55428.5714,71797265399808,62,60,55,50,58,0,HOLD,0.44,5,False,live
2026-08-22T07:29:36.786475+09:00,2026-08-22,005380.KS,현대차,KR,미분류,2026-08-21,415000.0,373056,708594.75,21607.1429,108661145862144,57,60,55,65,58,0,HOLD,0.07,1,False,live
2026-08-22T07:29:36.786475+09:00,2026-08-22,000270.KS,기아,KR,미분류,2026-08-21,130900.0,667262,936850.25,4492.8571,50875074609152,40,60,55,78,54,1,HOLD,-0.12,-1,False,live
2026-08-22T07:29:36.786475+09:00,2026-08-22,035420.KS,NAVER,KR,미분류,2026-08-21,222000.0,987136,1325843.25,11571.4286,33206709518336,84,60,47,55,64,1,HOLD,0.68,8,False,live
2026-08-22T07:29:36.786475+09:00,2026-08-22,068270.KS,셀트리온,KR,미분류,2026-08-21,192300.0,354956,781508.8,7117.8571,44099621093376,62,60,55,58,59,0,HOLD,0.41,5,False,live
2026-08-22T07:29:36.786475+09:00,2026-08-22,105560.KS,KB금융,KR,미분류,2026-08-21,164300.0,1165965,1060521.55,5666.2708,57686733357056,47,60,55,78,57,1,HOLD,0.26,3,False,live
2026-08-22T07:29:36.786475+09:00,2026-08-22,005490.KS,POSCO홀딩스,KR,미분류,2026-08-21,310000.0,235539,295184.15,11398.7462,23442441109504,40,60,55,78,54,1,HOLD,-0.12,-1,False,live
2026-08-22T07:29:36.786475+09:00,2026-08-22,055550.KS,신한지주,KR,미분류,2026-08-21,104100.0,1345887,1122469.8,3935.7143,49016976965632,69,60,63,65,65,0,HOLD,0.67,8,False,live
2026-08-22T07:29:36.786475+09:00,2026-08-22,012330.KS,현대모비스,KR,미분류,2026-08-21,496000.0,219886,295753.7,28437.2876,44233570385920,57,60,55,78,60,1,HOLD,0.12,1,False,live
2026-08-22T07:29:36.786475+09:00,2026-08-22,035720.KS,카카오,KR,미분류,2026-08-21,35800.0,10109356,2834499.55,2028.5714,15776482328576,46,60,55,58,53,0,HOLD,-0.1,-1,False,live
2026-08-22T07:29:36.786475+09:00,2026-08-22,006400.KS,삼성SDI,KR,미분류,2026-08-21,478000.0,286477,437567.5,28785.7143,37615554265088,62,60,55,45,57,0,HOLD,0.07,1,False,live
2026-08-22T07:29:36.786475+09:00,2026-08-22,028260.KS,삼성물산,KR,미분류,2026-08-21,395500.0,585501,475536.85,24214.2857,64717708066816,69,60,55,50,60,0,HOLD,0.32,4,False,live
2026-08-22T07:29:36.786475+09:00,2026-08-22,015760.KS,한국전력,KR,미분류,2026-08-21,31750.0,833434,1612596.2,1207.1429,20382360797184,18,60,55,70,45,1,HOLD,-0.46,-6,False,live
2026-08-22T07:29:36.786475+09:00,2026-08-22,010130.KS,고려아연,KR,미분류,2026-08-21,1237000.0,44908,29954.55,97906.0746,25226427498496,80,60,55,42,63,1,HOLD,0.36,4,False,live
2026-08-22T07:29:36.786475+09:00,2026-08-22,034730.KS,SK,KR,미분류,2026-08-21,586000.0,189218,201961.9,37580.5623,31961546489856,72,60,50,78,64,2,WATCH,0.5,6,False,live
2026-08-22T07:29:36.786475+09:00,2026-08-22,003670.KS,포스코퓨처엠,KR,미분류,2026-08-21,154900.0,230420,314185.05,9778.5714,13777764352000,62,60,55,22,54,0,HOLD,-0.01,0,False,live
2026-08-22T07:29:36.786475+09:00,2026-08-22,018260.KS,삼성에스디에스,KR,미분류,2026-08-21,228000.0,200600,325883.1,13553.5714,17635842457600,90,60,55,50,68,1,HOLD,0.88,11,False,live
2026-08-22T07:29:36.786475+09:00,2026-08-22,032830.KS,삼성생명,KR,미분류,2026-08-21,328500.0,1038229,479220.15,23714.2857,58990314651648,62,60,55,52,58,0,HOLD,0.2,2,False,live
2026-08-22T07:29:36.786475+09:00,2026-08-22,138040.KS,메리츠금융지주,KR,미분류,2026-08-21,115400.0,168518,278513.0,4657.1429,19014940098560,47,60,55,70,55,1,HOLD,0.23,3,False,live
2026-08-22T07:29:36.786475+09:00,2026-08-22,011200.KS,HMM,KR,미분류,2026-08-21,21600.0,1413376,1570586.4,889.2857,20373940731904,69,60,55,52,60,0,HOLD,0.48,6,False,live
2026-08-22T07:29:36.786475+09:00,2026-08-22,086790.KS,하나금융지주,KR,미분류,2026-08-21,128800.0,758877,805183.1,5095.7549,34554108706816,69,60,63,65,65,0,HOLD,0.64,8,False,live
2026-08-22T07:29:36.786475+09:00,2026-08-22,017670.KS,SK텔레콤,KR,미분류,2026-08-21,102200.0,2006782,1957899.1,6842.8571,21774517403648,70,60,55,68,63,1,HOLD,0.47,6,False,live
2026-08-22T07:29:36.786475+09:00,2026-08-22,011170.KS,롯데케미칼,KR,미분류,2026-08-21,54300.0,100825,126178.45,2292.8571,2289676058624,38,60,55,50,49,0,HOLD,-0.25,-3,False,live
2026-08-22T07:29:36.786475+09:00,2026-08-22,267260.KS,HD현대일렉트릭,KR,미분류,2026-08-21,718000.0,137350,163591.6,44729.6444,25842761596928,47,60,55,50,52,0,HOLD,-0.12,-1,False,live
2026-08-22T07:29:36.786475+09:00,2026-08-22,090430.KS,아모레퍼시픽,KR,미분류,2026-08-21,138000.0,207098,394375.95,5617.8571,9511893991424,62,60,55,50,58,0,HOLD,0.49,6,False,live
2026-08-22T07:29:36.786475+09:00,2026-08-22,267250.KS,HD현대중공업,KR,미분류,2026-08-21,213000.0,132702,150190.75,11345.564,15052375588864,62,60,55,78,62,1,HOLD,0.19,2,False,live
2026-08-22T07:29:36.786475+09:00,2026-08-22,323410.KS,카카오뱅크,KR,미분류,2026-08-21,21300.0,577709,807805.85,703.5714,10149004574720,28,60,55,60,47,0,HOLD,-0.22,-3,False,live
2026-08-22T07:29:36.786475+09:00,2026-08-22,000810.KS,삼성화재,KR,미분류,2026-08-21,661000.0,116996,115028.5,28428.5714,29196051021824,73,60,55,62,63,1,HOLD,0.69,8,False,live
2026-08-22T07:29:36.786475+09:00,2026-08-22,010950.KS,S-Oil,KR,미분류,2026-08-21,141100.0,210251,381106.55,8971.4286,16426952818688,95,60,55,62,71,1,HOLD,0.99,12,False,live
2026-08-22T07:29:36.786475+09:00,2026-08-22,011070.KS,LG이노텍,KR,미분류,2026-08-21,550000.0,223664,276744.5,50857.1429,13015478960128,47,60,55,65,55,0,HOLD,-0.07,-1,False,live
2026-08-22T07:29:36.786475+09:00,2026-08-22,010140.KS,삼성중공업,KR,미분류,2026-08-21,20200.0,1990817,3288801.4,834.2857,17253837832192,16,60,55,86,47,1,HOLD,-0.43,-5,False,live
2026-08-22T07:29:36.786475+09:00,2026-08-22,329180.KS,HD현대미포,KR,미분류,2026-08-21,453000.0,252822,251180.2,24365.3471,47534546354176,35,60,55,60,50,0,HOLD,-0.25,-3,False,live
2026-08-22T07:29:36.786475+09:00,2026-08-22,024110.KS,기업은행,KR,미분류,2026-08-21,20000.0,721725,1084405.75,415.0,15948516950016,25,60,55,70,48,1,HOLD,-0.17,-2,False,live
2026-08-22T07:29:36.786475+09:00,2026-08-22,009150.KS,삼성전기,KR,미분류,2026-08-21,1316000.0,702691,912948.9,124928.5714,99420179791872,76,60,55,50,63,1,HOLD,0.61,7,False,live
2026-08-22T07:29:36.786475+09:00,2026-08-22,042660.KS,한화오션,KR,미분류,2026-08-21,84200.0,895191,1329122.25,4735.7143,25795326115840,40,60,55,60,52,0,HOLD,-0.18,-2,False,live
2026-08-22T07:29:36.786475+09:00,2026-08-22,128940.KS,한미약품,KR,미분류,2026-08-21,415500.0,124032,84748.4,21910.7143,5268628832256,57,60,55,50,56,0,HOLD,0.16,2,False,live
2026-08-22T07:29:36.786475+09:00,2026-08-22,247540.KS,에코프로비엠,KR,미분류,2026-08-21,105600.0,317914,418311.35,8021.4286,,40,60,47,50,48,0,HOLD,-0.3,-4,False,live
2026-08-22T07:29:36.786475+09:00,2026-08-22,251270.KS,넷마블,KR,미분류,2026-08-21,37050.0,130214,155829.7,1600.0,3035675754496,43,60,55,78,55,1,HOLD,-0.03,0,False,live
2026-08-22T07:29:36.786475+09:00,2026-08-22,036570.KS,엔씨소프트,KR,미분류,2026-08-21,224500.0,55658,83605.3,13214.2857,4371662503936,23,60,55,70,47,1,HOLD,-0.38,-5,False,live
2026-08-22T07:29:36.786475+09:00,2026-08-22,018880.KS,한온시스템,KR,미분류,2026-08-21,3400.0,2749496,4969872.4,178.9286,3489254604800,35,60,55,68,51,0,HOLD,-0.22,-3,False,live
2026-08-22T07:29:36.786475+09:00,2026-08-22,000720.KS,현대건설,KR,미분류,2026-08-21,105600.0,640873,573119.4,7700.0,11870544068608,62,60,50,52,56,0,HOLD,0.04,0,False,live
2026-08-22T07:29:36.786475+09:00,2026-08-22,139480.KS,이마트,KR,미분류,2026-08-21,71900.0,121403,123381.85,2592.8571,1926082461696,10,60,55,70,42,1,AVOID,-0.57,-7,True,live
2026-08-22T07:29:36.786475+09:00,2026-08-22,000100.KS,유한양행,KR,미분류,2026-08-21,82300.0,266255,301830.5,3392.8571,6153086959616,80,60,55,42,63,1,HOLD,0.49,6,False,live
2026-08-22T07:29:36.786475+09:00,2026-08-22,032640.KS,LG유플러스,KR,미분류,2026-08-21,14870.0,835760,1053073.85,433.7501,6311240531968,80,60,55,86,69,2,WATCH,0.63,8,False,live
2026-08-22T07:29:36.786475+09:00,2026-08-22,375500.KS,DL이앤씨,KR,미분류,2026-08-21,68200.0,224404,319744.1,4085.7143,2837336555520,62,60,55,78,62,1,HOLD,0.19,2,False,live
2026-08-22T07:29:36.786475+09:00,2026-08-22,096770.KS,SK이노베이션,KR,미분류,2026-08-21,124800.0,424592,785661.25,6450.0,21133994754048,84,60,55,68,68,1,HOLD,0.73,9,False,live
2026-08-22T07:29:36.786475+09:00,2026-08-22,079550.KS,LIG넥스원,KR,미분류,2026-08-21,695000.0,279762,153563.5,71571.4286,15182448295936,40,60,47,42,46,0,HOLD,-0.33,-4,False,live
2026-08-22T07:29:36.786475+09:00,2026-08-22,006360.KS,GS건설,KR,미분류,2026-08-21,33250.0,2518813,3386084.2,3003.5714,2822555828224,89,60,55,78,71,2,WATCH,0.86,10,False,live
2026-08-22T07:29:36.786475+09:00,2026-08-22,078930.KS,GS,KR,미분류,2026-08-21,116200.0,575218,600341.25,7853.5714,11001254641664,93,60,55,70,72,2,WATCH,0.99,12,False,live
2026-08-22T07:29:36.786475+09:00,2026-08-22,036460.KS,한국가스공사,KR,미분류,2026-08-21,35650.0,60129,160414.8,1078.5714,3111369048064,80,60,55,78,68,2,WATCH,0.56,7,False,live
2026-08-22T07:29:36.786475+09:00,2026-08-22,016360.KS,삼성증권,KR,미분류,2026-08-21,92000.0,928948,572425.2,4264.2857,8215599775744,37,60,55,70,52,1,HOLD,-0.19,-2,False,live
2026-08-22T07:29:36.786475+09:00,2026-08-22,005940.KS,NH투자증권,KR,미분류,2026-08-21,26100.0,351589,579374.5,1000.0,9775276359680,13,60,47,70,41,1,AVOID,-0.61,-7,True,live
2026-08-22T07:29:36.786475+09:00,2026-08-22,026960.KS,동서,KR,미분류,2026-08-21,25700.0,44503,77045.65,714.2857,2535971094528,43,60,55,50,51,0,HOLD,0.03,0,False,live
2026-08-22T07:29:36.786475+09:00,2026-08-22,010060.KS,OCI홀딩스,KR,미분류,2026-08-21,265000.0,276693,448588.9,29750.0,2372411064320,95,60,55,52,70,1,HOLD,0.69,8,False,live
2026-08-22T07:29:36.786475+09:00,2026-08-22,000210.KS,DL,KR,미분류,2026-08-21,46700.0,46187,91215.95,2882.1429,1056111329280,40,60,55,78,54,1,HOLD,-0.12,-1,False,live
2026-08-22T07:29:36.786475+09:00,2026-08-22,006800.KS,미래에셋증권,KR,미분류,2026-08-21,34500.0,1159636,1793235.9,2064.2857,20071887929344,35,60,63,70,54,1,HOLD,-0.13,-2,False,live
2026-08-22T07:29:36.786475+09:00,2026-08-22,064350.KS,현대로템,KR,미분류,2026-08-21,130100.0,530846,540328.6,7807.1429,14199412490240,40,60,55,70,53,1,HOLD,-0.15,-2,False,live
2026-08-22T07:29:36.786475+09:00,2026-08-22,005830.KS,DB손해보험,KR,미분류,2026-08-21,177800.0,308932,215354.25,9014.2857,10782408441856,91,60,55,62,70,1,HOLD,0.93,11,False,live
2026-08-22T07:29:36.786475+09:00,2026-08-22,002380.KS,KCC,KR,미분류,2026-08-21,484000.0,42478,24147.25,23964.2857,3559418757120,62,60,55,78,62,1,HOLD,0.28,3,False,live
2026-08-22T07:29:36.786475+09:00,2026-08-22,011790.KS,SKC,KR,미분류,2026-08-21,83400.0,114015,196907.8,4685.7143,4119297523712,57,60,55,50,56,0,HOLD,0.02,0,False,live
2026-08-22T07:29:36.786475+09:00,2026-08-22,006650.KS,대한유화,KR,미분류,2026-08-21,80300.0,28699,33988.4,3628.5714,495940829184,21,60,55,78,48,1,HOLD,-0.39,-5,False,live
2026-08-22T07:29:36.786475+09:00,2026-08-22,000670.KS,영풍,KR,미분류,2026-08-21,37300.0,21371,31557.45,2017.8571,686616739840,62,60,55,58,59,0,HOLD,0.12,1,False,live
2026-08-22T07:29:36.786475+09:00,2026-08-22,138930.KS,BNK금융지주,KR,미분류,2026-08-21,14310.0,1216329,1223828.35,426.7224,4440780177408,15,60,55,70,44,1,AVOID,-0.5,-6,True,live
2026-08-22T07:29:36.786475+09:00,2026-08-22,006260.KS,LS,KR,미분류,2026-08-21,293500.0,270696,183394.95,28142.8571,8140194578432,47,60,55,52,53,0,HOLD,-0.11,-1,False,live
2026-08-22T07:29:36.786475+09:00,2026-08-22,008770.KS,호텔신라,KR,미분류,2026-08-21,42300.0,204487,293887.5,1642.8571,1601206878208,40,60,55,78,54,1,HOLD,-0.12,-1,False,live
2026-08-22T07:29:36.786475+09:00,2026-08-22,009830.KS,한화솔루션,KR,미분류,2026-08-21,32050.0,2701323,5264226.0,3328.5714,7211239079936,70,60,55,70,64,2,WATCH,0.27,3,False,live
2026-08-22T07:29:36.786475+09:00,2026-08-22,139130.KS,DGB금융지주,KR,미분류,2026-08-21,17180.0,385888,489916.6,625.7143,2720683261952,50,60,55,70,56,1,HOLD,0.1,1,False,live
2026-08-22T07:29:36.786475+09:00,2026-08-22,011780.KS,금호석유,KR,미분류,2026-08-21,117200.0,106579,121592.05,6135.7143,3045352800256,33,60,55,86,53,1,HOLD,-0.19,-2,False,live
2026-08-22T07:29:36.786475+09:00,2026-08-22,079160.KS,CJ CGV,KR,미분류,2026-08-21,5100.0,443967,787291.9,325.0,844470091776,55,60,55,66,58,0,HOLD,0.35,4,False,live
2026-08-22T07:29:36.786475+09:00,2026-08-22,033780.KS,KT&G,KR,미분류,2026-08-21,172300.0,143949,311244.3,6099.8179,17886542299136,43,60,55,55,52,0,HOLD,-0.01,0,False,live
2026-08-22T07:29:36.786475+09:00,2026-08-22,005810.KS,풍산,KR,미분류,2026-08-21,36900.0,25942,31811.2,1257.1429,506595049472,68,60,63,78,66,1,HOLD,0.44,5,False,live
2026-08-22T07:29:36.786475+09:00,2026-08-22,002960.KS,한국쉘석유,KR,미분류,2026-08-21,508000.0,756,1812.95,13142.8571,660399980544,60,60,55,58,58,0,HOLD,0.25,3,False,live
2026-08-22T07:29:36.786475+09:00,2026-08-22,000120.KS,CJ대한통운,KR,미분류,2026-08-21,73400.0,27623,53197.15,2607.1429,1463972397056,18,60,55,78,46,1,HOLD,-0.43,-5,False,live
2026-08-22T07:29:36.786475+09:00,2026-08-22,120110.KS,코오롱인더,KR,미분류,2026-08-21,49650.0,192192,177837.8,3911.7693,1690113409024,42,60,55,78,55,1,HOLD,-0.09,-1,False,live
2026-08-22T07:29:36.786475+09:00,2026-08-22,069620.KS,대웅제약,KR,미분류,2026-08-21,119500.0,15747,33501.5,5364.2857,1374999281664,50,60,55,62,55,0,HOLD,0.01,0,False,live
2026-08-22T07:29:36.786475+09:00,2026-08-22,185750.KS,종근당,KR,미분류,2026-08-21,66900.0,24022,22503.3,2264.2857,881478926336,28,60,55,78,50,1,HOLD,-0.28,-3,False,live
2026-08-22T07:29:36.786475+09:00,2026-08-22,006840.KS,AK홀딩스,KR,미분류,2026-08-21,7700.0,5086,12436.85,340.0,100450312192,70,60,55,42,59,1,HOLD,0.34,4,False,live
2026-08-22T07:29:36.786475+09:00,2026-08-22,008930.KS,한미사이언스,KR,미분류,2026-08-21,44950.0,175368,216405.3,2839.2857,3043730915328,81,60,55,50,64,1,HOLD,0.76,9,False,live
2026-08-22T07:29:36.786475+09:00,2026-08-22,002790.KS,아모레G,KR,미분류,2026-08-21,26000.0,68404,108379.95,1060.7143,2333620305920,55,60,55,78,59,1,HOLD,0.4,5,False,live
2026-08-22T07:29:36.786475+09:00,2026-08-22,069260.KS,휴켐스,KR,미분류,2026-08-21,15730.0,40054,66324.25,468.5714,603573911552,67,60,55,78,64,1,HOLD,0.34,4,False,live
2026-08-22T07:29:36.786475+09:00,2026-08-22,000080.KS,하이트진로,KR,미분류,2026-08-21,15240.0,69302,126394.5,412.1429,1063487406080,43,60,55,70,54,1,HOLD,-0.0,0,False,live
2026-08-22T07:29:36.786475+09:00,2026-08-22,030200.KS,KT,KR,미분류,2026-08-21,52400.0,206894,436560.2,1207.1429,12478106828800,28,60,63,65,50,0,HOLD,-0.1,-1,False,live
2026-08-22T07:29:36.786475+09:00,2026-08-22,012450.KS,한화에어로스페이스,KR,미분류,2026-08-21,1085000.0,193892,228926.85,72500.0,55821933215744,72,60,55,42,60,1,HOLD,0.23,3,False,live
2026-08-22T07:29:36.786475+09:00,2026-08-22,047810.KS,한국항공우주,KR,미분류,2026-08-21,130000.0,252741,481702.65,9364.2857,12671763087360,18,60,55,50,42,0,AVOID,-0.53,-6,True,live
2026-08-22T07:29:36.786475+09:00,2026-08-22,051910.KS,LG화학,KR,미분류,2026-08-21,252500.0,141218,182798.3,12196.4286,19764464320512,35,60,55,62,50,0,HOLD,-0.25,-3,False,live
2026-08-22T07:29:36.786475+09:00,2026-08-22,051900.KS,LG생활건강,KR,미분류,2026-08-21,313000.0,73598,125903.75,16125.1682,5244641607680,74,60,55,45,61,1,HOLD,0.64,8,False,live
2026-08-22T07:29:36.786475+09:00,2026-08-22,066570.KS,LG전자,KR,미분류,2026-08-21,194500.0,858709,1244691.7,13428.3137,34932046954496,57,60,55,78,60,1,HOLD,0.12,1,False,live
2026-08-22T07:29:36.786475+09:00,2026-08-22,003550.KS,LG,KR,미분류,2026-08-21,107700.0,325170,315017.4,4971.4286,16607684329472,82,60,55,70,68,2,WATCH,0.47,6,False,live
2026-08-22T07:29:36.786475+09:00,2026-08-22,000150.KS,두산,KR,미분류,2026-08-21,1078000.0,89390,69250.6,94337.5285,19277128138752,40,60,55,50,50,0,HOLD,-0.22,-3,False,live
2026-08-22T07:29:36.786475+09:00,2026-08-22,034020.KS,두산에너빌리티,KR,미분류,2026-08-21,73300.0,2467372,2236382.15,4100.0,46848433717248,47,60,55,35,50,0,HOLD,-0.17,-2,False,live
2026-08-22T07:29:36.786475+09:00,2026-08-22,241560.KS,두산밥캣,KR,미분류,2026-08-21,57900.0,103883,157207.45,2417.9183,5541829017600,26,60,55,70,48,1,HOLD,-0.32,-4,False,live
2026-08-22T07:29:36.786475+09:00,2026-08-22,035250.KS,강원랜드,KR,미분류,2026-08-21,14310.0,204483,391874.0,296.4286,2836153499648,23,60,55,70,47,1,HOLD,-0.28,-3,False,live
2026-08-22T07:29:36.786475+09:00,2026-08-22,114090.KS,GKL,KR,미분류,2026-08-21,9060.0,91089,133140.55,261.4286,560412360704,38,60,55,86,55,1,HOLD,-0.12,-1,False,live
2026-08-22T07:29:36.786475+09:00,2026-08-22,020150.KS,롯데에너지머티리얼즈,KR,미분류,2026-08-21,29450.0,151321,184776.15,2407.1429,1542162874368,42,60,55,27,47,0,HOLD,-0.27,-3,False,live
2026-08-22T07:29:36.786475+09:00,2026-08-22,004020.KS,현대제철,KR,미분류,2026-08-21,27000.0,423606,529777.45,1385.7143,3551734792192,35,60,55,78,52,1,HOLD,-0.19,-2,False,live
2026-08-22T07:29:36.786475+09:00,2026-08-22,069960.KS,현대백화점,KR,미분류,2026-08-21,93400.0,98224,184932.55,6885.7143,1992451031040,32,60,55,78,51,1,HOLD,-0.23,-3,False,live
2026-08-22T07:29:36.786475+09:00,2026-08-22,023530.KS,롯데쇼핑,KR,미분류,2026-08-21,96700.0,93355,173886.7,6435.7143,2733770801152,32,60,55,70,50,1,HOLD,-0.26,-3,False,live
2026-08-22T07:29:36.786475+09:00,2026-08-22,012750.KS,에스원,KR,미분류,2026-08-21,76800.0,42811,57868.8,2428.5714,2596626497536,74,60,55,68,65,1,HOLD,0.65,8,False,live
2026-08-22T07:29:36.786475+09:00,2026-08-22,035150.KS,백광산업,KR,미분류,2026-08-21,10750.0,25491,22705.25,341.4286,215310024704,65,60,55,50,59,0,HOLD,0.27,3,False,live
2026-08-22T07:29:36.786475+09:00,2026-08-22,018670.KS,삼성E&A,KR,미분류,2026-08-21,233500.0,13388,16176.85,12228.5714,2105246744576,73,60,55,78,66,2,WATCH,0.46,6,False,live
2026-08-22T07:29:36.786475+09:00,2026-08-22,003490.KS,대한항공,KR,미분류,2026-08-21,25800.0,3922193,2450765.6,914.2857,9528749850624,28,60,55,62,48,0,HOLD,-0.18,-2,False,live
2026-08-22T07:29:36.786475+09:00,2026-08-22,020560.KS,아시아나항공,KR,미분류,2026-08-21,6990.0,67921,98802.35,252.8571,1439247892480,23,60,55,42,43,0,AVOID,-0.34,-4,True,live
2026-08-22T07:29:36.786475+09:00,2026-08-22,047040.KS,대우건설,KR,미분류,2026-08-21,15930.0,2630537,5600549.7,1419.2857,6545409572864,57,60,55,60,57,0,HOLD,0.06,1,False,live
2026-08-22T07:29:36.786475+09:00,2026-08-22,088980.KS,맥쿼리인프라,KR,미분류,2026-08-21,9540.0,959440,1662374.45,157.8571,,20,60,55,50,43,0,AVOID,-0.44,-5,True,live
2026-08-22T07:29:36.786475+09:00,2026-08-22,161390.KS,한국타이어앤테크놀로지,KR,미분류,2026-08-21,66000.0,162112,308784.9,3278.5714,8051257507840,32,60,55,62,49,0,HOLD,0.0,0,False,live
2026-08-22T07:29:36.786475+09:00,2026-08-22,161890.KS,한국콜마,KR,미분류,2026-08-21,136700.0,365642,458810.55,9257.1429,3226813857792,88,60,55,60,68,1,HOLD,0.89,11,False,live
