scan_ts_kst,date,ticker,name,market,sector,bar_date,close,volume,avg_vol20,atr14,market_cap,tech,macro,filing,value,total,consensus,signal,ev,target,hitl,source,asset_type,flow,regime
2026-08-11T13:27:58.733464+09:00,2026-08-11,NVDA,NVIDIA Corporation,US,반도체,2026-08-10,217.55,115846600,126945495.0,7.9729,,87,60,38,58,60,1,HOLD,0.45,5,False,backfill,,55,NEUTRAL
2026-08-11T13:27:58.733464+09:00,2026-08-11,AAPL,Apple Inc.,US,IT,2026-08-10,308.26,44812500,56415375.0,9.421,,47,55,53,42,54,1,HOLD,0.23,3,False,backfill,,78,NEUTRAL
2026-08-11T13:27:58.733464+09:00,2026-08-11,GOOGL,Alphabet Inc.,US,인터넷,2026-08-10,357.52,18991400,32693430.0,13.2221,,65,60,43,68,53,0,HOLD,-0.03,0,False,backfill,,33,NEUTRAL
2026-08-11T13:27:58.733464+09:00,2026-08-11,GOOG,Alphabet Inc.,US,인터넷,2026-08-10,355.84,12789500,21514785.0,12.7594,,65,60,35,68,50,0,HOLD,-0.11,-1,False,backfill,,33,NEUTRAL
2026-08-11T13:27:58.733464+09:00,2026-08-11,MSFT,Microsoft Corporation,US,IT,2026-08-10,506.06,31206100,39897530.0,18.0536,,73,55,27,50,57,2,HOLD,0.51,6,False,backfill,,83,NEUTRAL
2026-08-11T13:27:58.733464+09:00,2026-08-11,AMZN,"Amazon.com, Inc.",US,소비재,2026-08-10,278.09,35731900,50116815.0,10.1979,,87,55,30,50,58,1,HOLD,0.44,5,False,backfill,,62,NEUTRAL
2026-08-11T13:27:58.733464+09:00,2026-08-11,TSM,Taiwan Semiconductor Manufacturing Compa,US,반도체,2026-08-10,418.47,11776100,14908315.0,15.6107,,65,60,57,58,56,0,HOLD,0.3,4,False,backfill,,41,NEUTRAL
2026-08-11T13:27:58.733464+09:00,2026-08-11,AVGO,Broadcom Inc.,US,반도체,2026-08-10,422.4,13854100,18687670.0,16.2157,,69,60,27,43,48,0,HOLD,-0.0,0,False,backfill,,52,NEUTRAL
2026-08-11T13:27:58.733464+09:00,2026-08-11,META,"Meta Platforms, Inc.",US,인터넷,2026-08-10,594.92,14967300,17007570.0,22.5443,,40,60,35,66,47,0,HOLD,-0.21,-3,False,backfill,,55,NEUTRAL
2026-08-11T13:27:58.733464+09:00,2026-08-11,TSLA,"Tesla, Inc.",US,소비재,2026-08-10,330.88,25003800,39001700.0,14.3279,,37,55,50,30,37,0,AVOID,-0.64,-8,True,backfill,,23,NEUTRAL
2026-08-11T13:27:58.733464+09:00,2026-08-11,LLY,Eli Lilly and Company,US,제약/바이오,2026-08-10,1230.1771,3011900,2789500.0,42.0091,,92,60,53,50,66,1,HOLD,0.91,11,False,backfill,,63,NEUTRAL
2026-08-11T13:27:58.733464+09:00,2026-08-11,MU,"Micron Technology, Inc.",US,반도체,2026-08-10,861.0,27818600,45220425.0,79.1864,,54,60,50,58,49,0,HOLD,0.07,1,False,backfill,,32,NEUTRAL
2026-08-11T13:27:58.733464+09:00,2026-08-11,JPM,JPMorgan Chase & Co.,US,금융,2026-08-10,359.79,5327500,7998740.0,6.3857,,73,55,35,60,62,2,WATCH,0.68,8,False,backfill,,90,NEUTRAL
2026-08-11T13:27:58.733464+09:00,2026-08-11,WMT,Walmart Inc.,US,소매,2026-08-10,112.66,19144000,21958430.0,2.605,,72,55,35,37,48,1,HOLD,-0.11,-1,False,backfill,,41,NEUTRAL
2026-08-11T13:27:58.733464+09:00,2026-08-11,AMD,"Advanced Micro Devices, Inc.",US,반도체,2026-08-10,469.56,19656600,29864045.0,37.7529,,25,60,50,35,34,0,AVOID,-0.55,-7,True,backfill,,25,NEUTRAL
2026-08-11T13:27:58.733464+09:00,2026-08-11,V,Visa Inc.,US,금융,2026-08-10,360.65,7552200,7043110.0,7.7848,,54,55,38,50,53,1,HOLD,0.28,3,False,backfill,,78,NEUTRAL
2026-08-11T13:27:58.733464+09:00,2026-08-11,ASML,ASML Holding N.V.,US,반도체,2026-08-10,1733.48,1107000,1916710.0,76.5317,,69,60,45,42,54,0,HOLD,0.37,4,False,backfill,,55,NEUTRAL
2026-08-11T13:27:58.733464+09:00,2026-08-11,XOM,Exxon Mobil Corporation,US,에너지,2026-08-10,158.762,19761600,14670565.0,4.2645,,88,55,35,58,60,1,HOLD,0.54,6,False,backfill,,55,NEUTRAL
2026-08-11T13:27:58.733464+09:00,2026-08-11,JNJ,Johnson & Johnson,US,제약/바이오,2026-08-10,261.81,8985100,8283485.0,6.0386,,69,60,46,53,59,0,HOLD,0.57,7,False,backfill,,69,NEUTRAL
2026-08-11T13:27:58.733464+09:00,2026-08-11,MA,Mastercard Incorporated,US,금융,2026-08-10,563.17,2644100,3088310.0,11.9321,,62,55,40,50,57,1,HOLD,0.48,6,False,backfill,,84,NEUTRAL
2026-08-11T13:27:58.733464+09:00,2026-08-11,INTC,Intel Corp.,US,반도체,2026-08-10,97.52,101153400,114677410.0,7.4207,,55,60,73,42,53,1,HOLD,-0.04,0,False,backfill,,33,NEUTRAL
2026-08-11T13:27:58.733464+09:00,2026-08-11,CSCO,"Cisco Systems, Inc.",US,IT,2026-08-10,122.57,21131900,20269425.0,3.7614,,62,55,45,42,51,0,HOLD,0.32,4,False,backfill,,55,NEUTRAL
2026-08-11T13:27:58.733464+09:00,2026-08-11,BAC,Bank of America Corporation,US,금융,2026-08-10,63.86,25400400,32903220.0,0.9793,,70,55,58,60,66,2,WATCH,0.79,9,False,backfill,,77,NEUTRAL
2026-08-11T13:27:58.733464+09:00,2026-08-11,ABBV,AbbVie Inc.,US,제약/바이오,2026-08-10,247.97,4209500,5702075.0,6.7121,,51,60,48,51,51,0,HOLD,0.22,3,False,backfill,,54,NEUTRAL
2026-08-11T13:27:58.733464+09:00,2026-08-11,ORCL,Oracle Corporation,US,IT,2026-08-10,151.05,24265000,35971540.0,7.1107,,49,55,35,50,42,0,AVOID,-0.48,-6,True,backfill,,35,NEUTRAL
2026-08-11T13:27:58.733464+09:00,2026-08-11,COST,Costco Wholesale Corporation,US,소매,2026-08-10,952.75,1479200,2033750.0,18.6652,,72,55,27,29,45,1,HOLD,-0.07,-1,False,backfill,,49,NEUTRAL
2026-08-11T13:27:58.733464+09:00,2026-08-11,AMAT,"Applied Materials, Inc.",US,반도체,2026-08-10,522.12,7019400,7362260.0,35.6064,,54,60,35,42,46,0,HOLD,0.1,1,False,backfill,,54,NEUTRAL
2026-08-11T13:27:58.733464+09:00,2026-08-11,PLTR,Palantir Technologies Inc.,US,IT,2026-08-10,175.23,57402700,46853925.0,9.6325,,75,55,32,35,56,2,HOLD,0.55,7,False,backfill,,84,NEUTRAL
2026-08-11T13:27:58.733464+09:00,2026-08-11,CVX,Chevron Corporation,US,에너지,2026-08-10,194.91,13667300,7857310.0,4.9786,,62,55,17,66,48,0,HOLD,-0.0,0,False,backfill,,55,NEUTRAL
2026-08-11T13:27:58.733464+09:00,2026-08-11,CAT,Caterpillar Inc.,US,산업재,2026-08-10,837.58,1900900,3166215.0,40.7221,,47,55,35,50,46,0,HOLD,-0.29,-3,False,backfill,,55,NEUTRAL
2026-08-11T13:27:58.733464+09:00,2026-08-11,LRCX,Lam Research Corporation,US,반도체,2026-08-10,306.4,7022800,11269325.0,23.6293,,50,60,43,42,43,0,AVOID,-0.18,-2,True,backfill,,32,NEUTRAL
2026-08-11T13:27:58.733464+09:00,2026-08-11,GE,GE Aerospace,US,산업재,2026-08-10,366.7,3092000,3927430.0,9.9886,,95,55,35,29,60,2,WATCH,0.77,9,False,backfill,,75,NEUTRAL
2026-08-11T13:27:58.733464+09:00,2026-08-11,KO,The Coca-Cola Company,US,소매,2026-08-10,86.87,13710800,17596630.0,1.8629,,91,55,38,37,59,1,HOLD,0.64,8,False,backfill,,63,NEUTRAL
2026-08-11T13:27:58.733464+09:00,2026-08-11,UNH,UnitedHealth Group Incorporated,US,제약/바이오,2026-08-10,408.74,3182200,5481655.0,10.9936,,47,60,63,66,57,0,HOLD,0.27,3,False,backfill,,54,NEUTRAL
2026-08-11T13:27:58.733464+09:00,2026-08-11,HSBC,HSBC Holdings plc,US,금융,2026-08-10,102.8235,866100,1456225.0,2.0736,,69,55,50,60,60,0,HOLD,0.59,7,False,backfill,,63,NEUTRAL
2026-08-11T13:27:58.733464+09:00,2026-08-11,HD,"The Home Depot, Inc.",US,소비재,2026-08-10,350.78,3124800,3819980.0,8.61,,84,55,45,42,59,1,HOLD,0.65,8,False,backfill,,61,NEUTRAL
2026-08-11T13:27:58.733464+09:00,2026-08-11,PG,The Procter & Gamble Company,US,소매,2026-08-10,146.44,7386500,8186345.0,3.669,,43,55,48,45,52,1,HOLD,0.1,1,False,backfill,,78,NEUTRAL
2026-08-11T13:27:58.733464+09:00,2026-08-11,MS,Morgan Stanley,US,금융,2026-08-10,215.33,3837600,6152925.0,5.7308,,69,55,45,60,62,1,HOLD,0.61,7,False,backfill,,77,NEUTRAL
2026-08-11T13:27:58.733464+09:00,2026-08-11,MRK,"Merck & Co., Inc.",US,제약/바이오,2026-08-10,130.92,6007600,8860445.0,3.0836,,69,60,35,38,51,0,HOLD,0.34,4,False,backfill,,61,NEUTRAL
2026-08-11T13:27:58.733464+09:00,2026-08-11,NFLX,"Netflix, Inc.",US,인터넷,2026-08-10,76.29,26959900,46852195.0,2.215,,54,60,20,50,43,0,AVOID,-0.36,-4,True,backfill,,56,NEUTRAL
2026-08-11T13:27:58.733464+09:00,2026-08-11,BABA,Alibaba Group Holding Limited,US,소비재,2026-08-10,132.32,9449400,10053075.0,3.6579,,67,55,40,58,55,0,HOLD,0.16,2,False,backfill,,55,NEUTRAL
2026-08-11T13:27:58.733464+09:00,2026-08-11,PANW,"Palo Alto Networks, Inc.",US,IT,2026-08-10,385.04,5828000,6174940.0,14.8564,,92,55,45,30,62,2,WATCH,0.85,10,False,backfill,,77,NEUTRAL
2026-08-11T13:27:58.733464+09:00,2026-08-11,GS,"The Goldman Sachs Group, Inc.",US,금융,2026-08-10,1034.51,1819100,2110460.0,34.1843,,47,55,40,60,46,0,HOLD,-0.05,-1,False,backfill,,40,NEUTRAL
2026-08-11T13:27:58.733464+09:00,2026-08-11,DELL,Dell Technologies Inc.,US,IT,2026-08-10,457.88,4986600,6416505.0,36.6343,,95,55,53,66,71,1,HOLD,1.05,13,False,backfill,,69,NEUTRAL
2026-08-11T13:27:58.733464+09:00,2026-08-11,RTX,RTX Corporation,US,산업재,2026-08-10,223.3779,3280600,5321915.0,5.8207,,80,55,35,58,61,2,WATCH,0.67,8,False,backfill,,75,NEUTRAL
2026-08-11T13:27:58.733464+09:00,2026-08-11,NVS,Novartis AG,US,제약/바이오,2026-08-10,156.79,995400,1715770.0,2.8971,,69,60,53,53,54,0,HOLD,0.29,3,False,backfill,,32,NEUTRAL
2026-08-11T13:27:58.733464+09:00,2026-08-11,RY,Royal Bank of Canada,US,금융,2026-08-10,210.79,678500,1392555.0,3.2527,,62,55,45,50,56,0,HOLD,0.45,5,False,backfill,,69,NEUTRAL
2026-08-11T13:27:58.733464+09:00,2026-08-11,PM,Philip Morris International Inc.,US,소매,2026-08-10,186.0,3147800,5307780.0,5.7371,,43,55,48,58,44,0,AVOID,-0.23,-3,True,backfill,,25,NEUTRAL
2026-08-11T13:27:58.733464+09:00,2026-08-11,ARM,Arm Holdings plc American Depositary Sha,US,반도체,2026-08-10,267.85,3182800,6197145.0,23.5091,,73,60,40,35,53,1,HOLD,0.43,5,False,backfill,,59,NEUTRAL
2026-08-11T13:27:58.733464+09:00,2026-08-11,WFC,Wells Fargo & Company,US,금융,2026-08-10,87.52,12927700,16495635.0,1.7545,,62,55,45,60,58,0,HOLD,0.48,6,False,backfill,,69,NEUTRAL
2026-08-11T13:27:58.733464+09:00,2026-08-11,GEV,GE Vernova Inc.,US,유틸리티,2026-08-10,990.85,1587500,2800510.0,57.1847,,25,55,50,50,45,0,HOLD,-0.36,-4,False,backfill,,63,NEUTRAL
2026-08-11T13:27:58.733464+09:00,2026-08-11,TXN,Texas Instruments Incorporated,US,반도체,2026-08-10,280.44,4210800,8042850.0,11.3041,,50,60,50,42,45,0,HOLD,-0.22,-3,False,backfill,,33,NEUTRAL
2026-08-11T13:27:58.733464+09:00,2026-08-11,KLAC,KLA Corporation,US,반도체,2026-08-10,192.5224,10318300,12202595.0,12.6086,,47,60,61,42,46,0,HOLD,-0.07,-1,False,backfill,,25,NEUTRAL
2026-08-11T13:27:58.733464+09:00,2026-08-11,AZN,AstraZeneca PLC,US,제약/바이오,2026-08-10,161.91,3745800,3909265.0,4.5279,,25,60,53,58,44,0,AVOID,-0.48,-6,True,backfill,,44,NEUTRAL
2026-08-11T13:27:58.733464+09:00,2026-08-11,MUFG,"Mitsubishi UFJ Financial Group, Inc.",US,금융,2026-08-10,22.24,1869700,3452855.0,0.4821,,51,55,53,60,56,0,HOLD,0.37,4,False,backfill,,63,NEUTRAL
2026-08-11T13:27:58.733464+09:00,2026-08-11,SHEL,Shell plc,US,에너지,2026-08-10,89.1685,4866864,7093940.5,1.8106,,69,55,50,78,64,1,HOLD,0.53,6,False,backfill,,61,NEUTRAL
2026-08-11T13:27:58.733464+09:00,2026-08-11,SAP,SAP SE,US,IT,2026-08-10,208.55,3004000,3653240.0,8.2286,,70,55,53,42,56,1,HOLD,0.52,6,False,backfill,,55,NEUTRAL
2026-08-11T13:27:58.733464+09:00,2026-08-11,ANET,"Arista Networks, Inc.",US,IT,2026-08-10,191.52,5434100,7901510.0,11.0689,,95,55,43,42,64,1,HOLD,0.86,10,False,backfill,,69,NEUTRAL
2026-08-11T13:27:58.733464+09:00,2026-08-11,C,Citigroup Inc.,US,금융,2026-08-10,135.22,7077300,12365780.0,3.3236,,76,55,50,76,61,2,WATCH,0.48,6,False,backfill,,38,NEUTRAL
2026-08-11T13:27:58.733464+09:00,2026-08-11,BHP,BHP Group Limited,US,소재,2026-08-10,90.61,2114200,2508715.0,2.2729,,69,55,50,45,56,0,HOLD,0.33,4,False,backfill,,55,NEUTRAL
2026-08-11T13:27:58.733464+09:00,2026-08-11,CRWD,"CrowdStrike Holdings, Inc.",US,IT,2026-08-10,225.16,8178500,8299575.0,9.1074,,82,55,50,22,58,2,HOLD,0.7,8,False,backfill,,71,NEUTRAL
2026-08-11T13:27:58.733464+09:00,2026-08-11,AXP,American Express Company,US,금융,2026-08-10,338.86,2203900,2969995.0,8.0186,,47,55,48,50,53,1,HOLD,0.2,2,False,backfill,,71,NEUTRAL
2026-08-11T13:27:58.733464+09:00,2026-08-11,LIN,Linde plc,US,소재,2026-08-10,492.46,1877600,2195660.0,11.195,,28,55,45,58,40,0,AVOID,-0.48,-6,True,backfill,,33,NEUTRAL
2026-08-11T13:27:58.733464+09:00,2026-08-11,AMGN,Amgen Inc.,US,제약/바이오,2026-08-10,417.2,1959700,2709040.0,12.925,,77,60,45,50,62,2,WATCH,0.71,9,False,backfill,,77,NEUTRAL
2026-08-11T13:27:58.733464+09:00,2026-08-11,TM,Toyota Motor Corporation,US,소비재,2026-08-10,188.78,322700,430140.0,3.9636,,80,55,50,54,55,1,HOLD,0.3,4,False,backfill,,26,NEUTRAL
2026-08-11T13:27:58.733464+09:00,2026-08-11,TMO,Thermo Fisher Scientific Inc.,US,제약/바이오,2026-08-10,599.69,1862600,2329545.0,18.7157,,70,60,43,58,62,2,WATCH,0.67,8,False,backfill,,84,NEUTRAL
2026-08-11T13:27:58.733464+09:00,2026-08-11,IBM,International Business Machines Corporat,US,IT,2026-08-10,236.31,7348900,14077415.0,7.6102,,58,55,53,58,53,0,HOLD,0.2,2,False,backfill,,42,NEUTRAL
2026-08-11T13:27:58.733464+09:00,2026-08-11,SAN,"Banco Santander, S.A.",US,금융,2026-08-10,14.69,11199400,11737230.0,0.3729,,95,55,45,63,69,2,WATCH,0.96,12,False,backfill,,70,NEUTRAL
2026-08-11T13:27:58.733464+09:00,2026-08-11,NVO,Novo Nordisk A/S,US,제약/바이오,2026-08-10,47.1278,10185200,12802775.0,1.8288,,43,60,53,73,56,1,HOLD,0.13,2,False,backfill,,61,NEUTRAL
2026-08-11T13:27:58.733464+09:00,2026-08-11,APH,Amphenol Corporation,US,IT,2026-08-10,167.7,5583700,7020690.0,7.74,,95,55,43,42,62,1,HOLD,0.81,10,False,backfill,,61,NEUTRAL
2026-08-11T13:27:58.733464+09:00,2026-08-11,TD,The Toronto-Dominion Bank,US,금융,2026-08-10,121.08,1680500,2570715.0,2.0486,,62,55,53,58,63,1,HOLD,0.64,8,False,backfill,,83,NEUTRAL
2026-08-11T13:27:58.733464+09:00,2026-08-11,SHOP,Shopify Inc.,US,IT,2026-08-10,155.18,10816700,11713760.0,8.5453,,85,55,48,35,61,2,WATCH,0.77,9,False,backfill,,72,NEUTRAL
2026-08-11T13:27:58.733464+09:00,2026-08-11,VZ,Verizon Communications Inc.,US,인터넷,2026-08-10,47.03,15462500,26418795.0,1.4764,,87,60,40,84,66,2,WATCH,0.59,7,False,backfill,,56,NEUTRAL
2026-08-11T13:27:58.733464+09:00,2026-08-11,TTE,TotalEnergies SE,US,에너지,2026-08-10,87.96,1070000,1736975.0,1.8143,,87,55,55,86,68,2,WATCH,0.58,7,False,backfill,,39,NEUTRAL
2026-08-11T13:27:58.733464+09:00,2026-08-11,MCD,McDonald's Corporation,US,소비재,2026-08-10,273.72,4742100,4770320.0,5.6014,,72,55,45,50,53,1,HOLD,0.18,2,False,backfill,,39,NEUTRAL
2026-08-11T13:27:58.733464+09:00,2026-08-11,TMUS,"T-Mobile US, Inc.",US,인터넷,2026-08-10,178.2,3794800,5069475.0,7.4793,,28,60,56,74,54,1,HOLD,-0.12,-1,False,backfill,,68,NEUTRAL
2026-08-11T13:27:58.733464+09:00,2026-08-11,PEP,"PepsiCo, Inc.",US,소매,2026-08-10,137.73,5883800,7821945.0,2.8021,,57,55,45,42,47,0,HOLD,-0.14,-2,False,backfill,,41,NEUTRAL
2026-08-11T13:27:58.733464+09:00,2026-08-11,ABT,Abbott Laboratories,US,제약/바이오,2026-08-10,108.62,5603200,11964120.0,2.7714,,73,60,45,58,62,2,WATCH,0.67,8,False,backfill,,75,NEUTRAL
2026-08-11T13:27:58.733464+09:00,2026-08-11,SCHW,The Charles Schwab Corporation,US,금융,2026-08-10,107.676,6748900,8378660.0,1.9999,,80,55,40,58,64,2,WATCH,0.77,9,False,backfill,,83,NEUTRAL
2026-08-11T13:27:58.733464+09:00,2026-08-11,ADI,"Analog Devices, Inc.",US,반도체,2026-08-10,383.93,2800400,3941585.0,13.5429,,65,60,43,58,56,0,HOLD,0.13,2,False,backfill,,62,NEUTRAL
2026-08-11T13:27:58.733464+09:00,2026-08-11,BA,The Boeing Company,US,산업재,2026-08-10,232.79,3678100,6314225.0,7.9329,,72,55,55,30,51,1,HOLD,0.15,2,False,backfill,,34,NEUTRAL
2026-08-11T13:27:58.733464+09:00,2026-08-11,SNDK,Sandisk Corporation,US,IT,2026-08-10,1237.92,10870900,16899460.0,169.9465,,37,55,35,60,39,0,AVOID,-0.67,-8,True,backfill,,26,NEUTRAL
2026-08-11T13:27:58.733464+09:00,2026-08-11,MRVL,"Marvell Technology, Inc.",US,반도체,2026-08-10,208.56,20948500,23743305.0,17.8,,73,60,55,35,58,1,HOLD,0.63,8,False,backfill,,65,NEUTRAL
2026-08-11T13:27:58.733464+09:00,2026-08-11,STX,Seagate Technology Holdings plc,US,IT,2026-08-10,800.99,4069300,5713955.0,78.3736,,47,55,53,50,54,1,HOLD,0.08,1,False,backfill,,71,NEUTRAL
2026-08-11T13:27:58.733464+09:00,2026-08-11,DIS,The Walt Disney Company,US,인터넷,2026-08-10,103.18,8631900,11917140.0,2.5393,,72,60,50,58,59,1,HOLD,0.36,4,False,backfill,,55,NEUTRAL
2026-08-11T13:27:58.733464+09:00,2026-08-11,UBS,UBS Group AG,US,금융,2026-08-10,53.96,1209600,1936735.0,1.0056,,73,55,53,66,66,2,WATCH,0.78,9,False,backfill,,75,NEUTRAL
2026-08-11T13:27:58.733464+09:00,2026-08-11,NEE,"NextEra Energy, Inc.",US,유틸리티,2026-08-10,84.7,10046700,10814300.0,1.9957,,43,55,48,42,48,0,HOLD,-0.2,-2,False,backfill,,62,NEUTRAL
2026-08-11T13:27:58.733464+09:00,2026-08-11,TJX,"The TJX Companies, Inc.",US,소비재,2026-08-10,158.3205,4045800,5111545.0,3.447,,76,55,35,37,58,2,HOLD,0.49,6,False,backfill,,84,NEUTRAL
2026-08-11T13:27:58.733464+09:00,2026-08-11,BLK,"BlackRock, Inc.",US,금융,2026-08-10,1131.4,656200,788255.0,24.3957,,74,55,50,58,54,1,HOLD,0.26,3,False,backfill,,25,NEUTRAL
2026-08-11T13:27:58.733464+09:00,2026-08-11,UNP,Union Pacific Corporation,US,산업재,2026-08-10,292.24,1793000,3257810.0,7.4743,,47,55,45,37,45,0,HOLD,0.02,0,False,backfill,,51,NEUTRAL
2026-08-11T13:27:58.733464+09:00,2026-08-11,ETN,Eaton Corporation plc,US,산업재,2026-08-10,444.96,1394600,2511355.0,19.1487,,91,55,53,37,66,2,WATCH,0.84,10,False,backfill,,77,NEUTRAL
2026-08-11T13:27:58.733464+09:00,2026-08-11,BX,Blackstone Inc.,US,금융,2026-08-10,141.66,5260100,5231535.0,4.9118,,71,55,50,50,62,2,WATCH,0.68,8,False,backfill,,77,NEUTRAL
2026-08-11T13:27:58.733464+09:00,2026-08-11,QCOM,QUALCOMM Incorporated,US,반도체,2026-08-10,162.17,9260000,12914360.0,7.82,,40,60,53,66,49,0,HOLD,-0.34,-4,False,backfill,,38,NEUTRAL
2026-08-11T13:27:58.733464+09:00,2026-08-11,WELL,Welltower Inc.,US,리츠,2026-08-10,234.156,2149500,3125720.0,5.8173,,44,55,53,38,49,0,HOLD,0.13,2,False,backfill,,63,NEUTRAL
2026-08-11T13:27:58.733464+09:00,2026-08-11,SCCO,Southern Copper Corporation,US,소재,2026-08-07,199.06,1028800,1176915.0,8.5686,,88,55,46,37,57,1,HOLD,0.54,6,False,backfill,,47,NEUTRAL
2026-08-11T13:27:58.733464+09:00,2026-08-11,RIO,Rio Tinto Group,US,소재,2026-08-10,99.7203,1668200,2729675.0,2.1709,,54,55,53,55,56,0,HOLD,0.11,1,False,backfill,,62,NEUTRAL
2026-08-11T13:27:58.733464+09:00,2026-08-11,GILD,"Gilead Sciences, Inc.",US,제약/바이오,2026-08-10,133.06,6833700,6990130.0,3.9707,,58,60,40,60,48,0,HOLD,-0.07,-1,False,backfill,,34,NEUTRAL
2026-08-11T13:27:58.733464+09:00,2026-08-11,T,AT&T Inc.,US,인터넷,2026-08-10,24.05,42877500,75550460.0,0.7793,,80,60,30,78,66,3,WATCH,0.54,6,False,backfill,,87,NEUTRAL
2026-08-11T13:27:58.733464+09:00,2026-08-11,BKNG,Booking Holdings Inc.,US,소비재,2026-08-10,212.88,4705300,6431025.0,8.36,,70,55,48,66,67,2,WATCH,0.8,10,False,backfill,,90,NEUTRAL
2026-08-11T13:27:58.733464+09:00,2026-08-11,DE,Deere & Company,US,산업재,2026-08-10,609.28,1022900,1055315.0,18.2964,,65,55,50,58,60,0,HOLD,0.42,5,False,backfill,,69,NEUTRAL
2026-08-11T13:27:58.733464+09:00,2026-08-11,BUD,Anheuser-Busch InBev SA/NV,US,소매,2026-08-10,83.09,1378300,1756615.0,1.9114,,58,55,45,50,59,1,HOLD,0.39,5,False,backfill,,90,NEUTRAL
2026-08-11T13:27:58.733464+09:00,2026-08-11,CRM,"Salesforce, Inc.",US,IT,2026-08-10,197.51,9706600,12598965.0,9.1057,,81,55,42,74,62,2,WATCH,0.58,7,False,backfill,,49,NEUTRAL
2026-08-11T13:27:58.733464+09:00,2026-08-11,TBB,AT&T Inc. 5.35% GLB NTS 66,US,인터넷,2026-08-10,19.63,89700,121965.0,0.1479,,20,60,58,80,42,1,AVOID,-0.58,-7,True,backfill,,15,NEUTRAL
2026-08-11T13:27:58.733464+09:00,2026-08-11,UBER,"Uber Technologies, Inc.",US,IT,2026-08-10,78.03,27263300,21101555.0,2.8103,,69,55,53,55,60,0,HOLD,0.43,5,False,backfill,,62,NEUTRAL
2026-08-11T13:27:58.733464+09:00,2026-08-11,IBKR,"Interactive Brokers Group, Inc.",US,금융,2026-08-10,90.66,5866900,4996320.0,3.5343,,32,55,60,50,47,0,HOLD,-0.07,-1,False,backfill,,48,NEUTRAL
2026-08-11T13:27:58.733464+09:00,2026-08-11,BBVA,"Banco Bilbao Vizcaya Argentaria, S.A.",US,금융,2026-08-10,28.35,1294500,1532185.0,0.6743,,95,55,50,60,72,2,WATCH,1.08,13,False,backfill,,80,NEUTRAL
2026-08-11T13:27:58.733464+09:00,2026-08-11,PFE,Pfizer Inc.,US,제약/바이오,2026-08-10,27.05,49786800,42082870.0,0.5298,,66,60,48,66,60,0,HOLD,0.43,5,False,backfill,,62,NEUTRAL
2026-08-11T13:27:58.733464+09:00,2026-08-11,WDC,Western Digital Corporation,US,IT,2026-08-10,438.34,7258600,8456870.0,51.4921,,18,55,40,68,43,0,AVOID,-0.61,-7,True,backfill,,62,NEUTRAL
2026-08-11T13:27:58.733464+09:00,2026-08-11,COP,ConocoPhillips,US,에너지,2026-08-10,122.2148,7267300,6485330.0,3.7358,,88,55,27,76,61,2,WATCH,0.5,6,False,backfill,,55,NEUTRAL
2026-08-11T13:27:58.733464+09:00,2026-08-11,DHR,Danaher Corporation,US,제약/바이오,2026-08-10,209.37,3678000,6858710.0,7.3379,,70,60,45,58,62,2,WATCH,0.67,8,False,backfill,,81,NEUTRAL
2026-08-11T13:27:58.733464+09:00,2026-08-11,SONY,Sony Group Corporation,US,IT,2026-08-10,23.82,4567000,5498720.0,0.6407,,71,55,40,58,57,1,HOLD,0.45,5,False,backfill,,61,NEUTRAL
2026-08-11T13:27:58.733464+09:00,2026-08-11,LMT,Lockheed Martin Corporation,US,산업재,2026-08-10,603.16,1185800,1248135.0,18.1421,,69,55,40,42,51,0,HOLD,0.32,4,False,backfill,,48,NEUTRAL
2026-08-11T13:27:58.733464+09:00,2026-08-11,ISRG,"Intuitive Surgical, Inc.",US,제약/바이오,2026-08-10,393.38,3221600,4353865.0,12.3871,,72,60,40,50,57,1,HOLD,0.22,3,False,backfill,,65,NEUTRAL
2026-08-11T13:27:58.733464+09:00,2026-08-11,GLW,Corning Inc,US,IT,2026-08-10,157.76,7678200,14460795.0,12.6264,,55,55,50,35,47,0,HOLD,-0.25,-3,False,backfill,,41,NEUTRAL
2026-08-11T13:27:58.733464+09:00,2026-08-11,UL,Unilever PLC,US,소매,2026-08-10,62.86,1973300,4960185.0,1.5104,,62,55,53,53,51,0,HOLD,0.21,3,False,backfill,,28,NEUTRAL
2026-08-11T13:27:58.733464+09:00,2026-08-11,CB,Chubb Limited,US,금융,2026-08-10,348.3,1277900,1995845.0,7.8021,,47,55,35,68,56,1,HOLD,0.24,3,False,backfill,,87,NEUTRAL
2026-08-11T13:27:58.733464+09:00,2026-08-11,COF,Capital One Financial Corporation,US,금융,2026-08-10,218.1995,2606000,4285775.0,5.6515,,84,55,43,76,70,3,BUY,0.93,11,False,backfill,,84,NEUTRAL
2026-08-11T13:27:58.733464+09:00,2026-08-11,PH,Parker-Hannifin Corporation,US,산업재,2026-08-10,1060.5,524900,674110.0,30.5514,,82,55,50,45,64,2,WATCH,0.81,10,False,backfill,,75,NEUTRAL
2026-08-11T13:27:58.733464+09:00,2026-08-11,VRTX,Vertex Pharmaceuticals Incorporated,US,제약/바이오,2026-08-10,523.91,2682200,1394020.0,16.0193,,82,60,43,50,61,1,HOLD,0.69,8,False,backfill,,67,NEUTRAL
2026-08-11T13:27:58.733464+09:00,2026-08-11,SYK,Stryker Corporation,US,제약/바이오,2026-08-10,345.81,1660100,2437545.0,11.9357,,88,60,43,58,66,2,WATCH,0.88,11,False,backfill,,78,NEUTRAL
2026-08-11T13:27:58.733464+09:00,2026-08-11,BMY,Bristol-Myers Squibb Company,US,제약/바이오,2026-08-10,64.84,9753300,12948290.0,1.9229,,81,60,42,76,68,3,WATCH,0.84,10,False,backfill,,78,NEUTRAL
2026-08-11T13:27:58.733464+09:00,2026-08-11,PDD,PDD Holdings Inc.,US,소비재,2026-08-10,93.0,5025400,6123135.0,2.0836,,62,55,53,94,64,1,HOLD,0.29,3,False,backfill,,52,NEUTRAL
2026-08-11T13:27:58.733464+09:00,2026-08-11,NOW,"ServiceNow, Inc.",US,IT,2026-08-10,127.44,17216100,25605775.0,7.2686,,75,55,43,35,52,1,HOLD,0.41,5,False,backfill,,48,NEUTRAL
2026-08-11T13:27:58.733464+09:00,2026-08-11,PLD,"Prologis, Inc.",US,리츠,2026-08-10,138.76,4130600,5748835.0,3.2843,,35,55,48,45,44,0,AVOID,-0.28,-3,True,backfill,,51,NEUTRAL
2026-08-11T13:27:58.733464+09:00,2026-08-11,MFG,"Mizuho Financial Group, Inc.",US,금융,2026-08-10,10.46,2415300,3819760.0,0.27,,84,55,53,68,66,1,HOLD,0.82,10,False,backfill,,57,NEUTRAL
2026-08-11T13:27:58.733464+09:00,2026-08-11,BMO,Bank of Montreal,US,금융,2026-08-10,181.91,338900,736090.0,3.2401,,69,55,53,58,60,0,HOLD,0.6,7,False,backfill,,60,NEUTRAL
2026-08-11T13:27:58.733464+09:00,2026-08-11,PGR,The Progressive Corporation,US,금융,2026-08-10,213.95,2289900,2908900.0,4.925,,69,55,40,73,61,1,HOLD,0.49,6,False,backfill,,69,NEUTRAL
2026-08-11T13:27:58.733464+09:00,2026-08-11,NEM,Newmont Corporation,US,소재,2026-08-10,117.26,10026100,7825875.0,4.1829,,54,55,40,76,54,1,HOLD,0.04,0,False,backfill,,55,NEUTRAL
2026-08-11T13:27:58.733464+09:00,2026-08-11,BTI,British American Tobacco p.l.c.,US,소매,2026-08-10,57.05,4176500,4208195.0,1.5543,,43,55,53,60,46,0,HOLD,-0.26,-3,False,backfill,,26,NEUTRAL
2026-08-11T13:27:58.733464+09:00,2026-08-11,LOW,"Lowe's Companies, Inc.",US,소비재,2026-08-10,218.88,2116900,3069915.0,5.6464,,72,55,53,50,58,1,HOLD,0.34,4,False,backfill,,55,NEUTRAL
2026-08-11T13:27:58.733464+09:00,2026-08-11,CVS,CVS Health Corp.,US,제약/바이오,2026-08-10,95.67,7025200,8619695.0,3.0102,,35,60,45,74,51,1,HOLD,-0.03,0,False,backfill,,63,NEUTRAL
2026-08-11T13:27:58.733464+09:00,2026-08-11,SPGI,S&P Global Inc.,US,금융,2026-08-10,410.94,1734400,2038815.0,11.7286,,40,55,48,50,49,0,HOLD,-0.02,0,False,backfill,,63,NEUTRAL
2026-08-11T13:27:58.733464+09:00,2026-08-11,FTNT,"Fortinet, Inc.",US,IT,2026-08-10,164.21,5726200,5682640.0,7.3357,,95,55,53,42,66,1,HOLD,0.95,11,False,backfill,,67,NEUTRAL
2026-08-11T13:27:58.733464+09:00,2026-08-11,HDB,HDFC Bank Limited,US,금융,2026-08-10,23.45,3313100,9347795.0,0.4364,,28,55,53,52,46,0,HOLD,-0.28,-3,False,backfill,,55,NEUTRAL
2026-08-11T13:27:58.733464+09:00,2026-08-11,SBUX,Starbucks Corporation,US,소비재,2026-08-10,104.0523,4947400,7972360.0,2.9374,,43,55,35,43,43,0,AVOID,-0.26,-3,True,backfill,,54,NEUTRAL
2026-08-11T13:27:58.733464+09:00,2026-08-11,PBR,Petróleo Brasileiro S.A. - Petrobras,US,에너지,2026-08-10,18.33,12343300,14533620.0,0.565,,43,55,50,73,54,1,HOLD,-0.13,-2,False,backfill,,55,NEUTRAL
2026-08-11T13:27:58.733464+09:00,2026-08-11,SNOW,Snowflake Inc.,US,IT,2026-08-10,334.7,4668700,5130790.0,15.356,,77,55,35,22,56,2,HOLD,0.6,7,False,backfill,,90,NEUTRAL
2026-08-11T13:27:58.733464+09:00,2026-08-11,MDT,Medtronic plc,US,제약/바이오,2026-08-10,89.41,6572300,7174815.0,2.2007,,70,60,50,58,61,1,HOLD,0.64,8,False,backfill,,69,NEUTRAL
2026-08-11T13:27:58.733464+09:00,2026-08-11,APP,AppLovin Corporation,US,IT,2026-08-10,339.0,6272900,7060945.0,24.6866,,10,55,43,58,33,0,AVOID,-0.97,-12,True,backfill,,27,NEUTRAL
2026-08-11T13:27:58.733464+09:00,2026-08-11,HWM,Howmet Aerospace Inc.,US,산업재,2026-08-10,283.71,2292900,2142525.0,9.3626,,58,55,53,43,49,0,HOLD,0.06,1,False,backfill,,34,NEUTRAL
2026-08-11T13:27:58.733464+09:00,2026-08-11,BP,BP p.l.c.,US,에너지,2026-08-10,42.3594,8415600,7854825.0,1.2609,,58,55,45,74,55,1,HOLD,0.1,1,False,backfill,,47,NEUTRAL
2026-08-11T13:27:58.733464+09:00,2026-08-11,ENB,Enbridge Inc.,US,에너지,2026-08-10,50.6926,4923800,4074560.0,1.0118,,20,55,53,37,39,0,AVOID,-0.5,-6,True,backfill,,49,NEUTRAL
2026-08-11T13:27:58.733464+09:00,2026-08-11,CM,Canadian Imperial Bank of Commerce,US,금융,2026-08-10,119.29,947800,945710.0,2.1771,,69,55,45,60,58,0,HOLD,0.43,5,False,backfill,,60,NEUTRAL
2026-08-11T13:27:58.733464+09:00,2026-08-11,NET,"Cloudflare, Inc.",US,IT,2026-08-10,310.59,7857500,3815550.0,17.4687,,92,55,43,27,60,1,HOLD,0.77,9,False,backfill,,69,NEUTRAL
2026-08-11T13:27:58.733464+09:00,2026-08-11,ABNB,"Airbnb, Inc.",US,소비재,2026-08-10,184.7,9985900,4581620.0,6.4864,,77,55,35,42,59,2,HOLD,0.65,8,False,backfill,,87,NEUTRAL
2026-08-11T13:27:58.733464+09:00,2026-08-11,BNY,Bank of New York Mellon Corp,US,금융,2026-08-10,159.43,2636600,3717095.0,2.8404,,66,55,45,50,58,1,HOLD,0.52,6,False,backfill,,71,NEUTRAL
2026-08-11T13:27:58.733464+09:00,2026-08-11,MO,"Altria Group, Inc.",US,소매,2026-08-10,65.54,11817900,9217915.0,2.2321,,20,55,50,76,48,1,HOLD,-0.29,-3,False,backfill,,61,NEUTRAL
2026-08-11T13:27:58.733464+09:00,2026-08-11,ADP,"Automatic Data Processing, Inc.",US,IT,2026-08-10,273.68,1703300,2521000.0,8.8957,,85,55,53,42,61,1,HOLD,0.73,9,False,backfill,,55,NEUTRAL
2026-08-11T13:27:58.733464+09:00,2026-08-11,ACN,Accenture plc,US,IT,2026-08-10,178.25,3974700,7491245.0,8.8486,,65,55,43,68,58,0,HOLD,0.35,4,False,backfill,,62,NEUTRAL
2026-08-11T13:27:58.733464+09:00,2026-08-11,ADBE,Adobe Inc.,US,IT,2026-08-10,272.96,4052600,5477450.0,12.9107,,71,55,50,76,62,2,WATCH,0.57,7,False,backfill,,55,NEUTRAL
2026-08-11T13:27:58.733464+09:00,2026-08-11,BNS,The Bank of Nova Scotia,US,금융,2026-08-10,88.56,3389700,2345050.0,1.3921,,69,55,53,68,64,0,HOLD,0.69,8,False,backfill,,69,NEUTRAL
2026-08-11T13:27:58.733464+09:00,2026-08-11,IBN,ICICI Bank Limited,US,금융,2026-08-10,30.08,3467000,6365880.0,0.4809,,55,55,50,58,58,1,HOLD,0.47,6,False,backfill,,75,NEUTRAL
2026-08-11T13:27:58.733464+09:00,2026-08-11,GD,General Dynamics Corporation,US,산업재,2026-08-10,395.97,779700,1187565.0,8.6293,,78,55,43,50,60,1,HOLD,0.65,8,False,backfill,,69,NEUTRAL
2026-08-11T13:27:58.733464+09:00,2026-08-11,SOJE,Southern Company (The) Series 2,US,유틸리티,2026-08-10,16.3,66600,55880.0,0.1535,,20,55,48,50,38,0,AVOID,-0.57,-7,True,backfill,,40,NEUTRAL
2026-08-11T13:27:58.733464+09:00,2026-08-11,SOMN,The Southern Company,US,유틸리티,2026-08-10,48.51,115500,70370.0,0.6786,,28,55,45,50,36,0,AVOID,-0.64,-8,True,backfill,,19,NEUTRAL
2026-08-11T13:27:58.733464+09:00,2026-08-11,SPOT,Spotify Technology S.A.,US,인터넷,2026-08-10,511.82,2133000,2021150.0,23.3184,,66,60,43,42,54,0,HOLD,0.41,5,False,backfill,,63,NEUTRAL
2026-08-11T13:27:58.733464+09:00,2026-08-11,SO,The Southern Company,US,유틸리티,2026-08-10,90.5919,5047500,5374505.0,2.1487,,43,55,38,42,42,0,AVOID,-0.28,-3,True,backfill,,48,NEUTRAL
2026-08-11T13:27:58.733464+09:00,2026-08-11,TT,Trane Technologies plc,US,산업재,2026-08-10,476.99,706900,1340975.0,15.7221,,65,55,53,50,53,0,HOLD,0.18,2,False,backfill,,40,NEUTRAL
2026-08-11T13:27:58.733464+09:00,2026-08-11,GSK,GSK plc,US,제약/바이오,2026-08-10,51.6927,3136200,4699725.0,1.2537,,91,60,45,63,60,1,HOLD,0.54,6,False,backfill,,35,NEUTRAL
2026-08-11T13:27:58.733464+09:00,2026-08-11,SNY,Sanofi,US,제약/바이오,2026-08-10,43.48,3356100,3398325.0,1.0236,,43,60,53,61,51,0,HOLD,-0.0,0,False,backfill,,49,NEUTRAL
2026-08-11T13:27:58.733464+09:00,2026-08-11,VRT,Vertiv Holdings Co,US,산업재,2026-08-10,270.1,2859500,6405985.0,20.2257,,37,55,56,35,41,0,AVOID,-0.5,-6,True,backfill,,32,NEUTRAL
2026-08-11T13:27:58.733464+09:00,2026-08-11,MCK,McKesson Corporation,US,제약/바이오,2026-08-10,879.87,809700,1035890.0,30.9943,,88,60,46,66,61,1,HOLD,0.68,8,False,backfill,,40,NEUTRAL
2026-08-11T13:27:58.733464+09:00,2026-08-11,EQIX,"Equinix, Inc.",US,리츠,2026-08-10,1043.38,821400,611570.0,35.8964,,65,55,38,30,44,0,AVOID,-0.15,-2,True,backfill,,33,NEUTRAL
2026-08-11T13:27:58.733464+09:00,2026-08-11,FCX,Freeport-McMoRan Inc.,US,소재,2026-08-10,70.51,11801000,14271615.0,2.8371,,73,55,53,53,61,1,HOLD,0.58,7,False,backfill,,62,NEUTRAL
2026-08-11T13:27:58.733464+09:00,2026-08-11,ING,ING Groep N.V.,US,금융,2026-08-10,35.24,1801100,2481590.0,0.6983,,91,55,45,60,67,1,HOLD,0.89,11,False,backfill,,69,NEUTRAL
2026-08-11T13:27:58.733464+09:00,2026-08-11,PNC,"The PNC Financial Services Group, Inc.",US,금융,2026-08-10,251.76,1629400,1792615.0,4.0286,,62,55,38,60,60,1,HOLD,0.56,7,False,backfill,,90,NEUTRAL
2026-08-11T13:27:58.733464+09:00,2026-08-11,USB,U.S. Bancorp,US,금융,2026-08-10,64.19,5624600,8385180.0,1.1171,,62,55,50,60,62,1,HOLD,0.63,8,False,backfill,,83,NEUTRAL
2026-08-11T13:27:58.733464+09:00,2026-08-11,PWR,"Quanta Services, Inc.",US,산업재,2026-08-10,660.86,711800,1146465.0,35.7321,,55,55,56,35,46,0,HOLD,-0.29,-3,False,backfill,,26,NEUTRAL
2026-08-11T13:27:58.733464+09:00,2026-08-11,BN,Brookfield Corporation,US,금융,2026-08-10,44.28,3123200,4197135.0,0.9307,,72,55,50,35,53,1,HOLD,0.18,2,False,backfill,,47,NEUTRAL
2026-08-11T13:27:58.733464+09:00,2026-08-11,CNQ,Canadian Natural Resources Limited,US,에너지,2026-08-10,47.25,6946900,6901940.0,1.4286,,91,55,53,73,67,2,WATCH,0.74,9,False,backfill,,47,NEUTRAL
2026-08-11T13:27:58.733464+09:00,2026-08-11,SMFG,"Sumitomo Mitsui Financial Group, Inc.",US,금융,2026-08-10,25.32,1381600,1766815.0,0.5929,,47,55,45,60,51,0,HOLD,0.2,2,False,backfill,,58,NEUTRAL
2026-08-11T13:27:58.733464+09:00,2026-08-11,EQNR,Equinor ASA,US,에너지,2026-08-10,40.5957,3491000,3950875.0,1.5563,,69,55,50,86,61,1,HOLD,0.45,5,False,backfill,,42,NEUTRAL
2026-08-11T13:27:58.733464+09:00,2026-08-11,CEG,Constellation Energy Corporation,US,유틸리티,2026-08-10,270.43,1931300,2825425.0,10.8167,,80,55,53,45,55,1,HOLD,0.18,2,False,backfill,,32,NEUTRAL
2026-08-11T13:27:58.733464+09:00,2026-08-11,BNH,Brookfield Finance Inc.,US,금융,2026-08-10,15.1,8200,29910.0,0.216,,40,55,55,50,46,0,HOLD,-0.18,-2,False,backfill,,40,NEUTRAL
2026-08-11T13:27:58.733464+09:00,2026-08-11,CME,CME Group Inc.,US,금융,2026-08-10,263.65,1578400,2414970.0,6.8964,,65,55,50,45,53,0,HOLD,0.1,1,False,backfill,,49,NEUTRAL
2026-08-11T13:27:58.733464+09:00,2026-08-11,DUK,Duke Energy Corporation,US,유틸리티,2026-08-10,120.1338,11795800,4524095.0,2.6205,,43,55,53,42,49,0,HOLD,-0.07,-1,False,backfill,,58,NEUTRAL
2026-08-11T13:27:58.733464+09:00,2026-08-11,BCS,Barclays PLC,US,금융,2026-08-10,27.98,2434300,5491515.0,0.7542,,66,55,45,78,64,2,WATCH,0.66,8,False,backfill,,77,NEUTRAL
2026-08-11T13:27:58.733464+09:00,2026-08-11,MMM,3M Company,US,산업재,2026-08-10,182.04,1942500,3889360.0,4.2136,,95,55,43,58,65,1,HOLD,0.85,10,False,backfill,,60,NEUTRAL
2026-08-11T13:27:58.733464+09:00,2026-08-11,MPC,Marathon Petroleum Corporation,US,에너지,2026-08-10,320.32,4058700,2219340.0,11.6586,,63,55,35,78,60,2,WATCH,0.51,6,False,backfill,,77,NEUTRAL
2026-08-11T13:27:58.733464+09:00,2026-08-11,BNJ,Brookfield Finance Inc. 4.50% P,US,금융,2026-08-10,15.11,37500,22025.0,0.1649,,43,55,55,50,47,0,HOLD,-0.08,-1,False,backfill,,40,NEUTRAL
2026-08-11T13:27:58.733464+09:00,2026-08-11,KKR,KKR & Co. Inc.,US,금융,2026-08-10,103.83,6466900,4402225.0,3.7433,,80,55,45,66,66,2,WATCH,0.68,8,False,backfill,,78,NEUTRAL
2026-08-11T13:27:58.733464+09:00,2026-08-11,CSX,CSX Corporation,US,산업재,2026-08-10,50.12,9207100,14166320.0,1.2557,,47,55,40,58,52,1,HOLD,0.2,2,False,backfill,,72,NEUTRAL
2026-08-11T13:27:58.733464+09:00,2026-08-11,DDOG,"Datadog, Inc.",US,IT,2026-08-10,260.78,8667500,5106030.0,17.8041,,66,55,43,35,46,0,HOLD,0.17,2,False,backfill,,32,NEUTRAL
2026-08-11T13:27:58.733464+09:00,2026-08-11,MELI,"MercadoLibre, Inc.",US,소비재,2026-08-10,1824.34,313100,413210.0,57.0793,,47,55,62,42,56,1,HOLD,0.44,5,False,backfill,,77,NEUTRAL
2026-08-11T13:27:58.733464+09:00,2026-08-11,INTU,Intuit Inc.,US,IT,2026-08-10,334.43,2701200,3863340.0,15.0214,,70,55,50,74,63,2,WATCH,0.25,3,False,backfill,,62,NEUTRAL
2026-08-11T13:27:58.733464+09:00,2026-08-11,DASH,"DoorDash, Inc.",US,인터넷,2026-08-10,209.86,6822000,4132450.0,8.9743,,88,60,40,38,60,1,HOLD,0.72,9,False,backfill,,69,NEUTRAL
2026-08-11T13:27:58.733464+09:00,2026-08-11,CDNS,"Cadence Design Systems, Inc.",US,IT,2026-08-10,331.91,1808600,2468995.0,13.0214,,50,55,43,30,40,0,AVOID,-0.39,-5,True,backfill,,32,NEUTRAL
2026-08-11T13:27:58.733464+09:00,2026-08-11,AEM,Agnico Eagle Mines Limited,US,소재,2026-08-10,180.48,3544100,2868375.0,7.07,,54,55,45,55,53,0,HOLD,-0.0,0,False,backfill,,62,NEUTRAL
2026-08-11T13:27:58.733464+09:00,2026-08-11,JCI,Johnson Controls International plc,US,소재,2026-08-10,150.7,3546700,3607990.0,4.9293,,91,55,40,50,63,1,HOLD,0.69,8,False,backfill,,69,NEUTRAL
2026-08-11T13:27:58.733464+09:00,2026-08-11,MRSH,"Marsh & McLennan Companies, Inc.",US,금융,2026-08-10,190.79,1427800,2698725.0,4.8504,,62,55,17,66,54,1,HOLD,0.32,4,False,backfill,,84,NEUTRAL
2026-08-11T13:27:58.733464+09:00,2026-08-11,MAR,"Marriott International, Inc.",US,소비재,2026-08-10,348.44,1716600,1738860.0,10.2671,,28,55,45,58,42,0,AVOID,-0.41,-5,True,backfill,,41,NEUTRAL
2026-08-11T13:27:58.733464+09:00,2026-08-11,VLO,Valero Energy Corporation,US,에너지,2026-08-10,314.95,3513000,2936625.0,12.198,,63,55,35,63,56,1,HOLD,0.42,5,False,backfill,,71,NEUTRAL
2026-08-11T13:27:58.733464+09:00,2026-08-11,WM,"Waste Management, Inc.",US,산업재,2026-08-10,226.6,1505200,1981240.0,4.9443,,44,55,45,42,46,0,HOLD,-0.05,-1,False,backfill,,55,NEUTRAL
2026-08-11T13:27:58.733464+09:00,2026-08-11,HCA,"HCA Healthcare, Inc.",US,제약/바이오,2026-08-10,414.03,1036300,1686700.0,13.3286,,70,60,56,60,59,1,HOLD,0.33,4,False,backfill,,48,NEUTRAL
2026-08-11T13:27:58.733464+09:00,2026-08-11,CMCSA,Comcast Corporation,US,인터넷,2026-08-10,25.2,19015000,33078490.0,0.96,,80,60,45,83,71,3,BUY,0.75,9,False,backfill,,84,NEUTRAL
2026-08-11T13:27:58.733464+09:00,2026-08-11,MNST,Monster Beverage Corporation,US,소매,2026-08-07,90.36,8504300,5888115.0,2.42,,50,55,50,34,50,0,HOLD,0.13,2,False,backfill,,68,NEUTRAL
2026-08-11T13:27:58.733464+09:00,2026-08-11,UPS,"United Parcel Service, Inc.",US,산업재,2026-08-10,103.0765,4650700,5721690.0,3.0675,,36,55,50,66,52,0,HOLD,0.04,0,False,backfill,,63,NEUTRAL
2026-08-11T13:27:58.733464+09:00,2026-08-11,EMR,Emerson Electric Co.,US,산업재,2026-08-10,158.1736,3570200,3173540.0,5.0849,,81,55,45,58,67,2,WATCH,0.88,11,False,backfill,,90,NEUTRAL
2026-08-11T13:27:58.733464+09:00,2026-08-11,LYG,Lloyds Banking Group plc,US,금융,2026-08-10,6.12,7385200,16299920.0,0.14,,62,55,45,76,54,1,HOLD,0.28,3,False,backfill,,32,NEUTRAL
2026-08-11T13:27:58.733464+09:00,2026-08-11,SHW,The Sherwin-Williams Company,US,소재,2026-08-10,362.71,1621400,2137975.0,11.6836,,84,55,45,50,65,2,WATCH,0.85,10,False,backfill,,83,NEUTRAL
2026-08-11T13:27:58.733464+09:00,2026-08-11,WMB,"The Williams Companies, Inc.",US,에너지,2026-08-10,71.85,4882800,6813650.0,1.9771,,28,55,46,42,43,0,AVOID,-0.33,-4,True,backfill,,62,NEUTRAL
2026-08-11T13:27:58.733464+09:00,2026-08-11,CMI,Cummins Inc.,US,산업재,2026-08-10,634.82,679600,1042590.0,26.9979,,50,55,50,58,53,0,HOLD,-0.06,-1,False,backfill,,55,NEUTRAL
2026-08-11T13:27:58.733464+09:00,2026-08-11,ITUB,Itaú Unibanco Holding S.A.,US,금융,2026-08-10,7.88,14854900,18395690.0,0.1928,,43,55,53,70,52,1,HOLD,-0.05,-1,False,backfill,,48,NEUTRAL
2026-08-11T13:27:58.733464+09:00,2026-08-11,PSX,Phillips 66,US,에너지,2026-08-10,215.52,3081300,2589100.0,7.3521,,63,55,25,78,56,2,HOLD,0.36,4,False,backfill,,71,NEUTRAL
2026-08-11T13:27:58.733464+09:00,2026-08-11,ELV,Elevance Health Inc.,US,제약/바이오,2026-08-10,397.7,854600,1480195.0,10.5614,,65,60,45,68,63,1,HOLD,0.52,6,False,backfill,,84,NEUTRAL
2026-08-11T13:27:58.733464+09:00,2026-08-11,NTES,"NetEase, Inc.",US,IT,2026-08-10,133.41,481500,814855.0,3.2393,,91,55,45,68,68,1,HOLD,0.92,11,False,backfill,,69,NEUTRAL
2026-08-11T13:27:58.733464+09:00,2026-08-11,HOOD,"Robinhood Markets, Inc.",US,금융,2026-08-10,94.52,11971600,19822115.0,5.2749,,29,55,43,42,40,0,AVOID,-0.21,-3,True,backfill,,48,NEUTRAL
2026-08-11T13:27:58.733464+09:00,2026-08-11,ITW,Illinois Tool Works Inc.,US,산업재,2026-08-10,294.52,797600,1513620.0,7.5029,,81,55,55,42,63,1,HOLD,0.78,9,False,backfill,,67,NEUTRAL
2026-08-11T13:27:58.733464+09:00,2026-08-11,ICE,"Intercontinental Exchange, Inc.",US,금융,2026-08-10,150.54,2687200,4203740.0,4.0571,,70,55,40,50,55,1,HOLD,0.2,2,False,backfill,,62,NEUTRAL
2026-08-11T13:27:58.733464+09:00,2026-08-11,BAM,Brookfield Asset Management Ltd.,US,금융,2026-08-10,52.84,2257900,2512150.0,1.4401,,66,55,48,42,52,0,HOLD,0.28,3,False,backfill,,48,NEUTRAL
2026-08-11T13:27:58.733464+09:00,2026-08-11,REGN,"Regeneron Pharmaceuticals, Inc.",US,제약/바이오,2026-08-10,808.05,1213700,824780.0,23.8693,,66,60,56,58,66,1,HOLD,0.78,9,False,backfill,,90,NEUTRAL
2026-08-11T13:27:58.733464+09:00,2026-08-11,MCO,Moody's Corporation,US,금융,2026-08-10,477.1317,686600,898750.0,11.5898,,44,55,43,42,47,0,HOLD,-0.0,0,False,backfill,,63,NEUTRAL
2026-08-11T13:27:58.733464+09:00,2026-08-11,ASX,"ASE Technology Holding Co., Ltd.",US,반도체,2026-08-10,37.59,8075000,9146105.0,2.43,,69,60,40,37,48,0,HOLD,0.15,2,False,backfill,,40,NEUTRAL
2026-08-11T13:27:58.733464+09:00,2026-08-11,RCL,Royal Caribbean Cruises Ltd.,US,소비재,2026-08-10,308.0,1878700,2298990.0,11.8943,,91,55,48,42,64,2,WATCH,0.87,10,False,backfill,,71,NEUTRAL
2026-08-11T13:27:58.733464+09:00,2026-08-11,EPD,Enterprise Products Partners L.P.,US,에너지,2026-08-10,37.99,3302000,3358395.0,0.7015,,58,55,50,60,49,0,HOLD,-0.0,0,False,backfill,,25,NEUTRAL
2026-08-11T13:27:58.733464+09:00,2026-08-11,NOC,Northrop Grumman Corporation,US,산업재,2026-08-10,577.89,643000,897260.0,14.6443,,66,55,40,45,50,0,HOLD,0.16,2,False,backfill,,47,NEUTRAL
2026-08-11T13:27:58.733464+09:00,2026-08-11,ROST,"Ross Stores, Inc.",US,소비재,2026-08-10,254.83,2116800,2077170.0,4.91,,81,55,50,37,59,1,HOLD,0.67,8,False,backfill,,61,NEUTRAL
2026-08-11T13:27:58.733464+09:00,2026-08-11,CVNA,Carvana Co.,US,소비재,2026-08-10,74.16,11920900,10733430.0,4.0621,,69,55,35,42,57,1,HOLD,0.29,3,False,backfill,,85,NEUTRAL
2026-08-11T13:27:58.733464+09:00,2026-08-11,CTAS,Cintas Corporation,US,산업재,2026-08-10,202.1848,1834200,2666335.0,5.1723,,51,55,48,29,53,1,HOLD,0.38,5,False,backfill,,87,NEUTRAL
2026-08-11T13:27:58.733464+09:00,2026-08-11,ECL,Ecolab Inc.,US,소재,2026-08-10,284.4,942900,1262260.0,6.3314,,81,55,45,58,66,2,WATCH,0.83,10,False,backfill,,84,NEUTRAL
2026-08-11T13:27:58.733464+09:00,2026-08-11,NGG,National Grid plc,US,유틸리티,2026-08-10,79.48,648800,760530.0,1.3971,,28,55,45,42,41,0,AVOID,-0.46,-6,True,backfill,,52,NEUTRAL
2026-08-11T13:27:58.733464+09:00,2026-08-11,CP,Canadian Pacific Kansas City Ltd.,US,산업재,2026-08-10,90.51,1599000,2974245.0,2.0071,,47,55,56,58,57,1,HOLD,0.29,3,False,backfill,,71,NEUTRAL
2026-08-11T13:27:58.733464+09:00,2026-08-11,GM,General Motors Company,US,소비재,2026-08-10,87.96,3446600,7271705.0,2.99,,91,55,40,74,64,2,WATCH,0.75,9,False,backfill,,49,NEUTRAL
2026-08-11T13:27:58.733464+09:00,2026-08-11,E,Eni S.p.A.,US,에너지,2026-08-10,54.87,211200,395490.0,1.5036,,87,55,53,60,66,1,HOLD,0.65,8,False,backfill,,59,NEUTRAL
2026-08-11T13:27:58.733464+09:00,2026-08-11,SLB,Slb N.V.,US,에너지,2026-08-10,53.2,10239700,12841285.0,2.0586,,69,55,53,58,56,0,HOLD,0.23,3,False,backfill,,41,NEUTRAL
2026-08-11T13:27:58.733464+09:00,2026-08-11,SNPS,"Synopsys, Inc.",US,IT,2026-08-10,411.68,1374500,2002660.0,13.5679,,62,55,50,43,46,0,HOLD,-0.27,-3,False,backfill,,20,NEUTRAL
2026-08-11T13:27:58.733464+09:00,2026-08-11,AMT,American Tower Corporation,US,리츠,2026-08-10,169.11,1801100,3141255.0,5.8264,,57,55,45,42,46,0,HOLD,-0.15,-2,False,backfill,,33,NEUTRAL
2026-08-11T13:27:58.733464+09:00,2026-08-11,MDLZ,"Mondelez International, Inc.",US,소매,2026-08-10,61.53,6382100,9779325.0,1.75,,87,55,53,58,60,1,HOLD,0.48,6,False,backfill,,34,NEUTRAL
2026-08-11T13:27:58.733464+09:00,2026-08-11,TRV,"The Travelers Companies, Inc.",US,금융,2026-08-10,375.62,1573900,2205675.0,8.8686,,66,55,38,78,65,2,WATCH,0.7,8,False,backfill,,93,NEUTRAL
2026-08-11T13:27:58.733464+09:00,2026-08-11,HON,Honeywell International Inc.,US,산업재,2026-08-10,242.2032,2245100,3342950.0,7.4398,,91,55,32,65,64,1,HOLD,0.65,8,False,backfill,,69,NEUTRAL
2026-08-11T13:27:58.733464+09:00,2026-08-11,FDX,FedEx Corporation,US,산업재,2026-08-10,325.08,1674700,1490060.0,6.72,,73,55,38,68,56,1,HOLD,0.31,4,False,backfill,,44,NEUTRAL
2026-08-11T13:27:58.733464+09:00,2026-08-11,MSI,"Motorola Solutions, Inc.",US,IT,2026-08-10,461.98,822500,953700.0,14.205,,78,55,45,50,51,1,HOLD,0.32,4,False,backfill,,19,NEUTRAL
2026-08-11T13:27:58.733464+09:00,2026-08-11,ORLY,"O'Reilly Automotive, Inc.",US,소비재,2026-08-10,92.23,3967100,7744625.0,2.5721,,80,55,53,50,62,1,HOLD,0.55,7,False,backfill,,62,NEUTRAL
2026-08-11T13:27:58.733464+09:00,2026-08-11,APO,"Apollo Global Management, Inc.",US,금융,2026-08-10,132.02,4572100,4074635.0,4.6193,,69,55,43,58,62,1,HOLD,0.48,6,False,backfill,,84,NEUTRAL
2026-08-11T13:27:58.733464+09:00,2026-08-11,EOG,"EOG Resources, Inc.",US,에너지,2026-08-10,142.22,3520800,3110530.0,4.8236,,62,55,45,78,56,1,HOLD,0.24,3,False,backfill,,40,NEUTRAL
2026-08-11T13:27:58.733464+09:00,2026-08-11,AON,Aon plc,US,금융,2026-08-10,356.97,705300,1425710.0,9.436,,47,55,40,45,45,0,HOLD,0.02,0,False,backfill,,48,NEUTRAL
2026-08-11T13:27:58.733464+09:00,2026-08-11,CNI,Canadian National Railway Company,US,산업재,2026-08-10,125.14,1473700,1722840.0,2.4164,,50,55,45,50,54,1,HOLD,0.33,4,False,backfill,,78,NEUTRAL
2026-08-11T13:27:58.733464+09:00,2026-08-11,NSC,Norfolk Southern Corporation,US,산업재,2026-08-10,333.95,1839600,1303760.0,8.0113,,47,55,53,45,49,0,HOLD,0.08,1,False,backfill,,51,NEUTRAL
2026-08-11T13:27:58.733464+09:00,2026-08-11,BSX,Boston Scientific Corporation,US,제약/바이오,2026-08-10,50.46,18994500,20430095.0,1.8764,,54,60,62,66,59,0,HOLD,0.2,2,False,backfill,,55,NEUTRAL
2026-08-11T13:27:58.733464+09:00,2026-08-11,APOS,"Apollo Global Management, Inc.",US,금융,2026-08-10,25.54,252100,61170.0,0.1582,,46,55,45,50,45,0,HOLD,-0.18,-2,False,backfill,,40,NEUTRAL
2026-08-11T13:27:58.733464+09:00,2026-08-11,CL,Colgate-Palmolive Company,US,소매,2026-08-10,93.15,3850400,4699260.0,2.4943,,91,55,43,50,66,2,WATCH,0.8,10,False,backfill,,78,NEUTRAL
2026-08-11T13:27:58.733464+09:00,2026-08-11,SU,Suncor Energy Inc.,US,에너지,2026-08-10,62.73,8367800,4620600.0,2.0536,,43,55,53,73,52,1,HOLD,-0.09,-1,False,backfill,,41,NEUTRAL
2026-08-11T13:27:58.733464+09:00,2026-08-11,MFC,Manulife Financial Corporation,US,금융,2026-08-10,44.15,2421900,1991025.0,0.8607,,69,55,45,76,67,2,WATCH,0.74,9,False,backfill,,90,NEUTRAL
2026-08-11T13:27:58.733464+09:00,2026-08-11,CI,Cigna Corporation,US,제약/바이오,2026-08-10,278.4,1457900,2051440.0,8.9314,,43,60,53,94,61,1,HOLD,0.16,2,False,backfill,,66,NEUTRAL
2026-08-11T13:27:58.733464+09:00,2026-08-11,HPE,Hewlett Packard Enterprise Company,US,IT,2026-08-10,54.68,15824100,16722670.0,3.0984,,82,55,55,66,70,2,WATCH,0.95,11,False,backfill,,77,NEUTRAL
2026-08-11T13:27:58.733464+09:00,2026-08-11,DB,Deutsche Bank AG,US,금융,2026-08-10,38.27,1352900,1897870.0,0.8421,,92,55,53,88,76,3,BUY,1.13,14,False,backfill,,75,NEUTRAL
2026-08-11T13:27:58.733464+09:00,2026-08-11,AMX,"América Móvil, S.A.B. de C.V.",US,인터넷,2026-08-10,23.89,1590200,2264585.0,0.6779,,20,60,45,76,45,1,HOLD,-0.53,-6,False,backfill,,52,NEUTRAL
2026-08-11T13:27:58.733464+09:00,2026-08-11,RACE,Ferrari N.V.,US,소비재,2026-08-10,406.77,410400,513230.0,10.5629,,85,55,45,37,63,2,WATCH,0.82,10,False,backfill,,83,NEUTRAL
2026-08-11T13:27:58.733464+09:00,2026-08-11,SPG,"Simon Property Group, Inc.",US,리츠,2026-08-10,220.55,1244800,1435720.0,4.2864,,50,55,65,47,56,0,HOLD,0.37,4,False,backfill,,61,NEUTRAL
2026-08-11T13:27:58.733464+09:00,2026-08-11,ET,Energy Transfer LP,US,에너지,2026-08-10,20.59,11743800,9856815.0,0.3375,,88,55,58,68,64,1,HOLD,0.64,8,False,backfill,,31,NEUTRAL
2026-08-11T13:27:58.733464+09:00,2026-08-11,URI,"United Rentals, Inc.",US,산업재,2026-08-10,1135.5605,510600,530365.0,39.7086,,95,55,53,58,69,1,HOLD,1.01,12,False,backfill,,67,NEUTRAL
2026-08-11T13:27:58.733464+09:00,2026-08-11,DLR,"Digital Realty Trust, Inc.",US,리츠,2026-08-10,191.3,1601100,2954875.0,7.33,,87,55,56,46,62,1,HOLD,0.52,6,False,backfill,,47,NEUTRAL
2026-08-11T13:27:58.733464+09:00,2026-08-11,HLT,Hilton Worldwide Holdings Inc.,US,소비재,2026-08-10,311.0,1786600,2118960.0,8.42,,28,55,45,50,37,0,AVOID,-0.54,-6,True,backfill,,27,NEUTRAL
2026-08-11T13:27:58.733464+09:00,2026-08-11,KMI,"Kinder Morgan, Inc.",US,에너지,2026-08-10,31.39,6653500,10046580.0,0.7138,,43,55,38,45,41,0,AVOID,-0.34,-4,True,backfill,,39,NEUTRAL
2026-08-11T13:27:58.733464+09:00,2026-08-11,ALL,The Allstate Corporation,US,금융,2026-08-10,269.67,1723000,1685380.0,7.22,,73,55,56,73,70,3,BUY,0.9,11,False,backfill,,84,NEUTRAL
2026-08-11T13:27:58.733464+09:00,2026-08-11,PCAR,PACCAR Inc,US,산업재,2026-08-10,130.8934,2583700,3907215.0,4.1697,,69,55,40,58,58,0,HOLD,0.5,6,False,backfill,,66,NEUTRAL
2026-08-11T13:27:58.733464+09:00,2026-08-11,TGT,Target Corporation,US,소매,2026-08-10,150.8621,5256500,3533310.0,4.073,,82,55,43,50,57,1,HOLD,0.56,7,False,backfill,,48,NEUTRAL
2026-08-11T13:27:58.733464+09:00,2026-08-11,SATA,"Strive, Inc. Variable Rate Series A Perp",US,금융,2026-08-10,98.4118,115700,140155.0,1.2154,,80,55,58,42,57,1,HOLD,0.4,5,False,backfill,,34,NEUTRAL
2026-08-11T13:27:58.733464+09:00,2026-08-11,SE,Sea Limited,US,소비재,2026-08-10,114.8,6191300,4384460.0,3.8926,,85,55,35,50,63,2,WATCH,0.76,9,False,backfill,,83,NEUTRAL
2026-08-11T13:27:58.733464+09:00,2026-08-11,APD,"Air Products and Chemicals, Inc.",US,소재,2026-08-10,308.18,851900,1108735.0,6.8507,,84,55,45,42,58,1,HOLD,0.45,5,False,backfill,,54,NEUTRAL
2026-08-11T13:27:58.733464+09:00,2026-08-11,B,Barrick Mining Corporation,US,소재,2026-08-10,40.88,29223600,9691260.0,1.7229,,72,55,50,78,63,2,WATCH,0.28,3,False,backfill,,56,NEUTRAL
2026-08-11T13:27:58.733464+09:00,2026-08-11,TDG,TransDigm Group Incorporated,US,산업재,2026-08-10,1223.48,435800,432540.0,42.2779,,28,55,38,53,40,0,AVOID,-0.4,-5,True,backfill,,49,NEUTRAL
2026-08-11T13:27:58.733464+09:00,2026-08-11,MPWR,"Monolithic Power Systems, Inc.",US,반도체,2026-08-10,1381.1,493600,929790.0,91.2243,,55,60,40,35,41,0,AVOID,-0.46,-6,True,backfill,,26,NEUTRAL
2026-08-11T13:27:58.733464+09:00,2026-08-11,WBD,"Warner Bros. Discovery, Inc.",US,인터넷,2026-08-10,26.87,18379800,24637285.0,0.5521,,72,60,53,61,56,1,HOLD,0.24,3,False,backfill,,33,NEUTRAL
2026-08-11T13:27:58.733464+09:00,2026-08-11,CRH,CRH plc,US,소재,2026-08-10,100.1984,4090400,4476845.0,3.0905,,65,55,56,60,62,0,HOLD,0.3,4,False,backfill,,68,NEUTRAL
2026-08-11T13:27:58.733464+09:00,2026-08-11,NU,Nu Holdings Ltd.,US,금융,2026-08-10,13.86,35803100,93152575.0,0.4579,,43,55,45,66,53,0,HOLD,0.05,1,False,backfill,,66,NEUTRAL
2026-08-11T13:27:58.733464+09:00,2026-08-11,AEP,"American Electric Power Company, Inc.",US,유틸리티,2026-08-10,122.84,4659100,4142545.0,3.0075,,28,55,45,42,40,0,AVOID,-0.47,-6,True,backfill,,48,NEUTRAL
2026-08-11T13:27:58.733464+09:00,2026-08-11,RSG,"Republic Services, Inc.",US,산업재,2026-08-10,214.62,1432300,1436500.0,4.7271,,47,55,65,45,48,0,HOLD,0.04,0,False,backfill,,25,NEUTRAL
2026-08-11T13:27:58.733464+09:00,2026-08-11,TRP,TC Energy Corporation,US,에너지,2026-08-10,63.33,2167100,2526945.0,1.6871,,20,55,53,45,36,0,AVOID,-0.61,-7,True,backfill,,26,NEUTRAL
2026-08-11T13:27:58.733464+09:00,2026-08-11,AJG,Arthur J. Gallagher & Co.,US,금융,2026-08-10,252.43,1280100,1366535.0,8.5743,,66,55,53,58,63,1,HOLD,0.67,8,False,backfill,,77,NEUTRAL
2026-08-11T13:27:58.733464+09:00,2026-08-11,TFC,Truist Financial Corporation,US,금융,2026-08-10,51.3511,5390200,7770080.0,0.8855,,47,55,53,60,55,0,HOLD,0.25,3,False,backfill,,67,NEUTRAL
2026-08-11T13:27:58.733464+09:00,2026-08-11,COHR,"Coherent, Inc.",US,IT,2026-08-10,325.15,9845600,5795020.0,36.2886,,65,55,45,43,55,0,HOLD,0.07,1,False,backfill,,68,NEUTRAL
2026-08-11T13:27:58.733464+09:00,2026-08-11,BKR,Baker Hughes Company,US,에너지,2026-08-10,64.07,5273500,9049055.0,2.0798,,54,55,38,58,46,0,HOLD,-0.17,-2,False,backfill,,32,NEUTRAL
2026-08-11T13:27:58.733464+09:00,2026-08-11,VALE,Vale S.A.,US,소재,2026-08-10,14.477,19198700,22180945.0,0.3445,,72,55,57,74,62,2,WATCH,0.23,3,False,backfill,,41,NEUTRAL
2026-08-11T13:27:58.733464+09:00,2026-08-11,LITE,Lumentum Holdings Inc.,US,IT,2026-08-10,813.51,6155000,4688520.0,85.0088,,55,55,30,43,46,0,HOLD,-0.29,-3,False,backfill,,61,NEUTRAL
2026-08-11T13:27:58.733464+09:00,2026-08-11,COR,"Cencora, Inc.",US,제약/바이오,2026-08-10,324.371,1546400,1484640.0,8.7758,,85,60,68,58,71,1,HOLD,1.04,12,False,backfill,,69,NEUTRAL
2026-08-11T13:27:58.733464+09:00,2026-08-11,NUE,Nucor Corporation,US,소재,2026-08-10,274.61,1090600,1414150.0,8.9686,,76,55,35,53,59,2,HOLD,0.61,7,False,backfill,,77,NEUTRAL
2026-08-11T13:27:58.733464+09:00,2026-08-11,MET,"MetLife, Inc.",US,금융,2026-08-10,97.03,2868000,4243260.0,2.0509,,73,55,48,58,64,2,WATCH,0.73,9,False,backfill,,78,NEUTRAL
2026-08-11T13:27:58.733464+09:00,2026-08-11,NKE,"NIKE, Inc.",US,소비재,2026-08-10,42.11,21664600,18733070.0,1.2421,,28,55,46,50,40,0,AVOID,-0.41,-5,True,backfill,,41,NEUTRAL
2026-08-11T13:27:58.733464+09:00,2026-08-11,RELX,RELX Plc,US,산업재,2026-08-10,35.62,1720700,2851135.0,1.2778,,62,55,53,50,60,1,HOLD,0.49,6,False,backfill,,77,NEUTRAL
2026-08-11T13:27:58.733464+09:00,2026-08-11,TEL,TE Connectivity plc,US,반도체,2026-08-10,214.28,1070400,2802525.0,7.7764,,73,60,53,51,64,2,WATCH,0.61,7,False,backfill,,78,NEUTRAL
2026-08-11T13:27:58.733464+09:00,2026-08-11,AFL,Aflac Incorporated,US,금융,2026-08-10,121.94,3484400,2146680.0,2.2393,,50,55,35,68,53,1,HOLD,0.13,2,False,backfill,,71,NEUTRAL
2026-08-11T13:27:58.733464+09:00,2026-08-11,BE,Bloom Energy Corporation,US,산업재,2026-08-10,210.63,9013500,17676395.0,26.0346,,40,55,38,43,37,0,AVOID,-0.66,-8,True,backfill,,26,NEUTRAL
2026-08-11T13:27:58.733464+09:00,2026-08-11,GWW,"W.W. Grainger, Inc.",US,산업재,2026-08-10,1297.45,310200,313245.0,38.3797,,47,55,50,50,53,1,HOLD,0.19,2,False,backfill,,71,NEUTRAL
2026-08-11T13:27:58.733464+09:00,2026-08-11,PSA,Public Storage,US,리츠,2026-08-10,325.71,903500,1324700.0,8.5593,,91,55,53,37,65,2,WATCH,0.79,9,False,backfill,,72,NEUTRAL
2026-08-11T13:27:58.733464+09:00,2026-08-11,WPM,Wheaton Precious Metals Corp.,US,소재,2026-08-10,133.39,2206600,1893380.0,5.1071,,54,55,53,50,54,0,HOLD,0.08,1,False,backfill,,62,NEUTRAL
2026-08-11T13:27:58.733464+09:00,2026-08-11,GRMN,Garmin Ltd.,US,IT,2026-08-10,313.16,716800,1132800.0,11.43,,80,55,43,45,62,2,WATCH,0.74,9,False,backfill,,80,NEUTRAL
2026-08-11T13:27:58.733464+09:00,2026-08-11,FAST,Fastenal Company,US,산업재,2026-08-10,52.15,6966000,9179055.0,1.2422,,77,55,56,29,63,2,WATCH,0.83,10,False,backfill,,87,NEUTRAL
2026-08-11T13:27:58.733464+09:00,2026-08-11,MPLX,MPLX Lp,US,에너지,2026-08-10,58.7,1516600,1703215.0,1.1914,,91,55,50,55,63,1,HOLD,0.72,9,False,backfill,,48,NEUTRAL
2026-08-11T13:27:58.733464+09:00,2026-08-11,D,"Dominion Energy, Inc.",US,유틸리티,2026-08-10,67.15,3779200,3840540.0,1.4571,,47,55,50,50,49,0,HOLD,0.08,1,False,backfill,,51,NEUTRAL
2026-08-11T13:27:58.733464+09:00,2026-08-11,FIX,"Comfort Systems USA, Inc.",US,산업재,2026-08-10,1673.973,271900,525780.0,118.7549,,40,55,56,50,47,0,HOLD,-0.34,-4,False,backfill,,41,NEUTRAL
2026-08-11T13:27:58.733464+09:00,2026-08-11,NXPI,NXP Semiconductors N.V.,US,반도체,2026-08-10,233.43,3285200,4549625.0,12.0786,,15,60,53,66,39,0,AVOID,-0.77,-9,True,backfill,,26,NEUTRAL
2026-08-11T13:27:58.733464+09:00,2026-08-11,DAL,"Delta Air Lines, Inc.",US,산업재,2026-08-10,89.21,3760100,5699080.0,2.6993,,95,55,43,76,68,2,WATCH,0.88,11,False,backfill,,55,NEUTRAL
2026-08-11T13:27:58.733464+09:00,2026-08-11,OXY,Occidental Petroleum Corporation,US,에너지,2026-08-10,58.65,9416400,8662825.0,1.9107,,88,55,45,68,63,1,HOLD,0.61,7,False,backfill,,47,NEUTRAL
2026-08-11T13:27:58.733464+09:00,2026-08-11,AME,"AMETEK, Inc.",US,산업재,2026-08-10,252.88,999100,1191480.0,5.5886,,91,55,50,53,70,2,WATCH,0.94,11,False,backfill,,83,NEUTRAL
2026-08-11T13:27:58.733464+09:00,2026-08-11,KEYS,"Keysight Technologies, Inc.",US,IT,2026-08-10,335.41,848500,1177595.0,13.2368,,65,55,53,42,50,0,HOLD,-0.02,0,False,backfill,,33,NEUTRAL
2026-08-11T13:27:58.733464+09:00,2026-08-11,TRGP,Targa Resources Corp.,US,에너지,2026-08-10,266.21,892800,1211220.0,8.6915,,47,55,48,42,43,0,AVOID,-0.14,-2,True,backfill,,32,NEUTRAL
2026-08-11T13:27:58.733464+09:00,2026-08-11,TER,"Teradyne, Inc.",US,반도체,2026-08-10,365.1,2377200,3778480.0,30.2829,,65,60,40,50,54,0,HOLD,0.18,2,False,backfill,,62,NEUTRAL
2026-08-11T13:27:58.733464+09:00,2026-08-11,OKE,"ONEOK, Inc.",US,에너지,2026-08-10,90.34,3091800,3845465.0,2.6184,,58,55,42,60,48,0,HOLD,-0.04,0,False,backfill,,28,NEUTRAL
2026-08-11T13:27:58.733464+09:00,2026-08-11,MT,ArcelorMittal S.A.,US,소재,2026-08-10,73.9,1201900,1548655.0,2.017,,81,55,50,58,62,1,HOLD,0.7,8,False,backfill,,55,NEUTRAL
2026-08-11T13:27:58.733464+09:00,2026-08-11,FANG,"Diamondback Energy, Inc.",US,에너지,2026-08-10,197.8802,1931500,1952135.0,7.2188,,58,55,43,46,48,0,HOLD,-0.01,0,False,backfill,,41,NEUTRAL
2026-08-11T13:27:58.733464+09:00,2026-08-11,F,Ford Motor Company,US,소비재,2026-08-10,13.85,39252700,54598680.0,0.5208,,32,55,58,57,51,0,HOLD,0.14,2,False,backfill,,62,NEUTRAL
2026-08-11T13:27:58.733464+09:00,2026-08-11,TAK,Takeda Pharmaceutical Company Limited,US,제약/바이오,2026-08-10,17.55,4172300,4538640.0,0.4036,,62,60,50,66,62,1,HOLD,0.49,6,False,backfill,,74,NEUTRAL
2026-08-11T13:27:58.733464+09:00,2026-08-11,LNG,"Cheniere Energy, Inc.",US,에너지,2026-08-10,265.68,1915000,1757100.0,8.7545,,62,55,53,45,57,0,HOLD,0.46,6,False,backfill,,69,NEUTRAL
2026-08-11T13:27:58.733464+09:00,2026-08-11,CAH,"Cardinal Health, Inc.",US,제약/바이오,2026-08-10,237.18,2297300,2098725.0,5.5743,,95,60,45,66,69,1,HOLD,0.97,12,False,backfill,,69,NEUTRAL
2026-08-11T13:27:58.733464+09:00,2026-08-11,SRE,Sempra,US,유틸리티,2026-08-10,84.31,4586200,3467795.0,1.9857,,20,55,43,58,36,0,AVOID,-0.75,-9,True,backfill,,26,NEUTRAL
2026-08-11T13:27:58.733464+09:00,2026-08-11,CIEN,Ciena Corporation,US,IT,2026-08-10,387.7,2021700,2039825.0,30.0214,,40,55,43,43,38,0,AVOID,-0.62,-7,True,backfill,,24,NEUTRAL
2026-08-11T13:27:58.733464+09:00,2026-08-11,CVE,Cenovus Energy Inc.,US,에너지,2026-08-10,29.56,5134300,7404425.0,1.1264,,58,55,53,78,56,1,HOLD,0.15,2,False,backfill,,33,NEUTRAL
2026-08-11T13:27:58.733464+09:00,2026-08-11,ALAB,"Astera Labs, Inc. Common Stock",US,반도체,2026-08-10,317.23,3364800,4843375.0,35.7264,,73,60,53,35,54,1,HOLD,0.49,6,False,backfill,,48,NEUTRAL
2026-08-11T13:27:58.733464+09:00,2026-08-11,ADSK,"Autodesk, Inc.",US,IT,2026-08-10,256.07,1679500,2194395.0,10.3336,,66,55,68,66,72,1,HOLD,0.87,10,False,backfill,,91,NEUTRAL
2026-08-11T13:27:58.733464+09:00,2026-08-11,DEO,Diageo plc,US,소매,2026-08-10,97.11,1786300,1339145.0,2.5764,,66,55,53,58,65,1,HOLD,0.76,9,False,backfill,,90,NEUTRAL
2026-08-11T13:27:58.733464+09:00,2026-08-11,LHX,"L3Harris Technologies, Inc.",US,산업재,2026-08-10,289.72,1120700,1585285.0,10.3386,,72,55,50,58,61,1,HOLD,0.37,4,False,backfill,,62,NEUTRAL
2026-08-11T13:27:58.733464+09:00,2026-08-11,ARGX,argenx SE,US,제약/바이오,2026-08-10,866.11,361400,281750.0,29.7928,,32,60,45,50,38,0,AVOID,-0.39,-5,True,backfill,,26,NEUTRAL
2026-08-11T13:27:58.733464+09:00,2026-08-11,NDAQ,"Nasdaq, Inc.",US,금융,2026-08-10,95.62,2658700,3880730.0,2.2171,,52,55,43,58,53,0,HOLD,0.19,2,False,backfill,,63,NEUTRAL
2026-08-11T13:27:58.733464+09:00,2026-08-11,EW,Edwards Lifesciences Corporation,US,제약/바이오,2026-08-10,92.03,4443900,5156765.0,2.5757,,58,60,43,50,48,0,HOLD,0.17,2,False,backfill,,40,NEUTRAL
2026-08-11T13:27:58.733464+09:00,2026-08-11,EA,Electronic Arts Inc.,US,IT,2026-08-10,209.7,0,,,,77,55,43,50,58,1,HOLD,0.39,5,False,backfill,,,
2026-08-11T13:27:58.733464+09:00,2026-08-11,CARR,Carrier Global Corporation,US,산업재,2026-08-10,63.44,5724400,7376850.0,2.2671,,28,55,53,50,48,0,HOLD,-0.19,-2,False,backfill,,69,NEUTRAL
2026-08-11T13:27:58.733464+09:00,2026-08-11,CBRS,Cerebras Systems Inc.,US,반도체,2026-08-10,230.01,3691000,5273760.0,24.3264,,72,60,55,43,58,1,HOLD,0.37,4,False,backfill,,55,NEUTRAL
2026-08-11T13:27:58.733464+09:00,2026-08-11,FITB,Fifth Third Bancorp,US,금융,2026-08-10,57.13,2954000,5903275.0,1.0957,,47,55,45,58,56,1,HOLD,0.36,4,False,backfill,,83,NEUTRAL
2026-08-11T13:27:58.733464+09:00,2026-08-11,STT,State Street Corporation,US,금융,2026-08-10,186.68,1544200,2267560.0,4.3714,,73,55,43,76,64,3,WATCH,0.69,8,False,backfill,,71,NEUTRAL
2026-08-11T13:27:58.733464+09:00,2026-08-11,FERG,Ferguson plc,US,산업재,2026-08-10,263.78,2616800,4252545.0,8.3514,,66,55,50,42,60,1,HOLD,0.56,7,False,backfill,,86,NEUTRAL
2026-08-11T13:27:58.733464+09:00,2026-08-11,CTVA,"Corteva, Inc.",US,소재,2026-08-10,76.47,4246000,4723340.0,2.6798,,43,55,48,50,49,0,HOLD,-0.17,-2,False,backfill,,57,NEUTRAL
2026-08-11T13:27:58.733464+09:00,2026-08-11,INFY,Infosys Limited,US,IT,2026-08-10,12.56,12604300,26563880.0,0.48,,80,55,53,60,65,1,HOLD,0.65,8,False,backfill,,65,NEUTRAL
2026-08-11T13:27:58.733464+09:00,2026-08-11,HEI,HEICO Corporation,US,산업재,2026-08-10,363.94,336900,430125.0,10.465,,95,55,45,35,60,1,HOLD,0.76,9,False,backfill,,55,NEUTRAL
2026-08-11T13:27:58.733464+09:00,2026-08-11,PYPL,"PayPal Holdings, Inc.",US,금융,2026-08-10,59.07,6707100,18197605.0,1.3813,,66,55,43,78,67,2,WATCH,0.75,9,False,backfill,,93,NEUTRAL
2026-08-11T13:27:58.733464+09:00,2026-08-11,AMP,"Ameriprise Financial, Inc.",US,금융,2026-08-10,557.53,347000,550340.0,11.9148,,73,55,40,51,60,2,WATCH,0.61,7,False,backfill,,77,NEUTRAL
2026-08-11T13:27:58.733464+09:00,2026-08-11,AZO,"AutoZone, Inc.",US,소비재,2026-08-10,3067.99,133300,152870.0,84.9,,65,55,56,50,62,1,HOLD,0.34,4,False,backfill,,79,NEUTRAL
2026-08-11T13:27:58.733464+09:00,2026-08-11,ELC,"Entergy Louisiana, LLC COLLATERAL TR MT",US,유틸리티,2026-08-10,19.84,7100,14030.0,0.0871,,28,55,55,50,43,0,AVOID,-0.36,-4,True,backfill,,40,NEUTRAL
2026-08-11T13:27:58.733464+09:00,2026-08-11,WAB,Westinghouse Air Brake Technologies Corp,US,산업재,2026-08-10,294.16,651500,1101790.0,8.8293,,69,55,35,58,59,1,HOLD,0.48,6,False,backfill,,81,NEUTRAL
2026-08-11T13:27:58.733464+09:00,2026-08-11,BDX,"Becton, Dickinson and Company",US,제약/바이오,2026-08-10,179.63,1765900,1907720.0,4.555,,77,60,40,66,65,2,WATCH,0.77,9,False,backfill,,84,NEUTRAL
2026-08-11T13:27:58.733464+09:00,2026-08-11,ETR,Entergy Corporation,US,유틸리티,2026-08-10,105.0231,2123600,2730285.0,2.8018,,28,55,53,50,45,0,HOLD,-0.33,-4,False,backfill,,54,NEUTRAL
2026-08-11T13:27:58.733464+09:00,2026-08-11,NOK,Nokia Oyj,US,IT,2026-08-10,9.13,42593200,95451585.0,0.57,,37,55,50,51,41,0,AVOID,-0.57,-7,True,backfill,,23,NEUTRAL
2026-08-11T13:27:58.733464+09:00,2026-08-11,AU,AngloGold Ashanti plc,US,소재,2026-08-10,97.25,2087700,2700595.0,4.6621,,59,55,53,84,61,1,HOLD,0.19,2,False,backfill,,55,NEUTRAL
2026-08-11T13:27:58.733464+09:00,2026-08-11,STM,STMicroelectronics N.V.,US,반도체,2026-08-10,54.35,5718600,12208220.0,3.545,,47,60,45,51,43,0,AVOID,-0.39,-5,True,backfill,,26,NEUTRAL
2026-08-11T13:27:58.733464+09:00,2026-08-11,ROK,"Rockwell Automation, Inc.",US,산업재,2026-08-10,433.8835,846900,903150.0,16.5519,,28,55,43,42,42,0,AVOID,-0.38,-5,True,backfill,,63,NEUTRAL
2026-08-11T13:27:58.733464+09:00,2026-08-11,WDAY,"Workday, Inc.",US,IT,2026-08-10,184.19,4349600,4475570.0,10.64,,75,55,35,66,63,2,WATCH,0.69,8,False,backfill,,84,NEUTRAL
2026-08-11T13:27:58.733464+09:00,2026-08-11,VST,Vistra Corp.,US,유틸리티,2026-08-10,142.87,4609100,5061675.0,7.7999,,25,55,46,58,42,0,AVOID,-0.46,-6,True,backfill,,48,NEUTRAL
2026-08-11T13:27:58.733464+09:00,2026-08-11,CRWV,"CoreWeave, Inc. Class A Common Stock",US,IT,2026-08-10,88.19,20894800,26826040.0,7.6569,,62,55,43,42,46,0,HOLD,-0.27,-3,False,backfill,,30,NEUTRAL
2026-08-11T13:27:58.733464+09:00,2026-08-11,AXON,"Axon Enterprise, Inc.",US,산업재,2026-08-10,596.33,1244800,888975.0,35.4378,,92,55,43,30,64,2,WATCH,0.92,11,False,backfill,,90,NEUTRAL
2026-08-11T13:27:58.733464+09:00,2026-08-11,XEL,Xcel Energy Inc.,US,유틸리티,2026-08-10,76.87,4345600,5146770.0,1.8007,,31,55,56,50,46,0,HOLD,-0.27,-3,False,backfill,,48,NEUTRAL
2026-08-11T13:27:58.733464+09:00,2026-08-11,EBAY,eBay Inc.,US,소비재,2026-08-10,107.71,5113200,4541110.0,4.2614,,46,55,35,50,48,1,HOLD,-0.07,-1,False,backfill,,71,NEUTRAL
2026-08-11T13:27:58.733464+09:00,2026-08-11,FER,Ferrovial SE,US,산업재,2026-08-10,65.43,1026200,1591995.0,1.2336,,72,55,53,38,59,1,HOLD,0.35,4,False,backfill,,68,NEUTRAL
2026-08-11T13:27:58.733464+09:00,2026-08-11,TTWO,"Take-Two Interactive Software, Inc.",US,IT,2026-08-10,253.57,3776700,2096955.0,8.4671,,88,55,43,37,60,1,HOLD,0.74,9,False,backfill,,69,NEUTRAL
2026-08-11T13:27:58.733464+09:00,2026-08-11,XYZ,"Block, Inc.",US,IT,2026-08-10,78.98,4207300,5350695.0,2.7584,,47,55,40,43,48,0,HOLD,0.07,1,False,backfill,,69,NEUTRAL
2026-08-11T13:27:58.733464+09:00,2026-08-11,IDXX,"IDEXX Laboratories, Inc.",US,제약/바이오,2026-08-10,595.76,579100,659005.0,20.3121,,71,60,53,29,54,1,HOLD,0.44,5,False,backfill,,54,NEUTRAL
2026-08-11T13:27:58.733464+09:00,2026-08-11,CCEP,Coca-Cola Europacific Partners PLC,US,소매,2026-08-10,106.03,1495300,2037905.0,2.8586,,47,55,50,45,54,1,HOLD,0.35,4,False,backfill,,80,NEUTRAL
2026-08-11T13:27:58.733464+09:00,2026-08-11,JD,"JD.com, Inc.",US,소비재,2026-08-10,33.47,7662300,7226315.0,0.5983,,76,55,53,74,67,2,WATCH,0.74,9,False,backfill,,69,NEUTRAL
2026-08-11T13:27:58.733464+09:00,2026-08-11,UMC,United Microelectronics Corporation,US,반도체,2026-08-10,18.79,9610900,16332830.0,1.3886,,33,60,45,66,43,0,AVOID,-0.15,-2,True,backfill,,34,NEUTRAL
2026-08-11T13:27:58.733464+09:00,2026-08-11,FNV,Franco-Nevada Corporation,US,소재,2026-08-10,240.9,794000,771130.0,8.115,,54,55,50,50,52,0,HOLD,0.11,1,False,backfill,,55,NEUTRAL
2026-08-11T13:27:58.733464+09:00,2026-08-11,RKLB,"Rocket Lab USA, Inc.",US,산업재,2026-08-10,80.04,34015000,19648680.0,5.9944,,62,55,40,19,40,0,AVOID,-0.39,-5,True,backfill,,30,NEUTRAL
2026-08-11T13:27:58.733464+09:00,2026-08-11,HUM,Humana Inc.,US,제약/바이오,2026-08-10,385.7,1150400,1558720.0,15.6321,,66,60,50,58,61,1,HOLD,0.63,8,False,backfill,,75,NEUTRAL
2026-08-11T13:27:58.733464+09:00,2026-08-11,VIK,Viking Holdings Ltd,US,소비재,2026-08-10,103.8,1941800,1917580.0,3.0679,,95,55,40,50,62,1,HOLD,0.77,9,False,backfill,,57,NEUTRAL
2026-08-11T13:27:58.733464+09:00,2026-08-11,EXC,Exelon Corporation,US,유틸리티,2026-08-10,44.5,6814000,8611370.0,1.0986,,43,55,50,52,51,0,HOLD,0.02,0,False,backfill,,63,NEUTRAL
2026-08-11T13:27:58.733464+09:00,2026-08-11,SLF,Sun Life Financial Inc.,US,금융,2026-08-10,82.63,444400,650645.0,1.28,,69,55,53,50,62,1,HOLD,0.69,8,False,backfill,,77,NEUTRAL
2026-08-11T13:27:58.733464+09:00,2026-08-11,PCG,PG&E Corporation,US,유틸리티,2026-08-10,17.04,17077000,24383400.0,0.545,,50,55,53,60,58,1,HOLD,0.33,4,False,backfill,,78,NEUTRAL
2026-08-11T13:27:58.733464+09:00,2026-08-11,NTRA,"Natera, Inc.",US,제약/바이오,2026-08-10,318.35,2154600,1225070.0,14.6762,,82,60,35,50,63,2,WATCH,0.77,9,False,backfill,,90,NEUTRAL
2026-08-11T13:27:58.733464+09:00,2026-08-11,TRI,Thomson Reuters Corporation,US,산업재,2026-08-10,104.36,1401700,2541685.0,6.6414,,84,55,53,58,63,1,HOLD,0.74,9,False,backfill,,51,NEUTRAL
2026-08-11T13:27:58.733464+09:00,2026-08-11,ABEV,Ambev S.A.,US,소매,2026-08-10,2.94,36765700,29072830.0,0.0714,,20,55,53,68,41,0,AVOID,-0.63,-8,True,backfill,,26,NEUTRAL
2026-08-11T13:27:58.733464+09:00,2026-08-11,ARES,Ares Management Corporation,US,금융,2026-08-10,137.66,1725800,2261700.0,5.4004,,74,55,53,35,62,2,WATCH,0.71,9,False,backfill,,84,NEUTRAL
2026-08-11T13:27:58.733464+09:00,2026-08-11,CRDO,Credo Technology Group Holding Ltd,US,반도체,2026-08-10,239.935,4320600,5535255.0,22.2256,,69,60,53,35,51,0,HOLD,0.34,4,False,backfill,,37,NEUTRAL
2026-08-11T13:27:58.733464+09:00,2026-08-11,VTR,"Ventas, Inc.",US,리츠,2026-08-10,91.95,2894100,3377335.0,2.6893,,44,55,50,43,51,0,HOLD,0.1,1,False,backfill,,69,NEUTRAL
2026-08-11T13:27:58.733464+09:00,2026-08-11,IX,ORIX Corporation,US,금융,2026-08-10,39.86,245000,203030.0,0.8829,,47,55,62,78,60,1,HOLD,0.34,4,False,backfill,,56,NEUTRAL
2026-08-11T13:27:58.733464+09:00,2026-08-11,FLEX,Flex Ltd.,US,IT,2026-08-10,119.7,2930900,4976155.0,8.98,,40,55,56,50,55,1,HOLD,-0.06,-1,False,backfill,,81,NEUTRAL
2026-08-11T13:27:58.733464+09:00,2026-08-11,ODFL,"Old Dominion Freight Line, Inc.",US,산업재,2026-08-10,212.55,1539600,1691565.0,8.0971,,24,55,45,37,33,0,AVOID,-0.51,-6,True,backfill,,26,NEUTRAL
2026-08-11T13:27:58.733464+09:00,2026-08-11,MCHP,Microchip Technology Incorporated,US,반도체,2026-08-10,81.39,8793300,11661395.0,4.7457,,55,60,35,51,44,0,AVOID,-0.4,-5,True,backfill,,33,NEUTRAL
2026-08-11T13:27:58.733464+09:00,2026-08-11,NBIS,Nebius Group N.V.,US,IT,2026-08-10,184.11,16165200,23763875.0,24.7453,,50,55,50,43,50,0,HOLD,0.02,0,False,backfill,,58,NEUTRAL
2026-08-11T13:27:58.733464+09:00,2026-08-11,RVMD,"Revolution Medicines, Inc.",US,제약/바이오,2026-08-10,206.97,2101100,1892450.0,7.9478,,92,60,43,42,66,2,WATCH,0.92,11,False,backfill,,83,NEUTRAL
2026-08-11T13:27:58.733464+09:00,2026-08-11,WDS,Woodside Energy Group Ltd,US,에너지,2026-08-10,23.07,586900,759900.0,0.62,,87,55,53,52,67,2,WATCH,0.77,9,False,backfill,,73,NEUTRAL
2026-08-11T13:27:58.733464+09:00,2026-08-11,HLN,Haleon plc,US,제약/바이오,2026-08-10,9.8652,3518000,11129280.0,0.2302,,47,60,50,58,57,1,HOLD,0.34,4,False,backfill,,81,NEUTRAL
2026-08-11T13:27:58.733464+09:00,2026-08-11,BSBR,Banco Santander (Brasil) S.A.,US,금융,2026-08-10,5.76,6430000,2983595.0,0.1849,,80,55,40,86,64,2,WATCH,0.51,6,False,backfill,,54,NEUTRAL
2026-08-11T13:27:58.733464+09:00,2026-08-11,PAYX,"Paychex, Inc.",US,산업재,2026-08-10,121.18,1603000,3203635.0,3.835,,85,55,35,50,63,2,WATCH,0.77,9,False,backfill,,84,NEUTRAL
2026-08-11T13:27:58.733464+09:00,2026-08-11,LYV,"Live Nation Entertainment, Inc.",US,인터넷,2026-08-10,184.64,1986900,2050945.0,5.1036,,91,60,45,22,59,1,HOLD,0.73,9,False,backfill,,69,NEUTRAL
2026-08-11T13:27:58.733464+09:00,2026-08-11,KB,KB Financial Group Inc.,US,금융,2026-08-10,120.73,126400,270080.0,3.4021,,62,55,50,86,60,1,HOLD,0.4,5,False,backfill,,45,NEUTRAL
2026-08-11T13:27:58.733464+09:00,2026-08-11,CCJ,Cameco Corporation,US,에너지,2026-08-10,97.31,1993300,3843365.0,3.9729,,59,55,53,35,49,0,HOLD,-0.16,-2,False,backfill,,41,NEUTRAL
2026-08-11T13:27:58.733464+09:00,2026-08-11,PRU,"Prudential Financial, Inc.",US,금융,2026-08-10,122.11,1311800,2014460.0,2.8657,,73,55,48,86,70,3,BUY,0.86,10,False,backfill,,83,NEUTRAL
2026-08-11T13:27:58.733464+09:00,2026-08-11,TEVA,Teva Pharmaceutical Industries Limited,US,제약/바이오,2026-08-10,36.14,5608100,5539705.0,1.2564,,59,60,40,66,54,0,HOLD,0.12,1,False,backfill,,55,NEUTRAL
2026-08-11T13:27:58.733464+09:00,2026-08-11,A,"Agilent Technologies, Inc.",US,제약/바이오,2026-08-10,148.72,1751900,2016655.0,3.8071,,77,60,53,43,63,2,WATCH,0.77,9,False,backfill,,77,NEUTRAL
2026-08-11T13:27:58.733464+09:00,2026-08-11,WCN,"Waste Connections, Inc.",US,산업재,2026-08-10,166.22,759700,1378015.0,4.0531,,47,55,38,50,42,0,AVOID,-0.16,-2,True,backfill,,32,NEUTRAL
2026-08-11T13:27:58.733464+09:00,2026-08-11,CBRE,"CBRE Group, Inc.",US,리츠,2026-08-10,143.94,1716800,1811190.0,5.0121,,58,55,56,66,61,0,HOLD,0.34,4,False,backfill,,69,NEUTRAL
2026-08-11T13:27:58.733464+09:00,2026-08-11,PFH,"Prudential Financial, Inc. 4.125% Junior",US,금융,2026-08-10,15.6204,43600,36520.0,0.1328,,17,55,58,50,40,0,AVOID,-0.52,-6,True,backfill,,40,NEUTRAL
2026-08-11T13:27:58.733464+09:00,2026-08-11,CMG,"Chipotle Mexican Grill, Inc.",US,소비재,2026-08-10,32.14,15586200,19886865.0,1.6164,,43,55,56,50,49,0,HOLD,-0.04,0,False,backfill,,48,NEUTRAL
2026-08-11T13:27:58.733464+09:00,2026-08-11,HMC,"Honda Motor Co., Ltd.",US,소비재,2026-08-10,31.72,1207200,1214110.0,0.7243,,75,55,53,83,67,2,WATCH,0.75,9,False,backfill,,58,NEUTRAL
2026-08-11T13:27:58.733464+09:00,2026-08-11,AIG,"American International Group, Inc.",US,금융,2026-08-10,77.61,3793100,3431640.0,1.6836,,43,55,45,84,57,2,HOLD,0.15,2,False,backfill,,71,NEUTRAL
2026-08-11T13:27:58.733464+09:00,2026-08-11,DHI,"D.R. Horton, Inc.",US,소비재,2026-08-10,146.66,2267800,2713580.0,4.7473,,50,55,50,68,50,0,HOLD,-0.03,0,False,backfill,,34,NEUTRAL
2026-08-11T13:27:58.733464+09:00,2026-08-11,MSCI,MSCI Inc.,US,금융,2026-08-10,561.0734,892200,798770.0,14.7024,,28,55,57,50,47,0,HOLD,-0.24,-3,False,backfill,,56,NEUTRAL
2026-08-11T13:27:58.733464+09:00,2026-08-11,FMX,"Fomento Económico Mexicano, S.A.B. de C.",US,소매,2026-08-10,119.92,238500,517120.0,4.6657,,43,55,53,53,49,0,HOLD,-0.09,-1,False,backfill,,48,NEUTRAL
2026-08-11T13:27:58.733464+09:00,2026-08-11,ROP,"Roper Technologies, Inc.",US,IT,2026-08-10,403.89,750100,867475.0,15.6514,,78,55,53,68,68,2,WATCH,0.86,10,False,backfill,,75,NEUTRAL
2026-08-11T13:27:58.733464+09:00,2026-08-11,UAL,"United Airlines Holdings, Inc.",US,산업재,2026-08-10,123.76,2846800,4141900.0,4.8707,,95,55,40,63,64,1,HOLD,0.81,10,False,backfill,,55,NEUTRAL
2026-08-11T13:27:58.733464+09:00,2026-08-11,SYY,Sysco Corporation,US,소매,2026-08-10,83.87,3309600,3603190.0,2.105,,69,55,55,50,61,1,HOLD,0.67,8,False,backfill,,71,NEUTRAL
2026-08-11T13:27:58.733464+09:00,2026-08-11,YUM,"Yum! Brands, Inc.",US,소비재,2026-08-10,145.33,2086300,2805755.0,4.8657,,31,55,38,50,35,0,AVOID,-0.63,-8,True,backfill,,22,NEUTRAL
2026-08-11T13:27:58.733464+09:00,2026-08-11,TEAM,Atlassian Corporation,US,IT,2026-08-10,151.87,8655000,5236480.0,9.9221,,70,55,40,42,58,2,HOLD,0.58,7,False,backfill,,84,NEUTRAL
2026-08-11T13:27:58.733464+09:00,2026-08-11,KDP,Keurig Dr Pepper Inc.,US,소매,2026-08-10,29.3,14507900,12658395.0,0.96,,31,55,48,66,46,0,HOLD,-0.21,-3,False,backfill,,48,NEUTRAL
2026-08-11T13:27:58.733464+09:00,2026-08-11,IQV,IQVIA Holdings Inc.,US,제약/바이오,2026-08-10,241.99,1161400,1527585.0,10.4,,85,60,43,74,69,3,WATCH,0.89,11,False,backfill,,77,NEUTRAL
2026-08-11T13:27:58.733464+09:00,2026-08-11,ESLT,Elbit Systems Ltd.,US,산업재,2026-08-10,846.04,81600,76510.0,24.81,,91,55,53,30,61,1,HOLD,0.69,8,False,backfill,,59,NEUTRAL
2026-08-11T13:27:58.733464+09:00,2026-08-11,COIN,"Coinbase Global, Inc.",US,금융,2026-08-10,148.68,6089900,7829355.0,9.3443,,15,55,46,45,37,0,AVOID,-0.76,-9,True,backfill,,49,NEUTRAL
2026-08-11T13:27:58.733464+09:00,2026-08-11,ED,"Consolidated Edison, Inc.",US,유틸리티,2026-08-10,106.3,2655300,2283045.0,2.3514,,43,55,55,52,51,0,HOLD,0.01,0,False,backfill,,55,NEUTRAL
2026-08-11T13:27:58.733464+09:00,2026-08-11,NTAP,"NetApp, Inc.",US,IT,2026-08-10,198.72,4075600,2478855.0,7.7286,,77,55,40,50,60,2,WATCH,0.66,8,False,backfill,,77,NEUTRAL
2026-08-11T13:27:58.733464+09:00,2026-08-11,RKT,"Rocket Companies, Inc.",US,금융,2026-08-10,13.76,27865200,30146870.0,0.7796,,65,55,53,60,58,0,HOLD,0.21,3,False,backfill,,54,NEUTRAL
2026-08-11T13:27:58.733464+09:00,2026-08-11,ADM,Archer-Daniels-Midland Company,US,소매,2026-08-10,80.49,5510000,3945740.0,2.6921,,40,55,48,58,43,0,AVOID,-0.28,-3,True,backfill,,26,NEUTRAL
2026-08-11T13:27:58.733464+09:00,2026-08-11,HIG,"The Hartford Insurance Group, Inc.",US,금융,2026-08-10,141.15,1516000,1730410.0,3.2129,,47,55,45,86,62,2,WATCH,0.37,4,False,backfill,,84,NEUTRAL
2026-08-11T13:27:58.733464+09:00,2026-08-11,STLD,"Steel Dynamics, Inc.",US,소재,2026-08-10,268.6,1229700,1189295.0,8.925,,61,55,38,53,51,0,HOLD,0.26,3,False,backfill,,55,NEUTRAL
2026-08-11T13:27:58.733464+09:00,2026-08-11,ONC,BeOne Medicines AG,US,제약/바이오,2026-08-10,359.0,833200,429815.0,9.7956,,66,60,40,35,56,1,HOLD,0.52,6,False,backfill,,86,NEUTRAL
2026-08-11T13:27:58.733464+09:00,2026-08-11,NWG,NatWest Group plc,US,금융,2026-08-10,18.8603,2449400,4358030.0,0.4369,,95,55,50,70,71,2,WATCH,1.03,12,False,backfill,,69,NEUTRAL
2026-08-11T13:27:58.733464+09:00,2026-08-11,VEEV,Veeva Systems Inc.,US,IT,2026-08-10,234.69,1786600,1632255.0,8.6893,,70,55,50,50,63,2,WATCH,0.74,9,False,backfill,,87,NEUTRAL
2026-08-11T13:27:58.733464+09:00,2026-08-11,CCL,Carnival Corporation & plc,US,소비재,2026-08-10,27.75,24288000,18962400.0,1.0553,,76,55,53,60,63,1,HOLD,0.66,8,False,backfill,,63,NEUTRAL
2026-08-11T13:27:58.733464+09:00,2026-08-11,TWLO,Twilio Inc.,US,IT,2026-08-10,250.06,3369400,2301760.0,12.8582,,62,55,35,58,55,1,HOLD,0.39,5,False,backfill,,71,NEUTRAL
2026-08-11T13:27:58.733464+09:00,2026-08-11,BIDU,"Baidu, Inc.",US,인터넷,2026-08-10,109.5,2109800,2068905.0,2.87,,55,60,50,86,57,1,HOLD,-0.07,-1,False,backfill,,41,NEUTRAL
2026-08-11T13:27:58.733464+09:00,2026-08-11,PEG,Public Service Enterprise Group Incorpor,US,유틸리티,2026-08-10,74.56,2687300,3040890.0,1.6086,,28,55,43,45,40,0,AVOID,-0.45,-5,True,backfill,,49,NEUTRAL
2026-08-11T13:27:58.733464+09:00,2026-08-11,HSY,The Hershey Company,US,소매,2026-08-10,181.3243,1375200,1616300.0,4.2034,,72,55,40,50,55,1,HOLD,0.2,2,False,backfill,,55,NEUTRAL
2026-08-11T13:27:58.733464+09:00,2026-08-11,VMC,Vulcan Materials Company,US,소재,2026-08-10,284.8108,774500,1079530.0,8.1178,,72,55,45,58,58,1,HOLD,0.33,4,False,backfill,,54,NEUTRAL
2026-08-11T13:27:58.733464+09:00,2026-08-11,GFI,Gold Fields Limited,US,소재,2026-08-10,41.1,3666200,3662980.0,1.6893,,54,55,55,73,57,1,HOLD,0.02,0,False,backfill,,47,NEUTRAL
2026-08-11T13:27:58.733464+09:00,2026-08-11,KVUE,Kenvue Inc.,US,소매,2026-08-10,18.8202,25550100,20872145.0,0.5242,,47,55,45,66,58,1,HOLD,0.36,4,False,backfill,,84,NEUTRAL
2026-08-11T13:27:58.733464+09:00,2026-08-11,MTB,M&T Bank Corporation,US,금융,2026-08-10,251.13,670000,1171835.0,4.2979,,66,55,46,60,63,1,HOLD,0.68,8,False,backfill,,87,NEUTRAL
2026-08-11T13:27:58.733464+09:00,2026-08-11,VOD,Vodafone Group Public Limited Company,US,인터넷,2026-08-10,15.75,3155700,4667355.0,0.4443,,65,60,45,86,62,1,HOLD,0.31,4,False,backfill,,57,NEUTRAL
2026-08-11T13:27:58.733464+09:00,2026-08-11,CLS,Celestica Inc.,US,IT,2026-08-10,314.59,2298400,3235780.0,28.7421,,18,55,46,50,41,0,AVOID,-0.63,-8,True,backfill,,58,NEUTRAL
2026-08-11T13:27:58.733464+09:00,2026-08-11,IRM,Iron Mountain Incorporated,US,리츠,2026-08-10,121.56,2068800,2077810.0,5.1814,,28,55,35,35,40,1,AVOID,-0.45,-5,True,backfill,,71,NEUTRAL
2026-08-11T13:27:58.733464+09:00,2026-08-11,EXPE,"Expedia Group, Inc.",US,소비재,2026-08-10,314.01,1356200,1655180.0,14.3521,,85,55,45,58,66,2,WATCH,0.86,10,False,backfill,,78,NEUTRAL
2026-08-11T13:27:58.733464+09:00,2026-08-11,ALC,Alcon Inc.,US,제약/바이오,2026-08-10,73.63,3587800,2273515.0,1.5418,,66,60,53,50,54,0,HOLD,0.39,5,False,backfill,,40,NEUTRAL
2026-08-11T13:27:58.733464+09:00,2026-08-11,KMB,Kimberly-Clark Corporation,US,소매,2026-08-10,108.02,3136400,3746980.0,3.5821,,47,55,50,50,54,1,HOLD,0.34,4,False,backfill,,77,NEUTRAL
2026-08-11T13:27:58.733464+09:00,2026-08-11,EME,"EMCOR Group, Inc.",US,산업재,2026-08-10,809.33,286500,509025.0,38.5843,,72,55,53,50,56,1,HOLD,0.1,1,False,backfill,,41,NEUTRAL
2026-08-11T13:27:58.733464+09:00,2026-08-11,HBAN,Huntington Bancshares Incorporated,US,금융,2026-08-10,17.6,23968800,27891000.0,0.39,,47,55,45,68,58,1,HOLD,0.37,4,False,backfill,,86,NEUTRAL
2026-08-11T13:27:58.733464+09:00,2026-08-11,JBL,Jabil Inc.,US,IT,2026-08-10,336.5573,605500,1048045.0,16.5728,,72,55,43,50,52,1,HOLD,0.05,1,False,backfill,,38,NEUTRAL
2026-08-11T13:27:58.733464+09:00,2026-08-11,BBD,Banco Bradesco S.A.,US,금융,2026-08-10,3.33,22384900,29895175.0,0.0942,,35,55,53,88,48,1,HOLD,-0.35,-4,False,backfill,,19,NEUTRAL
2026-08-11T13:27:58.733464+09:00,2026-08-11,PUK,Prudential plc,US,금융,2026-08-10,28.22,828400,1115110.0,0.8279,,43,55,50,73,50,1,HOLD,-0.25,-3,False,backfill,,36,NEUTRAL
2026-08-11T13:27:58.733464+09:00,2026-08-11,EC,Ecopetrol S.A.,US,에너지,2026-08-10,17.05,2651400,2327485.0,0.6586,,95,55,55,96,76,2,WATCH,1.11,13,False,backfill,,60,NEUTRAL
2026-08-11T13:27:58.733464+09:00,2026-08-11,SHG,"Shinhan Financial Group Co., Ltd.",US,금융,2026-08-10,74.03,198900,237310.0,2.2279,,91,55,50,83,63,2,WATCH,0.64,8,False,backfill,,22,NEUTRAL
2026-08-11T13:27:58.733464+09:00,2026-08-11,VG,"Venture Global, Inc.",US,에너지,2026-08-10,14.26,14873100,15140730.0,0.8271,,66,55,35,60,49,0,HOLD,0.18,2,False,backfill,,32,NEUTRAL
2026-08-11T13:27:58.733464+09:00,2026-08-11,PPLC,PPL Corporation,US,유틸리티,2026-08-10,46.65,12400,188685.0,0.725,,31,55,55,50,43,0,AVOID,-0.33,-4,True,backfill,,38,NEUTRAL
2026-08-11T13:27:58.733464+09:00,2026-08-11,BBDO,Banco Bradesco S.A.,US,금융,2026-08-10,3.18,42600,100405.0,0.1085,,43,55,55,80,53,1,HOLD,-0.02,0,False,backfill,,40,NEUTRAL
2026-08-11T13:27:58.733464+09:00,2026-08-11,KR,The Kroger Co.,US,소매,2026-08-10,56.0951,5903500,6653445.0,1.6388,,31,55,53,74,49,1,HOLD,-0.34,-4,False,backfill,,47,NEUTRAL
2026-08-11T13:27:58.733464+09:00,2026-08-11,WEC,"WEC Energy Group, Inc.",US,유틸리티,2026-08-10,105.2029,2153800,2093890.0,2.1824,,20,55,50,42,35,0,AVOID,-0.68,-8,True,backfill,,26,NEUTRAL
2026-08-11T13:27:58.733464+09:00,2026-08-11,UI,Ubiquiti Inc.,US,IT,2026-08-10,570.47,98200,86090.0,17.2986,,59,55,50,42,49,0,HOLD,-0.16,-2,False,backfill,,41,NEUTRAL
2026-08-11T13:27:58.733464+09:00,2026-08-11,RJF,"Raymond James Financial, Inc.",US,금융,2026-08-10,179.09,831600,1195970.0,4.0907,,91,55,45,68,70,2,WATCH,0.97,12,False,backfill,,77,NEUTRAL
2026-08-11T13:27:58.733464+09:00,2026-08-11,NTRS,Northern Trust Corporation,US,금융,2026-08-10,187.86,1615700,1175735.0,4.1114,,91,55,53,60,68,1,HOLD,0.93,11,False,backfill,,63,NEUTRAL
2026-08-11T13:27:58.733464+09:00,2026-08-11,ACGL,Arch Capital Group Ltd.,US,금융,2026-08-10,98.25,1264700,1832390.0,2.6757,,46,55,50,78,59,2,HOLD,0.25,3,False,backfill,,71,NEUTRAL
2026-08-11T13:27:58.733464+09:00,2026-08-11,IR,Ingersoll Rand Inc.,US,산업재,2026-08-10,86.6096,3816600,4673600.0,2.8369,,84,55,50,66,69,2,WATCH,0.94,11,False,backfill,,80,NEUTRAL
2026-08-11T13:27:58.733464+09:00,2026-08-11,EQT,EQT Corporation,US,에너지,2026-08-10,54.08,7239900,7175145.0,1.6805,,72,55,45,78,60,2,WATCH,0.29,3,False,backfill,,49,NEUTRAL
2026-08-11T13:27:58.733464+09:00,2026-08-11,MDB,"MongoDB, Inc.",US,IT,2026-08-10,416.67,1696000,1437840.0,19.0445,,62,55,43,34,55,1,HOLD,0.48,6,False,backfill,,84,NEUTRAL
2026-08-11T13:27:58.733464+09:00,2026-08-11,TPR,"Tapestry, Inc.",US,소비재,2026-08-10,164.78,2488600,2116565.0,4.4571,,77,55,50,50,65,2,WATCH,0.82,10,False,backfill,,84,NEUTRAL
2026-08-11T13:27:58.733464+09:00,2026-08-11,DXCM,"DexCom, Inc.",US,제약/바이오,2026-08-10,87.65,7832700,5384015.0,3.3243,,82,60,40,42,60,2,WATCH,0.7,8,False,backfill,,77,NEUTRAL
2026-08-11T13:27:58.733464+09:00,2026-08-11,MLM,"Martin Marietta Materials, Inc.",US,소재,2026-08-10,549.54,319100,594370.0,17.0964,,28,55,48,58,45,0,HOLD,-0.35,-4,False,backfill,,55,NEUTRAL
2026-08-11T13:27:58.733464+09:00,2026-08-11,GEHC,GE HealthCare Technologies Inc.,US,제약/바이오,2026-08-10,72.94,3254600,6019245.0,2.5625,,71,60,58,60,66,2,WATCH,0.8,10,False,backfill,,77,NEUTRAL
2026-08-11T13:27:58.733464+09:00,2026-08-11,CNC,Centene Corp.,US,제약/바이오,2026-08-10,66.57,3719800,5384665.0,2.9957,,84,60,56,68,65,1,HOLD,0.79,9,False,backfill,,48,NEUTRAL
2026-08-11T13:27:58.733464+09:00,2026-08-11,CHT,"Chunghwa Telecom Co., Ltd.",US,인터넷,2026-08-10,42.34,158400,187860.0,0.4943,,28,60,50,42,38,0,AVOID,-0.45,-5,True,backfill,,30,NEUTRAL
2026-08-11T13:27:58.733464+09:00,2026-08-11,ERIC,Telefonaktiebolaget LM Ericsson (publ),US,IT,2026-08-10,9.98,11641700,15503950.0,0.2307,,62,55,45,78,53,1,HOLD,-0.15,-2,False,backfill,,26,NEUTRAL
2026-08-11T13:27:58.733464+09:00,2026-08-11,P,"Everpure, Inc.",US,산업재,2026-08-10,97.98,5151500,2473045.0,5.0054,,73,55,45,35,53,1,HOLD,0.41,5,False,backfill,,54,NEUTRAL
2026-08-11T13:27:58.733464+09:00,2026-08-11,CQP,"Cheniere Energy Partners, L.P.",US,에너지,2026-08-10,67.27,341800,122005.0,2.2684,,88,55,56,65,63,1,HOLD,0.68,8,False,backfill,,35,NEUTRAL
2026-08-11T13:27:58.733464+09:00,2026-08-11,STRC,Strategy Inc,US,IT,2026-08-10,93.8574,1254800,1260855.0,1.9134,,70,55,48,60,53,1,HOLD,0.13,2,False,backfill,,30,NEUTRAL
2026-08-11T13:27:58.733464+09:00,2026-08-11,KGC,Kinross Gold Corporation,US,소재,2026-08-10,27.4,8443000,7793145.0,1.1307,,59,55,45,78,58,1,HOLD,0.03,0,False,backfill,,56,NEUTRAL
2026-08-11T13:27:58.733464+09:00,2026-08-11,SUNB,Sunbelt Rentals Holdings Inc,US,산업재,2026-08-10,78.86,1788800,1829970.0,2.7586,,76,55,35,66,63,2,WATCH,0.62,7,False,backfill,,81,NEUTRAL
2026-08-11T13:27:58.733464+09:00,2026-08-11,TECK,Teck Resources Limited,US,소재,2026-08-10,66.87,2539300,3588485.0,2.4693,,54,55,45,53,51,0,HOLD,0.08,1,False,backfill,,55,NEUTRAL
2026-08-11T13:27:58.733464+09:00,2026-08-11,MSTR,Strategy Inc,US,IT,2026-08-10,97.33,13560300,15583810.0,5.5471,,55,55,43,62,51,0,HOLD,-0.19,-2,False,backfill,,46,NEUTRAL
2026-08-11T13:27:58.733464+09:00,2026-08-11,CCI,Crown Castle Inc.,US,리츠,2026-08-10,73.61,2023200,4540565.0,3.1264,,43,55,53,58,48,0,HOLD,-0.32,-4,False,backfill,,39,NEUTRAL
2026-08-11T13:27:58.733464+09:00,2026-08-11,TDY,Teledyne Technologies Incorporated,US,IT,2026-08-10,690.25,326500,449965.0,18.2064,,81,55,53,58,68,2,WATCH,0.83,10,False,backfill,,80,NEUTRAL
2026-08-11T13:27:58.733464+09:00,2026-08-11,RMD,ResMed Inc.,US,제약/바이오,2026-08-10,220.05,1716000,1417560.0,7.8,,84,60,53,50,67,2,WATCH,0.85,10,False,backfill,,78,NEUTRAL
2026-08-11T13:27:58.733464+09:00,2026-08-11,WTW,Willis Towers Watson Public Limited Comp,US,금융,2026-08-10,343.01,525800,585570.0,9.9436,,73,55,50,58,64,2,WATCH,0.75,9,False,backfill,,78,NEUTRAL
2026-08-11T13:27:58.733464+09:00,2026-08-11,NTR,Nutrien Ltd.,US,소재,2026-08-10,66.31,3498800,2389095.0,2.0655,,43,55,50,68,60,1,HOLD,0.17,2,False,backfill,,91,NEUTRAL
2026-08-11T13:27:58.733464+09:00,2026-08-11,DVN,Devon Energy Corporation,US,에너지,2026-08-10,45.36,12870500,10367020.0,1.4671,,80,55,48,70,60,2,WATCH,0.36,4,False,backfill,,38,NEUTRAL
2026-08-11T13:27:58.733464+09:00,2026-08-11,CASY,"Casey's General Stores, Inc.",US,소비재,2026-08-10,854.46,383800,304140.0,26.6749,,58,55,43,37,44,0,AVOID,-0.19,-2,True,backfill,,29,NEUTRAL
2026-08-11T13:27:58.733464+09:00,2026-08-11,EL,The Estée Lauder Companies Inc.,US,소매,2026-08-10,87.19,2214600,2139925.0,2.6771,,76,55,50,58,57,1,HOLD,0.39,5,False,backfill,,39,NEUTRAL
2026-08-11T13:27:58.733464+09:00,2026-08-11,ZM,"Zoom Communications, Inc.",US,IT,2026-08-10,107.2,3347000,3154750.0,3.8014,,69,55,40,63,57,0,HOLD,0.27,3,False,backfill,,59,NEUTRAL
2026-08-11T13:27:58.733464+09:00,2026-08-11,ZTS,Zoetis Inc.,US,제약/바이오,2026-08-10,74.83,9610000,7010125.0,3.085,,28,60,50,70,47,1,HOLD,-0.28,-3,False,backfill,,47,NEUTRAL
2026-08-11T13:27:58.733464+09:00,2026-08-11,ATI,ATI Inc.,US,산업재,2026-08-10,228.19,1375100,1656845.0,11.1114,,92,55,40,35,60,1,HOLD,0.76,9,False,backfill,,69,NEUTRAL
2026-08-11T13:27:58.733464+09:00,2026-08-11,ON,ON Semiconductor Corporation,US,반도체,2026-08-10,79.78,8393400,10426015.0,4.7479,,37,60,50,66,44,0,AVOID,-0.52,-6,True,backfill,,23,NEUTRAL
2026-08-11T13:27:58.733464+09:00,2026-08-11,EXR,Extra Space Storage Inc.,US,리츠,2026-08-10,146.66,810400,1354400.0,3.6314,,43,55,56,45,52,0,HOLD,0.08,1,False,backfill,,64,NEUTRAL
2026-08-11T13:27:58.733464+09:00,2026-08-11,RYAAY,Ryanair Holdings plc,US,산업재,2026-08-10,59.51,570100,1424640.0,1.735,,54,55,40,47,46,0,HOLD,-0.05,-1,False,backfill,,42,NEUTRAL
2026-08-11T13:27:58.733464+09:00,2026-08-11,WAT,Waters Corporation,US,제약/바이오,2026-08-10,411.77,826600,934980.0,13.4071,,73,60,35,43,52,1,HOLD,0.38,5,False,backfill,,55,NEUTRAL
2026-08-11T13:27:58.733464+09:00,2026-08-11,CFG,"Citizens Financial Group, Inc.",US,금융,2026-08-10,72.67,2071700,4237190.0,1.4814,,69,55,53,68,66,1,HOLD,0.75,9,False,backfill,,77,NEUTRAL
2026-08-11T13:27:58.733464+09:00,2026-08-11,TCOM,Trip.com Group Limited,US,소비재,2026-08-10,47.12,1456600,3116550.0,1.1564,,70,55,53,70,59,2,HOLD,0.17,2,False,backfill,,39,NEUTRAL
2026-08-11T13:27:58.733464+09:00,2026-08-11,BIIB,Biogen Inc.,US,제약/바이오,2026-08-10,207.13,706400,1274380.0,6.4793,,87,60,53,53,59,1,HOLD,0.5,6,False,backfill,,32,NEUTRAL
2026-08-11T13:27:58.733464+09:00,2026-08-11,RDDT,"Reddit, Inc.",US,인터넷,2026-08-10,158.72,3101700,6091825.0,12.8595,,25,60,35,50,35,0,AVOID,-0.62,-7,True,backfill,,35,NEUTRAL
2026-08-11T13:27:58.733464+09:00,2026-08-11,BAP,Credicorp Ltd.,US,금융,2026-08-10,382.21,211000,270640.0,10.6971,,54,55,45,63,53,0,HOLD,0.26,3,False,backfill,,52,NEUTRAL
2026-08-11T13:27:58.733464+09:00,2026-08-11,LPLA,LPL Financial Holdings Inc.,US,금융,2026-08-10,371.8123,666600,750705.0,10.1297,,70,55,43,66,64,2,WATCH,0.69,8,False,backfill,,83,NEUTRAL
2026-08-11T13:27:58.733464+09:00,2026-08-11,JBS,Jbs N.V.,US,소매,2026-08-10,13.41,9167300,5204205.0,0.5132,,80,55,50,70,69,3,WATCH,0.59,7,False,backfill,,78,NEUTRAL
2026-08-11T13:27:58.733464+09:00,2026-08-11,AEE,Ameren Corporation,US,유틸리티,2026-08-10,107.0,1876600,1581350.0,2.3957,,43,55,53,42,42,0,AVOID,-0.29,-3,True,backfill,,26,NEUTRAL
2026-08-11T13:27:58.733464+09:00,2026-08-11,KHC,The Kraft Heinz Company,US,소매,2026-08-10,24.93,16946400,15185385.0,0.8885,,50,55,48,96,62,1,HOLD,0.37,4,False,backfill,,66,NEUTRAL
2026-08-11T13:27:58.733464+09:00,2026-08-11,WSM,"Williams-Sonoma, Inc.",US,소비재,2026-08-10,250.82,941500,910165.0,7.03,,77,55,43,37,58,2,HOLD,0.61,7,False,backfill,,71,NEUTRAL
2026-08-11T13:27:58.733464+09:00,2026-08-11,LVS,Las Vegas Sands Corp.,US,소비재,2026-08-10,45.46,5355900,5875525.0,1.4621,,28,55,45,68,45,0,HOLD,-0.48,-6,False,backfill,,47,NEUTRAL
2026-08-11T13:27:58.733464+09:00,2026-08-11,INSM,Insmed Incorporated,US,제약/바이오,2026-08-10,134.75,3630100,3211595.0,6.3036,,70,60,43,19,46,1,HOLD,0.23,3,False,backfill,,40,NEUTRAL
2026-08-11T13:27:58.733464+09:00,2026-08-11,DTW,DTE Energy Company JR SUB DB 2017 E,US,유틸리티,2026-08-10,19.6808,24500,22780.0,0.1433,,50,55,58,80,56,1,HOLD,0.03,0,False,backfill,,40,NEUTRAL
2026-08-11T13:27:58.733464+09:00,2026-08-11,TS,Tenaris S.A.,US,에너지,2026-08-10,54.26,2245800,1273950.0,1.5479,,28,55,45,55,41,0,AVOID,-0.56,-7,True,backfill,,39,NEUTRAL
2026-08-11T13:27:58.733464+09:00,2026-08-11,CPNG,"Coupang, Inc.",US,소비재,2026-08-10,16.19,18805900,21137135.0,0.5861,,50,55,53,27,47,0,HOLD,-0.01,0,False,backfill,,55,NEUTRAL
2026-08-11T13:27:58.733464+09:00,2026-08-11,FTI,TechnipFMC plc,US,에너지,2026-08-10,74.13,4986300,3397835.0,2.7814,,58,55,45,50,54,0,HOLD,0.24,3,False,backfill,,67,NEUTRAL
2026-08-11T13:27:58.733464+09:00,2026-08-11,ALNY,"Alnylam Pharmaceuticals, Inc.",US,제약/바이오,2026-08-10,216.98,1404800,2202030.0,16.1271,,15,60,35,58,35,0,AVOID,-0.86,-10,True,backfill,,44,NEUTRAL
2026-08-11T13:27:58.733464+09:00,2026-08-11,ILMN,"Illumina, Inc.",US,제약/바이오,2026-08-10,191.79,1687600,2064190.0,8.4307,,51,60,46,42,55,1,HOLD,0.4,5,False,backfill,,87,NEUTRAL
2026-08-11T13:27:58.733464+09:00,2026-08-11,MTD,Mettler-Toledo International Inc.,US,제약/바이오,2026-08-10,1427.53,148500,175160.0,39.86,,73,60,40,42,59,2,HOLD,0.62,7,False,backfill,,83,NEUTRAL
2026-08-11T13:27:58.733464+09:00,2026-08-11,VICI,VICI Properties Inc.,US,리츠,2026-08-10,26.07,10499700,9214480.0,0.5392,,31,55,53,80,49,1,HOLD,-0.32,-4,False,backfill,,39,NEUTRAL
2026-08-11T13:27:58.733464+09:00,2026-08-11,NMR,"Nomura Holdings, Inc.",US,금융,2026-08-10,9.82,565200,937720.0,0.2107,,66,55,50,78,64,2,WATCH,0.66,8,False,backfill,,70,NEUTRAL
2026-08-11T13:27:58.733464+09:00,2026-08-11,MDLN,Medline Inc.,US,제약/바이오,2026-08-10,33.81,9683200,7247135.0,2.1075,,43,60,43,50,41,0,AVOID,-0.52,-6,True,backfill,,26,NEUTRAL
2026-08-11T13:27:58.733464+09:00,2026-08-11,ZS,"Zscaler, Inc.",US,IT,2026-08-10,176.68,3429300,2264390.0,7.5676,,71,55,40,42,59,2,HOLD,0.62,7,False,backfill,,87,NEUTRAL
2026-08-11T13:27:58.733464+09:00,2026-08-11,STRF,MicroStrategy Incorporated 10.00% Series,US,IT,2026-08-10,95.99,82000,74860.0,1.4072,,43,55,48,60,43,0,AVOID,-0.33,-4,True,backfill,,20,NEUTRAL
2026-08-11T13:27:58.733464+09:00,2026-08-11,TSEM,Tower Semiconductor Ltd.,US,반도체,2026-08-10,252.55,2254400,2311745.0,25.3271,,69,60,40,30,46,0,HOLD,0.15,2,False,backfill,,39,NEUTRAL
2026-08-11T13:27:58.733464+09:00,2026-08-11,DTE,DTE Energy Company,US,유틸리티,2026-08-10,136.78,1638000,1353845.0,3.2007,,20,55,48,50,40,0,AVOID,-0.5,-6,True,backfill,,48,NEUTRAL
2026-08-11T13:27:58.733464+09:00,2026-08-11,XYL,Xylem Inc.,US,산업재,2026-08-10,121.19,1412200,2021180.0,3.4079,,62,55,53,58,58,0,HOLD,0.42,5,False,backfill,,61,NEUTRAL
2026-08-11T13:27:58.733464+09:00,2026-08-11,DOV,Dover Corporation,US,산업재,2026-08-10,210.1,782000,1243630.0,5.7471,,65,55,45,58,59,1,HOLD,0.27,3,False,backfill,,70,NEUTRAL
2026-08-11T13:27:58.733464+09:00,2026-08-11,FTS,Fortis Inc.,US,유틸리티,2026-08-10,55.39,1088000,827385.0,0.935,,35,55,53,42,44,0,AVOID,-0.23,-3,True,backfill,,48,NEUTRAL
2026-08-11T13:27:58.733464+09:00,2026-08-11,Q,"Qnity Electronics, Inc.",US,반도체,2026-08-10,134.37,1175300,1944030.0,7.3313,,50,60,53,50,52,0,HOLD,-0.1,-1,False,backfill,,55,NEUTRAL
2026-08-11T13:27:58.733464+09:00,2026-08-11,HAL,Halliburton Company,US,에너지,2026-08-10,33.64,9519500,12652225.0,1.0593,,55,55,45,84,52,1,HOLD,-0.22,-3,False,backfill,,27,NEUTRAL
2026-08-11T13:27:58.733464+09:00,2026-08-11,ATO,Atmos Energy Corporation,US,유틸리티,2026-08-10,167.92,898700,1020855.0,3.2543,,43,55,53,42,40,0,AVOID,-0.45,-5,True,backfill,,13,NEUTRAL
2026-08-11T13:27:58.733464+09:00,2026-08-11,ASTS,"AST SpaceMobile, Inc.",US,인터넷,2026-08-10,68.76,15033200,16228185.0,5.4206,,62,60,48,42,46,0,HOLD,-0.26,-3,False,backfill,,24,NEUTRAL
2026-08-11T13:27:58.733464+09:00,2026-08-11,FISV,"Fiserv, Inc.",US,IT,2026-08-10,52.22,8344700,8103470.0,2.1393,,50,55,93,78,74,3,BUY,0.69,8,False,backfill,,78,NEUTRAL
2026-08-11T13:27:58.733464+09:00,2026-08-11,CRS,Carpenter Technology Corporation,US,소재,2026-08-10,559.98,467400,719975.0,29.9164,,51,55,53,42,54,1,HOLD,0.36,4,False,backfill,,71,NEUTRAL
2026-08-11T13:27:58.733464+09:00,2026-08-11,PBA,Pembina Pipeline Corporation,US,에너지,2026-08-10,47.84,666500,895665.0,0.9429,,43,55,53,58,48,0,HOLD,-0.07,-1,False,backfill,,37,NEUTRAL
2026-08-11T13:27:58.733464+09:00,2026-08-11,FOXA,Fox Corporation,US,인터넷,2026-08-10,63.42,4932200,4613505.0,1.9007,,67,60,48,63,64,1,HOLD,0.42,5,False,backfill,,85,NEUTRAL
2026-08-11T13:27:58.733464+09:00,2026-08-11,OTIS,Otis Worldwide Corporation,US,산업재,2026-08-10,72.431,2533700,3932890.0,1.7114,,73,55,53,58,57,1,HOLD,0.3,4,False,backfill,,40,NEUTRAL
2026-08-11T13:27:58.733464+09:00,2026-08-11,GFS,GLOBALFOUNDRIES Inc.,US,반도체,2026-08-10,50.05,6570700,4684760.0,3.6764,,37,60,35,50,36,0,AVOID,-0.73,-9,True,backfill,,23,NEUTRAL
2026-08-11T13:27:58.733464+09:00,2026-08-11,CPRT,"Copart, Inc.",US,산업재,2026-08-10,29.59,8886000,11459315.0,1.0443,,72,55,45,45,62,2,WATCH,0.38,5,False,backfill,,91,NEUTRAL
2026-08-11T13:27:58.733464+09:00,2026-08-11,HPQ,HP Inc.,US,IT,2026-08-10,29.8,13223100,15314685.0,1.4293,,82,55,40,73,68,3,WATCH,0.86,10,False,backfill,,84,NEUTRAL
2026-08-11T13:27:58.733464+09:00,2026-08-11,FE,FirstEnergy Corp.,US,유틸리티,2026-08-10,46.76,3113500,5000410.0,0.9604,,50,55,45,50,49,0,HOLD,0.05,1,False,backfill,,54,NEUTRAL
2026-08-11T13:27:58.733464+09:00,2026-08-11,DG,Dollar General Corporation,US,소매,2026-08-10,122.42,2819500,2206220.0,4.1329,,47,55,50,68,54,0,HOLD,0.26,3,False,backfill,,55,NEUTRAL
2026-08-11T13:27:58.733464+09:00,2026-08-11,AWK,"American Water Works Company, Inc.",US,유틸리티,2026-08-10,134.555,2478600,2303705.0,3.6259,,69,55,53,42,58,0,HOLD,0.5,6,False,backfill,,67,NEUTRAL
2026-08-11T13:27:58.733464+09:00,2026-08-11,RF,Regions Financial Corporation,US,금융,2026-08-10,31.46,5272900,9929450.0,0.5507,,69,55,50,60,62,0,HOLD,0.63,8,False,backfill,,69,NEUTRAL
2026-08-11T13:27:58.733464+09:00,2026-08-11,ES,Eversource Energy,US,유틸리티,2026-08-10,71.17,1987000,2326525.0,1.6557,,50,55,53,60,52,0,HOLD,0.15,2,False,backfill,,48,NEUTRAL
2026-08-11T13:27:58.733464+09:00,2026-08-11,CINF,Cincinnati Financial Corporation,US,금융,2026-08-10,173.86,477800,820975.0,4.5207,,47,55,48,78,60,2,WATCH,0.32,4,False,backfill,,77,NEUTRAL
2026-08-11T13:27:58.733464+09:00,2026-08-11,HUBB,Hubbell Incorporated,US,산업재,2026-08-10,504.9,354696,624091.45,17.7904,,72,55,45,58,62,2,WATCH,0.52,6,False,backfill,,77,NEUTRAL
2026-08-11T13:27:58.733464+09:00,2026-08-11,VRSN,"VeriSign, Inc.",US,IT,2026-08-10,293.34,1278800,894455.0,10.9514,,87,55,38,50,63,2,WATCH,0.62,7,False,backfill,,78,NEUTRAL
2026-08-11T13:27:58.733464+09:00,2026-08-11,RBLX,Roblox Corporation,US,IT,2026-08-10,37.05,14201900,13941720.0,3.3707,,20,55,43,53,33,0,AVOID,-0.84,-10,True,backfill,,19,NEUTRAL
2026-08-11T13:27:58.733464+09:00,2026-08-11,CNP,"CenterPoint Energy, Inc.",US,유틸리티,2026-08-10,40.03,6457100,6852835.0,1.1207,,20,55,50,42,39,0,AVOID,-0.53,-6,True,backfill,,48,NEUTRAL
2026-08-11T13:27:58.733464+09:00,2026-08-11,WRB,W. R. Berkley Corporation,US,금융,2026-08-10,70.82,1537400,2057535.0,1.6186,,47,55,53,63,56,0,HOLD,0.27,3,False,backfill,,69,NEUTRAL
2026-08-11T13:27:58.733464+09:00,2026-08-11,LH,Labcorp Holdings Inc.,US,제약/바이오,2026-08-10,321.31,538500,822865.0,9.3357,,80,60,43,58,66,2,WATCH,0.83,10,False,backfill,,87,NEUTRAL
2026-08-11T13:27:58.733464+09:00,2026-08-11,SN,"SharkNinja, Inc.",US,소비재,2026-08-10,186.17,2327400,1781205.0,6.8944,,77,55,38,50,60,2,WATCH,0.64,8,False,backfill,,77,NEUTRAL
2026-08-11T13:27:58.733464+09:00,2026-08-11,PPL,PPL Corporation,US,유틸리티,2026-08-10,34.99,14058700,7846245.0,0.7579,,31,55,45,50,44,0,AVOID,-0.33,-4,True,backfill,,54,NEUTRAL
2026-08-11T13:27:58.733464+09:00,2026-08-11,PHG,Koninklijke Philips N.V.,US,제약/바이오,2026-08-10,26.94,1002900,1400180.0,0.7264,,65,60,53,74,62,1,HOLD,0.46,6,False,backfill,,60,NEUTRAL
2026-08-11T13:27:58.733464+09:00,2026-08-11,CTSH,Cognizant Technology Solutions Corporati,US,IT,2026-08-10,58.31,9629900,9706915.0,2.9821,,69,55,45,84,62,1,HOLD,0.57,7,False,backfill,,56,NEUTRAL
2026-08-11T13:27:58.733464+09:00,2026-08-11,NVT,nVent Electric plc,US,산업재,2026-08-10,162.33,1216300,2196645.0,9.5323,,65,55,40,50,55,0,HOLD,0.15,2,False,backfill,,68,NEUTRAL
2026-08-11T13:27:58.733464+09:00,2026-08-11,AVB,"AvalonBay Communities, Inc.",US,리츠,2026-08-10,183.84,451300,705330.0,3.6386,,43,55,45,53,46,0,HOLD,-0.19,-2,False,backfill,,45,NEUTRAL
2026-08-11T13:27:58.733464+09:00,2026-08-11,DGX,Quest Diagnostics Incorporated,US,제약/바이오,2026-08-10,237.63,856100,1134260.0,6.8929,,80,60,50,58,61,1,HOLD,0.66,8,False,backfill,,51,NEUTRAL
2026-08-11T13:27:58.733464+09:00,2026-08-11,CPAY,"Corpay, Inc.",US,IT,2026-08-10,400.88,565500,576665.0,11.7957,,81,55,35,74,66,3,WATCH,0.79,9,False,backfill,,83,NEUTRAL
2026-08-11T13:27:58.733464+09:00,2026-08-11,EIX,Edison International,US,유틸리티,2026-08-10,67.83,3237300,3144070.0,2.5343,,35,55,50,65,49,0,HOLD,-0.19,-2,False,backfill,,51,NEUTRAL
2026-08-11T13:27:58.733464+09:00,2026-08-11,ROIV,Roivant Sciences Ltd.,US,제약/바이오,2026-08-10,35.78,7941200,5048470.0,1.2914,,88,60,40,50,63,2,WATCH,0.8,10,False,backfill,,75,NEUTRAL
2026-08-11T13:27:58.733464+09:00,2026-08-11,FWONK,Liberty Media Corporation,US,인터넷,2026-08-10,102.73,2533200,2036285.0,2.8456,,88,60,56,38,66,2,WATCH,0.89,11,False,backfill,,77,NEUTRAL
2026-08-11T13:27:58.733464+09:00,2026-08-11,SYM,Symbotic Inc.,US,산업재,2026-08-10,40.11,2051300,1679810.0,2.5256,,18,55,43,38,38,0,AVOID,-0.7,-8,True,backfill,,59,NEUTRAL
2026-08-11T13:27:58.733464+09:00,2026-08-11,FSLR,"First Solar, Inc.",US,IT,2026-08-10,239.33,2929300,2572970.0,14.1621,,72,55,40,74,61,2,WATCH,0.41,5,False,backfill,,62,NEUTRAL
2026-08-11T13:27:58.733464+09:00,2026-08-11,RPRX,Royalty Pharma plc,US,제약/바이오,2026-08-10,57.7374,4264000,2903310.0,1.3486,,47,60,43,50,51,0,HOLD,0.19,2,False,backfill,,69,NEUTRAL
2026-08-11T13:27:58.733464+09:00,2026-08-11,PPG,"PPG Industries, Inc.",US,소재,2026-08-10,115.48,1777800,1930735.0,3.7846,,69,55,55,60,63,0,HOLD,0.57,7,False,backfill,,67,NEUTRAL
2026-08-11T13:27:58.733464+09:00,2026-08-11,CW,Curtiss-Wright Corporation,US,산업재,2026-08-10,694.35,502000,244645.0,32.8122,,31,55,43,34,36,0,AVOID,-0.58,-7,True,backfill,,33,NEUTRAL
2026-08-11T13:27:58.733464+09:00,2026-08-11,AMRZ,Amrize Ltd,US,소재,2026-08-10,46.29,6687600,3333045.0,1.6843,,31,55,65,58,51,0,HOLD,-0.19,-2,False,backfill,,55,NEUTRAL
2026-08-11T13:27:58.733464+09:00,2026-08-11,SYF,Synchrony Financial,US,금융,2026-08-10,78.19,2813900,3659075.0,2.0052,,91,55,38,50,66,2,WATCH,0.84,10,False,backfill,,84,NEUTRAL
2026-08-11T13:27:58.733464+09:00,2026-08-11,FCNCA,"First Citizens BancShares, Inc.",US,금융,2026-08-10,2233.3501,39500,76235.0,54.9386,,91,55,62,70,74,3,BUY,1.12,13,False,backfill,,71,NEUTRAL
2026-08-11T13:27:58.733464+09:00,2026-08-11,AFRM,"Affirm Holdings, Inc.",US,금융,2026-08-10,75.54,2894400,3369770.0,3.3139,,84,55,53,51,55,1,HOLD,0.48,6,False,backfill,,19,NEUTRAL
2026-08-11T13:27:58.733464+09:00,2026-08-11,QSR,Restaurant Brands International Inc.,US,소비재,2026-08-10,72.86,2842300,2432525.0,1.6856,,43,55,53,58,52,0,HOLD,-0.06,-1,False,backfill,,58,NEUTRAL
2026-08-11T13:27:58.733464+09:00,2026-08-11,PHM,"PulteGroup, Inc.",US,소비재,2026-08-10,130.05,1348000,1866215.0,4.5121,,91,55,45,60,69,2,WATCH,0.96,12,False,backfill,,83,NEUTRAL
2026-08-11T13:27:58.733464+09:00,2026-08-11,NRG,"NRG Energy, Inc.",US,유틸리티,2026-08-10,118.91,2206400,3284775.0,8.4214,,31,55,50,66,48,0,HOLD,-0.35,-4,False,backfill,,55,NEUTRAL
2026-08-11T13:27:58.733464+09:00,2026-08-11,OKTA,"Okta, Inc.",US,IT,2026-08-10,150.77,2440200,2678955.0,6.0804,,73,55,35,43,55,1,HOLD,0.47,6,False,backfill,,69,NEUTRAL
2026-08-11T13:27:58.733464+09:00,2026-08-11,JBHT,"J.B. Hunt Transport Services, Inc.",US,산업재,2026-08-10,266.14,574500,1049310.0,7.5523,,24,55,43,58,44,0,AVOID,-0.18,-2,True,backfill,,63,NEUTRAL
2026-08-11T13:27:58.733464+09:00,2026-08-11,DRI,"Darden Restaurants, Inc.",US,소비재,2026-08-10,217.97,890500,1275295.0,5.5721,,58,55,35,42,53,1,HOLD,0.33,4,False,backfill,,84,NEUTRAL
2026-08-11T13:27:58.733464+09:00,2026-08-11,SW,Smurfit Westrock plc,US,소비재,2026-08-10,47.16,3449600,5080025.0,2.0994,,69,55,53,58,64,1,HOLD,0.71,9,False,backfill,,77,NEUTRAL
2026-08-11T13:27:58.733464+09:00,2026-08-11,DLTR,"Dollar Tree, Inc.",US,소매,2026-08-10,129.37,2291200,2395105.0,3.8479,,73,55,46,58,58,1,HOLD,0.54,6,False,backfill,,55,NEUTRAL
2026-08-11T13:27:58.733464+09:00,2026-08-11,RL,Ralph Lauren Corporation,US,소비재,2026-08-10,406.89,708200,612250.0,14.0907,,73,55,50,50,58,1,HOLD,0.56,7,False,backfill,,55,NEUTRAL
2026-08-11T13:27:58.733464+09:00,2026-08-11,WST,"West Pharmaceutical Services, Inc.",US,제약/바이오,2026-08-10,352.13,570500,812955.0,11.2144,,84,60,53,37,62,1,HOLD,0.71,9,False,backfill,,67,NEUTRAL
2026-08-11T13:27:58.733464+09:00,2026-08-11,FOX,Fox Corporation,US,인터넷,2026-08-10,56.33,905600,1256120.0,1.666,,77,60,56,68,70,2,WATCH,0.64,8,False,backfill,,85,NEUTRAL
2026-08-11T13:27:58.733464+09:00,2026-08-11,EQR,Equity Residential,US,리츠,2026-08-10,65.83,1875900,2907350.0,1.3443,,47,55,56,53,48,0,HOLD,0.01,0,False,backfill,,32,NEUTRAL
2026-08-11T13:27:58.733464+09:00,2026-08-11,INCY,Incyte Corporation,US,제약/바이오,2026-08-10,121.55,1352400,1969050.0,4.4557,,73,60,43,55,60,2,WATCH,0.62,7,False,backfill,,72,NEUTRAL
2026-08-11T13:27:58.733464+09:00,2026-08-11,KEY,KeyCorp,US,금융,2026-08-10,22.68,7584400,10392065.0,0.4286,,47,55,53,68,52,0,HOLD,0.08,1,False,backfill,,40,NEUTRAL
2026-08-11T13:27:58.733464+09:00,2026-08-11,CHD,"Church & Dwight Co., Inc.",US,소매,2026-08-10,102.986,1761300,1921215.0,2.518,,76,55,35,53,55,1,HOLD,0.44,5,False,backfill,,55,NEUTRAL
2026-08-11T13:27:58.733464+09:00,2026-08-11,TROW,"T. Rowe Price Group, Inc.",US,금융,2026-08-10,113.77,1586600,2061230.0,2.9279,,47,55,45,73,56,1,HOLD,0.25,3,False,backfill,,69,NEUTRAL
2026-08-11T13:27:58.733464+09:00,2026-08-11,PFG,"Principal Financial Group, Inc.",US,금융,2026-08-10,113.81,1145500,1676475.0,2.4207,,69,55,45,68,65,1,HOLD,0.73,9,False,backfill,,87,NEUTRAL
2026-08-11T13:27:58.733464+09:00,2026-08-11,TPL,Texas Pacific Land Corporation,US,에너지,2026-08-10,350.44,473800,328400.0,18.485,,35,55,57,29,37,0,AVOID,-0.6,-7,True,backfill,,19,NEUTRAL
2026-08-11T13:27:58.733464+09:00,2026-08-11,BRO,"Brown & Brown, Inc.",US,금융,2026-08-10,71.4346,1789100,2923475.0,2.6082,,66,55,58,66,66,1,HOLD,0.75,9,False,backfill,,77,NEUTRAL
2026-08-11T13:27:58.733464+09:00,2026-08-11,USFD,US Foods Holding Corp.,US,소매,2026-08-10,108.63,1522200,2443825.0,3.1839,,77,55,45,66,65,2,WATCH,0.76,9,False,backfill,,75,NEUTRAL
2026-08-11T13:27:58.733464+09:00,2026-08-11,MRNA,"Moderna, Inc.",US,제약/바이오,2026-08-10,59.81,6224500,5090135.0,3.5332,,69,60,40,58,56,0,HOLD,0.41,5,False,backfill,,57,NEUTRAL
2026-08-11T13:27:58.733464+09:00,2026-08-11,VLTO,Veralto Corporation,US,산업재,2026-08-10,97.11,1374200,1747575.0,2.7474,,84,55,50,50,68,2,WATCH,0.92,11,False,backfill,,90,NEUTRAL
2026-08-11T13:27:58.733464+09:00,2026-08-11,AER,AerCap Holdings N.V.,US,산업재,2026-08-10,149.1793,1048200,1055450.0,4.1026,,43,55,53,70,55,1,HOLD,0.11,1,False,backfill,,61,NEUTRAL
2026-08-11T13:27:58.733464+09:00,2026-08-11,ULTA,"Ulta Beauty, Inc.",US,소비재,2026-08-10,548.66,727300,572755.0,15.8107,,74,55,50,42,61,2,WATCH,0.6,7,False,backfill,,78,NEUTRAL
2026-08-11T13:27:58.733464+09:00,2026-08-11,VRSK,"Verisk Analytics, Inc.",US,IT,2026-08-10,181.18,2926400,1782395.0,8.6736,,47,55,40,58,43,0,AVOID,-0.18,-2,True,backfill,,26,NEUTRAL
2026-08-11T13:27:58.733464+09:00,2026-08-11,FWONA,Formula One Group,US,인터넷,2026-08-10,93.88,130600,156930.0,2.4686,,91,60,56,38,65,1,HOLD,0.85,10,False,backfill,,66,NEUTRAL
2026-08-11T13:27:58.733464+09:00,2026-08-11,XPO,"XPO Logistics, Inc.",US,산업재,2026-08-10,200.48,655200,1026825.0,7.0907,,25,55,56,42,44,0,AVOID,-0.26,-3,True,backfill,,59,NEUTRAL
2026-08-11T13:27:58.733464+09:00,2026-08-11,L,Loews Corporation,US,금융,2026-08-10,113.8,908600,765535.0,2.3207,,47,55,55,68,58,0,HOLD,0.34,4,False,backfill,,69,NEUTRAL
2026-08-11T13:27:58.733464+09:00,2026-08-11,EXPD,"Expeditors International of Washington, ",US,산업재,2026-08-10,179.0,1033400,1356895.0,4.935,,84,55,45,42,64,2,WATCH,0.85,10,False,backfill,,86,NEUTRAL
2026-08-11T13:27:58.733464+09:00,2026-08-11,BURL,"Burlington Stores, Inc.",US,소비재,2026-08-10,371.5,1153100,661400.0,10.1007,,95,55,43,58,68,2,WATCH,0.97,12,False,backfill,,77,NEUTRAL
2026-08-11T13:27:58.733464+09:00,2026-08-11,BNTX,BioNTech SE,US,제약/바이오,2026-08-10,92.8,731100,966610.0,2.7918,,73,60,53,58,64,2,WATCH,0.52,6,False,backfill,,71,NEUTRAL
2026-08-11T13:27:58.733464+09:00,2026-08-11,AXIA,AXIA Energia S.A.,US,유틸리티,2026-08-10,10.29,5634840,,,,10,55,55,78,43,1,AVOID,-0.57,-7,True,backfill,,,
2026-08-11T13:27:58.733464+09:00,2026-08-11,STE,STERIS plc,US,제약/바이오,2026-08-10,238.91,700900,779335.0,6.9436,,69,60,46,58,63,1,HOLD,0.69,8,False,backfill,,84,NEUTRAL
2026-08-11T13:27:58.733464+09:00,2026-08-11,SOFI,"SoFi Technologies, Inc.",US,금융,2026-08-10,18.12,38213700,78434735.0,0.851,,69,55,40,66,54,0,HOLD,0.3,4,False,backfill,,40,NEUTRAL
2026-08-11T13:27:58.733464+09:00,2026-08-11,OMC,Omnicom Group Inc.,US,인터넷,2026-08-10,84.65,1941900,3232825.0,3.205,,91,60,50,46,58,1,HOLD,0.63,8,False,backfill,,34,NEUTRAL
2026-08-11T13:27:58.733464+09:00,2026-08-11,FFIV,"F5, Inc.",US,IT,2026-08-10,409.99,689900,746970.0,16.6957,,84,55,40,58,64,2,WATCH,0.77,9,False,backfill,,75,NEUTRAL
2026-08-11T13:27:58.733464+09:00,2026-08-11,IOT,Samsara Inc.,US,IT,2026-08-10,39.86,8646400,5564525.0,2.3608,,95,55,40,35,60,1,HOLD,0.76,9,False,backfill,,63,NEUTRAL
2026-08-11T13:27:58.733464+09:00,2026-08-11,IHG,InterContinental Hotels Group PLC,US,소비재,2026-08-10,155.63,318000,264015.0,3.1807,,28,55,50,58,47,0,HOLD,-0.14,-2,False,backfill,,60,NEUTRAL
2026-08-11T13:27:58.733464+09:00,2026-08-11,TCPA,TransCanada PipeLines Limited 6,US,에너지,2026-08-10,22.65,11600,25080.0,0.2086,,28,55,55,50,43,0,AVOID,-0.38,-5,True,backfill,,40,NEUTRAL
2026-08-11T13:27:58.733464+09:00,2026-08-11,KOF,"Coca-Cola FEMSA, S.A.B. de C.V.",US,소매,2026-08-10,109.02,94100,139055.0,2.9993,,87,55,53,63,65,1,HOLD,0.67,8,False,backfill,,52,NEUTRAL
2026-08-11T13:27:58.733464+09:00,2026-08-11,MKL,Markel Corporation,US,금융,2026-08-10,1840.08,55800,66700.0,46.5107,,43,55,45,62,43,0,AVOID,-0.32,-4,True,backfill,,19,NEUTRAL
2026-08-11T13:27:58.733464+09:00,2026-08-11,STZ,"Constellation Brands, Inc.",US,소매,2026-08-10,133.39,1190200,1868765.0,2.8325,,72,55,50,68,64,2,WATCH,0.44,5,False,backfill,,70,NEUTRAL
2026-08-11T13:27:58.733464+09:00,2026-08-11,PKG,Packaging Corporation of America,US,소비재,2026-08-10,254.75,504700,736745.0,7.8436,,81,55,53,58,67,2,WATCH,0.89,11,False,backfill,,78,NEUTRAL
2026-08-11T13:27:58.733464+09:00,2026-08-11,FICO,Fair Isaac Corporation,US,IT,2026-08-10,1049.74,294800,371390.0,72.6993,,28,55,53,66,50,0,HOLD,-0.19,-2,False,backfill,,62,NEUTRAL
2026-08-11T13:27:58.733464+09:00,2026-08-11,MTSI,"MACOM Technology Solutions Holdings, Inc",US,반도체,2026-08-10,297.03,1272200,1548485.0,20.5157,,55,60,40,35,45,0,HOLD,-0.31,-4,False,backfill,,47,NEUTRAL
2026-08-11T13:27:58.733464+09:00,2026-08-11,EXE,Expand Energy Corporation,US,에너지,2026-08-10,96.9774,3261700,3650825.0,2.9861,,77,55,68,78,66,2,WATCH,0.58,7,False,backfill,,35,NEUTRAL
2026-08-11T13:27:58.733464+09:00,2026-08-11,FCNCN,"First Citizens BancShares, Inc. Deposita",US,금융,2026-08-10,25.02,7200,24820.0,0.1786,,28,55,55,50,43,0,AVOID,-0.31,-4,True,backfill,,40,NEUTRAL
2026-08-11T13:27:58.733464+09:00,2026-08-11,ROKU,"Roku, Inc.",US,인터넷,2026-08-10,151.84,2820200,2783410.0,1.9598,,78,60,43,35,57,1,HOLD,0.59,7,False,backfill,,68,NEUTRAL
2026-08-11T13:27:58.733464+09:00,2026-08-11,UTHR,United Therapeutics Corporation,US,제약/바이오,2026-08-10,529.66,642800,523220.0,13.9529,,65,60,35,50,52,0,HOLD,0.04,0,False,backfill,,62,NEUTRAL
2026-08-11T13:27:58.733464+09:00,2026-08-11,GH,"Guardant Health, Inc.",US,제약/바이오,2026-08-10,167.21,1521500,2029520.0,8.5021,,92,60,35,58,62,1,HOLD,0.73,9,False,backfill,,60,NEUTRAL
2026-08-11T13:27:58.733464+09:00,2026-08-11,STRD,Strategy Inc,US,IT,2026-08-10,67.18,76900,125460.0,1.715,,69,55,58,60,58,0,HOLD,0.21,3,False,backfill,,42,NEUTRAL
2026-08-11T13:27:58.733464+09:00,2026-08-11,CMSA,CMS Energy Corporation 5.6% JRSUB NT 78,US,유틸리티,2026-08-10,20.58,23400,12935.0,0.1284,,20,55,55,70,44,1,AVOID,-0.45,-5,True,backfill,,40,NEUTRAL
2026-08-11T13:27:58.733464+09:00,2026-08-11,DOW,Dow Inc.,US,소재,2026-08-10,30.58,7474900,10050605.0,1.3139,,55,55,35,55,43,0,AVOID,-0.43,-5,True,backfill,,27,NEUTRAL
2026-08-11T13:27:58.733464+09:00,2026-08-11,TW,Tradeweb Markets Inc.,US,금융,2026-08-10,103.7,785000,1745550.0,3.7054,,80,55,53,50,67,2,WATCH,0.62,7,False,backfill,,84,NEUTRAL
2026-08-11T13:27:58.733464+09:00,2026-08-11,FTAI,FTAI Aviation Ltd.,US,산업재,2026-08-10,214.5235,1097200,1786140.0,15.0348,,55,55,50,34,47,0,HOLD,-0.23,-3,False,backfill,,44,NEUTRAL
2026-08-11T13:27:58.733464+09:00,2026-08-11,ENTG,"Entegris, Inc.",US,반도체,2026-08-10,144.21,1700100,2884210.0,10.0291,,65,60,46,43,54,0,HOLD,0.18,2,False,backfill,,62,NEUTRAL
2026-08-11T13:27:58.733464+09:00,2026-08-11,FIS,"Fidelity National Information Services, ",US,IT,2026-08-10,42.51,4649500,6798560.0,1.9221,,43,55,58,86,62,2,WATCH,0.28,3,False,backfill,,71,NEUTRAL
2026-08-11T13:27:58.733464+09:00,2026-08-11,LUV,Southwest Airlines Co.,US,산업재,2026-08-10,44.9,5579300,5676300.0,1.87,,47,55,53,58,54,0,HOLD,0.26,3,False,backfill,,61,NEUTRAL
2026-08-11T13:27:58.733464+09:00,2026-08-11,IP,International Paper Company,US,소재,2026-08-10,40.8745,2561100,5564790.0,1.8708,,66,55,45,68,62,1,HOLD,0.61,7,False,backfill,,75,NEUTRAL
2026-08-11T13:27:58.733464+09:00,2026-08-11,RS,Reliance Steel & Aluminum Co.,US,소재,2026-08-10,427.2302,316400,350060.0,12.5672,,73,55,50,58,64,2,WATCH,0.74,9,False,backfill,,77,NEUTRAL
2026-08-11T13:27:58.733464+09:00,2026-08-11,PAAS,Pan American Silver Corp.,US,소재,2026-08-10,51.8,4568900,3798740.0,2.025,,49,55,50,71,54,1,HOLD,-0.12,-1,False,backfill,,53,NEUTRAL
2026-08-11T13:27:58.733464+09:00,2026-08-11,AMCR,Amcor plc,US,소비재,2026-08-10,47.11,2380800,3694270.0,1.255,,91,55,61,66,74,2,WATCH,1.14,14,False,backfill,,78,NEUTRAL
2026-08-11T13:27:58.733464+09:00,2026-08-11,IFF,International Flavors & Fragrances Inc.,US,소재,2026-08-10,85.09,1814700,1807780.0,2.8864,,91,55,56,42,62,1,HOLD,0.71,9,False,backfill,,48,NEUTRAL
2026-08-11T13:27:58.733464+09:00,2026-08-11,CIB,Grupo Cibest S.A.,US,금융,2026-08-10,91.47,265700,292760.0,2.9036,,73,55,53,88,69,2,WATCH,0.8,10,False,backfill,,66,NEUTRAL
2026-08-11T13:27:58.733464+09:00,2026-08-11,CMS,CMS Energy Corporation,US,유틸리티,2026-08-10,69.06,3919000,3836240.0,1.5758,,28,55,45,50,42,0,AVOID,-0.44,-5,True,backfill,,48,NEUTRAL
2026-08-11T13:27:58.733464+09:00,2026-08-11,BG,Bunge Global S.A.,US,소매,2026-08-10,112.65,1250400,1414850.0,4.1564,,25,55,55,50,39,0,AVOID,-0.59,-7,True,backfill,,27,NEUTRAL
2026-08-11T13:27:58.733464+09:00,2026-08-11,MTZ,"MasTec, Inc.",US,산업재,2026-08-10,268.28,1311300,1552210.0,24.2586,,15,55,48,42,33,0,AVOID,-0.9,-11,True,backfill,,27,NEUTRAL
2026-08-11T13:27:58.733464+09:00,2026-08-11,GPN,Global Payments Inc.,US,금융,2026-08-10,86.13,2691000,3458160.0,3.0957,,73,55,45,76,67,3,WATCH,0.8,10,False,backfill,,84,NEUTRAL
2026-08-11T13:27:58.733464+09:00,2026-08-11,EFX,Equifax Inc.,US,산업재,2026-08-10,181.04,938900,1811705.0,7.5264,,84,55,38,58,64,2,WATCH,0.68,8,False,backfill,,78,NEUTRAL
2026-08-11T13:27:58.733464+09:00,2026-08-11,SNA,Snap-on Incorporated,US,산업재,2026-08-10,411.11,228300,400690.0,9.5757,,69,55,35,58,55,0,HOLD,0.37,4,False,backfill,,61,NEUTRAL
2026-08-11T13:27:58.733464+09:00,2026-08-11,LEN,Lennar Corporation,US,소비재,2026-08-10,85.6,1644700,2426630.0,2.8721,,72,55,50,73,61,2,WATCH,0.35,4,False,backfill,,47,NEUTRAL
2026-08-11T13:27:58.733464+09:00,2026-08-11,WWD,"Woodward, Inc.",US,산업재,2026-08-10,356.11,629300,674385.0,16.105,,20,55,40,34,31,0,AVOID,-0.76,-9,True,backfill,,32,NEUTRAL
2026-08-11T13:27:58.733464+09:00,2026-08-11,BCE,BCE Inc.,US,인터넷,2026-08-10,22.54,3521200,4261690.0,0.4857,,72,60,53,86,64,2,WATCH,0.38,5,False,backfill,,49,NEUTRAL
2026-08-11T13:27:58.733464+09:00,2026-08-11,BCH,Banco de Chile,US,금융,2026-08-10,41.49,179800,286110.0,1.1557,,62,55,50,70,59,1,HOLD,0.49,6,False,backfill,,58,NEUTRAL
2026-08-11T13:27:58.733464+09:00,2026-08-11,THC,Tenet Healthcare Corporation,US,제약/바이오,2026-08-10,259.93,889100,1462570.0,12.8279,,73,60,40,78,67,3,WATCH,0.77,9,False,backfill,,86,NEUTRAL
2026-08-11T13:27:58.733464+09:00,2026-08-11,AS,"Amer Sports, Inc.",US,소비재,2026-08-10,36.17,4049200,4215005.0,1.2379,,80,55,35,58,57,1,HOLD,0.39,5,False,backfill,,55,NEUTRAL
2026-08-11T13:27:58.733464+09:00,2026-08-11,SQM,Sociedad Química y Minera de Chile S.A.,US,소재,2026-08-10,72.84,669500,1046375.0,2.1957,,59,55,53,74,57,1,HOLD,-0.02,0,False,backfill,,41,NEUTRAL
2026-08-11T13:27:58.733464+09:00,2026-08-11,SOJD,Southern Company (The) Series 2,US,유틸리티,2026-08-10,18.56,85600,76795.0,0.1434,,28,55,58,50,44,0,AVOID,-0.38,-5,True,backfill,,40,NEUTRAL
2026-08-11T13:27:58.733464+09:00,2026-08-11,TOST,"Toast, Inc.",US,IT,2026-08-10,35.69,8964500,10383715.0,1.5171,,75,55,43,50,59,1,HOLD,0.61,7,False,backfill,,69,NEUTRAL
2026-08-11T13:27:58.733464+09:00,2026-08-11,CHTR,"Charter Communications, Inc.",US,인터넷,2026-08-10,153.29,1515600,3105250.0,7.9929,,70,60,53,86,65,2,WATCH,0.53,6,False,backfill,,56,NEUTRAL
2026-08-11T13:27:58.733464+09:00,2026-08-11,SMCI,"Super Micro Computer, Inc.",US,IT,2026-08-10,31.46,56320400,45500355.0,2.55,,72,55,48,68,57,1,HOLD,0.19,2,False,backfill,,39,NEUTRAL
2026-08-11T13:27:58.733464+09:00,2026-08-11,SNX,TD Synnex Corp,US,IT,2026-08-10,253.74,728700,694885.0,8.8836,,69,55,46,66,56,0,HOLD,0.3,4,False,backfill,,39,NEUTRAL
2026-08-11T13:27:58.733464+09:00,2026-08-11,TSN,"Tyson Foods, Inc.",US,소매,2026-08-10,57.16,2473700,3202265.0,1.7971,,43,55,53,66,46,0,HOLD,-0.41,-5,False,backfill,,20,NEUTRAL
2026-08-11T13:27:58.733464+09:00,2026-08-11,LYB,LyondellBasell Industries N.V.,US,소재,2026-08-10,62.65,4165300,4620425.0,2.5514,,77,55,45,78,58,2,HOLD,0.08,1,False,backfill,,27,NEUTRAL
2026-08-11T13:27:58.733464+09:00,2026-08-11,RBRK,"Rubrik, Inc.",US,IT,2026-08-10,97.91,5989100,2704075.0,4.4246,,77,55,40,35,59,2,HOLD,0.66,8,False,backfill,,84,NEUTRAL
2026-08-11T13:27:58.733464+09:00,2026-08-11,STRK,Strategy Inc,US,IT,2026-08-10,67.56,97300,81715.0,1.8988,,77,55,48,60,56,1,HOLD,0.13,2,False,backfill,,33,NEUTRAL
2026-08-11T13:27:58.733464+09:00,2026-08-11,BR,"Broadridge Financial Solutions, Inc.",US,IT,2026-08-10,173.4,1745500,1179975.0,6.7886,,66,55,53,68,64,1,HOLD,0.69,8,False,backfill,,75,NEUTRAL
2026-08-11T13:27:58.733464+09:00,2026-08-11,SOJC,The Southern Company JR 2017B NT 77,US,유틸리티,2026-08-10,20.05,30300,29985.0,0.1517,,50,55,58,60,52,0,HOLD,-0.04,0,False,backfill,,40,NEUTRAL
2026-08-11T13:27:58.733464+09:00,2026-08-11,NI,NiSource Inc,US,유틸리티,2026-08-10,41.78,7672900,5797665.0,1.0033,,20,55,35,42,30,0,AVOID,-0.91,-11,True,backfill,,26,NEUTRAL
2026-08-11T13:27:58.733464+09:00,2026-08-11,YPF,YPF Sociedad Anónima,US,에너지,2026-08-10,50.94,1318400,1106260.0,1.6764,,62,55,75,70,68,2,WATCH,0.8,10,False,backfill,,67,NEUTRAL
2026-08-11T13:27:58.733464+09:00,2026-08-11,RIVN,"Rivian Automotive, Inc.",US,소비재,2026-08-10,16.39,18181200,25746275.0,0.835,,32,55,38,50,44,0,AVOID,-0.06,-1,True,backfill,,67,NEUTRAL
2026-08-11T13:27:58.733464+09:00,2026-08-11,GIS,"General Mills, Inc.",US,소매,2026-08-10,37.26,8755300,9339480.0,1.1221,,55,55,50,73,60,1,HOLD,0.45,5,False,backfill,,69,NEUTRAL
2026-08-11T13:27:58.733464+09:00,2026-08-11,RGLD,"Royal Gold, Inc.",US,소재,2026-08-10,234.13,772800,716545.0,7.335,,54,55,53,50,52,0,HOLD,0.02,0,False,backfill,,49,NEUTRAL
2026-08-11T13:27:58.733464+09:00,2026-08-11,ATHS,Athene Holding Ltd. 7.250% Fixe,US,금융,2026-08-10,24.77,24900,27075.0,0.2091,,80,55,58,50,59,1,HOLD,0.43,5,False,backfill,,40,NEUTRAL
2026-08-11T13:27:58.733464+09:00,2026-08-11,MKSI,MKS Inc.,US,IT,2026-08-10,292.35,1068300,1572730.0,24.85,,25,55,35,50,34,0,AVOID,-0.75,-9,True,backfill,,32,NEUTRAL
2026-08-11T13:27:58.733464+09:00,2026-08-11,WIT,Wipro Limited,US,IT,2026-08-10,1.99,3142900,8484250.0,0.0756,,76,55,50,68,63,1,HOLD,0.55,7,False,backfill,,56,NEUTRAL
2026-08-11T13:27:58.733464+09:00,2026-08-11,WES,"Western Midstream Partners, LP",US,에너지,2026-08-10,47.4,1250900,834015.0,1.0335,,66,55,56,68,57,0,HOLD,0.37,4,False,backfill,,34,NEUTRAL
2026-08-11T13:27:58.733464+09:00,2026-08-11,BEKE,KE Holdings Inc.,US,리츠,2026-08-10,17.65,2882300,3200365.0,0.3717,,77,55,50,58,58,1,HOLD,0.26,3,False,backfill,,44,NEUTRAL
2026-08-11T13:27:58.733464+09:00,2026-08-11,SBAC,SBA Communications Corporation,US,리츠,2026-08-10,181.05,1367500,1128415.0,7.3007,,55,55,53,45,48,0,HOLD,-0.24,-3,False,backfill,,33,NEUTRAL
2026-08-11T13:27:58.733464+09:00,2026-08-11,DD,"DuPont de Nemours, Inc.",US,소재,2026-08-10,141.55,1337500,1736480.0,4.3743,,65,55,37,51,50,0,HOLD,-0.05,-1,False,backfill,,44,NEUTRAL
2026-08-11T13:27:58.733464+09:00,2026-08-11,VIV,Telefônica Brasil S.A.,US,인터넷,2026-08-10,11.93,683400,1343855.0,0.3595,,25,60,50,84,44,1,AVOID,-0.62,-7,True,backfill,,23,NEUTRAL
2026-08-11T13:27:58.733464+09:00,2026-08-11,MGA,Magna International Inc.,US,소비재,2026-08-10,69.3956,823800,1395825.0,2.2667,,91,55,45,74,72,3,BUY,1.01,12,False,backfill,,84,NEUTRAL
2026-08-11T13:27:58.733464+09:00,2026-08-11,VTRS,Viatris Inc.,US,제약/바이오,2026-08-10,16.28,13226000,10482830.0,0.5643,,43,60,48,78,56,1,HOLD,0.03,0,False,backfill,,63,NEUTRAL
2026-08-11T13:27:58.733464+09:00,2026-08-11,ZTO,ZTO Express (Cayman) Inc.,US,산업재,2026-08-10,23.93,1474400,1860725.0,0.5086,,43,55,45,76,54,1,HOLD,-0.05,-1,False,backfill,,60,NEUTRAL
2026-08-11T13:27:58.733464+09:00,2026-08-11,GMAB,Genmab A/S,US,제약/바이오,2026-08-10,30.87,2799600,1953200.0,0.8375,,71,60,50,58,64,2,WATCH,0.72,9,False,backfill,,78,NEUTRAL
2026-08-11T13:27:58.733464+09:00,2026-08-11,ITT,ITT Inc.,US,산업재,2026-08-10,211.92,715300,1037600.0,7.275,,74,55,45,50,60,2,WATCH,0.47,6,False,backfill,,72,NEUTRAL
2026-08-11T13:27:58.733464+09:00,2026-08-11,TPG,TPG Inc.,US,금융,2026-08-10,48.8721,1887700,2461835.0,1.7956,,71,55,53,43,63,2,WATCH,0.72,9,False,backfill,,84,NEUTRAL
2026-08-11T13:27:58.733464+09:00,2026-08-11,EVRG,"Evergy, Inc.",US,유틸리티,2026-08-10,82.09,2642700,1957000.0,1.6571,,43,55,38,42,36,0,AVOID,-0.48,-6,True,backfill,,19,NEUTRAL
2026-08-11T13:27:58.733464+09:00,2026-08-11,ZBH,"Zimmer Biomet Holdings, Inc.",US,제약/바이오,2026-08-10,97.78,3278500,2649725.0,3.2057,,78,60,56,74,72,3,BUY,1.0,12,False,backfill,,87,NEUTRAL
2026-08-11T13:27:58.733464+09:00,2026-08-11,FN,Fabrinet,US,IT,2026-08-10,527.07,462000,787135.0,41.2057,,55,55,53,34,46,0,HOLD,-0.28,-3,False,backfill,,32,NEUTRAL
2026-08-11T13:27:58.733464+09:00,2026-08-11,U,Unity Software Inc.,US,IT,2026-08-10,43.1,14606400,11130275.0,2.3689,,70,55,38,50,61,2,WATCH,0.66,8,False,backfill,,93,NEUTRAL
2026-08-11T13:27:58.733464+09:00,2026-08-11,AQNB,Algonquin Power & Utilities Corp.,US,유틸리티,2026-08-10,25.6,6000,15160.0,0.0933,,87,55,55,50,61,1,HOLD,0.49,6,False,backfill,,40,NEUTRAL
2026-08-11T13:27:58.733464+09:00,2026-08-11,SSNC,"SS&C Technologies Holdings, Inc.",US,IT,2026-08-10,79.77,1185000,2082205.0,2.6579,,69,55,53,74,62,1,HOLD,0.62,7,False,backfill,,55,NEUTRAL
2026-08-11T13:27:58.733464+09:00,2026-08-11,CDE,"Coeur Mining, Inc.",US,소재,2026-08-10,18.15,36207400,34952360.0,1.0929,,69,55,50,63,61,0,HOLD,0.29,3,False,backfill,,62,NEUTRAL
2026-08-11T13:27:58.733464+09:00,2026-08-11,RCI,Rogers Communications Inc.,US,인터넷,2026-08-10,34.62,1259500,1518845.0,0.85,,65,60,53,86,67,2,WATCH,0.45,5,False,backfill,,70,NEUTRAL
2026-08-11T13:27:58.733464+09:00,2026-08-11,CF,"CF Industries Holdings, Inc.",US,소재,2026-08-10,120.8573,2779400,2256420.0,4.8045,,58,55,45,73,60,2,WATCH,0.26,3,False,backfill,,71,NEUTRAL
2026-08-11T13:27:58.733464+09:00,2026-08-11,FTV,Fortive Corporation,US,IT,2026-08-10,61.75,2021100,3008535.0,1.8807,,65,55,45,66,60,0,HOLD,0.38,5,False,backfill,,69,NEUTRAL
2026-08-11T13:27:58.733464+09:00,2026-08-11,GPC,Genuine Parts Company,US,소비재,2026-08-10,134.54,1597500,1628260.0,4.0407,,75,55,50,43,62,2,WATCH,0.71,9,False,backfill,,77,NEUTRAL
2026-08-11T13:27:58.733464+09:00,2026-08-11,DKS,"DICK'S Sporting Goods, Inc.",US,소비재,2026-08-10,214.1,1989400,1271520.0,6.2007,,72,55,53,50,57,1,HOLD,0.29,3,False,backfill,,47,NEUTRAL
2026-08-11T13:27:58.733464+09:00,2026-08-11,APG,APi Group Corporation,US,산업재,2026-08-10,42.32,2480000,2865000.0,1.2936,,59,55,40,50,52,0,HOLD,0.04,0,False,backfill,,61,NEUTRAL
2026-08-11T13:27:58.733464+09:00,2026-08-11,WY,Weyerhaeuser Company,US,리츠,2026-08-10,25.29,6445000,5536370.0,0.7164,,91,55,53,50,67,2,WATCH,0.87,10,False,backfill,,71,NEUTRAL
2026-08-11T13:27:58.733464+09:00,2026-08-11,SITM,SiTime Corporation,US,반도체,2026-08-10,689.96,547700,516575.0,55.8453,,59,60,40,30,44,0,AVOID,-0.31,-4,True,backfill,,41,NEUTRAL
2026-08-11T13:27:58.733464+09:00,2026-08-11,OWL,Blue Owl Capital Inc.,US,금융,2026-08-10,11.4307,13074500,19986790.0,0.4421,,69,55,53,59,65,1,HOLD,0.77,9,False,backfill,,84,NEUTRAL
2026-08-11T13:27:58.733464+09:00,2026-08-11,ESS,"Essex Property Trust, Inc.",US,리츠,2026-08-10,283.21,290300,470130.0,6.0093,,47,55,45,45,52,1,HOLD,0.15,2,False,backfill,,75,NEUTRAL
2026-08-11T13:27:58.733464+09:00,2026-08-11,TSCO,Tractor Supply Company,US,소비재,2026-08-10,34.62,20045300,11758600.0,1.1457,,66,55,68,60,70,1,HOLD,0.93,11,False,backfill,,90,NEUTRAL
2026-08-11T13:27:58.733464+09:00,2026-08-11,EWBC,"East West Bancorp, Inc.",US,금융,2026-08-10,131.85,570900,727425.0,2.2762,,62,55,43,55,48,0,HOLD,0.08,1,False,backfill,,28,NEUTRAL
2026-08-11T13:27:58.733464+09:00,2026-08-11,ZBRA,Zebra Technologies Corporation,US,IT,2026-08-10,378.08,564400,872250.0,16.3914,,77,55,45,66,67,2,WATCH,0.82,10,False,backfill,,84,NEUTRAL
2026-08-11T13:27:58.733464+09:00,2026-08-11,CRCL,Circle Internet Group,US,금융,2026-08-10,67.05,7901700,11826725.0,4.5407,,55,55,40,55,51,0,HOLD,-0.15,-2,False,backfill,,59,NEUTRAL
2026-08-11T13:27:58.733464+09:00,2026-08-11,ROL,"Rollins, Inc.",US,산업재,2026-08-10,37.23,4902200,6473440.0,1.5155,,7,55,45,37,31,0,AVOID,-0.98,-12,True,backfill,,38,NEUTRAL
2026-08-11T13:27:58.733464+09:00,2026-08-11,PFGC,Performance Food Group Co,US,소매,2026-08-10,113.79,1263600,1627015.0,2.8105,,73,55,35,58,57,1,HOLD,0.51,6,False,backfill,,67,NEUTRAL
2026-08-11T13:27:58.733464+09:00,2026-08-11,WCC,"WESCO International, Inc.",US,산업재,2026-08-10,366.55,474800,736840.0,15.4471,,72,55,55,58,65,2,WATCH,0.57,7,False,backfill,,76,NEUTRAL
2026-08-11T13:27:58.733464+09:00,2026-08-11,KSPI,Joint Stock Company Kaspi.kz,US,IT,2026-08-10,94.0,1384600,468350.0,2.8003,,88,55,45,80,66,2,WATCH,0.75,9,False,backfill,,51,NEUTRAL
2026-08-11T13:27:58.733464+09:00,2026-08-11,SBS,Companhia de Saneamento Básico do Estado,US,유틸리티,2026-08-10,5.21,5795600,5804675.0,0.1679,,18,55,40,70,36,1,AVOID,-0.87,-10,True,backfill,,23,NEUTRAL
2026-08-11T13:27:58.733464+09:00,2026-08-11,NWS,News Corporation,US,인터넷,2026-08-10,32.5,752300,1101475.0,1.125,,87,60,53,66,63,1,HOLD,0.59,7,False,backfill,,39,NEUTRAL
2026-08-11T13:27:58.733464+09:00,2026-08-11,PR,Permian Resources Corporation,US,에너지,2026-08-10,21.23,8567700,8964375.0,0.7867,,62,55,50,68,54,0,HOLD,0.2,2,False,backfill,,34,NEUTRAL
2026-08-11T13:27:58.733464+09:00,2026-08-11,INVH,Invitation Homes Inc.,US,리츠,2026-08-10,29.89,3050500,4321435.0,0.582,,43,55,48,53,50,0,HOLD,0.04,0,False,backfill,,63,NEUTRAL
2026-08-11T13:27:58.733464+09:00,2026-08-11,JHX,James Hardie Industries plc,US,소재,2026-08-10,30.43,6298800,8060035.0,1.0529,,77,55,56,51,64,2,WATCH,0.8,10,False,backfill,,72,NEUTRAL
2026-08-11T13:27:58.733464+09:00,2026-08-11,PKX,POSCO Holdings Inc.,US,소재,2026-08-10,58.36,441200,349325.0,2.0064,,59,55,50,66,49,0,HOLD,-0.25,-3,False,backfill,,17,NEUTRAL
2026-08-11T13:27:58.733464+09:00,2026-08-11,LNT,Alliant Energy Corporation,US,유틸리티,2026-08-10,68.21,2749800,2596655.0,1.4456,,20,55,50,42,39,0,AVOID,-0.53,-6,True,backfill,,48,NEUTRAL
2026-08-11T13:27:58.733464+09:00,2026-08-11,RBC,RBC Bearings Incorporated,US,산업재,2026-08-10,556.5,189700,253785.0,19.7557,,28,55,43,50,44,0,AVOID,-0.43,-5,True,backfill,,61,NEUTRAL
2026-08-11T13:27:58.733464+09:00,2026-08-11,LSCC,Lattice Semiconductor Corporation,US,반도체,2026-08-10,128.32,1400900,1983180.0,9.2086,,50,60,43,43,44,0,AVOID,-0.18,-2,True,backfill,,39,NEUTRAL
2026-08-11T13:27:58.733464+09:00,2026-08-11,OVV,Ovintiv Inc.,US,에너지,2026-08-10,63.56,3764400,3511050.0,2.4386,,66,55,45,76,65,2,WATCH,0.6,7,False,backfill,,83,NEUTRAL
2026-08-11T13:27:58.733464+09:00,2026-08-11,GEN,Gen Digital Inc.,US,IT,2026-08-10,29.1614,5722300,4746105.0,0.9828,,82,55,53,76,72,3,BUY,1.0,12,False,backfill,,83,NEUTRAL
2026-08-11T13:27:58.733464+09:00,2026-08-11,LDOS,"Leidos Holdings, Inc.",US,IT,2026-08-10,139.1,1884700,1614510.0,5.255,,66,55,45,68,58,0,HOLD,0.4,5,False,backfill,,56,NEUTRAL
2026-08-11T13:27:58.733464+09:00,2026-08-11,BIP,Brookfield Infrastructure Partners L.P.,US,유틸리티,2026-08-10,37.98,1065100,1196055.0,1.3393,,46,55,53,30,48,0,HOLD,0.03,0,False,backfill,,63,NEUTRAL
2026-08-11T13:27:58.733464+09:00,2026-08-11,CHRW,"C.H. Robinson Worldwide, Inc.",US,산업재,2026-08-10,148.29,1309400,2586985.0,9.2679,,17,55,45,50,40,0,AVOID,-0.62,-7,True,backfill,,58,NEUTRAL
2026-08-11T13:27:58.733464+09:00,2026-08-11,RBA,"RB Global, Inc.",US,산업재,2026-08-10,93.82,1838600,1465760.0,4.1764,,20,55,50,50,35,0,AVOID,-0.75,-9,True,backfill,,22,NEUTRAL
2026-08-11T13:27:58.733464+09:00,2026-08-11,PTC,PTC Inc.,US,IT,2026-08-10,151.02,1317500,1666200.0,6.5679,,62,55,53,68,58,0,HOLD,0.29,3,False,backfill,,47,NEUTRAL
2026-08-11T13:27:58.733464+09:00,2026-08-11,CDW,CDW Corporation,US,IT,2026-08-10,136.43,1482600,2128460.0,7.8879,,58,55,50,68,63,1,HOLD,0.61,7,False,backfill,,84,NEUTRAL
2026-08-11T13:27:58.733464+09:00,2026-08-11,DUKB,Duke Energy Corporation 5.625%,US,유틸리티,2026-08-10,22.41,26300,38465.0,0.1607,,20,55,58,50,41,0,AVOID,-0.48,-6,True,backfill,,40,NEUTRAL
2026-08-11T13:27:58.733464+09:00,2026-08-11,NTNX,"Nutanix, Inc.",US,IT,2026-08-10,64.46,2302500,2511445.0,2.1676,,77,55,53,43,64,2,WATCH,0.82,10,False,backfill,,84,NEUTRAL
2026-08-11T13:27:58.733464+09:00,2026-08-11,BEN,"Franklin Resources, Inc.",US,금융,2026-08-10,33.52,3558000,4907230.0,0.9814,,91,55,48,58,69,2,WATCH,0.87,10,False,backfill,,77,NEUTRAL
2026-08-11T13:27:58.733464+09:00,2026-08-11,J,Jacobs Solutions Inc.,US,산업재,2026-08-10,147.33,1033600,907365.0,4.245,,70,55,55,58,64,2,WATCH,0.75,9,False,backfill,,77,NEUTRAL
2026-08-11T13:27:58.733464+09:00,2026-08-11,BBY,"Best Buy Co., Inc.",US,소비재,2026-08-10,82.43,2573000,3402790.0,2.9057,,54,55,38,76,58,2,HOLD,0.41,5,False,backfill,,77,NEUTRAL
2026-08-11T13:27:58.733464+09:00,2026-08-11,NLY,"Annaly Capital Management, Inc.",US,리츠,2026-08-10,22.91,6991800,7737515.0,0.4243,,69,55,56,65,64,0,HOLD,0.59,7,False,backfill,,69,NEUTRAL
2026-08-11T13:27:58.733464+09:00,2026-08-11,CG,The Carlyle Group Inc.,US,금융,2026-08-10,47.4605,4487800,3630855.0,1.7262,,80,55,45,58,57,1,HOLD,0.29,3,False,backfill,,40,NEUTRAL
2026-08-11T13:27:58.733464+09:00,2026-08-11,NDSN,Nordson Corporation,US,산업재,2026-08-10,308.69,224800,329390.0,5.9179,,81,55,50,58,66,2,WATCH,0.78,9,False,backfill,,77,NEUTRAL
2026-08-11T13:27:58.733464+09:00,2026-08-11,IEX,IDEX Corporation,US,산업재,2026-08-10,233.27,536400,768560.0,6.015,,91,55,53,58,70,2,WATCH,0.94,11,False,backfill,,75,NEUTRAL
2026-08-11T13:27:58.733464+09:00,2026-08-11,AKAM,"Akamai Technologies, Inc.",US,IT,2026-08-10,117.65,6105700,3774205.0,6.7,,40,55,45,50,43,0,AVOID,-0.49,-6,True,backfill,,36,NEUTRAL
2026-08-11T13:27:58.733464+09:00,2026-08-11,WF,Woori Financial Group Inc.,US,금융,2026-08-10,70.19,79400,144615.0,2.2643,,84,55,50,88,61,2,WATCH,0.44,5,False,backfill,,14,NEUTRAL
2026-08-11T13:27:58.733464+09:00,2026-08-11,NVR,"NVR, Inc.",US,소비재,2026-08-10,6292.2798,44000,36990.0,222.4551,,32,55,50,63,49,0,HOLD,-0.06,-1,False,backfill,,58,NEUTRAL
2026-08-11T13:27:58.733464+09:00,2026-08-11,YUMC,"Yum China Holdings, Inc.",US,소비재,2026-08-10,48.19,939900,1675760.0,1.1386,,65,55,48,68,52,0,HOLD,0.11,1,False,backfill,,25,NEUTRAL
2026-08-11T13:27:58.733464+09:00,2026-08-11,MEDP,"Medpace Holdings, Inc.",US,제약/바이오,2026-08-10,602.43,233600,369085.0,26.8584,,63,60,35,37,48,0,HOLD,0.23,3,False,backfill,,57,NEUTRAL
2026-08-11T13:27:58.733464+09:00,2026-08-11,BSAC,Banco Santander-Chile,US,금융,2026-08-10,35.48,172500,286405.0,0.8414,,91,55,50,60,67,1,HOLD,0.89,11,False,backfill,,62,NEUTRAL
2026-08-11T13:27:58.733464+09:00,2026-08-11,BALL,Ball Corporation,US,소비재,2026-08-10,62.58,2166100,2028035.0,1.7179,,47,55,50,58,58,1,HOLD,0.34,4,False,backfill,,84,NEUTRAL
2026-08-11T13:27:58.733464+09:00,2026-08-11,BBIO,"BridgeBio Pharma, Inc.",US,제약/바이오,2026-08-10,84.67,2942600,2059125.0,2.5611,,73,60,38,27,53,2,HOLD,0.47,6,False,backfill,,72,NEUTRAL
2026-08-11T13:27:58.733464+09:00,2026-08-11,NBIX,"Neurocrine Biosciences, Inc.",US,제약/바이오,2026-08-10,164.92,935200,1347795.0,6.5907,,44,60,43,66,51,0,HOLD,0.08,1,False,backfill,,58,NEUTRAL
2026-08-11T13:27:58.733464+09:00,2026-08-11,JLL,Jones Lang LaSalle Incorporated,US,리츠,2026-08-10,357.35,215500,389665.0,11.1629,,91,55,53,76,66,2,WATCH,0.77,9,False,backfill,,40,NEUTRAL
2026-08-11T13:27:58.733464+09:00,2026-08-11,PAA,"Plains All American Pipeline, L.P.",US,에너지,2026-08-10,23.26,4323500,2633915.0,0.4797,,47,55,50,66,49,0,HOLD,-0.01,0,False,backfill,,32,NEUTRAL
2026-08-11T13:27:58.733464+09:00,2026-08-11,CX,"CEMEX, S.A.B. de C.V.",US,소재,2026-08-10,11.3,10528000,7386165.0,0.3414,,20,55,53,76,43,1,AVOID,-0.64,-8,True,backfill,,29,NEUTRAL
2026-08-11T13:27:58.733464+09:00,2026-08-11,CLH,"Clean Harbors, Inc.",US,산업재,2026-08-10,310.0,406800,502390.0,9.26,,62,55,45,58,54,0,HOLD,0.25,3,False,backfill,,54,NEUTRAL
2026-08-11T13:27:58.733464+09:00,2026-08-11,FLUT,Flutter Entertainment plc,US,소비재,2026-08-10,94.27,4313100,3520010.0,5.067,,31,55,65,70,54,1,HOLD,0.0,0,False,backfill,,55,NEUTRAL
2026-08-11T13:27:58.733464+09:00,2026-08-11,KIM,Kimco Realty Corporation,US,리츠,2026-08-10,24.11,5168400,4706800.0,0.52,,35,55,53,53,47,0,HOLD,-0.13,-2,False,backfill,,48,NEUTRAL
2026-08-11T13:27:58.733464+09:00,2026-08-11,STRL,"Sterling Infrastructure, Inc.",US,산업재,2026-08-10,528.51,487000,903265.0,58.2257,,18,55,56,58,40,0,AVOID,-0.68,-8,True,backfill,,33,NEUTRAL
2026-08-11T13:27:58.733464+09:00,2026-08-11,STLA,Stellantis N.V.,US,소비재,2026-08-10,5.58,18656200,22154775.0,0.2157,,43,55,45,72,49,1,HOLD,-0.32,-4,False,backfill,,43,NEUTRAL
2026-08-11T13:27:58.733464+09:00,2026-08-11,H,Hyatt Hotels Corporation,US,소비재,2026-08-10,170.08,671800,903225.0,6.8314,,28,55,35,43,39,0,AVOID,-0.4,-5,True,backfill,,57,NEUTRAL
2026-08-11T13:27:58.733464+09:00,2026-08-11,JAZZ,Jazz Pharmaceuticals plc,US,제약/바이오,2026-08-10,256.52,896500,789075.0,6.8743,,62,60,46,84,63,2,WATCH,0.59,7,False,backfill,,71,NEUTRAL
2026-08-11T13:27:58.733464+09:00,2026-08-11,WPC,W. P. Carey Inc.,US,리츠,2026-08-10,70.66,1278800,1354340.0,1.5021,,35,55,53,58,49,0,HOLD,-0.16,-2,False,backfill,,55,NEUTRAL
2026-08-11T13:27:58.733464+09:00,2026-08-11,GIB,CGI Inc.,US,IT,2026-08-10,75.1272,325200,530635.0,2.6542,,74,55,53,68,68,2,WATCH,0.85,10,False,backfill,,81,NEUTRAL
2026-08-11T13:27:58.733464+09:00,2026-08-11,TIGO,Millicom International Cellular S.A.,US,인터넷,2026-08-10,95.88,1299000,1517280.0,4.3616,,51,60,40,74,54,1,HOLD,0.26,3,False,backfill,,60,NEUTRAL
2026-08-11T13:27:58.733464+09:00,2026-08-11,NWSA,News Corporation,US,인터넷,2026-08-10,28.49,3434500,3843500.0,0.9607,,91,60,53,66,64,1,HOLD,0.66,8,False,backfill,,40,NEUTRAL
2026-08-11T13:27:58.733464+09:00,2026-08-11,CCZ,Comcast Holdings Corp.,US,인터넷,2026-08-10,64.0,0,105.0,0.1421,,35,60,58,42,44,0,AVOID,-0.25,-3,True,backfill,,40,NEUTRAL
2026-08-11T13:27:58.733464+09:00,2026-08-11,ASND,Ascendis Pharma A/S,US,제약/바이오,2026-08-10,255.62,423500,505985.0,7.3924,,62,60,62,42,50,0,HOLD,0.16,2,False,backfill,,22,NEUTRAL
2026-08-11T13:27:58.733464+09:00,2026-08-11,IONQ,"IonQ, Inc.",US,IT,2026-08-10,42.53,17017400,21696110.0,2.9574,,59,55,56,50,49,0,HOLD,-0.19,-2,False,backfill,,24,NEUTRAL
2026-08-11T13:27:58.733464+09:00,2026-08-11,RGA,"Reinsurance Group of America, Incorporat",US,금융,2026-08-10,242.1,409800,363040.0,5.4314,,62,55,56,76,60,1,HOLD,0.51,6,False,backfill,,48,NEUTRAL
2026-08-11T13:27:58.733464+09:00,2026-08-11,PNFP,"Pinnacle Financial Partners, Inc.",US,금융,2026-08-10,104.55,824700,1342050.0,2.8772,,81,55,35,68,64,2,WATCH,0.65,8,False,backfill,,77,NEUTRAL
2026-08-11T13:27:58.733464+09:00,2026-08-11,KEP,Korea Electric Power Corporation,US,유틸리티,2026-08-10,12.26,721000,1127470.0,0.3386,,62,55,53,96,60,1,HOLD,0.02,0,False,backfill,,30,NEUTRAL
2026-08-11T13:27:58.733464+09:00,2026-08-11,LAMR,Lamar Advertising Company,US,리츠,2026-08-10,154.64,541100,676175.0,4.2443,,43,55,45,42,50,1,HOLD,0.03,0,False,backfill,,75,NEUTRAL
2026-08-11T13:27:58.733464+09:00,2026-08-11,ULS,UL Solutions Inc.,US,산업재,2026-08-10,78.05,1056300,1044130.0,3.7729,,18,55,43,42,39,0,AVOID,-0.67,-8,True,backfill,,62,NEUTRAL
2026-08-11T13:27:58.733464+09:00,2026-08-11,NXT,Nextpower Inc.,US,IT,2026-08-10,102.91,1716200,3271500.0,6.4831,,55,55,43,53,45,0,HOLD,-0.35,-4,False,backfill,,27,NEUTRAL
2026-08-11T13:27:58.733464+09:00,2026-08-11,CSL,Carlisle Companies Incorporated,US,소재,2026-08-10,385.25,363000,472045.0,15.0514,,76,55,53,50,64,2,WATCH,0.7,8,False,backfill,,78,NEUTRAL
2026-08-11T13:27:58.733464+09:00,2026-08-11,TLN,Talen Energy Corporation,US,유틸리티,2026-08-10,343.19,629000,743350.0,18.9595,,50,55,56,70,57,1,HOLD,0.03,0,False,backfill,,55,NEUTRAL
2026-08-11T13:27:58.733464+09:00,2026-08-11,RZC,"Reinsurance Group of America, Incorporat",US,금융,2026-08-10,25.56,45300,39780.0,0.1357,,87,55,58,50,61,1,HOLD,0.56,7,False,backfill,,40,NEUTRAL
2026-08-11T13:27:58.733464+09:00,2026-08-11,HST,"Host Hotels & Resorts, Inc.",US,리츠,2026-08-10,22.67,13310500,10003390.0,0.6921,,47,55,45,63,55,1,HOLD,0.21,3,False,backfill,,72,NEUTRAL
2026-08-11T13:27:58.733464+09:00,2026-08-11,EMA,Emera Incorporated,US,유틸리티,2026-08-10,50.73,596700,631190.0,1.0149,,43,55,55,42,47,0,HOLD,-0.11,-1,False,backfill,,48,NEUTRAL
2026-08-11T13:27:58.733464+09:00,2026-08-11,PINS,"Pinterest, Inc.",US,인터넷,2026-08-10,24.37,10876000,12102995.0,1.0007,,62,60,40,59,53,0,HOLD,0.33,4,False,backfill,,55,NEUTRAL
2026-08-11T13:27:58.733464+09:00,2026-08-11,SWK,"Stanley Black & Decker, Inc.",US,산업재,2026-08-10,102.64,1612300,2149595.0,3.61,,85,55,50,66,71,2,WATCH,1.0,12,False,backfill,,87,NEUTRAL
2026-08-11T13:27:58.733464+09:00,2026-08-11,ALB,Albemarle Corporation,US,소재,2026-08-10,131.21,2424800,2432405.0,5.1279,,49,55,50,59,48,0,HOLD,-0.3,-4,False,backfill,,33,NEUTRAL
2026-08-11T13:27:58.733464+09:00,2026-08-11,BWXT,"BWX Technologies, Inc.",US,산업재,2026-08-10,168.88,476800,940290.0,7.2579,,40,55,45,42,39,0,AVOID,-0.59,-7,True,backfill,,26,NEUTRAL
2026-08-11T13:27:58.733464+09:00,2026-08-11,LTM,LATAM Airlines Group S.A.,US,산업재,2026-08-10,53.74,588400,725965.0,2.1295,,76,55,53,70,63,2,WATCH,0.59,7,False,backfill,,52,NEUTRAL
2026-08-11T13:27:58.733464+09:00,2026-08-11,MAA,"Mid-America Apartment Communities, Inc.",US,리츠,2026-08-10,132.34,731300,1150570.0,2.6229,,28,55,61,46,42,0,AVOID,-0.29,-3,True,backfill,,32,NEUTRAL
2026-08-11T13:27:58.733464+09:00,2026-08-11,CRBG,"Corebridge Financial, Inc.",US,금융,2026-08-10,34.49,5198800,4550965.0,1.0137,,92,55,48,58,72,2,WATCH,1.08,13,False,backfill,,90,NEUTRAL
2026-08-11T13:27:58.733464+09:00,2026-08-11,TXT,Textron Inc.,US,산업재,2026-08-10,89.2,1066200,1830700.0,3.0114,,28,55,53,68,46,0,HOLD,-0.31,-4,False,backfill,,42,NEUTRAL
2026-08-11T13:27:58.733464+09:00,2026-08-11,VNOM,"Viper Energy, Inc.",US,에너지,2026-08-10,41.6978,1798800,1603215.0,1.2226,,25,55,50,60,41,0,AVOID,-0.56,-7,True,backfill,,33,NEUTRAL
2026-08-11T13:27:58.733464+09:00,2026-08-11,MLI,"Mueller Industries, Inc.",US,산업재,2026-08-10,68.9,1103400,1428975.0,1.8571,,72,55,53,55,67,2,WATCH,0.62,7,False,backfill,,91,NEUTRAL
2026-08-11T13:27:58.733464+09:00,2026-08-11,TME,Tencent Music Entertainment Group,US,인터넷,2026-08-10,9.9,13987900,6782525.0,0.3024,,71,60,53,78,68,3,WATCH,0.69,8,False,backfill,,74,NEUTRAL
2026-08-11T13:27:58.733464+09:00,2026-08-11,MAIR,Madison Air Solutions Corporation,US,산업재,2026-08-10,30.33,888100,2781310.0,2.0736,,7,55,60,43,36,0,AVOID,-0.83,-10,True,backfill,,35,NEUTRAL
2026-08-11T13:27:58.733464+09:00,2026-08-11,FUTU,Futu Holdings Limited,US,금융,2026-08-10,108.7,654300,1331455.0,4.3618,,70,55,45,68,57,1,HOLD,0.05,1,False,backfill,,44,NEUTRAL
2026-08-11T13:27:58.733464+09:00,2026-08-11,DOCN,"DigitalOcean Holdings, Inc.",US,IT,2026-08-10,129.73,2141800,3695940.0,11.6784,,55,55,38,26,42,0,AVOID,-0.36,-4,True,backfill,,47,NEUTRAL
2026-08-11T13:27:58.733464+09:00,2026-08-11,TRU,TransUnion,US,금융,2026-08-10,79.14,1740000,2233640.0,3.5946,,62,55,40,66,59,1,HOLD,0.48,6,False,backfill,,77,NEUTRAL
2026-08-11T13:27:58.733464+09:00,2026-08-11,DINO,HF Sinclair Corporation,US,에너지,2026-08-10,84.695,2862900,3138570.0,4.2316,,44,55,48,78,58,2,HOLD,0.36,4,False,backfill,,74,NEUTRAL
2026-08-11T13:27:58.733464+09:00,2026-08-11,LECO,"Lincoln Electric Holdings, Inc.",US,산업재,2026-08-10,277.33,338100,398780.0,9.4771,,72,55,53,42,63,2,WATCH,0.58,7,False,backfill,,84,NEUTRAL
2026-08-11T13:27:58.733464+09:00,2026-08-11,LOGI,Logitech International S.A.,US,IT,2026-08-10,104.87,542900,1258285.0,3.8757,,65,55,53,50,61,1,HOLD,0.4,5,False,backfill,,76,NEUTRAL
2026-08-11T13:27:58.733464+09:00,2026-08-11,TU,Telus Corp,US,인터넷,2026-08-10,9.59,9801500,9860715.0,0.4021,,21,60,53,68,46,0,HOLD,-0.5,-6,False,backfill,,52,NEUTRAL
2026-08-11T13:27:58.733464+09:00,2026-08-11,IESC,"IES Holdings, Inc.",US,산업재,2026-08-10,751.09,133200,215270.0,61.9207,,29,55,40,42,39,0,AVOID,-0.23,-3,True,backfill,,51,NEUTRAL
2026-08-11T13:27:58.733464+09:00,2026-08-11,PS,Pershing Square Inc.,US,금융,2026-08-10,37.33,111300,125865.0,1.8179,,70,55,55,34,52,1,HOLD,-0.02,0,False,backfill,,36,NEUTRAL
2026-08-11T13:27:58.733464+09:00,2026-08-11,COO,"The Cooper Companies, Inc.",US,제약/바이오,2026-08-10,76.32,2386000,1970460.0,1.665,,75,60,50,51,63,2,WATCH,0.74,9,False,backfill,,77,NEUTRAL
2026-08-11T13:27:58.733464+09:00,2026-08-11,BNT,Brookfield Wealth Solutions Ltd.,US,금융,2026-08-10,44.67,8300,20460.0,0.8779,,72,55,55,78,62,2,WATCH,0.35,4,False,backfill,,40,NEUTRAL
2026-08-11T13:27:58.733464+09:00,2026-08-11,RPM,RPM International Inc.,US,소재,2026-08-10,115.93,947500,1088050.0,4.1071,,81,55,45,58,64,2,WATCH,0.78,9,False,backfill,,74,NEUTRAL
2026-08-11T13:27:58.733464+09:00,2026-08-11,SOLV,Solventum Corporation,US,제약/바이오,2026-08-10,85.21,1400400,1253555.0,3.0593,,69,60,53,70,60,1,HOLD,0.56,7,False,backfill,,49,NEUTRAL
2026-08-11T13:27:58.733464+09:00,2026-08-11,DT,"Dynatrace, Inc.",US,IT,2026-08-10,50.57,8057800,5335305.0,2.1878,,82,55,43,43,58,1,HOLD,0.63,8,False,backfill,,61,NEUTRAL
2026-08-11T13:27:58.733464+09:00,2026-08-11,TLK,Perusahaan Perseroan (Persero) PT Teleko,US,인터넷,2026-08-10,14.95,589000,817435.0,0.3414,,73,60,50,81,59,2,HOLD,0.21,3,False,backfill,,29,NEUTRAL
2026-08-11T13:27:58.733464+09:00,2026-08-11,MAS,Masco Corporation,US,소재,2026-08-10,74.72,2709500,2931840.0,2.8329,,47,55,50,68,56,0,HOLD,0.24,3,False,backfill,,69,NEUTRAL
2026-08-11T13:27:58.733464+09:00,2026-08-11,ARMK,Aramark,US,산업재,2026-08-10,55.71,5425300,2602345.0,0.9286,,54,55,50,58,52,0,HOLD,0.27,3,False,backfill,,48,NEUTRAL
2026-08-11T13:27:58.733464+09:00,2026-08-11,EG,"Everest Group, Ltd.",US,금융,2026-08-10,369.9,254900,376580.0,9.375,,47,55,53,100,58,1,HOLD,0.18,2,False,backfill,,40,NEUTRAL
2026-08-11T13:27:58.733464+09:00,2026-08-11,LII,Lennox International Inc.,US,산업재,2026-08-10,423.28,526500,619075.0,22.1879,,10,55,53,42,33,0,AVOID,-0.9,-11,True,backfill,,29,NEUTRAL
2026-08-11T13:27:58.733464+09:00,2026-08-11,SUI,"Sun Communities, Inc.",US,리츠,2026-08-10,118.57,836000,1908525.0,2.9157,,46,55,53,46,54,1,HOLD,0.06,1,False,backfill,,73,NEUTRAL
2026-08-11T13:27:58.733464+09:00,2026-08-11,AIZN,"Assurant, Inc. 5.25% Subordinat",US,금융,2026-08-10,18.73,18600,14965.0,0.3371,,43,55,45,50,44,0,AVOID,-0.27,-3,True,backfill,,40,NEUTRAL
2026-08-11T13:27:58.733464+09:00,2026-08-11,GRAB,Grab Holdings Limited,US,IT,2026-08-10,3.67,22215900,48208350.0,0.1404,,72,55,35,66,58,1,HOLD,0.29,3,False,backfill,,61,NEUTRAL
2026-08-11T13:27:58.733464+09:00,2026-08-11,COKE,"Coca-Cola Consolidated, Inc.",US,소매,2026-08-10,185.55,420000,485765.0,8.0793,,84,55,53,53,61,1,HOLD,0.62,7,False,backfill,,48,NEUTRAL
2026-08-11T13:27:58.733464+09:00,2026-08-11,LULU,Lululemon Athletica Inc.,US,소비재,2026-08-10,127.8,2136500,2377545.0,4.0136,,77,55,50,86,66,2,WATCH,0.54,6,False,backfill,,53,NEUTRAL
2026-08-11T13:27:58.733464+09:00,2026-08-11,APA,APA Corporation,US,에너지,2026-08-10,41.02,7198200,5586625.0,1.6414,,88,55,45,86,70,2,WATCH,0.86,10,False,backfill,,62,NEUTRAL
2026-08-11T13:27:58.733464+09:00,2026-08-11,ONTO,Onto Innovation Inc.,US,반도체,2026-08-10,291.35,1166500,1197515.0,25.6874,,65,60,50,43,54,0,HOLD,0.24,3,False,backfill,,55,NEUTRAL
2026-08-11T13:27:58.733464+09:00,2026-08-11,UHAL,U-Haul Holding Company,US,산업재,2026-08-10,74.01,212300,178255.0,2.0829,,73,55,53,35,61,2,WATCH,0.71,9,False,backfill,,80,NEUTRAL
2026-08-11T13:27:58.733464+09:00,2026-08-11,UNM,Unum Group,US,금융,2026-08-10,91.39,1076600,1510425.0,2.5928,,73,55,48,50,63,2,WATCH,0.71,9,False,backfill,,84,NEUTRAL
2026-08-11T13:27:58.733464+09:00,2026-08-11,DOC,"Healthpeak Properties, Inc.",US,리츠,2026-08-10,20.7975,5563300,6333575.0,0.5324,,39,55,50,46,46,0,HOLD,-0.08,-1,False,backfill,,48,NEUTRAL
2026-08-11T13:27:58.733464+09:00,2026-08-11,GWRE,"Guidewire Software, Inc.",US,IT,2026-08-10,172.94,1456000,1294645.0,9.4414,,85,55,40,43,54,1,HOLD,0.5,6,False,backfill,,42,NEUTRAL
2026-08-11T13:27:58.733464+09:00,2026-08-11,EQH,"Equitable Holdings, Inc.",US,금융,2026-08-10,52.67,3087800,3030665.0,1.5939,,92,55,46,62,69,2,WATCH,0.96,12,False,backfill,,75,NEUTRAL
2026-08-11T13:27:58.733464+09:00,2026-08-11,GFL,GFL Environmental Inc.,US,산업재,2026-08-10,41.18,953400,2375280.0,1.2568,,84,55,45,42,52,1,HOLD,0.39,5,False,backfill,,25,NEUTRAL
2026-08-11T13:27:58.733464+09:00,2026-08-11,BAX,Baxter International Inc.,US,제약/바이오,2026-08-10,27.78,8306800,7690925.0,1.3979,,80,60,56,63,71,2,WATCH,0.98,12,False,backfill,,86,NEUTRAL
2026-08-11T13:27:58.733464+09:00,2026-08-11,ARCC,Ares Capital Corporation,US,금융,2026-08-10,19.98,4834200,4679755.0,0.355,,88,55,56,71,73,3,BUY,0.99,12,False,backfill,,77,NEUTRAL
2026-08-11T13:27:58.733464+09:00,2026-08-11,CACI,CACI International Inc,US,IT,2026-08-10,648.24,412500,309135.0,28.66,,70,55,53,53,60,1,HOLD,0.6,7,False,backfill,,61,NEUTRAL
2026-08-11T13:27:58.733464+09:00,2026-08-11,MKC,"McCormick & Company, Incorporated",US,소매,2026-08-10,53.13,2521300,3209340.0,1.6293,,77,55,58,70,68,2,WATCH,0.84,10,False,backfill,,67,NEUTRAL
2026-08-11T13:27:58.733464+09:00,2026-08-11,KKRS,KKR Group Finance Co. IX LLC 4.,US,금융,2026-08-10,16.05,78500,34120.0,0.1306,,43,55,55,50,47,0,HOLD,-0.16,-2,False,backfill,,40,NEUTRAL
2026-08-11T13:27:58.733464+09:00,2026-08-11,AIZ,"Assurant, Inc.",US,금융,2026-08-10,287.22,364000,383295.0,6.8564,,91,55,43,68,66,1,HOLD,0.85,10,False,backfill,,63,NEUTRAL
2026-08-11T13:27:58.733464+09:00,2026-08-11,GL,Globe Life Inc.,US,금융,2026-08-10,183.26,478700,709615.0,4.78,,62,55,38,68,62,1,HOLD,0.61,7,False,backfill,,93,NEUTRAL
2026-08-11T13:27:58.733464+09:00,2026-08-11,AEG,Aegon Ltd.,US,금융,2026-08-10,9.45,4077900,5309755.0,0.15,,91,55,53,55,66,1,HOLD,0.9,11,False,backfill,,61,NEUTRAL
2026-08-11T13:27:58.733464+09:00,2026-08-11,BWA,BorgWarner Inc.,US,소비재,2026-08-10,69.28,3362000,2411925.0,2.4293,,73,55,53,74,64,2,WATCH,0.61,7,False,backfill,,55,NEUTRAL
2026-08-11T13:27:58.733464+09:00,2026-08-11,PAG,"Penske Automotive Group, Inc.",US,소비재,2026-08-10,214.8458,347800,560710.0,5.7384,,63,55,56,60,63,1,HOLD,0.68,8,False,backfill,,78,NEUTRAL
2026-08-11T13:27:58.733464+09:00,2026-08-11,TKO,"TKO Group Holdings, Inc.",US,인터넷,2026-08-10,189.42,1385700,1102015.0,5.2086,,69,60,43,43,52,0,HOLD,0.19,2,False,backfill,,47,NEUTRAL
2026-08-11T13:27:58.733464+09:00,2026-08-11,UNMA,Unum Group 6.250% JR NT58,US,금융,2026-08-10,21.03,27700,24850.0,0.2044,,20,55,58,80,47,1,HOLD,-0.41,-5,False,backfill,,40,NEUTRAL
2026-08-11T13:27:58.733464+09:00,2026-08-11,OHI,"Omega Healthcare Investors, Inc.",US,리츠,2026-08-10,47.39,1877800,1961610.0,1.0454,,35,55,45,55,42,0,AVOID,-0.33,-4,True,backfill,,34,NEUTRAL
2026-08-11T13:27:58.733464+09:00,2026-08-11,AEFC,Aegon Funding Company LLC,US,금융,2026-08-10,18.23,52100,40665.0,0.139,,47,55,55,50,49,0,HOLD,-0.13,-2,False,backfill,,40,NEUTRAL
2026-08-11T13:27:58.733464+09:00,2026-08-11,W,Wayfair Inc.,US,소비재,2026-08-10,103.26,2247000,4019955.0,7.2683,,88,55,50,45,62,1,HOLD,0.77,9,False,backfill,,58,NEUTRAL
2026-08-11T13:27:58.733464+09:00,2026-08-11,ECHO,EchoStar Corporation,US,인터넷,2026-08-10,89.15,4304900,5628360.0,4.3264,,40,60,58,62,49,0,HOLD,-0.3,-4,False,backfill,,38,NEUTRAL
2026-08-11T13:27:58.733464+09:00,2026-08-11,ALLE,Allegion plc,US,산업재,2026-08-10,165.53,1014000,1407655.0,5.4136,,73,55,43,58,65,2,WATCH,0.78,9,False,backfill,,93,NEUTRAL
2026-08-11T13:27:58.733464+09:00,2026-08-11,IVZ,Invesco Ltd.,US,금융,2026-08-10,31.5291,4184700,5269005.0,0.9536,,91,55,50,86,73,2,WATCH,1.02,12,False,backfill,,69,NEUTRAL
2026-08-11T13:27:58.733464+09:00,2026-08-11,TOL,"Toll Brothers, Inc.",US,소비재,2026-08-10,150.0,639400,843035.0,4.74,,69,55,45,70,61,1,HOLD,0.52,6,False,backfill,,63,NEUTRAL
2026-08-11T13:27:58.733464+09:00,2026-08-11,XELLL,Xcel Energy Inc. 6.25% Junior Subordinat,US,유틸리티,2026-08-10,22.89,45200,51640.0,0.1846,,28,55,55,60,45,0,HOLD,-0.36,-4,False,backfill,,40,NEUTRAL
2026-08-11T13:27:58.733464+09:00,2026-08-11,AGI,Alamos Gold Inc.,US,소재,2026-08-10,33.19,4210000,5085595.0,1.3871,,59,55,45,70,55,1,HOLD,-0.06,-1,False,backfill,,49,NEUTRAL
2026-08-11T13:27:58.733464+09:00,2026-08-11,REG,Regency Centers Corporation,US,리츠,2026-08-10,76.11,1255900,1487485.0,1.5536,,35,55,50,58,48,0,HOLD,-0.16,-2,False,backfill,,55,NEUTRAL
2026-08-11T13:27:58.733464+09:00,2026-08-11,CNA,CNA Financial Corporation,US,금융,2026-08-10,50.7875,386300,507615.0,1.3642,,51,55,50,86,61,1,HOLD,0.45,5,False,backfill,,66,NEUTRAL
2026-08-11T13:27:58.733464+09:00,2026-08-11,IREN,IREN Limited,US,IT,2026-08-10,38.74,33395800,46569130.0,4.1099,,55,55,48,37,43,0,AVOID,-0.38,-5,True,backfill,,24,NEUTRAL
2026-08-11T13:27:58.733464+09:00,2026-08-11,WMG,Warner Music Group Corp.,US,인터넷,2026-08-10,26.41,1301400,2143920.0,1.2816,,18,60,53,58,40,0,AVOID,-0.71,-9,True,backfill,,33,NEUTRAL
2026-08-11T13:27:58.733464+09:00,2026-08-11,AUR,"Aurora Innovation, Inc.",US,IT,2026-08-10,6.98,14139800,24936000.0,0.4689,,72,55,40,50,62,2,WATCH,0.44,5,False,backfill,,91,NEUTRAL
2026-08-11T13:27:58.733464+09:00,2026-08-11,DTM,"DT Midstream, Inc.",US,에너지,2026-08-10,134.18,960900,879600.0,3.6146,,25,55,62,50,42,0,AVOID,-0.44,-5,True,backfill,,32,NEUTRAL
2026-08-11T13:27:58.733464+09:00,2026-08-11,AVY,Avery Dennison Corporation,US,소비재,2026-08-10,178.35,731000,870640.0,6.0214,,69,55,50,58,60,0,HOLD,0.55,7,False,backfill,,66,NEUTRAL
2026-08-11T13:27:58.733464+09:00,2026-08-11,TXRH,"Texas Roadhouse, Inc.",US,소비재,2026-08-10,207.46,1261500,910685.0,5.1936,,69,55,43,42,53,0,HOLD,0.38,5,False,backfill,,55,NEUTRAL
2026-08-11T13:27:58.733464+09:00,2026-08-11,SGI,Somnigroup International Inc,US,소비재,2026-08-10,64.82,4653700,2596255.0,2.9743,,28,55,48,74,43,1,AVOID,-0.44,-5,True,backfill,,26,NEUTRAL
2026-08-11T13:27:58.733464+09:00,2026-08-11,AA,Alcoa Corporation,US,소재,2026-08-10,51.53,5214600,5296285.0,1.7463,,49,55,56,73,53,1,HOLD,-0.18,-2,False,backfill,,35,NEUTRAL
2026-08-11T13:27:58.733464+09:00,2026-08-11,TRMB,Trimble Inc.,US,IT,2026-08-10,58.44,2182300,2491020.0,2.1714,,80,55,53,58,67,2,WATCH,0.68,8,False,backfill,,77,NEUTRAL
2026-08-11T13:27:58.733464+09:00,2026-08-11,HRL,Hormel Foods Corporation,US,소매,2026-08-10,24.7,2644900,3418560.0,0.5743,,54,55,53,58,56,0,HOLD,0.41,5,False,backfill,,63,NEUTRAL
2026-08-11T13:27:58.733464+09:00,2026-08-11,EMBJ,Embraer S.A.,US,산업재,2026-08-10,73.8,2327900,1131300.0,2.3836,,70,55,55,37,60,2,WATCH,0.68,8,False,backfill,,77,NEUTRAL
2026-08-11T13:27:58.733464+09:00,2026-08-11,TTMI,"TTM Technologies, Inc.",US,IT,2026-08-10,130.08,3409500,3094170.0,13.6236,,40,55,43,43,39,0,AVOID,-0.61,-7,True,backfill,,26,NEUTRAL
2026-08-11T13:27:58.733464+09:00,2026-08-11,GGG,Graco Inc.,US,산업재,2026-08-10,83.38,1502300,1501350.0,1.8914,,69,55,53,50,61,1,HOLD,0.55,7,False,backfill,,71,NEUTRAL
2026-08-11T13:27:58.733464+09:00,2026-08-11,SREA,Sempra,US,유틸리티,2026-08-10,20.63,55000,59555.0,0.1971,,35,55,58,50,46,0,HOLD,-0.23,-3,False,backfill,,40,NEUTRAL
2026-08-11T13:27:58.733464+09:00,2026-08-11,WSO,"Watsco, Inc.",US,산업재,2026-08-10,326.71,328200,543085.0,15.5193,,15,55,45,50,35,0,AVOID,-0.86,-10,True,backfill,,33,NEUTRAL
2026-08-11T13:27:58.733464+09:00,2026-08-11,CHKP,Check Point Software Technologies Ltd.,US,IT,2026-08-10,131.14,757000,1370235.0,5.3807,,55,55,35,68,56,1,HOLD,0.35,4,False,backfill,,78,NEUTRAL
2026-08-11T13:27:58.733464+09:00,2026-08-11,CRL,Charles River Laboratories International,US,제약/바이오,2026-08-10,277.0,1025300,920440.0,11.3829,,77,60,40,58,63,2,WATCH,0.71,9,False,backfill,,80,NEUTRAL
2026-08-11T13:27:58.733464+09:00,2026-08-11,HAS,"Hasbro, Inc.",US,소비재,2026-08-10,94.49,2124200,2469180.0,2.4793,,80,55,38,60,63,2,WATCH,0.54,6,False,backfill,,80,NEUTRAL
2026-08-11T13:27:58.733464+09:00,2026-08-11,ALLY,Ally Financial Inc.,US,금융,2026-08-10,43.79,4260900,3363145.0,1.1314,,28,55,45,96,55,1,HOLD,-0.02,0,False,backfill,,69,NEUTRAL
2026-08-11T13:27:58.733464+09:00,2026-08-11,BMRN,BioMarin Pharmaceutical Inc.,US,제약/바이오,2026-08-10,68.88,5036600,2024040.0,2.1029,,77,60,50,51,65,2,WATCH,0.82,10,False,backfill,,84,NEUTRAL
2026-08-11T13:27:58.733464+09:00,2026-08-11,EXEL,"Exelixis, Inc.",US,제약/바이오,2026-08-10,52.96,3349700,2669105.0,2.0071,,50,60,43,76,53,1,HOLD,0.09,1,False,backfill,,48,NEUTRAL
2026-08-11T13:27:58.733464+09:00,2026-08-11,BIPI,BIP Bermuda Holdings I Limited,US,산업재,2026-08-10,16.71,15400,18070.0,0.1784,,65,55,55,50,54,0,HOLD,0.24,3,False,backfill,,40,NEUTRAL
2026-08-11T13:27:58.733464+09:00,2026-08-11,DECK,Deckers Outdoor Corporation,US,소비재,2026-08-10,97.44,1875300,2307140.0,3.8714,,25,55,53,68,42,0,AVOID,-0.41,-5,True,backfill,,26,NEUTRAL
2026-08-11T13:27:58.733464+09:00,2026-08-11,RNR,RenaissanceRe Holdings Ltd.,US,금융,2026-08-10,318.42,259800,337225.0,8.11,,47,55,43,73,48,1,HOLD,-0.06,-1,False,backfill,,32,NEUTRAL
2026-08-11T13:27:58.733464+09:00,2026-08-11,AIT,"Applied Industrial Technologies, Inc.",US,산업재,2026-08-10,357.2897,205000,260565.0,7.7454,,91,55,53,45,70,2,WATCH,1.07,13,False,backfill,,90,NEUTRAL
2026-08-11T13:27:58.733464+09:00,2026-08-11,HTHT,H World Group Limited,US,소비재,2026-08-10,43.01,1537700,1494485.0,0.9957,,62,55,53,66,55,0,HOLD,0.05,1,False,backfill,,38,NEUTRAL
2026-08-11T13:27:58.733464+09:00,2026-08-11,AMKR,"Amkor Technology, Inc.",US,반도체,2026-08-10,52.87,3048300,6217910.0,5.5421,,37,60,35,58,44,0,AVOID,-0.48,-6,True,backfill,,55,NEUTRAL
2026-08-11T13:27:58.733464+09:00,2026-08-11,CCK,"Crown Holdings, Inc.",US,소비재,2026-08-10,120.31,683400,1120430.0,3.1433,,73,55,50,84,69,3,WATCH,0.83,10,False,backfill,,77,NEUTRAL
2026-08-11T13:27:58.733464+09:00,2026-08-11,FMS,Fresenius Medical Care AG & Co. KGaA,US,제약/바이오,2026-08-10,24.35,731900,779245.0,0.6371,,47,60,53,94,62,1,HOLD,0.47,6,False,backfill,,68,NEUTRAL
2026-08-11T13:27:58.733464+09:00,2026-08-11,TYL,"Tyler Technologies, Inc.",US,IT,2026-08-10,318.63,558000,862870.0,15.4843,,58,55,53,50,56,0,HOLD,0.26,3,False,backfill,,63,NEUTRAL
2026-08-11T13:27:58.733464+09:00,2026-08-11,HII,"Huntington Ingalls Industries, Inc.",US,산업재,2026-08-10,330.81,441000,583330.0,14.035,,65,55,50,42,50,0,HOLD,0.12,1,False,backfill,,33,NEUTRAL
2026-08-11T13:27:58.733464+09:00,2026-08-11,CLX,The Clorox Company,US,소매,2026-08-10,106.4564,3553600,2696605.0,3.2591,,75,55,53,50,64,2,WATCH,0.78,9,False,backfill,,78,NEUTRAL
2026-08-11T13:27:58.733464+09:00,2026-08-11,FIVE,"Five Below, Inc.",US,소비재,2026-08-10,235.36,1225700,1057025.0,8.0679,,73,55,58,66,68,2,WATCH,0.83,10,False,backfill,,77,NEUTRAL
2026-08-11T13:27:58.733464+09:00,2026-08-11,CNH,CNH Industrial N.V.,US,산업재,2026-08-10,10.48,16041900,14312215.0,0.5407,,43,55,55,58,51,0,HOLD,-0.08,-1,False,backfill,,48,NEUTRAL
2026-08-11T13:27:58.733464+09:00,2026-08-11,LI,Li Auto Inc.,US,소비재,2026-08-10,12.84,2373500,3603200.0,0.4381,,62,55,50,70,54,1,HOLD,-0.1,-1,False,backfill,,30,NEUTRAL
2026-08-11T13:27:58.733464+09:00,2026-08-11,RVTY,"Revvity, Inc.",US,제약/바이오,2026-08-10,116.02,1253800,1546530.0,4.11,,88,60,53,58,72,2,WATCH,1.07,13,False,backfill,,90,NEUTRAL
2026-08-11T13:27:58.733464+09:00,2026-08-11,IT,"Gartner, Inc.",US,산업재,2026-08-10,193.17,1666400,1535450.0,11.4207,,70,55,45,84,62,2,WATCH,0.57,7,False,backfill,,54,NEUTRAL
2026-08-11T13:27:58.733464+09:00,2026-08-11,ONON,On Holding AG,US,소비재,2026-08-10,38.78,9484000,4217975.0,1.4068,,73,55,62,58,60,1,HOLD,0.58,7,False,backfill,,39,NEUTRAL
2026-08-11T13:27:58.733464+09:00,2026-08-11,FNF,"Fidelity National Financial, Inc.",US,금융,2026-08-10,47.99,1870100,1615980.0,1.7443,,46,55,53,84,52,1,HOLD,-0.07,-1,False,backfill,,26,NEUTRAL
2026-08-11T13:27:58.733464+09:00,2026-08-11,PEN,"Penumbra, Inc.",US,제약/바이오,2026-08-10,325.98,194700,398140.0,2.3102,,69,60,53,30,59,1,HOLD,0.48,6,False,backfill,,84,NEUTRAL
2026-08-11T13:27:58.733464+09:00,2026-08-11,WTS,"Watts Water Technologies, Inc.",US,산업재,2026-08-10,384.1,207300,208955.0,10.6464,,77,55,53,53,57,1,HOLD,0.53,6,False,backfill,,37,NEUTRAL
2026-08-11T13:27:58.733464+09:00,2026-08-11,SKM,"SK Telecom Co.,Ltd",US,인터넷,2026-08-10,33.29,1725500,2714050.0,1.935,,65,60,45,58,56,0,HOLD,0.02,0,False,backfill,,55,NEUTRAL
2026-08-11T13:27:58.733464+09:00,2026-08-11,CSGP,"CoStar Group, Inc.",US,리츠,2026-08-10,31.48,6164300,8202765.0,1.6707,,69,55,53,51,57,0,HOLD,0.24,3,False,backfill,,50,NEUTRAL
2026-08-11T13:27:58.733464+09:00,2026-08-11,WBS,Webster Financial Corporation,US,금융,2026-08-10,78.7,5223300,4774470.0,0.912,,88,55,48,60,67,2,WATCH,0.84,10,False,backfill,,72,NEUTRAL
2026-08-11T13:27:58.733464+09:00,2026-08-11,ICLR,ICON Public Limited Company,US,제약/바이오,2026-08-10,166.05,516600,856290.0,9.1,,51,60,53,51,54,0,HOLD,0.33,4,False,backfill,,61,NEUTRAL
2026-08-11T13:27:58.733464+09:00,2026-08-11,SF,Stifel Financial Corp,US,금융,2026-08-10,83.68,933800,1181905.0,2.085,,52,55,42,76,60,2,WATCH,0.44,5,False,backfill,,84,NEUTRAL
2026-08-11T13:27:58.733464+09:00,2026-08-11,CR,Crane Company,US,산업재,2026-08-10,219.35,272500,518365.0,7.8765,,66,55,53,58,61,0,HOLD,0.62,7,False,backfill,,69,NEUTRAL
2026-08-11T13:27:58.733464+09:00,2026-08-11,SNN,Smith & Nephew plc,US,제약/바이오,2026-08-10,30.08,1093000,1899545.0,0.8664,,43,60,50,58,51,0,HOLD,0.03,0,False,backfill,,58,NEUTRAL
2026-08-11T13:27:58.733464+09:00,2026-08-11,SJM,The J. M. Smucker Company,US,소매,2026-08-10,116.9738,1031100,1394345.0,3.5284,,66,55,35,78,61,2,WATCH,0.55,7,False,backfill,,77,NEUTRAL
2026-08-11T13:27:58.733464+09:00,2026-08-11,ALGN,"Align Technology, Inc.",US,제약/바이오,2026-08-10,176.04,643600,960135.0,7.2729,,69,60,56,66,64,0,HOLD,0.61,7,False,backfill,,69,NEUTRAL
2026-08-11T13:27:58.733464+09:00,2026-08-11,AEIS,"Advanced Energy Industries, Inc.",US,IT,2026-08-10,314.49,533700,751865.0,23.62,,65,55,45,42,47,0,HOLD,-0.16,-2,False,backfill,,30,NEUTRAL
2026-08-11T13:27:58.733464+09:00,2026-08-11,SEIC,SEI Investments Company,US,금융,2026-08-10,104.72,457900,804265.0,2.51,,76,55,43,50,62,2,WATCH,0.73,9,False,backfill,,84,NEUTRAL
2026-08-11T13:27:58.733464+09:00,2026-08-11,WSE,Wise Group plc Class A Ordinary Shares,US,IT,2026-08-10,12.54,936200,1202840.0,0.3507,,63,55,70,45,57,1,HOLD,0.1,1,False,backfill,,39,NEUTRAL
2026-08-11T13:27:58.733464+09:00,2026-08-11,ELS,"Equity LifeStyle Properties, Inc.",US,리츠,2026-08-10,64.58,763200,1729370.0,1.5507,,43,55,53,45,52,1,HOLD,0.11,1,False,backfill,,72,NEUTRAL
2026-08-11T13:27:58.733464+09:00,2026-08-11,EHC,Encompass Health Corporation,US,제약/바이오,2026-08-10,125.81,1376000,953935.0,3.9593,,82,60,45,58,66,2,WATCH,0.85,10,False,backfill,,83,NEUTRAL
2026-08-11T13:27:58.733464+09:00,2026-08-11,ARWR,"Arrowhead Pharmaceuticals, Inc.",US,제약/바이오,2026-08-10,88.33,854100,2100005.0,4.4957,,81,60,50,42,54,1,HOLD,0.48,6,False,backfill,,34,NEUTRAL
2026-08-11T13:27:58.733464+09:00,2026-08-11,HMY,Harmony Gold Mining Company Limited,US,소재,2026-08-10,19.9,2097700,2771720.0,0.8464,,66,55,53,84,61,1,HOLD,0.44,5,False,backfill,,41,NEUTRAL
2026-08-11T13:27:58.733464+09:00,2026-08-11,HBM,Hudbay Minerals Inc.,US,소재,2026-08-10,27.91,4021300,4939895.0,1.29,,58,55,53,60,63,1,HOLD,0.59,7,False,backfill,,91,NEUTRAL
2026-08-11T13:27:58.733464+09:00,2026-08-11,OC,Owens Corning,US,소재,2026-08-10,153.8,740900,941410.0,5.5514,,92,55,45,68,68,1,HOLD,0.93,11,False,backfill,,69,NEUTRAL
2026-08-11T13:27:58.733464+09:00,2026-08-11,FIG,"Figma, Inc.",US,IT,2026-08-10,25.39,25637100,24904550.0,2.1162,,88,55,35,30,60,2,WATCH,0.76,9,False,backfill,,87,NEUTRAL
2026-08-11T13:27:58.733464+09:00,2026-08-11,AGNC,AGNC Investment Corp.,US,리츠,2026-08-10,10.76,14080100,21034330.0,0.2123,,43,55,53,65,53,0,HOLD,0.08,1,False,backfill,,57,NEUTRAL
2026-08-11T13:27:58.733464+09:00,2026-08-11,CORT,Corcept Therapeutics Incorporated,US,제약/바이오,2026-08-10,114.23,1256000,1374205.0,6.39,,95,60,43,43,69,2,WATCH,1.03,12,False,backfill,,93,NEUTRAL
2026-08-11T13:27:58.733464+09:00,2026-08-11,BJ,"BJ's Wholesale Club Holdings, Inc.",US,소매,2026-08-10,96.2,1961400,1495845.0,2.538,,62,55,43,50,50,0,HOLD,0.1,1,False,backfill,,40,NEUTRAL
2026-08-11T13:27:58.733464+09:00,2026-08-11,AMH,American Homes 4 Rent,US,리츠,2026-08-10,34.13,2328300,2225020.0,0.6236,,91,55,65,58,72,1,HOLD,0.99,12,False,backfill,,69,NEUTRAL
2026-08-11T13:27:58.733464+09:00,2026-08-11,NVMI,Nova Ltd.,US,반도체,2026-08-10,384.8,404500,597625.0,26.7814,,15,60,43,42,31,0,AVOID,-0.96,-12,True,backfill,,26,NEUTRAL
2026-08-11T13:27:58.733464+09:00,2026-08-11,SMTC,Semtech Corporation,US,반도체,2026-08-10,131.27,1444300,2228525.0,11.0286,,65,60,43,42,50,0,HOLD,0.02,0,False,backfill,,44,NEUTRAL
2026-08-11T13:27:58.733464+09:00,2026-08-11,RTO,Rentokil Initial plc,US,산업재,2026-08-10,24.0642,1519400,1617210.0,1.1167,,7,55,55,66,37,0,AVOID,-0.85,-10,True,backfill,,27,NEUTRAL
2026-08-11T13:27:58.733464+09:00,2026-08-11,HALO,"Halozyme Therapeutics, Inc.",US,제약/바이오,2026-08-10,102.62,4935000,2155815.0,3.4707,,77,60,40,50,62,2,WATCH,0.73,9,False,backfill,,87,NEUTRAL
2026-08-11T13:27:58.733464+09:00,2026-08-11,GNRC,Generac Holdings Inc.,US,산업재,2026-08-10,206.09,630500,1228345.0,11.8279,,40,55,40,58,41,0,AVOID,-0.58,-7,True,backfill,,26,NEUTRAL
2026-08-11T13:27:58.733464+09:00,2026-08-11,GLPI,"Gaming and Leisure Properties, Inc.",US,리츠,2026-08-10,42.81,2286700,2134750.0,0.9296,,28,55,50,60,44,0,AVOID,-0.46,-6,True,backfill,,41,NEUTRAL
2026-08-11T13:27:58.733464+09:00,2026-08-11,GDDY,GoDaddy Inc.,US,IT,2026-08-10,91.49,1854500,2108035.0,6.1269,,43,55,43,76,57,2,HOLD,0.17,2,False,backfill,,78,NEUTRAL
2026-08-11T13:27:58.733464+09:00,2026-08-11,UDR,"UDR, Inc.",US,리츠,2026-08-10,37.5161,2057000,3517790.0,0.7735,,43,55,53,53,45,0,HOLD,-0.19,-2,False,backfill,,28,NEUTRAL
2026-08-11T13:27:58.733464+09:00,2026-08-11,BTSG,"BrightSpring Health Services, Inc. Commo",US,제약/바이오,2026-08-10,61.45,2361900,4755670.0,3.808,,47,60,40,58,43,0,AVOID,-0.12,-1,True,backfill,,28,NEUTRAL
2026-08-11T13:27:58.733464+09:00,2026-08-11,DKNG,DraftKings Inc.,US,소비재,2026-08-10,24.27,18762600,14338460.0,1.1728,,65,55,40,60,53,0,HOLD,0.11,1,False,backfill,,47,NEUTRAL
2026-08-11T13:27:58.733464+09:00,2026-08-11,DY,"Dycom Industries, Inc.",US,산업재,2026-08-10,400.79,255000,433980.0,24.4279,,50,55,53,53,48,0,HOLD,-0.18,-2,False,backfill,,32,NEUTRAL
2026-08-11T13:27:58.733464+09:00,2026-08-11,PNW,Pinnacle West Capital Corporation,US,유틸리티,2026-08-10,99.23,1175500,1309500.0,2.2745,,35,55,53,37,43,0,AVOID,-0.23,-3,True,backfill,,48,NEUTRAL
2026-08-11T13:27:58.733464+09:00,2026-08-11,DRS,"Leonardo DRS, Inc.",US,산업재,2026-08-10,44.9602,536200,897445.0,1.9846,,47,55,43,50,47,0,HOLD,0.02,0,False,backfill,,52,NEUTRAL
2026-08-11T13:27:58.733464+09:00,2026-08-11,FHN,First Horizon Corporation,US,금융,2026-08-10,25.23,4220300,6543640.0,0.4814,,50,55,50,60,58,1,HOLD,0.32,4,False,backfill,,80,NEUTRAL
2026-08-11T13:27:58.733464+09:00,2026-08-11,NIO,NIO Inc.,US,소비재,2026-08-10,4.82,28960600,23313005.0,0.1457,,55,55,45,42,44,0,AVOID,-0.36,-4,True,backfill,,29,NEUTRAL
2026-08-11T13:27:58.733464+09:00,2026-08-11,AFG,"American Financial Group, Inc.",US,금융,2026-08-10,143.87,306400,386580.0,2.8007,,91,55,53,60,71,2,WATCH,0.96,12,False,backfill,,77,NEUTRAL
2026-08-11T13:27:58.733464+09:00,2026-08-11,MDGL,"Madrigal Pharmaceuticals, Inc.",US,제약/바이오,2026-08-10,515.34,283700,382415.0,25.9521,,43,60,35,26,40,0,AVOID,-0.26,-3,True,backfill,,55,NEUTRAL
2026-08-11T13:27:58.733464+09:00,2026-08-11,CART,Maplebear Inc.,US,IT,2026-08-10,50.56,5024300,4157835.0,1.8986,,92,55,40,66,67,1,HOLD,0.87,10,False,backfill,,69,NEUTRAL
2026-08-11T13:27:58.733464+09:00,2026-08-11,SMMT,Summit Therapeutics Inc.,US,제약/바이오,2026-08-10,14.87,3491600,3693265.0,0.8367,,55,60,68,42,52,0,HOLD,-0.07,-1,False,backfill,,36,NEUTRAL
2026-08-11T13:27:58.733464+09:00,2026-08-11,VIRT,"Virtu Financial, Inc.",US,금융,2026-08-10,55.67,1078000,1174355.0,2.3403,,35,55,48,70,52,1,HOLD,0.07,1,False,backfill,,67,NEUTRAL
2026-08-11T13:27:58.733464+09:00,2026-08-11,DVA,DaVita Inc.,US,제약/바이오,2026-08-10,183.69,786700,985190.0,9.6586,,35,60,35,84,49,1,HOLD,-0.29,-3,False,backfill,,58,NEUTRAL
2026-08-11T13:27:58.733464+09:00,2026-08-11,HL,Hecla Mining Company,US,소재,2026-08-10,17.55,45637600,42826730.0,0.9243,,59,55,45,45,56,1,HOLD,0.07,1,False,backfill,,81,NEUTRAL
2026-08-11T13:27:58.733464+09:00,2026-08-11,MICC,The Magnum Ice Cream Company N.V.,US,소매,2026-08-10,19.2,710000,996105.0,0.4404,,85,55,53,50,62,1,HOLD,0.73,9,False,backfill,,51,NEUTRAL
2026-08-11T13:27:58.733464+09:00,2026-08-11,CHYM,"Chime Financial, Inc. Class A Common Sto",US,금융,2026-08-10,30.85,8444800,8193930.0,1.7344,,70,55,40,62,64,2,WATCH,0.72,9,False,backfill,,93,NEUTRAL
2026-08-11T13:27:58.733464+09:00,2026-08-11,KTOS,"Kratos Defense & Security Solutions, Inc",US,산업재,2026-08-10,62.42,4569900,4151705.0,3.9814,,63,55,40,30,48,0,HOLD,0.17,2,False,backfill,,55,NEUTRAL
2026-08-11T13:27:58.733464+09:00,2026-08-11,VSAT,"Viasat, Inc.",US,IT,2026-08-10,84.83,2052300,2234765.0,6.0979,,88,55,35,43,55,1,HOLD,0.54,6,False,backfill,,49,NEUTRAL
2026-08-11T13:27:58.733464+09:00,2026-08-11,ERIE,Erie Indemnity Company,US,금융,2026-08-10,252.35,194800,311840.0,11.1286,,74,55,62,58,66,1,HOLD,0.8,10,False,backfill,,66,NEUTRAL
2026-08-11T13:27:58.733464+09:00,2026-08-11,PAYC,"Paycom Software, Inc.",US,IT,2026-08-10,213.45,1233500,984155.0,11.4138,,77,55,53,50,66,2,WATCH,0.86,10,False,backfill,,86,NEUTRAL
2026-08-11T13:27:58.733464+09:00,2026-08-11,GMED,"Globus Medical, Inc.",US,제약/바이오,2026-08-10,86.15,3025000,1672620.0,2.8086,,58,60,50,58,61,1,HOLD,0.55,7,False,backfill,,85,NEUTRAL
2026-08-11T13:27:58.733464+09:00,2026-08-11,LFUS,"Littelfuse, Inc.",US,IT,2026-08-10,455.18,188400,391450.0,21.5057,,72,55,43,50,54,1,HOLD,0.2,2,False,backfill,,49,NEUTRAL
2026-08-11T13:27:58.733464+09:00,2026-08-11,RRX,Regal Rexnord Corporation,US,산업재,2026-08-10,173.42,1349800,1237090.0,12.1214,,18,55,53,58,38,0,AVOID,-0.76,-9,True,backfill,,26,NEUTRAL
2026-08-11T13:27:58.733464+09:00,2026-08-11,EVR,Evercore Inc.,US,금융,2026-08-10,297.97,739500,550370.0,13.5807,,20,55,53,68,43,0,AVOID,-0.55,-7,True,backfill,,39,NEUTRAL
2026-08-11T13:27:58.733464+09:00,2026-08-11,DPZ,"Domino's Pizza, Inc.",US,소비재,2026-08-10,347.85,841200,1026590.0,12.4043,,84,55,46,50,62,1,HOLD,0.68,8,False,backfill,,63,NEUTRAL
2026-08-11T13:27:58.733464+09:00,2026-08-11,AHR,"American Healthcare REIT, Inc.",US,리츠,2026-08-10,55.47,1996500,2231160.0,1.5678,,47,55,53,43,54,1,HOLD,0.28,3,False,backfill,,75,NEUTRAL
2026-08-11T13:27:58.733464+09:00,2026-08-11,MANH,"Manhattan Associates, Inc.",US,IT,2026-08-10,195.69,739200,983565.0,11.4471,,95,55,45,42,66,2,WATCH,0.95,11,False,backfill,,78,NEUTRAL
2026-08-11T13:27:58.733464+09:00,2026-08-11,TFII,TFI International Inc.,US,산업재,2026-08-10,138.8,235800,367310.0,5.7057,,25,55,53,66,43,0,AVOID,-0.37,-4,True,backfill,,32,NEUTRAL
2026-08-11T13:27:58.733464+09:00,2026-08-11,XPEV,XPeng Inc.,US,소비재,2026-08-10,12.0,4505500,6740855.0,0.4404,,18,55,50,50,37,0,AVOID,-0.77,-9,True,backfill,,33,NEUTRAL
2026-08-11T13:27:58.733464+09:00,2026-08-11,AR,Antero Resources Corporation,US,에너지,2026-08-10,37.07,6059700,4646050.0,1.2557,,69,55,48,78,62,1,HOLD,0.4,5,False,backfill,,55,NEUTRAL
2026-08-11T13:27:58.733464+09:00,2026-08-11,SCI,Service Corporation International,US,소비재,2026-08-10,83.4,758800,1267135.0,2.5629,,52,55,38,50,51,0,HOLD,0.15,2,False,backfill,,69,NEUTRAL
2026-08-11T13:27:58.733464+09:00,2026-08-11,DOCU,"DocuSign, Inc.",US,IT,2026-08-10,59.64,3263500,3116305.0,3.0033,,88,55,40,74,64,2,WATCH,0.75,9,False,backfill,,55,NEUTRAL
2026-08-11T13:27:58.733464+09:00,2026-08-11,AXSM,"Axsome Therapeutics, Inc.",US,제약/바이오,2026-08-10,220.89,1398500,716915.0,9.0193,,25,60,35,34,42,1,AVOID,-0.3,-4,True,backfill,,84,NEUTRAL
2026-08-11T13:27:58.733464+09:00,2026-08-11,ENLT,Enlight Renewable Energy Ltd,US,유틸리티,2026-08-10,80.98,166800,212305.0,4.9107,,31,55,40,35,33,0,AVOID,-0.79,-9,True,backfill,,23,NEUTRAL
2026-08-11T13:27:58.733464+09:00,2026-08-11,TECH,Bio-Techne Corporation,US,제약/바이오,2026-08-10,72.12,3337500,3701505.0,0.2979,,73,60,53,51,61,1,HOLD,0.68,8,False,backfill,,67,NEUTRAL
2026-08-11T13:27:58.733464+09:00,2026-08-11,WTRG,"Essential Utilities, Inc.",US,유틸리티,2026-08-10,39.419,2546400,2137680.0,1.01,,62,55,53,37,53,0,HOLD,0.28,3,False,backfill,,55,NEUTRAL
2026-08-11T13:27:58.733464+09:00,2026-08-11,JEF,Jefferies Financial Group Inc.,US,금융,2026-08-10,55.31,2500200,1944575.0,2.0543,,69,55,50,68,59,0,HOLD,0.4,5,False,backfill,,48,NEUTRAL
2026-08-11T13:27:58.733464+09:00,2026-08-11,PAC,"Grupo Aeroportuario del Pacífico, S.A.B.",US,산업재,2026-08-10,216.17,66100,164645.0,5.9793,,50,55,50,50,46,0,HOLD,-0.29,-3,False,backfill,,32,NEUTRAL
2026-08-11T13:27:58.733464+09:00,2026-08-11,DCI,"Donaldson Company, Inc.",US,산업재,2026-08-10,96.4174,562400,707310.0,2.3963,,84,55,53,50,65,1,HOLD,0.82,10,False,backfill,,69,NEUTRAL
2026-08-11T13:27:58.733464+09:00,2026-08-11,KNX,Knight-Swift Transportation Holdings Inc,US,산업재,2026-08-10,68.67,2049800,4082795.0,2.8121,,24,55,45,51,38,0,AVOID,-0.38,-5,True,backfill,,33,NEUTRAL
2026-08-11T13:27:58.733464+09:00,2026-08-11,APC,ARKO Petroleum Corp. Class A Common Stoc,US,에너지,2026-08-10,18.62,250700,108815.0,0.8729,,35,55,70,50,53,1,HOLD,-0.03,0,False,backfill,,59,NEUTRAL
2026-08-11T13:27:58.733464+09:00,2026-08-11,QXO,"QXO, Inc.",US,산업재,2026-08-10,15.38,9988300,20820685.0,0.8243,,62,55,53,42,51,0,HOLD,-0.09,-1,False,backfill,,41,NEUTRAL
2026-08-11T13:27:58.733464+09:00,2026-08-11,ELAN,Elanco Animal Health Incorporated,US,제약/바이오,2026-08-10,22.28,22486500,7895670.0,1.2486,,43,60,62,63,56,0,HOLD,0.16,2,False,backfill,,58,NEUTRAL
2026-08-11T13:27:58.733464+09:00,2026-08-11,BPOP,"Popular, Inc.",US,금융,2026-08-10,173.96,454600,466405.0,3.8607,,62,55,46,70,61,2,WATCH,0.57,7,False,backfill,,75,NEUTRAL
2026-08-11T13:27:58.733464+09:00,2026-08-11,UMBF,UMB Financial Corporation,US,금융,2026-08-10,146.11,604400,624100.0,3.5343,,62,55,40,60,58,1,HOLD,0.44,5,False,backfill,,75,NEUTRAL
2026-08-11T13:27:58.733464+09:00,2026-08-11,HUBS,"HubSpot, Inc.",US,IT,2026-08-10,215.91,1780400,2172030.0,21.2593,,47,55,53,59,53,0,HOLD,0.25,3,False,backfill,,58,NEUTRAL
2026-08-11T13:27:58.733464+09:00,2026-08-11,JKHY,"Jack Henry & Associates, Inc.",US,IT,2026-08-10,155.08,644800,949715.0,4.9136,,62,55,58,50,62,1,HOLD,0.57,7,False,backfill,,80,NEUTRAL
2026-08-11T13:27:58.733464+09:00,2026-08-11,SAIL,"SailPoint, Inc.",US,IT,2026-08-10,19.41,3775700,3468850.0,0.868,,70,55,50,42,61,2,WATCH,0.69,8,False,backfill,,84,NEUTRAL
2026-08-11T13:27:58.733464+09:00,2026-08-11,MGM,MGM Resorts International,US,소비재,2026-08-10,43.36,2463100,2589070.0,1.0871,,32,55,53,74,44,1,AVOID,-0.17,-2,True,backfill,,16,NEUTRAL
2026-08-11T13:27:58.733464+09:00,2026-08-11,WMS,"Advanced Drainage Systems, Inc.",US,산업재,2026-08-10,141.67,761600,679170.0,5.2812,,65,55,48,58,49,0,HOLD,-0.02,0,False,backfill,,19,NEUTRAL
2026-08-11T13:27:58.733464+09:00,2026-08-11,EGP,"EastGroup Properties, Inc.",US,리츠,2026-08-10,201.86,499800,548810.0,4.8607,,35,55,53,45,41,0,AVOID,-0.35,-4,True,backfill,,29,NEUTRAL
2026-08-11T13:27:58.733464+09:00,2026-08-11,BXP,"BXP, Inc.",US,리츠,2026-08-10,67.9,1216700,1526055.0,2.1471,,47,55,43,53,51,0,HOLD,0.21,3,False,backfill,,67,NEUTRAL
2026-08-11T13:27:58.733464+09:00,2026-08-11,GSAT,"Globalstar, Inc.",US,인터넷,2026-08-10,83.82,613800,1106205.0,1.1029,,77,60,53,27,58,2,HOLD,0.49,6,False,backfill,,70,NEUTRAL
2026-08-11T13:27:58.733464+09:00,2026-08-11,TX,Ternium S.A.,US,소재,2026-08-10,54.8,889300,754845.0,1.7821,,77,55,50,78,72,3,BUY,0.96,12,False,backfill,,90,NEUTRAL
2026-08-11T13:27:58.733464+09:00,2026-08-11,WTFC,Wintrust Financial Corporation,US,금융,2026-08-10,159.2,539500,719610.0,2.8351,,47,55,53,60,51,0,HOLD,0.06,1,False,backfill,,43,NEUTRAL
2026-08-11T13:27:58.733464+09:00,2026-08-11,ENSG,"The Ensign Group, Inc.",US,제약/바이오,2026-08-10,183.94,327300,462035.0,5.0871,,84,60,43,58,55,1,HOLD,0.37,4,False,backfill,,25,NEUTRAL
2026-08-11T13:27:58.733464+09:00,2026-08-11,CGNX,Cognex Corporation,US,IT,2026-08-10,64.36,3366000,2092195.0,3.3564,,65,55,50,43,48,0,HOLD,-0.04,0,False,backfill,,26,NEUTRAL
2026-08-11T13:27:58.733464+09:00,2026-08-11,GKOS,Glaukos Corporation,US,제약/바이오,2026-08-10,181.42,646100,884595.0,7.9021,,77,60,43,27,58,2,HOLD,0.66,8,False,backfill,,83,NEUTRAL
2026-08-11T13:27:58.733464+09:00,2026-08-11,FROG,JFrog Ltd.,US,IT,2026-08-10,88.15,2239400,2340295.0,5.7787,,73,55,40,27,52,1,HOLD,0.41,5,False,backfill,,61,NEUTRAL
2026-08-11T13:27:58.733464+09:00,2026-08-11,SANM,Sanmina Corporation,US,IT,2026-08-10,199.15,673200,876850.0,16.5486,,40,55,45,58,44,0,AVOID,-0.49,-6,True,backfill,,32,NEUTRAL
2026-08-11T13:27:58.733464+09:00,2026-08-11,AAOI,"Applied Optoelectronics, Inc.",US,IT,2026-08-10,132.81,18508700,11538140.0,15.8379,,62,55,46,50,47,0,HOLD,-0.26,-3,False,backfill,,23,NEUTRAL
2026-08-11T13:27:58.733464+09:00,2026-08-11,PNR,Pentair plc,US,산업재,2026-08-10,66.73,2310200,3952915.0,1.9911,,72,55,50,76,68,3,WATCH,0.46,6,False,backfill,,81,NEUTRAL
2026-08-11T13:27:58.733464+09:00,2026-08-11,IAG,Iamgold Corporation,US,소재,2026-08-10,18.43,7985300,5896520.0,0.835,,54,55,50,73,59,1,HOLD,0.22,3,False,backfill,,68,NEUTRAL
2026-08-11T13:27:58.733464+09:00,2026-08-11,WYNN,"Wynn Resorts, Limited",US,소비재,2026-08-10,102.2497,1175000,1569800.0,3.2114,,59,55,40,58,49,0,HOLD,0.02,0,False,backfill,,39,NEUTRAL
2026-08-11T13:27:58.733464+09:00,2026-08-11,SPXC,"SPX Technologies, Inc.",US,소재,2026-08-10,212.35,407500,567510.0,10.7757,,50,55,48,58,47,0,HOLD,-0.06,-1,False,backfill,,32,NEUTRAL
2026-08-11T13:27:58.733464+09:00,2026-08-11,AYI,"Acuity Brands, Inc.",US,산업재,2026-08-10,353.4,249100,288825.0,10.9193,,95,55,45,58,69,2,WATCH,0.99,12,False,backfill,,77,NEUTRAL
2026-08-11T13:27:58.733464+09:00,2026-08-11,APTV,Aptiv PLC,US,소비재,2026-08-10,49.81,3550100,3886990.0,2.5186,,28,55,45,74,43,1,AVOID,-0.53,-6,True,backfill,,33,NEUTRAL
2026-08-11T13:27:58.733464+09:00,2026-08-11,SSB,SouthState Bank Corp.,US,금융,2026-08-10,108.56,851100,919840.0,2.2918,,81,55,46,70,68,3,WATCH,0.87,10,False,backfill,,80,NEUTRAL
2026-08-11T13:27:58.733464+09:00,2026-08-11,NYT,The New York Times Company,US,인터넷,2026-08-10,64.8,2463500,2240165.0,3.1921,,18,60,53,53,38,0,AVOID,-0.73,-9,True,backfill,,33,NEUTRAL
2026-08-11T13:27:58.733464+09:00,2026-08-11,AES,The AES Corporation,US,유틸리티,2026-08-10,14.73,12456300,7199820.0,0.049,,84,55,53,70,69,2,WATCH,0.76,9,False,backfill,,69,NEUTRAL
2026-08-11T13:27:58.733464+09:00,2026-08-11,UHS,"Universal Health Services, Inc.",US,제약/바이오,2026-08-10,172.74,730400,1018365.0,7.1707,,65,60,50,70,58,1,HOLD,0.3,4,False,backfill,,48,NEUTRAL
2026-08-11T13:27:58.733464+09:00,2026-08-11,AM,Antero Midstream Corporation,US,에너지,2026-08-10,21.94,1979600,2283775.0,0.5543,,43,55,45,58,49,0,HOLD,-0.03,0,False,backfill,,55,NEUTRAL
2026-08-11T13:27:58.733464+09:00,2026-08-11,RMBS,Rambus Inc.,US,반도체,2026-08-10,95.89,1883600,2799850.0,7.2629,,40,60,43,45,40,0,AVOID,-0.57,-7,True,backfill,,30,NEUTRAL
2026-08-11T13:27:58.733464+09:00,2026-08-11,MOH,"Molina Healthcare, Inc.",US,제약/바이오,2026-08-10,198.84,338100,1531435.0,8.9814,,21,60,53,51,37,0,AVOID,-0.47,-6,True,backfill,,22,NEUTRAL
2026-08-11T13:27:58.733464+09:00,2026-08-11,ARW,"Arrow Electronics, Inc.",US,IT,2026-08-10,202.57,948000,581750.0,9.7621,,28,55,40,84,47,1,HOLD,-0.3,-4,False,backfill,,49,NEUTRAL
2026-08-11T13:27:58.733464+09:00,2026-08-11,SWKS,"Skyworks Solutions, Inc.",US,반도체,2026-08-10,68.79,5496900,5910820.0,3.1564,,69,60,56,53,59,0,HOLD,0.37,4,False,backfill,,56,NEUTRAL
2026-08-11T13:27:58.733464+09:00,2026-08-11,ORI,Old Republic International Corporation,US,금융,2026-08-10,42.47,1101000,1255220.0,1.07,,47,55,45,78,59,2,HOLD,0.32,4,False,backfill,,78,NEUTRAL
2026-08-11T13:27:58.733464+09:00,2026-08-11,ALSN,"Allison Transmission Holdings, Inc.",US,소비재,2026-08-10,124.52,948000,884900.0,4.6271,,84,55,53,66,64,1,HOLD,0.56,7,False,backfill,,48,NEUTRAL
2026-08-11T13:27:58.733464+09:00,2026-08-11,BSY,"Bentley Systems, Incorporated",US,IT,2026-08-10,35.31,2017900,2846760.0,1.6934,,84,55,50,50,68,2,WATCH,0.87,10,False,backfill,,90,NEUTRAL
2026-08-11T13:27:58.733464+09:00,2026-08-11,BMNR,"Bitmine Immersion Technologies, Inc.",US,금융,2026-08-10,18.1,27665500,34963565.0,1.29,,63,55,56,52,63,1,HOLD,0.3,4,False,backfill,,85,NEUTRAL
2026-08-11T13:27:58.733464+09:00,2026-08-11,ZION,"Zions Bancorporation, National Associati",US,금융,2026-08-10,70.1487,961700,1714905.0,1.3644,,69,55,40,65,62,1,HOLD,0.65,8,False,backfill,,84,NEUTRAL
2026-08-11T13:27:58.733464+09:00,2026-08-11,CFR,"Cullen/Frost Bankers, Inc.",US,금융,2026-08-10,165.65,512200,653080.0,3.6479,,73,55,53,55,67,2,WATCH,0.87,10,False,backfill,,93,NEUTRAL
2026-08-11T13:27:58.733464+09:00,2026-08-11,PRAX,"Praxis Precision Medicines, Inc.",US,제약/바이오,2026-08-10,366.96,605000,401650.0,20.3984,,88,60,46,50,61,1,HOLD,0.67,8,False,backfill,,55,NEUTRAL
2026-08-11T13:27:58.733464+09:00,2026-08-11,MUSA,Murphy USA Inc.,US,소비재,2026-08-10,552.84,486800,299020.0,23.9471,,43,55,45,52,49,0,HOLD,-0.12,-1,False,backfill,,61,NEUTRAL
2026-08-11T13:27:58.733464+09:00,2026-08-11,FLS,Flowserve Corporation,US,산업재,2026-08-10,79.49,1020100,1982990.0,3.1321,,61,55,61,58,64,1,HOLD,0.66,8,False,backfill,,77,NEUTRAL
2026-08-11T13:27:58.733464+09:00,2026-08-11,ONB,Old National Bancorp,US,금융,2026-08-10,26.52,3169500,4885905.0,0.4879,,54,55,50,78,61,2,WATCH,0.45,5,False,backfill,,72,NEUTRAL
2026-08-11T13:27:58.733464+09:00,2026-08-11,YMM,Full Truck Alliance Co. Ltd.,US,IT,2026-08-10,9.7,8492700,6691205.0,0.26,,74,55,53,76,63,2,WATCH,0.6,7,False,backfill,,49,NEUTRAL
2026-08-11T13:27:58.733464+09:00,2026-08-11,MOD,Modine Manufacturing Company,US,산업재,2026-08-10,191.01,729700,1601385.0,15.7236,,7,55,35,35,26,0,AVOID,-1.13,-14,True,backfill,,33,NEUTRAL
2026-08-11T13:27:58.733464+09:00,2026-08-11,WLK,Westlake Corporation,US,소재,2026-08-10,79.09,1298000,1173205.0,3.2493,,62,55,56,50,55,0,HOLD,0.02,0,False,backfill,,49,NEUTRAL
2026-08-11T13:27:58.733464+09:00,2026-08-11,RDY,Dr. Reddy's Laboratories Limited,US,제약/바이오,2026-08-10,12.15,1967300,2837905.0,0.327,,65,60,50,42,50,0,HOLD,-0.01,0,False,backfill,,36,NEUTRAL
2026-08-11T13:27:58.733464+09:00,2026-08-11,FDS,FactSet Research Systems Inc.,US,금융,2026-08-10,284.12,703000,913965.0,11.66,,95,55,50,66,69,1,HOLD,0.98,12,False,backfill,,63,NEUTRAL
2026-08-11T13:27:58.733464+09:00,2026-08-11,BEPH,Brookfield BRP Holdings (Canada) Inc 4.6,US,리츠,2026-08-10,15.15,38200,29765.0,0.0914,,65,55,55,50,54,0,HOLD,0.22,3,False,backfill,,40,NEUTRAL
2026-08-11T13:27:58.733464+09:00,2026-08-11,PSKY,Paramount Skydance Corporation Class B C,US,인터넷,2026-08-10,9.27,9787600,12098800.0,0.3871,,72,60,56,69,62,1,HOLD,0.22,3,False,backfill,,47,NEUTRAL
2026-08-11T13:27:58.733464+09:00,2026-08-11,PAYP,PayPay Corporation,US,IT,2026-08-10,14.89,762200,880400.0,0.9057,,36,55,60,68,48,0,HOLD,-0.37,-4,False,backfill,,30,NEUTRAL
2026-08-11T13:27:58.733464+09:00,2026-08-11,BEPI,Brookfield BRP Holdings (Canada,US,리츠,2026-08-10,16.12,15800,42240.0,0.1521,,65,55,55,50,54,0,HOLD,0.25,3,False,backfill,,40,NEUTRAL
2026-08-11T13:27:58.733464+09:00,2026-08-11,SUZ,Suzano S.A.,US,소재,2026-08-10,8.12,3048100,2405730.0,0.1939,,46,55,58,62,54,0,HOLD,-0.01,0,False,backfill,,52,NEUTRAL
2026-08-11T13:27:58.733464+09:00,2026-08-11,HSIC,"Henry Schein, Inc.",US,제약/바이오,2026-08-10,88.08,1401400,1448850.0,2.2629,,95,60,50,58,70,2,WATCH,1.03,12,False,backfill,,75,NEUTRAL
2026-08-11T13:27:58.733464+09:00,2026-08-11,005930.KS,삼성전자,KR,미분류,2026-08-10,230000.0,16327805,30699535.45,23092.8571,,40,55,55,78,55,1,HOLD,-0.15,-2,False,backfill,,55,NEUTRAL
2026-08-11T13:27:58.733464+09:00,2026-08-11,000660.KS,SK하이닉스,KR,미분류,2026-08-10,1420000.0,3295283,6385262.6,187071.4286,,18,55,47,78,46,1,HOLD,-0.55,-7,False,backfill,,55,NEUTRAL
2026-08-11T13:27:58.733464+09:00,2026-08-11,373220.KS,LG에너지솔루션,KR,미분류,2026-08-10,367500.0,247517,309320.6,20392.8571,,59,55,55,29,48,0,HOLD,-0.18,-2,False,backfill,,38,NEUTRAL
2026-08-11T13:27:58.733464+09:00,2026-08-11,207940.KS,삼성바이오로직스,KR,미분류,2026-08-10,1569000.0,42211,68312.9,76357.1429,,84,55,55,50,70,2,WATCH,0.91,11,False,backfill,,90,NEUTRAL
2026-08-11T13:27:58.733464+09:00,2026-08-11,005380.KS,현대차,KR,미분류,2026-08-10,408000.0,458584,847569.45,27857.1429,,55,55,55,65,52,0,HOLD,-0.15,-2,False,backfill,,32,NEUTRAL
2026-08-11T13:27:58.733464+09:00,2026-08-11,000270.KS,기아,KR,미분류,2026-08-10,135500.0,703951,1005294.0,7500.0,,40,55,63,78,63,2,WATCH,0.11,1,False,backfill,,81,NEUTRAL
2026-08-11T13:27:58.733464+09:00,2026-08-11,035420.KS,NAVER,KR,미분류,2026-08-10,211500.0,733171,1318455.7,16228.5714,,72,55,47,55,61,2,WATCH,0.44,5,False,backfill,,71,NEUTRAL
2026-08-11T13:27:58.733464+09:00,2026-08-11,068270.KS,셀트리온,KR,미분류,2026-08-10,201000.0,533999,751926.5,7632.1429,,66,55,68,58,61,0,HOLD,0.55,7,False,backfill,,46,NEUTRAL
2026-08-11T13:27:58.733464+09:00,2026-08-11,105560.KS,KB금융,KR,미분류,2026-08-10,171700.0,690184,1264153.75,7802.6603,,47,55,55,78,58,1,HOLD,0.3,4,False,backfill,,60,NEUTRAL
2026-08-11T13:27:58.733464+09:00,2026-08-11,005490.KS,POSCO홀딩스,KR,미분류,2026-08-10,336000.0,272691,314020.75,15750.0,,59,55,50,78,58,1,HOLD,-0.0,0,False,backfill,,46,NEUTRAL
2026-08-11T13:27:58.733464+09:00,2026-08-11,055550.KS,신한지주,KR,미분류,2026-08-10,106400.0,1143341,1200051.55,4824.5561,,91,55,68,65,74,1,HOLD,1.09,13,False,backfill,,69,NEUTRAL
2026-08-11T13:27:58.733464+09:00,2026-08-11,012330.KS,현대모비스,KR,미분류,2026-08-10,505000.0,192945,333490.5,36402.9806,,72,55,63,78,64,2,WATCH,0.35,4,False,backfill,,38,NEUTRAL
2026-08-11T13:27:58.733464+09:00,2026-08-11,035720.KS,카카오,KR,미분류,2026-08-10,39550.0,1963362,2324693.9,1841.0714,,69,55,60,58,67,1,HOLD,0.48,6,False,backfill,,84,NEUTRAL
2026-08-11T13:27:58.733464+09:00,2026-08-11,006400.KS,삼성SDI,KR,미분류,2026-08-10,481500.0,423653,485862.75,35500.0,,59,55,58,45,53,0,HOLD,-0.05,-1,False,backfill,,44,NEUTRAL
2026-08-11T13:27:58.733464+09:00,2026-08-11,028260.KS,삼성물산,KR,미분류,2026-08-10,336000.0,244445,554427.55,30642.8571,,40,55,63,50,56,1,HOLD,-0.04,0,False,backfill,,73,NEUTRAL
2026-08-11T13:27:58.733464+09:00,2026-08-11,015760.KS,한국전력,KR,미분류,2026-08-10,35700.0,815056,1513818.05,1550.0,,62,55,68,78,62,1,HOLD,0.16,2,False,backfill,,36,NEUTRAL
2026-08-11T13:27:58.733464+09:00,2026-08-11,010130.KS,고려아연,KR,미분류,2026-08-10,1235000.0,54104,22770.05,95071.4286,,59,55,55,42,51,0,HOLD,-0.09,-1,False,backfill,,44,NEUTRAL
2026-08-11T13:27:58.733464+09:00,2026-08-11,034730.KS,SK,KR,미분류,2026-08-10,511608.5,100421,228050.4,56026.1795,,28,55,55,78,47,1,HOLD,-0.41,-5,False,backfill,,33,NEUTRAL
2026-08-11T13:27:58.733464+09:00,2026-08-11,003670.KS,포스코퓨처엠,KR,미분류,2026-08-10,165500.0,494259,306467.5,11914.2857,,59,55,50,22,45,0,HOLD,-0.26,-3,False,backfill,,38,NEUTRAL
2026-08-11T13:27:58.733464+09:00,2026-08-11,018260.KS,삼성에스디에스,KR,미분류,2026-08-10,222500.0,190434,325718.35,15764.2857,,80,55,55,50,65,2,WATCH,0.83,10,False,backfill,,73,NEUTRAL
2026-08-11T13:27:58.733464+09:00,2026-08-11,032830.KS,삼성생명,KR,미분류,2026-08-10,280500.0,330280,457007.15,25000.0,,50,55,55,62,54,0,HOLD,0.0,0,False,backfill,,49,NEUTRAL
2026-08-11T13:27:58.733464+09:00,2026-08-11,138040.KS,메리츠금융지주,KR,미분류,2026-08-10,123500.0,161186,280972.15,5757.1429,,84,55,63,70,69,2,WATCH,0.85,10,False,backfill,,55,NEUTRAL
2026-08-11T13:27:58.733464+09:00,2026-08-11,011200.KS,HMM,KR,미분류,2026-08-10,21450.0,773742,1437057.1,934.2857,,84,55,68,52,71,2,WATCH,0.95,11,False,backfill,,77,NEUTRAL
2026-08-11T13:27:58.733464+09:00,2026-08-11,086790.KS,하나금융지주,KR,미분류,2026-08-10,130400.0,841758,923186.1,6096.6248,,80,55,66,65,68,1,HOLD,0.73,9,False,backfill,,55,NEUTRAL
2026-08-11T13:27:58.733464+09:00,2026-08-11,017670.KS,SK텔레콤,KR,미분류,2026-08-10,85000.0,1091311,1678212.3,8507.1429,,50,55,50,68,59,1,HOLD,0.08,1,False,backfill,,76,NEUTRAL
2026-08-11T13:27:58.733464+09:00,2026-08-11,011170.KS,롯데케미칼,KR,미분류,2026-08-10,58500.0,312110,111535.1,3221.4286,,40,55,50,50,47,0,HOLD,-0.33,-4,False,backfill,,52,NEUTRAL
2026-08-11T13:27:58.733464+09:00,2026-08-11,267260.KS,HD현대일렉트릭,KR,미분류,2026-08-10,762700.0,115016,177458.0,69952.1897,,55,55,63,50,54,0,HOLD,-0.04,0,False,backfill,,44,NEUTRAL
2026-08-11T13:27:58.733464+09:00,2026-08-11,090430.KS,아모레퍼시픽,KR,미분류,2026-08-10,135800.0,359628,375169.85,7314.2857,,84,55,60,50,69,2,WATCH,0.88,11,False,backfill,,81,NEUTRAL
2026-08-11T13:27:58.733464+09:00,2026-08-11,267250.KS,HD현대중공업,KR,미분류,2026-08-10,224691.3125,93671,160816.35,16411.5548,,62,55,55,78,57,1,HOLD,-0.02,0,False,backfill,,30,NEUTRAL
2026-08-11T13:27:58.733464+09:00,2026-08-11,323410.KS,카카오뱅크,KR,미분류,2026-08-10,22150.0,850574,942620.55,875.0,,65,55,60,60,60,0,HOLD,0.33,4,False,backfill,,55,NEUTRAL
2026-08-11T13:27:58.733464+09:00,2026-08-11,000810.KS,삼성화재,KR,미분류,2026-08-10,630000.0,83942,110689.15,31285.7143,,58,55,66,62,57,0,HOLD,0.43,5,False,backfill,,37,NEUTRAL
2026-08-11T13:27:58.733464+09:00,2026-08-11,010950.KS,S-Oil,KR,미분류,2026-08-10,139600.0,220813,460653.8,9532.1429,,66,55,60,70,67,2,WATCH,0.77,9,False,backfill,,75,NEUTRAL
2026-08-11T13:27:58.733464+09:00,2026-08-11,011070.KS,LG이노텍,KR,미분류,2026-08-10,555000.0,163865,279181.2,65821.4286,,40,55,55,55,44,0,AVOID,-0.46,-6,True,backfill,,23,NEUTRAL
2026-08-11T13:27:58.733464+09:00,2026-08-11,010140.KS,삼성중공업,KR,미분류,2026-08-10,22550.0,2517614,3488479.55,1385.0,,62,55,58,76,60,1,HOLD,0.12,1,False,backfill,,46,NEUTRAL
2026-08-11T13:27:58.733464+09:00,2026-08-11,329180.KS,HD현대미포,KR,미분류,2026-08-10,525558.875,428788,282690.15,30695.2341,,59,55,55,60,54,0,HOLD,-0.06,-1,False,backfill,,40,NEUTRAL
2026-08-11T13:27:58.733464+09:00,2026-08-11,024110.KS,기업은행,KR,미분류,2026-08-10,20250.0,975883,1122327.15,653.7196,,28,55,60,70,47,1,HOLD,-0.31,-4,False,backfill,,32,NEUTRAL
2026-08-11T13:27:58.733464+09:00,2026-08-11,009150.KS,삼성전기,KR,미분류,2026-08-10,1274000.0,612678,943702.3,165571.4286,,73,55,63,50,61,1,HOLD,0.67,8,False,backfill,,52,NEUTRAL
2026-08-11T13:27:58.733464+09:00,2026-08-11,042660.KS,한화오션,KR,미분류,2026-08-10,94400.0,1011416,1632581.7,6364.2857,,59,55,58,60,64,1,HOLD,0.27,3,False,backfill,,82,NEUTRAL
2026-08-11T13:27:58.733464+09:00,2026-08-11,128940.KS,한미약품,KR,미분류,2026-08-10,407500.0,37369,91526.95,26000.0,,72,55,55,50,64,2,WATCH,0.53,6,False,backfill,,81,NEUTRAL
2026-08-11T13:27:58.733464+09:00,2026-08-11,247540.KS,에코프로비엠,KR,미분류,2026-08-10,114800.0,477817,430318.7,9664.2857,,62,55,50,50,50,0,HOLD,-0.16,-2,False,backfill,,32,NEUTRAL
2026-08-11T13:27:58.733464+09:00,2026-08-11,251270.KS,넷마블,KR,미분류,2026-08-10,40250.0,144831,174076.75,1742.8571,,59,55,60,78,60,1,HOLD,0.21,3,False,backfill,,44,NEUTRAL
2026-08-11T13:27:58.733464+09:00,2026-08-11,036570.KS,엔씨소프트,KR,미분류,2026-08-10,243500.0,50179,73783.2,11071.4286,,72,55,63,78,68,2,WATCH,0.57,7,False,backfill,,59,NEUTRAL
2026-08-11T13:27:58.733464+09:00,2026-08-11,018880.KS,한온시스템,KR,미분류,2026-08-10,3765.0,4881284,5373297.35,250.3571,,59,55,50,60,60,1,HOLD,0.14,2,False,backfill,,75,NEUTRAL
2026-08-11T13:27:58.733464+09:00,2026-08-11,000720.KS,현대건설,KR,미분류,2026-08-10,110600.0,324857,549386.65,9232.1429,,62,55,63,52,57,0,HOLD,0.09,1,False,backfill,,47,NEUTRAL
2026-08-11T13:27:58.733464+09:00,2026-08-11,139480.KS,이마트,KR,미분류,2026-08-10,81800.0,111368,109675.5,3078.5714,,55,55,55,70,55,1,HOLD,-0.06,-1,False,backfill,,42,NEUTRAL
2026-08-11T13:27:58.733464+09:00,2026-08-11,000100.KS,유한양행,KR,미분류,2026-08-10,82000.0,200193,272083.65,3350.0,,54,55,60,42,54,0,HOLD,0.13,2,False,backfill,,55,NEUTRAL
2026-08-11T13:27:58.733464+09:00,2026-08-11,032640.KS,LG유플러스,KR,미분류,2026-08-10,14691.084,998681,1021454.9,485.7253,,72,55,68,78,65,2,WATCH,0.49,6,False,backfill,,39,NEUTRAL
2026-08-11T13:27:58.733464+09:00,2026-08-11,375500.KS,DL이앤씨,KR,미분류,2026-08-10,72900.0,212506,321109.3,5067.8571,,59,55,63,78,63,1,HOLD,0.17,2,False,backfill,,52,NEUTRAL
2026-08-11T13:27:58.733464+09:00,2026-08-11,096770.KS,SK이노베이션,KR,미분류,2026-08-10,124500.0,795636,991120.75,9475.0,,80,55,55,68,64,1,HOLD,0.45,5,False,backfill,,50,NEUTRAL
2026-08-11T13:27:58.733464+09:00,2026-08-11,079550.KS,LIG넥스원,KR,미분류,2026-08-10,823000.0,184074,157258.4,78785.7143,,69,55,63,42,56,0,HOLD,0.21,3,False,backfill,,38,NEUTRAL
2026-08-11T13:27:58.733464+09:00,2026-08-11,006360.KS,GS건설,KR,미분류,2026-08-10,34900.0,4904454,3322112.45,3814.2857,,84,55,63,78,77,3,BUY,0.91,11,False,backfill,,85,NEUTRAL
2026-08-11T13:27:58.733464+09:00,2026-08-11,078930.KS,GS,KR,미분류,2026-08-10,97300.0,294032,539394.25,8232.1429,,95,55,60,70,75,3,BUY,1.16,14,False,backfill,,72,NEUTRAL
2026-08-11T13:27:58.733464+09:00,2026-08-11,036460.KS,한국가스공사,KR,미분류,2026-08-10,35700.0,182328,156191.5,1321.4286,,62,55,60,78,60,1,HOLD,0.24,3,False,backfill,,38,NEUTRAL
2026-08-11T13:27:58.733464+09:00,2026-08-11,016360.KS,삼성증권,KR,미분류,2026-08-10,93200.0,507337,467903.7,6121.4286,,18,55,61,70,44,1,AVOID,-0.6,-7,True,backfill,,30,NEUTRAL
2026-08-11T13:27:58.733464+09:00,2026-08-11,005940.KS,NH투자증권,KR,미분류,2026-08-10,28250.0,453867,690052.8,1507.1429,,40,55,55,70,56,1,HOLD,-0.1,-1,False,backfill,,67,NEUTRAL
2026-08-11T13:27:58.733464+09:00,2026-08-11,026960.KS,동서,KR,미분류,2026-08-10,26550.0,46003,81437.75,892.8571,,81,55,63,50,69,2,WATCH,0.86,10,False,backfill,,77,NEUTRAL
2026-08-11T13:27:58.733464+09:00,2026-08-11,010060.KS,OCI홀딩스,KR,미분류,2026-08-10,284500.0,578403,406784.65,36678.5714,,69,55,50,52,54,0,HOLD,0.05,1,False,backfill,,39,NEUTRAL
2026-08-11T13:27:58.733464+09:00,2026-08-11,000210.KS,DL,KR,미분류,2026-08-10,51700.0,55363,109564.55,3671.4286,,62,55,50,78,60,1,HOLD,0.1,1,False,backfill,,55,NEUTRAL
2026-08-11T13:27:58.733464+09:00,2026-08-11,006800.KS,미래에셋증권,KR,미분류,2026-08-10,36400.0,1851636,1885542.9,2578.5714,,55,55,63,70,57,1,HOLD,0.01,0,False,backfill,,40,NEUTRAL
2026-08-11T13:27:58.733464+09:00,2026-08-11,064350.KS,현대로템,KR,미분류,2026-08-10,150200.0,268142,592296.65,12607.1429,,55,55,63,60,53,0,HOLD,-0.1,-1,False,backfill,,30,NEUTRAL
2026-08-11T13:27:58.733464+09:00,2026-08-11,005830.KS,DB손해보험,KR,미분류,2026-08-10,162300.0,91630,217807.25,8671.4286,,58,55,68,62,61,0,HOLD,0.37,4,False,backfill,,54,NEUTRAL
2026-08-11T13:27:58.733464+09:00,2026-08-11,002380.KS,KCC,KR,미분류,2026-08-10,441000.0,12780,24122.95,28783.7406,,62,55,55,78,60,1,HOLD,0.08,1,False,backfill,,44,NEUTRAL
2026-08-11T13:27:58.733464+09:00,2026-08-11,011790.KS,SKC,KR,미분류,2026-08-10,86300.0,166459,226778.95,6428.5714,,62,55,50,50,58,1,HOLD,0.13,2,False,backfill,,73,NEUTRAL
2026-08-11T13:27:58.733464+09:00,2026-08-11,006650.KS,대한유화,KR,미분류,2026-08-10,91600.0,55960,30133.0,5592.8571,,40,55,55,78,50,1,HOLD,-0.32,-4,False,backfill,,32,NEUTRAL
2026-08-11T13:27:58.733464+09:00,2026-08-11,000670.KS,영풍,KR,미분류,2026-08-10,40150.0,30569,34136.0,2192.8571,,49,55,55,58,49,0,HOLD,-0.25,-3,False,backfill,,33,NEUTRAL
2026-08-11T13:27:58.733464+09:00,2026-08-11,138930.KS,BNK금융지주,KR,미분류,2026-08-10,14800.0,1105334,1130237.35,769.3454,,17,55,63,70,43,1,AVOID,-0.62,-7,True,backfill,,26,NEUTRAL
2026-08-11T13:27:58.733464+09:00,2026-08-11,006260.KS,LS,KR,미분류,2026-08-10,330000.0,138588,158194.5,32892.8571,,62,55,63,52,55,0,HOLD,0.03,0,False,backfill,,38,NEUTRAL
2026-08-11T13:27:58.733464+09:00,2026-08-11,008770.KS,호텔신라,KR,미분류,2026-08-10,44250.0,215617,299417.9,2414.2857,,40,55,50,68,47,0,HOLD,-0.42,-5,False,backfill,,30,NEUTRAL
2026-08-11T13:27:58.733464+09:00,2026-08-11,009830.KS,한화솔루션,KR,미분류,2026-08-10,35250.0,7773653,4746333.8,3478.5714,,59,55,50,70,56,1,HOLD,-0.05,-1,False,backfill,,44,NEUTRAL
2026-08-11T13:27:58.733464+09:00,2026-08-11,139130.KS,DGB금융지주,KR,미분류,2026-08-10,17270.0,394529,531356.95,908.2143,,65,55,68,70,62,1,HOLD,0.26,3,False,backfill,,39,NEUTRAL
2026-08-11T13:27:58.733464+09:00,2026-08-11,011780.KS,금호석유,KR,미분류,2026-08-10,125100.0,306266,104256.6,7035.7143,,62,55,68,86,67,1,HOLD,0.32,4,False,backfill,,55,NEUTRAL
2026-08-11T13:27:58.733464+09:00,2026-08-11,079160.KS,CJ CGV,KR,미분류,2026-08-10,5570.0,857302,642914.25,326.7857,,74,55,63,66,66,1,HOLD,0.78,9,False,backfill,,58,NEUTRAL
2026-08-11T13:27:58.733464+09:00,2026-08-11,033780.KS,KT&G,KR,미분류,2026-08-10,185700.0,249843,288731.2,7078.5714,,87,55,66,55,65,1,HOLD,0.67,8,False,backfill,,39,NEUTRAL
2026-08-11T13:27:58.733464+09:00,2026-08-11,005810.KS,풍산,KR,미분류,2026-08-10,38000.0,27680,32682.8,1878.5714,,69,55,60,78,62,1,HOLD,0.24,3,False,backfill,,38,NEUTRAL
2026-08-11T13:27:58.733464+09:00,2026-08-11,002960.KS,한국쉘석유,KR,미분류,2026-08-10,512000.0,1044,1739.7,14250.0,,91,55,55,58,67,1,HOLD,0.81,10,False,backfill,,59,NEUTRAL
2026-08-11T13:27:58.733464+09:00,2026-08-11,000120.KS,CJ대한통운,KR,미분류,2026-08-10,78700.0,33011,47063.2,3271.4286,,59,55,55,78,57,1,HOLD,-0.01,0,False,backfill,,38,NEUTRAL
2026-08-11T13:27:58.733464+09:00,2026-08-11,120110.KS,코오롱인더,KR,미분류,2026-08-10,58600.0,276085,184909.8,4307.1429,,59,55,50,78,60,1,HOLD,0.09,1,False,backfill,,59,NEUTRAL
2026-08-11T13:27:58.733464+09:00,2026-08-11,069620.KS,대웅제약,KR,미분류,2026-08-10,129500.0,13834,36526.65,7014.2857,,80,55,60,62,67,1,HOLD,0.55,7,False,backfill,,61,NEUTRAL
2026-08-11T13:27:58.733464+09:00,2026-08-11,185750.KS,종근당,KR,미분류,2026-08-10,70600.0,13490,20195.8,2539.2857,,69,55,60,78,62,1,HOLD,0.22,3,False,backfill,,38,NEUTRAL
2026-08-11T13:27:58.733464+09:00,2026-08-11,006840.KS,AK홀딩스,KR,미분류,2026-08-10,7490.0,5421,15863.2,347.8571,,62,55,55,42,56,0,HOLD,0.21,3,False,backfill,,62,NEUTRAL
2026-08-11T13:27:58.733464+09:00,2026-08-11,008930.KS,한미사이언스,KR,미분류,2026-08-10,45700.0,347419,207515.05,2658.9286,,70,55,68,50,70,2,WATCH,0.97,12,False,backfill,,93,NEUTRAL
2026-08-11T13:27:58.733464+09:00,2026-08-11,002790.KS,아모레G,KR,미분류,2026-08-10,26450.0,97494,114762.85,1178.5714,,80,55,68,78,71,2,WATCH,0.73,9,False,backfill,,55,NEUTRAL
2026-08-11T13:27:58.733464+09:00,2026-08-11,069260.KS,휴켐스,KR,미분류,2026-08-10,16200.0,59443,67610.05,485.0,,69,55,50,78,57,1,HOLD,0.15,2,False,backfill,,30,NEUTRAL
2026-08-11T13:27:58.733464+09:00,2026-08-11,000080.KS,하이트진로,KR,미분류,2026-08-10,15710.0,78813,126593.6,470.7143,,72,55,55,78,60,2,WATCH,0.26,3,False,backfill,,33,NEUTRAL
2026-08-11T13:27:58.733464+09:00,2026-08-11,030200.KS,KT,KR,미분류,2026-08-10,52400.0,237652,443715.9,1345.8246,,50,55,68,73,64,1,HOLD,0.28,3,False,backfill,,68,NEUTRAL
2026-08-11T13:27:58.733464+09:00,2026-08-11,012450.KS,한화에어로스페이스,KR,미분류,2026-08-10,1152000.0,237101,223324.4,72142.8571,,59,55,63,42,53,0,HOLD,-0.01,0,False,backfill,,39,NEUTRAL
2026-08-11T13:27:58.733464+09:00,2026-08-11,047810.KS,한국항공우주,KR,미분류,2026-08-10,154100.0,285068,472272.5,11857.1429,,72,55,63,50,61,1,HOLD,0.34,4,False,backfill,,52,NEUTRAL
2026-08-11T13:27:58.733464+09:00,2026-08-11,051910.KS,LG화학,KR,미분류,2026-08-10,278000.0,131363,209726.4,17446.4286,,59,55,50,52,50,0,HOLD,-0.19,-2,False,backfill,,32,NEUTRAL
2026-08-11T13:27:58.733464+09:00,2026-08-11,051900.KS,LG생활건강,KR,미분류,2026-08-10,318471.3438,88802,108623.85,19406.8456,,66,55,63,45,66,1,HOLD,0.84,10,False,backfill,,93,NEUTRAL
2026-08-11T13:27:58.733464+09:00,2026-08-11,066570.KS,LG전자,KR,미분류,2026-08-10,189477.1719,1054814,1345854.0,13156.5548,,80,55,55,78,71,3,BUY,0.93,11,False,backfill,,73,NEUTRAL
2026-08-11T13:27:58.733464+09:00,2026-08-11,003550.KS,LG,KR,미분류,2026-08-10,107600.0,173941,302189.3,5500.0,,69,55,58,70,62,1,HOLD,0.47,6,False,backfill,,52,NEUTRAL
2026-08-11T13:27:58.733464+09:00,2026-08-11,000150.KS,두산,KR,미분류,2026-08-10,1233000.0,40792,81486.75,133836.6836,,62,55,50,50,48,0,HOLD,-0.22,-3,False,backfill,,23,NEUTRAL
2026-08-11T13:27:58.733464+09:00,2026-08-11,034020.KS,두산에너빌리티,KR,미분류,2026-08-10,79900.0,1894842,2557173.35,4985.7143,,59,55,50,35,48,0,HOLD,-0.2,-2,False,backfill,,40,NEUTRAL
2026-08-11T13:27:58.733464+09:00,2026-08-11,241560.KS,두산밥캣,KR,미분류,2026-08-10,64900.0,77770,172765.0,3616.3417,,72,55,60,70,64,2,WATCH,0.36,4,False,backfill,,52,NEUTRAL
2026-08-11T13:27:58.733464+09:00,2026-08-11,035250.KS,강원랜드,KR,미분류,2026-08-10,14600.0,280147,420944.2,384.6429,,72,55,55,70,62,2,WATCH,0.33,4,False,backfill,,52,NEUTRAL
2026-08-11T13:27:58.733464+09:00,2026-08-11,114090.KS,GKL,KR,미분류,2026-08-10,9300.0,176733,213348.55,324.2857,,40,55,55,86,52,1,HOLD,-0.31,-4,False,backfill,,29,NEUTRAL
2026-08-11T13:27:58.733464+09:00,2026-08-11,020150.KS,롯데에너지머티리얼즈,KR,미분류,2026-08-10,32900.0,249274,182477.75,2900.0,,62,55,50,27,48,0,HOLD,-0.15,-2,False,backfill,,44,NEUTRAL
2026-08-11T13:27:58.733464+09:00,2026-08-11,004020.KS,현대제철,KR,미분류,2026-08-10,28900.0,441057,540681.0,1682.1429,,59,55,50,78,58,1,HOLD,-0.0,0,False,backfill,,46,NEUTRAL
2026-08-11T13:27:58.733464+09:00,2026-08-11,069960.KS,현대백화점,KR,미분류,2026-08-10,103800.0,181087,182241.65,10828.5714,,20,55,63,78,53,1,HOLD,-0.19,-2,False,backfill,,62,NEUTRAL
2026-08-11T13:27:58.733464+09:00,2026-08-11,023530.KS,롯데쇼핑,KR,미분류,2026-08-10,106400.0,227977,174657.7,9185.7143,,18,55,50,78,43,1,AVOID,-0.66,-8,True,backfill,,35,NEUTRAL
2026-08-11T13:27:58.733464+09:00,2026-08-11,012750.KS,에스원,KR,미분류,2026-08-10,75800.0,65451,59104.85,2750.0,,59,55,63,68,55,0,HOLD,0.17,2,False,backfill,,22,NEUTRAL
2026-08-11T13:27:58.733464+09:00,2026-08-11,035150.KS,백광산업,KR,미분류,2026-08-10,10610.0,13425,21193.3,334.2857,,69,55,60,58,58,0,HOLD,0.22,3,False,backfill,,40,NEUTRAL
2026-08-11T13:27:58.733464+09:00,2026-08-11,018670.KS,삼성E&A,KR,미분류,2026-08-10,230000.0,9384,17376.75,15124.9672,,51,55,55,62,52,0,HOLD,-0.16,-2,False,backfill,,39,NEUTRAL
2026-08-11T13:27:58.733464+09:00,2026-08-11,003490.KS,대한항공,KR,미분류,2026-08-10,26850.0,1821076,2606042.75,1171.4286,,72,55,60,62,64,1,HOLD,0.6,7,False,backfill,,62,NEUTRAL
2026-08-11T13:27:58.733464+09:00,2026-08-11,020560.KS,아시아나항공,KR,미분류,2026-08-10,7210.0,71016,121107.15,280.7143,,72,55,55,50,54,1,HOLD,0.26,3,False,backfill,,29,NEUTRAL
2026-08-11T13:27:58.733464+09:00,2026-08-11,047040.KS,대우건설,KR,미분류,2026-08-10,17030.0,5739510,5449895.7,1605.0,,62,55,50,52,60,1,HOLD,0.19,2,False,backfill,,81,NEUTRAL
2026-08-11T13:27:58.733464+09:00,2026-08-11,088980.KS,맥쿼리인프라,KR,미분류,2026-08-10,9980.0,1213526,1287990.95,140.7143,,50,55,55,50,46,0,HOLD,-0.24,-3,False,backfill,,24,NEUTRAL
2026-08-11T13:27:58.733464+09:00,2026-08-11,161390.KS,한국타이어앤테크놀로지,KR,미분류,2026-08-10,70000.0,178766,344701.25,4057.1429,,62,55,68,62,65,0,HOLD,0.73,9,False,backfill,,69,NEUTRAL
2026-08-11T13:27:58.733464+09:00,2026-08-11,161890.KS,한국콜마,KR,미분류,2026-08-10,105900.0,196254,279876.5,6985.7143,,91,55,60,60,71,1,HOLD,0.93,11,False,backfill,,69,NEUTRAL
