scan_ts_kst,date,ticker,name,market,sector,bar_date,close,volume,avg_vol20,atr14,market_cap,tech,macro,filing,value,total,consensus,signal,ev,target,hitl,source,asset_type,flow,regime,exchange
2026-09-04T08:01:23.835097+09:00,2026-09-04,NVDA,NVIDIA Corporation,US,반도체,2026-09-03,228.45,133890362,127396388.1,7.3871,5516382175232,84,65,71,58,68,2,WATCH,0.86,10,False,live,STOCK,48,NEUTRAL,NASDAQ
2026-09-04T08:01:23.835097+09:00,2026-09-04,AAPL,Apple Inc.,US,IT,2026-09-03,328.21,37197362,39395933.1,6.9779,4789955985408,63,60,58,42,60,1,HOLD,0.52,6,False,live,STOCK,77,NEUTRAL,NASDAQ
2026-09-04T08:01:23.835097+09:00,2026-09-04,GOOGL,Alphabet Inc.,US,인터넷,2026-09-03,342.48,20685797,22078254.85,6.5193,4188508258304,28,65,60,60,46,0,HOLD,-0.35,-4,False,live,STOCK,38,NEUTRAL,NASDAQ
2026-09-04T08:01:23.835097+09:00,2026-09-04,GOOG,Alphabet Inc.,US,인터넷,2026-09-03,339.08,12835737,15240266.85,6.2639,4146926190592,28,65,60,60,46,0,HOLD,-0.35,-4,False,live,STOCK,38,NEUTRAL,NASDAQ
2026-09-04T08:01:23.835097+09:00,2026-09-04,MSFT,Microsoft Corporation,US,IT,2026-09-03,510.12,24108434,23534111.7,10.4604,3787919458304,73,60,50,50,61,2,WATCH,0.68,8,False,live,STOCK,72,NEUTRAL,NASDAQ
2026-09-04T08:01:23.835097+09:00,2026-09-04,AMZN,"Amazon.com, Inc.",US,소비재,2026-09-03,258.9,26809147,32850777.35,5.9771,2792576516096,47,60,60,50,52,0,HOLD,0.15,2,False,live,STOCK,52,NEUTRAL,NASDAQ
2026-09-04T08:01:23.835097+09:00,2026-09-04,TSM,Taiwan Semiconductor Manufacturing Compa,US,반도체,2026-09-03,417.01,7804523,9079361.15,10.3679,2162811600896,28,65,77,66,51,1,HOLD,-0.1,-1,False,live,STOCK,30,NEUTRAL,NYSE
2026-09-04T08:01:23.835097+09:00,2026-09-04,AVGO,Broadcom Inc.,US,반도체,2026-09-03,357.16,60115767,22542463.35,11.6592,1699217408000,17,65,60,50,44,0,AVOID,-0.41,-5,True,live,STOCK,56,NEUTRAL,NASDAQ
2026-09-04T08:01:23.835097+09:00,2026-09-04,META,"Meta Platforms, Inc.",US,인터넷,2026-09-03,610.68,19692164,15767568.2,19.6464,1555711000576,69,65,50,66,61,0,HOLD,0.44,5,False,live,STOCK,61,NEUTRAL,NASDAQ
2026-09-04T08:01:23.835097+09:00,2026-09-04,TSLA,"Tesla, Inc.",US,소비재,2026-09-03,376.365,62838720,36642421.0,14.1171,1486471430144,69,60,70,30,60,1,HOLD,0.44,5,False,live,STOCK,62,NEUTRAL,NASDAQ
2026-09-04T08:01:23.835097+09:00,2026-09-04,LLY,Eli Lilly and Company,US,제약/바이오,2026-09-03,1159.6,2548877,2535053.85,36.1536,1033617604608,46,65,71,50,56,1,HOLD,0.23,3,False,live,STOCK,55,NEUTRAL,NYSE
2026-09-04T08:01:23.835097+09:00,2026-09-04,MU,"Micron Technology, Inc.",US,반도체,2026-09-03,958.16,24105584,27669699.2,47.025,1082139344896,69,65,65,58,62,0,HOLD,0.61,7,False,live,STOCK,52,NEUTRAL,NASDAQ
2026-09-04T08:01:23.835097+09:00,2026-09-04,JPM,JPMorgan Chase & Co.,US,금융,2026-09-03,362.06,5413320,5441196.0,5.5214,962422898688,62,60,71,60,65,1,HOLD,0.72,9,False,live,STOCK,64,NEUTRAL,NYSE
2026-09-04T08:01:23.835097+09:00,2026-09-04,WMT,Walmart Inc.,US,소매,2026-09-03,108.42,25507867,27839728.35,2.7498,860176777216,47,60,50,37,46,0,HOLD,-0.21,-3,False,live,STOCK,49,NEUTRAL,NASDAQ
2026-09-04T08:01:23.835097+09:00,2026-09-04,AMD,"Advanced Micro Devices, Inc.",US,반도체,2026-09-03,456.16,14826068,17850488.4,17.7757,744669773824,20,65,65,43,41,0,AVOID,-0.41,-5,True,live,STOCK,36,NEUTRAL,NASDAQ
2026-09-04T08:01:23.835097+09:00,2026-09-04,V,Visa Inc.,US,금융,2026-09-03,378.75,3868482,6644164.1,6.3228,707144187904,69,60,60,50,62,0,HOLD,0.7,8,False,live,STOCK,69,NEUTRAL,NYSE
2026-09-04T08:01:23.835097+09:00,2026-09-04,XOM,Exxon Mobil Corporation,US,에너지,2026-09-03,162.21,13753278,14158233.9,3.3557,666993295360,69,60,50,58,60,0,HOLD,0.5,6,False,live,STOCK,63,NEUTRAL,NYSE
2026-09-04T08:01:23.835097+09:00,2026-09-04,JNJ,Johnson & Johnson,US,제약/바이오,2026-09-03,278.43,5908379,6392488.95,5.747,670988042240,92,65,56,53,73,2,WATCH,1.14,14,False,live,STOCK,90,NEUTRAL,NYSE
2026-09-04T08:01:23.835097+09:00,2026-09-04,ASML,ASML Holding N.V.,US,반도체,2026-09-03,1646.1899,1437499,1147994.95,45.9407,632301551616,35,65,70,42,47,1,HOLD,-0.12,-1,False,live,STOCK,36,NEUTRAL,NASDAQ
2026-09-04T08:01:23.835097+09:00,2026-09-04,MA,Mastercard Incorporated,US,금융,2026-09-03,585.71,2238392,2807279.6,9.9314,513087799296,69,60,53,50,60,0,HOLD,0.63,8,False,live,STOCK,69,NEUTRAL,NYSE
2026-09-04T08:01:23.835097+09:00,2026-09-04,INTC,Intel Corp.,US,반도체,2026-09-03,91.67,79677381,96822534.05,4.2432,484577247232,47,65,88,42,56,1,HOLD,0.14,2,False,live,STOCK,38,NEUTRAL,NASDAQ
2026-09-04T08:01:23.835097+09:00,2026-09-04,ABBV,AbbVie Inc.,US,제약/바이오,2026-09-03,260.21,2878299,4284139.95,5.6679,459821580288,69,65,81,51,71,2,WATCH,1.01,12,False,live,STOCK,81,NEUTRAL,NYSE
2026-09-04T08:01:23.835097+09:00,2026-09-04,BAC,Bank of America Corporation,US,금융,2026-09-03,63.04,29803821,28852631.05,1.1143,440822890496,62,60,81,68,69,1,HOLD,0.83,10,False,live,STOCK,61,NEUTRAL,NYSE
2026-09-04T08:01:23.835097+09:00,2026-09-04,ORCL,Oracle Corporation,US,IT,2026-09-03,154.04,25017843,22537527.15,6.1707,443707752448,63,60,50,50,53,0,HOLD,-0.05,-1,False,live,STOCK,46,NEUTRAL,NYSE
2026-09-04T08:01:23.835097+09:00,2026-09-04,CSCO,"Cisco Systems, Inc.",US,IT,2026-09-03,108.61,14214220,19726681.0,2.1371,428079218688,25,60,65,50,44,0,AVOID,-0.45,-5,True,live,STOCK,33,NEUTRAL,NASDAQ
2026-09-04T08:01:23.835097+09:00,2026-09-04,CVX,Chevron Corporation,US,에너지,2026-09-03,211.32,6666152,7874897.6,3.6461,414526013440,81,60,32,74,64,3,WATCH,0.7,8,False,live,STOCK,77,NEUTRAL,NYSE
2026-09-04T08:01:23.835097+09:00,2026-09-04,PLTR,Palantir Technologies Inc.,US,IT,2026-09-03,182.53,38010148,35631642.4,7.8916,438630252544,66,60,42,35,56,1,HOLD,0.52,6,False,live,STOCK,83,NEUTRAL,NASDAQ
2026-09-04T08:01:23.835097+09:00,2026-09-04,COST,Costco Wholesale Corporation,US,소매,2026-09-03,925.41,2170649,1743347.45,17.8868,410399703040,43,60,52,29,42,0,AVOID,-0.28,-3,True,live,STOCK,41,NEUTRAL,NASDAQ
2026-09-04T08:01:23.835097+09:00,2026-09-04,KO,The Coca-Cola Company,US,소매,2026-09-03,88.81,13596099,14094364.95,1.4486,382109351936,62,60,50,37,53,0,HOLD,0.37,4,False,live,STOCK,61,NEUTRAL,NYSE
2026-09-04T08:01:23.835097+09:00,2026-09-04,MRK,"Merck & Co., Inc.",US,제약/바이오,2026-09-03,152.34,6494856,11016797.8,4.9086,375848894464,95,65,50,35,68,2,WATCH,1.04,12,False,live,STOCK,87,NEUTRAL,NYSE
2026-09-04T08:01:23.835097+09:00,2026-09-04,CAT,Caterpillar Inc.,US,산업재,2026-09-03,800.14,2350347,2449867.35,25.3536,367804252160,25,60,60,50,40,0,AVOID,-0.59,-7,True,live,STOCK,23,NEUTRAL,NYSE
2026-09-04T08:01:23.835097+09:00,2026-09-04,LRCX,Lam Research Corporation,US,반도체,2026-09-03,292.66,7205245,7386222.25,13.7771,366211596288,28,65,73,42,48,1,HOLD,-0.17,-2,False,live,STOCK,46,NEUTRAL,NASDAQ
2026-09-04T08:01:23.835097+09:00,2026-09-04,HSBC,HSBC Holdings plc,US,금융,2026-09-03,106.46,1333054,1042047.7,1.3932,364732678144,88,60,55,68,69,1,HOLD,0.92,11,False,live,STOCK,61,NEUTRAL,NYSE
2026-09-04T08:01:23.835097+09:00,2026-09-04,UNH,UnitedHealth Group Incorporated,US,제약/바이오,2026-09-03,400.94,5483045,4020922.25,7.8464,359881670656,65,65,83,66,68,1,HOLD,0.64,8,False,live,STOCK,52,NEUTRAL,NYSE
2026-09-04T08:01:23.835097+09:00,2026-09-04,PG,The Procter & Gamble Company,US,소매,2026-09-03,146.92,6105520,8961351.0,2.2771,341505703936,72,60,50,45,61,2,WATCH,0.49,6,False,live,STOCK,76,NEUTRAL,NYSE
2026-09-04T08:01:23.835097+09:00,2026-09-04,AMAT,"Applied Materials, Inc.",US,반도체,2026-09-03,435.91,5998175,7368183.75,18.6891,345937051648,20,65,65,58,42,0,AVOID,-0.47,-6,True,live,STOCK,24,NEUTRAL,NASDAQ
2026-09-04T08:01:23.835097+09:00,2026-09-04,GE,GE Aerospace,US,산업재,2026-09-03,333.48,2652962,3503563.1,8.7543,346006355968,28,60,60,37,46,0,HOLD,-0.15,-2,False,live,STOCK,61,NEUTRAL,NYSE
2026-09-04T08:01:23.835097+09:00,2026-09-04,NFLX,"Netflix, Inc.",US,인터넷,2026-09-03,82.67,23970646,27274907.3,2.2293,344232886272,80,65,42,50,56,1,HOLD,0.31,4,False,live,STOCK,45,NEUTRAL,NASDAQ
2026-09-04T08:01:23.835097+09:00,2026-09-04,MS,Morgan Stanley,US,금융,2026-09-03,217.15,3868473,3892748.65,4.6429,341048459264,43,60,60,60,55,0,HOLD,0.15,2,False,live,STOCK,59,NEUTRAL,NYSE
2026-09-04T08:01:23.835097+09:00,2026-09-04,DELL,Dell Technologies Inc.,US,IT,2026-09-03,516.39,20266015,8020785.75,30.1903,333661470720,92,60,65,66,74,2,WATCH,1.15,14,False,live,STOCK,71,NEUTRAL,NYSE
2026-09-04T08:01:23.835097+09:00,2026-09-04,HD,"The Home Depot, Inc.",US,소비재,2026-09-03,318.07,3377447,3710417.35,7.4014,317335142400,20,60,63,42,40,0,AVOID,-0.4,-5,True,live,STOCK,33,NEUTRAL,NYSE
2026-09-04T08:01:23.835097+09:00,2026-09-04,NVS,Novartis AG,US,제약/바이오,2026-09-03,163.09,2453023,1737811.15,3.62,309987573760,88,65,55,53,63,1,HOLD,0.69,8,False,live,STOCK,46,NEUTRAL,NYSE
2026-09-04T08:01:23.835097+09:00,2026-09-04,GS,"The Goldman Sachs Group, Inc.",US,금융,2026-09-03,1037.9301,1666076,1811863.8,24.7884,302215528448,43,60,60,60,50,0,HOLD,-0.07,-1,False,live,STOCK,33,NEUTRAL,NYSE
2026-09-04T08:01:23.835097+09:00,2026-09-04,RY,Royal Bank of Canada,US,금융,2026-09-03,212.07,1033255,1345392.75,4.0193,293596037120,62,60,60,50,59,0,HOLD,0.5,6,False,live,STOCK,63,NEUTRAL,NYSE
2026-09-04T08:01:23.835097+09:00,2026-09-04,PM,Philip Morris International Inc.,US,소매,2026-09-03,186.17,2757459,4180082.95,4.3689,290167062528,47,60,58,58,55,0,HOLD,0.22,3,False,live,STOCK,61,NEUTRAL,NYSE
2026-09-04T08:01:23.835097+09:00,2026-09-04,RTX,RTX Corporation,US,산업재,2026-09-03,202.13,3706031,4123096.55,4.3996,272422354944,39,60,45,58,48,0,HOLD,0.01,0,False,live,STOCK,54,NEUTRAL,NYSE
2026-09-04T08:01:23.835097+09:00,2026-09-04,MUFG,"Mitsubishi UFJ Financial Group, Inc.",US,금융,2026-09-03,24.13,3725753,2531052.65,0.4807,271601598464,92,60,58,60,69,1,HOLD,0.98,12,False,live,STOCK,60,NEUTRAL,NYSE
2026-09-04T08:01:23.835097+09:00,2026-09-04,PANW,"Palo Alto Networks, Inc.",US,IT,2026-09-03,331.94,6901854,6121857.7,20.6386,270531100672,51,60,57,30,53,1,HOLD,0.36,4,False,live,STOCK,71,NEUTRAL,NASDAQ
2026-09-04T08:01:23.835097+09:00,2026-09-04,WFC,Wells Fargo & Company,US,금융,2026-09-03,89.19,13205216,12377615.8,1.7814,269710491648,84,60,60,60,68,1,HOLD,0.83,10,False,live,STOCK,63,NEUTRAL,NYSE
2026-09-04T08:01:23.835097+09:00,2026-09-04,BABA,Alibaba Group Holding Limited,US,소비재,2026-09-03,111.81,8517366,12827143.3,4.0085,277917564928,43,60,55,58,56,1,HOLD,0.08,1,False,live,STOCK,77,NEUTRAL,NYSE
2026-09-04T08:01:23.835097+09:00,2026-09-04,ARM,Arm Holdings plc American Depositary Sha,US,반도체,2026-09-03,242.59,3988455,3626682.75,14.355,259085778944,15,65,70,35,38,1,AVOID,-0.67,-8,True,live,STOCK,30,NEUTRAL,NASDAQ
2026-09-04T08:01:23.835097+09:00,2026-09-04,SHEL,Shell plc,US,에너지,2026-09-03,92.33,5356411,5627885.0,1.2905,253910777856,69,60,55,78,65,1,HOLD,0.61,7,False,live,STOCK,60,NEUTRAL,NYSE
2026-09-04T08:01:23.835097+09:00,2026-09-04,AZN,AstraZeneca PLC,US,제약/바이오,2026-09-03,164.77,2425162,3289678.1,3.4064,255539478528,72,65,68,58,65,1,HOLD,0.42,5,False,live,STOCK,56,NEUTRAL,NYSE
2026-09-04T08:01:23.835097+09:00,2026-09-04,SAP,SAP SE,US,IT,2026-09-03,217.03,2390182,2423514.1,5.6514,250496958464,62,60,58,42,60,1,HOLD,0.61,7,False,live,STOCK,77,NEUTRAL,NYSE
2026-09-04T08:01:23.835097+09:00,2026-09-04,GEV,GE Vernova Inc.,US,산업재,2026-09-03,941.84,1762235,2085386.75,41.2854,250843627520,17,60,60,50,42,0,AVOID,-0.37,-4,True,live,STOCK,46,NEUTRAL,NYSE
2026-09-04T08:01:23.835097+09:00,2026-09-04,ANET,"Arista Networks, Inc.",US,IT,2026-09-03,191.44,4108431,5858041.55,7.2925,241448861696,51,60,60,35,54,0,HOLD,0.4,5,False,live,STOCK,69,NEUTRAL,NYSE
2026-09-04T08:01:23.835097+09:00,2026-09-04,AMGN,Amgen Inc.,US,제약/바이오,2026-09-03,444.12,1842232,2245771.6,9.2747,240105488384,63,65,45,50,59,1,HOLD,0.57,7,False,live,STOCK,84,NEUTRAL,NASDAQ
2026-09-04T08:01:23.835097+09:00,2026-09-04,C,Citigroup Inc.,US,금융,2026-09-03,138.14,12571820,8462756.0,2.81,231721123840,65,60,70,76,64,2,WATCH,0.53,6,False,live,STOCK,44,NEUTRAL,NYSE
2026-09-04T08:01:23.835097+09:00,2026-09-04,TM,Toyota Motor Corporation,US,소비재,2026-09-03,199.87,313850,331532.5,3.1164,236682739712,81,60,50,54,62,1,HOLD,0.67,8,False,live,STOCK,58,NEUTRAL,NYSE
2026-09-04T08:01:23.835097+09:00,2026-09-04,BHP,BHP Group Limited,US,소재,2026-09-03,92.71,2559560,2705798.0,2.4643,235620319232,69,60,55,45,58,0,HOLD,0.54,6,False,live,STOCK,61,NEUTRAL,NYSE
2026-09-04T08:01:23.835097+09:00,2026-09-04,TXN,Texas Instruments Incorporated,US,반도체,2026-09-03,253.83,4299114,5556455.7,7.9107,231809662976,20,65,75,58,46,1,HOLD,-0.41,-5,False,live,STOCK,30,NEUTRAL,NASDAQ
2026-09-04T08:01:23.835097+09:00,2026-09-04,SNDK,Sandisk Corporation,US,IT,2026-09-03,1554.99,8670816,13156970.8,109.96,227680092160,65,60,70,50,62,1,HOLD,0.45,5,False,live,STOCK,55,NEUTRAL,NASDAQ
2026-09-04T08:01:23.835097+09:00,2026-09-04,TMO,Thermo Fisher Scientific Inc.,US,제약/바이오,2026-09-03,618.43,1804922,1650496.1,17.0979,228662820864,73,65,53,58,67,2,WATCH,0.86,10,False,live,STOCK,90,NEUTRAL,NYSE
2026-09-04T08:01:23.835097+09:00,2026-09-04,KLAC,KLA Corporation,US,반도체,2026-09-03,172.94,6858110,8842445.5,7.1021,225954201600,20,65,73,42,42,1,AVOID,-0.48,-6,True,live,STOCK,30,NEUTRAL,NASDAQ
2026-09-04T08:01:23.835097+09:00,2026-09-04,LIN,Linde plc,US,소재,2026-09-03,482.19,1829239,1869101.95,7.8171,222280024064,50,60,60,58,52,0,HOLD,-0.01,0,False,live,STOCK,39,NEUTRAL,NASDAQ
2026-09-04T08:01:23.835097+09:00,2026-09-04,AXP,American Express Company,US,금융,2026-09-03,329.82,2165325,2272656.25,5.8364,222730698752,32,60,81,50,50,1,HOLD,0.03,0,False,live,STOCK,32,NEUTRAL,NYSE
2026-09-04T08:01:23.835097+09:00,2026-09-04,IBM,International Business Machines Corporat,US,IT,2026-09-03,234.71,4370121,4908176.05,5.6439,221128376320,55,60,81,58,61,1,HOLD,0.18,2,False,live,STOCK,44,NEUTRAL,NYSE
2026-09-04T08:01:23.835097+09:00,2026-09-04,SAN,"Banco Santander, S.A.",US,금융,2026-09-03,15.05,8788293,18903329.65,0.2714,218730758144,70,60,55,76,63,2,WATCH,0.63,8,False,live,STOCK,51,NEUTRAL,NYSE
2026-09-04T08:01:23.835097+09:00,2026-09-04,CRWD,"CrowdStrike Holdings, Inc.",US,IT,2026-09-03,214.97,12057530,10222066.5,13.926,220115271680,88,60,65,30,66,2,WATCH,0.97,12,False,live,STOCK,71,NEUTRAL,NASDAQ
2026-09-04T08:01:23.835097+09:00,2026-09-04,CRM,"Salesforce, Inc.",US,IT,2026-09-03,264.43,16008316,16476375.8,11.44,217625886720,70,60,52,66,67,2,WATCH,0.81,10,False,live,STOCK,86,NEUTRAL,NYSE
2026-09-04T08:01:23.835097+09:00,2026-09-04,VZ,Verizon Communications Inc.,US,인터넷,2026-09-03,50.59,17995106,17035120.3,0.7661,210190090240,59,65,60,84,62,1,HOLD,0.49,6,False,live,STOCK,45,NEUTRAL,NYSE
2026-09-04T08:01:23.835097+09:00,2026-09-04,NVO,Novo Nordisk A/S,US,제약/바이오,2026-09-03,47.51,8764621,11121641.05,1.2189,209993252864,76,65,68,73,73,3,BUY,0.98,12,False,live,STOCK,77,NEUTRAL,NYSE
2026-09-04T08:01:23.835097+09:00,2026-09-04,TD,The Toronto-Dominion Bank,US,금융,2026-09-03,123.31,1077052,1951257.6,2.3605,202044784640,84,60,55,50,67,2,WATCH,0.83,10,False,live,STOCK,75,NEUTRAL,NYSE
2026-09-04T08:01:23.835097+09:00,2026-09-04,APH,Amphenol Corporation,US,IT,2026-09-03,82.07,10184303,11171930.35,2.8344,202381901824,84,60,63,50,66,1,HOLD,0.88,11,False,live,STOCK,60,NEUTRAL,NYSE
2026-09-04T08:01:23.835097+09:00,2026-09-04,TMUS,"T-Mobile US, Inc.",US,인터넷,2026-09-03,188.02,3253613,3873090.65,3.9095,201683714048,81,65,63,74,70,2,WATCH,0.82,10,False,live,STOCK,62,NEUTRAL,NASDAQ
2026-09-04T08:01:23.835097+09:00,2026-09-04,TTE,TotalEnergies SE,US,에너지,2026-09-03,89.25,3385068,1524453.4,1.6125,197480595456,58,60,55,86,62,1,HOLD,0.33,4,False,live,STOCK,55,NEUTRAL,NYSE
2026-09-04T08:01:23.835097+09:00,2026-09-04,SCHW,The Charles Schwab Corporation,US,금융,2026-09-03,110.38,6346253,7304882.65,2.2514,190884069376,66,60,50,66,63,1,HOLD,0.67,8,False,live,STOCK,77,NEUTRAL,NYSE
2026-09-04T08:01:23.835097+09:00,2026-09-04,PEP,"PepsiCo, Inc.",US,소매,2026-09-03,140.02,10306583,6498074.15,2.3068,191267323904,43,60,60,42,49,0,HOLD,-0.05,-1,False,live,STOCK,49,NEUTRAL,NASDAQ
2026-09-04T08:01:23.835097+09:00,2026-09-04,SHOP,Shopify Inc.,US,IT,2026-09-03,145.88,5951550,7057727.5,5.0371,187695628288,51,60,60,35,56,1,HOLD,0.46,6,False,live,STOCK,77,NEUTRAL,NASDAQ
2026-09-04T08:01:23.835097+09:00,2026-09-04,ABT,Abbott Laboratories,US,제약/바이오,2026-09-03,108.79,5297460,7449008.0,2.7464,189491855360,51,65,53,58,58,1,HOLD,0.45,5,False,live,STOCK,75,NEUTRAL,NYSE
2026-09-04T08:01:23.835097+09:00,2026-09-04,GILD,"Gilead Sciences, Inc.",US,제약/바이오,2026-09-03,151.22,4497674,5471193.7,3.7579,187506032640,81,65,50,60,68,2,WATCH,0.91,11,False,live,STOCK,84,NEUTRAL,NASDAQ
2026-09-04T08:01:23.835097+09:00,2026-09-04,DE,Deere & Company,US,산업재,2026-09-03,694.41,1692871,1349683.55,23.2921,187230568448,78,60,50,58,64,2,WATCH,0.77,9,False,live,STOCK,71,NEUTRAL,NYSE
2026-09-04T08:01:23.835097+09:00,2026-09-04,DIS,The Walt Disney Company,US,인터넷,2026-09-03,107.16,6233420,7831376.0,2.3707,185031770112,55,65,60,58,59,0,HOLD,0.4,5,False,live,STOCK,63,NEUTRAL,NYSE
2026-09-04T08:01:23.835097+09:00,2026-09-04,MCD,McDonald's Corporation,US,소비재,2026-09-03,259.63,4574443,4221632.15,4.5261,183724982272,28,60,55,50,40,0,AVOID,-0.51,-6,True,live,STOCK,26,NEUTRAL,NYSE
2026-09-04T08:01:23.835097+09:00,2026-09-04,MRVL,"Marvell Technology, Inc.",US,반도체,2026-09-03,208.83,18712337,24388496.85,16.2956,187676491776,33,65,79,35,52,1,HOLD,-0.12,-1,False,live,STOCK,59,NEUTRAL,NASDAQ
2026-09-04T08:01:23.835097+09:00,2026-09-04,UBS,UBS Group AG,US,금융,2026-09-03,55.68,2031222,1608486.1,0.8575,170477797376,88,60,73,66,76,3,BUY,1.2,14,False,live,STOCK,75,NEUTRAL,NYSE
2026-09-04T08:01:23.835097+09:00,2026-09-04,T,AT&T Inc.,US,인터넷,2026-09-03,26.19,32838717,31578690.85,0.4586,179463995392,74,65,50,78,67,3,WATCH,0.79,9,False,live,STOCK,72,NEUTRAL,NYSE
2026-09-04T08:01:23.835097+09:00,2026-09-04,STX,Seagate Technology Holdings plc,US,IT,2026-09-03,798.61,2966871,3793673.55,48.4429,181284470784,17,60,68,50,50,1,HOLD,-0.21,-3,False,live,STOCK,70,NEUTRAL,NASDAQ
2026-09-04T08:01:23.835097+09:00,2026-09-04,QCOM,QUALCOMM Incorporated,US,반도체,2026-09-03,168.57,6987656,9155567.8,5.2139,180042956800,55,65,65,66,60,0,HOLD,0.1,1,False,live,STOCK,53,NEUTRAL,NASDAQ
2026-09-04T08:01:23.835097+09:00,2026-09-04,NEE,"NextEra Energy, Inc.",US,유틸리티,2026-09-03,84.06,11537631,10264241.55,1.252,175315976192,62,60,63,42,58,0,HOLD,0.34,4,False,live,STOCK,62,NEUTRAL,NYSE
2026-09-04T08:01:23.835097+09:00,2026-09-04,BLK,"BlackRock, Inc.",US,금융,2026-09-03,1126.15,519432,562401.6,22.8665,182972563456,47,60,60,66,52,0,HOLD,0.17,2,False,live,STOCK,32,NEUTRAL,NYSE
2026-09-04T08:01:23.835097+09:00,2026-09-04,WELL,Welltower Inc.,US,리츠,2026-09-03,241.12,2303962,2741953.1,4.2186,173744324608,91,60,78,38,74,3,BUY,1.22,15,False,live,STOCK,77,NEUTRAL,NYSE
2026-09-04T08:01:23.835097+09:00,2026-09-04,ADI,"Analog Devices, Inc.",US,반도체,2026-09-03,356.5,3777049,3563402.45,10.8186,172747587584,20,65,50,58,37,0,AVOID,-0.73,-9,True,live,STOCK,23,NEUTRAL,NASDAQ
2026-09-04T08:01:23.835097+09:00,2026-09-04,UNP,Union Pacific Corporation,US,산업재,2026-09-03,289.15,2041388,2411524.4,6.3208,171776933888,50,60,60,42,52,0,HOLD,0.19,2,False,live,STOCK,54,NEUTRAL,NYSE
2026-09-04T08:01:23.835097+09:00,2026-09-04,RIO,Rio Tinto Group,US,소재,2026-09-03,102.84,1689299,2231049.95,2.22,167254786048,65,60,55,55,55,0,HOLD,0.27,3,False,live,STOCK,40,NEUTRAL,NYSE
2026-09-04T08:01:23.835097+09:00,2026-09-04,SCCO,Southern Copper Corporation,US,소재,2026-09-03,199.53,1241330,1112763.55,9.284,168471887872,50,60,53,37,43,0,AVOID,-0.15,-2,True,live,STOCK,25,NEUTRAL,NYSE
2026-09-04T08:01:23.835097+09:00,2026-09-04,BA,The Boeing Company,US,산업재,2026-09-03,210.51,6250390,4875939.5,4.1944,166259212288,17,60,63,35,36,0,AVOID,-0.58,-7,True,live,STOCK,26,NEUTRAL,NYSE
2026-09-04T08:01:23.835097+09:00,2026-09-04,BX,Blackstone Inc.,US,금융,2026-09-03,137.68,3334389,3632939.45,3.8932,164568596480,51,60,72,50,62,2,WATCH,0.62,7,False,live,STOCK,75,NEUTRAL,NYSE
2026-09-04T08:01:23.835097+09:00,2026-09-04,COP,ConocoPhillips,US,에너지,2026-09-03,135.72,4983586,6689524.3,2.8368,163045523456,81,60,42,68,67,2,WATCH,0.85,10,False,live,STOCK,84,NEUTRAL,NYSE
2026-09-04T08:01:23.835097+09:00,2026-09-04,PFE,Pfizer Inc.,US,제약/바이오,2026-09-03,28.81,26691582,35765134.1,0.6271,164207591424,81,65,64,66,74,2,WATCH,1.04,12,False,live,STOCK,84,NEUTRAL,NYSE
2026-09-04T08:01:23.835097+09:00,2026-09-04,BBVA,"Banco Bilbao Vizcaya Argentaria, S.A.",US,금융,2026-09-03,29.64,1203846,1462372.3,0.3857,163562569728,70,60,55,60,61,1,HOLD,0.62,7,False,live,STOCK,57,NEUTRAL,NYSE
2026-09-04T08:01:23.835097+09:00,2026-09-04,IBKR,"Interactive Brokers Group, Inc.",US,금융,2026-09-03,92.95,5291904,4148900.2,3.4908,158369644544,62,60,85,58,64,1,HOLD,0.64,8,False,live,STOCK,42,NEUTRAL,NASDAQ
2026-09-04T08:01:23.835097+09:00,2026-09-04,BUD,Anheuser-Busch InBev SA/NV,US,소매,2026-09-03,80.22,1763653,2126887.65,1.2379,157963321344,65,60,58,60,66,1,HOLD,0.6,7,False,live,STOCK,84,NEUTRAL,NYSE
2026-09-04T08:01:23.835097+09:00,2026-09-04,TBB,AT&T Inc. 5.35% GLB NTS 66,US,인터넷,2026-09-03,19.42,135723,95716.15,0.1724,,50,65,58,80,56,1,HOLD,0.06,1,False,live,STOCK,40,NEUTRAL,NYSE
2026-09-04T08:01:23.835097+09:00,2026-09-04,UBER,"Uber Technologies, Inc.",US,IT,2026-09-03,75.96,14395318,16403880.9,2.6735,155152859136,47,60,66,55,58,0,HOLD,0.33,4,False,live,STOCK,63,NEUTRAL,NYSE
2026-09-04T08:01:23.835097+09:00,2026-09-04,ETN,Eaton Corporation plc,US,산업재,2026-09-03,397.12,1476606,1706115.3,13.1964,154201686016,35,60,60,50,49,0,HOLD,-0.07,-1,False,live,STOCK,54,NEUTRAL,NYSE
2026-09-04T08:01:23.835097+09:00,2026-09-04,WDC,Western Digital Corporation,US,IT,2026-09-03,441.57,5511792,6775739.6,28.2249,159204065280,47,60,58,60,51,0,HOLD,-0.19,-2,False,live,STOCK,38,NEUTRAL,NASDAQ
2026-09-04T08:01:23.835097+09:00,2026-09-04,BKNG,Booking Holdings Inc.,US,소비재,2026-09-03,195.13,7375682,4861369.1,6.5186,151202037760,47,60,58,74,56,1,HOLD,0.31,4,False,live,STOCK,48,NEUTRAL,NASDAQ
2026-09-04T08:01:23.835097+09:00,2026-09-04,NOW,"ServiceNow, Inc.",US,IT,2026-09-03,145.59,18151068,18245493.4,6.6929,150519971840,85,60,50,35,66,2,WATCH,0.92,11,False,live,STOCK,90,NEUTRAL,NYSE
2026-09-04T08:01:23.835097+09:00,2026-09-04,DHR,Danaher Corporation,US,제약/바이오,2026-09-03,211.03,2424186,3135384.3,6.3793,148351139840,62,65,60,58,63,1,HOLD,0.67,8,False,live,STOCK,75,NEUTRAL,NYSE
2026-09-04T08:01:23.835097+09:00,2026-09-04,SONY,Sony Group Corporation,US,IT,2026-09-03,24.96,6800442,4225887.1,0.485,146110988288,81,60,45,58,63,1,HOLD,0.73,9,False,live,STOCK,69,NEUTRAL,NYSE
2026-09-04T08:01:23.835097+09:00,2026-09-04,TJX,"The TJX Companies, Inc.",US,소비재,2026-09-03,132.19,7840826,7319081.3,3.0746,146030870528,10,60,60,42,35,0,AVOID,-0.85,-10,True,live,STOCK,26,NEUTRAL,NYSE
2026-09-04T08:01:23.835097+09:00,2026-09-04,VRTX,Vertex Pharmaceuticals Incorporated,US,제약/바이오,2026-09-03,557.96,800663,1126968.15,12.5957,141331267584,80,65,53,58,68,2,WATCH,0.91,11,False,live,STOCK,83,NEUTRAL,NASDAQ
2026-09-04T08:01:23.835097+09:00,2026-09-04,BMY,Bristol-Myers Squibb Company,US,제약/바이오,2026-09-03,68.09,6217643,8246117.15,1.4982,139088429056,73,65,60,76,73,3,BUY,1.0,12,False,live,STOCK,90,NEUTRAL,NYSE
2026-09-04T08:01:23.835097+09:00,2026-09-04,UL,Unilever PLC,US,소매,2026-09-03,64.24,5151399,3678199.95,0.9371,138325704704,69,60,58,53,58,0,HOLD,0.54,6,False,live,STOCK,48,NEUTRAL,NYSE
2026-09-04T08:01:23.835097+09:00,2026-09-04,MFG,"Mizuho Financial Group, Inc.",US,금융,2026-09-03,11.32,4031617,2769210.85,0.2243,137520398336,88,60,58,68,69,1,HOLD,0.93,11,False,live,STOCK,58,NEUTRAL,NYSE
2026-09-04T08:01:23.835097+09:00,2026-09-04,NEM,Newmont Corporation,US,소재,2026-09-03,130.43,7737970,8384383.5,4.9214,137433079808,66,60,53,76,67,2,WATCH,0.76,9,False,live,STOCK,80,NEUTRAL,NYSE
2026-09-04T08:01:23.835097+09:00,2026-09-04,COF,Capital One Financial Corporation,US,금융,2026-09-03,220.5,3223619,3005855.95,5.1075,135276756992,66,60,53,76,62,1,HOLD,0.58,7,False,live,STOCK,55,NEUTRAL,NYSE
2026-09-04T08:01:23.835097+09:00,2026-09-04,CB,Chubb Limited,US,금융,2026-09-03,348.25,1934425,1623966.25,5.5711,134354804736,76,60,60,68,65,1,HOLD,0.65,8,False,live,STOCK,54,NEUTRAL,NYSE
2026-09-04T08:01:23.835097+09:00,2026-09-04,SPGI,S&P Global Inc.,US,금융,2026-09-03,450.58,2554991,1847899.55,11.6642,132830978048,81,60,63,50,63,1,HOLD,0.72,9,False,live,STOCK,48,NEUTRAL,NYSE
2026-09-04T08:01:23.835097+09:00,2026-09-04,PBR,Petróleo Brasileiro S.A. - Petrobras,US,에너지,2026-09-03,20.51,27951080,20906099.0,0.6472,132173955072,73,60,50,73,66,3,WATCH,0.76,9,False,live,STOCK,72,NEUTRAL,NYSE
2026-09-04T08:01:23.835097+09:00,2026-09-04,ISRG,"Intuitive Surgical, Inc.",US,제약/바이오,2026-09-03,369.83,1745526,2302731.3,11.5679,132501962752,40,65,50,50,49,0,HOLD,-0.22,-3,False,live,STOCK,62,NEUTRAL,NASDAQ
2026-09-04T08:01:23.835097+09:00,2026-09-04,PGR,The Progressive Corporation,US,금융,2026-09-03,223.87,2440573,2263868.65,4.6179,130090860544,76,60,53,73,69,3,WATCH,0.8,10,False,live,STOCK,77,NEUTRAL,NYSE
2026-09-04T08:01:23.835097+09:00,2026-09-04,PLD,"Prologis, Inc.",US,리츠,2026-09-03,138.35,3469484,3139484.2,1.8379,134488850432,31,60,58,45,47,0,HOLD,-0.21,-3,False,live,STOCK,56,NEUTRAL,NYSE
2026-09-04T08:01:23.835097+09:00,2026-09-04,GLW,Corning Inc,US,IT,2026-09-03,146.0,8643102,8803845.1,7.2004,125507125248,15,60,70,43,39,1,AVOID,-0.69,-8,True,live,STOCK,24,NEUTRAL,NYSE
2026-09-04T08:01:23.835097+09:00,2026-09-04,CVS,CVS Health Corp.,US,제약/바이오,2026-09-03,97.2,4783096,7078159.8,1.945,124315918336,62,65,70,74,65,2,WATCH,0.52,6,False,live,STOCK,55,NEUTRAL,NYSE
2026-09-04T08:01:23.835097+09:00,2026-09-04,BMO,Bank of Montreal,US,금융,2026-09-03,176.86,691504,879965.2,3.9157,123297308672,29,60,63,58,50,0,HOLD,0.02,0,False,live,STOCK,55,NEUTRAL,NYSE
2026-09-04T08:01:23.835097+09:00,2026-09-04,SNOW,Snowflake Inc.,US,IT,2026-09-03,356.47,21794631,5113396.55,17.3485,123552505856,70,60,60,22,55,1,HOLD,0.56,7,False,live,STOCK,60,NEUTRAL,NYSE
2026-09-04T08:01:23.835097+09:00,2026-09-04,LMT,Lockheed Martin Corporation,US,산업재,2026-09-03,532.95,772471,988913.55,13.5505,122999930880,35,60,40,42,42,0,AVOID,-0.28,-3,True,live,STOCK,54,NEUTRAL,NYSE
2026-09-04T08:01:23.835097+09:00,2026-09-04,PH,Parker-Hannifin Corporation,US,산업재,2026-09-03,964.52,524080,608139.0,23.9549,121575309312,39,60,50,53,47,0,HOLD,-0.03,0,False,live,STOCK,48,NEUTRAL,NYSE
2026-09-04T08:01:23.835097+09:00,2026-09-04,BTI,British American Tobacco p.l.c.,US,소매,2026-09-03,55.97,3663355,4372737.75,0.9436,120570650624,50,60,55,60,48,0,HOLD,-0.19,-2,False,live,STOCK,20,NEUTRAL,NYSE
2026-09-04T08:01:23.835097+09:00,2026-09-04,SBUX,Starbucks Corporation,US,소비재,2026-09-03,105.82,4217260,5565703.0,2.4836,120634802176,47,60,60,43,52,0,HOLD,0.23,3,False,live,STOCK,55,NEUTRAL,NASDAQ
2026-09-04T08:01:23.835097+09:00,2026-09-04,HDB,HDFC Bank Limited,US,금융,2026-09-03,23.28,12137406,9549420.3,0.4761,119589363712,65,60,55,52,57,0,HOLD,0.3,4,False,live,STOCK,55,NEUTRAL,NYSE
2026-09-04T08:01:23.835097+09:00,2026-09-04,MDT,Medtronic plc,US,제약/바이오,2026-09-03,93.1,7411216,7810355.8,2.2554,119166214144,62,65,55,58,62,1,HOLD,0.62,7,False,live,STOCK,75,NEUTRAL,NYSE
2026-09-04T08:01:23.835097+09:00,2026-09-04,ACN,Accenture plc,US,IT,2026-09-03,193.12,5420176,5009523.8,6.5643,118178250752,59,60,50,68,60,0,HOLD,0.45,5,False,live,STOCK,69,NEUTRAL,NYSE
2026-09-04T08:01:23.835097+09:00,2026-09-04,SYK,Stryker Corporation,US,제약/바이오,2026-09-03,307.99,2655862,2207893.1,9.9886,118136659968,35,65,53,58,48,0,HOLD,-0.15,-2,False,live,STOCK,48,NEUTRAL,NYSE
2026-09-04T08:01:23.835097+09:00,2026-09-04,PDD,PDD Holdings Inc.,US,소비재,2026-09-03,81.63,6220658,6673027.9,2.3821,116191854592,46,60,60,94,56,1,HOLD,-0.02,0,False,live,STOCK,26,NEUTRAL,NASDAQ
2026-09-04T08:01:23.835097+09:00,2026-09-04,MO,"Altria Group, Inc.",US,소매,2026-09-03,69.49,5304202,9049130.1,1.495,116030496768,72,60,60,68,67,2,WATCH,0.59,7,False,live,STOCK,70,NEUTRAL,NYSE
2026-09-04T08:01:23.835097+09:00,2026-09-04,BNS,The Bank of Nova Scotia,US,금융,2026-09-03,94.92,1422236,2032991.8,2.2257,115499270144,88,60,60,60,69,1,HOLD,0.96,12,False,live,STOCK,63,NEUTRAL,NYSE
2026-09-04T08:01:23.835097+09:00,2026-09-04,SPOT,Spotify Technology S.A.,US,인터넷,2026-09-03,560.11,1609333,1661971.65,20.3636,115169853440,84,65,50,42,62,1,HOLD,0.75,9,False,live,STOCK,69,NEUTRAL,NYSE
2026-09-04T08:01:23.835097+09:00,2026-09-04,FTNT,"Fortinet, Inc.",US,IT,2026-09-03,156.36,3122650,4442682.5,7.1221,114723471360,47,60,65,42,54,0,HOLD,0.27,3,False,live,STOCK,61,NEUTRAL,NASDAQ
2026-09-04T08:01:23.835097+09:00,2026-09-04,BP,BP p.l.c.,US,에너지,2026-09-03,43.58,5810979,8865058.95,0.9604,112233422848,65,60,55,74,65,2,WATCH,0.53,6,False,live,STOCK,71,NEUTRAL,NYSE
2026-09-04T08:01:23.835097+09:00,2026-09-04,ADBE,Adobe Inc.,US,IT,2026-09-03,285.75,3530423,4224291.15,9.8357,113585627136,62,60,60,76,68,2,WATCH,0.78,9,False,live,STOCK,83,NEUTRAL,NASDAQ
2026-09-04T08:01:23.835097+09:00,2026-09-04,ADP,"Automatic Data Processing, Inc.",US,IT,2026-09-03,283.53,2346402,2035715.1,5.4964,112635904000,73,60,50,42,59,1,HOLD,0.63,8,False,live,STOCK,69,NEUTRAL,NASDAQ
2026-09-04T08:01:23.835097+09:00,2026-09-04,LOW,"Lowe's Companies, Inc.",US,소비재,2026-09-03,201.9,3384954,3066077.7,5.2021,113276805120,35,60,60,60,47,0,HOLD,-0.24,-3,False,live,STOCK,33,NEUTRAL,NYSE
2026-09-04T08:01:23.835097+09:00,2026-09-04,MPC,Marathon Petroleum Corporation,US,에너지,2026-09-03,387.71,2134992,2574159.6,10.1493,113186750464,80,60,50,68,71,2,WATCH,0.98,12,False,live,STOCK,93,NEUTRAL,NYSE
2026-09-04T08:01:23.835097+09:00,2026-09-04,BNY,Bank of New York Mellon Corp,US,금융,2026-09-03,164.33,2585126,2488386.3,2.9493,111498584064,62,60,48,50,56,0,HOLD,0.44,5,False,live,STOCK,63,NEUTRAL,NYSE
2026-09-04T08:01:23.835097+09:00,2026-09-04,HOOD,"Robinhood Markets, Inc.",US,금융,2026-09-03,124.72,51371826,20325036.3,7.2536,112133545984,67,60,60,42,57,0,HOLD,0.54,6,False,live,STOCK,54,NEUTRAL,NASDAQ
2026-09-04T08:01:23.835097+09:00,2026-09-04,ENB,Enbridge Inc.,US,에너지,2026-09-03,50.52,6714199,5444369.95,0.9392,110339997696,50,60,60,37,47,0,HOLD,-0.19,-2,False,live,STOCK,32,NEUTRAL,NYSE
2026-09-04T08:01:23.835097+09:00,2026-09-04,ABNB,"Airbnb, Inc.",US,소비재,2026-09-03,185.25,4975826,5760231.3,4.9443,110925045760,66,60,50,42,59,1,HOLD,0.61,7,False,live,STOCK,80,NEUTRAL,NASDAQ
2026-09-04T08:01:23.835097+09:00,2026-09-04,CM,Canadian Imperial Bank of Commerce,US,금융,2026-09-03,118.16,941720,1133516.0,3.0136,107281653760,59,60,60,60,59,0,HOLD,0.42,5,False,live,STOCK,55,NEUTRAL,NYSE
2026-09-04T08:01:23.835097+09:00,2026-09-04,IBN,ICICI Bank Limited,US,금융,2026-09-03,30.52,5296374,4940473.7,0.4532,109524443136,88,60,53,58,66,1,HOLD,0.88,11,False,live,STOCK,63,NEUTRAL,NYSE
2026-09-04T08:01:23.835097+09:00,2026-09-04,MCK,McKesson Corporation,US,제약/바이오,2026-09-03,921.38,816791,940594.55,21.8581,107424022528,88,65,56,66,63,1,HOLD,0.73,9,False,live,STOCK,32,NEUTRAL,NYSE
2026-09-04T08:01:23.835097+09:00,2026-09-04,SMFG,"Sumitomo Mitsui Financial Group, Inc.",US,금융,2026-09-03,27.56,1710870,1268438.5,0.5104,174524153856,88,60,50,60,67,1,HOLD,0.9,11,False,live,STOCK,69,NEUTRAL,NYSE
2026-09-04T08:01:23.835097+09:00,2026-09-04,VLO,Valero Energy Corporation,US,에너지,2026-09-03,370.69,2525484,2395479.2,9.7871,106731831296,82,60,60,71,75,3,BUY,1.11,13,False,live,STOCK,90,NEUTRAL,NYSE
2026-09-04T08:01:23.835097+09:00,2026-09-04,CNQ,Canadian Natural Resources Limited,US,에너지,2026-09-03,51.14,7974483,6071189.15,1.2139,105425108992,91,60,53,63,70,1,HOLD,0.96,12,False,live,STOCK,69,NEUTRAL,NYSE
2026-09-04T08:01:23.835097+09:00,2026-09-04,SNY,Sanofi,US,제약/바이오,2026-09-03,44.33,2404382,2314824.1,0.7386,106220781568,50,65,55,61,51,0,HOLD,-0.03,0,False,live,STOCK,35,NEUTRAL,NASDAQ
2026-09-04T08:01:23.835097+09:00,2026-09-04,ING,ING Groep N.V.,US,금융,2026-09-03,37.09,1647186,1633769.3,0.5004,105811787776,92,60,50,60,67,1,HOLD,0.89,11,False,live,STOCK,60,NEUTRAL,NYSE
2026-09-04T08:01:23.835097+09:00,2026-09-04,SOMN,The Southern Company,US,유틸리티,2026-09-03,48.24,1502726,198916.3,0.5768,,25,60,45,50,40,0,AVOID,-0.5,-6,True,live,STOCK,45,NEUTRAL,NYSE
2026-09-04T08:01:23.835097+09:00,2026-09-04,APP,AppLovin Corporation,US,IT,2026-09-03,313.58,4450354,5488772.7,13.3206,104939708416,40,60,60,58,46,0,HOLD,-0.4,-5,False,live,STOCK,23,NEUTRAL,NASDAQ
2026-09-04T08:01:23.835097+09:00,2026-09-04,AEM,Agnico Eagle Mines Limited,US,소재,2026-09-03,207.13,2983841,3624112.05,9.1084,104883355648,66,60,55,55,64,1,HOLD,0.75,9,False,live,STOCK,86,NEUTRAL,NYSE
2026-09-04T08:01:23.835097+09:00,2026-09-04,FCX,Freeport-McMoRan Inc.,US,소재,2026-09-03,72.56,11277610,14134300.5,3.1186,104197431296,69,60,50,53,54,0,HOLD,0.4,5,False,live,STOCK,40,NEUTRAL,NYSE
2026-09-04T08:01:23.835097+09:00,2026-09-04,HWM,Howmet Aerospace Inc.,US,산업재,2026-09-03,260.49,3232580,2733269.0,9.3618,103883776000,25,60,63,50,45,0,HOLD,-0.23,-3,False,live,STOCK,41,NEUTRAL,NYSE
2026-09-04T08:01:23.835097+09:00,2026-09-04,VRT,Vertiv Holdings Co,US,산업재,2026-09-03,268.83,4239493,4022514.65,12.7138,103496359936,47,60,53,43,46,0,HOLD,-0.27,-3,False,live,STOCK,36,NEUTRAL,NYSE
2026-09-04T08:01:23.835097+09:00,2026-09-04,SOJE,Southern Company (The) Series 2,US,유틸리티,2026-09-03,15.72,53220,50371.0,0.212,,28,60,48,50,41,0,AVOID,-0.46,-6,True,live,STOCK,40,NEUTRAL,NYSE
2026-09-04T08:01:23.835097+09:00,2026-09-04,EQIX,"Equinix, Inc.",US,리츠,2026-09-03,1040.83,460972,549263.6,32.6816,102700449792,40,60,48,35,43,0,AVOID,-0.26,-3,True,live,STOCK,49,NEUTRAL,NASDAQ
2026-09-04T08:01:23.835097+09:00,2026-09-04,CEG,Constellation Energy Corporation,US,유틸리티,2026-09-03,285.05,3137058,2436967.9,9.3957,100995317760,77,60,63,45,57,1,HOLD,0.51,6,False,live,STOCK,29,NEUTRAL,NASDAQ
2026-09-04T08:01:23.835097+09:00,2026-09-04,SO,The Southern Company,US,유틸리티,2026-09-03,88.77,6015701,5455045.05,1.3458,102117720064,17,60,53,42,37,0,AVOID,-0.58,-7,True,live,STOCK,39,NEUTRAL,NYSE
2026-09-04T08:01:23.835097+09:00,2026-09-04,PSX,Phillips 66,US,에너지,2026-09-03,254.66,2717652,2810917.6,6.6639,101614673920,85,60,50,60,71,2,WATCH,1.03,12,False,live,STOCK,93,NEUTRAL,NYSE
2026-09-04T08:01:23.835097+09:00,2026-09-04,EQNR,Equinor ASA,US,에너지,2026-09-03,42.66,1927165,2449598.25,0.9836,101247795200,69,60,55,78,67,1,HOLD,0.75,9,False,live,STOCK,69,NEUTRAL,NYSE
2026-09-04T08:01:23.835097+09:00,2026-09-04,GSK,GSK plc,US,제약/바이오,2026-09-03,50.87,2443288,2944399.4,1.035,101882724352,35,65,45,63,49,0,HOLD,-0.14,-2,False,live,STOCK,62,NEUTRAL,NYSE
2026-09-04T08:01:23.835097+09:00,2026-09-04,CME,CME Group Inc.,US,금융,2026-09-03,282.05,1739818,1888050.9,6.14,101419327488,84,60,65,45,68,2,WATCH,0.92,11,False,live,STOCK,74,NEUTRAL,NASDAQ
2026-09-04T08:01:23.835097+09:00,2026-09-04,NET,"Cloudflare, Inc.",US,IT,2026-09-03,284.51,2970030,3785846.5,15.6784,101308243968,44,60,50,27,48,1,HOLD,0.17,2,False,live,STOCK,72,NEUTRAL,NYSE
2026-09-04T08:01:23.835097+09:00,2026-09-04,MELI,"MercadoLibre, Inc.",US,소비재,2026-09-03,1991.0551,431266,436813.3,67.7143,100940120064,88,60,65,50,70,1,HOLD,1.02,12,False,live,STOCK,69,NEUTRAL,NASDAQ
2026-09-04T08:01:23.835097+09:00,2026-09-04,GD,General Dynamics Corporation,US,산업재,2026-09-03,365.87,1485444,878787.2,6.7957,98988752896,39,60,53,50,50,0,HOLD,0.04,0,False,live,STOCK,61,NEUTRAL,NYSE
2026-09-04T08:01:23.835097+09:00,2026-09-04,USB,U.S. Bancorp,US,금융,2026-09-03,63.53,5681716,5879085.8,1.1636,98983010304,59,60,73,60,65,1,HOLD,0.74,9,False,live,STOCK,69,NEUTRAL,NYSE
2026-09-04T08:01:23.835097+09:00,2026-09-04,KKR,KKR & Co. Inc.,US,금융,2026-09-03,109.76,4189763,4633633.15,3.4771,101373296640,55,60,58,66,59,0,HOLD,0.49,6,False,live,STOCK,61,NEUTRAL,NYSE
2026-09-04T08:01:23.835097+09:00,2026-09-04,TT,Trane Technologies plc,US,산업재,2026-09-03,445.19,973489,893084.45,9.5457,97952120832,17,60,63,50,39,0,AVOID,-0.55,-7,True,live,STOCK,23,NEUTRAL,NYSE
2026-09-04T08:01:23.835097+09:00,2026-09-04,PNC,"The PNC Financial Services Group, Inc.",US,금융,2026-09-03,245.18,1338070,1422093.5,4.925,97813012480,29,60,63,60,52,0,HOLD,0.06,1,False,live,STOCK,61,NEUTRAL,NYSE
2026-09-04T08:01:23.835097+09:00,2026-09-04,DASH,"DoorDash, Inc.",US,인터넷,2026-09-03,222.0,3296221,4219161.05,7.6729,96192143360,51,65,50,43,54,1,HOLD,0.36,4,False,live,STOCK,75,NEUTRAL,NASDAQ
2026-09-04T08:01:23.835097+09:00,2026-09-04,DUK,Duke Energy Corporation,US,유틸리티,2026-09-03,121.4,3357126,4173556.3,1.755,94655848448,25,60,63,42,43,0,AVOID,-0.34,-4,True,live,STOCK,39,NEUTRAL,NYSE
2026-09-04T08:01:23.835097+09:00,2026-09-04,CMCSA,Comcast Corporation,US,인터넷,2026-09-03,26.65,21926874,20411828.7,0.6186,94571167744,55,65,52,73,63,2,WATCH,0.56,7,False,live,STOCK,80,NEUTRAL,NASDAQ
2026-09-04T08:01:23.835097+09:00,2026-09-04,INTU,Intuit Inc.,US,IT,2026-09-03,344.3,3695373,4018523.65,15.6536,94178779136,47,60,60,66,61,1,HOLD,0.51,6,False,live,STOCK,77,NEUTRAL,NASDAQ
2026-09-04T08:01:23.835097+09:00,2026-09-04,BNH,Brookfield Finance Inc.,US,금융,2026-09-03,14.84,17826,15346.3,0.115,,20,60,55,50,40,0,AVOID,-0.47,-6,True,live,STOCK,40,NEUTRAL,NYSE
2026-09-04T08:01:23.835097+09:00,2026-09-04,PWR,"Quanta Services, Inc.",US,산업재,2026-09-03,620.06,870771,1068923.55,25.2923,93221920768,25,60,68,35,41,0,AVOID,-0.48,-6,True,live,STOCK,32,NEUTRAL,NYSE
2026-09-04T08:01:23.835097+09:00,2026-09-04,ICE,"Intercontinental Exchange, Inc.",US,금융,2026-09-03,164.59,4676822,3187251.1,3.4657,92399919104,52,60,53,50,58,1,HOLD,0.49,6,False,live,STOCK,83,NEUTRAL,NYSE
2026-09-04T08:01:23.835097+09:00,2026-09-04,BNJ,Brookfield Finance Inc. 4.50% P,US,금융,2026-09-03,14.82,15122,15456.1,0.1203,,20,60,55,50,40,0,AVOID,-0.42,-5,True,live,STOCK,40,NEUTRAL,NYSE
2026-09-04T08:01:23.835097+09:00,2026-09-04,CSX,CSX Corporation,US,산업재,2026-09-03,48.99,9896170,9205433.5,1.0468,90752745472,46,60,55,58,53,0,HOLD,0.11,1,False,live,STOCK,54,NEUTRAL,NASDAQ
2026-09-04T08:01:23.835097+09:00,2026-09-04,BCS,Barclays PLC,US,금융,2026-09-03,26.9,6285685,2674924.25,0.4312,90356146176,29,60,50,86,51,1,HOLD,0.01,0,False,live,STOCK,52,NEUTRAL,NYSE
2026-09-04T08:01:23.835097+09:00,2026-09-04,ITUB,Itaú Unibanco Holding S.A.,US,금융,2026-09-03,8.22,19403370,21869878.5,0.2259,90599792640,63,60,55,70,55,1,HOLD,0.27,3,False,live,STOCK,26,NEUTRAL,NYSE
2026-09-04T08:01:23.835097+09:00,2026-09-04,WMB,"The Williams Companies, Inc.",US,에너지,2026-09-03,74.05,6426657,6779062.85,2.2315,90575552512,65,60,53,42,58,1,HOLD,0.4,5,False,live,STOCK,70,NEUTRAL,NYSE
2026-09-04T08:01:23.835097+09:00,2026-09-04,BN,Brookfield Corporation,US,금융,2026-09-03,40.42,2746139,3892156.95,0.7886,90231644160,17,60,50,35,38,0,AVOID,-0.6,-7,True,live,STOCK,55,NEUTRAL,NYSE
2026-09-04T08:01:23.835097+09:00,2026-09-04,ELV,Elevance Health Inc.,US,제약/바이오,2026-09-03,414.78,1225506,869230.3,8.9357,89953042432,84,65,85,58,77,3,BUY,1.04,12,False,live,STOCK,73,NEUTRAL,NYSE
2026-09-04T08:01:23.835097+09:00,2026-09-04,MRSH,"Marsh & McLennan Companies, Inc.",US,금융,2026-09-03,188.46,1981279,1934108.95,3.8475,89935241216,47,60,32,66,47,0,HOLD,0.01,0,False,live,STOCK,48,NEUTRAL,NYSE
2026-09-04T08:01:23.835097+09:00,2026-09-04,WM,"Waste Management, Inc.",US,산업재,2026-09-03,221.72,2361619,1967150.95,3.5179,88624857088,28,60,60,50,42,0,AVOID,-0.36,-4,True,live,STOCK,26,NEUTRAL,NYSE
2026-09-04T08:01:23.835097+09:00,2026-09-04,HCA,"HCA Healthcare, Inc.",US,제약/바이오,2026-09-03,409.2,1362335,1215061.75,11.1968,90776854528,47,65,66,60,56,0,HOLD,0.28,3,False,live,STOCK,48,NEUTRAL,NYSE
2026-09-04T08:01:23.835097+09:00,2026-09-04,LYG,Lloyds Banking Group plc,US,금융,2026-09-03,6.1,18021607,11085210.35,0.0971,88308891648,62,60,58,76,56,1,HOLD,0.35,4,False,live,STOCK,22,NEUTRAL,NYSE
2026-09-04T08:01:23.835097+09:00,2026-09-04,UPS,"United Parcel Service, Inc.",US,산업재,2026-09-03,103.5,4810655,4305922.75,1.8864,88055889920,65,60,63,66,61,0,HOLD,0.34,4,False,live,STOCK,47,NEUTRAL,NYSE
2026-09-04T08:01:23.835097+09:00,2026-09-04,MAR,"Marriott International, Inc.",US,소비재,2026-09-03,336.07,1401704,1462980.2,6.5069,87635730432,20,60,60,58,41,0,AVOID,-0.64,-8,True,live,STOCK,26,NEUTRAL,NASDAQ
2026-09-04T08:01:23.835097+09:00,2026-09-04,MCO,Moody's Corporation,US,금융,2026-09-03,504.3,500936,694401.8,11.8464,87335174144,69,60,50,42,58,0,HOLD,0.53,6,False,live,STOCK,69,NEUTRAL,NYSE
2026-09-04T08:01:23.835097+09:00,2026-09-04,REGN,"Regeneron Pharmaceuticals, Inc.",US,제약/바이오,2026-09-03,843.47,496173,699708.65,20.375,86839443456,73,65,50,58,65,2,WATCH,0.78,9,False,live,STOCK,83,NEUTRAL,NASDAQ
2026-09-04T08:01:23.835097+09:00,2026-09-04,MMM,3M Company,US,산업재,2026-09-03,168.31,3005739,2629571.95,3.2227,86801244160,39,60,63,58,52,0,HOLD,0.13,2,False,live,STOCK,48,NEUTRAL,NYSE
2026-09-04T08:01:23.835097+09:00,2026-09-04,MNST,Monster Beverage Corporation,US,소매,2026-09-03,44.08,8943242,9716707.1,1.1386,86355009536,37,60,70,34,52,1,HOLD,-0.1,-1,False,live,STOCK,68,NEUTRAL,NASDAQ
2026-09-04T08:01:23.835097+09:00,2026-09-04,JCI,Johnson Controls International plc,US,소재,2026-09-03,142.23,2630011,2802400.55,3.4286,86154600448,32,60,50,50,39,0,AVOID,-0.46,-6,True,live,STOCK,22,NEUTRAL,NYSE
2026-09-04T08:01:23.835097+09:00,2026-09-04,SLB,Slb N.V.,US,에너지,2026-09-03,57.41,9157010,11550930.5,1.9002,85204664320,91,60,50,58,66,1,HOLD,0.75,9,False,live,STOCK,61,NEUTRAL,NYSE
2026-09-04T08:01:23.835097+09:00,2026-09-04,EPD,Enterprise Products Partners L.P.,US,에너지,2026-09-03,39.17,2198191,2789369.55,0.5636,84586717184,84,60,55,60,68,1,HOLD,0.77,9,False,live,STOCK,69,NEUTRAL,NYSE
2026-09-04T08:01:23.835097+09:00,2026-09-04,EMR,Emerson Electric Co.,US,산업재,2026-09-03,150.21,1596364,2273463.2,3.5889,84132618240,39,60,60,58,55,0,HOLD,0.22,3,False,live,STOCK,67,NEUTRAL,NYSE
2026-09-04T08:01:23.835097+09:00,2026-09-04,CDNS,"Cadence Design Systems, Inc.",US,IT,2026-09-03,304.875,2168869,2138128.45,10.9679,84089405440,18,60,60,35,37,0,AVOID,-0.71,-9,True,live,STOCK,33,NEUTRAL,NASDAQ
2026-09-04T08:01:23.835097+09:00,2026-09-04,AMT,American Tower Corporation,US,리츠,2026-09-03,177.75,1963008,1908865.4,3.805,82824404992,73,60,60,42,55,1,HOLD,0.2,2,False,live,STOCK,36,NEUTRAL,NYSE
2026-09-04T08:01:23.835097+09:00,2026-09-04,ASX,"ASE Technology Holding Co., Ltd.",US,반도체,2026-09-03,37.43,5456961,6230593.05,1.5175,97455194112,54,65,55,37,49,0,HOLD,0.17,2,False,live,STOCK,44,NEUTRAL,NYSE
2026-09-04T08:01:23.835097+09:00,2026-09-04,SHW,The Sherwin-Williams Company,US,소재,2026-09-03,332.26,1576858,1573337.9,7.7266,80658825216,39,60,60,50,50,0,HOLD,0.08,1,False,live,STOCK,51,NEUTRAL,NYSE
2026-09-04T08:01:23.835097+09:00,2026-09-04,SU,Suncor Energy Inc.,US,에너지,2026-09-03,68.24,12765371,4259048.55,1.5525,79815516160,91,60,53,63,64,1,HOLD,0.71,9,False,live,STOCK,40,NEUTRAL,NYSE
2026-09-04T08:01:23.835097+09:00,2026-09-04,CVNA,Carvana Co.,US,소비재,2026-09-03,73.43,5865144,8275927.2,3.6616,81394491392,55,60,58,42,56,1,HOLD,0.41,5,False,live,STOCK,71,NEUTRAL,NYSE
2026-09-04T08:01:23.835097+09:00,2026-09-04,CTAS,Cintas Corporation,US,산업재,2026-09-03,201.05,1210527,1693331.35,3.3446,80454090752,47,60,58,29,51,0,HOLD,0.26,3,False,live,STOCK,69,NEUTRAL,NASDAQ
2026-09-04T08:01:23.835097+09:00,2026-09-04,BAM,Brookfield Asset Management Ltd.,US,금융,2026-09-03,50.29,2526871,2190618.55,1.1787,80325787648,44,60,61,42,52,0,HOLD,0.21,3,False,live,STOCK,61,NEUTRAL,NYSE
2026-09-04T08:01:23.835097+09:00,2026-09-04,CP,Canadian Pacific Kansas City Ltd.,US,산업재,2026-09-03,91.3,2085750,1987082.5,1.9518,80259940352,43,60,63,58,57,0,HOLD,0.22,3,False,live,STOCK,69,NEUTRAL,NYSE
2026-09-04T08:01:23.835097+09:00,2026-09-04,E,Eni S.p.A.,US,에너지,2026-09-03,55.13,304817,345850.85,1.0357,79335579648,58,60,50,60,59,1,HOLD,0.35,4,False,live,STOCK,74,NEUTRAL,NYSE
2026-09-04T08:01:23.835097+09:00,2026-09-04,SNPS,"Synopsys, Inc.",US,IT,2026-09-03,416.31,1457851,1663842.55,15.7129,79780249600,73,60,53,43,53,1,HOLD,0.08,1,False,live,STOCK,35,NEUTRAL,NASDAQ
2026-09-04T08:01:23.835097+09:00,2026-09-04,GM,General Motors Company,US,소비재,2026-09-03,87.22,5195426,5107311.3,2.0871,78886264832,62,60,50,74,60,1,HOLD,0.39,5,False,live,STOCK,58,NEUTRAL,NYSE
2026-09-04T08:01:23.835097+09:00,2026-09-04,NGG,National Grid plc,US,유틸리티,2026-09-03,78.17,937238,761561.9,1.1257,78588993536,28,60,55,60,48,0,HOLD,-0.26,-3,False,live,STOCK,53,NEUTRAL,NYSE
2026-09-04T08:01:23.835097+09:00,2026-09-04,ECL,Ecolab Inc.,US,소재,2026-09-03,278.97,929015,1405995.75,5.7136,78203273216,47,60,55,58,56,0,HOLD,0.28,3,False,live,STOCK,69,NEUTRAL,NYSE
2026-09-04T08:01:23.835097+09:00,2026-09-04,MDLZ,"Mondelez International, Inc.",US,소매,2026-09-03,61.45,7653626,6750991.3,1.25,78880284672,43,60,63,58,56,0,HOLD,0.16,2,False,live,STOCK,63,NEUTRAL,NASDAQ
2026-09-04T08:01:23.835097+09:00,2026-09-04,MSI,"Motorola Solutions, Inc.",US,IT,2026-09-03,472.23,1006516,967430.8,10.2299,78151131136,47,60,50,50,51,0,HOLD,0.24,3,False,live,STOCK,61,NEUTRAL,NYSE
2026-09-04T08:01:23.835097+09:00,2026-09-04,ITW,Illinois Tool Works Inc.,US,산업재,2026-09-03,271.65,976413,973640.65,5.0057,77365919744,39,60,50,42,45,0,HOLD,-0.09,-1,False,live,STOCK,48,NEUTRAL,NYSE
2026-09-04T08:01:23.835097+09:00,2026-09-04,DB,Deutsche Bank AG,US,금융,2026-09-03,41.56,2415880,1790244.0,0.6857,78091247616,82,60,53,88,70,2,WATCH,0.89,11,False,live,STOCK,61,NEUTRAL,NYSE
2026-09-04T08:01:23.835097+09:00,2026-09-04,TRV,"The Travelers Companies, Inc.",US,금융,2026-09-03,374.34,1626937,1564431.85,6.4534,78077976576,66,60,53,78,61,1,HOLD,0.54,6,False,live,STOCK,48,NEUTRAL,NYSE
2026-09-04T08:01:23.835097+09:00,2026-09-04,EOG,"EOG Resources, Inc.",US,에너지,2026-09-03,145.96,2911496,2783679.8,3.2514,77742465024,69,60,60,78,68,2,WATCH,0.71,9,False,live,STOCK,71,NEUTRAL,NYSE
2026-09-04T08:01:23.835097+09:00,2026-09-04,APO,"Apollo Global Management, Inc.",US,금융,2026-09-03,134.49,1895281,3110369.05,3.8828,79422152704,52,60,63,58,60,0,HOLD,0.4,5,False,live,STOCK,69,NEUTRAL,NYSE
2026-09-04T08:01:23.835097+09:00,2026-09-04,FDX,FedEx Corporation,US,산업재,2026-09-03,324.31,2528962,1531308.1,8.1657,76754583552,40,60,66,68,52,0,HOLD,-0.04,0,False,live,STOCK,34,NEUTRAL,NYSE
2026-09-04T08:01:23.835097+09:00,2026-09-04,B,Barrick Mining Corporation,US,소재,2026-09-03,45.76,7849356,12652617.8,1.7088,75315666944,62,60,50,78,65,2,WATCH,0.68,8,False,live,STOCK,80,NEUTRAL,NYSE
2026-09-04T08:01:23.835097+09:00,2026-09-04,DDOG,"Datadog, Inc.",US,IT,2026-09-03,214.76,4832197,4471579.85,12.3011,77114949632,20,60,63,35,43,0,AVOID,-0.41,-5,True,live,STOCK,55,NEUTRAL,NASDAQ
2026-09-04T08:01:23.835097+09:00,2026-09-04,NU,Nu Holdings Ltd.,US,금융,2026-09-03,15.68,81808352,72889887.6,0.6326,75745198080,78,60,45,66,61,1,HOLD,0.62,7,False,live,STOCK,54,NEUTRAL,NYSE
2026-09-04T08:01:23.835097+09:00,2026-09-04,CI,Cigna Corporation,US,제약/바이오,2026-09-03,286.26,1658637,1447741.85,5.5493,75641479168,62,65,60,94,65,1,HOLD,0.39,5,False,live,STOCK,47,NEUTRAL,NYSE
2026-09-04T08:01:23.835097+09:00,2026-09-04,CMI,Cummins Inc.,US,산업재,2026-09-03,545.5,1584736,902741.8,15.4588,75273035776,10,60,70,58,40,1,AVOID,-0.73,-9,True,live,STOCK,20,NEUTRAL,NYSE
2026-09-04T08:01:23.835097+09:00,2026-09-04,NOC,Northrop Grumman Corporation,US,산업재,2026-09-03,528.24,874114,653515.7,13.0156,75043373056,35,60,45,55,44,0,AVOID,-0.31,-4,True,live,STOCK,45,NEUTRAL,NYSE
2026-09-04T08:01:23.835097+09:00,2026-09-04,NTES,"NetEase, Inc.",US,IT,2026-09-03,117.05,878943,841947.15,3.9007,74941284352,31,60,58,68,56,1,HOLD,0.05,1,False,live,STOCK,78,NEUTRAL,NASDAQ
2026-09-04T08:01:23.835097+09:00,2026-09-04,CNI,Canadian National Railway Company,US,산업재,2026-09-03,123.17,1546721,1174256.05,2.2914,74505527296,43,60,63,50,54,0,HOLD,0.15,2,False,live,STOCK,61,NEUTRAL,NYSE
2026-09-04T08:01:23.835097+09:00,2026-09-04,TGT,Target Corporation,US,소매,2026-09-03,164.01,1986084,4877844.2,5.42,74508337152,73,60,53,60,65,2,WATCH,0.76,9,False,live,STOCK,74,NEUTRAL,NYSE
2026-09-04T08:01:23.835097+09:00,2026-09-04,MFC,Manulife Financial Corporation,US,금융,2026-09-03,44.59,1991889,2859119.45,0.799,73877422080,59,60,58,76,56,1,HOLD,0.35,4,False,live,STOCK,28,NEUTRAL,NYSE
2026-09-04T08:01:23.835097+09:00,2026-09-04,ROST,"Ross Stores, Inc.",US,소비재,2026-09-03,231.67,1504455,2798642.75,6.7393,74007707648,40,60,55,42,46,0,HOLD,-0.12,-1,False,live,STOCK,48,NEUTRAL,NASDAQ
2026-09-04T08:01:23.835097+09:00,2026-09-04,ET,Energy Transfer LP,US,에너지,2026-09-03,21.44,5923814,8271140.7,0.3271,73824346112,69,60,70,68,69,1,HOLD,0.84,10,False,live,STOCK,69,NEUTRAL,NYSE
2026-09-04T08:01:23.835097+09:00,2026-09-04,NSC,Norfolk Southern Corporation,US,산업재,2026-09-03,327.83,1179716,1246835.8,7.0081,73633357824,50,60,60,45,53,0,HOLD,0.18,2,False,live,STOCK,54,NEUTRAL,NYSE
2026-09-04T08:01:23.835097+09:00,2026-09-04,RACE,Ferrari N.V.,US,소비재,2026-09-03,417.93,305834,380381.7,8.105,73457393664,66,60,60,37,60,1,HOLD,0.66,8,False,live,STOCK,75,NEUTRAL,NYSE
2026-09-04T08:01:23.835097+09:00,2026-09-04,APOS,"Apollo Global Management, Inc.",US,금융,2026-09-03,25.13,39098,65374.9,0.2005,,65,60,58,50,55,0,HOLD,0.23,3,False,live,STOCK,40,NEUTRAL,NYSE
2026-09-04T08:01:23.835097+09:00,2026-09-04,ORLY,"O'Reilly Automotive, Inc.",US,소비재,2026-09-03,87.38,4310180,4653839.0,1.8768,70686990336,43,60,58,50,50,0,HOLD,-0.05,-1,False,live,STOCK,51,NEUTRAL,NASDAQ
2026-09-04T08:01:23.835097+09:00,2026-09-04,CL,Colgate-Palmolive Company,US,소매,2026-09-03,90.09,5323979,3955293.95,1.6239,71817297920,28,60,53,50,45,0,HOLD,-0.21,-3,False,live,STOCK,55,NEUTRAL,NYSE
2026-09-04T08:01:23.835097+09:00,2026-09-04,HPE,Hewlett Packard Enterprise Company,US,IT,2026-09-03,54.44,72021554,20569952.7,2.9118,72089640960,44,60,76,66,63,1,HOLD,0.52,6,False,live,STOCK,69,NEUTRAL,NYSE
2026-09-04T08:01:23.835097+09:00,2026-09-04,RCL,Royal Caribbean Cruises Ltd.,US,소비재,2026-09-03,265.55,2317355,1616342.75,7.6429,71021895680,20,60,63,60,40,0,AVOID,-0.55,-7,True,live,STOCK,17,NEUTRAL,NYSE
2026-09-04T08:01:23.835097+09:00,2026-09-04,WPM,Wheaton Precious Metals Corp.,US,소재,2026-09-03,156.63,3226949,2500847.45,6.9735,71135076352,66,60,60,50,66,1,HOLD,0.83,10,False,live,STOCK,93,NEUTRAL,NYSE
2026-09-04T08:01:23.835097+09:00,2026-09-04,WBD,"Warner Bros. Discovery, Inc.",US,인터넷,2026-09-03,28.37,14295843,18270357.15,0.3325,71127474176,62,65,53,38,53,0,HOLD,0.3,4,False,live,STOCK,55,NEUTRAL,NASDAQ
2026-09-04T08:01:23.835097+09:00,2026-09-04,HLT,Hilton Worldwide Holdings Inc.,US,소비재,2026-09-03,314.35,1731380,1830239.0,6.4809,70749159424,25,60,60,50,40,0,AVOID,-0.57,-7,True,live,STOCK,20,NEUTRAL,NYSE
2026-09-04T08:01:23.835097+09:00,2026-09-04,KMI,"Kinder Morgan, Inc.",US,에너지,2026-09-03,31.6,8508831,10441771.55,0.8296,70304497664,47,60,53,45,53,1,HOLD,0.12,1,False,live,STOCK,70,NEUTRAL,NYSE
2026-09-04T08:01:23.835097+09:00,2026-09-04,SATA,Strive Inc. Perp. Pfd. Series A,US,금융,2026-09-03,100.0,599745,297672.25,0.2656,,54,60,58,42,59,1,HOLD,0.49,6,False,live,STOCK,87,NEUTRAL,NASDAQ
2026-09-04T08:01:23.835097+09:00,2026-09-04,BSX,Boston Scientific Corporation,US,제약/바이오,2026-09-03,46.95,19718445,18834272.25,1.9168,68041330688,43,65,75,66,60,1,HOLD,0.21,3,False,live,STOCK,55,NEUTRAL,NYSE
2026-09-04T08:01:23.835097+09:00,2026-09-04,AMX,"América Móvil, S.A.B. de C.V.",US,인터넷,2026-09-03,23.18,6459970,2982303.5,0.4154,69425840128,50,65,55,76,57,1,HOLD,0.07,1,False,live,STOCK,50,NEUTRAL,NYSE
2026-09-04T08:01:23.835097+09:00,2026-09-04,DLR,"Digital Realty Trust, Inc.",US,리츠,2026-09-03,187.79,1453924,2052126.2,5.2639,70921469952,40,60,63,46,53,0,HOLD,0.09,1,False,live,STOCK,63,NEUTRAL,NYSE
2026-09-04T08:01:23.835097+09:00,2026-09-04,BE,Bloom Energy Corporation,US,산업재,2026-09-03,235.55,15587803,11921470.15,15.6849,69375918080,62,60,55,43,50,0,HOLD,-0.06,-1,False,live,STOCK,33,NEUTRAL,NYSE
2026-09-04T08:01:23.835097+09:00,2026-09-04,AON,Aon plc,US,금융,2026-09-03,327.0,1464126,980476.3,10.2237,69365022720,28,60,53,50,39,0,AVOID,-0.47,-6,True,live,STOCK,23,NEUTRAL,NYSE
2026-09-04T08:01:23.835097+09:00,2026-09-04,RSG,"Republic Services, Inc.",US,산업재,2026-09-03,225.12,1395484,1461544.2,3.6089,68934664192,88,60,67,50,63,1,HOLD,0.68,8,False,live,STOCK,32,NEUTRAL,NYSE
2026-09-04T08:01:23.835097+09:00,2026-09-04,SPG,"Simon Property Group, Inc.",US,리츠,2026-09-03,211.52,902289,1178739.45,2.9946,80297959424,28,60,72,47,44,1,AVOID,-0.25,-3,True,live,STOCK,23,NEUTRAL,NYSE
2026-09-04T08:01:23.835097+09:00,2026-09-04,AJG,Arthur J. Gallagher & Co.,US,금융,2026-09-03,266.66,1499376,1366848.8,7.4571,68355891200,73,60,63,58,66,1,HOLD,0.82,10,False,live,STOCK,69,NEUTRAL,NYSE
2026-09-04T08:01:23.835097+09:00,2026-09-04,SE,Sea Limited,US,소비재,2026-09-03,113.1,4356332,4647981.6,4.1289,69272002560,48,60,50,50,57,1,HOLD,0.42,5,False,live,STOCK,86,NEUTRAL,NYSE
2026-09-04T08:01:23.835097+09:00,2026-09-04,AEP,"American Electric Power Company, Inc.",US,유틸리티,2026-09-03,124.71,2283313,3209665.65,2.1136,67891798016,65,60,60,42,56,0,HOLD,0.27,3,False,live,STOCK,52,NEUTRAL,NASDAQ
2026-09-04T08:01:23.835097+09:00,2026-09-04,APD,"Air Products and Chemicals, Inc.",US,소재,2026-09-03,304.22,721413,922950.65,6.3518,67745394688,47,60,60,42,56,1,HOLD,0.34,4,False,live,STOCK,77,NEUTRAL,NYSE
2026-09-04T08:01:23.835097+09:00,2026-09-04,ALL,The Allstate Corporation,US,금융,2026-09-03,263.11,1328575,1649093.75,5.1001,66529452032,62,60,53,73,59,1,HOLD,0.47,6,False,live,STOCK,48,NEUTRAL,NYSE
2026-09-04T08:01:23.835097+09:00,2026-09-04,LITE,Lumentum Holdings Inc.,US,IT,2026-09-03,847.37,3301245,4736462.25,64.1603,76009086976,43,60,50,50,52,0,HOLD,0.01,0,False,live,STOCK,69,NEUTRAL,NASDAQ
2026-09-04T08:01:23.835097+09:00,2026-09-04,HON,Honeywell International Inc.,US,산업재,2026-09-03,207.63,2490071,2874963.55,4.6499,65806254080,20,60,52,65,45,0,HOLD,-0.43,-5,False,live,STOCK,52,NEUTRAL,NASDAQ
2026-09-04T08:01:23.835097+09:00,2026-09-04,COR,"Cencora, Inc.",US,제약/바이오,2026-09-03,337.22,1082642,1262092.1,6.6821,64350736384,70,65,63,58,67,2,WATCH,0.83,10,False,live,STOCK,77,NEUTRAL,NYSE
2026-09-04T08:01:23.835097+09:00,2026-09-04,PCAR,PACCAR Inc,US,산업재,2026-09-03,124.51,2709608,2509635.4,2.6607,65537703936,47,60,45,58,44,0,AVOID,-0.14,-2,True,live,STOCK,26,NEUTRAL,NASDAQ
2026-09-04T08:01:23.835097+09:00,2026-09-04,ARGX,argenx SE,US,제약/바이오,2026-09-03,1053.46,210432,296181.6,38.4491,65905500160,76,65,50,42,57,1,HOLD,0.56,7,False,live,STOCK,54,NEUTRAL,NASDAQ
2026-09-04T08:01:23.835097+09:00,2026-09-04,TRP,TC Energy Corporation,US,에너지,2026-09-03,62.88,2468268,1903328.4,1.4271,65506304000,65,60,50,45,50,0,HOLD,-0.03,0,False,live,STOCK,32,NEUTRAL,NYSE
2026-09-04T08:01:23.835097+09:00,2026-09-04,VALE,Vale S.A.,US,소재,2026-09-03,15.31,43802480,26584429.0,0.4717,65155727360,70,60,62,74,62,2,WATCH,0.46,6,False,live,STOCK,39,NEUTRAL,NYSE
2026-09-04T08:01:23.835097+09:00,2026-09-04,TDG,TransDigm Group Incorporated,US,산업재,2026-09-03,1157.83,274581,368824.05,24.1983,64761577472,20,60,56,53,37,0,AVOID,-0.64,-8,True,live,STOCK,20,NEUTRAL,NYSE
2026-09-04T08:01:23.835097+09:00,2026-09-04,TFC,Truist Financial Corporation,US,금융,2026-09-03,51.61,4757460,5695808.0,0.9936,63048130560,62,60,66,70,63,1,HOLD,0.49,6,False,live,STOCK,51,NEUTRAL,NYSE
2026-09-04T08:01:23.835097+09:00,2026-09-04,RELX,RELX Plc,US,산업재,2026-09-03,36.65,2277997,1784479.85,0.8593,63832080384,62,60,55,50,60,1,HOLD,0.44,5,False,live,STOCK,72,NEUTRAL,NYSE
2026-09-04T08:01:23.835097+09:00,2026-09-04,MET,"MetLife, Inc.",US,금융,2026-09-03,99.23,3705677,2879313.85,1.9221,63058378752,66,60,73,58,65,1,HOLD,0.76,9,False,live,STOCK,60,NEUTRAL,NYSE
2026-09-04T08:01:23.835097+09:00,2026-09-04,BKR,Baker Hughes Company,US,에너지,2026-09-03,63.64,4624485,6289069.25,1.5486,63173775360,58,60,50,58,56,0,HOLD,0.24,3,False,live,STOCK,61,NEUTRAL,NASDAQ
2026-09-04T08:01:23.835097+09:00,2026-09-04,TRGP,Targa Resources Corp.,US,에너지,2026-09-03,293.54,843034,1253196.7,8.9064,62944083968,91,60,53,42,60,1,HOLD,0.66,8,False,live,STOCK,40,NEUTRAL,NYSE
2026-09-04T08:01:23.835097+09:00,2026-09-04,GWW,"W.W. Grainger, Inc.",US,산업재,2026-09-03,1312.84,147133,215341.65,24.7736,61983268864,65,60,60,50,55,0,HOLD,0.25,3,False,live,STOCK,38,NEUTRAL,NYSE
2026-09-04T08:01:23.835097+09:00,2026-09-04,URI,"United Rentals, Inc.",US,산업재,2026-09-03,993.87,322875,416163.75,30.395,61860941824,20,60,70,58,50,1,HOLD,-0.24,-3,False,live,STOCK,55,NEUTRAL,NYSE
2026-09-04T08:01:23.835097+09:00,2026-09-04,CRH,CRH plc,US,소재,2026-09-03,92.04,4187987,4392449.35,2.5064,61232783360,28,60,55,60,42,0,AVOID,-0.55,-7,True,live,STOCK,26,NEUTRAL,NYSE
2026-09-04T08:01:23.835097+09:00,2026-09-04,LNG,"Cheniere Energy, Inc.",US,에너지,2026-09-03,290.85,2449674,1636553.7,7.4571,60070461440,95,60,66,45,75,2,WATCH,1.26,15,False,live,STOCK,90,NEUTRAL,NYSE
2026-09-04T08:01:23.835097+09:00,2026-09-04,TEL,TE Connectivity plc,US,반도체,2026-09-03,209.41,2097004,1974130.2,5.9223,60716478464,51,65,63,66,57,0,HOLD,0.18,2,False,live,STOCK,48,NEUTRAL,NYSE
2026-09-04T08:01:23.835097+09:00,2026-09-04,CVE,Cenovus Energy Inc.,US,에너지,2026-09-03,32.8,4474967,6088433.35,0.9461,60491235328,69,60,53,68,63,0,HOLD,0.65,8,False,live,STOCK,63,NEUTRAL,NYSE
2026-09-04T08:01:23.835097+09:00,2026-09-04,OKE,"ONEOK, Inc.",US,에너지,2026-09-03,95.75,2393755,3346212.75,2.4336,60325642240,84,60,55,60,62,1,HOLD,0.62,7,False,live,STOCK,40,NEUTRAL,NYSE
2026-09-04T08:01:23.835097+09:00,2026-09-04,OXY,Occidental Petroleum Corporation,US,에너지,2026-09-03,60.61,5774450,7165822.5,1.295,60588023808,69,60,65,68,68,1,HOLD,0.73,9,False,live,STOCK,71,NEUTRAL,NYSE
2026-09-04T08:01:23.835097+09:00,2026-09-04,AFL,Aflac Incorporated,US,금융,2026-09-03,118.36,2055178,2168733.9,1.9216,59338993664,28,60,50,68,42,0,AVOID,-0.41,-5,True,live,STOCK,25,NEUTRAL,NYSE
2026-09-04T08:01:23.835097+09:00,2026-09-04,MPLX,MPLX Lp,US,에너지,2026-09-03,59.34,1230510,1195170.5,0.855,60214296576,62,60,55,55,50,0,HOLD,0.11,1,False,live,STOCK,19,NEUTRAL,NYSE
2026-09-04T08:01:23.835097+09:00,2026-09-04,NUE,Nucor Corporation,US,소재,2026-09-03,262.47,1048552,1394057.6,10.0641,59548061696,80,60,60,53,63,1,HOLD,0.61,7,False,live,STOCK,54,NEUTRAL,NYSE
2026-09-04T08:01:23.835097+09:00,2026-09-04,MPWR,"Monolithic Power Systems, Inc.",US,반도체,2026-09-03,1213.65,413566,569483.3,48.0807,59642404864,10,65,50,43,31,0,AVOID,-0.97,-12,True,live,STOCK,23,NEUTRAL,NASDAQ
2026-09-04T08:01:23.835097+09:00,2026-09-04,TAK,Takeda Pharmaceutical Company Limited,US,제약/바이오,2026-09-03,18.71,2853623,2437391.15,0.2896,59750436864,88,65,45,66,66,1,HOLD,0.85,10,False,live,STOCK,66,NEUTRAL,NYSE
2026-09-04T08:01:23.835097+09:00,2026-09-04,CTVA,"Corteva, Inc.",US,소재,2026-09-03,88.62,5552611,4554070.55,2.3881,59126915072,58,60,58,50,60,1,HOLD,0.58,7,False,live,STOCK,77,NEUTRAL,NYSE
2026-09-04T08:01:23.835097+09:00,2026-09-04,MRNA,"Moderna, Inc.",US,제약/바이오,2026-09-03,148.87,13270498,33063459.9,22.0426,59434246144,95,65,53,50,73,2,WATCH,1.16,14,False,live,STOCK,93,NEUTRAL,NASDAQ
2026-09-04T08:01:23.835097+09:00,2026-09-04,D,"Dominion Energy, Inc.",US,유틸리티,2026-09-03,66.79,5293399,3729269.95,1.0479,58743537664,25,60,63,50,47,0,HOLD,-0.2,-2,False,live,STOCK,52,NEUTRAL,NYSE
2026-09-04T08:01:23.835097+09:00,2026-09-04,CAH,"Cardinal Health, Inc.",US,제약/바이오,2026-09-03,248.61,1386753,1701372.65,4.8139,57820651520,92,65,53,66,69,1,HOLD,0.95,11,False,live,STOCK,61,NEUTRAL,NYSE
2026-09-04T08:01:23.835097+09:00,2026-09-04,MT,ArcelorMittal S.A.,US,소재,2026-09-03,76.07,1419409,1365335.45,2.1707,57359953920,66,60,60,58,65,1,HOLD,0.72,9,False,live,STOCK,77,NEUTRAL,NYSE
2026-09-04T08:01:23.835097+09:00,2026-09-04,O,Realty Income Corporation,US,리츠,2026-09-03,61.74,3897604,5285030.2,0.7045,58419503104,28,60,63,42,42,0,AVOID,-0.27,-3,True,live,STOCK,34,NEUTRAL,NYSE
2026-09-04T08:01:23.835097+09:00,2026-09-04,F,Ford Motor Company,US,소비재,2026-09-03,14.41,40590494,40209639.7,0.3914,57461256192,77,60,68,57,70,2,WATCH,0.73,9,False,live,STOCK,74,NEUTRAL,NYSE
2026-09-04T08:01:23.835097+09:00,2026-09-04,NKE,"NIKE, Inc.",US,소비재,2026-09-03,38.77,29515435,27845706.75,1.0945,57515245568,28,60,50,50,39,0,AVOID,-0.59,-7,True,live,STOCK,26,NEUTRAL,NYSE
2026-09-04T08:01:23.835097+09:00,2026-09-04,FANG,"Diamondback Energy, Inc.",US,에너지,2026-09-03,202.94,1735336,1752516.8,5.4293,57089724416,62,60,50,61,54,0,HOLD,0.22,3,False,live,STOCK,40,NEUTRAL,NASDAQ
2026-09-04T08:01:23.835097+09:00,2026-09-04,PSA,Public Storage,US,리츠,2026-09-03,305.73,835378,768643.9,5.7093,57093779456,20,60,63,37,42,0,AVOID,-0.35,-4,True,live,STOCK,47,NEUTRAL,NYSE
2026-09-04T08:01:23.835097+09:00,2026-09-04,NXPI,NXP Semiconductors N.V.,US,반도체,2026-09-03,224.99,2331937,2930511.85,5.7757,56734420992,37,65,76,74,55,2,HOLD,-0.15,-2,False,live,STOCK,32,NEUTRAL,NASDAQ
2026-09-04T08:01:23.835097+09:00,2026-09-04,FAST,Fastenal Company,US,산업재,2026-09-03,49.23,6664424,6431601.2,0.9796,56491307008,47,60,53,29,48,0,HOLD,0.07,1,False,live,STOCK,61,NEUTRAL,NASDAQ
2026-09-04T08:01:23.835097+09:00,2026-09-04,AU,AngloGold Ashanti plc,US,소재,2026-09-03,111.67,2641085,2893814.25,5.2476,56479252480,66,60,63,84,74,2,WATCH,0.98,12,False,live,STOCK,93,NEUTRAL,NYSE
2026-09-04T08:01:23.835097+09:00,2026-09-04,FIX,"Comfort Systems USA, Inc.",US,산업재,2026-09-03,1580.1899,265763,374153.15,80.5957,55613722624,25,60,50,58,40,0,AVOID,-0.65,-8,True,live,STOCK,30,NEUTRAL,NYSE
2026-09-04T08:01:23.835097+09:00,2026-09-04,SRE,Sempra,US,유틸리티,2026-09-03,84.57,3501218,4377970.9,2.3236,55300354048,50,60,58,58,53,0,HOLD,-0.03,0,False,live,STOCK,43,NEUTRAL,NYSE
2026-09-04T08:01:23.835097+09:00,2026-09-04,NDAQ,"Nasdaq, Inc.",US,금융,2026-09-03,98.71,1933405,2592060.25,1.9664,55176654848,69,60,45,58,58,0,HOLD,0.5,6,False,live,STOCK,61,NEUTRAL,NASDAQ
2026-09-04T08:01:23.835097+09:00,2026-09-04,KEYS,"Keysight Technologies, Inc.",US,IT,2026-09-03,322.62,759637,1428561.85,12.227,54942183424,32,60,53,50,42,0,AVOID,-0.37,-4,True,live,STOCK,33,NEUTRAL,NYSE
2026-09-04T08:01:23.835097+09:00,2026-09-04,WDAY,"Workday, Inc.",US,IT,2026-09-03,206.92,2981863,5010018.15,8.58,49867718656,73,60,45,66,63,2,WATCH,0.67,8,False,live,STOCK,70,NEUTRAL,NASDAQ
2026-09-04T08:01:23.835097+09:00,2026-09-04,AME,"AMETEK, Inc.",US,산업재,2026-09-03,234.2,1232675,1335903.75,5.1386,53679345664,35,60,63,58,51,0,HOLD,-0.01,0,False,live,STOCK,48,NEUTRAL,NYSE
2026-09-04T08:01:23.835097+09:00,2026-09-04,STT,State Street Corporation,US,금융,2026-09-03,193.94,1524863,1285718.15,4.24,53275660288,66,60,63,76,69,2,WATCH,0.82,10,False,live,STOCK,74,NEUTRAL,NYSE
2026-09-04T08:01:23.835097+09:00,2026-09-04,DVN,Devon Energy Corporation,US,에너지,2026-09-03,48.79,11099667,10222318.35,1.1943,53668999168,91,60,84,70,76,3,BUY,1.13,14,False,live,STOCK,48,NEUTRAL,NYSE
2026-09-04T08:01:23.835097+09:00,2026-09-04,GRMN,Garmin Ltd.,US,IT,2026-09-03,277.18,694152,829687.6,6.9039,53455884288,39,60,53,50,47,0,HOLD,0.06,1,False,live,STOCK,48,NEUTRAL,NYSE
2026-09-04T08:01:23.835097+09:00,2026-09-04,TER,"Teradyne, Inc.",US,반도체,2026-09-03,338.59,1690141,2403897.05,21.0464,52935413760,35,65,45,50,42,0,AVOID,-0.42,-5,True,live,STOCK,38,NEUTRAL,NASDAQ
2026-09-04T08:01:23.835097+09:00,2026-09-04,NOK,Nokia Oyj,US,IT,2026-09-03,9.77,81929446,68334012.3,0.39,54698762240,29,60,55,51,43,0,AVOID,-0.52,-6,True,live,STOCK,38,NEUTRAL,NYSE
2026-09-04T08:01:23.835097+09:00,2026-09-04,FNV,Franco-Nevada Corporation,US,소재,2026-09-03,270.31,823873,858933.65,8.948,52130779136,56,60,55,50,61,1,HOLD,0.62,7,False,live,STOCK,90,NEUTRAL,NYSE
2026-09-04T08:01:23.835097+09:00,2026-09-04,DAL,"Delta Air Lines, Inc.",US,산업재,2026-09-03,78.75,4431808,4627440.4,2.2514,51787812864,17,60,60,84,50,1,HOLD,-0.23,-3,False,live,STOCK,52,NEUTRAL,NYSE
2026-09-04T08:01:23.835097+09:00,2026-09-04,COHR,"Coherent, Inc.",US,IT,2026-09-03,264.41,4210869,7239138.45,19.5836,51780001792,18,60,45,43,40,0,AVOID,-0.64,-8,True,live,STOCK,62,NEUTRAL,NYSE
2026-09-04T08:01:23.835097+09:00,2026-09-04,BDX,"Becton, Dickinson and Company",US,제약/바이오,2026-09-03,187.62,1206503,1649845.15,4.0493,51105214464,73,65,50,66,68,2,WATCH,0.86,10,False,live,STOCK,90,NEUTRAL,NYSE
2026-09-04T08:01:23.835097+09:00,2026-09-04,EW,Edwards Lifesciences Corporation,US,제약/바이오,2026-09-03,89.78,1844031,2796141.55,1.8086,51695325184,40,65,53,50,44,0,AVOID,-0.2,-2,True,live,STOCK,29,NEUTRAL,NYSE
2026-09-04T08:01:23.835097+09:00,2026-09-04,TEAM,Atlassian Corporation,US,IT,2026-09-03,194.68,3354100,5324130.0,9.4001,49281060864,82,60,60,42,70,2,WATCH,1.03,12,False,live,STOCK,93,NEUTRAL,NASDAQ
2026-09-04T08:01:23.835097+09:00,2026-09-04,COIN,"Coinbase Global, Inc.",US,금융,2026-09-03,192.7,13702150,9957152.5,12.9071,50841374720,88,60,53,51,68,2,WATCH,0.98,12,False,live,STOCK,80,NEUTRAL,NASDAQ
2026-09-04T08:01:23.835097+09:00,2026-09-04,AMP,"Ameriprise Financial, Inc.",US,금융,2026-09-03,565.08,470138,381526.9,12.1307,49953075200,66,60,53,68,61,0,HOLD,0.57,7,False,live,STOCK,58,NEUTRAL,NYSE
2026-09-04T08:01:23.835097+09:00,2026-09-04,NBIS,Nebius Group N.V.,US,IT,2026-09-03,210.63,10639270,22253698.5,15.4669,53478576128,32,60,65,58,50,0,HOLD,-0.17,-2,False,live,STOCK,49,NEUTRAL,NASDAQ
2026-09-04T08:01:23.835097+09:00,2026-09-04,DEO,Diageo plc,US,소매,2026-09-03,90.68,691854,1069162.7,1.8707,50409009152,47,60,58,66,58,0,HOLD,0.4,5,False,live,STOCK,69,NEUTRAL,NYSE
2026-09-04T08:01:23.835097+09:00,2026-09-04,ETR,Entergy Corporation,US,유틸리티,2026-09-03,107.78,2664308,2058845.4,2.0011,50293542912,65,60,63,50,62,0,HOLD,0.44,5,False,live,STOCK,67,NEUTRAL,NYSE
2026-09-04T08:01:23.835097+09:00,2026-09-04,ADSK,"Autodesk, Inc.",US,IT,2026-09-03,237.52,2377903,1920780.15,10.2943,49641680896,46,60,75,66,64,2,WATCH,0.48,6,False,live,STOCK,75,NEUTRAL,NASDAQ
2026-09-04T08:01:23.835097+09:00,2026-09-04,FITB,Fifth Third Bancorp,US,금융,2026-09-03,54.97,3773889,4846244.45,1.1086,49834319872,29,60,55,58,46,0,HOLD,-0.14,-2,False,live,STOCK,48,NEUTRAL,NYSE
2026-09-04T08:01:23.835097+09:00,2026-09-04,XYZ,"Block, Inc.",US,IT,2026-09-03,83.37,3279503,4367635.15,3.0302,50088280064,66,60,63,43,55,0,HOLD,0.47,6,False,live,STOCK,40,NEUTRAL,NYSE
2026-09-04T08:01:23.835097+09:00,2026-09-04,UMC,United Microelectronics Corporation,US,반도체,2026-09-03,19.86,6066145,10700032.25,0.8564,49807065088,72,65,55,58,54,1,HOLD,0.23,3,False,live,STOCK,23,NEUTRAL,NYSE
2026-09-04T08:01:23.835097+09:00,2026-09-04,ELC,"Entergy Louisiana, LLC COLLATERAL TR MT",US,유틸리티,2026-09-03,19.54,14007,21755.35,0.2007,,65,60,55,50,54,0,HOLD,0.18,2,False,live,STOCK,40,NEUTRAL,NYSE
2026-09-04T08:01:23.835097+09:00,2026-09-04,INFY,Infosys Limited,US,IT,2026-09-03,12.09,11957065,14309443.25,0.3317,48968118272,51,60,60,60,56,0,HOLD,0.16,2,False,live,STOCK,52,NEUTRAL,NYSE
2026-09-04T08:01:23.835097+09:00,2026-09-04,LHX,"L3Harris Technologies, Inc.",US,산업재,2026-09-03,262.14,1413647,1579157.35,6.0807,48814305280,17,60,63,58,47,0,HOLD,-0.46,-6,False,live,STOCK,55,NEUTRAL,NYSE
2026-09-04T08:01:23.835097+09:00,2026-09-04,HUM,Humana Inc.,US,제약/바이오,2026-09-03,406.52,769531,1005621.55,12.0418,48815042560,73,65,73,58,69,2,WATCH,0.92,11,False,live,STOCK,69,NEUTRAL,NYSE
2026-09-04T08:01:23.835097+09:00,2026-09-04,TRI,Thomson Reuters Corporation,US,산업재,2026-09-03,111.76,1817152,1617187.6,3.9746,48417177600,85,60,50,58,67,2,WATCH,0.89,11,False,live,STOCK,75,NEUTRAL,NASDAQ
2026-09-04T08:01:23.835097+09:00,2026-09-04,CARR,Carrier Global Corporation,US,산업재,2026-09-03,59.08,4861727,5127546.35,1.3979,49070694400,17,60,73,50,42,1,AVOID,-0.54,-6,True,live,STOCK,26,NEUTRAL,NYSE
2026-09-04T08:01:23.835097+09:00,2026-09-04,VST,Vistra Corp.,US,유틸리티,2026-09-03,144.22,4320053,4105487.65,4.7606,48405307392,65,60,76,58,61,1,HOLD,0.35,4,False,live,STOCK,33,NEUTRAL,NYSE
2026-09-04T08:01:23.835097+09:00,2026-09-04,PYPL,"PayPal Holdings, Inc.",US,금융,2026-09-03,56.82,15190291,12227939.55,2.0454,48978841600,48,60,60,86,66,2,WATCH,0.63,8,False,live,STOCK,83,NEUTRAL,NASDAQ
2026-09-04T08:01:23.835097+09:00,2026-09-04,ALAB,"Astera Labs, Inc. Common Stock",US,반도체,2026-09-03,282.82,2787711,3241035.55,18.8304,49065058304,25,65,65,35,40,0,AVOID,-0.53,-6,True,live,STOCK,30,NEUTRAL,NASDAQ
2026-09-04T08:01:23.835097+09:00,2026-09-04,AZO,"AutoZone, Inc.",US,소비재,2026-09-03,2968.04,282789,255644.45,75.2032,48454307840,28,60,60,50,51,1,HOLD,-0.11,-1,False,live,STOCK,73,NEUTRAL,NYSE
2026-09-04T08:01:23.835097+09:00,2026-09-04,CCEP,Coca-Cola Europacific Partners PLC,US,소매,2026-09-03,109.15,955162,1494068.1,1.8057,48176472064,62,60,60,50,61,1,HOLD,0.62,7,False,live,STOCK,71,NEUTRAL,NASDAQ
2026-09-04T08:01:23.835097+09:00,2026-09-04,CMG,"Chipotle Mexican Grill, Inc.",US,소비재,2026-09-03,37.57,8865952,15024912.6,1.2057,47541751808,78,60,63,50,68,2,WATCH,0.92,11,False,live,STOCK,77,NEUTRAL,NYSE
2026-09-04T08:01:23.835097+09:00,2026-09-04,MSTR,Strategy Inc,US,IT,2026-09-03,144.82,44800410,27857270.5,9.9171,57534332928,75,60,53,62,68,2,WATCH,0.88,11,False,live,STOCK,87,NEUTRAL,NASDAQ
2026-09-04T08:01:23.835097+09:00,2026-09-04,XEL,Xcel Energy Inc.,US,유틸리티,2026-09-03,76.34,3419008,4741340.4,1.3343,47684579328,25,60,58,42,43,0,AVOID,-0.34,-4,True,live,STOCK,49,NEUTRAL,NASDAQ
2026-09-04T08:01:23.835097+09:00,2026-09-04,ROK,"Rockwell Automation, Inc.",US,산업재,2026-09-03,428.28,812819,698190.95,9.0129,47559925760,25,60,60,42,39,0,AVOID,-0.49,-6,True,live,STOCK,26,NEUTRAL,NYSE
2026-09-04T08:01:23.835097+09:00,2026-09-04,WAB,Westinghouse Air Brake Technologies Corp,US,산업재,2026-09-03,280.83,861849,913147.45,6.4782,47435231232,39,60,45,58,48,0,HOLD,-0.04,0,False,live,STOCK,54,NEUTRAL,NYSE
2026-09-04T08:01:23.835097+09:00,2026-09-04,EBAY,eBay Inc.,US,소비재,2026-09-03,105.86,3387703,4258525.15,3.0711,47107698688,72,60,53,50,54,1,HOLD,0.17,2,False,live,STOCK,32,NEUTRAL,NASDAQ
2026-09-04T08:01:23.835097+09:00,2026-09-04,ABEV,Ambev S.A.,US,소매,2026-09-03,3.04,20297959,32624227.95,0.0733,46876794880,54,60,58,68,57,0,HOLD,0.15,2,False,live,STOCK,47,NEUTRAL,NYSE
2026-09-04T08:01:23.835097+09:00,2026-09-04,NTRA,"Natera, Inc.",US,제약/바이오,2026-09-03,327.67,708196,1395304.8,10.8642,47231725568,73,65,63,50,68,2,WATCH,0.92,11,False,live,STOCK,87,NEUTRAL,NASDAQ
2026-09-04T08:01:23.835097+09:00,2026-09-04,ARES,Ares Management Corporation,US,금융,2026-09-03,141.52,3172909,2005760.45,4.0471,46679896064,47,60,60,35,53,0,HOLD,0.33,4,False,live,STOCK,69,NEUTRAL,NYSE
2026-09-04T08:01:23.835097+09:00,2026-09-04,KB,KB Financial Group Inc.,US,금융,2026-09-03,132.36,249793,176699.65,3.0814,46472404992,82,60,55,78,68,2,WATCH,0.83,10,False,live,STOCK,55,NEUTRAL,NYSE
2026-09-04T08:01:23.835097+09:00,2026-09-04,VEEV,Veeva Systems Inc.,US,IT,2026-09-03,284.38,1505151,2013872.55,11.4304,46043639808,82,60,60,50,70,2,WATCH,1.0,12,False,live,STOCK,86,NEUTRAL,NYSE
2026-09-04T08:01:23.835097+09:00,2026-09-04,CRWV,"CoreWeave, Inc. Class A Common Stock",US,IT,2026-09-03,84.56,18737553,27134877.65,5.2914,46637932544,22,60,60,42,37,0,AVOID,-0.73,-9,True,live,STOCK,20,NEUTRAL,NASDAQ
2026-09-04T08:01:23.835097+09:00,2026-09-04,EXC,Exelon Corporation,US,유틸리티,2026-09-03,44.53,11710453,6324912.65,0.8075,45877207040,25,60,60,52,46,0,HOLD,-0.25,-3,False,live,STOCK,53,NEUTRAL,NASDAQ
2026-09-04T08:01:23.835097+09:00,2026-09-04,STM,STMicroelectronics N.V.,US,반도체,2026-09-03,51.28,5911005,7335890.25,1.7782,45744685056,40,65,70,58,49,1,HOLD,-0.29,-3,False,live,STOCK,23,NEUTRAL,NYSE
2026-09-04T08:01:23.835097+09:00,2026-09-04,IX,ORIX Corporation,US,금융,2026-09-03,41.19,460120,326636.0,0.8079,44989063168,73,60,55,78,60,2,WATCH,0.44,5,False,live,STOCK,29,NEUTRAL,NYSE
2026-09-04T08:01:23.835097+09:00,2026-09-04,HEI,HEICO Corporation,US,산업재,2026-09-03,325.7,447563,501378.15,9.9424,45518991360,35,60,60,34,39,0,AVOID,-0.4,-5,True,live,STOCK,19,NEUTRAL,NYSE
2026-09-04T08:01:23.835097+09:00,2026-09-04,BSBR,Banco Santander (Brasil) S.A.,US,금융,2026-09-03,6.02,7192945,4984922.25,0.1257,45074915328,81,60,48,86,67,2,WATCH,0.77,9,False,live,STOCK,54,NEUTRAL,NYSE
2026-09-04T08:01:23.835097+09:00,2026-09-04,WDS,Woodside Energy Group Ltd,US,에너지,2026-09-03,23.72,357802,474245.1,0.4593,45094092800,69,60,55,60,63,0,HOLD,0.64,8,False,live,STOCK,69,NEUTRAL,NYSE
2026-09-04T08:01:23.835097+09:00,2026-09-04,CIEN,Ciena Corporation,US,IT,2026-09-03,317.46,7520270,2301553.5,25.4107,44937392128,10,60,50,43,30,0,AVOID,-1.02,-12,True,live,STOCK,17,NEUTRAL,NYSE
2026-09-04T08:01:23.835097+09:00,2026-09-04,RVMD,"Revolution Medicines, Inc.",US,제약/바이오,2026-09-03,210.87,1119043,1794632.15,8.9301,45197119488,73,65,66,42,68,2,WATCH,0.94,11,False,live,STOCK,90,NEUTRAL,NASDAQ
2026-09-04T08:01:23.835097+09:00,2026-09-04,VTR,"Ventas, Inc.",US,리츠,2026-09-03,92.11,2796694,2912449.7,1.7271,47247491072,47,60,60,43,57,1,HOLD,0.44,5,False,live,STOCK,83,NEUTRAL,NYSE
2026-09-04T08:01:23.835097+09:00,2026-09-04,SLF,Sun Life Financial Inc.,US,금융,2026-09-03,80.79,917654,1160982.7,1.1846,44976971776,69,60,55,50,63,1,HOLD,0.67,8,False,live,STOCK,80,NEUTRAL,NYSE
2026-09-04T08:01:23.835097+09:00,2026-09-04,KDP,Keurig Dr Pepper Inc.,US,소매,2026-09-03,32.88,9758315,10371930.75,0.7614,44743958528,91,60,68,74,81,3,STRONG_BUY,1.25,15,True,live,STOCK,91,NEUTRAL,NASDAQ
2026-09-04T08:01:23.835097+09:00,2026-09-04,IQV,IQVIA Holdings Inc.,US,제약/바이오,2026-09-03,271.62,2012428,1238881.4,7.3971,44708651008,55,65,50,66,63,1,HOLD,0.61,7,False,live,STOCK,90,NEUTRAL,NYSE
2026-09-04T08:01:23.835097+09:00,2026-09-04,PAYX,"Paychex, Inc.",US,산업재,2026-09-03,125.08,2932416,2166360.8,2.7716,44488810496,73,60,50,50,64,2,WATCH,0.75,9,False,live,STOCK,83,NEUTRAL,NASDAQ
2026-09-04T08:01:23.835097+09:00,2026-09-04,CCJ,Cameco Corporation,US,에너지,2026-09-03,100.62,3216302,2736400.1,4.3886,43823329280,51,60,60,35,48,0,HOLD,-0.03,0,False,live,STOCK,41,NEUTRAL,NYSE
2026-09-04T08:01:23.835097+09:00,2026-09-04,HLN,Haleon plc,US,제약/바이오,2026-09-03,9.86,16796625,8123911.25,0.1652,43360501760,54,65,55,58,57,0,HOLD,0.35,4,False,live,STOCK,63,NEUTRAL,NYSE
2026-09-04T08:01:23.835097+09:00,2026-09-04,AXON,"Axon Enterprise, Inc.",US,산업재,2026-09-03,538.15,869288,865749.4,30.0928,43717918720,47,60,60,35,54,1,HOLD,0.34,4,False,live,STOCK,77,NEUTRAL,NASDAQ
2026-09-04T08:01:23.835097+09:00,2026-09-04,FERG,Ferguson plc,US,산업재,2026-09-03,223.23,1472360,1608458.0,5.9279,43184451584,35,60,63,50,51,0,HOLD,-0.06,-1,False,live,STOCK,57,NEUTRAL,NYSE
2026-09-04T08:01:23.835097+09:00,2026-09-04,CBRS,Cerebras Systems Inc.,US,반도체,2026-09-03,190.44,4958105,8067370.25,15.7821,45241696256,43,65,68,35,51,0,HOLD,0.0,0,False,live,STOCK,55,NEUTRAL,NASDAQ
2026-09-04T08:01:23.835097+09:00,2026-09-04,GFI,Gold Fields Limited,US,소재,2026-09-03,48.16,5415313,4015360.65,2.0682,42905575424,56,60,60,65,62,1,HOLD,0.6,7,False,live,STOCK,72,NEUTRAL,NYSE
2026-09-04T08:01:23.835097+09:00,2026-09-04,CBRE,"CBRE Group, Inc.",US,리츠,2026-09-03,148.74,1874155,1412032.75,4.7336,43071430656,47,60,63,66,55,0,HOLD,0.3,4,False,live,STOCK,45,NEUTRAL,NYSE
2026-09-04T08:01:23.835097+09:00,2026-09-04,HMC,"Honda Motor Co., Ltd.",US,소비재,2026-09-03,33.04,895117,914860.85,0.5893,42870284288,70,60,58,83,70,3,BUY,0.87,10,False,live,STOCK,77,NEUTRAL,NYSE
2026-09-04T08:01:23.835097+09:00,2026-09-04,PRU,"Prudential Financial, Inc.",US,금융,2026-09-03,123.2,1543097,1560559.85,2.3677,42503999488,62,60,63,94,70,1,HOLD,0.78,9,False,live,STOCK,67,NEUTRAL,NYSE
2026-09-04T08:01:23.835097+09:00,2026-09-04,TEVA,Teva Pharmaceutical Industries Limited,US,제약/바이오,2026-09-03,36.62,3904389,5115789.45,1.0536,42673143808,47,65,53,59,54,0,HOLD,0.21,3,False,live,STOCK,63,NEUTRAL,NYSE
2026-09-04T08:01:23.835097+09:00,2026-09-04,ROP,"Roper Technologies, Inc.",US,IT,2026-09-03,422.35,620433,670211.65,9.655,41770782720,73,60,60,68,70,2,WATCH,0.92,11,False,live,STOCK,83,NEUTRAL,NASDAQ
2026-09-04T08:01:23.835097+09:00,2026-09-04,A,"Agilent Technologies, Inc.",US,제약/바이오,2026-09-03,149.98,2255846,2289667.3,5.0404,42283687936,47,65,60,58,60,1,HOLD,0.47,6,False,live,STOCK,84,NEUTRAL,NYSE
2026-09-04T08:01:23.835097+09:00,2026-09-04,FER,Ferrovial SE,US,산업재,2026-09-03,58.1,999138,1139196.9,1.0657,41875701760,20,60,55,45,37,0,AVOID,-0.71,-9,True,live,STOCK,29,NEUTRAL,NASDAQ
2026-09-04T08:01:23.835097+09:00,2026-09-04,WCN,"Waste Connections, Inc.",US,산업재,2026-09-03,166.81,1167973,982308.65,2.7543,41964265472,47,60,53,50,43,0,AVOID,-0.15,-2,True,live,STOCK,16,NEUTRAL,NYSE
2026-09-04T08:01:23.835097+09:00,2026-09-04,YUM,"Yum! Brands, Inc.",US,소비재,2026-09-03,152.54,1539070,2291523.5,3.5946,41628332032,72,60,53,50,54,1,HOLD,0.24,3,False,live,STOCK,33,NEUTRAL,NYSE
2026-09-04T08:01:23.835097+09:00,2026-09-04,MSCI,MSCI Inc.,US,금융,2026-09-03,574.65,297167,549848.35,11.8757,41777057792,62,60,63,50,57,0,HOLD,0.2,2,False,live,STOCK,47,NEUTRAL,NYSE
2026-09-04T08:01:23.835097+09:00,2026-09-04,IDXX,"IDEXX Laboratories, Inc.",US,제약/바이오,2026-09-03,529.29,590134,511141.7,15.1945,41751982080,31,65,60,42,46,0,HOLD,-0.24,-3,False,live,STOCK,54,NEUTRAL,NASDAQ
2026-09-04T08:01:23.835097+09:00,2026-09-04,LYV,"Live Nation Entertainment, Inc.",US,인터넷,2026-09-03,177.49,1435342,1664557.1,4.14,41347985408,47,65,60,22,47,0,HOLD,0.14,2,False,live,STOCK,54,NEUTRAL,NYSE
2026-09-04T08:01:23.835097+09:00,2026-09-04,FMX,"Fomento Económico Mexicano, S.A.B. de C.",US,소매,2026-09-03,121.08,279523,385976.15,2.44,41249714176,72,60,55,53,61,1,HOLD,0.45,5,False,live,STOCK,62,NEUTRAL,NYSE
2026-09-04T08:01:23.835097+09:00,2026-09-04,AIG,"American International Group, Inc.",US,금융,2026-09-03,76.86,5458005,3225590.25,1.2686,40189571072,65,60,55,94,66,1,HOLD,0.48,6,False,live,STOCK,54,NEUTRAL,NYSE
2026-09-04T08:01:23.835097+09:00,2026-09-04,ADM,Archer-Daniels-Midland Company,US,소매,2026-09-03,84.38,2601717,3583260.85,2.8365,40667488256,84,60,63,58,66,1,HOLD,0.73,9,False,live,STOCK,54,NEUTRAL,NYSE
2026-09-04T08:01:23.835097+09:00,2026-09-04,DHI,"D.R. Horton, Inc.",US,소비재,2026-09-03,144.41,1757642,1855052.1,3.7636,40391663616,28,60,73,68,50,1,HOLD,-0.13,-2,False,live,STOCK,33,NEUTRAL,NYSE
2026-09-04T08:01:23.835097+09:00,2026-09-04,RKT,"Rocket Companies, Inc.",US,금융,2026-09-03,14.22,27853732,25011966.6,0.62,40265953280,47,60,63,60,61,1,HOLD,0.49,6,False,live,STOCK,78,NEUTRAL,NYSE
2026-09-04T08:01:23.835097+09:00,2026-09-04,ED,"Consolidated Edison, Inc.",US,유틸리티,2026-09-03,108.75,1761344,2175827.2,1.5803,40218865664,62,60,65,52,65,1,HOLD,0.61,7,False,live,STOCK,84,NEUTRAL,NYSE
2026-09-04T08:01:23.835097+09:00,2026-09-04,TTWO,"Take-Two Interactive Software, Inc.",US,IT,2026-09-03,214.13,2696782,2718299.1,8.6859,40038125568,20,60,53,42,36,0,AVOID,-0.59,-7,True,live,STOCK,26,NEUTRAL,NASDAQ
2026-09-04T08:01:23.835097+09:00,2026-09-04,SHG,"Shinhan Financial Group Co., Ltd.",US,금융,2026-09-03,84.47,322683,162629.15,1.8157,39773913088,77,60,50,65,59,1,HOLD,0.56,7,False,live,STOCK,40,NEUTRAL,NYSE
2026-09-04T08:01:23.835097+09:00,2026-09-04,FLEX,Flex Ltd.,US,IT,2026-09-03,107.89,3679041,2832457.05,5.0743,39854886912,15,60,66,58,46,0,HOLD,-0.48,-6,False,live,STOCK,52,NEUTRAL,NASDAQ
2026-09-04T08:01:23.835097+09:00,2026-09-04,PFH,"Prudential Financial, Inc. 4.125% Junior",US,금융,2026-09-03,15.23,31336,32731.8,0.2656,,50,60,58,50,50,0,HOLD,-0.05,-1,False,live,STOCK,40,NEUTRAL,NYSE
2026-09-04T08:01:23.835097+09:00,2026-09-04,MCHP,Microchip Technology Incorporated,US,반도체,2026-09-03,73.11,5814322,8649031.1,2.4154,39699365888,15,65,70,51,43,1,AVOID,-0.56,-7,True,live,STOCK,38,NEUTRAL,NASDAQ
2026-09-04T08:01:23.835097+09:00,2026-09-04,JD,"JD.com, Inc.",US,소비재,2026-09-03,27.74,6903870,8708233.5,0.4856,37462867968,40,60,63,74,61,2,WATCH,0.22,3,False,live,STOCK,78,NEUTRAL,NASDAQ
2026-09-04T08:01:23.835097+09:00,2026-09-04,SYY,Sysco Corporation,US,소매,2026-09-03,81.08,2383704,2464620.2,1.3393,38845104128,32,60,60,50,43,0,AVOID,-0.23,-3,True,live,STOCK,25,NEUTRAL,NYSE
2026-09-04T08:01:23.835097+09:00,2026-09-04,ONC,BeOne Medicines AG,US,제약/바이오,2026-09-03,362.68,123615,386950.75,9.4157,41027145728,58,65,48,51,61,1,HOLD,0.6,7,False,live,STOCK,93,NEUTRAL,NASDAQ
2026-09-04T08:01:23.835097+09:00,2026-09-04,NTR,Nutrien Ltd.,US,소재,2026-09-03,80.73,2905563,2744483.15,2.2516,38525169664,77,60,50,60,68,2,WATCH,0.89,11,False,live,STOCK,90,NEUTRAL,NYSE
2026-09-04T08:01:23.835097+09:00,2026-09-04,ODFL,"Old Dominion Freight Line, Inc.",US,산업재,2026-09-03,185.75,3659246,1593902.3,6.6123,38516494336,10,60,63,50,36,0,AVOID,-0.83,-10,True,live,STOCK,20,NEUTRAL,NASDAQ
2026-09-04T08:01:23.835097+09:00,2026-09-04,HIG,"The Hartford Insurance Group, Inc.",US,금융,2026-09-03,140.0,1130064,1289768.2,2.3206,37922078720,76,60,58,86,67,2,WATCH,0.65,8,False,live,STOCK,48,NEUTRAL,NYSE
2026-09-04T08:01:23.835097+09:00,2026-09-04,VOD,Vodafone Group Public Limited Company,US,인터넷,2026-09-03,16.58,2856972,3083463.6,0.2457,38316933120,59,65,55,86,68,2,WATCH,0.69,8,False,live,STOCK,81,NEUTRAL,NASDAQ
2026-09-04T08:01:23.835097+09:00,2026-09-04,VIK,Viking Holdings Ltd,US,소비재,2026-09-03,85.58,3880448,3865142.4,3.2104,38223290368,20,60,55,50,37,0,AVOID,-0.62,-7,True,live,STOCK,23,NEUTRAL,NYSE
2026-09-04T08:01:23.835097+09:00,2026-09-04,NWG,NatWest Group plc,US,금융,2026-09-03,18.95,5385997,2550069.85,0.2789,75233378304,66,60,55,70,59,1,HOLD,0.49,6,False,live,STOCK,42,NEUTRAL,NYSE
2026-09-04T08:01:23.835097+09:00,2026-09-04,KGC,Kinross Gold Corporation,US,소재,2026-09-03,31.59,10332901,8897155.05,1.3949,37473345536,66,60,60,68,69,1,HOLD,0.85,10,False,live,STOCK,87,NEUTRAL,NYSE
2026-09-04T08:01:23.835097+09:00,2026-09-04,PCG,PG&E Corporation,US,유틸리티,2026-09-03,13.96,65611284,47478224.2,1.065,30745042944,10,60,66,88,57,2,HOLD,-0.24,-3,False,live,STOCK,81,NEUTRAL,NYSE
2026-09-04T08:01:23.835097+09:00,2026-09-04,RKLB,"Rocket Lab USA, Inc.",US,산업재,2026-09-03,63.81,18818827,17580621.35,3.3981,40800817152,10,60,63,19,33,0,AVOID,-0.83,-10,True,live,STOCK,36,NEUTRAL,NASDAQ
2026-09-04T08:01:23.835097+09:00,2026-09-04,PEG,Public Service Enterprise Group Incorpor,US,유틸리티,2026-09-03,73.81,3109334,2570521.7,1.0707,36781101056,47,60,50,45,45,0,HOLD,-0.25,-3,False,live,STOCK,35,NEUTRAL,NYSE
2026-09-04T08:01:23.835097+09:00,2026-09-04,BBD,Banco Bradesco S.A.,US,금융,2026-09-03,3.46,42591616,30269760.8,0.0989,36638552064,63,60,50,78,56,1,HOLD,0.22,3,False,live,STOCK,32,NEUTRAL,NYSE
2026-09-04T08:01:23.835097+09:00,2026-09-04,TWLO,Twilio Inc.,US,IT,2026-09-03,240.48,1616130,2416551.5,9.8502,36931768320,62,60,60,58,60,0,HOLD,0.44,5,False,live,STOCK,58,NEUTRAL,NYSE
2026-09-04T08:01:23.835097+09:00,2026-09-04,EL,The Estée Lauder Companies Inc.,US,소매,2026-09-03,100.86,2127353,3877912.65,4.1017,36490633216,78,60,66,35,66,2,WATCH,0.92,11,False,live,STOCK,81,NEUTRAL,NYSE
2026-09-04T08:01:23.835097+09:00,2026-09-04,KVUE,Kenvue Inc.,US,소매,2026-09-03,18.95,18570030,19384066.5,0.3339,36398657536,32,60,60,66,52,0,HOLD,0.05,1,False,live,STOCK,55,NEUTRAL,NYSE
2026-09-04T08:01:23.835097+09:00,2026-09-04,NTAP,"NetApp, Inc.",US,IT,2026-09-03,185.38,6229993,2563234.65,8.355,36319637504,36,60,55,50,48,0,HOLD,0.04,0,False,live,STOCK,55,NEUTRAL,NASDAQ
2026-09-04T08:01:23.835097+09:00,2026-09-04,UI,Ubiquiti Inc.,US,IT,2026-09-03,595.96,142893,171219.65,31.811,36072493056,84,60,55,42,63,1,HOLD,0.68,8,False,live,STOCK,66,NEUTRAL,NYSE
2026-09-04T08:01:23.835097+09:00,2026-09-04,KR,The Kroger Co.,US,소매,2026-09-03,58.51,5262652,5850007.6,1.3329,35845992448,72,60,60,74,63,2,WATCH,0.36,4,False,live,STOCK,44,NEUTRAL,NYSE
2026-09-04T08:01:23.835097+09:00,2026-09-04,KMB,Kimberly-Clark Corporation,US,소매,2026-09-03,107.95,3192641,2890277.05,2.1639,35832958976,32,60,60,50,50,0,HOLD,0.04,0,False,live,STOCK,60,NEUTRAL,NASDAQ
2026-09-04T08:01:23.835097+09:00,2026-09-04,CLS,Celestica Inc.,US,IT,2026-09-03,309.84,3894130,2359031.5,16.7815,39074267136,18,60,63,50,42,0,AVOID,-0.59,-7,True,live,STOCK,39,NEUTRAL,NYSE
2026-09-04T08:01:23.835097+09:00,2026-09-04,HSY,The Hershey Company,US,소매,2026-09-03,175.06,1261653,1126147.65,4.1271,35174047744,43,60,50,66,53,0,HOLD,-0.03,0,False,live,STOCK,60,NEUTRAL,NYSE
2026-09-04T08:01:23.835097+09:00,2026-09-04,ALNY,"Alnylam Pharmaceuticals, Inc.",US,제약/바이오,2026-09-03,264.5,1709070,1716893.5,10.9614,35392512000,59,65,60,50,58,0,HOLD,0.15,2,False,live,STOCK,62,NEUTRAL,NASDAQ
2026-09-04T08:01:23.835097+09:00,2026-09-04,EC,Ecopetrol S.A.,US,에너지,2026-09-03,17.2,1491799,1722049.95,0.5227,35360358400,62,60,55,96,64,1,HOLD,0.55,7,False,live,STOCK,48,NEUTRAL,NYSE
2026-09-04T08:01:23.835097+09:00,2026-09-04,VG,"Venture Global, Inc.",US,에너지,2026-09-03,14.48,8305291,13605469.55,0.6107,36201345024,91,60,48,62,70,2,WATCH,0.96,12,False,live,STOCK,77,NEUTRAL,NYSE
2026-09-04T08:01:23.835097+09:00,2026-09-04,PUK,Prudential plc,US,금융,2026-09-03,28.35,1051388,1034979.4,0.4864,35150213120,54,60,55,78,52,1,HOLD,0.12,1,False,live,STOCK,16,NEUTRAL,NYSE
2026-09-04T08:01:23.835097+09:00,2026-09-04,UAL,"United Airlines Holdings, Inc.",US,산업재,2026-09-03,108.66,3047100,3058220.0,3.7339,35267747840,17,60,60,73,42,1,AVOID,-0.43,-5,True,live,STOCK,23,NEUTRAL,NASDAQ
2026-09-04T08:01:23.835097+09:00,2026-09-04,STLD,"Steel Dynamics, Inc.",US,소재,2026-09-03,246.03,889228,1177101.4,10.4343,35263012864,80,60,63,53,66,1,HOLD,0.54,6,False,live,STOCK,62,NEUTRAL,NASDAQ
2026-09-04T08:01:23.835097+09:00,2026-09-04,ALC,Alcon Inc.,US,제약/바이오,2026-09-03,72.08,919398,1598249.9,1.3014,34843471872,44,65,60,50,50,0,HOLD,0.07,1,False,live,STOCK,42,NEUTRAL,NYSE
2026-09-04T08:01:23.835097+09:00,2026-09-04,PPLC,PPL Corporation,US,유틸리티,2026-09-03,47.14,20369,254753.45,0.6486,,65,60,58,50,53,0,HOLD,0.17,2,False,live,STOCK,32,NEUTRAL,NYSE
2026-09-04T08:01:23.835097+09:00,2026-09-04,ACGL,Arch Capital Group Ltd.,US,금융,2026-09-03,99.83,7677085,2176304.25,1.7861,34042030080,54,60,55,78,59,1,HOLD,0.36,4,False,live,STOCK,54,NEUTRAL,NASDAQ
2026-09-04T08:01:23.835097+09:00,2026-09-04,MTB,M&T Bank Corporation,US,금융,2026-09-03,240.06,692464,896713.2,4.4689,34792611840,29,60,50,60,45,0,HOLD,-0.16,-2,False,live,STOCK,48,NEUTRAL,NYSE
2026-09-04T08:01:23.835097+09:00,2026-09-04,RJF,"Raymond James Financial, Inc.",US,금융,2026-09-03,181.1,1109161,1076168.05,4.0907,34836705280,66,60,63,68,65,0,HOLD,0.71,9,False,live,STOCK,63,NEUTRAL,NYSE
2026-09-04T08:01:23.835097+09:00,2026-09-04,EQT,EQT Corporation,US,에너지,2026-09-03,55.61,6282484,6235709.2,1.4207,34784948224,80,60,55,68,68,1,HOLD,0.72,9,False,live,STOCK,69,NEUTRAL,NYSE
2026-09-04T08:01:23.835097+09:00,2026-09-04,WEC,"WEC Energy Group, Inc.",US,유틸리티,2026-09-03,106.7,2070357,2385447.85,1.62,34768125952,25,60,63,42,40,0,AVOID,-0.47,-6,True,live,STOCK,27,NEUTRAL,NYSE
2026-09-04T08:01:23.835097+09:00,2026-09-04,EXPE,"Expedia Group, Inc.",US,소비재,2026-09-03,303.14,1608393,1408249.65,12.2998,36382666752,51,60,45,66,53,0,HOLD,0.25,3,False,live,STOCK,54,NEUTRAL,NASDAQ
2026-09-04T08:01:23.835097+09:00,2026-09-04,HBAN,Huntington Bancshares Incorporated,US,금융,2026-09-03,17.06,17764024,20646916.2,0.3564,34468278272,25,60,37,68,44,0,AVOID,-0.29,-3,True,live,STOCK,61,NEUTRAL,NASDAQ
2026-09-04T08:01:23.835097+09:00,2026-09-04,BBDO,Banco Bradesco S.A.,US,금융,2026-09-03,3.15,55232,77486.6,0.1229,33355907072,76,60,55,80,63,2,WATCH,0.59,7,False,live,STOCK,40,NEUTRAL,NYSE
2026-09-04T08:01:23.835097+09:00,2026-09-04,NTRS,Northern Trust Corporation,US,금융,2026-09-03,187.445,672424,985081.2,3.4579,34294122496,62,60,60,60,61,0,HOLD,0.52,6,False,live,STOCK,61,NEUTRAL,NASDAQ
2026-09-04T08:01:23.835097+09:00,2026-09-04,IRM,Iron Mountain Incorporated,US,리츠,2026-09-03,114.98,1690998,1488584.9,4.1971,34229870592,20,60,50,35,40,0,AVOID,-0.48,-6,True,live,STOCK,62,NEUTRAL,NYSE
2026-09-04T08:01:23.835097+09:00,2026-09-04,CHT,"Chunghwa Telecom Co., Ltd.",US,인터넷,2026-09-03,43.76,194230,184801.5,0.4421,33946585088,69,65,55,50,64,1,HOLD,0.6,7,False,live,STOCK,86,NEUTRAL,NYSE
2026-09-04T08:01:23.835097+09:00,2026-09-04,DXCM,"DexCom, Inc.",US,제약/바이오,2026-09-03,89.71,1677878,4190138.9,2.3196,33853034496,51,65,50,42,55,1,HOLD,0.42,5,False,live,STOCK,83,NEUTRAL,NASDAQ
2026-09-04T08:01:23.835097+09:00,2026-09-04,CCI,Crown Castle Inc.,US,리츠,2026-09-03,77.26,2637453,2350127.65,1.7039,32870686720,59,60,60,58,54,0,HOLD,-0.04,0,False,live,STOCK,36,NEUTRAL,NYSE
2026-09-04T08:01:23.835097+09:00,2026-09-04,STRC,Strategy Inc,US,IT,2026-09-03,97.82,1863671,1470163.55,0.9092,,52,60,48,60,55,0,HOLD,0.27,3,False,live,STOCK,66,NEUTRAL,NASDAQ
2026-09-04T08:01:23.835097+09:00,2026-09-04,VMC,Vulcan Materials Company,US,소재,2026-09-03,260.23,1029408,881000.4,7.1921,33720274944,20,60,53,58,39,0,AVOID,-0.63,-8,True,live,STOCK,26,NEUTRAL,NYSE
2026-09-04T08:01:23.835097+09:00,2026-09-04,CNC,Centene Corp.,US,제약/바이오,2026-09-03,68.02,3581616,3718520.8,1.86,33601538048,81,65,76,76,69,3,WATCH,0.79,9,False,live,STOCK,32,NEUTRAL,NYSE
2026-09-04T08:01:23.835097+09:00,2026-09-04,ILMN,"Illumina, Inc.",US,제약/바이오,2026-09-03,221.66,1715241,1689442.05,10.0736,33470660608,73,65,63,34,64,2,WATCH,0.84,10,False,live,STOCK,84,NEUTRAL,NASDAQ
2026-09-04T08:01:23.835097+09:00,2026-09-04,ERIC,Telefonaktiebolaget LM Ericsson (publ),US,IT,2026-09-03,10.13,5558622,8661246.1,0.1649,33132019712,40,60,50,78,50,1,HOLD,-0.34,-4,False,live,STOCK,36,NEUTRAL,NASDAQ
2026-09-04T08:01:23.835097+09:00,2026-09-04,RMD,ResMed Inc.,US,제약/바이오,2026-09-03,229.19,782985,1476994.25,6.3423,33061185536,62,65,56,58,64,1,HOLD,0.7,8,False,live,STOCK,84,NEUTRAL,NYSE
2026-09-04T08:01:23.835097+09:00,2026-09-04,TECK,Teck Resources Limited,US,소재,2026-09-03,68.82,2445363,2756123.15,2.0507,33763092480,69,60,55,53,56,0,HOLD,0.42,5,False,live,STOCK,40,NEUTRAL,NYSE
2026-09-04T08:01:23.835097+09:00,2026-09-04,BIIB,Biogen Inc.,US,제약/바이오,2026-09-03,224.51,550676,732923.8,5.5136,33172250624,91,65,63,58,71,1,HOLD,1.06,13,False,live,STOCK,68,NEUTRAL,NASDAQ
2026-09-04T08:01:23.835097+09:00,2026-09-04,CQP,"Cheniere Energy Partners, L.P.",US,에너지,2026-09-03,68.41,123647,114107.35,1.7436,33114388480,62,60,53,55,62,1,HOLD,0.56,7,False,live,STOCK,85,NEUTRAL,NYSE
2026-09-04T08:01:23.835097+09:00,2026-09-04,ESLT,Elbit Systems Ltd.,US,산업재,2026-09-03,701.22,62925,84896.25,17.4871,32859414528,17,60,50,37,40,0,AVOID,-0.63,-8,True,live,STOCK,61,NEUTRAL,NASDAQ
2026-09-04T08:01:23.835097+09:00,2026-09-04,EME,"EMCOR Group, Inc.",US,산업재,2026-09-03,741.32,247692,344554.6,26.415,32699551744,32,60,55,50,41,0,AVOID,-0.49,-6,True,live,STOCK,26,NEUTRAL,NYSE
2026-09-04T08:01:23.835097+09:00,2026-09-04,P,"Everpure, Inc.",US,IT,2026-09-03,98.15,2664420,3663251.0,6.278,32625543168,48,60,45,27,46,0,HOLD,0.15,2,False,live,STOCK,66,NEUTRAL,NYSE
2026-09-04T08:01:23.835097+09:00,2026-09-04,BIDU,"Baidu, Inc.",US,인터넷,2026-09-03,95.58,1847146,3219822.3,3.1929,32419448832,37,65,60,78,51,1,HOLD,-0.3,-4,False,live,STOCK,33,NEUTRAL,NASDAQ
2026-09-04T08:01:23.835097+09:00,2026-09-04,CCL,Carnival Corporation & plc,US,소비재,2026-09-03,23.48,19882167,18293713.35,0.7893,32159361024,20,60,55,86,44,1,AVOID,-0.64,-8,True,live,STOCK,20,NEUTRAL,NYSE
2026-09-04T08:01:23.835097+09:00,2026-09-04,JBL,Jabil Inc.,US,IT,2026-09-03,305.92,1133401,953655.05,12.83,32056467456,17,60,60,58,39,0,AVOID,-0.7,-8,True,live,STOCK,23,NEUTRAL,NYSE
2026-09-04T08:01:23.835097+09:00,2026-09-04,ZTS,Zoetis Inc.,US,제약/바이오,2026-09-03,76.29,3129059,5445002.95,2.3793,31524829184,80,65,60,55,70,2,WATCH,0.74,9,False,live,STOCK,85,NEUTRAL,NYSE
2026-09-04T08:01:23.835097+09:00,2026-09-04,WTW,Willis Towers Watson Public Limited Comp,US,금융,2026-09-03,342.06,369909,477690.45,7.21,31767773184,73,60,60,58,58,1,HOLD,0.53,6,False,live,STOCK,32,NEUTRAL,NASDAQ
2026-09-04T08:01:23.835097+09:00,2026-09-04,GEHC,GE HealthCare Technologies Inc.,US,제약/바이오,2026-09-03,69.72,3274839,2572251.95,1.5841,31715055616,47,65,66,60,56,0,HOLD,0.28,3,False,live,STOCK,52,NEUTRAL,NASDAQ
2026-09-04T08:01:23.835097+09:00,2026-09-04,FTI,TechnipFMC plc,US,에너지,2026-09-03,80.08,2614893,2771114.65,2.2806,31404525568,91,60,65,50,73,2,WATCH,1.15,14,False,live,STOCK,81,NEUTRAL,NYSE
2026-09-04T08:01:23.835097+09:00,2026-09-04,HAL,Halliburton Company,US,에너지,2026-09-03,37.29,10103697,10457434.85,1.06,31151982592,77,60,50,74,62,2,WATCH,0.38,5,False,live,STOCK,47,NEUTRAL,NYSE
2026-09-04T08:01:23.835097+09:00,2026-09-04,CPRT,"Copart, Inc.",US,산업재,2026-09-03,33.58,8395856,10020132.8,1.1621,32347897856,62,60,58,45,60,1,HOLD,0.54,6,False,live,STOCK,77,NEUTRAL,NASDAQ
2026-09-04T08:01:23.835097+09:00,2026-09-04,NMR,"Nomura Holdings, Inc.",US,금융,2026-09-03,10.62,705289,607009.45,0.18,31037937664,82,60,55,68,65,1,HOLD,0.78,9,False,live,STOCK,52,NEUTRAL,NYSE
2026-09-04T08:01:23.835097+09:00,2026-09-04,STRF,MicroStrategy Incorporated 10.00% Series,US,IT,2026-09-03,104.4,61326,75731.3,1.4155,,73,60,48,60,58,1,HOLD,0.51,6,False,live,STOCK,47,NEUTRAL,NASDAQ
2026-09-04T08:01:23.835097+09:00,2026-09-04,MDLN,Medline Inc.,US,제약/바이오,2026-09-03,36.59,5826817,6983330.85,1.2598,49229402112,66,65,55,50,61,1,HOLD,0.56,7,False,live,STOCK,73,NEUTRAL,NASDAQ
2026-09-04T08:01:23.835097+09:00,2026-09-04,WAT,Waters Corporation,US,제약/바이오,2026-09-03,413.56,438277,689028.85,12.8246,40605741056,62,65,42,35,55,1,HOLD,0.45,5,False,live,STOCK,84,NEUTRAL,NYSE
2026-09-04T08:01:23.835097+09:00,2026-09-04,MDB,"MongoDB, Inc.",US,IT,2026-09-03,384.45,2664049,1923382.45,24.3834,30969886720,47,60,50,35,49,0,HOLD,0.12,1,False,live,STOCK,63,NEUTRAL,NASDAQ
2026-09-04T08:01:23.835097+09:00,2026-09-04,CRDO,Credo Technology Group Holding Ltd,US,반도체,2026-09-03,164.17,13709253,6146147.65,18.9819,30853234688,25,65,68,35,38,0,AVOID,-0.64,-8,True,live,STOCK,17,NEUTRAL,NASDAQ
2026-09-04T08:01:23.835097+09:00,2026-09-04,MLM,"Martin Marietta Materials, Inc.",US,소재,2026-09-03,508.94,643887,589014.35,12.9665,36144607232,28,60,63,58,44,0,AVOID,-0.46,-6,True,live,STOCK,26,NEUTRAL,NYSE
2026-09-04T08:01:23.835097+09:00,2026-09-04,BAP,Credicorp Ltd.,US,금융,2026-09-03,384.19,215156,301617.8,10.9243,30512109568,69,60,63,63,63,0,HOLD,0.68,8,False,live,STOCK,54,NEUTRAL,NYSE
2026-09-04T08:01:23.835097+09:00,2026-09-04,TS,Tenaris S.A.,US,에너지,2026-09-03,56.31,835555,1536772.75,1.2043,28426407936,69,60,50,55,55,0,HOLD,0.11,1,False,live,STOCK,41,NEUTRAL,NYSE
2026-09-04T08:01:23.835097+09:00,2026-09-04,KHC,The Kraft Heinz Company,US,소매,2026-09-03,25.42,24216156,14905792.8,0.6593,30143639552,69,60,66,86,72,1,HOLD,0.86,10,False,live,STOCK,69,NEUTRAL,NASDAQ
2026-09-04T08:01:23.835097+09:00,2026-09-04,RDDT,"Reddit, Inc.",US,인터넷,2026-09-03,155.99,3983861,7020213.05,8.2304,30011932672,47,65,60,58,48,0,HOLD,-0.23,-3,False,live,STOCK,23,NEUTRAL,NYSE
2026-09-04T08:01:23.835097+09:00,2026-09-04,CFG,"Citizens Financial Group, Inc.",US,금융,2026-09-03,70.83,2870621,2953276.05,1.5477,29831954432,44,60,63,68,56,0,HOLD,0.28,3,False,live,STOCK,52,NEUTRAL,NYSE
2026-09-04T08:01:23.835097+09:00,2026-09-04,EXR,Extra Space Storage Inc.,US,리츠,2026-09-03,140.98,1003194,860534.7,2.3053,31114643456,20,60,63,45,45,0,HOLD,-0.29,-3,False,live,STOCK,55,NEUTRAL,NYSE
2026-09-04T08:01:23.835097+09:00,2026-09-04,FOXA,Fox Corporation,US,인터넷,2026-09-03,67.71,3936822,5214406.1,1.6544,28467820544,51,65,63,68,63,1,HOLD,0.41,5,False,live,STOCK,75,NEUTRAL,NASDAQ
2026-09-04T08:01:23.835097+09:00,2026-09-04,RBLX,Roblox Corporation,US,IT,2026-09-03,41.51,7900371,11654373.55,1.8521,29653743616,69,60,50,45,52,0,HOLD,0.16,2,False,live,STOCK,39,NEUTRAL,NYSE
2026-09-04T08:01:23.835097+09:00,2026-09-04,IR,Ingersoll Rand Inc.,US,산업재,2026-09-03,75.4,2442282,3362939.1,1.9532,29255157760,20,60,65,66,42,0,AVOID,-0.37,-4,True,live,STOCK,19,NEUTRAL,NYSE
2026-09-04T08:01:23.835097+09:00,2026-09-04,AEE,Ameren Corporation,US,유틸리티,2026-09-03,106.41,1692731,1345646.55,1.6343,29458892800,25,60,53,42,38,0,AVOID,-0.49,-6,True,live,STOCK,33,NEUTRAL,NYSE
2026-09-04T08:01:23.835097+09:00,2026-09-04,HPQ,HP Inc.,US,IT,2026-09-03,31.93,13804030,15193261.5,1.3957,28794185728,92,60,50,63,71,2,WATCH,1.03,12,False,live,STOCK,78,NEUTRAL,NYSE
2026-09-04T08:01:23.835097+09:00,2026-09-04,JBS,Jbs N.V.,US,소매,2026-09-03,13.14,5934401,6092040.05,0.4421,43222241280,47,60,60,68,58,0,HOLD,0.3,4,False,live,STOCK,61,NEUTRAL,NYSE
2026-09-04T08:01:23.835097+09:00,2026-09-04,CTSH,Cognizant Technology Solutions Corporati,US,IT,2026-09-03,64.64,4456734,6958711.7,2.0762,30574718976,56,60,50,84,67,2,WATCH,0.68,8,False,live,STOCK,90,NEUTRAL,NASDAQ
2026-09-04T08:01:23.835097+09:00,2026-09-04,DG,Dollar General Corporation,US,소매,2026-09-03,131.26,1726009,2565715.45,4.2078,28958158848,85,60,60,68,69,1,HOLD,0.93,11,False,live,STOCK,61,NEUTRAL,NYSE
2026-09-04T08:01:23.835097+09:00,2026-09-04,LPLA,LPL Financial Holdings Inc.,US,금융,2026-09-03,360.45,675506,596250.3,10.9579,28382658560,51,60,53,66,58,0,HOLD,0.43,5,False,live,STOCK,69,NEUTRAL,NASDAQ
2026-09-04T08:01:23.835097+09:00,2026-09-04,LVS,Las Vegas Sands Corp.,US,소비재,2026-09-03,44.51,3672186,4440694.3,1.2879,28829177856,28,60,55,76,54,2,HOLD,-0.17,-2,False,live,STOCK,70,NEUTRAL,NYSE
2026-09-04T08:01:23.835097+09:00,2026-09-04,ZM,"Zoom Communications, Inc.",US,IT,2026-09-03,98.14,2397977,3328248.85,3.7943,28635654144,40,60,53,73,54,1,HOLD,-0.04,0,False,live,STOCK,55,NEUTRAL,NASDAQ
2026-09-04T08:01:23.835097+09:00,2026-09-04,ZS,"Zscaler, Inc.",US,IT,2026-09-03,177.8,8180901,2585105.05,9.0911,28751953920,51,60,50,42,55,1,HOLD,0.42,5,False,live,STOCK,83,NEUTRAL,NASDAQ
2026-09-04T08:01:23.835097+09:00,2026-09-04,ON,ON Semiconductor Corporation,US,반도체,2026-09-03,73.65,8136692,7081084.6,2.8368,28673316864,29,65,73,66,48,1,HOLD,-0.39,-5,False,live,STOCK,23,NEUTRAL,NASDAQ
2026-09-04T08:01:23.835097+09:00,2026-09-04,DTE,DTE Energy Company,US,유틸리티,2026-09-03,137.07,967089,1214869.45,2.01,28522633216,47,60,55,50,50,0,HOLD,-0.07,-1,False,live,STOCK,49,NEUTRAL,NYSE
2026-09-04T08:01:23.835097+09:00,2026-09-04,RYAAY,Ryanair Holdings plc,US,산업재,2026-09-03,54.7,1001042,1060522.1,1.2668,28377772032,25,60,55,47,38,0,AVOID,-0.55,-7,True,live,STOCK,23,NEUTRAL,NASDAQ
2026-09-04T08:01:23.835097+09:00,2026-09-04,RPRX,Royalty Pharma plc,US,제약/바이오,2026-09-03,63.88,2761452,2688922.6,1.3101,36912128000,73,65,50,50,65,2,WATCH,0.8,10,False,live,STOCK,90,NEUTRAL,NASDAQ
2026-09-04T08:01:23.835097+09:00,2026-09-04,OKTA,"Okta, Inc.",US,IT,2026-09-03,170.42,3320375,3896058.75,9.9364,29792983040,95,60,60,43,71,2,WATCH,1.12,13,False,live,STOCK,80,NEUTRAL,NASDAQ
2026-09-04T08:01:23.835097+09:00,2026-09-04,DTW,DTE Energy Company 5.25 % Debentures 201,US,유틸리티,2026-09-03,19.43,13123,28596.15,0.3752,,50,60,55,80,56,1,HOLD,0.02,0,False,live,STOCK,40,NEUTRAL,NYSE
2026-09-04T08:01:23.835097+09:00,2026-09-04,FTS,Fortis Inc.,US,유틸리티,2026-09-03,55.57,684803,762935.15,0.8165,28390713344,65,60,63,42,63,1,HOLD,0.54,6,False,live,STOCK,81,NEUTRAL,NYSE
2026-09-04T08:01:23.835097+09:00,2026-09-04,PBA,Pembina Pipeline Corporation,US,에너지,2026-09-03,48.6,668265,805593.25,0.8857,28263573504,50,60,60,58,56,0,HOLD,0.18,2,False,live,STOCK,55,NEUTRAL,NYSE
2026-09-04T08:01:23.835097+09:00,2026-09-04,VICI,VICI Properties Inc.,US,리츠,2026-09-03,25.65,9211082,8513119.1,0.4231,28242636800,28,60,63,80,54,1,HOLD,-0.12,-1,False,live,STOCK,55,NEUTRAL,NYSE
2026-09-04T08:01:23.835097+09:00,2026-09-04,ATO,Atmos Energy Corporation,US,유틸리티,2026-09-03,169.12,688539,971126.95,2.4949,28579344384,65,60,65,42,55,0,HOLD,0.25,3,False,live,STOCK,38,NEUTRAL,NYSE
2026-09-04T08:01:23.835097+09:00,2026-09-04,TDY,Teledyne Technologies Incorporated,US,IT,2026-09-03,607.87,175143,247592.15,12.7612,28162091008,20,60,45,58,41,0,AVOID,-0.43,-5,True,live,STOCK,51,NEUTRAL,NYSE
2026-09-04T08:01:23.835097+09:00,2026-09-04,FISV,"Fiserv, Inc.",US,IT,2026-09-03,52.73,4726778,6256218.9,1.4371,28040058880,51,60,67,78,63,1,HOLD,0.33,4,False,live,STOCK,61,NEUTRAL,NASDAQ
2026-09-04T08:01:23.835097+09:00,2026-09-04,CASY,"Casey's General Stores, Inc.",US,소비재,2026-09-03,758.42,374309,317155.45,26.8929,28065265664,28,60,53,45,42,0,AVOID,-0.34,-4,True,live,STOCK,44,NEUTRAL,NASDAQ
2026-09-04T08:01:23.835097+09:00,2026-09-04,AWK,"American Water Works Company, Inc.",US,유틸리티,2026-09-03,140.89,1835739,2118221.95,2.965,27998926848,88,60,63,42,69,2,WATCH,1.02,12,False,live,STOCK,77,NEUTRAL,NYSE
2026-09-04T08:01:23.835097+09:00,2026-09-04,ATI,ATI Inc.,US,산업재,2026-09-03,204.54,1608242,1850602.1,7.2636,27852290048,36,60,45,42,43,0,AVOID,-0.07,-1,True,live,STOCK,51,NEUTRAL,NYSE
2026-09-04T08:01:23.835097+09:00,2026-09-04,CPNG,"Coupang, Inc.",US,소비재,2026-09-03,15.51,24223210,15039365.5,0.5127,27841445888,31,60,55,26,34,0,AVOID,-0.5,-6,True,live,STOCK,17,NEUTRAL,NYSE
2026-09-04T08:01:23.835097+09:00,2026-09-04,QSR,Restaurant Brands International Inc.,US,소비재,2026-09-03,80.26,2877853,2417892.65,1.7568,36767989760,69,60,63,50,66,1,HOLD,0.79,9,False,live,STOCK,83,NEUTRAL,NYSE
2026-09-04T08:01:23.835097+09:00,2026-09-04,CRCL,Circle Internet Group,US,금융,2026-09-03,103.23,24577832,14951941.6,7.4246,28139890688,75,60,50,45,63,2,WATCH,0.77,9,False,live,STOCK,84,NEUTRAL,NYSE
2026-09-04T08:01:23.835097+09:00,2026-09-04,INSM,Insmed Incorporated,US,제약/바이오,2026-09-03,126.68,1884303,2061790.15,4.0457,27664568320,59,65,50,19,46,0,HOLD,0.18,2,False,live,STOCK,45,NEUTRAL,NASDAQ
2026-09-04T08:01:23.835097+09:00,2026-09-04,CPAY,"Corpay, Inc.",US,IT,2026-09-03,419.68,453639,450276.95,9.0343,27556020224,66,60,50,74,65,2,WATCH,0.68,8,False,live,STOCK,75,NEUTRAL,NYSE
2026-09-04T08:01:23.835097+09:00,2026-09-04,MTD,Mettler-Toledo International Inc.,US,제약/바이오,2026-09-03,1356.23,168344,171372.2,36.175,27174182912,47,65,50,42,50,0,HOLD,0.21,3,False,live,STOCK,61,NEUTRAL,NYSE
2026-09-04T08:01:23.835097+09:00,2026-09-04,FE,FirstEnergy Corp.,US,유틸리티,2026-09-03,47.04,4890311,3685425.55,0.775,27209402368,65,60,60,50,57,0,HOLD,0.33,4,False,live,STOCK,47,NEUTRAL,NYSE
2026-09-04T08:01:23.835097+09:00,2026-09-04,OTIS,Otis Worldwide Corporation,US,산업재,2026-09-03,71.48,2558029,3250301.45,1.2819,27210246144,28,60,60,58,46,0,HOLD,-0.22,-3,False,live,STOCK,39,NEUTRAL,NYSE
2026-09-04T08:01:23.835097+09:00,2026-09-04,LH,Labcorp Holdings Inc.,US,제약/바이오,2026-09-03,331.5,520640,581772.0,7.4938,26884651008,73,65,48,58,63,2,WATCH,0.72,9,False,live,STOCK,77,NEUTRAL,NYSE
2026-09-04T08:01:23.835097+09:00,2026-09-04,SUNB,Sunbelt Rentals Holdings Inc,US,산업재,2026-09-03,65.99,4614263,5118913.15,2.7807,27052437504,25,60,45,66,40,0,AVOID,-0.69,-8,True,live,STOCK,30,NEUTRAL,NYSE
2026-09-04T08:01:23.835097+09:00,2026-09-04,TCOM,Trip.com Group Limited,US,소비재,2026-09-03,41.4,6876041,2245837.05,1.0507,26069796864,43,60,55,70,54,1,HOLD,-0.12,-1,False,live,STOCK,54,NEUTRAL,NASDAQ
2026-09-04T08:01:23.835097+09:00,2026-09-04,ES,Eversource Energy,US,유틸리티,2026-09-03,71.47,1563099,1844094.95,1.1932,26920945664,43,60,63,58,58,1,HOLD,0.23,3,False,live,STOCK,71,NEUTRAL,NYSE
2026-09-04T08:01:23.835097+09:00,2026-09-04,CINF,Cincinnati Financial Corporation,US,금융,2026-09-03,174.72,417486,435099.3,2.6829,26815684608,69,60,63,78,61,1,HOLD,0.44,5,False,live,STOCK,29,NEUTRAL,NASDAQ
2026-09-04T08:01:23.835097+09:00,2026-09-04,SYM,Symbotic Inc.,US,산업재,2026-09-03,41.6,1343596,1581664.8,1.732,25183174656,43,60,50,38,48,0,HOLD,-0.11,-1,False,live,STOCK,65,NEUTRAL,NASDAQ
2026-09-04T08:01:23.835097+09:00,2026-09-04,VRSN,"VeriSign, Inc.",US,IT,2026-09-03,293.35,560417,687890.85,7.6676,26518841344,87,60,50,50,62,1,HOLD,0.54,6,False,live,STOCK,54,NEUTRAL,NASDAQ
2026-09-04T08:01:23.835097+09:00,2026-09-04,FOX,Fox Corporation,US,인터넷,2026-09-03,60.47,988718,999010.9,1.4801,25423853568,51,65,63,68,61,0,HOLD,0.35,4,False,live,STOCK,66,NEUTRAL,NASDAQ
2026-09-04T08:01:23.835097+09:00,2026-09-04,DGX,Quest Diagnostics Incorporated,US,제약/바이오,2026-09-03,239.4,1043286,844299.3,4.9041,26423382016,58,65,50,58,52,0,HOLD,0.27,3,False,live,STOCK,40,NEUTRAL,NYSE
2026-09-04T08:01:23.835097+09:00,2026-09-04,PPL,PPL Corporation,US,유틸리티,2026-09-03,35.11,5843308,8093945.4,0.6057,26421850112,40,60,63,50,49,0,HOLD,-0.08,-1,False,live,STOCK,41,NEUTRAL,NYSE
2026-09-04T08:01:23.835097+09:00,2026-09-04,CNP,"CenterPoint Energy, Inc.",US,유틸리티,2026-09-03,39.98,5524597,5637684.85,0.7555,26335635456,65,60,65,42,56,0,HOLD,0.2,2,False,live,STOCK,41,NEUTRAL,NYSE
2026-09-04T08:01:23.835097+09:00,2026-09-04,WSM,"Williams-Sonoma, Inc.",US,소비재,2026-09-03,222.76,1182411,1107850.55,8.5657,26233999360,39,60,63,42,46,0,HOLD,-0.04,0,False,live,STOCK,34,NEUTRAL,NYSE
2026-09-04T08:01:23.835097+09:00,2026-09-04,SYF,Synchrony Financial,US,금융,2026-09-03,79.85,2060124,3149791.2,2.1828,25980862464,62,60,50,78,60,1,HOLD,0.48,6,False,live,STOCK,55,NEUTRAL,NYSE
2026-09-04T08:01:23.835097+09:00,2026-09-04,RF,Regions Financial Corporation,US,금융,2026-09-03,30.44,6341372,7024428.6,0.5859,25932736512,29,60,63,60,51,0,HOLD,0.04,0,False,live,STOCK,58,NEUTRAL,NYSE
2026-09-04T08:01:23.835097+09:00,2026-09-04,INCY,Incyte Corporation,US,제약/바이오,2026-09-03,128.0,909843,1231247.15,3.3771,25945311232,73,65,53,55,66,2,WATCH,0.81,10,False,live,STOCK,84,NEUTRAL,NASDAQ
2026-09-04T08:01:23.835097+09:00,2026-09-04,WRB,W. R. Berkley Corporation,US,금융,2026-09-03,69.5,2175675,1527878.75,1.1814,25800312832,43,60,60,63,54,0,HOLD,0.11,1,False,live,STOCK,54,NEUTRAL,NYSE
2026-09-04T08:01:23.835097+09:00,2026-09-04,BNTX,BioNTech SE,US,제약/바이오,2026-09-03,102.88,1180566,1738553.3,5.8922,25843904512,62,65,58,58,64,1,HOLD,0.7,8,False,live,STOCK,81,NEUTRAL,NASDAQ
2026-09-04T08:01:23.835097+09:00,2026-09-04,DOV,Dover Corporation,US,산업재,2026-09-03,191.07,1570394,1038079.7,3.951,25733351424,20,60,60,58,41,0,AVOID,-0.6,-7,True,live,STOCK,26,NEUTRAL,NYSE
2026-09-04T08:01:23.835097+09:00,2026-09-04,PHG,Koninklijke Philips N.V.,US,제약/바이오,2026-09-03,26.05,951894,729904.7,0.4443,25461985280,35,65,58,74,48,1,HOLD,-0.21,-3,False,live,STOCK,26,NEUTRAL,NYSE
2026-09-04T08:01:23.835097+09:00,2026-09-04,PFG,"Principal Financial Group, Inc.",US,금융,2026-09-03,118.51,3707521,1103491.05,2.645,25373540352,88,60,55,68,67,1,HOLD,0.84,10,False,live,STOCK,54,NEUTRAL,NASDAQ
2026-09-04T08:01:23.835097+09:00,2026-09-04,ASTS,"AST SpaceMobile, Inc.",US,인터넷,2026-09-03,62.13,7712346,10325622.3,3.9654,24178976768,15,65,75,42,43,1,AVOID,-0.54,-6,True,live,STOCK,38,NEUTRAL,NASDAQ
2026-09-04T08:01:23.835097+09:00,2026-09-04,TPL,Texas Pacific Land Corporation,US,에너지,2026-09-03,366.5,271931,378376.55,13.6838,25279219712,72,60,75,29,58,2,HOLD,0.36,4,False,live,STOCK,41,NEUTRAL,NYSE
2026-09-04T08:01:23.835097+09:00,2026-09-04,XYL,Xylem Inc.,US,산업재,2026-09-03,107.89,1637809,1654480.45,2.6232,25190891520,20,60,63,58,46,0,HOLD,-0.29,-3,False,live,STOCK,48,NEUTRAL,NYSE
2026-09-04T08:01:23.835097+09:00,2026-09-04,DLTR,"Dollar Tree, Inc.",US,소매,2026-09-03,131.04,1672498,2317789.9,5.3077,24587073536,66,60,53,60,60,0,HOLD,0.58,7,False,live,STOCK,63,NEUTRAL,NASDAQ
2026-09-04T08:01:23.835097+09:00,2026-09-04,FCNCA,"First Citizens BancShares, Inc.",US,금융,2026-09-03,2203.4299,66288,53469.4,48.4132,24883599360,59,60,65,70,61,1,HOLD,0.42,5,False,live,STOCK,48,NEUTRAL,NASDAQ
2026-09-04T08:01:23.835097+09:00,2026-09-04,STRD,Strategy Inc,US,IT,2026-09-03,75.85,142668,101293.4,1.5478,,66,60,58,60,66,1,HOLD,0.79,9,False,live,STOCK,85,NEUTRAL,NASDAQ
2026-09-04T08:01:23.835097+09:00,2026-09-04,JBHT,"J.B. Hunt Transport Services, Inc.",US,산업재,2026-09-03,266.28,1164856,789462.8,8.5861,25003692032,25,60,60,58,46,0,HOLD,-0.32,-4,False,live,STOCK,47,NEUTRAL,NASDAQ
2026-09-04T08:01:23.835097+09:00,2026-09-04,DRI,"Darden Restaurants, Inc.",US,소비재,2026-09-03,218.04,853876,967918.8,5.8886,24756643840,47,60,50,42,51,0,HOLD,0.21,3,False,live,STOCK,69,NEUTRAL,NYSE
2026-09-04T08:01:23.835097+09:00,2026-09-04,AFRM,"Affirm Holdings, Inc.",US,금융,2026-09-03,74.3,4096242,5341012.1,4.3577,25070399488,32,60,60,68,47,0,HOLD,-0.04,0,False,live,STOCK,28,NEUTRAL,NASDAQ
2026-09-04T08:01:23.835097+09:00,2026-09-04,ROIV,Roivant Sciences Ltd.,US,제약/바이오,2026-09-03,34.41,6859185,7665804.25,1.2304,24855134208,51,65,48,50,53,0,HOLD,0.31,4,False,live,STOCK,66,NEUTRAL,NASDAQ
2026-09-04T08:01:23.835097+09:00,2026-09-04,VRSK,"Verisk Analytics, Inc.",US,IT,2026-09-03,190.6,922154,1214797.7,5.7757,24972763136,76,60,48,58,56,1,HOLD,0.33,4,False,live,STOCK,35,NEUTRAL,NASDAQ
2026-09-04T08:01:23.835097+09:00,2026-09-04,Q,"Qnity Electronics, Inc.",US,반도체,2026-09-03,118.47,1537065,1693238.25,5.7225,24800415744,10,65,65,50,45,0,HOLD,-0.52,-6,False,live,STOCK,62,NEUTRAL,NYSE
2026-09-04T08:01:23.835097+09:00,2026-09-04,SN,"SharkNinja, Inc.",US,소비재,2026-09-03,175.21,1192874,1551943.7,5.626,24682104832,51,60,55,50,57,1,HOLD,0.46,6,False,live,STOCK,77,NEUTRAL,NYSE
2026-09-04T08:01:23.835097+09:00,2026-09-04,TPR,"Tapestry, Inc.",US,소비재,2026-09-03,122.6,2828440,3847207.0,3.4507,24445419520,25,60,55,60,49,0,HOLD,-0.32,-4,False,live,STOCK,65,NEUTRAL,NYSE
2026-09-04T08:01:23.835097+09:00,2026-09-04,PPG,"PPG Industries, Inc.",US,소재,2026-09-03,110.75,1232330,1254271.5,2.4982,24619724800,28,60,65,60,52,0,HOLD,-0.09,-1,False,live,STOCK,58,NEUTRAL,NYSE
2026-09-04T08:01:23.835097+09:00,2026-09-04,NVT,nVent Electric plc,US,산업재,2026-09-03,152.09,2081003,2391285.15,7.3409,24616972288,40,60,60,58,54,0,HOLD,-0.02,0,False,live,STOCK,61,NEUTRAL,NYSE
2026-09-04T08:01:23.835097+09:00,2026-09-04,SMCI,"Super Micro Computer, Inc.",US,IT,2026-09-03,37.87,34386232,53783086.6,2.1671,24497080320,58,60,60,78,66,2,WATCH,0.38,5,False,live,STOCK,77,NEUTRAL,NASDAQ
2026-09-04T08:01:23.835097+09:00,2026-09-04,EXPD,"Expeditors International of Washington, ",US,산업재,2026-09-03,187.13,789905,777085.25,3.3821,24325146624,62,60,55,42,56,0,HOLD,0.49,6,False,live,STOCK,64,NEUTRAL,NYSE
2026-09-04T08:01:23.835097+09:00,2026-09-04,GFS,GLOBALFOUNDRIES Inc.,US,반도체,2026-09-03,44.53,4320938,3960836.9,1.8615,24435886080,29,65,45,66,40,0,AVOID,-0.67,-8,True,live,STOCK,24,NEUTRAL,NASDAQ
2026-09-04T08:01:23.835097+09:00,2026-09-04,AMRZ,Amrize Ltd,US,소재,2026-09-03,44.01,6593932,4372406.6,1.2188,24070195200,15,60,75,58,46,1,HOLD,-0.5,-6,False,live,STOCK,35,NEUTRAL,NYSE
2026-09-04T08:01:23.835097+09:00,2026-09-04,HUBB,Hubbell Incorporated,US,산업재,2026-09-03,460.15,598498,437166.95,12.0359,24315142144,17,60,63,58,40,0,AVOID,-0.53,-6,True,live,STOCK,23,NEUTRAL,NYSE
2026-09-04T08:01:23.835097+09:00,2026-09-04,FWONK,Liberty Media Corporation,US,인터넷,2026-09-03,96.94,1647939,1845101.95,2.195,24303681536,47,65,58,38,52,0,HOLD,0.23,3,False,live,STOCK,63,NEUTRAL,NASDAQ
2026-09-04T08:01:23.835097+09:00,2026-09-04,BRO,"Brown & Brown, Inc.",US,금융,2026-09-03,72.56,1351522,1660786.1,1.8421,24279326720,73,60,65,66,67,1,HOLD,0.81,10,False,live,STOCK,60,NEUTRAL,NYSE
2026-09-04T08:01:23.835097+09:00,2026-09-04,CIB,Grupo Cibest S.A.,US,금융,2026-09-03,101.87,475802,323270.1,3.0,24058179584,73,60,58,88,71,3,BUY,0.89,11,False,live,STOCK,72,NEUTRAL,NYSE
2026-09-04T08:01:23.835097+09:00,2026-09-04,FICO,Fair Isaac Corporation,US,IT,2026-09-03,1118.9301,203207,257165.35,41.6711,24166244352,72,60,60,66,67,2,WATCH,0.59,7,False,live,STOCK,70,NEUTRAL,NYSE
2026-09-04T08:01:23.835097+09:00,2026-09-04,WST,"West Pharmaceutical Services, Inc.",US,제약/바이오,2026-09-03,342.73,241438,452436.9,7.2961,24119885824,32,65,73,42,50,1,HOLD,0.09,1,False,live,STOCK,51,NEUTRAL,NYSE
2026-09-04T08:01:23.835097+09:00,2026-09-04,PHM,"PulteGroup, Inc.",US,소비재,2026-09-03,124.31,1066131,1222686.55,3.3076,23679358976,32,60,55,60,48,0,HOLD,-0.09,-1,False,live,STOCK,51,NEUTRAL,NYSE
2026-09-04T08:01:23.835097+09:00,2026-09-04,ULTA,"Ulta Beauty, Inc.",US,소비재,2026-09-03,557.11,665149,727862.45,21.0171,23820613632,84,60,63,42,66,1,HOLD,0.92,11,False,live,STOCK,69,NEUTRAL,NASDAQ
2026-09-04T08:01:23.835097+09:00,2026-09-04,KEY,KeyCorp,US,금융,2026-09-03,22.12,10341437,9076621.85,0.4274,23604885504,40,60,63,60,48,0,HOLD,-0.1,-1,False,live,STOCK,26,NEUTRAL,NYSE
2026-09-04T08:01:23.835097+09:00,2026-09-04,VLTO,Veralto Corporation,US,산업재,2026-09-03,97.88,2032148,1452187.4,1.8834,23862491136,47,60,60,50,56,0,HOLD,0.37,4,False,live,STOCK,67,NEUTRAL,NYSE
2026-09-04T08:01:23.835097+09:00,2026-09-04,TROW,"T. Rowe Price Group, Inc.",US,금융,2026-09-03,110.88,906314,1295435.7,2.0536,23652460544,32,60,70,78,52,2,HOLD,-0.01,0,False,live,STOCK,29,NEUTRAL,NASDAQ
2026-09-04T08:01:23.835097+09:00,2026-09-04,IHG,InterContinental Hotels Group PLC,US,소비재,2026-09-03,160.77,273422,224911.1,3.0459,23638999040,43,60,60,58,48,0,HOLD,-0.12,-1,False,live,STOCK,29,NEUTRAL,NYSE
2026-09-04T08:01:23.835097+09:00,2026-09-04,SOFI,"SoFi Technologies, Inc.",US,금융,2026-09-03,18.51,43257470,43575313.5,0.925,23906967552,55,60,40,66,46,0,HOLD,0.03,0,False,live,STOCK,23,NEUTRAL,NASDAQ
2026-09-04T08:01:23.835097+09:00,2026-09-04,SW,Smurfit Westrock plc,US,소비재,2026-09-03,45.26,3002116,4462415.8,1.4471,23739906048,47,60,63,66,50,0,HOLD,0.08,1,False,live,STOCK,19,NEUTRAL,NYSE
2026-09-04T08:01:23.835097+09:00,2026-09-04,KOF,"Coca-Cola FEMSA, S.A.B. de C.V.",US,소매,2026-09-03,112.51,110337,125501.85,2.3721,23636465664,69,60,58,63,62,0,HOLD,0.54,6,False,live,STOCK,58,NEUTRAL,NYSE
2026-09-04T08:01:23.835097+09:00,2026-09-04,NRG,"NRG Energy, Inc.",US,유틸리티,2026-09-03,111.84,2325144,2448952.2,4.4221,23509940224,47,60,63,66,51,0,HOLD,-0.19,-2,False,live,STOCK,26,NEUTRAL,NYSE
2026-09-04T08:01:23.835097+09:00,2026-09-04,ROKU,"Roku, Inc.",US,인터넷,2026-09-03,158.31,2026722,2104876.1,1.8832,23496208384,66,65,60,43,61,1,HOLD,0.66,8,False,live,STOCK,72,NEUTRAL,NASDAQ
2026-09-04T08:01:23.835097+09:00,2026-09-04,CHD,"Church & Dwight Co., Inc.",US,소매,2026-09-03,98.59,1899202,1670005.1,2.1478,23385931776,43,60,50,58,48,0,HOLD,-0.11,-1,False,live,STOCK,40,NEUTRAL,NYSE
2026-09-04T08:01:23.835097+09:00,2026-09-04,TSEM,Tower Semiconductor Ltd.,US,반도체,2026-09-03,206.16,1101637,1408871.85,12.23,23302520832,17,65,40,38,35,0,AVOID,-0.76,-9,True,live,STOCK,52,NEUTRAL,NASDAQ
2026-09-04T08:01:23.835097+09:00,2026-09-04,OMC,Omnicom Group Inc.,US,인터넷,2026-09-03,84.73,3190025,2146186.25,2.285,24148576256,47,65,55,46,49,0,HOLD,0.14,2,False,live,STOCK,45,NEUTRAL,NYSE
2026-09-04T08:01:23.835097+09:00,2026-09-04,CRS,Carpenter Technology Corporation,US,소재,2026-09-03,467.48,490552,760757.6,17.1778,23167639552,17,60,63,42,39,0,AVOID,-0.5,-6,True,live,STOCK,35,NEUTRAL,NYSE
2026-09-04T08:01:23.835097+09:00,2026-09-04,AER,AerCap Holdings N.V.,US,산업재,2026-09-03,146.48,1097714,1017905.7,2.7632,23024320512,29,60,63,70,45,1,HOLD,-0.21,-3,False,live,STOCK,19,NEUTRAL,NYSE
2026-09-04T08:01:23.835097+09:00,2026-09-04,BG,Bunge Global S.A.,US,소매,2026-09-03,120.12,1621148,1353092.4,4.4904,23077349376,84,60,68,50,67,1,HOLD,0.64,8,False,live,STOCK,55,NEUTRAL,NYSE
2026-09-04T08:01:23.835097+09:00,2026-09-04,USFD,US Foods Holding Corp.,US,소매,2026-09-03,104.41,1257440,1832257.0,2.4782,22587090944,51,60,63,66,62,1,HOLD,0.55,7,False,live,STOCK,71,NEUTRAL,NYSE
2026-09-04T08:01:23.835097+09:00,2026-09-04,EXE,Expand Energy Corporation,US,에너지,2026-09-03,99.05,1700076,2468263.8,2.1726,23695618048,84,60,68,78,71,2,WATCH,0.86,10,False,live,STOCK,48,NEUTRAL,NASDAQ
2026-09-04T08:01:23.835097+09:00,2026-09-04,STRK,Strategy Inc,US,IT,2026-09-03,77.1,93610,89465.5,2.2099,,75,60,48,60,64,2,WATCH,0.74,9,False,live,STOCK,75,NEUTRAL,NASDAQ
2026-09-04T08:01:23.835097+09:00,2026-09-04,MKL,Markel Corporation,US,금융,2026-09-03,1842.98,55233,59956.65,28.7054,22834444288,65,60,60,62,55,0,HOLD,0.21,3,False,live,STOCK,26,NEUTRAL,NYSE
2026-09-04T08:01:23.835097+09:00,2026-09-04,SQM,Sociedad Química y Minera de Chile S.A.,US,소재,2026-09-03,79.78,1012261,894998.05,2.9114,22788186112,84,60,50,84,71,2,WATCH,0.8,10,False,live,STOCK,69,NEUTRAL,NYSE
2026-09-04T08:01:23.835097+09:00,2026-09-04,GPN,Global Payments Inc.,US,금융,2026-09-03,91.77,1685806,2710910.3,2.4746,24284028928,66,60,60,66,64,0,HOLD,0.7,8,False,live,STOCK,67,NEUTRAL,NYSE
2026-09-04T08:01:23.835097+09:00,2026-09-04,L,Loews Corporation,US,금융,2026-09-03,110.04,998292,673079.6,1.6527,22495225856,25,60,60,68,49,0,HOLD,-0.16,-2,False,live,STOCK,48,NEUTRAL,NYSE
2026-09-04T08:01:23.835097+09:00,2026-09-04,FWONA,Formula One Group,US,인터넷,2026-09-03,89.7,158527,119256.35,2.0186,22488549376,47,65,61,38,50,0,HOLD,0.19,2,False,live,STOCK,52,NEUTRAL,NASDAQ
2026-09-04T08:01:23.835097+09:00,2026-09-04,RGLD,"Royal Gold, Inc.",US,소재,2026-09-03,264.85,494148,715002.4,8.365,22440173568,56,60,60,50,56,0,HOLD,0.42,5,False,live,STOCK,55,NEUTRAL,NASDAQ
2026-09-04T08:01:23.835097+09:00,2026-09-04,FCNCN,First Citizens BancShares Inc. Depositar,US,금융,2026-09-03,24.94,18512,14875.6,0.2619,,69,60,63,50,58,0,HOLD,0.35,4,False,live,STOCK,40,NEUTRAL,NASDAQ
2026-09-04T08:01:23.835097+09:00,2026-09-04,TCPA,TransCanada PipeLines Limited 6,US,에너지,2026-09-03,22.19,10554,32787.7,0.4076,,47,60,55,50,49,0,HOLD,-0.12,-1,False,live,STOCK,40,NEUTRAL,NYSE
2026-09-04T08:01:23.835097+09:00,2026-09-04,TW,Tradeweb Markets Inc.,US,금융,2026-09-03,105.34,1216014,1095100.7,2.4156,22966859776,43,60,60,50,54,0,HOLD,0.16,2,False,live,STOCK,66,NEUTRAL,NASDAQ
2026-09-04T08:01:23.835097+09:00,2026-09-04,IOT,Samsara Inc.,US,IT,2026-09-03,38.75,15877331,5586591.55,1.9663,22580015104,47,60,50,35,51,1,HOLD,0.23,3,False,live,STOCK,75,NEUTRAL,NYSE
2026-09-04T08:01:23.835097+09:00,2026-09-04,CDE,"Coeur Mining, Inc.",US,소재,2026-09-03,21.65,26028276,38562328.8,1.1657,22254792704,66,60,50,53,63,1,HOLD,0.69,8,False,live,STOCK,87,NEUTRAL,NYSE
2026-09-04T08:01:23.835097+09:00,2026-09-04,FSLR,"First Solar, Inc.",US,에너지,2026-09-03,207.42,1873273,2066198.65,6.9811,22291384320,15,60,50,84,47,1,HOLD,-0.54,-6,False,live,STOCK,55,NEUTRAL,NASDAQ
2026-09-04T08:01:23.835097+09:00,2026-09-04,EFX,Equifax Inc.,US,산업재,2026-09-03,189.09,741229,1013766.45,5.9292,22215219200,62,60,50,58,58,0,HOLD,0.44,5,False,live,STOCK,66,NEUTRAL,NYSE
2026-09-04T08:01:23.835097+09:00,2026-09-04,BCE,BCE Inc.,US,인터넷,2026-09-03,23.81,2766944,2692887.2,0.3436,22203439104,58,65,63,86,66,1,HOLD,0.43,5,False,live,STOCK,60,NEUTRAL,NYSE
2026-09-04T08:01:23.835097+09:00,2026-09-04,PAAS,Pan American Silver Corp.,US,소재,2026-09-03,52.6,4465274,5512923.7,2.2158,21808906240,62,60,55,71,65,2,WATCH,0.65,8,False,live,STOCK,80,NEUTRAL,NYSE
2026-09-04T08:01:23.835097+09:00,2026-09-04,FFIV,"F5, Inc.",US,IT,2026-09-03,392.15,324237,485851.85,12.3857,22206349312,50,60,50,58,56,1,HOLD,0.19,2,False,live,STOCK,74,NEUTRAL,NASDAQ
2026-09-04T08:01:23.835097+09:00,2026-09-04,STE,STERIS plc,US,제약/바이오,2026-09-03,226.83,517849,607402.45,4.9804,22115950592,47,65,63,58,57,0,HOLD,0.31,4,False,live,STOCK,63,NEUTRAL,NYSE
2026-09-04T08:01:23.835097+09:00,2026-09-04,IFF,International Flavors & Fragrances Inc.,US,소재,2026-09-03,86.46,1506950,1378302.5,2.0379,22073538560,69,60,63,42,61,0,HOLD,0.67,8,False,live,STOCK,63,NEUTRAL,NYSE
2026-09-04T08:01:23.835097+09:00,2026-09-04,STZ,"Constellation Brands, Inc.",US,소매,2026-09-03,129.09,2094962,1762183.1,3.13,22049132544,35,60,60,68,56,1,HOLD,-0.0,0,False,live,STOCK,70,NEUTRAL,NYSE
2026-09-04T08:01:23.835097+09:00,2026-09-04,DOW,Dow Inc.,US,소재,2026-09-03,30.36,8175131,8029321.55,0.9981,21930264576,43,60,63,55,49,0,HOLD,-0.22,-3,False,live,STOCK,29,NEUTRAL,NYSE
2026-09-04T08:01:23.835097+09:00,2026-09-04,FIS,"Fidelity National Information Services, ",US,IT,2026-09-03,42.28,6782447,5186797.35,1.1836,21853648896,65,60,65,86,63,1,HOLD,0.43,5,False,live,STOCK,32,NEUTRAL,NYSE
2026-09-04T08:01:23.835097+09:00,2026-09-04,BCH,Banco de Chile,US,금융,2026-09-03,42.92,323383,300814.15,0.9389,21678264320,88,60,55,70,73,3,BUY,1.06,13,False,live,STOCK,80,NEUTRAL,NYSE
2026-09-04T08:01:23.835097+09:00,2026-09-04,EIX,Edison International,US,유틸리티,2026-09-03,56.3,8450056,6240617.8,4.2957,21665026048,18,60,60,65,47,0,HOLD,-0.48,-6,False,live,STOCK,52,NEUTRAL,NYSE
2026-09-04T08:01:23.835097+09:00,2026-09-04,XPO,"XPO Logistics, Inc.",US,산업재,2026-09-03,184.8,1059501,849390.05,6.725,21637578752,10,60,58,42,33,0,AVOID,-0.89,-11,True,live,STOCK,23,NEUTRAL,NYSE
2026-09-04T08:01:23.835097+09:00,2026-09-04,GH,"Guardant Health, Inc.",US,제약/바이오,2026-09-03,161.04,1190781,2025439.05,7.965,21610950656,51,65,63,58,61,1,HOLD,0.55,7,False,live,STOCK,75,NEUTRAL,NASDAQ
2026-09-04T08:01:23.835097+09:00,2026-09-04,CMS,CMS Energy Corporation,US,유틸리티,2026-09-03,68.59,3206878,3414863.9,1.035,21188794368,39,60,65,42,48,0,HOLD,-0.14,-2,False,live,STOCK,41,NEUTRAL,NYSE
2026-09-04T08:01:23.835097+09:00,2026-09-04,AMCR,Amcor plc,US,소비재,2026-09-03,45.89,3615738,3700621.9,1.0736,21217044480,51,60,71,66,58,1,HOLD,0.42,5,False,live,STOCK,40,NEUTRAL,NYSE
2026-09-04T08:01:23.835097+09:00,2026-09-04,THC,Tenet Healthcare Corporation,US,제약/바이오,2026-09-03,263.49,870331,749556.55,8.4471,21215950848,51,65,50,78,58,1,HOLD,0.39,5,False,live,STOCK,61,NEUTRAL,NYSE
2026-09-04T08:01:23.835097+09:00,2026-09-04,CMSA,CMS Energy Corporation 5.6% JRSUB NT 78,US,유틸리티,2026-09-03,19.66,14660,16598.0,0.1842,,28,60,60,70,48,1,HOLD,-0.27,-3,False,live,STOCK,40,NEUTRAL,NYSE
2026-09-04T08:01:23.835097+09:00,2026-09-04,CF,"CF Industries Holdings, Inc.",US,소재,2026-09-03,137.81,2262799,2604699.95,5.4786,20855906304,77,60,66,86,76,3,BUY,1.06,13,False,live,STOCK,77,NEUTRAL,NYSE
2026-09-04T08:01:23.835097+09:00,2026-09-04,GMAB,Genmab A/S,US,제약/바이오,2026-09-03,34.41,890945,2759577.25,0.8536,21455755264,73,65,60,53,68,2,WATCH,0.9,11,False,live,STOCK,87,NEUTRAL,NASDAQ
2026-09-04T08:01:23.835097+09:00,2026-09-04,CW,Curtiss-Wright Corporation,US,산업재,2026-09-03,568.72,320039,413261.95,20.1436,21005355008,10,60,53,50,34,0,AVOID,-0.92,-11,True,live,STOCK,23,NEUTRAL,NYSE
2026-09-04T08:01:23.835097+09:00,2026-09-04,RL,Ralph Lauren Corporation,US,소비재,2026-09-03,344.2,762575,605428.75,9.5086,20508207104,20,60,55,58,39,0,AVOID,-0.59,-7,True,live,STOCK,26,NEUTRAL,NYSE
2026-09-04T08:01:23.835097+09:00,2026-09-04,SNX,TD Synnex Corp,US,IT,2026-09-03,262.53,564378,542958.9,7.3119,20991571968,77,60,63,66,61,1,HOLD,0.4,5,False,live,STOCK,30,NEUTRAL,NYSE
2026-09-04T08:01:23.835097+09:00,2026-09-04,LEN,Lennar Corporation,US,소비재,2026-09-03,84.45,2136464,2308193.2,2.3907,20343592960,43,60,60,73,51,1,HOLD,-0.16,-2,False,live,STOCK,26,NEUTRAL,NYSE
2026-09-04T08:01:23.835097+09:00,2026-09-04,GIS,"General Mills, Inc.",US,소매,2026-09-03,39.26,12923884,8312514.2,1.2014,20989552640,51,60,63,63,64,1,HOLD,0.63,8,False,live,STOCK,84,NEUTRAL,NYSE
2026-09-04T08:01:23.835097+09:00,2026-09-04,LYB,LyondellBasell Industries N.V.,US,소재,2026-09-03,64.76,2073070,3638203.5,2.1281,20919939072,65,60,55,78,60,1,HOLD,0.31,4,False,live,STOCK,40,NEUTRAL,NYSE
2026-09-04T08:01:23.835097+09:00,2026-09-04,PKG,Packaging Corporation of America,US,소비재,2026-09-03,234.57,533594,498859.7,5.9378,20899788800,39,60,53,58,44,0,AVOID,-0.19,-2,True,live,STOCK,25,NEUTRAL,NYSE
2026-09-04T08:01:23.835097+09:00,2026-09-04,UTHR,United Therapeutics Corporation,US,제약/바이오,2026-09-03,490.24,469574,525408.7,13.7857,21026732032,31,65,50,60,44,0,AVOID,-0.44,-5,True,live,STOCK,41,NEUTRAL,NASDAQ
2026-09-04T08:01:23.835097+09:00,2026-09-04,BR,"Broadridge Financial Solutions, Inc.",US,IT,2026-09-03,178.91,754102,1241110.1,4.5286,20692426752,62,60,60,58,65,1,HOLD,0.73,9,False,live,STOCK,83,NEUTRAL,NYSE
2026-09-04T08:01:23.835097+09:00,2026-09-04,YPF,YPF Sociedad Anónima,US,에너지,2026-09-03,52.41,1083995,1066734.75,1.87,20548655104,87,60,67,74,74,2,WATCH,0.85,10,False,live,STOCK,64,NEUTRAL,NYSE
2026-09-04T08:01:23.835097+09:00,2026-09-04,RCI,Rogers Communications Inc.,US,인터넷,2026-09-03,38.0,1121483,966269.15,0.76,20528560128,77,65,55,86,72,3,BUY,0.75,9,False,live,STOCK,74,NEUTRAL,NYSE
2026-09-04T08:01:23.835097+09:00,2026-09-04,KSPI,Joint Stock Company Kaspi.kz,US,IT,2026-09-03,107.81,385228,639291.4,3.25,20486838272,73,60,45,80,69,3,WATCH,0.83,10,False,live,STOCK,86,NEUTRAL,NASDAQ
2026-09-04T08:01:23.835097+09:00,2026-09-04,FTAI,FTAI Aviation Ltd.,US,산업재,2026-09-03,199.39,1777824,1234006.2,10.6974,20478767104,28,60,65,34,41,0,AVOID,-0.52,-6,True,live,STOCK,33,NEUTRAL,NASDAQ
2026-09-04T08:01:23.835097+09:00,2026-09-04,WWD,"Woodward, Inc.",US,산업재,2026-09-03,342.56,476519,532850.95,9.2255,20226736128,47,60,60,42,45,0,HOLD,-0.2,-2,False,live,STOCK,24,NEUTRAL,NASDAQ
2026-09-04T08:01:23.835097+09:00,2026-09-04,TPG,TPG Inc.,US,금융,2026-09-03,53.225,1886896,2974964.8,1.6479,20787947520,59,60,63,43,62,1,HOLD,0.69,8,False,live,STOCK,86,NEUTRAL,NASDAQ
2026-09-04T08:01:23.835097+09:00,2026-09-04,CHTR,"Charter Communications, Inc.",US,인터넷,2026-09-03,151.38,3664697,2667684.85,8.2014,20402616320,47,65,63,86,57,1,HOLD,0.29,3,False,live,STOCK,32,NEUTRAL,NASDAQ
2026-09-04T08:01:23.835097+09:00,2026-09-04,SOJD,Southern Company (The) Series 2,US,유틸리티,2026-09-03,18.2,80545,82817.25,0.2208,,31,60,58,50,45,0,HOLD,-0.31,-4,False,live,STOCK,40,NEUTRAL,NYSE
2026-09-04T08:01:23.835097+09:00,2026-09-04,RS,Reliance Steel & Aluminum Co.,US,소재,2026-09-03,398.24,331207,344625.35,13.6021,20331345920,40,60,50,58,51,0,HOLD,-0.02,0,False,live,STOCK,61,NEUTRAL,NYSE
2026-09-04T08:01:23.835097+09:00,2026-09-04,WES,"Western Midstream Partners, LP",US,에너지,2026-09-03,49.19,615270,781168.5,0.96,20324057088,62,60,68,60,64,0,HOLD,0.68,8,False,live,STOCK,66,NEUTRAL,NYSE
2026-09-04T08:01:23.835097+09:00,2026-09-04,SBAC,SBA Communications Corporation,US,리츠,2026-09-03,191.52,793630,748741.5,4.3603,20317995008,77,60,63,45,59,1,HOLD,0.32,4,False,live,STOCK,38,NEUTRAL,NASDAQ
2026-09-04T08:01:23.835097+09:00,2026-09-04,NI,NiSource Inc,US,유틸리티,2026-09-03,41.66,4786646,5670197.3,0.7525,19978473472,65,60,55,42,51,0,HOLD,-0.02,0,False,live,STOCK,33,NEUTRAL,NYSE
2026-09-04T08:01:23.835097+09:00,2026-09-04,ATHS,Athene Holding Ltd. 7.250% Fixe,US,금융,2026-09-03,24.91,58732,27551.6,0.2184,,80,60,58,50,59,1,HOLD,0.46,6,False,live,STOCK,40,NEUTRAL,NYSE
2026-09-04T08:01:23.835097+09:00,2026-09-04,ENTG,"Entegris, Inc.",US,반도체,2026-09-03,130.7,1458831,2069571.55,6.8836,19905609728,35,65,63,43,47,0,HOLD,-0.07,-1,False,live,STOCK,46,NEUTRAL,NASDAQ
2026-09-04T08:01:23.835097+09:00,2026-09-04,PR,Permian Resources Corporation,US,에너지,2026-09-03,23.74,5837415,9310155.75,0.6579,19883603968,95,60,60,68,71,1,HOLD,1.03,12,False,live,STOCK,55,NEUTRAL,NYSE
2026-09-04T08:01:23.835097+09:00,2026-09-04,SNA,Snap-on Incorporated,US,산업재,2026-09-03,384.19,174794,260304.7,5.7574,19873044480,20,60,45,58,41,0,AVOID,-0.43,-5,True,live,STOCK,48,NEUTRAL,NYSE
2026-09-04T08:01:23.835097+09:00,2026-09-04,SSNC,"SS&C Technologies Holdings, Inc.",US,IT,2026-09-03,84.63,1925867,1424113.35,1.5894,19858851840,63,60,60,74,66,1,HOLD,0.7,8,False,live,STOCK,69,NEUTRAL,NASDAQ
2026-09-04T08:01:23.835097+09:00,2026-09-04,MTSI,"MACOM Technology Solutions Holdings, Inc",US,반도체,2026-09-03,259.95,942605,1202375.25,14.965,19852623872,7,65,60,35,33,0,AVOID,-0.9,-11,True,live,STOCK,29,NEUTRAL,NASDAQ
2026-09-04T08:01:23.835097+09:00,2026-09-04,BEKE,KE Holdings Inc.,US,리츠,2026-09-03,17.91,2702562,4237828.1,0.6125,19749472256,84,60,55,74,69,2,WATCH,0.84,10,False,live,STOCK,61,NEUTRAL,NYSE
2026-09-04T08:01:23.835097+09:00,2026-09-04,VTRS,Viatris Inc.,US,제약/바이오,2026-09-03,16.94,8032003,8992255.15,0.4051,19457130496,76,65,55,78,61,2,WATCH,0.49,6,False,live,STOCK,32,NEUTRAL,NASDAQ
2026-09-04T08:01:23.835097+09:00,2026-09-04,TOST,"Toast, Inc.",US,IT,2026-09-03,33.93,6653099,8783324.95,1.1885,19611539456,51,60,50,50,52,0,HOLD,0.29,3,False,live,STOCK,61,NEUTRAL,NYSE
2026-09-04T08:01:23.835097+09:00,2026-09-04,CDW,CDW Corporation,US,IT,2026-09-03,153.92,1700645,1675392.25,6.7105,19242682368,88,60,60,58,69,1,HOLD,0.96,12,False,live,STOCK,63,NEUTRAL,NASDAQ
2026-09-04T08:01:23.835097+09:00,2026-09-04,SOJC,The Southern Company JR 2017B NT 77,US,유틸리티,2026-09-03,19.52,12369,33433.45,0.1792,,50,60,58,60,52,0,HOLD,-0.01,0,False,live,STOCK,40,NEUTRAL,NYSE
2026-09-04T08:01:23.835097+09:00,2026-09-04,RIVN,"Rivian Automotive, Inc.",US,소비재,2026-09-03,15.91,14264162,20947703.1,0.6847,23035461632,28,60,63,50,52,1,HOLD,-0.05,-1,False,live,STOCK,73,NEUTRAL,NASDAQ
2026-09-04T08:01:23.835097+09:00,2026-09-04,IP,International Paper Company,US,소재,2026-09-03,36.44,4256158,3778382.9,1.2586,19297525760,39,60,55,68,51,0,HOLD,0.08,1,False,live,STOCK,48,NEUTRAL,NYSE
2026-09-04T08:01:23.835097+09:00,2026-09-04,AQNB,Algonquin Power & Utilities Corp.,US,유틸리티,2026-09-03,26.12,11390,21659.5,0.2295,,65,60,55,50,54,0,HOLD,0.22,3,False,live,STOCK,40,NEUTRAL,NYSE
2026-09-04T08:01:23.835097+09:00,2026-09-04,ZBH,"Zimmer Biomet Holdings, Inc.",US,제약/바이오,2026-09-03,98.92,1275980,1734189.0,2.5479,18867773440,47,65,60,74,62,2,WATCH,0.52,6,False,live,STOCK,78,NEUTRAL,NYSE
2026-09-04T08:01:23.835097+09:00,2026-09-04,PKX,POSCO Holdings Inc.,US,소재,2026-09-03,63.13,245719,233770.95,1.5714,19095758848,77,60,55,58,55,1,HOLD,0.27,3,False,live,STOCK,19,NEUTRAL,NYSE
2026-09-04T08:01:23.835097+09:00,2026-09-04,VIV,Telefônica Brasil S.A.,US,인터넷,2026-09-03,11.89,1352941,1672547.05,0.2515,18997880832,69,65,55,84,62,1,HOLD,0.28,3,False,live,STOCK,39,NEUTRAL,NYSE
2026-09-04T08:01:23.835097+09:00,2026-09-04,FDXF,"FedEx Freight Holding Company, Inc.",US,산업재,2026-09-03,127.19,1821090,1279844.5,5.4314,19017211904,10,60,78,42,41,1,AVOID,-0.61,-7,True,live,STOCK,33,NEUTRAL,NYSE
2026-09-04T08:01:23.835097+09:00,2026-09-04,NWS,News Corporation,US,인터넷,2026-09-03,34.72,820067,1085288.35,0.7471,18639683584,69,65,48,61,63,1,HOLD,0.64,8,False,live,STOCK,80,NEUTRAL,NASDAQ
2026-09-04T08:01:23.835097+09:00,2026-09-04,GPC,Genuine Parts Company,US,소비재,2026-09-03,137.62,947463,1100483.15,2.9929,18972260352,73,60,63,43,65,2,WATCH,0.83,10,False,live,STOCK,78,NEUTRAL,NYSE
2026-09-04T08:01:23.835097+09:00,2026-09-04,RBRK,"Rubrik, Inc.",US,IT,2026-09-03,92.14,3907117,4032395.85,6.3959,18965043200,51,60,60,35,55,1,HOLD,0.43,5,False,live,STOCK,74,NEUTRAL,NYSE
2026-09-04T08:01:23.835097+09:00,2026-09-04,LUV,Southwest Airlines Co.,US,산업재,2026-09-03,38.73,4744303,4207230.15,1.1036,18947033088,17,60,63,58,45,0,HOLD,-0.41,-5,False,live,STOCK,46,NEUTRAL,NYSE
2026-09-04T08:01:23.835097+09:00,2026-09-04,EVRG,"Evergy, Inc.",US,유틸리티,2026-09-03,81.93,2329296,1999314.8,1.3039,18890369024,28,60,60,42,44,0,AVOID,-0.26,-3,True,live,STOCK,47,NEUTRAL,NASDAQ
2026-09-04T08:01:23.835097+09:00,2026-09-04,DINO,HF Sinclair Corporation,US,에너지,2026-09-03,106.15,2229108,2449560.4,3.715,18871756800,82,60,63,78,77,3,BUY,1.16,14,False,live,STOCK,90,NEUTRAL,NYSE
2026-09-04T08:01:23.835097+09:00,2026-09-04,WF,Woori Financial Group Inc.,US,금융,2026-09-03,77.36,65746,78102.3,1.8279,18773614592,92,60,55,88,66,2,WATCH,0.79,9,False,live,STOCK,24,NEUTRAL,NYSE
2026-09-04T08:01:23.835097+09:00,2026-09-04,GEN,Gen Digital Inc.,US,IT,2026-09-03,31.33,6445564,5820438.2,0.9201,18753730560,78,60,53,66,70,2,WATCH,0.96,12,False,live,STOCK,90,NEUTRAL,NASDAQ
2026-09-04T08:01:23.835097+09:00,2026-09-04,MTZ,"MasTec, Inc.",US,산업재,2026-09-03,232.28,1401596,1537289.8,12.6621,18653233152,10,60,66,58,38,0,AVOID,-0.77,-9,True,live,STOCK,20,NEUTRAL,NYSE
2026-09-04T08:01:23.835097+09:00,2026-09-04,OWL,Blue Owl Capital Inc.,US,금융,2026-09-03,11.84,24066871,19152928.55,0.3964,18555133952,59,60,56,59,60,0,HOLD,0.54,6,False,live,STOCK,67,NEUTRAL,NYSE
2026-09-04T08:01:23.835097+09:00,2026-09-04,BBY,"Best Buy Co., Inc.",US,소비재,2026-09-03,87.49,3308679,4047228.95,3.725,18440015872,66,60,50,68,64,1,HOLD,0.68,8,False,live,STOCK,77,NEUTRAL,NYSE
2026-09-04T08:01:23.835097+09:00,2026-09-04,NTNX,"Nutanix, Inc.",US,IT,2026-09-03,68.08,1543585,2798244.25,2.4877,18403420160,66,60,60,52,62,0,HOLD,0.67,8,False,live,STOCK,69,NEUTRAL,NASDAQ
2026-09-04T08:01:23.835097+09:00,2026-09-04,U,Unity Software Inc.,US,IT,2026-09-03,42.08,10620837,10810941.85,1.6644,18518943744,48,60,53,50,56,1,HOLD,0.4,5,False,live,STOCK,78,NEUTRAL,NYSE
2026-09-04T08:01:23.835097+09:00,2026-09-04,TSN,"Tyson Foods, Inc.",US,소매,2026-09-03,51.76,7282574,2904208.7,1.4121,18209245184,20,60,63,66,44,0,AVOID,-0.5,-6,True,live,STOCK,32,NEUTRAL,NYSE
2026-09-04T08:01:23.835097+09:00,2026-09-04,MGA,Magna International Inc.,US,소비재,2026-09-03,67.09,1008414,1112270.7,2.0643,17947906048,43,60,55,74,57,1,HOLD,0.16,2,False,live,STOCK,63,NEUTRAL,NYSE
2026-09-04T08:01:23.835097+09:00,2026-09-04,OVV,Ovintiv Inc.,US,에너지,2026-09-03,65.91,2354175,3206603.75,1.6271,18230706176,69,60,60,66,68,1,HOLD,0.86,10,False,live,STOCK,83,NEUTRAL,NYSE
2026-09-04T08:01:23.835097+09:00,2026-09-04,ITT,ITT Inc.,US,산업재,2026-09-03,203.48,750121,657241.05,5.7346,18280607744,44,60,63,58,56,0,HOLD,0.24,3,False,live,STOCK,61,NEUTRAL,NYSE
2026-09-04T08:01:23.835097+09:00,2026-09-04,TSCO,Tractor Supply Company,US,소비재,2026-09-03,34.6,7253865,10352843.25,0.9723,18027986944,47,60,75,50,62,2,WATCH,0.6,7,False,live,STOCK,75,NEUTRAL,NASDAQ
2026-09-04T08:01:23.835097+09:00,2026-09-04,PAA,"Plains All American Pipeline, L.P.",US,에너지,2026-09-03,25.525,3160381,2563739.05,0.4689,18009583616,81,60,55,66,69,2,WATCH,0.93,11,False,live,STOCK,77,NEUTRAL,NASDAQ
2026-09-04T08:01:23.835097+09:00,2026-09-04,ESS,"Essex Property Trust, Inc.",US,리츠,2026-09-03,278.65,607136,457531.8,4.8507,19206283264,28,60,55,45,47,0,HOLD,-0.17,-2,False,live,STOCK,67,NEUTRAL,NYSE
2026-09-04T08:01:23.835097+09:00,2026-09-04,EWBC,"East West Bancorp, Inc.",US,금융,2026-09-03,130.61,693601,653615.05,2.5368,17895118848,40,60,50,55,43,0,AVOID,-0.23,-3,True,live,STOCK,26,NEUTRAL,NASDAQ
2026-09-04T08:01:23.835097+09:00,2026-09-04,WIT,Wipro Limited,US,IT,2026-09-03,1.8,6340199,7020364.95,0.0557,17806977024,20,60,55,68,41,0,AVOID,-0.65,-8,True,live,STOCK,26,NEUTRAL,NYSE
2026-09-04T08:01:23.835097+09:00,2026-09-04,FLUT,Flutter Entertainment plc,US,소비재,2026-09-03,102.34,1791526,2769586.3,4.7668,17759991808,65,60,70,60,60,1,HOLD,0.4,5,False,live,STOCK,39,NEUTRAL,NYSE
2026-09-04T08:01:23.835097+09:00,2026-09-04,DD,"DuPont de Nemours, Inc.",US,소재,2026-09-03,131.13,1654124,1183926.2,2.9924,17705095168,35,60,47,58,40,0,AVOID,-0.51,-6,True,live,STOCK,20,NEUTRAL,NYSE
2026-09-04T08:01:23.835097+09:00,2026-09-04,NDSN,Nordson Corporation,US,산업재,2026-09-03,317.49,213311,420840.55,8.3336,17689890816,54,60,60,58,60,0,HOLD,0.49,6,False,live,STOCK,69,NEUTRAL,NASDAQ
2026-09-04T08:01:23.835097+09:00,2026-09-04,LNT,Alliant Energy Corporation,US,유틸리티,2026-09-03,68.0,2345866,2318978.3,1.0736,17631358976,39,60,60,42,45,0,HOLD,-0.26,-3,False,live,STOCK,35,NEUTRAL,NASDAQ
2026-09-04T08:01:23.835097+09:00,2026-09-04,SBS,Companhia de Saneamento Básico do Estado,US,유틸리티,2026-09-03,5.13,6993105,12104325.25,0.1471,18040700928,57,60,55,70,56,1,HOLD,0.11,1,False,live,STOCK,42,NEUTRAL,NYSE
2026-09-04T08:01:23.835097+09:00,2026-09-04,BEN,"Franklin Resources, Inc.",US,금융,2026-09-03,33.55,3262552,3007497.6,0.7014,17045979136,47,60,58,58,53,0,HOLD,0.19,2,False,live,STOCK,51,NEUTRAL,NYSE
2026-09-04T08:01:23.835097+09:00,2026-09-04,J,Jacobs Solutions Inc.,US,산업재,2026-09-03,147.54,724502,834725.1,3.1263,17421651968,73,60,60,58,66,2,WATCH,0.83,10,False,live,STOCK,75,NEUTRAL,NYSE
2026-09-04T08:01:23.835097+09:00,2026-09-04,FTV,Fortive Corporation,US,IT,2026-09-03,57.57,2963783,2138009.15,1.2243,17550850048,28,60,63,74,52,1,HOLD,-0.15,-2,False,live,STOCK,52,NEUTRAL,NYSE
2026-09-04T08:01:23.835097+09:00,2026-09-04,NWSA,News Corporation,US,인터넷,2026-09-03,30.945,3809613,3573300.65,0.6314,16613047296,59,65,63,66,64,0,HOLD,0.63,8,False,live,STOCK,69,NEUTRAL,NASDAQ
2026-09-04T08:01:23.835097+09:00,2026-09-04,PTC,PTC Inc.,US,IT,2026-09-03,150.08,1249563,1102438.15,4.485,16284620800,47,60,63,68,60,0,HOLD,0.4,5,False,live,STOCK,67,NEUTRAL,NASDAQ
2026-09-04T08:01:23.835097+09:00,2026-09-04,APG,APi Group Corporation,US,산업재,2026-09-03,40.03,4281580,2524404.0,1.1837,17299376128,32,60,45,50,47,1,HOLD,-0.23,-3,False,live,STOCK,70,NEUTRAL,NYSE
2026-09-04T08:01:23.835097+09:00,2026-09-04,CHRW,"C.H. Robinson Worldwide, Inc.",US,산업재,2026-09-03,146.685,769311,1255380.55,4.0143,17140326400,40,60,60,50,45,0,HOLD,-0.42,-5,False,live,STOCK,23,NEUTRAL,NASDAQ
2026-09-04T08:01:23.835097+09:00,2026-09-04,NLY,"Annaly Capital Management, Inc.",US,리츠,2026-09-03,22.83,6759993,5946339.65,0.3107,17207300096,44,60,58,65,56,0,HOLD,0.29,3,False,live,STOCK,63,NEUTRAL,NYSE
2026-09-04T08:01:23.835097+09:00,2026-09-04,NVR,"NVR, Inc.",US,소비재,2026-09-03,6373.9502,38108,32645.4,140.1757,16985684992,65,60,65,63,58,0,HOLD,0.34,4,False,live,STOCK,33,NEUTRAL,NYSE
2026-09-04T08:01:23.835097+09:00,2026-09-04,JHX,James Hardie Industries plc,US,소재,2026-09-03,29.63,5719499,6096929.95,0.86,17200881664,48,60,48,51,50,0,HOLD,0.19,2,False,live,STOCK,55,NEUTRAL,NYSE
2026-09-04T08:01:23.835097+09:00,2026-09-04,CG,The Carlyle Group Inc.,US,금융,2026-09-03,47.75,3147892,3856564.6,1.3832,17014891520,47,60,60,58,56,0,HOLD,0.33,4,False,live,STOCK,64,NEUTRAL,NASDAQ
2026-09-04T08:01:23.835097+09:00,2026-09-04,ROL,"Rollins, Inc.",US,산업재,2026-09-03,35.71,5050356,4476067.8,0.8229,17181702144,43,60,60,42,43,0,AVOID,-0.43,-5,True,live,STOCK,20,NEUTRAL,NYSE
2026-09-04T08:01:23.835097+09:00,2026-09-04,CNH,CNH Industrial N.V.,US,산업재,2026-09-03,13.84,37560972,23628088.6,0.5704,22256916480,77,60,55,58,68,2,WATCH,0.91,11,False,live,STOCK,86,NEUTRAL,NYSE
2026-09-04T08:01:23.835097+09:00,2026-09-04,DUKB,Duke Energy Corporation 5.625%,US,유틸리티,2026-09-03,22.0,33448,42187.4,0.2042,,28,60,58,50,44,0,AVOID,-0.38,-5,True,live,STOCK,40,NEUTRAL,NYSE
2026-09-04T08:01:23.835097+09:00,2026-09-04,ZBRA,Zebra Technologies Corporation,US,IT,2026-09-03,357.5,416388,606884.4,10.8461,17028937728,48,60,55,66,56,0,HOLD,0.36,4,False,live,STOCK,61,NEUTRAL,NASDAQ
2026-09-04T08:01:23.835097+09:00,2026-09-04,FUTU,Futu Holdings Limited,US,금융,2026-09-03,122.01,994863,1425458.15,5.8809,17105130496,88,60,60,60,72,2,WATCH,1.08,13,False,live,STOCK,80,NEUTRAL,NASDAQ
2026-09-04T08:01:23.835097+09:00,2026-09-04,BIP,Brookfield Infrastructure Partners L.P.,US,유틸리티,2026-09-03,36.84,1024859,713032.95,0.8751,29170831360,28,60,55,37,43,0,AVOID,-0.34,-4,True,live,STOCK,52,NEUTRAL,NYSE
2026-09-04T08:01:23.835097+09:00,2026-09-04,INVH,Invitation Homes Inc.,US,리츠,2026-09-03,28.45,3579623,3390001.15,0.4425,16900495360,20,60,63,53,40,0,AVOID,-0.53,-6,True,live,STOCK,22,NEUTRAL,NYSE
2026-09-04T08:01:23.835097+09:00,2026-09-04,BSAC,Banco Santander-Chile,US,금융,2026-09-03,35.86,504881,293614.05,0.7954,16894195712,69,60,55,60,62,0,HOLD,0.65,8,False,live,STOCK,64,NEUTRAL,NYSE
2026-09-04T08:01:23.835097+09:00,2026-09-04,GWRE,"Guidewire Software, Inc.",US,IT,2026-09-03,202.86,2088501,1195295.05,7.9196,16889387008,85,60,50,35,66,2,WATCH,0.92,11,False,live,STOCK,90,NEUTRAL,NYSE
2026-09-04T08:01:23.835097+09:00,2026-09-04,MKSI,MKS Inc.,US,IT,2026-09-03,249.65,1136865,1216783.25,13.1047,16880722944,10,60,50,58,35,0,AVOID,-0.9,-11,True,live,STOCK,26,NEUTRAL,NASDAQ
2026-09-04T08:01:23.835097+09:00,2026-09-04,ASND,Ascendis Pharma A/S,US,제약/바이오,2026-09-03,271.12,1018447,514777.35,8.2939,17783527424,67,65,75,42,61,1,HOLD,0.66,8,False,live,STOCK,48,NEUTRAL,NASDAQ
2026-09-04T08:01:23.835097+09:00,2026-09-04,CLH,"Clean Harbors, Inc.",US,산업재,2026-09-03,318.65,273547,429057.35,6.6007,16820656128,62,60,55,58,62,1,HOLD,0.61,7,False,live,STOCK,77,NEUTRAL,NYSE
2026-09-04T08:01:23.835097+09:00,2026-09-04,RGA,"Reinsurance Group of America, Incorporat",US,금융,2026-09-03,255.91,332162,338148.1,4.3494,16711349248,92,60,63,86,78,2,WATCH,1.18,14,False,live,STOCK,69,NEUTRAL,NYSE
2026-09-04T08:01:23.835097+09:00,2026-09-04,BALL,Ball Corporation,US,소비재,2026-09-03,62.93,2114070,1634038.5,1.1479,16754892800,69,60,55,58,61,0,HOLD,0.62,7,False,live,STOCK,60,NEUTRAL,NYSE
2026-09-04T08:01:23.835097+09:00,2026-09-04,JLL,Jones Lang LaSalle Incorporated,US,리츠,2026-09-03,362.3,304551,307657.55,11.7229,16668591104,51,60,53,84,58,1,HOLD,0.35,4,False,live,STOCK,48,NEUTRAL,NYSE
2026-09-04T08:01:23.835097+09:00,2026-09-04,LDOS,"Leidos Holdings, Inc.",US,IT,2026-09-03,132.36,1320390,1291489.5,4.0521,16648964096,47,60,55,68,60,1,HOLD,0.35,4,False,live,STOCK,77,NEUTRAL,NYSE
2026-09-04T08:01:23.835097+09:00,2026-09-04,WY,Weyerhaeuser Company,US,리츠,2026-09-03,23.04,6209076,4844798.8,0.5339,16605758464,35,60,60,50,44,0,AVOID,-0.35,-4,True,live,STOCK,26,NEUTRAL,NYSE
2026-09-04T08:01:23.835097+09:00,2026-09-04,MEDP,"Medpace Holdings, Inc.",US,제약/바이오,2026-09-03,593.39,143228,199961.4,17.7624,16562497536,58,65,45,42,54,1,HOLD,0.38,5,False,live,STOCK,71,NEUTRAL,NASDAQ
2026-09-04T08:01:23.835097+09:00,2026-09-04,ZTO,ZTO Express (Cayman) Inc.,US,산업재,2026-09-03,20.91,2069745,1857547.25,0.4749,15856266240,17,60,55,78,46,1,HOLD,-0.42,-5,False,live,STOCK,46,NEUTRAL,NYSE
2026-09-04T08:01:23.835097+09:00,2026-09-04,CCZ,Comcast Holdings Corp.,US,인터넷,2026-09-02,66.45,0,55.0,0.3036,,57,65,55,42,50,0,HOLD,0.09,1,False,live,STOCK,40,NEUTRAL,NYSE
2026-09-04T08:01:23.835097+09:00,2026-09-04,WCC,"WESCO International, Inc.",US,산업재,2026-09-03,338.37,362811,470060.55,11.9536,16489736192,43,60,60,58,52,0,HOLD,-0.04,0,False,live,STOCK,48,NEUTRAL,NYSE
2026-09-04T08:01:23.835097+09:00,2026-09-04,AS,"Amer Sports, Inc.",US,소비재,2026-09-03,28.51,8515126,7941326.3,1.1744,16587746304,10,60,50,66,37,0,AVOID,-0.85,-10,True,live,STOCK,29,NEUTRAL,NYSE
2026-09-04T08:01:23.835097+09:00,2026-09-04,IEX,IDEX Corporation,US,산업재,2026-09-03,223.1,468293,552939.65,5.1793,16446909440,35,60,66,58,53,0,HOLD,0.07,1,False,live,STOCK,55,NEUTRAL,NYSE
2026-09-04T08:01:23.835097+09:00,2026-09-04,BURL,"Burlington Stores, Inc.",US,소비재,2026-09-03,258.56,1337173,1497293.65,12.5971,16241497088,10,60,48,50,32,0,AVOID,-0.97,-12,True,live,STOCK,23,NEUTRAL,NYSE
2026-09-04T08:01:23.835097+09:00,2026-09-04,TRU,TransUnion,US,금융,2026-09-03,84.92,1398806,1712720.3,2.3713,16270671872,73,60,53,58,62,1,HOLD,0.67,8,False,live,STOCK,63,NEUTRAL,NYSE
2026-09-04T08:01:23.835097+09:00,2026-09-04,VNOM,"Viper Energy, Inc.",US,에너지,2026-09-03,44.89,1025699,1416149.95,0.855,23521675264,87,60,60,50,64,1,HOLD,0.61,7,False,live,STOCK,48,NEUTRAL,NASDAQ
2026-09-04T08:01:23.835097+09:00,2026-09-04,KIM,Kimco Realty Corporation,US,리츠,2026-09-03,23.92,3809506,4084330.3,0.3071,16045282304,47,60,63,53,49,0,HOLD,-0.07,-1,False,live,STOCK,27,NEUTRAL,NYSE
2026-09-04T08:01:23.835097+09:00,2026-09-04,TIGO,Millicom International Cellular S.A.,US,인터넷,2026-09-03,95.91,850920,1050831.0,3.0664,16085066752,69,65,60,74,65,1,HOLD,0.71,9,False,live,STOCK,58,NEUTRAL,NASDAQ
2026-09-04T08:01:23.835097+09:00,2026-09-04,SOLV,Solventum Corporation,US,제약/바이오,2026-09-03,92.44,784227,1017761.35,2.0679,15735481344,59,65,63,70,64,1,HOLD,0.63,8,False,live,STOCK,66,NEUTRAL,NYSE
2026-09-04T08:01:23.835097+09:00,2026-09-04,WPC,W. P. Carey Inc.,US,리츠,2026-09-03,70.27,1086474,1086533.7,0.8846,16008014848,25,60,60,58,43,0,AVOID,-0.42,-5,True,live,STOCK,30,NEUTRAL,NYSE
2026-09-04T08:01:23.835097+09:00,2026-09-04,GIB,CGI Inc.,US,IT,2026-09-03,74.84,318327,331471.35,1.6914,15497523200,62,60,60,68,63,0,HOLD,0.6,7,False,live,STOCK,66,NEUTRAL,NYSE
2026-09-04T08:01:23.835097+09:00,2026-09-04,NBIX,"Neurocrine Biosciences, Inc.",US,제약/바이오,2026-09-03,158.35,758259,1148207.95,3.5921,16096148480,72,65,63,66,63,1,HOLD,0.43,5,False,live,STOCK,47,NEUTRAL,NASDAQ
2026-09-04T08:01:23.835097+09:00,2026-09-04,STLA,Stellantis N.V.,US,소비재,2026-09-03,5.49,18725924,20518376.2,0.2193,15926167552,55,60,58,80,58,1,HOLD,-0.02,0,False,live,STOCK,39,NEUTRAL,NYSE
2026-09-04T08:01:23.835097+09:00,2026-09-04,AGI,Alamos Gold Inc.,US,소재,2026-09-03,37.69,4229072,4180943.6,1.6125,15777202176,62,60,55,60,56,0,HOLD,0.31,4,False,live,STOCK,46,NEUTRAL,NYSE
2026-09-04T08:01:23.835097+09:00,2026-09-04,CX,"CEMEX, S.A.B. de C.V.",US,소재,2026-09-03,10.87,4697815,6247720.75,0.2754,15684892672,50,60,63,74,55,1,HOLD,-0.07,-1,False,live,STOCK,33,NEUTRAL,NYSE
2026-09-04T08:01:23.835097+09:00,2026-09-04,H,Hyatt Hotels Corporation,US,소비재,2026-09-03,165.39,765278,687748.9,4.412,15585813504,20,60,53,43,36,0,AVOID,-0.77,-9,True,live,STOCK,26,NEUTRAL,NYSE
2026-09-04T08:01:23.835097+09:00,2026-09-04,APA,APA Corporation,US,에너지,2026-09-03,44.18,3613646,5312132.3,1.4816,15478530048,95,60,60,78,78,3,BUY,1.22,15,False,live,STOCK,77,NEUTRAL,NASDAQ
2026-09-04T08:01:23.835097+09:00,2026-09-04,ALB,Albemarle Corporation,US,소재,2026-09-03,132.16,2861479,1998038.95,5.4368,15595548672,43,60,63,59,55,0,HOLD,-0.09,-1,False,live,STOCK,55,NEUTRAL,NYSE
2026-09-04T08:01:23.835097+09:00,2026-09-04,PFGC,Performance Food Group Co,US,소매,2026-09-03,99.15,1163305,1739170.25,2.2325,15573735424,20,60,48,58,38,0,AVOID,-0.51,-6,True,live,STOCK,32,NEUTRAL,NYSE
2026-09-04T08:01:23.835097+09:00,2026-09-04,LSCC,Lattice Semiconductor Corporation,US,반도체,2026-09-03,113.63,1583851,1400157.55,5.2921,16106962944,7,65,60,43,34,0,AVOID,-0.87,-10,True,live,STOCK,29,NEUTRAL,NASDAQ
2026-09-04T08:01:23.835097+09:00,2026-09-04,JAZZ,Jazz Pharmaceuticals plc,US,제약/바이오,2026-09-03,247.565,507614,1071630.7,7.9139,16070577152,43,65,53,84,58,1,HOLD,0.2,2,False,live,STOCK,64,NEUTRAL,NASDAQ
2026-09-04T08:01:23.835097+09:00,2026-09-04,TYL,"Tyler Technologies, Inc.",US,IT,2026-09-03,379.27,814278,967468.9,13.4129,15531967488,73,60,60,50,64,2,WATCH,0.78,9,False,live,STOCK,72,NEUTRAL,NYSE
2026-09-04T08:01:23.835097+09:00,2026-09-04,RBC,RBC Bearings Incorporated,US,산업재,2026-09-03,490.78,153439,237656.95,14.4329,15537723392,7,60,60,50,34,0,AVOID,-0.91,-11,True,live,STOCK,20,NEUTRAL,NYSE
2026-09-04T08:01:23.835097+09:00,2026-09-04,RBA,"RB Global, Inc.",US,산업재,2026-09-03,83.27,1524302,2074955.1,2.4489,15513200640,40,60,60,58,46,0,HOLD,-0.4,-5,False,live,STOCK,23,NEUTRAL,NYSE
2026-09-04T08:01:23.835097+09:00,2026-09-04,COKE,"Coca-Cola Consolidated, Inc.",US,소매,2026-09-03,197.4,289837,421231.85,5.9114,13139791872,91,60,55,53,70,2,WATCH,0.96,12,False,live,STOCK,77,NEUTRAL,NASDAQ
2026-09-04T08:01:23.835097+09:00,2026-09-04,RZC,"Reinsurance Group of America, Incorporat",US,금융,2026-09-03,25.5,31003,36555.15,0.1189,,43,60,55,50,47,0,HOLD,-0.09,-1,False,live,STOCK,40,NEUTRAL,NYSE
2026-09-04T08:01:23.835097+09:00,2026-09-04,CRBG,"Corebridge Financial, Inc.",US,금융,2026-09-03,34.75,3233231,3967281.55,0.8136,15490594816,85,60,53,58,71,2,WATCH,1.03,12,False,live,STOCK,90,NEUTRAL,NYSE
2026-09-04T08:01:23.835097+09:00,2026-09-04,AKAM,"Akamai Technologies, Inc.",US,IT,2026-09-03,106.5,3350308,3281165.4,4.3264,15305819136,7,60,60,58,38,0,AVOID,-0.82,-10,True,live,STOCK,29,NEUTRAL,NASDAQ
2026-09-04T08:01:23.835097+09:00,2026-09-04,WMG,Warner Music Group Corp.,US,인터넷,2026-09-03,29.55,2233767,1831903.35,0.7626,15457893376,54,65,53,58,60,1,HOLD,0.33,4,False,live,STOCK,81,NEUTRAL,NASDAQ
2026-09-04T08:01:23.835097+09:00,2026-09-04,KEP,Korea Electric Power Corporation,US,유틸리티,2026-09-03,12.0,1596257,1011952.85,0.3007,15407138816,65,60,58,96,61,1,HOLD,0.22,3,False,live,STOCK,23,NEUTRAL,NYSE
2026-09-04T08:01:23.835097+09:00,2026-09-04,EMA,Emera Incorporated,US,유틸리티,2026-09-03,50.3,979706,459650.3,0.7221,15449646080,25,60,55,42,43,0,AVOID,-0.34,-4,True,live,STOCK,52,NEUTRAL,NYSE
2026-09-04T08:01:23.835097+09:00,2026-09-04,LAMR,Lamar Advertising Company,US,리츠,2026-09-03,151.55,298963,533948.15,2.6893,15389854720,25,60,65,42,49,0,HOLD,-0.09,-1,False,live,STOCK,67,NEUTRAL,NASDAQ
2026-09-04T08:01:23.835097+09:00,2026-09-04,DT,"Dynatrace, Inc.",US,IT,2026-09-03,52.76,5518641,6901462.05,1.8379,15247751168,95,60,63,43,73,2,WATCH,1.19,14,False,live,STOCK,86,NEUTRAL,NYSE
2026-09-04T08:01:23.835097+09:00,2026-09-04,PNFP,"Pinnacle Financial Partners, Inc.",US,금융,2026-09-03,101.37,724038,901376.9,2.3589,15318288384,44,60,55,68,54,0,HOLD,0.14,2,False,live,STOCK,54,NEUTRAL,NYSE
2026-09-04T08:01:23.835097+09:00,2026-09-04,UNM,Unum Group,US,금융,2026-09-03,96.57,1340961,1268098.05,2.3186,15287687168,88,60,66,50,72,2,WATCH,1.05,13,False,live,STOCK,77,NEUTRAL,NYSE
2026-09-04T08:01:23.835097+09:00,2026-09-04,EG,"Everest Group, Ltd.",US,금융,2026-09-03,386.25,305363,276128.15,7.3961,14809881600,73,60,63,100,67,2,WATCH,0.71,9,False,live,STOCK,32,NEUTRAL,NYSE
2026-09-04T08:01:23.835097+09:00,2026-09-04,YUMC,"Yum China Holdings, Inc.",US,소비재,2026-09-03,43.69,1422237,1475706.85,1.184,14870504448,43,60,53,68,55,0,HOLD,0.12,1,False,live,STOCK,63,NEUTRAL,NYSE
2026-09-04T08:01:23.835097+09:00,2026-09-04,INIO,INNIO N.V. Ordinary Shares,US,산업재,2026-09-03,20.28,4094536,3370881.8,1.5543,15210000384,20,60,70,35,38,1,AVOID,-0.47,-6,True,live,STOCK,20,NEUTRAL,NASDAQ
2026-09-04T08:01:23.835097+09:00,2026-09-04,TU,Telus Corp,US,인터넷,2026-09-03,9.74,5944453,5693862.65,0.2093,15340499968,55,65,55,68,55,0,HOLD,-0.08,-1,False,live,STOCK,41,NEUTRAL,NYSE
2026-09-04T08:01:23.835097+09:00,2026-09-04,GFL,GFL Environmental Inc.,US,산업재,2026-09-03,43.48,2656093,1835444.65,1.2846,15691511808,85,60,55,42,61,1,HOLD,0.75,9,False,live,STOCK,55,NEUTRAL,NYSE
2026-09-04T08:01:23.835097+09:00,2026-09-04,SITM,SiTime Corporation,US,반도체,2026-09-03,574.465,253583,375154.15,38.0314,17274759168,32,65,60,30,38,0,AVOID,-0.52,-6,True,live,STOCK,23,NEUTRAL,NASDAQ
2026-09-04T08:01:23.835097+09:00,2026-09-04,BMNR,"Bitmine Immersion Technologies, Inc.",US,금융,2026-09-03,26.45,66590968,42479148.4,1.8017,15955338240,78,60,63,42,68,2,WATCH,0.95,11,False,live,STOCK,86,NEUTRAL,NYSE
2026-09-04T08:01:23.835097+09:00,2026-09-04,ARMK,Aramark,US,산업재,2026-09-03,57.28,1811318,2682000.9,1.1146,15100441600,36,60,60,58,47,0,HOLD,-0.09,-1,False,live,STOCK,32,NEUTRAL,NYSE
2026-09-04T08:01:23.835097+09:00,2026-09-04,HST,"Host Hotels & Resorts, Inc.",US,리츠,2026-09-03,21.99,6160347,8636487.35,0.4136,15277034496,28,60,63,63,45,0,HOLD,-0.39,-5,False,live,STOCK,26,NEUTRAL,NASDAQ
2026-09-04T08:01:23.835097+09:00,2026-09-04,ULS,UL Solutions Inc.,US,산업재,2026-09-03,74.63,503795,612414.75,1.7323,15042655232,37,60,53,42,42,0,AVOID,-0.5,-6,True,live,STOCK,33,NEUTRAL,NYSE
2026-09-04T08:01:23.835097+09:00,2026-09-04,MAA,"Mid-America Apartment Communities, Inc.",US,리츠,2026-09-03,128.56,729880,773174.0,1.9786,15340632064,28,60,66,53,44,0,AVOID,-0.37,-4,True,live,STOCK,26,NEUTRAL,NYSE
2026-09-04T08:01:23.835097+09:00,2026-09-04,LECO,"Lincoln Electric Holdings, Inc.",US,산업재,2026-09-03,273.83,267015,466535.75,7.8475,14925309952,43,60,63,50,55,0,HOLD,0.21,3,False,live,STOCK,66,NEUTRAL,NASDAQ
2026-09-04T08:01:23.835097+09:00,2026-09-04,IREN,IREN Limited,US,IT,2026-09-03,41.65,44874993,45655969.65,3.1489,16412544000,41,60,73,45,50,1,HOLD,-0.22,-3,False,live,STOCK,33,NEUTRAL,NASDAQ
2026-09-04T08:01:23.835097+09:00,2026-09-04,EXEL,"Exelixis, Inc.",US,제약/바이오,2026-09-03,59.13,2141249,2256342.45,1.5261,14651331584,58,65,63,66,68,1,HOLD,0.75,9,False,live,STOCK,90,NEUTRAL,NASDAQ
2026-09-04T08:01:23.835097+09:00,2026-09-04,LTM,LATAM Airlines Group S.A.,US,산업재,2026-09-03,51.73,787714,806765.7,1.5143,15143644160,32,60,53,70,43,1,AVOID,-0.29,-3,True,live,STOCK,17,NEUTRAL,NYSE
2026-09-04T08:01:23.835097+09:00,2026-09-04,PS,Pershing Square Inc.,US,금융,2026-09-03,37.01,230480,186694.0,2.4135,14803999744,43,60,65,42,54,0,HOLD,0.18,2,False,live,STOCK,64,NEUTRAL,NYSE
2026-09-04T08:01:23.835097+09:00,2026-09-04,BBIO,"BridgeBio Pharma, Inc.",US,제약/바이오,2026-09-03,75.41,1098032,2069401.6,2.1995,14742127616,47,65,53,27,47,0,HOLD,0.11,1,False,live,STOCK,57,NEUTRAL,NASDAQ
2026-09-04T08:01:23.835097+09:00,2026-09-04,SUI,"Sun Communities, Inc.",US,리츠,2026-09-03,119.85,977868,2103483.4,2.3775,15324118016,40,60,63,46,52,0,HOLD,0.0,0,False,live,STOCK,57,NEUTRAL,NYSE
2026-09-04T08:01:23.835097+09:00,2026-09-04,BWXT,"BWX Technologies, Inc.",US,산업재,2026-09-03,160.25,1227372,1069683.6,5.972,14682423296,47,60,50,42,44,0,AVOID,-0.37,-4,True,live,STOCK,33,NEUTRAL,NYSE
2026-09-04T08:01:23.835097+09:00,2026-09-04,SGI,Somnigroup International Inc,US,소비재,2026-09-03,69.52,4716116,3843960.8,2.3583,14624608256,69,60,68,66,62,0,HOLD,0.45,5,False,live,STOCK,36,NEUTRAL,NYSE
2026-09-04T08:01:23.835097+09:00,2026-09-04,EQH,"Equitable Holdings, Inc.",US,금융,2026-09-03,53.54,2632904,2270845.2,1.2814,14603880448,85,60,56,62,71,2,WATCH,1.0,12,False,live,STOCK,80,NEUTRAL,NYSE
2026-09-04T08:01:23.835097+09:00,2026-09-04,LOGI,Logitech International S.A.,US,IT,2026-09-03,101.71,717595,744734.75,2.5129,14563685376,65,60,60,50,61,0,HOLD,0.3,4,False,live,STOCK,67,NEUTRAL,NASDAQ
2026-09-04T08:01:23.835097+09:00,2026-09-04,TLK,Perusahaan Perseroan (Persero) PT Teleko,US,인터넷,2026-09-03,14.81,520244,550792.2,0.242,14599837696,51,65,55,81,62,1,HOLD,0.35,4,False,live,STOCK,69,NEUTRAL,NYSE
2026-09-04T08:01:23.835097+09:00,2026-09-04,SWK,"Stanley Black & Decker, Inc.",US,산업재,2026-09-03,96.5,1477892,1541769.6,2.7089,14573106176,51,60,60,66,59,0,HOLD,0.47,6,False,live,STOCK,63,NEUTRAL,NYSE
2026-09-04T08:01:23.835097+09:00,2026-09-04,RVTY,"Revvity, Inc.",US,제약/바이오,2026-09-03,130.63,1817135,1534341.75,4.0707,14576532480,85,65,63,51,71,2,WATCH,1.07,13,False,live,STOCK,84,NEUTRAL,NYSE
2026-09-04T08:01:23.835097+09:00,2026-09-04,IONQ,"IonQ, Inc.",US,IT,2026-09-03,39.02,13955543,18439427.15,2.6179,15808393216,33,60,73,50,48,1,HOLD,-0.32,-4,False,live,STOCK,32,NEUTRAL,NYSE
2026-09-04T08:01:23.835097+09:00,2026-09-04,IVZ,Invesco Ltd.,US,금융,2026-09-03,32.71,3470192,3811739.6,0.8986,14441457664,66,60,60,86,70,2,WATCH,0.83,10,False,live,STOCK,75,NEUTRAL,NYSE
2026-09-04T08:01:23.835097+09:00,2026-09-04,DOC,"Healthpeak Properties, Inc.",US,리츠,2026-09-03,21.03,4237757,4344917.85,0.3891,14909161472,54,60,60,38,55,0,HOLD,0.34,4,False,live,STOCK,66,NEUTRAL,NYSE
2026-09-04T08:01:23.835097+09:00,2026-09-04,UNMA,Unum Group 6.250% JR NT58,US,금융,2026-09-03,21.37,21252,23372.6,0.2863,,62,60,58,80,60,1,HOLD,0.26,3,False,live,STOCK,40,NEUTRAL,NYSE
2026-09-04T08:01:23.835097+09:00,2026-09-04,PAG,"Penske Automotive Group, Inc.",US,소비재,2026-09-03,219.62,175440,294797.0,2.7683,14420879360,63,60,66,60,63,0,HOLD,0.66,8,False,live,STOCK,60,NEUTRAL,NYSE
2026-09-04T08:01:23.835097+09:00,2026-09-04,ARCC,Ares Capital Corporation,US,금융,2026-09-03,20.01,3962281,3902194.05,0.2182,14367637504,69,60,58,71,66,1,HOLD,0.68,8,False,live,STOCK,69,NEUTRAL,NASDAQ
2026-09-04T08:01:23.835097+09:00,2026-09-04,SKM,"SK Telecom Co.,Ltd",US,인터넷,2026-09-03,37.28,2138168,1869853.4,1.2,14311420928,43,65,55,74,55,1,HOLD,0.05,1,False,live,STOCK,52,NEUTRAL,NYSE
2026-09-04T08:01:23.835097+09:00,2026-09-04,AIZ,"Assurant, Inc.",US,금융,2026-09-03,287.71,207807,325640.35,5.1503,14190941184,69,60,63,68,58,0,HOLD,0.46,6,False,live,STOCK,25,NEUTRAL,NYSE
2026-09-04T08:01:23.835097+09:00,2026-09-04,HTHT,H World Group Limited,US,소비재,2026-09-03,46.34,1556315,1713615.75,1.5321,14250653696,58,60,60,74,60,1,HOLD,0.33,4,False,live,STOCK,48,NEUTRAL,NASDAQ
2026-09-04T08:01:23.835097+09:00,2026-09-04,ECHO,EchoStar Corporation,US,인터넷,2026-09-03,89.79,3725605,2829295.25,2.5586,26083162112,55,65,48,62,52,0,HOLD,-0.15,-2,False,live,STOCK,44,NEUTRAL,NASDAQ
2026-09-04T08:01:23.835097+09:00,2026-09-04,HL,Hecla Mining Company,US,소재,2026-09-03,21.21,29465685,37029259.25,1.162,14225809408,66,60,45,53,61,1,HOLD,0.64,8,False,live,STOCK,87,NEUTRAL,NYSE
2026-09-04T08:01:23.835097+09:00,2026-09-04,TKO,"TKO Group Holdings, Inc.",US,인터넷,2026-09-03,189.42,749524,969151.2,5.3346,35851468800,40,65,53,43,50,0,HOLD,-0.1,-1,False,live,STOCK,67,NEUTRAL,NYSE
2026-09-04T08:01:23.835097+09:00,2026-09-04,AIZN,"Assurant, Inc. 5.25% Subordinat",US,금융,2026-09-03,18.19,16572,11188.6,0.2571,,20,60,55,50,40,0,AVOID,-0.48,-6,True,live,STOCK,40,NEUTRAL,NYSE
2026-09-04T08:01:23.835097+09:00,2026-09-04,FN,Fabrinet,US,IT,2026-09-03,395.0,1050817,1045665.85,29.2429,14154771456,7,60,55,50,33,0,AVOID,-0.96,-12,True,live,STOCK,20,NEUTRAL,NYSE
2026-09-04T08:01:23.835097+09:00,2026-09-04,MKC,"McCormick & Company, Incorporated",US,소매,2026-09-03,52.58,2430037,2331006.85,1.4943,14136215552,50,60,63,78,64,2,WATCH,0.55,7,False,live,STOCK,72,NEUTRAL,NYSE
2026-09-04T08:01:23.835097+09:00,2026-09-04,CRL,Charles River Laboratories International,US,제약/바이오,2026-09-03,293.35,646345,889547.25,9.8229,14004198400,73,65,50,58,66,2,WATCH,0.81,10,False,live,STOCK,87,NEUTRAL,NYSE
2026-09-04T08:01:23.835097+09:00,2026-09-04,STRL,"Sterling Infrastructure, Inc.",US,산업재,2026-09-03,460.03,501981,529659.05,27.685,14071635968,10,60,68,58,41,0,AVOID,-0.67,-8,True,live,STOCK,32,NEUTRAL,NASDAQ
2026-09-04T08:01:23.835097+09:00,2026-09-04,KKRS,KKR Group Finance Co. IX LLC 4.,US,금융,2026-09-03,15.9,25178,25548.9,0.193,,28,60,58,50,44,0,AVOID,-0.3,-4,True,live,STOCK,40,NEUTRAL,NYSE
2026-09-04T08:01:23.835097+09:00,2026-09-04,MAS,Masco Corporation,US,소재,2026-09-03,71.42,1557073,1829468.65,1.7625,14083125248,28,60,73,68,56,1,HOLD,0.1,1,False,live,STOCK,59,NEUTRAL,NYSE
2026-09-04T08:01:23.835097+09:00,2026-09-04,OHI,"Omega Healthcare Investors, Inc.",US,리츠,2026-09-03,47.04,1526925,1644341.25,0.7106,14836193280,76,60,63,55,61,1,HOLD,0.54,6,False,live,STOCK,40,NEUTRAL,NYSE
2026-09-04T08:01:23.835097+09:00,2026-09-04,RNR,RenaissanceRe Holdings Ltd.,US,금융,2026-09-03,337.97,236618,235270.9,5.9781,14043292672,88,60,53,73,63,2,WATCH,0.7,8,False,live,STOCK,29,NEUTRAL,NYSE
2026-09-04T08:01:23.835097+09:00,2026-09-04,CHKP,Check Point Software Technologies Ltd.,US,IT,2026-09-03,137.41,757427,882861.35,4.3807,14029647872,69,60,50,60,62,1,HOLD,0.48,6,False,live,STOCK,74,NEUTRAL,NASDAQ
2026-09-04T08:01:23.835097+09:00,2026-09-04,TRMB,Trimble Inc.,US,IT,2026-09-03,60.1,2352429,4044756.45,1.7054,14014107648,62,60,63,60,62,0,HOLD,0.58,7,False,live,STOCK,64,NEUTRAL,NASDAQ
2026-09-04T08:01:23.835097+09:00,2026-09-04,QXO,"QXO, Inc.",US,산업재,2026-09-03,13.46,13284788,14711759.4,0.5711,13964624896,28,60,63,42,39,0,AVOID,-0.63,-8,True,live,STOCK,17,NEUTRAL,NYSE
2026-09-04T08:01:23.835097+09:00,2026-09-04,CSL,Carlisle Companies Incorporated,US,소재,2026-09-03,345.04,647792,591119.6,11.1412,13702964224,43,60,60,58,47,0,HOLD,-0.16,-2,False,live,STOCK,22,NEUTRAL,NYSE
2026-09-04T08:01:23.835097+09:00,2026-09-04,AEFC,Aegon Funding Company LLC,US,금융,2026-09-03,17.93,59611,66980.55,0.2536,,65,60,55,50,54,0,HOLD,0.14,2,False,live,STOCK,40,NEUTRAL,NYSE
2026-09-04T08:01:23.835097+09:00,2026-09-04,MLI,"Mueller Industries, Inc.",US,산업재,2026-09-03,62.96,1074853,1141877.65,2.0201,13925579776,43,60,50,55,50,0,HOLD,-0.11,-1,False,live,STOCK,55,NEUTRAL,NYSE
2026-09-04T08:01:23.835097+09:00,2026-09-04,CACI,CACI International Inc,US,IT,2026-09-03,630.0,244240,274212.0,17.8386,13922710528,44,60,55,53,58,1,HOLD,0.43,5,False,live,STOCK,86,NEUTRAL,NYSE
2026-09-04T08:01:23.835097+09:00,2026-09-04,TLN,Talen Energy Corporation,US,유틸리티,2026-09-03,305.52,680596,847579.8,14.7735,14638764032,7,60,63,70,40,1,AVOID,-0.76,-9,True,live,STOCK,26,NEUTRAL,NASDAQ
2026-09-04T08:01:23.835097+09:00,2026-09-04,REG,Regency Centers Corporation,US,리츠,2026-09-03,75.92,1268778,1094623.9,0.9214,14193906688,50,60,63,58,53,0,HOLD,0.07,1,False,live,STOCK,39,NEUTRAL,NASDAQ
2026-09-04T08:01:23.835097+09:00,2026-09-04,AEG,Aegon Ltd.,US,금융,2026-09-03,9.2,3419222,4189111.1,0.1404,13661030400,44,60,50,47,48,0,HOLD,0.11,1,False,live,STOCK,51,NEUTRAL,NYSE
2026-09-04T08:01:23.835097+09:00,2026-09-04,LULU,Lululemon Athletica Inc.,US,소비재,2026-09-03,121.77,15957993,4254064.65,4.73,13827460096,77,60,65,86,68,2,WATCH,0.7,8,False,live,STOCK,43,NEUTRAL,NASDAQ
2026-09-04T08:01:23.835097+09:00,2026-09-04,COO,"The Cooper Companies, Inc.",US,제약/바이오,2026-09-03,70.64,2096549,1627687.45,1.5129,13776963584,35,65,63,58,53,0,HOLD,0.08,1,False,live,STOCK,58,NEUTRAL,NASDAQ
2026-09-04T08:01:23.835097+09:00,2026-09-04,SJM,The J. M. Smucker Company,US,소매,2026-09-03,128.51,1209415,1306935.75,3.7464,13727846400,95,60,50,51,69,2,WATCH,1.01,12,False,live,STOCK,75,NEUTRAL,NYSE
2026-09-04T08:01:23.835097+09:00,2026-09-04,GDDY,GoDaddy Inc.,US,IT,2026-09-03,103.63,1895761,1799973.05,3.6293,13124501504,85,60,53,76,73,3,BUY,1.04,12,False,live,STOCK,83,NEUTRAL,NYSE
2026-09-04T08:01:23.835097+09:00,2026-09-04,GL,Globe Life Inc.,US,금융,2026-09-03,176.52,387785,480999.25,3.6046,13565464576,47,60,50,78,54,1,HOLD,0.19,2,False,live,STOCK,48,NEUTRAL,NYSE
2026-09-04T08:01:23.835097+09:00,2026-09-04,SMMT,Summit Therapeutics Inc.,US,제약/바이오,2026-09-03,17.13,14880873,6202738.65,1.02,13665451008,63,65,71,42,64,2,WATCH,0.76,9,False,live,STOCK,76,NEUTRAL,NASDAQ
2026-09-04T08:01:23.835097+09:00,2026-09-04,VIRT,"Virtu Financial, Inc.",US,금융,2026-09-03,64.19,1568398,1521529.9,3.4192,5668020736,95,60,63,70,76,3,BUY,1.19,14,False,live,STOCK,72,NEUTRAL,NYSE
2026-09-04T08:01:23.835097+09:00,2026-09-04,TXT,Textron Inc.,US,산업재,2026-09-03,79.37,1717092,1388309.6,1.705,13801568256,20,60,63,76,45,1,HOLD,-0.53,-6,False,live,STOCK,26,NEUTRAL,NYSE
2026-09-04T08:01:23.835097+09:00,2026-09-04,XELLL,Xcel Energy Inc. 6.25% Junior Subordinat,US,유틸리티,2026-09-03,22.3,64766,65753.3,0.2984,,20,60,55,60,42,0,AVOID,-0.47,-6,True,live,STOCK,40,NEUTRAL,NASDAQ
2026-09-04T08:01:23.835097+09:00,2026-09-04,GRAB,Grab Holdings Limited,US,IT,2026-09-03,3.42,32918718,31744265.9,0.115,13992252416,28,60,50,66,50,0,HOLD,-0.12,-1,False,live,STOCK,65,NEUTRAL,NASDAQ
2026-09-04T08:01:23.835097+09:00,2026-09-04,EMBJ,Embraer S.A.,US,산업재,2026-09-03,73.61,798852,1366392.6,2.0232,13099505664,51,60,55,61,57,0,HOLD,0.4,5,False,live,STOCK,63,NEUTRAL,NYSE
2026-09-04T08:01:23.835097+09:00,2026-09-04,BWA,BorgWarner Inc.,US,소비재,2026-09-03,65.73,1199564,1923428.2,1.9791,13386989568,43,60,63,74,51,1,HOLD,-0.19,-2,False,live,STOCK,23,NEUTRAL,NYSE
2026-09-04T08:01:23.835097+09:00,2026-09-04,AA,Alcoa Corporation,US,소재,2026-09-03,51.05,2552853,4815847.65,2.2759,13472576512,63,60,50,73,58,1,HOLD,0.04,0,False,live,STOCK,47,NEUTRAL,NYSE
2026-09-04T08:01:23.835097+09:00,2026-09-04,BNT,Brookfield Wealth Solutions Ltd.,US,금융,2026-09-03,40.41,17086,12759.3,0.6671,11087454208,20,60,55,60,42,0,AVOID,-0.52,-6,True,live,STOCK,40,NEUTRAL,NYSE
2026-09-04T08:01:23.835097+09:00,2026-09-04,SEIC,SEI Investments Company,US,금융,2026-09-03,111.46,749883,604709.15,1.7171,13377338368,63,60,45,50,59,1,HOLD,0.56,7,False,live,STOCK,83,NEUTRAL,NASDAQ
2026-09-04T08:01:23.835097+09:00,2026-09-04,LII,Lennox International Inc.,US,산업재,2026-09-03,386.08,761511,473735.55,10.9571,13343184896,37,60,63,60,46,0,HOLD,-0.42,-5,False,live,STOCK,20,NEUTRAL,NYSE
2026-09-04T08:01:23.835097+09:00,2026-09-04,CNA,CNA Financial Corporation,US,금융,2026-09-03,49.16,342353,347127.65,0.9548,13302742016,29,60,60,86,52,1,HOLD,0.06,1,False,live,STOCK,42,NEUTRAL,NYSE
2026-09-04T08:01:23.835097+09:00,2026-09-04,W,Wayfair Inc.,US,소비재,2026-09-03,96.98,2332336,2327126.8,4.5953,12801020928,54,60,50,45,50,0,HOLD,0.22,3,False,live,STOCK,48,NEUTRAL,NYSE
2026-09-04T08:01:23.835097+09:00,2026-09-04,FIVE,"Five Below, Inc.",US,소비재,2026-09-03,239.96,2579809,1162600.45,10.325,13268673536,51,60,68,66,61,0,HOLD,0.54,6,False,live,STOCK,61,NEUTRAL,NASDAQ
2026-09-04T08:01:23.835097+09:00,2026-09-04,PINS,"Pinterest, Inc.",US,인터넷,2026-09-03,20.85,12800495,10045719.75,0.8121,11679280128,35,65,48,59,48,0,HOLD,-0.18,-2,False,live,STOCK,58,NEUTRAL,NYSE
2026-09-04T08:01:23.835097+09:00,2026-09-04,TOL,"Toll Brothers, Inc.",US,소비재,2026-09-03,141.8,613179,881423.95,4.3557,13066444800,31,60,60,78,54,1,HOLD,0.01,0,False,live,STOCK,55,NEUTRAL,NYSE
2026-09-04T08:01:23.835097+09:00,2026-09-04,ALLY,Ally Financial Inc.,US,금융,2026-09-03,43.59,2710884,2934409.2,0.8956,13260063744,65,60,63,96,71,1,HOLD,0.67,8,False,live,STOCK,68,NEUTRAL,NYSE
2026-09-04T08:01:23.835097+09:00,2026-09-04,AVY,Avery Dennison Corporation,US,소비재,2026-09-03,173.03,814044,1048152.2,4.6589,13235131392,50,60,55,58,48,0,HOLD,0.05,1,False,live,STOCK,22,NEUTRAL,NYSE
2026-09-04T08:01:23.835097+09:00,2026-09-04,ALLE,Allegion plc,US,산업재,2026-09-03,155.56,1022158,1390987.9,3.8786,13228321792,51,60,45,58,51,0,HOLD,0.2,2,False,live,STOCK,51,NEUTRAL,NYSE
2026-09-04T08:01:23.835097+09:00,2026-09-04,BAX,Baxter International Inc.,US,제약/바이오,2026-09-03,25.57,4698366,5403863.3,0.7155,13219587072,51,65,66,63,60,0,HOLD,0.5,6,False,live,STOCK,61,NEUTRAL,NYSE
2026-09-04T08:01:23.835097+09:00,2026-09-04,UHAL,U-Haul Holding Company,US,산업재,2026-09-03,67.61,198167,146403.35,1.6075,13142943744,39,60,63,35,47,0,HOLD,0.12,1,False,live,STOCK,48,NEUTRAL,NYSE
2026-09-04T08:01:23.835097+09:00,2026-09-04,RPM,RPM International Inc.,US,소재,2026-09-03,103.43,1230424,1554526.2,2.8507,13202115584,35,60,60,58,43,0,AVOID,-0.33,-4,True,live,STOCK,16,NEUTRAL,NYSE
2026-09-04T08:01:23.835097+09:00,2026-09-04,WSE,Wise Group plc Class A Ordinary Shares,US,IT,2026-09-03,13.2,1841814,1017640.7,0.3393,12985228288,77,60,75,45,65,2,WATCH,0.83,10,False,live,STOCK,51,NEUTRAL,NASDAQ
2026-09-04T08:01:23.835097+09:00,2026-09-04,HALO,"Halozyme Therapeutics, Inc.",US,제약/바이오,2026-09-03,110.76,1889603,2323765.15,2.7936,12571038720,55,65,50,50,60,1,HOLD,0.57,7,False,live,STOCK,93,NEUTRAL,NASDAQ
2026-09-04T08:01:23.835097+09:00,2026-09-04,HAS,"Hasbro, Inc.",US,소비재,2026-09-03,93.0,1381557,1432547.85,1.945,13117134848,44,60,45,60,50,0,HOLD,0.11,1,False,live,STOCK,58,NEUTRAL,NASDAQ
2026-09-04T08:01:23.835097+09:00,2026-09-04,DTM,"DT Midstream, Inc.",US,에너지,2026-09-03,128.58,814400,1003890.0,3.8529,13117126656,47,60,65,50,51,0,HOLD,-0.11,-1,False,live,STOCK,36,NEUTRAL,NYSE
2026-09-04T08:01:23.835097+09:00,2026-09-04,IT,"Gartner, Inc.",US,IT,2026-09-03,195.46,1026494,1251929.7,7.8539,12343099392,62,60,45,84,64,2,WATCH,0.62,7,False,live,STOCK,77,NEUTRAL,NYSE
2026-09-04T08:01:23.835097+09:00,2026-09-04,HUBS,"HubSpot, Inc.",US,IT,2026-09-03,255.12,934575,1544118.75,12.1403,12721864704,84,60,55,59,70,2,WATCH,1.0,12,False,live,STOCK,84,NEUTRAL,NYSE
2026-09-04T08:01:23.835097+09:00,2026-09-04,BIPI,BIP Bermuda Holdings I Limited,US,산업재,2026-09-03,16.42,61161,14713.05,0.1882,,43,60,55,50,47,0,HOLD,-0.09,-1,False,live,STOCK,40,NEUTRAL,NYSE
2026-09-04T08:01:23.835097+09:00,2026-09-04,SREA,Sempra,US,유틸리티,2026-09-03,19.93,64644,60577.2,0.1929,,20,60,58,50,41,0,AVOID,-0.46,-6,True,live,STOCK,40,NEUTRAL,NYSE
2026-09-04T08:01:23.835097+09:00,2026-09-04,WSO,"Watsco, Inc.",US,산업재,2026-09-03,315.38,378379,502548.95,9.4296,13010116608,65,60,63,50,55,0,HOLD,0.05,1,False,live,STOCK,35,NEUTRAL,NYSE
2026-09-04T08:01:23.835097+09:00,2026-09-04,HMY,Harmony Gold Mining Company Limited,US,소재,2026-09-03,20.76,4234193,4027109.65,1.0868,12974531584,66,60,50,86,66,2,WATCH,0.7,8,False,live,STOCK,72,NEUTRAL,NYSE
2026-09-04T08:01:23.835097+09:00,2026-09-04,MANH,"Manhattan Associates, Inc.",US,IT,2026-09-03,222.35,534104,758070.2,6.9914,12964111360,58,60,50,35,58,1,HOLD,0.56,7,False,live,STOCK,93,NEUTRAL,NASDAQ
2026-09-04T08:01:23.835097+09:00,2026-09-04,MAIR,Madison Air Solutions Corporation,US,산업재,2026-09-03,25.68,1676529,2891481.45,1.8668,12884237312,37,60,70,50,46,1,HOLD,-0.38,-5,False,live,STOCK,20,NEUTRAL,NYSE
2026-09-04T08:01:23.835097+09:00,2026-09-04,BMRN,BioMarin Pharmaceutical Inc.,US,제약/바이오,2026-09-03,66.43,1477672,2244868.6,1.6907,12859105280,47,65,66,51,57,0,HOLD,0.43,5,False,live,STOCK,64,NEUTRAL,NASDAQ
2026-09-04T08:01:23.835097+09:00,2026-09-04,CSGP,"CoStar Group, Inc.",US,리츠,2026-09-03,31.68,4540613,6722065.65,1.3193,12836660224,43,60,63,51,46,0,HOLD,-0.25,-3,False,live,STOCK,20,NEUTRAL,NASDAQ
2026-09-04T08:01:23.835097+09:00,2026-09-04,QNT,Quantinuum Inc. Class A Common Stock,US,IT,2026-09-03,48.7,1531845,1597782.25,3.2764,12823106560,17,60,65,58,43,0,AVOID,-0.57,-7,True,live,STOCK,33,NEUTRAL,NASDAQ
2026-09-04T08:01:23.835097+09:00,2026-09-04,CHYM,"Chime Financial, Inc. Class A Common Sto",US,IT,2026-09-03,33.65,4265365,8263103.25,1.3351,12739389440,73,60,55,62,66,2,WATCH,0.81,10,False,live,STOCK,78,NEUTRAL,NASDAQ
2026-09-04T08:01:23.835097+09:00,2026-09-04,DOCN,"DigitalOcean Holdings, Inc.",US,IT,2026-09-03,109.4,1846391,2123159.55,7.8224,12789745664,15,60,73,26,38,1,AVOID,-0.67,-8,True,live,STOCK,30,NEUTRAL,NYSE
2026-09-04T08:01:23.835097+09:00,2026-09-04,FNF,"Fidelity National Financial, Inc.",US,금융,2026-09-03,47.28,2499398,1600189.9,0.9186,12680157184,25,60,63,84,47,1,HOLD,-0.3,-4,False,live,STOCK,19,NEUTRAL,NYSE
2026-09-04T08:01:23.835097+09:00,2026-09-04,NXT,Nextpower Inc.,US,에너지,2026-09-03,83.5,1424135,1967906.75,4.0747,12828802048,7,60,53,53,32,0,AVOID,-0.99,-12,True,live,STOCK,17,NEUTRAL,NASDAQ
2026-09-04T08:01:23.835097+09:00,2026-09-04,PEN,"Penumbra, Inc.",US,제약/바이오,2026-09-03,321.14,313870,260723.5,2.3564,12649520128,43,65,55,30,46,0,HOLD,-0.11,-1,False,live,STOCK,51,NEUTRAL,NYSE
2026-09-04T08:01:23.835097+09:00,2026-09-04,GGG,Graco Inc.,US,산업재,2026-09-03,77.88,1716602,2500885.1,1.7236,12612963328,47,60,63,50,46,0,HOLD,-0.07,-1,False,live,STOCK,16,NEUTRAL,NYSE
2026-09-04T08:01:23.835097+09:00,2026-09-04,SMTC,Semtech Corporation,US,반도체,2026-09-03,135.4,1840680,3134859.0,11.2379,12636289024,80,65,66,35,62,1,HOLD,0.43,5,False,live,STOCK,55,NEUTRAL,NASDAQ
2026-09-04T08:01:23.835097+09:00,2026-09-04,TME,Tencent Music Entertainment Group,US,인터넷,2026-09-03,8.2,8111790,12331139.5,0.2532,13364073472,28,65,58,78,55,1,HOLD,-0.14,-2,False,live,STOCK,66,NEUTRAL,NYSE
2026-09-04T08:01:23.835097+09:00,2026-09-04,DOCU,"DocuSign, Inc.",US,IT,2026-09-03,65.97,5620654,3152167.7,2.3432,12596616192,92,60,50,66,70,1,HOLD,0.98,12,False,live,STOCK,69,NEUTRAL,NASDAQ
2026-09-04T08:01:23.835097+09:00,2026-09-04,CCK,"Crown Holdings, Inc.",US,소비재,2026-09-03,115.59,609760,749238.0,2.3607,12571627520,51,60,60,84,62,1,HOLD,0.52,6,False,live,STOCK,61,NEUTRAL,NYSE
2026-09-04T08:01:23.835097+09:00,2026-09-04,ONTO,Onto Innovation Inc.,US,반도체,2026-09-03,252.46,856282,1017489.1,17.4961,15431223296,35,65,63,51,46,0,HOLD,-0.19,-2,False,live,STOCK,33,NEUTRAL,NYSE
2026-09-04T08:01:23.835097+09:00,2026-09-04,IESC,"IES Holdings, Inc.",US,산업재,2026-09-03,315.09,370553,197732.65,53.4729,12555930624,7,60,45,42,36,0,AVOID,-0.82,-10,True,live,STOCK,59,NEUTRAL,NASDAQ
2026-09-04T08:01:23.835097+09:00,2026-09-04,MDGL,"Madrigal Pharmaceuticals, Inc.",US,제약/바이오,2026-09-03,542.61,143452,249542.6,18.1786,12536529920,76,65,50,26,54,1,HOLD,0.47,6,False,live,STOCK,55,NEUTRAL,NASDAQ
2026-09-04T08:01:23.835097+09:00,2026-09-04,ICLR,ICON Public Limited Company,US,제약/바이오,2026-09-03,163.58,594044,528377.2,6.4332,12620884992,32,65,50,51,50,1,HOLD,0.05,1,False,live,STOCK,74,NEUTRAL,NASDAQ
2026-09-04T08:01:23.835097+09:00,2026-09-04,SF,Stifel Financial Corp,US,금융,2026-09-03,82.28,813523,962301.15,1.8729,12424422400,62,60,52,76,60,1,HOLD,0.51,6,False,live,STOCK,54,NEUTRAL,NYSE
2026-09-04T08:01:23.835097+09:00,2026-09-04,TXRH,"Texas Roadhouse, Inc.",US,소비재,2026-09-03,189.06,884939,750736.95,4.2384,12410074112,39,60,53,42,44,0,AVOID,-0.06,-1,True,live,STOCK,42,NEUTRAL,NASDAQ
2026-09-04T08:01:23.835097+09:00,2026-09-04,AUR,"Aurora Innovation, Inc.",US,IT,2026-09-03,6.32,55332703,30490525.15,0.3914,12666261504,40,60,50,50,52,1,HOLD,0.04,0,False,live,STOCK,76,NEUTRAL,NASDAQ
2026-09-04T08:01:23.835097+09:00,2026-09-04,HBM,Hudbay Minerals Inc.,US,소재,2026-09-03,27.69,3019387,4480734.35,1.3757,12298369024,47,60,60,60,56,0,HOLD,0.28,3,False,live,STOCK,61,NEUTRAL,NYSE
2026-09-04T08:01:23.835097+09:00,2026-09-04,FIG,"Figma, Inc.",US,IT,2026-09-03,25.22,16785539,16112276.95,1.6689,13442507776,47,60,50,30,47,0,HOLD,0.16,2,False,live,STOCK,61,NEUTRAL,NYSE
2026-09-04T08:01:23.835097+09:00,2026-09-04,AGNC,AGNC Investment Corp.,US,리츠,2026-09-03,10.66,15748324,14653901.2,0.1442,12637232128,47,60,60,65,56,0,HOLD,0.26,3,False,live,STOCK,55,NEUTRAL,NASDAQ
2026-09-04T08:01:23.835097+09:00,2026-09-04,AR,Antero Resources Corporation,US,에너지,2026-09-03,39.69,2469858,3477807.9,1.0186,12202253312,71,60,55,78,67,2,WATCH,0.73,9,False,live,STOCK,69,NEUTRAL,NYSE
2026-09-04T08:01:23.835097+09:00,2026-09-04,CORT,Corcept Therapeutics Incorporated,US,제약/바이오,2026-09-03,112.8,611079,817983.95,4.3961,12193500160,51,65,63,43,58,1,HOLD,0.5,6,False,live,STOCK,75,NEUTRAL,NASDAQ
2026-09-04T08:01:23.835097+09:00,2026-09-04,ELAN,Elanco Animal Health Incorporated,US,제약/바이오,2026-09-03,24.42,5924695,7172739.75,0.7636,12200765440,72,65,72,53,68,3,WATCH,0.73,9,False,live,STOCK,70,NEUTRAL,NYSE
2026-09-04T08:01:23.835097+09:00,2026-09-04,ARWR,"Arrowhead Pharmaceuticals, Inc.",US,제약/바이오,2026-09-03,86.49,1370547,1102387.35,2.9483,12182723584,47,65,60,42,50,0,HOLD,0.21,3,False,live,STOCK,46,NEUTRAL,NASDAQ
2026-09-04T08:01:23.835097+09:00,2026-09-04,LI,Li Auto Inc.,US,소비재,2026-09-03,12.06,3169878,2728058.9,0.3439,12473758720,18,60,55,47,38,0,AVOID,-0.73,-9,True,live,STOCK,33,NEUTRAL,NASDAQ
2026-09-04T08:01:23.835097+09:00,2026-09-04,EHC,Encompass Health Corporation,US,제약/바이오,2026-09-03,122.59,759686,899029.3,2.3036,12093918208,62,65,45,58,56,0,HOLD,0.42,5,False,live,STOCK,61,NEUTRAL,NYSE
2026-09-04T08:01:23.835097+09:00,2026-09-04,CART,Maplebear Inc.,US,IT,2026-09-03,51.72,2818902,4296445.1,1.5329,11973183488,73,60,50,66,66,2,WATCH,0.8,10,False,live,STOCK,81,NEUTRAL,NASDAQ
2026-09-04T08:01:23.835097+09:00,2026-09-04,ELS,"Equity LifeStyle Properties, Inc.",US,리츠,2026-09-03,62.61,1086236,1236031.8,0.9229,12546033664,20,60,55,45,42,0,AVOID,-0.33,-4,True,live,STOCK,55,NEUTRAL,NYSE
2026-09-04T08:01:23.835097+09:00,2026-09-04,IAG,Iamgold Corporation,US,소재,2026-09-03,20.94,3507973,5900568.65,1.0033,11956740096,66,60,60,73,70,2,WATCH,0.87,10,False,live,STOCK,87,NEUTRAL,NYSE
2026-09-04T08:01:23.835097+09:00,2026-09-04,RTO,Rentokil Initial plc,US,산업재,2026-09-03,24.02,1313295,1321909.75,0.3918,12088016896,55,60,55,74,57,1,HOLD,-0.02,0,False,live,STOCK,46,NEUTRAL,NYSE
2026-09-04T08:01:23.835097+09:00,2026-09-04,MICC,The Magnum Ice Cream Company N.V.,US,소매,2026-09-03,19.74,870841,736847.05,0.4141,12031367168,47,60,63,50,57,0,HOLD,0.43,5,False,live,STOCK,69,NEUTRAL,NYSE
2026-09-04T08:01:23.835097+09:00,2026-09-04,FMS,Fresenius Medical Care AG & Co. KGaA,US,제약/바이오,2026-09-03,22.47,648591,677294.55,0.3521,11958968320,20,65,58,100,47,1,HOLD,-0.37,-4,False,live,STOCK,16,NEUTRAL,NYSE
2026-09-04T08:01:23.835097+09:00,2026-09-04,BTSG,"BrightSpring Health Services, Inc. Commo",US,제약/바이오,2026-09-03,61.43,2108332,2287236.6,2.2344,12154800128,69,65,50,58,53,0,HOLD,0.25,3,False,live,STOCK,30,NEUTRAL,NASDAQ
2026-09-04T08:01:23.835097+09:00,2026-09-04,SNN,Smith & Nephew plc,US,제약/바이오,2026-09-03,28.69,3197644,1665532.2,0.5643,12006947840,28,65,60,58,43,0,AVOID,-0.45,-5,True,live,STOCK,23,NEUTRAL,NYSE
2026-09-04T08:01:23.835097+09:00,2026-09-04,PSKY,Paramount Skydance Corporation Class B C,US,인터넷,2026-09-03,11.04,9272583,10144569.15,0.4079,12355671040,74,65,53,59,68,2,WATCH,0.79,9,False,live,STOCK,90,NEUTRAL,NASDAQ
2026-09-04T08:01:23.835097+09:00,2026-09-04,DKNG,DraftKings Inc.,US,소비재,2026-09-03,24.19,6888338,11133721.9,1.2516,12009224192,43,60,60,60,58,1,HOLD,0.18,2,False,live,STOCK,76,NEUTRAL,NASDAQ
2026-09-04T08:01:23.835097+09:00,2026-09-04,GLPI,"Gaming and Leisure Properties, Inc.",US,리츠,2026-09-03,42.36,3686240,4009997.0,0.8734,12686840832,28,60,60,60,46,0,HOLD,-0.38,-5,False,live,STOCK,36,NEUTRAL,NASDAQ
2026-09-04T08:01:23.835097+09:00,2026-09-04,AFG,"American Financial Group, Inc.",US,금융,2026-09-03,144.34,181610,306230.5,2.3995,11968883712,62,60,53,60,62,1,HOLD,0.55,7,False,live,STOCK,77,NEUTRAL,NYSE
2026-09-04T08:01:23.835097+09:00,2026-09-04,TTMI,"TTM Technologies, Inc.",US,IT,2026-09-03,115.39,1814600,2471795.0,8.1221,12156205056,37,60,56,50,42,0,AVOID,-0.51,-6,True,live,STOCK,23,NEUTRAL,NASDAQ
2026-09-04T08:01:23.835097+09:00,2026-09-04,JKHY,"Jack Henry & Associates, Inc.",US,IT,2026-09-03,168.37,616510,951200.5,5.1365,11804859392,56,60,63,50,61,1,HOLD,0.6,7,False,live,STOCK,75,NEUTRAL,NASDAQ
2026-09-04T08:01:23.835097+09:00,2026-09-04,DKS,"DICK'S Sporting Goods, Inc.",US,소비재,2026-09-03,139.77,3383989,5183209.45,10.6064,12509769728,7,60,75,68,44,1,AVOID,-0.62,-7,True,live,STOCK,29,NEUTRAL,NYSE
2026-09-04T08:01:23.835097+09:00,2026-09-04,HRL,Hormel Foods Corporation,US,소매,2026-09-03,21.68,4992909,5355695.45,0.5955,11931604992,20,60,58,66,43,0,AVOID,-0.5,-6,True,live,STOCK,32,NEUTRAL,NYSE
2026-09-04T08:01:23.835097+09:00,2026-09-04,ERIE,Erie Indemnity Company,US,금융,2026-09-03,258.37,199742,318592.1,8.82,13510132736,55,60,60,58,58,0,HOLD,0.45,5,False,live,STOCK,58,NEUTRAL,NASDAQ
2026-09-04T08:01:23.835097+09:00,2026-09-04,AIT,"Applied Industrial Technologies, Inc.",US,산업재,2026-09-03,322.46,254100,285670.0,8.2243,11833912320,35,60,60,50,48,0,HOLD,-0.09,-1,False,live,STOCK,48,NEUTRAL,NYSE
2026-09-04T08:01:23.835097+09:00,2026-09-04,BJ,"BJ's Wholesale Club Holdings, Inc.",US,소매,2026-09-03,93.19,1325609,1975535.45,2.9414,11771266048,43,60,50,50,44,0,AVOID,-0.16,-2,True,live,STOCK,32,NEUTRAL,NYSE
2026-09-04T08:01:23.835097+09:00,2026-09-04,WTRG,"Essential Utilities, Inc.",US,유틸리티,2026-09-03,41.87,2875584,2002664.2,0.8314,11881808896,88,60,63,37,68,2,WATCH,0.99,12,False,live,STOCK,78,NEUTRAL,NYSE
2026-09-04T08:01:23.835097+09:00,2026-09-04,PNW,Pinnacle West Capital Corporation,US,유틸리티,2026-09-03,98.0,932457,975042.85,1.4964,11877328896,39,60,63,42,46,0,HOLD,-0.22,-3,False,live,STOCK,33,NEUTRAL,NYSE
2026-09-04T08:01:23.835097+09:00,2026-09-04,WTS,"Watts Water Technologies, Inc.",US,산업재,2026-09-03,355.53,182053,178567.65,8.2413,11868676096,39,60,73,45,45,1,HOLD,-0.03,0,False,live,STOCK,10,NEUTRAL,NYSE
2026-09-04T08:01:23.835097+09:00,2026-09-04,FHN,First Horizon Corporation,US,금융,2026-09-03,24.96,2175360,4408803.0,0.4707,11825477632,25,60,55,60,51,1,HOLD,-0.03,0,False,live,STOCK,76,NEUTRAL,NYSE
2026-09-04T08:01:23.835097+09:00,2026-09-04,AMH,American Homes 4 Rent,US,리츠,2026-09-03,32.71,2491643,1902517.15,0.4893,13409529856,43,60,75,58,52,1,HOLD,0.01,0,False,live,STOCK,25,NEUTRAL,NYSE
2026-09-04T08:01:23.835097+09:00,2026-09-04,CR,Crane Company,US,산업재,2026-09-03,202.93,325646,377772.3,6.0734,11729425408,21,60,63,58,42,0,AVOID,-0.31,-4,True,live,STOCK,26,NEUTRAL,NYSE
2026-09-04T08:01:23.835097+09:00,2026-09-04,UDR,"UDR, Inc.",US,리츠,2026-09-03,36.37,2658800,2567160.0,0.5686,13475653632,28,60,60,53,40,0,AVOID,-0.51,-6,True,live,STOCK,17,NEUTRAL,NYSE
2026-09-04T08:01:23.835097+09:00,2026-09-04,DVA,DaVita Inc.,US,제약/바이오,2026-09-03,181.66,674157,681392.85,4.225,11659847680,65,65,53,84,61,1,HOLD,0.25,3,False,live,STOCK,44,NEUTRAL,NYSE
2026-09-04T08:01:23.835097+09:00,2026-09-04,AMKR,"Amkor Technology, Inc.",US,반도체,2026-09-03,46.94,3874779,4148538.95,2.9929,11635135488,7,65,50,58,33,0,AVOID,-0.96,-12,True,live,STOCK,23,NEUTRAL,NASDAQ
2026-09-04T08:01:23.835097+09:00,2026-09-04,AHR,"American Healthcare REIT, Inc.",US,리츠,2026-09-03,55.76,2851098,3129854.9,1.0604,12155611136,69,60,58,43,63,1,HOLD,0.76,9,False,live,STOCK,83,NEUTRAL,NYSE
2026-09-04T08:01:23.835097+09:00,2026-09-04,DECK,Deckers Outdoor Corporation,US,소비재,2026-09-03,84.5,2441582,2594644.1,2.5786,11507366912,18,60,63,68,43,0,AVOID,-0.62,-7,True,live,STOCK,26,NEUTRAL,NYSE
2026-09-04T08:01:23.835097+09:00,2026-09-04,EVR,Evercore Inc.,US,금융,2026-09-03,296.91,416052,510102.6,8.7247,11418498048,62,60,63,68,56,0,HOLD,0.04,0,False,live,STOCK,26,NEUTRAL,NYSE
2026-09-04T08:01:23.835097+09:00,2026-09-04,DPZ,"Domino's Pizza, Inc.",US,소비재,2026-09-03,347.03,594976,823328.8,11.5929,11480354816,55,60,50,50,52,0,HOLD,0.25,3,False,live,STOCK,54,NEUTRAL,NASDAQ
2026-09-04T08:01:23.835097+09:00,2026-09-04,PAYP,PayPay Corporation,US,IT,2026-09-03,16.93,1142218,673120.9,0.6796,11464033280,73,60,55,68,59,1,HOLD,0.49,6,False,live,STOCK,34,NEUTRAL,NASDAQ
2026-09-04T08:01:23.835097+09:00,2026-09-04,HII,"Huntington Ingalls Industries, Inc.",US,산업재,2026-09-03,290.73,287827,392161.35,7.6317,11456099328,32,60,55,60,42,0,AVOID,-0.39,-5,True,live,STOCK,19,NEUTRAL,NYSE
2026-09-04T08:01:23.835097+09:00,2026-09-04,ALGN,"Align Technology, Inc.",US,제약/바이오,2026-09-03,159.855,694132,797691.6,5.7978,11356076032,17,65,63,74,53,2,HOLD,-0.16,-2,False,live,STOCK,70,NEUTRAL,NASDAQ
2026-09-04T08:01:23.835097+09:00,2026-09-04,EGO,Eldorado Gold Corporation,US,소재,2026-09-03,43.79,2913503,2899260.15,2.1772,11420884992,73,60,55,55,59,1,HOLD,0.58,7,False,live,STOCK,49,NEUTRAL,NYSE
2026-09-04T08:01:23.835097+09:00,2026-09-04,CLX,The Clorox Company,US,소매,2026-09-03,94.29,2331654,2872542.7,2.9313,11402585088,35,60,60,50,48,0,HOLD,-0.12,-1,False,live,STOCK,45,NEUTRAL,NYSE
2026-09-04T08:01:23.835097+09:00,2026-09-04,TX,Ternium S.A.,US,소재,2026-09-03,57.98,1020792,621244.6,1.8111,11381918720,55,60,60,78,67,2,WATCH,0.7,8,False,live,STOCK,83,NEUTRAL,NYSE
2026-09-04T08:01:23.835097+09:00,2026-09-04,TECH,Bio-Techne Corporation,US,제약/바이오,2026-09-03,72.45,2542828,2596601.4,0.2077,11361480704,66,65,73,43,65,2,WATCH,0.8,10,False,live,STOCK,72,NEUTRAL,NASDAQ
2026-09-04T08:01:23.835097+09:00,2026-09-04,TEM,"Tempus AI, Inc.",US,제약/바이오,2026-09-03,64.66,4894023,7823021.15,5.7,11666911232,66,65,50,42,59,1,HOLD,0.61,7,False,live,STOCK,81,NEUTRAL,NASDAQ
2026-09-04T08:01:23.835097+09:00,2026-09-04,KNX,Knight-Swift Transportation Holdings Inc,US,산업재,2026-09-03,69.57,3911790,2803609.5,2.3121,11322935296,28,60,63,51,44,0,AVOID,-0.44,-5,True,live,STOCK,32,NEUTRAL,NYSE
2026-09-04T08:01:23.835097+09:00,2026-09-04,SUZ,Suzano S.A.,US,소재,2026-09-03,9.15,2221910,3875740.5,0.2611,11268780032,74,60,55,70,66,2,WATCH,0.74,9,False,live,STOCK,67,NEUTRAL,NYSE
2026-09-04T08:01:23.835097+09:00,2026-09-04,SCI,Service Corporation International,US,소비재,2026-09-03,82.78,654473,690208.65,1.5568,11282216960,47,60,48,50,48,0,HOLD,0.1,1,False,live,STOCK,45,NEUTRAL,NYSE
2026-09-04T08:01:23.835097+09:00,2026-09-04,NVMI,Nova Ltd.,US,반도체,2026-09-03,352.7,664768,454863.4,17.0036,11218032640,7,65,40,50,30,0,AVOID,-1.05,-13,True,live,STOCK,30,NEUTRAL,NASDAQ
2026-09-04T08:01:23.835097+09:00,2026-09-04,FDS,FactSet Research Systems Inc.,US,금융,2026-09-03,312.96,637550,801562.5,11.0879,11130592256,95,60,55,66,74,2,WATCH,1.13,14,False,live,STOCK,77,NEUTRAL,NYSE
2026-09-04T08:01:23.835097+09:00,2026-09-04,APC,ARKO Petroleum Corp. Class A Common Stoc,US,에너지,2026-09-03,18.5,322150,188012.5,0.4778,1527549184,28,60,55,58,54,1,HOLD,-0.03,0,False,live,STOCK,85,NEUTRAL,NASDAQ
2026-09-04T08:01:23.835097+09:00,2026-09-04,JEF,Jefferies Financial Group Inc.,US,금융,2026-09-03,54.26,1150143,1673977.15,1.4708,11036049408,65,60,60,68,58,0,HOLD,0.23,3,False,live,STOCK,33,NEUTRAL,NYSE
2026-09-04T08:01:23.835097+09:00,2026-09-04,SAIL,"SailPoint, Inc.",US,IT,2026-09-03,19.39,2361907,3233770.35,1.1319,10997677056,62,60,60,42,60,1,HOLD,0.5,6,False,live,STOCK,75,NEUTRAL,NASDAQ
2026-09-04T08:01:23.835097+09:00,2026-09-04,AEIS,"Advanced Energy Industries, Inc.",US,IT,2026-09-03,274.3,572800,500395.0,16.4461,10985835520,25,60,50,50,37,0,AVOID,-0.63,-8,True,live,STOCK,23,NEUTRAL,NASDAQ
2026-09-04T08:01:23.835097+09:00,2026-09-04,FROG,JFrog Ltd.,US,IT,2026-09-03,90.61,2749520,2247761.0,5.8548,11172331520,47,60,60,27,51,0,HOLD,0.22,3,False,live,STOCK,69,NEUTRAL,NASDAQ
2026-09-04T08:01:23.835097+09:00,2026-09-04,KRYS,"Krystal Biotech, Inc.",US,제약/바이오,2026-09-03,371.47,226477,204773.85,10.5382,10995079168,67,65,45,34,50,0,HOLD,0.3,4,False,live,STOCK,46,NEUTRAL,NASDAQ
2026-09-04T08:01:23.835097+09:00,2026-09-04,BPOP,"Popular, Inc.",US,금융,2026-09-03,171.33,413884,413864.2,3.3079,10927170560,44,60,53,70,53,1,HOLD,0.16,2,False,live,STOCK,48,NEUTRAL,NASDAQ
2026-09-04T08:01:23.835097+09:00,2026-09-04,TFII,TFI International Inc.,US,산업재,2026-09-03,132.81,206003,210655.15,4.2036,10916056064,15,60,63,66,45,0,HOLD,-0.56,-7,False,live,STOCK,41,NEUTRAL,NYSE
2026-09-04T08:01:23.835097+09:00,2026-09-04,UMBF,UMB Financial Corporation,US,금융,2026-09-03,143.44,408496,473209.8,3.0496,10894272512,44,60,50,70,54,1,HOLD,0.21,3,False,live,STOCK,61,NEUTRAL,NASDAQ
2026-09-04T08:01:23.835097+09:00,2026-09-04,NYT,The New York Times Company,US,인터넷,2026-09-03,67.06,1269134,1797791.7,1.4014,10815676416,72,65,63,53,59,1,HOLD,0.21,3,False,live,STOCK,39,NEUTRAL,NYSE
2026-09-04T08:01:23.835097+09:00,2026-09-04,BXP,"BXP, Inc.",US,리츠,2026-09-03,68.23,1037057,1160697.85,1.68,12341267456,32,60,63,58,51,0,HOLD,0.08,1,False,live,STOCK,54,NEUTRAL,NYSE
2026-09-04T08:01:23.835097+09:00,2026-09-04,OC,Owens Corning,US,소재,2026-09-03,134.71,1142495,819509.75,4.2529,10648648704,39,60,60,78,55,1,HOLD,0.22,3,False,live,STOCK,48,NEUTRAL,NYSE
2026-09-04T08:01:23.835097+09:00,2026-09-04,PAYC,"Paycom Software, Inc.",US,IT,2026-09-03,240.52,591986,714854.3,6.7913,10840626176,58,60,58,50,63,1,HOLD,0.68,8,False,live,STOCK,90,NEUTRAL,NYSE
2026-09-04T08:01:23.835097+09:00,2026-09-04,ENLT,Enlight Renewable Energy Ltd,US,유틸리티,2026-09-03,77.46,99518,152610.9,2.5854,10831176704,25,60,50,35,34,0,AVOID,-0.81,-10,True,live,STOCK,20,NEUTRAL,NASDAQ
2026-09-04T08:01:23.835097+09:00,2026-09-04,RRX,Regal Rexnord Corporation,US,산업재,2026-09-03,162.61,1197144,1253832.2,5.4971,10828504064,37,60,63,58,46,0,HOLD,-0.43,-5,False,live,STOCK,20,NEUTRAL,NYSE
2026-09-04T08:01:23.835097+09:00,2026-09-04,PAC,"Grupo Aeroportuario del Pacífico, S.A.B.",US,산업재,2026-09-03,208.29,188299,117494.95,5.5764,12393633792,50,60,60,50,49,0,HOLD,-0.15,-2,False,live,STOCK,30,NEUTRAL,NYSE
2026-09-04T08:01:23.835097+09:00,2026-09-04,ARW,"Arrow Electronics, Inc.",US,IT,2026-09-03,210.87,288229,571541.45,7.1818,10734426112,65,60,60,84,67,1,HOLD,0.47,6,False,live,STOCK,62,NEUTRAL,NYSE
2026-09-04T08:01:23.835097+09:00,2026-09-04,GNRC,Generac Holdings Inc.,US,산업재,2026-09-03,183.02,985608,965575.4,8.1865,10799212544,10,60,50,58,34,0,AVOID,-0.94,-11,True,live,STOCK,20,NEUTRAL,NYSE
2026-09-04T08:01:23.835097+09:00,2026-09-04,SWKS,"Skyworks Solutions, Inc.",US,반도체,2026-09-03,71.5,4022469,5447988.45,3.0028,10754026496,84,65,66,53,68,1,HOLD,0.7,8,False,live,STOCK,62,NEUTRAL,NASDAQ
2026-09-04T08:01:23.835097+09:00,2026-09-04,AXSM,"Axsome Therapeutics, Inc.",US,제약/바이오,2026-09-03,208.35,558818,669145.9,6.391,10913543168,50,65,60,26,46,0,HOLD,-0.19,-2,False,live,STOCK,39,NEUTRAL,NASDAQ
2026-09-04T08:01:23.835097+09:00,2026-09-04,EGP,"EastGroup Properties, Inc.",US,리츠,2026-09-03,198.47,356630,350431.5,2.5593,10672390144,28,60,63,45,46,0,HOLD,-0.18,-2,False,live,STOCK,49,NEUTRAL,NYSE
2026-09-04T08:01:23.835097+09:00,2026-09-04,AM,Antero Midstream Corporation,US,에너지,2026-09-03,22.46,2112990,2302194.5,0.5201,10661177344,84,60,60,58,61,1,HOLD,0.56,7,False,live,STOCK,32,NEUTRAL,NYSE
2026-09-04T08:01:23.835097+09:00,2026-09-04,ALSN,"Allison Transmission Holdings, Inc.",US,소비재,2026-09-03,128.44,531178,736193.9,4.2419,10606323712,62,60,50,66,55,0,HOLD,0.3,4,False,live,STOCK,39,NEUTRAL,NYSE
2026-09-04T08:01:23.835097+09:00,2026-09-04,GKOS,Glaukos Corporation,US,제약/바이오,2026-09-03,180.35,610183,630034.15,5.7571,10637753344,51,65,45,27,52,1,HOLD,0.36,4,False,live,STOCK,90,NEUTRAL,NYSE
2026-09-04T08:01:23.835097+09:00,2026-09-04,CPT,Camden Property Trust,US,리츠,2026-09-03,105.6,1040434,825591.7,1.5211,10616955904,20,60,66,45,40,0,AVOID,-0.51,-6,True,live,STOCK,26,NEUTRAL,NYSE
2026-09-04T08:01:23.835097+09:00,2026-09-04,MOH,"Molina Healthcare, Inc.",US,제약/바이오,2026-09-03,202.91,384368,578663.4,6.35,10591901696,66,65,63,59,54,0,HOLD,0.25,3,False,live,STOCK,17,NEUTRAL,NYSE
2026-09-04T08:01:23.835097+09:00,2026-09-04,XPEV,XPeng Inc.,US,소비재,2026-09-03,11.14,7049981,7657914.05,0.4548,10656452608,21,60,60,35,39,0,AVOID,-0.63,-8,True,live,STOCK,39,NEUTRAL,NYSE
2026-09-04T08:01:23.835097+09:00,2026-09-04,GSAT,"Globalstar, Inc.",US,인터넷,2026-09-03,81.98,357514,696600.7,0.6914,10621606912,43,65,53,27,45,0,HOLD,-0.12,-1,False,live,STOCK,52,NEUTRAL,NASDAQ
2026-09-04T08:01:23.835097+09:00,2026-09-04,AG,First Majestic Silver Corp.,US,소재,2026-09-03,21.39,10049108,10069485.4,1.1456,10543266816,66,60,45,66,60,0,HOLD,0.56,7,False,live,STOCK,69,NEUTRAL,NYSE
2026-09-04T08:01:23.835097+09:00,2026-09-04,AES,The AES Corporation,US,유틸리티,2026-09-03,14.78,9147096,7353759.8,0.0514,10540470272,65,60,58,70,65,1,HOLD,0.52,6,False,live,STOCK,69,NEUTRAL,NYSE
2026-09-04T08:01:23.835097+09:00,2026-09-04,GMED,"Globus Medical, Inc.",US,제약/바이오,2026-09-03,78.12,1400614,1296535.7,2.3582,10488541184,35,65,60,66,54,0,HOLD,-0.0,0,False,live,STOCK,61,NEUTRAL,NYSE
2026-09-04T08:01:23.835097+09:00,2026-09-04,LFUS,"Littelfuse, Inc.",US,IT,2026-09-03,414.24,148756,207187.8,16.4029,10521177088,40,60,45,50,40,0,AVOID,-0.5,-6,True,live,STOCK,23,NEUTRAL,NASDAQ
2026-09-04T08:01:23.835097+09:00,2026-09-04,DCI,"Donaldson Company, Inc.",US,산업재,2026-09-03,90.6,485741,607587.05,2.3411,10501541888,47,60,63,58,55,0,HOLD,0.27,3,False,live,STOCK,54,NEUTRAL,NYSE
2026-09-04T08:01:23.835097+09:00,2026-09-04,SANM,Sanmina Corporation,US,IT,2026-09-03,195.69,586502,603400.1,9.5132,10488466432,40,60,65,58,49,0,HOLD,-0.29,-3,False,live,STOCK,30,NEUTRAL,NASDAQ
2026-09-04T08:01:23.835097+09:00,2026-09-04,XP,XP Inc.,US,금융,2026-09-03,20.0,8825830,5459931.5,0.8214,10148859904,70,60,55,70,60,2,WATCH,0.53,6,False,live,STOCK,40,NEUTRAL,NASDAQ
2026-09-04T08:01:23.835097+09:00,2026-09-04,DAR,Darling Ingredients Inc.,US,소매,2026-09-03,65.75,2061530,2676606.5,3.2443,10375541760,84,60,50,63,70,2,WATCH,0.92,11,False,live,STOCK,87,NEUTRAL,NYSE
2026-09-04T08:01:23.835097+09:00,2026-09-04,BIO,"Bio-Rad Laboratories, Inc.",US,제약/바이오,2026-09-03,387.9,148022,248866.1,10.795,10380823552,58,65,60,37,60,1,HOLD,0.61,7,False,live,STOCK,84,NEUTRAL,NYSE
2026-09-04T08:01:23.835097+09:00,2026-09-04,PODD,Insulet Corp.,US,제약/바이오,2026-09-03,150.58,1157580,1628369.0,5.4779,10443355136,69,65,60,58,68,1,HOLD,0.66,8,False,live,STOCK,91,NEUTRAL,NASDAQ
2026-09-04T08:01:23.835097+09:00,2026-09-04,BSY,"Bentley Systems, Incorporated",US,IT,2026-09-03,35.59,1544656,2194052.8,1.239,10751485952,47,60,60,50,56,0,HOLD,0.29,3,False,live,STOCK,67,NEUTRAL,NASDAQ
2026-09-04T08:01:23.835097+09:00,2026-09-04,SSB,SouthState Bank Corp.,US,금융,2026-09-03,107.11,466952,737982.6,1.8382,10386942976,44,60,53,70,54,1,HOLD,0.23,3,False,live,STOCK,55,NEUTRAL,NYSE
2026-09-04T08:01:23.835097+09:00,2026-09-04,ORI,Old Republic International Corporation,US,금융,2026-09-03,42.57,1094667,1002838.35,0.6979,10277799936,62,60,50,78,58,1,HOLD,0.39,5,False,live,STOCK,45,NEUTRAL,NYSE
2026-09-04T08:01:23.835097+09:00,2026-09-04,WTFC,Wintrust Financial Corporation,US,금융,2026-09-03,153.52,339355,499922.75,3.145,10357376000,25,60,63,60,45,0,HOLD,-0.29,-3,False,live,STOCK,33,NEUTRAL,NASDAQ
2026-09-04T08:01:23.835097+09:00,2026-09-04,HSIC,"Henry Schein, Inc.",US,제약/바이오,2026-09-03,90.86,679334,920861.7,1.7457,10350477312,66,65,60,58,64,1,HOLD,0.71,9,False,live,STOCK,72,NEUTRAL,NASDAQ
2026-09-04T08:01:23.835097+09:00,2026-09-04,MGM,MGM Resorts International,US,소비재,2026-09-03,41.13,1660350,1898982.5,0.8293,10348010496,20,60,63,74,43,1,AVOID,-0.61,-7,True,live,STOCK,17,NEUTRAL,NYSE
2026-09-04T08:01:23.835097+09:00,2026-09-04,WMS,"Advanced Drainage Systems, Inc.",US,소재,2026-09-03,134.83,537715,650710.75,4.1904,10166902784,20,60,55,58,41,0,AVOID,-0.41,-5,True,live,STOCK,33,NEUTRAL,NYSE
2026-09-04T08:01:23.835097+09:00,2026-09-04,AVTR,"Avantor, Inc.",US,제약/바이오,2026-09-03,15.19,9319048,6205782.4,0.4421,10273890304,60,65,66,60,68,1,HOLD,0.82,10,False,live,STOCK,90,NEUTRAL,NYSE
2026-09-04T08:01:23.835097+09:00,2026-09-04,UHS,"Universal Health Services, Inc.",US,제약/바이오,2026-09-03,169.21,466585,620199.25,4.6215,9972647936,47,65,63,70,57,1,HOLD,0.37,4,False,live,STOCK,51,NEUTRAL,NYSE
2026-09-04T08:01:23.835097+09:00,2026-09-04,DDS,"Dillard's, Inc.",US,소비재,2026-09-03,652.07,122074,183883.7,23.8825,10183410688,69,60,60,60,69,1,HOLD,0.81,10,False,live,STOCK,93,NEUTRAL,NYSE
2026-09-04T08:01:23.835097+09:00,2026-09-04,FRT,Federal Realty Investment Trust,US,리츠,2026-09-03,117.16,491663,726428.15,1.4457,10183360512,50,60,63,45,51,0,HOLD,0.01,0,False,live,STOCK,41,NEUTRAL,NYSE
2026-09-04T08:01:23.835097+09:00,2026-09-04,SUN,Sunoco LP,US,에너지,2026-09-03,73.99,776519,425840.95,1.8,13940741120,47,60,58,63,58,1,HOLD,0.42,5,False,live,STOCK,72,NEUTRAL,NYSE
2026-09-04T08:01:23.835097+09:00,2026-09-04,CGNX,Cognex Corporation,US,IT,2026-09-03,60.79,1255710,2083915.5,2.1537,10226327552,25,60,45,50,36,0,AVOID,-0.57,-7,True,live,STOCK,26,NEUTRAL,NASDAQ
2026-09-04T08:01:23.835097+09:00,2026-09-04,ZION,"Zions Bancorporation, National Associati",US,금융,2026-09-03,69.31,1125403,1230775.15,1.4514,10116027392,44,60,53,65,52,0,HOLD,0.12,1,False,live,STOCK,48,NEUTRAL,NASDAQ
2026-09-04T08:01:23.835097+09:00,2026-09-04,CFR,"Cullen/Frost Bankers, Inc.",US,금융,2026-09-03,162.73,514861,473413.05,3.071,10113471488,44,60,60,55,54,0,HOLD,0.32,4,False,live,STOCK,61,NEUTRAL,NYSE
2026-09-04T08:01:23.835097+09:00,2026-09-04,FRO,Frontline Plc,US,산업재,2026-09-03,45.42,2536437,2247131.85,1.6114,10111532032,95,60,55,65,71,1,HOLD,1.03,12,False,live,STOCK,63,NEUTRAL,NYSE
2026-09-04T08:01:23.835097+09:00,2026-09-04,SIRI,Sirius XM Holdings Inc.,US,인터넷,2026-09-03,29.77,4944783,3703029.15,0.7414,10034481152,73,65,60,96,73,2,WATCH,0.87,10,False,live,STOCK,69,NEUTRAL,NASDAQ
2026-09-04T08:01:23.835097+09:00,2026-09-04,ENSG,"The Ensign Group, Inc.",US,제약/바이오,2026-09-03,172.09,286937,282921.85,4.0929,10029824000,35,65,53,58,41,0,AVOID,-0.37,-4,True,live,STOCK,17,NEUTRAL,NASDAQ
2026-09-04T08:01:23.835097+09:00,2026-09-04,RDY,Dr. Reddy's Laboratories Limited,US,제약/바이오,2026-09-03,12.03,5504832,2474056.6,0.1736,10020847616,50,65,55,42,48,0,HOLD,-0.17,-2,False,live,STOCK,38,NEUTRAL,NYSE
2026-09-04T08:01:23.835097+09:00,2026-09-04,FRHC,Freedom Holding Corp.,US,금융,2026-09-03,163.44,54437,135791.85,9.474,10425455616,91,60,50,43,68,2,WATCH,0.94,11,False,live,STOCK,87,NEUTRAL,NASDAQ
