scan_ts_kst,date,ticker,name,market,sector,bar_date,close,volume,avg_vol20,atr14,market_cap,tech,macro,filing,value,total,consensus,signal,ev,target,hitl,source
2026-08-02T15:05:43.684880+09:00,2026-08-02,NVDA,NVIDIA Corporation,US,반도체,2026-07-31,200.75,139961200,128218955.0,7.64,,28,60,38,58,42,0,AVOID,-0.32,-4,True,backfill
2026-08-02T15:05:43.684880+09:00,2026-08-02,AAPL,Apple Inc.,US,IT,2026-07-31,308.6438,132489100,53667210.0,9.8936,,50,55,43,42,48,0,HOLD,0.07,1,False,backfill
2026-08-02T15:05:43.684880+09:00,2026-08-02,GOOG,Alphabet Inc.,US,인터넷,2026-07-31,356.65,30514500,20155875.0,13.2363,,65,60,35,68,55,0,HOLD,0.09,1,False,backfill
2026-08-02T15:05:43.684880+09:00,2026-08-02,GOOGL,Alphabet Inc.,US,인터넷,2026-07-31,356.13,46498000,30015640.0,13.2486,,65,60,35,68,55,0,HOLD,0.08,1,False,backfill
2026-08-02T15:05:43.684880+09:00,2026-08-02,MSFT,Microsoft Corporation,US,IT,2026-07-31,464.72,60846000,36246165.0,16.4443,,58,55,27,58,48,0,HOLD,0.1,1,False,backfill
2026-08-02T15:05:43.684880+09:00,2026-08-02,AMZN,"Amazon.com, Inc.",US,소비재,2026-07-31,271.58,129054800,45551520.0,9.2564,,69,55,35,50,53,0,HOLD,0.16,2,False,backfill
2026-08-02T15:05:43.684880+09:00,2026-08-02,TSM,Taiwan Semiconductor Manufacturing Compa,US,반도체,2026-07-31,404.25,11956100,15084195.0,17.7936,,28,60,57,66,49,0,HOLD,-0.08,-1,False,backfill
2026-08-02T15:05:43.684880+09:00,2026-08-02,AVGO,Broadcom Inc.,US,반도체,2026-07-31,389.28,20391000,20589150.0,15.8293,,65,60,30,43,50,0,HOLD,-0.05,-1,False,backfill
2026-08-02T15:05:43.684880+09:00,2026-08-02,META,"Meta Platforms, Inc.",US,인터넷,2026-07-31,556.71,24261500,19009925.0,24.1357,,35,60,27,66,42,0,AVOID,-0.44,-5,True,backfill
2026-08-02T15:05:43.684880+09:00,2026-08-02,TSLA,"Tesla, Inc.",US,소비재,2026-07-31,311.21,36630600,41043025.0,15.8457,,10,55,42,30,32,0,AVOID,-0.88,-11,True,backfill
2026-08-02T15:05:43.684880+09:00,2026-08-02,LLY,Eli Lilly and Company,US,제약/바이오,2026-07-31,1147.196,2884600,2352125.0,35.5012,,50,60,45,42,49,0,HOLD,0.19,2,False,backfill
2026-08-02T15:05:43.684880+09:00,2026-08-02,JPM,JPMorgan Chase & Co.,US,금융,2026-07-31,351.79,6603400,9368105.0,8.1936,,69,55,35,60,55,0,HOLD,0.35,4,False,backfill
2026-08-02T15:05:43.684880+09:00,2026-08-02,MU,"Micron Technology, Inc.",US,반도체,2026-07-31,823.03,54538600,46615430.0,88.3693,,39,60,40,58,46,0,HOLD,0.04,0,False,backfill
2026-08-02T15:05:43.684880+09:00,2026-08-02,WMT,Walmart Inc.,US,소매,2026-07-31,111.2,22799100,21115985.0,2.7379,,40,55,33,37,40,0,AVOID,-0.53,-6,True,backfill
2026-08-02T15:05:43.684880+09:00,2026-08-02,AMD,"Advanced Micro Devices, Inc.",US,반도체,2026-07-31,476.15,26615700,27900535.0,41.8707,,51,60,37,35,46,0,HOLD,0.09,1,False,backfill
2026-08-02T15:05:43.684880+09:00,2026-08-02,V,Visa Inc.,US,금융,2026-07-31,365.4511,7828400,7726815.0,8.0515,,91,55,43,50,63,1,HOLD,0.69,8,False,backfill
2026-08-02T15:05:43.684880+09:00,2026-08-02,XOM,Exxon Mobil Corporation,US,에너지,2026-07-31,154.44,15714200,14583475.0,3.6145,,77,55,40,58,59,1,HOLD,0.37,4,False,backfill
2026-08-02T15:05:43.684880+09:00,2026-08-02,ASML,ASML Holding N.V.,US,반도체,2026-07-31,1629.0,1601400,2016185.0,83.305,,35,60,45,42,44,0,AVOID,-0.03,0,True,backfill
2026-08-02T15:05:43.684880+09:00,2026-08-02,JNJ,Johnson & Johnson,US,제약/바이오,2026-07-31,256.35,6782100,8107260.0,6.6971,,47,60,46,53,50,0,HOLD,0.18,2,False,backfill
2026-08-02T15:05:43.684880+09:00,2026-08-02,MA,Mastercard Incorporated,US,금융,2026-07-31,573.1,4577700,3054500.0,12.5279,,81,55,38,50,58,1,HOLD,0.54,6,False,backfill
2026-08-02T15:05:43.684880+09:00,2026-08-02,CSCO,"Cisco Systems, Inc.",US,IT,2026-07-31,115.99,18812000,20717480.0,3.6093,,73,55,35,50,55,1,HOLD,0.4,5,False,backfill
2026-08-02T15:05:43.684880+09:00,2026-08-02,INTC,Intel Corp.,US,반도체,2026-07-31,90.2,109039500,116760055.0,7.9586,,25,60,60,42,45,0,HOLD,-0.33,-4,False,backfill
2026-08-02T15:05:43.684880+09:00,2026-08-02,ABBV,AbbVie Inc.,US,제약/바이오,2026-07-31,250.94,7258200,5976665.0,6.4033,,51,60,56,51,54,0,HOLD,0.35,4,False,backfill
2026-08-02T15:05:43.684880+09:00,2026-08-02,BAC,Bank of America Corporation,US,금융,2026-07-31,61.95,27301100,33787525.0,1.2079,,69,55,53,60,60,0,HOLD,0.57,7,False,backfill
2026-08-02T15:05:43.684880+09:00,2026-08-02,COST,Costco Wholesale Corporation,US,소매,2026-07-31,951.89,1760200,2217285.0,19.1537,,72,55,27,29,49,1,HOLD,-0.05,-1,False,backfill
2026-08-02T15:05:43.684880+09:00,2026-08-02,AMAT,"Applied Materials, Inc.",US,반도체,2026-07-31,507.67,7411500,8457940.0,42.0507,,51,60,35,42,47,0,HOLD,0.1,1,False,backfill
2026-08-02T15:05:43.684880+09:00,2026-08-02,CVX,Chevron Corporation,US,에너지,2026-07-31,196.83,9958100,7592325.0,4.1429,,77,55,25,58,54,1,HOLD,0.23,3,False,backfill
2026-08-02T15:05:43.684880+09:00,2026-08-02,KO,The Coca-Cola Company,US,소매,2026-07-31,87.59,14725900,17341545.0,2.1343,,91,55,46,37,62,1,HOLD,0.68,8,False,backfill
2026-08-02T15:05:43.684880+09:00,2026-08-02,UNH,UnitedHealth Group Incorporated,US,제약/바이오,2026-07-31,414.4,3920900,5651740.0,14.1407,,50,60,55,66,56,0,HOLD,0.35,4,False,backfill
2026-08-02T15:05:43.684880+09:00,2026-08-02,CAT,Caterpillar Inc.,US,산업재,2026-07-31,814.81,2423600,2982025.0,41.3759,,20,55,40,42,36,0,AVOID,-0.63,-8,True,backfill
2026-08-02T15:05:43.684880+09:00,2026-08-02,ORCL,Oracle Corporation,US,IT,2026-07-31,129.87,34438700,38625990.0,6.8593,,63,55,35,50,51,0,HOLD,-0.14,-2,False,backfill
2026-08-02T15:05:43.684880+09:00,2026-08-02,GE,GE Aerospace,US,산업재,2026-07-31,360.07,3151300,3962640.0,11.0614,,66,55,46,29,52,0,HOLD,0.34,4,False,backfill
2026-08-02T15:05:43.684880+09:00,2026-08-02,LRCX,Lam Research Corporation,US,반도체,2026-07-31,293.02,12561200,11751625.0,26.3393,,32,60,35,42,40,0,AVOID,-0.18,-2,True,backfill
2026-08-02T15:05:43.684880+09:00,2026-08-02,HSBC,HSBC Holdings plc,US,금융,2026-07-31,105.9086,1555200,1316515.0,2.1681,,78,55,53,60,63,1,HOLD,0.69,8,False,backfill
2026-08-02T15:05:43.684880+09:00,2026-08-02,PG,The Procter & Gamble Company,US,소매,2026-07-31,144.49,9152600,8637145.0,3.683,,46,55,56,45,51,0,HOLD,0.01,0,False,backfill
2026-08-02T15:05:43.684880+09:00,2026-08-02,MS,Morgan Stanley,US,금융,2026-07-31,210.42,4723000,5923895.0,8.0788,,57,55,35,60,50,0,HOLD,0.16,2,False,backfill
2026-08-02T15:05:43.684880+09:00,2026-08-02,HD,"The Home Depot, Inc.",US,소비재,2026-07-31,331.96,4961900,3908460.0,8.8086,,43,55,53,42,48,0,HOLD,-0.02,0,False,backfill
2026-08-02T15:05:43.684880+09:00,2026-08-02,MRK,"Merck & Co., Inc.",US,제약/바이오,2026-07-31,130.2,7738800,8575150.0,3.385,,91,60,43,53,65,1,HOLD,0.78,9,False,backfill
2026-08-02T15:05:43.684880+09:00,2026-08-02,GS,"The Goldman Sachs Group, Inc.",US,금융,2026-07-31,1018.38,1553700,2009245.0,45.63,,47,55,35,60,47,0,HOLD,0.01,0,False,backfill
2026-08-02T15:05:43.684880+09:00,2026-08-02,NFLX,"Netflix, Inc.",US,인터넷,2026-07-31,71.71,35847500,49070575.0,2.7036,,40,60,28,50,42,0,AVOID,-0.5,-6,True,backfill
2026-08-02T15:05:43.684880+09:00,2026-08-02,PM,Philip Morris International Inc.,US,소매,2026-07-31,190.82,5446000,5119180.0,6.3407,,91,55,48,58,66,1,HOLD,0.82,10,False,backfill
2026-08-02T15:05:43.684880+09:00,2026-08-02,NVS,Novartis AG,US,제약/바이오,2026-07-31,156.15,1546000,1790560.0,3.6821,,84,60,53,53,65,1,HOLD,0.68,8,False,backfill
2026-08-02T15:05:43.684880+09:00,2026-08-02,BABA,Alibaba Group Holding Limited,US,소비재,2026-07-31,122.25,17030500,12179560.0,3.8608,,72,55,43,58,58,1,HOLD,0.22,3,False,backfill
2026-08-02T15:05:43.684880+09:00,2026-08-02,RY,Royal Bank of Canada,US,금융,2026-07-31,209.51,1427700,1449950.0,3.6623,,47,55,53,50,51,0,HOLD,0.22,3,False,backfill
2026-08-02T15:05:43.684880+09:00,2026-08-02,RTX,RTX Corporation,US,산업재,2026-07-31,214.5074,3421300,5161910.0,6.0513,,85,55,43,58,62,1,HOLD,0.68,8,False,backfill
2026-08-02T15:05:43.684880+09:00,2026-08-02,PLTR,Palantir Technologies Inc.,US,IT,2026-07-31,123.06,29085100,34063245.0,6.5804,,31,55,32,35,37,0,AVOID,-0.67,-8,True,backfill
2026-08-02T15:05:43.684880+09:00,2026-08-02,PANW,"Palo Alto Networks, Inc.",US,IT,2026-07-31,331.83,5027700,6581885.0,15.3014,,51,55,35,30,44,0,AVOID,0.02,0,True,backfill
2026-08-02T15:05:43.684880+09:00,2026-08-02,DELL,Dell Technologies Inc.,US,IT,2026-07-31,405.37,4853900,6722815.0,36.654,,51,55,38,66,50,0,HOLD,0.18,2,False,backfill
2026-08-02T15:05:43.684880+09:00,2026-08-02,WFC,Wells Fargo & Company,US,금융,2026-07-31,85.9565,14776700,16579020.0,2.2272,,47,55,50,60,51,0,HOLD,0.13,2,False,backfill
2026-08-02T15:05:43.684880+09:00,2026-08-02,GEV,GE Vernova Inc.,US,유틸리티,2026-07-31,990.29,2357600,3025710.0,66.6201,,43,55,35,50,44,0,AVOID,-0.31,-4,True,backfill
2026-08-02T15:05:43.684880+09:00,2026-08-02,SHEL,Shell plc,US,에너지,2026-07-31,91.1809,7071784,6930851.05,1.635,,69,55,53,78,63,1,HOLD,0.49,6,False,backfill
2026-08-02T15:05:43.684880+09:00,2026-08-02,ARM,Arm Holdings plc American Depositary Sha,US,반도체,2026-07-31,239.69,7229200,6300840.0,23.3767,,27,60,43,35,40,0,AVOID,-0.2,-2,True,backfill
2026-08-02T15:05:43.684880+09:00,2026-08-02,MUFG,"Mitsubishi UFJ Financial Group, Inc.",US,금융,2026-07-31,22.45,4723900,3570830.0,0.5471,,66,55,53,60,59,0,HOLD,0.53,6,False,backfill
2026-08-02T15:05:43.684880+09:00,2026-08-02,TXN,Texas Instruments Incorporated,US,반도체,2026-07-31,275.74,8835500,8060290.0,12.2557,,35,60,35,42,41,0,AVOID,-0.34,-4,True,backfill
2026-08-02T15:05:43.684880+09:00,2026-08-02,KLAC,KLA Corporation,US,반도체,2026-07-31,182.6136,13512400,12567825.0,14.2803,,32,60,43,42,42,0,AVOID,-0.2,-2,True,backfill
2026-08-02T15:05:43.684880+09:00,2026-08-02,C,Citigroup Inc.,US,금융,2026-07-31,131.78,9604900,12793295.0,4.1937,,25,55,53,76,47,1,HOLD,-0.13,-2,False,backfill
2026-08-02T15:05:43.684880+09:00,2026-08-02,ANET,"Arista Networks, Inc.",US,IT,2026-07-31,180.35,8472300,7450910.0,10.4231,,58,55,43,35,49,0,HOLD,0.08,1,False,backfill
2026-08-02T15:05:43.684880+09:00,2026-08-02,AXP,American Express Company,US,금융,2026-07-31,336.25,2353700,3195500.0,8.4579,,44,55,48,50,48,0,HOLD,0.0,0,False,backfill
2026-08-02T15:05:43.684880+09:00,2026-08-02,TM,Toyota Motor Corporation,US,소비재,2026-07-31,188.99,348000,461075.0,3.5036,,67,55,53,54,58,0,HOLD,0.32,4,False,backfill
2026-08-02T15:05:43.684880+09:00,2026-08-02,LIN,Linde plc,US,소재,2026-07-31,478.38,5221600,2081145.0,12.2329,,35,55,32,58,42,0,AVOID,-0.41,-5,True,backfill
2026-08-02T15:05:43.684880+09:00,2026-08-02,BHP,BHP Group Limited,US,소재,2026-07-31,84.49,2176400,2414495.0,2.5221,,76,55,53,45,60,1,HOLD,0.5,6,False,backfill
2026-08-02T15:05:43.684880+09:00,2026-08-02,SAP,SAP SE,US,IT,2026-07-31,183.62,3134600,3458510.0,7.8114,,73,55,53,50,60,1,HOLD,0.51,6,False,backfill
2026-08-02T15:05:43.684880+09:00,2026-08-02,TMO,Thermo Fisher Scientific Inc.,US,제약/바이오,2026-07-31,574.3,2112900,2237510.0,18.7671,,88,60,50,58,66,1,HOLD,0.83,10,False,backfill
2026-08-02T15:05:43.684880+09:00,2026-08-02,IBM,International Business Machines Corporat,US,IT,2026-07-31,222.0571,9093600,14333480.0,13.7258,,47,55,53,58,52,0,HOLD,0.01,0,False,backfill
2026-08-02T15:05:43.684880+09:00,2026-08-02,NVO,Novo Nordisk A/S,US,제약/바이오,2026-07-31,46.486,26798000,9597310.0,1.5086,,50,60,53,57,54,0,HOLD,0.22,3,False,backfill
2026-08-02T15:05:43.684880+09:00,2026-08-02,AMGN,Amgen Inc.,US,제약/바이오,2026-07-31,385.16,1954600,2349005.0,10.1721,,91,60,53,50,67,1,HOLD,0.88,11,False,backfill
2026-08-02T15:05:43.684880+09:00,2026-08-02,SAN,"Banco Santander, S.A.",US,금융,2026-07-31,14.1,11765500,9600665.0,0.3786,,91,55,53,55,67,1,HOLD,0.86,10,False,backfill
2026-08-02T15:05:43.684880+09:00,2026-08-02,TD,The Toronto-Dominion Bank,US,금융,2026-07-31,119.92,2376500,3166745.0,2.2779,,55,55,53,58,55,0,HOLD,0.33,4,False,backfill
2026-08-02T15:05:43.684880+09:00,2026-08-02,APH,Amphenol Corporation,US,IT,2026-07-31,160.7,9279900,6942560.0,7.42,,62,55,53,42,55,0,HOLD,0.38,5,False,backfill
2026-08-02T15:05:43.684880+09:00,2026-08-02,TTE,TotalEnergies SE,US,에너지,2026-07-31,87.86,1119200,1735860.0,1.8721,,69,55,55,86,65,1,HOLD,0.41,5,False,backfill
2026-08-02T15:05:43.684880+09:00,2026-08-02,VZ,Verizon Communications Inc.,US,인터넷,2026-07-31,46.81,28291300,28777245.0,1.4229,,72,60,38,84,61,2,WATCH,0.36,4,False,backfill
2026-08-02T15:05:43.684880+09:00,2026-08-02,CRWD,"CrowdStrike Holdings, Inc.",US,IT,2026-07-31,190.86,7887400,8439405.0,9.9549,,51,55,27,22,40,0,AVOID,-0.09,-1,True,backfill
2026-08-02T15:05:43.684880+09:00,2026-08-02,MCD,McDonald's Corporation,US,소비재,2026-07-31,270.64,4965200,4388105.0,5.4514,,50,55,53,50,52,0,HOLD,0.0,0,False,backfill
2026-08-02T15:05:43.684880+09:00,2026-08-02,STX,Seagate Technology Holdings plc,US,IT,2026-07-31,856.13,6130400,5468940.0,82.8629,,47,55,43,43,47,0,HOLD,0.09,1,False,backfill
2026-08-02T15:05:43.684880+09:00,2026-08-02,PEP,"PepsiCo, Inc.",US,소매,2026-07-31,139.56,9699400,8884940.0,3.1807,,65,55,35,42,51,0,HOLD,-0.08,-1,False,backfill
2026-08-02T15:05:43.684880+09:00,2026-08-02,WDC,Western Digital Corporation,US,IT,2026-07-31,544.84,9502300,7353790.0,53.3921,,51,55,46,50,50,0,HOLD,0.21,3,False,backfill
2026-08-02T15:05:43.684880+09:00,2026-08-02,TMUS,"T-Mobile US, Inc.",US,인터넷,2026-07-31,172.71,6746200,5054320.0,7.8143,,43,60,48,74,53,1,HOLD,-0.12,-1,False,backfill
2026-08-02T15:05:43.684880+09:00,2026-08-02,SCHW,The Charles Schwab Corporation,US,금융,2026-07-31,104.934,8546900,8577370.0,2.3517,,66,55,27,58,51,0,HOLD,0.25,3,False,backfill
2026-08-02T15:05:43.684880+09:00,2026-08-02,ABT,Abbott Laboratories,US,제약/바이오,2026-07-31,105.7,9610100,12752015.0,3.6297,,74,60,58,58,64,1,HOLD,0.72,9,False,backfill
2026-08-02T15:05:43.684880+09:00,2026-08-02,NEE,"NextEra Energy, Inc.",US,유틸리티,2026-07-31,86.92,13184200,10375365.0,1.8007,,46,55,38,42,45,0,HOLD,-0.3,-4,False,backfill
2026-08-02T15:05:43.684880+09:00,2026-08-02,SNDK,Sandisk Corporation,US,IT,2026-07-31,1214.83,21176600,16110740.0,189.6628,,28,55,35,42,38,0,AVOID,-0.43,-5,True,backfill
2026-08-02T15:05:43.684880+09:00,2026-08-02,ADI,"Analog Devices, Inc.",US,반도체,2026-07-31,367.41,3515300,3935970.0,13.8079,,25,60,35,58,40,0,AVOID,-0.51,-6,True,backfill
2026-08-02T15:05:43.684880+09:00,2026-08-02,TJX,"The TJX Companies, Inc.",US,소비재,2026-07-31,156.8451,3766700,4910495.0,3.4363,,72,55,35,37,52,1,HOLD,0.15,2,False,backfill
2026-08-02T15:05:43.684880+09:00,2026-08-02,UNP,Union Pacific Corporation,US,산업재,2026-07-31,292.13,3775000,3204480.0,7.88,,47,55,50,37,48,0,HOLD,0.08,1,False,backfill
2026-08-02T15:05:43.684880+09:00,2026-08-02,UBS,UBS Group AG,US,금융,2026-07-31,52.74,1925600,1945305.0,1.2629,,66,55,53,66,60,0,HOLD,0.55,7,False,backfill
2026-08-02T15:05:43.684880+09:00,2026-08-02,BA,The Boeing Company,US,산업재,2026-07-31,216.14,7320700,5698610.0,7.1479,,50,55,50,30,48,0,HOLD,-0.1,-1,False,backfill
2026-08-02T15:05:43.684880+09:00,2026-08-02,BUD,Anheuser-Busch InBev SA/NV,US,소매,2026-07-31,86.48,1874800,1821565.0,1.8943,,63,55,53,50,56,0,HOLD,0.45,5,False,backfill
2026-08-02T15:05:43.684880+09:00,2026-08-02,BLK,"BlackRock, Inc.",US,금융,2026-07-31,1090.39,378200,793115.0,31.3629,,80,55,50,58,63,1,HOLD,0.53,6,False,backfill
2026-08-02T15:05:43.684880+09:00,2026-08-02,WELL,Welltower Inc.,US,리츠,2026-07-31,233.5583,3982500,2872990.0,5.823,,47,55,53,38,49,0,HOLD,0.1,1,False,backfill
2026-08-02T15:05:43.684880+09:00,2026-08-02,DIS,The Walt Disney Company,US,인터넷,2026-07-31,96.19,11193000,10795410.0,2.3079,,50,60,50,60,54,0,HOLD,0.03,0,False,backfill
2026-08-02T15:05:43.684880+09:00,2026-08-02,MRVL,"Marvell Technology, Inc.",US,반도체,2026-07-31,187.56,26835500,24750075.0,16.965,,24,60,45,35,39,0,AVOID,-0.22,-3,True,backfill
2026-08-02T15:05:43.684880+09:00,2026-08-02,GILD,"Gilead Sciences, Inc.",US,제약/바이오,2026-07-31,130.21,6531600,6590065.0,3.6479,,43,60,35,68,48,0,HOLD,-0.13,-2,False,backfill
2026-08-02T15:05:43.684880+09:00,2026-08-02,ETN,Eaton Corporation plc,US,산업재,2026-07-31,414.181,4550700,2357865.0,19.7414,,43,55,45,37,45,0,HOLD,-0.19,-2,False,backfill
2026-08-02T15:05:43.684880+09:00,2026-08-02,DE,Deere & Company,US,산업재,2026-07-31,592.67,1123900,1081205.0,18.145,,43,55,50,58,50,0,HOLD,0.0,0,False,backfill
2026-08-02T15:05:43.684880+09:00,2026-08-02,T,AT&T Inc.,US,인터넷,2026-07-31,23.25,58149000,80964490.0,0.785,,80,60,30,78,61,2,WATCH,0.25,3,False,backfill
2026-08-02T15:05:43.684880+09:00,2026-08-02,TBB,AT&T Inc. 5.35% GLB NTS 66,US,인터넷,2026-07-31,19.9,139400,141645.0,0.1584,,36,60,58,80,54,1,HOLD,-0.02,0,False,backfill
2026-08-02T15:05:43.684880+09:00,2026-08-02,RIO,Rio Tinto Group,US,소재,2026-07-31,94.769,2763800,2998150.0,2.1982,,69,55,53,55,59,0,HOLD,0.3,4,False,backfill
2026-08-02T15:05:43.684880+09:00,2026-08-02,QCOM,QUALCOMM Incorporated,US,반도체,2026-07-31,147.61,13811200,13366530.0,7.7221,,5,60,38,76,37,1,AVOID,-0.8,-10,True,backfill
2026-08-02T15:05:43.684880+09:00,2026-08-02,BBVA,"Banco Bilbao Vizcaya Argentaria, S.A.",US,금융,2026-07-31,27.95,2253900,1310975.0,0.7207,,92,55,50,60,67,1,HOLD,0.86,10,False,backfill
2026-08-02T15:05:43.684880+09:00,2026-08-02,BX,Blackstone Inc.,US,금융,2026-07-31,126.46,4897900,4834605.0,4.4319,,80,55,57,50,64,1,HOLD,0.56,7,False,backfill
2026-08-02T15:05:43.684880+09:00,2026-08-02,SCCO,Southern Copper Corporation,US,소재,2026-07-31,182.71,815600,1136160.0,8.6079,,76,55,46,37,57,1,HOLD,0.42,5,False,backfill
2026-08-02T15:05:43.684880+09:00,2026-08-02,IBKR,"Interactive Brokers Group, Inc.",US,금융,2026-07-31,87.99,4373900,4273210.0,3.8757,,50,55,61,58,56,0,HOLD,0.3,4,False,backfill
2026-08-02T15:05:43.684880+09:00,2026-08-02,SHOP,Shopify Inc.,US,IT,2026-07-31,117.15,12605100,8117070.0,6.4449,,43,55,45,35,45,0,HOLD,-0.28,-3,False,backfill
2026-08-02T15:05:43.684880+09:00,2026-08-02,CRM,"Salesforce, Inc.",US,IT,2026-07-31,184.02,9691500,12769425.0,8.8657,,69,55,50,74,61,1,HOLD,0.39,5,False,backfill
2026-08-02T15:05:43.684880+09:00,2026-08-02,BKNG,Booking Holdings Inc.,US,소비재,2026-07-31,192.9,4599800,5708120.0,7.1457,,84,55,43,66,63,1,HOLD,0.68,8,False,backfill
2026-08-02T15:05:43.684880+09:00,2026-08-02,COP,ConocoPhillips,US,에너지,2026-07-31,119.6817,5801900,6256045.0,3.1334,,87,55,27,58,58,1,HOLD,0.32,4,False,backfill
2026-08-02T15:05:43.684880+09:00,2026-08-02,UBER,"Uber Technologies, Inc.",US,IT,2026-07-31,70.36,11993900,16161385.0,2.3931,,25,55,50,55,43,0,AVOID,-0.38,-5,True,backfill
2026-08-02T15:05:43.684880+09:00,2026-08-02,PFE,Pfizer Inc.,US,제약/바이오,2026-07-31,25.01,45080200,39434215.0,0.469,,72,60,32,66,57,1,HOLD,0.22,3,False,backfill
2026-08-02T15:05:43.684880+09:00,2026-08-02,DHR,Danaher Corporation,US,제약/바이오,2026-07-31,194.98,4387600,6677335.0,8.5814,,55,60,53,58,56,0,HOLD,0.35,4,False,backfill
2026-08-02T15:05:43.684880+09:00,2026-08-02,UL,Unilever PLC,US,소매,2026-07-31,62.8811,5943300,4976815.0,1.6235,,84,55,53,53,64,1,HOLD,0.65,8,False,backfill
2026-08-02T15:05:43.684880+09:00,2026-08-02,SONY,Sony Group Corporation,US,IT,2026-07-31,23.26,9674300,5310640.0,0.5707,,71,55,43,58,57,1,HOLD,0.48,6,False,backfill
2026-08-02T15:05:43.684880+09:00,2026-08-02,CB,Chubb Limited,US,금융,2026-07-31,350.68,1362600,2070680.0,8.7879,,47,55,43,68,51,0,HOLD,0.09,1,False,backfill
2026-08-02T15:05:43.684880+09:00,2026-08-02,PLD,"Prologis, Inc.",US,리츠,2026-07-31,144.61,3236000,4414925.0,3.6693,,43,55,56,45,50,0,HOLD,0.02,0,False,backfill
2026-08-02T15:05:43.684880+09:00,2026-08-02,LMT,Lockheed Martin Corporation,US,산업재,2026-07-31,582.74,1424700,1199830.0,17.8657,,69,55,43,42,54,0,HOLD,0.39,5,False,backfill
2026-08-02T15:05:43.684880+09:00,2026-08-02,BMY,Bristol-Myers Squibb Company,US,제약/바이오,2026-07-31,65.31,14580300,11017620.0,1.8021,,78,60,27,76,59,2,HOLD,0.49,6,False,backfill
2026-08-02T15:05:43.684880+09:00,2026-08-02,CVS,CVS Health Corp.,US,제약/바이오,2026-07-31,104.43,7081300,7589950.0,2.5764,,51,60,35,58,49,0,HOLD,0.15,2,False,backfill
2026-08-02T15:05:43.684880+09:00,2026-08-02,APP,AppLovin Corporation,US,IT,2026-07-31,395.9,15452200,6179675.0,20.9135,,25,55,43,50,40,0,AVOID,-0.57,-7,True,backfill
2026-08-02T15:05:43.684880+09:00,2026-08-02,AZN,AstraZeneca PLC,US,제약/바이오,2026-07-31,169.64,1669900,2891815.0,3.8136,,58,60,61,58,59,0,HOLD,0.22,3,False,backfill
2026-08-02T15:05:43.684880+09:00,2026-08-02,BTI,British American Tobacco p.l.c.,US,소매,2026-07-31,60.65,4615000,4132955.0,1.7136,,72,55,53,60,61,1,HOLD,0.47,6,False,backfill
2026-08-02T15:05:43.684880+09:00,2026-08-02,COF,Capital One Financial Corporation,US,금융,2026-07-31,208.2745,4020300,4594010.0,5.3753,,62,55,46,86,59,1,HOLD,0.41,5,False,backfill
2026-08-02T15:05:43.684880+09:00,2026-08-02,MFG,"Mizuho Financial Group, Inc.",US,금융,2026-07-31,10.44,3141700,4280090.0,0.3186,,66,55,53,68,60,0,HOLD,0.55,7,False,backfill
2026-08-02T15:05:43.684880+09:00,2026-08-02,PDD,PDD Holdings Inc.,US,소비재,2026-07-31,88.56,4262900,6566610.0,2.3657,,77,55,50,94,67,2,WATCH,0.42,5,False,backfill
2026-08-02T15:05:43.684880+09:00,2026-08-02,BMO,Bank of Montreal,US,금융,2026-07-31,179.45,757700,886470.0,3.4635,,62,55,53,58,57,0,HOLD,0.46,6,False,backfill
2026-08-02T15:05:43.684880+09:00,2026-08-02,PBR,Petróleo Brasileiro S.A. - Petrobras,US,에너지,2026-07-31,19.4,11620300,15542305.0,0.5043,,84,55,53,81,68,2,WATCH,0.51,6,False,backfill
2026-08-02T15:05:43.684880+09:00,2026-08-02,SYK,Stryker Corporation,US,제약/바이오,2026-07-31,325.7,4536500,2476295.0,12.9671,,69,60,43,58,58,0,HOLD,0.43,5,False,backfill
2026-08-02T15:05:43.684880+09:00,2026-08-02,ISRG,"Intuitive Surgical, Inc.",US,제약/바이오,2026-07-31,353.33,2461900,4060145.0,17.7036,,23,60,35,50,38,0,AVOID,-0.67,-8,True,backfill
2026-08-02T15:05:43.684880+09:00,2026-08-02,PH,Parker-Hannifin Corporation,US,산업재,2026-07-31,976.53,477000,550045.0,24.8664,,69,55,53,45,58,0,HOLD,0.46,6,False,backfill
2026-08-02T15:05:43.684880+09:00,2026-08-02,PGR,The Progressive Corporation,US,금융,2026-07-31,211.42,2359300,3051380.0,7.28,,44,55,35,65,47,0,HOLD,-0.07,-1,False,backfill
2026-08-02T15:05:43.684880+09:00,2026-08-02,HDB,HDFC Bank Limited,US,금융,2026-07-31,23.93,7161500,9799495.0,0.6771,,42,55,53,52,49,0,HOLD,-0.1,-1,False,backfill
2026-08-02T15:05:43.684880+09:00,2026-08-02,SPGI,S&P Global Inc.,US,금융,2026-07-31,411.93,2172700,2056220.0,13.6679,,43,55,56,50,50,0,HOLD,0.03,0,False,backfill
2026-08-02T15:05:43.684880+09:00,2026-08-02,VRTX,Vertex Pharmaceuticals Incorporated,US,제약/바이오,2026-07-31,477.1,957700,1452865.0,11.8393,,47,60,35,58,48,0,HOLD,0.07,1,False,backfill
2026-08-02T15:05:43.684880+09:00,2026-08-02,SBUX,Starbucks Corporation,US,소비재,2026-07-31,104.6488,12393200,7694840.0,2.8891,,58,55,35,43,48,0,HOLD,-0.04,0,False,backfill
2026-08-02T15:05:43.684880+09:00,2026-08-02,GLW,Corning Inc,US,IT,2026-07-31,138.25,14523400,13713090.0,13.1414,,17,55,25,35,30,0,AVOID,-0.91,-11,True,backfill
2026-08-02T15:05:43.684880+09:00,2026-08-02,ENB,Enbridge Inc.,US,에너지,2026-07-31,53.721,4497200,3517340.0,0.8899,,31,55,53,45,44,0,AVOID,-0.21,-3,True,backfill
2026-08-02T15:05:43.684880+09:00,2026-08-02,FTNT,"Fortinet, Inc.",US,IT,2026-07-31,161.95,6085500,5458855.0,7.2914,,66,55,43,42,53,0,HOLD,0.36,4,False,backfill
2026-08-02T15:05:43.684880+09:00,2026-08-02,BP,BP p.l.c.,US,에너지,2026-07-31,44.671,12519700,7820135.0,0.9709,,74,55,53,66,63,1,HOLD,0.44,5,False,backfill
2026-08-02T15:05:43.684880+09:00,2026-08-02,LOW,"Lowe's Companies, Inc.",US,소비재,2026-07-31,207.81,3977000,3149195.0,5.8163,,50,55,45,60,51,0,HOLD,-0.12,-1,False,backfill
2026-08-02T15:05:43.684880+09:00,2026-08-02,NOW,"ServiceNow, Inc.",US,IT,2026-07-31,111.23,20525300,24413895.0,6.9329,,81,55,32,43,55,1,HOLD,0.46,6,False,backfill
2026-08-02T15:05:43.684880+09:00,2026-08-02,MO,"Altria Group, Inc.",US,소매,2026-07-31,68.33,11159100,7880205.0,2.3607,,46,55,53,68,53,0,HOLD,-0.02,0,False,backfill
2026-08-02T15:05:43.684880+09:00,2026-08-02,HWM,Howmet Aerospace Inc.,US,산업재,2026-07-31,282.1236,2282500,1985760.0,8.8886,,69,55,53,43,58,0,HOLD,0.51,6,False,backfill
2026-08-02T15:05:43.684880+09:00,2026-08-02,CM,Canadian Imperial Bank of Commerce,US,금융,2026-07-31,118.55,627900,1175890.0,2.3936,,62,55,53,60,58,0,HOLD,0.35,4,False,backfill
2026-08-02T15:05:43.684880+09:00,2026-08-02,MDT,Medtronic plc,US,제약/바이오,2026-07-31,85.39,9605300,7607965.0,2.4779,,84,60,45,58,64,1,HOLD,0.62,7,False,backfill
2026-08-02T15:05:43.684880+09:00,2026-08-02,SO,The Southern Company,US,유틸리티,2026-07-31,93.7657,5583200,4639865.0,2.0027,,46,55,53,42,49,0,HOLD,-0.04,0,False,backfill
2026-08-02T15:05:43.684880+09:00,2026-08-02,SOMN,The Southern Company,US,유틸리티,2026-07-31,49.65,132000,174010.0,0.8461,,28,55,55,50,45,0,HOLD,-0.28,-3,False,backfill
2026-08-02T15:05:43.684880+09:00,2026-08-02,SOJE,Southern Company (The) Series 2,US,유틸리티,2026-07-31,16.55,83500,55640.0,0.1427,,28,55,55,50,45,0,HOLD,-0.26,-3,False,backfill
2026-08-02T15:05:43.684880+09:00,2026-08-02,BNY,Bank of New York Mellon Corp,US,금융,2026-07-31,156.33,2337100,3915215.0,3.7588,,69,55,48,50,57,0,HOLD,0.48,6,False,backfill
2026-08-02T15:05:43.684880+09:00,2026-08-02,IBN,ICICI Bank Limited,US,금융,2026-07-31,29.741,7715000,7678130.0,0.5624,,62,55,53,58,57,0,HOLD,0.44,5,False,backfill
2026-08-02T15:05:43.684880+09:00,2026-08-02,BNS,The Bank of Nova Scotia,US,금융,2026-07-31,87.77,2386200,2759665.0,1.6264,,62,55,53,68,59,0,HOLD,0.48,6,False,backfill
2026-08-02T15:05:43.684880+09:00,2026-08-02,ADP,"Automatic Data Processing, Inc.",US,IT,2026-07-31,266.46,2494600,2386960.0,9.4014,,92,55,53,50,67,1,HOLD,0.85,10,False,backfill
2026-08-02T15:05:43.684880+09:00,2026-08-02,GD,General Dynamics Corporation,US,산업재,2026-07-31,383.42,1524400,1193325.0,9.0443,,91,55,43,50,63,1,HOLD,0.69,8,False,backfill
2026-08-02T15:05:43.684880+09:00,2026-08-02,GSK,GSK plc,US,제약/바이오,2026-07-31,51.2269,3982200,4603365.0,1.3882,,65,60,53,63,60,0,HOLD,0.37,4,False,backfill
2026-08-02T15:05:43.684880+09:00,2026-08-02,SNY,Sanofi,US,제약/바이오,2026-07-31,43.08,2943400,3462305.0,1.0764,,43,60,53,61,52,0,HOLD,0.02,0,False,backfill
2026-08-02T15:05:43.684880+09:00,2026-08-02,SPOT,Spotify Technology S.A.,US,인터넷,2026-07-31,499.94,2296300,1642195.0,17.6134,,84,60,35,42,58,1,HOLD,0.54,6,False,backfill
2026-08-02T15:05:43.684880+09:00,2026-08-02,SNOW,Snowflake Inc.,US,IT,2026-07-31,293.28,7383100,4687050.0,14.2957,,87,55,35,22,55,1,HOLD,0.5,6,False,backfill
2026-08-02T15:05:43.684880+09:00,2026-08-02,ACN,Accenture plc,US,IT,2026-07-31,165.92,9389200,8079390.0,8.2721,,69,55,46,68,59,0,HOLD,0.23,3,False,backfill
2026-08-02T15:05:43.684880+09:00,2026-08-02,EQIX,"Equinix, Inc.",US,리츠,2026-07-31,1019.28,728000,535190.0,34.82,,50,55,46,30,47,0,HOLD,-0.15,-2,False,backfill
2026-08-02T15:05:43.684880+09:00,2026-08-02,PWR,"Quanta Services, Inc.",US,산업재,2026-07-31,667.36,1959300,1159120.0,33.7157,,65,55,43,35,52,0,HOLD,-0.02,0,False,backfill
2026-08-02T15:05:43.684880+09:00,2026-08-02,SMFG,"Sumitomo Mitsui Financial Group, Inc.",US,금융,2026-07-31,25.88,1551500,1828330.0,0.6564,,66,55,50,60,58,0,HOLD,0.49,6,False,backfill
2026-08-02T15:05:43.684880+09:00,2026-08-02,MCK,McKesson Corporation,US,제약/바이오,2026-07-31,856.19,773300,927365.0,23.7279,,84,60,38,66,63,1,HOLD,0.55,7,False,backfill
2026-08-02T15:05:43.684880+09:00,2026-08-02,TT,Trane Technologies plc,US,산업재,2026-07-31,454.95,2204100,1287465.0,16.5529,,43,55,56,50,50,0,HOLD,-0.08,-1,False,backfill
2026-08-02T15:05:43.684880+09:00,2026-08-02,ING,ING Groep N.V.,US,금융,2026-07-31,34.4816,2536100,2331440.0,0.8074,,92,55,53,60,68,1,HOLD,0.89,11,False,backfill
2026-08-02T15:05:43.684880+09:00,2026-08-02,PNC,"The PNC Financial Services Group, Inc.",US,금융,2026-07-31,249.87,1441500,2013420.0,4.6126,,47,55,38,60,48,0,HOLD,0.09,1,False,backfill
2026-08-02T15:05:43.684880+09:00,2026-08-02,ADBE,Adobe Inc.,US,IT,2026-07-31,250.41,5589500,5678410.0,13.325,,80,55,53,76,66,2,WATCH,0.58,7,False,backfill
2026-08-02T15:05:43.684880+09:00,2026-08-02,CNQ,Canadian Natural Resources Limited,US,에너지,2026-07-31,47.68,4597100,7908550.0,1.1879,,74,55,53,73,64,2,WATCH,0.52,6,False,backfill
2026-08-02T15:05:43.684880+09:00,2026-08-02,NET,"Cloudflare, Inc.",US,IT,2026-07-31,278.98,3701600,3047465.0,14.5707,,73,55,35,27,51,1,HOLD,0.32,4,False,backfill
2026-08-02T15:05:43.684880+09:00,2026-08-02,NEM,Newmont Corporation,US,소재,2026-07-31,93.71,5866200,7229405.0,3.4529,,65,55,35,86,57,1,HOLD,0.03,0,False,backfill
2026-08-02T15:05:43.684880+09:00,2026-08-02,MAR,"Marriott International, Inc.",US,소비재,2026-07-31,372.83,1564300,1385520.0,7.9314,,76,55,45,58,60,1,HOLD,0.44,5,False,backfill
2026-08-02T15:05:43.684880+09:00,2026-08-02,EQNR,Equinor ASA,US,에너지,2026-07-31,40.7046,2608700,4151410.0,1.325,,77,55,53,78,66,2,WATCH,0.6,7,False,backfill
2026-08-02T15:05:43.684880+09:00,2026-08-02,USB,U.S. Bancorp,US,금융,2026-07-31,63.01,9086100,8332775.0,1.255,,47,55,45,60,50,0,HOLD,0.15,2,False,backfill
2026-08-02T15:05:43.684880+09:00,2026-08-02,DUK,Duke Energy Corporation,US,유틸리티,2026-07-31,124.3368,4313200,3624185.0,2.4492,,43,55,53,42,48,0,HOLD,-0.08,-1,False,backfill
2026-08-02T15:05:43.684880+09:00,2026-08-02,CME,CME Group Inc.,US,금융,2026-07-31,267.79,3269500,2775555.0,6.7943,,54,55,56,45,53,0,HOLD,0.04,0,False,backfill
2026-08-02T15:05:43.684880+09:00,2026-08-02,DDOG,"Datadog, Inc.",US,IT,2026-07-31,267.97,5273400,4174630.0,13.2795,,73,55,43,35,55,1,HOLD,0.43,5,False,backfill
2026-08-02T15:05:43.684880+09:00,2026-08-02,MELI,"MercadoLibre, Inc.",US,소비재,2026-07-31,1877.95,366000,346450.0,53.7786,,73,55,57,34,59,1,HOLD,0.39,5,False,backfill
2026-08-02T15:05:43.684880+09:00,2026-08-02,BN,Brookfield Corporation,US,금융,2026-07-31,42.53,4914500,3634240.0,0.9493,,28,55,53,35,42,0,AVOID,-0.37,-4,True,backfill
2026-08-02T15:05:43.684880+09:00,2026-08-02,BNJ,Brookfield Finance Inc. 4.50% P,US,금융,2026-07-31,15.1079,27600,31035.0,0.2029,,51,55,55,50,53,0,HOLD,0.14,2,False,backfill
2026-08-02T15:05:43.684880+09:00,2026-08-02,BNH,Brookfield Finance Inc.,US,금융,2026-07-31,15.09,40400,32530.0,0.2459,,51,55,55,50,53,0,HOLD,0.07,1,False,backfill
2026-08-02T15:05:43.684880+09:00,2026-08-02,CEG,Constellation Energy Corporation,US,유틸리티,2026-07-31,262.75,1852800,2755305.0,9.4336,,65,55,45,37,53,0,HOLD,-0.05,-1,False,backfill
2026-08-02T15:05:43.684880+09:00,2026-08-02,MNST,Monster Beverage Corporation,US,소매,2026-07-31,96.38,3882600,5614700.0,2.1936,,51,55,43,42,48,0,HOLD,0.15,2,False,backfill
2026-08-02T15:05:43.684880+09:00,2026-08-02,CDNS,"Cadence Design Systems, Inc.",US,IT,2026-07-31,340.02,2088800,2359550.0,16.2386,,25,55,43,30,37,0,AVOID,-0.46,-6,True,backfill
2026-08-02T15:05:43.684880+09:00,2026-08-02,CSX,CSX Corporation,US,산업재,2026-07-31,50.4,17243400,13765450.0,1.3057,,62,55,43,58,54,0,HOLD,0.32,4,False,backfill
2026-08-02T15:05:43.684880+09:00,2026-08-02,ITUB,Itaú Unibanco Holding S.A.,US,금융,2026-07-31,8.457,10878900,19083155.0,0.1614,,58,55,53,70,58,1,HOLD,0.24,3,False,backfill
2026-08-02T15:05:43.684880+09:00,2026-08-02,VRT,Vertiv Holdings Co,US,산업재,2026-07-31,241.57,10849600,6126040.0,20.6235,,10,55,43,42,34,0,AVOID,-0.83,-10,True,backfill
2026-08-02T15:05:43.684880+09:00,2026-08-02,BCS,Barclays PLC,US,금융,2026-07-31,27.1946,4949200,5683425.0,0.914,,47,55,53,78,55,1,HOLD,0.32,4,False,backfill
2026-08-02T15:05:43.684880+09:00,2026-08-02,MPC,Marathon Petroleum Corporation,US,에너지,2026-07-31,316.47,1688700,2030445.0,8.7064,,73,55,35,58,56,1,HOLD,0.43,5,False,backfill
2026-08-02T15:05:43.684880+09:00,2026-08-02,KKR,KKR & Co. Inc.,US,금융,2026-07-31,101.2376,6282800,3749180.0,3.4684,,80,55,45,66,62,1,HOLD,0.43,5,False,backfill
2026-08-02T15:05:43.684880+09:00,2026-08-02,MMM,3M Company,US,산업재,2026-07-31,176.28,2676800,3812055.0,5.44,,85,55,43,58,62,1,HOLD,0.68,8,False,backfill
2026-08-02T15:05:43.684880+09:00,2026-08-02,WM,"Waste Management, Inc.",US,산업재,2026-07-31,226.55,2189000,1804520.0,5.9907,,43,55,53,42,48,0,HOLD,-0.07,-1,False,backfill
2026-08-02T15:05:43.684880+09:00,2026-08-02,MRSH,"Marsh & McLennan Companies, Inc.",US,금융,2026-07-31,189.69,2546200,2783445.0,5.4838,,84,55,35,66,61,1,HOLD,0.61,7,False,backfill
2026-08-02T15:05:43.684880+09:00,2026-08-02,VLO,Valero Energy Corporation,US,에너지,2026-07-31,312.9,2433600,2698795.0,11.0205,,83,55,35,63,60,1,HOLD,0.58,7,False,backfill
2026-08-02T15:05:43.684880+09:00,2026-08-02,FCX,Freeport-McMoRan Inc.,US,소재,2026-07-31,62.63,10789600,15237505.0,2.9588,,76,55,27,53,54,1,HOLD,0.31,4,False,backfill
2026-08-02T15:05:43.684880+09:00,2026-08-02,ABNB,"Airbnb, Inc.",US,소비재,2026-07-31,151.52,2461500,3338000.0,4.0771,,91,55,35,50,61,1,HOLD,0.54,6,False,backfill
2026-08-02T15:05:43.684880+09:00,2026-08-02,LYG,Lloyds Banking Group plc,US,금융,2026-07-31,6.0875,16863000,16451370.0,0.16,,69,55,53,68,61,0,HOLD,0.6,7,False,backfill
2026-08-02T15:05:43.684880+09:00,2026-08-02,JCI,Johnson Controls International plc,US,소재,2026-07-31,146.66,3519800,3497615.0,4.8886,,84,55,35,50,58,1,HOLD,0.37,4,False,backfill
2026-08-02T15:05:43.684880+09:00,2026-08-02,UPS,"United Parcel Service, Inc.",US,산업재,2026-07-31,102.5844,5610900,5263920.0,3.2623,,43,55,53,66,52,0,HOLD,0.0,0,False,backfill
2026-08-02T15:05:43.684880+09:00,2026-08-02,CMI,Cummins Inc.,US,산업재,2026-07-31,634.2,891200,892115.0,26.0136,,31,55,43,58,43,0,AVOID,-0.32,-4,True,backfill
2026-08-02T15:05:43.684880+09:00,2026-08-02,WMB,"The Williams Companies, Inc.",US,에너지,2026-07-31,71.54,7249400,6435625.0,1.9736,,43,55,43,42,45,0,HOLD,-0.23,-3,False,backfill
2026-08-02T15:05:43.684880+09:00,2026-08-02,HCA,"HCA Healthcare, Inc.",US,제약/바이오,2026-07-31,402.59,1255900,1822290.0,15.6471,,73,60,56,60,63,1,HOLD,0.4,5,False,backfill
2026-08-02T15:05:43.684880+09:00,2026-08-02,INTU,Intuit Inc.,US,IT,2026-07-31,316.07,3118100,4262745.0,16.185,,70,55,53,74,62,2,WATCH,0.23,3,False,backfill
2026-08-02T15:05:43.684880+09:00,2026-08-02,ICE,"Intercontinental Exchange, Inc.",US,금융,2026-07-31,152.48,5667800,4342770.0,4.2,,70,55,43,50,56,1,HOLD,0.23,3,False,backfill
2026-08-02T15:05:43.684880+09:00,2026-08-02,DASH,"DoorDash, Inc.",US,인터넷,2026-07-31,196.16,3112700,3667315.0,8.3945,,77,60,43,30,56,1,HOLD,0.46,6,False,backfill
2026-08-02T15:05:43.684880+09:00,2026-08-02,RCL,Royal Caribbean Cruises Ltd.,US,소비재,2026-07-31,318.3,1949000,2500765.0,11.7514,,92,55,45,42,63,1,HOLD,0.74,9,False,backfill
2026-08-02T15:05:43.684880+09:00,2026-08-02,NTES,"NetEase, Inc.",US,IT,2026-07-31,133.27,677400,950515.0,3.56,,77,55,50,68,63,1,HOLD,0.66,8,False,backfill
2026-08-02T15:05:43.684880+09:00,2026-08-02,CMCSA,Comcast Corporation,US,인터넷,2026-07-31,23.96,28202400,34127320.0,0.9936,,65,60,40,83,59,1,HOLD,0.15,2,False,backfill
2026-08-02T15:05:43.684880+09:00,2026-08-02,PSX,Phillips 66,US,에너지,2026-07-31,211.68,2913500,2526945.0,6.0007,,95,55,25,50,59,1,HOLD,0.6,7,False,backfill
2026-08-02T15:05:43.684880+09:00,2026-08-02,EMR,Emerson Electric Co.,US,산업재,2026-07-31,149.3136,3725500,2588350.0,4.3865,,66,55,53,58,59,0,HOLD,0.44,5,False,backfill
2026-08-02T15:05:43.684880+09:00,2026-08-02,MCO,Moody's Corporation,US,금융,2026-07-31,477.3712,843900,881035.0,14.0282,,47,55,43,42,47,0,HOLD,-0.04,0,False,backfill
2026-08-02T15:05:43.684880+09:00,2026-08-02,SHW,The Sherwin-Williams Company,US,소재,2026-07-31,340.85,1674700,2097510.0,11.2843,,84,55,53,50,64,1,HOLD,0.64,8,False,backfill
2026-08-02T15:05:43.684880+09:00,2026-08-02,ITW,Illinois Tool Works Inc.,US,산업재,2026-07-31,286.95,1823500,1558450.0,7.7157,,91,55,50,42,64,1,HOLD,0.75,9,False,backfill
2026-08-02T15:05:43.684880+09:00,2026-08-02,EPD,Enterprise Products Partners L.P.,US,에너지,2026-07-31,38.05,3828200,3244055.0,0.7428,,68,55,50,60,59,0,HOLD,0.34,4,False,backfill
2026-08-02T15:05:43.684880+09:00,2026-08-02,CTAS,Cintas Corporation,US,산업재,2026-07-31,204.0998,2233700,2642480.0,6.9035,,88,55,53,29,62,1,HOLD,0.73,9,False,backfill
2026-08-02T15:05:43.684880+09:00,2026-08-02,ELV,Elevance Health Inc.,US,제약/바이오,2026-07-31,375.84,976900,1521265.0,15.9164,,17,60,53,76,45,1,HOLD,-0.25,-3,False,backfill
2026-08-02T15:05:43.684880+09:00,2026-08-02,AMT,American Tower Corporation,US,리츠,2026-07-31,173.36,4302400,3192740.0,4.7993,,72,55,53,42,58,1,HOLD,0.3,4,False,backfill
2026-08-02T15:05:43.684880+09:00,2026-08-02,ROST,"Ross Stores, Inc.",US,소비재,2026-07-31,251.07,1610900,2323010.0,5.7021,,76,55,53,42,60,1,HOLD,0.53,6,False,backfill
2026-08-02T15:05:43.684880+09:00,2026-08-02,E,Eni S.p.A.,US,에너지,2026-07-31,55.56,293300,413075.0,1.3271,,59,55,53,58,56,0,HOLD,0.22,3,False,backfill
2026-08-02T15:05:43.684880+09:00,2026-08-02,NGG,National Grid plc,US,유틸리티,2026-07-31,79.97,802900,773325.0,1.5014,,38,55,50,42,46,0,HOLD,-0.26,-3,False,backfill
2026-08-02T15:05:43.684880+09:00,2026-08-02,GM,General Motors Company,US,소비재,2026-07-31,88.86,6678000,7494130.0,2.9264,,73,55,35,74,58,2,HOLD,0.48,6,False,backfill
2026-08-02T15:05:43.684880+09:00,2026-08-02,MDLZ,"Mondelez International, Inc.",US,소매,2026-07-31,62.31,8129700,9630170.0,1.8079,,72,55,45,58,58,1,HOLD,0.35,4,False,backfill
2026-08-02T15:05:43.684880+09:00,2026-08-02,SU,Suncor Energy Inc.,US,에너지,2026-07-31,67.28,4235700,3898850.0,1.6129,,77,55,53,71,64,2,WATCH,0.52,6,False,backfill
2026-08-02T15:05:43.684880+09:00,2026-08-02,EOG,"EOG Resources, Inc.",US,에너지,2026-07-31,148.69,2916400,2912270.0,3.8257,,88,55,43,68,65,1,HOLD,0.66,8,False,backfill
2026-08-02T15:05:43.684880+09:00,2026-08-02,REGN,"Regeneron Pharmaceuticals, Inc.",US,제약/바이오,2026-07-31,762.63,1158300,785420.0,21.4836,,66,60,56,58,61,0,HOLD,0.5,6,False,backfill
2026-08-02T15:05:43.684880+09:00,2026-08-02,CP,Canadian Pacific Kansas City Ltd.,US,산업재,2026-07-31,88.89,2606400,2486860.0,1.8914,,46,55,56,58,53,0,HOLD,0.11,1,False,backfill
2026-08-02T15:05:43.684880+09:00,2026-08-02,ECL,Ecolab Inc.,US,소재,2026-07-31,277.63,1656600,1195605.0,6.54,,84,55,50,58,64,1,HOLD,0.64,8,False,backfill
2026-08-02T15:05:43.684880+09:00,2026-08-02,TRV,"The Travelers Companies, Inc.",US,금융,2026-07-31,374.36,1841100,2130095.0,11.2207,,95,55,43,78,69,2,WATCH,0.89,11,False,backfill
2026-08-02T15:05:43.684880+09:00,2026-08-02,HOOD,"Robinhood Markets, Inc.",US,금융,2026-07-31,86.56,22953500,21406575.0,6.31,,39,55,43,50,45,0,HOLD,0.01,0,False,backfill
2026-08-02T15:05:43.684880+09:00,2026-08-02,ASX,"ASE Technology Holding Co., Ltd.",US,반도체,2026-07-31,35.17,8767600,9887360.0,2.6779,,44,60,40,37,45,0,HOLD,0.0,0,False,backfill
2026-08-02T15:05:43.684880+09:00,2026-08-02,BAM,Brookfield Asset Management Ltd.,US,금융,2026-07-31,48.4,2717100,2194530.0,1.2482,,80,55,56,50,63,1,HOLD,0.54,6,False,backfill
2026-08-02T15:05:43.684880+09:00,2026-08-02,NOC,Northrop Grumman Corporation,US,산업재,2026-07-31,542.48,852900,940245.0,17.9286,,65,55,45,55,56,0,HOLD,0.16,2,False,backfill
2026-08-02T15:05:43.684880+09:00,2026-08-02,HON,Honeywell International Inc.,US,산업재,2026-07-31,242.3229,3888100,3609810.0,6.9271,,61,55,35,65,53,0,HOLD,0.21,3,False,backfill
2026-08-02T15:05:43.684880+09:00,2026-08-02,CNI,Canadian National Railway Company,US,산업재,2026-07-31,127.21,1504700,1679330.0,2.4357,,69,55,53,50,59,0,HOLD,0.52,6,False,backfill
2026-08-02T15:05:43.684880+09:00,2026-08-02,AON,Aon plc,US,금융,2026-07-31,359.73,1315600,1375080.0,10.5025,,47,55,43,45,47,0,HOLD,0.1,1,False,backfill
2026-08-02T15:05:43.684880+09:00,2026-08-02,AMX,"América Móvil, S.A.B. de C.V.",US,인터넷,2026-07-31,25.35,1035700,1739465.0,0.6249,,46,60,50,76,54,1,HOLD,0.07,1,False,backfill
2026-08-02T15:05:43.684880+09:00,2026-08-02,NSC,Norfolk Southern Corporation,US,산업재,2026-07-31,334.1575,1462400,1152125.0,8.1271,,69,55,53,45,58,0,HOLD,0.4,5,False,backfill
2026-08-02T15:05:43.684880+09:00,2026-08-02,SNPS,"Synopsys, Inc.",US,IT,2026-07-31,388.76,2250200,1974675.0,16.3736,,37,55,45,43,44,0,AVOID,-0.42,-5,True,backfill
2026-08-02T15:05:43.684880+09:00,2026-08-02,SPG,"Simon Property Group, Inc.",US,리츠,2026-07-31,229.37,1383300,1508060.0,4.1171,,69,55,65,47,62,0,HOLD,0.64,8,False,backfill
2026-08-02T15:05:43.684880+09:00,2026-08-02,MFC,Manulife Financial Corporation,US,금융,2026-07-31,44.44,1824100,1561445.0,0.72,,81,55,53,84,68,2,WATCH,0.82,10,False,backfill
2026-08-02T15:05:43.684880+09:00,2026-08-02,SLB,Slb N.V.,US,에너지,2026-07-31,49.59,12317400,12882440.0,1.7114,,72,55,35,58,55,1,HOLD,0.05,1,False,backfill
2026-08-02T15:05:43.684880+09:00,2026-08-02,ORLY,"O'Reilly Automotive, Inc.",US,소비재,2026-07-31,89.35,5872000,8834430.0,3.0636,,65,55,38,50,53,0,HOLD,0.02,0,False,backfill
2026-08-02T15:05:43.684880+09:00,2026-08-02,CI,Cigna Corporation,US,제약/바이오,2026-07-31,279.05,2189900,1618955.0,9.6093,,43,60,43,94,54,1,HOLD,0.04,0,False,backfill
2026-08-02T15:05:43.684880+09:00,2026-08-02,AEM,Agnico Eagle Mines Limited,US,소재,2026-07-31,145.27,2867700,2470355.0,5.2514,,55,55,45,63,53,0,HOLD,-0.1,-1,False,backfill
2026-08-02T15:05:43.684880+09:00,2026-08-02,CL,Colgate-Palmolive Company,US,소매,2026-07-31,91.3,6661500,4531780.0,2.4142,,47,55,53,50,51,0,HOLD,0.09,1,False,backfill
2026-08-02T15:05:43.684880+09:00,2026-08-02,FDX,FedEx Corporation,US,산업재,2026-07-31,307.4,1309100,1584170.0,7.2236,,31,55,38,68,43,0,AVOID,-0.33,-4,True,backfill
2026-08-02T15:05:43.684880+09:00,2026-08-02,APO,"Apollo Global Management, Inc.",US,금융,2026-07-31,125.59,4656700,4013410.0,4.22,,69,55,35,51,53,0,HOLD,0.1,1,False,backfill
2026-08-02T15:05:43.684880+09:00,2026-08-02,MSI,"Motorola Solutions, Inc.",US,IT,2026-07-31,435.75,708700,863760.0,10.2836,,77,55,37,50,57,1,HOLD,0.28,3,False,backfill
2026-08-02T15:05:43.684880+09:00,2026-08-02,HLT,Hilton Worldwide Holdings Inc.,US,소비재,2026-07-31,320.49,2285500,2079565.0,7.9,,28,55,53,50,44,0,AVOID,-0.23,-3,True,backfill
2026-08-02T15:05:43.684880+09:00,2026-08-02,KMI,"Kinder Morgan, Inc.",US,에너지,2026-07-31,31.882,9837100,9518915.0,0.7431,,53,55,43,45,49,0,HOLD,-0.02,0,False,backfill
2026-08-02T15:05:43.684880+09:00,2026-08-02,TRP,TC Energy Corporation,US,에너지,2026-07-31,67.43,2975500,2519580.0,1.6529,,43,55,53,45,49,0,HOLD,-0.02,0,False,backfill
2026-08-02T15:05:43.684880+09:00,2026-08-02,TDG,TransDigm Group Incorporated,US,산업재,2026-07-31,1254.38,393000,325295.0,32.705,,54,55,46,53,52,0,HOLD,0.17,2,False,backfill
2026-08-02T15:05:43.684880+09:00,2026-08-02,ET,Energy Transfer LP,US,에너지,2026-07-31,20.0251,8688600,8466625.0,0.3014,,58,55,53,76,59,1,HOLD,0.32,4,False,backfill
2026-08-02T15:05:43.684880+09:00,2026-08-02,MPWR,"Monolithic Power Systems, Inc.",US,반도체,2026-07-31,1426.03,1545700,938975.0,93.3336,,69,60,43,35,54,0,HOLD,0.08,1,False,backfill
2026-08-02T15:05:43.684880+09:00,2026-08-02,PCAR,PACCAR Inc,US,산업재,2026-07-31,132.3296,3183900,3570750.0,3.7629,,91,55,53,58,67,1,HOLD,0.86,10,False,backfill
2026-08-02T15:05:43.684880+09:00,2026-08-02,DLR,"Digital Realty Trust, Inc.",US,리츠,2026-07-31,188.52,2168800,3186980.0,7.3343,,72,55,56,38,59,1,HOLD,0.29,3,False,backfill
2026-08-02T15:05:43.684880+09:00,2026-08-02,AEP,"American Electric Power Company, Inc.",US,유틸리티,2026-07-31,126.884,5722900,4071310.0,2.7625,,35,55,53,42,45,0,HOLD,-0.25,-3,False,backfill
2026-08-02T15:05:43.684880+09:00,2026-08-02,BSX,Boston Scientific Corporation,US,제약/바이오,2026-07-31,46.73,18691900,18979110.0,1.7807,,59,60,62,66,61,0,HOLD,0.18,2,False,backfill
2026-08-02T15:05:43.684880+09:00,2026-08-02,NU,Nu Holdings Ltd.,US,금융,2026-07-31,14.33,47607000,106145110.0,0.5018,,88,55,53,66,68,1,HOLD,0.64,8,False,backfill
2026-08-02T15:05:43.684880+09:00,2026-08-02,RACE,Ferrari N.V.,US,소비재,2026-07-31,393.87,819000,457415.0,9.6771,,91,55,53,37,64,1,HOLD,0.8,10,False,backfill
2026-08-02T15:05:43.684880+09:00,2026-08-02,APOS,"Apollo Global Management, Inc.",US,금융,2026-07-31,25.68,51700,49585.0,0.1479,,87,55,45,50,62,1,HOLD,0.52,6,False,backfill
2026-08-02T15:05:43.684880+09:00,2026-08-02,DB,Deutsche Bank AG,US,금융,2026-07-31,36.7,1602500,1982620.0,0.98,,95,55,53,88,73,2,WATCH,1.03,12,False,backfill
2026-08-02T15:05:43.684880+09:00,2026-08-02,CVNA,Carvana Co.,US,소비재,2026-07-31,62.36,11883000,10634585.0,4.2454,,18,55,40,42,36,0,AVOID,-0.75,-9,True,backfill
2026-08-02T15:05:43.684880+09:00,2026-08-02,ALL,The Allstate Corporation,US,금융,2026-07-31,264.08,1309700,1614990.0,7.1171,,95,55,56,73,72,2,WATCH,1.01,12,False,backfill
2026-08-02T15:05:43.684880+09:00,2026-08-02,SATA,"Strive, Inc. Variable Rate Series A Perp",US,금융,2026-07-31,96.3392,135800,145105.0,1.479,,46,55,58,42,51,0,HOLD,0.04,0,False,backfill
2026-08-02T15:05:43.684880+09:00,2026-08-02,URI,"United Rentals, Inc.",US,산업재,2026-07-31,1077.4009,381100,497980.0,43.1349,,62,55,50,58,56,0,HOLD,0.42,5,False,backfill
2026-08-02T15:05:43.684880+09:00,2026-08-02,WBD,"Warner Bros. Discovery, Inc.",US,인터넷,2026-07-31,26.3,37068600,23852845.0,0.5636,,43,60,53,38,49,0,HOLD,-0.07,-1,False,backfill
2026-08-02T15:05:43.684880+09:00,2026-08-02,APD,"Air Products and Chemicals, Inc.",US,소재,2026-07-31,294.89,1463900,1147825.0,7.4271,,43,55,53,42,48,0,HOLD,-0.08,-1,False,backfill
2026-08-02T15:05:43.684880+09:00,2026-08-02,TGT,Target Corporation,US,소매,2026-07-31,143.3894,3312000,3744250.0,4.1723,,91,55,33,50,60,1,HOLD,0.61,7,False,backfill
2026-08-02T15:05:43.684880+09:00,2026-08-02,GWW,"W.W. Grainger, Inc.",US,산업재,2026-07-31,1379.5259,340700,263680.0,33.9765,,66,55,40,50,54,0,HOLD,0.35,4,False,backfill
2026-08-02T15:05:43.684880+09:00,2026-08-02,AFL,Aflac Incorporated,US,금융,2026-07-31,127.48,2042600,1882405.0,2.0093,,91,55,35,68,64,1,HOLD,0.69,8,False,backfill
2026-08-02T15:05:43.684880+09:00,2026-08-02,RSG,"Republic Services, Inc.",US,산업재,2026-07-31,210.55,1150100,1354625.0,5.3257,,43,55,65,45,52,0,HOLD,0.11,1,False,backfill
2026-08-02T15:05:43.684880+09:00,2026-08-02,TFC,Truist Financial Corporation,US,금융,2026-07-31,51.3313,6990900,7903135.0,1.0807,,58,55,56,70,59,1,HOLD,0.32,4,False,backfill
2026-08-02T15:05:43.684880+09:00,2026-08-02,VALE,Vale S.A.,US,소재,2026-07-31,14.6422,28930900,22107725.0,0.3417,,72,55,53,66,62,1,HOLD,0.34,4,False,backfill
2026-08-02T15:05:43.684880+09:00,2026-08-02,SE,Sea Limited,US,소비재,2026-07-31,106.74,3034800,4604565.0,4.4036,,59,55,43,50,52,0,HOLD,0.29,3,False,backfill
2026-08-02T15:05:43.684880+09:00,2026-08-02,AJG,Arthur J. Gallagher & Co.,US,금융,2026-07-31,249.42,1736300,1460925.0,9.0,,51,55,56,58,54,0,HOLD,0.34,4,False,backfill
2026-08-02T15:05:43.684880+09:00,2026-08-02,CRH,CRH plc,US,소재,2026-07-31,94.6307,7496400,3982485.0,3.2676,,18,55,56,60,43,0,AVOID,-0.52,-6,True,backfill
2026-08-02T15:05:43.684880+09:00,2026-08-02,HPE,Hewlett Packard Enterprise Company,US,IT,2026-07-31,47.9,17247400,17132225.0,2.9028,,66,55,35,66,54,0,HOLD,0.36,4,False,backfill
2026-08-02T15:05:43.684880+09:00,2026-08-02,MET,"MetLife, Inc.",US,금융,2026-07-31,95.5381,5785400,3842410.0,1.7328,,95,55,53,58,69,1,HOLD,0.92,11,False,backfill
2026-08-02T15:05:43.684880+09:00,2026-08-02,RELX,RELX Plc,US,산업재,2026-07-31,35.1436,4353300,2970205.0,1.3111,,80,55,53,50,62,1,HOLD,0.48,6,False,backfill
2026-08-02T15:05:43.684880+09:00,2026-08-02,NKE,"NIKE, Inc.",US,소비재,2026-07-31,41.71,22622400,17953720.0,1.3357,,28,55,53,50,44,0,AVOID,-0.31,-4,True,backfill
2026-08-02T15:05:43.684880+09:00,2026-08-02,B,Barrick Mining Corporation,US,소재,2026-07-31,36.73,6265300,7902785.0,1.3086,,65,55,45,78,59,1,HOLD,0.22,3,False,backfill
2026-08-02T15:05:43.684880+09:00,2026-08-02,FIX,"Comfort Systems USA, Inc.",US,산업재,2026-07-31,1728.7947,392300,535910.0,121.7769,,43,55,43,50,46,0,HOLD,-0.23,-3,False,backfill
2026-08-02T15:05:43.684880+09:00,2026-08-02,D,"Dominion Energy, Inc.",US,유틸리티,2026-07-31,69.17,3582500,4403610.0,1.3221,,47,55,56,50,52,0,HOLD,0.18,2,False,backfill
2026-08-02T15:05:43.684880+09:00,2026-08-02,BE,Bloom Energy Corporation,US,산업재,2026-07-31,205.81,21963500,17221010.0,28.1161,,26,55,43,43,39,0,AVOID,-0.6,-7,True,backfill
2026-08-02T15:05:43.684880+09:00,2026-08-02,COR,"Cencora, Inc.",US,제약/바이오,2026-07-31,310.7374,1048000,1356535.0,7.4263,,73,60,65,50,65,1,HOLD,0.58,7,False,backfill
2026-08-02T15:05:43.684880+09:00,2026-08-02,PSA,Public Storage,US,리츠,2026-07-31,324.17,1379600,1304290.0,9.2343,,92,55,56,37,66,1,HOLD,0.75,9,False,backfill
2026-08-02T15:05:43.684880+09:00,2026-08-02,BKR,Baker Hughes Company,US,에너지,2026-07-31,60.2683,5760900,10155525.0,2.0347,,69,55,46,58,58,0,HOLD,0.12,1,False,backfill
2026-08-02T15:05:43.684880+09:00,2026-08-02,BDX,"Becton, Dickinson and Company",US,제약/바이오,2026-07-31,165.62,2024700,1732010.0,4.5743,,76,60,43,66,61,1,HOLD,0.57,7,False,backfill
2026-08-02T15:05:43.684880+09:00,2026-08-02,TEL,TE Connectivity plc,US,반도체,2026-07-31,205.69,2323800,2755225.0,8.0779,,72,60,53,66,63,1,HOLD,0.46,6,False,backfill
2026-08-02T15:05:43.684880+09:00,2026-08-02,O,Realty Income Corporation,US,리츠,2026-07-31,63.87,5733500,4971780.0,1.2065,,43,55,56,45,50,0,HOLD,0.0,0,False,backfill
2026-08-02T15:05:43.684880+09:00,2026-08-02,MPLX,MPLX Lp,US,에너지,2026-07-31,57.4081,1202400,1536180.0,1.0495,,91,55,50,55,66,1,HOLD,0.7,8,False,backfill
2026-08-02T15:05:43.684880+09:00,2026-08-02,NUE,Nucor Corporation,US,소재,2026-07-31,257.29,1565000,1345675.0,7.9393,,66,55,35,53,53,0,HOLD,0.3,4,False,backfill
2026-08-02T15:05:43.684880+09:00,2026-08-02,F,Ford Motor Company,US,소비재,2026-07-31,14.5227,56015200,55110740.0,0.5116,,80,55,58,57,65,1,HOLD,0.76,9,False,backfill
2026-08-02T15:05:43.684880+09:00,2026-08-02,TRGP,Targa Resources Corp.,US,에너지,2026-07-31,270.37,1115100,1105065.0,7.0597,,57,55,53,34,52,0,HOLD,0.2,2,False,backfill
2026-08-02T15:05:43.684880+09:00,2026-08-02,SRE,Sempra,US,유틸리티,2026-07-31,88.55,2768300,2746150.0,2.0371,,35,55,46,58,46,0,HOLD,-0.27,-3,False,backfill
2026-08-02T15:05:43.684880+09:00,2026-08-02,NXPI,NXP Semiconductors N.V.,US,반도체,2026-07-31,229.16,6301600,4252500.0,12.7836,,10,60,53,66,41,0,AVOID,-0.6,-7,True,backfill
2026-08-02T15:05:43.684880+09:00,2026-08-02,TER,"Teradyne, Inc.",US,반도체,2026-07-31,367.69,3771500,3911505.0,32.1993,,76,60,35,50,57,1,HOLD,0.36,4,False,backfill
2026-08-02T15:05:43.684880+09:00,2026-08-02,DAL,"Delta Air Lines, Inc.",US,산업재,2026-07-31,87.44,4772500,6917010.0,2.5057,,76,55,46,76,63,2,WATCH,0.65,8,False,backfill
2026-08-02T15:05:43.684880+09:00,2026-08-02,OKE,"ONEOK, Inc.",US,에너지,2026-07-31,89.74,5142100,3398935.0,2.239,,43,55,27,60,43,0,AVOID,-0.25,-3,True,backfill
2026-08-02T15:05:43.684880+09:00,2026-08-02,FANG,"Diamondback Energy, Inc.",US,에너지,2026-07-31,201.8384,1651700,1884005.0,6.0716,,87,55,43,38,60,1,HOLD,0.41,5,False,backfill
2026-08-02T15:05:43.684880+09:00,2026-08-02,OXY,Occidental Petroleum Corporation,US,에너지,2026-07-31,57.07,6836500,9026290.0,1.5557,,72,55,48,51,58,1,HOLD,0.29,3,False,backfill
2026-08-02T15:05:43.684880+09:00,2026-08-02,GRMN,Garmin Ltd.,US,IT,2026-07-31,293.78,1168100,1029445.0,10.8364,,77,55,43,45,58,1,HOLD,0.52,6,False,backfill
2026-08-02T15:05:43.684880+09:00,2026-08-02,CVE,Cenovus Energy Inc.,US,에너지,2026-07-31,30.19,5857700,7518400.0,0.9786,,87,55,53,78,69,2,WATCH,0.73,9,False,backfill
2026-08-02T15:05:43.684880+09:00,2026-08-02,LITE,Lumentum Holdings Inc.,US,IT,2026-07-31,713.94,4550400,4321295.0,78.662,,18,55,33,43,34,0,AVOID,-0.82,-10,True,backfill
2026-08-02T15:05:43.684880+09:00,2026-08-02,AME,"AMETEK, Inc.",US,산업재,2026-07-31,241.71,1051300,1020740.0,5.3136,,91,55,53,53,67,1,HOLD,0.72,9,False,backfill
2026-08-02T15:05:43.684880+09:00,2026-08-02,LNG,"Cheniere Energy, Inc.",US,에너지,2026-07-31,262.9989,1270900,1813575.0,7.7539,,58,55,43,37,50,0,HOLD,-0.0,0,False,backfill
2026-08-02T15:05:43.684880+09:00,2026-08-02,FAST,Fastenal Company,US,산업재,2026-07-31,47.71,9649100,9112060.0,1.5352,,84,55,56,29,62,1,HOLD,0.59,7,False,backfill
2026-08-02T15:05:43.684880+09:00,2026-08-02,KEYS,"Keysight Technologies, Inc.",US,IT,2026-07-31,319.08,1147400,1269685.0,13.5667,,43,55,53,42,48,0,HOLD,-0.19,-2,False,backfill
2026-08-02T15:05:43.684880+09:00,2026-08-02,TAK,Takeda Pharmaceutical Company Limited,US,제약/바이오,2026-07-31,17.09,4109300,3919320.0,0.3593,,95,60,50,66,70,1,HOLD,0.79,9,False,backfill
2026-08-02T15:05:43.684880+09:00,2026-08-02,CAH,"Cardinal Health, Inc.",US,제약/바이오,2026-07-31,230.03,1737800,2287875.0,5.0764,,47,60,45,66,52,0,HOLD,0.23,3,False,backfill
2026-08-02T15:05:43.684880+09:00,2026-08-02,ROK,"Rockwell Automation, Inc.",US,산업재,2026-07-31,478.6057,937500,700420.0,14.5965,,88,55,43,42,61,1,HOLD,0.67,8,False,backfill
2026-08-02T15:05:43.684880+09:00,2026-08-02,MT,ArcelorMittal S.A.,US,소재,2026-07-31,69.9963,1351900,1716545.0,2.0372,,92,55,53,68,69,1,HOLD,0.92,11,False,backfill
2026-08-02T15:05:43.684880+09:00,2026-08-02,CIEN,Ciena Corporation,US,IT,2026-07-31,377.05,1948400,1998370.0,29.9843,,15,55,36,43,34,0,AVOID,-0.83,-10,True,backfill
2026-08-02T15:05:43.684880+09:00,2026-08-02,ALAB,"Astera Labs, Inc. Common Stock",US,반도체,2026-07-31,311.23,5329400,4427600.0,32.3154,,33,60,43,35,42,0,AVOID,-0.09,-1,True,backfill
2026-08-02T15:05:43.684880+09:00,2026-08-02,ARGX,argenx SE,US,제약/바이오,2026-07-31,853.82,294600,290255.0,27.151,,47,60,53,50,52,0,HOLD,0.18,2,False,backfill
2026-08-02T15:05:43.684880+09:00,2026-08-02,EA,Electronic Arts Inc.,US,IT,2026-07-17,208.9,3883020,,,,58,55,35,50,49,0,HOLD,0.04,0,False,backfill
2026-08-02T15:05:43.684880+09:00,2026-08-02,NDAQ,"Nasdaq, Inc.",US,금융,2026-07-31,94.19,3182600,4056415.0,2.6164,,80,55,46,58,62,1,HOLD,0.49,6,False,backfill
2026-08-02T15:05:43.684880+09:00,2026-08-02,CTVA,"Corteva, Inc.",US,소재,2026-07-31,78.71,11530700,3862395.0,2.5073,,43,55,53,50,49,0,HOLD,-0.06,-1,False,backfill
2026-08-02T15:05:43.684880+09:00,2026-08-02,LHX,"L3Harris Technologies, Inc.",US,산업재,2026-07-31,277.06,2283100,1389635.0,10.4657,,31,55,53,58,46,0,HOLD,-0.32,-4,False,backfill
2026-08-02T15:05:43.684880+09:00,2026-08-02,COHR,"Coherent, Inc.",US,IT,2026-07-31,262.89,5475200,4624425.0,27.4693,,15,55,40,43,35,0,AVOID,-0.78,-9,True,backfill
2026-08-02T15:05:43.684880+09:00,2026-08-02,FITB,Fifth Third Bancorp,US,금융,2026-07-31,56.5,8056200,6310225.0,1.3893,,47,55,48,58,51,0,HOLD,0.17,2,False,backfill
2026-08-02T15:05:43.684880+09:00,2026-08-02,STT,State Street Corporation,US,금융,2026-07-31,184.16,1821200,2547415.0,5.28,,73,55,43,76,61,2,WATCH,0.57,7,False,backfill
2026-08-02T15:05:43.684880+09:00,2026-08-02,CARR,Carrier Global Corporation,US,산업재,2026-07-31,61.81,8662300,7255925.0,2.4589,,28,55,45,50,42,0,AVOID,-0.43,-5,True,backfill
2026-08-02T15:05:43.684880+09:00,2026-08-02,EBAY,eBay Inc.,US,소비재,2026-07-31,114.01,3676100,3397865.0,3.1057,,84,55,35,50,58,1,HOLD,0.48,6,False,backfill
2026-08-02T15:05:43.684880+09:00,2026-08-02,PYPL,"PayPal Holdings, Inc.",US,금융,2026-07-31,57.21,9773000,19064295.0,2.0729,,69,55,43,78,60,1,HOLD,0.51,6,False,backfill
2026-08-02T15:05:43.684880+09:00,2026-08-02,ETR,Entergy Corporation,US,유틸리티,2026-07-31,106.9814,2603500,2756585.0,2.6797,,43,55,53,50,49,0,HOLD,-0.13,-2,False,backfill
2026-08-02T15:05:43.684880+09:00,2026-08-02,ELC,"Entergy Louisiana, LLC COLLATERAL TR MT",US,유틸리티,2026-07-31,20.02,30900,13610.0,0.0899,,65,55,55,50,58,0,HOLD,0.28,3,False,backfill
2026-08-02T15:05:43.684880+09:00,2026-08-02,VST,Vistra Corp.,US,유틸리티,2026-07-31,148.19,4390700,4063485.0,8.1893,,46,55,43,50,48,0,HOLD,-0.15,-2,False,backfill
2026-08-02T15:05:43.684880+09:00,2026-08-02,HEI,HEICO Corporation,US,산업재,2026-07-31,356.36,449900,433125.0,10.2957,,95,55,53,27,64,1,HOLD,0.82,10,False,backfill
2026-08-02T15:05:43.684880+09:00,2026-08-02,EW,Edwards Lifesciences Corporation,US,제약/바이오,2026-07-31,86.07,3952900,5296715.0,2.6793,,40,60,35,50,44,0,AVOID,-0.19,-2,True,backfill
2026-08-02T15:05:43.684880+09:00,2026-08-02,WPM,Wheaton Precious Metals Corp.,US,소재,2026-07-31,109.03,1624500,1598515.0,4.07,,50,55,53,66,54,0,HOLD,-0.05,-1,False,backfill
2026-08-02T15:05:43.684880+09:00,2026-08-02,ADSK,"Autodesk, Inc.",US,IT,2026-07-31,234.2,1949000,2209935.0,10.0529,,80,55,68,66,69,1,HOLD,0.64,8,False,backfill
2026-08-02T15:05:43.684880+09:00,2026-08-02,AZO,"AutoZone, Inc.",US,소비재,2026-07-31,3016.25,121200,182205.0,99.2657,,35,55,61,50,49,0,HOLD,-0.26,-3,False,backfill
2026-08-02T15:05:43.684880+09:00,2026-08-02,NOK,Nokia Oyj,US,IT,2026-07-31,9.14,91720600,98528240.0,0.6529,,7,55,53,51,37,0,AVOID,-0.73,-9,True,backfill
2026-08-02T15:05:43.684880+09:00,2026-08-02,WAB,Westinghouse Air Brake Technologies Corp,US,산업재,2026-07-31,290.86,959500,1040825.0,9.6279,,91,55,43,58,64,1,HOLD,0.7,8,False,backfill
2026-08-02T15:05:43.684880+09:00,2026-08-02,AMP,"Ameriprise Financial, Inc.",US,금융,2026-07-31,544.14,480600,617935.0,12.9652,,91,55,43,68,66,1,HOLD,0.8,10,False,backfill
2026-08-02T15:05:43.684880+09:00,2026-08-02,DEO,Diageo plc,US,소매,2026-07-31,88.06,864500,967130.0,2.2779,,84,55,53,58,65,1,HOLD,0.71,9,False,backfill
2026-08-02T15:05:43.684880+09:00,2026-08-02,XEL,Xcel Energy Inc.,US,유틸리티,2026-07-31,78.2,7004400,4987135.0,1.7886,,43,55,56,42,49,0,HOLD,-0.09,-1,False,backfill
2026-08-02T15:05:43.684880+09:00,2026-08-02,INFY,Infosys Limited,US,IT,2026-07-31,12.03,18091400,26593800.0,0.4779,,80,55,43,60,61,1,HOLD,0.4,5,False,backfill
2026-08-02T15:05:43.684880+09:00,2026-08-02,CCEP,Coca-Cola Europacific Partners PLC,US,소매,2026-07-31,109.46,2653200,1918520.0,2.5629,,91,55,53,45,66,1,HOLD,0.82,10,False,backfill
2026-08-02T15:05:43.684880+09:00,2026-08-02,XYZ,"Block, Inc.",US,IT,2026-07-31,81.24,4698300,4598740.0,2.9584,,91,55,35,43,60,1,HOLD,0.6,7,False,backfill
2026-08-02T15:05:43.684880+09:00,2026-08-02,ABEV,Ambev S.A.,US,소매,2026-07-31,3.11,57167500,25099115.0,0.0721,,76,55,53,68,64,1,HOLD,0.59,7,False,backfill
2026-08-02T15:05:43.684880+09:00,2026-08-02,CMG,"Chipotle Mexican Grill, Inc.",US,소비재,2026-07-31,37.22,14354500,17527670.0,1.5386,,74,55,56,50,61,1,HOLD,0.61,7,False,backfill
2026-08-02T15:05:43.684880+09:00,2026-08-02,UMC,United Microelectronics Corporation,US,반도체,2026-07-31,19.03,16738100,16989215.0,1.5643,,33,60,53,58,48,0,HOLD,0.09,1,False,backfill
2026-08-02T15:05:43.684880+09:00,2026-08-02,FER,Ferrovial SE,US,산업재,2026-07-31,65.1,1661200,1620115.0,1.0925,,72,55,53,38,58,1,HOLD,0.27,3,False,backfill
2026-08-02T15:05:43.684880+09:00,2026-08-02,EXC,Exelon Corporation,US,유틸리티,2026-07-31,45.82,10047900,9185820.0,1.0821,,46,55,53,52,51,0,HOLD,0.01,0,False,backfill
2026-08-02T15:05:43.684880+09:00,2026-08-02,STM,STMicroelectronics N.V.,US,반도체,2026-07-31,52.39,10813300,12658055.0,4.2864,,25,60,53,51,44,0,AVOID,-0.32,-4,True,backfill
2026-08-02T15:05:43.684880+09:00,2026-08-02,PCG,PG&E Corporation,US,유틸리티,2026-07-31,17.38,28540700,19470945.0,0.4629,,47,55,53,60,52,0,HOLD,0.14,2,False,backfill
2026-08-02T15:05:43.684880+09:00,2026-08-02,VIK,Viking Holdings Ltd,US,소비재,2026-07-31,104.35,2027900,1904265.0,2.9719,,77,55,43,50,58,1,HOLD,0.54,6,False,backfill
2026-08-02T15:05:43.684880+09:00,2026-08-02,JD,"JD.com, Inc.",US,소비재,2026-07-31,33.01,9054300,7793045.0,0.7125,,73,55,53,74,64,2,WATCH,0.61,7,False,backfill
2026-08-02T15:05:43.684880+09:00,2026-08-02,SLF,Sun Life Financial Inc.,US,금융,2026-07-31,82.95,520800,560395.0,1.2543,,59,55,53,50,55,0,HOLD,0.39,5,False,backfill
2026-08-02T15:05:43.684880+09:00,2026-08-02,NBIS,Nebius Group N.V.,US,IT,2026-07-31,190.41,25703400,21507125.0,25.8103,,36,55,43,43,43,0,AVOID,-0.06,-1,True,backfill
2026-08-02T15:05:43.684880+09:00,2026-08-02,VTR,"Ventas, Inc.",US,리츠,2026-07-31,93.51,4300600,3332385.0,2.5486,,47,55,53,43,50,0,HOLD,0.09,1,False,backfill
2026-08-02T15:05:43.684880+09:00,2026-08-02,FERG,Ferguson plc,US,산업재,2026-07-31,234.33,1999900,1287560.0,6.6243,,65,55,53,50,57,0,HOLD,0.13,2,False,backfill
2026-08-02T15:05:43.684880+09:00,2026-08-02,TTWO,"Take-Two Interactive Software, Inc.",US,IT,2026-07-31,242.92,1931000,1786605.0,6.6286,,84,55,43,37,59,1,HOLD,0.56,7,False,backfill
2026-08-02T15:05:43.684880+09:00,2026-08-02,IX,ORIX Corporation,US,금융,2026-07-31,40.31,186500,207710.0,0.9707,,66,55,62,76,64,1,HOLD,0.68,8,False,backfill
2026-08-02T15:05:43.684880+09:00,2026-08-02,WDS,Woodside Energy Group Ltd,US,에너지,2026-07-31,23.46,670900,750375.0,0.6107,,69,55,53,52,59,0,HOLD,0.34,4,False,backfill
2026-08-02T15:05:43.684880+09:00,2026-08-02,ODFL,"Old Dominion Freight Line, Inc.",US,산업재,2026-07-31,212.14,1745700,1682350.0,8.1086,,28,55,56,42,44,0,AVOID,-0.2,-2,True,backfill
2026-08-02T15:05:43.684880+09:00,2026-08-02,IDXX,"IDEXX Laboratories, Inc.",US,제약/바이오,2026-07-31,559.07,630800,580170.0,17.9671,,73,60,53,29,58,1,HOLD,0.33,4,False,backfill
2026-08-02T15:05:43.684880+09:00,2026-08-02,HUM,Humana Inc.,US,제약/바이오,2026-07-31,363.86,1454600,1517010.0,16.9807,,43,60,53,58,52,0,HOLD,0.23,3,False,backfill
2026-08-02T15:05:43.684880+09:00,2026-08-02,FMX,"Fomento Económico Mexicano, S.A.B. de C.",US,소매,2026-07-31,127.99,559100,531990.0,4.6425,,47,55,53,53,51,0,HOLD,0.14,2,False,backfill
2026-08-02T15:05:43.684880+09:00,2026-08-02,HLN,Haleon plc,US,제약/바이오,2026-07-31,9.8055,10997900,10729545.0,0.237,,47,60,50,58,52,0,HOLD,0.13,2,False,backfill
2026-08-02T15:05:43.684880+09:00,2026-08-02,TRI,Thomson Reuters Corporation,US,산업재,2026-07-31,98.13,1811500,2228145.0,5.5407,,77,55,53,58,63,1,HOLD,0.56,7,False,backfill
2026-08-02T15:05:43.684880+09:00,2026-08-02,AXON,"Axon Enterprise, Inc.",US,산업재,2026-07-31,527.76,491200,821105.0,26.4736,,51,55,35,30,44,0,AVOID,0.02,0,True,backfill
2026-08-02T15:05:43.684880+09:00,2026-08-02,PFH,"Prudential Financial, Inc. 4.125% Junior",US,금융,2026-07-31,15.5909,45600,33605.0,0.116,,20,55,58,50,43,0,AVOID,-0.36,-4,True,backfill
2026-08-02T15:05:43.684880+09:00,2026-08-02,CBRE,"CBRE Group, Inc.",US,리츠,2026-07-31,146.81,1831300,1804570.0,5.1321,,80,55,56,66,66,1,HOLD,0.62,7,False,backfill
2026-08-02T15:05:43.684880+09:00,2026-08-02,BSBR,Banco Santander (Brasil) S.A.,US,금융,2026-07-31,5.67,12592900,2423235.0,0.1832,,77,55,50,86,66,2,WATCH,0.54,6,False,backfill
2026-08-02T15:05:43.684880+09:00,2026-08-02,PRU,"Prudential Financial, Inc.",US,금융,2026-07-31,122.08,2329500,1775385.0,2.2671,,95,55,48,76,70,2,WATCH,0.93,11,False,backfill
2026-08-02T15:05:43.684880+09:00,2026-08-02,KDP,Keurig Dr Pepper Inc.,US,소매,2026-07-31,31.12,11457400,12830730.0,0.8107,,69,55,56,50,59,0,HOLD,0.47,6,False,backfill
2026-08-02T15:05:43.684880+09:00,2026-08-02,YUM,"Yum! Brands, Inc.",US,소비재,2026-07-31,153.28,2594000,2831395.0,5.1893,,70,55,43,50,56,1,HOLD,0.21,3,False,backfill
2026-08-02T15:05:43.684880+09:00,2026-08-02,WCN,"Waste Connections, Inc.",US,산업재,2026-07-31,167.0239,1391700,1346500.0,4.2039,,46,55,43,50,48,0,HOLD,-0.04,0,False,backfill
2026-08-02T15:05:43.684880+09:00,2026-08-02,ARES,Ares Management Corporation,US,금융,2026-07-31,128.09,4178600,2080610.0,4.8594,,73,55,48,42,57,1,HOLD,0.42,5,False,backfill
2026-08-02T15:05:43.684880+09:00,2026-08-02,WDAY,"Workday, Inc.",US,IT,2026-07-31,160.34,4088200,4725745.0,10.4114,,85,55,43,66,64,1,HOLD,0.71,9,False,backfill
2026-08-02T15:05:43.684880+09:00,2026-08-02,FLEX,Flex Ltd.,US,IT,2026-07-31,113.75,6644400,5033380.0,8.9286,,33,55,43,58,44,0,AVOID,-0.05,-1,True,backfill
2026-08-02T15:05:43.684880+09:00,2026-08-02,AIG,"American International Group, Inc.",US,금융,2026-07-31,78.58,3570900,3352515.0,1.6829,,43,55,45,84,52,1,HOLD,0.01,0,False,backfill
2026-08-02T15:05:43.684880+09:00,2026-08-02,MSCI,MSCI Inc.,US,금융,2026-07-31,570.2007,616800,736745.0,21.3444,,25,55,65,50,47,0,HOLD,-0.19,-2,False,backfill
2026-08-02T15:05:43.684880+09:00,2026-08-02,PAYX,"Paychex, Inc.",US,산업재,2026-07-31,116.84,3286900,3243645.0,4.1747,,95,55,43,50,65,1,HOLD,0.79,9,False,backfill
2026-08-02T15:05:43.684880+09:00,2026-08-02,KB,KB Financial Group Inc.,US,금융,2026-07-31,117.82,300800,313890.0,3.8521,,47,55,50,86,55,1,HOLD,0.21,3,False,backfill
2026-08-02T15:05:43.684880+09:00,2026-08-02,FNV,Franco-Nevada Corporation,US,소재,2026-07-31,212.92,647800,692450.0,6.7579,,72,55,53,50,60,1,HOLD,0.3,4,False,backfill
2026-08-02T15:05:43.684880+09:00,2026-08-02,TEVA,Teva Pharmaceutical Industries Limited,US,제약/바이오,2026-07-31,35.01,4695000,5648730.0,1.2143,,72,60,43,66,60,1,HOLD,0.36,4,False,backfill
2026-08-02T15:05:43.684880+09:00,2026-08-02,SYY,Sysco Corporation,US,소매,2026-07-31,85.24,3328600,2904680.0,1.8943,,91,55,50,50,65,1,HOLD,0.81,10,False,backfill
2026-08-02T15:05:43.684880+09:00,2026-08-02,LYV,"Live Nation Entertainment, Inc.",US,인터넷,2026-07-31,174.13,5029400,2015520.0,4.9293,,47,60,40,30,45,0,HOLD,-0.01,0,False,backfill
2026-08-02T15:05:43.684880+09:00,2026-08-02,MCHP,Microchip Technology Incorporated,US,반도체,2026-07-31,74.29,11293200,10588320.0,4.0857,,18,60,35,51,36,0,AVOID,-0.73,-9,True,backfill
2026-08-02T15:05:43.684880+09:00,2026-08-02,HMC,"Honda Motor Co., Ltd.",US,소비재,2026-07-31,30.11,1204900,1152240.0,0.6143,,83,55,53,83,68,2,WATCH,0.84,10,False,backfill
2026-08-02T15:05:43.684880+09:00,2026-08-02,AU,AngloGold Ashanti plc,US,소재,2026-07-31,79.32,7345500,2470945.0,3.6564,,50,55,53,94,58,1,HOLD,0.04,0,False,backfill
2026-08-02T15:05:43.684880+09:00,2026-08-02,ED,"Consolidated Edison, Inc.",US,유틸리티,2026-07-31,108.85,2787200,2188250.0,2.41,,46,55,58,42,51,0,HOLD,0.03,0,False,backfill
2026-08-02T15:05:43.684880+09:00,2026-08-02,DHI,"D.R. Horton, Inc.",US,소비재,2026-07-31,142.6349,2223100,2707715.0,4.8712,,31,55,53,68,48,0,HOLD,-0.19,-2,False,backfill
2026-08-02T15:05:43.684880+09:00,2026-08-02,RVMD,"Revolution Medicines, Inc.",US,제약/바이오,2026-07-31,187.53,1491800,1894330.0,7.5356,,61,60,43,42,53,0,HOLD,0.32,4,False,backfill
2026-08-02T15:05:43.684880+09:00,2026-08-02,ROP,"Roper Technologies, Inc.",US,IT,2026-07-31,391.97,839100,890190.0,16.8621,,84,55,53,68,66,1,HOLD,0.73,9,False,backfill
2026-08-02T15:05:43.684880+09:00,2026-08-02,UAL,"United Airlines Holdings, Inc.",US,산업재,2026-07-31,121.33,2660600,4484085.0,4.4221,,51,55,43,73,53,1,HOLD,0.26,3,False,backfill
2026-08-02T15:05:43.684880+09:00,2026-08-02,CRWV,"CoreWeave, Inc. Class A Common Stock",US,IT,2026-07-31,71.77,26415900,25341620.0,7.1159,,37,55,43,42,43,0,AVOID,-0.45,-5,True,backfill
2026-08-02T15:05:43.684880+09:00,2026-08-02,A,"Agilent Technologies, Inc.",US,제약/바이오,2026-07-31,138.37,1721100,2210850.0,4.1257,,95,60,53,58,70,1,HOLD,0.96,12,False,backfill
2026-08-02T15:05:43.684880+09:00,2026-08-02,HIG,"The Hartford Insurance Group, Inc.",US,금융,2026-07-31,141.91,1131700,1678880.0,3.6886,,80,55,53,86,68,2,WATCH,0.68,8,False,backfill
2026-08-02T15:05:43.684880+09:00,2026-08-02,IQV,IQVIA Holdings Inc.,US,제약/바이오,2026-07-31,235.02,1321700,1441915.0,9.3064,,88,60,46,74,68,2,WATCH,0.84,10,False,backfill
2026-08-02T15:05:43.684880+09:00,2026-08-02,CRDO,Credo Technology Group Holding Ltd,US,반도체,2026-07-31,206.99,6428500,6065185.0,20.5504,,32,60,43,35,41,0,AVOID,-0.14,-2,True,backfill
2026-08-02T15:05:43.684880+09:00,2026-08-02,COIN,"Coinbase Global, Inc.",US,금융,2026-07-31,146.26,20870300,7252545.0,10.3064,,21,55,38,50,37,0,AVOID,-0.7,-8,True,backfill
2026-08-02T15:05:43.684880+09:00,2026-08-02,NTRA,"Natera, Inc.",US,제약/바이오,2026-07-31,267.76,1331400,1106710.0,10.7671,,51,60,46,50,51,0,HOLD,0.24,3,False,backfill
2026-08-02T15:05:43.684880+09:00,2026-08-02,PEG,Public Service Enterprise Group Incorpor,US,유틸리티,2026-07-31,76.68,3667600,2841610.0,1.595,,20,55,53,47,41,0,AVOID,-0.41,-5,True,backfill
2026-08-02T15:05:43.684880+09:00,2026-08-02,ADM,Archer-Daniels-Midland Company,US,소매,2026-07-31,79.27,7588500,3544485.0,2.1236,,47,55,53,58,52,0,HOLD,0.14,2,False,backfill
2026-08-02T15:05:43.684880+09:00,2026-08-02,BBD,Banco Bradesco S.A.,US,금융,2026-07-31,3.6059,27387800,30588870.0,0.0863,,51,55,53,78,56,1,HOLD,0.13,2,False,backfill
2026-08-02T15:05:43.684880+09:00,2026-08-02,CLS,Celestica Inc.,US,IT,2026-07-31,331.44,3420400,2578430.0,27.59,,40,55,43,50,45,0,HOLD,-0.38,-5,False,backfill
2026-08-02T15:05:43.684880+09:00,2026-08-02,CCL,Carnival Corporation & plc,US,소비재,2026-07-31,27.6651,17275100,18883700.0,0.9372,,72,55,53,60,61,1,HOLD,0.48,6,False,backfill
2026-08-02T15:05:43.684880+09:00,2026-08-02,ESLT,Elbit Systems Ltd.,US,산업재,2026-07-31,808.65,64100,74745.0,24.8329,,72,55,53,30,57,1,HOLD,0.27,3,False,backfill
2026-08-02T15:05:43.684880+09:00,2026-08-02,BIDU,"Baidu, Inc.",US,인터넷,2026-07-31,111.11,2868600,2116370.0,3.845,,65,60,45,86,61,1,HOLD,0.2,2,False,backfill
2026-08-02T15:05:43.684880+09:00,2026-08-02,NWG,NatWest Group plc,US,금융,2026-07-31,18.6243,5716300,3969540.0,0.5029,,92,55,50,70,69,2,WATCH,0.89,11,False,backfill
2026-08-02T15:05:43.684880+09:00,2026-08-02,PUK,Prudential plc,US,금융,2026-07-31,30.26,1231900,902575.0,0.7436,,77,55,50,73,64,2,WATCH,0.5,6,False,backfill
2026-08-02T15:05:43.684880+09:00,2026-08-02,CCJ,Cameco Corporation,US,에너지,2026-07-31,86.38,5599300,3912175.0,3.8057,,40,55,45,43,45,0,HOLD,-0.38,-5,False,backfill
2026-08-02T15:05:43.684880+09:00,2026-08-02,RKLB,"Rocket Lab USA, Inc.",US,산업재,2026-07-31,64.95,13533800,18973300.0,5.7036,,37,55,43,19,40,0,AVOID,-0.53,-6,True,backfill
2026-08-02T15:05:43.684880+09:00,2026-08-02,KVUE,Kenvue Inc.,US,소매,2026-07-31,19.0279,22744400,18933625.0,0.4144,,47,55,53,66,53,0,HOLD,0.24,3,False,backfill
2026-08-02T15:05:43.684880+09:00,2026-08-02,RKT,"Rocket Companies, Inc.",US,금융,2026-07-31,12.9,21349100,29181620.0,0.7432,,31,55,56,60,48,0,HOLD,-0.29,-3,False,backfill
2026-08-02T15:05:43.684880+09:00,2026-08-02,IRM,Iron Mountain Incorporated,US,리츠,2026-07-31,122.32,2939400,2074735.0,4.7243,,50,55,43,35,47,0,HOLD,-0.13,-2,False,backfill
2026-08-02T15:05:43.684880+09:00,2026-08-02,BBDO,Banco Bradesco S.A.,US,금융,2026-07-31,3.4368,74500,98960.0,0.0935,,85,55,55,70,68,2,WATCH,0.66,8,False,backfill
2026-08-02T15:05:43.684880+09:00,2026-08-02,VOD,Vodafone Group Public Limited Company,US,인터넷,2026-07-31,15.78,3359400,4722585.0,0.4486,,80,60,50,86,68,2,WATCH,0.61,7,False,backfill
2026-08-02T15:05:43.684880+09:00,2026-08-02,KMB,Kimberly-Clark Corporation,US,소매,2026-07-31,109.31,4521500,3511575.0,2.7843,,47,55,45,50,48,0,HOLD,0.12,1,False,backfill
2026-08-02T15:05:43.684880+09:00,2026-08-02,STLD,"Steel Dynamics, Inc.",US,소재,2026-07-31,251.26,902400,1163880.0,7.9957,,76,55,35,53,56,1,HOLD,0.38,5,False,backfill
2026-08-02T15:05:43.684880+09:00,2026-08-02,MTB,M&T Bank Corporation,US,금융,2026-07-31,246.29,1152800,1194230.0,4.8671,,62,55,46,60,56,0,HOLD,0.39,5,False,backfill
2026-08-02T15:05:43.684880+09:00,2026-08-02,WEC,"WEC Energy Group, Inc.",US,유틸리티,2026-07-31,108.4744,1992700,1935480.0,2.3814,,43,55,53,42,48,0,HOLD,-0.14,-2,False,backfill
2026-08-02T15:05:43.684880+09:00,2026-08-02,HSY,The Hershey Company,US,소매,2026-07-31,173.6844,2173900,1878285.0,4.6258,,65,55,43,58,55,0,HOLD,0.16,2,False,backfill
2026-08-02T15:05:43.684880+09:00,2026-08-02,KR,The Kroger Co.,US,소매,2026-07-31,57.3465,5917300,7648605.0,1.7835,,50,55,56,74,56,1,HOLD,-0.01,0,False,backfill
2026-08-02T15:05:43.684880+09:00,2026-08-02,EME,"EMCOR Group, Inc.",US,산업재,2026-07-31,797.43,609400,495830.0,37.3386,,72,55,56,50,60,1,HOLD,0.25,3,False,backfill
2026-08-02T15:05:43.684880+09:00,2026-08-02,ACGL,Arch Capital Group Ltd.,US,금융,2026-07-31,100.53,1744100,1847180.0,2.9064,,47,55,56,78,56,1,HOLD,0.25,3,False,backfill
2026-08-02T15:05:43.684880+09:00,2026-08-02,NTAP,"NetApp, Inc.",US,IT,2026-07-31,178.5,1829900,2647295.0,7.4636,,92,55,43,50,64,1,HOLD,0.75,9,False,backfill
2026-08-02T15:05:43.684880+09:00,2026-08-02,PPLC,PPL Corporation,US,유틸리티,2026-07-31,46.98,91200,229760.0,0.7088,,31,55,55,50,46,0,HOLD,-0.22,-3,False,backfill
2026-08-02T15:05:43.684880+09:00,2026-08-02,VMC,Vulcan Materials Company,US,소재,2026-07-31,268.0719,1982900,1060995.0,9.0917,,28,55,53,58,45,0,HOLD,-0.34,-4,False,backfill
2026-08-02T15:05:43.684880+09:00,2026-08-02,EC,Ecopetrol S.A.,US,에너지,2026-07-31,16.77,2174100,2305390.0,0.5314,,95,55,50,96,74,2,WATCH,1.03,12,False,backfill
2026-08-02T15:05:43.684880+09:00,2026-08-02,HBAN,Huntington Bancshares Incorporated,US,금융,2026-07-31,17.04,15569200,25744635.0,0.4121,,43,55,49,68,51,0,HOLD,0.03,0,False,backfill
2026-08-02T15:05:43.684880+09:00,2026-08-02,RJF,"Raymond James Financial, Inc.",US,금융,2026-07-31,175.98,1198700,1258015.0,4.0164,,88,55,53,68,68,1,HOLD,0.84,10,False,backfill
2026-08-02T15:05:43.684880+09:00,2026-08-02,ONC,BeOne Medicines AG,US,제약/바이오,2026-07-31,316.01,250000,374930.0,9.2381,,70,60,43,43,56,1,HOLD,0.35,4,False,backfill
2026-08-02T15:05:43.684880+09:00,2026-08-02,EXPE,"Expedia Group, Inc.",US,소비재,2026-07-31,294.74,1124600,1472775.0,11.8143,,88,55,53,66,68,1,HOLD,0.85,10,False,backfill
2026-08-02T15:05:43.684880+09:00,2026-08-02,UI,Ubiquiti Inc.,US,IT,2026-07-31,556.52,95000,87250.0,20.2514,,59,55,50,42,53,0,HOLD,-0.07,-1,False,backfill
2026-08-02T15:05:43.684880+09:00,2026-08-02,ALC,Alcon Inc.,US,제약/바이오,2026-07-31,68.94,2315600,2330990.0,1.6121,,73,60,45,50,59,1,HOLD,0.25,3,False,backfill
2026-08-02T15:05:43.684880+09:00,2026-08-02,CCI,Crown Castle Inc.,US,리츠,2026-07-31,76.3,5007800,4316535.0,2.5221,,50,55,58,58,55,0,HOLD,-0.03,0,False,backfill
2026-08-02T15:05:43.684880+09:00,2026-08-02,NTRS,Northern Trust Corporation,US,금융,2026-07-31,182.19,1219700,1101855.0,4.6457,,47,55,53,60,52,0,HOLD,0.21,3,False,backfill
2026-08-02T15:05:43.684880+09:00,2026-08-02,EQT,EQT Corporation,US,에너지,2026-07-31,53.1234,5338900,7769835.0,1.4554,,72,55,53,68,62,1,HOLD,0.32,4,False,backfill
2026-08-02T15:05:43.684880+09:00,2026-08-02,MDLN,Medline Inc.,US,제약/바이오,2026-07-31,39.28,4032300,5314635.0,1.6839,,38,60,43,58,47,0,HOLD,-0.31,-4,False,backfill
2026-08-02T15:05:43.684880+09:00,2026-08-02,NTR,Nutrien Ltd.,US,소재,2026-07-31,69.07,2089400,2228090.0,1.6668,,87,55,53,60,66,1,HOLD,0.52,6,False,backfill
2026-08-02T15:05:43.684880+09:00,2026-08-02,VEEV,Veeva Systems Inc.,US,IT,2026-07-31,203.78,1888800,1560790.0,8.2779,,79,55,53,66,64,1,HOLD,0.73,9,False,backfill
2026-08-02T15:05:43.684880+09:00,2026-08-02,CHT,"Chunghwa Telecom Co., Ltd.",US,인터넷,2026-07-31,42.61,133200,183620.0,0.5486,,80,60,50,50,62,1,HOLD,0.53,6,False,backfill
2026-08-02T15:05:43.684880+09:00,2026-08-02,SHG,"Shinhan Financial Group Co., Ltd.",US,금융,2026-07-31,69.93,307400,245025.0,2.1086,,43,55,50,83,54,1,HOLD,0.08,1,False,backfill
2026-08-02T15:05:43.684880+09:00,2026-08-02,JBL,Jabil Inc.,US,IT,2026-07-31,314.9819,1266800,1129985.0,15.2353,,50,55,43,58,50,0,HOLD,-0.12,-1,False,backfill
2026-08-02T15:05:43.684880+09:00,2026-08-02,VG,"Venture Global, Inc.",US,에너지,2026-07-31,13.38,10457100,16328705.0,0.8179,,62,55,46,60,56,0,HOLD,0.27,3,False,backfill
2026-08-02T15:05:43.684880+09:00,2026-08-02,IR,Ingersoll Rand Inc.,US,산업재,2026-07-31,83.3603,6473700,4256325.0,2.9424,,84,55,50,66,65,1,HOLD,0.66,8,False,backfill
2026-08-02T15:05:43.684880+09:00,2026-08-02,ZTS,Zoetis Inc.,US,제약/바이오,2026-07-31,77.29,5018300,5534055.0,2.2074,,62,60,65,60,62,0,HOLD,0.23,3,False,backfill
2026-08-02T15:05:43.684880+09:00,2026-08-02,CASY,"Casey's General Stores, Inc.",US,소비재,2026-07-31,871.0,218800,357885.0,26.4853,,75,55,46,29,55,1,HOLD,0.33,4,False,backfill
2026-08-02T15:05:43.684880+09:00,2026-08-02,ERIC,Telefonaktiebolaget LM Ericsson (publ),US,IT,2026-07-31,9.81,12841800,17399775.0,0.3321,,37,55,53,78,52,1,HOLD,-0.22,-3,False,backfill
2026-08-02T15:05:43.684880+09:00,2026-08-02,CQP,"Cheniere Energy Partners, L.P.",US,에너지,2026-07-31,65.0817,171400,97315.0,2.0415,,87,55,56,55,66,1,HOLD,0.63,8,False,backfill
2026-08-02T15:05:43.684880+09:00,2026-08-02,BAP,Credicorp Ltd.,US,금융,2026-07-31,400.58,349100,279370.0,11.1114,,65,55,53,63,59,0,HOLD,0.52,6,False,backfill
2026-08-02T15:05:43.684880+09:00,2026-08-02,ON,ON Semiconductor Corporation,US,반도체,2026-07-31,81.61,7390400,9323200.0,5.16,,18,60,45,51,39,0,AVOID,-0.63,-8,True,backfill
2026-08-02T15:05:43.684880+09:00,2026-08-02,LVS,Las Vegas Sands Corp.,US,소비재,2026-07-31,48.5798,5837900,5259945.0,1.2336,,69,55,53,58,60,0,HOLD,0.25,3,False,backfill
2026-08-02T15:05:43.684880+09:00,2026-08-02,MLM,"Martin Marietta Materials, Inc.",US,소재,2026-07-31,525.14,1026500,603660.0,17.1086,,28,55,56,58,46,0,HOLD,-0.37,-4,False,backfill
2026-08-02T15:05:43.684880+09:00,2026-08-02,DXCM,"DexCom, Inc.",US,제약/바이오,2026-07-31,83.45,11982000,4856425.0,3.375,,92,60,43,42,63,1,HOLD,0.76,9,False,backfill
2026-08-02T15:05:43.684880+09:00,2026-08-02,EXR,Extra Space Storage Inc.,US,리츠,2026-07-31,148.04,1575500,1257225.0,3.8193,,91,55,56,45,66,1,HOLD,0.73,9,False,backfill
2026-08-02T15:05:43.684880+09:00,2026-08-02,WTW,Willis Towers Watson Public Limited Comp,US,금융,2026-07-31,335.92,855200,591000.0,9.8679,,70,55,58,58,62,1,HOLD,0.63,8,False,backfill
2026-08-02T15:05:43.684880+09:00,2026-08-02,JBS,Jbs N.V.,US,소매,2026-07-31,14.02,3547500,4729485.0,0.4458,,62,55,50,70,58,1,HOLD,0.2,2,False,backfill
2026-08-02T15:05:43.684880+09:00,2026-08-02,ILMN,"Illumina, Inc.",US,제약/바이오,2026-07-31,205.1,4099500,1842470.0,8.0,,92,60,43,37,63,1,HOLD,0.74,9,False,backfill
2026-08-02T15:05:43.684880+09:00,2026-08-02,MSTR,Strategy Inc,US,IT,2026-07-31,93.28,20678300,16125920.0,5.9243,,40,55,43,60,47,0,HOLD,-0.34,-4,False,backfill
2026-08-02T15:05:43.684880+09:00,2026-08-02,STRC,Strategy Inc,US,IT,2026-07-31,88.9929,2079300,1227505.0,2.1901,,64,55,48,60,57,0,HOLD,0.15,2,False,backfill
2026-08-02T15:05:43.684880+09:00,2026-08-02,TPR,"Tapestry, Inc.",US,소비재,2026-07-31,152.37,1750000,2183705.0,4.445,,63,55,53,50,56,0,HOLD,0.34,4,False,backfill
2026-08-02T15:05:43.684880+09:00,2026-08-02,TS,Tenaris S.A.,US,에너지,2026-07-31,57.33,1168600,1029375.0,1.325,,72,55,53,55,60,1,HOLD,0.28,3,False,backfill
2026-08-02T15:05:43.684880+09:00,2026-08-02,CNC,Centene Corp.,US,제약/바이오,2026-07-31,62.22,3913500,4879825.0,3.055,,47,60,56,68,55,0,HOLD,0.35,4,False,backfill
2026-08-02T15:05:43.684880+09:00,2026-08-02,GEHC,GE HealthCare Technologies Inc.,US,제약/바이오,2026-07-31,68.02,5127600,6076990.0,2.8754,,77,60,68,68,70,1,HOLD,0.85,10,False,backfill
2026-08-02T15:05:43.684880+09:00,2026-08-02,KHC,The Kraft Heinz Company,US,소매,2026-07-31,25.85,13034700,12924520.0,0.8314,,84,55,48,86,68,2,WATCH,0.82,10,False,backfill
2026-08-02T15:05:43.684880+09:00,2026-08-02,RMD,ResMed Inc.,US,제약/바이오,2026-07-31,210.98,1113500,1413255.0,6.2721,,80,60,53,50,63,1,HOLD,0.56,7,False,backfill
2026-08-02T15:05:43.684880+09:00,2026-08-02,RYAAY,Ryanair Holdings plc,US,산업재,2026-07-31,58.51,1121300,1954060.0,2.2321,,52,55,43,47,49,0,HOLD,0.08,1,False,backfill
2026-08-02T15:05:43.684880+09:00,2026-08-02,TDY,Teledyne Technologies Incorporated,US,IT,2026-07-31,655.57,467700,436860.0,22.7536,,87,55,53,58,66,1,HOLD,0.64,8,False,backfill
2026-08-02T15:05:43.684880+09:00,2026-08-02,EL,The Estée Lauder Companies Inc.,US,소매,2026-07-31,83.9,1848000,2169890.0,2.3979,,71,55,45,58,58,1,HOLD,0.39,5,False,backfill
2026-08-02T15:05:43.684880+09:00,2026-08-02,AEE,Ameren Corporation,US,유틸리티,2026-07-31,109.61,2758600,1457415.0,2.4121,,43,55,53,42,48,0,HOLD,-0.1,-1,False,backfill
2026-08-02T15:05:43.684880+09:00,2026-08-02,CFG,"Citizens Financial Group, Inc.",US,금융,2026-07-31,71.65,2741800,5022330.0,1.8178,,79,55,56,68,66,1,HOLD,0.73,9,False,backfill
2026-08-02T15:05:43.684880+09:00,2026-08-02,BIIB,Biogen Inc.,US,제약/바이오,2026-07-31,202.95,1062000,1470065.0,9.0279,,84,60,48,53,64,1,HOLD,0.65,8,False,backfill
2026-08-02T15:05:43.684880+09:00,2026-08-02,TWLO,Twilio Inc.,US,IT,2026-07-31,197.35,1561400,1665795.0,9.7632,,44,55,43,51,47,0,HOLD,-0.02,0,False,backfill
2026-08-02T15:05:43.684880+09:00,2026-08-02,TCOM,Trip.com Group Limited,US,소비재,2026-07-31,47.01,2500800,3115920.0,1.3157,,59,55,53,70,58,1,HOLD,0.09,1,False,backfill
2026-08-02T15:05:43.684880+09:00,2026-08-02,DTE,DTE Energy Company,US,유틸리티,2026-07-31,141.87,1596700,1274970.0,3.2079,,43,55,53,50,49,0,HOLD,-0.08,-1,False,backfill
2026-08-02T15:05:43.684880+09:00,2026-08-02,DTW,DTE Energy Company JR SUB DB 2017 E,US,유틸리티,2026-07-31,19.8776,51500,23925.0,0.1367,,50,55,58,80,58,1,HOLD,0.15,2,False,backfill
2026-08-02T15:05:43.684880+09:00,2026-08-02,SUNB,Sunbelt Rentals Holdings Inc,US,산업재,2026-07-31,71.92,1922200,2213495.0,2.6093,,50,55,35,66,49,0,HOLD,-0.14,-2,False,backfill
2026-08-02T15:05:43.684880+09:00,2026-08-02,CPNG,"Coupang, Inc.",US,소비재,2026-07-31,16.35,12030500,18906805.0,0.6157,,30,55,53,50,45,0,HOLD,-0.41,-5,False,backfill
2026-08-02T15:05:43.684880+09:00,2026-08-02,TECK,Teck Resources Limited,US,소재,2026-07-31,60.24,4645800,3698670.0,2.4279,,65,55,53,63,59,0,HOLD,0.38,5,False,backfill
2026-08-02T15:05:43.684880+09:00,2026-08-02,FTS,Fortis Inc.,US,유틸리티,2026-07-31,57.0,941700,771415.0,0.8743,,46,55,53,42,49,0,HOLD,-0.01,0,False,backfill
2026-08-02T15:05:43.684880+09:00,2026-08-02,GFI,Gold Fields Limited,US,소재,2026-07-31,32.42,3226000,3537490.0,1.2457,,40,55,58,81,55,1,HOLD,-0.11,-1,False,backfill
2026-08-02T15:05:43.684880+09:00,2026-08-02,VICI,VICI Properties Inc.,US,리츠,2026-07-31,26.35,9764500,8942270.0,0.5435,,50,55,53,80,56,1,HOLD,0.09,1,False,backfill
2026-08-02T15:05:43.684880+09:00,2026-08-02,ATO,Atmos Energy Corporation,US,유틸리티,2026-07-31,172.78,1045400,1029125.0,3.3479,,43,55,50,42,47,0,HOLD,-0.2,-2,False,backfill
2026-08-02T15:05:43.684880+09:00,2026-08-02,FISV,"Fiserv, Inc.",US,IT,2026-07-31,53.94,5728100,6370995.0,1.7586,,72,55,93,78,76,3,BUY,0.72,9,False,backfill
2026-08-02T15:05:43.684880+09:00,2026-08-02,MTD,Mettler-Toledo International Inc.,US,제약/바이오,2026-07-31,1416.3,257200,166770.0,42.7914,,71,60,50,50,59,1,HOLD,0.52,6,False,backfill
2026-08-02T15:05:43.684880+09:00,2026-08-02,PBA,Pembina Pipeline Corporation,US,에너지,2026-07-31,48.93,1280300,959845.0,0.7993,,47,55,53,58,52,0,HOLD,0.14,2,False,backfill
2026-08-02T15:05:43.684880+09:00,2026-08-02,NRG,"NRG Energy, Inc.",US,유틸리티,2026-07-31,133.815,2695500,2242495.0,6.5745,,43,55,53,51,50,0,HOLD,-0.19,-2,False,backfill
2026-08-02T15:05:43.684880+09:00,2026-08-02,NMR,"Nomura Holdings, Inc.",US,금융,2026-07-31,9.68,859300,1097275.0,0.27,,66,55,50,78,61,1,HOLD,0.56,7,False,backfill
2026-08-02T15:05:43.684880+09:00,2026-08-02,LPLA,LPL Financial Holdings Inc.,US,금융,2026-07-31,353.417,1231800,706390.0,9.319,,66,55,53,66,60,0,HOLD,0.49,6,False,backfill
2026-08-02T15:05:43.684880+09:00,2026-08-02,EIX,Edison International,US,유틸리티,2026-07-31,73.37,6187600,2488435.0,2.2936,,50,55,53,65,54,0,HOLD,0.2,2,False,backfill
2026-08-02T15:05:43.684880+09:00,2026-08-02,ZM,"Zoom Communications, Inc.",US,IT,2026-07-31,96.07,4598800,3171850.0,3.2481,,69,55,43,63,58,0,HOLD,0.18,2,False,backfill
2026-08-02T15:05:43.684880+09:00,2026-08-02,STRF,MicroStrategy Incorporated 10.00% Series,US,IT,2026-07-31,94.76,256400,84745.0,1.5763,,41,55,48,60,49,0,HOLD,-0.13,-2,False,backfill
2026-08-02T15:05:43.684880+09:00,2026-08-02,FTI,TechnipFMC plc,US,에너지,2026-07-31,71.66,3421300,3482775.0,2.5943,,43,55,43,50,46,0,HOLD,-0.21,-3,False,backfill
2026-08-02T15:05:43.684880+09:00,2026-08-02,DVN,Devon Energy Corporation,US,에너지,2026-07-31,45.13,7902400,10815245.0,1.2321,,72,55,56,68,63,1,HOLD,0.33,4,False,backfill
2026-08-02T15:05:43.684880+09:00,2026-08-02,DG,Dollar General Corporation,US,소매,2026-07-31,127.05,1392900,2386385.0,4.4136,,77,55,53,68,64,1,HOLD,0.66,8,False,backfill
2026-08-02T15:05:43.684880+09:00,2026-08-02,FE,FirstEnergy Corp.,US,유틸리티,2026-07-31,47.8358,7469900,4551920.0,0.9534,,43,55,53,50,49,0,HOLD,0.02,0,False,backfill
2026-08-02T15:05:43.684880+09:00,2026-08-02,TPL,Texas Pacific Land Corporation,US,에너지,2026-07-31,402.58,391600,278090.0,15.7514,,38,55,65,29,48,0,HOLD,-0.14,-2,False,backfill
2026-08-02T15:05:43.684880+09:00,2026-08-02,CNP,"CenterPoint Energy, Inc.",US,유틸리티,2026-07-31,42.04,7134600,6476455.0,1.0386,,43,55,53,42,48,0,HOLD,-0.09,-1,False,backfill
2026-08-02T15:05:43.684880+09:00,2026-08-02,SYM,Symbotic Inc.,US,산업재,2026-07-31,43.05,1072400,1426695.0,2.1011,,55,55,43,42,49,0,HOLD,-0.2,-2,False,backfill
2026-08-02T15:05:43.684880+09:00,2026-08-02,DOV,Dover Corporation,US,산업재,2026-07-31,204.62,1353000,1304715.0,6.5421,,36,55,53,58,48,0,HOLD,-0.22,-3,False,backfill
2026-08-02T15:05:43.684880+09:00,2026-08-02,ALNY,"Alnylam Pharmaceuticals, Inc.",US,제약/바이오,2026-07-31,205.52,4477600,2161950.0,15.7279,,18,60,43,58,40,0,AVOID,-0.62,-7,True,backfill
2026-08-02T15:05:43.684880+09:00,2026-08-02,Q,"Qnity Electronics, Inc.",US,반도체,2026-07-31,131.18,1704300,1891435.0,7.5688,,25,60,53,50,44,0,AVOID,-0.36,-4,True,backfill
2026-08-02T15:05:43.684880+09:00,2026-08-02,GFS,GLOBALFOUNDRIES Inc.,US,반도체,2026-07-31,49.99,4768600,3721200.0,3.6223,,10,60,40,66,37,0,AVOID,-0.74,-9,True,backfill
2026-08-02T15:05:43.684880+09:00,2026-08-02,KGC,Kinross Gold Corporation,US,소재,2026-07-31,23.1,5264600,7468425.0,0.9471,,40,55,45,78,50,1,HOLD,-0.26,-3,False,backfill
2026-08-02T15:05:43.684880+09:00,2026-08-02,OTIS,Otis Worldwide Corporation,US,산업재,2026-07-31,71.5165,3384500,3953580.0,1.9162,,43,55,53,58,51,0,HOLD,-0.08,-1,False,backfill
2026-08-02T15:05:43.684880+09:00,2026-08-02,XYL,Xylem Inc.,US,산업재,2026-07-31,116.97,2004000,2096605.0,3.5864,,46,55,53,58,52,0,HOLD,0.06,1,False,backfill
2026-08-02T15:05:43.684880+09:00,2026-08-02,CINF,Cincinnati Financial Corporation,US,금융,2026-07-31,177.68,944400,973960.0,4.8771,,47,55,53,78,55,1,HOLD,0.26,3,False,backfill
2026-08-02T15:05:43.684880+09:00,2026-08-02,MDB,"MongoDB, Inc.",US,IT,2026-07-31,337.48,1078800,1298220.0,18.3354,,73,55,43,34,55,1,HOLD,0.43,5,False,backfill
2026-08-02T15:05:43.684880+09:00,2026-08-02,RDDT,"Reddit, Inc.",US,인터넷,2026-07-31,140.67,29916700,5634480.0,13.9159,,25,60,35,50,39,0,AVOID,-0.64,-8,True,backfill
2026-08-02T15:05:43.684880+09:00,2026-08-02,AMRZ,Amrize Ltd,US,소재,2026-07-31,48.91,2230900,2710960.0,1.3832,,50,55,65,66,58,0,HOLD,0.14,2,False,backfill
2026-08-02T15:05:43.684880+09:00,2026-08-02,WRB,W. R. Berkley Corporation,US,금융,2026-07-31,72.54,1505700,2013565.0,1.9336,,47,55,56,55,52,0,HOLD,0.21,3,False,backfill
2026-08-02T15:05:43.684880+09:00,2026-08-02,CPRT,"Copart, Inc.",US,산업재,2026-07-31,29.12,8533600,12154200.0,1.0407,,72,55,53,45,59,1,HOLD,0.19,2,False,backfill
2026-08-02T15:05:43.684880+09:00,2026-08-02,HAL,Halliburton Company,US,에너지,2026-07-31,32.25,9285500,12168260.0,1.12,,7,55,17,84,31,1,AVOID,-0.99,-12,True,backfill
2026-08-02T15:05:43.684880+09:00,2026-08-02,WSM,"Williams-Sonoma, Inc.",US,소비재,2026-07-31,228.66,826200,881090.0,6.8409,,95,55,43,37,63,1,HOLD,0.75,9,False,backfill
2026-08-02T15:05:43.684880+09:00,2026-08-02,ES,Eversource Energy,US,유틸리티,2026-07-31,71.59,5276700,2231065.0,1.6471,,43,55,53,60,51,0,HOLD,0.03,0,False,backfill
2026-08-02T15:05:43.684880+09:00,2026-08-02,CW,Curtiss-Wright Corporation,US,산업재,2026-07-31,724.0,121700,215540.0,30.5143,,28,55,43,42,40,0,AVOID,-0.35,-4,True,backfill
2026-08-02T15:05:43.684880+09:00,2026-08-02,AWK,"American Water Works Company, Inc.",US,유틸리티,2026-07-31,133.2835,3254400,2223075.0,3.4527,,84,55,56,42,64,1,HOLD,0.63,8,False,backfill
2026-08-02T15:05:43.684880+09:00,2026-08-02,TEAM,Atlassian Corporation,US,IT,2026-07-31,101.015,2731800,3770280.0,7.2332,,72,55,43,68,59,1,HOLD,0.51,6,False,backfill
2026-08-02T15:05:43.684880+09:00,2026-08-02,PPL,PPL Corporation,US,유틸리티,2026-07-31,35.21,7552700,7248145.0,0.7286,,46,55,53,50,50,0,HOLD,-0.06,-1,False,backfill
2026-08-02T15:05:43.684880+09:00,2026-08-02,RF,Regions Financial Corporation,US,금융,2026-07-31,30.95,7194300,10160390.0,0.6343,,47,55,53,60,52,0,HOLD,0.2,2,False,backfill
2026-08-02T15:05:43.684880+09:00,2026-08-02,AVB,"AvalonBay Communities, Inc.",US,리츠,2026-07-31,185.61,729900,797780.0,3.5921,,43,55,56,45,50,0,HOLD,0.01,0,False,backfill
2026-08-02T15:05:43.684880+09:00,2026-08-02,VRSN,"VeriSign, Inc.",US,IT,2026-07-31,290.02,1108600,830255.0,10.4893,,73,55,43,50,57,1,HOLD,0.37,4,False,backfill
2026-08-02T15:05:43.684880+09:00,2026-08-02,CRS,Carpenter Technology Corporation,US,소재,2026-07-31,519.66,724200,708720.0,27.8379,,51,55,46,42,49,0,HOLD,0.18,2,False,backfill
2026-08-02T15:05:43.684880+09:00,2026-08-02,DGX,Quest Diagnostics Incorporated,US,제약/바이오,2026-07-31,233.01,872500,1125045.0,7.8679,,80,60,53,58,65,1,HOLD,0.75,9,False,backfill
2026-08-02T15:05:43.684880+09:00,2026-08-02,PHG,Koninklijke Philips N.V.,US,제약/바이오,2026-07-31,26.3,1306500,1368375.0,0.8386,,43,60,53,74,54,1,HOLD,0.15,2,False,backfill
2026-08-02T15:05:43.684880+09:00,2026-08-02,QSR,Restaurant Brands International Inc.,US,소비재,2026-07-31,74.02,1875600,2614625.0,1.7761,,65,55,53,58,58,0,HOLD,0.22,3,False,backfill
2026-08-02T15:05:43.684880+09:00,2026-08-02,P,"Everpure, Inc.",US,산업재,2026-07-31,77.17,1972100,2322330.0,4.3114,,69,55,45,35,54,0,HOLD,0.3,4,False,backfill
2026-08-02T15:05:43.684880+09:00,2026-08-02,ATI,ATI Inc.,US,산업재,2026-07-31,187.44,1156900,1409995.0,9.5079,,51,55,46,35,48,0,HOLD,0.15,2,False,backfill
2026-08-02T15:05:43.684880+09:00,2026-08-02,FOXA,Fox Corporation,US,인터넷,2026-07-31,58.23,3837700,4756430.0,1.4693,,72,60,56,71,65,2,WATCH,0.41,5,False,backfill
2026-08-02T15:05:43.684880+09:00,2026-08-02,JBHT,"J.B. Hunt Transport Services, Inc.",US,산업재,2026-07-31,271.2924,888400,1109755.0,9.2016,,50,55,43,58,50,0,HOLD,0.12,1,False,backfill
2026-08-02T15:05:43.684880+09:00,2026-08-02,RBLX,Roblox Corporation,US,IT,2026-07-31,35.6,63121200,10526515.0,3.6243,,25,55,43,53,41,0,AVOID,-0.58,-7,True,backfill
2026-08-02T15:05:43.684880+09:00,2026-08-02,VRSK,"Verisk Analytics, Inc.",US,IT,2026-07-31,194.85,1946800,1840665.0,8.4357,,47,55,43,58,49,0,HOLD,0.05,1,False,backfill
2026-08-02T15:05:43.684880+09:00,2026-08-02,LH,Labcorp Holdings Inc.,US,제약/바이오,2026-07-31,309.2,1091100,795335.0,10.6214,,85,60,46,58,64,1,HOLD,0.75,9,False,backfill
2026-08-02T15:05:43.684880+09:00,2026-08-02,RPRX,Royalty Pharma plc,US,제약/바이오,2026-07-31,58.1955,2156800,2714460.0,1.2757,,69,60,43,50,57,0,HOLD,0.46,6,False,backfill
2026-08-02T15:05:43.684880+09:00,2026-08-02,CPAY,"Corpay, Inc.",US,IT,2026-07-31,382.11,548400,505390.0,11.0521,,95,55,40,74,67,2,WATCH,0.84,10,False,backfill
2026-08-02T15:05:43.684880+09:00,2026-08-02,HUBB,Hubbell Incorporated,US,산업재,2026-07-31,472.55,742546,578747.4,17.8202,,31,55,56,58,47,0,HOLD,-0.23,-3,False,backfill
2026-08-02T15:05:43.684880+09:00,2026-08-02,HPQ,HP Inc.,US,IT,2026-07-31,27.27,19611100,15010760.0,1.2464,,95,55,45,73,69,2,WATCH,0.89,11,False,backfill
2026-08-02T15:05:43.684880+09:00,2026-08-02,CTSH,Cognizant Technology Solutions Corporati,US,IT,2026-07-31,55.35,8125000,9607165.0,2.605,,58,55,45,94,59,1,HOLD,0.33,4,False,backfill
2026-08-02T15:05:43.684880+09:00,2026-08-02,EQR,Equity Residential,US,리츠,2026-07-31,66.45,3905100,2983045.0,1.3143,,43,55,56,53,51,0,HOLD,0.05,1,False,backfill
2026-08-02T15:05:43.684880+09:00,2026-08-02,FCNCA,"First Citizens BancShares, Inc.",US,금융,2026-07-31,2186.6499,69300,85110.0,62.27,,91,55,65,70,73,2,WATCH,0.97,12,False,backfill
2026-08-02T15:05:43.684880+09:00,2026-08-02,NVT,nVent Electric plc,US,산업재,2026-07-31,153.83,4889500,2206170.0,9.76,,43,55,40,50,46,0,HOLD,-0.21,-3,False,backfill
2026-08-02T15:05:43.684880+09:00,2026-08-02,SYF,Synchrony Financial,US,금융,2026-07-31,75.4641,3413100,4200425.0,2.18,,80,55,56,78,68,2,WATCH,0.62,7,False,backfill
2026-08-02T15:05:43.684880+09:00,2026-08-02,WAT,Waters Corporation,US,제약/바이오,2026-07-31,377.31,715100,787255.0,13.2871,,88,60,35,42,60,1,HOLD,0.62,7,False,backfill
2026-08-02T15:05:43.684880+09:00,2026-08-02,FWONK,Liberty Media Corporation,US,인터넷,2026-07-31,98.13,1702900,1897880.0,3.0379,,47,60,53,37,50,0,HOLD,0.17,2,False,backfill
2026-08-02T15:05:43.684880+09:00,2026-08-02,PPG,"PPG Industries, Inc.",US,소재,2026-07-31,109.8369,2589600,2100495.0,3.8283,,46,55,55,60,53,0,HOLD,0.11,1,False,backfill
2026-08-02T15:05:43.684880+09:00,2026-08-02,TSEM,Tower Semiconductor Ltd.,US,반도체,2026-07-31,219.67,1869200,1793775.0,24.3571,,28,60,43,30,39,0,AVOID,-0.37,-4,True,backfill
2026-08-02T15:05:43.684880+09:00,2026-08-02,ROIV,Roivant Sciences Ltd.,US,제약/바이오,2026-07-31,33.91,5397100,4651670.0,1.1269,,51,60,43,50,50,0,HOLD,0.21,3,False,backfill
2026-08-02T15:05:43.684880+09:00,2026-08-02,ZS,"Zscaler, Inc.",US,IT,2026-07-31,151.2,2648100,2372920.0,8.0384,,79,55,35,42,55,1,HOLD,0.36,4,False,backfill
2026-08-02T15:05:43.684880+09:00,2026-08-02,DLTR,"Dollar Tree, Inc.",US,소매,2026-07-31,127.21,1537000,2674075.0,4.1764,,66,55,43,58,56,0,HOLD,0.41,5,False,backfill
2026-08-02T15:05:43.684880+09:00,2026-08-02,PHM,"PulteGroup, Inc.",US,소비재,2026-07-31,126.47,1208600,1886150.0,4.3014,,69,55,45,60,58,0,HOLD,0.37,4,False,backfill
2026-08-02T15:05:43.684880+09:00,2026-08-02,PFG,"Principal Financial Group, Inc.",US,금융,2026-07-31,113.7,2897400,1653320.0,2.6821,,84,55,53,68,66,1,HOLD,0.78,9,False,backfill
2026-08-02T15:05:43.684880+09:00,2026-08-02,KEY,KeyCorp,US,금융,2026-07-31,22.59,13144100,10983040.0,0.4607,,43,55,56,68,53,0,HOLD,0.12,1,False,backfill
2026-08-02T15:05:43.684880+09:00,2026-08-02,FICO,Fair Isaac Corporation,US,IT,2026-07-31,1122.97,926600,315595.0,75.5672,,47,55,53,66,53,0,HOLD,0.19,2,False,backfill
2026-08-02T15:05:43.684880+09:00,2026-08-02,INCY,Incyte Corporation,US,제약/바이오,2026-07-31,119.52,1829900,1905330.0,4.4143,,95,60,46,55,67,1,HOLD,0.88,11,False,backfill
2026-08-02T15:05:43.684880+09:00,2026-08-02,SW,Smurfit Westrock plc,US,소비재,2026-07-31,45.5546,6943900,5613160.0,2.1235,,91,55,53,66,69,1,HOLD,0.9,11,False,backfill
2026-08-02T15:05:43.684880+09:00,2026-08-02,ASTS,"AST SpaceMobile, Inc.",US,인터넷,2026-07-31,58.98,9758400,15136335.0,5.5753,,40,60,46,42,46,0,HOLD,-0.34,-4,False,backfill
2026-08-02T15:05:43.684880+09:00,2026-08-02,WST,"West Pharmaceutical Services, Inc.",US,제약/바이오,2026-07-31,340.96,1047400,852110.0,11.6663,,44,60,53,42,50,0,HOLD,0.17,2,False,backfill
2026-08-02T15:05:43.684880+09:00,2026-08-02,IHG,InterContinental Hotels Group PLC,US,소비재,2026-07-31,162.28,412800,267165.0,2.8071,,69,55,50,58,59,0,HOLD,0.51,6,False,backfill
2026-08-02T15:05:43.684880+09:00,2026-08-02,AFRM,"Affirm Holdings, Inc.",US,금융,2026-07-31,71.51,2524100,3634620.0,3.4395,,44,55,53,51,50,0,HOLD,0.06,1,False,backfill
2026-08-02T15:05:43.684880+09:00,2026-08-02,TROW,"T. Rowe Price Group, Inc.",US,금융,2026-07-31,111.75,5188200,2109745.0,2.8857,,50,55,53,73,55,1,HOLD,0.27,3,False,backfill
2026-08-02T15:05:43.684880+09:00,2026-08-02,L,Loews Corporation,US,금융,2026-07-31,116.01,840000,803235.0,2.2907,,58,55,55,68,58,0,HOLD,0.31,4,False,backfill
2026-08-02T15:05:43.684880+09:00,2026-08-02,AXIA,AXIA Energia S.A.,US,유틸리티,2026-07-17,9.79,2159983,,,,62,55,55,52,57,0,HOLD,0.06,1,False,backfill
2026-08-02T15:05:43.684880+09:00,2026-08-02,AER,AerCap Holdings N.V.,US,산업재,2026-07-31,150.4957,1182700,1018405.0,4.3376,,62,55,43,70,56,1,HOLD,0.3,4,False,backfill
2026-08-02T15:05:43.684880+09:00,2026-08-02,OKTA,"Okta, Inc.",US,IT,2026-07-31,141.93,2611000,2862820.0,7.7666,,51,55,35,43,46,0,HOLD,0.07,1,False,backfill
2026-08-02T15:05:43.684880+09:00,2026-08-02,BRO,"Brown & Brown, Inc.",US,금융,2026-07-31,70.2374,2742200,2897075.0,2.7828,,81,55,58,66,67,1,HOLD,0.81,10,False,backfill
2026-08-02T15:05:43.684880+09:00,2026-08-02,XPO,"XPO Logistics, Inc.",US,산업재,2026-07-31,200.97,1110200,998945.0,7.6443,,31,55,56,42,45,0,HOLD,-0.28,-3,False,backfill
2026-08-02T15:05:43.684880+09:00,2026-08-02,CHD,"Church & Dwight Co., Inc.",US,소매,2026-07-31,98.5096,2657000,1815360.0,2.4839,,80,55,43,53,60,1,HOLD,0.44,5,False,backfill
2026-08-02T15:05:43.684880+09:00,2026-08-02,MKL,Markel Corporation,US,금융,2026-07-31,1882.34,122800,66215.0,43.71,,47,55,50,62,52,0,HOLD,0.11,1,False,backfill
2026-08-02T15:05:43.684880+09:00,2026-08-02,DRI,"Darden Restaurants, Inc.",US,소비재,2026-07-31,203.58,1451400,1434190.0,5.6771,,76,55,43,42,57,1,HOLD,0.37,4,False,backfill
2026-08-02T15:05:43.684880+09:00,2026-08-02,TCPA,TransCanada PipeLines Limited 6,US,에너지,2026-07-31,22.98,38000,34385.0,0.2526,,65,55,55,50,58,0,HOLD,0.26,3,False,backfill
2026-08-02T15:05:43.684880+09:00,2026-08-02,RL,Ralph Lauren Corporation,US,소비재,2026-07-31,380.34,439200,545070.0,12.0657,,32,55,53,50,46,0,HOLD,-0.12,-1,False,backfill
2026-08-02T15:05:43.684880+09:00,2026-08-02,BURL,"Burlington Stores, Inc.",US,소비재,2026-07-31,368.48,483900,623180.0,12.1971,,81,55,43,58,61,1,HOLD,0.62,7,False,backfill
2026-08-02T15:05:43.684880+09:00,2026-08-02,FIS,"Fidelity National Information Services, ",US,IT,2026-07-31,44.77,9096700,5786805.0,1.6329,,80,55,58,94,70,2,WATCH,0.66,8,False,backfill
2026-08-02T15:05:43.684880+09:00,2026-08-02,VLTO,Veralto Corporation,US,산업재,2026-07-31,94.17,1536000,1808710.0,2.9879,,77,55,50,50,60,1,HOLD,0.51,6,False,backfill
2026-08-02T15:05:43.684880+09:00,2026-08-02,BNTX,BioNTech SE,US,제약/바이오,2026-07-31,90.58,710900,770480.0,2.2305,,43,60,53,58,52,0,HOLD,-0.06,-1,False,backfill
2026-08-02T15:05:43.684880+09:00,2026-08-02,SN,"SharkNinja, Inc.",US,소비재,2026-07-31,161.77,1210500,1473850.0,5.1966,,92,55,43,50,64,1,HOLD,0.75,9,False,backfill
2026-08-02T15:05:43.684880+09:00,2026-08-02,FOX,Fox Corporation,US,인터넷,2026-07-31,51.94,978500,1235060.0,1.3603,,72,60,56,76,65,2,WATCH,0.42,5,False,backfill
2026-08-02T15:05:43.684880+09:00,2026-08-02,KOF,"Coca-Cola FEMSA, S.A.B. de C.V.",US,소매,2026-07-31,108.27,165500,151780.0,2.8043,,76,55,53,63,63,1,HOLD,0.58,7,False,backfill
2026-08-02T15:05:43.684880+09:00,2026-08-02,CMSA,CMS Energy Corporation 5.6% JRSUB NT 78,US,유틸리티,2026-07-31,20.9,22900,14455.0,0.1238,,25,55,55,70,47,1,HOLD,-0.24,-3,False,backfill
2026-08-02T15:05:43.684880+09:00,2026-08-02,FFIV,"F5, Inc.",US,IT,2026-07-31,402.57,754300,648345.0,17.5879,,51,55,43,58,50,0,HOLD,0.2,2,False,backfill
2026-08-02T15:05:43.684880+09:00,2026-08-02,FSLR,"First Solar, Inc.",US,IT,2026-07-31,211.03,3426100,1859260.0,9.0407,,50,55,43,74,52,1,HOLD,0.04,0,False,backfill
2026-08-02T15:05:43.684880+09:00,2026-08-02,CMS,CMS Energy Corporation,US,유틸리티,2026-07-31,71.4137,4537600,3583275.0,1.5567,,35,55,50,42,45,0,HOLD,-0.26,-3,False,backfill
2026-08-02T15:05:43.684880+09:00,2026-08-02,FWONA,Formula One Group,US,인터넷,2026-07-31,89.81,151800,164250.0,2.4271,,47,60,53,45,51,0,HOLD,0.18,2,False,backfill
2026-08-02T15:05:43.684880+09:00,2026-08-02,FCNCN,"First Citizens BancShares, Inc. Deposita",US,금융,2026-07-31,24.82,51100,27555.0,0.1414,,35,55,55,50,47,0,HOLD,-0.11,-1,False,backfill
2026-08-02T15:05:43.684880+09:00,2026-08-02,STE,STERIS plc,US,제약/바이오,2026-07-31,228.4,828900,714475.0,6.2071,,84,60,43,58,63,1,HOLD,0.59,7,False,backfill
2026-08-02T15:05:43.684880+09:00,2026-08-02,STZ,"Constellation Brands, Inc.",US,소매,2026-07-31,130.23,1788600,2126065.0,3.3273,,50,55,53,68,55,0,HOLD,-0.06,-1,False,backfill
2026-08-02T15:05:43.684880+09:00,2026-08-02,USFD,US Foods Holding Corp.,US,소매,2026-07-31,100.59,2202200,2415440.0,2.8514,,62,55,53,66,58,0,HOLD,0.4,5,False,backfill
2026-08-02T15:05:43.684880+09:00,2026-08-02,ULTA,"Ulta Beauty, Inc.",US,소비재,2026-07-31,512.83,511300,546660.0,13.9621,,67,55,53,42,57,0,HOLD,0.23,3,False,backfill
2026-08-02T15:05:43.684880+09:00,2026-08-02,LUV,Southwest Airlines Co.,US,산업재,2026-07-31,44.97,4167800,5572080.0,1.6979,,47,55,53,58,52,0,HOLD,0.25,3,False,backfill
2026-08-02T15:05:43.684880+09:00,2026-08-02,UTHR,United Therapeutics Corporation,US,제약/바이오,2026-07-31,517.71,616600,399280.0,11.7871,,28,60,43,50,42,0,AVOID,-0.43,-5,True,backfill
2026-08-02T15:05:43.684880+09:00,2026-08-02,EXPD,"Expeditors International of Washington, ",US,산업재,2026-07-31,167.89,1330300,1234480.0,3.8021,,44,55,50,37,47,0,HOLD,0.1,1,False,backfill
2026-08-02T15:05:43.684880+09:00,2026-08-02,CIB,Grupo Cibest S.A.,US,금융,2026-07-31,92.52,317800,262685.0,2.6636,,77,55,50,96,67,2,WATCH,0.77,9,False,backfill
2026-08-02T15:05:43.684880+09:00,2026-08-02,PKG,Packaging Corporation of America,US,소비재,2026-07-31,245.84,472400,752720.0,7.98,,91,55,53,58,67,1,HOLD,0.85,10,False,backfill
2026-08-02T15:05:43.684880+09:00,2026-08-02,DOW,Dow Inc.,US,소재,2026-07-31,30.29,9113800,10625060.0,1.2075,,55,55,30,55,48,0,HOLD,-0.29,-3,False,backfill
2026-08-02T15:05:43.684880+09:00,2026-08-02,EXE,Expand Energy Corporation,US,에너지,2026-07-31,93.4684,3073500,4152540.0,2.647,,69,55,68,78,67,1,HOLD,0.51,6,False,backfill
2026-08-02T15:05:43.684880+09:00,2026-08-02,MRNA,"Moderna, Inc.",US,제약/바이오,2026-07-31,54.82,7764500,6172900.0,2.9661,,40,60,35,50,44,0,AVOID,-0.03,0,True,backfill
2026-08-02T15:05:43.684880+09:00,2026-08-02,GH,"Guardant Health, Inc.",US,제약/바이오,2026-07-31,161.99,4583700,2217470.0,8.4957,,66,60,43,58,57,0,HOLD,0.45,5,False,backfill
2026-08-02T15:05:43.684880+09:00,2026-08-02,IP,International Paper Company,US,소재,2026-07-31,40.3703,7396500,5931665.0,1.8447,,88,55,53,68,68,1,HOLD,0.86,10,False,backfill
2026-08-02T15:05:43.684880+09:00,2026-08-02,OMC,Omnicom Group Inc.,US,인터넷,2026-07-31,78.7,4238100,3328505.0,3.1136,,43,60,53,46,50,0,HOLD,0.03,0,False,backfill
2026-08-02T15:05:43.684880+09:00,2026-08-02,ROKU,"Roku, Inc.",US,인터넷,2026-07-31,145.01,2931500,2557750.0,1.5054,,64,60,46,35,53,0,HOLD,0.37,4,False,backfill
2026-08-02T15:05:43.684880+09:00,2026-08-02,IOT,Samsara Inc.,US,IT,2026-07-31,37.27,4218300,5568625.0,2.5361,,88,55,43,35,60,1,HOLD,0.64,8,False,backfill
2026-08-02T15:05:43.684880+09:00,2026-08-02,WWD,"Woodward, Inc.",US,산업재,2026-07-31,360.75,901800,659770.0,16.3771,,43,55,46,34,45,0,HOLD,-0.17,-2,False,backfill
2026-08-02T15:05:43.684880+09:00,2026-08-02,TW,Tradeweb Markets Inc.,US,금융,2026-07-31,100.5,3439300,1743195.0,4.014,,73,55,53,50,60,1,HOLD,0.26,3,False,backfill
2026-08-02T15:05:43.684880+09:00,2026-08-02,INSM,Insmed Incorporated,US,제약/바이오,2026-07-31,98.6,2902600,2329500.0,3.6,,25,60,43,19,36,0,AVOID,-0.66,-8,True,backfill
2026-08-02T15:05:43.684880+09:00,2026-08-02,NI,NiSource Inc,US,유틸리티,2026-07-31,44.43,4497600,4436780.0,0.9588,,38,55,43,42,43,0,AVOID,-0.33,-4,True,backfill
2026-08-02T15:05:43.684880+09:00,2026-08-02,SNA,Snap-on Incorporated,US,산업재,2026-07-31,410.41,384900,381335.0,9.6386,,69,55,40,58,56,0,HOLD,0.34,4,False,backfill
2026-08-02T15:05:43.684880+09:00,2026-08-02,FTAI,FTAI Aviation Ltd.,US,산업재,2026-07-31,205.5434,2738800,1733385.0,14.6601,,36,55,53,42,46,0,HOLD,-0.34,-4,False,backfill
2026-08-02T15:05:43.684880+09:00,2026-08-02,MTZ,"MasTec, Inc.",US,산업재,2026-07-31,263.1,3950500,1388265.0,25.2814,,10,55,56,42,38,0,AVOID,-0.69,-8,True,backfill
2026-08-02T15:05:43.684880+09:00,2026-08-02,SOJD,Southern Company (The) Series 2,US,유틸리티,2026-07-31,18.8,164000,80685.0,0.131,,50,55,55,50,52,0,HOLD,0.02,0,False,backfill
2026-08-02T15:05:43.684880+09:00,2026-08-02,SOFI,"SoFi Technologies, Inc.",US,금융,2026-07-31,16.31,56688800,87002035.0,0.8677,,40,55,50,66,50,0,HOLD,-0.06,-1,False,backfill
2026-08-02T15:05:43.684880+09:00,2026-08-02,BCH,Banco de Chile,US,금융,2026-07-31,41.35,355200,270210.0,1.21,,91,55,50,70,68,2,WATCH,0.83,10,False,backfill
2026-08-02T15:05:43.684880+09:00,2026-08-02,GPN,Global Payments Inc.,US,금융,2026-07-31,84.08,3003600,3097300.0,3.245,,84,55,45,84,66,2,WATCH,0.78,9,False,backfill
2026-08-02T15:05:43.684880+09:00,2026-08-02,AMCR,Amcor plc,US,소비재,2026-07-31,44.88,8643400,3652575.0,1.2714,,95,55,53,66,70,1,HOLD,0.95,11,False,backfill
2026-08-02T15:05:43.684880+09:00,2026-08-02,RS,Reliance Steel & Aluminum Co.,US,소재,2026-07-31,404.906,291000,332465.0,12.0288,,91,55,50,58,67,1,HOLD,0.79,9,False,backfill
2026-08-02T15:05:43.684880+09:00,2026-08-02,VIV,Telefônica Brasil S.A.,US,인터넷,2026-07-31,12.92,1417100,1317380.0,0.3633,,46,60,50,76,54,1,HOLD,-0.08,-1,False,backfill
2026-08-02T15:05:43.684880+09:00,2026-08-02,TSN,"Tyson Foods, Inc.",US,소매,2026-07-31,57.96,5255500,2981105.0,1.455,,50,55,53,58,53,0,HOLD,-0.02,0,False,backfill
2026-08-02T15:05:43.684880+09:00,2026-08-02,YPF,YPF Sociedad Anónima,US,에너지,2026-07-31,52.54,951000,1271380.0,1.5664,,80,55,75,70,72,3,BUY,0.99,12,False,backfill
2026-08-02T15:05:43.684880+09:00,2026-08-02,AS,"Amer Sports, Inc.",US,소비재,2026-07-31,35.51,2816300,3635155.0,1.3779,,72,55,40,58,57,1,HOLD,0.28,3,False,backfill
2026-08-02T15:05:43.684880+09:00,2026-08-02,THC,Tenet Healthcare Corporation,US,제약/바이오,2026-07-31,254.78,1098500,1461100.0,12.3921,,70,60,43,78,61,2,WATCH,0.57,7,False,backfill
2026-08-02T15:05:43.684880+09:00,2026-08-02,VTRS,Viatris Inc.,US,제약/바이오,2026-07-31,17.56,15567200,9311945.0,0.49,,91,60,53,78,71,2,WATCH,0.97,12,False,backfill
2026-08-02T15:05:43.684880+09:00,2026-08-02,LEN,Lennar Corporation,US,소비재,2026-07-31,82.35,2586200,2474295.0,2.7414,,50,55,48,73,54,1,HOLD,0.01,0,False,backfill
2026-08-02T15:05:43.684880+09:00,2026-08-02,SNX,TD Synnex Corp,US,IT,2026-07-31,255.7,551800,820640.0,8.9049,,66,55,46,58,57,0,HOLD,0.41,5,False,backfill
2026-08-02T15:05:43.684880+09:00,2026-08-02,RBA,"RB Global, Inc.",US,산업재,2026-07-31,109.74,927400,924215.0,2.7943,,43,55,53,50,49,0,HOLD,0.03,0,False,backfill
2026-08-02T15:05:43.684880+09:00,2026-08-02,BG,Bunge Global S.A.,US,소매,2026-07-31,106.23,1600100,1363905.0,3.7793,,28,55,45,50,42,0,AVOID,-0.52,-6,True,backfill
2026-08-02T15:05:43.684880+09:00,2026-08-02,SOJC,The Southern Company JR 2017B NT 77,US,유틸리티,2026-07-31,20.3,52400,30835.0,0.1381,,50,55,55,60,54,0,HOLD,0.05,1,False,backfill
2026-08-02T15:05:43.684880+09:00,2026-08-02,EFX,Equifax Inc.,US,산업재,2026-07-31,172.62,1180000,1864740.0,9.375,,65,55,46,58,56,0,HOLD,0.23,3,False,backfill
2026-08-02T15:05:43.684880+09:00,2026-08-02,IFF,International Flavors & Fragrances Inc.,US,소재,2026-07-31,79.22,1643100,1820745.0,2.2443,,91,55,58,74,71,2,WATCH,0.94,11,False,backfill
2026-08-02T15:05:43.684880+09:00,2026-08-02,BCE,BCE Inc.,US,인터넷,2026-07-31,21.68,4364600,3942170.0,0.4629,,65,60,53,86,64,1,HOLD,0.33,4,False,backfill
2026-08-02T15:05:43.684880+09:00,2026-08-02,MKSI,MKS Inc.,US,IT,2026-07-31,297.45,1143000,1348895.0,26.4836,,32,55,40,43,41,0,AVOID,-0.26,-3,True,backfill
2026-08-02T15:05:43.684880+09:00,2026-08-02,LYB,LyondellBasell Industries N.V.,US,소재,2026-07-31,62.08,6433000,5084255.0,2.2293,,62,55,35,78,55,1,HOLD,-0.06,-1,False,backfill
2026-08-02T15:05:43.684880+09:00,2026-08-02,ATHS,Athene Holding Ltd. 7.250% Fixe,US,금융,2026-07-31,24.69,54600,25730.0,0.1854,,53,55,58,50,54,0,HOLD,0.16,2,False,backfill
2026-08-02T15:05:43.684880+09:00,2026-08-02,WIT,Wipro Limited,US,IT,2026-07-31,1.98,5822800,10194630.0,0.0746,,69,55,50,68,60,0,HOLD,0.35,4,False,backfill
2026-08-02T15:05:43.684880+09:00,2026-08-02,CHTR,"Charter Communications, Inc.",US,인터넷,2026-07-31,144.98,2826900,3088275.0,7.2564,,59,60,53,86,61,1,HOLD,0.15,2,False,backfill
2026-08-02T15:05:43.684880+09:00,2026-08-02,WES,"Western Midstream Partners, LP",US,에너지,2026-07-31,46.57,1073500,777080.0,0.8977,,86,55,53,60,66,1,HOLD,0.77,9,False,backfill
2026-08-02T15:05:43.684880+09:00,2026-08-02,CF,"CF Industries Holdings, Inc.",US,소재,2026-07-31,124.5483,2354300,2341260.0,4.2211,,87,55,53,73,68,2,WATCH,0.7,8,False,backfill
2026-08-02T15:05:43.684880+09:00,2026-08-02,BIP,Brookfield Infrastructure Partners L.P.,US,유틸리티,2026-07-31,41.76,1218700,1136130.0,1.125,,84,55,53,30,61,1,HOLD,0.67,8,False,backfill
2026-08-02T15:05:43.684880+09:00,2026-08-02,SBAC,SBA Communications Corporation,US,리츠,2026-07-31,180.98,2157500,1011080.0,5.9993,,40,55,53,45,48,0,HOLD,-0.29,-3,False,backfill
2026-08-02T15:05:43.684880+09:00,2026-08-02,MTSI,"MACOM Technology Solutions Holdings, Inc",US,반도체,2026-07-31,251.44,1294400,1501695.0,18.8571,,25,60,40,35,38,0,AVOID,-0.59,-7,True,backfill
2026-08-02T15:05:43.684880+09:00,2026-08-02,SQM,Sociedad Química y Minera de Chile S.A.,US,소재,2026-07-31,67.06,1091600,986095.0,2.8314,,37,55,53,74,51,1,HOLD,-0.23,-3,False,backfill
2026-08-02T15:05:43.684880+09:00,2026-08-02,STRD,Strategy Inc,US,IT,2026-07-31,57.89,268000,103270.0,1.4432,,40,55,58,60,51,0,HOLD,-0.19,-2,False,backfill
2026-08-02T15:05:43.684880+09:00,2026-08-02,EVRG,"Evergy, Inc.",US,유틸리티,2026-07-31,83.01,2840300,2065455.0,1.5964,,43,55,43,42,45,0,HOLD,-0.15,-2,False,backfill
2026-08-02T15:05:43.684880+09:00,2026-08-02,GIS,"General Mills, Inc.",US,소매,2026-07-31,35.75,9349400,9778500.0,1.2879,,43,55,53,73,53,1,HOLD,0.11,1,False,backfill
2026-08-02T15:05:43.684880+09:00,2026-08-02,ZTO,ZTO Express (Cayman) Inc.,US,산업재,2026-07-31,24.02,1902500,1614275.0,0.4386,,58,55,53,76,59,1,HOLD,0.21,3,False,backfill
2026-08-02T15:05:43.684880+09:00,2026-08-02,CDW,CDW Corporation,US,IT,2026-07-31,147.81,1112600,1831915.0,5.7236,,81,55,58,58,65,1,HOLD,0.71,9,False,backfill
2026-08-02T15:05:43.684880+09:00,2026-08-02,AQNB,Algonquin Power & Utilities Corp.,US,유틸리티,2026-07-31,25.71,27700,15545.0,0.0918,,54,55,55,50,54,0,HOLD,0.15,2,False,backfill
2026-08-02T15:05:43.684880+09:00,2026-08-02,BEKE,KE Holdings Inc.,US,리츠,2026-07-31,16.95,2190300,3615950.0,0.4589,,80,55,53,58,64,1,HOLD,0.51,6,False,backfill
2026-08-02T15:05:43.684880+09:00,2026-08-02,TOST,"Toast, Inc.",US,IT,2026-07-31,32.27,8561800,9782190.0,1.3293,,84,55,43,50,61,1,HOLD,0.58,7,False,backfill
2026-08-02T15:05:43.684880+09:00,2026-08-02,MGA,Magna International Inc.,US,소비재,2026-07-31,68.1147,2533700,1367055.0,2.01,,91,55,53,74,70,2,WATCH,0.91,11,False,backfill
2026-08-02T15:05:43.684880+09:00,2026-08-02,SBS,Companhia de Saneamento Básico do Estado,US,유틸리티,2026-07-31,5.45,6117200,5660765.0,0.1579,,33,55,40,70,45,1,HOLD,-0.44,-5,False,backfill
2026-08-02T15:05:43.684880+09:00,2026-08-02,SSNC,"SS&C Technologies Holdings, Inc.",US,IT,2026-07-31,77.05,2132000,1898465.0,2.5793,,74,55,53,74,64,2,WATCH,0.64,8,False,backfill
2026-08-02T15:05:43.684880+09:00,2026-08-02,DD,"DuPont de Nemours, Inc.",US,소재,2026-07-31,137.0,7537000,1544715.0,3.1857,,57,55,45,35,50,0,HOLD,0.02,0,False,backfill
2026-08-02T15:05:43.684880+09:00,2026-08-02,RIVN,"Rivian Automotive, Inc.",US,소비재,2026-07-31,15.22,54522300,39733555.0,1.0046,,43,55,46,50,47,0,HOLD,-0.09,-1,False,backfill
2026-08-02T15:05:43.684880+09:00,2026-08-02,ULS,UL Solutions Inc.,US,산업재,2026-07-31,91.64,594900,844470.0,2.6264,,72,55,43,42,55,1,HOLD,0.24,3,False,backfill
2026-08-02T15:05:43.684880+09:00,2026-08-02,SMCI,"Super Micro Computer, Inc.",US,IT,2026-07-31,28.4,34956100,43361285.0,2.3707,,65,55,53,68,60,0,HOLD,0.4,5,False,backfill
2026-08-02T15:05:43.684880+09:00,2026-08-02,STRL,"Sterling Infrastructure, Inc.",US,산업재,2026-07-31,596.77,827400,770580.0,55.7364,,32,55,56,42,45,0,HOLD,-0.02,0,False,backfill
2026-08-02T15:05:43.684880+09:00,2026-08-02,RCI,Rogers Communications Inc.,US,인터넷,2026-07-31,33.85,1618500,1616690.0,0.9486,,65,60,53,86,64,1,HOLD,0.35,4,False,backfill
2026-08-02T15:05:43.684880+09:00,2026-08-02,LNT,Alliant Energy Corporation,US,유틸리티,2026-07-31,70.78,3240100,2411745.0,1.5943,,45,55,50,42,48,0,HOLD,-0.11,-1,False,backfill
2026-08-02T15:05:43.684880+09:00,2026-08-02,ROL,"Rollins, Inc.",US,산업재,2026-07-31,37.7859,5601300,6241190.0,1.6456,,18,55,53,42,40,0,AVOID,-0.61,-7,True,backfill
2026-08-02T15:05:43.684880+09:00,2026-08-02,BBY,"Best Buy Co., Inc.",US,소비재,2026-07-31,86.26,3806500,3379210.0,2.61,,73,55,43,76,61,2,WATCH,0.57,7,False,backfill
2026-08-02T15:05:43.684880+09:00,2026-08-02,ZBH,"Zimmer Biomet Holdings, Inc.",US,제약/바이오,2026-07-31,93.93,2772700,2253830.0,3.1807,,77,60,53,74,66,2,WATCH,0.74,9,False,backfill
2026-08-02T15:05:43.684880+09:00,2026-08-02,PAAS,Pan American Silver Corp.,US,소재,2026-07-31,43.11,3663100,3828795.0,1.7671,,40,55,45,71,49,1,HOLD,-0.28,-3,False,backfill
2026-08-02T15:05:43.684880+09:00,2026-08-02,ENTG,"Entegris, Inc.",US,반도체,2026-07-31,119.05,2547900,2988260.0,9.5806,,18,60,43,43,38,0,AVOID,-0.68,-8,True,backfill
2026-08-02T15:05:43.684880+09:00,2026-08-02,FLUT,Flutter Entertainment plc,US,소비재,2026-07-31,104.47,2089100,2077550.0,4.4564,,40,55,68,70,56,1,HOLD,0.13,2,False,backfill
2026-08-02T15:05:43.684880+09:00,2026-08-02,WY,Weyerhaeuser Company,US,리츠,2026-07-31,25.03,10943600,5088155.0,0.7043,,73,55,53,50,60,1,HOLD,0.46,6,False,backfill
2026-08-02T15:05:43.684880+09:00,2026-08-02,PFGC,Performance Food Group Co,US,소매,2026-07-31,114.39,1038800,1620155.0,2.8756,,66,55,43,58,56,0,HOLD,0.41,5,False,backfill
2026-08-02T15:05:43.684880+09:00,2026-08-02,EWBC,"East West Bancorp, Inc.",US,금융,2026-07-31,130.2,672400,864170.0,2.3697,,43,55,43,55,47,0,HOLD,-0.06,-1,False,backfill
2026-08-02T15:05:43.684880+09:00,2026-08-02,FTV,Fortive Corporation,US,IT,2026-07-31,59.21,3560300,2914040.0,1.9386,,46,55,53,74,54,1,HOLD,0.1,1,False,backfill
2026-08-02T15:05:43.684880+09:00,2026-08-02,PR,Permian Resources Corporation,US,에너지,2026-07-31,21.31,7339400,8274060.0,0.6275,,87,55,53,50,65,1,HOLD,0.55,7,False,backfill
2026-08-02T15:05:43.684880+09:00,2026-08-02,BR,"Broadridge Financial Solutions, Inc.",US,IT,2026-07-31,153.95,935500,941725.0,5.2671,,73,55,53,68,63,1,HOLD,0.45,5,False,backfill
2026-08-02T15:05:43.684880+09:00,2026-08-02,GMAB,Genmab A/S,US,제약/바이오,2026-07-31,28.87,2135200,2068070.0,0.6811,,55,60,50,58,55,0,HOLD,0.29,3,False,backfill
2026-08-02T15:05:43.684880+09:00,2026-08-02,STRK,Strategy Inc,US,IT,2026-07-31,59.56,246800,72940.0,1.7684,,38,55,48,60,48,0,HOLD,-0.32,-4,False,backfill
2026-08-02T15:05:43.684880+09:00,2026-08-02,INVH,Invitation Homes Inc.,US,리츠,2026-07-31,29.72,5098100,3978840.0,0.5714,,47,55,56,53,52,0,HOLD,0.14,2,False,backfill
2026-08-02T15:05:43.684880+09:00,2026-08-02,DUKB,Duke Energy Corporation 5.625%,US,유틸리티,2026-07-31,22.7,85100,43690.0,0.1443,,25,55,55,50,44,0,AVOID,-0.32,-4,True,backfill
2026-08-02T15:05:43.684880+09:00,2026-08-02,BEN,"Franklin Resources, Inc.",US,금융,2026-07-31,33.86,11986700,4817890.0,0.9364,,69,55,56,58,61,0,HOLD,0.59,7,False,backfill
2026-08-02T15:05:43.684880+09:00,2026-08-02,ITT,ITT Inc.,US,산업재,2026-07-31,195.98,667000,926820.0,5.5643,,80,55,43,58,61,1,HOLD,0.32,4,False,backfill
2026-08-02T15:05:43.684880+09:00,2026-08-02,RBC,RBC Bearings Incorporated,US,산업재,2026-07-31,551.31,413200,228030.0,19.4471,,28,55,43,50,41,0,AVOID,-0.45,-5,True,backfill
2026-08-02T15:05:43.684880+09:00,2026-08-02,CHRW,"C.H. Robinson Worldwide, Inc.",US,산업재,2026-07-31,147.73,4180600,2367060.0,9.1136,,33,55,53,50,46,0,HOLD,-0.37,-4,False,backfill
2026-08-02T15:05:43.684880+09:00,2026-08-02,PAA,"Plains All American Pipeline, L.P.",US,에너지,2026-07-31,24.57,3223400,2099205.0,0.41,,69,55,50,66,60,0,HOLD,0.51,6,False,backfill
2026-08-02T15:05:43.684880+09:00,2026-08-02,BALL,Ball Corporation,US,소비재,2026-07-31,64.9,2169000,1865050.0,1.6321,,91,55,53,58,67,1,HOLD,0.75,9,False,backfill
2026-08-02T15:05:43.684880+09:00,2026-08-02,OVV,Ovintiv Inc.,US,에너지,2026-07-31,62.46,2403500,3345130.0,1.9764,,77,55,53,76,65,2,WATCH,0.58,7,False,backfill
2026-08-02T15:05:43.684880+09:00,2026-08-02,HST,"Host Hotels & Resorts, Inc.",US,리츠,2026-07-31,25.13,10037600,9035415.0,0.5721,,85,55,53,63,66,1,HOLD,0.8,10,False,backfill
2026-08-02T15:05:43.684880+09:00,2026-08-02,KIM,Kimco Realty Corporation,US,리츠,2026-07-31,25.48,8446700,4016670.0,0.455,,54,55,53,45,53,0,HOLD,0.24,3,False,backfill
2026-08-02T15:05:43.684880+09:00,2026-08-02,CX,"CEMEX, S.A.B. de C.V.",US,소재,2026-07-31,11.82,3632200,6308835.0,0.4043,,28,55,53,76,48,1,HOLD,-0.19,-2,False,backfill
2026-08-02T15:05:43.684880+09:00,2026-08-02,APG,APi Group Corporation,US,산업재,2026-07-31,39.68,3066300,2860255.0,1.3283,,25,55,43,50,40,0,AVOID,-0.57,-7,True,backfill
2026-08-02T15:05:43.684880+09:00,2026-08-02,GPC,Genuine Parts Company,US,소비재,2026-07-31,124.37,1219300,1948280.0,4.6,,47,55,53,51,51,0,HOLD,0.23,3,False,backfill
2026-08-02T15:05:43.684880+09:00,2026-08-02,NWS,News Corporation,US,인터넷,2026-07-31,31.27,885000,1113830.0,0.9443,,80,60,53,61,65,1,HOLD,0.6,7,False,backfill
2026-08-02T15:05:43.684880+09:00,2026-08-02,NLY,"Annaly Capital Management, Inc.",US,리츠,2026-07-31,22.72,11080900,7268705.0,0.4664,,43,55,56,65,53,0,HOLD,0.09,1,False,backfill
2026-08-02T15:05:43.684880+09:00,2026-08-02,LSCC,Lattice Semiconductor Corporation,US,반도체,2026-07-31,124.27,1433000,1759725.0,9.0221,,28,60,40,43,40,0,AVOID,-0.33,-4,True,backfill
2026-08-02T15:05:43.684880+09:00,2026-08-02,IEX,IDEX Corporation,US,산업재,2026-07-31,230.45,1204800,774590.0,6.1386,,88,55,53,58,66,1,HOLD,0.73,9,False,backfill
2026-08-02T15:05:43.684880+09:00,2026-08-02,KSPI,Joint Stock Company Kaspi.kz,US,IT,2026-07-31,88.78,297300,294645.0,2.3579,,57,55,45,80,56,1,HOLD,0.25,3,False,backfill
2026-08-02T15:05:43.684880+09:00,2026-08-02,RGLD,"Royal Gold, Inc.",US,소재,2026-07-31,198.35,854600,679815.0,6.1736,,72,55,53,50,60,1,HOLD,0.19,2,False,backfill
2026-08-02T15:05:43.684880+09:00,2026-08-02,YUMC,"Yum China Holdings, Inc.",US,소비재,2026-07-31,48.18,3062800,1770600.0,1.2768,,67,55,56,68,61,0,HOLD,0.39,5,False,backfill
2026-08-02T15:05:43.684880+09:00,2026-08-02,NBIX,"Neurocrine Biosciences, Inc.",US,제약/바이오,2026-07-31,166.8,4584200,1329485.0,6.4821,,54,60,43,66,54,0,HOLD,0.31,4,False,backfill
2026-08-02T15:05:43.684880+09:00,2026-08-02,WPC,W. P. Carey Inc.,US,리츠,2026-07-31,73.6,1231000,1440670.0,1.5143,,50,55,56,58,54,0,HOLD,0.16,2,False,backfill
2026-08-02T15:05:43.684880+09:00,2026-08-02,AKAM,"Akamai Technologies, Inc.",US,IT,2026-07-31,115.18,2893000,3474580.0,5.5964,,29,55,45,58,43,0,AVOID,-0.14,-2,True,backfill
2026-08-02T15:05:43.684880+09:00,2026-08-02,WCC,"WESCO International, Inc.",US,산업재,2026-07-31,343.49,585400,807545.0,14.8557,,80,55,43,58,61,1,HOLD,0.37,4,False,backfill
2026-08-02T15:05:43.684880+09:00,2026-08-02,DKS,"DICK'S Sporting Goods, Inc.",US,소비재,2026-07-31,195.91,1443700,1101455.0,7.2786,,28,55,53,50,44,0,AVOID,-0.41,-5,True,backfill
2026-08-02T15:05:43.684880+09:00,2026-08-02,TPG,TPG Inc.,US,금융,2026-07-31,43.1934,2452300,1782835.0,1.4681,,80,55,53,43,61,1,HOLD,0.46,6,False,backfill
2026-08-02T15:05:43.684880+09:00,2026-08-02,CRCL,Circle Internet Group,US,금융,2026-07-31,62.61,13726400,12222655.0,4.7179,,40,55,43,37,43,0,AVOID,-0.42,-5,True,backfill
2026-08-02T15:05:43.684880+09:00,2026-08-02,WF,Woori Financial Group Inc.,US,금융,2026-07-31,68.93,118700,171480.0,2.0664,,77,55,50,88,66,2,WATCH,0.53,6,False,backfill
2026-08-02T15:05:43.684880+09:00,2026-08-02,STLA,Stellantis N.V.,US,소비재,2026-07-31,5.76,34126900,21288605.0,0.2029,,62,55,53,72,59,1,HOLD,0.11,1,False,backfill
2026-08-02T15:05:43.684880+09:00,2026-08-02,NVR,"NVR, Inc.",US,소비재,2026-07-31,6147.0498,29100,31220.0,237.4665,,46,55,50,55,50,0,HOLD,-0.01,0,False,backfill
2026-08-02T15:05:43.684880+09:00,2026-08-02,NDSN,Nordson Corporation,US,산업재,2026-07-31,297.78,300800,325595.0,6.2829,,91,55,53,58,67,1,HOLD,0.74,9,False,backfill
2026-08-02T15:05:43.684880+09:00,2026-08-02,CG,The Carlyle Group Inc.,US,금융,2026-07-31,45.6932,2327700,2686915.0,1.5007,,80,55,45,58,61,1,HOLD,0.35,4,False,backfill
2026-08-02T15:05:43.684880+09:00,2026-08-02,CLH,"Clean Harbors, Inc.",US,산업재,2026-07-31,312.88,372300,489700.0,9.0643,,87,55,50,58,65,1,HOLD,0.59,7,False,backfill
2026-08-02T15:05:43.684880+09:00,2026-08-02,H,Hyatt Hotels Corporation,US,소비재,2026-07-31,174.06,1711700,808240.0,6.4979,,32,55,43,43,42,0,AVOID,-0.23,-3,True,backfill
2026-08-02T15:05:43.684880+09:00,2026-08-02,DINO,HF Sinclair Corporation,US,에너지,2026-07-31,90.9065,2876100,2971670.0,3.4358,,85,55,56,78,69,2,WATCH,0.89,11,False,backfill
2026-08-02T15:05:43.684880+09:00,2026-08-02,EMA,Emera Incorporated,US,유틸리티,2026-07-31,53.89,640200,469130.0,0.8784,,65,55,55,37,56,0,HOLD,0.29,3,False,backfill
2026-08-02T15:05:43.684880+09:00,2026-08-02,GEN,Gen Digital Inc.,US,IT,2026-07-31,27.3295,4469400,3912980.0,0.8704,,90,55,53,76,70,2,WATCH,0.92,11,False,backfill
2026-08-02T15:05:43.684880+09:00,2026-08-02,JLL,Jones Lang LaSalle Incorporated,US,리츠,2026-07-31,355.03,410000,396180.0,11.7014,,81,55,53,76,67,2,WATCH,0.76,9,False,backfill
2026-08-02T15:05:43.684880+09:00,2026-08-02,BSAC,Banco Santander-Chile,US,금융,2026-07-31,34.61,278100,314495.0,0.865,,91,55,50,60,67,1,HOLD,0.78,9,False,backfill
2026-08-02T15:05:43.684880+09:00,2026-08-02,LAMR,Lamar Advertising Company,US,리츠,2026-07-31,159.96,546100,577100.0,3.15,,54,55,53,42,52,0,HOLD,0.29,3,False,backfill
2026-08-02T15:05:43.684880+09:00,2026-08-02,TSCO,Tractor Supply Company,US,소비재,2026-07-31,30.77,10823400,10081380.0,1.1229,,65,55,53,60,59,0,HOLD,0.2,2,False,backfill
2026-08-02T15:05:43.684880+09:00,2026-08-02,MEDP,"Medpace Holdings, Inc.",US,제약/바이오,2026-07-31,577.11,261400,396425.0,27.2931,,88,60,43,37,61,1,HOLD,0.68,8,False,backfill
2026-08-02T15:05:43.684880+09:00,2026-08-02,OWL,Blue Owl Capital Inc.,US,금융,2026-07-31,10.1061,26993700,16596660.0,0.3615,,81,55,45,51,60,1,HOLD,0.5,6,False,backfill
2026-08-02T15:05:43.684880+09:00,2026-08-02,PKX,POSCO Holdings Inc.,US,소재,2026-07-31,53.17,447800,377080.0,1.8164,,62,55,50,76,59,1,HOLD,0.09,1,False,backfill
2026-08-02T15:05:43.684880+09:00,2026-08-02,VNOM,"Viper Energy, Inc.",US,에너지,2026-07-31,43.9022,1391100,1502765.0,1.035,,72,55,53,42,58,1,HOLD,0.22,3,False,backfill
2026-08-02T15:05:43.684880+09:00,2026-08-02,TIGO,Millicom International Cellular S.A.,US,인터넷,2026-07-31,95.48,2233700,1349435.0,3.1287,,47,60,40,76,52,1,HOLD,0.2,2,False,backfill
2026-08-02T15:05:43.684880+09:00,2026-08-02,PINS,"Pinterest, Inc.",US,인터넷,2026-07-31,24.01,9810500,10315760.0,0.8907,,79,60,43,66,62,1,HOLD,0.66,8,False,backfill
2026-08-02T15:05:43.684880+09:00,2026-08-02,NTNX,"Nutanix, Inc.",US,IT,2026-07-31,59.01,2635700,3061920.0,2.1601,,92,55,53,43,66,1,HOLD,0.83,10,False,backfill
2026-08-02T15:05:43.684880+09:00,2026-08-02,J,Jacobs Solutions Inc.,US,산업재,2026-07-31,134.93,746800,861200.0,3.7543,,80,55,65,66,68,1,HOLD,0.74,9,False,backfill
2026-08-02T15:05:43.684880+09:00,2026-08-02,PNFP,"Pinnacle Financial Partners, Inc.",US,금융,2026-07-31,104.7356,1007600,1292050.0,2.9098,,88,55,35,68,62,1,HOLD,0.56,7,False,backfill
2026-08-02T15:05:43.684880+09:00,2026-08-02,JAZZ,Jazz Pharmaceuticals plc,US,제약/바이오,2026-07-31,252.86,572800,698130.0,7.0036,,95,60,43,59,67,1,HOLD,0.86,10,False,backfill
2026-08-02T15:05:43.684880+09:00,2026-08-02,PTC,PTC Inc.,US,IT,2026-07-31,137.2,2341800,1632055.0,5.6836,,69,55,53,60,60,0,HOLD,0.37,4,False,backfill
2026-08-02T15:05:43.684880+09:00,2026-08-02,BBIO,"BridgeBio Pharma, Inc.",US,제약/바이오,2026-07-31,80.09,2132600,3367835.0,2.5959,,47,60,43,27,45,0,HOLD,0.07,1,False,backfill
2026-08-02T15:05:43.684880+09:00,2026-08-02,GIB,CGI Inc.,US,IT,2026-07-31,73.0306,447900,519410.0,2.5066,,81,55,53,68,65,1,HOLD,0.7,8,False,backfill
2026-08-02T15:05:43.684880+09:00,2026-08-02,FN,Fabrinet,US,IT,2026-07-31,435.41,885300,793915.0,32.8736,,21,55,53,50,42,0,AVOID,-0.54,-6,True,backfill
2026-08-02T15:05:43.684880+09:00,2026-08-02,RGA,"Reinsurance Group of America, Incorporat",US,금융,2026-07-31,236.85,238200,357830.0,5.3007,,62,55,56,76,61,1,HOLD,0.54,6,False,backfill
2026-08-02T15:05:43.684880+09:00,2026-08-02,RZC,"Reinsurance Group of America, Incorporat",US,금융,2026-07-31,25.56,91000,38090.0,0.135,,84,55,58,50,65,1,HOLD,0.62,7,False,backfill
2026-08-02T15:05:43.684880+09:00,2026-08-02,NWSA,News Corporation,US,인터넷,2026-07-31,27.56,4084200,3275410.0,0.7721,,47,60,53,61,53,0,HOLD,0.17,2,False,backfill
2026-08-02T15:05:43.684880+09:00,2026-08-02,BWXT,"BWX Technologies, Inc.",US,산업재,2026-07-31,168.7,887600,883805.0,7.4136,,18,55,35,42,34,0,AVOID,-0.8,-10,True,backfill
2026-08-02T15:05:43.684880+09:00,2026-08-02,DVA,DaVita Inc.,US,제약/바이오,2026-07-31,240.09,426600,654025.0,5.4964,,70,60,43,74,60,2,WATCH,0.56,7,False,backfill
2026-08-02T15:05:43.684880+09:00,2026-08-02,MAA,"Mid-America Apartment Communities, Inc.",US,리츠,2026-07-31,132.34,2198000,1169265.0,2.5359,,43,55,61,53,52,0,HOLD,0.12,1,False,backfill
2026-08-02T15:05:43.684880+09:00,2026-08-02,CDE,"Coeur Mining, Inc.",US,소재,2026-07-31,14.91,30369100,27353615.0,0.9014,,40,55,37,63,46,0,HOLD,-0.4,-5,False,backfill
2026-08-02T15:05:43.684880+09:00,2026-08-02,KEP,Korea Electric Power Corporation,US,유틸리티,2026-07-31,11.95,1073100,1200030.0,0.3357,,55,55,53,96,61,1,HOLD,0.1,1,False,backfill
2026-08-02T15:05:43.684880+09:00,2026-08-02,JHX,James Hardie Industries plc,US,소재,2026-07-31,26.29,5702100,6995640.0,1.01,,73,55,53,43,59,1,HOLD,0.56,7,False,backfill
2026-08-02T15:05:43.684880+09:00,2026-08-02,CCZ,Comcast Holdings Corp.,US,인터넷,2026-07-31,65.99,0,10.0,0.0364,,27,60,58,42,45,0,HOLD,-0.16,-2,False,backfill
2026-08-02T15:05:43.684880+09:00,2026-08-02,SUI,"Sun Communities, Inc.",US,리츠,2026-07-31,123.48,853400,1913925.0,2.9407,,80,55,53,46,62,1,HOLD,0.45,5,False,backfill
2026-08-02T15:05:43.684880+09:00,2026-08-02,LTM,LATAM Airlines Group S.A.,US,산업재,2026-07-31,52.76,418600,728645.0,1.8019,,47,55,53,70,54,1,HOLD,0.25,3,False,backfill
2026-08-02T15:05:43.684880+09:00,2026-08-02,TLN,Talen Energy Corporation,US,유틸리티,2026-07-31,334.1,641000,657230.0,21.5245,,20,55,56,70,45,1,HOLD,-0.39,-5,False,backfill
2026-08-02T15:05:43.684880+09:00,2026-08-02,ASND,Ascendis Pharma A/S,US,제약/바이오,2026-07-31,243.91,508900,514060.0,7.6804,,39,60,62,42,51,0,HOLD,0.15,2,False,backfill
2026-08-02T15:05:43.684880+09:00,2026-08-02,OHI,"Omega Healthcare Investors, Inc.",US,리츠,2026-07-31,49.95,2429200,1856130.0,1.0556,,69,55,53,45,58,0,HOLD,0.44,5,False,backfill
2026-08-02T15:05:43.684880+09:00,2026-08-02,TRU,TransUnion,US,금융,2026-07-31,78.62,2091300,2442220.0,3.7293,,77,55,43,66,61,1,HOLD,0.55,7,False,backfill
2026-08-02T15:05:43.684880+09:00,2026-08-02,DOC,"Healthpeak Properties, Inc.",US,리츠,2026-07-31,21.7229,7333400,5999200.0,0.4558,,51,55,50,46,51,0,HOLD,0.24,3,False,backfill
2026-08-02T15:05:43.684880+09:00,2026-08-02,ARMK,Aramark,US,산업재,2026-07-31,56.97,1510400,2468875.0,1.1036,,48,55,53,58,52,0,HOLD,0.27,3,False,backfill
2026-08-02T15:05:43.684880+09:00,2026-08-02,TU,Telus Corp,US,인터넷,2026-07-31,9.56,32791300,7923560.0,0.37,,48,60,53,76,56,1,HOLD,-0.04,0,False,backfill
2026-08-02T15:05:43.684880+09:00,2026-08-02,RBRK,"Rubrik, Inc.",US,IT,2026-07-31,72.36,1817800,2516045.0,4.1943,,40,55,43,35,43,0,AVOID,-0.03,0,True,backfill
2026-08-02T15:05:43.684880+09:00,2026-08-02,IESC,"IES Holdings, Inc.",US,산업재,2026-07-31,744.54,485300,229405.0,56.6136,,73,55,43,42,56,1,HOLD,0.44,5,False,backfill
2026-08-02T15:05:43.684880+09:00,2026-08-02,EG,"Everest Group, Ltd.",US,금융,2026-07-31,374.15,433600,374520.0,9.48,,47,55,53,100,58,1,HOLD,0.29,3,False,backfill
2026-08-02T15:05:43.684880+09:00,2026-08-02,SOLV,Solventum Corporation,US,제약/바이오,2026-07-31,85.44,1056700,1046580.0,2.6454,,95,60,53,70,72,2,WATCH,1.0,12,False,backfill
2026-08-02T15:05:43.684880+09:00,2026-08-02,COKE,"Coca-Cola Consolidated, Inc.",US,소매,2026-07-31,187.9,305700,529115.0,6.1048,,87,55,53,53,65,1,HOLD,0.49,6,False,backfill
2026-08-02T15:05:43.684880+09:00,2026-08-02,LOGI,Logitech International S.A.,US,IT,2026-07-31,102.48,1196200,1324975.0,3.4864,,65,55,53,50,57,0,HOLD,0.32,4,False,backfill
2026-08-02T15:05:43.684880+09:00,2026-08-02,MLI,"Mueller Industries, Inc.",US,산업재,2026-07-31,66.41,1604500,1651615.0,2.0621,,57,55,50,55,54,0,HOLD,0.15,2,False,backfill
2026-08-02T15:05:43.684880+09:00,2026-08-02,FUTU,Futu Holdings Limited,US,금융,2026-07-31,105.12,1144000,1403710.0,4.3985,,54,55,53,78,58,1,HOLD,0.02,0,False,backfill
2026-08-02T15:05:43.684880+09:00,2026-08-02,TXT,Textron Inc.,US,산업재,2026-07-31,85.26,2253500,1764605.0,3.0121,,31,55,53,68,48,0,HOLD,-0.27,-3,False,backfill
2026-08-02T15:05:43.684880+09:00,2026-08-02,REG,Regency Centers Corporation,US,리츠,2026-07-31,80.29,1323600,1301300.0,1.3893,,43,55,50,50,49,0,HOLD,-0.02,0,False,backfill
2026-08-02T15:05:43.684880+09:00,2026-08-02,CSL,Carlisle Companies Incorporated,US,소재,2026-07-31,359.92,577500,574845.0,15.5464,,80,55,53,50,62,1,HOLD,0.5,6,False,backfill
2026-08-02T15:05:43.684880+09:00,2026-08-02,MAIR,Madison Air Solutions Corporation,US,산업재,2026-07-31,29.06,3127800,2831985.0,2.0214,,10,55,60,43,39,0,AVOID,-0.64,-8,True,backfill
2026-08-02T15:05:43.684880+09:00,2026-08-02,LDOS,"Leidos Holdings, Inc.",US,IT,2026-07-31,115.6,1180800,1373315.0,3.8493,,59,55,53,78,59,1,HOLD,0.09,1,False,backfill
2026-08-02T15:05:43.684880+09:00,2026-08-02,TME,Tencent Music Entertainment Group,US,인터넷,2026-07-31,9.45,7027800,5859415.0,0.3316,,75,60,53,86,67,2,WATCH,0.63,8,False,backfill
2026-08-02T15:05:43.684880+09:00,2026-08-02,TLK,Perusahaan Perseroan (Persero) PT Teleko,US,인터넷,2026-07-31,14.66,981200,781860.0,0.3207,,72,60,50,81,64,2,WATCH,0.43,5,False,backfill
2026-08-02T15:05:43.684880+09:00,2026-08-02,GFL,GFL Environmental Inc.,US,산업재,2026-07-31,41.32,4113200,3138720.0,1.1511,,81,55,50,42,61,1,HOLD,0.54,6,False,backfill
2026-08-02T15:05:43.684880+09:00,2026-08-02,KKRS,KKR Group Finance Co. IX LLC 4.,US,금융,2026-07-31,16.25,72300,31020.0,0.1078,,72,55,55,50,60,1,HOLD,0.37,4,False,backfill
2026-08-02T15:05:43.684880+09:00,2026-08-02,LII,Lennox International Inc.,US,산업재,2026-07-31,415.88,931000,534345.0,23.6371,,25,55,53,42,42,0,AVOID,-0.51,-6,True,backfill
2026-08-02T15:05:43.684880+09:00,2026-08-02,BNT,Brookfield Wealth Solutions Ltd.,US,금융,2026-07-31,43.19,16200,23465.0,0.8389,,50,55,55,78,57,1,HOLD,0.13,2,False,backfill
2026-08-02T15:05:43.684880+09:00,2026-08-02,PAG,"Penske Automotive Group, Inc.",US,소비재,2026-07-31,215.879,673500,535570.0,7.0845,,93,55,56,60,69,1,HOLD,0.93,11,False,backfill
2026-08-02T15:05:43.684880+09:00,2026-08-02,SWK,"Stanley Black & Decker, Inc.",US,산업재,2026-07-31,94.58,2795900,1781015.0,3.3436,,95,55,53,66,70,1,HOLD,0.95,11,False,backfill
2026-08-02T15:05:43.684880+09:00,2026-08-02,LECO,"Lincoln Electric Holdings, Inc.",US,산업재,2026-07-31,261.31,748200,384890.0,9.2736,,72,55,53,42,58,1,HOLD,0.33,4,False,backfill
2026-08-02T15:05:43.684880+09:00,2026-08-02,AEG,Aegon Ltd.,US,금융,2026-07-31,9.44,3950900,5247020.0,0.1679,,78,55,53,55,62,1,HOLD,0.68,8,False,backfill
2026-08-02T15:05:43.684880+09:00,2026-08-02,CNA,CNA Financial Corporation,US,금융,2026-07-31,51.9762,482600,489690.0,1.3055,,62,55,50,86,61,1,HOLD,0.47,6,False,backfill
2026-08-02T15:05:43.684880+09:00,2026-08-02,XELLL,Xcel Energy Inc. 6.25% Junior Subordinat,US,유틸리티,2026-07-31,23.28,88600,55370.0,0.1926,,65,55,55,60,59,0,HOLD,0.29,3,False,backfill
2026-08-02T15:05:43.684880+09:00,2026-08-02,GL,Globe Life Inc.,US,금융,2026-07-31,182.25,926200,689760.0,4.6857,,69,55,40,60,56,0,HOLD,0.43,5,False,backfill
2026-08-02T15:05:43.684880+09:00,2026-08-02,AEFC,Aegon Funding Company LLC,US,금융,2026-07-31,18.15,70600,39975.0,0.1431,,20,55,55,50,42,0,AVOID,-0.41,-5,True,backfill
2026-08-02T15:05:43.684880+09:00,2026-08-02,SITM,SiTime Corporation,US,반도체,2026-07-31,535.2,470900,444450.0,43.6964,,25,60,43,29,38,0,AVOID,-0.48,-6,True,backfill
2026-08-02T15:05:43.684880+09:00,2026-08-02,COO,"The Cooper Companies, Inc.",US,제약/바이오,2026-07-31,72.32,2518500,2046500.0,1.8293,,55,60,53,51,55,0,HOLD,0.38,5,False,backfill
2026-08-02T15:05:43.684880+09:00,2026-08-02,MAS,Masco Corporation,US,소재,2026-07-31,71.48,2963600,2795600.0,2.6986,,46,55,53,68,53,0,HOLD,0.08,1,False,backfill
2026-08-02T15:05:43.684880+09:00,2026-08-02,DTM,"DT Midstream, Inc.",US,에너지,2026-07-31,138.0,1181500,770985.0,3.7482,,28,55,55,50,45,0,HOLD,-0.3,-4,False,backfill
2026-08-02T15:05:43.684880+09:00,2026-08-02,CRBG,"Corebridge Financial, Inc.",US,금융,2026-07-31,31.19,5658600,3918335.0,0.8479,,47,55,53,51,51,0,HOLD,0.22,3,False,backfill
2026-08-02T15:05:43.684880+09:00,2026-08-02,ZBRA,Zebra Technologies Corporation,US,IT,2026-07-31,293.82,976900,683645.0,11.0721,,92,55,53,66,69,1,HOLD,0.91,11,False,backfill
2026-08-02T15:05:43.684880+09:00,2026-08-02,FNF,"Fidelity National Financial, Inc.",US,금융,2026-07-31,51.59,2118100,1467960.0,1.5286,,80,55,53,74,66,2,WATCH,0.58,7,False,backfill
2026-08-02T15:05:43.684880+09:00,2026-08-02,GRAB,Grab Holdings Limited,US,IT,2026-07-31,3.5,42223500,44740480.0,0.1393,,40,55,43,51,46,0,HOLD,-0.24,-3,False,backfill
2026-08-02T15:05:43.684880+09:00,2026-08-02,ALB,Albemarle Corporation,US,소재,2026-07-31,117.64,3649500,2104485.0,4.9629,,37,55,45,86,50,1,HOLD,-0.27,-3,False,backfill
2026-08-02T15:05:43.684880+09:00,2026-08-02,UHAL,U-Haul Holding Company,US,산업재,2026-07-31,70.91,122700,173335.0,1.7879,,73,55,53,35,58,1,HOLD,0.54,6,False,backfill
2026-08-02T15:05:43.684880+09:00,2026-08-02,AIZN,"Assurant, Inc. 5.25% Subordinat",US,금융,2026-07-31,19.1,27900,16950.0,0.4183,,43,55,45,50,47,0,HOLD,-0.13,-2,False,backfill
2026-08-02T15:05:43.684880+09:00,2026-08-02,U,Unity Software Inc.,US,IT,2026-07-31,31.71,11587800,7254255.0,1.7681,,77,55,43,50,58,1,HOLD,0.54,6,False,backfill
2026-08-02T15:05:43.684880+09:00,2026-08-02,AIZ,"Assurant, Inc.",US,금융,2026-07-31,279.19,531100,349855.0,4.9979,,66,55,43,68,57,0,HOLD,0.45,5,False,backfill
2026-08-02T15:05:43.684880+09:00,2026-08-02,FMS,Fresenius Medical Care AG & Co. KGaA,US,제약/바이오,2026-07-31,25.66,513500,557010.0,0.4214,,88,60,53,94,73,2,WATCH,0.99,12,False,backfill
2026-08-02T15:05:43.684880+09:00,2026-08-02,LI,Li Auto Inc.,US,소비재,2026-07-31,13.63,3029800,3987040.0,0.4759,,59,55,53,60,57,0,HOLD,0.03,0,False,backfill
2026-08-02T15:05:43.684880+09:00,2026-08-02,HRL,Hormel Foods Corporation,US,소매,2026-07-31,25.01,5964900,3755860.0,0.6521,,54,55,53,58,54,0,HOLD,0.35,4,False,backfill
2026-08-02T15:05:43.684880+09:00,2026-08-02,SGI,Somnigroup International Inc,US,소비재,2026-07-31,65.33,3046100,2175545.0,2.8614,,28,55,50,66,46,0,HOLD,-0.39,-5,False,backfill
2026-08-02T15:05:43.684880+09:00,2026-08-02,DOCN,"DigitalOcean Holdings, Inc.",US,IT,2026-07-31,117.5,6015300,3548570.0,11.9676,,32,55,38,34,39,0,AVOID,-0.21,-3,True,backfill
2026-08-02T15:05:43.684880+09:00,2026-08-02,MKC,"McCormick & Company, Incorporated",US,소매,2026-07-31,50.9,4747600,3523470.0,1.7579,,40,55,58,78,54,1,HOLD,0.11,1,False,backfill
2026-08-02T15:05:43.684880+09:00,2026-08-02,RPM,RPM International Inc.,US,소재,2026-07-31,107.07,896500,1086505.0,4.0086,,76,55,50,58,61,1,HOLD,0.51,6,False,backfill
2026-08-02T15:05:43.684880+09:00,2026-08-02,UNMA,Unum Group 6.250% JR NT58,US,금융,2026-07-31,21.43,103000,24565.0,0.1979,,47,55,58,80,57,1,HOLD,0.09,1,False,backfill
2026-08-02T15:05:43.684880+09:00,2026-08-02,RRX,Regal Rexnord Corporation,US,산업재,2026-07-31,205.23,910500,970780.0,10.1714,,28,55,43,58,42,0,AVOID,-0.37,-4,True,backfill
2026-08-02T15:05:43.684880+09:00,2026-08-02,TOL,"Toll Brothers, Inc.",US,소비재,2026-07-31,145.89,1093900,921155.0,4.6514,,46,55,53,78,55,1,HOLD,0.17,2,False,backfill
2026-08-02T15:05:43.684880+09:00,2026-08-02,UNM,Unum Group,US,금융,2026-07-31,86.11,1391600,1584335.0,2.1127,,47,55,56,50,52,0,HOLD,0.15,2,False,backfill
2026-08-02T15:05:43.684880+09:00,2026-08-02,TKO,"TKO Group Holdings, Inc.",US,인터넷,2026-07-31,181.81,893400,1035540.0,4.2414,,50,60,43,43,49,0,HOLD,-0.05,-1,False,backfill
2026-08-02T15:05:43.684880+09:00,2026-08-02,NXT,Nextpower Inc.,US,IT,2026-07-31,89.87,6192000,3088820.0,7.1789,,21,55,43,53,39,0,AVOID,-0.63,-8,True,backfill
2026-08-02T15:05:43.684880+09:00,2026-08-02,SREA,Sempra,US,유틸리티,2026-07-31,20.85,121400,61165.0,0.1735,,35,55,58,50,48,0,HOLD,-0.12,-1,False,backfill
2026-08-02T15:05:43.684880+09:00,2026-08-02,IONQ,"IonQ, Inc.",US,IT,2026-07-31,36.44,18218400,19047435.0,2.5875,,35,55,43,35,41,0,AVOID,-0.5,-6,True,backfill
2026-08-02T15:05:43.684880+09:00,2026-08-02,WMG,Warner Music Group Corp.,US,인터넷,2026-07-31,25.96,3306200,2114215.0,1.117,,28,60,50,58,46,0,HOLD,-0.3,-4,False,backfill
2026-08-02T15:05:43.684880+09:00,2026-08-02,BAX,Baxter International Inc.,US,제약/바이오,2026-07-31,26.16,9283200,6690165.0,1.2221,,92,60,53,63,70,1,HOLD,0.93,11,False,backfill
2026-08-02T15:05:43.684880+09:00,2026-08-02,TXRH,"Texas Roadhouse, Inc.",US,소비재,2026-07-31,205.44,492500,824375.0,5.2714,,95,55,43,42,63,1,HOLD,0.76,9,False,backfill
2026-08-02T15:05:43.684880+09:00,2026-08-02,LULU,Lululemon Athletica Inc.,US,소비재,2026-07-31,118.87,2515400,2523725.0,3.9914,,65,55,58,86,64,1,HOLD,0.31,4,False,backfill
2026-08-02T15:05:43.684880+09:00,2026-08-02,ARCC,Ares Capital Corporation,US,금융,2026-07-31,18.76,3934800,4520400.0,0.2993,,43,55,56,81,55,1,HOLD,0.11,1,False,backfill
2026-08-02T15:05:43.684880+09:00,2026-08-02,ALLE,Allegion plc,US,산업재,2026-07-31,157.4,933800,1462205.0,5.3036,,77,55,43,58,60,1,HOLD,0.57,7,False,backfill
2026-08-02T15:05:43.684880+09:00,2026-08-02,EXEL,"Exelixis, Inc.",US,제약/바이오,2026-07-31,53.03,3025500,2333755.0,1.5029,,51,60,43,68,53,0,HOLD,0.27,3,False,backfill
2026-08-02T15:05:43.684880+09:00,2026-08-02,ECHO,EchoStar Corporation,US,인터넷,2026-07-31,84.09,4127400,5210340.0,4.1243,,18,60,55,50,42,0,AVOID,-0.53,-6,True,backfill
2026-08-02T15:05:43.684880+09:00,2026-08-02,PS,Pershing Square Inc.,US,금융,2026-07-31,33.28,99400,148090.0,2.0957,,28,55,58,42,44,0,AVOID,-0.38,-5,True,backfill
2026-08-02T15:05:43.684880+09:00,2026-08-02,RNR,RenaissanceRe Holdings Ltd.,US,금융,2026-07-31,319.98,325900,377160.0,9.8636,,47,55,43,73,51,1,HOLD,0.09,1,False,backfill
2026-08-02T15:05:43.684880+09:00,2026-08-02,BIPI,BIP Bermuda Holdings I Limited,US,산업재,2026-07-31,16.72,44600,18750.0,0.1457,,65,55,55,50,58,0,HOLD,0.33,4,False,backfill
2026-08-02T15:05:43.684880+09:00,2026-08-02,HAS,"Hasbro, Inc.",US,소비재,2026-07-31,93.94,2808600,2536040.0,2.98,,65,55,46,60,57,0,HOLD,0.23,3,False,backfill
2026-08-02T15:05:43.684880+09:00,2026-08-02,SNN,Smith & Nephew plc,US,제약/바이오,2026-07-31,31.56,1842900,1800870.0,0.8471,,81,60,50,58,64,1,HOLD,0.55,7,False,backfill
2026-08-02T15:05:43.684880+09:00,2026-08-02,DECK,Deckers Outdoor Corporation,US,소비재,2026-07-31,96.88,2325200,2315195.0,4.0929,,28,55,53,68,47,0,HOLD,-0.23,-3,False,backfill
2026-08-02T15:05:43.684880+09:00,2026-08-02,APA,APA Corporation,US,에너지,2026-07-31,37.32,7952200,5272350.0,1.2155,,69,55,53,86,64,1,HOLD,0.37,4,False,backfill
2026-08-02T15:05:43.684880+09:00,2026-08-02,TRMB,Trimble Inc.,US,IT,2026-07-31,56.58,2585700,2574885.0,2.1357,,70,55,53,58,60,1,HOLD,0.17,2,False,backfill
2026-08-02T15:05:43.684880+09:00,2026-08-02,ALLY,Ally Financial Inc.,US,금융,2026-07-31,43.33,1809300,3187130.0,1.2162,,43,55,53,96,56,1,HOLD,0.14,2,False,backfill
2026-08-02T15:05:43.684880+09:00,2026-08-02,ELAN,Elanco Animal Health Incorporated,US,제약/바이오,2026-07-31,26.37,5193900,4561090.0,0.845,,88,60,58,53,68,1,HOLD,0.9,11,False,backfill
2026-08-02T15:05:43.684880+09:00,2026-08-02,CCK,"Crown Holdings, Inc.",US,소비재,2026-07-31,117.5123,973500,1170210.0,3.621,,69,55,53,84,64,1,HOLD,0.65,8,False,backfill
2026-08-02T15:05:43.684880+09:00,2026-08-02,IREN,IREN Limited,US,IT,2026-07-31,36.8,65451200,47540615.0,4.2881,,40,55,45,37,44,0,AVOID,-0.4,-5,True,backfill
2026-08-02T15:05:43.684880+09:00,2026-08-02,IVZ,Invesco Ltd.,US,금융,2026-07-31,29.4033,4722900,5040200.0,0.9714,,69,55,53,78,63,1,HOLD,0.63,8,False,backfill
2026-08-02T15:05:43.684880+09:00,2026-08-02,HTHT,H World Group Limited,US,소비재,2026-07-31,42.69,1509400,1493590.0,1.1664,,72,55,53,66,62,1,HOLD,0.24,3,False,backfill
2026-08-02T15:05:43.684880+09:00,2026-08-02,BWA,BorgWarner Inc.,US,소비재,2026-07-31,63.74,1931100,2151370.0,2.0664,,54,55,35,74,52,1,HOLD,0.18,2,False,backfill
2026-08-02T15:05:43.684880+09:00,2026-08-02,EQH,"Equitable Holdings, Inc.",US,금융,2026-07-31,47.35,4760800,2628300.0,1.3702,,47,55,46,62,51,0,HOLD,0.18,2,False,backfill
2026-08-02T15:05:43.684880+09:00,2026-08-02,AVY,Avery Dennison Corporation,US,소비재,2026-07-31,169.73,1336800,838735.0,5.8436,,80,55,50,58,63,1,HOLD,0.55,7,False,backfill
2026-08-02T15:05:43.684880+09:00,2026-08-02,CHKP,Check Point Software Technologies Ltd.,US,IT,2026-07-31,127.13,1551600,1386740.0,6.2014,,50,55,45,68,52,0,HOLD,0.19,2,False,backfill
2026-08-02T15:05:43.684880+09:00,2026-08-02,DT,"Dynatrace, Inc.",US,IT,2026-07-31,44.32,3153300,4055320.0,1.6385,,62,55,40,51,52,0,HOLD,0.3,4,False,backfill
2026-08-02T15:05:43.684880+09:00,2026-08-02,HII,"Huntington Ingalls Industries, Inc.",US,산업재,2026-07-31,326.45,930400,533180.0,12.9364,,69,55,50,42,56,0,HOLD,0.15,2,False,backfill
2026-08-02T15:05:43.684880+09:00,2026-08-02,ONTO,Onto Innovation Inc.,US,반도체,2026-07-31,258.58,1513800,1181015.0,24.8536,,25,60,53,43,43,0,AVOID,-0.43,-5,True,backfill
2026-08-02T15:05:43.684880+09:00,2026-08-02,GGG,Graco Inc.,US,산업재,2026-07-31,79.38,1842800,1479300.0,1.948,,80,55,53,50,62,1,HOLD,0.5,6,False,backfill
2026-08-02T15:05:43.684880+09:00,2026-08-02,AIT,"Applied Industrial Technologies, Inc.",US,산업재,2026-07-31,344.7177,212500,284835.0,8.408,,91,55,53,50,66,1,HOLD,0.83,10,False,backfill
2026-08-02T15:05:43.684880+09:00,2026-08-02,SJM,The J. M. Smucker Company,US,소매,2026-07-31,118.1527,1794800,1554660.0,3.6593,,95,55,43,78,69,2,WATCH,0.89,11,False,backfill
2026-08-02T15:05:43.684880+09:00,2026-08-02,WSO,"Watsco, Inc.",US,산업재,2026-07-31,309.3,660000,500060.0,15.8785,,10,55,56,50,39,0,AVOID,-0.66,-8,True,backfill
2026-08-02T15:05:43.684880+09:00,2026-08-02,CNH,CNH Industrial N.V.,US,산업재,2026-07-31,10.25,14557300,10979900.0,0.4007,,43,55,55,66,52,0,HOLD,0.03,0,False,backfill
2026-08-02T15:05:43.684880+09:00,2026-08-02,GLPI,"Gaming and Leisure Properties, Inc.",US,리츠,2026-07-31,44.79,3386400,2570190.0,0.9352,,72,55,50,60,60,1,HOLD,0.32,4,False,backfill
2026-08-02T15:05:43.684880+09:00,2026-08-02,TYL,"Tyler Technologies, Inc.",US,IT,2026-07-31,309.6,1244100,804385.0,15.8564,,65,55,53,50,57,0,HOLD,0.17,2,False,backfill
2026-08-02T15:05:43.684880+09:00,2026-08-02,PEN,"Penumbra, Inc.",US,제약/바이오,2026-07-31,321.19,296000,393940.0,2.21,,69,60,53,30,57,0,HOLD,0.28,3,False,backfill
2026-08-02T15:05:43.684880+09:00,2026-08-02,GWRE,"Guidewire Software, Inc.",US,IT,2026-07-31,151.94,1130900,1288310.0,9.0971,,84,55,43,43,60,1,HOLD,0.51,6,False,backfill
2026-08-02T15:05:43.684880+09:00,2026-08-02,AUR,"Aurora Innovation, Inc.",US,IT,2026-07-31,6.45,27725600,23311730.0,0.4075,,76,55,40,50,57,1,HOLD,0.36,4,False,backfill
2026-08-02T15:05:43.684880+09:00,2026-08-02,ELS,"Equity LifeStyle Properties, Inc.",US,리츠,2026-07-31,65.07,1762300,1720875.0,1.5843,,43,55,53,45,49,0,HOLD,0.01,0,False,backfill
2026-08-02T15:05:43.684880+09:00,2026-08-02,SF,Stifel Financial Corp,US,금융,2026-07-31,82.91,904000,1252615.0,2.0686,,74,55,45,76,62,2,WATCH,0.52,6,False,backfill
2026-08-02T15:05:43.684880+09:00,2026-08-02,RVTY,"Revvity, Inc.",US,제약/바이오,2026-07-31,112.52,1206800,1341740.0,3.7612,,66,60,53,58,60,0,HOLD,0.55,7,False,backfill
2026-08-02T15:05:43.684880+09:00,2026-08-02,EMBJ,Embraer S.A.,US,산업재,2026-07-31,68.33,1516800,995535.0,1.8814,,84,55,55,45,64,1,HOLD,0.67,8,False,backfill
2026-08-02T15:05:43.684880+09:00,2026-08-02,ICLR,ICON Public Limited Company,US,제약/바이오,2026-07-31,163.57,871900,810415.0,8.6871,,54,60,53,59,56,0,HOLD,0.39,5,False,backfill
2026-08-02T15:05:43.684880+09:00,2026-08-02,WBS,Webster Financial Corporation,US,금융,2026-07-31,76.8292,4479700,3994330.0,0.8755,,69,55,45,60,58,0,HOLD,0.38,5,False,backfill
2026-08-02T15:05:43.684880+09:00,2026-08-02,VIRT,"Virtu Financial, Inc.",US,금융,2026-07-31,58.73,982900,1161480.0,2.5769,,48,55,53,70,54,1,HOLD,0.31,4,False,backfill
2026-08-02T15:05:43.684880+09:00,2026-08-02,BJ,"BJ's Wholesale Club Holdings, Inc.",US,소매,2026-07-31,97.78,1107000,1620780.0,2.8438,,70,55,43,50,56,1,HOLD,0.3,4,False,backfill
2026-08-02T15:05:43.684880+09:00,2026-08-02,NVMI,Nova Ltd.,US,반도체,2026-07-31,390.87,388300,575240.0,29.5764,,26,60,43,42,40,0,AVOID,-0.57,-7,True,backfill
2026-08-02T15:05:43.684880+09:00,2026-08-02,EVR,Evercore Inc.,US,금융,2026-07-31,320.56,623700,513795.0,13.8171,,31,55,53,58,46,0,HOLD,-0.15,-2,False,backfill
2026-08-02T15:05:43.684880+09:00,2026-08-02,UDR,"UDR, Inc.",US,리츠,2026-07-31,38.0142,7410600,3289185.0,0.8368,,47,55,53,53,51,0,HOLD,0.1,1,False,backfill
2026-08-02T15:05:43.684880+09:00,2026-08-02,AMKR,"Amkor Technology, Inc.",US,반도체,2026-07-31,49.87,6949900,6285030.0,6.165,,18,60,43,58,40,0,AVOID,-0.62,-7,True,backfill
2026-08-02T15:05:43.684880+09:00,2026-08-02,CORT,Corcept Therapeutics Incorporated,US,제약/바이오,2026-07-31,114.49,1841200,1394510.0,6.4314,,82,60,46,43,61,1,HOLD,0.65,8,False,backfill
2026-08-02T15:05:43.684880+09:00,2026-08-02,SEIC,SEI Investments Company,US,금융,2026-07-31,102.98,824200,825640.0,2.7529,,91,55,43,50,63,1,HOLD,0.73,9,False,backfill
2026-08-02T15:05:43.684880+09:00,2026-08-02,XPEV,XPeng Inc.,US,소비재,2026-07-31,13.0,5589600,6235835.0,0.5374,,40,55,53,50,48,0,HOLD,-0.27,-3,False,backfill
2026-08-02T15:05:43.684880+09:00,2026-08-02,CR,Crane Company,US,산업재,2026-07-31,213.46,449500,503050.0,8.1534,,51,55,53,58,53,0,HOLD,0.31,4,False,backfill
2026-08-02T15:05:43.684880+09:00,2026-08-02,DRS,"Leonardo DRS, Inc.",US,산업재,2026-07-31,45.9582,907900,902130.0,1.9925,,76,55,46,50,59,1,HOLD,0.56,7,False,backfill
2026-08-02T15:05:43.684880+09:00,2026-08-02,PNW,Pinnacle West Capital Corporation,US,유틸리티,2026-07-31,100.08,1687000,1214700.0,2.1873,,35,55,53,37,45,0,HOLD,-0.21,-3,False,backfill
2026-08-02T15:05:43.684880+09:00,2026-08-02,AGNC,AGNC Investment Corp.,US,리츠,2026-07-31,10.66,19248700,19669570.0,0.2481,,61,55,53,65,58,0,HOLD,0.28,3,False,backfill
2026-08-02T15:05:43.684880+09:00,2026-08-02,APC,ARKO Petroleum Corp. Class A Common Stoc,US,에너지,2026-07-31,20.3,90300,95680.0,0.7607,,50,55,70,58,58,1,HOLD,0.38,5,False,backfill
2026-08-02T15:05:43.684880+09:00,2026-08-02,FHN,First Horizon Corporation,US,금융,2026-07-31,25.64,7389300,6143575.0,0.5779,,66,55,50,60,58,0,HOLD,0.34,4,False,backfill
2026-08-02T15:05:43.684880+09:00,2026-08-02,HUBS,"HubSpot, Inc.",US,IT,2026-07-31,237.36,1333200,1523770.0,17.6075,,80,55,53,59,64,1,HOLD,0.5,6,False,backfill
2026-08-02T15:05:43.684880+09:00,2026-08-02,SKM,"SK Telecom Co.,Ltd",US,인터넷,2026-07-31,31.63,1146700,2735595.0,1.8979,,50,60,50,66,54,0,HOLD,-0.07,-1,False,backfill
2026-08-02T15:05:43.684880+09:00,2026-08-02,NYT,The New York Times Company,US,인터넷,2026-07-31,74.89,1805900,1489255.0,2.375,,80,60,53,53,64,1,HOLD,0.47,6,False,backfill
2026-08-02T15:05:43.684880+09:00,2026-08-02,HUT,Hut 8 Corp.,US,금융,2026-07-31,107.63,4589700,4303105.0,12.1346,,73,55,46,42,57,1,HOLD,0.49,6,False,backfill
2026-08-02T15:05:43.684880+09:00,2026-08-02,ALGN,"Align Technology, Inc.",US,제약/바이오,2026-07-31,169.16,1608000,956930.0,7.4986,,43,60,56,74,55,1,HOLD,0.05,1,False,backfill
2026-08-02T15:05:43.684880+09:00,2026-08-02,NIO,NIO Inc.,US,소비재,2026-07-31,4.88,18175400,22673465.0,0.1686,,55,55,53,42,52,0,HOLD,-0.09,-1,False,backfill
2026-08-02T15:05:43.684880+09:00,2026-08-02,ONON,On Holding AG,US,소비재,2026-07-31,36.24,3112900,3919185.0,1.3971,,28,55,65,66,50,0,HOLD,0.01,0,False,backfill
2026-08-02T15:05:43.684880+09:00,2026-08-02,DY,"Dycom Industries, Inc.",US,산업재,2026-07-31,401.07,927100,465125.0,24.0371,,28,55,53,53,45,0,HOLD,-0.33,-4,False,backfill
2026-08-02T15:05:43.684880+09:00,2026-08-02,FIVE,"Five Below, Inc.",US,소비재,2026-07-31,217.13,987200,1118920.0,7.3021,,57,55,58,58,57,0,HOLD,0.17,2,False,backfill
2026-08-02T15:05:43.684880+09:00,2026-08-02,AMH,American Homes 4 Rent,US,리츠,2026-07-31,33.42,2398300,1948860.0,0.6093,,47,55,65,58,56,0,HOLD,0.25,3,False,backfill
2026-08-02T15:05:43.684880+09:00,2026-08-02,TTMI,"TTM Technologies, Inc.",US,IT,2026-07-31,115.44,2436300,2638295.0,12.6529,,18,55,43,43,37,0,AVOID,-0.71,-9,True,backfill
2026-08-02T15:05:43.684880+09:00,2026-08-02,APTV,Aptiv PLC,US,소비재,2026-07-31,56.47,3830700,2327555.0,1.7879,,53,55,53,74,57,1,HOLD,0.1,1,False,backfill
2026-08-02T15:05:43.684880+09:00,2026-08-02,AA,Alcoa Corporation,US,소재,2026-07-31,45.1723,5334400,5570125.0,1.9441,,37,55,56,73,52,1,HOLD,-0.2,-2,False,backfill
2026-08-02T15:05:43.684880+09:00,2026-08-02,ARWR,"Arrowhead Pharmaceuticals, Inc.",US,제약/바이오,2026-07-31,84.65,1657400,2351830.0,4.5325,,91,60,53,42,66,1,HOLD,0.82,10,False,backfill
2026-08-02T15:05:43.684880+09:00,2026-08-02,FIG,"Figma, Inc.",US,IT,2026-07-31,24.32,24730700,21870825.0,1.8199,,81,55,43,30,57,1,HOLD,0.53,6,False,backfill
2026-08-02T15:05:43.684880+09:00,2026-08-02,ENLT,Enlight Renewable Energy Ltd,US,유틸리티,2026-07-31,84.46,120100,185515.0,4.7655,,28,55,40,35,38,0,AVOID,-0.53,-6,True,backfill
2026-08-02T15:05:43.684880+09:00,2026-08-02,SCI,Service Corporation International,US,소비재,2026-07-31,86.19,1714600,1249675.0,2.3643,,71,55,56,50,60,1,HOLD,0.51,6,False,backfill
2026-08-02T15:05:43.684880+09:00,2026-08-02,AFG,"American Financial Group, Inc.",US,금융,2026-07-31,141.72,367500,416230.0,2.6039,,62,55,53,60,58,0,HOLD,0.38,5,False,backfill
2026-08-02T15:05:43.684880+09:00,2026-08-02,RTO,Rentokil Initial plc,US,산업재,2026-07-31,23.1429,4210300,1271070.0,1.0289,,18,55,55,66,44,0,AVOID,-0.5,-6,True,backfill
2026-08-02T15:05:43.684880+09:00,2026-08-02,BTSG,"BrightSpring Health Services, Inc. Commo",US,제약/바이오,2026-07-31,59.71,7735700,4641620.0,3.8929,,55,60,43,58,53,0,HOLD,0.28,3,False,backfill
2026-08-02T15:05:43.684880+09:00,2026-08-02,AGI,Alamos Gold Inc.,US,소재,2026-07-31,27.83,6350700,4372475.0,1.1629,,43,55,53,70,52,1,HOLD,-0.16,-2,False,backfill
2026-08-02T15:05:43.684880+09:00,2026-08-02,CSGP,"CoStar Group, Inc.",US,리츠,2026-07-31,28.76,8230500,8027750.0,1.7879,,40,55,56,51,49,0,HOLD,-0.24,-3,False,backfill
2026-08-02T15:05:43.684880+09:00,2026-08-02,DKNG,DraftKings Inc.,US,소비재,2026-07-31,23.48,8444700,10784160.0,0.9778,,17,55,43,51,38,0,AVOID,-0.47,-6,True,backfill
2026-08-02T15:05:43.684880+09:00,2026-08-02,GNRC,Generac Holdings Inc.,US,산업재,2026-07-31,197.11,1527900,1126860.0,11.175,,7,55,35,58,33,0,AVOID,-0.9,-11,True,backfill
2026-08-02T15:05:43.684880+09:00,2026-08-02,BMRN,BioMarin Pharmaceutical Inc.,US,제약/바이오,2026-07-31,60.02,2377100,1593940.0,1.4957,,62,60,53,58,58,0,HOLD,0.44,5,False,backfill
2026-08-02T15:05:43.684880+09:00,2026-08-02,CLX,The Clorox Company,US,소매,2026-07-31,94.4269,3164700,2381595.0,2.9795,,69,55,58,60,62,0,HOLD,0.55,7,False,backfill
2026-08-02T15:05:43.684880+09:00,2026-08-02,WTS,"Watts Water Technologies, Inc.",US,산업재,2026-07-31,345.79,188600,208200.0,9.2964,,42,55,53,45,48,0,HOLD,0.14,2,False,backfill
2026-08-02T15:05:43.684880+09:00,2026-08-02,DPZ,"Domino's Pizza, Inc.",US,소비재,2026-07-31,347.44,652400,1026530.0,15.0021,,80,55,46,50,60,1,HOLD,0.46,6,False,backfill
2026-08-02T15:05:43.684880+09:00,2026-08-02,AHR,"American Healthcare REIT, Inc.",US,리츠,2026-07-31,55.6,1548500,2470355.0,1.4476,,54,55,53,43,52,0,HOLD,0.25,3,False,backfill
2026-08-02T15:05:43.684880+09:00,2026-08-02,PODD,Insulet Corp.,US,제약/바이오,2026-07-31,165.35,1313900,1269585.0,6.8086,,73,60,50,50,60,1,HOLD,0.32,4,False,backfill
2026-08-02T15:05:43.684880+09:00,2026-08-02,MICC,The Magnum Ice Cream Company N.V.,US,소매,2026-07-31,18.61,919200,1162540.0,0.4634,,59,55,53,50,55,0,HOLD,0.39,5,False,backfill
2026-08-02T15:05:43.684880+09:00,2026-08-02,BROS,Dutch Bros Inc.,US,소비재,2026-07-31,65.83,2004100,2587985.0,2.6631,,62,55,43,35,51,0,HOLD,0.28,3,False,backfill
2026-08-02T15:05:43.684880+09:00,2026-08-02,MANH,"Manhattan Associates, Inc.",US,IT,2026-07-31,191.36,799000,890370.0,11.43,,85,55,53,42,63,1,HOLD,0.73,9,False,backfill
2026-08-02T15:05:43.684880+09:00,2026-08-02,WTRG,"Essential Utilities, Inc.",US,유틸리티,2026-07-31,39.4884,2318400,1936900.0,0.9867,,84,55,53,37,62,1,HOLD,0.57,7,False,backfill
2026-08-02T15:05:43.684880+09:00,2026-08-02,KNX,Knight-Swift Transportation Holdings Inc,US,산업재,2026-07-31,69.53,4570100,4308670.0,2.8293,,32,55,53,51,46,0,HOLD,-0.06,-1,False,backfill
2026-08-02T15:05:43.684880+09:00,2026-08-02,TECH,Bio-Techne Corporation,US,제약/바이오,2026-07-31,72.09,4033500,4123950.0,0.3707,,73,60,53,51,61,1,HOLD,0.63,8,False,backfill
2026-08-02T15:05:43.684880+09:00,2026-08-02,PAC,"Grupo Aeroportuario del Pacífico, S.A.B.",US,산업재,2026-07-31,217.35,127700,154850.0,6.3121,,17,55,50,50,39,0,AVOID,-0.6,-7,True,backfill
2026-08-02T15:05:43.684880+09:00,2026-08-02,EGP,"EastGroup Properties, Inc.",US,리츠,2026-07-31,209.01,585800,510480.0,4.91,,55,55,53,45,53,0,HOLD,0.19,2,False,backfill
2026-08-02T15:05:43.684880+09:00,2026-08-02,LFUS,"Littelfuse, Inc.",US,IT,2026-07-31,442.13,250200,450900.0,22.36,,81,55,43,50,60,1,HOLD,0.51,6,False,backfill
2026-08-02T15:05:43.684880+09:00,2026-08-02,MUSA,Murphy USA Inc.,US,소비재,2026-07-31,607.76,218800,262105.0,20.6307,,58,55,43,42,50,0,HOLD,0.07,1,False,backfill
2026-08-02T15:05:43.684880+09:00,2026-08-02,AXSM,"Axsome Therapeutics, Inc.",US,제약/바이오,2026-07-31,217.99,782100,717670.0,9.8773,,35,60,46,34,43,0,AVOID,-0.16,-2,True,backfill
2026-08-02T15:05:43.684880+09:00,2026-08-02,MGM,MGM Resorts International,US,소비재,2026-07-31,44.57,3656300,2401090.0,0.9757,,34,55,53,58,48,0,HOLD,0.07,1,False,backfill
2026-08-02T15:05:43.684880+09:00,2026-08-02,W,Wayfair Inc.,US,소비재,2026-07-31,84.9,3247600,2958860.0,4.8361,,51,55,53,45,52,0,HOLD,0.26,3,False,backfill
2026-08-02T15:05:43.684880+09:00,2026-08-02,CRL,Charles River Laboratories International,US,제약/바이오,2026-07-31,232.51,509200,827095.0,9.1471,,66,60,53,58,60,0,HOLD,0.55,7,False,backfill
2026-08-02T15:05:43.684880+09:00,2026-08-02,BPOP,"Popular, Inc.",US,금융,2026-07-31,175.21,465400,516275.0,3.9043,,66,55,56,70,61,1,HOLD,0.59,7,False,backfill
2026-08-02T15:05:43.684880+09:00,2026-08-02,OC,Owens Corning,US,소재,2026-07-31,138.9,547900,888365.0,4.3796,,47,55,53,78,55,1,HOLD,0.31,4,False,backfill
2026-08-02T15:05:43.684880+09:00,2026-08-02,BXP,"BXP, Inc.",US,리츠,2026-07-31,70.12,1834300,1508935.0,2.195,,91,55,43,45,62,1,HOLD,0.72,9,False,backfill
2026-08-02T15:05:43.684880+09:00,2026-08-02,ERIE,Erie Indemnity Company,US,금융,2026-07-31,242.04,635000,307365.0,13.1257,,85,55,62,58,68,1,HOLD,0.86,10,False,backfill
2026-08-02T15:05:43.684880+09:00,2026-08-02,CPT,Camden Property Trust,US,리츠,2026-07-31,110.81,1874000,1019685.0,2.22,,50,55,53,45,51,0,HOLD,0.14,2,False,backfill
2026-08-02T15:05:43.684880+09:00,2026-08-02,AR,Antero Resources Corporation,US,에너지,2026-07-31,36.14,5368400,4722640.0,1.0443,,69,55,56,78,64,1,HOLD,0.37,4,False,backfill
2026-08-02T15:05:43.684880+09:00,2026-08-02,JEF,Jefferies Financial Group Inc.,US,금융,2026-07-31,54.6,2670800,1783205.0,2.2243,,39,55,53,68,51,0,HOLD,0.13,2,False,backfill
2026-08-02T15:05:43.684880+09:00,2026-08-02,TFII,TFI International Inc.,US,산업재,2026-07-31,135.02,866000,409150.0,5.8893,,28,55,53,66,47,0,HOLD,-0.25,-3,False,backfill
2026-08-02T15:05:43.684880+09:00,2026-08-02,ARW,"Arrow Electronics, Inc.",US,IT,2026-07-31,216.57,459500,517210.0,7.7821,,76,55,40,76,61,2,WATCH,0.59,7,False,backfill
2026-08-02T15:05:43.684880+09:00,2026-08-02,UMBF,UMB Financial Corporation,US,금융,2026-07-31,145.73,723800,668350.0,3.5543,,62,55,40,60,54,0,HOLD,0.31,4,False,backfill
2026-08-02T15:05:43.684880+09:00,2026-08-02,EHC,Encompass Health Corporation,US,제약/바이오,2026-07-31,111.07,503700,871435.0,3.0257,,43,60,53,58,52,0,HOLD,0.08,1,False,backfill
2026-08-02T15:05:43.684880+09:00,2026-08-02,AEIS,"Advanced Energy Industries, Inc.",US,IT,2026-07-31,289.52,991800,690910.0,21.7021,,18,55,53,43,40,0,AVOID,-0.61,-7,True,backfill
2026-08-02T15:05:43.684880+09:00,2026-08-02,CACI,CACI International Inc,US,IT,2026-07-31,497.75,228600,268405.0,18.3957,,72,55,53,53,60,1,HOLD,0.34,4,False,backfill
2026-08-02T15:05:43.684880+09:00,2026-08-02,SPXC,"SPX Technologies, Inc.",US,소재,2026-07-31,219.62,1036500,624170.0,11.1457,,47,55,56,58,53,0,HOLD,0.16,2,False,backfill
2026-08-02T15:05:43.684880+09:00,2026-08-02,SMTC,Semtech Corporation,US,반도체,2026-07-31,117.82,2399000,2394010.0,11.1514,,32,60,43,42,42,0,AVOID,-0.16,-2,True,backfill
2026-08-02T15:05:43.684880+09:00,2026-08-02,GDDY,GoDaddy Inc.,US,IT,2026-07-31,82.74,6671000,1863870.0,6.2807,,46,55,43,76,51,1,HOLD,-0.07,-1,False,backfill
2026-08-02T15:05:43.684880+09:00,2026-08-02,JKHY,"Jack Henry & Associates, Inc.",US,IT,2026-07-31,154.04,1025000,1165615.0,5.2464,,73,55,58,50,61,1,HOLD,0.45,5,False,backfill
2026-08-02T15:05:43.684880+09:00,2026-08-02,DCI,"Donaldson Company, Inc.",US,산업재,2026-07-31,93.9257,640600,707245.0,2.3051,,81,55,53,50,63,1,HOLD,0.63,8,False,backfill
2026-08-02T15:05:43.684880+09:00,2026-08-02,CGNX,Cognex Corporation,US,IT,2026-07-31,65.24,1830600,1887865.0,3.0536,,47,55,40,43,46,0,HOLD,0.06,1,False,backfill
2026-08-02T15:05:43.684880+09:00,2026-08-02,MDGL,"Madrigal Pharmaceuticals, Inc.",US,제약/바이오,2026-07-31,467.32,795200,372155.0,26.5114,,43,60,43,34,45,0,HOLD,-0.28,-3,False,backfill
2026-08-02T15:05:43.684880+09:00,2026-08-02,WTFC,Wintrust Financial Corporation,US,금융,2026-07-31,158.9965,480800,701305.0,3.2233,,55,55,53,60,55,0,HOLD,0.27,3,False,backfill
2026-08-02T15:05:43.684880+09:00,2026-08-02,GSAT,"Globalstar, Inc.",US,인터넷,2026-07-31,83.38,2283300,1029065.0,1.0871,,69,60,53,27,56,0,HOLD,0.31,4,False,backfill
2026-08-02T15:05:43.684880+09:00,2026-08-02,MOD,Modine Manufacturing Company,US,산업재,2026-07-31,201.06,2507200,1635875.0,17.6657,,18,55,43,27,34,0,AVOID,-0.77,-9,True,backfill
2026-08-02T15:05:43.684880+09:00,2026-08-02,GMED,"Globus Medical, Inc.",US,제약/바이오,2026-07-31,78.79,1054200,1619785.0,2.7436,,65,60,53,50,58,0,HOLD,0.13,2,False,backfill
2026-08-02T15:05:43.684880+09:00,2026-08-02,WMS,"Advanced Drainage Systems, Inc.",US,산업재,2026-07-31,138.48,493200,596380.0,4.4907,,43,55,53,58,51,0,HOLD,-0.08,-1,False,backfill
2026-08-02T15:05:43.684880+09:00,2026-08-02,VSAT,"Viasat, Inc.",US,IT,2026-07-31,76.93,1366200,2071105.0,4.8886,,91,55,40,43,61,1,HOLD,0.68,8,False,backfill
2026-08-02T15:05:43.684880+09:00,2026-08-02,PNR,Pentair plc,US,산업재,2026-07-31,65.44,5094300,3792045.0,3.3958,,37,55,53,76,51,1,HOLD,-0.22,-3,False,backfill
2026-08-02T15:05:43.684880+09:00,2026-08-02,SUZ,Suzano S.A.,US,소재,2026-07-31,8.52,2454300,2491550.0,0.1875,,77,55,58,62,65,1,HOLD,0.51,6,False,backfill
2026-08-02T15:05:43.684880+09:00,2026-08-02,ORI,Old Republic International Corporation,US,금융,2026-07-31,43.21,1564000,1263040.0,1.1179,,84,55,53,70,67,2,WATCH,0.76,9,False,backfill
2026-08-02T15:05:43.684880+09:00,2026-08-02,CART,Maplebear Inc.,US,IT,2026-07-31,44.6,1911600,3714840.0,1.5891,,44,55,40,66,48,0,HOLD,-0.02,0,False,backfill
2026-08-02T15:05:43.684880+09:00,2026-08-02,SUN,Sunoco LP,US,에너지,2026-07-31,75.6457,762700,471955.0,1.8734,,81,55,53,45,62,1,HOLD,0.67,8,False,backfill
2026-08-02T15:05:43.684880+09:00,2026-08-02,DOCU,"DocuSign, Inc.",US,IT,2026-07-31,54.83,2994100,3212540.0,3.0153,,84,55,43,74,64,2,WATCH,0.71,9,False,backfill
2026-08-02T15:05:43.684880+09:00,2026-08-02,AES,The AES Corporation,US,유틸리티,2026-07-31,14.68,10358300,7984370.0,0.0466,,87,55,56,70,69,2,WATCH,0.74,9,False,backfill
2026-08-02T15:05:43.684880+09:00,2026-08-02,AM,Antero Midstream Corporation,US,에너지,2026-07-31,21.97,3226200,2049210.0,0.5414,,43,55,56,58,52,0,HOLD,0.06,1,False,backfill
2026-08-02T15:05:43.684880+09:00,2026-08-02,ENSG,"The Ensign Group, Inc.",US,제약/바이오,2026-07-31,178.16,420500,499440.0,5.3464,,80,60,46,58,62,1,HOLD,0.44,5,False,backfill
2026-08-02T15:05:43.684880+09:00,2026-08-02,BSY,"Bentley Systems, Incorporated",US,IT,2026-07-31,35.44,2539200,2650960.0,1.6386,,84,55,50,42,62,1,HOLD,0.56,7,False,backfill
2026-08-02T15:05:43.684880+09:00,2026-08-02,CFR,"Cullen/Frost Bankers, Inc.",US,금융,2026-07-31,166.34,890500,635020.0,3.6093,,69,55,53,55,59,0,HOLD,0.55,7,False,backfill
2026-08-02T15:05:43.684880+09:00,2026-08-02,WYNN,"Wynn Resorts, Limited",US,소비재,2026-07-31,99.0675,1487600,1384485.0,2.3728,,72,55,35,58,55,1,HOLD,0.13,2,False,backfill
2026-08-02T15:05:43.684880+09:00,2026-08-02,ONB,Old National Bancorp,US,금융,2026-07-31,26.64,5132800,5052260.0,0.5471,,70,55,50,78,62,2,WATCH,0.56,7,False,backfill
2026-08-02T15:05:43.684880+09:00,2026-08-02,SFD,"Smithfield Foods, Inc.",US,소매,2026-07-31,25.6816,736700,1221275.0,0.627,,87,55,53,78,69,2,WATCH,0.69,8,False,backfill
2026-08-02T15:05:43.684880+09:00,2026-08-02,PAYP,PayPay Corporation,US,IT,2026-07-31,15.13,1416200,932280.0,0.8336,,40,55,60,68,53,0,HOLD,-0.14,-2,False,backfill
2026-08-02T15:05:43.684880+09:00,2026-08-02,MOH,"Molina Healthcare, Inc.",US,제약/바이오,2026-07-31,195.62,680500,1624260.0,11.0457,,43,60,53,51,51,0,HOLD,0.03,0,False,backfill
2026-08-02T15:05:43.684880+09:00,2026-08-02,UHS,"Universal Health Services, Inc.",US,제약/바이오,2026-07-31,168.44,1344900,1025550.0,6.9436,,77,60,53,70,65,2,WATCH,0.56,7,False,backfill
2026-08-02T15:05:43.684880+09:00,2026-08-02,SSB,SouthState Bank Corp.,US,금융,2026-07-31,104.451,832000,849610.0,2.024,,91,55,56,70,70,2,WATCH,0.86,10,False,backfill
2026-08-02T15:05:43.684880+09:00,2026-08-02,ZION,"Zions Bancorporation, National Associati",US,금융,2026-07-31,69.2348,1195400,1758575.0,1.6255,,47,55,53,65,53,0,HOLD,0.22,3,False,backfill
2026-08-02T15:05:43.684880+09:00,2026-08-02,PSO,Pearson plc,US,인터넷,2026-07-31,16.8253,1292700,842030.0,0.4526,,84,60,50,66,66,1,HOLD,0.77,9,False,backfill
2026-08-02T15:05:43.684880+09:00,2026-08-02,IT,"Gartner, Inc.",US,산업재,2026-07-31,151.02,1406300,1309915.0,8.4664,,72,55,53,76,64,2,WATCH,0.51,6,False,backfill
2026-08-02T15:05:43.684880+09:00,2026-08-02,AAL,American Airlines Group Inc.,US,산업재,2026-07-31,15.27,48102200,120714860.0,0.6829,,59,55,38,86,56,1,HOLD,0.36,4,False,backfill
2026-08-02T15:05:43.684880+09:00,2026-08-02,SMMT,Summit Therapeutics Inc.,US,제약/바이오,2026-07-31,13.02,3995100,3653805.0,0.9484,,18,60,68,42,45,0,HOLD,-0.42,-5,False,backfill
2026-08-02T15:05:43.684880+09:00,2026-08-02,HBM,Hudbay Minerals Inc.,US,소재,2026-07-31,22.75,3990300,5020570.0,1.3671,,72,55,53,60,61,1,HOLD,0.41,5,False,backfill
2026-08-02T15:05:43.684880+09:00,2026-08-02,LTH,"Life Time Group Holdings, Inc.",US,소비재,2026-07-31,45.1,4737900,2635380.0,1.5361,,92,55,43,42,62,1,HOLD,0.72,9,False,backfill
2026-08-02T15:05:43.684880+09:00,2026-08-02,KRYS,"Krystal Biotech, Inc.",US,제약/바이오,2026-07-31,341.12,488500,594600.0,17.9227,,59,60,43,50,53,0,HOLD,0.32,4,False,backfill
2026-08-02T15:05:43.684880+09:00,2026-08-02,BEP,Brookfield Renewable Partners L.P.,US,유틸리티,2026-07-31,32.86,1036200,1069435.0,1.0336,,72,55,53,45,59,1,HOLD,0.35,4,False,backfill
2026-08-02T15:05:43.684880+09:00,2026-08-02,005930.KS,삼성전자,KR,미분류,2026-07-31,262500.0,58478873,32115563.15,27021.4286,,32,55,55,78,50,1,HOLD,0.13,2,False,backfill
2026-08-02T15:05:43.684880+09:00,2026-08-02,000660.KS,SK하이닉스,KR,미분류,2026-07-31,1718000.0,10499619,6788763.05,229571.4286,,41,55,47,78,51,1,HOLD,0.18,2,False,backfill
2026-08-02T15:05:43.684880+09:00,2026-08-02,373220.KS,LG에너지솔루션,KR,미분류,2026-07-31,328000.0,491853,345015.2,20750.0,,55,55,55,37,52,0,HOLD,-0.09,-1,False,backfill
2026-08-02T15:05:43.684880+09:00,2026-08-02,207940.KS,삼성바이오로직스,KR,미분류,2026-07-31,1485000.0,90690,67872.8,79928.5714,,80,55,55,50,63,1,HOLD,0.52,6,False,backfill
2026-08-02T15:05:43.684880+09:00,2026-08-02,005380.KS,현대차,KR,미분류,2026-07-31,388000.0,1085656,945590.2,31196.4286,,10,55,55,65,41,0,AVOID,-0.62,-7,True,backfill
2026-08-02T15:05:43.684880+09:00,2026-08-02,000270.KS,기아,KR,미분류,2026-07-31,131900.0,1434879,1175302.75,9128.5714,,18,55,63,78,48,1,HOLD,-0.38,-5,False,backfill
2026-08-02T15:05:43.684880+09:00,2026-08-02,035420.KS,NAVER,KR,미분류,2026-07-31,208000.0,1766586,1239325.35,14507.1429,,72,55,47,55,59,1,HOLD,0.26,3,False,backfill
2026-08-02T15:05:43.684880+09:00,2026-08-02,068270.KS,셀트리온,KR,미분류,2026-07-31,186700.0,1127709,758904.55,7535.7143,,77,55,60,58,65,1,HOLD,0.49,6,False,backfill
2026-08-02T15:05:43.684880+09:00,2026-08-02,105560.KS,KB금융,KR,미분류,2026-07-31,167359.8906,1520142,1572569.85,9549.2328,,44,55,55,78,55,1,HOLD,0.18,2,False,backfill
2026-08-02T15:05:43.684880+09:00,2026-08-02,005490.KS,POSCO홀딩스,KR,미분류,2026-07-31,312500.0,431276,323821.7,16678.5714,,55,55,50,78,57,1,HOLD,0.0,0,False,backfill
2026-08-02T15:05:43.684880+09:00,2026-08-02,055550.KS,신한지주,KR,미분류,2026-07-31,100700.0,1722435,1428904.0,5739.7355,,43,55,68,65,56,0,HOLD,0.2,2,False,backfill
2026-08-02T15:05:43.684880+09:00,2026-08-02,012330.KS,현대모비스,KR,미분류,2026-07-31,474594.5,357337,371702.2,37068.7923,,49,55,63,78,59,1,HOLD,0.37,4,False,backfill
2026-08-02T15:05:43.684880+09:00,2026-08-02,035720.KS,카카오,KR,미분류,2026-07-31,37400.0,3029760,2137236.1,1891.0714,,59,55,55,58,57,0,HOLD,0.04,0,False,backfill
2026-08-02T15:05:43.684880+09:00,2026-08-02,006400.KS,삼성SDI,KR,미분류,2026-07-31,397000.0,675830,513003.1,39892.8571,,18,55,58,45,41,0,AVOID,-0.55,-7,True,backfill
2026-08-02T15:05:43.684880+09:00,2026-08-02,028260.KS,삼성물산,KR,미분류,2026-07-31,351500.0,1241836,648271.2,34250.0,,32,55,63,50,49,0,HOLD,0.11,1,False,backfill
2026-08-02T15:05:43.684880+09:00,2026-08-02,015760.KS,한국전력,KR,미분류,2026-07-31,34800.0,1777947,1714228.75,1814.2857,,40,55,63,78,56,1,HOLD,-0.07,-1,False,backfill
2026-08-02T15:05:43.684880+09:00,2026-08-02,010130.KS,고려아연,KR,미분류,2026-07-31,999000.0,25517,16788.8,68071.4286,,35,55,55,52,48,0,HOLD,-0.32,-4,False,backfill
2026-08-02T15:05:43.684880+09:00,2026-08-02,034730.KS,SK,KR,미분류,2026-07-31,555489.125,414213,266531.1,62401.7056,,36,55,55,78,52,1,HOLD,0.19,2,False,backfill
2026-08-02T15:05:43.684880+09:00,2026-08-02,003670.KS,포스코퓨처엠,KR,미분류,2026-07-31,137700.0,415736,304041.6,11871.4286,,40,55,50,22,43,0,AVOID,-0.4,-5,True,backfill
2026-08-02T15:05:43.684880+09:00,2026-08-02,018260.KS,삼성에스디에스,KR,미분류,2026-07-31,206000.0,446473,330056.7,14825.0,,68,55,55,50,59,0,HOLD,0.54,6,False,backfill
2026-08-02T15:05:43.684880+09:00,2026-08-02,032830.KS,삼성생명,KR,미분류,2026-07-31,311500.0,561861,482606.3,28089.2857,,36,55,55,52,48,0,HOLD,0.1,1,False,backfill
2026-08-02T15:05:43.684880+09:00,2026-08-02,138040.KS,메리츠금융지주,KR,미분류,2026-07-31,124000.0,327452,295057.3,5964.2857,,81,55,63,70,69,2,WATCH,0.79,9,False,backfill
2026-08-02T15:05:43.684880+09:00,2026-08-02,011200.KS,HMM,KR,미분류,2026-07-31,20950.0,1487003,1490390.65,957.1429,,80,55,68,52,67,1,HOLD,0.66,8,False,backfill
2026-08-02T15:05:43.684880+09:00,2026-08-02,086790.KS,하나금융지주,KR,미분류,2026-07-31,124313.4531,1052864,1030184.1,7647.4435,,43,55,66,65,56,0,HOLD,0.15,2,False,backfill
2026-08-02T15:05:43.684880+09:00,2026-08-02,017670.KS,SK텔레콤,KR,미분류,2026-07-31,81400.0,1372869,1475118.75,7785.7143,,28,55,50,68,46,0,HOLD,-0.4,-5,False,backfill
2026-08-02T15:05:43.684880+09:00,2026-08-02,011170.KS,롯데케미칼,KR,미분류,2026-07-31,56500.0,140688,106845.3,3328.5714,,35,55,50,50,46,0,HOLD,-0.38,-5,False,backfill
2026-08-02T15:05:43.684880+09:00,2026-08-02,267260.KS,HD현대일렉트릭,KR,미분류,2026-07-31,682836.125,253030,189635.25,74230.6125,,15,55,63,50,43,0,AVOID,-0.52,-6,True,backfill
2026-08-02T15:05:43.684880+09:00,2026-08-02,090430.KS,아모레퍼시픽,KR,미분류,2026-07-31,130000.0,826875,384626.85,6978.5714,,77,55,60,50,63,1,HOLD,0.41,5,False,backfill
2026-08-02T15:05:43.684880+09:00,2026-08-02,267250.KS,HD현대중공업,KR,미분류,2026-07-31,198444.1875,201677,166628.7,17512.2865,,40,55,55,78,53,1,HOLD,-0.15,-2,False,backfill
2026-08-02T15:05:43.684880+09:00,2026-08-02,323410.KS,카카오뱅크,KR,미분류,2026-07-31,22100.0,1020948,982907.5,989.2857,,43,55,60,60,53,0,HOLD,-0.06,-1,False,backfill
2026-08-02T15:05:43.684880+09:00,2026-08-02,000810.KS,삼성화재,KR,미분류,2026-07-31,632000.0,133228,124878.3,41642.8571,,51,55,66,62,58,0,HOLD,0.46,6,False,backfill
2026-08-02T15:05:43.684880+09:00,2026-08-02,010950.KS,S-Oil,KR,미분류,2026-07-31,127300.0,468753,521878.6,10810.7143,,43,55,55,62,52,0,HOLD,-0.04,0,False,backfill
2026-08-02T15:05:43.684880+09:00,2026-08-02,011070.KS,LG이노텍,KR,미분류,2026-07-31,514000.0,537129,301917.5,69107.1429,,28,55,55,65,47,0,HOLD,-0.34,-4,False,backfill
2026-08-02T15:05:43.684880+09:00,2026-08-02,010140.KS,삼성중공업,KR,미분류,2026-07-31,21350.0,4806652,4100064.0,1620.7143,,40,55,58,76,54,1,HOLD,-0.13,-2,False,backfill
2026-08-02T15:05:43.684880+09:00,2026-08-02,329180.KS,HD현대미포,KR,미분류,2026-07-31,475176.3438,283486,315646.2,32177.072,,40,55,55,60,50,0,HOLD,-0.22,-3,False,backfill
2026-08-02T15:05:43.684880+09:00,2026-08-02,024110.KS,기업은행,KR,미분류,2026-07-31,20650.0,1691274,1228257.2,793.0123,,43,55,60,70,55,1,HOLD,0.01,0,False,backfill
2026-08-02T15:05:43.684880+09:00,2026-08-02,009150.KS,삼성전기,KR,미분류,2026-07-31,1142000.0,613210,972859.4,185357.1429,,33,55,63,50,49,0,HOLD,0.13,2,False,backfill
2026-08-02T15:05:43.684880+09:00,2026-08-02,042660.KS,한화오션,KR,미분류,2026-07-31,85200.0,1877179,2443862.7,7014.2857,,40,55,58,60,51,0,HOLD,-0.19,-2,False,backfill
2026-08-02T15:05:43.684880+09:00,2026-08-02,128940.KS,한미약품,KR,미분류,2026-07-31,333500.0,102400,103264.6,27464.2857,,18,55,55,50,41,0,AVOID,-0.56,-7,True,backfill
2026-08-02T15:05:43.684880+09:00,2026-08-02,247540.KS,에코프로비엠,KR,미분류,2026-07-31,103500.0,497654,444185.4,10028.5714,,37,55,50,50,46,0,HOLD,-0.35,-4,False,backfill
2026-08-02T15:05:43.684880+09:00,2026-08-02,251270.KS,넷마블,KR,미분류,2026-07-31,38300.0,163875,168089.85,1571.4286,,55,55,55,78,58,1,HOLD,0.06,1,False,backfill
2026-08-02T15:05:43.684880+09:00,2026-08-02,036570.KS,엔씨소프트,KR,미분류,2026-07-31,234500.0,84945,82418.25,12250.0,,50,55,63,78,59,1,HOLD,0.07,1,False,backfill
2026-08-02T15:05:43.684880+09:00,2026-08-02,018880.KS,한온시스템,KR,미분류,2026-07-31,3305.0,12525065,5331352.0,248.2143,,35,55,50,60,47,0,HOLD,-0.34,-4,False,backfill
2026-08-02T15:05:43.684880+09:00,2026-08-02,000720.KS,현대건설,KR,미분류,2026-07-31,94600.0,1391976,572571.35,9260.7143,,35,55,63,52,50,0,HOLD,-0.23,-3,False,backfill
2026-08-02T15:05:43.684880+09:00,2026-08-02,139480.KS,이마트,KR,미분류,2026-07-31,79800.0,124222,118167.05,3735.7143,,35,55,55,70,50,1,HOLD,-0.25,-3,False,backfill
2026-08-02T15:05:43.684880+09:00,2026-08-02,000100.KS,유한양행,KR,미분류,2026-07-31,73500.0,321744,289011.75,3235.7143,,62,55,55,42,56,0,HOLD,0.03,0,False,backfill
2026-08-02T15:05:43.684880+09:00,2026-08-02,032640.KS,LG유플러스,KR,미분류,2026-07-31,14524.0283,1299649,1039043.1,514.5038,,65,55,68,86,67,1,HOLD,0.45,5,False,backfill
2026-08-02T15:05:43.684880+09:00,2026-08-02,375500.KS,DL이앤씨,KR,미분류,2026-07-31,58500.0,390467,347164.8,4753.5714,,13,55,63,78,46,1,HOLD,-0.45,-5,False,backfill
2026-08-02T15:05:43.684880+09:00,2026-08-02,096770.KS,SK이노베이션,KR,미분류,2026-07-31,110500.0,1833201,899598.65,10514.2857,,41,55,50,68,51,0,HOLD,-0.23,-3,False,backfill
2026-08-02T15:05:43.684880+09:00,2026-08-02,079550.KS,LIG넥스원,KR,미분류,2026-07-31,699000.0,122388,163165.95,74714.2857,,13,55,63,42,41,0,AVOID,-0.57,-7,True,backfill
2026-08-02T15:05:43.684880+09:00,2026-08-02,006360.KS,GS건설,KR,미분류,2026-07-31,23450.0,3108389,2913692.05,3317.8571,,33,55,50,78,49,1,HOLD,-0.31,-4,False,backfill
2026-08-02T15:05:43.684880+09:00,2026-08-02,078930.KS,GS,KR,미분류,2026-07-31,89000.0,971534,527254.35,7442.8571,,99,55,60,70,74,2,WATCH,1.01,12,False,backfill
2026-08-02T15:05:43.684880+09:00,2026-08-02,036460.KS,한국가스공사,KR,미분류,2026-07-31,34450.0,153998,156305.25,1257.1429,,72,55,60,78,66,2,WATCH,0.38,5,False,backfill
2026-08-02T15:05:43.684880+09:00,2026-08-02,016360.KS,삼성증권,KR,미분류,2026-07-31,99800.0,491497,515225.85,7657.1429,,28,55,61,70,50,1,HOLD,-0.2,-2,False,backfill
2026-08-02T15:05:43.684880+09:00,2026-08-02,005940.KS,NH투자증권,KR,미분류,2026-07-31,28500.0,1030776,801854.75,1892.8571,,15,55,55,70,43,1,AVOID,-0.53,-6,True,backfill
2026-08-02T15:05:43.684880+09:00,2026-08-02,026960.KS,동서,KR,미분류,2026-07-31,25500.0,64145,88548.3,971.4286,,65,55,55,50,58,0,HOLD,0.24,3,False,backfill
2026-08-02T15:05:43.684880+09:00,2026-08-02,010060.KS,OCI홀딩스,KR,미분류,2026-07-31,190300.0,329660,294167.0,31885.7143,,40,55,50,62,49,0,HOLD,-0.26,-3,False,backfill
2026-08-02T15:05:43.684880+09:00,2026-08-02,000210.KS,DL,KR,미분류,2026-07-31,42950.0,96764,98995.55,3317.8571,,18,55,50,78,44,1,AVOID,-0.52,-6,True,backfill
2026-08-02T15:05:43.684880+09:00,2026-08-02,006800.KS,미래에셋증권,KR,미분류,2026-07-31,34550.0,3037574,2154984.15,3167.8571,,10,55,63,70,44,1,AVOID,-0.52,-6,True,backfill
2026-08-02T15:05:43.684880+09:00,2026-08-02,064350.KS,현대로템,KR,미분류,2026-07-31,133700.0,871568,667253.15,14171.4286,,15,55,63,70,46,1,HOLD,-0.45,-5,False,backfill
2026-08-02T15:05:43.684880+09:00,2026-08-02,005830.KS,DB손해보험,KR,미분류,2026-07-31,157000.0,293523,243552.45,8964.2857,,43,55,68,62,56,0,HOLD,0.05,1,False,backfill
2026-08-02T15:05:43.684880+09:00,2026-08-02,002380.KS,KCC,KR,미분류,2026-07-31,388000.0,27538,25199.75,30284.8036,,15,55,55,78,44,1,AVOID,-0.5,-6,True,backfill
2026-08-02T15:05:43.684880+09:00,2026-08-02,011790.KS,SKC,KR,미분류,2026-07-31,72200.0,374122,269084.55,7242.8571,,10,55,50,50,37,0,AVOID,-0.73,-9,True,backfill
2026-08-02T15:05:43.684880+09:00,2026-08-02,006650.KS,대한유화,KR,미분류,2026-07-31,85500.0,71662,27026.25,6828.5714,,5,55,55,78,41,1,AVOID,-0.64,-8,True,backfill
2026-08-02T15:05:43.684880+09:00,2026-08-02,000670.KS,영풍,KR,미분류,2026-07-31,33650.0,26856,31904.4,2160.7143,,37,55,55,58,49,0,HOLD,-0.27,-3,False,backfill
2026-08-02T15:05:43.684880+09:00,2026-08-02,138930.KS,BNK금융지주,KR,미분류,2026-07-31,15017.793,1493667,1124750.4,929.8616,,25,55,63,70,49,1,HOLD,-0.31,-4,False,backfill
2026-08-02T15:05:43.684880+09:00,2026-08-02,006260.KS,LS,KR,미분류,2026-07-31,267000.0,193549,156226.6,31875.0,,15,55,63,52,43,0,AVOID,-0.51,-6,True,backfill
2026-08-02T15:05:43.684880+09:00,2026-08-02,008770.KS,호텔신라,KR,미분류,2026-07-31,43550.0,462976,265798.55,2817.8571,,5,55,50,68,38,0,AVOID,-0.73,-9,True,backfill
2026-08-02T15:05:43.684880+09:00,2026-08-02,009830.KS,한화솔루션,KR,미분류,2026-07-31,25500.0,3274578,3243578.5,2882.1429,,15,55,50,70,42,1,AVOID,-0.58,-7,True,backfill
2026-08-02T15:05:43.684880+09:00,2026-08-02,139130.KS,DGB금융지주,KR,미분류,2026-07-31,16950.0,748031,595476.5,976.0714,,43,55,68,70,57,1,HOLD,0.05,1,False,backfill
2026-08-02T15:05:43.684880+09:00,2026-08-02,011780.KS,금호석유,KR,미분류,2026-07-31,114400.0,110088,76493.5,6321.4286,,18,55,63,86,49,1,HOLD,-0.35,-4,False,backfill
2026-08-02T15:05:43.684880+09:00,2026-08-02,079160.KS,CJ CGV,KR,미분류,2026-07-31,5410.0,814432,573039.05,268.2143,,79,55,63,66,67,1,HOLD,0.78,9,False,backfill
2026-08-02T15:05:43.684880+09:00,2026-08-02,033780.KS,KT&G,KR,미분류,2026-07-31,179100.0,502679,290208.05,7028.5714,,72,55,66,55,64,1,HOLD,0.55,7,False,backfill
2026-08-02T15:05:43.684880+09:00,2026-08-02,005810.KS,풍산,KR,미분류,2026-07-31,35850.0,66856,32632.45,1850.0,,54,55,55,78,58,1,HOLD,0.04,0,False,backfill
2026-08-02T15:05:43.684880+09:00,2026-08-02,002960.KS,한국쉘석유,KR,미분류,2026-07-31,498500.0,2115,2125.6,17357.1429,,38,55,55,58,50,0,HOLD,-0.06,-1,False,backfill
2026-08-02T15:05:43.684880+09:00,2026-08-02,000120.KS,CJ대한통운,KR,미분류,2026-07-31,74500.0,59163,50964.85,3178.5714,,55,55,55,78,58,1,HOLD,0.06,1,False,backfill
2026-08-02T15:05:43.684880+09:00,2026-08-02,120110.KS,코오롱인더,KR,미분류,2026-07-31,48050.0,254936,193523.4,4100.0,,13,55,50,78,42,1,AVOID,-0.58,-7,True,backfill
2026-08-02T15:05:43.684880+09:00,2026-08-02,069620.KS,대웅제약,KR,미분류,2026-07-31,113800.0,155517,51700.2,8057.1429,,41,55,55,62,51,0,HOLD,-0.2,-2,False,backfill
2026-08-02T15:05:43.684880+09:00,2026-08-02,185750.KS,종근당,KR,미분류,2026-07-31,66900.0,25108,23246.05,2596.4286,,37,55,55,78,52,1,HOLD,-0.2,-2,False,backfill
2026-08-02T15:05:43.684880+09:00,2026-08-02,006840.KS,AK홀딩스,KR,미분류,2026-07-31,6680.0,22621,18247.4,350.0,,49,55,50,42,49,0,HOLD,-0.21,-3,False,backfill
2026-08-02T15:05:43.684880+09:00,2026-08-02,008930.KS,한미사이언스,KR,미분류,2026-07-31,35850.0,145839,225625.55,2091.0714,,85,55,60,50,66,1,HOLD,0.55,7,False,backfill
2026-08-02T15:05:43.684880+09:00,2026-08-02,002790.KS,아모레G,KR,미분류,2026-07-31,25500.0,152809,126788.55,1210.7143,,77,55,60,78,68,2,WATCH,0.47,6,False,backfill
2026-08-02T15:05:43.684880+09:00,2026-08-02,069260.KS,휴켐스,KR,미분류,2026-07-31,14890.0,69531,75716.75,435.0,,13,55,50,78,42,1,AVOID,-0.58,-7,True,backfill
2026-08-02T15:05:43.684880+09:00,2026-08-02,000080.KS,하이트진로,KR,미분류,2026-07-31,15400.0,134176,122520.5,480.0,,72,55,55,78,64,2,WATCH,0.35,4,False,backfill
2026-08-02T15:05:43.684880+09:00,2026-08-02,030200.KS,KT,KR,미분류,2026-07-31,51900.0,577545,480593.95,1708.3507,,50,55,68,73,60,1,HOLD,0.14,2,False,backfill
2026-08-02T15:05:43.684880+09:00,2026-08-02,012450.KS,한화에어로스페이스,KR,미분류,2026-07-31,917000.0,259060,228097.9,77714.2857,,40,55,63,52,52,0,HOLD,-0.16,-2,False,backfill
2026-08-02T15:05:43.684880+09:00,2026-08-02,047810.KS,한국항공우주,KR,미분류,2026-07-31,127300.0,736956,489267.85,11985.7143,,21,55,63,50,45,0,HOLD,-0.43,-5,False,backfill
2026-08-02T15:05:43.684880+09:00,2026-08-02,051910.KS,LG화학,KR,미분류,2026-07-31,258000.0,307583,218707.05,17535.7143,,55,55,50,62,55,0,HOLD,-0.05,-1,False,backfill
2026-08-02T15:05:43.684880+09:00,2026-08-02,051900.KS,LG생활건강,KR,미분류,2026-07-31,285628.9688,154619,81977.45,13684.3159,,66,55,71,55,64,1,HOLD,0.67,8,False,backfill
2026-08-02T15:05:43.684880+09:00,2026-08-02,066570.KS,LG전자,KR,미분류,2026-07-31,161653.9375,1754895,1564595.0,15015.7085,,27,55,55,78,49,1,HOLD,0.06,1,False,backfill
2026-08-02T15:05:43.684880+09:00,2026-08-02,003550.KS,LG,KR,미분류,2026-07-31,101100.0,615019,363546.25,6007.1429,,60,55,58,70,60,1,HOLD,0.37,4,False,backfill
2026-08-02T15:05:43.684880+09:00,2026-08-02,000150.KS,두산,KR,미분류,2026-07-31,1169071.5,134767,88063.1,149024.5004,,18,55,50,50,40,0,AVOID,-0.61,-7,True,backfill
2026-08-02T15:05:43.684880+09:00,2026-08-02,034020.KS,두산에너빌리티,KR,미분류,2026-07-31,67100.0,3208797,2869846.5,5407.1429,,37,55,50,35,44,0,AVOID,-0.4,-5,True,backfill
2026-08-02T15:05:43.684880+09:00,2026-08-02,241560.KS,두산밥캣,KR,미분류,2026-07-31,59427.9961,168564,203938.35,3882.8379,,18,55,55,70,44,1,AVOID,-0.49,-6,True,backfill
2026-08-02T15:05:43.684880+09:00,2026-08-02,035250.KS,강원랜드,KR,미분류,2026-07-31,14700.0,507126,434582.45,423.9286,,65,55,55,70,61,1,HOLD,0.17,2,False,backfill
2026-08-02T15:05:43.684880+09:00,2026-08-02,114090.KS,GKL,KR,미분류,2026-07-31,9380.0,115964,223624.9,439.2857,,37,55,55,86,53,1,HOLD,-0.17,-2,False,backfill
2026-08-02T15:05:43.684880+09:00,2026-08-02,020150.KS,롯데에너지머티리얼즈,KR,미분류,2026-07-31,27350.0,168526,200374.95,2982.1429,,32,55,50,34,42,0,AVOID,-0.47,-6,True,backfill
2026-08-02T15:05:43.684880+09:00,2026-08-02,004020.KS,현대제철,KR,미분류,2026-07-31,26350.0,560890,548378.55,1635.7143,,35,55,50,78,50,1,HOLD,-0.28,-3,False,backfill
2026-08-02T15:05:43.684880+09:00,2026-08-02,069960.KS,현대백화점,KR,미분류,2026-07-31,118800.0,132674,151770.4,11807.1429,,24,55,63,78,50,1,HOLD,-0.01,0,False,backfill
2026-08-02T15:05:43.684880+09:00,2026-08-02,023530.KS,롯데쇼핑,KR,미분류,2026-07-31,117300.0,140611,143971.85,10171.4286,,20,55,50,78,45,1,HOLD,-0.45,-5,False,backfill
2026-08-02T15:05:43.684880+09:00,2026-08-02,011200.KS,HMM,KR,미분류,2026-07-31,20950.0,1487003,1490390.65,957.1429,,80,55,68,52,67,1,HOLD,0.66,8,False,backfill
2026-08-02T15:05:43.684880+09:00,2026-08-02,012750.KS,에스원,KR,미분류,2026-07-31,71200.0,128927,71829.65,2750.0,,33,55,58,68,50,0,HOLD,-0.26,-3,False,backfill
2026-08-02T15:05:43.684880+09:00,2026-08-02,035150.KS,백광산업,KR,미분류,2026-07-31,9930.0,10104,23694.15,397.8571,,35,55,55,58,48,0,HOLD,-0.29,-3,False,backfill
2026-08-02T15:05:43.684880+09:00,2026-08-02,018670.KS,삼성E&A,KR,미분류,2026-07-31,223500.0,17344,15314.6,14350.0646,,55,55,55,62,56,0,HOLD,-0.0,0,False,backfill
2026-08-02T15:05:43.684880+09:00,2026-08-02,003490.KS,대한항공,KR,미분류,2026-07-31,25900.0,2557579,2989732.9,1260.7143,,36,55,60,62,51,0,HOLD,0.03,0,False,backfill
2026-08-02T15:05:43.684880+09:00,2026-08-02,020560.KS,아시아나항공,KR,미분류,2026-07-31,6960.0,64137,136603.6,310.0,,28,55,55,50,45,0,HOLD,-0.24,-3,False,backfill
2026-08-02T15:05:43.684880+09:00,2026-08-02,047040.KS,대우건설,KR,미분류,2026-07-31,12780.0,9751558,4643273.3,1437.8571,,13,55,50,62,40,0,AVOID,-0.64,-8,True,backfill
2026-08-02T15:05:43.684880+09:00,2026-08-02,088980.KS,맥쿼리인프라,KR,미분류,2026-07-31,10110.0,1726004,1360795.4,170.0,,65,55,55,50,58,0,HOLD,0.19,2,False,backfill
2026-08-02T15:05:43.684880+09:00,2026-08-02,161390.KS,한국타이어앤테크놀로지,KR,미분류,2026-07-31,67600.0,366179,409057.95,4864.2857,,47,55,68,62,57,0,HOLD,0.36,4,False,backfill
2026-08-02T15:05:43.684880+09:00,2026-08-02,161890.KS,한국콜마,KR,미분류,2026-07-31,95200.0,278439,376440.8,8242.8571,,55,55,55,70,57,1,HOLD,0.31,4,False,backfill
