scan_ts_kst,date,ticker,name,market,sector,bar_date,close,volume,avg_vol20,atr14,market_cap,tech,macro,filing,value,total,consensus,signal,ev,target,hitl,source,asset_type,flow,regime,exchange
2026-08-28T09:15:57.875845+09:00,2026-08-28,NVDA,NVIDIA Corporation,US,반도체,2026-08-27,227.98,297197891,125053179.55,6.5129,5521903452160,62,65,71,58,62,1,HOLD,0.56,7,False,live,STOCK,55,NEUTRAL,NASDAQ
2026-08-28T09:15:57.875845+09:00,2026-08-28,AAPL,Apple Inc.,US,IT,2026-08-27,314.58,32248789,47741789.45,6.0843,4591036923904,65,60,58,42,62,1,HOLD,0.52,6,False,live,STOCK,84,NEUTRAL,NASDAQ
2026-08-28T09:15:57.875845+09:00,2026-08-28,GOOGL,Alphabet Inc.,US,인터넷,2026-08-27,340.65,23284085,25452089.25,6.2086,4166127190016,40,65,60,68,52,0,HOLD,-0.17,-2,False,live,STOCK,41,NEUTRAL,NASDAQ
2026-08-28T09:15:57.875845+09:00,2026-08-28,GOOG,Alphabet Inc.,US,인터넷,2026-08-27,337.71,16991240,17214222.0,5.9125,4130171256832,32,65,60,68,48,0,HOLD,-0.33,-4,False,live,STOCK,35,NEUTRAL,NASDAQ
2026-08-28T09:15:57.875845+09:00,2026-08-28,MSFT,Microsoft Corporation,US,IT,2026-08-27,505.06,28615865,30079783.25,9.8069,3750346096640,55,60,50,50,60,1,HOLD,0.52,6,False,live,STOCK,90,NEUTRAL,NASDAQ
2026-08-28T09:15:57.875845+09:00,2026-08-28,AMZN,"Amazon.com, Inc.",US,소비재,2026-08-27,256.26,35779842,42206702.1,5.465,2764100599808,35,60,60,50,51,0,HOLD,-0.1,-1,False,live,STOCK,61,NEUTRAL,NASDAQ
2026-08-28T09:15:57.875845+09:00,2026-08-28,TSM,Taiwan Semiconductor Manufacturing Compa,US,반도체,2026-08-27,427.3,12721658,10293462.9,10.3221,2216180318208,65,65,77,58,61,1,HOLD,0.43,5,False,live,STOCK,33,NEUTRAL,NYSE
2026-08-28T09:15:57.875845+09:00,2026-08-28,AVGO,Broadcom Inc.,US,반도체,2026-08-27,371.54,21123328,19593871.4,13.2571,1767631355904,22,65,60,43,44,0,AVOID,-0.48,-6,True,live,STOCK,55,NEUTRAL,NASDAQ
2026-08-28T09:15:57.875845+09:00,2026-08-28,META,"Meta Platforms, Inc.",US,인터넷,2026-08-27,571.1,15160180,16434484.0,18.5407,1454880718848,50,65,50,66,56,0,HOLD,0.01,0,False,live,STOCK,62,NEUTRAL,NASDAQ
2026-08-28T09:15:57.875845+09:00,2026-08-28,TSLA,"Tesla, Inc.",US,소비재,2026-08-27,354.81,29998173,33355313.65,11.8793,1401338986496,62,60,70,30,57,1,HOLD,0.17,2,False,live,STOCK,59,NEUTRAL,NASDAQ
2026-08-28T09:15:57.875845+09:00,2026-08-28,LLY,Eli Lilly and Company,US,제약/바이오,2026-08-27,1176.1,2646520,2869011.0,39.0901,1048776998912,47,65,71,50,58,1,HOLD,0.34,4,False,live,STOCK,61,NEUTRAL,NYSE
2026-08-28T09:15:57.875845+09:00,2026-08-28,MU,"Micron Technology, Inc.",US,반도체,2026-08-27,935.39,28499670,31970798.5,51.4703,,72,65,65,58,62,1,HOLD,0.4,5,False,live,STOCK,44,NEUTRAL,NASDAQ
2026-08-28T09:15:57.875845+09:00,2026-08-28,JPM,JPMorgan Chase & Co.,US,금융,2026-08-27,354.22,5206418,5685805.9,5.1361,941582712832,47,60,71,60,60,1,HOLD,0.51,6,False,live,STOCK,64,NEUTRAL,NYSE
2026-08-28T09:15:57.875845+09:00,2026-08-28,WMT,Walmart Inc.,US,소매,2026-08-27,102.63,29706412,27566080.6,2.7838,816737615872,28,60,50,37,38,0,AVOID,-0.61,-7,True,live,STOCK,35,NEUTRAL,NASDAQ
2026-08-28T09:15:57.875845+09:00,2026-08-28,AMD,"Advanced Micro Devices, Inc.",US,반도체,2026-08-27,476.67,16373484,22995979.2,19.1809,778151854080,50,65,65,35,49,0,HOLD,-0.09,-1,False,live,STOCK,36,NEUTRAL,NASDAQ
2026-08-28T09:15:57.875845+09:00,2026-08-28,V,Visa Inc.,US,금융,2026-08-27,379.66,6637796,6905039.8,6.0357,708843208704,91,60,60,50,70,2,WATCH,1.03,12,False,live,STOCK,71,NEUTRAL,NYSE
2026-08-28T09:15:57.875845+09:00,2026-08-28,ASML,ASML Holding N.V.,US,반도체,2026-08-27,1735.01,950353,1197857.65,50.1314,666417364992,32,65,70,42,46,1,HOLD,-0.07,-1,False,live,STOCK,36,NEUTRAL,NASDAQ
2026-08-28T09:15:57.875845+09:00,2026-08-28,XOM,Exxon Mobil Corporation,US,에너지,2026-08-27,156.44,14284406,14286200.3,3.4077,643267493888,54,60,50,58,55,0,HOLD,0.29,3,False,live,STOCK,63,NEUTRAL,NYSE
2026-08-28T09:15:57.875845+09:00,2026-08-28,JNJ,Johnson & Johnson,US,제약/바이오,2026-08-27,265.77,7302555,6500652.75,5.2147,640478674944,91,65,56,53,73,2,WATCH,1.13,14,False,live,STOCK,90,NEUTRAL,NYSE
2026-08-28T09:15:57.875845+09:00,2026-08-28,MA,Mastercard Incorporated,US,금융,2026-08-27,591.73,3193301,3000535.05,9.6171,518361317376,81,60,53,50,66,2,WATCH,0.85,10,False,live,STOCK,77,NEUTRAL,NYSE
2026-08-28T09:15:57.875845+09:00,2026-08-28,INTC,Intel Corp.,US,반도체,2026-08-27,92.09,99979854,103141182.7,4.7407,486797410304,15,65,88,42,47,1,HOLD,-0.4,-5,False,live,STOCK,38,NEUTRAL,NASDAQ
2026-08-28T09:15:57.875845+09:00,2026-08-28,ABBV,AbbVie Inc.,US,제약/바이오,2026-08-27,258.15,4759390,4982889.5,5.2221,456181317632,91,65,81,51,77,3,BUY,1.29,15,False,live,STOCK,77,NEUTRAL,NYSE
2026-08-28T09:15:57.875845+09:00,2026-08-28,CSCO,"Cisco Systems, Inc.",US,IT,2026-08-27,112.15,13522522,20827906.1,3.2679,442031898624,40,60,65,50,51,0,HOLD,-0.09,-1,False,live,STOCK,47,NEUTRAL,NASDAQ
2026-08-28T09:15:57.875845+09:00,2026-08-28,ORCL,Oracle Corporation,US,IT,2026-08-27,151.94,30055900,25936240.0,6.3507,437658779648,63,60,50,50,55,0,HOLD,0.02,0,False,live,STOCK,56,NEUTRAL,NYSE
2026-08-28T09:15:57.875845+09:00,2026-08-28,BAC,Bank of America Corporation,US,금융,2026-08-27,61.17,44491001,27307300.05,1.0468,427746426880,47,60,81,60,63,1,HOLD,0.6,7,False,live,STOCK,61,NEUTRAL,NYSE
2026-08-28T09:15:57.875845+09:00,2026-08-28,PLTR,Palantir Technologies Inc.,US,IT,2026-08-27,185.93,40613863,47286233.15,7.2074,446800625664,84,60,42,35,62,2,WATCH,0.8,10,False,live,STOCK,87,NEUTRAL,NASDAQ
2026-08-28T09:15:57.875845+09:00,2026-08-28,COST,Costco Wholesale Corporation,US,소매,2026-08-27,934.66,2233901,1762320.05,16.9693,414501896192,46,60,60,29,46,0,HOLD,-0.12,-1,False,live,STOCK,41,NEUTRAL,NASDAQ
2026-08-28T09:15:57.875845+09:00,2026-08-28,LRCX,Lam Research Corporation,US,반도체,2026-08-27,318.58,6552200,8375970.0,15.1857,398645821440,65,65,73,42,60,1,HOLD,0.44,5,False,live,STOCK,52,NEUTRAL,NASDAQ
2026-08-28T09:15:57.875845+09:00,2026-08-28,CVX,Chevron Corporation,US,에너지,2026-08-27,199.77,8109425,8085726.25,3.8599,391869497344,54,60,32,74,55,2,HOLD,0.24,3,False,live,STOCK,71,NEUTRAL,NYSE
2026-08-28T09:15:57.875845+09:00,2026-08-28,KO,The Coca-Cola Company,US,소매,2026-08-27,89.06,13431927,14287371.35,1.3804,383184994304,91,60,50,37,64,1,HOLD,0.84,10,False,live,STOCK,69,NEUTRAL,NYSE
2026-08-28T09:15:57.875845+09:00,2026-08-28,AMAT,"Applied Materials, Inc.",US,반도체,2026-08-27,482.36,6278577,7294608.85,23.9292,382799642624,32,65,65,50,48,0,HOLD,-0.02,0,False,live,STOCK,47,NEUTRAL,NASDAQ
2026-08-28T09:15:57.875845+09:00,2026-08-28,CAT,Caterpillar Inc.,US,산업재,2026-08-27,817.0,1806779,2726648.95,25.8179,375554375680,28,60,70,50,46,1,HOLD,-0.31,-4,False,live,STOCK,32,NEUTRAL,NYSE
2026-08-28T09:15:57.875845+09:00,2026-08-28,MRK,"Merck & Co., Inc.",US,제약/바이오,2026-08-27,149.54,8518326,11203671.3,4.85,368940810240,85,65,50,30,62,2,WATCH,0.83,10,False,live,STOCK,80,NEUTRAL,NYSE
2026-08-28T09:15:57.875845+09:00,2026-08-28,UNH,UnitedHealth Group Incorporated,US,제약/바이오,2026-08-27,395.05,3664890,4112764.5,7.98,354594816000,50,65,83,66,64,1,HOLD,0.48,6,False,live,STOCK,52,NEUTRAL,NYSE
2026-08-28T09:15:57.875845+09:00,2026-08-28,GE,GE Aerospace,US,산업재,2026-08-27,342.73,5086812,3605100.6,9.2129,355603808256,47,60,60,29,51,0,HOLD,0.19,2,False,live,STOCK,67,NEUTRAL,NYSE
2026-08-28T09:15:57.875845+09:00,2026-08-28,HSBC,HSBC Holdings plc,US,금융,2026-08-27,102.85,1033160,1196843.0,1.2686,352453525504,47,60,55,60,54,0,HOLD,0.22,3,False,live,STOCK,55,NEUTRAL,NYSE
2026-08-28T09:15:57.875845+09:00,2026-08-28,PG,The Procter & Gamble Company,US,소매,2026-08-27,143.14,7790287,9153569.35,2.0786,332719357952,53,60,50,45,56,1,HOLD,0.23,3,False,live,STOCK,78,NEUTRAL,NYSE
2026-08-28T09:15:57.875845+09:00,2026-08-28,MS,Morgan Stanley,US,금융,2026-08-27,214.86,3922300,4273760.0,4.4025,337451876352,28,60,60,60,52,1,HOLD,0.02,0,False,live,STOCK,70,NEUTRAL,NYSE
2026-08-28T09:15:57.875845+09:00,2026-08-28,NFLX,"Netflix, Inc.",US,인터넷,2026-08-27,79.84,27058234,29442246.7,2.2743,332448923648,80,65,45,50,58,1,HOLD,0.29,3,False,live,STOCK,52,NEUTRAL,NASDAQ
2026-08-28T09:15:57.875845+09:00,2026-08-28,HD,"The Home Depot, Inc.",US,소비재,2026-08-27,328.61,3087932,3721176.6,8.36,327850754048,35,60,63,42,50,0,HOLD,0.05,1,False,live,STOCK,63,NEUTRAL,NYSE
2026-08-28T09:15:57.875845+09:00,2026-08-28,DELL,Dell Technologies Inc.,US,IT,2026-08-27,472.26,4635914,5309370.7,25.1079,305147215872,62,60,65,66,64,0,HOLD,0.64,8,False,live,STOCK,63,NEUTRAL,NYSE
2026-08-28T09:15:57.875845+09:00,2026-08-28,PANW,"Palo Alto Networks, Inc.",US,IT,2026-08-27,382.85,7294515,5509940.75,17.5295,312022761472,73,60,57,30,62,2,WATCH,0.76,9,False,live,STOCK,84,NEUTRAL,NASDAQ
2026-08-28T09:15:57.875845+09:00,2026-08-28,GS,"The Goldman Sachs Group, Inc.",US,금융,2026-08-27,1040.87,1708367,1870178.35,22.7011,303071559680,65,60,60,60,56,0,HOLD,0.26,3,False,live,STOCK,33,NEUTRAL,NYSE
2026-08-28T09:15:57.875845+09:00,2026-08-28,PM,Philip Morris International Inc.,US,소매,2026-08-27,190.48,3972838,4596676.9,4.2629,296884666368,84,60,58,58,67,1,HOLD,0.79,9,False,live,STOCK,63,NEUTRAL,NYSE
2026-08-28T09:15:57.875845+09:00,2026-08-28,NVS,Novartis AG,US,제약/바이오,2026-08-27,154.65,1220543,1415797.15,2.9086,293945540608,65,65,55,53,52,0,HOLD,0.14,2,False,live,STOCK,26,NEUTRAL,NYSE
2026-08-28T09:15:57.875845+09:00,2026-08-28,RTX,RTX Corporation,US,산업재,2026-08-27,212.08,3788188,4425829.4,4.1529,285832544256,44,60,45,58,54,1,HOLD,0.28,3,False,live,STOCK,77,NEUTRAL,NYSE
2026-08-28T09:15:57.875845+09:00,2026-08-28,RY,Royal Bank of Canada,US,금융,2026-08-27,204.54,1661249,1367287.45,3.6711,284241526784,47,60,60,50,54,0,HOLD,0.25,3,False,live,STOCK,61,NEUTRAL,NYSE
2026-08-28T09:15:57.875845+09:00,2026-08-28,BABA,Alibaba Group Holding Limited,US,소비재,2026-08-27,116.31,14325654,13453537.7,4.4036,289102856192,43,60,55,58,56,1,HOLD,0.1,1,False,live,STOCK,77,NEUTRAL,NYSE
2026-08-28T09:15:57.875845+09:00,2026-08-28,ARM,Arm Holdings plc American Depositary Sha,US,반도체,2026-08-27,255.21,4862183,4455244.15,14.9148,272563929088,37,65,65,35,46,0,HOLD,-0.32,-4,False,live,STOCK,44,NEUTRAL,NASDAQ
2026-08-28T09:15:57.875845+09:00,2026-08-28,SAP,SAP SE,US,IT,2026-08-27,221.17,3292743,2559507.15,5.8857,255275368448,66,60,58,42,62,1,HOLD,0.72,9,False,live,STOCK,84,NEUTRAL,NYSE
2026-08-28T09:15:57.875845+09:00,2026-08-28,WFC,Wells Fargo & Company,US,금융,2026-08-27,84.97,10840028,11419366.4,1.6029,256949223424,44,60,60,60,56,0,HOLD,0.28,3,False,live,STOCK,63,NEUTRAL,NYSE
2026-08-28T09:15:57.875845+09:00,2026-08-28,AZN,AstraZeneca PLC,US,제약/바이오,2026-08-27,164.52,2495160,4347758.0,3.1457,255151751168,72,65,68,58,64,1,HOLD,0.39,5,False,live,STOCK,52,NEUTRAL,NYSE
2026-08-28T09:15:57.875845+09:00,2026-08-28,GEV,GE Vernova Inc.,US,산업재,2026-08-27,953.83,1570928,1975726.4,41.0636,254036967424,28,60,60,50,44,0,AVOID,-0.32,-4,True,live,STOCK,36,NEUTRAL,NYSE
2026-08-28T09:15:57.875845+09:00,2026-08-28,ANET,"Arista Networks, Inc.",US,IT,2026-08-27,201.09,4690964,7756998.2,7.9814,253619666944,73,60,60,35,61,1,HOLD,0.71,9,False,live,STOCK,69,NEUTRAL,NYSE
2026-08-28T09:15:57.875845+09:00,2026-08-28,MUFG,"Mitsubishi UFJ Financial Group, Inc.",US,금융,2026-08-27,22.44,2117496,2755984.8,0.4386,253053026304,62,60,58,60,59,0,HOLD,0.51,6,False,live,STOCK,54,NEUTRAL,NYSE
2026-08-28T09:15:57.875845+09:00,2026-08-28,SHEL,Shell plc,US,에너지,2026-08-27,90.7,6905657,5593986.25,1.2862,249725485056,69,60,55,78,65,1,HOLD,0.61,7,False,live,STOCK,61,NEUTRAL,NYSE
2026-08-28T09:15:57.875845+09:00,2026-08-28,BHP,BHP Group Limited,US,소재,2026-08-27,96.37,2219911,2799090.55,2.4011,244922138624,91,60,50,45,66,2,WATCH,0.82,10,False,live,STOCK,71,NEUTRAL,NYSE
2026-08-28T09:15:57.875845+09:00,2026-08-28,TXN,Texas Instruments Incorporated,US,반도체,2026-08-27,266.54,5599932,6007676.6,8.2375,243417038848,25,65,75,42,44,1,AVOID,-0.42,-5,True,live,STOCK,30,NEUTRAL,NASDAQ
2026-08-28T09:15:57.875845+09:00,2026-08-28,KLAC,KLA Corporation,US,반도체,2026-08-27,183.77,6548017,9788400.85,8.3646,240104112128,25,65,73,42,45,1,HOLD,-0.28,-3,False,live,STOCK,38,NEUTRAL,NASDAQ
2026-08-28T09:15:57.875845+09:00,2026-08-28,AMGN,Amgen Inc.,US,제약/바이오,2026-08-27,436.99,1752420,2586066.0,9.3199,236250775552,85,65,45,50,66,2,WATCH,0.88,11,False,live,STOCK,84,NEUTRAL,NASDAQ
2026-08-28T09:15:57.875845+09:00,2026-08-28,TMO,Thermo Fisher Scientific Inc.,US,제약/바이오,2026-08-27,630.7,1466900,1733655.0,15.2586,233199616000,85,65,53,58,71,2,WATCH,1.03,12,False,live,STOCK,90,NEUTRAL,NYSE
2026-08-28T09:15:57.875845+09:00,2026-08-28,CRWD,"CrowdStrike Holdings, Inc.",US,IT,2026-08-27,227.96,23369966,8720638.3,11.4168,232122384384,73,60,65,30,64,2,WATCH,0.85,10,False,live,STOCK,84,NEUTRAL,NASDAQ
2026-08-28T09:15:57.875845+09:00,2026-08-28,C,Citigroup Inc.,US,금융,2026-08-27,132.68,11618554,8657987.7,2.4775,222562304000,32,60,70,76,55,2,HOLD,0.09,1,False,live,STOCK,44,NEUTRAL,NYSE
2026-08-28T09:15:57.875845+09:00,2026-08-28,TM,Toyota Motor Corporation,US,소비재,2026-08-27,192.0,310455,345967.75,2.6014,227348201472,51,60,50,54,52,0,HOLD,0.08,1,False,live,STOCK,55,NEUTRAL,NYSE
2026-08-28T09:15:57.875845+09:00,2026-08-28,AXP,American Express Company,US,금융,2026-08-27,334.16,2025745,2336047.25,5.8071,225661534208,35,60,81,50,50,1,HOLD,0.02,0,False,live,STOCK,25,NEUTRAL,NYSE
2026-08-28T09:15:57.875845+09:00,2026-08-28,IBM,International Business Machines Corporat,US,IT,2026-08-27,238.79,5488879,5521693.95,6.3055,224972259328,55,60,81,58,63,1,HOLD,0.24,3,False,live,STOCK,52,NEUTRAL,NYSE
2026-08-28T09:15:57.875845+09:00,2026-08-28,LIN,Linde plc,US,소재,2026-08-27,485.35,1899276,2234053.8,7.9686,223736725504,65,60,60,58,57,0,HOLD,0.25,3,False,live,STOCK,41,NEUTRAL,NASDAQ
2026-08-28T09:15:57.875845+09:00,2026-08-28,SNDK,Sandisk Corporation,US,IT,2026-08-27,1484.95,8754429,14416591.45,123.8258,217424904192,72,60,60,50,58,1,HOLD,0.18,2,False,live,STOCK,41,NEUTRAL,NASDAQ
2026-08-28T09:15:57.875845+09:00,2026-08-28,SAN,"Banco Santander, S.A.",US,금융,2026-08-27,14.55,13116100,20694410.0,0.2475,211650199552,47,60,55,63,53,0,HOLD,0.26,3,False,live,STOCK,51,NEUTRAL,NYSE
2026-08-28T09:15:57.875845+09:00,2026-08-28,MRVL,"Marvell Technology, Inc.",US,반도체,2026-08-27,241.45,35613507,23449010.35,16.2179,216992235520,76,65,79,35,68,3,WATCH,0.98,12,False,live,STOCK,73,NEUTRAL,NASDAQ
2026-08-28T09:15:57.875845+09:00,2026-08-28,CRM,"Salesforce, Inc.",US,IT,2026-08-27,252.05,55409963,14055788.15,10.4157,,70,60,52,66,61,1,HOLD,0.59,7,False,live,STOCK,55,NEUTRAL,NYSE
2026-08-28T09:15:57.875845+09:00,2026-08-28,VZ,Verizon Communications Inc.,US,인터넷,2026-08-27,49.43,16369784,19277869.2,0.7807,205370540032,81,65,60,84,70,2,WATCH,0.76,9,False,live,STOCK,55,NEUTRAL,NYSE
2026-08-28T09:15:57.875845+09:00,2026-08-28,NVO,Novo Nordisk A/S,US,제약/바이오,2026-08-27,46.26,12975792,14805084.6,1.2083,204516835328,65,65,68,73,69,2,WATCH,0.67,8,False,live,STOCK,72,NEUTRAL,NYSE
2026-08-28T09:15:57.875845+09:00,2026-08-28,TD,The Toronto-Dominion Bank,US,금융,2026-08-27,121.09,2828438,2105191.9,2.0921,200046837760,62,60,55,58,60,0,HOLD,0.47,6,False,live,STOCK,67,NEUTRAL,NYSE
2026-08-28T09:15:57.875845+09:00,2026-08-28,SHOP,Shopify Inc.,US,IT,2026-08-27,154.33,6414895,10493794.75,5.1169,200267038720,59,60,60,35,57,1,HOLD,0.53,6,False,live,STOCK,72,NEUTRAL,NASDAQ
2026-08-28T09:15:57.875845+09:00,2026-08-28,APH,Amphenol Corporation,US,IT,2026-08-27,161.38,5005975,5940438.75,5.2807,198978863104,47,60,63,42,52,0,HOLD,0.2,2,False,live,STOCK,52,NEUTRAL,NYSE
2026-08-28T09:15:57.875845+09:00,2026-08-28,ABT,Abbott Laboratories,US,제약/바이오,2026-08-27,111.59,7048978,7637338.9,2.3143,193093468160,66,65,63,58,67,1,HOLD,0.83,10,False,live,STOCK,84,NEUTRAL,NYSE
2026-08-28T09:15:57.875845+09:00,2026-08-28,TTE,TotalEnergies SE,US,에너지,2026-08-27,86.33,1874907,1389665.35,1.5243,191019597824,43,60,55,86,59,1,HOLD,0.16,2,False,live,STOCK,63,NEUTRAL,NYSE
2026-08-28T09:15:57.875845+09:00,2026-08-28,PEP,"PepsiCo, Inc.",US,소매,2026-08-27,139.72,6239480,6734309.0,2.2225,190857527296,65,60,60,42,56,0,HOLD,0.25,3,False,live,STOCK,49,NEUTRAL,NASDAQ
2026-08-28T09:15:57.875845+09:00,2026-08-28,TMUS,"T-Mobile US, Inc.",US,인터넷,2026-08-27,177.75,3919963,4210033.15,4.025,190667374592,50,65,60,74,62,2,WATCH,0.26,3,False,live,STOCK,70,NEUTRAL,NASDAQ
2026-08-28T09:15:57.875845+09:00,2026-08-28,STX,Seagate Technology Holdings plc,US,IT,2026-08-27,847.2,4893158,4392387.9,56.3993,192013238272,28,60,68,43,53,1,HOLD,-0.01,0,False,live,STOCK,76,NEUTRAL,NASDAQ
2026-08-28T09:15:57.875845+09:00,2026-08-28,SCHW,The Charles Schwab Corporation,US,금융,2026-08-27,108.05,10084186,7265384.3,2.1945,186854719488,51,60,50,58,59,1,HOLD,0.48,6,False,live,STOCK,84,NEUTRAL,NYSE
2026-08-28T09:15:57.875845+09:00,2026-08-28,DIS,The Walt Disney Company,US,인터넷,2026-08-27,106.82,7676678,9745698.9,2.2779,184444682240,77,65,60,58,68,2,WATCH,0.78,9,False,live,STOCK,78,NEUTRAL,NYSE
2026-08-28T09:15:57.875845+09:00,2026-08-28,GILD,"Gilead Sciences, Inc.",US,제약/바이오,2026-08-27,148.86,4979756,6466147.8,3.5611,184579735552,76,65,50,60,67,2,WATCH,0.79,9,False,live,STOCK,84,NEUTRAL,NASDAQ
2026-08-28T09:15:57.875845+09:00,2026-08-28,MCD,McDonald's Corporation,US,소비재,2026-08-27,260.06,5941184,4538084.2,4.9821,184029249536,20,60,60,50,41,0,AVOID,-0.52,-6,True,live,STOCK,33,NEUTRAL,NYSE
2026-08-28T09:15:57.875845+09:00,2026-08-28,UNP,Union Pacific Corporation,US,산업재,2026-08-27,307.67,2137693,2441159.65,5.6271,182779215872,81,60,60,37,64,1,HOLD,0.83,10,False,live,STOCK,69,NEUTRAL,NYSE
2026-08-28T09:15:57.875845+09:00,2026-08-28,ADI,"Analog Devices, Inc.",US,반도체,2026-08-27,374.52,3893668,3662578.4,10.9379,181479456768,25,65,53,58,41,0,AVOID,-0.54,-6,True,live,STOCK,32,NEUTRAL,NASDAQ
2026-08-28T09:15:57.875845+09:00,2026-08-28,BLK,"BlackRock, Inc.",US,금융,2026-08-27,1167.5699,702699,553109.95,20.0097,189702324224,69,60,60,58,57,0,HOLD,0.44,5,False,live,STOCK,32,NEUTRAL,NYSE
2026-08-28T09:15:57.875845+09:00,2026-08-28,SCCO,Southern Copper Corporation,US,소재,2026-08-27,216.28,1307043,1080253.55,8.9328,182614654976,88,60,53,37,58,1,HOLD,0.59,7,False,live,STOCK,40,NEUTRAL,NYSE
2026-08-28T09:15:57.875845+09:00,2026-08-28,UBS,UBS Group AG,US,금융,2026-08-27,54.36,1377647,1464762.35,0.6004,166436306944,88,60,73,66,72,2,WATCH,1.06,13,False,live,STOCK,54,NEUTRAL,NYSE
2026-08-28T09:15:57.875845+09:00,2026-08-28,T,AT&T Inc.,US,인터넷,2026-08-27,25.43,26091720,37715976.0,0.4629,174256177152,70,65,50,78,69,3,WATCH,0.69,8,False,live,STOCK,87,NEUTRAL,NYSE
2026-08-28T09:15:57.875845+09:00,2026-08-28,NEE,"NextEra Energy, Inc.",US,유틸리티,2026-08-27,83.47,8640035,10438636.75,1.1275,174116601856,28,60,63,42,50,1,HOLD,-0.1,-1,False,live,STOCK,70,NEUTRAL,NYSE
2026-08-28T09:15:57.875845+09:00,2026-08-28,BX,Blackstone Inc.,US,금융,2026-08-27,143.64,2675784,3992899.2,4.1649,171692572672,73,60,72,50,69,3,WATCH,0.94,11,False,live,STOCK,77,NEUTRAL,NYSE
2026-08-28T09:15:57.875845+09:00,2026-08-28,QCOM,QUALCOMM Incorporated,US,반도체,2026-08-27,164.78,15050965,10000928.25,4.799,175995011072,55,65,65,66,58,0,HOLD,0.06,1,False,live,STOCK,46,NEUTRAL,NASDAQ
2026-08-28T09:15:57.875845+09:00,2026-08-28,WELL,Welltower Inc.,US,리츠,2026-08-27,239.6,2366225,2929876.25,4.3539,172649070592,91,60,78,38,76,3,BUY,1.31,16,False,live,STOCK,90,NEUTRAL,NYSE
2026-08-28T09:15:57.875845+09:00,2026-08-28,RIO,Rio Tinto Group,US,소재,2026-08-27,104.78,1972651,2323522.55,2.212,170409918464,87,60,55,55,65,1,HOLD,0.63,8,False,live,STOCK,55,NEUTRAL,NYSE
2026-08-28T09:15:57.875845+09:00,2026-08-28,DE,Deere & Company,US,산업재,2026-08-27,622.66,807453,1166107.65,20.2321,168079245312,84,60,50,50,55,1,HOLD,0.5,6,False,live,STOCK,25,NEUTRAL,NYSE
2026-08-28T09:15:57.875845+09:00,2026-08-28,IBKR,"Interactive Brokers Group, Inc.",US,금융,2026-08-27,96.55,5080399,4435504.95,2.9839,164503404544,73,60,85,58,66,2,WATCH,0.75,9,False,live,STOCK,34,NEUTRAL,NASDAQ
2026-08-28T09:15:57.875845+09:00,2026-08-28,BA,The Boeing Company,US,산업재,2026-08-27,209.89,4452223,5500221.15,4.4786,165890768896,35,60,60,30,40,0,AVOID,-0.47,-6,True,live,STOCK,26,NEUTRAL,NYSE
2026-08-28T09:15:57.875845+09:00,2026-08-28,ETN,Eaton Corporation plc,US,산업재,2026-08-27,416.04,1592136,2006006.8,13.3136,161589936128,40,60,70,50,55,1,HOLD,0.2,2,False,live,STOCK,61,NEUTRAL,NYSE
2026-08-28T09:15:57.875845+09:00,2026-08-28,PFE,Pfizer Inc.,US,제약/바이오,2026-08-27,28.02,31142371,38987498.55,0.6079,159704858624,91,65,64,66,75,2,WATCH,1.09,13,False,live,STOCK,78,NEUTRAL,NYSE
2026-08-28T09:15:57.875845+09:00,2026-08-28,WDC,Western Digital Corporation,US,IT,2026-08-27,462.0,7568111,8082610.55,32.1186,166569902080,57,60,58,68,56,0,HOLD,-0.01,0,False,live,STOCK,39,NEUTRAL,NASDAQ
2026-08-28T09:15:57.875845+09:00,2026-08-28,TBB,AT&T Inc. 5.35% GLB NTS 66,US,인터넷,2026-08-27,19.6,66041,94192.05,0.1606,,50,65,58,80,56,1,HOLD,0.05,1,False,live,STOCK,40,NEUTRAL,NYSE
2026-08-28T09:15:57.875845+09:00,2026-08-28,BBVA,"Banco Bilbao Vizcaya Argentaria, S.A.",US,금융,2026-08-27,28.69,900017,1753750.85,0.3386,158320181248,73,60,55,60,62,1,HOLD,0.68,8,False,live,STOCK,60,NEUTRAL,NYSE
2026-08-28T09:15:57.875845+09:00,2026-08-28,COP,ConocoPhillips,US,에너지,2026-08-27,129.52,6551448,6938832.4,3.0973,155597242368,81,60,42,68,66,2,WATCH,0.8,10,False,live,STOCK,78,NEUTRAL,NYSE
2026-08-28T09:15:57.875845+09:00,2026-08-28,BKNG,Booking Holdings Inc.,US,소비재,2026-08-27,202.56,5416949,5480227.45,6.105,152199626752,48,60,58,74,60,1,HOLD,0.47,6,False,live,STOCK,69,NEUTRAL,NASDAQ
2026-08-28T09:15:57.875845+09:00,2026-08-28,UBER,"Uber Technologies, Inc.",US,IT,2026-08-27,76.95,14341776,19341313.8,2.6349,157174988800,84,60,66,55,72,2,WATCH,0.98,12,False,live,STOCK,78,NEUTRAL,NYSE
2026-08-28T09:15:57.875845+09:00,2026-08-28,BUD,Anheuser-Busch InBev SA/NV,US,소매,2026-08-27,79.1,5989696,1902379.8,1.3832,155757887488,25,60,58,60,54,1,HOLD,-0.01,0,False,live,STOCK,84,NEUTRAL,NYSE
2026-08-28T09:15:57.875845+09:00,2026-08-28,DHR,Danaher Corporation,US,제약/바이오,2026-08-27,215.68,2926464,3428348.2,6.0484,151620026368,84,65,60,58,70,2,WATCH,1.0,12,False,live,STOCK,78,NEUTRAL,NYSE
2026-08-28T09:15:57.875845+09:00,2026-08-28,TJX,"The TJX Companies, Inc.",US,소비재,2026-08-27,134.22,7036086,6708824.3,3.3806,148273430528,20,60,50,42,39,0,AVOID,-0.63,-8,True,live,STOCK,49,NEUTRAL,NYSE
2026-08-28T09:15:57.875845+09:00,2026-08-28,NOW,"ServiceNow, Inc.",US,IT,2026-08-27,138.43,27707048,17818912.4,5.9893,143117516800,81,60,60,35,66,2,WATCH,0.88,11,False,live,STOCK,84,NEUTRAL,NYSE
2026-08-28T09:15:57.875845+09:00,2026-08-28,SONY,Sony Group Corporation,US,IT,2026-08-27,24.07,4154861,4605593.05,0.4543,140901105664,62,60,45,58,58,0,HOLD,0.43,5,False,live,STOCK,69,NEUTRAL,NYSE
2026-08-28T09:15:57.875845+09:00,2026-08-28,NEM,Newmont Corporation,US,소재,2026-08-27,132.29,5781500,7665875.0,4.6121,139392942080,78,60,53,76,66,2,WATCH,0.75,9,False,live,STOCK,55,NEUTRAL,NYSE
2026-08-28T09:15:57.875845+09:00,2026-08-28,VRTX,Vertex Pharmaceuticals Incorporated,US,제약/바이오,2026-08-27,547.55,843609,1203815.45,16.0629,138782523392,95,65,50,58,70,2,WATCH,1.03,12,False,live,STOCK,75,NEUTRAL,NASDAQ
2026-08-28T09:15:57.875845+09:00,2026-08-28,UL,Unilever PLC,US,소매,2026-08-27,64.42,4291257,3670807.85,0.9404,138713284608,84,60,58,53,66,1,HOLD,0.86,10,False,live,STOCK,63,NEUTRAL,NYSE
2026-08-28T09:15:57.875845+09:00,2026-08-28,BMY,Bristol-Myers Squibb Company,US,제약/바이오,2026-08-27,66.95,4666475,11011853.75,1.5114,136759738368,91,65,60,76,77,3,BUY,1.2,14,False,live,STOCK,83,NEUTRAL,NYSE
2026-08-28T09:15:57.875845+09:00,2026-08-28,COF,Capital One Financial Corporation,US,금융,2026-08-27,216.67,2596767,3071098.35,4.6361,132923760640,47,60,53,86,60,1,HOLD,0.41,5,False,live,STOCK,63,NEUTRAL,NYSE
2026-08-28T09:15:57.875845+09:00,2026-08-28,PLD,"Prologis, Inc.",US,리츠,2026-08-27,141.85,2864539,4388826.95,1.9007,137891168256,72,60,58,45,56,1,HOLD,0.31,4,False,live,STOCK,41,NEUTRAL,NYSE
2026-08-28T09:15:57.875845+09:00,2026-08-28,GLW,Corning Inc,US,IT,2026-08-27,152.8,7948809,10036420.45,8.6646,131620143104,40,60,70,35,46,1,HOLD,-0.32,-4,False,live,STOCK,30,NEUTRAL,NYSE
2026-08-28T09:15:57.875845+09:00,2026-08-28,LMT,Lockheed Martin Corporation,US,산업재,2026-08-27,565.89,819274,1034638.7,14.3804,130602180608,50,60,50,42,51,0,HOLD,0.16,2,False,live,STOCK,63,NEUTRAL,NYSE
2026-08-28T09:15:57.875845+09:00,2026-08-28,CB,Chubb Limited,US,금융,2026-08-27,338.31,1172042,1599722.1,5.4007,130519957504,32,60,60,78,53,1,HOLD,0.06,1,False,live,STOCK,48,NEUTRAL,NYSE
2026-08-28T09:15:57.875845+09:00,2026-08-28,ISRG,"Intuitive Surgical, Inc.",US,제약/바이오,2026-08-27,367.07,1787020,2623336.0,10.9604,131513122816,28,65,50,50,47,1,HOLD,-0.35,-4,False,live,STOCK,70,NEUTRAL,NASDAQ
2026-08-28T09:15:57.875845+09:00,2026-08-28,SPGI,S&P Global Inc.,US,금융,2026-08-27,435.39,1820224,1825766.2,9.486,128352976896,74,60,63,50,58,1,HOLD,0.46,6,False,live,STOCK,32,NEUTRAL,NYSE
2026-08-28T09:15:57.875845+09:00,2026-08-28,PH,Parker-Hannifin Corporation,US,산업재,2026-08-27,1011.2,731111,681735.55,21.4521,127459205120,44,60,50,45,48,0,HOLD,0.13,2,False,live,STOCK,54,NEUTRAL,NYSE
2026-08-28T09:15:57.875845+09:00,2026-08-28,MFG,"Mizuho Financial Group, Inc.",US,금융,2026-08-27,10.44,2340309,2860435.45,0.2196,126829764608,47,60,58,68,55,0,HOLD,0.31,4,False,live,STOCK,51,NEUTRAL,NYSE
2026-08-28T09:15:57.875845+09:00,2026-08-28,FTNT,"Fortinet, Inc.",US,IT,2026-08-27,172.78,5737239,4511121.95,6.14,126771044352,92,60,65,35,70,2,WATCH,1.08,13,False,live,STOCK,77,NEUTRAL,NASDAQ
2026-08-28T09:15:57.875845+09:00,2026-08-28,PGR,The Progressive Corporation,US,금융,2026-08-27,217.65,1474695,2325004.75,4.9659,126476419072,69,60,53,73,68,2,WATCH,0.8,10,False,live,STOCK,83,NEUTRAL,NYSE
2026-08-28T09:15:57.875845+09:00,2026-08-28,SYK,Stryker Corporation,US,제약/바이오,2026-08-27,322.12,2166430,2354411.5,8.7693,123556552704,47,65,53,58,54,0,HOLD,0.19,2,False,live,STOCK,63,NEUTRAL,NYSE
2026-08-28T09:15:57.875845+09:00,2026-08-28,SBUX,Starbucks Corporation,US,소비재,2026-08-27,107.26,6417660,6493058.0,2.5363,122276405248,91,60,50,43,65,1,HOLD,0.8,10,False,live,STOCK,69,NEUTRAL,NASDAQ
2026-08-28T09:15:57.875845+09:00,2026-08-28,BTI,British American Tobacco p.l.c.,US,소매,2026-08-27,56.28,2780400,4255715.0,1.1471,121238446080,47,60,55,60,47,0,HOLD,-0.27,-3,False,live,STOCK,20,NEUTRAL,NYSE
2026-08-28T09:15:57.875845+09:00,2026-08-28,BMO,Bank of Montreal,US,금융,2026-08-27,172.13,652354,772097.7,3.415,119999807488,47,60,63,58,55,0,HOLD,0.24,3,False,live,STOCK,54,NEUTRAL,NYSE
2026-08-28T09:15:57.875845+09:00,2026-08-28,PDD,PDD Holdings Inc.,US,소비재,2026-08-27,84.69,8330873,6175763.65,2.7957,120547450880,43,60,60,94,58,1,HOLD,0.09,1,False,live,STOCK,39,NEUTRAL,NASDAQ
2026-08-28T09:15:57.875845+09:00,2026-08-28,CVS,CVS Health Corp.,US,제약/바이오,2026-08-27,92.92,4327262,7844208.1,2.0529,118841925632,28,65,70,74,52,2,HOLD,-0.04,0,False,live,STOCK,41,NEUTRAL,NYSE
2026-08-28T09:15:57.875845+09:00,2026-08-28,PBR,Petróleo Brasileiro S.A. - Petrobras,US,에너지,2026-08-27,18.25,19597516,17846760.8,0.51,117609684992,87,60,50,73,65,2,WATCH,0.6,7,False,live,STOCK,48,NEUTRAL,NYSE
2026-08-28T09:15:57.875845+09:00,2026-08-28,LOW,"Lowe's Companies, Inc.",US,소비재,2026-08-27,206.74,3060474,2904238.7,5.6264,,35,60,60,60,50,0,HOLD,-0.12,-1,False,live,STOCK,48,NEUTRAL,NYSE
2026-08-28T09:15:57.875845+09:00,2026-08-28,HDB,HDFC Bank Limited,US,금융,2026-08-27,22.46,12275880,8092049.0,0.3957,115377012736,42,60,60,52,48,0,HOLD,-0.19,-2,False,live,STOCK,33,NEUTRAL,NYSE
2026-08-28T09:15:57.875845+09:00,2026-08-28,MDT,Medtronic plc,US,제약/바이오,2026-08-27,89.97,7769175,6708058.75,2.0129,115159875584,66,65,55,58,63,1,HOLD,0.69,8,False,live,STOCK,77,NEUTRAL,NYSE
2026-08-28T09:15:57.875845+09:00,2026-08-28,ADBE,Adobe Inc.,US,IT,2026-08-27,289.15,6507340,4342617.0,10.6939,114937118720,81,60,60,76,74,3,BUY,1.02,12,False,live,STOCK,84,NEUTRAL,NASDAQ
2026-08-28T09:15:57.875845+09:00,2026-08-28,ACN,Accenture plc,US,IT,2026-08-27,187.38,4927617,5598655.85,7.1786,114665709568,80,60,50,68,67,2,WATCH,0.65,8,False,live,STOCK,71,NEUTRAL,NYSE
2026-08-28T09:15:57.875845+09:00,2026-08-28,SNOW,Snowflake Inc.,US,IT,2026-08-27,329.11,4066036,4445396.8,12.3899,114069520384,66,60,60,22,58,1,HOLD,0.62,7,False,live,STOCK,77,NEUTRAL,NYSE
2026-08-28T09:15:57.875845+09:00,2026-08-28,ADP,"Automatic Data Processing, Inc.",US,IT,2026-08-27,284.68,1766337,2214521.85,5.9593,113092755456,70,60,50,42,60,2,WATCH,0.64,8,False,live,STOCK,77,NEUTRAL,NASDAQ
2026-08-28T09:15:57.875845+09:00,2026-08-28,BNS,The Bank of Nova Scotia,US,금융,2026-08-27,92.93,2342288,2243834.4,1.9196,113265868800,88,60,60,60,69,1,HOLD,0.96,12,False,live,STOCK,63,NEUTRAL,NYSE
2026-08-28T09:15:57.875845+09:00,2026-08-28,MO,"Altria Group, Inc.",US,소매,2026-08-27,67.67,5851056,9626527.8,1.5443,112991567872,65,60,60,68,66,1,HOLD,0.54,6,False,live,STOCK,76,NEUTRAL,NYSE
2026-08-28T09:15:57.875845+09:00,2026-08-28,FCX,Freeport-McMoRan Inc.,US,소재,2026-08-27,78.42,15103406,14018175.3,2.7718,112612491264,91,60,50,53,63,1,HOLD,0.77,9,False,live,STOCK,48,NEUTRAL,NYSE
2026-08-28T09:15:57.875845+09:00,2026-08-28,BNY,Bank of New York Mellon Corp,US,금융,2026-08-27,162.24,2324642,2318522.1,2.9009,110080516096,69,60,48,50,57,0,HOLD,0.51,6,False,live,STOCK,60,NEUTRAL,NYSE
2026-08-28T09:15:57.875845+09:00,2026-08-28,BP,BP p.l.c.,US,에너지,2026-08-27,42.34,11735659,8697727.95,0.8796,109039992832,50,60,55,74,59,1,HOLD,0.26,3,False,live,STOCK,63,NEUTRAL,NYSE
2026-08-28T09:15:57.875845+09:00,2026-08-28,ABNB,"Airbnb, Inc.",US,소비재,2026-08-27,184.4,4791779,5492133.95,5.3975,110416076800,73,60,50,42,61,2,WATCH,0.7,8,False,live,STOCK,80,NEUTRAL,NASDAQ
2026-08-28T09:15:57.875845+09:00,2026-08-28,NET,"Cloudflare, Inc.",US,IT,2026-08-27,308.23,4249698,4125099.9,16.8213,109754449920,66,60,50,27,55,1,HOLD,0.5,6,False,live,STOCK,72,NEUTRAL,NYSE
2026-08-28T09:15:57.875845+09:00,2026-08-28,AEM,Agnico Eagle Mines Limited,US,소재,2026-08-27,215.44,2006691,3552124.55,8.1679,109091250176,69,60,55,45,64,1,HOLD,0.76,9,False,live,STOCK,87,NEUTRAL,NYSE
2026-08-28T09:15:57.875845+09:00,2026-08-28,ENB,Enbridge Inc.,US,에너지,2026-08-27,49.94,4067003,5665840.15,0.8834,109073227776,50,60,60,37,46,0,HOLD,-0.19,-2,False,live,STOCK,29,NEUTRAL,NYSE
2026-08-28T09:15:57.875845+09:00,2026-08-28,SPOT,Spotify Technology S.A.,US,인터넷,2026-08-27,527.25,1758765,2031993.25,21.1861,108394274816,84,65,50,42,58,1,HOLD,0.51,6,False,live,STOCK,48,NEUTRAL,NYSE
2026-08-28T09:15:57.875845+09:00,2026-08-28,SNY,Sanofi,US,제약/바이오,2026-08-27,44.84,2290788,2522234.4,0.6357,107442806784,80,65,55,61,58,1,HOLD,0.38,5,False,live,STOCK,26,NEUTRAL,NASDAQ
2026-08-28T09:15:57.875845+09:00,2026-08-28,HWM,Howmet Aerospace Inc.,US,산업재,2026-08-27,267.65,2390347,2128082.35,7.5414,106739195904,43,60,63,50,46,0,HOLD,-0.13,-2,False,live,STOCK,19,NEUTRAL,NYSE
2026-08-28T09:15:57.875845+09:00,2026-08-28,IBN,ICICI Bank Limited,US,금융,2026-08-27,29.86,4417136,5226061.8,0.469,,47,60,53,58,55,0,HOLD,0.35,4,False,live,STOCK,69,NEUTRAL,NYSE
2026-08-28T09:15:57.875845+09:00,2026-08-28,SOJE,Southern Company (The) Series 2,US,유틸리티,2026-08-27,16.21,32033,50956.65,0.1718,,50,60,48,50,47,0,HOLD,-0.13,-2,False,live,STOCK,40,NEUTRAL,NYSE
2026-08-28T09:15:57.875845+09:00,2026-08-28,CM,Canadian Imperial Bank of Commerce,US,금융,2026-08-27,114.84,1887731,1014221.55,2.6093,104826028032,50,60,55,60,53,0,HOLD,0.16,2,False,live,STOCK,48,NEUTRAL,NYSE
2026-08-28T09:15:57.875845+09:00,2026-08-28,EQIX,"Equinix, Inc.",US,리츠,2026-08-27,1076.45,513181,583094.05,29.9825,106215137280,87,60,48,30,56,1,HOLD,0.44,5,False,live,STOCK,49,NEUTRAL,NASDAQ
2026-08-28T09:15:57.875845+09:00,2026-08-28,MPC,Marathon Petroleum Corporation,US,에너지,2026-08-27,363.54,3019270,2504233.5,11.8948,102091038720,80,60,50,68,71,2,WATCH,0.98,12,False,live,STOCK,93,NEUTRAL,NYSE
2026-08-28T09:15:57.875845+09:00,2026-08-28,SOMN,The Southern Company,US,유틸리티,2026-08-27,48.07,1294776,112023.8,0.5397,,28,60,45,50,39,0,AVOID,-0.52,-6,True,live,STOCK,35,NEUTRAL,NYSE
2026-08-28T09:15:57.875845+09:00,2026-08-28,APP,AppLovin Corporation,US,IT,2026-08-27,312.63,4013145,6953562.25,12.53,105024774144,37,60,60,58,45,0,HOLD,-0.46,-6,False,live,STOCK,20,NEUTRAL,NASDAQ
2026-08-28T09:15:57.875845+09:00,2026-08-28,MCK,McKesson Corporation,US,제약/바이오,2026-08-27,890.51,1003253,1015517.65,23.7064,103824883712,81,65,56,66,60,1,HOLD,0.59,7,False,live,STOCK,26,NEUTRAL,NYSE
2026-08-28T09:15:57.875845+09:00,2026-08-28,CNQ,Canadian Natural Resources Limited,US,에너지,2026-08-27,49.77,3290364,5896658.2,1.1,102600859648,76,60,53,63,65,1,HOLD,0.72,9,False,live,STOCK,69,NEUTRAL,NYSE
2026-08-28T09:15:57.875845+09:00,2026-08-28,VRT,Vertiv Holdings Co,US,산업재,2026-08-27,269.28,4602346,4909107.3,12.9201,103669612544,28,60,60,35,41,0,AVOID,-0.55,-7,True,live,STOCK,36,NEUTRAL,NYSE
2026-08-28T09:15:57.875845+09:00,2026-08-28,GD,General Dynamics Corporation,US,산업재,2026-08-27,380.06,592345,839777.25,5.9993,102827966464,47,60,53,50,53,0,HOLD,0.21,3,False,live,STOCK,63,NEUTRAL,NYSE
2026-08-28T09:15:57.875845+09:00,2026-08-28,SO,The Southern Company,US,유틸리티,2026-08-27,89.05,6697825,5717256.25,1.2769,102439829504,28,60,53,42,45,0,HOLD,-0.25,-3,False,live,STOCK,62,NEUTRAL,NYSE
2026-08-28T09:15:57.875845+09:00,2026-08-28,CEG,Constellation Energy Corporation,US,유틸리티,2026-08-27,282.41,1717618,2593870.9,8.0763,100059955200,80,60,63,45,62,1,HOLD,0.5,6,False,live,STOCK,48,NEUTRAL,NASDAQ
2026-08-28T09:15:57.875845+09:00,2026-08-28,DASH,"DoorDash, Inc.",US,인터넷,2026-08-27,231.89,3441119,4594485.95,7.7399,101038817280,95,65,50,38,68,2,WATCH,1.02,12,False,live,STOCK,83,NEUTRAL,NASDAQ
2026-08-28T09:15:57.875845+09:00,2026-08-28,CME,CME Group Inc.,US,금융,2026-08-27,280.94,2057910,1819435.5,5.8093,101020196864,67,60,65,45,62,0,HOLD,0.55,7,False,live,STOCK,68,NEUTRAL,NASDAQ
2026-08-28T09:15:57.875845+09:00,2026-08-28,GSK,GSK plc,US,제약/바이오,2026-08-27,50.27,2466100,3123480.0,1.0831,100681039872,25,65,45,63,43,0,AVOID,-0.36,-4,True,live,STOCK,49,NEUTRAL,NYSE
2026-08-28T09:15:57.875845+09:00,2026-08-28,ING,ING Groep N.V.,US,금융,2026-08-27,35.1,1415852,2109542.6,0.4045,100134633472,47,60,50,60,52,0,HOLD,0.23,3,False,live,STOCK,55,NEUTRAL,NYSE
2026-08-28T09:15:57.875845+09:00,2026-08-28,TT,Trane Technologies plc,US,산업재,2026-08-27,454.31,835493,1017974.65,10.195,99958734848,25,60,63,50,46,0,HOLD,-0.22,-3,False,live,STOCK,47,NEUTRAL,NYSE
2026-08-28T09:15:57.875845+09:00,2026-08-28,VLO,Valero Energy Corporation,US,에너지,2026-08-27,346.59,1946739,2481886.95,10.6036,99792773120,58,60,60,71,66,2,WATCH,0.73,9,False,live,STOCK,84,NEUTRAL,NYSE
2026-08-28T09:15:57.875845+09:00,2026-08-28,EQNR,Equinor ASA,US,에너지,2026-08-27,41.55,2275373,2721578.65,0.9591,98613354496,59,60,55,78,58,1,HOLD,0.41,5,False,live,STOCK,40,NEUTRAL,NYSE
2026-08-28T09:15:57.875845+09:00,2026-08-28,HOOD,"Robinhood Markets, Inc.",US,금융,2026-08-27,109.76,13711339,18799731.95,5.8214,98683273216,73,60,60,42,61,1,HOLD,0.69,8,False,live,STOCK,63,NEUTRAL,NASDAQ
2026-08-28T09:15:57.875845+09:00,2026-08-28,SMFG,"Sumitomo Mitsui Financial Group, Inc.",US,금융,2026-08-27,25.43,1028087,1352169.35,0.4704,161565310976,47,60,50,60,53,0,HOLD,0.25,3,False,live,STOCK,58,NEUTRAL,NYSE
2026-08-28T09:15:57.875845+09:00,2026-08-28,KKR,KKR & Co. Inc.,US,금융,2026-08-27,109.32,2587942,4927837.1,3.9824,100966916096,62,60,58,66,64,1,HOLD,0.66,8,False,live,STOCK,74,NEUTRAL,NYSE
2026-08-28T09:15:57.875845+09:00,2026-08-28,MELI,"MercadoLibre, Inc.",US,소비재,2026-08-27,1930.75,370014,498965.7,72.3464,97882849280,84,60,65,42,68,2,WATCH,0.98,12,False,live,STOCK,77,NEUTRAL,NASDAQ
2026-08-28T09:15:57.875845+09:00,2026-08-28,USB,U.S. Bancorp,US,금융,2026-08-27,62.4,6016550,6181462.5,1.0093,97222410240,44,60,73,60,62,2,WATCH,0.56,7,False,live,STOCK,75,NEUTRAL,NYSE
2026-08-28T09:15:57.875845+09:00,2026-08-28,PNC,"The PNC Financial Services Group, Inc.",US,금융,2026-08-27,243.51,1891935,1453501.75,4.1429,97146773504,47,60,63,60,59,0,HOLD,0.41,5,False,live,STOCK,69,NEUTRAL,NYSE
2026-08-28T09:15:57.875845+09:00,2026-08-28,PSX,Phillips 66,US,에너지,2026-08-27,239.81,2415181,2806069.05,7.3937,96148226048,80,60,50,60,68,2,WATCH,0.91,11,False,live,STOCK,87,NEUTRAL,NYSE
2026-08-28T09:15:57.875845+09:00,2026-08-28,CDNS,"Cadence Design Systems, Inc.",US,IT,2026-08-27,347.55,2715333,2073191.65,9.9307,95712829440,69,60,60,30,54,0,HOLD,0.18,2,False,live,STOCK,47,NEUTRAL,NASDAQ
2026-08-28T09:15:57.875845+09:00,2026-08-28,CSX,CSX Corporation,US,산업재,2026-08-27,51.54,7307119,9786365.95,0.8221,95476555776,91,60,45,58,65,1,HOLD,0.81,10,False,live,STOCK,61,NEUTRAL,NASDAQ
2026-08-28T09:15:57.875845+09:00,2026-08-28,INTU,Intuit Inc.,US,IT,2026-08-27,348.0,4744905,4045765.25,15.6486,95190876160,62,60,60,74,68,2,WATCH,0.67,8,False,live,STOCK,84,NEUTRAL,NASDAQ
2026-08-28T09:15:57.875845+09:00,2026-08-28,BNH,Brookfield Finance Inc.,US,금융,2026-08-27,15.05,17359,18282.95,0.0919,,31,60,55,50,44,0,AVOID,-0.3,-4,True,live,STOCK,40,NEUTRAL,NYSE
2026-08-28T09:15:57.875845+09:00,2026-08-28,DUK,Duke Energy Corporation,US,유틸리티,2026-08-27,120.84,3199507,4672270.35,1.9151,94219214848,31,60,63,42,51,1,HOLD,-0.01,0,False,live,STOCK,73,NEUTRAL,NYSE
2026-08-28T09:15:57.875845+09:00,2026-08-28,CMCSA,Comcast Corporation,US,인터넷,2026-08-27,26.41,20691574,22935698.7,0.6025,93719494656,84,65,52,73,73,3,BUY,0.94,11,False,live,STOCK,87,NEUTRAL,NASDAQ
2026-08-28T09:15:57.875845+09:00,2026-08-28,PWR,"Quanta Services, Inc.",US,산업재,2026-08-27,621.83,957733,1125971.65,26.2593,93488037888,43,60,68,35,46,0,HOLD,-0.3,-4,False,live,STOCK,26,NEUTRAL,NYSE
2026-08-28T09:15:57.875845+09:00,2026-08-28,BNJ,Brookfield Finance Inc. 4.50% P,US,금융,2026-08-27,15.0306,12363,16153.15,0.1,,46,60,55,50,48,0,HOLD,-0.04,0,False,live,STOCK,40,NEUTRAL,NYSE
2026-08-28T09:15:57.875845+09:00,2026-08-28,BN,Brookfield Corporation,US,금융,2026-08-27,41.43,2653568,4213013.4,0.9214,92486320128,35,60,50,35,45,0,HOLD,-0.3,-4,False,live,STOCK,62,NEUTRAL,NYSE
2026-08-28T09:15:57.875845+09:00,2026-08-28,MAR,"Marriott International, Inc.",US,소비재,2026-08-27,353.87,1452296,1777094.8,6.3805,92277366784,50,60,60,58,50,0,HOLD,-0.11,-1,False,live,STOCK,26,NEUTRAL,NASDAQ
2026-08-28T09:15:57.875845+09:00,2026-08-28,MMM,3M Company,US,산업재,2026-08-27,178.83,2394550,2652697.5,2.9629,92226641920,44,60,63,58,56,0,HOLD,0.36,4,False,live,STOCK,61,NEUTRAL,NYSE
2026-08-28T09:15:57.875845+09:00,2026-08-28,MNST,Monster Beverage Corporation,US,소매,2026-08-27,46.7,7320425,9128926.25,7.5457,91487723520,40,60,70,34,57,2,HOLD,0.05,1,False,live,STOCK,84,NEUTRAL,NASDAQ
2026-08-28T09:15:57.875845+09:00,2026-08-28,HCA,"HCA Healthcare, Inc.",US,제약/바이오,2026-08-27,419.34,974530,1185091.5,10.6143,90787741696,77,65,66,60,68,1,HOLD,0.82,10,False,live,STOCK,63,NEUTRAL,NYSE
2026-08-28T09:15:57.875845+09:00,2026-08-28,WMB,"The Williams Companies, Inc.",US,에너지,2026-08-27,74.19,7517596,6511714.8,2.1768,90746798080,72,60,53,42,61,2,WATCH,0.56,7,False,live,STOCK,76,NEUTRAL,NYSE
2026-08-28T09:15:57.875845+09:00,2026-08-28,MRSH,"Marsh & McLennan Companies, Inc.",US,금융,2026-08-27,190.0,2674259,1943047.95,3.6136,90670137344,47,60,32,66,48,0,HOLD,0.06,1,False,live,STOCK,55,NEUTRAL,NYSE
2026-08-28T09:15:57.875845+09:00,2026-08-28,BCS,Barclays PLC,US,금융,2026-08-27,26.87,1824009,2744490.45,0.3707,90255376384,47,60,50,78,54,1,HOLD,0.16,2,False,live,STOCK,45,NEUTRAL,NYSE
2026-08-28T09:15:57.875845+09:00,2026-08-28,ICE,"Intercontinental Exchange, Inc.",US,금융,2026-08-27,161.24,3119422,3549596.1,3.0289,90519248896,69,60,53,50,62,1,HOLD,0.6,7,False,live,STOCK,75,NEUTRAL,NYSE
2026-08-28T09:15:57.875845+09:00,2026-08-28,UPS,"United Parcel Service, Inc.",US,산업재,2026-08-27,105.68,2808087,4785324.35,1.8166,89910599680,72,60,63,66,62,1,HOLD,0.43,5,False,live,STOCK,39,NEUTRAL,NYSE
2026-08-28T09:15:57.875845+09:00,2026-08-28,SNPS,"Synopsys, Inc.",US,IT,2026-08-27,464.89,4068779,1654733.95,14.2807,89016827904,59,60,63,43,55,0,HOLD,0.21,3,False,live,STOCK,50,NEUTRAL,NASDAQ
2026-08-28T09:15:57.875845+09:00,2026-08-28,EMR,Emerson Electric Co.,US,산업재,2026-08-27,157.71,1677978,2800413.9,3.4214,87970643968,47,60,70,58,62,2,WATCH,0.52,6,False,live,STOCK,77,NEUTRAL,NYSE
2026-08-28T09:15:57.875845+09:00,2026-08-28,MCO,Moody's Corporation,US,금융,2026-08-27,509.02,561406,706030.3,10.4871,88152588288,81,60,50,42,60,1,HOLD,0.66,8,False,live,STOCK,63,NEUTRAL,NYSE
2026-08-28T09:15:57.875845+09:00,2026-08-28,WM,"Waste Management, Inc.",US,산업재,2026-08-27,217.76,2275630,2009121.5,3.5427,87041982464,20,60,60,50,38,0,AVOID,-0.49,-6,True,live,STOCK,19,NEUTRAL,NYSE
2026-08-28T09:15:57.875845+09:00,2026-08-28,ELV,Elevance Health Inc.,US,제약/바이오,2026-08-27,399.11,568991,902769.55,9.0871,86554697728,65,65,85,68,72,1,HOLD,0.79,9,False,live,STOCK,67,NEUTRAL,NYSE
2026-08-28T09:15:57.875845+09:00,2026-08-28,DDOG,"Datadog, Inc.",US,IT,2026-08-27,242.93,4508285,5203364.25,14.0739,87230087168,28,60,63,35,44,0,AVOID,-0.26,-3,True,live,STOCK,48,NEUTRAL,NASDAQ
2026-08-28T09:15:57.875845+09:00,2026-08-28,JCI,Johnson Controls International plc,US,소재,2026-08-27,142.21,1926934,3092446.7,3.7204,86142492672,47,60,50,50,49,0,HOLD,0.03,0,False,live,STOCK,48,NEUTRAL,NYSE
2026-08-28T09:15:57.875845+09:00,2026-08-28,LYG,Lloyds Banking Group plc,US,금융,2026-08-27,5.92,10645552,12352612.6,0.0902,85739503616,47,60,58,76,50,1,HOLD,0.02,0,False,live,STOCK,16,NEUTRAL,NYSE
2026-08-28T09:15:57.875845+09:00,2026-08-28,ASX,"ASE Technology Holding Co., Ltd.",US,반도체,2026-08-27,38.9,6570720,7002636.0,1.6379,101282586624,72,65,55,37,54,1,HOLD,0.31,4,False,live,STOCK,44,NEUTRAL,NYSE
2026-08-28T09:15:57.875845+09:00,2026-08-28,EPD,Enterprise Products Partners L.P.,US,에너지,2026-08-27,39.05,2082600,3028980.0,0.5825,84327587840,88,60,55,60,72,2,WATCH,0.96,12,False,live,STOCK,84,NEUTRAL,NYSE
2026-08-28T09:15:57.875845+09:00,2026-08-28,SHW,The Sherwin-Williams Company,US,소재,2026-08-27,345.21,1235408,1671305.4,7.5228,83802537984,36,60,60,50,52,0,HOLD,0.21,3,False,live,STOCK,67,NEUTRAL,NYSE
2026-08-28T09:15:57.875845+09:00,2026-08-28,REGN,"Regeneron Pharmaceuticals, Inc.",US,제약/바이오,2026-08-27,807.71,611729,733181.45,18.96,83157778432,66,65,60,58,66,1,HOLD,0.79,9,False,live,STOCK,83,NEUTRAL,NASDAQ
2026-08-28T09:15:57.875845+09:00,2026-08-28,BAM,Brookfield Asset Management Ltd.,US,금융,2026-08-27,52.07,1374618,2600660.9,1.3141,83168886784,47,60,61,42,53,0,HOLD,0.23,3,False,live,STOCK,63,NEUTRAL,NYSE
2026-08-28T09:15:57.875845+09:00,2026-08-28,ITUB,Itaú Unibanco Holding S.A.,US,금융,2026-08-27,7.53,22478152,21654612.6,0.2118,82994700288,47,60,55,70,50,1,HOLD,-0.13,-2,False,live,STOCK,26,NEUTRAL,NYSE
2026-08-28T09:15:57.875845+09:00,2026-08-28,CP,Canadian Pacific Kansas City Ltd.,US,산업재,2026-08-27,93.86,1350657,2544102.85,1.7261,82510381056,91,60,63,58,73,2,WATCH,1.0,12,False,live,STOCK,77,NEUTRAL,NYSE
2026-08-28T09:15:57.875845+09:00,2026-08-28,CTAS,Cintas Corporation,US,산업재,2026-08-27,204.15,1281488,1850584.4,3.646,81694613504,62,60,58,29,56,0,HOLD,0.51,6,False,live,STOCK,69,NEUTRAL,NASDAQ
2026-08-28T09:15:57.875845+09:00,2026-08-28,SLB,Slb N.V.,US,에너지,2026-08-27,55.01,15184762,9687073.1,1.5139,81642717184,77,60,60,58,62,1,HOLD,0.5,6,False,live,STOCK,46,NEUTRAL,NYSE
2026-08-28T09:15:57.875845+09:00,2026-08-28,CVNA,Carvana Co.,US,소비재,2026-08-27,74.09,4170014,9123770.7,3.806,82126077952,73,60,58,42,64,2,WATCH,0.64,8,False,live,STOCK,84,NEUTRAL,NYSE
2026-08-28T09:15:57.875845+09:00,2026-08-28,AMT,American Tower Corporation,US,리츠,2026-08-27,174.16,2204821,2239006.05,3.5721,81151606784,73,60,60,42,57,1,HOLD,0.28,3,False,live,STOCK,44,NEUTRAL,NYSE
2026-08-28T09:15:57.875845+09:00,2026-08-28,ITW,Illinois Tool Works Inc.,US,산업재,2026-08-27,281.67,808975,984553.75,4.5493,80219619328,39,60,50,42,49,0,HOLD,0.15,2,False,live,STOCK,69,NEUTRAL,NYSE
2026-08-28T09:15:57.875845+09:00,2026-08-28,MSI,"Motorola Solutions, Inc.",US,IT,2026-08-27,486.54,523563,1011013.15,10.5461,80519348224,95,60,50,50,62,1,HOLD,0.76,9,False,live,STOCK,40,NEUTRAL,NYSE
2026-08-28T09:15:57.875845+09:00,2026-08-28,ECL,Ecolab Inc.,US,소재,2026-08-27,285.91,1376984,1459524.2,5.3521,80148750336,84,60,55,58,70,2,WATCH,0.95,11,False,live,STOCK,84,NEUTRAL,NYSE
2026-08-28T09:15:57.875845+09:00,2026-08-28,NGG,National Grid plc,US,유틸리티,2026-08-27,79.43,602077,736418.85,1.1461,79855747072,31,60,55,52,47,0,HOLD,-0.23,-3,False,live,STOCK,52,NEUTRAL,NYSE
2026-08-28T09:15:57.875845+09:00,2026-08-28,MDLZ,"Mondelez International, Inc.",US,소매,2026-08-27,62.43,6382399,7072929.95,1.1929,79679913984,43,60,63,50,50,0,HOLD,0.01,0,False,live,STOCK,40,NEUTRAL,NASDAQ
2026-08-28T09:15:57.875845+09:00,2026-08-28,B,Barrick Mining Corporation,US,소재,2026-08-27,47.32,7967646,12007882.3,1.6891,77883252736,84,60,50,68,65,1,HOLD,0.72,9,False,live,STOCK,55,NEUTRAL,NYSE
2026-08-28T09:15:57.875845+09:00,2026-08-28,CMI,Cummins Inc.,US,산업재,2026-08-27,573.87,948621,945906.05,16.0861,79001518080,20,60,70,58,44,1,AVOID,-0.5,-6,True,live,STOCK,26,NEUTRAL,NYSE
2026-08-28T09:15:57.875845+09:00,2026-08-28,SU,Suncor Energy Inc.,US,에너지,2026-08-27,66.42,2554320,4317531.0,1.6246,78425096192,59,60,53,63,54,0,HOLD,0.23,3,False,live,STOCK,40,NEUTRAL,NYSE
2026-08-28T09:15:57.875845+09:00,2026-08-28,FDX,FedEx Corporation,US,산업재,2026-08-27,331.41,814971,1443848.55,8.3689,78434951168,87,60,66,68,65,1,HOLD,0.58,7,False,live,STOCK,26,NEUTRAL,NYSE
2026-08-28T09:15:57.875845+09:00,2026-08-28,NTES,"NetEase, Inc.",US,IT,2026-08-27,122.69,528818,851370.9,4.6114,78552293376,43,60,58,68,58,1,HOLD,0.2,2,False,live,STOCK,71,NEUTRAL,NASDAQ
2026-08-28T09:15:57.875845+09:00,2026-08-28,NSC,Norfolk Southern Corporation,US,산업재,2026-08-27,347.93,1243972,1167243.6,6.0704,78147985408,91,60,60,45,65,1,HOLD,0.88,11,False,live,STOCK,54,NEUTRAL,NYSE
2026-08-28T09:15:57.875845+09:00,2026-08-28,GM,General Motors Company,US,소비재,2026-08-27,86.18,6217508,4891800.4,1.9486,77945634816,43,60,50,74,55,1,HOLD,0.11,1,False,live,STOCK,60,NEUTRAL,NYSE
2026-08-28T09:15:57.875845+09:00,2026-08-28,NOC,Northrop Grumman Corporation,US,산업재,2026-08-27,545.13,809844,664312.2,12.595,77442818048,43,60,45,55,50,0,HOLD,-0.08,-1,False,live,STOCK,63,NEUTRAL,NYSE
2026-08-28T09:15:57.875845+09:00,2026-08-28,E,Eni S.p.A.,US,에너지,2026-08-27,53.22,234532,351996.6,0.9786,76673105920,46,60,50,70,52,1,HOLD,0.01,0,False,live,STOCK,45,NEUTRAL,NYSE
2026-08-28T09:15:57.875845+09:00,2026-08-28,TRV,"The Travelers Companies, Inc.",US,금융,2026-08-27,369.33,1221999,1651559.95,6.7496,77033013248,48,60,53,78,57,1,HOLD,0.33,4,False,live,STOCK,54,NEUTRAL,NYSE
2026-08-28T09:15:57.875845+09:00,2026-08-28,EOG,"EOG Resources, Inc.",US,에너지,2026-08-27,144.5,3232143,2900677.15,3.3954,75794464768,54,60,60,78,64,2,WATCH,0.53,6,False,live,STOCK,71,NEUTRAL,NYSE
2026-08-28T09:15:57.875845+09:00,2026-08-28,APO,"Apollo Global Management, Inc.",US,금융,2026-08-27,133.44,1839878,3573078.9,4.3014,78802083840,58,60,63,58,62,1,HOLD,0.48,6,False,live,STOCK,71,NEUTRAL,NYSE
2026-08-28T09:15:57.875845+09:00,2026-08-28,CNI,Canadian National Railway Company,US,산업재,2026-08-27,126.48,750832,1176331.6,1.9343,76507750400,47,60,63,50,56,0,HOLD,0.31,4,False,live,STOCK,67,NEUTRAL,NYSE
2026-08-28T09:15:57.875845+09:00,2026-08-28,RCL,Royal Caribbean Cruises Ltd.,US,소비재,2026-08-27,284.8,1338978,1527603.9,8.0129,76170346496,35,60,63,60,45,0,HOLD,-0.27,-3,False,live,STOCK,16,NEUTRAL,NYSE
2026-08-28T09:15:57.875845+09:00,2026-08-28,TGT,Target Corporation,US,소매,2026-08-27,165.93,4371885,4946784.25,5.539,75380580352,85,60,53,60,71,2,WATCH,1.02,12,False,live,STOCK,87,NEUTRAL,NYSE
2026-08-28T09:15:57.875845+09:00,2026-08-28,DB,Deutsche Bank AG,US,금융,2026-08-27,40.07,1692179,1712478.95,0.5571,75291533312,82,60,63,80,72,2,WATCH,0.97,12,False,live,STOCK,61,NEUTRAL,NYSE
2026-08-28T09:15:57.875845+09:00,2026-08-28,APOS,"Apollo Global Management, Inc.",US,금융,2026-08-27,25.71,98344,65162.2,0.1689,,69,60,58,50,56,0,HOLD,0.29,3,False,live,STOCK,40,NEUTRAL,NYSE
2026-08-28T09:15:57.875845+09:00,2026-08-28,LITE,Lumentum Holdings Inc.,US,IT,2026-08-27,956.14,4107874,5054793.7,79.1273,85765758976,84,60,50,50,67,2,WATCH,0.87,10,False,live,STOCK,84,NEUTRAL,NASDAQ
2026-08-28T09:15:57.875845+09:00,2026-08-28,AON,Aon plc,US,금융,2026-08-27,349.56,678496,845874.8,6.9318,74150567936,47,60,53,45,44,0,AVOID,-0.07,-1,True,live,STOCK,23,NEUTRAL,NYSE
2026-08-28T09:15:57.875845+09:00,2026-08-28,ROST,"Ross Stores, Inc.",US,소비재,2026-08-27,229.87,2077292,2719164.6,6.7843,73737945088,35,60,55,42,45,0,HOLD,-0.21,-3,False,live,STOCK,48,NEUTRAL,NASDAQ
2026-08-28T09:15:57.875845+09:00,2026-08-28,ET,Energy Transfer LP,US,에너지,2026-08-27,21.38,6410880,9655644.0,0.3543,73617743872,81,60,75,68,73,2,WATCH,1.02,12,False,live,STOCK,61,NEUTRAL,NYSE
2026-08-28T09:15:57.875845+09:00,2026-08-28,CI,Cigna Corporation,US,제약/바이오,2026-08-27,277.67,1129448,1788642.4,6.0164,73371656192,50,65,60,94,63,1,HOLD,0.3,4,False,live,STOCK,55,NEUTRAL,NYSE
2026-08-28T09:15:57.875845+09:00,2026-08-28,HLT,Hilton Worldwide Holdings Inc.,US,소비재,2026-08-27,325.68,1367407,1968065.35,6.7872,73299140608,72,60,60,50,54,1,HOLD,0.2,2,False,live,STOCK,20,NEUTRAL,NYSE
2026-08-28T09:15:57.875845+09:00,2026-08-28,RACE,Ferrari N.V.,US,소비재,2026-08-27,414.04,301692,456089.6,7.2979,72773672960,66,60,60,37,60,1,HOLD,0.66,8,False,live,STOCK,75,NEUTRAL,NYSE
2026-08-28T09:15:57.875845+09:00,2026-08-28,ORLY,"O'Reilly Automotive, Inc.",US,소비재,2026-08-27,87.83,4071320,4617876.0,1.9964,71051026432,35,60,58,50,48,0,HOLD,-0.1,-1,False,live,STOCK,52,NEUTRAL,NASDAQ
2026-08-28T09:15:57.875845+09:00,2026-08-28,CL,Colgate-Palmolive Company,US,소매,2026-08-27,90.96,3200010,4316670.5,1.6556,72510840832,43,60,53,50,53,1,HOLD,0.1,1,False,live,STOCK,71,NEUTRAL,NYSE
2026-08-28T09:15:57.875845+09:00,2026-08-28,WBD,"Warner Bros. Discovery, Inc.",US,인터넷,2026-08-27,28.88,13701614,20497690.7,0.4107,72406106112,69,65,53,38,60,1,HOLD,0.54,6,False,live,STOCK,77,NEUTRAL,NASDAQ
2026-08-28T09:15:57.875845+09:00,2026-08-28,NU,Nu Holdings Ltd.,US,금융,2026-08-27,14.88,47683893,65218869.65,0.6967,71880646656,84,60,45,66,62,1,HOLD,0.64,8,False,live,STOCK,48,NEUTRAL,NYSE
2026-08-28T09:15:57.875845+09:00,2026-08-28,HPE,Hewlett Packard Enterprise Company,US,IT,2026-08-27,54.41,14920793,15484889.65,2.7577,72049909760,66,60,78,66,68,1,HOLD,0.84,10,False,live,STOCK,60,NEUTRAL,NYSE
2026-08-28T09:15:57.875845+09:00,2026-08-28,MFC,Manulife Financial Corporation,US,금융,2026-08-27,43.15,1137313,3025335.65,0.6569,71711064064,47,60,58,76,57,1,HOLD,0.33,4,False,live,STOCK,51,NEUTRAL,NYSE
2026-08-28T09:15:57.875845+09:00,2026-08-28,WPM,Wheaton Precious Metals Corp.,US,소재,2026-08-27,157.99,1706123,2438911.15,5.6989,71752736768,74,60,60,50,68,2,WATCH,0.9,11,False,live,STOCK,87,NEUTRAL,NYSE
2026-08-28T09:15:57.875845+09:00,2026-08-28,DLR,"Digital Realty Trust, Inc.",US,리츠,2026-08-27,192.1,1154024,1905196.2,4.5836,72549203968,43,60,66,46,52,0,HOLD,0.09,1,False,live,STOCK,52,NEUTRAL,NYSE
2026-08-28T09:15:57.875845+09:00,2026-08-28,SE,Sea Limited,US,소비재,2026-08-27,118.32,2804115,4741120.75,5.25,,66,60,50,50,63,1,HOLD,0.73,9,False,live,STOCK,93,NEUTRAL,NYSE
2026-08-28T09:15:57.875845+09:00,2026-08-28,AMX,"América Móvil, S.A.B. de C.V.",US,인터넷,2026-08-27,23.5,1933931,3061961.55,0.4093,70397419520,50,65,55,76,55,1,HOLD,0.0,0,False,live,STOCK,42,NEUTRAL,NYSE
2026-08-28T09:15:57.875845+09:00,2026-08-28,KMI,"Kinder Morgan, Inc.",US,에너지,2026-08-27,31.54,8188391,10396254.55,0.8221,70233341952,35,60,53,45,50,1,HOLD,-0.02,0,False,live,STOCK,71,NEUTRAL,NYSE
2026-08-28T09:15:57.875845+09:00,2026-08-28,SATA,Strive Inc. Perp. Pfd. Series A,US,금융,2026-08-27,100.01,518501,209450.05,0.4439,,87,60,58,42,68,2,WATCH,0.82,10,False,live,STOCK,78,NEUTRAL,NASDAQ
2026-08-28T09:15:57.875845+09:00,2026-08-28,HON,Honeywell International Inc.,US,산업재,2026-08-27,220.39,2246267,3028453.35,5.0547,69850406912,17,60,52,65,45,0,HOLD,-0.48,-6,False,live,STOCK,58,NEUTRAL,NASDAQ
2026-08-28T09:15:57.875845+09:00,2026-08-28,SPG,"Simon Property Group, Inc.",US,리츠,2026-08-27,214.89,1327402,1279065.1,3.3,81577287680,32,60,72,47,50,1,HOLD,0.01,0,False,live,STOCK,45,NEUTRAL,NYSE
2026-08-28T09:15:57.875845+09:00,2026-08-28,BSX,Boston Scientific Corporation,US,제약/바이오,2026-08-27,46.67,16236624,19520566.2,1.7279,67635539968,46,65,75,66,62,1,HOLD,0.31,4,False,live,STOCK,63,NEUTRAL,NYSE
2026-08-28T09:15:57.875845+09:00,2026-08-28,APD,"Air Products and Chemicals, Inc.",US,소재,2026-08-27,305.47,999079,956058.95,6.0386,68023750656,62,60,60,42,60,1,HOLD,0.57,7,False,live,STOCK,77,NEUTRAL,NYSE
2026-08-28T09:15:57.875845+09:00,2026-08-28,RSG,"Republic Services, Inc.",US,산업재,2026-08-27,219.27,1771425,1387831.25,3.5157,67143323648,76,60,67,45,57,1,HOLD,0.49,6,False,live,STOCK,26,NEUTRAL,NYSE
2026-08-28T09:15:57.875845+09:00,2026-08-28,AJG,Arthur J. Gallagher & Co.,US,금융,2026-08-27,260.15,977355,1314937.75,7.615,66687107072,95,60,63,58,74,2,WATCH,1.18,14,False,live,STOCK,77,NEUTRAL,NYSE
2026-08-28T09:15:57.875845+09:00,2026-08-28,AEP,"American Electric Power Company, Inc.",US,유틸리티,2026-08-27,122.71,2714554,3715357.7,2.1107,66803003392,28,60,60,42,45,0,HOLD,-0.25,-3,False,live,STOCK,52,NEUTRAL,NASDAQ
2026-08-28T09:15:57.875845+09:00,2026-08-28,PCAR,PACCAR Inc,US,산업재,2026-08-27,126.54,2286810,3021910.5,2.7361,66606223360,47,60,45,58,44,0,AVOID,-0.04,0,True,live,STOCK,25,NEUTRAL,NASDAQ
2026-08-28T09:15:57.875845+09:00,2026-08-28,TDG,TransDigm Group Incorporated,US,산업재,2026-08-27,1186.48,226770,462808.5,25.9386,65584488448,28,60,56,53,42,0,AVOID,-0.43,-5,True,live,STOCK,33,NEUTRAL,NYSE
2026-08-28T09:15:57.875845+09:00,2026-08-28,ALL,The Allstate Corporation,US,금융,2026-08-27,257.62,1449898,1711774.9,5.9779,65141264384,51,60,53,73,55,1,HOLD,0.31,4,False,live,STOCK,48,NEUTRAL,NYSE
2026-08-28T09:15:57.875845+09:00,2026-08-28,ARGX,argenx SE,US,제약/바이오,2026-08-27,1058.9,322514,315125.7,35.6126,65850634240,80,65,55,42,58,1,HOLD,0.63,8,False,live,STOCK,48,NEUTRAL,NASDAQ
2026-08-28T09:15:57.875845+09:00,2026-08-28,VALE,Vale S.A.,US,소재,2026-08-27,15.31,26432147,25350042.35,0.3932,65155727360,69,60,62,74,64,1,HOLD,0.41,5,False,live,STOCK,47,NEUTRAL,NYSE
2026-08-28T09:15:57.875845+09:00,2026-08-28,TRP,TC Energy Corporation,US,에너지,2026-08-27,62.05,1281164,2217313.2,1.4532,,28,60,50,45,39,0,AVOID,-0.53,-6,True,live,STOCK,32,NEUTRAL,NYSE
2026-08-28T09:15:57.875845+09:00,2026-08-28,URI,"United Rentals, Inc.",US,산업재,2026-08-27,1037.51,407178,422698.9,31.2079,64577204224,35,60,70,58,54,1,HOLD,0.11,1,False,live,STOCK,54,NEUTRAL,NYSE
2026-08-28T09:15:57.875845+09:00,2026-08-28,MPWR,"Monolithic Power Systems, Inc.",US,반도체,2026-08-27,1311.08,458866,687073.3,54.2325,64430403584,15,65,50,35,32,0,AVOID,-0.89,-11,True,live,STOCK,29,NEUTRAL,NASDAQ
2026-08-28T09:15:57.875845+09:00,2026-08-28,BE,Bloom Energy Corporation,US,산업재,2026-08-27,217.83,11605055,13285932.75,17.3629,64156897280,40,60,55,43,42,0,AVOID,-0.48,-6,True,live,STOCK,26,NEUTRAL,NYSE
2026-08-28T09:15:57.875845+09:00,2026-08-28,CRH,CRH plc,US,소재,2026-08-27,95.58,4132518,4499895.9,2.4107,63587893248,47,60,55,60,55,0,HOLD,-0.03,0,False,live,STOCK,62,NEUTRAL,NYSE
2026-08-28T09:15:57.875845+09:00,2026-08-28,RELX,RELX Plc,US,산업재,2026-08-27,36.3,1703371,2265233.55,0.8779,63222493184,84,60,55,50,67,2,WATCH,0.87,10,False,live,STOCK,77,NEUTRAL,NYSE
2026-08-28T09:15:57.875845+09:00,2026-08-28,TFC,Truist Financial Corporation,US,금융,2026-08-27,50.3,4835878,5959808.9,0.8321,61447798784,47,60,66,70,59,1,HOLD,0.32,4,False,live,STOCK,57,NEUTRAL,NYSE
2026-08-28T09:15:57.875845+09:00,2026-08-28,COR,"Cencora, Inc.",US,제약/바이오,2026-08-27,321.23,1073418,1477795.9,8.4231,61299412992,77,65,68,58,68,1,HOLD,0.89,11,False,live,STOCK,63,NEUTRAL,NYSE
2026-08-28T09:15:57.875845+09:00,2026-08-28,GWW,"W.W. Grainger, Inc.",US,산업재,2026-08-27,1321.08,167558,257292.9,21.7539,62224113664,76,60,60,50,61,1,HOLD,0.56,7,False,live,STOCK,49,NEUTRAL,NYSE
2026-08-28T09:15:57.875845+09:00,2026-08-28,TRGP,Targa Resources Corp.,US,에너지,2026-08-27,288.95,1116505,1305360.25,9.3248,61959847936,81,60,53,42,58,1,HOLD,0.61,7,False,live,STOCK,48,NEUTRAL,NYSE
2026-08-28T09:15:57.875845+09:00,2026-08-28,MET,"MetLife, Inc.",US,금융,2026-08-27,96.25,2256230,3347926.5,1.5179,61164654592,47,60,76,58,59,1,HOLD,0.49,6,False,live,STOCK,54,NEUTRAL,NYSE
2026-08-28T09:15:57.875845+09:00,2026-08-28,BKR,Baker Hughes Company,US,에너지,2026-08-27,62.11,8542802,6180540.1,1.5704,61654986752,43,60,50,58,52,0,HOLD,-0.01,0,False,live,STOCK,63,NEUTRAL,NASDAQ
2026-08-28T09:15:57.875845+09:00,2026-08-28,MPLX,MPLX Lp,US,에너지,2026-08-27,59.51,1006855,1325807.75,0.9146,60334702592,69,60,55,55,58,0,HOLD,0.47,6,False,live,STOCK,48,NEUTRAL,NYSE
2026-08-28T09:15:57.875845+09:00,2026-08-28,AU,AngloGold Ashanti plc,US,소재,2026-08-27,118.4,2727738,3230001.9,4.8556,59883081728,73,60,63,84,75,3,BUY,1.04,12,False,live,STOCK,87,NEUTRAL,NYSE
2026-08-28T09:15:57.875845+09:00,2026-08-28,OKE,"ONEOK, Inc.",US,에너지,2026-08-27,94.72,2555544,3740152.2,2.3693,59708616704,81,60,55,60,63,1,HOLD,0.7,8,False,live,STOCK,49,NEUTRAL,NYSE
2026-08-28T09:15:57.875845+09:00,2026-08-28,AFL,Aflac Incorporated,US,금융,2026-08-27,116.58,1769078,2009438.9,1.9909,58446602240,17,60,50,68,43,0,AVOID,-0.36,-4,True,live,STOCK,48,NEUTRAL,NYSE
2026-08-28T09:15:57.875845+09:00,2026-08-28,TEL,TE Connectivity plc,US,반도체,2026-08-27,203.0,1750217,1985695.85,5.6725,58771181568,40,65,63,66,51,0,HOLD,-0.12,-1,False,live,STOCK,34,NEUTRAL,NYSE
2026-08-28T09:15:57.875845+09:00,2026-08-28,OXY,Occidental Petroleum Corporation,US,에너지,2026-08-27,59.17,6047263,8049363.15,1.4179,59148541952,65,60,65,76,62,1,HOLD,0.45,5,False,live,STOCK,40,NEUTRAL,NYSE
2026-08-28T09:15:57.875845+09:00,2026-08-28,LNG,"Cheniere Energy, Inc.",US,에너지,2026-08-27,280.8,2181456,1518272.8,6.9132,57994788864,85,60,66,45,71,2,WATCH,1.07,13,False,live,STOCK,83,NEUTRAL,NYSE
2026-08-28T09:15:57.875845+09:00,2026-08-28,FAST,Fastenal Company,US,산업재,2026-08-27,51.135,5631612,6915370.6,0.925,58677288960,62,60,53,29,57,1,HOLD,0.56,7,False,live,STOCK,83,NEUTRAL,NASDAQ
2026-08-28T09:15:57.875845+09:00,2026-08-28,CVE,Cenovus Energy Inc.,US,에너지,2026-08-27,31.71,4313087,6940814.35,0.9943,58481008640,59,60,53,68,54,0,HOLD,0.29,3,False,live,STOCK,32,NEUTRAL,NYSE
2026-08-28T09:15:57.875845+09:00,2026-08-28,D,"Dominion Energy, Inc.",US,유틸리티,2026-08-27,66.5,3568370,3485348.5,0.8814,58488475648,31,60,60,50,48,0,HOLD,-0.16,-2,False,live,STOCK,52,NEUTRAL,NYSE
2026-08-28T09:15:57.875845+09:00,2026-08-28,TER,"Teradyne, Inc.",US,반도체,2026-08-27,372.06,2442907,2705290.35,23.3579,58168139776,43,65,45,50,47,0,HOLD,-0.14,-2,False,live,STOCK,52,NEUTRAL,NASDAQ
2026-08-28T09:15:57.875845+09:00,2026-08-28,PSA,Public Storage,US,리츠,2026-08-27,311.2,701832,752061.6,5.4207,58115276800,35,60,63,37,49,0,HOLD,0.02,0,False,live,STOCK,63,NEUTRAL,NYSE
2026-08-28T09:15:57.875845+09:00,2026-08-28,COHR,"Coherent, Inc.",US,IT,2026-08-27,295.39,4878954,7617697.7,27.9957,57846886400,15,60,55,43,43,0,AVOID,-0.54,-6,True,live,STOCK,68,NEUTRAL,NYSE
2026-08-28T09:15:57.875845+09:00,2026-08-28,O,Realty Income Corporation,US,리츠,2026-08-27,61.8,5281788,5470304.4,0.7671,58476273664,31,60,63,42,43,0,AVOID,-0.25,-3,True,live,STOCK,34,NEUTRAL,NYSE
2026-08-28T09:15:57.875845+09:00,2026-08-28,NUE,Nucor Corporation,US,소재,2026-08-27,252.37,932792,1520444.6,9.1264,57256615936,40,60,60,53,52,0,HOLD,0.03,0,False,live,STOCK,55,NEUTRAL,NYSE
2026-08-28T09:15:57.875845+09:00,2026-08-28,TAK,Takeda Pharmaceutical Company Limited,US,제약/바이오,2026-08-27,18.03,1726748,3049952.4,0.2628,57578860544,91,65,45,66,68,1,HOLD,0.88,11,False,live,STOCK,69,NEUTRAL,NYSE
2026-08-28T09:15:57.875845+09:00,2026-08-28,NOK,Nokia Oyj,US,IT,2026-08-27,10.59,68696632,71715061.6,0.475,59289649152,62,60,55,43,51,0,HOLD,-0.1,-1,False,live,STOCK,36,NEUTRAL,NYSE
2026-08-28T09:15:57.875845+09:00,2026-08-28,ADSK,"Autodesk, Inc.",US,IT,2026-08-27,270.58,3822314,1806005.7,9.8186,57131679744,81,60,75,66,78,3,BUY,1.23,15,False,live,STOCK,90,NEUTRAL,NASDAQ
2026-08-28T09:15:57.875845+09:00,2026-08-28,NXPI,NXP Semiconductors N.V.,US,반도체,2026-08-27,225.86,2563712,3548900.6,5.9843,56953802752,37,65,73,74,54,2,HOLD,-0.2,-2,False,live,STOCK,30,NEUTRAL,NASDAQ
2026-08-28T09:15:57.875845+09:00,2026-08-28,NKE,"NIKE, Inc.",US,소비재,2026-08-27,38.44,36339492,27192369.6,1.1254,57025691648,18,60,50,50,34,0,AVOID,-0.86,-10,True,live,STOCK,20,NEUTRAL,NYSE
2026-08-28T09:15:57.875845+09:00,2026-08-28,FIX,"Comfort Systems USA, Inc.",US,산업재,2026-08-27,1614.98,344722,391941.1,82.133,56838135808,31,60,50,58,41,0,AVOID,-0.56,-7,True,live,STOCK,26,NEUTRAL,NYSE
2026-08-28T09:15:57.875845+09:00,2026-08-28,MT,ArcelorMittal S.A.,US,소재,2026-08-27,74.63,860919,1410850.95,2.0731,56274132992,62,60,60,58,64,1,HOLD,0.59,7,False,live,STOCK,77,NEUTRAL,NYSE
2026-08-28T09:15:57.875845+09:00,2026-08-28,MRNA,"Moderna, Inc.",US,제약/바이오,2026-08-27,142.77,24915594,29443989.7,19.3134,56998912000,95,65,50,50,72,2,WATCH,1.13,14,False,live,STOCK,93,NEUTRAL,NASDAQ
2026-08-28T09:15:57.875845+09:00,2026-08-28,CIEN,Ciena Corporation,US,IT,2026-08-27,399.85,1205631,1931216.55,28.3736,56599941120,40,60,50,43,42,0,AVOID,-0.5,-6,True,live,STOCK,30,NEUTRAL,NYSE
2026-08-28T09:15:57.875845+09:00,2026-08-28,FANG,"Diamondback Energy, Inc.",US,에너지,2026-08-27,200.52,1254131,1763766.55,5.6885,56149565440,69,60,50,61,56,0,HOLD,0.32,4,False,live,STOCK,42,NEUTRAL,NASDAQ
2026-08-28T09:15:57.875845+09:00,2026-08-28,GRMN,Garmin Ltd.,US,IT,2026-08-27,289.87,654523,860636.15,6.475,55902167040,43,60,53,45,49,0,HOLD,0.14,2,False,live,STOCK,54,NEUTRAL,NYSE
2026-08-28T09:15:57.875845+09:00,2026-08-28,AME,"AMETEK, Inc.",US,산업재,2026-08-27,243.67,760644,1321117.2,4.9018,55864086528,44,60,63,53,54,0,HOLD,0.21,3,False,live,STOCK,55,NEUTRAL,NYSE
2026-08-28T09:15:57.875845+09:00,2026-08-28,F,Ford Motor Company,US,소비재,2026-08-27,13.95,37625967,41375448.35,0.3801,55626960896,33,60,68,57,55,0,HOLD,-0.12,-1,False,live,STOCK,65,NEUTRAL,NYSE
2026-08-28T09:15:57.875845+09:00,2026-08-28,KEYS,"Keysight Technologies, Inc.",US,IT,2026-08-27,325.82,1326185,1398044.25,12.9859,55487148032,43,60,53,50,45,0,HOLD,-0.23,-3,False,live,STOCK,33,NEUTRAL,NYSE
2026-08-28T09:15:57.875845+09:00,2026-08-28,NDAQ,"Nasdaq, Inc.",US,금융,2026-08-27,99.35,2159753,2673892.65,1.8247,55534399488,73,60,45,58,58,1,HOLD,0.44,5,False,live,STOCK,55,NEUTRAL,NASDAQ
2026-08-28T09:15:57.875845+09:00,2026-08-28,SRE,Sempra,US,유틸리티,2026-08-27,84.75,2534392,4001019.6,1.8079,55418056704,50,60,58,58,49,0,HOLD,-0.11,-1,False,live,STOCK,26,NEUTRAL,NYSE
2026-08-28T09:15:57.875845+09:00,2026-08-28,CTVA,"Corteva, Inc.",US,소재,2026-08-27,82.4,3924527,5076606.35,1.9443,54976954368,61,60,58,50,58,0,HOLD,0.4,5,False,live,STOCK,63,NEUTRAL,NYSE
2026-08-28T09:15:57.875845+09:00,2026-08-28,CAH,"Cardinal Health, Inc.",US,제약/바이오,2026-08-27,235.13,1033535,1867591.75,6.4093,54685532160,62,65,53,66,60,0,HOLD,0.55,7,False,live,STOCK,63,NEUTRAL,NYSE
2026-08-28T09:15:57.875845+09:00,2026-08-28,STT,State Street Corporation,US,금융,2026-08-27,193.37,964946,1392777.3,3.8864,53119078400,95,60,63,76,75,2,WATCH,1.13,14,False,live,STOCK,60,NEUTRAL,NYSE
2026-08-28T09:15:57.875845+09:00,2026-08-28,DAL,"Delta Air Lines, Inc.",US,산업재,2026-08-27,81.14,4710403,4622800.15,2.3093,,20,60,60,76,48,1,HOLD,-0.28,-3,False,live,STOCK,45,NEUTRAL,NYSE
2026-08-28T09:15:57.875845+09:00,2026-08-28,PYPL,"PayPal Holdings, Inc.",US,금융,2026-08-27,61.47,9150597,9828809.85,1.3788,52585181184,73,60,50,78,70,3,BUY,0.9,11,False,live,STOCK,90,NEUTRAL,NASDAQ
2026-08-28T09:15:57.875845+09:00,2026-08-28,NBIS,Nebius Group N.V.,US,IT,2026-08-27,218.48,15908149,25355292.45,21.5828,59394928640,50,60,65,58,55,0,HOLD,0.07,1,False,live,STOCK,44,NEUTRAL,NASDAQ
2026-08-28T09:15:57.875845+09:00,2026-08-28,FNV,Franco-Nevada Corporation,US,소재,2026-08-27,271.31,505930,825781.5,7.96,52328591360,74,60,55,50,66,2,WATCH,0.83,10,False,live,STOCK,84,NEUTRAL,NYSE
2026-08-28T09:15:57.875845+09:00,2026-08-28,ALAB,"Astera Labs, Inc. Common Stock",US,반도체,2026-08-27,304.09,2741401,4224755.05,20.7736,52755083264,25,65,65,35,41,0,AVOID,-0.49,-6,True,live,STOCK,36,NEUTRAL,NASDAQ
2026-08-28T09:15:57.875845+09:00,2026-08-28,BDX,"Becton, Dickinson and Company",US,제약/바이오,2026-08-27,188.13,1353615,1820265.75,4.1029,51244134400,73,65,50,66,68,2,WATCH,0.86,10,False,live,STOCK,90,NEUTRAL,NYSE
2026-08-28T09:15:57.875845+09:00,2026-08-28,DVN,Devon Energy Corporation,US,에너지,2026-08-27,47.12,6442087,10291754.35,1.2896,51832000512,91,60,84,70,75,3,BUY,1.03,12,False,live,STOCK,42,NEUTRAL,NYSE
2026-08-28T09:15:57.875845+09:00,2026-08-28,EW,Edwards Lifesciences Corporation,US,제약/바이오,2026-08-27,89.95,3058163,3070343.15,1.9082,51847180288,43,65,63,50,51,0,HOLD,0.06,1,False,live,STOCK,45,NEUTRAL,NYSE
2026-08-28T09:15:57.875845+09:00,2026-08-28,DEO,Diageo plc,US,소매,2026-08-27,92.09,607667,1324178.35,1.8793,51192827904,44,60,58,66,58,1,HOLD,0.37,4,False,live,STOCK,72,NEUTRAL,NYSE
2026-08-28T09:15:57.875845+09:00,2026-08-28,WDAY,"Workday, Inc.",US,IT,2026-08-27,193.57,7501962,4706618.1,10.9614,47806656512,66,60,45,59,60,1,HOLD,0.56,7,False,live,STOCK,72,NEUTRAL,NASDAQ
2026-08-28T09:15:57.875845+09:00,2026-08-28,XYZ,"Block, Inc.",US,IT,2026-08-27,84.85,5761639,4861251.95,2.5234,50977456128,88,60,63,43,65,1,HOLD,0.84,10,False,live,STOCK,55,NEUTRAL,NYSE
2026-08-28T09:15:57.875845+09:00,2026-08-28,ELC,"Entergy Louisiana, LLC COLLATERAL TR MT",US,유틸리티,2026-08-27,20.03,68766,19113.3,0.1471,,69,60,58,50,56,0,HOLD,0.28,3,False,live,STOCK,40,NEUTRAL,NYSE
2026-08-28T09:15:57.875845+09:00,2026-08-28,COIN,"Coinbase Global, Inc.",US,금융,2026-08-27,190.72,9185527,10047131.35,10.1404,50318979072,59,60,53,38,55,0,HOLD,0.26,3,False,live,STOCK,69,NEUTRAL,NASDAQ
2026-08-28T09:15:57.875845+09:00,2026-08-28,WAB,Westinghouse Air Brake Technologies Corp,US,산업재,2026-08-27,297.28,626322,889956.1,5.5757,50213818368,69,60,45,50,55,0,HOLD,0.43,5,False,live,STOCK,54,NEUTRAL,NYSE
2026-08-28T09:15:57.875845+09:00,2026-08-28,AMP,"Ameriprise Financial, Inc.",US,금융,2026-08-27,555.77,303270,388243.5,10.6307,49092952064,51,60,53,68,57,0,HOLD,0.38,5,False,live,STOCK,60,NEUTRAL,NYSE
2026-08-28T09:15:57.875845+09:00,2026-08-28,FITB,Fifth Third Bancorp,US,금융,2026-08-27,54.85,4643345,5147147.25,0.9321,49743052800,24,60,45,58,43,0,AVOID,-0.22,-3,True,live,STOCK,54,NEUTRAL,NYSE
2026-08-28T09:15:57.875845+09:00,2026-08-28,ETR,Entergy Corporation,US,유틸리티,2026-08-27,106.49,1644202,2048670.1,1.8387,49691586560,50,60,60,50,56,0,HOLD,0.19,2,False,live,STOCK,65,NEUTRAL,NYSE
2026-08-28T09:15:57.875845+09:00,2026-08-28,AXON,"Axon Enterprise, Inc.",US,산업재,2026-08-27,611.2,522997,909129.85,32.41,49652310016,73,60,60,35,65,2,WATCH,0.85,10,False,live,STOCK,90,NEUTRAL,NASDAQ
2026-08-28T09:15:57.875845+09:00,2026-08-28,LHX,"L3Harris Technologies, Inc.",US,산업재,2026-08-27,261.98,1684438,1642416.9,6.2004,48784510976,10,60,63,58,44,0,AVOID,-0.56,-7,True,live,STOCK,55,NEUTRAL,NYSE
2026-08-28T09:15:57.875845+09:00,2026-08-28,TEAM,Atlassian Corporation,US,IT,2026-08-27,185.62,6064384,5431239.2,8.7905,46987624448,80,60,60,42,69,2,WATCH,1.0,12,False,live,STOCK,93,NEUTRAL,NASDAQ
2026-08-28T09:15:57.875845+09:00,2026-08-28,NTRA,"Natera, Inc.",US,제약/바이오,2026-08-27,338.7,731056,1496287.8,10.6149,48821633024,95,65,63,50,76,2,WATCH,1.27,15,False,live,STOCK,93,NEUTRAL,NASDAQ
2026-08-28T09:15:57.875845+09:00,2026-08-28,CARR,Carrier Global Corporation,US,산업재,2026-08-27,58.84,5727475,5426918.75,1.4339,48503287808,20,60,73,50,43,1,AVOID,-0.45,-5,True,live,STOCK,26,NEUTRAL,NYSE
2026-08-28T09:15:57.875845+09:00,2026-08-28,INFY,Infosys Limited,US,IT,2026-08-27,11.9,17711718,17258670.9,0.3421,48198561792,40,60,60,60,55,0,HOLD,0.04,0,False,live,STOCK,63,NEUTRAL,NYSE
2026-08-28T09:15:57.875845+09:00,2026-08-28,XEL,Xcel Energy Inc.,US,유틸리티,2026-08-27,77.16,4386816,4756730.8,1.2721,48196784128,28,60,58,42,42,0,AVOID,-0.34,-4,True,live,STOCK,41,NEUTRAL,NASDAQ
2026-08-28T09:15:57.875845+09:00,2026-08-28,ROK,"Rockwell Automation, Inc.",US,산업재,2026-08-27,433.0,548570,857623.5,9.018,48181620736,28,60,60,42,41,0,AVOID,-0.41,-5,True,live,STOCK,32,NEUTRAL,NYSE
2026-08-28T09:15:57.875845+09:00,2026-08-28,PCG,PG&E Corporation,US,유틸리티,2026-08-27,17.95,27499743,25470082.15,0.5232,39532490752,91,60,63,68,77,2,WATCH,1.16,14,False,live,STOCK,86,NEUTRAL,NYSE
2026-08-28T09:15:57.875845+09:00,2026-08-28,AZO,"AutoZone, Inc.",US,소비재,2026-08-27,2932.3301,211435,211646.75,77.1593,,20,60,60,50,47,0,HOLD,-0.21,-3,False,live,STOCK,65,NEUTRAL,NYSE
2026-08-28T09:15:57.875845+09:00,2026-08-28,CMG,"Chipotle Mexican Grill, Inc.",US,소비재,2026-08-27,37.22,9590744,18226302.2,1.1418,47098859520,69,60,63,50,60,0,HOLD,0.63,8,False,live,STOCK,54,NEUTRAL,NYSE
2026-08-28T09:15:57.875845+09:00,2026-08-28,UMC,United Microelectronics Corporation,US,반도체,2026-08-27,19.07,9117829,11424451.45,0.7414,47825817600,65,65,55,66,56,0,HOLD,0.05,1,False,live,STOCK,36,NEUTRAL,NYSE
2026-08-28T09:15:57.875845+09:00,2026-08-28,CCEP,Coca-Cola Europacific Partners PLC,US,소매,2026-08-27,107.32,1052379,1801163.95,1.8957,47368749056,47,60,60,45,55,1,HOLD,0.39,5,False,live,STOCK,71,NEUTRAL,NASDAQ
2026-08-28T09:15:57.875845+09:00,2026-08-28,CRWV,"CoreWeave, Inc. Class A Common Stock",US,IT,2026-08-27,86.8,19456096,30176304.8,7.5819,47873376256,33,60,60,42,40,0,AVOID,-0.57,-7,True,live,STOCK,20,NEUTRAL,NASDAQ
2026-08-28T09:15:57.875845+09:00,2026-08-28,HUM,Humana Inc.,US,제약/바이오,2026-08-27,392.63,892166,1131903.3,12.2529,47147130880,80,65,70,58,72,3,BUY,1.05,13,False,live,STOCK,77,NEUTRAL,NYSE
2026-08-28T09:15:57.875845+09:00,2026-08-28,VST,Vistra Corp.,US,유틸리티,2026-08-27,139.81,2939802,4645910.1,4.4339,46925156352,28,60,66,58,46,0,HOLD,-0.41,-5,False,live,STOCK,32,NEUTRAL,NYSE
2026-08-28T09:15:57.875845+09:00,2026-08-28,RVMD,"Revolution Medicines, Inc.",US,제약/바이오,2026-08-27,221.15,3356829,1798561.45,7.8248,47400497152,82,65,63,42,70,2,WATCH,1.04,12,False,live,STOCK,90,NEUTRAL,NASDAQ
2026-08-28T09:15:57.875845+09:00,2026-08-28,HEI,HEICO Corporation,US,산업재,2026-08-27,337.01,720355,487082.75,10.2314,,35,60,60,34,45,0,HOLD,-0.22,-3,False,live,STOCK,48,NEUTRAL,NYSE
2026-08-28T09:15:57.875845+09:00,2026-08-28,ARES,Ares Management Corporation,US,금융,2026-08-27,142.41,1985026,2296366.3,4.6386,46973460480,62,60,60,35,59,1,HOLD,0.58,7,False,live,STOCK,78,NEUTRAL,NYSE
2026-08-28T09:15:57.875845+09:00,2026-08-28,CCJ,Cameco Corporation,US,에너지,2026-08-27,106.33,1873073,2874698.65,3.6557,46310223872,77,60,60,35,58,1,HOLD,0.33,4,False,live,STOCK,47,NEUTRAL,NYSE
2026-08-28T09:15:57.875845+09:00,2026-08-28,VEEV,Veeva Systems Inc.,US,IT,2026-08-27,282.13,6408234,1964946.7,11.4093,45830127616,77,60,60,50,69,2,WATCH,0.96,12,False,live,STOCK,90,NEUTRAL,NYSE
2026-08-28T09:15:57.875845+09:00,2026-08-28,STM,STMicroelectronics N.V.,US,반도체,2026-08-27,51.34,8107311,7948095.55,1.8654,45798207488,37,65,70,58,48,1,HOLD,-0.33,-4,False,live,STOCK,23,NEUTRAL,NYSE
2026-08-28T09:15:57.875845+09:00,2026-08-28,TRI,Thomson Reuters Corporation,US,산업재,2026-08-27,104.78,1636116,2046340.8,4.171,45393268736,66,60,50,58,60,0,HOLD,0.58,7,False,live,STOCK,69,NEUTRAL,NASDAQ
2026-08-28T09:15:57.875845+09:00,2026-08-28,MSTR,Strategy Inc,US,IT,2026-08-27,137.4,43908722,24641991.1,7.6807,54586499072,62,60,53,62,59,0,HOLD,0.14,2,False,live,STOCK,62,NEUTRAL,NASDAQ
2026-08-28T09:15:57.875845+09:00,2026-08-28,EBAY,eBay Inc.,US,소비재,2026-08-27,102.27,3415628,4584906.4,2.9093,45510148096,47,60,53,50,52,0,HOLD,-0.01,0,False,live,STOCK,62,NEUTRAL,NASDAQ
2026-08-28T09:15:57.875845+09:00,2026-08-28,EXC,Exelon Corporation,US,유틸리티,2026-08-27,43.96,5286072,6053863.6,0.7786,45289963520,28,60,60,52,47,0,HOLD,-0.22,-3,False,live,STOCK,52,NEUTRAL,NASDAQ
2026-08-28T09:15:57.875845+09:00,2026-08-28,FERG,Ferguson plc,US,산업재,2026-08-27,233.26,1019579,4434588.95,7.0036,45124780032,35,60,63,50,55,1,HOLD,0.17,2,False,live,STOCK,78,NEUTRAL,NYSE
2026-08-28T09:15:57.875845+09:00,2026-08-28,VTR,"Ventas, Inc.",US,리츠,2026-08-27,92.89,1529164,3039058.2,1.9086,47647588352,69,60,65,43,65,1,HOLD,0.77,9,False,live,STOCK,83,NEUTRAL,NYSE
2026-08-28T09:15:57.875845+09:00,2026-08-28,PAYX,"Paychex, Inc.",US,산업재,2026-08-27,126.48,1725771,2326723.55,3.0614,44986769408,70,60,50,50,63,2,WATCH,0.72,9,False,live,STOCK,84,NEUTRAL,NASDAQ
2026-08-28T09:15:57.875845+09:00,2026-08-28,CRDO,Credo Technology Group Holding Ltd,US,반도체,2026-08-27,240.24,4222861,4388803.05,19.1184,45149425664,58,65,68,35,54,0,HOLD,0.24,3,False,live,STOCK,46,NEUTRAL,NASDAQ
2026-08-28T09:15:57.875845+09:00,2026-08-28,A,"Agilent Technologies, Inc.",US,제약/바이오,2026-08-27,157.69,3202219,1976315.95,4.2564,44536692736,81,65,60,58,72,2,WATCH,1.05,13,False,live,STOCK,90,NEUTRAL,NYSE
2026-08-28T09:15:57.875845+09:00,2026-08-28,ABEV,Ambev S.A.,US,소매,2026-08-27,2.88,36342250,35684342.5,0.0679,44409597952,47,60,58,68,51,0,HOLD,-0.18,-2,False,live,STOCK,29,NEUTRAL,NYSE
2026-08-28T09:15:57.875845+09:00,2026-08-28,HLN,Haleon plc,US,제약/바이오,2026-08-27,10.04,10238180,7820794.0,0.1622,44152074240,77,65,55,58,67,2,WATCH,0.8,10,False,live,STOCK,77,NEUTRAL,NYSE
2026-08-28T09:15:57.875845+09:00,2026-08-28,WDS,Woodside Energy Group Ltd,US,에너지,2026-08-27,23.29,471284,511959.2,0.4843,,69,60,55,60,59,0,HOLD,0.44,5,False,live,STOCK,49,NEUTRAL,NYSE
2026-08-28T09:15:57.875845+09:00,2026-08-28,TEVA,Teva Pharmaceutical Industries Limited,US,제약/바이오,2026-08-27,37.62,4721075,5160563.75,0.9179,43838439424,91,65,50,51,67,2,WATCH,0.81,10,False,live,STOCK,71,NEUTRAL,NYSE
2026-08-28T09:15:57.875845+09:00,2026-08-28,TTWO,"Take-Two Interactive Software, Inc.",US,IT,2026-08-27,233.0,4195357,2377637.85,8.1657,43566444544,28,60,53,37,37,0,AVOID,-0.44,-5,True,live,STOCK,25,NEUTRAL,NASDAQ
2026-08-28T09:15:57.875845+09:00,2026-08-28,SLF,Sun Life Financial Inc.,US,금융,2026-08-27,78.61,495392,1177154.6,1.185,43763331072,44,60,55,50,53,0,HOLD,0.22,3,False,live,STOCK,66,NEUTRAL,NYSE
2026-08-28T09:15:57.875845+09:00,2026-08-28,KDP,Keurig Dr Pepper Inc.,US,소매,2026-08-27,31.88,7787758,11497647.9,0.8706,43383132160,76,60,65,66,71,2,WATCH,0.87,10,False,live,STOCK,78,NEUTRAL,NASDAQ
2026-08-28T09:15:57.875845+09:00,2026-08-28,IX,ORIX Corporation,US,금융,2026-08-27,38.92,941683,303729.15,0.745,42274746368,43,60,55,70,48,1,HOLD,-0.17,-2,False,live,STOCK,22,NEUTRAL,NYSE
2026-08-28T09:15:57.875845+09:00,2026-08-28,IQV,IQVIA Holdings Inc.,US,제약/바이오,2026-08-27,262.38,1232131,1225621.55,7.3611,43187748864,77,65,50,58,68,2,WATCH,0.89,11,False,live,STOCK,90,NEUTRAL,NYSE
2026-08-28T09:15:57.875845+09:00,2026-08-28,IDXX,"IDEXX Laboratories, Inc.",US,제약/바이오,2026-08-27,545.08,329535,622546.75,15.7564,42942013440,43,65,60,37,49,0,HOLD,-0.05,-1,False,live,STOCK,54,NEUTRAL,NASDAQ
2026-08-28T09:15:57.875845+09:00,2026-08-28,GFI,Gold Fields Limited,US,소재,2026-08-27,48.0,2496511,3794210.55,1.7836,42763034624,78,60,60,65,67,1,HOLD,0.84,10,False,live,STOCK,63,NEUTRAL,NYSE
2026-08-28T09:15:57.875845+09:00,2026-08-28,BSBR,Banco Santander (Brasil) S.A.,US,금융,2026-08-27,5.73,3752118,5017500.9,0.1214,42903531520,55,60,45,86,57,1,HOLD,0.23,3,False,live,STOCK,48,NEUTRAL,NYSE
2026-08-28T09:15:57.875845+09:00,2026-08-28,ROP,"Roper Technologies, Inc.",US,IT,2026-08-27,422.69,907024,712791.2,10.2096,41804410880,85,60,60,68,75,2,WATCH,1.14,14,False,live,STOCK,90,NEUTRAL,NASDAQ
2026-08-28T09:15:57.875845+09:00,2026-08-28,FER,Ferrovial SE,US,산업재,2026-08-27,58.77,1322612,1277045.6,1.2221,42358607872,20,60,55,38,41,0,AVOID,-0.56,-7,True,live,STOCK,55,NEUTRAL,NASDAQ
2026-08-28T09:15:57.875845+09:00,2026-08-28,KB,KB Financial Group Inc.,US,금융,2026-08-27,121.38,105333,189416.65,2.6029,42617257984,62,60,55,78,60,1,HOLD,0.48,6,False,live,STOCK,45,NEUTRAL,NYSE
2026-08-28T09:15:57.875845+09:00,2026-08-28,CBRE,"CBRE Group, Inc.",US,리츠,2026-08-27,147.22,1330930,1335986.5,4.1671,42631274496,47,60,63,58,56,0,HOLD,0.38,5,False,live,STOCK,58,NEUTRAL,NYSE
2026-08-28T09:15:57.875845+09:00,2026-08-28,FLEX,Flex Ltd.,US,IT,2026-08-27,115.3,2963036,3270516.8,5.495,42592165888,18,60,71,58,50,1,HOLD,-0.34,-4,False,live,STOCK,58,NEUTRAL,NASDAQ
2026-08-28T09:15:57.875845+09:00,2026-08-28,CBRS,Cerebras Systems Inc.,US,반도체,2026-08-27,186.67,6035994,7676614.7,19.8775,44346081280,33,65,68,35,47,0,HOLD,-0.31,-4,False,live,STOCK,49,NEUTRAL,NASDAQ
2026-08-28T09:15:57.875845+09:00,2026-08-28,LYV,"Live Nation Entertainment, Inc.",US,인터넷,2026-08-27,180.64,1952312,1983650.6,4.0596,42081804288,47,65,60,22,48,0,HOLD,0.1,1,False,live,STOCK,55,NEUTRAL,NYSE
2026-08-28T09:15:57.875845+09:00,2026-08-28,PRU,"Prudential Financial, Inc.",US,금융,2026-08-27,120.37,1333588,1835989.4,2.0156,41527652352,51,60,63,94,68,2,WATCH,0.68,8,False,live,STOCK,75,NEUTRAL,NYSE
2026-08-28T09:15:57.875845+09:00,2026-08-28,WCN,"Waste Connections, Inc.",US,산업재,2026-08-27,165.68,923024,1089166.2,2.6257,41679990784,32,60,53,58,43,0,AVOID,-0.17,-2,True,live,STOCK,31,NEUTRAL,NYSE
2026-08-28T09:15:57.875845+09:00,2026-08-28,ODFL,"Old Dominion Freight Line, Inc.",US,산업재,2026-08-27,200.06,1170007,1489325.35,5.7636,41606135808,20,60,60,50,39,0,AVOID,-0.63,-8,True,live,STOCK,26,NEUTRAL,NASDAQ
2026-08-28T09:15:57.875845+09:00,2026-08-28,YUM,"Yum! Brands, Inc.",US,소비재,2026-08-27,150.75,1936989,2556584.45,4.0881,41139838976,65,60,53,50,52,0,HOLD,0.15,2,False,live,STOCK,33,NEUTRAL,NYSE
2026-08-28T09:15:57.875845+09:00,2026-08-28,MSCI,MSCI Inc.,US,금융,2026-08-27,569.15,530469,618963.45,12.0033,41377206272,65,60,63,50,56,0,HOLD,0.14,2,False,live,STOCK,39,NEUTRAL,NYSE
2026-08-28T09:15:57.875845+09:00,2026-08-28,FMX,"Fomento Económico Mexicano, S.A.B. de C.",US,소매,2026-08-27,120.34,274556,443622.8,2.4043,40997605376,50,60,60,53,55,0,HOLD,0.18,2,False,live,STOCK,55,NEUTRAL,NYSE
2026-08-28T09:15:57.875845+09:00,2026-08-28,MCHP,Microchip Technology Incorporated,US,반도체,2026-08-27,75.49,7519618,9704310.9,2.7269,40991727616,7,65,73,51,39,1,AVOID,-0.74,-9,True,live,STOCK,24,NEUTRAL,NASDAQ
2026-08-28T09:15:57.875845+09:00,2026-08-28,PFH,"Prudential Financial, Inc. 4.125% Junior",US,금융,2026-08-27,15.585,25690,33514.5,0.221,,65,60,58,50,55,0,HOLD,0.19,2,False,live,STOCK,40,NEUTRAL,NYSE
2026-08-28T09:15:57.875845+09:00,2026-08-28,HMC,"Honda Motor Co., Ltd.",US,소비재,2026-08-27,31.33,770289,1061024.45,0.5225,40656068608,47,60,58,63,55,0,HOLD,0.32,4,False,live,STOCK,55,NEUTRAL,NYSE
2026-08-28T09:15:57.875845+09:00,2026-08-28,AIG,"American International Group, Inc.",US,금융,2026-08-27,76.63,4238193,2986509.65,1.2771,40069304320,25,60,55,94,54,1,HOLD,-0.06,-1,False,live,STOCK,55,NEUTRAL,NYSE
2026-08-28T09:15:57.875845+09:00,2026-08-28,DHI,"D.R. Horton, Inc.",US,소비재,2026-08-27,145.26,1651869,1901763.45,4.1536,40629407744,53,60,73,68,58,1,HOLD,0.21,3,False,live,STOCK,33,NEUTRAL,NYSE
2026-08-28T09:15:57.875845+09:00,2026-08-28,RKT,"Rocket Companies, Inc.",US,금융,2026-08-27,14.24,23564382,25097739.1,0.6557,40322588672,43,60,63,60,58,0,HOLD,0.18,2,False,live,STOCK,69,NEUTRAL,NYSE
2026-08-28T09:15:57.875845+09:00,2026-08-28,JD,"JD.com, Inc.",US,소비재,2026-08-27,28.49,4363017,8629250.85,0.8135,,32,60,63,66,57,1,HOLD,0.12,1,False,live,STOCK,78,NEUTRAL,NASDAQ
2026-08-28T09:15:57.875845+09:00,2026-08-28,VIK,Viking Holdings Ltd,US,소비재,2026-08-27,89.81,2572591,3498054.55,4.044,40112566272,20,60,55,50,37,0,AVOID,-0.6,-7,True,live,STOCK,22,NEUTRAL,NYSE
2026-08-28T09:15:57.875845+09:00,2026-08-28,ONC,BeOne Medicines AG,US,제약/바이오,2026-08-27,372.49,225026,401616.3,9.2914,42136870912,95,65,48,35,67,2,WATCH,1.01,12,False,live,STOCK,86,NEUTRAL,NASDAQ
2026-08-28T09:15:57.875845+09:00,2026-08-28,SYY,Sysco Corporation,US,소매,2026-08-27,82.45,1446614,3361225.7,1.3757,39501463552,47,60,63,50,51,0,HOLD,0.15,2,False,live,STOCK,40,NEUTRAL,NYSE
2026-08-28T09:15:57.875845+09:00,2026-08-28,ED,"Consolidated Edison, Inc.",US,유틸리티,2026-08-27,106.69,1479568,2250918.4,1.6864,39457017856,50,60,65,52,60,1,HOLD,0.38,5,False,live,STOCK,77,NEUTRAL,NYSE
2026-08-28T09:15:57.875845+09:00,2026-08-28,RKLB,"Rocket Lab USA, Inc.",US,산업재,2026-08-27,67.53,11320659,17683832.95,4.4938,43179425792,10,60,63,19,33,0,AVOID,-0.82,-10,True,live,STOCK,38,NEUTRAL,NASDAQ
2026-08-28T09:15:57.875845+09:00,2026-08-28,KGC,Kinross Gold Corporation,US,소재,2026-08-27,32.51,6889654,8678297.7,1.1667,38564683776,74,60,55,68,63,1,HOLD,0.59,7,False,live,STOCK,55,NEUTRAL,NYSE
2026-08-28T09:15:57.875845+09:00,2026-08-28,EL,The Estée Lauder Companies Inc.,US,소매,2026-08-27,106.21,4492833,3604361.65,3.6157,38426624000,66,60,66,35,58,0,HOLD,0.6,7,False,live,STOCK,58,NEUTRAL,NYSE
2026-08-28T09:15:57.875845+09:00,2026-08-28,ADM,Archer-Daniels-Midland Company,US,소매,2026-08-27,79.1,2725246,3972802.3,2.4598,38123003904,35,60,63,58,47,0,HOLD,-0.17,-2,False,live,STOCK,32,NEUTRAL,NYSE
2026-08-28T09:15:57.875845+09:00,2026-08-28,HIG,"The Hartford Insurance Group, Inc.",US,금융,2026-08-27,137.8,1256038,1393651.9,2.4971,37326163968,44,60,58,86,59,1,HOLD,0.28,3,False,live,STOCK,55,NEUTRAL,NYSE
2026-08-28T09:15:57.875845+09:00,2026-08-28,NTAP,"NetApp, Inc.",US,IT,2026-08-27,190.64,2141941,2383372.05,7.1027,37410103296,47,60,55,50,52,0,HOLD,0.18,2,False,live,STOCK,55,NEUTRAL,NASDAQ
2026-08-28T09:15:57.875845+09:00,2026-08-28,KVUE,Kenvue Inc.,US,소매,2026-08-27,19.2,14391934,21400166.7,0.3203,36878852096,84,60,60,66,71,2,WATCH,0.95,11,False,live,STOCK,71,NEUTRAL,NYSE
2026-08-28T09:15:57.875845+09:00,2026-08-28,SHG,"Shinhan Financial Group Co., Ltd.",US,금융,2026-08-27,77.97,114322,171781.1,1.635,36713295872,92,60,50,75,61,2,WATCH,0.64,8,False,live,STOCK,16,NEUTRAL,NYSE
2026-08-28T09:15:57.875845+09:00,2026-08-28,HSY,The Hershey Company,US,소매,2026-08-27,181.32,1049643,1209857.15,3.6463,36431843328,43,60,50,58,54,1,HOLD,0.03,0,False,live,STOCK,75,NEUTRAL,NYSE
2026-08-28T09:15:57.875845+09:00,2026-08-28,NWG,NatWest Group plc,US,금융,2026-08-27,18.46,2041214,3077045.7,0.2407,73312600064,50,60,55,70,55,1,HOLD,0.31,4,False,live,STOCK,48,NEUTRAL,NYSE
2026-08-28T09:15:57.875845+09:00,2026-08-28,TWLO,Twilio Inc.,US,IT,2026-08-27,241.34,2041742,2673627.1,11.4862,37063843840,66,60,60,58,64,1,HOLD,0.71,9,False,live,STOCK,72,NEUTRAL,NYSE
2026-08-28T09:15:57.875845+09:00,2026-08-28,VOD,Vodafone Group Public Limited Company,US,인터넷,2026-08-27,15.88,2577354,3926097.7,0.2479,36698722304,47,65,55,86,62,2,WATCH,0.39,5,False,live,STOCK,71,NEUTRAL,NASDAQ
2026-08-28T09:15:57.875845+09:00,2026-08-28,PEG,Public Service Enterprise Group Incorpor,US,유틸리티,2026-08-27,73.33,1805194,2566599.7,1.0807,36549140480,28,60,50,45,38,0,AVOID,-0.57,-7,True,live,STOCK,27,NEUTRAL,NYSE
2026-08-28T09:15:57.875845+09:00,2026-08-28,EXPE,"Expedia Group, Inc.",US,소비재,2026-08-27,318.92,1680441,1561242.05,11.7407,38277443584,51,60,45,58,54,1,HOLD,0.33,4,False,live,STOCK,70,NEUTRAL,NASDAQ
2026-08-28T09:15:57.875845+09:00,2026-08-28,KMB,Kimberly-Clark Corporation,US,소매,2026-08-27,109.98,3343421,3461456.05,2.0164,36577042432,84,60,60,50,69,2,WATCH,0.96,12,False,live,STOCK,77,NEUTRAL,NASDAQ
2026-08-28T09:15:57.875845+09:00,2026-08-28,IRM,Iron Mountain Incorporated,US,리츠,2026-08-27,122.69,1257294,1620044.7,3.6054,36525158400,28,60,50,35,44,0,AVOID,-0.28,-3,True,live,STOCK,68,NEUTRAL,NYSE
2026-08-28T09:15:57.875845+09:00,2026-08-28,CLS,Celestica Inc.,US,IT,2026-08-27,317.38,1750202,2739340.1,17.69,40025149440,18,60,63,50,42,0,AVOID,-0.59,-7,True,live,STOCK,39,NEUTRAL,NYSE
2026-08-28T09:15:57.875845+09:00,2026-08-28,UAL,"United Airlines Holdings, Inc.",US,산업재,2026-08-27,112.39,2118486,2980474.3,3.7402,36478390272,20,60,60,73,48,1,HOLD,-0.3,-4,False,live,STOCK,45,NEUTRAL,NASDAQ
2026-08-28T09:15:57.875845+09:00,2026-08-28,UI,Ubiquiti Inc.,US,IT,2026-08-27,592.85,170199,150474.95,30.3386,35884249088,80,60,55,42,63,2,WATCH,0.61,7,False,live,STOCK,71,NEUTRAL,NYSE
2026-08-28T09:15:57.875845+09:00,2026-08-28,VMC,Vulcan Materials Company,US,소재,2026-08-27,273.85,1168687,919349.35,6.2795,35485138944,25,60,53,58,49,1,HOLD,-0.19,-2,False,live,STOCK,70,NEUTRAL,NYSE
2026-08-28T09:15:57.875845+09:00,2026-08-28,MDB,"MongoDB, Inc.",US,IT,2026-08-27,440.58,1792360,1486903.0,23.367,35436699648,73,60,50,27,58,2,HOLD,0.64,8,False,live,STOCK,78,NEUTRAL,NASDAQ
2026-08-28T09:15:57.875845+09:00,2026-08-28,VG,"Venture Global, Inc.",US,에너지,2026-08-27,14.48,11854118,13566195.9,0.7163,36201345024,95,60,45,70,71,3,BUY,1.04,12,False,live,STOCK,77,NEUTRAL,NYSE
2026-08-28T09:15:57.875845+09:00,2026-08-28,ALC,Alcon Inc.,US,제약/바이오,2026-08-27,72.23,716510,1748695.5,1.5782,34915983360,47,65,60,50,52,0,HOLD,0.17,2,False,live,STOCK,48,NEUTRAL,NYSE
2026-08-28T09:15:57.875845+09:00,2026-08-28,NTR,Nutrien Ltd.,US,소재,2026-08-27,73.06,1103903,2716945.15,1.823,34864967680,69,60,50,60,64,1,HOLD,0.64,8,False,live,STOCK,84,NEUTRAL,NYSE
2026-08-28T09:15:57.875845+09:00,2026-08-28,KR,The Kroger Co.,US,소매,2026-08-27,56.93,5082070,5958788.5,1.237,,50,60,60,66,54,0,HOLD,-0.01,0,False,live,STOCK,41,NEUTRAL,NYSE
2026-08-28T09:15:57.875845+09:00,2026-08-28,WEC,"WEC Energy Group, Inc.",US,유틸리티,2026-08-27,106.28,1818081,2488214.05,1.8086,34631270400,28,60,63,42,42,0,AVOID,-0.36,-4,True,live,STOCK,33,NEUTRAL,NYSE
2026-08-28T09:15:57.875845+09:00,2026-08-28,MTB,M&T Bank Corporation,US,금융,2026-08-27,238.68,791984,889054.2,3.8721,34469269504,39,60,50,60,48,0,HOLD,0.02,0,False,live,STOCK,48,NEUTRAL,NYSE
2026-08-28T09:15:57.875845+09:00,2026-08-28,ACGL,Arch Capital Group Ltd.,US,금융,2026-08-27,98.76,1862278,1518693.9,1.6907,33699788800,54,60,55,78,57,1,HOLD,0.31,4,False,live,STOCK,45,NEUTRAL,NASDAQ
2026-08-28T09:15:57.875845+09:00,2026-08-28,PUK,Prudential plc,US,금융,2026-08-27,27.73,1981949,1156562.45,0.4414,34381492224,43,60,55,78,48,1,HOLD,-0.23,-3,False,live,STOCK,16,NEUTRAL,NYSE
2026-08-28T09:15:57.875845+09:00,2026-08-28,ILMN,"Illumina, Inc.",US,제약/바이오,2026-08-27,227.69,1936973,2067473.65,8.8793,34381189120,77,65,63,29,65,2,WATCH,0.9,11,False,live,STOCK,87,NEUTRAL,NASDAQ
2026-08-28T09:15:57.875845+09:00,2026-08-28,PPLC,PPL Corporation,US,유틸리티,2026-08-27,46.32,567450,229342.5,0.6321,,31,60,58,50,46,0,HOLD,-0.24,-3,False,live,STOCK,44,NEUTRAL,NYSE
2026-08-28T09:15:57.875845+09:00,2026-08-28,EQT,EQT Corporation,US,에너지,2026-08-27,54.77,8701663,6268488.15,1.3796,34259513344,70,60,45,68,64,2,WATCH,0.48,6,False,live,STOCK,77,NEUTRAL,NYSE
2026-08-28T09:15:57.875845+09:00,2026-08-28,RMD,ResMed Inc.,US,제약/바이오,2026-08-27,235.76,1588288,1567979.4,6.4104,34008922112,73,65,56,58,67,2,WATCH,0.85,10,False,live,STOCK,84,NEUTRAL,NYSE
2026-08-28T09:15:57.875845+09:00,2026-08-28,EME,"EMCOR Group, Inc.",US,산업재,2026-08-27,775.04,465731,371031.55,26.8964,34186936320,43,60,60,50,46,0,HOLD,-0.24,-3,False,live,STOCK,26,NEUTRAL,NYSE
2026-08-28T09:15:57.875845+09:00,2026-08-28,CCL,Carnival Corporation & plc,US,소비재,2026-08-27,24.95,15653100,16740200.0,0.8246,34172747776,20,60,55,86,44,1,AVOID,-0.57,-7,True,live,STOCK,23,NEUTRAL,NYSE
2026-08-28T09:15:57.875845+09:00,2026-08-28,BBD,Banco Bradesco S.A.,US,금융,2026-08-27,3.23,25312660,29486548.0,0.0932,34203041792,50,60,50,88,53,1,HOLD,-0.11,-1,False,live,STOCK,26,NEUTRAL,NYSE
2026-08-28T09:15:57.875845+09:00,2026-08-28,NTRS,Northern Trust Corporation,US,금융,2026-08-27,186.27,903274,1052063.7,3.6457,34079150080,47,60,60,60,56,0,HOLD,0.35,4,False,live,STOCK,61,NEUTRAL,NASDAQ
2026-08-28T09:15:57.875845+09:00,2026-08-28,TECK,Teck Resources Limited,US,소재,2026-08-27,70.54,2586698,2961574.9,1.9193,34606923776,91,60,55,53,64,1,HOLD,0.71,9,False,live,STOCK,48,NEUTRAL,NYSE
2026-08-28T09:15:57.875845+09:00,2026-08-28,HBAN,Huntington Bancshares Incorporated,US,금융,2026-08-27,16.86,22808879,21521998.95,0.3179,34064195584,28,60,42,68,45,0,HOLD,-0.25,-3,False,live,STOCK,54,NEUTRAL,NASDAQ
2026-08-28T09:15:57.875845+09:00,2026-08-28,EC,Ecopetrol S.A.,US,에너지,2026-08-27,16.56,1365835,1842031.75,0.4821,34044622848,47,60,55,96,60,1,HOLD,0.36,4,False,live,STOCK,52,NEUTRAL,NYSE
2026-08-28T09:15:57.875845+09:00,2026-08-28,RJF,"Raymond James Financial, Inc.",US,금융,2026-08-27,176.11,707932,950651.6,3.7587,33830731776,51,60,60,68,58,0,HOLD,0.42,5,False,live,STOCK,55,NEUTRAL,NYSE
2026-08-28T09:15:57.875845+09:00,2026-08-28,STRC,Strategy Inc,US,IT,2026-08-27,98.0,1487052,1460797.6,1.0026,,67,60,48,60,54,0,HOLD,0.19,2,False,live,STOCK,37,NEUTRAL,NASDAQ
2026-08-28T09:15:57.875845+09:00,2026-08-28,STLD,"Steel Dynamics, Inc.",US,소재,2026-08-27,235.84,787460,1240808.0,9.84,33802498048,40,60,53,53,46,0,HOLD,-0.3,-4,False,live,STOCK,39,NEUTRAL,NASDAQ
2026-08-28T09:15:57.875845+09:00,2026-08-28,DXCM,"DexCom, Inc.",US,제약/바이오,2026-08-27,89.29,3017795,5484009.75,2.4693,33694543872,73,65,50,42,64,2,WATCH,0.8,10,False,live,STOCK,93,NEUTRAL,NASDAQ
2026-08-28T09:15:57.875845+09:00,2026-08-28,ESLT,Elbit Systems Ltd.,US,산업재,2026-08-27,718.69,66177,86083.85,22.1262,33678065664,25,60,55,37,44,0,AVOID,-0.46,-6,True,live,STOCK,62,NEUTRAL,NASDAQ
2026-08-28T09:15:57.875845+09:00,2026-08-28,CHT,"Chunghwa Telecom Co., Ltd.",US,인터넷,2026-08-27,42.98,193898,178024.9,0.4015,33341503488,87,65,55,50,63,1,HOLD,0.6,7,False,live,STOCK,50,NEUTRAL,NYSE
2026-08-28T09:15:57.875845+09:00,2026-08-28,ERIC,Telefonaktiebolaget LM Ericsson (publ),US,IT,2026-08-27,10.08,20558022,9498311.1,0.1786,32968484864,40,60,50,78,49,1,HOLD,-0.38,-5,False,live,STOCK,30,NEUTRAL,NASDAQ
2026-08-28T09:15:57.875845+09:00,2026-08-28,CQP,"Cheniere Energy Partners, L.P.",US,에너지,2026-08-27,68.36,74250,127432.5,1.8432,33090185216,69,60,53,55,61,0,HOLD,0.63,8,False,live,STOCK,66,NEUTRAL,NYSE
2026-08-28T09:15:57.875845+09:00,2026-08-28,P,"Everpure, Inc.",US,IT,2026-08-27,99.24,7537440,3552907.0,7.3283,,58,60,45,35,54,1,HOLD,0.42,5,False,live,STOCK,80,NEUTRAL,NYSE
2026-08-28T09:15:57.875845+09:00,2026-08-28,BIDU,"Baidu, Inc.",US,인터넷,2026-08-27,96.94,3836796,3233459.8,3.355,32880742400,7,65,60,78,44,1,AVOID,-0.66,-8,True,live,STOCK,41,NEUTRAL,NASDAQ
2026-08-28T09:15:57.875845+09:00,2026-08-28,BBDO,Banco Bradesco S.A.,US,금융,2026-08-27,3.02,145734,79696.7,0.1221,31979313152,43,60,55,80,53,1,HOLD,-0.03,0,False,live,STOCK,40,NEUTRAL,NYSE
2026-08-28T09:15:57.875845+09:00,2026-08-28,CCI,Crown Castle Inc.,US,리츠,2026-08-27,75.03,1814970,3093568.5,1.6029,32788109312,40,60,60,58,50,0,HOLD,-0.25,-3,False,live,STOCK,44,NEUTRAL,NYSE
2026-08-28T09:15:57.875845+09:00,2026-08-28,GEHC,GE HealthCare Technologies Inc.,US,제약/바이오,2026-08-27,72.48,2918698,2898019.9,1.4718,32738220032,55,65,66,60,62,0,HOLD,0.58,7,False,live,STOCK,66,NEUTRAL,NASDAQ
2026-08-28T09:15:57.875845+09:00,2026-08-28,BIIB,Biogen Inc.,US,제약/바이오,2026-08-27,221.5,497281,784014.05,5.1579,32727511040,91,65,63,58,73,2,WATCH,1.08,13,False,live,STOCK,74,NEUTRAL,NASDAQ
2026-08-28T09:15:57.875845+09:00,2026-08-28,JBL,Jabil Inc.,US,IT,2026-08-27,312.22,895863,972253.15,13.9176,32716623872,25,60,60,58,40,0,AVOID,-0.64,-8,True,live,STOCK,17,NEUTRAL,NYSE
2026-08-28T09:15:57.875845+09:00,2026-08-28,CNC,Centene Corp.,US,제약/바이오,2026-08-27,65.33,3647692,3969519.6,2.005,32272695296,62,65,76,76,65,2,WATCH,0.59,7,False,live,STOCK,40,NEUTRAL,NYSE
2026-08-28T09:15:57.875845+09:00,2026-08-28,MLM,"Martin Marietta Materials, Inc.",US,소재,2026-08-27,528.59,514841,569137.05,11.4125,37540139008,47,60,63,58,50,0,HOLD,-0.17,-2,False,live,STOCK,26,NEUTRAL,NYSE
2026-08-28T09:15:57.875845+09:00,2026-08-28,ALNY,"Alnylam Pharmaceuticals, Inc.",US,제약/바이오,2026-08-27,236.56,1289730,1995446.5,8.4889,31653885952,62,65,50,50,56,0,HOLD,0.05,1,False,live,STOCK,62,NEUTRAL,NASDAQ
2026-08-28T09:15:57.875845+09:00,2026-08-28,WTW,Willis Towers Watson Public Limited Comp,US,금융,2026-08-27,339.58,517914,541405.7,7.3229,31537451008,66,60,60,58,57,0,HOLD,0.49,6,False,live,STOCK,40,NEUTRAL,NASDAQ
2026-08-28T09:15:57.875845+09:00,2026-08-28,WAT,Waters Corporation,US,제약/바이오,2026-08-27,421.26,741534,848171.7,11.5593,41361776640,69,65,42,35,56,1,HOLD,0.46,6,False,live,STOCK,78,NEUTRAL,NYSE
2026-08-28T09:15:57.875845+09:00,2026-08-28,ZTS,Zoetis Inc.,US,제약/바이오,2026-08-27,75.02,3970503,6618340.15,2.5786,31000033280,72,65,60,63,68,2,WATCH,0.62,7,False,live,STOCK,78,NEUTRAL,NYSE
2026-08-28T09:15:57.875845+09:00,2026-08-28,IR,Ingersoll Rand Inc.,US,산업재,2026-08-27,78.97,1816501,3860430.05,1.9932,30640314368,39,60,65,66,55,0,HOLD,0.23,3,False,live,STOCK,55,NEUTRAL,NYSE
2026-08-28T09:15:57.875845+09:00,2026-08-28,STRF,MicroStrategy Incorporated 10.00% Series,US,IT,2026-08-27,102.58,92296,83464.8,1.0791,,66,60,48,60,53,0,HOLD,0.2,2,False,live,STOCK,32,NEUTRAL,NASDAQ
2026-08-28T09:15:57.875845+09:00,2026-08-28,CPRT,"Copart, Inc.",US,산업재,2026-08-27,32.76,7715163,10456578.15,1.1829,30329581568,80,60,58,45,67,2,WATCH,0.72,9,False,live,STOCK,84,NEUTRAL,NASDAQ
2026-08-28T09:15:57.875845+09:00,2026-08-28,ZS,"Zscaler, Inc.",US,IT,2026-08-27,187.3,3982014,2282105.7,9.3498,30288193536,66,60,50,34,59,1,HOLD,0.63,8,False,live,STOCK,87,NEUTRAL,NASDAQ
2026-08-28T09:15:57.875845+09:00,2026-08-28,JBS,Jbs N.V.,US,소매,2026-08-27,13.62,5727996,5851069.8,0.4892,14585805824,47,60,60,76,60,1,HOLD,0.35,4,False,live,STOCK,61,NEUTRAL,NYSE
2026-08-28T09:15:57.875845+09:00,2026-08-28,SUNB,Sunbelt Rentals Holdings Inc,US,산업재,2026-08-27,73.66,4074562,2142078.1,2.845,30196738048,43,60,45,66,47,0,HOLD,-0.24,-3,False,live,STOCK,38,NEUTRAL,NYSE
2026-08-28T09:15:57.875845+09:00,2026-08-28,EXR,Extra Space Storage Inc.,US,리츠,2026-08-27,142.79,1005392,888894.6,2.3845,31514114048,35,60,63,45,49,0,HOLD,-0.06,-1,False,live,STOCK,54,NEUTRAL,NYSE
2026-08-28T09:15:57.875845+09:00,2026-08-28,FTI,TechnipFMC plc,US,에너지,2026-08-27,76.32,2577169,3011748.45,2.5314,29929986048,69,60,65,50,63,0,HOLD,0.69,8,False,live,STOCK,66,NEUTRAL,NYSE
2026-08-28T09:15:57.875845+09:00,2026-08-28,KHC,The Kraft Heinz Company,US,소매,2026-08-27,25.13,18242031,14758656.55,0.6481,29799749632,47,60,66,86,64,1,HOLD,0.43,5,False,live,STOCK,63,NEUTRAL,NASDAQ
2026-08-28T09:15:57.875845+09:00,2026-08-28,CFG,"Citizens Financial Group, Inc.",US,금융,2026-08-27,70.18,2282794,2789144.7,1.2956,29558188032,47,60,63,68,58,0,HOLD,0.39,5,False,live,STOCK,58,NEUTRAL,NYSE
2026-08-28T09:15:57.875845+09:00,2026-08-28,BAP,Credicorp Ltd.,US,금융,2026-08-27,373.2,310336,280426.8,12.0836,29639290880,32,60,63,63,50,0,HOLD,0.01,0,False,live,STOCK,45,NEUTRAL,NYSE
2026-08-28T09:15:57.875845+09:00,2026-08-28,HAL,Halliburton Company,US,에너지,2026-08-27,35.49,12844522,10506611.1,1.0256,29567797248,72,60,50,74,61,2,WATCH,0.27,3,False,live,STOCK,49,NEUTRAL,NYSE
2026-08-28T09:15:57.875845+09:00,2026-08-28,RDDT,"Reddit, Inc.",US,인터넷,2026-08-27,153.95,2695722,8706716.1,9.0024,29619441664,50,65,60,50,48,0,HOLD,-0.25,-3,False,live,STOCK,23,NEUTRAL,NYSE
2026-08-28T09:15:57.875845+09:00,2026-08-28,NMR,"Nomura Holdings, Inc.",US,금융,2026-08-27,10.12,708615,649610.75,0.1629,29576640512,92,60,55,68,68,1,HOLD,0.92,11,False,live,STOCK,53,NEUTRAL,NYSE
2026-08-28T09:15:57.875845+09:00,2026-08-28,AEE,Ameren Corporation,US,유틸리티,2026-08-27,106.75,1104905,1537890.25,1.6029,29553018880,31,60,53,42,42,0,AVOID,-0.33,-4,True,live,STOCK,41,NEUTRAL,NYSE
2026-08-28T09:15:57.875845+09:00,2026-08-28,FOXA,Fox Corporation,US,인터넷,2026-08-27,67.22,5372732,5503586.6,1.8682,28261808128,84,65,66,68,75,2,WATCH,1.01,12,False,live,STOCK,83,NEUTRAL,NASDAQ
2026-08-28T09:15:57.875845+09:00,2026-08-28,ZM,"Zoom Communications, Inc.",US,IT,2026-08-27,100.27,4457668,3442743.4,4.1893,29402394624,43,60,50,73,57,2,HOLD,0.11,1,False,live,STOCK,71,NEUTRAL,NASDAQ
2026-08-28T09:15:57.875845+09:00,2026-08-28,MDLN,Medline Inc.,US,제약/바이오,2026-08-27,34.65,7876429,7920836.45,1.3136,46619262976,50,65,55,50,56,1,HOLD,0.12,1,False,live,STOCK,70,NEUTRAL,NASDAQ
2026-08-28T09:15:57.875845+09:00,2026-08-28,ATI,ATI Inc.,US,산업재,2026-08-27,214.52,1206480,1534839.0,8.0861,29211271168,48,60,45,35,47,0,HOLD,0.14,2,False,live,STOCK,61,NEUTRAL,NYSE
2026-08-28T09:15:57.875845+09:00,2026-08-28,CPNG,"Coupang, Inc.",US,소비재,2026-08-27,16.23,19136035,16933931.75,0.4843,29173614592,50,60,50,27,41,0,AVOID,-0.25,-3,True,live,STOCK,30,NEUTRAL,NYSE
2026-08-28T09:15:57.875845+09:00,2026-08-28,TS,Tenaris S.A.,US,에너지,2026-08-27,54.31,1185652,1690547.6,1.0911,,72,60,50,55,54,1,HOLD,0.06,1,False,live,STOCK,33,NEUTRAL,NYSE
2026-08-28T09:15:57.875845+09:00,2026-08-28,ON,ON Semiconductor Corporation,US,반도체,2026-08-27,74.8,6402071,8972033.55,2.9386,29121034240,37,65,73,66,51,1,HOLD,-0.27,-3,False,live,STOCK,23,NEUTRAL,NASDAQ
2026-08-28T09:15:57.875845+09:00,2026-08-28,TDY,Teledyne Technologies Incorporated,US,IT,2026-08-27,626.5,277115,291635.75,14.1668,29041827840,35,60,45,58,48,0,HOLD,-0.14,-2,False,live,STOCK,61,NEUTRAL,NYSE
2026-08-28T09:15:57.875845+09:00,2026-08-28,TCOM,Trip.com Group Limited,US,소비재,2026-08-27,44.61,2052262,2208988.1,0.8836,28091150336,43,60,55,70,58,2,HOLD,0.12,1,False,live,STOCK,75,NEUTRAL,NASDAQ
2026-08-28T09:15:57.875845+09:00,2026-08-28,DTW,DTE Energy Company 5.25 % Debentures 201,US,유틸리티,2026-08-27,19.84,75104,28905.2,0.2647,,65,60,55,80,60,1,HOLD,0.24,3,False,live,STOCK,40,NEUTRAL,NYSE
2026-08-28T09:15:57.875845+09:00,2026-08-28,LPLA,LPL Financial Holdings Inc.,US,금융,2026-08-27,361.22,437177,612013.85,9.6362,28443289600,51,60,53,66,58,0,HOLD,0.43,5,False,live,STOCK,69,NEUTRAL,NASDAQ
2026-08-28T09:15:57.875845+09:00,2026-08-28,RYAAY,Ryanair Holdings plc,US,산업재,2026-08-27,55.45,1470381,1075464.05,1.1957,28766863360,20,60,55,47,36,0,AVOID,-0.68,-8,True,live,STOCK,23,NEUTRAL,NASDAQ
2026-08-28T09:15:57.875845+09:00,2026-08-28,OKTA,"Okta, Inc.",US,IT,2026-08-27,172.91,16326436,3478666.8,9.2579,30053031936,92,60,60,43,70,2,WATCH,1.06,13,False,live,STOCK,77,NEUTRAL,NASDAQ
2026-08-28T09:15:57.875845+09:00,2026-08-28,CTSH,Cognizant Technology Solutions Corporati,US,IT,2026-08-27,63.76,5797010,8050785.5,2.1916,28720322560,71,60,60,76,66,2,WATCH,0.73,9,False,live,STOCK,55,NEUTRAL,NASDAQ
2026-08-28T09:15:57.875845+09:00,2026-08-28,LVS,Las Vegas Sands Corp.,US,소비재,2026-08-27,44.24,7540340,4565582.0,1.0911,28654301184,31,60,55,68,50,0,HOLD,-0.27,-3,False,live,STOCK,55,NEUTRAL,NYSE
2026-08-28T09:15:57.875845+09:00,2026-08-28,MTD,Mettler-Toledo International Inc.,US,제약/바이오,2026-08-27,1407.4301,145995,172734.75,33.7693,28200056832,47,65,50,42,51,0,HOLD,0.25,3,False,live,STOCK,67,NEUTRAL,NYSE
2026-08-28T09:15:57.875845+09:00,2026-08-28,VICI,VICI Properties Inc.,US,리츠,2026-08-27,25.77,8199258,9635987.9,0.4371,28374767616,28,60,63,80,56,1,HOLD,-0.08,-1,False,live,STOCK,62,NEUTRAL,NYSE
2026-08-28T09:15:57.875845+09:00,2026-08-28,EIX,Edison International,US,유틸리티,2026-08-27,73.68,3375680,3639364.0,2.2346,28353093632,76,60,60,65,61,1,HOLD,0.5,6,False,live,STOCK,35,NEUTRAL,NYSE
2026-08-28T09:15:57.875845+09:00,2026-08-28,DTE,DTE Energy Company,US,유틸리티,2026-08-27,136.24,1242871,1320168.55,2.095,28349919232,28,60,55,50,44,0,AVOID,-0.33,-4,True,live,STOCK,47,NEUTRAL,NYSE
2026-08-28T09:15:57.875845+09:00,2026-08-28,CASY,"Casey's General Stores, Inc.",US,소비재,2026-08-27,763.38,454413,288815.65,26.5321,28248809472,43,60,53,45,42,0,AVOID,-0.28,-3,True,live,STOCK,23,NEUTRAL,NASDAQ
2026-08-28T09:15:57.875845+09:00,2026-08-28,PBA,Pembina Pipeline Corporation,US,에너지,2026-08-27,48.39,892058,900792.9,0.8639,28141447168,39,60,60,58,53,0,HOLD,0.1,1,False,live,STOCK,58,NEUTRAL,NYSE
2026-08-28T09:15:57.875845+09:00,2026-08-28,WSM,"Williams-Sonoma, Inc.",US,소비재,2026-08-27,238.4,1697253,1044992.65,7.9607,28075890688,36,60,63,37,45,0,HOLD,0.03,0,False,live,STOCK,40,NEUTRAL,NYSE
2026-08-28T09:15:57.875845+09:00,2026-08-28,FISV,"Fiserv, Inc.",US,IT,2026-08-27,52.58,4083680,8123979.0,1.7071,27960295424,43,60,67,78,63,2,WATCH,0.23,3,False,live,STOCK,71,NEUTRAL,NASDAQ
2026-08-28T09:15:57.875845+09:00,2026-08-28,BNTX,BioNTech SE,US,제약/바이오,2026-08-27,111.4,1549726,1725796.3,4.8824,27984166912,74,65,53,58,66,2,WATCH,0.81,10,False,live,STOCK,81,NEUTRAL,NASDAQ
2026-08-28T09:15:57.875845+09:00,2026-08-28,FTS,Fortis Inc.,US,유틸리티,2026-08-27,54.85,575726,739276.3,0.7652,28022863872,31,60,63,42,47,0,HOLD,-0.14,-2,False,live,STOCK,52,NEUTRAL,NYSE
2026-08-28T09:15:57.875845+09:00,2026-08-28,ATO,Atmos Energy Corporation,US,유틸리티,2026-08-27,167.22,822402,1050970.1,2.7256,28258267136,31,60,65,42,44,0,AVOID,-0.27,-3,True,live,STOCK,32,NEUTRAL,NYSE
2026-08-28T09:15:57.875845+09:00,2026-08-28,DG,Dollar General Corporation,US,소매,2026-08-27,125.89,6401446,2181242.3,4.0164,27769651200,55,60,60,68,59,0,HOLD,0.46,6,False,live,STOCK,54,NEUTRAL,NYSE
2026-08-28T09:15:57.875845+09:00,2026-08-28,LH,Labcorp Holdings Inc.,US,제약/바이오,2026-08-27,336.54,673497,605044.85,7.0746,27293394944,63,65,48,58,62,1,HOLD,0.63,8,False,live,STOCK,84,NEUTRAL,NYSE
2026-08-28T09:15:57.875845+09:00,2026-08-28,RPRX,Royalty Pharma plc,US,제약/바이오,2026-08-27,61.92,2091976,2710718.8,1.3252,35779571712,76,65,50,50,62,1,HOLD,0.65,8,False,live,STOCK,69,NEUTRAL,NASDAQ
2026-08-28T09:15:57.875845+09:00,2026-08-28,SN,"SharkNinja, Inc.",US,소비재,2026-08-27,192.86,1644285,1759144.25,5.3801,27293622272,73,60,55,50,65,2,WATCH,0.81,10,False,live,STOCK,84,NEUTRAL,NYSE
2026-08-28T09:15:57.875845+09:00,2026-08-28,RBLX,Roblox Corporation,US,IT,2026-08-27,38.15,11466682,16046734.1,1.7657,27253442560,55,60,50,53,47,0,HOLD,-0.29,-3,False,live,STOCK,26,NEUTRAL,NYSE
2026-08-28T09:15:57.875845+09:00,2026-08-28,OTIS,Otis Worldwide Corporation,US,산업재,2026-08-27,71.48,2924345,3036542.25,1.3817,27210246144,28,60,60,58,46,0,HOLD,-0.22,-3,False,live,STOCK,40,NEUTRAL,NYSE
2026-08-28T09:15:57.875845+09:00,2026-08-28,DOV,Dover Corporation,US,산업재,2026-08-27,201.82,997502,940100.1,3.6493,27181164544,20,60,60,58,42,0,AVOID,-0.47,-6,True,live,STOCK,32,NEUTRAL,NYSE
2026-08-28T09:15:57.875845+09:00,2026-08-28,AWK,"American Water Works Company, Inc.",US,유틸리티,2026-08-27,136.69,2364123,2250606.15,2.8174,27164266496,69,60,63,42,61,0,HOLD,0.62,7,False,live,STOCK,63,NEUTRAL,NYSE
2026-08-28T09:15:57.875845+09:00,2026-08-28,ROIV,Roivant Sciences Ltd.,US,제약/바이오,2026-08-27,37.58,4920303,5824585.15,1.0928,27144900608,95,65,45,50,69,2,WATCH,1.01,12,False,live,STOCK,83,NEUTRAL,NASDAQ
2026-08-28T09:15:57.875845+09:00,2026-08-28,HPQ,HP Inc.,US,IT,2026-08-27,29.63,40808603,15001940.15,1.4157,,62,60,50,65,63,1,HOLD,0.6,7,False,live,STOCK,84,NEUTRAL,NYSE
2026-08-28T09:15:57.875845+09:00,2026-08-28,QSR,Restaurant Brands International Inc.,US,소비재,2026-08-27,78.07,1674812,2385505.6,1.7586,35764723712,91,60,63,50,72,2,WATCH,0.97,12,False,live,STOCK,77,NEUTRAL,NYSE
2026-08-28T09:15:57.875845+09:00,2026-08-28,DGX,Quest Diagnostics Incorporated,US,제약/바이오,2026-08-27,244.61,839657,790937.85,4.6329,26998427648,73,65,60,58,62,1,HOLD,0.69,8,False,live,STOCK,55,NEUTRAL,NYSE
2026-08-28T09:15:57.875845+09:00,2026-08-28,FE,FirstEnergy Corp.,US,유틸리티,2026-08-27,46.25,3555896,4115114.8,0.7611,26762096640,28,60,60,50,46,0,HOLD,-0.21,-3,False,live,STOCK,48,NEUTRAL,NYSE
2026-08-28T09:15:57.875845+09:00,2026-08-28,ES,Eversource Energy,US,유틸리티,2026-08-27,70.92,1960881,2170229.05,1.1729,26713772032,31,60,63,58,54,0,HOLD,0.08,1,False,live,STOCK,69,NEUTRAL,NYSE
2026-08-28T09:15:57.875845+09:00,2026-08-28,VRSN,"VeriSign, Inc.",US,IT,2026-08-27,294.73,580194,732614.7,7.367,26643593216,80,60,50,50,60,1,HOLD,0.5,6,False,live,STOCK,55,NEUTRAL,NASDAQ
2026-08-28T09:15:57.875845+09:00,2026-08-28,FOX,Fox Corporation,US,인터넷,2026-08-27,60.4,1684869,1005748.45,1.6229,25394423808,84,65,66,68,73,2,WATCH,0.94,11,False,live,STOCK,74,NEUTRAL,NASDAQ
2026-08-28T09:15:57.875845+09:00,2026-08-28,CINF,Cincinnati Financial Corporation,US,금융,2026-08-27,172.52,495303,492910.15,2.9007,26478032896,51,60,63,78,62,1,HOLD,0.45,5,False,live,STOCK,60,NEUTRAL,NASDAQ
2026-08-28T09:15:57.875845+09:00,2026-08-28,Q,"Qnity Electronics, Inc.",US,반도체,2026-08-27,126.35,1124428,1727661.4,5.8601,26433499136,18,65,63,50,46,0,HOLD,-0.43,-5,False,live,STOCK,61,NEUTRAL,NYSE
2026-08-28T09:15:57.875845+09:00,2026-08-28,SYM,Symbotic Inc.,US,산업재,2026-08-27,41.14,1380840,1775497.0,1.7064,24904708096,43,60,50,38,48,0,HOLD,-0.21,-3,False,live,STOCK,61,NEUTRAL,NASDAQ
2026-08-28T09:15:57.875845+09:00,2026-08-28,CPAY,"Corpay, Inc.",US,IT,2026-08-27,403.67,252192,522329.6,9.9289,26504812544,54,60,50,74,60,1,HOLD,0.43,5,False,live,STOCK,69,NEUTRAL,NYSE
2026-08-28T09:15:57.875845+09:00,2026-08-28,PHG,Koninklijke Philips N.V.,US,제약/바이오,2026-08-27,26.92,548510,807905.5,0.4421,26312347648,43,65,58,74,58,1,HOLD,0.2,2,False,live,STOCK,65,NEUTRAL,NYSE
2026-08-28T09:15:57.875845+09:00,2026-08-28,INSM,Insmed Incorporated,US,제약/바이오,2026-08-27,121.39,1055878,2962108.9,4.3979,26509330432,44,65,50,19,38,0,AVOID,-0.14,-2,True,live,STOCK,32,NEUTRAL,NASDAQ
2026-08-28T09:15:57.875845+09:00,2026-08-28,XYL,Xylem Inc.,US,산업재,2026-08-27,112.65,2104853,1600097.65,2.8114,26302289920,28,60,63,58,50,0,HOLD,-0.07,-1,False,live,STOCK,55,NEUTRAL,NYSE
2026-08-28T09:15:57.875845+09:00,2026-08-28,SYF,Synchrony Financial,US,금융,2026-08-27,79.93,3159719,3138115.95,1.8841,26006892544,69,60,50,70,64,1,HOLD,0.63,8,False,live,STOCK,69,NEUTRAL,NYSE
2026-08-28T09:15:57.875845+09:00,2026-08-28,AFRM,"Affirm Holdings, Inc.",US,금융,2026-08-27,77.49,8909026,3037981.3,3.2036,25951289344,69,60,70,51,58,1,HOLD,0.4,5,False,live,STOCK,29,NEUTRAL,NASDAQ
2026-08-28T09:15:57.875845+09:00,2026-08-28,RF,Regions Financial Corporation,US,금융,2026-08-27,30.4,7591126,7579411.3,0.5007,25898657792,47,60,63,60,59,0,HOLD,0.39,5,False,live,STOCK,69,NEUTRAL,NYSE
2026-08-28T09:15:57.875845+09:00,2026-08-28,PPL,PPL Corporation,US,유틸리티,2026-08-27,34.44,8041952,8059372.6,0.5907,25917642752,28,60,63,50,48,0,HOLD,-0.16,-2,False,live,STOCK,55,NEUTRAL,NYSE
2026-08-28T09:15:57.875845+09:00,2026-08-28,INCY,Incyte Corporation,US,제약/바이오,2026-08-27,127.74,700415,1350665.75,2.955,25892610048,85,65,53,55,68,2,WATCH,0.93,11,False,live,STOCK,77,NEUTRAL,NASDAQ
2026-08-28T09:15:57.875845+09:00,2026-08-28,CNP,"CenterPoint Energy, Inc.",US,유틸리티,2026-08-27,39.29,4451447,5966892.35,0.78,25881118720,25,60,65,42,42,0,AVOID,-0.43,-5,True,live,STOCK,32,NEUTRAL,NYSE
2026-08-28T09:15:57.875845+09:00,2026-08-28,FWONK,Liberty Media Corporation,US,인터넷,2026-08-27,102.09,1497554,1978357.7,2.3214,25594828800,62,65,58,38,59,1,HOLD,0.56,7,False,live,STOCK,77,NEUTRAL,NASDAQ
2026-08-28T09:15:57.875845+09:00,2026-08-28,SW,Smurfit Westrock plc,US,소비재,2026-08-27,48.63,6373423,4442251.15,1.3624,25507549184,62,60,63,58,62,0,HOLD,0.62,7,False,live,STOCK,63,NEUTRAL,NYSE
2026-08-28T09:15:57.875845+09:00,2026-08-28,TPL,Texas Pacific Land Corporation,US,에너지,2026-08-27,369.71,274352,422532.6,16.3111,25500628992,72,60,75,29,58,2,HOLD,0.34,4,False,live,STOCK,39,NEUTRAL,NYSE
2026-08-28T09:15:57.875845+09:00,2026-08-28,WRB,W. R. Berkley Corporation,US,금융,2026-08-27,68.34,1635684,1604684.2,1.175,25369688064,32,60,60,63,50,0,HOLD,-0.0,0,False,live,STOCK,48,NEUTRAL,NYSE
2026-08-28T09:15:57.875845+09:00,2026-08-28,GFS,GLOBALFOUNDRIES Inc.,US,반도체,2026-08-27,46.34,5067965,4467958.25,2.3064,25426798592,40,65,45,66,43,0,AVOID,-0.53,-6,True,live,STOCK,23,NEUTRAL,NASDAQ
2026-08-28T09:15:57.875845+09:00,2026-08-28,PPG,"PPG Industries, Inc.",US,소재,2026-08-27,113.47,830221,1368891.05,2.2657,25224380416,25,60,65,60,54,1,HOLD,0.02,0,False,live,STOCK,73,NEUTRAL,NYSE
2026-08-28T09:15:57.875845+09:00,2026-08-28,CRCL,Circle Internet Group,US,금융,2026-08-27,94.24,14203020,14626061.0,5.9753,25689268224,52,60,50,45,58,1,HOLD,0.1,1,False,live,STOCK,91,NEUTRAL,NYSE
2026-08-28T09:15:57.875845+09:00,2026-08-28,NVT,nVent Electric plc,US,산업재,2026-08-27,155.55,1990117,2059400.85,7.4374,25177001984,43,60,60,50,53,0,HOLD,-0.01,0,False,live,STOCK,61,NEUTRAL,NYSE
2026-08-28T09:15:57.875845+09:00,2026-08-28,ASTS,"AST SpaceMobile, Inc.",US,인터넷,2026-08-27,61.44,6551514,11021930.7,4.0361,23910449152,18,65,63,42,42,0,AVOID,-0.57,-7,True,live,STOCK,46,NEUTRAL,NASDAQ
2026-08-28T09:15:57.875845+09:00,2026-08-28,FICO,Fair Isaac Corporation,US,IT,2026-08-27,1157.0601,182960,343333.0,44.5927,24989761536,72,60,60,66,68,2,WATCH,0.57,7,False,live,STOCK,78,NEUTRAL,NYSE
2026-08-28T09:15:57.875845+09:00,2026-08-28,EXPD,"Expeditors International of Washington, ",US,산업재,2026-08-27,190.72,782932,1018671.6,3.6932,24791812096,80,60,55,37,66,2,WATCH,0.91,11,False,live,STOCK,90,NEUTRAL,NYSE
2026-08-28T09:15:57.875845+09:00,2026-08-28,TPR,"Tapestry, Inc.",US,소비재,2026-08-27,123.24,3887905,3467245.25,5.9257,24573030400,10,60,55,60,44,0,AVOID,-0.57,-7,True,live,STOCK,65,NEUTRAL,NYSE
2026-08-28T09:15:57.875845+09:00,2026-08-28,SMCI,"Super Micro Computer, Inc.",US,IT,2026-08-27,38.46,41299878,55320913.9,2.665,24878735360,70,60,63,78,69,2,WATCH,0.45,5,False,live,STOCK,69,NEUTRAL,NASDAQ
2026-08-28T09:15:57.875845+09:00,2026-08-28,VRSK,"Verisk Analytics, Inc.",US,IT,2026-08-27,191.02,900475,1310223.75,6.6639,24862402560,69,60,48,58,53,0,HOLD,0.27,3,False,live,STOCK,31,NEUTRAL,NASDAQ
2026-08-28T09:15:57.875845+09:00,2026-08-28,HUBB,Hubbell Incorporated,US,산업재,2026-08-27,470.28,442854,491585.35,12.5165,24846102528,17,60,63,58,47,0,HOLD,-0.27,-3,False,live,STOCK,55,NEUTRAL,NYSE
2026-08-28T09:15:57.875845+09:00,2026-08-28,TSEM,Tower Semiconductor Ltd.,US,반도체,2026-08-27,219.85,1068093,1947239.65,14.7989,24849917952,25,65,40,30,38,0,AVOID,-0.63,-8,True,live,STOCK,62,NEUTRAL,NASDAQ
2026-08-28T09:15:57.875845+09:00,2026-08-28,JBHT,"J.B. Hunt Transport Services, Inc.",US,산업재,2026-08-27,263.39,451370,759758.5,8.6357,24736256000,28,60,60,58,46,0,HOLD,-0.31,-4,False,live,STOCK,39,NEUTRAL,NASDAQ
2026-08-28T09:15:57.875845+09:00,2026-08-28,FCNCA,"First Citizens BancShares, Inc.",US,금융,2026-08-27,2160.1399,41873,49913.65,44.7021,24394719232,50,60,72,70,63,2,WATCH,0.48,6,False,live,STOCK,60,NEUTRAL,NASDAQ
2026-08-28T09:15:57.875845+09:00,2026-08-28,SOFI,"SoFi Technologies, Inc.",US,금융,2026-08-27,19.18,37441282,48368284.1,0.7879,24772319232,84,60,40,66,57,1,HOLD,0.36,4,False,live,STOCK,31,NEUTRAL,NASDAQ
2026-08-28T09:15:57.875845+09:00,2026-08-28,AMRZ,Amrize Ltd,US,소재,2026-08-27,44.29,2464455,4024617.75,1.2228,24223336448,15,60,72,58,44,1,AVOID,-0.58,-7,True,live,STOCK,29,NEUTRAL,NYSE
2026-08-28T09:15:57.875845+09:00,2026-08-28,PHM,"PulteGroup, Inc.",US,소비재,2026-08-27,126.75,1206179,1244983.95,3.4971,,47,60,55,60,55,0,HOLD,0.22,3,False,live,STOCK,61,NEUTRAL,NYSE
2026-08-28T09:15:57.875845+09:00,2026-08-28,STRD,Strategy Inc,US,IT,2026-08-27,73.84,158877,128928.85,1.4362,,69,60,58,60,66,1,HOLD,0.71,9,False,live,STOCK,79,NEUTRAL,NASDAQ
2026-08-28T09:15:57.875845+09:00,2026-08-28,DLTR,"Dollar Tree, Inc.",US,소매,2026-08-27,127.0,5564376,2224873.8,4.375,24406173696,50,60,56,58,56,0,HOLD,0.3,4,False,live,STOCK,63,NEUTRAL,NASDAQ
2026-08-28T09:15:57.875845+09:00,2026-08-28,CRS,Carpenter Technology Corporation,US,소재,2026-08-27,490.58,555006,594890.3,19.8676,24312440832,17,60,63,42,40,0,AVOID,-0.37,-4,True,live,STOCK,39,NEUTRAL,NYSE
2026-08-28T09:15:57.875845+09:00,2026-08-28,WST,"West Pharmaceutical Services, Inc.",US,제약/바이오,2026-08-27,346.09,365536,502026.8,7.0379,24356345856,44,65,73,42,58,2,HOLD,0.38,5,False,live,STOCK,72,NEUTRAL,NYSE
2026-08-28T09:15:57.875845+09:00,2026-08-28,CHD,"Church & Dwight Co., Inc.",US,소매,2026-08-27,102.37,1576824,1778606.2,2.2114,24282564608,84,60,50,53,66,2,WATCH,0.78,9,False,live,STOCK,78,NEUTRAL,NYSE
2026-08-28T09:15:57.875845+09:00,2026-08-28,DRI,"Darden Restaurants, Inc.",US,소비재,2026-08-27,211.13,881495,1000264.75,6.0779,23972071424,43,60,50,42,50,0,HOLD,0.07,1,False,live,STOCK,69,NEUTRAL,NYSE
2026-08-28T09:15:57.875845+09:00,2026-08-28,IOT,Samsara Inc.,US,IT,2026-08-27,41.87,5185064,4662573.2,2.0527,,59,60,50,35,55,1,HOLD,0.45,5,False,live,STOCK,75,NEUTRAL,NYSE
2026-08-28T09:15:57.875845+09:00,2026-08-28,NRG,"NRG Energy, Inc.",US,유틸리티,2026-08-27,114.41,2023108,3266445.4,4.7158,24050182144,28,60,63,66,46,0,HOLD,-0.48,-6,False,live,STOCK,26,NEUTRAL,NYSE
2026-08-28T09:15:57.875845+09:00,2026-08-28,OMC,Omnicom Group Inc.,US,인터넷,2026-08-27,87.89,2586898,2328644.9,2.0864,24112265216,73,65,55,46,55,1,HOLD,0.48,6,False,live,STOCK,39,NEUTRAL,NYSE
2026-08-28T09:15:57.875845+09:00,2026-08-28,IHG,InterContinental Hotels Group PLC,US,소비재,2026-08-27,163.02,194857,254682.85,2.9691,24011339776,76,60,55,58,57,1,HOLD,0.37,4,False,live,STOCK,29,NEUTRAL,NYSE
2026-08-28T09:15:57.875845+09:00,2026-08-28,TROW,"T. Rowe Price Group, Inc.",US,금융,2026-08-27,112.36,859032,1667076.6,1.9421,23968169984,51,60,70,78,63,2,WATCH,0.47,6,False,live,STOCK,55,NEUTRAL,NASDAQ
2026-08-28T09:15:57.875845+09:00,2026-08-28,PFG,"Principal Financial Group, Inc.",US,금융,2026-08-27,112.17,982837,1047341.85,1.9089,24016117760,47,60,55,68,60,1,HOLD,0.38,5,False,live,STOCK,77,NEUTRAL,NASDAQ
2026-08-28T09:15:57.875845+09:00,2026-08-28,VLTO,Veralto Corporation,US,산업재,2026-08-27,98.37,956142,1349422.1,1.8427,23981950976,62,60,60,50,63,1,HOLD,0.68,8,False,live,STOCK,80,NEUTRAL,NYSE
2026-08-28T09:15:57.875845+09:00,2026-08-28,BRO,"Brown & Brown, Inc.",US,금융,2026-08-27,71.39,1508233,1830601.65,1.7605,23887833088,51,60,65,66,62,0,HOLD,0.55,7,False,live,STOCK,68,NEUTRAL,NYSE
2026-08-28T09:15:57.875845+09:00,2026-08-28,KEY,KeyCorp,US,금융,2026-08-27,22.02,7759951,9011422.55,0.3757,23498172416,25,60,63,60,44,0,AVOID,-0.29,-3,True,live,STOCK,26,NEUTRAL,NYSE
2026-08-28T09:15:57.875845+09:00,2026-08-28,KOF,"Coca-Cola FEMSA, S.A.B. de C.V.",US,소매,2026-08-27,113.01,97404,126015.2,2.2536,,91,60,53,55,66,1,HOLD,0.76,9,False,live,STOCK,58,NEUTRAL,NYSE
2026-08-28T09:15:57.875845+09:00,2026-08-28,USFD,US Foods Holding Corp.,US,소매,2026-08-27,107.78,1379212,2154365.6,2.4789,23316125696,66,60,63,66,68,1,HOLD,0.81,10,False,live,STOCK,78,NEUTRAL,NYSE
2026-08-28T09:15:57.875845+09:00,2026-08-28,FWONA,Formula One Group,US,인터넷,2026-08-27,94.09,125255,133597.75,2.0883,23589160960,62,65,61,38,56,0,HOLD,0.46,6,False,live,STOCK,58,NEUTRAL,NASDAQ
2026-08-28T09:15:57.875845+09:00,2026-08-28,CIB,Grupo Cibest S.A.,US,금융,2026-08-27,98.63,346873,295543.65,3.5614,23293001728,73,60,58,88,68,2,WATCH,0.8,10,False,live,STOCK,58,NEUTRAL,NYSE
2026-08-28T09:15:57.875845+09:00,2026-08-28,AER,AerCap Holdings N.V.,US,산업재,2026-08-27,147.97,1013598,992534.9,3.0124,23258525696,47,60,63,70,57,1,HOLD,0.24,3,False,live,STOCK,48,NEUTRAL,NYSE
2026-08-28T09:15:57.875845+09:00,2026-08-28,ULTA,"Ulta Beauty, Inc.",US,소비재,2026-08-27,540.1,1158510,623740.5,17.6079,23218526208,77,60,63,42,66,2,WATCH,0.76,9,False,live,STOCK,77,NEUTRAL,NASDAQ
2026-08-28T09:15:57.875845+09:00,2026-08-28,ROKU,"Roku, Inc.",US,인터넷,2026-08-27,156.25,2581133,2472181.65,1.9164,23190464512,73,65,60,43,64,2,WATCH,0.81,10,False,live,STOCK,80,NEUTRAL,NASDAQ
2026-08-28T09:15:57.875845+09:00,2026-08-28,FFIV,"F5, Inc.",US,IT,2026-08-27,410.22,511996,574954.8,12.2121,23229603840,69,60,50,58,64,1,HOLD,0.61,7,False,live,STOCK,82,NEUTRAL,NASDAQ
2026-08-28T09:15:57.875845+09:00,2026-08-28,PAAS,Pan American Silver Corp.,US,소재,2026-08-27,54.89,4435605,5233310.25,2.1757,22758381568,80,60,55,71,72,3,BUY,0.74,9,False,live,STOCK,84,NEUTRAL,NYSE
2026-08-28T09:15:57.875845+09:00,2026-08-28,GPN,Global Payments Inc.,US,금융,2026-08-27,92.74,2140020,3141986.0,2.7532,24540708864,73,60,60,66,70,2,WATCH,0.91,11,False,live,STOCK,83,NEUTRAL,NYSE
2026-08-28T09:15:57.875845+09:00,2026-08-28,TW,Tradeweb Markets Inc.,US,금융,2026-08-27,108.1,1141566,1333043.3,2.205,23352653824,84,60,60,50,70,2,WATCH,0.93,11,False,live,STOCK,84,NEUTRAL,NASDAQ
2026-08-28T09:15:57.875845+09:00,2026-08-28,SQM,Sociedad Química y Minera de Chile S.A.,US,소재,2026-08-27,80.43,720610,918390.5,2.7229,22973849600,70,60,50,84,65,2,WATCH,0.4,5,False,live,STOCK,62,NEUTRAL,NYSE
2026-08-28T09:15:57.875845+09:00,2026-08-28,CDE,"Coeur Mining, Inc.",US,소재,2026-08-27,22.21,37637268,40721358.4,1.0259,22830434304,69,60,60,53,66,1,HOLD,0.8,10,False,live,STOCK,81,NEUTRAL,NYSE
2026-08-28T09:15:57.875845+09:00,2026-08-28,RGLD,"Royal Gold, Inc.",US,소재,2026-08-27,268.96,704925,763291.25,7.4939,22788403200,73,60,60,50,60,1,HOLD,0.62,7,False,live,STOCK,49,NEUTRAL,NASDAQ
2026-08-28T09:15:57.875845+09:00,2026-08-28,STE,STERIS plc,US,제약/바이오,2026-08-27,232.97,532577,711338.85,4.4264,22714601472,47,65,53,58,57,1,HOLD,0.34,4,False,live,STOCK,78,NEUTRAL,NYSE
2026-08-28T09:15:57.875845+09:00,2026-08-28,EXE,Expand Energy Corporation,US,에너지,2026-08-27,98.0,2315325,2666206.25,2.4223,22687371264,84,60,75,78,73,3,BUY,0.9,11,False,live,STOCK,48,NEUTRAL,NASDAQ
2026-08-28T09:15:57.875845+09:00,2026-08-28,GH,"Guardant Health, Inc.",US,제약/바이오,2026-08-27,168.52,1517522,2207066.1,6.8829,22614738944,88,65,63,58,70,1,HOLD,1.02,12,False,live,STOCK,67,NEUTRAL,NASDAQ
2026-08-28T09:15:57.875845+09:00,2026-08-28,FCNCN,First Citizens BancShares Inc. Depositar,US,금융,2026-08-27,25.1,5212,15845.6,0.2199,,65,60,63,50,56,0,HOLD,0.31,4,False,live,STOCK,40,NEUTRAL,NASDAQ
2026-08-28T09:15:57.875845+09:00,2026-08-28,L,Loews Corporation,US,금융,2026-08-27,109.82,439315,614420.75,1.7938,22450251776,24,60,60,68,48,0,HOLD,-0.13,-2,False,live,STOCK,48,NEUTRAL,NYSE
2026-08-28T09:15:57.875845+09:00,2026-08-28,FSLR,"First Solar, Inc.",US,에너지,2026-08-27,210.1,1465525,2572236.25,9.2257,22579404800,7,60,50,84,45,1,HOLD,-0.65,-8,False,live,STOCK,55,NEUTRAL,NASDAQ
2026-08-28T09:15:57.875845+09:00,2026-08-28,STZ,"Constellation Brands, Inc.",US,소매,2026-08-27,131.43,1319872,1600813.6,3.3943,22448814080,50,60,60,68,64,1,HOLD,0.37,4,False,live,STOCK,88,NEUTRAL,NYSE
2026-08-28T09:15:57.875845+09:00,2026-08-28,XPO,"XPO Logistics, Inc.",US,산업재,2026-08-27,191.61,506995,820429.75,5.8971,22434936832,28,60,58,42,38,0,AVOID,-0.62,-7,True,live,STOCK,17,NEUTRAL,NYSE
2026-08-28T09:15:57.875845+09:00,2026-08-28,UTHR,United Therapeutics Corporation,US,제약/바이오,2026-08-27,527.91,391004,532900.2,13.295,22642423808,65,65,50,50,57,0,HOLD,0.22,3,False,live,STOCK,62,NEUTRAL,NASDAQ
2026-08-28T09:15:57.875845+09:00,2026-08-28,MKL,Markel Corporation,US,금융,2026-08-27,1805.8199,62151,63372.55,29.305,22374033408,25,60,60,62,43,0,AVOID,-0.38,-5,True,live,STOCK,26,NEUTRAL,NYSE
2026-08-28T09:15:57.875845+09:00,2026-08-28,CW,Curtiss-Wright Corporation,US,산업재,2026-08-27,605.49,282946,366192.3,24.3307,22363437056,10,60,53,34,30,0,AVOID,-0.99,-12,True,live,STOCK,20,NEUTRAL,NYSE
2026-08-28T09:15:57.875845+09:00,2026-08-28,EFX,Equifax Inc.,US,산업재,2026-08-27,190.36,682610,1088050.5,5.6236,22364424192,84,60,50,58,64,1,HOLD,0.77,9,False,live,STOCK,60,NEUTRAL,NYSE
2026-08-28T09:15:57.875845+09:00,2026-08-28,TCPA,TransCanada PipeLines Limited 6,US,에너지,2026-08-27,21.96,31641,32127.05,0.3769,,20,60,55,50,40,0,AVOID,-0.53,-6,True,live,STOCK,40,NEUTRAL,NYSE
2026-08-28T09:15:57.875845+09:00,2026-08-28,IFF,International Flavors & Fragrances Inc.,US,소재,2026-08-27,86.85,1507264,1572498.2,1.9107,22159773696,84,60,63,42,67,2,WATCH,0.93,11,False,live,STOCK,71,NEUTRAL,NYSE
2026-08-28T09:15:57.875845+09:00,2026-08-28,ENTG,"Entegris, Inc.",US,반도체,2026-08-27,145.31,1651060,2206138.0,7.6211,22203367424,28,65,53,43,45,0,HOLD,-0.17,-2,False,live,STOCK,59,NEUTRAL,NASDAQ
2026-08-28T09:15:57.875845+09:00,2026-08-28,RBRK,"Rubrik, Inc.",US,IT,2026-08-27,107.02,7884656,3406747.8,6.0408,22027771904,73,60,60,35,64,2,WATCH,0.83,10,False,live,STOCK,87,NEUTRAL,NYSE
2026-08-28T09:15:57.875845+09:00,2026-08-28,CMSA,CMS Energy Corporation 5.6% JRSUB NT 78,US,유틸리티,2026-08-27,20.36,14926,13961.3,0.1481,,47,60,60,70,54,1,HOLD,-0.01,0,False,live,STOCK,40,NEUTRAL,NYSE
2026-08-28T09:15:57.875845+09:00,2026-08-28,STRK,Strategy Inc,US,IT,2026-08-27,73.75,116647,103547.35,1.906,,74,60,48,60,62,1,HOLD,0.57,7,False,live,STOCK,66,NEUTRAL,NASDAQ
2026-08-28T09:15:57.875845+09:00,2026-08-28,DOW,Dow Inc.,US,소재,2026-08-27,30.33,6395116,8426260.8,0.9524,21908594688,50,60,63,55,52,0,HOLD,-0.07,-1,False,live,STOCK,38,NEUTRAL,NYSE
2026-08-28T09:15:57.875845+09:00,2026-08-28,BCE,BCE Inc.,US,인터넷,2026-08-27,23.4,1668330,3330086.5,0.3607,21821104128,80,65,63,86,77,3,BUY,0.85,10,False,live,STOCK,85,NEUTRAL,NYSE
2026-08-28T09:15:57.875845+09:00,2026-08-28,PKG,Packaging Corporation of America,US,소비재,2026-08-27,243.69,488852,489117.6,4.9671,21712363520,47,60,53,58,48,0,HOLD,0.07,1,False,live,STOCK,34,NEUTRAL,NYSE
2026-08-28T09:15:57.875845+09:00,2026-08-28,GIS,"General Mills, Inc.",US,소매,2026-08-27,40.44,8543583,8055539.15,1.1105,21620414464,88,60,73,63,79,3,BUY,1.3,16,False,live,STOCK,90,NEUTRAL,NYSE
2026-08-28T09:15:57.875845+09:00,2026-08-28,THC,Tenet Healthcare Corporation,US,제약/바이오,2026-08-27,267.75,1181139,804106.95,7.2129,21558962176,73,65,50,78,66,2,WATCH,0.75,9,False,live,STOCK,69,NEUTRAL,NYSE
2026-08-28T09:15:57.875845+09:00,2026-08-28,AMCR,Amcor plc,US,소비재,2026-08-27,46.52,3245484,3979349.2,1.1761,21508321280,47,60,71,66,63,2,WATCH,0.6,7,False,live,STOCK,74,NEUTRAL,NYSE
2026-08-28T09:15:57.875845+09:00,2026-08-28,RL,Ralph Lauren Corporation,US,소비재,2026-08-27,351.9,753837,632446.85,10.3657,20966989824,20,60,55,58,39,0,AVOID,-0.55,-7,True,live,STOCK,26,NEUTRAL,NYSE
2026-08-28T09:15:57.875845+09:00,2026-08-28,BG,Bunge Global S.A.,US,소매,2026-08-27,111.57,1477592,1326144.6,3.4638,21434730496,72,60,65,50,59,1,HOLD,0.28,3,False,live,STOCK,41,NEUTRAL,NYSE
2026-08-28T09:15:57.875845+09:00,2026-08-28,CMS,CMS Energy Corporation,US,유틸리티,2026-08-27,68.35,1905823,3669936.15,1.0907,21432997888,28,60,65,50,47,0,HOLD,-0.24,-3,False,live,STOCK,47,NEUTRAL,NYSE
2026-08-28T09:15:57.875845+09:00,2026-08-28,BR,"Broadridge Financial Solutions, Inc.",US,IT,2026-08-27,183.08,1008557,1393782.85,5.0696,20875110400,74,60,60,58,68,2,WATCH,0.9,11,False,live,STOCK,83,NEUTRAL,NYSE
2026-08-28T09:15:57.875845+09:00,2026-08-28,MTSI,"MACOM Technology Solutions Holdings, Inc",US,반도체,2026-08-27,277.15,1098966,1413853.3,16.3579,21166202880,15,65,60,35,37,0,AVOID,-0.74,-9,True,live,STOCK,36,NEUTRAL,NASDAQ
2026-08-28T09:15:57.875845+09:00,2026-08-28,LEN,Lennar Corporation,US,소비재,2026-08-27,85.11,2042076,2207973.8,2.5221,20502585344,65,60,60,73,59,1,HOLD,0.21,3,False,live,STOCK,33,NEUTRAL,NYSE
2026-08-28T09:15:57.875845+09:00,2026-08-28,IP,International Paper Company,US,소재,2026-08-27,39.88,4008660,3817448.0,1.0654,21119248384,54,60,55,68,57,0,HOLD,0.4,5,False,live,STOCK,54,NEUTRAL,NYSE
2026-08-28T09:15:57.875845+09:00,2026-08-28,BCH,Banco de Chile,US,금융,2026-08-27,41.6,234878,304028.9,0.9807,21011552256,84,60,55,70,66,2,WATCH,0.73,9,False,live,STOCK,51,NEUTRAL,NYSE
2026-08-28T09:15:57.875845+09:00,2026-08-28,FIS,"Fidelity National Information Services, ",US,IT,2026-08-27,40.55,4138357,6349892.85,1.3101,20911874048,40,60,65,86,55,1,HOLD,-0.04,0,False,live,STOCK,32,NEUTRAL,NYSE
2026-08-28T09:15:57.875845+09:00,2026-08-28,GMAB,Genmab A/S,US,제약/바이오,2026-08-27,34.1,1866281,2962224.05,0.8161,20958623744,95,65,60,53,74,2,WATCH,1.2,14,False,live,STOCK,87,NEUTRAL,NASDAQ
2026-08-28T09:15:57.875845+09:00,2026-08-28,SNX,TD Synnex Corp,US,IT,2026-08-27,260.13,399826,585951.3,7.0479,,72,60,66,66,61,1,HOLD,0.39,5,False,live,STOCK,30,NEUTRAL,NYSE
2026-08-28T09:15:57.875845+09:00,2026-08-28,SOJD,Southern Company (The) Series 2,US,유틸리티,2026-08-27,18.57,67811,78815.55,0.1651,,65,60,58,50,55,0,HOLD,0.18,2,False,live,STOCK,40,NEUTRAL,NYSE
2026-08-28T09:15:57.875845+09:00,2026-08-28,TPG,TPG Inc.,US,금융,2026-08-27,53.94,3187876,3377708.8,2.005,21067202560,66,60,63,43,65,1,HOLD,0.8,10,False,live,STOCK,87,NEUTRAL,NASDAQ
2026-08-28T09:15:57.875845+09:00,2026-08-28,WWD,"Woodward, Inc.",US,산업재,2026-08-27,346.34,388718,572245.9,9.5565,20449929216,28,60,50,42,38,0,AVOID,-0.49,-6,True,live,STOCK,30,NEUTRAL,NASDAQ
2026-08-28T09:15:57.875845+09:00,2026-08-28,SNA,Snap-on Incorporated,US,산업재,2026-08-27,395.84,207740,293912.0,6.1944,20475664384,36,60,45,58,47,0,HOLD,-0.1,-1,False,live,STOCK,54,NEUTRAL,NYSE
2026-08-28T09:15:57.875845+09:00,2026-08-28,FTAI,FTAI Aviation Ltd.,US,산업재,2026-08-27,199.42,1120846,1348902.3,10.5892,20481847296,21,60,65,34,38,0,AVOID,-0.67,-8,True,live,STOCK,26,NEUTRAL,NASDAQ
2026-08-28T09:15:57.875845+09:00,2026-08-28,TOST,"Toast, Inc.",US,IT,2026-08-27,35.17,15348948,9825007.4,1.1916,20328259584,66,60,50,50,59,0,HOLD,0.56,7,False,live,STOCK,69,NEUTRAL,NYSE
2026-08-28T09:15:57.875845+09:00,2026-08-28,RS,Reliance Steel & Aluminum Co.,US,소재,2026-08-27,391.69,246921,339291.05,12.333,19997558784,40,60,50,58,53,1,HOLD,0.08,1,False,live,STOCK,71,NEUTRAL,NYSE
2026-08-28T09:15:57.875845+09:00,2026-08-28,CHTR,"Charter Communications, Inc.",US,인터넷,2026-08-27,148.32,1994986,2618279.3,7.5536,19990198272,43,65,63,86,57,1,HOLD,0.13,2,False,live,STOCK,40,NEUTRAL,NASDAQ
2026-08-28T09:15:57.875845+09:00,2026-08-28,KSPI,Joint Stock Company Kaspi.kz,US,IT,2026-08-27,105.01,597103,666000.15,3.6571,19954763776,76,60,45,80,68,3,WATCH,0.81,10,False,live,STOCK,78,NEUTRAL,NASDAQ
2026-08-28T09:15:57.875845+09:00,2026-08-28,ATHS,Athene Holding Ltd. 7.250% Fixe,US,금융,2026-08-27,24.86,23013,25075.65,0.2209,,58,60,58,50,53,0,HOLD,0.14,2,False,live,STOCK,40,NEUTRAL,NYSE
2026-08-28T09:15:57.875845+09:00,2026-08-28,FDXF,"FedEx Freight Holding Company, Inc.",US,산업재,2026-08-27,133.25,925268,1186023.4,5.8308,19923290112,15,60,78,42,42,1,AVOID,-0.58,-7,True,live,STOCK,27,NEUTRAL,NYSE
2026-08-28T09:15:57.875845+09:00,2026-08-28,SBAC,SBA Communications Corporation,US,리츠,2026-08-27,186.96,662095,1024769.75,3.9435,19834234880,80,60,63,45,63,1,HOLD,0.48,6,False,live,STOCK,56,NEUTRAL,NASDAQ
2026-08-28T09:15:57.875845+09:00,2026-08-28,YPF,YPF Sociedad Anónima,US,에너지,2026-08-27,50.48,746664,1098613.2,1.9925,19791949824,58,60,67,74,63,1,HOLD,0.32,4,False,live,STOCK,52,NEUTRAL,NYSE
2026-08-28T09:15:57.875845+09:00,2026-08-28,WES,"Western Midstream Partners, LP",US,에너지,2026-08-27,47.81,745317,821080.85,0.9343,19753877504,54,60,68,60,61,0,HOLD,0.53,6,False,live,STOCK,60,NEUTRAL,NYSE
2026-08-28T09:15:57.875845+09:00,2026-08-28,RCI,Rogers Communications Inc.,US,인터넷,2026-08-27,36.44,834145,1035187.25,0.6643,19685808128,70,65,55,86,71,3,BUY,0.62,7,False,live,STOCK,82,NEUTRAL,NYSE
2026-08-28T09:15:57.875845+09:00,2026-08-28,VTRS,Viatris Inc.,US,제약/바이오,2026-08-27,16.89,6462577,10209878.85,0.3754,19399698432,72,65,55,78,59,2,HOLD,0.35,4,False,live,STOCK,25,NEUTRAL,NASDAQ
2026-08-28T09:15:57.875845+09:00,2026-08-28,NI,NiSource Inc,US,유틸리티,2026-08-27,40.96,3712231,6281946.55,0.7386,19642781696,25,60,55,42,40,0,AVOID,-0.57,-7,True,live,STOCK,36,NEUTRAL,NYSE
2026-08-28T09:15:57.875845+09:00,2026-08-28,TSN,"Tyson Foods, Inc.",US,소매,2026-08-27,55.35,2224651,3083972.55,1.3221,19472211968,28,60,63,66,46,0,HOLD,-0.4,-5,False,live,STOCK,25,NEUTRAL,NYSE
2026-08-28T09:15:57.875845+09:00,2026-08-28,BEKE,KE Holdings Inc.,US,리츠,2026-08-27,17.73,3328065,3382648.25,0.5475,19562897408,84,60,55,74,71,3,BUY,0.85,10,False,live,STOCK,71,NEUTRAL,NYSE
2026-08-28T09:15:57.875845+09:00,2026-08-28,SSNC,"SS&C Technologies Holdings, Inc.",US,IT,2026-08-27,83.47,1866953,1633292.65,1.6736,19586652160,56,60,60,74,65,2,WATCH,0.67,8,False,live,STOCK,78,NEUTRAL,NASDAQ
2026-08-28T09:15:57.875845+09:00,2026-08-28,LUV,Southwest Airlines Co.,US,산업재,2026-08-27,39.76,3749141,4536212.05,1.2046,19450916864,20,60,63,58,48,0,HOLD,-0.31,-4,False,live,STOCK,55,NEUTRAL,NYSE
2026-08-28T09:15:57.875845+09:00,2026-08-28,PR,Permian Resources Corporation,US,에너지,2026-08-27,23.18,10130815,9771485.75,0.6536,19414573056,80,60,60,68,65,1,HOLD,0.77,9,False,live,STOCK,48,NEUTRAL,NYSE
2026-08-28T09:15:57.875845+09:00,2026-08-28,NWS,News Corporation,US,인터넷,2026-08-27,35.32,1591211,1129930.55,0.7661,18975064064,73,65,48,61,65,2,WATCH,0.76,9,False,live,STOCK,81,NEUTRAL,NASDAQ
2026-08-28T09:15:57.875845+09:00,2026-08-28,CF,"CF Industries Holdings, Inc.",US,소재,2026-08-27,125.71,2177000,2456555.0,5.0297,19024715776,91,60,63,86,77,2,WATCH,1.14,14,False,live,STOCK,69,NEUTRAL,NYSE
2026-08-28T09:15:57.875845+09:00,2026-08-28,AQNB,Algonquin Power & Utilities Corp.,US,유틸리티,2026-08-27,26.29,18127,21181.35,0.1731,,69,60,55,50,55,0,HOLD,0.29,3,False,live,STOCK,40,NEUTRAL,NYSE
2026-08-28T09:15:57.875845+09:00,2026-08-28,ZBH,"Zimmer Biomet Holdings, Inc.",US,제약/바이오,2026-08-27,99.48,1351536,2258641.8,2.4707,18974586880,73,65,63,74,72,3,BUY,0.98,12,False,live,STOCK,84,NEUTRAL,NYSE
2026-08-28T09:15:57.875845+09:00,2026-08-28,CDW,CDW Corporation,US,IT,2026-08-27,148.97,2074475,1969568.75,5.8878,18623846400,88,60,60,68,75,2,WATCH,1.14,14,False,live,STOCK,84,NEUTRAL,NASDAQ
2026-08-28T09:15:57.875845+09:00,2026-08-28,U,Unity Software Inc.,US,IT,2026-08-27,43.49,11268594,13345439.7,1.5885,19139467264,66,60,53,50,64,1,HOLD,0.76,9,False,live,STOCK,93,NEUTRAL,NYSE
2026-08-28T09:15:57.875845+09:00,2026-08-28,NTNX,"Nutanix, Inc.",US,IT,2026-08-27,69.84,8004211,2857000.55,2.5463,18879182848,60,60,60,60,65,1,HOLD,0.71,9,False,live,STOCK,83,NEUTRAL,NASDAQ
2026-08-28T09:15:57.875845+09:00,2026-08-28,GPC,Genuine Parts Company,US,소비재,2026-08-27,136.7,1259323,1155601.15,3.1214,18845429760,66,60,63,43,63,1,HOLD,0.73,9,False,live,STOCK,78,NEUTRAL,NYSE
2026-08-28T09:15:57.875845+09:00,2026-08-28,OWL,Blue Owl Capital Inc.,US,금융,2026-08-27,12.02,18012273,19940488.65,0.4297,18837221376,55,60,56,59,63,1,HOLD,0.64,8,False,live,STOCK,90,NEUTRAL,NYSE
2026-08-28T09:15:57.875845+09:00,2026-08-28,EVRG,"Evergy, Inc.",US,유틸리티,2026-08-27,81.42,3596388,1974214.4,1.2245,18772779008,31,60,63,42,45,0,HOLD,-0.22,-3,False,live,STOCK,41,NEUTRAL,NASDAQ
2026-08-28T09:15:57.875845+09:00,2026-08-28,DD,"DuPont de Nemours, Inc.",US,소재,2026-08-27,138.8,859998,1681449.9,2.9457,18743965696,43,60,47,58,45,0,HOLD,-0.3,-4,False,live,STOCK,30,NEUTRAL,NYSE
2026-08-28T09:15:57.875845+09:00,2026-08-28,ITT,ITT Inc.,US,산업재,2026-08-27,207.95,339565,848468.25,5.5346,,47,60,63,50,55,0,HOLD,0.26,3,False,live,STOCK,61,NEUTRAL,NYSE
2026-08-28T09:15:57.875845+09:00,2026-08-28,PKX,POSCO Holdings Inc.,US,소재,2026-08-27,61.15,240880,255584.0,1.5514,18496841728,77,60,50,58,54,1,HOLD,0.01,0,False,live,STOCK,20,NEUTRAL,NYSE
2026-08-28T09:15:57.875845+09:00,2026-08-28,NDSN,Nordson Corporation,US,산업재,2026-08-27,330.84,275282,415749.1,7.1789,18427578368,91,60,60,58,72,2,WATCH,1.1,13,False,live,STOCK,77,NEUTRAL,NASDAQ
2026-08-28T09:15:57.875845+09:00,2026-08-28,PTC,PTC Inc.,US,IT,2026-08-27,158.95,949898,1245139.9,4.9693,17247070208,59,60,63,68,66,1,HOLD,0.71,9,False,live,STOCK,77,NEUTRAL,NASDAQ
2026-08-28T09:15:57.875845+09:00,2026-08-28,MKSI,MKS Inc.,US,IT,2026-08-27,270.99,791998,1436499.9,14.6006,18323681280,18,60,50,50,37,0,AVOID,-0.77,-9,True,live,STOCK,32,NEUTRAL,NASDAQ
2026-08-28T09:15:57.875845+09:00,2026-08-28,GEN,Gen Digital Inc.,US,IT,2026-08-27,30.5,6353235,5583551.75,0.9538,18256904192,88,60,53,76,76,3,BUY,1.13,14,False,live,STOCK,90,NEUTRAL,NASDAQ
2026-08-28T09:15:57.875845+09:00,2026-08-28,BURL,"Burlington Stores, Inc.",US,소비재,2026-08-27,290.0,3952386,1078564.3,11.9782,18253240320,35,60,53,58,47,0,HOLD,-0.32,-4,False,live,STOCK,45,NEUTRAL,NYSE
2026-08-28T09:15:57.875845+09:00,2026-08-28,TSCO,Tractor Supply Company,US,소비재,2026-08-27,34.7,7608904,11132760.2,1.1044,18080092160,55,60,75,50,67,2,WATCH,0.76,9,False,live,STOCK,90,NEUTRAL,NASDAQ
2026-08-28T09:15:57.875845+09:00,2026-08-28,VIV,Telefônica Brasil S.A.,US,인터넷,2026-08-27,11.33,1014566,1621513.3,0.2679,,47,65,55,76,50,1,HOLD,-0.26,-3,False,live,STOCK,23,NEUTRAL,NYSE
2026-08-28T09:15:57.875845+09:00,2026-08-28,FTV,Fortive Corporation,US,IT,2026-08-27,59.92,1874557,2144387.85,1.0196,18096861184,25,60,63,74,56,2,HOLD,0.07,1,False,live,STOCK,73,NEUTRAL,NYSE
2026-08-28T09:15:57.875845+09:00,2026-08-28,BEN,"Franklin Resources, Inc.",US,금융,2026-08-27,34.82,2133746,3914182.3,0.6031,17691236352,91,60,58,58,70,1,HOLD,1.0,12,False,live,STOCK,69,NEUTRAL,NYSE
2026-08-28T09:15:57.875845+09:00,2026-08-28,ESS,"Essex Property Trust, Inc.",US,리츠,2026-08-27,280.76,495968,403023.4,4.8068,19353597952,31,60,55,45,48,0,HOLD,-0.06,-1,False,live,STOCK,67,NEUTRAL,NYSE
2026-08-28T09:15:57.875845+09:00,2026-08-28,OVV,Ovintiv Inc.,US,에너지,2026-08-27,65.18,2890918,3343000.9,1.7629,18028787712,59,60,60,66,67,1,HOLD,0.77,9,False,live,STOCK,90,NEUTRAL,NYSE
2026-08-28T09:15:57.875845+09:00,2026-08-28,PAA,"Plains All American Pipeline, L.P.",US,에너지,2026-08-27,25.51,2363088,2738244.4,0.5039,17999001600,73,60,55,66,67,2,WATCH,0.82,10,False,live,STOCK,77,NEUTRAL,NASDAQ
2026-08-28T09:15:57.875845+09:00,2026-08-28,BIP,Brookfield Infrastructure Partners L.P.,US,유틸리티,2026-08-27,38.88,502979,780143.95,0.9167,30785921024,43,60,55,30,44,0,AVOID,-0.16,-2,True,live,STOCK,45,NEUTRAL,NYSE
2026-08-28T09:15:57.875845+09:00,2026-08-28,MGA,Magna International Inc.,US,소비재,2026-08-27,65.71,1082309,1279755.45,1.8829,17578727424,43,60,55,74,58,2,HOLD,0.21,3,False,live,STOCK,71,NEUTRAL,NYSE
2026-08-28T09:15:57.875845+09:00,2026-08-28,APG,APi Group Corporation,US,산업재,2026-08-27,41.25,2545467,2446258.35,1.0551,17826611200,43,60,45,50,50,1,HOLD,-0.0,0,False,live,STOCK,70,NEUTRAL,NYSE
2026-08-28T09:15:57.875845+09:00,2026-08-28,CHRW,"C.H. Robinson Worldwide, Inc.",US,산업재,2026-08-27,151.14,1519539,1634026.95,4.1404,17660899328,55,60,60,50,51,0,HOLD,-0.14,-2,False,live,STOCK,33,NEUTRAL,NASDAQ
2026-08-28T09:15:57.875845+09:00,2026-08-28,WIT,Wipro Limited,US,IT,2026-08-27,1.8,14678649,5715817.45,0.0557,17806735360,10,60,55,68,38,0,AVOID,-0.81,-10,True,live,STOCK,27,NEUTRAL,NYSE
2026-08-28T09:15:57.875845+09:00,2026-08-28,J,Jacobs Solutions Inc.,US,산업재,2026-08-27,150.62,888545,891842.25,3.154,17628354560,95,60,60,58,75,2,WATCH,1.2,14,False,live,STOCK,84,NEUTRAL,NYSE
2026-08-28T09:15:57.875845+09:00,2026-08-28,EWBC,"East West Bancorp, Inc.",US,금융,2026-08-27,129.65,719703,607310.15,2.3879,17763586048,47,60,50,55,45,0,HOLD,-0.11,-1,False,live,STOCK,25,NEUTRAL,NASDAQ
2026-08-28T09:15:57.875845+09:00,2026-08-28,CG,The Carlyle Group Inc.,US,금융,2026-08-27,49.24,2443737,4450836.85,1.5599,17545828352,62,60,60,50,61,1,HOLD,0.56,7,False,live,STOCK,74,NEUTRAL,NASDAQ
2026-08-28T09:15:57.875845+09:00,2026-08-28,AS,"Amer Sports, Inc.",US,소비재,2026-08-27,30.52,8301787,7070769.35,1.3116,,20,60,45,66,44,0,AVOID,-0.55,-7,True,live,STOCK,58,NEUTRAL,NYSE
2026-08-28T09:15:57.875845+09:00,2026-08-28,LNT,Alliant Energy Corporation,US,유틸리티,2026-08-27,68.21,1503963,2447663.15,1.18,17685809152,31,60,60,42,45,0,HOLD,-0.26,-3,False,live,STOCK,47,NEUTRAL,NASDAQ
2026-08-28T09:15:57.875845+09:00,2026-08-28,BBY,"Best Buy Co., Inc.",US,소비재,2026-08-27,83.56,8967123,3758641.15,3.3164,,47,60,50,68,56,0,HOLD,0.27,3,False,live,STOCK,69,NEUTRAL,NYSE
2026-08-28T09:15:57.875845+09:00,2026-08-28,LDOS,"Leidos Holdings, Inc.",US,IT,2026-08-27,139.86,876810,1512465.5,3.8736,17551339520,55,60,55,68,62,1,HOLD,0.51,6,False,live,STOCK,78,NEUTRAL,NYSE
2026-08-28T09:15:57.875845+09:00,2026-08-28,NWSA,News Corporation,US,인터넷,2026-08-27,31.19,5784367,3884788.35,0.615,16756292608,73,65,58,66,69,2,WATCH,0.9,11,False,live,STOCK,84,NEUTRAL,NASDAQ
2026-08-28T09:15:57.875845+09:00,2026-08-28,JLL,Jones Lang LaSalle Incorporated,US,리츠,2026-08-27,378.75,216573,301903.65,10.0982,17425418240,73,60,53,66,65,2,WATCH,0.76,9,False,live,STOCK,71,NEUTRAL,NYSE
2026-08-28T09:15:57.875845+09:00,2026-08-28,FUTU,Futu Holdings Limited,US,금융,2026-08-27,124.57,1095137,1475876.85,5.5656,17464029184,81,60,60,60,70,2,WATCH,0.98,12,False,live,STOCK,80,NEUTRAL,NASDAQ
2026-08-28T09:15:57.875845+09:00,2026-08-28,WF,Woori Financial Group Inc.,US,금융,2026-08-27,71.62,56165,84003.25,1.6804,17380640768,62,60,55,88,54,1,HOLD,0.24,3,False,live,STOCK,5,NEUTRAL,NYSE
2026-08-28T09:15:57.875845+09:00,2026-08-28,NLY,"Annaly Capital Management, Inc.",US,리츠,2026-08-27,23.06,4736952,6376882.6,0.3275,17380655104,47,60,58,65,57,0,HOLD,0.31,4,False,live,STOCK,63,NEUTRAL,NYSE
2026-08-28T09:15:57.875845+09:00,2026-08-28,DUKB,Duke Energy Corporation 5.625%,US,유틸리티,2026-08-27,22.34,35616,42220.8,0.155,,50,60,58,50,50,0,HOLD,-0.05,-1,False,live,STOCK,40,NEUTRAL,NYSE
2026-08-28T09:15:57.875845+09:00,2026-08-28,INVH,Invitation Homes Inc.,US,리츠,2026-08-27,29.23,6262789,3596944.45,0.4562,17363847168,43,60,63,53,53,0,HOLD,0.08,1,False,live,STOCK,52,NEUTRAL,NYSE
2026-08-28T09:15:57.875845+09:00,2026-08-28,ROL,"Rollins, Inc.",US,산업재,2026-08-27,35.94,2736438,4742631.9,0.7948,17292365824,40,60,60,37,41,0,AVOID,-0.49,-6,True,live,STOCK,20,NEUTRAL,NYSE
2026-08-28T09:15:57.875845+09:00,2026-08-28,JHX,James Hardie Industries plc,US,소재,2026-08-27,29.77,3721598,6084939.9,0.8143,17282154496,66,60,53,51,58,0,HOLD,0.54,6,False,live,STOCK,61,NEUTRAL,NYSE
2026-08-28T09:15:57.875845+09:00,2026-08-28,IEX,IDEX Corporation,US,산업재,2026-08-27,233.98,654257,586242.85,4.7636,17248980992,47,60,63,58,58,0,HOLD,0.41,5,False,live,STOCK,69,NEUTRAL,NYSE
2026-08-28T09:15:57.875845+09:00,2026-08-28,DINO,HF Sinclair Corporation,US,에너지,2026-08-27,97.0,1839434,2578346.7,3.6282,17245034496,80,60,58,78,73,3,BUY,1.01,12,False,live,STOCK,80,NEUTRAL,NYSE
2026-08-28T09:15:57.875845+09:00,2026-08-28,ZBRA,Zebra Technologies Corporation,US,IT,2026-08-27,361.11,469003,822710.15,10.3386,17084351488,48,60,55,66,58,1,HOLD,0.43,5,False,live,STOCK,72,NEUTRAL,NASDAQ
2026-08-28T09:15:57.875845+09:00,2026-08-28,NVR,"NVR, Inc.",US,소비재,2026-08-27,6365.4502,37078,32628.9,146.3493,17047649280,65,60,65,63,61,0,HOLD,0.45,5,False,live,STOCK,47,NEUTRAL,NYSE
2026-08-28T09:15:57.875845+09:00,2026-08-28,WY,Weyerhaeuser Company,US,리츠,2026-08-27,23.7,4148588,5328974.4,0.5529,17081443328,35,60,60,50,44,0,AVOID,-0.31,-4,True,live,STOCK,26,NEUTRAL,NYSE
2026-08-28T09:15:57.875845+09:00,2026-08-28,WCC,"WESCO International, Inc.",US,산업재,2026-08-27,350.66,441857,520192.85,11.3064,17088663552,43,60,60,58,52,0,HOLD,-0.02,0,False,live,STOCK,48,NEUTRAL,NYSE
2026-08-28T09:15:57.875845+09:00,2026-08-28,MEDP,"Medpace Holdings, Inc.",US,제약/바이오,2026-08-27,611.57,198148,203567.4,18.0461,17069931520,73,65,45,37,60,2,WATCH,0.66,8,False,live,STOCK,84,NEUTRAL,NASDAQ
2026-08-28T09:15:57.875845+09:00,2026-08-28,BALL,Ball Corporation,US,소비재,2026-08-27,63.37,1510273,1765348.65,1.1743,16774251520,84,60,55,58,68,2,WATCH,0.92,11,False,live,STOCK,74,NEUTRAL,NYSE
2026-08-28T09:15:57.875845+09:00,2026-08-28,PS,Pershing Square Inc.,US,금융,2026-08-27,42.12,140833,160471.65,2.4893,16848000000,84,60,65,34,67,2,WATCH,0.85,10,False,live,STOCK,76,NEUTRAL,NYSE
2026-08-28T09:15:57.875845+09:00,2026-08-28,ZTO,ZTO Express (Cayman) Inc.,US,산업재,2026-08-27,21.19,1459293,1888349.65,0.5553,16103431168,20,60,55,78,50,1,HOLD,-0.24,-3,False,live,STOCK,62,NEUTRAL,NYSE
2026-08-28T09:15:57.875845+09:00,2026-08-28,GWRE,"Guidewire Software, Inc.",US,IT,2026-08-27,201.09,1091437,1055906.85,7.8207,16742023168,75,60,50,35,61,2,WATCH,0.74,9,False,live,STOCK,84,NEUTRAL,NYSE
2026-08-28T09:15:57.875845+09:00,2026-08-28,CCZ,Comcast Holdings Corp.,US,인터넷,2026-08-26,66.45,0,130.0,0.4321,,66,65,55,50,54,0,HOLD,0.28,3,False,live,STOCK,40,NEUTRAL,NYSE
2026-08-28T09:15:57.875845+09:00,2026-08-28,LSCC,Lattice Semiconductor Corporation,US,반도체,2026-08-27,120.47,963505,1728645.25,5.4671,17110386688,15,65,63,43,38,0,AVOID,-0.7,-8,True,live,STOCK,32,NEUTRAL,NASDAQ
2026-08-28T09:15:57.875845+09:00,2026-08-28,FLUT,Flutter Entertainment plc,US,소비재,2026-08-27,95.01,1759114,3523385.7,4.5044,16487950336,50,60,70,60,62,2,WATCH,0.36,4,False,live,STOCK,70,NEUTRAL,NYSE
2026-08-28T09:15:57.875845+09:00,2026-08-28,SBS,Companhia de Saneamento Básico do Estado,US,유틸리티,2026-08-27,4.82,12377714,9561760.7,0.1689,16950522880,47,60,55,70,50,1,HOLD,-0.26,-3,False,live,STOCK,26,NEUTRAL,NYSE
2026-08-28T09:15:57.875845+09:00,2026-08-28,CLH,"Clean Harbors, Inc.",US,산업재,2026-08-27,311.81,265472,426923.6,6.6311,16459591680,47,60,55,58,57,1,HOLD,0.36,4,False,live,STOCK,75,NEUTRAL,NYSE
2026-08-28T09:15:57.875845+09:00,2026-08-28,BSAC,Banco Santander-Chile,US,금융,2026-08-27,34.89,211235,274586.75,0.8379,16437213184,47,60,55,60,55,0,HOLD,0.25,3,False,live,STOCK,62,NEUTRAL,NYSE
2026-08-28T09:15:57.875845+09:00,2026-08-28,H,Hyatt Hotels Corporation,US,소비재,2026-08-27,173.28,463732,788861.6,4.6396,16329341952,50,60,53,43,48,0,HOLD,-0.12,-1,False,live,STOCK,41,NEUTRAL,NYSE
2026-08-28T09:15:57.875845+09:00,2026-08-28,TRU,TransUnion,US,금융,2026-08-27,84.67,1402574,1729868.7,2.315,16222771200,91,60,53,58,69,1,HOLD,0.97,12,False,live,STOCK,69,NEUTRAL,NYSE
2026-08-28T09:15:57.875845+09:00,2026-08-28,AKAM,"Akamai Technologies, Inc.",US,IT,2026-08-27,111.24,3042225,3581026.25,5.1971,15987035136,18,60,60,50,39,0,AVOID,-0.68,-8,True,live,STOCK,30,NEUTRAL,NASDAQ
2026-08-28T09:15:57.875845+09:00,2026-08-28,RGA,"Reinsurance Group of America, Incorporat",US,금융,2026-08-27,246.02,182837,344161.85,4.6948,16065515520,66,60,66,86,69,1,HOLD,0.8,10,False,live,STOCK,61,NEUTRAL,NYSE
2026-08-28T09:15:57.875845+09:00,2026-08-28,RBC,RBC Bearings Incorporated,US,산업재,2026-08-27,509.0,247653,255402.65,14.8339,16114554880,20,60,50,50,36,0,AVOID,-0.73,-9,True,live,STOCK,26,NEUTRAL,NYSE
2026-08-28T09:15:57.875845+09:00,2026-08-28,VNOM,"Viper Energy, Inc.",US,에너지,2026-08-27,44.67,1359198,1685769.9,0.9838,23406397440,72,60,60,60,60,1,HOLD,0.38,5,False,live,STOCK,41,NEUTRAL,NASDAQ
2026-08-28T09:15:57.875845+09:00,2026-08-28,KIM,Kimco Realty Corporation,US,리츠,2026-08-27,23.81,5552413,4287785.65,0.3079,15971494912,28,60,63,53,42,0,AVOID,-0.37,-4,True,live,STOCK,20,NEUTRAL,NYSE
2026-08-28T09:15:57.875845+09:00,2026-08-28,PFGC,Performance Food Group Co,US,소매,2026-08-27,102.12,1261670,1741273.5,3.1149,16040240128,20,60,48,50,41,0,AVOID,-0.35,-4,True,live,STOCK,55,NEUTRAL,NYSE
2026-08-28T09:15:57.875845+09:00,2026-08-28,WPC,W. P. Carey Inc.,US,리츠,2026-08-27,70.38,797189,1061754.45,0.94,16033073152,31,60,63,58,46,0,HOLD,-0.3,-4,False,live,STOCK,30,NEUTRAL,NYSE
2026-08-28T09:15:57.875845+09:00,2026-08-28,ALB,Albemarle Corporation,US,소재,2026-08-27,135.77,1108665,2235318.25,5.32,16021547008,70,60,63,59,60,1,HOLD,0.18,2,False,live,STOCK,41,NEUTRAL,NYSE
2026-08-28T09:15:57.875845+09:00,2026-08-28,RBA,"RB Global, Inc.",US,산업재,2026-08-27,85.89,1277363,2323248.15,2.8964,15906828288,37,60,60,58,45,0,HOLD,-0.44,-5,False,live,STOCK,23,NEUTRAL,NYSE
2026-08-28T09:15:57.875845+09:00,2026-08-28,GIB,CGI Inc.,US,IT,2026-08-27,74.51,307449,363197.45,1.5907,15429188608,55,60,60,68,63,1,HOLD,0.5,6,False,live,STOCK,74,NEUTRAL,NYSE
2026-08-28T09:15:57.875845+09:00,2026-08-28,AGI,Alamos Gold Inc.,US,소재,2026-08-27,37.88,2297141,4884017.05,1.3364,15856738304,70,60,55,60,60,1,HOLD,0.31,4,False,live,STOCK,55,NEUTRAL,NYSE
2026-08-28T09:15:57.875845+09:00,2026-08-28,CX,"CEMEX, S.A.B. de C.V.",US,소재,2026-08-27,10.93,3306756,6986747.8,0.2611,,37,60,63,66,48,0,HOLD,-0.36,-4,False,live,STOCK,26,NEUTRAL,NYSE
2026-08-28T09:15:57.875845+09:00,2026-08-28,IONQ,"IonQ, Inc.",US,IT,2026-08-27,42.46,14734855,19312807.75,2.7354,17202059264,18,60,73,50,44,1,AVOID,-0.53,-6,True,live,STOCK,32,NEUTRAL,NYSE
2026-08-28T09:15:57.875845+09:00,2026-08-28,SITM,SiTime Corporation,US,반도체,2026-08-27,599.89,212712,460430.6,42.0953,17970018304,30,65,60,30,38,0,AVOID,-0.61,-7,True,live,STOCK,26,NEUTRAL,NASDAQ
2026-08-28T09:15:57.875845+09:00,2026-08-28,LECO,"Lincoln Electric Holdings, Inc.",US,산업재,2026-08-27,289.73,338588,475164.4,7.4779,15791952896,91,60,63,50,72,2,WATCH,1.09,13,False,live,STOCK,81,NEUTRAL,NASDAQ
2026-08-28T09:15:57.875845+09:00,2026-08-28,JAZZ,Jazz Pharmaceuticals plc,US,제약/바이오,2026-08-27,251.1,4740287,1088169.35,7.5793,16300050432,47,65,53,84,61,2,WATCH,0.34,4,False,live,STOCK,72,NEUTRAL,NASDAQ
2026-08-28T09:15:57.875845+09:00,2026-08-28,SOLV,Solventum Corporation,US,제약/바이오,2026-08-27,90.93,683871,1204193.55,2.4182,15478444032,80,65,63,70,72,3,BUY,1.02,12,False,live,STOCK,77,NEUTRAL,NYSE
2026-08-28T09:15:57.875845+09:00,2026-08-28,YUMC,"Yum China Holdings, Inc.",US,소비재,2026-08-27,44.91,3030923,1573526.15,1.1589,15326823424,47,60,53,68,58,1,HOLD,0.28,3,False,live,STOCK,71,NEUTRAL,NYSE
2026-08-28T09:15:57.875845+09:00,2026-08-28,NBIX,"Neurocrine Biosciences, Inc.",US,제약/바이오,2026-08-27,155.92,730267,1384548.35,4.075,15849140224,47,65,63,66,53,0,HOLD,0.0,0,False,live,STOCK,32,NEUTRAL,NASDAQ
2026-08-28T09:15:57.875845+09:00,2026-08-28,TIGO,Millicom International Cellular S.A.,US,인터넷,2026-08-27,93.22,599118,1313445.9,3.2536,15633926144,47,65,60,74,59,1,HOLD,0.36,4,False,live,STOCK,61,NEUTRAL,NASDAQ
2026-08-28T09:15:57.875845+09:00,2026-08-28,RZC,"Reinsurance Group of America, Incorporat",US,금융,2026-08-27,25.66,16375,38008.75,0.1275,,65,60,58,50,55,0,HOLD,0.26,3,False,live,STOCK,40,NEUTRAL,NYSE
2026-08-28T09:15:57.875845+09:00,2026-08-28,DT,"Dynatrace, Inc.",US,IT,2026-08-27,53.43,8814579,7514778.95,2.0064,15506928640,92,60,53,43,68,2,WATCH,0.99,12,False,live,STOCK,78,NEUTRAL,NYSE
2026-08-28T09:15:57.875845+09:00,2026-08-28,STRL,"Sterling Infrastructure, Inc.",US,산업재,2026-08-27,506.37,494649,692317.45,28.8686,15489107968,40,60,68,58,50,0,HOLD,-0.25,-3,False,live,STOCK,32,NEUTRAL,NASDAQ
2026-08-28T09:15:57.875845+09:00,2026-08-28,FN,Fabrinet,US,IT,2026-08-27,432.71,1144197,1042139.85,36.5093,15506103296,7,60,55,50,34,0,AVOID,-0.91,-11,True,live,STOCK,27,NEUTRAL,NYSE
2026-08-28T09:15:57.875845+09:00,2026-08-28,ASND,Ascendis Pharma A/S,US,제약/바이오,2026-08-27,249.36,189533,503196.65,7.2894,16356229120,32,65,82,42,48,1,HOLD,0.04,0,False,live,STOCK,26,NEUTRAL,NASDAQ
2026-08-28T09:15:57.875845+09:00,2026-08-28,ARMK,Aramark,US,산업재,2026-08-27,58.88,1256127,2632666.35,1.4802,15522242560,69,60,60,58,57,0,HOLD,0.41,5,False,live,STOCK,32,NEUTRAL,NYSE
2026-08-28T09:15:57.875845+09:00,2026-08-28,BBIO,"BridgeBio Pharma, Inc.",US,제약/바이오,2026-08-27,78.68,1033740,2104172.0,2.633,15381388288,47,65,53,27,47,0,HOLD,0.16,2,False,live,STOCK,57,NEUTRAL,NASDAQ
2026-08-28T09:15:57.875845+09:00,2026-08-28,KEP,Korea Electric Power Corporation,US,유틸리티,2026-08-27,11.93,992544,1025842.2,0.3489,15317263360,65,60,58,96,61,1,HOLD,0.14,2,False,live,STOCK,23,NEUTRAL,NYSE
2026-08-28T09:15:57.875845+09:00,2026-08-28,EMA,Emera Incorporated,US,유틸리티,2026-08-27,50.02,259441,565707.05,0.6721,15363644416,31,60,55,42,47,0,HOLD,-0.2,-2,False,live,STOCK,62,NEUTRAL,NYSE
2026-08-28T09:15:57.875845+09:00,2026-08-28,HST,"Host Hotels & Resorts, Inc.",US,리츠,2026-08-27,22.34,7982904,10067910.2,0.4539,15520189440,25,60,63,63,50,0,HOLD,-0.12,-1,False,live,STOCK,55,NEUTRAL,NASDAQ
2026-08-28T09:15:57.875845+09:00,2026-08-28,COKE,"Coca-Cola Consolidated, Inc.",US,소매,2026-08-27,194.6,492596,469439.8,6.4336,12953412608,84,60,55,53,63,1,HOLD,0.74,9,False,live,STOCK,55,NEUTRAL,NASDAQ
2026-08-28T09:15:57.875845+09:00,2026-08-28,STLA,Stellantis N.V.,US,소비재,2026-08-27,5.28,16400758,21205037.9,0.205,19891470336,40,60,58,72,50,1,HOLD,-0.3,-4,False,live,STOCK,33,NEUTRAL,NYSE
2026-08-28T09:15:57.875845+09:00,2026-08-28,LAMR,Lamar Advertising Company,US,리츠,2026-08-27,150.59,510398,658209.9,2.8832,15292365824,20,60,65,42,46,0,HOLD,-0.22,-3,False,live,STOCK,60,NEUTRAL,NASDAQ
2026-08-28T09:15:57.875845+09:00,2026-08-28,PNFP,"Pinnacle Financial Partners, Inc.",US,금융,2026-08-27,100.98,1031665,911763.25,1.9454,15259355136,43,60,60,68,57,0,HOLD,0.2,2,False,live,STOCK,61,NEUTRAL,NYSE
2026-08-28T09:15:57.875845+09:00,2026-08-28,TU,Telus Corp,US,인터넷,2026-08-27,9.76,5189091,8635119.55,0.2039,15372001280,55,65,55,68,56,0,HOLD,-0.02,0,False,live,STOCK,49,NEUTRAL,NYSE
2026-08-28T09:15:57.875845+09:00,2026-08-28,ULS,UL Solutions Inc.,US,산업재,2026-08-27,75.55,434638,942376.9,1.7239,15253407744,37,60,53,42,42,0,AVOID,-0.5,-6,True,live,STOCK,32,NEUTRAL,NYSE
2026-08-28T09:15:57.875845+09:00,2026-08-28,SUI,"Sun Communities, Inc.",US,리츠,2026-08-27,123.19,1421853,2003277.65,2.535,15565388800,80,60,63,46,65,1,HOLD,0.64,8,False,live,STOCK,63,NEUTRAL,NYSE
2026-08-28T09:15:57.875845+09:00,2026-08-28,SKM,"SK Telecom Co.,Ltd",US,인터넷,2026-08-27,39.47,1899755,1876622.75,1.3896,15152064512,91,65,55,74,69,2,WATCH,0.8,10,False,live,STOCK,52,NEUTRAL,NYSE
2026-08-28T09:15:57.875845+09:00,2026-08-28,TYL,"Tyler Technologies, Inc.",US,IT,2026-08-27,369.88,1276654,763842.7,13.8879,15147426816,66,60,60,50,63,1,HOLD,0.72,9,False,live,STOCK,77,NEUTRAL,NYSE
2026-08-28T09:15:57.875845+09:00,2026-08-28,MAA,"Mid-America Apartment Communities, Inc.",US,리츠,2026-08-27,128.79,759707,858535.35,2.3096,15321346048,28,60,66,53,44,0,AVOID,-0.28,-3,True,live,STOCK,26,NEUTRAL,NYSE
2026-08-28T09:15:57.875845+09:00,2026-08-28,SWK,"Stanley Black & Decker, Inc.",US,산업재,2026-08-27,99.24,1280299,1797084.95,2.4023,14986891264,48,60,60,66,63,1,HOLD,0.59,7,False,live,STOCK,87,NEUTRAL,NYSE
2026-08-28T09:15:57.875845+09:00,2026-08-28,APA,APA Corporation,US,에너지,2026-08-27,42.38,4327170,5927823.5,1.5786,14847897600,69,60,60,86,70,2,WATCH,0.84,10,False,live,STOCK,71,NEUTRAL,NASDAQ
2026-08-28T09:15:57.875845+09:00,2026-08-28,EG,"Everest Group, Ltd.",US,금융,2026-08-27,377.66,259805,279155.25,6.9464,14480518144,84,60,63,100,72,2,WATCH,0.92,11,False,live,STOCK,40,NEUTRAL,NYSE
2026-08-28T09:15:57.875845+09:00,2026-08-28,FIG,"Figma, Inc.",US,IT,2026-08-27,30.62,27511908,21559020.4,1.7636,16320761856,70,60,50,30,61,2,WATCH,0.71,9,False,live,STOCK,93,NEUTRAL,NYSE
2026-08-28T09:15:57.875845+09:00,2026-08-28,IVZ,Invesco Ltd.,US,금융,2026-08-27,33.31,2624928,4258626.4,0.8184,14706358272,88,60,60,86,77,3,BUY,1.15,14,False,live,STOCK,77,NEUTRAL,NYSE
2026-08-28T09:15:57.875845+09:00,2026-08-28,WMG,Warner Music Group Corp.,US,인터넷,2026-08-27,28.19,1522601,2241300.05,0.786,14746464256,69,65,58,58,64,1,HOLD,0.39,5,False,live,STOCK,70,NEUTRAL,NASDAQ
2026-08-28T09:15:57.875845+09:00,2026-08-28,LTM,LATAM Airlines Group S.A.,US,산업재,2026-08-27,51.2,897938,794666.9,1.5901,,25,60,53,62,40,0,AVOID,-0.53,-6,True,live,STOCK,23,NEUTRAL,NYSE
2026-08-28T09:15:57.875845+09:00,2026-08-28,UNMA,Unum Group 6.250% JR NT58,US,금융,2026-08-27,21.75,19531,26816.55,0.2124,,59,60,58,80,59,1,HOLD,0.18,2,False,live,STOCK,40,NEUTRAL,NYSE
2026-08-28T09:15:57.875845+09:00,2026-08-28,MKC,"McCormick & Company, Incorporated",US,소매,2026-08-27,54.54,2126110,2474980.5,1.425,14663163904,62,60,63,70,68,2,WATCH,0.78,9,False,live,STOCK,80,NEUTRAL,NYSE
2026-08-28T09:15:57.875845+09:00,2026-08-28,HTHT,H World Group Limited,US,소비재,2026-08-27,47.71,1423158,1659172.9,1.6446,14671961088,84,60,60,74,69,2,WATCH,0.78,9,False,live,STOCK,55,NEUTRAL,NASDAQ
2026-08-28T09:15:57.875845+09:00,2026-08-28,UNM,Unum Group,US,금융,2026-08-27,92.45,1412139,1300356.95,2.1432,14635463680,91,60,66,50,71,2,WATCH,1.05,13,False,live,STOCK,71,NEUTRAL,NYSE
2026-08-28T09:15:57.875845+09:00,2026-08-28,DOC,"Healthpeak Properties, Inc.",US,리츠,2026-08-27,21.22,3413878,5167513.9,0.3728,15043860480,69,60,55,46,57,0,HOLD,0.48,6,False,live,STOCK,51,NEUTRAL,NYSE
2026-08-28T09:15:57.875845+09:00,2026-08-28,BMNR,"Bitmine Immersion Technologies, Inc.",US,금융,2026-08-27,25.63,55851488,38110689.4,1.3489,15460690944,70,60,63,42,67,2,WATCH,0.89,11,False,live,STOCK,93,NEUTRAL,NYSE
2026-08-28T09:15:57.875845+09:00,2026-08-28,CSL,Carlisle Companies Incorporated,US,소재,2026-08-27,360.74,340846,409042.3,10.3452,14326475776,40,60,60,50,48,0,HOLD,-0.04,0,False,live,STOCK,40,NEUTRAL,NYSE
2026-08-28T09:15:57.875845+09:00,2026-08-28,AIZN,"Assurant, Inc. 5.25% Subordinat",US,금융,2026-08-27,18.6313,7101,11955.05,0.2287,,25,60,55,50,42,0,AVOID,-0.4,-5,True,live,STOCK,40,NEUTRAL,NYSE
2026-08-28T09:15:57.875845+09:00,2026-08-28,ONTO,Onto Innovation Inc.,US,반도체,2026-08-27,292.62,801475,1114673.75,20.5056,17885939712,32,65,63,43,45,0,HOLD,-0.04,0,False,live,STOCK,39,NEUTRAL,NYSE
2026-08-28T09:15:57.875845+09:00,2026-08-28,PINS,"Pinterest, Inc.",US,인터넷,2026-08-27,22.88,7520564,10945868.2,0.7815,12957241344,47,65,45,59,53,0,HOLD,0.24,3,False,live,STOCK,66,NEUTRAL,NYSE
2026-08-28T09:15:57.875845+09:00,2026-08-28,CRBG,"Corebridge Financial, Inc.",US,금융,2026-08-27,32.63,2603421,4678166.05,0.8594,14545430528,51,60,53,58,60,1,HOLD,0.51,6,False,live,STOCK,84,NEUTRAL,NYSE
2026-08-28T09:15:57.875845+09:00,2026-08-28,RVTY,"Revvity, Inc.",US,제약/바이오,2026-08-27,129.71,1932714,1514800.7,3.6021,14473872384,77,65,63,51,70,2,WATCH,1.0,12,False,live,STOCK,90,NEUTRAL,NYSE
2026-08-28T09:15:57.875845+09:00,2026-08-28,IREN,IREN Limited,US,IT,2026-08-27,40.53,42523265,43653813.25,3.26,14484557824,40,60,73,37,45,1,HOLD,-0.35,-4,False,live,STOCK,20,NEUTRAL,NASDAQ
2026-08-28T09:15:57.875845+09:00,2026-08-28,W,Wayfair Inc.,US,소비재,2026-08-27,105.01,2296910,3469415.5,4.2924,14383016960,66,60,50,45,55,0,HOLD,0.46,6,False,live,STOCK,58,NEUTRAL,NYSE
2026-08-28T09:15:57.875845+09:00,2026-08-28,QXO,"QXO, Inc.",US,산업재,2026-08-27,13.86,8393153,16717927.65,0.7129,14379620352,15,60,63,37,36,0,AVOID,-0.78,-9,True,live,STOCK,24,NEUTRAL,NYSE
2026-08-28T09:15:57.875845+09:00,2026-08-28,HL,Hecla Mining Company,US,소재,2026-08-27,21.43,33951066,38053718.3,0.993,14395998208,73,60,40,53,62,2,WATCH,0.69,8,False,live,STOCK,87,NEUTRAL,NYSE
2026-08-28T09:15:57.875845+09:00,2026-08-28,MAS,Masco Corporation,US,소재,2026-08-27,72.79,1748277,2064248.85,1.8829,14353272832,25,60,73,68,57,2,HOLD,0.16,2,False,live,STOCK,71,NEUTRAL,NYSE
2026-08-28T09:15:57.875845+09:00,2026-08-28,TRMB,Trimble Inc.,US,IT,2026-08-27,61.54,2192980,2762644.0,2.1693,14349887488,81,60,63,60,72,2,WATCH,0.96,12,False,live,STOCK,83,NEUTRAL,NASDAQ
2026-08-28T09:15:57.875845+09:00,2026-08-28,TLK,Perusahaan Perseroan (Persero) PT Teleko,US,인터넷,2026-08-27,14.54,414477,648003.85,0.2525,14333668352,43,65,55,63,55,0,HOLD,0.04,0,False,live,STOCK,63,NEUTRAL,NYSE
2026-08-28T09:15:57.875845+09:00,2026-08-28,GFL,GFL Environmental Inc.,US,산업재,2026-08-27,41.03,1466357,1724242.85,0.9993,14807329792,51,60,55,42,49,0,HOLD,0.2,2,False,live,STOCK,45,NEUTRAL,NYSE
2026-08-28T09:15:57.875845+09:00,2026-08-28,PAG,"Penske Automotive Group, Inc.",US,소비재,2026-08-27,217.85,264905,342955.25,2.6974,14304657408,73,60,66,60,67,1,HOLD,0.84,10,False,live,STOCK,67,NEUTRAL,NYSE
2026-08-28T09:15:57.875845+09:00,2026-08-28,KKRS,KKR Group Finance Co. IX LLC 4.,US,금융,2026-08-27,16.1,23137,28526.85,0.1499,,35,60,58,50,46,0,HOLD,-0.18,-2,False,live,STOCK,40,NEUTRAL,NYSE
2026-08-28T09:15:57.875845+09:00,2026-08-28,BWXT,"BWX Technologies, Inc.",US,산업재,2026-08-27,155.85,1062977,1044063.85,5.5296,14279286784,15,60,50,42,33,0,AVOID,-0.89,-11,True,live,STOCK,26,NEUTRAL,NYSE
2026-08-28T09:15:57.875845+09:00,2026-08-28,CRL,Charles River Laboratories International,US,제약/바이오,2026-08-27,296.41,901312,972000.6,9.9532,14277396480,63,65,50,58,64,1,HOLD,0.71,9,False,live,STOCK,93,NEUTRAL,NYSE
2026-08-28T09:15:57.875845+09:00,2026-08-28,ARCC,Ares Capital Corporation,US,금융,2026-08-27,19.88,3802577,3950693.85,0.2443,14274293760,62,60,53,71,63,2,WATCH,0.52,6,False,live,STOCK,71,NEUTRAL,NASDAQ
2026-08-28T09:15:57.875845+09:00,2026-08-28,VIRT,"Virtu Financial, Inc.",US,금융,2026-08-27,67.04,992606,1548305.3,3.1298,5919677440,62,60,63,70,68,2,WATCH,0.78,9,False,live,STOCK,80,NEUTRAL,NYSE
2026-08-28T09:15:57.875845+09:00,2026-08-28,GRAB,Grab Holdings Limited,US,IT,2026-08-27,3.59,30768238,39475346.9,0.1196,14687773696,50,60,50,66,57,0,HOLD,0.21,3,False,live,STOCK,69,NEUTRAL,NASDAQ
2026-08-28T09:15:57.875845+09:00,2026-08-28,DOCN,"DigitalOcean Holdings, Inc.",US,IT,2026-08-27,121.68,2072027,2809641.35,9.0049,14307080192,18,60,63,26,36,0,AVOID,-0.74,-9,True,live,STOCK,30,NEUTRAL,NYSE
2026-08-28T09:15:57.875845+09:00,2026-08-28,MLI,"Mueller Industries, Inc.",US,산업재,2026-08-27,64.18,1313297,1123639.85,1.995,14195422208,40,60,53,55,50,0,HOLD,-0.05,-1,False,live,STOCK,55,NEUTRAL,NYSE
2026-08-28T09:15:57.875845+09:00,2026-08-28,AEFC,Aegon Funding Company LLC,US,금융,2026-08-27,18.26,52804,52340.2,0.1934,,65,60,55,50,54,0,HOLD,0.14,2,False,live,STOCK,40,NEUTRAL,NYSE
2026-08-28T09:15:57.875845+09:00,2026-08-28,CNH,CNH Industrial N.V.,US,산업재,2026-08-27,11.43,11619113,16964805.65,0.4404,18381254656,91,60,55,58,68,1,HOLD,0.91,11,False,live,STOCK,64,NEUTRAL,NYSE
2026-08-28T09:15:57.875845+09:00,2026-08-28,TXT,Textron Inc.,US,산업재,2026-08-27,82.35,1502687,1394074.35,1.8291,14163122176,20,60,63,68,44,0,AVOID,-0.52,-6,True,live,STOCK,26,NEUTRAL,NYSE
2026-08-28T09:15:57.875845+09:00,2026-08-28,AIZ,"Assurant, Inc.",US,금융,2026-08-27,285.41,228758,395907.9,5.8793,14077496320,62,60,63,68,62,0,HOLD,0.6,7,False,live,STOCK,55,NEUTRAL,NYSE
2026-08-28T09:15:57.875845+09:00,2026-08-28,SJM,The J. M. Smucker Company,US,소매,2026-08-27,131.84,2132169,1264338.45,3.4982,14091149312,82,60,50,51,65,2,WATCH,0.83,10,False,live,STOCK,75,NEUTRAL,NYSE
2026-08-28T09:15:57.875845+09:00,2026-08-28,LOGI,Logitech International S.A.,US,IT,2026-08-27,98.02,1359834,802226.7,2.7886,14035319808,30,60,60,68,54,0,HOLD,-0.19,-2,False,live,STOCK,67,NEUTRAL,NASDAQ
2026-08-28T09:15:57.875845+09:00,2026-08-28,CACI,CACI International Inc,US,IT,2026-08-27,633.82,221305,298080.25,19.0964,14007130112,59,60,55,53,62,1,HOLD,0.65,8,False,live,STOCK,87,NEUTRAL,NYSE
2026-08-28T09:15:57.875845+09:00,2026-08-28,EXEL,"Exelixis, Inc.",US,제약/바이오,2026-08-27,55.26,1489242,2682892.1,1.4271,13692416000,69,65,63,76,70,2,WATCH,0.81,10,False,live,STOCK,77,NEUTRAL,NASDAQ
2026-08-28T09:15:57.875845+09:00,2026-08-28,OHI,"Omega Healthcare Investors, Inc.",US,리츠,2026-08-27,46.29,996810,1738420.5,0.8257,14780271616,25,60,63,55,50,0,HOLD,-0.1,-1,False,live,STOCK,63,NEUTRAL,NYSE
2026-08-28T09:15:57.875845+09:00,2026-08-28,EMBJ,Embraer S.A.,US,산업재,2026-08-27,75.44,642065,1341288.25,2.5307,13425170432,73,60,55,61,64,1,HOLD,0.73,9,False,live,STOCK,67,NEUTRAL,NYSE
2026-08-28T09:15:57.875845+09:00,2026-08-28,COO,"The Cooper Companies, Inc.",US,제약/바이오,2026-08-27,70.96,1519880,1754124.0,1.5143,,47,65,63,51,56,0,HOLD,0.41,5,False,live,STOCK,66,NEUTRAL,NASDAQ
2026-08-28T09:15:57.875845+09:00,2026-08-28,TLN,Talen Energy Corporation,US,유틸리티,2026-08-27,304.58,645563,867593.15,16.0167,14593724416,18,60,73,70,52,2,HOLD,-0.3,-4,False,live,STOCK,55,NEUTRAL,NASDAQ
2026-08-28T09:15:57.875845+09:00,2026-08-28,TKO,"TKO Group Holdings, Inc.",US,인터넷,2026-08-27,184.34,683619,1167940.95,5.4939,34889977856,28,65,53,43,45,0,HOLD,-0.35,-4,False,live,STOCK,62,NEUTRAL,NYSE
2026-08-28T09:15:57.875845+09:00,2026-08-28,BNT,Brookfield Wealth Solutions Ltd.,US,금융,2026-08-27,41.49,7683,11999.15,0.7736,11383778304,35,60,55,60,47,0,HOLD,-0.31,-4,False,live,STOCK,40,NEUTRAL,NYSE
2026-08-28T09:15:57.875845+09:00,2026-08-28,REG,Regency Centers Corporation,US,리츠,2026-08-27,75.46,654070,1215263.5,0.9343,14107906048,25,60,63,58,46,0,HOLD,-0.28,-3,False,live,STOCK,39,NEUTRAL,NASDAQ
2026-08-28T09:15:57.875845+09:00,2026-08-28,AEG,Aegon Ltd.,US,금융,2026-08-27,9.15,3813010,4041420.5,0.1293,13586785280,47,60,50,47,49,0,HOLD,0.11,1,False,live,STOCK,51,NEUTRAL,NYSE
2026-08-28T09:15:57.875845+09:00,2026-08-28,XELLL,Xcel Energy Inc. 6.25% Junior Subordinat,US,유틸리티,2026-08-27,22.57,54047,64062.35,0.2792,,20,60,55,60,42,0,AVOID,-0.46,-6,True,live,STOCK,40,NEUTRAL,NASDAQ
2026-08-28T09:15:57.875845+09:00,2026-08-28,RNR,RenaissanceRe Holdings Ltd.,US,금융,2026-08-27,330.41,185336,245916.8,5.9207,13729161216,88,60,53,73,63,2,WATCH,0.7,8,False,live,STOCK,29,NEUTRAL,NYSE
2026-08-28T09:15:57.875845+09:00,2026-08-28,ECHO,EchoStar Corporation,US,인터넷,2026-08-27,86.47,1996132,3682846.6,2.9079,25118732288,40,65,48,62,45,0,HOLD,-0.45,-5,False,live,STOCK,32,NEUTRAL,NASDAQ
2026-08-28T09:15:57.875845+09:00,2026-08-28,EQH,"Equitable Holdings, Inc.",US,금융,2026-08-27,50.15,2034578,2866198.9,1.3046,13679205376,51,60,56,62,60,1,HOLD,0.51,6,False,live,STOCK,77,NEUTRAL,NYSE
2026-08-28T09:15:57.875845+09:00,2026-08-28,FIVE,"Five Below, Inc.",US,소비재,2026-08-27,246.98,1138287,974304.35,9.2579,13656845312,84,60,68,66,74,2,WATCH,1.01,12,False,live,STOCK,75,NEUTRAL,NASDAQ
2026-08-28T09:15:57.875845+09:00,2026-08-28,GL,Globe Life Inc.,US,금융,2026-08-27,175.78,387378,544413.9,3.7113,13508595712,44,60,53,78,57,1,HOLD,0.32,4,False,live,STOCK,61,NEUTRAL,NYSE
2026-08-28T09:15:57.875845+09:00,2026-08-28,AVY,Avery Dennison Corporation,US,소비재,2026-08-27,178.34,518768,749573.4,4.8686,13516057600,47,60,55,58,58,1,HOLD,0.41,5,False,live,STOCK,78,NEUTRAL,NYSE
2026-08-28T09:15:57.875845+09:00,2026-08-28,MAIR,Madison Air Solutions Corporation,US,산업재,2026-08-27,27.17,2724340,2828942.0,1.97,13631803392,15,60,70,43,38,1,AVOID,-0.71,-9,True,live,STOCK,20,NEUTRAL,NYSE
2026-08-28T09:15:57.875845+09:00,2026-08-28,CHKP,Check Point Software Technologies Ltd.,US,IT,2026-08-27,133.23,1220959,959892.95,4.0275,13602867200,72,60,50,68,65,2,WATCH,0.52,6,False,live,STOCK,74,NEUTRAL,NASDAQ
2026-08-28T09:15:57.875845+09:00,2026-08-28,NXT,Nextpower Inc.,US,에너지,2026-08-27,89.58,1618889,2505354.45,4.2554,13762923520,7,60,53,53,33,0,AVOID,-0.94,-11,True,live,STOCK,24,NEUTRAL,NASDAQ
2026-08-28T09:15:57.875845+09:00,2026-08-28,ALLE,Allegion plc,US,산업재,2026-08-27,159.72,1019221,1072686.05,3.6636,13582074880,48,60,45,58,53,0,HOLD,0.28,3,False,live,STOCK,69,NEUTRAL,NYSE
2026-08-28T09:15:57.875845+09:00,2026-08-28,TOL,"Toll Brothers, Inc.",US,소비재,2026-08-27,145.13,621752,883852.6,4.5221,13405368320,25,60,60,70,49,1,HOLD,-0.12,-1,False,live,STOCK,48,NEUTRAL,NYSE
2026-08-28T09:15:57.875845+09:00,2026-08-28,LII,Lennox International Inc.,US,산업재,2026-08-27,391.15,438013,527730.65,12.4545,13518408704,32,60,63,52,43,0,AVOID,-0.52,-6,True,live,STOCK,20,NEUTRAL,NYSE
2026-08-28T09:15:57.875845+09:00,2026-08-28,AA,Alcoa Corporation,US,소재,2026-08-27,51.19,3760854,5142332.7,2.4566,13509523456,63,60,63,73,62,1,HOLD,0.19,2,False,live,STOCK,49,NEUTRAL,NYSE
2026-08-28T09:15:57.875845+09:00,2026-08-28,RPM,RPM International Inc.,US,소재,2026-08-27,105.7,834366,964558.3,2.9543,13491864576,35,60,60,58,47,0,HOLD,-0.19,-2,False,live,STOCK,34,NEUTRAL,NYSE
2026-08-28T09:15:57.875845+09:00,2026-08-28,HBM,Hudbay Minerals Inc.,US,소재,2026-08-27,30.36,2269326,4553376.3,1.2493,13484235776,87,60,60,50,70,2,WATCH,0.87,10,False,live,STOCK,77,NEUTRAL,NYSE
2026-08-28T09:15:57.875845+09:00,2026-08-28,DTM,"DT Midstream, Inc.",US,에너지,2026-08-27,131.68,955328,1075156.4,4.0221,13433373696,28,60,65,50,46,0,HOLD,-0.28,-3,False,live,STOCK,42,NEUTRAL,NYSE
2026-08-28T09:15:57.875845+09:00,2026-08-28,SREA,Sempra,US,유틸리티,2026-08-27,20.55,47649,56327.45,0.1634,,50,60,58,50,50,0,HOLD,-0.02,0,False,live,STOCK,40,NEUTRAL,NYSE
2026-08-28T09:15:57.875845+09:00,2026-08-28,BAX,Baxter International Inc.,US,제약/바이오,2026-08-27,25.93,4499520,6608536.0,0.7175,13405706240,51,65,66,63,62,1,HOLD,0.58,7,False,live,STOCK,72,NEUTRAL,NYSE
2026-08-28T09:15:57.875845+09:00,2026-08-28,UHAL,U-Haul Holding Company,US,산업재,2026-08-27,68.41,149229,155106.45,1.6073,13373759488,39,60,63,35,49,0,HOLD,0.19,2,False,live,STOCK,58,NEUTRAL,NYSE
2026-08-28T09:15:57.875845+09:00,2026-08-28,SEIC,SEI Investments Company,US,금융,2026-08-27,111.3,710085,598559.25,1.6904,13358135296,77,60,45,50,63,2,WATCH,0.76,9,False,live,STOCK,83,NEUTRAL,NASDAQ
2026-08-28T09:15:57.875845+09:00,2026-08-28,BIPI,BIP Bermuda Holdings I Limited,US,산업재,2026-08-27,16.78,14289,16814.45,0.15,,65,60,55,50,54,0,HOLD,0.25,3,False,live,STOCK,40,NEUTRAL,NYSE
2026-08-28T09:15:57.875845+09:00,2026-08-28,TME,Tencent Music Entertainment Group,US,인터넷,2026-08-27,8.66,7337744,12147012.2,0.3925,14178791424,40,65,58,78,60,2,WATCH,0.13,2,False,live,STOCK,74,NEUTRAL,NYSE
2026-08-28T09:15:57.875845+09:00,2026-08-28,IESC,"IES Holdings, Inc.",US,산업재,2026-08-27,333.67,192679,195398.95,63.2914,13296320512,25,60,45,42,45,1,HOLD,-0.45,-5,False,live,STOCK,76,NEUTRAL,NASDAQ
2026-08-28T09:15:57.875845+09:00,2026-08-28,BWA,BorgWarner Inc.,US,소비재,2026-08-27,64.8,1694368,2233598.4,2.1443,13197580288,40,60,63,74,52,1,HOLD,-0.17,-2,False,live,STOCK,33,NEUTRAL,NYSE
2026-08-28T09:15:57.875845+09:00,2026-08-28,TXRH,"Texas Roadhouse, Inc.",US,소비재,2026-08-27,200.12,633675,801938.75,5.0721,13136062464,47,60,53,42,49,0,HOLD,0.14,2,False,live,STOCK,54,NEUTRAL,NASDAQ
2026-08-28T09:15:57.875845+09:00,2026-08-28,SGI,Somnigroup International Inc,US,소비재,2026-08-27,62.48,6089602,3322105.1,1.9689,13143635968,28,60,68,74,48,1,HOLD,-0.4,-5,False,live,STOCK,20,NEUTRAL,NYSE
2026-08-28T09:15:57.875845+09:00,2026-08-28,HMY,Harmony Gold Mining Company Limited,US,소재,2026-08-27,21.03,7876032,3425571.6,0.9806,,84,60,50,76,70,3,BUY,0.91,11,False,live,STOCK,71,NEUTRAL,NYSE
2026-08-28T09:15:57.875845+09:00,2026-08-28,WSE,Wise Group plc Class A Ordinary Shares,US,IT,2026-08-27,13.12,1584163,1007583.15,0.3636,12906529792,80,60,75,45,66,2,WATCH,0.72,9,False,live,STOCK,52,NEUTRAL,NASDAQ
2026-08-28T09:15:57.875845+09:00,2026-08-28,HUBS,"HubSpot, Inc.",US,IT,2026-08-27,255.83,1537438,2099696.9,14.3197,13096119296,81,60,55,59,69,2,WATCH,0.96,12,False,live,STOCK,84,NEUTRAL,NYSE
2026-08-28T09:15:57.875845+09:00,2026-08-28,LULU,Lululemon Athletica Inc.,US,소비재,2026-08-27,115.0,2886832,2745901.6,4.1893,13058701312,43,60,65,86,56,1,HOLD,-0.1,-1,False,live,STOCK,32,NEUTRAL,NASDAQ
2026-08-28T09:15:57.875845+09:00,2026-08-28,MANH,"Manhattan Associates, Inc.",US,IT,2026-08-27,223.76,678464,897283.2,7.6429,13046320128,77,60,50,35,64,2,WATCH,0.83,10,False,live,STOCK,93,NEUTRAL,NASDAQ
2026-08-28T09:15:57.875845+09:00,2026-08-28,ALLY,Ally Financial Inc.,US,금융,2026-08-27,42.74,3736988,2792684.4,0.8039,13001494528,28,60,63,96,59,1,HOLD,0.08,1,False,live,STOCK,62,NEUTRAL,NYSE
2026-08-28T09:15:57.875845+09:00,2026-08-28,ICLR,ICON Public Limited Company,US,제약/바이오,2026-08-27,169.72,376277,583488.85,6.4975,13094611968,73,65,50,51,62,2,WATCH,0.69,8,False,live,STOCK,74,NEUTRAL,NASDAQ
2026-08-28T09:15:57.875845+09:00,2026-08-28,TTMI,"TTM Technologies, Inc.",US,IT,2026-08-27,124.73,2624351,3100087.55,9.2143,13140164608,40,60,56,50,44,0,AVOID,-0.45,-5,True,live,STOCK,26,NEUTRAL,NASDAQ
2026-08-28T09:15:57.875845+09:00,2026-08-28,GGG,Graco Inc.,US,산업재,2026-08-27,79.62,1644592,1470854.6,1.5879,12894764032,39,60,63,50,50,0,HOLD,0.05,1,False,live,STOCK,48,NEUTRAL,NYSE
2026-08-28T09:15:57.875845+09:00,2026-08-28,WSO,"Watsco, Inc.",US,산업재,2026-08-27,313.05,651292,495464.6,9.2961,12913997824,47,60,63,50,48,0,HOLD,-0.25,-3,False,live,STOCK,27,NEUTRAL,NYSE
2026-08-28T09:15:57.875845+09:00,2026-08-28,AMKR,"Amkor Technology, Inc.",US,반도체,2026-08-27,51.74,4904172,4380833.6,3.1871,12854931456,40,65,50,58,43,0,AVOID,-0.5,-6,True,live,STOCK,23,NEUTRAL,NASDAQ
2026-08-28T09:15:57.875845+09:00,2026-08-28,GDDY,GoDaddy Inc.,US,IT,2026-08-27,96.98,1959913,2209655.65,4.1319,12282294272,84,60,53,76,74,3,BUY,1.05,13,False,live,STOCK,90,NEUTRAL,NYSE
2026-08-28T09:15:57.875845+09:00,2026-08-28,CCK,"Crown Holdings, Inc.",US,소비재,2026-08-27,117.34,649187,801679.35,2.6264,12761958400,48,60,60,84,63,1,HOLD,0.53,6,False,live,STOCK,69,NEUTRAL,NYSE
2026-08-28T09:15:57.875845+09:00,2026-08-28,FNF,"Fidelity National Financial, Inc.",US,금융,2026-08-27,47.3,1460897,1572719.85,0.9879,12685520896,17,60,63,84,46,1,HOLD,-0.36,-4,False,live,STOCK,26,NEUTRAL,NYSE
2026-08-28T09:15:57.875845+09:00,2026-08-28,CHYM,"Chime Financial, Inc. Class A Common Sto",US,IT,2026-08-27,33.36,4150635,9935231.75,1.2979,12629600256,58,60,55,62,63,1,HOLD,0.66,8,False,live,STOCK,86,NEUTRAL,NASDAQ
2026-08-28T09:15:57.875845+09:00,2026-08-28,CSGP,"CoStar Group, Inc.",US,리츠,2026-08-27,31.34,5423951,5765147.55,1.4,12698893312,65,60,63,51,56,0,HOLD,0.21,3,False,live,STOCK,35,NEUTRAL,NASDAQ
2026-08-28T09:15:57.875845+09:00,2026-08-28,HALO,"Halozyme Therapeutics, Inc.",US,제약/바이오,2026-08-27,106.92,1364307,2370965.35,2.7971,12135205888,95,65,53,50,72,2,WATCH,1.12,13,False,live,STOCK,87,NEUTRAL,NASDAQ
2026-08-28T09:15:57.875845+09:00,2026-08-28,PEN,"Penumbra, Inc.",US,제약/바이오,2026-08-27,321.0,476699,267559.95,2.132,12644004864,43,65,55,30,49,0,HOLD,0.01,0,False,live,STOCK,66,NEUTRAL,NYSE
2026-08-28T09:15:57.875845+09:00,2026-08-28,CORT,Corcept Therapeutics Incorporated,US,제약/바이오,2026-08-27,116.93,638590,926159.5,3.8696,12639945728,73,65,63,43,63,1,HOLD,0.77,9,False,live,STOCK,69,NEUTRAL,NASDAQ
2026-08-28T09:15:57.875845+09:00,2026-08-28,BMRN,BioMarin Pharmaceutical Inc.,US,제약/바이오,2026-08-27,65.29,1245974,2316018.7,2.0896,12638431232,47,65,66,51,58,1,HOLD,0.47,6,False,live,STOCK,72,NEUTRAL,NASDAQ
2026-08-28T09:15:57.875845+09:00,2026-08-28,FROG,JFrog Ltd.,US,IT,2026-08-27,104.03,3822238,2166806.9,5.5047,12827035648,92,60,60,27,68,2,WATCH,1.04,12,False,live,STOCK,83,NEUTRAL,NASDAQ
2026-08-28T09:15:57.875845+09:00,2026-08-28,WBS,Webster Financial Corporation,US,금융,2026-08-20,77.57,0,10126728.95,0.7775,12568934400,69,60,55,60,57,0,HOLD,0.36,4,False,live,STOCK,39,NEUTRAL,NYSE
2026-08-28T09:15:57.875845+09:00,2026-08-28,MDGL,"Madrigal Pharmaceuticals, Inc.",US,제약/바이오,2026-08-27,543.69,221851,321157.55,20.2375,12561482752,76,65,50,26,53,1,HOLD,0.39,5,False,live,STOCK,48,NEUTRAL,NASDAQ
2026-08-28T09:15:57.875845+09:00,2026-08-28,AGNC,AGNC Investment Corp.,US,리츠,2026-08-27,10.94,12372382,15439934.1,0.1514,12969166848,62,60,60,65,60,0,HOLD,0.45,5,False,live,STOCK,54,NEUTRAL,NASDAQ
2026-08-28T09:15:57.875845+09:00,2026-08-28,CLX,The Clorox Company,US,소매,2026-08-27,103.63,1476386,2579219.3,2.6314,12532079616,47,60,60,50,56,1,HOLD,0.41,5,False,live,STOCK,71,NEUTRAL,NYSE
2026-08-28T09:15:57.875845+09:00,2026-08-28,EGO,Eldorado Gold Corporation,US,소재,2026-08-27,48.03,3235757,2962972.85,1.9421,12526720000,73,60,55,55,60,1,HOLD,0.6,7,False,live,STOCK,51,NEUTRAL,NYSE
2026-08-28T09:15:57.875845+09:00,2026-08-28,AIT,"Applied Industrial Technologies, Inc.",US,산업재,2026-08-27,338.39,193654,254307.7,8.5175,12418526208,47,60,60,50,53,0,HOLD,0.24,3,False,live,STOCK,54,NEUTRAL,NYSE
2026-08-28T09:15:57.875845+09:00,2026-08-28,FMS,Fresenius Medical Care AG & Co. KGaA,US,제약/바이오,2026-08-27,23.27,534261,804268.05,0.3436,12384744448,21,65,58,100,48,1,HOLD,-0.23,-3,False,live,STOCK,23,NEUTRAL,NYSE
2026-08-28T09:15:57.875845+09:00,2026-08-28,ARWR,"Arrowhead Pharmaceuticals, Inc.",US,제약/바이오,2026-08-27,88.59,857491,1132764.55,2.7601,12513732608,62,65,60,42,53,0,HOLD,0.35,4,False,live,STOCK,39,NEUTRAL,NASDAQ
2026-08-28T09:15:57.875845+09:00,2026-08-28,IAG,Iamgold Corporation,US,소재,2026-08-27,21.54,4677727,6235801.35,0.8832,12299340800,78,60,55,73,72,3,BUY,0.98,12,False,live,STOCK,87,NEUTRAL,NYSE
2026-08-28T09:15:57.875845+09:00,2026-08-28,WTS,"Watts Water Technologies, Inc.",US,산업재,2026-08-27,372.37,197375,188313.75,7.7771,12430845952,48,60,73,45,52,1,HOLD,0.26,3,False,live,STOCK,31,NEUTRAL,NYSE
2026-08-28T09:15:57.875845+09:00,2026-08-28,ELS,"Equity LifeStyle Properties, Inc.",US,리츠,2026-08-27,63.91,944340,1253682.0,0.9257,12814652416,46,60,55,45,52,0,HOLD,0.13,2,False,live,STOCK,63,NEUTRAL,NYSE
2026-08-28T09:15:57.875845+09:00,2026-08-28,TEM,"Tempus AI, Inc.",US,제약/바이오,2026-08-27,70.69,6566022,7334796.1,4.968,12754932736,78,65,53,42,65,2,WATCH,0.85,10,False,live,STOCK,87,NEUTRAL,NASDAQ
2026-08-28T09:15:57.875845+09:00,2026-08-28,LI,Li Auto Inc.,US,소비재,2026-08-27,12.18,2367399,2751634.95,0.3309,11928193024,33,60,55,60,45,0,HOLD,-0.46,-6,False,live,STOCK,35,NEUTRAL,NASDAQ
2026-08-28T09:15:57.875845+09:00,2026-08-28,MICC,The Magnum Ice Cream Company N.V.,US,소매,2026-08-27,20.08,441698,743269.9,0.3841,12268240896,88,60,63,50,68,1,HOLD,0.96,12,False,live,STOCK,63,NEUTRAL,NYSE
2026-08-28T09:15:57.875845+09:00,2026-08-28,SF,Stifel Financial Corp,US,금융,2026-08-27,80.81,1074879,965123.95,1.74,12202448896,47,60,52,76,56,1,HOLD,0.3,4,False,live,STOCK,54,NEUTRAL,NYSE
2026-08-28T09:15:57.875845+09:00,2026-08-28,ELAN,Elanco Animal Health Incorporated,US,제약/바이오,2026-08-27,24.49,4093396,8402559.8,0.81,12231520256,72,65,72,53,67,2,WATCH,0.68,8,False,live,STOCK,64,NEUTRAL,NYSE
2026-08-28T09:15:57.875845+09:00,2026-08-28,SNN,Smith & Nephew plc,US,제약/바이오,2026-08-27,29.13,1106201,1369040.05,0.4907,12191089664,25,65,60,58,45,0,HOLD,-0.33,-4,False,live,STOCK,38,NEUTRAL,NYSE
2026-08-28T09:15:57.875845+09:00,2026-08-28,DOCU,"DocuSign, Inc.",US,IT,2026-08-27,63.8,3724624,2843621.2,2.6739,12182265856,66,60,50,66,63,1,HOLD,0.67,8,False,live,STOCK,77,NEUTRAL,NASDAQ
2026-08-28T09:15:57.875845+09:00,2026-08-28,CR,Crane Company,US,산업재,2026-08-27,208.98,322121,380431.05,5.7597,12079118336,29,60,63,58,49,0,HOLD,0.05,1,False,live,STOCK,48,NEUTRAL,NYSE
2026-08-28T09:15:57.875845+09:00,2026-08-28,JKHY,"Jack Henry & Associates, Inc.",US,IT,2026-08-27,169.64,661806,972430.3,5.2993,12053054464,88,60,63,50,72,2,WATCH,1.1,13,False,live,STOCK,83,NEUTRAL,NASDAQ
2026-08-28T09:15:57.875845+09:00,2026-08-28,DKNG,DraftKings Inc.,US,소비재,2026-08-27,24.22,7400080,12555279.0,1.1701,12024116224,50,60,60,60,61,1,HOLD,0.32,4,False,live,STOCK,78,NEUTRAL,NASDAQ
2026-08-28T09:15:57.875845+09:00,2026-08-28,AMH,American Homes 4 Rent,US,리츠,2026-08-27,33.44,1678242,2117377.1,0.5393,,47,60,75,50,53,1,HOLD,0.16,2,False,live,STOCK,32,NEUTRAL,NYSE
2026-08-28T09:15:57.875845+09:00,2026-08-28,ERIE,Erie Indemnity Company,US,금융,2026-08-27,259.44,230693,259874.65,9.0886,13566083072,66,60,72,58,70,2,WATCH,0.94,11,False,live,STOCK,87,NEUTRAL,NASDAQ
2026-08-28T09:15:57.875845+09:00,2026-08-28,GLPI,"Gaming and Leisure Properties, Inc.",US,리츠,2026-08-27,42.31,3375379,2810193.95,0.8711,12671896576,28,60,60,60,46,0,HOLD,-0.36,-4,False,live,STOCK,39,NEUTRAL,NASDAQ
2026-08-28T09:15:57.875845+09:00,2026-08-28,BTSG,"BrightSpring Health Services, Inc. Commo",US,제약/바이오,2026-08-27,60.9,3221500,2942910.0,2.5417,12049932288,65,65,45,58,50,0,HOLD,0.0,0,False,live,STOCK,26,NEUTRAL,NASDAQ
2026-08-28T09:15:57.875845+09:00,2026-08-28,UDR,"UDR, Inc.",US,리츠,2026-08-27,37.08,3006577,3101223.85,0.5967,13621866496,50,60,60,53,52,0,HOLD,0.07,1,False,live,STOCK,41,NEUTRAL,NYSE
2026-08-28T09:15:57.875845+09:00,2026-08-28,CART,Maplebear Inc.,US,IT,2026-08-27,50.48,2937119,4472470.95,1.8103,11686123520,88,60,50,66,70,2,WATCH,0.98,12,False,live,STOCK,78,NEUTRAL,NASDAQ
2026-08-28T09:15:57.875845+09:00,2026-08-28,PNW,Pinnacle West Capital Corporation,US,유틸리티,2026-08-27,97.89,868077,1120528.85,1.5064,11863997440,28,60,63,37,41,0,AVOID,-0.35,-4,True,live,STOCK,33,NEUTRAL,NYSE
2026-08-28T09:15:57.875845+09:00,2026-08-28,EHC,Encompass Health Corporation,US,제약/바이오,2026-08-27,119.57,858127,1002606.35,2.3975,11795985408,36,65,45,58,50,1,HOLD,0.11,1,False,live,STOCK,72,NEUTRAL,NYSE
2026-08-28T09:15:57.875845+09:00,2026-08-28,AFG,"American Financial Group, Inc.",US,금융,2026-08-27,142.62,280285,349724.25,2.5093,11826258944,44,60,53,60,58,1,HOLD,0.36,4,False,live,STOCK,84,NEUTRAL,NYSE
2026-08-28T09:15:57.875845+09:00,2026-08-28,AR,Antero Resources Corporation,US,에너지,2026-08-27,38.52,2945752,3861417.6,1.1303,11842550784,74,60,55,78,70,3,BUY,0.78,9,False,live,STOCK,77,NEUTRAL,NYSE
2026-08-28T09:15:57.875845+09:00,2026-08-28,RTO,Rentokil Initial plc,US,산업재,2026-08-27,23.47,1318700,1585265.0,0.3477,11811229696,37,60,55,66,45,0,HOLD,-0.48,-6,False,live,STOCK,20,NEUTRAL,NYSE
2026-08-28T09:15:57.875845+09:00,2026-08-28,NVMI,Nova Ltd.,US,반도체,2026-08-27,370.915,557324,480811.2,17.085,11797382144,18,65,40,42,32,0,AVOID,-0.9,-11,True,live,STOCK,33,NEUTRAL,NASDAQ
2026-08-28T09:15:57.875845+09:00,2026-08-28,DECK,Deckers Outdoor Corporation,US,소비재,2026-08-27,86.33,2936745,2364232.25,2.9264,11756579840,10,60,63,68,41,0,AVOID,-0.73,-9,True,live,STOCK,26,NEUTRAL,NYSE
2026-08-28T09:15:57.875845+09:00,2026-08-28,PSKY,Paramount Skydance Corporation Class B C,US,인터넷,2026-08-27,10.8,8430008,11457825.4,0.3936,12117014528,65,65,63,51,67,1,HOLD,0.67,8,False,live,STOCK,91,NEUTRAL,NASDAQ
2026-08-28T09:15:57.875845+09:00,2026-08-28,HII,"Huntington Ingalls Industries, Inc.",US,산업재,2026-08-27,297.29,323477,456713.85,8.0157,11714593792,35,60,55,52,41,0,AVOID,-0.41,-5,True,live,STOCK,19,NEUTRAL,NYSE
2026-08-28T09:15:57.875845+09:00,2026-08-28,HRL,Hormel Foods Corporation,US,소매,2026-08-27,21.28,18553724,4570046.2,0.6029,,20,60,58,58,43,0,AVOID,-0.46,-6,True,live,STOCK,42,NEUTRAL,NYSE
2026-08-28T09:15:57.875845+09:00,2026-08-28,AHR,"American Healthcare REIT, Inc.",US,리츠,2026-08-27,56.48,2282437,3064556.85,1.2225,12312569856,84,60,58,43,68,2,WATCH,0.97,12,False,live,STOCK,83,NEUTRAL,NYSE
2026-08-28T09:15:57.875845+09:00,2026-08-28,GNRC,Generac Holdings Inc.,US,산업재,2026-08-27,197.29,2344168,1023423.4,8.9293,11641364480,18,60,50,58,37,0,AVOID,-0.78,-9,True,live,STOCK,27,NEUTRAL,NYSE
2026-08-28T09:15:57.875845+09:00,2026-08-28,SAIL,"SailPoint, Inc.",US,IT,2026-08-27,20.45,8438179,3134668.95,1.0481,11598892032,66,60,60,42,63,1,HOLD,0.65,8,False,live,STOCK,83,NEUTRAL,NASDAQ
2026-08-28T09:15:57.875845+09:00,2026-08-28,FHN,First Horizon Corporation,US,금융,2026-08-27,24.42,3867071,4762468.55,0.4221,11569638400,28,60,55,70,53,1,HOLD,-0.03,0,False,live,STOCK,69,NEUTRAL,NYSE
2026-08-28T09:15:57.875845+09:00,2026-08-28,OC,Owens Corning,US,소재,2026-08-27,143.68,894012,826945.6,4.2775,11357713408,39,60,60,78,58,1,HOLD,0.34,4,False,live,STOCK,63,NEUTRAL,NYSE
2026-08-28T09:15:57.875845+09:00,2026-08-28,BJ,"BJ's Wholesale Club Holdings, Inc.",US,소매,2026-08-27,90.49,1520847,1902657.35,2.8706,11430215680,47,60,50,50,44,0,AVOID,-0.13,-2,True,live,STOCK,26,NEUTRAL,NYSE
2026-08-28T09:15:57.875845+09:00,2026-08-28,WTRG,"Essential Utilities, Inc.",US,유틸리티,2026-08-27,40.55,2041639,1958466.95,0.8211,11501317120,69,60,60,37,59,0,HOLD,0.56,7,False,live,STOCK,63,NEUTRAL,NYSE
2026-08-28T09:15:57.875845+09:00,2026-08-28,AEIS,"Advanced Energy Industries, Inc.",US,IT,2026-08-27,287.09,515265,623058.25,17.1803,11498080256,25,60,50,50,38,0,AVOID,-0.56,-7,True,live,STOCK,30,NEUTRAL,NASDAQ
2026-08-28T09:15:57.875845+09:00,2026-08-28,DVA,DaVita Inc.,US,제약/바이오,2026-08-27,178.88,489859,1037547.95,4.6629,11412544512,50,65,53,84,59,1,HOLD,0.08,1,False,live,STOCK,55,NEUTRAL,NYSE
2026-08-28T09:15:57.875845+09:00,2026-08-28,SMMT,Summit Therapeutics Inc.,US,제약/바이오,2026-08-27,14.33,4793922,5420431.1,0.97,11431751680,55,65,78,42,61,1,HOLD,0.22,3,False,live,STOCK,62,NEUTRAL,NASDAQ
2026-08-28T09:15:57.875845+09:00,2026-08-28,SCI,Service Corporation International,US,소비재,2026-08-27,83.47,736906,856660.3,1.6629,11376259072,47,60,48,50,52,0,HOLD,0.2,2,False,live,STOCK,66,NEUTRAL,NYSE
2026-08-28T09:15:57.875845+09:00,2026-08-28,ALGN,"Align Technology, Inc.",US,제약/바이오,2026-08-27,158.84,801177,857608.85,5.6043,11283970048,28,65,63,74,56,2,HOLD,-0.07,-1,False,live,STOCK,70,NEUTRAL,NASDAQ
2026-08-28T09:15:57.875845+09:00,2026-08-28,TECH,Bio-Techne Corporation,US,제약/바이오,2026-08-27,72.47,1683886,2772619.3,0.2462,11364618240,70,65,73,51,68,3,WATCH,0.88,11,False,live,STOCK,72,NEUTRAL,NASDAQ
2026-08-28T09:15:57.875845+09:00,2026-08-28,EVR,Evercore Inc.,US,금융,2026-08-27,292.12,405738,514781.9,9.2621,11234285568,25,60,63,68,45,0,HOLD,-0.51,-6,False,live,STOCK,26,NEUTRAL,NYSE
2026-08-28T09:15:57.875845+09:00,2026-08-28,ENLT,Enlight Renewable Energy Ltd,US,유틸리티,2026-08-27,80.57,117841,191722.05,2.8107,11266045952,18,60,50,35,33,0,AVOID,-0.85,-10,True,live,STOCK,29,NEUTRAL,NASDAQ
2026-08-28T09:15:57.875845+09:00,2026-08-28,DKS,"DICK'S Sporting Goods, Inc.",US,소비재,2026-08-27,131.77,6735854,4549592.7,10.8364,11793750016,10,60,63,68,40,0,AVOID,-0.75,-9,True,live,STOCK,23,NEUTRAL,NYSE
2026-08-28T09:15:57.875845+09:00,2026-08-28,KNX,Knight-Swift Transportation Holdings Inc,US,산업재,2026-08-27,68.9,2131265,2871238.25,2.2045,11213888512,28,60,63,51,41,0,AVOID,-0.51,-6,True,live,STOCK,17,NEUTRAL,NYSE
2026-08-28T09:15:57.875845+09:00,2026-08-28,TFII,TFI International Inc.,US,산업재,2026-08-27,136.26,142324,261261.2,3.8314,11199622144,28,60,63,66,47,0,HOLD,-0.39,-5,False,live,STOCK,33,NEUTRAL,NYSE
2026-08-28T09:15:57.875845+09:00,2026-08-28,AUR,"Aurora Innovation, Inc.",US,IT,2026-08-27,5.69,25393152,28984727.6,0.3636,11403643904,25,60,45,50,45,1,HOLD,-0.46,-6,False,live,STOCK,70,NEUTRAL,NASDAQ
2026-08-28T09:15:57.875845+09:00,2026-08-28,BXP,"BXP, Inc.",US,리츠,2026-08-27,69.97,820987,1208169.35,1.73,12655993856,84,60,63,53,66,1,HOLD,0.85,10,False,live,STOCK,54,NEUTRAL,NYSE
2026-08-28T09:15:57.875845+09:00,2026-08-28,PAC,"Grupo Aeroportuario del Pacífico, S.A.B.",US,산업재,2026-08-27,214.85,120966,114148.3,5.1354,12783966208,65,60,60,50,55,0,HOLD,0.1,1,False,live,STOCK,36,NEUTRAL,NYSE
2026-08-28T09:15:57.875845+09:00,2026-08-28,GMED,"Globus Medical, Inc.",US,제약/바이오,2026-08-27,82.54,846022,1366806.1,2.4032,11081978880,43,65,60,66,61,1,HOLD,0.31,4,False,live,STOCK,84,NEUTRAL,NYSE
2026-08-28T09:15:57.875845+09:00,2026-08-28,APC,ARKO Petroleum Corp. Class A Common Stoc,US,에너지,2026-08-27,18.5,118956,168147.8,0.5931,1527549184,28,60,55,58,51,1,HOLD,-0.08,-1,False,live,STOCK,72,NEUTRAL,NASDAQ
2026-08-28T09:15:57.875845+09:00,2026-08-28,SUZ,Suzano S.A.,US,소재,2026-08-27,8.96,2901908,3742335.4,0.26,11034783744,84,60,55,70,69,2,WATCH,0.84,10,False,live,STOCK,67,NEUTRAL,NYSE
2026-08-28T09:15:57.875845+09:00,2026-08-28,NYT,The New York Times Company,US,인터넷,2026-08-27,68.12,1442160,2392548.0,1.4307,10986638336,62,65,63,53,56,0,HOLD,0.12,1,False,live,STOCK,39,NEUTRAL,NYSE
2026-08-28T09:15:57.875845+09:00,2026-08-28,BSY,"Bentley Systems, Incorporated",US,IT,2026-08-27,37.61,2502314,2505160.7,1.4236,11361714176,81,60,60,42,69,2,WATCH,0.99,12,False,live,STOCK,90,NEUTRAL,NASDAQ
2026-08-28T09:15:57.875845+09:00,2026-08-28,DPZ,"Domino's Pizza, Inc.",US,소비재,2026-08-27,332.055,787802,731185.1,10.6879,10984955904,47,60,50,50,50,0,HOLD,0.09,1,False,live,STOCK,55,NEUTRAL,NASDAQ
2026-08-28T09:15:57.875845+09:00,2026-08-28,UMBF,UMB Financial Corporation,US,금융,2026-08-27,144.54,564212,480740.6,2.8121,10977817600,47,60,50,60,54,0,HOLD,0.25,3,False,live,STOCK,67,NEUTRAL,NASDAQ
2026-08-28T09:15:57.875845+09:00,2026-08-28,TX,Ternium S.A.,US,소재,2026-08-27,55.83,545820,692621.0,1.6614,,69,60,60,76,69,2,WATCH,0.84,10,False,live,STOCK,75,NEUTRAL,NYSE
2026-08-28T09:15:57.875845+09:00,2026-08-28,RRX,Regal Rexnord Corporation,US,산업재,2026-08-27,163.92,1090273,1424918.65,5.9011,10912083968,7,60,63,58,37,0,AVOID,-0.85,-10,True,live,STOCK,20,NEUTRAL,NYSE
2026-08-28T09:15:57.875845+09:00,2026-08-28,SANM,Sanmina Corporation,US,IT,2026-08-27,203.35,787843,654422.15,9.5636,10899022848,55,60,65,58,52,0,HOLD,-0.13,-2,False,live,STOCK,24,NEUTRAL,NASDAQ
2026-08-28T09:15:57.875845+09:00,2026-08-28,BPOP,"Popular, Inc.",US,금융,2026-08-27,169.75,320309,386485.45,3.2239,10826400768,44,60,53,70,54,1,HOLD,0.24,3,False,live,STOCK,54,NEUTRAL,NASDAQ
2026-08-28T09:15:57.875845+09:00,2026-08-28,FDS,FactSet Research Systems Inc.,US,금융,2026-08-27,304.47,857167,785038.35,10.6407,10828641280,95,60,55,66,72,2,WATCH,1.09,13,False,live,STOCK,71,NEUTRAL,NYSE
2026-08-28T09:15:57.875845+09:00,2026-08-28,NIO,NIO Inc.,US,소비재,2026-08-27,4.36,25276769,27209813.45,0.1304,,18,60,50,42,40,0,AVOID,-0.64,-8,True,live,STOCK,55,NEUTRAL,NYSE
2026-08-28T09:15:57.875845+09:00,2026-08-28,MGM,MGM Resorts International,US,소비재,2026-08-27,42.97,1864977,2266298.85,0.7,10993928192,28,60,63,74,47,1,HOLD,-0.29,-3,False,live,STOCK,24,NEUTRAL,NYSE
2026-08-28T09:15:57.875845+09:00,2026-08-28,XPEV,XPeng Inc.,US,소비재,2026-08-27,11.33,7615929,8253131.45,0.4351,10838205440,40,60,60,50,47,0,HOLD,-0.35,-4,False,live,STOCK,33,NEUTRAL,NYSE
2026-08-28T09:15:57.875845+09:00,2026-08-28,EGP,"EastGroup Properties, Inc.",US,리츠,2026-08-27,200.0,322996,404619.8,3.0664,10754663424,31,60,63,45,41,0,AVOID,-0.37,-4,True,live,STOCK,19,NEUTRAL,NYSE
2026-08-28T09:15:57.875845+09:00,2026-08-28,JEF,Jefferies Financial Group Inc.,US,금융,2026-08-27,52.84,1433563,1915918.15,1.457,10747233280,25,60,60,68,46,0,HOLD,-0.29,-3,False,live,STOCK,33,NEUTRAL,NYSE
2026-08-28T09:15:57.875845+09:00,2026-08-28,GKOS,Glaukos Corporation,US,제약/바이오,2026-08-27,181.91,442291,696339.55,6.1368,10729767936,66,65,45,27,57,1,HOLD,0.57,7,False,live,STOCK,90,NEUTRAL,NYSE
2026-08-28T09:15:57.875845+09:00,2026-08-28,AG,First Majestic Silver Corp.,US,소재,2026-08-27,21.74,8393156,10135177.8,0.9838,10715784192,70,60,45,66,57,1,HOLD,0.31,4,False,live,STOCK,48,NEUTRAL,NYSE
2026-08-28T09:15:57.875845+09:00,2026-08-28,ALSN,"Allison Transmission Holdings, Inc.",US,소비재,2026-08-27,129.16,826696,845944.8,3.9304,10665780224,91,60,50,66,65,1,HOLD,0.8,10,False,live,STOCK,48,NEUTRAL,NYSE
2026-08-28T09:15:57.875845+09:00,2026-08-28,DCI,"Donaldson Company, Inc.",US,산업재,2026-08-27,92.41,808179,653388.95,2.2473,,39,60,63,58,54,0,HOLD,0.27,3,False,live,STOCK,61,NEUTRAL,NYSE
2026-08-28T09:15:57.875845+09:00,2026-08-28,LFUS,"Littelfuse, Inc.",US,IT,2026-08-27,421.28,157966,224538.3,16.9891,10699984896,40,60,45,50,40,0,AVOID,-0.51,-6,True,live,STOCK,23,NEUTRAL,NASDAQ
2026-08-28T09:15:57.875845+09:00,2026-08-28,AM,Antero Midstream Corporation,US,에너지,2026-08-27,22.53,1908975,2514748.75,0.5779,10694405120,76,60,60,58,65,1,HOLD,0.7,8,False,live,STOCK,63,NEUTRAL,NYSE
2026-08-28T09:15:57.875845+09:00,2026-08-28,ARW,"Arrow Electronics, Inc.",US,IT,2026-08-27,208.96,357558,618517.9,6.8604,10637197312,28,60,60,84,54,1,HOLD,-0.08,-1,False,live,STOCK,55,NEUTRAL,NYSE
2026-08-28T09:15:57.875845+09:00,2026-08-28,PAYC,"Paycom Software, Inc.",US,IT,2026-08-27,237.04,818573,933563.65,7.4608,10683776000,85,60,58,50,72,2,WATCH,1.08,13,False,live,STOCK,93,NEUTRAL,NYSE
2026-08-28T09:15:57.875845+09:00,2026-08-28,WMS,"Advanced Drainage Systems, Inc.",US,소재,2026-08-27,138.81,675469,702183.45,4.5461,10467015680,31,60,55,58,44,0,AVOID,-0.3,-4,True,live,STOCK,34,NEUTRAL,NYSE
2026-08-28T09:15:57.875845+09:00,2026-08-28,CPT,Camden Property Trust,US,리츠,2026-08-27,105.79,656218,855640.9,1.8286,12243349504,28,60,63,45,43,0,AVOID,-0.31,-4,True,live,STOCK,33,NEUTRAL,NYSE
2026-08-28T09:15:57.875845+09:00,2026-08-28,AXSM,"Axsome Therapeutics, Inc.",US,제약/바이오,2026-08-27,206.27,586266,694763.3,7.2185,10804591616,31,65,60,26,39,0,AVOID,-0.53,-6,True,live,STOCK,32,NEUTRAL,NASDAQ
2026-08-28T09:15:57.875845+09:00,2026-08-28,GSAT,"Globalstar, Inc.",US,인터넷,2026-08-27,82.05,804570,878993.5,0.78,10630676480,43,65,53,27,49,1,HOLD,-0.01,0,False,live,STOCK,74,NEUTRAL,NASDAQ
2026-08-28T09:15:57.875845+09:00,2026-08-28,KRYS,"Krystal Biotech, Inc.",US,제약/바이오,2026-08-27,357.46,181374,286308.7,10.3064,10580400128,73,65,45,34,50,1,HOLD,0.34,4,False,live,STOCK,39,NEUTRAL,NASDAQ
2026-08-28T09:15:57.875845+09:00,2026-08-28,AES,The AES Corporation,US,유틸리티,2026-08-27,14.75,6830419,7426590.95,0.045,10523219968,58,60,58,70,63,1,HOLD,0.42,5,False,live,STOCK,69,NEUTRAL,NYSE
2026-08-28T09:15:57.875845+09:00,2026-08-28,FLS,Flowserve Corporation,US,산업재,2026-08-27,82.0,1347457,1531452.85,1.9914,10423247872,84,60,66,58,72,2,WATCH,0.98,12,False,live,STOCK,77,NEUTRAL,NYSE
2026-08-28T09:15:57.875845+09:00,2026-08-28,MP,MP Materials Corp.,US,소재,2026-08-27,59.03,4371726,7241206.3,3.6023,10513336320,80,60,60,27,60,1,HOLD,0.41,5,False,live,STOCK,62,NEUTRAL,NYSE
2026-08-28T09:15:57.875845+09:00,2026-08-28,BIO,"Bio-Rad Laboratories, Inc.",US,제약/바이오,2026-08-27,389.94,245878,268323.9,10.5843,10426284032,80,65,60,37,65,2,WATCH,0.88,11,False,live,STOCK,78,NEUTRAL,NYSE
2026-08-28T09:15:57.875845+09:00,2026-08-28,CGNX,Cognex Corporation,US,IT,2026-08-27,62.97,997182,2375639.1,2.5785,10593055744,28,60,45,43,37,0,AVOID,-0.57,-7,True,live,STOCK,32,NEUTRAL,NASDAQ
2026-08-28T09:15:57.875845+09:00,2026-08-28,FRHC,Freedom Holding Corp.,US,금융,2026-08-27,170.66,79654,118837.7,7.8336,10886002688,88,60,53,43,66,2,WATCH,0.91,11,False,live,STOCK,74,NEUTRAL,NASDAQ
2026-08-28T09:15:57.875845+09:00,2026-08-28,UHS,"Universal Health Services, Inc.",US,제약/바이오,2026-08-27,172.58,570404,685380.2,4.705,10171264000,55,65,63,70,63,1,HOLD,0.61,7,False,live,STOCK,69,NEUTRAL,NYSE
2026-08-28T09:15:57.875845+09:00,2026-08-28,DRS,"Leonardo DRS, Inc.",US,산업재,2026-08-27,38.92,1122405,837405.25,1.2874,10387417088,10,60,53,50,35,0,AVOID,-0.88,-11,True,live,STOCK,29,NEUTRAL,NASDAQ
2026-08-28T09:15:57.875845+09:00,2026-08-28,IONS,"Ionis Pharmaceuticals, Inc.",US,제약/바이오,2026-08-27,62.43,1625117,2308520.85,1.8657,10374887424,62,65,56,37,54,0,HOLD,0.03,0,False,live,STOCK,56,NEUTRAL,NASDAQ
2026-08-28T09:15:57.875845+09:00,2026-08-28,MOH,"Molina Healthcare, Inc.",US,제약/바이오,2026-08-27,198.75,423716,566815.8,6.9614,10374750208,54,65,63,51,49,0,HOLD,0.16,2,False,live,STOCK,17,NEUTRAL,NYSE
2026-08-28T09:15:57.875845+09:00,2026-08-28,SUN,Sunoco LP,US,에너지,2026-08-27,75.48,235959,476107.95,1.96,14221478912,69,60,58,63,65,1,HOLD,0.75,9,False,live,STOCK,72,NEUTRAL,NYSE
2026-08-28T09:15:57.875845+09:00,2026-08-28,WTFC,Wintrust Financial Corporation,US,금융,2026-08-27,152.98,366940,553282.0,3.0854,10319329280,25,60,63,60,45,0,HOLD,-0.28,-3,False,live,STOCK,32,NEUTRAL,NASDAQ
2026-08-28T09:15:57.875845+09:00,2026-08-28,PAYP,PayPay Corporation,US,IT,2026-08-27,15.2,431659,784287.95,0.6229,10292575232,55,60,55,68,52,0,HOLD,-0.18,-2,False,live,STOCK,26,NEUTRAL,NASDAQ
2026-08-28T09:15:57.875845+09:00,2026-08-28,ORI,Old Republic International Corporation,US,금융,2026-08-27,42.24,740144,1054782.2,0.6864,10198127616,44,60,60,78,57,1,HOLD,0.33,4,False,live,STOCK,52,NEUTRAL,NYSE
2026-08-28T09:15:57.875845+09:00,2026-08-28,HSIC,"Henry Schein, Inc.",US,제약/바이오,2026-08-27,90.28,784419,1174245.95,1.6179,10061393920,69,65,60,58,62,0,HOLD,0.68,8,False,live,STOCK,61,NEUTRAL,NASDAQ
2026-08-28T09:15:57.875845+09:00,2026-08-28,SSB,SouthState Bank Corp.,US,금융,2026-08-27,106.05,468694,801334.7,1.7064,10284149760,47,60,53,70,58,1,HOLD,0.36,4,False,live,STOCK,69,NEUTRAL,NYSE
2026-08-28T09:15:57.875845+09:00,2026-08-28,SPXC,"SPX Technologies, Inc.",US,소재,2026-08-27,205.28,412460,421768.0,7.2143,10281625600,25,60,60,58,42,0,AVOID,-0.48,-6,True,live,STOCK,23,NEUTRAL,NYSE
2026-08-28T09:15:57.875845+09:00,2026-08-28,RGEN,Repligen Corporation,US,제약/바이오,2026-08-27,182.03,611893,999829.65,6.6271,10272975872,80,65,60,43,69,2,WATCH,0.98,12,False,live,STOCK,90,NEUTRAL,NASDAQ
2026-08-28T09:15:57.875845+09:00,2026-08-28,PRAX,"Praxis Precision Medicines, Inc.",US,제약/바이오,2026-08-27,367.85,242856,433887.8,18.5141,10270367744,62,65,48,50,60,1,HOLD,0.45,5,False,live,STOCK,84,NEUTRAL,NASDAQ
2026-08-28T09:15:57.875845+09:00,2026-08-28,AYI,"Acuity Brands, Inc.",US,산업재,2026-08-27,341.76,133842,243767.1,8.7864,10230772736,44,60,60,58,54,0,HOLD,0.27,3,False,live,STOCK,58,NEUTRAL,NYSE
2026-08-28T09:15:57.875845+09:00,2026-08-28,SWKS,"Skyworks Solutions, Inc.",US,반도체,2026-08-27,67.36,4640809,4683780.45,2.4979,10135846912,55,65,66,53,58,0,HOLD,0.11,1,False,live,STOCK,56,NEUTRAL,NASDAQ
2026-08-28T09:15:57.875845+09:00,2026-08-28,RDY,Dr. Reddy's Laboratories Limited,US,제약/바이오,2026-08-27,12.16,1551362,2427823.1,0.2225,10129281024,50,65,55,42,50,0,HOLD,-0.1,-1,False,live,STOCK,52,NEUTRAL,NYSE
2026-08-28T09:15:57.875845+09:00,2026-08-28,ENSG,"The Ensign Group, Inc.",US,제약/바이오,2026-08-27,173.54,371130,301446.5,4.2875,10114332672,35,65,53,58,45,0,HOLD,-0.22,-3,False,live,STOCK,33,NEUTRAL,NASDAQ
2026-08-28T09:15:57.875845+09:00,2026-08-28,FRT,Federal Realty Investment Trust,US,리츠,2026-08-27,116.92,572386,812269.3,1.4564,10220951552,25,60,63,45,41,0,AVOID,-0.42,-5,True,live,STOCK,26,NEUTRAL,NYSE
2026-08-28T09:15:57.875845+09:00,2026-08-28,BEPH,Brookfield BRP Holdings (Canada) Inc 4.6,US,유틸리티,2026-08-27,15.16,11982,18894.1,0.1008,,65,60,55,50,54,0,HOLD,0.26,3,False,live,STOCK,40,NEUTRAL,NYSE
2026-08-28T09:15:57.875845+09:00,2026-08-28,KTOS,"Kratos Defense & Security Solutions, Inc",US,산업재,2026-08-27,53.69,2132000,3849685.0,3.0336,10078757888,30,60,40,30,41,0,AVOID,-0.52,-6,True,live,STOCK,69,NEUTRAL,NASDAQ
2026-08-28T09:15:57.875845+09:00,2026-08-28,CFR,"Cullen/Frost Bankers, Inc.",US,금융,2026-08-27,161.39,568227,523171.35,2.8889,10030192640,47,60,60,55,55,0,HOLD,0.36,4,False,live,STOCK,61,NEUTRAL,NYSE
2026-08-28T09:15:57.875845+09:00,2026-08-28,VSAT,"Viasat, Inc.",US,IT,2026-08-27,72.73,1342241,1965892.05,3.82,10018980864,43,60,45,43,43,0,AVOID,-0.38,-5,True,live,STOCK,40,NEUTRAL,NASDAQ
2026-08-28T09:15:57.875845+09:00,2026-08-28,PSO,Pearson plc,US,인터넷,2026-08-27,16.66,422926,680716.3,0.2353,10023623680,91,65,55,66,66,1,HOLD,0.82,10,False,live,STOCK,45,NEUTRAL,NYSE
2026-08-28T09:15:57.875845+09:00,2026-08-28,EAT,"Brinker International, Inc.",US,소비재,2026-08-27,233.22,1246059,1074407.95,11.6618,10002290688,51,60,53,50,56,1,HOLD,0.41,5,False,live,STOCK,74,NEUTRAL,NYSE
