scan_ts_kst,date,ticker,name,market,sector,bar_date,close,volume,avg_vol20,atr14,market_cap,tech,macro,filing,value,total,consensus,signal,ev,target,hitl,source,asset_type,flow,regime,exchange
2026-09-11T07:56:49.207012+09:00,2026-09-11,NVDA,NVIDIA Corporation,US,반도체,2026-09-10,218.36,100845811,127963280.55,7.7207,5272738725888,47,65,63,58,54,0,HOLD,0.2,2,False,live,STOCK,48,NEUTRAL,NASDAQ
2026-09-11T07:56:49.207012+09:00,2026-09-11,AAPL,Apple Inc.,US,IT,2026-09-10,326.57,69820744,42005382.2,7.5157,4766021713920,73,60,58,42,62,2,WATCH,0.71,9,False,live,STOCK,77,NEUTRAL,NASDAQ
2026-09-11T07:56:49.207012+09:00,2026-09-11,GOOG,Alphabet Inc.,US,인터넷,2026-09-10,330.39,15219012,15245970.6,6.6979,4040648556544,31,65,70,60,50,1,HOLD,-0.15,-2,False,live,STOCK,46,NEUTRAL,NASDAQ
2026-09-11T07:56:49.207012+09:00,2026-09-11,MSFT,Microsoft Corporation,US,IT,2026-09-10,492.44,15852734,21216126.7,10.1507,3656635645952,58,60,50,50,58,1,HOLD,0.52,6,False,live,STOCK,80,NEUTRAL,NASDAQ
2026-09-11T07:56:49.207012+09:00,2026-09-11,AMZN,"Amazon.com, Inc.",US,소비재,2026-09-10,251.89,25371219,32212120.95,5.5114,2716964487168,46,60,60,50,47,0,HOLD,-0.03,0,False,live,STOCK,31,NEUTRAL,NASDAQ
2026-09-11T07:56:49.207012+09:00,2026-09-11,TSM,Taiwan Semiconductor Manufacturing Compa,US,반도체,2026-09-10,428.03,8325340,9130892.0,10.0507,2219966464000,87,65,77,66,69,2,WATCH,0.8,10,False,live,STOCK,38,NEUTRAL,NYSE
2026-09-11T07:56:49.207012+09:00,2026-09-11,SPCX,Space Exploration Technologies Corp.,US,산업재,2026-09-10,148.18,118244140,82006262.0,6.1429,1953276100608,80,60,78,27,59,2,HOLD,0.67,8,False,live,STOCK,55,NEUTRAL,NASDAQ
2026-09-11T07:56:49.207012+09:00,2026-09-11,AVGO,Broadcom Inc.,US,반도체,2026-09-10,360.83,21364163,25214618.15,10.7539,1716677640192,28,65,60,50,44,0,AVOID,-0.35,-4,True,live,STOCK,41,NEUTRAL,NASDAQ
2026-09-11T07:56:49.207012+09:00,2026-09-11,META,"Meta Platforms, Inc.",US,인터넷,2026-09-10,644.38,20418899,17552019.95,20.6664,1641561980928,58,65,50,66,62,1,HOLD,0.53,6,False,live,STOCK,76,NEUTRAL,NASDAQ
2026-09-11T07:56:49.207012+09:00,2026-09-11,TSLA,"Tesla, Inc.",US,소비재,2026-09-10,363.56,29554006,39764290.3,15.2943,1435897430016,72,60,70,30,54,2,HOLD,0.32,4,False,live,STOCK,49,NEUTRAL,NASDAQ
2026-09-11T07:56:49.207012+09:00,2026-09-11,MU,"Micron Technology, Inc.",US,반도체,2026-09-10,977.41,25554875,26802763.75,44.5129,1103880126464,80,65,65,58,64,1,HOLD,0.55,7,False,live,STOCK,46,NEUTRAL,NASDAQ
2026-09-11T07:56:49.207012+09:00,2026-09-11,LLY,Eli Lilly and Company,US,제약/바이오,2026-09-10,1123.0,1991604,2469675.2,29.3857,1001425534976,35,65,81,50,51,1,HOLD,0.06,1,False,live,STOCK,48,NEUTRAL,NYSE
2026-09-11T07:56:49.207012+09:00,2026-09-11,JPM,JPMorgan Chase & Co.,US,금융,2026-09-10,353.56,4177661,5549428.05,5.6079,939828314112,47,60,71,60,58,1,HOLD,0.44,5,False,live,STOCK,57,NEUTRAL,NYSE
2026-09-11T07:56:49.207012+09:00,2026-09-11,WMT,Walmart Inc.,US,소매,2026-09-10,105.73,16410703,27744045.15,1.9439,841407725568,57,60,50,37,46,0,HOLD,-0.19,-2,False,live,STOCK,39,NEUTRAL,NASDAQ
2026-09-11T07:56:49.207012+09:00,2026-09-11,AMD,"Advanced Micro Devices, Inc.",US,반도체,2026-09-10,503.6,15908424,18000081.2,18.7129,822114451456,72,65,65,43,58,1,HOLD,0.5,6,False,live,STOCK,52,NEUTRAL,NASDAQ
2026-09-11T07:56:49.207012+09:00,2026-09-11,V,Visa Inc.,US,금융,2026-09-10,367.21,3742141,6489027.05,5.7707,685598441472,47,60,60,50,54,0,HOLD,0.35,4,False,live,STOCK,63,NEUTRAL,NYSE
2026-09-11T07:56:49.207012+09:00,2026-09-11,XOM,Exxon Mobil Corporation,US,에너지,2026-09-10,165.23,16203525,13806366.25,3.4314,679411187712,62,60,40,58,55,0,HOLD,0.3,4,False,live,STOCK,54,NEUTRAL,NYSE
2026-09-11T07:56:49.207012+09:00,2026-09-11,ASML,ASML Holding N.V.,US,반도체,2026-09-10,1687.4301,1076142,1134857.1,45.265,648141864960,43,65,70,42,46,1,HOLD,-0.2,-2,False,live,STOCK,30,NEUTRAL,NASDAQ
2026-09-11T07:56:49.207012+09:00,2026-09-11,JNJ,Johnson & Johnson,US,제약/바이오,2026-09-10,266.35,4844617,6258165.85,5.2854,641876492288,47,65,56,53,55,0,HOLD,0.33,4,False,live,STOCK,69,NEUTRAL,NYSE
2026-09-11T07:56:49.207012+09:00,2026-09-11,INTC,Intel Corp.,US,반도체,2026-09-10,100.32,96048649,93157022.45,4.4693,530302074880,72,65,88,42,61,2,WATCH,0.46,6,False,live,STOCK,46,NEUTRAL,NASDAQ
2026-09-11T07:56:49.207012+09:00,2026-09-11,MA,Mastercard Incorporated,US,금융,2026-09-10,565.37,1814171,2652073.55,8.8715,495269740544,50,60,53,50,53,0,HOLD,0.32,4,False,live,STOCK,63,NEUTRAL,NYSE
2026-09-11T07:56:49.207012+09:00,2026-09-11,ABBV,AbbVie Inc.,US,제약/바이오,2026-09-10,255.0,4393091,4341779.55,5.4604,450614919168,47,65,81,51,59,1,HOLD,0.6,7,False,live,STOCK,68,NEUTRAL,NYSE
2026-09-11T07:56:49.207012+09:00,2026-09-11,BAC,Bank of America Corporation,US,금융,2026-09-10,62.56,26504890,29916754.5,1.0505,437466365952,69,60,81,68,68,1,HOLD,0.87,10,False,live,STOCK,54,NEUTRAL,NYSE
2026-09-11T07:56:49.207012+09:00,2026-09-11,ORCL,Oracle Corporation,US,IT,2026-09-10,152.94,50925752,23696932.6,6.7793,440539250688,70,60,50,50,52,1,HOLD,-0.07,-1,False,live,STOCK,29,NEUTRAL,NYSE
2026-09-11T07:56:49.207012+09:00,2026-09-11,CVX,Chevron Corporation,US,에너지,2026-09-10,212.76,9615583,7724024.15,4.07,417350713344,91,60,32,74,71,3,BUY,0.84,10,False,live,STOCK,75,NEUTRAL,NYSE
2026-09-11T07:56:49.207012+09:00,2026-09-11,CSCO,"Cisco Systems, Inc.",US,IT,2026-09-10,107.44,11462555,17709587.75,1.9271,423591542784,31,60,65,50,43,0,AVOID,-0.41,-5,True,live,STOCK,29,NEUTRAL,NASDAQ
2026-09-11T07:56:49.207012+09:00,2026-09-11,COST,Costco Wholesale Corporation,US,소매,2026-09-10,902.38,1922453,1852617.65,15.31,400186408960,28,60,52,29,32,0,AVOID,-0.67,-8,True,live,STOCK,20,NEUTRAL,NASDAQ
2026-09-11T07:56:49.207012+09:00,2026-09-11,PLTR,Palantir Technologies Inc.,US,IT,2026-09-10,165.86,21080018,29667370.9,8.1121,398571274240,54,60,42,35,47,0,HOLD,0.2,2,False,live,STOCK,61,NEUTRAL,NASDAQ
2026-09-11T07:56:49.207012+09:00,2026-09-11,KO,The Coca-Cola Company,US,소매,2026-09-10,87.83,11800688,14465379.4,1.235,377892896768,44,60,50,37,45,0,HOLD,-0.01,0,False,live,STOCK,54,NEUTRAL,NYSE
2026-09-11T07:56:49.207012+09:00,2026-09-11,LRCX,Lam Research Corporation,US,반도체,2026-09-10,298.01,9841410,7547940.5,12.8921,372906164224,40,65,73,42,49,1,HOLD,-0.15,-2,False,live,STOCK,47,NEUTRAL,NASDAQ
2026-09-11T07:56:49.207012+09:00,2026-09-11,CAT,Caterpillar Inc.,US,산업재,2026-09-10,805.0,1780448,2381702.4,20.395,370038276096,50,60,55,50,49,0,HOLD,-0.17,-2,False,live,STOCK,38,NEUTRAL,NYSE
2026-09-11T07:56:49.207012+09:00,2026-09-11,AMAT,"Applied Materials, Inc.",US,반도체,2026-09-10,454.01,4834009,7120305.45,16.0264,360301166592,37,65,65,58,48,0,HOLD,-0.32,-4,False,live,STOCK,32,NEUTRAL,NASDAQ
2026-09-11T07:56:49.207012+09:00,2026-09-11,MRK,"Merck & Co., Inc.",US,제약/바이오,2026-09-10,144.71,7443211,11088330.55,3.79,357024432128,51,65,50,35,52,1,HOLD,0.37,4,False,live,STOCK,80,NEUTRAL,NYSE
2026-09-11T07:56:49.207012+09:00,2026-09-11,HSBC,HSBC Holdings plc,US,금융,2026-09-10,103.7,1344659,1069642.95,1.3932,355148234752,54,60,55,68,59,0,HOLD,0.4,5,False,live,STOCK,55,NEUTRAL,NYSE
2026-09-11T07:56:49.207012+09:00,2026-09-11,UNH,UnitedHealth Group Incorporated,US,제약/바이오,2026-09-10,388.28,4265842,4552297.1,9.6789,348518121472,53,65,83,66,59,1,HOLD,0.27,3,False,live,STOCK,32,NEUTRAL,NYSE
2026-09-11T07:56:49.207012+09:00,2026-09-11,PG,The Procter & Gamble Company,US,소매,2026-09-10,142.97,10893968,9161043.4,2.235,332072484864,31,60,50,45,46,0,HOLD,-0.2,-2,False,live,STOCK,68,NEUTRAL,NYSE
2026-09-11T07:56:49.207012+09:00,2026-09-11,DELL,Dell Technologies Inc.,US,IT,2026-09-10,506.62,5833088,8506964.4,29.6271,322115436544,95,60,55,66,73,1,HOLD,1.07,13,False,live,STOCK,69,NEUTRAL,NYSE
2026-09-11T07:56:49.207012+09:00,2026-09-11,GE,GE Aerospace,US,산업재,2026-09-10,324.15,3460878,3701948.9,7.8354,336325869568,28,60,60,37,42,0,AVOID,-0.25,-3,True,live,STOCK,55,NEUTRAL,NYSE
2026-09-11T07:56:49.207012+09:00,2026-09-11,MS,Morgan Stanley,US,금융,2026-09-10,212.66,4468305,3817130.25,4.4307,333996621824,35,60,60,60,51,0,HOLD,-0.05,-1,False,live,STOCK,52,NEUTRAL,NYSE
2026-09-11T07:56:49.207012+09:00,2026-09-11,NFLX,"Netflix, Inc.",US,인터넷,2026-09-10,76.01,19936837,28095666.85,2.0821,316501065728,43,65,42,50,48,0,HOLD,-0.2,-2,False,live,STOCK,60,NEUTRAL,NASDAQ
2026-09-11T07:56:49.207012+09:00,2026-09-11,HD,"The Home Depot, Inc.",US,소비재,2026-09-10,305.69,4307096,3840949.8,5.7991,304983736320,20,60,63,42,35,0,AVOID,-0.6,-7,True,live,STOCK,20,NEUTRAL,NYSE
2026-09-11T07:56:49.207012+09:00,2026-09-11,GS,"The Goldman Sachs Group, Inc.",US,금융,2026-09-10,1019.77,1890373,1783758.65,23.3364,296927854592,57,60,60,60,55,0,HOLD,0.16,2,False,live,STOCK,41,NEUTRAL,NYSE
2026-09-11T07:56:49.207012+09:00,2026-09-11,PM,Philip Morris International Inc.,US,소매,2026-09-10,189.77,4601477,4263463.85,4.5246,295778058240,62,60,58,58,60,0,HOLD,0.43,5,False,live,STOCK,61,NEUTRAL,NYSE
2026-09-11T07:56:49.207012+09:00,2026-09-11,RY,Royal Bank of Canada,US,금융,2026-09-10,205.98,723019,1254245.95,3.3914,285164863488,28,60,60,60,49,0,HOLD,-0.08,-1,False,live,STOCK,55,NEUTRAL,NYSE
2026-09-11T07:56:49.207012+09:00,2026-09-11,PANW,"Palo Alto Networks, Inc.",US,IT,2026-09-10,338.49,4540753,6048902.65,19.5958,275869335552,51,60,57,35,51,1,HOLD,0.38,5,False,live,STOCK,71,NEUTRAL,NASDAQ
2026-09-11T07:56:49.207012+09:00,2026-09-11,ARM,Arm Holdings plc American Depositary Sha,US,반도체,2026-09-10,254.18,3705096,3761394.8,12.9321,271463874560,55,65,70,35,49,1,HOLD,-0.06,-1,False,live,STOCK,38,NEUTRAL,NASDAQ
2026-09-11T07:56:49.207012+09:00,2026-09-11,WFC,Wells Fargo & Company,US,금융,2026-09-10,89.45,13068936,12357121.8,1.7689,270496727040,76,60,60,60,67,1,HOLD,0.76,9,False,live,STOCK,69,NEUTRAL,NYSE
2026-09-11T07:56:49.207012+09:00,2026-09-11,SHEL,Shell plc,US,에너지,2026-09-10,95.96,6459278,6224082.55,1.3691,274520129536,88,60,55,78,73,2,WATCH,0.92,11,False,live,STOCK,60,NEUTRAL,NYSE
2026-09-11T07:56:49.207012+09:00,2026-09-11,RTX,RTX Corporation,US,산업재,2026-09-10,198.12,2624059,3985957.95,3.6454,267017830400,39,60,45,58,49,0,HOLD,-0.05,-1,False,live,STOCK,54,NEUTRAL,NYSE
2026-09-11T07:56:49.207012+09:00,2026-09-11,MUFG,"Mitsubishi UFJ Financial Group, Inc.",US,금융,2026-09-10,23.29,2871419,2734330.95,0.4343,262146768896,81,60,58,60,65,1,HOLD,0.78,9,False,live,STOCK,54,NEUTRAL,NYSE
2026-09-11T07:56:49.207012+09:00,2026-09-11,NVS,Novartis AG,US,제약/바이오,2026-09-10,137.48,2419232,2291486.6,4.6879,261310267392,28,65,55,53,41,0,AVOID,-0.53,-6,True,live,STOCK,29,NEUTRAL,NYSE
2026-09-11T07:56:49.207012+09:00,2026-09-11,BABA,Alibaba Group Holding Limited,US,소비재,2026-09-10,108.56,6605385,12747514.25,3.369,269839286272,35,60,55,58,53,0,HOLD,-0.05,-1,False,live,STOCK,69,NEUTRAL,NYSE
2026-09-11T07:56:49.207012+09:00,2026-09-11,SNDK,Sandisk Corporation,US,IT,2026-09-10,1692.59,8643364,13142018.2,97.1064,247827349504,87,60,55,50,63,1,HOLD,0.47,6,False,live,STOCK,55,NEUTRAL,NASDAQ
2026-09-11T07:56:49.207012+09:00,2026-09-11,AZN,AstraZeneca PLC,US,제약/바이오,2026-09-10,159.64,2921639,3322171.95,3.3879,247585013760,28,65,68,58,48,0,HOLD,-0.31,-4,False,live,STOCK,43,NEUTRAL,NYSE
2026-09-11T07:56:49.207012+09:00,2026-09-11,GEV,GE Vernova Inc.,US,산업재,2026-09-10,923.91,1458709,2019040.45,34.4271,246068248576,50,60,60,50,51,0,HOLD,0.1,1,False,live,STOCK,46,NEUTRAL,NYSE
2026-09-11T07:56:49.207012+09:00,2026-09-11,SAP,SAP SE,US,IT,2026-09-10,205.95,2239482,2403019.1,5.9971,237708361728,51,60,58,42,53,0,HOLD,0.4,5,False,live,STOCK,69,NEUTRAL,NYSE
2026-09-11T07:56:49.207012+09:00,2026-09-11,ANET,"Arista Networks, Inc.",US,IT,2026-09-10,188.99,2808298,5183014.9,6.7209,238358855680,58,60,60,42,52,0,HOLD,0.4,5,False,live,STOCK,51,NEUTRAL,NYSE
2026-09-11T07:56:49.207012+09:00,2026-09-11,C,Citigroup Inc.,US,금융,2026-09-10,138.5,7121047,8342462.35,2.6575,232324988928,72,60,70,76,75,4,BUY,0.84,10,False,live,STOCK,81,NEUTRAL,NYSE
2026-09-11T07:56:49.207012+09:00,2026-09-11,TXN,Texas Instruments Incorporated,US,반도체,2026-09-10,258.82,5831596,5429749.8,6.9643,236366774272,50,65,75,58,53,1,HOLD,-0.02,0,False,live,STOCK,30,NEUTRAL,NASDAQ
2026-09-11T07:56:49.207012+09:00,2026-09-11,KLAC,KLA Corporation,US,반도체,2026-09-10,177.18,10488193,9110879.65,7.2286,231493959680,40,65,73,42,46,1,HOLD,-0.25,-3,False,live,STOCK,32,NEUTRAL,NASDAQ
2026-09-11T07:56:49.207012+09:00,2026-09-11,TM,Toyota Motor Corporation,US,소비재,2026-09-10,192.48,309000,335035.0,3.4336,227931619328,47,60,50,54,51,0,HOLD,0.13,2,False,live,STOCK,54,NEUTRAL,NYSE
2026-09-11T07:56:49.207012+09:00,2026-09-11,TMO,Thermo Fisher Scientific Inc.,US,제약/바이오,2026-09-10,603.18,1539451,1658952.55,15.4136,223024168960,48,65,53,58,59,1,HOLD,0.47,6,False,live,STOCK,84,NEUTRAL,NYSE
2026-09-11T07:56:49.207012+09:00,2026-09-11,BHP,BHP Group Limited,US,소재,2026-09-10,87.35,3675514,2753950.7,2.4663,221998006272,40,60,55,45,49,0,HOLD,-0.01,0,False,live,STOCK,61,NEUTRAL,NYSE
2026-09-11T07:56:49.207012+09:00,2026-09-11,IBM,International Business Machines Corporat,US,IT,2026-09-10,234.02,5352692,4807204.6,6.0593,220478291968,50,60,81,58,56,1,HOLD,0.07,1,False,live,STOCK,36,NEUTRAL,NYSE
2026-09-11T07:56:49.207012+09:00,2026-09-11,AXP,American Express Company,US,금융,2026-09-10,320.71,2413839,2349431.95,5.2393,216578605056,28,60,81,50,46,1,HOLD,-0.1,-1,False,live,STOCK,32,NEUTRAL,NYSE
2026-09-11T07:56:49.207012+09:00,2026-09-11,SAN,"Banco Santander, S.A.",US,금융,2026-09-10,14.63,6340425,17922416.25,0.2475,212459864064,69,60,55,76,65,1,HOLD,0.62,7,False,live,STOCK,51,NEUTRAL,NYSE
2026-09-11T07:56:49.207012+09:00,2026-09-11,LIN,Linde plc,US,소재,2026-09-10,461.62,2147456,1960072.8,7.4272,212797652992,28,60,60,58,44,0,AVOID,-0.43,-5,True,live,STOCK,33,NEUTRAL,NASDAQ
2026-09-11T07:56:49.207012+09:00,2026-09-11,CRWD,"CrowdStrike Holdings, Inc.",US,IT,2026-09-10,208.86,7341563,10339953.15,13.1606,213859024896,73,60,65,30,51,1,HOLD,0.5,6,False,live,STOCK,34,NEUTRAL,NASDAQ
2026-09-11T07:56:49.207012+09:00,2026-09-11,VZ,Verizon Communications Inc.,US,인터넷,2026-09-10,49.97,18344380,17481854.0,0.8246,207614132224,69,65,50,84,68,1,HOLD,0.55,7,False,live,STOCK,58,NEUTRAL,NYSE
2026-09-11T07:56:49.207012+09:00,2026-09-11,AMGN,Amgen Inc.,US,제약/바이오,2026-09-10,382.47,3346481,2589044.05,11.0933,206775517184,39,65,45,50,48,0,HOLD,-0.0,0,False,live,STOCK,63,NEUTRAL,NASDAQ
2026-09-11T07:56:49.207012+09:00,2026-09-11,TTE,TotalEnergies SE,US,에너지,2026-09-10,91.23,983138,1598826.9,1.6189,201603891200,80,60,55,94,74,2,WATCH,0.71,9,False,live,STOCK,55,NEUTRAL,NYSE
2026-09-11T07:56:49.207012+09:00,2026-09-11,TD,The Toronto-Dominion Bank,US,금융,2026-09-10,120.14,1195891,1892729.55,2.0857,196850712576,35,60,60,60,53,0,HOLD,0.06,1,False,live,STOCK,61,NEUTRAL,NYSE
2026-09-11T07:56:49.207012+09:00,2026-09-11,CRM,"Salesforce, Inc.",US,IT,2026-09-10,243.0,9128851,16672222.55,11.775,199989002240,56,60,55,66,64,1,HOLD,0.6,7,False,live,STOCK,80,NEUTRAL,NYSE
2026-09-11T07:56:49.207012+09:00,2026-09-11,MRVL,"Marvell Technology, Inc.",US,반도체,2026-09-10,226.96,16092013,24252865.65,13.6714,203970002944,52,65,66,35,53,0,HOLD,0.06,1,False,live,STOCK,67,NEUTRAL,NASDAQ
2026-09-11T07:56:49.207012+09:00,2026-09-11,APH,Amphenol Corporation,US,IT,2026-09-10,80.25,11993748,11263277.4,2.3314,197893832704,76,60,66,50,59,1,HOLD,0.52,6,False,live,STOCK,38,NEUTRAL,NYSE
2026-09-11T07:56:49.207012+09:00,2026-09-11,NVO,Novo Nordisk A/S,US,제약/바이오,2026-09-10,44.01,6529453,10734787.65,1.2364,194476883968,31,65,68,73,57,1,HOLD,0.11,1,False,live,STOCK,62,NEUTRAL,NYSE
2026-09-11T07:56:49.207012+09:00,2026-09-11,STX,Seagate Technology Holdings plc,US,IT,2026-09-10,862.33,3057129,3611686.45,43.83,196087824384,80,60,63,43,65,2,WATCH,0.71,9,False,live,STOCK,76,NEUTRAL,NASDAQ
2026-09-11T07:56:49.207012+09:00,2026-09-11,TMUS,"T-Mobile US, Inc.",US,인터넷,2026-09-10,177.16,4533352,3958772.6,4.144,190034509824,46,65,60,74,56,1,HOLD,0.0,0,False,live,STOCK,39,NEUTRAL,NASDAQ
2026-09-11T07:56:49.207012+09:00,2026-09-11,PEP,"PepsiCo, Inc.",US,소매,2026-09-10,136.65,7403554,6953047.7,2.0064,186663895040,43,60,60,52,47,0,HOLD,-0.16,-2,False,live,STOCK,33,NEUTRAL,NASDAQ
2026-09-11T07:56:49.207012+09:00,2026-09-11,SCHW,The Charles Schwab Corporation,US,금융,2026-09-10,107.33,6685530,7526776.5,2.2836,185609601024,54,60,50,66,60,0,HOLD,0.45,5,False,live,STOCK,69,NEUTRAL,NYSE
2026-09-11T07:56:49.207012+09:00,2026-09-11,QCOM,QUALCOMM Incorporated,US,반도체,2026-09-10,176.88,15541314,10753895.7,6.2645,188918546432,54,65,68,66,60,0,HOLD,0.15,2,False,live,STOCK,52,NEUTRAL,NASDAQ
2026-09-11T07:56:49.207012+09:00,2026-09-11,DIS,The Walt Disney Company,US,인터넷,2026-09-10,105.82,7387622,7574976.1,2.1907,182718005248,47,65,60,58,56,0,HOLD,0.27,3,False,live,STOCK,63,NEUTRAL,NYSE
2026-09-11T07:56:49.207012+09:00,2026-09-11,DE,Deere & Company,US,산업재,2026-09-10,677.94,1171940,1382007.0,19.6593,182789849088,91,60,50,58,67,1,HOLD,0.89,11,False,live,STOCK,63,NEUTRAL,NYSE
2026-09-11T07:56:49.207012+09:00,2026-09-11,MCD,McDonald's Corporation,US,소비재,2026-09-10,253.05,4074277,4216573.85,3.8071,179068698624,20,60,55,50,37,0,AVOID,-0.68,-8,True,live,STOCK,26,NEUTRAL,NYSE
2026-09-11T07:56:49.207012+09:00,2026-09-11,GILD,"Gilead Sciences, Inc.",US,제약/바이오,2026-09-10,144.81,5707501,5288115.05,3.3783,179557908480,47,65,50,60,58,1,HOLD,0.39,5,False,live,STOCK,78,NEUTRAL,NASDAQ
2026-09-11T07:56:49.207012+09:00,2026-09-11,ABT,Abbott Laboratories,US,제약/바이오,2026-09-10,103.36,7750954,7803027.7,2.7743,178852429824,39,65,53,58,52,0,HOLD,0.18,2,False,live,STOCK,60,NEUTRAL,NYSE
2026-09-11T07:56:49.207012+09:00,2026-09-11,UBS,UBS Group AG,US,금융,2026-09-10,54.01,1064311,1594940.55,0.8614,165364678656,54,60,73,66,63,1,HOLD,0.59,7,False,live,STOCK,61,NEUTRAL,NYSE
2026-09-11T07:56:49.207012+09:00,2026-09-11,ADI,"Analog Devices, Inc.",US,반도체,2026-09-10,361.25,2963682,3626309.1,9.0036,175049277440,28,65,53,58,42,0,AVOID,-0.55,-7,True,live,STOCK,30,NEUTRAL,NASDAQ
2026-09-11T07:56:49.207012+09:00,2026-09-11,T,AT&T Inc.,US,인터넷,2026-09-10,25.55,33523594,31851979.7,0.5057,175078457344,62,65,45,78,64,1,HOLD,0.48,6,False,live,STOCK,64,NEUTRAL,NYSE
2026-09-11T07:56:49.207012+09:00,2026-09-11,NEE,"NextEra Energy, Inc.",US,유틸리티,2026-09-10,82.44,12878935,10599916.75,1.241,171968053248,47,60,63,42,49,0,HOLD,0.02,0,False,live,STOCK,47,NEUTRAL,NYSE
2026-09-11T07:56:49.207012+09:00,2026-09-11,WELL,Welltower Inc.,US,리츠,2026-09-10,235.71,2255358,2581742.9,4.7593,169846030336,47,60,78,38,55,2,HOLD,0.52,6,False,live,STOCK,71,NEUTRAL,NYSE
2026-09-11T07:56:49.207012+09:00,2026-09-11,UNP,Union Pacific Corporation,US,산업재,2026-09-10,285.78,2290137,2359981.85,5.4552,169774907392,39,60,60,42,46,0,HOLD,0.0,0,False,live,STOCK,48,NEUTRAL,NYSE
2026-09-11T07:56:49.207012+09:00,2026-09-11,COP,ConocoPhillips,US,에너지,2026-09-10,137.04,5580916,6423745.8,2.8507,164631281664,69,60,42,58,62,1,HOLD,0.58,7,False,live,STOCK,75,NEUTRAL,NYSE
2026-09-11T07:56:49.207012+09:00,2026-09-11,BLK,"BlackRock, Inc.",US,금융,2026-09-10,1062.4,362791,550244.55,21.4354,172614713344,47,60,60,66,51,0,HOLD,0.01,0,False,live,STOCK,25,NEUTRAL,NYSE
2026-09-11T07:56:49.207012+09:00,2026-09-11,SHOP,Shopify Inc.,US,IT,2026-09-10,126.6,12092699,7506054.95,6.1635,164283072512,47,60,60,35,47,0,HOLD,0.23,3,False,live,STOCK,54,NEUTRAL,NASDAQ
2026-09-11T07:56:49.207012+09:00,2026-09-11,SCCO,Southern Copper Corporation,US,소재,2026-09-10,194.14,1746767,1196833.35,9.7506,163920887808,47,60,48,37,44,0,AVOID,-0.01,0,True,live,STOCK,48,NEUTRAL,NYSE
2026-09-11T07:56:49.207012+09:00,2026-09-11,BA,The Boeing Company,US,산업재,2026-09-10,204.8,4620114,5076910.7,3.965,161867792384,25,60,63,35,36,0,AVOID,-0.54,-6,True,live,STOCK,26,NEUTRAL,NYSE
2026-09-11T07:56:49.207012+09:00,2026-09-11,RIO,Rio Tinto Group,US,소재,2026-09-10,99.39,2554019,2154570.95,2.2243,161643855872,43,60,55,55,53,0,HOLD,0.04,0,False,live,STOCK,63,NEUTRAL,NYSE
2026-09-11T07:56:49.207012+09:00,2026-09-11,BBVA,"Banco Bilbao Vizcaya Argentaria, S.A.",US,금융,2026-09-10,28.84,777133,1317351.65,0.3932,159147917312,51,60,55,60,56,0,HOLD,0.35,4,False,live,STOCK,57,NEUTRAL,NYSE
2026-09-11T07:56:49.207012+09:00,2026-09-11,WDC,Western Digital Corporation,US,IT,2026-09-10,460.93,4500675,6266643.75,24.7702,166184124416,50,60,48,68,54,0,HOLD,-0.16,-2,False,live,STOCK,46,NEUTRAL,NASDAQ
2026-09-11T07:56:49.207012+09:00,2026-09-11,ETN,Eaton Corporation plc,US,산업재,2026-09-10,409.15,1514571,1735873.55,12.1675,158913855488,43,60,60,50,51,0,HOLD,0.09,1,False,live,STOCK,54,NEUTRAL,NYSE
2026-09-11T07:56:49.207012+09:00,2026-09-11,TBB,AT&T Inc. 5.35% GLB NTS 66,US,인터넷,2026-09-10,19.4401,142302,112505.1,0.1826,,50,65,58,80,58,1,HOLD,0.04,0,False,live,STOCK,36,NEUTRAL,NYSE
2026-09-11T07:56:49.207012+09:00,2026-09-11,PFE,Pfizer Inc.,US,제약/바이오,2026-09-10,27.65,27633347,33229362.35,0.5679,157595975680,47,65,64,66,62,1,HOLD,0.45,5,False,live,STOCK,77,NEUTRAL,NYSE
2026-09-11T07:56:49.207012+09:00,2026-09-11,IBKR,"Interactive Brokers Group, Inc.",US,금융,2026-09-10,89.42,2862218,3650405.9,3.1994,152355176448,46,60,85,58,56,1,HOLD,0.29,3,False,live,STOCK,41,NEUTRAL,NASDAQ
2026-09-11T07:56:49.207012+09:00,2026-09-11,BUD,Anheuser-Busch InBev SA/NV,US,소매,2026-09-10,77.65,1312574,2397098.7,1.2436,152902664192,31,60,58,60,54,1,HOLD,-0.04,0,False,live,STOCK,76,NEUTRAL,NYSE
2026-09-11T07:56:49.207012+09:00,2026-09-11,BX,Blackstone Inc.,US,금융,2026-09-10,125.41,4595072,3310793.6,3.7993,149902295040,35,60,72,50,51,1,HOLD,0.11,1,False,live,STOCK,54,NEUTRAL,NYSE
2026-09-11T07:56:49.207012+09:00,2026-09-11,UBER,"Uber Technologies, Inc.",US,IT,2026-09-10,72.56,35283827,16365966.35,2.5374,148208156672,43,60,78,55,55,1,HOLD,0.26,3,False,live,STOCK,48,NEUTRAL,NYSE
2026-09-11T07:56:49.207012+09:00,2026-09-11,DHR,Danaher Corporation,US,제약/바이오,2026-09-10,200.53,3010103,3107620.15,5.4407,140969787392,39,65,60,58,55,0,HOLD,0.25,3,False,live,STOCK,68,NEUTRAL,NYSE
2026-09-11T07:56:49.207012+09:00,2026-09-11,GLW,Corning Inc,US,IT,2026-09-10,163.12,5350718,8888880.9,6.7361,140509659136,72,60,70,43,56,2,HOLD,0.31,4,False,live,STOCK,38,NEUTRAL,NYSE
2026-09-11T07:56:49.207012+09:00,2026-09-11,TJX,"The TJX Companies, Inc.",US,소비재,2026-09-10,126.42,6159555,8116642.75,2.3671,139058708480,10,60,60,42,32,0,AVOID,-0.87,-10,True,live,STOCK,23,NEUTRAL,NYSE
2026-09-11T07:56:49.207012+09:00,2026-09-11,SONY,Sony Group Corporation,US,IT,2026-09-10,23.52,3324111,4197685.55,0.5107,137408380928,47,60,45,58,51,0,HOLD,0.11,1,False,live,STOCK,54,NEUTRAL,NYSE
2026-09-11T07:56:49.207012+09:00,2026-09-11,PBR,Petróleo Brasileiro S.A. - Petrobras,US,에너지,2026-09-10,21.38,34526373,22641748.65,0.6647,137780543488,82,60,50,73,74,3,BUY,0.98,12,False,live,STOCK,86,NEUTRAL,NYSE
2026-09-11T07:56:49.207012+09:00,2026-09-11,NOW,"ServiceNow, Inc.",US,IT,2026-09-10,131.17,13685244,17318657.2,6.5257,135611678720,51,60,40,35,48,0,HOLD,0.19,2,False,live,STOCK,69,NEUTRAL,NYSE
2026-09-11T07:56:49.207012+09:00,2026-09-11,BKNG,Booking Holdings Inc.,US,소비재,2026-09-10,174.33,6283772,5669658.6,6.8252,130988163072,39,60,48,74,53,1,HOLD,-0.02,0,False,live,STOCK,48,NEUTRAL,NASDAQ
2026-09-11T07:56:49.207012+09:00,2026-09-11,MFG,"Mizuho Financial Group, Inc.",US,금융,2026-09-10,11.06,3061706,2950260.3,0.1978,133859762176,76,60,58,68,65,1,HOLD,0.72,9,False,live,STOCK,51,NEUTRAL,NYSE
2026-09-11T07:56:49.207012+09:00,2026-09-11,NEM,Newmont Corporation,US,소재,2026-09-10,126.14,6251205,8093385.25,4.4127,132912742400,66,60,53,76,68,2,WATCH,0.7,8,False,live,STOCK,72,NEUTRAL,NYSE
2026-09-11T07:56:49.207012+09:00,2026-09-11,UL,Unilever PLC,US,소매,2026-09-10,61.63,2659178,3803563.9,0.885,132705705984,47,60,58,61,51,0,HOLD,0.06,1,False,live,STOCK,34,NEUTRAL,NYSE
2026-09-11T07:56:49.207012+09:00,2026-09-11,CB,Chubb Limited,US,금융,2026-09-10,338.67,1180208,1700970.4,5.3214,130658844672,28,60,55,78,54,1,HOLD,-0.08,-1,False,live,STOCK,54,NEUTRAL,NYSE
2026-09-11T07:56:49.207012+09:00,2026-09-11,VRTX,Vertex Pharmaceuticals Incorporated,US,제약/바이오,2026-09-10,514.56,810087,1022259.35,11.4293,130420850688,47,65,50,50,52,0,HOLD,0.25,3,False,live,STOCK,63,NEUTRAL,NASDAQ
2026-09-11T07:56:49.207012+09:00,2026-09-11,BMY,Bristol-Myers Squibb Company,US,제약/바이오,2026-09-10,63.75,6467066,7923743.3,1.3571,130223054848,50,65,52,76,65,2,WATCH,0.52,6,False,live,STOCK,83,NEUTRAL,NYSE
2026-09-11T07:56:49.207012+09:00,2026-09-11,ISRG,"Intuitive Surgical, Inc.",US,제약/바이오,2026-09-10,360.46,3347921,2207351.05,11.1196,129144905728,25,65,50,50,43,0,AVOID,-0.51,-6,True,live,STOCK,52,NEUTRAL,NASDAQ
2026-09-11T07:56:49.207012+09:00,2026-09-11,COF,Capital One Financial Corporation,US,금융,2026-09-10,207.11,3924318,3122405.9,4.6806,127058853888,50,60,53,86,61,1,HOLD,0.33,4,False,live,STOCK,48,NEUTRAL,NYSE
2026-09-11T07:56:49.207012+09:00,2026-09-11,PGR,The Progressive Corporation,US,금융,2026-09-10,216.19,1302634,2234971.7,3.8364,125628014592,32,60,53,73,59,2,HOLD,0.19,2,False,live,STOCK,84,NEUTRAL,NYSE
2026-09-11T07:56:49.207012+09:00,2026-09-11,PLD,"Prologis, Inc.",US,리츠,2026-09-10,134.41,2845851,2957502.55,2.0504,130658803712,28,60,58,45,42,0,AVOID,-0.39,-5,True,live,STOCK,44,NEUTRAL,NYSE
2026-09-11T07:56:49.207012+09:00,2026-09-11,LMT,Lockheed Martin Corporation,US,산업재,2026-09-10,530.12,1101604,1058310.2,11.9922,122346790912,32,60,40,42,40,0,AVOID,-0.44,-5,True,live,STOCK,48,NEUTRAL,NYSE
2026-09-11T07:56:49.207012+09:00,2026-09-11,BMO,Bank of Montreal,US,금융,2026-09-10,173.69,465136,902951.8,3.2154,120730566656,28,60,63,58,49,0,HOLD,-0.07,-1,False,live,STOCK,51,NEUTRAL,NYSE
2026-09-11T07:56:49.207012+09:00,2026-09-11,CVS,CVS Health Corp.,US,제약/바이오,2026-09-10,95.29,3858904,6220960.2,2.0893,121873088512,72,65,70,74,67,3,WATCH,0.52,6,False,live,STOCK,47,NEUTRAL,NYSE
2026-09-11T07:56:49.207012+09:00,2026-09-11,SPGI,S&P Global Inc.,US,금융,2026-09-10,410.42,1708890,1874304.5,11.9833,120991817728,47,60,60,50,48,0,HOLD,0.01,0,False,live,STOCK,32,NEUTRAL,NYSE
2026-09-11T07:56:49.207012+09:00,2026-09-11,BP,BP p.l.c.,US,에너지,2026-09-10,46.08,7769299,9351889.95,0.9971,118674644992,88,60,55,66,73,2,WATCH,0.95,11,False,live,STOCK,77,NEUTRAL,NYSE
2026-09-11T07:56:49.207012+09:00,2026-09-11,BTI,British American Tobacco p.l.c.,US,소매,2026-09-10,54.86,10198100,4892535.0,0.8957,118132875264,28,60,55,60,41,0,AVOID,-0.56,-7,True,live,STOCK,20,NEUTRAL,NYSE
2026-09-11T07:56:49.207012+09:00,2026-09-11,PH,Parker-Hannifin Corporation,US,산업재,2026-09-10,934.34,655013,619510.65,22.2159,117771198464,43,60,50,53,48,0,HOLD,-0.05,-1,False,live,STOCK,48,NEUTRAL,NYSE
2026-09-11T07:56:49.207012+09:00,2026-09-11,MDT,Medtronic plc,US,제약/바이오,2026-09-10,91.62,5078152,7998682.6,2.2193,117194620928,47,65,50,58,52,0,HOLD,0.21,3,False,live,STOCK,54,NEUTRAL,NYSE
2026-09-11T07:56:49.207012+09:00,2026-09-11,FTNT,"Fortinet, Inc.",US,IT,2026-09-10,158.85,3262573,4150703.65,7.1714,116550418432,54,60,65,42,54,0,HOLD,0.4,5,False,live,STOCK,63,NEUTRAL,NASDAQ
2026-09-11T07:56:49.207012+09:00,2026-09-11,MO,"Altria Group, Inc.",US,소매,2026-09-10,68.79,6475629,8682251.45,1.395,114861678592,72,60,60,68,68,2,WATCH,0.59,7,False,live,STOCK,70,NEUTRAL,NYSE
2026-09-11T07:56:49.207012+09:00,2026-09-11,MPC,Marathon Petroleum Corporation,US,에너지,2026-09-10,392.42,2566834,2361181.7,10.7264,110201257984,80,60,50,68,72,2,WATCH,0.93,11,False,live,STOCK,86,NEUTRAL,NYSE
2026-09-11T07:56:49.207012+09:00,2026-09-11,SNOW,Snowflake Inc.,US,IT,2026-09-10,329.72,3431111,5248065.55,18.3566,116325220352,66,60,60,22,48,0,HOLD,0.42,5,False,live,STOCK,48,NEUTRAL,NYSE
2026-09-11T07:56:49.207012+09:00,2026-09-11,BNS,The Bank of Nova Scotia,US,금융,2026-09-10,92.84,1166140,2034967.0,2.0639,113156169728,91,60,60,60,64,1,HOLD,0.77,9,False,live,STOCK,32,NEUTRAL,NYSE
2026-09-11T07:56:49.207012+09:00,2026-09-11,SBUX,Starbucks Corporation,US,소비재,2026-09-10,99.22,6940448,5738972.4,2.3771,113110802432,43,60,60,50,50,0,HOLD,-0.04,0,False,live,STOCK,48,NEUTRAL,NASDAQ
2026-09-11T07:56:49.207012+09:00,2026-09-11,HDB,HDFC Bank Limited,US,금융,2026-09-10,21.84,7222188,9963149.4,0.5146,112214343680,28,60,55,52,45,0,HOLD,-0.37,-4,False,live,STOCK,49,NEUTRAL,NYSE
2026-09-11T07:56:49.207012+09:00,2026-09-11,BNY,Bank of New York Mellon Corp,US,금융,2026-09-10,162.59,2663942,2561287.1,2.6179,110317985792,69,60,48,50,56,0,HOLD,0.48,6,False,live,STOCK,55,NEUTRAL,NYSE
2026-09-11T07:56:49.207012+09:00,2026-09-11,VLO,Valero Energy Corporation,US,에너지,2026-09-10,385.43,3071021,2387236.05,10.5327,110975877120,77,60,55,71,73,3,BUY,0.98,12,False,live,STOCK,90,NEUTRAL,NYSE
2026-09-11T07:56:49.207012+09:00,2026-09-11,PDD,PDD Holdings Inc.,US,소비재,2026-09-10,77.84,7423845,7116522.25,2.1657,110797176832,20,60,60,94,50,1,HOLD,-0.43,-5,False,live,STOCK,19,NEUTRAL,NASDAQ
2026-09-11T07:56:49.207012+09:00,2026-09-11,NET,"Cloudflare, Inc.",US,IT,2026-09-10,311.17,3478357,3119632.85,16.7464,110801330176,95,60,50,27,60,1,HOLD,0.88,11,False,live,STOCK,69,NEUTRAL,NYSE
2026-09-11T07:56:49.207012+09:00,2026-09-11,LOW,"Lowe's Companies, Inc.",US,소비재,2026-09-10,196.59,2486653,3140662.65,4.0886,110297604096,20,60,60,60,41,0,AVOID,-0.59,-7,True,live,STOCK,26,NEUTRAL,NYSE
2026-09-11T07:56:49.207012+09:00,2026-09-11,ACN,Accenture plc,US,IT,2026-09-10,177.91,3881883,5103844.15,6.0336,108870615040,47,60,50,68,56,0,HOLD,0.19,2,False,live,STOCK,60,NEUTRAL,NYSE
2026-09-11T07:56:49.207012+09:00,2026-09-11,EQNR,Equinor ASA,US,에너지,2026-09-10,45.11,3596431,2692731.55,1.1182,106998472704,92,60,55,68,74,2,WATCH,1.09,13,False,live,STOCK,77,NEUTRAL,NYSE
2026-09-11T07:56:49.207012+09:00,2026-09-11,SPOT,Spotify Technology S.A.,US,인터넷,2026-09-10,521.73,1268684,1576589.2,18.5184,107259445248,47,65,45,42,48,0,HOLD,0.05,1,False,live,STOCK,61,NEUTRAL,NYSE
2026-09-11T07:56:49.207012+09:00,2026-09-11,ADP,"Automatic Data Processing, Inc.",US,IT,2026-09-10,267.33,1660682,2003374.1,5.0746,106200244224,47,60,50,42,49,0,HOLD,0.21,3,False,live,STOCK,61,NEUTRAL,NASDAQ
2026-09-11T07:56:49.207012+09:00,2026-09-11,CM,Canadian Imperial Bank of Commerce,US,금융,2026-09-10,114.47,908214,1163500.7,2.5507,103931371520,28,60,60,60,48,0,HOLD,-0.14,-2,False,live,STOCK,48,NEUTRAL,NYSE
2026-09-11T07:56:49.207012+09:00,2026-09-11,CNQ,Canadian Natural Resources Limited,US,에너지,2026-09-10,50.8,21498362,6884343.1,1.2714,104724201472,62,60,53,63,59,0,HOLD,0.45,5,False,live,STOCK,54,NEUTRAL,NYSE
2026-09-11T07:56:49.207012+09:00,2026-09-11,APP,AppLovin Corporation,US,IT,2026-09-10,314.49,4726896,4740629.8,13.5245,105649618944,55,60,60,58,49,0,HOLD,-0.23,-3,False,live,STOCK,17,NEUTRAL,NASDAQ
2026-09-11T07:56:49.207012+09:00,2026-09-11,ENB,Enbridge Inc.,US,에너지,2026-09-10,48.22,12073343,6049482.15,0.9121,105316605952,42,60,63,37,42,0,AVOID,-0.35,-4,True,live,STOCK,29,NEUTRAL,NYSE
2026-09-11T07:56:49.207012+09:00,2026-09-11,SOJE,Southern Company (The) Series 2,US,유틸리티,2026-09-10,16.0,254094,73414.7,0.2294,,65,60,48,50,52,0,HOLD,0.07,1,False,live,STOCK,40,NEUTRAL,NYSE
2026-09-11T07:56:49.207012+09:00,2026-09-11,ING,ING Groep N.V.,US,금융,2026-09-10,36.67,1555332,1588676.6,0.4739,104524300288,80,60,50,60,62,1,HOLD,0.67,8,False,live,STOCK,52,NEUTRAL,NYSE
2026-09-11T07:56:49.207012+09:00,2026-09-11,SOMN,The Southern Company,US,유틸리티,2026-09-10,47.64,67722,201211.1,0.5639,,47,60,45,50,47,0,HOLD,-0.21,-3,False,live,STOCK,45,NEUTRAL,NYSE
2026-09-11T07:56:49.207012+09:00,2026-09-11,PSX,Phillips 66,US,에너지,2026-09-10,258.51,2928222,2732156.1,6.7554,103645716480,85,60,50,60,71,2,WATCH,0.98,12,False,live,STOCK,86,NEUTRAL,NYSE
2026-09-11T07:56:49.207012+09:00,2026-09-11,SYK,Stryker Corporation,US,제약/바이오,2026-09-10,270.01,3246154,2720087.7,10.3693,103568564224,20,65,53,58,39,0,AVOID,-0.68,-8,True,live,STOCK,26,NEUTRAL,NYSE
2026-09-11T07:56:49.207012+09:00,2026-09-11,IBN,ICICI Bank Limited,US,금융,2026-09-10,28.85,4827113,5068680.65,0.5064,103538327552,50,60,53,68,57,0,HOLD,0.21,3,False,live,STOCK,55,NEUTRAL,NYSE
2026-09-11T07:56:49.207012+09:00,2026-09-11,MCK,McKesson Corporation,US,제약/바이오,2026-09-10,880.86,809565,897393.25,21.8914,102699786240,54,65,56,66,54,0,HOLD,0.21,3,False,live,STOCK,32,NEUTRAL,NYSE
2026-09-11T07:56:49.207012+09:00,2026-09-11,SMFG,"Sumitomo Mitsui Financial Group, Inc.",US,금융,2026-09-10,26.55,993325,1311936.25,0.4586,168128315392,81,60,55,60,64,1,HOLD,0.68,8,False,live,STOCK,51,NEUTRAL,NYSE
2026-09-11T07:56:49.207012+09:00,2026-09-11,CEG,Constellation Energy Corporation,US,유틸리티,2026-09-10,285.97,2221797,2487324.85,9.2261,101321285632,84,60,63,45,58,1,HOLD,0.67,8,False,live,STOCK,32,NEUTRAL,NASDAQ
2026-09-11T07:56:49.207012+09:00,2026-09-11,SNY,Sanofi,US,제약/바이오,2026-09-10,42.72,1959830,2130266.5,0.6764,102362996736,35,65,55,61,49,0,HOLD,-0.2,-2,False,live,STOCK,45,NEUTRAL,NASDAQ
2026-09-11T07:56:49.207012+09:00,2026-09-11,FCX,Freeport-McMoRan Inc.,US,소재,2026-09-10,71.21,22159407,14794990.35,3.4779,102258810880,47,60,50,53,49,0,HOLD,0.02,0,False,live,STOCK,43,NEUTRAL,NYSE
2026-09-11T07:56:49.207012+09:00,2026-09-11,HOOD,"Robinhood Markets, Inc.",US,금융,2026-09-10,113.33,16254834,21954276.7,7.2504,101892997120,95,60,60,42,61,1,HOLD,0.84,10,False,live,STOCK,40,NEUTRAL,NASDAQ
2026-09-11T07:56:49.207012+09:00,2026-09-11,EQIX,"Equinix, Inc.",US,리츠,2026-09-10,1023.81,466924,509801.2,31.3282,101021057024,43,60,48,35,41,0,AVOID,-0.25,-3,True,live,STOCK,41,NEUTRAL,NASDAQ
2026-09-11T07:56:49.207012+09:00,2026-09-11,SO,The Southern Company,US,유틸리티,2026-09-10,87.75,4663133,5547851.65,1.3439,100944355328,28,60,53,42,37,0,AVOID,-0.54,-6,True,live,STOCK,26,NEUTRAL,NYSE
2026-09-11T07:56:49.207012+09:00,2026-09-11,AEM,Agnico Eagle Mines Limited,US,소재,2026-09-10,196.68,2053987,3223684.35,8.1402,99591839744,48,60,55,55,56,1,HOLD,0.4,5,False,live,STOCK,72,NEUTRAL,NYSE
2026-09-11T07:56:49.207012+09:00,2026-09-11,ABNB,"Airbnb, Inc.",US,소비재,2026-09-10,167.65,3949620,4729131.0,5.0999,100386414592,51,60,50,50,50,0,HOLD,0.22,3,False,live,STOCK,51,NEUTRAL,NASDAQ
2026-09-11T07:56:49.207012+09:00,2026-09-11,ADBE,Adobe Inc.,US,IT,2026-09-10,248.83,9883241,4649642.05,9.9814,98909929472,47,60,63,76,64,2,WATCH,0.54,6,False,live,STOCK,75,NEUTRAL,NASDAQ
2026-09-11T07:56:49.207012+09:00,2026-09-11,CME,CME Group Inc.,US,금융,2026-09-10,274.07,1666725,1927526.25,5.3789,98549891072,54,60,63,45,58,1,HOLD,0.45,5,False,live,STOCK,80,NEUTRAL,NASDAQ
2026-09-11T07:56:49.207012+09:00,2026-09-11,USB,U.S. Bancorp,US,금융,2026-09-10,62.41,4812074,6061303.7,0.9832,97237991424,32,60,73,60,54,1,HOLD,0.22,3,False,live,STOCK,61,NEUTRAL,NYSE
2026-09-11T07:56:49.207012+09:00,2026-09-11,PNC,"The PNC Financial Services Group, Inc.",US,금융,2026-09-10,242.98,1672508,1432435.4,4.0896,96935329792,28,60,73,60,52,1,HOLD,0.06,1,False,live,STOCK,54,NEUTRAL,NYSE
2026-09-11T07:56:49.207012+09:00,2026-09-11,TT,Trane Technologies plc,US,산업재,2026-09-10,439.83,633812,899450.6,8.5113,96772792320,28,60,63,50,42,0,AVOID,-0.37,-4,True,live,STOCK,30,NEUTRAL,NYSE
2026-09-11T07:56:49.207012+09:00,2026-09-11,MELI,"MercadoLibre, Inc.",US,소비재,2026-09-10,1906.24,444423,402111.15,64.9343,96640270336,47,60,60,50,55,0,HOLD,0.4,5,False,live,STOCK,69,NEUTRAL,NASDAQ
2026-09-11T07:56:49.207012+09:00,2026-09-11,GSK,GSK plc,US,제약/바이오,2026-09-10,48.12,2143384,2805509.2,0.9711,96375005184,20,65,45,63,42,0,AVOID,-0.62,-7,True,live,STOCK,38,NEUTRAL,NYSE
2026-09-11T07:56:49.207012+09:00,2026-09-11,GD,General Dynamics Corporation,US,산업재,2026-09-10,354.25,850379,919268.95,6.8143,95844884480,20,60,48,50,40,0,AVOID,-0.47,-6,True,live,STOCK,48,NEUTRAL,NYSE
2026-09-11T07:56:49.207012+09:00,2026-09-11,VRT,Vertiv Holdings Co,US,산업재,2026-09-10,248.13,10015696,4692284.8,13.5701,95527116800,43,60,48,50,44,0,AVOID,-0.46,-6,True,live,STOCK,30,NEUTRAL,NYSE
2026-09-11T07:56:49.207012+09:00,2026-09-11,BNH,Brookfield Finance Inc.,US,금융,2026-09-10,14.845,23651,18747.55,0.1746,,28,60,55,50,42,0,AVOID,-0.35,-4,True,live,STOCK,40,NEUTRAL,NYSE
2026-09-11T07:56:49.207012+09:00,2026-09-11,DUK,Duke Energy Corporation,US,유틸리티,2026-09-10,119.37,3182169,3540738.45,1.7514,93073055744,28,60,63,52,42,0,AVOID,-0.37,-4,True,live,STOCK,26,NEUTRAL,NYSE
2026-09-11T07:56:49.207012+09:00,2026-09-11,PWR,"Quanta Services, Inc.",US,산업재,2026-09-10,618.73,553183,1026169.15,20.8379,93021962240,47,60,48,35,42,0,AVOID,-0.32,-4,True,live,STOCK,39,NEUTRAL,NYSE
2026-09-11T07:56:49.207012+09:00,2026-09-11,ITUB,Itaú Unibanco Holding S.A.,US,금융,2026-09-10,8.3,34981661,22073828.05,0.2544,91481538560,58,60,55,70,55,1,HOLD,0.15,2,False,live,STOCK,26,NEUTRAL,NYSE
2026-09-11T07:56:49.207012+09:00,2026-09-11,HCA,"HCA Healthcare, Inc.",US,제약/바이오,2026-09-10,421.21,1394501,1308820.05,13.485,91192598528,62,65,66,60,59,0,HOLD,0.51,6,False,live,STOCK,48,NEUTRAL,NYSE
2026-09-11T07:56:49.207012+09:00,2026-09-11,HWM,Howmet Aerospace Inc.,US,산업재,2026-09-10,227.91,4427579,3597573.95,10.4757,90890829824,20,60,63,50,41,0,AVOID,-0.57,-7,True,live,STOCK,36,NEUTRAL,NYSE
2026-09-11T07:56:49.207012+09:00,2026-09-11,CSX,CSX Corporation,US,산업재,2026-09-10,49.04,10276749,9146702.45,0.9976,90845372416,40,60,55,58,50,0,HOLD,-0.02,0,False,live,STOCK,48,NEUTRAL,NASDAQ
2026-09-11T07:56:49.207012+09:00,2026-09-11,KKR,KKR & Co. Inc.,US,금융,2026-09-10,100.87,4206778,3995113.9,3.08,93162577920,47,60,58,66,56,0,HOLD,0.21,3,False,live,STOCK,54,NEUTRAL,NYSE
2026-09-11T07:56:49.207012+09:00,2026-09-11,ELV,Elevance Health Inc.,US,제약/바이오,2026-09-10,416.54,1900087,965459.35,10.475,90334740480,84,65,85,58,71,2,WATCH,0.99,12,False,live,STOCK,58,NEUTRAL,NYSE
2026-09-11T07:56:49.207012+09:00,2026-09-11,BNJ,Brookfield Finance Inc. 4.50% P,US,금융,2026-09-10,14.6,17071,16993.55,0.2136,,28,60,55,50,42,0,AVOID,-0.36,-4,True,live,STOCK,40,NEUTRAL,NYSE
2026-09-11T07:56:49.207012+09:00,2026-09-11,CMCSA,Comcast Corporation,US,인터넷,2026-09-10,25.17,23631229,22077781.45,0.6935,89319186432,50,65,52,83,62,1,HOLD,0.28,3,False,live,STOCK,58,NEUTRAL,NASDAQ
2026-09-11T07:56:49.207012+09:00,2026-09-11,WMB,"The Williams Companies, Inc.",US,에너지,2026-09-10,72.82,6310051,7280912.55,2.1686,89071058944,65,60,53,42,57,1,HOLD,0.39,5,False,live,STOCK,70,NEUTRAL,NYSE
2026-09-11T07:56:49.207012+09:00,2026-09-11,BCS,Barclays PLC,US,금융,2026-09-10,26.21,2390840,2980502.0,0.3932,87858266112,35,60,50,88,57,1,HOLD,0.03,0,False,live,STOCK,52,NEUTRAL,NYSE
2026-09-11T07:56:49.207012+09:00,2026-09-11,ASX,"ASE Technology Holding Co., Ltd.",US,반도체,2026-09-10,39.86,6244027,6254361.35,1.3789,103782105088,76,65,55,37,55,1,HOLD,0.51,6,False,live,STOCK,52,NEUTRAL,NYSE
2026-09-11T07:56:49.207012+09:00,2026-09-11,DASH,"DoorDash, Inc.",US,인터넷,2026-09-10,201.03,3361991,4023714.55,8.3226,87105888256,51,65,50,43,52,0,HOLD,0.32,4,False,live,STOCK,69,NEUTRAL,NASDAQ
2026-09-11T07:56:49.207012+09:00,2026-09-11,ICE,"Intercontinental Exchange, Inc.",US,금융,2026-09-10,155.81,2821258,3275452.9,3.2443,87470874624,47,60,53,50,55,1,HOLD,0.33,4,False,live,STOCK,75,NEUTRAL,NYSE
2026-09-11T07:56:49.207012+09:00,2026-09-11,JCI,Johnson Controls International plc,US,소재,2026-09-10,142.81,2426462,2748368.1,2.8921,86505930752,50,60,55,50,46,0,HOLD,-0.14,-2,False,live,STOCK,23,NEUTRAL,NYSE
2026-09-11T07:56:49.207012+09:00,2026-09-11,WM,"Waste Management, Inc.",US,산업재,2026-09-10,214.77,2149492,2102364.6,3.4032,85846835200,28,60,60,50,39,0,AVOID,-0.44,-5,True,live,STOCK,20,NEUTRAL,NYSE
2026-09-11T07:56:49.207012+09:00,2026-09-11,MAR,"Marriott International, Inc.",US,소비재,2026-09-10,329.07,1505810,1427275.5,7.0132,85810364416,10,60,60,58,38,0,AVOID,-0.8,-10,True,live,STOCK,26,NEUTRAL,NASDAQ
2026-09-11T07:56:49.207012+09:00,2026-09-11,INTU,Intuit Inc.,US,IT,2026-09-10,312.77,2700025,4119001.25,15.19,85554159616,39,60,60,66,57,0,HOLD,0.32,4,False,live,STOCK,69,NEUTRAL,NASDAQ
2026-09-11T07:56:49.207012+09:00,2026-09-11,LYG,Lloyds Banking Group plc,US,금융,2026-09-10,5.89,13115402,11786465.1,0.0911,85231894528,50,60,58,76,53,1,HOLD,0.07,1,False,live,STOCK,16,NEUTRAL,NYSE
2026-09-11T07:56:49.207012+09:00,2026-09-11,EPD,Enterprise Products Partners L.P.,US,에너지,2026-09-10,39.33,2246764,2648023.2,0.506,84932247552,91,60,55,60,69,1,HOLD,0.85,10,False,live,STOCK,63,NEUTRAL,NYSE
2026-09-11T07:56:49.207012+09:00,2026-09-11,BN,Brookfield Corporation,US,금융,2026-09-10,38.05,5436431,4069671.55,0.765,84940972032,10,60,50,35,29,0,AVOID,-0.98,-12,True,live,STOCK,26,NEUTRAL,NYSE
2026-09-11T07:56:49.207012+09:00,2026-09-11,UPS,"United Parcel Service, Inc.",US,산업재,2026-09-10,99.97,2607071,3955483.55,1.845,85052637184,31,60,63,66,48,0,HOLD,-0.29,-3,False,live,STOCK,32,NEUTRAL,NYSE
2026-09-11T07:56:49.207012+09:00,2026-09-11,MRSH,"Marsh & McLennan Companies, Inc.",US,금융,2026-09-10,177.29,2099213,2025260.65,3.6271,84604780544,39,60,27,66,46,0,HOLD,-0.27,-3,False,live,STOCK,48,NEUTRAL,NYSE
2026-09-11T07:56:49.207012+09:00,2026-09-11,MNST,Monster Beverage Corporation,US,소매,2026-09-10,43.09,9438171,9816568.55,0.9932,84415545344,20,60,70,42,45,1,HOLD,-0.24,-3,False,live,STOCK,62,NEUTRAL,NASDAQ
2026-09-11T07:56:49.207012+09:00,2026-09-11,MMM,3M Company,US,산업재,2026-09-10,162.86,2851046,2686507.3,3.0751,83990552576,35,60,56,58,49,0,HOLD,-0.09,-1,False,live,STOCK,48,NEUTRAL,NYSE
2026-09-11T07:56:49.207012+09:00,2026-09-11,SLB,Slb N.V.,US,에너지,2026-09-10,56.01,11666733,12385546.65,2.1101,83126861824,65,60,50,58,62,1,HOLD,0.43,5,False,live,STOCK,77,NEUTRAL,NYSE
2026-09-11T07:56:49.207012+09:00,2026-09-11,EMR,Emerson Electric Co.,US,산업재,2026-09-10,148.37,2528721,2130896.05,3.5129,82760785920,43,60,60,58,54,0,HOLD,0.17,2,False,live,STOCK,60,NEUTRAL,NYSE
2026-09-11T07:56:49.207012+09:00,2026-09-11,E,Eni S.p.A.,US,에너지,2026-09-10,56.42,290016,364270.8,1.1114,81102135296,58,60,50,68,64,1,HOLD,0.45,5,False,live,STOCK,81,NEUTRAL,NYSE
2026-09-11T07:56:49.207012+09:00,2026-09-11,REGN,"Regeneron Pharmaceuticals, Inc.",US,제약/바이오,2026-09-10,793.26,524395,634604.75,19.8207,81670078464,54,65,50,58,59,1,HOLD,0.46,6,False,live,STOCK,75,NEUTRAL,NASDAQ
2026-09-11T07:56:49.207012+09:00,2026-09-11,SU,Suncor Energy Inc.,US,에너지,2026-09-10,68.93,4139056,4289232.8,1.6262,81388765184,91,60,53,63,65,1,HOLD,0.74,9,False,live,STOCK,40,NEUTRAL,NYSE
2026-09-11T07:56:49.207012+09:00,2026-09-11,MCO,Moody's Corporation,US,금융,2026-09-10,467.36,590249,660382.45,11.4579,80937869312,47,60,45,42,47,0,HOLD,-0.01,0,False,live,STOCK,55,NEUTRAL,NYSE
2026-09-11T07:56:49.207012+09:00,2026-09-11,AMT,American Tower Corporation,US,리츠,2026-09-10,172.98,2276524,1991436.2,3.8454,80601767936,46,60,60,42,47,0,HOLD,-0.12,-1,False,live,STOCK,45,NEUTRAL,NYSE
2026-09-11T07:56:49.207012+09:00,2026-09-11,MDLZ,"Mondelez International, Inc.",US,소매,2026-09-10,62.47,7016500,7107430.0,1.2079,79730966528,40,60,63,58,56,0,HOLD,0.15,2,False,live,STOCK,69,NEUTRAL,NASDAQ
2026-09-11T07:56:49.207012+09:00,2026-09-11,CTAS,Cintas Corporation,US,산업재,2026-09-10,198.44,2055511,1735675.55,3.1061,79409651712,47,60,58,29,47,0,HOLD,0.18,2,False,live,STOCK,63,NEUTRAL,NASDAQ
2026-09-11T07:56:49.207012+09:00,2026-09-11,DDOG,"Datadog, Inc.",US,IT,2026-09-10,221.72,2498197,3844094.85,11.8236,79614107648,28,60,63,35,39,0,AVOID,-0.39,-5,True,live,STOCK,36,NEUTRAL,NASDAQ
2026-09-11T07:56:49.207012+09:00,2026-09-11,EOG,"EOG Resources, Inc.",US,에너지,2026-09-10,147.46,3189732,2726356.6,3.3136,77347078144,59,60,60,78,67,1,HOLD,0.58,7,False,live,STOCK,69,NEUTRAL,NYSE
2026-09-11T07:56:49.207012+09:00,2026-09-11,CDNS,"Cadence Design Systems, Inc.",US,IT,2026-09-10,284.95,1906119,2380970.95,12.1407,78473232384,18,60,60,42,37,0,AVOID,-0.69,-8,True,live,STOCK,33,NEUTRAL,NASDAQ
2026-09-11T07:56:49.207012+09:00,2026-09-11,CP,Canadian Pacific Kansas City Ltd.,US,산업재,2026-09-10,88.84,1497832,1953841.6,1.97,78097399808,43,60,63,58,55,0,HOLD,0.14,2,False,live,STOCK,61,NEUTRAL,NYSE
2026-09-11T07:56:49.207012+09:00,2026-09-11,GM,General Motors Company,US,소비재,2026-09-10,86.12,6139106,5533150.3,2.2035,77891371008,62,60,50,74,63,1,HOLD,0.42,5,False,live,STOCK,61,NEUTRAL,NYSE
2026-09-11T07:56:49.207012+09:00,2026-09-11,CVNA,Carvana Co.,US,소비재,2026-09-10,70.28,6812025,7701696.25,3.1259,77902831616,43,60,48,42,49,0,HOLD,0.03,0,False,live,STOCK,69,NEUTRAL,NYSE
2026-09-11T07:56:49.207012+09:00,2026-09-11,SHW,The Sherwin-Williams Company,US,소재,2026-09-10,317.44,1671554,1524477.7,6.4043,77061144576,35,60,60,50,46,0,HOLD,-0.13,-2,False,live,STOCK,45,NEUTRAL,NYSE
2026-09-11T07:56:49.207012+09:00,2026-09-11,MSI,"Motorola Solutions, Inc.",US,IT,2026-09-10,463.88,770165,982733.25,8.5536,76769263616,47,60,53,50,51,0,HOLD,0.2,2,False,live,STOCK,55,NEUTRAL,NYSE
2026-09-11T07:56:49.207012+09:00,2026-09-11,NGG,National Grid plc,US,유틸리티,2026-09-10,76.38,745869,819713.45,1.0914,76789915648,20,60,55,60,45,0,HOLD,-0.42,-5,False,live,STOCK,49,NEUTRAL,NYSE
2026-09-11T07:56:49.207012+09:00,2026-09-11,TRV,"The Travelers Companies, Inc.",US,금융,2026-09-10,367.56,1193265,1485763.25,5.975,76663832576,51,60,53,78,59,1,HOLD,0.33,4,False,live,STOCK,48,NEUTRAL,NYSE
2026-09-11T07:56:49.207012+09:00,2026-09-11,ECL,Ecolab Inc.,US,소재,2026-09-10,271.6,1174867,1445793.35,5.4,76137250816,43,60,55,58,54,0,HOLD,0.12,1,False,live,STOCK,63,NEUTRAL,NYSE
2026-09-11T07:56:49.207012+09:00,2026-09-11,ITW,Illinois Tool Works Inc.,US,산업재,2026-09-10,265.2,1597688,1054614.4,4.9571,75528962048,20,60,50,42,38,0,AVOID,-0.4,-5,True,live,STOCK,48,NEUTRAL,NYSE
2026-09-11T07:56:49.207012+09:00,2026-09-11,BE,Bloom Energy Corporation,US,산업재,2026-09-10,258.49,11406474,12864468.7,16.4784,76132376576,62,60,45,43,49,0,HOLD,0.08,1,False,live,STOCK,41,NEUTRAL,NYSE
2026-09-11T07:56:49.207012+09:00,2026-09-11,SNPS,"Synopsys, Inc.",US,IT,2026-09-10,397.17,1666621,1848916.05,18.1843,76112330752,43,60,53,43,45,0,HOLD,-0.33,-4,False,live,STOCK,41,NEUTRAL,NASDAQ
2026-09-11T07:56:49.207012+09:00,2026-09-11,CMI,Cummins Inc.,US,산업재,2026-09-10,550.03,1103579,957613.95,13.9607,75719598080,7,60,70,58,38,1,AVOID,-0.77,-9,True,live,STOCK,20,NEUTRAL,NYSE
2026-09-11T07:56:49.207012+09:00,2026-09-11,DB,Deutsche Bank AG,US,금융,2026-09-10,40.35,1470201,1776290.05,0.6893,75817648128,73,60,53,88,70,2,WATCH,0.71,9,False,live,STOCK,54,NEUTRAL,NYSE
2026-09-11T07:56:49.207012+09:00,2026-09-11,BAM,Brookfield Asset Management Ltd.,US,금융,2026-09-10,47.24,2334329,2318766.45,1.1564,75454169088,35,60,61,42,46,0,HOLD,-0.06,-1,False,live,STOCK,54,NEUTRAL,NYSE
2026-09-11T07:56:49.207012+09:00,2026-09-11,ET,Energy Transfer LP,US,에너지,2026-09-10,21.73,8030879,7715368.95,0.2936,74822901760,66,60,70,68,68,1,HOLD,0.83,10,False,live,STOCK,69,NEUTRAL,NYSE
2026-09-11T07:56:49.207012+09:00,2026-09-11,CI,Cigna Corporation,US,제약/바이오,2026-09-10,280.91,1505530,1389761.5,5.6609,74227793920,72,65,60,94,70,2,WATCH,0.43,5,False,live,STOCK,39,NEUTRAL,NYSE
2026-09-11T07:56:49.207012+09:00,2026-09-11,APOS,"Apollo Global Management, Inc.",US,금융,2026-09-10,25.29,35941,42502.05,0.1893,,72,60,58,50,56,1,HOLD,0.34,4,False,live,STOCK,40,NEUTRAL,NYSE
2026-09-11T07:56:49.207012+09:00,2026-09-11,NTES,"NetEase, Inc.",US,IT,2026-09-10,115.63,534914,840865.7,3.4342,74032128000,31,60,58,68,54,0,HOLD,-0.14,-2,False,live,STOCK,62,NEUTRAL,NASDAQ
2026-09-11T07:56:49.207012+09:00,2026-09-11,FDX,FedEx Corporation,US,산업재,2026-09-10,311.8,1013350,1507782.5,7.5554,73793839104,43,60,53,68,48,0,HOLD,-0.32,-4,False,live,STOCK,19,NEUTRAL,NYSE
2026-09-11T07:56:49.207012+09:00,2026-09-11,NOC,Northrop Grumman Corporation,US,산업재,2026-09-10,518.95,817605,728155.25,10.7902,73723609088,32,60,45,55,45,0,HOLD,-0.38,-5,False,live,STOCK,48,NEUTRAL,NYSE
2026-09-11T07:56:49.207012+09:00,2026-09-11,APO,"Apollo Global Management, Inc.",US,금융,2026-09-10,127.91,2133319,2659905.95,3.5479,75536375808,46,60,58,58,54,0,HOLD,0.05,1,False,live,STOCK,57,NEUTRAL,NYSE
2026-09-11T07:56:49.207012+09:00,2026-09-11,CNI,Canadian National Railway Company,US,산업재,2026-09-10,121.16,907419,1351080.95,2.22,73289678848,28,60,63,50,49,0,HOLD,-0.01,0,False,live,STOCK,67,NEUTRAL,NYSE
2026-09-11T07:56:49.207012+09:00,2026-09-11,HPE,Hewlett Packard Enterprise Company,US,IT,2026-09-10,55.22,19221226,22777121.3,3.115,73302605824,84,60,76,74,76,3,BUY,1.17,14,False,live,STOCK,69,NEUTRAL,NYSE
2026-09-11T07:56:49.207012+09:00,2026-09-11,B,Barrick Mining Corporation,US,소재,2026-09-10,43.46,9128659,10442587.95,1.5174,71530135552,47,60,50,78,62,2,WATCH,0.36,4,False,live,STOCK,71,NEUTRAL,NYSE
2026-09-11T07:56:49.207012+09:00,2026-09-11,LITE,Lumentum Holdings Inc.,US,IT,2026-09-10,935.7,3945457,4221497.85,60.9603,83932291072,91,60,50,50,66,1,HOLD,0.78,9,False,live,STOCK,69,NEUTRAL,NASDAQ
2026-09-11T07:56:49.207012+09:00,2026-09-11,NU,Nu Holdings Ltd.,US,금융,2026-09-10,15.02,76196351,75945902.55,0.579,72556945408,88,60,45,66,65,1,HOLD,0.72,9,False,live,STOCK,48,NEUTRAL,NYSE
2026-09-11T07:56:49.207012+09:00,2026-09-11,NSC,Norfolk Southern Corporation,US,산업재,2026-09-10,323.3,842607,1139070.35,5.7039,72615878656,35,60,60,45,46,0,HOLD,-0.08,-1,False,live,STOCK,48,NEUTRAL,NYSE
2026-09-11T07:56:49.207012+09:00,2026-09-11,MFC,Manulife Financial Corporation,US,금융,2026-09-10,43.48,1491439,2844726.95,0.7837,72144166912,69,60,58,76,60,1,HOLD,0.38,5,False,live,STOCK,22,NEUTRAL,NYSE
2026-09-11T07:56:49.207012+09:00,2026-09-11,ROST,"Ross Stores, Inc.",US,소비재,2026-09-10,225.48,1349029,2742811.45,5.8003,72329715712,31,60,55,42,45,0,HOLD,-0.24,-3,False,live,STOCK,61,NEUTRAL,NASDAQ
2026-09-11T07:56:49.207012+09:00,2026-09-11,RACE,Ferrari N.V.,US,소비재,2026-09-10,408.64,354650,362012.5,8.3686,71778615296,44,60,60,37,50,0,HOLD,0.25,3,False,live,STOCK,67,NEUTRAL,NYSE
2026-09-11T07:56:49.207012+09:00,2026-09-11,ORLY,"O'Reilly Automotive, Inc.",US,소비재,2026-09-10,85.51,4742056,5031667.8,1.6646,69174239232,43,60,58,50,48,0,HOLD,-0.12,-1,False,live,STOCK,45,NEUTRAL,NASDAQ
2026-09-11T07:56:49.207012+09:00,2026-09-11,TGT,Target Corporation,US,소매,2026-09-10,155.73,3197581,4639829.05,4.4057,70747627520,47,60,53,60,55,0,HOLD,0.32,4,False,live,STOCK,63,NEUTRAL,NYSE
2026-09-11T07:56:49.207012+09:00,2026-09-11,WBD,"Warner Bros. Discovery, Inc.",US,인터넷,2026-09-10,28.2,32192189,17840419.45,0.3014,70701260800,43,65,53,38,46,0,HOLD,-0.01,0,False,live,STOCK,54,NEUTRAL,NASDAQ
2026-09-11T07:56:49.207012+09:00,2026-09-11,CL,Colgate-Palmolive Company,US,소매,2026-09-10,87.9,3586041,4083287.05,1.41,70071492608,31,60,48,50,39,0,AVOID,-0.47,-6,True,live,STOCK,26,NEUTRAL,NYSE
2026-09-11T07:56:49.207012+09:00,2026-09-11,SATA,Strive Inc. Perp. Pfd. Series A,US,금융,2026-09-10,100.01,448252,360367.6,0.1679,,50,60,58,42,57,1,HOLD,0.38,5,False,live,STOCK,87,NEUTRAL,NASDAQ
2026-09-11T07:56:49.207012+09:00,2026-09-11,RCL,Royal Caribbean Cruises Ltd.,US,소비재,2026-09-10,259.01,2175301,1751230.05,7.0257,69272764416,20,60,63,60,40,0,AVOID,-0.61,-7,True,live,STOCK,17,NEUTRAL,NYSE
2026-09-11T07:56:49.207012+09:00,2026-09-11,HLT,Hilton Worldwide Holdings Inc.,US,소비재,2026-09-10,306.24,1429829,1740926.45,6.5018,68923875328,20,60,55,50,37,0,AVOID,-0.67,-8,True,live,STOCK,26,NEUTRAL,NYSE
2026-09-11T07:56:49.207012+09:00,2026-09-11,KMI,"Kinder Morgan, Inc.",US,에너지,2026-09-10,30.95,10773011,11432085.55,0.7954,68919525376,46,60,53,45,52,1,HOLD,0.09,1,False,live,STOCK,70,NEUTRAL,NYSE
2026-09-11T07:56:49.207012+09:00,2026-09-11,DLR,"Digital Realty Trust, Inc.",US,리츠,2026-09-10,185.37,1533600,1974880.0,5.12,70007521280,40,60,63,46,52,0,HOLD,0.12,1,False,live,STOCK,66,NEUTRAL,NYSE
2026-09-11T07:56:49.207012+09:00,2026-09-11,WPM,Wheaton Precious Metals Corp.,US,소재,2026-09-10,150.98,1343778,2390633.9,6.2568,68569071616,59,60,60,50,63,1,HOLD,0.73,9,False,live,STOCK,93,NEUTRAL,NYSE
2026-09-11T07:56:49.207012+09:00,2026-09-11,AMX,"América Móvil, S.A.B. de C.V.",US,인터넷,2026-09-10,22.82,2248548,3165737.4,0.4143,68270252032,40,65,55,76,55,1,HOLD,-0.24,-3,False,live,STOCK,44,NEUTRAL,NYSE
2026-09-11T07:56:49.207012+09:00,2026-09-11,RSG,"Republic Services, Inc.",US,산업재,2026-09-10,221.08,1665225,1494466.25,3.3625,67697569792,62,60,67,50,53,0,HOLD,0.31,4,False,live,STOCK,32,NEUTRAL,NYSE
2026-09-11T07:56:49.207012+09:00,2026-09-11,AEP,"American Electric Power Company, Inc.",US,유틸리티,2026-09-10,123.47,3261098,3213749.9,2.1082,67216744448,50,60,60,42,48,0,HOLD,-0.01,0,False,live,STOCK,44,NEUTRAL,NASDAQ
2026-09-11T07:56:49.207012+09:00,2026-09-11,SPG,"Simon Property Group, Inc.",US,리츠,2026-09-10,204.67,1479305,1163320.25,3.2236,77697540096,20,60,72,47,38,1,AVOID,-0.48,-6,True,live,STOCK,17,NEUTRAL,NYSE
2026-09-11T07:56:49.207012+09:00,2026-09-11,APD,"Air Products and Chemicals, Inc.",US,소재,2026-09-10,293.65,818081,947984.05,5.5796,65391607808,50,60,60,42,51,0,HOLD,0.2,2,False,live,STOCK,55,NEUTRAL,NYSE
2026-09-11T07:56:49.207012+09:00,2026-09-11,AON,Aon plc,US,금융,2026-09-10,307.77,2422377,1251533.85,9.9371,65285844992,20,60,63,60,42,0,AVOID,-0.52,-6,True,live,STOCK,26,NEUTRAL,NYSE
2026-09-11T07:56:49.207012+09:00,2026-09-11,VALE,Vale S.A.,US,소재,2026-09-10,15.28,38434230,29823486.5,0.4893,65028050944,80,60,62,74,66,2,WATCH,0.56,7,False,live,STOCK,35,NEUTRAL,NYSE
2026-09-11T07:56:49.207012+09:00,2026-09-11,ALL,The Allstate Corporation,US,금융,2026-09-10,251.79,2521003,1507105.15,4.964,63667101696,50,60,53,78,59,1,HOLD,0.32,4,False,live,STOCK,48,NEUTRAL,NYSE
2026-09-11T07:56:49.207012+09:00,2026-09-11,SE,Sea Limited,US,소비재,2026-09-10,107.69,2269206,3746785.3,3.9731,65958461440,51,60,45,50,52,0,HOLD,0.24,3,False,live,STOCK,61,NEUTRAL,NYSE
2026-09-11T07:56:49.207012+09:00,2026-09-11,PCAR,PACCAR Inc,US,산업재,2026-09-10,122.57,2273431,2390436.55,2.4775,64516554752,28,60,45,58,39,0,AVOID,-0.49,-6,True,live,STOCK,19,NEUTRAL,NASDAQ
2026-09-11T07:56:49.207012+09:00,2026-09-11,TRP,TC Energy Corporation,US,에너지,2026-09-10,61.91,3068888,1825809.4,1.2564,64495788032,53,60,50,45,45,0,HOLD,-0.25,-3,False,live,STOCK,29,NEUTRAL,NYSE
2026-09-11T07:56:49.207012+09:00,2026-09-11,HON,Honeywell International Inc.,US,산업재,2026-09-10,202.18,1974307,2645575.35,4.2807,64078925824,20,60,42,65,44,0,AVOID,-0.59,-7,True,live,STOCK,52,NEUTRAL,NASDAQ
2026-09-11T07:56:49.207012+09:00,2026-09-11,BSX,Boston Scientific Corporation,US,제약/바이오,2026-09-10,43.1,22620969,19862508.45,1.9236,62461792256,35,65,70,76,57,2,HOLD,-0.04,0,False,live,STOCK,48,NEUTRAL,NYSE
2026-09-11T07:56:49.207012+09:00,2026-09-11,TDG,TransDigm Group Incorporated,US,산업재,2026-09-10,1126.88,392602,343560.1,23.3411,62290010112,28,60,51,53,38,0,AVOID,-0.64,-8,True,live,STOCK,20,NEUTRAL,NYSE
2026-09-11T07:56:49.207012+09:00,2026-09-11,TFC,Truist Financial Corporation,US,금융,2026-09-10,50.33,6889347,5687872.35,0.9089,61484449792,28,60,66,70,53,1,HOLD,-0.06,-1,False,live,STOCK,51,NEUTRAL,NYSE
2026-09-11T07:56:49.207012+09:00,2026-09-11,TRGP,Targa Resources Corp.,US,에너지,2026-09-10,291.91,883419,1206810.95,7.3357,62594560000,59,60,53,42,55,0,HOLD,0.38,5,False,live,STOCK,69,NEUTRAL,NYSE
2026-09-11T07:56:49.207012+09:00,2026-09-11,AJG,Arthur J. Gallagher & Co.,US,금융,2026-09-10,243.31,1055772,1310363.6,7.1109,62370324480,47,60,63,58,54,0,HOLD,0.25,3,False,live,STOCK,48,NEUTRAL,NYSE
2026-09-11T07:56:49.207012+09:00,2026-09-11,COR,"Cencora, Inc.",US,제약/바이오,2026-09-10,320.95,1161539,1188166.95,6.4393,61245980672,54,65,63,58,58,0,HOLD,0.49,6,False,live,STOCK,61,NEUTRAL,NYSE
2026-09-11T07:56:49.207012+09:00,2026-09-11,MET,"MetLife, Inc.",US,금융,2026-09-10,96.78,2184672,2817603.6,1.8129,61501456384,69,60,68,58,64,0,HOLD,0.7,8,False,live,STOCK,60,NEUTRAL,NYSE
2026-09-11T07:56:49.207012+09:00,2026-09-11,URI,"United Rentals, Inc.",US,산업재,2026-09-10,989.08,448432,431321.6,31.0293,61562802176,20,60,65,58,49,0,HOLD,-0.25,-3,False,live,STOCK,61,NEUTRAL,NYSE
2026-09-11T07:56:49.207012+09:00,2026-09-11,CVE,Cenovus Energy Inc.,US,에너지,2026-09-10,33.34,5170965,6038193.25,0.9743,61487128576,69,60,53,68,64,0,HOLD,0.64,8,False,live,STOCK,61,NEUTRAL,NYSE
2026-09-11T07:56:49.207012+09:00,2026-09-11,ARGX,argenx SE,US,제약/바이오,2026-09-10,984.04,226438,276926.9,28.3532,61195255808,44,65,50,50,52,1,HOLD,0.19,2,False,live,STOCK,71,NEUTRAL,NASDAQ
2026-09-11T07:56:49.207012+09:00,2026-09-11,OXY,Occidental Petroleum Corporation,US,에너지,2026-09-10,61.16,8993813,7113115.65,1.4036,61137821696,62,60,65,58,63,0,HOLD,0.62,7,False,live,STOCK,69,NEUTRAL,NYSE
2026-09-11T07:56:49.207012+09:00,2026-09-11,MPLX,MPLX Lp,US,에너지,2026-09-10,59.63,1078935,1132366.75,0.8578,60456366080,69,60,55,55,53,0,HOLD,0.26,3,False,live,STOCK,25,NEUTRAL,NYSE
2026-09-11T07:56:49.207012+09:00,2026-09-11,OKE,"ONEOK, Inc.",US,에너지,2026-09-10,95.72,2276309,3361240.45,2.495,60338987008,62,60,58,60,56,0,HOLD,0.33,4,False,live,STOCK,40,NEUTRAL,NYSE
2026-09-11T07:56:49.207012+09:00,2026-09-11,GWW,"W.W. Grainger, Inc.",US,산업재,2026-09-10,1271.49,226517,215200.85,27.2757,59888377856,31,60,60,50,43,0,AVOID,-0.33,-4,True,live,STOCK,32,NEUTRAL,NYSE
2026-09-11T07:56:49.207012+09:00,2026-09-11,TEL,TE Connectivity plc,US,반도체,2026-09-10,204.63,1661870,1994938.5,5.285,59243089920,50,65,63,66,54,0,HOLD,0.07,1,False,live,STOCK,34,NEUTRAL,NYSE
2026-09-11T07:56:49.207012+09:00,2026-09-11,RELX,RELX Plc,US,산업재,2026-09-10,33.82,2753067,1987113.35,0.8293,58865967104,46,60,55,50,52,0,HOLD,0.11,1,False,live,STOCK,61,NEUTRAL,NYSE
2026-09-11T07:56:49.207012+09:00,2026-09-11,BKR,Baker Hughes Company,US,에너지,2026-09-10,59.4,11181829,6498946.45,1.815,58964840448,43,60,53,58,53,0,HOLD,-0.04,0,False,live,STOCK,61,NEUTRAL,NASDAQ
2026-09-11T07:56:49.207012+09:00,2026-09-11,CRH,CRH plc,US,소재,2026-09-10,87.66,4694988,4329914.4,2.5579,58318839808,18,60,55,60,40,0,AVOID,-0.73,-9,True,live,STOCK,26,NEUTRAL,NYSE
2026-09-11T07:56:49.207012+09:00,2026-09-11,MPWR,"Monolithic Power Systems, Inc.",US,반도체,2026-09-10,1186.08,625129,588821.45,38.5003,58287525888,10,65,50,43,30,0,AVOID,-0.97,-12,True,live,STOCK,23,NEUTRAL,NASDAQ
2026-09-11T07:56:49.207012+09:00,2026-09-11,AFL,Aflac Incorporated,US,금융,2026-09-10,114.47,1916537,2100166.85,1.7057,57388769280,31,60,50,68,45,0,HOLD,-0.39,-5,False,live,STOCK,26,NEUTRAL,NYSE
2026-09-11T07:56:49.207012+09:00,2026-09-11,LNG,"Cheniere Energy, Inc.",US,에너지,2026-09-10,277.84,1458959,1929717.95,7.9721,57383448576,47,60,66,45,56,1,HOLD,0.5,6,False,live,STOCK,77,NEUTRAL,NYSE
2026-09-11T07:56:49.207012+09:00,2026-09-11,NUE,Nucor Corporation,US,소재,2026-09-10,255.46,911579,1398683.95,7.7821,57957662720,50,60,60,53,54,0,HOLD,0.12,1,False,live,STOCK,54,NEUTRAL,NYSE
2026-09-11T07:56:49.207012+09:00,2026-09-11,TER,"Teradyne, Inc.",US,반도체,2026-09-10,370.19,2309243,2341317.15,17.8016,57875783680,65,65,45,50,54,0,HOLD,0.14,2,False,live,STOCK,53,NEUTRAL,NASDAQ
2026-09-11T07:56:49.207012+09:00,2026-09-11,FANG,"Diamondback Energy, Inc.",US,에너지,2026-09-10,205.39,1947613,1843375.65,5.4307,57513263104,62,60,50,61,54,0,HOLD,0.23,3,False,live,STOCK,38,NEUTRAL,NASDAQ
2026-09-11T07:56:49.207012+09:00,2026-09-11,TAK,Takeda Pharmaceutical Company Limited,US,제약/바이오,2026-09-10,18.11,1695426,2193901.3,0.2404,57834340352,47,65,45,66,54,0,HOLD,0.21,3,False,live,STOCK,58,NEUTRAL,NYSE
2026-09-11T07:56:49.207012+09:00,2026-09-11,COHR,"Coherent, Inc.",US,IT,2026-09-10,293.17,5615621,6455536.05,16.9114,57412141056,40,60,45,43,45,0,HOLD,-0.38,-5,False,live,STOCK,55,NEUTRAL,NYSE
2026-09-11T07:56:49.207012+09:00,2026-09-11,NOK,Nokia Oyj,US,IT,2026-09-10,10.62,64342358,70238677.9,0.3857,59457605632,62,60,55,51,52,0,HOLD,-0.06,-1,False,live,STOCK,38,NEUTRAL,NYSE
2026-09-11T07:56:49.207012+09:00,2026-09-11,D,"Dominion Energy, Inc.",US,유틸리티,2026-09-10,65.05,5895090,3983959.5,1.06,57213165568,28,60,63,50,43,0,AVOID,-0.29,-3,True,live,STOCK,36,NEUTRAL,NYSE
2026-09-11T07:56:49.207012+09:00,2026-09-11,MT,ArcelorMittal S.A.,US,소재,2026-09-10,75.06,788735,1359296.75,1.9021,56478261248,69,60,60,58,66,1,HOLD,0.71,9,False,live,STOCK,77,NEUTRAL,NYSE
2026-09-11T07:56:49.207012+09:00,2026-09-11,NXPI,NXP Semiconductors N.V.,US,반도체,2026-09-10,226.465,3077853,3073467.65,5.7329,57106358272,55,65,76,74,60,2,WATCH,0.1,1,False,live,STOCK,32,NEUTRAL,NASDAQ
2026-09-11T07:56:49.207012+09:00,2026-09-11,CTVA,"Corteva, Inc.",US,소재,2026-09-10,84.49,3544433,4571986.65,2.488,56371392512,76,60,58,50,62,1,HOLD,0.71,9,False,live,STOCK,63,NEUTRAL,NYSE
2026-09-11T07:56:49.207012+09:00,2026-09-11,FAST,Fastenal Company,US,산업재,2026-09-10,49.01,7212341,5944082.05,1.0443,56238854144,47,60,53,29,43,0,AVOID,-0.01,0,True,live,STOCK,48,NEUTRAL,NASDAQ
2026-09-11T07:56:49.207012+09:00,2026-09-11,FIX,"Comfort Systems USA, Inc.",US,산업재,2026-09-10,1590.8101,212552,363367.6,64.4893,55987490816,50,60,50,58,52,0,HOLD,-0.18,-2,False,live,STOCK,46,NEUTRAL,NYSE
2026-09-11T07:56:49.207012+09:00,2026-09-11,KEYS,"Keysight Technologies, Inc.",US,IT,2026-09-10,325.65,696936,1412446.8,8.3588,55440203776,72,60,53,50,54,1,HOLD,0.16,2,False,live,STOCK,33,NEUTRAL,NYSE
2026-09-11T07:56:49.207012+09:00,2026-09-11,O,Realty Income Corporation,US,리츠,2026-09-10,59.57,5945458,5084002.9,0.7478,56366206976,20,60,63,37,34,0,AVOID,-0.57,-7,True,live,STOCK,20,NEUTRAL,NYSE
2026-09-11T07:56:49.207012+09:00,2026-09-11,F,Ford Motor Company,US,소비재,2026-09-10,13.88,47724470,42910968.5,0.4479,55347830784,43,60,68,57,57,0,HOLD,0.19,2,False,live,STOCK,69,NEUTRAL,NYSE
2026-09-11T07:56:49.207012+09:00,2026-09-11,CAH,"Cardinal Health, Inc.",US,제약/바이오,2026-09-10,236.02,1208178,1531968.9,4.6671,54892523520,54,65,53,66,58,0,HOLD,0.27,3,False,live,STOCK,55,NEUTRAL,NYSE
2026-09-11T07:56:49.207012+09:00,2026-09-11,UMC,United Microelectronics Corporation,US,반도체,2026-09-10,22.12,10126335,10787111.75,0.925,55474941952,58,65,55,58,53,0,HOLD,0.21,3,False,live,STOCK,36,NEUTRAL,NYSE
2026-09-11T07:56:49.207012+09:00,2026-09-11,DVN,Devon Energy Corporation,US,에너지,2026-09-10,50.02,15771457,10442607.85,1.1618,55022002176,84,60,84,70,78,4,BUY,1.26,15,False,live,STOCK,77,NEUTRAL,NYSE
2026-09-11T07:56:49.207012+09:00,2026-09-11,PSA,Public Storage,US,리츠,2026-09-10,294.6,882106,747490.3,6.0714,55046684672,20,60,63,37,34,0,AVOID,-0.63,-8,True,live,STOCK,23,NEUTRAL,NYSE
2026-09-11T07:56:49.207012+09:00,2026-09-11,SRE,Sempra,US,유틸리티,2026-09-10,84.0,2530221,4069191.05,2.2614,54927630336,50,60,58,58,53,0,HOLD,-0.04,0,False,live,STOCK,43,NEUTRAL,NYSE
2026-09-11T07:56:49.207012+09:00,2026-09-11,NBIS,Nebius Group N.V.,US,IT,2026-09-10,228.11,12898721,19303251.05,13.7776,62012895232,80,60,65,58,63,1,HOLD,0.58,7,False,live,STOCK,41,NEUTRAL,NASDAQ
2026-09-11T07:56:49.207012+09:00,2026-09-11,MRNA,"Moderna, Inc.",US,제약/바이오,2026-09-10,136.62,7850427,33844086.35,12.88,54543605760,66,65,50,50,62,1,HOLD,0.68,8,False,live,STOCK,87,NEUTRAL,NASDAQ
2026-09-11T07:56:49.207012+09:00,2026-09-11,NKE,"NIKE, Inc.",US,소비재,2026-09-10,36.62,29559153,29097142.65,0.9396,54325723136,10,60,50,60,35,0,AVOID,-0.94,-11,True,live,STOCK,20,NEUTRAL,NYSE
2026-09-11T07:56:49.207012+09:00,2026-09-11,AME,"AMETEK, Inc.",US,산업재,2026-09-10,234.24,1192695,1376174.75,4.4357,53702156288,43,60,63,58,52,0,HOLD,0.1,1,False,live,STOCK,48,NEUTRAL,NYSE
2026-09-11T07:56:49.207012+09:00,2026-09-11,STT,State Street Corporation,US,금융,2026-09-10,191.3,1160161,1306218.05,3.8109,52550447104,69,60,58,76,68,1,HOLD,0.75,9,False,live,STOCK,66,NEUTRAL,NYSE
2026-09-11T07:56:49.207012+09:00,2026-09-11,AU,AngloGold Ashanti plc,US,소재,2026-09-10,103.88,2517522,2814126.1,4.4514,52539310080,48,60,63,84,67,2,WATCH,0.6,7,False,live,STOCK,74,NEUTRAL,NYSE
2026-09-11T07:56:49.207012+09:00,2026-09-11,GRMN,Garmin Ltd.,US,IT,2026-09-10,272.2,494812,823690.6,5.5907,52494462976,39,60,53,50,47,0,HOLD,0.06,1,False,live,STOCK,48,NEUTRAL,NYSE
2026-09-11T07:56:49.207012+09:00,2026-09-11,DAL,"Delta Air Lines, Inc.",US,산업재,2026-09-10,78.24,5818054,5005552.7,2.0689,51452424192,28,60,55,84,48,1,HOLD,-0.42,-5,False,live,STOCK,17,NEUTRAL,NYSE
2026-09-11T07:56:49.207012+09:00,2026-09-11,NDAQ,"Nasdaq, Inc.",US,금융,2026-09-10,92.01,3523549,2685332.45,1.9875,51431505920,47,60,45,58,52,0,HOLD,0.05,1,False,live,STOCK,55,NEUTRAL,NASDAQ
2026-09-11T07:56:49.207012+09:00,2026-09-11,FNV,Franco-Nevada Corporation,US,소재,2026-09-10,260.66,507875,831528.75,8.104,50274488320,59,60,55,50,60,1,HOLD,0.61,7,False,live,STOCK,83,NEUTRAL,NYSE
2026-09-11T07:56:49.207012+09:00,2026-09-11,EW,Edwards Lifesciences Corporation,US,제약/바이오,2026-09-10,86.77,2308768,2741118.4,1.9357,50014224384,43,65,53,50,42,0,AVOID,-0.29,-3,True,live,STOCK,16,NEUTRAL,NYSE
2026-09-11T07:56:49.207012+09:00,2026-09-11,AMP,"Ameriprise Financial, Inc.",US,금융,2026-09-10,553.53,552071,415888.55,11.6247,48895086592,51,60,53,68,58,0,HOLD,0.38,5,False,live,STOCK,60,NEUTRAL,NYSE
2026-09-11T07:56:49.207012+09:00,2026-09-11,VST,Vistra Corp.,US,유틸리티,2026-09-10,147.05,4468433,4179081.65,4.6645,49355157504,72,60,56,58,58,1,HOLD,0.33,4,False,live,STOCK,39,NEUTRAL,NYSE
2026-09-11T07:56:49.207012+09:00,2026-09-11,ETR,Entergy Corporation,US,유틸리티,2026-09-10,105.73,1998043,2161997.15,1.9079,50515415040,53,60,63,50,51,0,HOLD,0.04,0,False,live,STOCK,36,NEUTRAL,NYSE
2026-09-11T07:56:49.207012+09:00,2026-09-11,FITB,Fifth Third Bancorp,US,금융,2026-09-10,54.43,4285182,4899549.1,0.9057,49362161664,28,60,45,58,46,0,HOLD,-0.26,-3,False,live,STOCK,55,NEUTRAL,NYSE
2026-09-11T07:56:49.207012+09:00,2026-09-11,ELC,"Entergy Louisiana, LLC COLLATERAL TR MT",US,유틸리티,2026-09-10,19.4,12412,23805.6,0.2501,,28,60,55,50,42,0,AVOID,-0.35,-4,True,live,STOCK,40,NEUTRAL,NYSE
2026-09-11T07:56:49.207012+09:00,2026-09-11,ALAB,"Astera Labs, Inc. Common Stock",US,반도체,2026-09-10,284.53,3219263,3468518.15,19.1375,49361715200,40,65,65,35,43,0,AVOID,-0.32,-4,True,live,STOCK,38,NEUTRAL,NASDAQ
2026-09-11T07:56:49.207012+09:00,2026-09-11,HONA,Honeywell Aerospace Inc,US,산업재,2026-09-10,153.75,3154374,3558813.7,5.4271,48731484160,50,60,88,50,53,1,HOLD,0.23,3,False,live,STOCK,26,NEUTRAL,NASDAQ
2026-09-11T07:56:49.207012+09:00,2026-09-11,CRWV,"CoreWeave, Inc. Class A Common Stock",US,IT,2026-09-10,89.12,27607391,24557199.55,5.323,49152942080,65,60,60,42,49,0,HOLD,0.03,0,False,live,STOCK,26,NEUTRAL,NASDAQ
2026-09-11T07:56:49.207012+09:00,2026-09-11,BDX,"Becton, Dickinson and Company",US,제약/바이오,2026-09-10,176.42,1679979,1638208.95,4.0836,48054480896,51,65,50,66,57,0,HOLD,0.35,4,False,live,STOCK,61,NEUTRAL,NYSE
2026-09-11T07:56:49.207012+09:00,2026-09-11,WDAY,"Workday, Inc.",US,IT,2026-09-10,185.09,2410711,4768220.55,8.5154,44606689280,54,60,45,74,60,1,HOLD,0.39,5,False,live,STOCK,64,NEUTRAL,NASDAQ
2026-09-11T07:56:49.207012+09:00,2026-09-11,HUM,Humana Inc.,US,제약/바이오,2026-09-10,400.73,921965,949928.25,13.6711,48119783424,91,65,73,58,72,2,WATCH,1.04,12,False,live,STOCK,61,NEUTRAL,NYSE
2026-09-11T07:56:49.207012+09:00,2026-09-11,DEO,Diageo plc,US,소매,2026-09-10,86.31,891597,911699.85,1.6757,47979798528,39,60,58,66,54,0,HOLD,0.1,1,False,live,STOCK,54,NEUTRAL,NYSE
2026-09-11T07:56:49.207012+09:00,2026-09-11,CIEN,Ciena Corporation,US,IT,2026-09-10,334.56,2539392,2376434.6,21.9522,47443460096,18,60,45,43,32,0,AVOID,-0.91,-11,True,live,STOCK,23,NEUTRAL,NYSE
2026-09-11T07:56:49.207012+09:00,2026-09-11,WAB,Westinghouse Air Brake Technologies Corp,US,산업재,2026-09-10,280.27,717597,829429.85,6.2275,47340642304,47,60,45,58,53,0,HOLD,0.1,1,False,live,STOCK,61,NEUTRAL,NYSE
2026-09-11T07:56:49.207012+09:00,2026-09-11,TEAM,Atlassian Corporation,US,IT,2026-09-10,179.57,3074446,4110762.3,9.5573,45456138240,66,60,60,42,62,1,HOLD,0.75,9,False,live,STOCK,86,NEUTRAL,NASDAQ
2026-09-11T07:56:49.207012+09:00,2026-09-11,XEL,Xcel Energy Inc.,US,유틸리티,2026-09-10,75.41,7684814,5108130.7,1.3664,47103676416,28,60,58,42,41,0,AVOID,-0.35,-4,True,live,STOCK,41,NEUTRAL,NASDAQ
2026-09-11T07:56:49.207012+09:00,2026-09-11,XYZ,"Block, Inc.",US,IT,2026-09-10,79.07,3228025,4120181.25,2.9527,47504859136,50,60,63,43,47,0,HOLD,0.19,2,False,live,STOCK,34,NEUTRAL,NYSE
2026-09-11T07:56:49.207012+09:00,2026-09-11,AZO,"AutoZone, Inc.",US,소비재,2026-09-10,2881.47,256253,293992.65,57.785,,31,60,60,50,49,0,HOLD,-0.16,-2,False,live,STOCK,62,NEUTRAL,NYSE
2026-09-11T07:56:49.207012+09:00,2026-09-11,ABEV,Ambev S.A.,US,소매,2026-09-10,3.04,38827277,32565513.85,0.0746,46876794880,62,60,58,68,62,0,HOLD,0.28,3,False,live,STOCK,55,NEUTRAL,NYSE
2026-09-11T07:56:49.207012+09:00,2026-09-11,ROK,"Rockwell Automation, Inc.",US,산업재,2026-09-10,421.37,722939,646431.95,8.4664,46887505920,53,60,60,50,48,0,HOLD,-0.12,-1,False,live,STOCK,26,NEUTRAL,NYSE
2026-09-11T07:56:49.207012+09:00,2026-09-11,NTRA,"Natera, Inc.",US,제약/바이오,2026-09-10,326.14,1070532,1180371.6,10.2176,47011184640,66,65,63,50,63,1,HOLD,0.76,9,False,live,STOCK,78,NEUTRAL,NASDAQ
2026-09-11T07:56:49.207012+09:00,2026-09-11,CARR,Carrier Global Corporation,US,산업재,2026-09-10,56.64,7104658,5143412.9,1.4903,46689771520,40,60,73,50,46,1,HOLD,-0.29,-3,False,live,STOCK,23,NEUTRAL,NYSE
2026-09-11T07:56:49.207012+09:00,2026-09-11,EBAY,eBay Inc.,US,소비재,2026-09-10,105.03,3545889,4460619.45,3.3333,46738350080,65,60,48,50,54,0,HOLD,0.12,1,False,live,STOCK,47,NEUTRAL,NASDAQ
2026-09-11T07:56:49.207012+09:00,2026-09-11,CMG,"Chipotle Mexican Grill, Inc.",US,소비재,2026-09-10,36.13,9929343,13610012.15,1.0764,45719552000,47,60,60,50,55,1,HOLD,0.41,5,False,live,STOCK,71,NEUTRAL,NYSE
2026-09-11T07:56:49.207012+09:00,2026-09-11,LHX,"L3Harris Technologies, Inc.",US,산업재,2026-09-10,248.37,1673634,1603536.7,5.3586,46250123264,10,60,58,58,42,0,AVOID,-0.66,-8,True,live,STOCK,49,NEUTRAL,NYSE
2026-09-11T07:56:49.207012+09:00,2026-09-11,PYPL,"PayPal Holdings, Inc.",US,금융,2026-09-10,53.31,11333602,12859095.1,2.142,45604618240,40,60,50,86,63,2,WATCH,0.36,4,False,live,STOCK,75,NEUTRAL,NASDAQ
2026-09-11T07:56:49.207012+09:00,2026-09-11,CCEP,Coca-Cola Europacific Partners PLC,US,소매,2026-09-10,102.88,1824354,1503127.7,1.9639,45358317568,47,60,60,50,51,0,HOLD,0.12,1,False,live,STOCK,48,NEUTRAL,NASDAQ
2026-09-11T07:56:49.207012+09:00,2026-09-11,COIN,"Coinbase Global, Inc.",US,금융,2026-09-10,172.28,4802315,9847925.75,11.9779,45453824000,47,60,53,51,54,1,HOLD,0.25,3,False,live,STOCK,72,NEUTRAL,NASDAQ
2026-09-11T07:56:49.207012+09:00,2026-09-11,WDS,Woodside Energy Group Ltd,US,에너지,2026-09-10,23.89,642081,503499.05,0.5318,,84,60,55,60,67,1,HOLD,0.82,10,False,live,STOCK,63,NEUTRAL,NYSE
2026-09-11T07:56:49.207012+09:00,2026-09-11,STM,STMicroelectronics N.V.,US,반도체,2026-09-10,50.74,8034441,7649692.05,1.3975,45256433664,40,65,70,58,47,1,HOLD,-0.33,-4,False,live,STOCK,17,NEUTRAL,NYSE
2026-09-11T07:56:49.207012+09:00,2026-09-11,EXC,Exelon Corporation,US,유틸리티,2026-09-10,43.39,10033335,6886636.75,0.7621,44702720000,47,60,60,52,50,0,HOLD,-0.04,0,False,live,STOCK,41,NEUTRAL,NASDAQ
2026-09-11T07:56:49.207012+09:00,2026-09-11,ADSK,"Autodesk, Inc.",US,IT,2026-09-10,211.61,2241011,2152815.55,10.5864,44226490368,35,60,75,66,56,1,HOLD,0.18,2,False,live,STOCK,54,NEUTRAL,NASDAQ
2026-09-11T07:56:49.207012+09:00,2026-09-11,KB,KB Financial Group Inc.,US,금융,2026-09-10,126.55,163912,172390.6,3.1436,44432478208,85,60,55,78,71,2,WATCH,0.88,11,False,live,STOCK,55,NEUTRAL,NYSE
2026-09-11T07:56:49.207012+09:00,2026-09-11,INFY,Infosys Limited,US,IT,2026-09-10,10.91,13875499,14982919.95,0.3386,44188766208,43,60,60,60,52,0,HOLD,-0.07,-1,False,live,STOCK,45,NEUTRAL,NYSE
2026-09-11T07:56:49.207012+09:00,2026-09-11,SLF,Sun Life Financial Inc.,US,금융,2026-09-10,79.56,340659,1156202.95,1.2085,44292210688,76,60,60,50,65,2,WATCH,0.71,9,False,live,STOCK,74,NEUTRAL,NYSE
2026-09-11T07:56:49.207012+09:00,2026-09-11,BSBR,Banco Santander (Brasil) S.A.,US,금융,2026-09-10,5.88,4822505,4647455.25,0.1168,44026662912,62,60,48,86,64,1,HOLD,0.42,5,False,live,STOCK,48,NEUTRAL,NYSE
2026-09-11T07:56:49.207012+09:00,2026-09-11,VTR,"Ventas, Inc.",US,리츠,2026-09-10,90.44,2805090,2962744.5,1.8086,46390870016,29,60,60,38,45,0,HOLD,-0.03,0,False,live,STOCK,63,NEUTRAL,NYSE
2026-09-11T07:56:49.207012+09:00,2026-09-11,HEI,HEICO Corporation,US,산업재,2026-09-10,312.49,595475,531083.75,9.6618,43672793088,20,60,60,34,32,0,AVOID,-0.69,-8,True,live,STOCK,20,NEUTRAL,NYSE
2026-09-11T07:56:49.207012+09:00,2026-09-11,IX,ORIX Corporation,US,금융,2026-09-10,39.09,135747,341272.35,0.7657,40653062144,35,60,55,70,46,1,HOLD,-0.29,-3,False,live,STOCK,19,NEUTRAL,NYSE
2026-09-11T07:56:49.207012+09:00,2026-09-11,CBRS,Cerebras Systems Inc.,US,반도체,2026-09-10,191.34,3398399,8421014.95,12.5671,45455503360,40,65,68,35,45,0,HOLD,-0.25,-3,False,live,STOCK,44,NEUTRAL,NASDAQ
2026-09-11T07:56:49.207012+09:00,2026-09-11,RVMD,"Revolution Medicines, Inc.",US,제약/바이오,2026-09-10,203.35,810182,1729074.1,8.1879,43585310720,54,65,66,42,59,1,HOLD,0.63,8,False,live,STOCK,84,NEUTRAL,NASDAQ
2026-09-11T07:56:49.207012+09:00,2026-09-11,ARES,Ares Management Corporation,US,금융,2026-09-10,130.63,2661890,1969649.5,4.1439,43087867904,43,60,60,50,52,0,HOLD,0.08,1,False,live,STOCK,61,NEUTRAL,NYSE
2026-09-11T07:56:49.207012+09:00,2026-09-11,FERG,Ferguson plc,US,산업재,2026-09-10,220.97,1030343,1367427.15,5.7979,42747248640,28,60,63,50,47,0,HOLD,-0.16,-2,False,live,STOCK,57,NEUTRAL,NYSE
2026-09-11T07:56:49.207012+09:00,2026-09-11,KDP,Keurig Dr Pepper Inc.,US,소매,2026-09-10,31.46,10092381,9234164.05,0.6489,42811584512,43,60,63,66,54,0,HOLD,0.09,1,False,live,STOCK,46,NEUTRAL,NASDAQ
2026-09-11T07:56:49.207012+09:00,2026-09-11,MSTR,Strategy Inc,US,IT,2026-09-10,128.56,14249072,28503743.6,9.6114,51074531328,84,60,53,62,73,2,WATCH,0.94,11,False,live,STOCK,93,NEUTRAL,NASDAQ
2026-09-11T07:56:49.207012+09:00,2026-09-11,CCJ,Cameco Corporation,US,에너지,2026-09-10,97.42,2027574,2626923.7,4.1443,42429624320,43,60,60,35,43,0,AVOID,-0.14,-2,True,live,STOCK,39,NEUTRAL,NYSE
2026-09-11T07:56:49.207012+09:00,2026-09-11,VEEV,Veeva Systems Inc.,US,IT,2026-09-10,260.98,852240,1852317.0,11.6478,42254974976,73,60,60,50,62,1,HOLD,0.75,9,False,live,STOCK,67,NEUTRAL,NYSE
2026-09-11T07:56:49.207012+09:00,2026-09-11,IQV,IQVIA Holdings Inc.,US,제약/바이오,2026-09-10,257.3,1319291,1280569.55,6.7357,42351579136,66,65,50,74,69,2,WATCH,0.75,9,False,live,STOCK,84,NEUTRAL,NYSE
2026-09-11T07:56:49.207012+09:00,2026-09-11,TEVA,Teva Pharmaceutical Industries Limited,US,제약/바이오,2026-09-10,36.35,4014108,4936660.4,1.0779,42358513664,47,65,53,59,55,0,HOLD,0.18,2,False,live,STOCK,63,NEUTRAL,NYSE
2026-09-11T07:56:49.207012+09:00,2026-09-11,ADM,Archer-Daniels-Midland Company,US,소매,2026-09-10,86.91,3665719,3554275.95,2.9021,41887109120,88,60,63,58,67,1,HOLD,0.87,10,False,live,STOCK,54,NEUTRAL,NYSE
2026-09-11T07:56:49.207012+09:00,2026-09-11,TRI,Thomson Reuters Corporation,US,산업재,2026-09-10,95.71,1350447,1659177.35,4.0732,41463922688,51,60,50,66,56,0,HOLD,0.3,4,False,live,STOCK,54,NEUTRAL,NASDAQ
2026-09-11T07:56:49.207012+09:00,2026-09-11,PRU,"Prudential Financial, Inc.",US,금융,2026-09-10,118.48,1531332,1559321.6,2.5099,40875601920,47,60,63,94,67,1,HOLD,0.49,6,False,live,STOCK,60,NEUTRAL,NYSE
2026-09-11T07:56:49.207012+09:00,2026-09-11,HMC,"Honda Motor Co., Ltd.",US,소비재,2026-09-10,31.62,591064,810843.2,0.6911,41032396800,47,60,58,63,57,0,HOLD,0.36,4,False,live,STOCK,61,NEUTRAL,NYSE
2026-09-11T07:56:49.207012+09:00,2026-09-11,PAYX,"Paychex, Inc.",US,산업재,2026-09-10,115.18,2134618,2273575.9,2.7136,41001832448,47,60,50,50,50,0,HOLD,0.19,2,False,live,STOCK,54,NEUTRAL,NASDAQ
2026-09-11T07:56:49.207012+09:00,2026-09-11,GFI,Gold Fields Limited,US,소재,2026-09-10,45.68,2915605,3840160.25,1.8275,40696152064,59,60,60,65,62,0,HOLD,0.58,7,False,live,STOCK,64,NEUTRAL,NYSE
2026-09-11T07:56:49.207012+09:00,2026-09-11,HLN,Haleon plc,US,제약/바이오,2026-09-10,9.22,15955663,10477113.15,0.1791,40546099200,20,65,55,58,46,0,HOLD,-0.25,-3,False,live,STOCK,57,NEUTRAL,NYSE
2026-09-11T07:56:49.207012+09:00,2026-09-11,TTWO,"Take-Two Interactive Software, Inc.",US,IT,2026-09-10,216.96,2451888,2580084.4,8.2279,40567279616,17,60,53,42,32,0,AVOID,-0.64,-8,True,live,STOCK,20,NEUTRAL,NASDAQ
2026-09-11T07:56:49.207012+09:00,2026-09-11,A,"Agilent Technologies, Inc.",US,제약/바이오,2026-09-10,143.12,1520258,2337612.9,4.7336,40354947072,39,65,60,58,55,1,HOLD,0.27,3,False,live,STOCK,71,NEUTRAL,NYSE
2026-09-11T07:56:49.207012+09:00,2026-09-11,FER,Ferrovial SE,US,산업재,2026-09-10,55.5,1567531,1239441.55,1.0271,39996194816,10,60,55,45,33,0,AVOID,-0.89,-11,True,live,STOCK,26,NEUTRAL,NASDAQ
2026-09-11T07:56:49.207012+09:00,2026-09-11,WCN,"Waste Connections, Inc.",US,산업재,2026-09-10,159.44,836604,945105.2,2.7443,40110202880,20,60,53,58,37,0,AVOID,-0.56,-7,True,live,STOCK,16,NEUTRAL,NYSE
2026-09-11T07:56:49.207012+09:00,2026-09-11,FMX,"Fomento Económico Mexicano, S.A.B. de C.",US,소매,2026-09-10,117.57,345916,360960.8,2.4056,40053919744,28,60,60,53,49,0,HOLD,-0.19,-2,False,live,STOCK,64,NEUTRAL,NYSE
2026-09-11T07:56:49.207012+09:00,2026-09-11,CBRE,"CBRE Group, Inc.",US,리츠,2026-09-10,137.99,1565103,1450555.15,4.4436,39958495232,43,60,63,66,55,0,HOLD,0.14,2,False,live,STOCK,48,NEUTRAL,NYSE
2026-09-11T07:56:49.207012+09:00,2026-09-11,IDXX,"IDEXX Laboratories, Inc.",US,제약/바이오,2026-09-10,506.53,416428,505151.4,13.6936,39905001472,28,65,60,42,45,0,HOLD,-0.28,-3,False,live,STOCK,61,NEUTRAL,NASDAQ
2026-09-11T07:56:49.207012+09:00,2026-09-11,VOD,Vodafone Group Public Limited Company,US,인터넷,2026-09-10,17.33,2299477,2873898.85,0.2975,40050208768,73,65,55,86,73,3,BUY,0.84,10,False,live,STOCK,72,NEUTRAL,NASDAQ
2026-09-11T07:56:49.207012+09:00,2026-09-11,FLEX,Flex Ltd.,US,IT,2026-09-10,108.01,3755795,2863929.75,4.3071,39899217920,40,60,66,58,49,0,HOLD,-0.28,-3,False,live,STOCK,30,NEUTRAL,NASDAQ
2026-09-11T07:56:49.207012+09:00,2026-09-11,MSCI,MSCI Inc.,US,금융,2026-09-10,547.6,493305,494545.25,11.7014,39810519040,28,60,68,50,45,0,HOLD,-0.3,-4,False,live,STOCK,38,NEUTRAL,NYSE
2026-09-11T07:56:49.207012+09:00,2026-09-11,AIG,"American International Group, Inc.",US,금융,2026-09-10,75.03,4790795,3317639.75,1.2407,39232675840,31,60,55,94,60,1,HOLD,-0.02,0,False,live,STOCK,55,NEUTRAL,NYSE
2026-09-11T07:56:49.207012+09:00,2026-09-11,YUM,"Yum! Brands, Inc.",US,소비재,2026-09-10,143.89,2730712,2292690.6,3.3905,39267737600,28,60,53,50,38,0,AVOID,-0.56,-7,True,live,STOCK,20,NEUTRAL,NYSE
2026-09-11T07:56:49.207012+09:00,2026-09-11,LYV,"Live Nation Entertainment, Inc.",US,인터넷,2026-09-10,170.08,1753133,1797611.65,3.8964,39621754880,20,65,60,22,34,0,AVOID,-0.44,-5,True,live,STOCK,48,NEUTRAL,NYSE
2026-09-11T07:56:49.207012+09:00,2026-09-11,PFH,"Prudential Financial, Inc. 4.125% Junior",US,금융,2026-09-10,15.085,37633,34526.65,0.2444,,31,60,58,50,44,0,AVOID,-0.33,-4,True,live,STOCK,40,NEUTRAL,NYSE
2026-09-11T07:56:49.207012+09:00,2026-09-11,SYY,Sysco Corporation,US,소매,2026-09-10,82.31,4258453,2538352.65,1.4507,39434391552,43,60,63,50,44,0,AVOID,-0.12,-1,True,live,STOCK,19,NEUTRAL,NYSE
2026-09-11T07:56:49.207012+09:00,2026-09-11,ED,"Consolidated Edison, Inc.",US,유틸리티,2026-09-10,106.73,1774285,2104994.25,1.6,39471812608,53,60,65,52,60,1,HOLD,0.4,5,False,live,STOCK,76,NEUTRAL,NYSE
2026-09-11T07:56:49.207012+09:00,2026-09-11,ROP,"Roper Technologies, Inc.",US,IT,2026-09-10,388.58,472995,659319.75,9.6829,38430900224,47,60,60,68,62,1,HOLD,0.5,6,False,live,STOCK,75,NEUTRAL,NASDAQ
2026-09-11T07:56:49.207012+09:00,2026-09-11,MCHP,Microchip Technology Incorporated,US,반도체,2026-09-10,71.58,7592384,7897939.2,2.1467,38868566016,40,65,70,51,48,1,HOLD,-0.25,-3,False,live,STOCK,32,NEUTRAL,NASDAQ
2026-09-11T07:56:49.207012+09:00,2026-09-11,AXON,"Axon Enterprise, Inc.",US,산업재,2026-09-10,478.85,934305,748215.25,26.9635,38900535296,39,60,60,35,44,0,AVOID,-0.02,0,True,live,STOCK,48,NEUTRAL,NASDAQ
2026-09-11T07:56:49.207012+09:00,2026-09-11,SHG,"Shinhan Financial Group Co., Ltd.",US,금융,2026-09-10,81.23,108418,152000.9,2.045,38248312832,80,60,50,65,66,1,HOLD,0.76,9,False,live,STOCK,63,NEUTRAL,NYSE
2026-09-11T07:56:49.207012+09:00,2026-09-11,JD,"JD.com, Inc.",US,소비재,2026-09-10,27.02,6627539,8137921.95,0.5042,36490510336,20,60,63,74,55,2,HOLD,-0.1,-1,False,live,STOCK,71,NEUTRAL,NASDAQ
2026-09-11T07:56:49.207012+09:00,2026-09-11,DHI,"D.R. Horton, Inc.",US,소비재,2026-09-10,135.57,3735829,1929101.45,3.3607,37919105024,28,60,68,68,48,0,HOLD,-0.38,-5,False,live,STOCK,26,NEUTRAL,NYSE
2026-09-11T07:56:49.207012+09:00,2026-09-11,BBD,Banco Bradesco S.A.,US,금융,2026-09-10,3.58,37248476,29776403.8,0.1171,37909254144,58,60,40,78,55,1,HOLD,0.07,1,False,live,STOCK,32,NEUTRAL,NYSE
2026-09-11T07:56:49.207012+09:00,2026-09-11,VG,"Venture Global, Inc.",US,에너지,2026-09-10,15.5,17492597,13229094.85,0.6075,38751440896,92,60,45,62,71,2,WATCH,0.97,12,False,live,STOCK,77,NEUTRAL,NYSE
2026-09-11T07:56:49.207012+09:00,2026-09-11,NTR,Nutrien Ltd.,US,소재,2026-09-10,78.74,2148811,2615350.55,2.395,37575520256,95,60,50,60,74,2,WATCH,1.14,14,False,live,STOCK,90,NEUTRAL,NYSE
2026-09-11T07:56:49.207012+09:00,2026-09-11,PCG,PG&E Corporation,US,유틸리티,2026-09-10,14.03,40286186,53945754.3,1.0907,30899208192,15,60,56,88,58,2,HOLD,-0.28,-3,False,live,STOCK,81,NEUTRAL,NYSE
2026-09-11T07:56:49.207012+09:00,2026-09-11,ODFL,"Old Dominion Freight Line, Inc.",US,산업재,2026-09-10,180.55,1134220,1594391.0,6.2356,37548675072,10,60,63,50,36,0,AVOID,-0.79,-9,True,live,STOCK,26,NEUTRAL,NASDAQ
2026-09-11T07:56:49.207012+09:00,2026-09-11,HIG,"The Hartford Insurance Group, Inc.",US,금융,2026-09-10,136.8,1394186,1295694.3,2.3343,37055291392,32,60,58,86,52,1,HOLD,-0.12,-1,False,live,STOCK,25,NEUTRAL,NYSE
2026-09-11T07:56:49.207012+09:00,2026-09-11,CLS,Celestica Inc.,US,IT,2026-09-10,325.22,1169159,2253962.95,16.1029,41013858304,62,60,60,50,52,0,HOLD,-0.05,-1,False,live,STOCK,32,NEUTRAL,NYSE
2026-09-11T07:56:49.207012+09:00,2026-09-11,VIK,Viking Holdings Ltd,US,소비재,2026-09-10,84.01,3402305,4267520.25,2.5857,37522067456,25,60,55,50,38,0,AVOID,-0.62,-7,True,live,STOCK,23,NEUTRAL,NYSE
2026-09-11T07:56:49.207012+09:00,2026-09-11,RKT,"Rocket Companies, Inc.",US,금융,2026-09-10,13.19,21702600,22867485.0,0.5415,37349359616,31,60,63,60,48,0,HOLD,-0.18,-2,False,live,STOCK,41,NEUTRAL,NYSE
2026-09-11T07:56:49.207012+09:00,2026-09-11,EC,Ecopetrol S.A.,US,에너지,2026-09-10,18.07,1597718,1628450.9,0.5182,37148934144,88,60,55,96,78,2,WATCH,0.97,12,False,live,STOCK,61,NEUTRAL,NYSE
2026-09-11T07:56:49.207012+09:00,2026-09-11,NWG,NatWest Group plc,US,금융,2026-09-10,18.42,1703200,2542090.0,0.2514,73121914880,47,60,55,70,54,1,HOLD,0.22,3,False,live,STOCK,42,NEUTRAL,NYSE
2026-09-11T07:56:49.207012+09:00,2026-09-11,ONC,BeOne Medicines AG,US,제약/바이오,2026-09-10,341.8,943460,376848.0,9.1679,38665154560,43,65,48,51,55,1,HOLD,0.34,4,False,live,STOCK,87,NEUTRAL,NASDAQ
2026-09-11T07:56:49.207012+09:00,2026-09-11,PEG,Public Service Enterprise Group Incorpor,US,유틸리티,2026-09-10,72.48,2605981,2635694.05,1.0967,36125487104,50,60,50,45,44,0,AVOID,-0.27,-3,True,live,STOCK,27,NEUTRAL,NYSE
2026-09-11T07:56:49.207012+09:00,2026-09-11,NTAP,"NetApp, Inc.",US,IT,2026-09-10,183.6,1871466,2522978.3,8.1079,36062531584,44,60,50,50,50,0,HOLD,0.19,2,False,live,STOCK,61,NEUTRAL,NASDAQ
2026-09-11T07:56:49.207012+09:00,2026-09-11,RKLB,"Rocket Lab USA, Inc.",US,산업재,2026-09-10,61.96,18790054,16551022.7,2.9168,39617904640,7,60,63,19,25,0,AVOID,-0.96,-12,True,live,STOCK,23,NEUTRAL,NASDAQ
2026-09-11T07:56:49.207012+09:00,2026-09-11,HSY,The Hershey Company,US,소매,2026-09-10,174.34,1334977,1152843.85,3.9293,35029381120,32,60,50,66,50,0,HOLD,-0.22,-3,False,live,STOCK,52,NEUTRAL,NYSE
2026-09-11T07:56:49.207012+09:00,2026-09-11,TWLO,Twilio Inc.,US,IT,2026-09-10,231.13,1399418,1847205.9,9.5581,35495841792,69,60,60,58,61,0,HOLD,0.59,7,False,live,STOCK,55,NEUTRAL,NYSE
2026-09-11T07:56:49.207012+09:00,2026-09-11,EL,The Estée Lauder Companies Inc.,US,소매,2026-09-10,96.47,2264500,3946970.0,3.3919,34902708224,47,60,61,43,57,1,HOLD,0.44,5,False,live,STOCK,87,NEUTRAL,NYSE
2026-09-11T07:56:49.207012+09:00,2026-09-11,KR,The Kroger Co.,US,소매,2026-09-10,56.95,7657859,5872232.95,1.2871,34890264576,28,60,55,74,51,1,HOLD,-0.35,-4,False,live,STOCK,45,NEUTRAL,NYSE
2026-09-11T07:56:49.207012+09:00,2026-09-11,BBDO,Banco Bradesco S.A.,US,금융,2026-09-10,3.19,58860,79838.0,0.1227,33779474432,76,60,55,80,66,2,WATCH,0.58,7,False,live,STOCK,40,NEUTRAL,NYSE
2026-09-11T07:56:49.207012+09:00,2026-09-11,MTB,M&T Bank Corporation,US,금융,2026-09-10,239.02,1329436,943696.8,3.9507,34518372352,32,60,45,60,46,0,HOLD,-0.21,-3,False,live,STOCK,48,NEUTRAL,NYSE
2026-09-11T07:56:49.207012+09:00,2026-09-11,UAL,"United Airlines Holdings, Inc.",US,산업재,2026-09-10,106.49,3764957,3170747.85,3.4557,34563428352,28,60,60,73,46,1,HOLD,-0.43,-5,False,live,STOCK,17,NEUTRAL,NASDAQ
2026-09-11T07:56:49.207012+09:00,2026-09-11,CHT,"Chunghwa Telecom Co., Ltd.",US,인터넷,2026-09-10,44.53,241462,196398.1,0.4554,34543906816,69,65,55,50,64,1,HOLD,0.59,7,False,live,STOCK,88,NEUTRAL,NYSE
2026-09-11T07:56:49.207012+09:00,2026-09-11,EQT,EQT Corporation,US,에너지,2026-09-10,54.96,5745076,6204303.8,1.4436,34378358784,62,60,55,68,61,0,HOLD,0.42,5,False,live,STOCK,55,NEUTRAL,NYSE
2026-09-11T07:56:49.207012+09:00,2026-09-11,KGC,Kinross Gold Corporation,US,소재,2026-09-10,28.93,6627031,8085491.55,1.2668,34317944832,44,60,60,78,62,1,HOLD,0.45,5,False,live,STOCK,69,NEUTRAL,NYSE
2026-09-11T07:56:49.207012+09:00,2026-09-11,WEC,"WEC Energy Group, Inc.",US,유틸리티,2026-09-10,105.35,2343236,2255476.8,1.65,34328231936,50,60,63,42,46,0,HOLD,-0.13,-2,False,live,STOCK,27,NEUTRAL,NYSE
2026-09-11T07:56:49.207012+09:00,2026-09-11,NTRS,Northern Trust Corporation,US,금융,2026-09-10,187.19,1031162,906903.1,3.4003,34247469056,69,60,60,60,63,0,HOLD,0.62,7,False,live,STOCK,61,NEUTRAL,NASDAQ
2026-09-11T07:56:49.207012+09:00,2026-09-11,PPLC,PPL Corporation,US,유틸리티,2026-09-10,46.09,35682,124484.1,0.6471,,50,60,58,50,45,0,HOLD,-0.18,-2,False,live,STOCK,18,NEUTRAL,NYSE
2026-09-11T07:56:49.207012+09:00,2026-09-11,KVUE,Kenvue Inc.,US,소매,2026-09-10,17.79,64356966,22795938.3,0.3426,34170562560,28,60,60,66,44,0,AVOID,-0.37,-4,True,live,STOCK,19,NEUTRAL,NYSE
2026-09-11T07:56:49.207012+09:00,2026-09-11,STLD,"Steel Dynamics, Inc.",US,소재,2026-09-10,237.08,671518,1178920.9,7.8579,33980225536,57,60,63,53,55,0,HOLD,0.03,0,False,live,STOCK,48,NEUTRAL,NASDAQ
2026-09-11T07:56:49.207012+09:00,2026-09-11,ESLT,Elbit Systems Ltd.,US,산업재,2026-09-10,723.91,76081,78669.05,14.89,33923284992,37,60,50,37,44,0,AVOID,-0.35,-4,True,live,STOCK,61,NEUTRAL,NASDAQ
2026-09-11T07:56:49.207012+09:00,2026-09-11,HBAN,Huntington Bancshares Incorporated,US,금융,2026-09-10,16.73,24149239,20022306.95,0.3079,33801539584,28,60,45,68,50,0,HOLD,-0.25,-3,False,live,STOCK,61,NEUTRAL,NASDAQ
2026-09-11T07:56:49.207012+09:00,2026-09-11,STRC,Strategy Inc,US,IT,2026-09-10,97.97,1231920,1474161.0,0.7336,,47,60,48,60,56,1,HOLD,0.2,2,False,live,STOCK,72,NEUTRAL,NASDAQ
2026-09-11T07:56:49.207012+09:00,2026-09-11,ACGL,Arch Capital Group Ltd.,US,금융,2026-09-10,96.2,3336262,2558488.1,1.6971,32826241024,32,60,55,78,54,1,HOLD,-0.02,0,False,live,STOCK,51,NEUTRAL,NASDAQ
2026-09-11T07:56:49.207012+09:00,2026-09-11,IRM,Iron Mountain Incorporated,US,리츠,2026-09-10,112.9,1223933,1467776.65,3.6383,33610647552,20,60,50,35,39,0,AVOID,-0.51,-6,True,live,STOCK,62,NEUTRAL,NYSE
2026-09-11T07:56:49.207012+09:00,2026-09-11,RJF,"Raymond James Financial, Inc.",US,금융,2026-09-10,173.53,1145029,1135896.45,3.8179,33335113728,50,60,63,68,58,0,HOLD,0.39,5,False,live,STOCK,48,NEUTRAL,NYSE
2026-09-11T07:56:49.207012+09:00,2026-09-11,PUK,Prudential plc,US,금융,2026-09-10,26.77,691028,1015126.4,0.5171,33135751168,31,60,55,78,46,1,HOLD,-0.36,-4,False,live,STOCK,10,NEUTRAL,NYSE
2026-09-11T07:56:49.207012+09:00,2026-09-11,CQP,"Cheniere Energy Partners, L.P.",US,에너지,2026-09-10,68.8,157874,110358.7,1.8575,33303171072,62,60,53,55,58,0,HOLD,0.4,5,False,live,STOCK,64,NEUTRAL,NYSE
2026-09-11T07:56:49.207012+09:00,2026-09-11,ALNY,"Alnylam Pharmaceuticals, Inc.",US,제약/바이오,2026-09-10,247.51,1623863,1731368.15,11.1421,33119094784,72,65,60,50,66,2,WATCH,0.47,6,False,live,STOCK,85,NEUTRAL,NASDAQ
2026-09-11T07:56:49.207012+09:00,2026-09-11,EME,"EMCOR Group, Inc.",US,산업재,2026-09-10,748.33,231081,339774.05,22.3886,33008762880,25,60,55,50,40,0,AVOID,-0.52,-6,True,live,STOCK,33,NEUTRAL,NYSE
2026-09-11T07:56:49.207012+09:00,2026-09-11,ERIC,Telefonaktiebolaget LM Ericsson (publ),US,IT,2026-09-10,10.01,5539618,7665020.9,0.1689,32689487872,40,60,50,78,51,1,HOLD,-0.38,-5,False,live,STOCK,30,NEUTRAL,NASDAQ
2026-09-11T07:56:49.207012+09:00,2026-09-11,KMB,Kimberly-Clark Corporation,US,소매,2026-09-10,98.48,9856387,3594834.35,2.2241,32752384000,20,60,60,50,37,0,AVOID,-0.55,-7,True,live,STOCK,20,NEUTRAL,NASDAQ
2026-09-11T07:56:49.207012+09:00,2026-09-11,UI,Ubiquiti Inc.,US,IT,2026-09-10,536.84,310174,205908.7,34.0701,32494057472,46,60,55,42,46,0,HOLD,-0.18,-2,False,live,STOCK,43,NEUTRAL,NYSE
2026-09-11T07:56:49.207012+09:00,2026-09-11,VMC,Vulcan Materials Company,US,소재,2026-09-10,250.6,1002618,915785.9,7.0136,32472432640,20,60,53,58,40,0,AVOID,-0.63,-8,True,live,STOCK,32,NEUTRAL,NYSE
2026-09-11T07:56:49.207012+09:00,2026-09-11,ALC,Alcon Inc.,US,제약/바이오,2026-09-10,66.55,1565650,1292117.5,1.2539,32170270720,35,65,60,50,41,0,AVOID,-0.34,-4,True,live,STOCK,16,NEUTRAL,NYSE
2026-09-11T07:56:49.207012+09:00,2026-09-11,CNC,Centene Corp.,US,제약/바이오,2026-09-10,65.4,4615623,3890781.15,2.1196,32307273728,28,65,76,76,51,2,HOLD,-0.08,-1,False,live,STOCK,25,NEUTRAL,NYSE
2026-09-11T07:56:49.207012+09:00,2026-09-11,CCI,Crown Castle Inc.,US,리츠,2026-09-10,73.87,3228358,2469877.9,1.7757,32281190400,43,60,60,58,54,0,HOLD,-0.1,-1,False,live,STOCK,59,NEUTRAL,NYSE
2026-09-11T07:56:49.207012+09:00,2026-09-11,RBLX,Roblox Corporation,US,IT,2026-09-10,44.88,6482737,10174421.85,1.9314,32061192192,54,60,50,45,51,0,HOLD,0.12,1,False,live,STOCK,55,NEUTRAL,NYSE
2026-09-11T07:56:49.207012+09:00,2026-09-11,DXCM,"DexCom, Inc.",US,제약/바이오,2026-09-10,84.51,3488741,3911077.05,2.4146,31890759680,47,65,50,42,49,0,HOLD,0.16,2,False,live,STOCK,60,NEUTRAL,NASDAQ
2026-09-11T07:56:49.207012+09:00,2026-09-11,RMD,ResMed Inc.,US,제약/바이오,2026-09-10,219.58,826089,1345059.45,6.0966,31674920960,47,65,56,58,55,0,HOLD,0.33,4,False,live,STOCK,63,NEUTRAL,NYSE
2026-09-11T07:56:49.207012+09:00,2026-09-11,BIIB,Biogen Inc.,US,제약/바이오,2026-09-10,215.43,928007,704555.35,5.688,31830642688,47,65,63,58,58,0,HOLD,0.35,4,False,live,STOCK,68,NEUTRAL,NASDAQ
2026-09-11T07:56:49.207012+09:00,2026-09-11,TECK,Teck Resources Limited,US,소재,2026-09-10,65.9,3882451,3040402.55,2.47,32330541056,43,60,55,63,57,1,HOLD,0.2,2,False,live,STOCK,71,NEUTRAL,NYSE
2026-09-11T07:56:49.207012+09:00,2026-09-11,JBL,Jabil Inc.,US,IT,2026-09-10,302.8,754386,895434.3,9.5546,31729528832,15,60,60,58,38,0,AVOID,-0.75,-9,True,live,STOCK,23,NEUTRAL,NYSE
2026-09-11T07:56:49.207012+09:00,2026-09-11,EXPE,"Expedia Group, Inc.",US,소비재,2026-09-10,276.88,1789168,1595428.4,13.4148,33231714304,51,60,45,76,57,1,HOLD,0.24,3,False,live,STOCK,48,NEUTRAL,NASDAQ
2026-09-11T07:56:49.207012+09:00,2026-09-11,P,"Everpure, Inc.",US,IT,2026-09-10,94.1,1961164,3319583.2,6.0901,31356684288,48,60,45,27,44,0,AVOID,0.14,2,True,live,STOCK,64,NEUTRAL,NYSE
2026-09-11T07:56:49.207012+09:00,2026-09-11,STRF,MicroStrategy Incorporated 10.00% Series,US,IT,2026-09-10,103.85,40018,67870.9,1.3956,,76,60,48,60,67,2,WATCH,0.77,9,False,live,STOCK,82,NEUTRAL,NASDAQ
2026-09-11T07:56:49.207012+09:00,2026-09-11,BIDU,"Baidu, Inc.",US,인터넷,2026-09-10,90.59,2327192,3595909.6,2.82,30935590912,40,65,60,88,58,1,HOLD,-0.19,-2,False,live,STOCK,38,NEUTRAL,NASDAQ
2026-09-11T07:56:49.207012+09:00,2026-09-11,NMR,"Nomura Holdings, Inc.",US,금융,2026-09-10,10.54,973352,673577.6,0.1886,30804129792,80,60,55,68,65,1,HOLD,0.71,9,False,live,STOCK,46,NEUTRAL,NYSE
2026-09-11T07:56:49.207012+09:00,2026-09-11,CCL,Carnival Corporation & plc,US,소비재,2026-09-10,22.47,20286619,18909460.95,0.6704,30776014848,10,60,55,86,44,1,AVOID,-0.79,-9,True,live,STOCK,20,NEUTRAL,NYSE
2026-09-11T07:56:49.207012+09:00,2026-09-11,ZTS,Zoetis Inc.,US,제약/바이오,2026-09-10,72.86,5406963,4793333.15,2.0639,30107473920,46,65,55,73,62,2,WATCH,0.12,1,False,live,STOCK,75,NEUTRAL,NYSE
2026-09-11T07:56:49.207012+09:00,2026-09-11,TS,Tenaris S.A.,US,에너지,2026-09-10,56.92,604442,1329377.1,1.2736,28734345216,62,60,50,55,53,0,HOLD,-0.0,0,False,live,STOCK,39,NEUTRAL,NYSE
2026-09-11T07:56:49.207012+09:00,2026-09-11,ILMN,"Illumina, Inc.",US,제약/바이오,2026-09-10,201.27,1289733,1735826.65,8.9093,30391771136,51,65,63,42,56,1,HOLD,0.52,6,False,live,STOCK,78,NEUTRAL,NASDAQ
2026-09-11T07:56:49.207012+09:00,2026-09-11,MLM,"Martin Marietta Materials, Inc.",US,소재,2026-09-10,502.47,829809,676980.45,12.2578,35685109760,28,60,63,58,44,0,AVOID,-0.46,-6,True,live,STOCK,26,NEUTRAL,NYSE
2026-09-11T07:56:49.207012+09:00,2026-09-11,BAP,Credicorp Ltd.,US,금융,2026-09-10,379.44,537726,339321.3,8.4014,30134867968,72,60,58,63,63,1,HOLD,0.51,6,False,live,STOCK,55,NEUTRAL,NYSE
2026-09-11T07:56:49.207012+09:00,2026-09-11,HAL,Halliburton Company,US,에너지,2026-09-10,36.07,8621253,10723432.65,1.1576,30051012608,73,60,50,74,59,2,HOLD,0.12,1,False,live,STOCK,26,NEUTRAL,NYSE
2026-09-11T07:56:49.207012+09:00,2026-09-11,MDB,"MongoDB, Inc.",US,IT,2026-09-10,373.87,1623517,2019825.85,23.24,30071085056,44,60,50,35,43,0,AVOID,-0.08,-1,True,live,STOCK,48,NEUTRAL,NASDAQ
2026-09-11T07:56:49.207012+09:00,2026-09-11,WAT,Waters Corporation,US,제약/바이오,2026-09-10,401.64,572371,637893.55,11.9607,39435370496,50,65,32,35,47,1,HOLD,0.1,1,False,live,STOCK,77,NEUTRAL,NYSE
2026-09-11T07:56:49.207012+09:00,2026-09-11,SUNB,Sunbelt Rentals Holdings Inc,US,산업재,2026-09-10,73.18,6201447,7566657.35,3.1607,60327419904,25,60,45,58,44,0,AVOID,-0.48,-6,True,live,STOCK,52,NEUTRAL,NYSE
2026-09-11T07:56:49.207012+09:00,2026-09-11,HPQ,HP Inc.,US,IT,2026-09-10,32.73,14173676,15514633.8,1.5775,29515618304,92,60,50,63,73,2,WATCH,1.07,13,False,live,STOCK,84,NEUTRAL,NYSE
2026-09-11T07:56:49.207012+09:00,2026-09-11,RDDT,"Reddit, Inc.",US,인터넷,2026-09-10,155.34,5781958,7261367.9,7.5054,29886873600,65,65,60,58,54,0,HOLD,0.02,0,False,live,STOCK,23,NEUTRAL,NYSE
2026-09-11T07:56:49.207012+09:00,2026-09-11,CRDO,Credo Technology Group Holding Ltd,US,반도체,2026-09-10,160.31,6831095,7081449.75,14.6949,30130571264,10,65,58,42,31,0,AVOID,-0.91,-11,True,live,STOCK,20,NEUTRAL,NASDAQ
2026-09-11T07:56:49.207012+09:00,2026-09-11,FTI,TechnipFMC plc,US,에너지,2026-09-10,75.58,2396858,2618687.9,2.28,29639784448,50,60,60,50,54,0,HOLD,0.26,3,False,live,STOCK,58,NEUTRAL,NYSE
2026-09-11T07:56:49.207012+09:00,2026-09-11,ROIV,Roivant Sciences Ltd.,US,제약/바이오,2026-09-10,40.94,6513971,8767928.55,1.6871,29571903488,92,65,48,50,67,2,WATCH,0.93,11,False,live,STOCK,74,NEUTRAL,NASDAQ
2026-09-11T07:56:49.207012+09:00,2026-09-11,CFG,"Citizens Financial Group, Inc.",US,금융,2026-09-10,69.63,4026568,2969208.4,1.354,29326538752,32,60,63,68,52,0,HOLD,-0.02,0,False,live,STOCK,45,NEUTRAL,NYSE
2026-09-11T07:56:49.207012+09:00,2026-09-11,WTW,Willis Towers Watson Public Limited Comp,US,금융,2026-09-10,315.41,303244,471377.2,7.3318,29292738560,51,60,60,58,48,0,HOLD,0.13,2,False,live,STOCK,19,NEUTRAL,NASDAQ
2026-09-11T07:56:49.207012+09:00,2026-09-11,AEE,Ameren Corporation,US,유틸리티,2026-09-10,104.95,1387972,1372218.6,1.6824,29054699520,50,60,53,42,45,0,HOLD,-0.15,-2,False,live,STOCK,33,NEUTRAL,NYSE
2026-09-11T07:56:49.207012+09:00,2026-09-11,GEHC,GE HealthCare Technologies Inc.,US,제약/바이오,2026-09-10,64.24,3090594,2639234.7,1.5599,29016324096,35,65,66,68,53,0,HOLD,-0.02,0,False,live,STOCK,45,NEUTRAL,NASDAQ
2026-09-11T07:56:49.207012+09:00,2026-09-11,KHC,The Kraft Heinz Company,US,소매,2026-09-10,24.39,23741847,16116917.35,0.6061,28922241024,31,60,66,96,62,1,HOLD,0.13,2,False,live,STOCK,55,NEUTRAL,NASDAQ
2026-09-11T07:56:49.207012+09:00,2026-09-11,EXR,Extra Space Storage Inc.,US,리츠,2026-09-10,136.45,2042076,957638.8,2.4971,30114861056,20,60,60,45,42,0,AVOID,-0.41,-5,True,live,STOCK,55,NEUTRAL,NYSE
2026-09-11T07:56:49.207012+09:00,2026-09-11,IR,Ingersoll Rand Inc.,US,산업재,2026-09-10,73.09,3852789,3171954.45,1.9747,28358877184,20,60,60,66,43,0,AVOID,-0.43,-5,True,live,STOCK,26,NEUTRAL,NYSE
2026-09-11T07:56:49.207012+09:00,2026-09-11,FOXA,Fox Corporation,US,인터넷,2026-09-10,65.18,4604691,5237659.55,1.8434,27404113920,46,65,66,68,60,0,HOLD,0.2,2,False,live,STOCK,61,NEUTRAL,NASDAQ
2026-09-11T07:56:49.207012+09:00,2026-09-11,CPRT,"Copart, Inc.",US,산업재,2026-09-10,30.75,15045152,10173927.6,0.9986,28468703232,35,60,58,45,49,0,HOLD,-0.02,0,False,live,STOCK,69,NEUTRAL,NASDAQ
2026-09-11T07:56:49.207012+09:00,2026-09-11,OKTA,"Okta, Inc.",US,IT,2026-09-10,171.11,4567493,4051724.65,9.8375,29913608192,85,60,60,43,65,2,WATCH,0.94,11,False,live,STOCK,74,NEUTRAL,NASDAQ
2026-09-11T07:56:49.207012+09:00,2026-09-11,PBA,Pembina Pipeline Corporation,US,에너지,2026-09-10,48.34,773338,925656.9,0.8086,28112369664,50,60,60,58,57,0,HOLD,0.24,3,False,live,STOCK,64,NEUTRAL,NYSE
2026-09-11T07:56:49.207012+09:00,2026-09-11,JBS,Jbs N.V.,US,소매,2026-09-10,12.62,4444026,5227771.3,0.4189,13514894336,35,60,60,86,58,1,HOLD,0.05,1,False,live,STOCK,48,NEUTRAL,NYSE
2026-09-11T07:56:49.207012+09:00,2026-09-11,ZM,"Zoom Communications, Inc.",US,IT,2026-09-10,95.46,2358692,3311269.6,4.1982,27853672448,40,60,53,73,54,1,HOLD,0.0,0,False,live,STOCK,48,NEUTRAL,NASDAQ
2026-09-11T07:56:49.207012+09:00,2026-09-11,DTE,DTE Energy Company,US,유틸리티,2026-09-10,134.34,1463114,1195160.7,1.9943,27954548736,50,60,58,50,50,0,HOLD,-0.07,-1,False,live,STOCK,41,NEUTRAL,NYSE
2026-09-11T07:56:49.207012+09:00,2026-09-11,AWK,"American Water Works Company, Inc.",US,유틸리티,2026-09-10,139.84,1973318,2114530.9,2.72,27790262272,91,60,63,42,65,1,HOLD,0.95,11,False,live,STOCK,63,NEUTRAL,NYSE
2026-09-11T07:56:49.207012+09:00,2026-09-11,LPLA,LPL Financial Holdings Inc.,US,금융,2026-09-10,347.26,380604,567115.2,10.4514,27344048128,54,60,53,66,57,0,HOLD,0.35,4,False,live,STOCK,51,NEUTRAL,NASDAQ
2026-09-11T07:56:49.207012+09:00,2026-09-11,FTS,Fortis Inc.,US,유틸리티,2026-09-10,54.48,653196,702534.8,0.8364,27833831424,50,60,63,42,55,1,HOLD,0.23,3,False,live,STOCK,73,NEUTRAL,NYSE
2026-09-11T07:56:49.207012+09:00,2026-09-11,TDY,Teledyne Technologies Incorporated,US,IT,2026-09-10,596.5,260443,233227.15,10.894,27651158016,20,60,45,58,43,0,AVOID,-0.49,-6,True,live,STOCK,52,NEUTRAL,NYSE
2026-09-11T07:56:49.207012+09:00,2026-09-11,LVS,Las Vegas Sands Corp.,US,소비재,2026-09-10,42.6,5727059,4818912.95,1.2186,27592069120,18,60,55,76,52,1,HOLD,-0.42,-5,False,live,STOCK,62,NEUTRAL,NYSE
2026-09-11T07:56:49.207012+09:00,2026-09-11,INSM,Insmed Incorporated,US,제약/바이오,2026-09-10,127.28,2593895,1862629.75,4.4714,27795597312,59,65,50,19,42,0,AVOID,0.18,2,True,live,STOCK,45,NEUTRAL,NASDAQ
2026-09-11T07:56:49.207012+09:00,2026-09-11,RYAAY,Ryanair Holdings plc,US,산업재,2026-09-10,53.0,1772705,1225835.25,1.2364,27469058048,31,60,55,47,38,0,AVOID,-0.58,-7,True,live,STOCK,20,NEUTRAL,NASDAQ
2026-09-11T07:56:49.207012+09:00,2026-09-11,ATO,Atmos Energy Corporation,US,유틸리티,2026-09-10,164.81,898437,923481.85,2.4977,27851003904,50,60,65,42,45,0,HOLD,-0.07,-1,False,live,STOCK,24,NEUTRAL,NYSE
2026-09-11T07:56:49.207012+09:00,2026-09-11,DTW,DTE Energy Company 5.25 % Debentures 201,US,유틸리티,2026-09-10,18.84,27753,30452.65,0.3593,,28,60,58,80,52,1,HOLD,-0.3,-4,False,live,STOCK,40,NEUTRAL,NYSE
2026-09-11T07:56:49.207012+09:00,2026-09-11,MDLN,Medline Inc.,US,제약/바이오,2026-09-10,32.39,7175253,6551652.65,1.3041,43578580992,31,65,55,50,46,0,HOLD,-0.37,-4,False,live,STOCK,52,NEUTRAL,NASDAQ
2026-09-11T07:56:49.207012+09:00,2026-09-11,ON,ON Semiconductor Corporation,US,반도체,2026-09-10,70.17,7782226,7371281.3,2.3936,27318487040,40,65,68,66,50,0,HOLD,-0.28,-3,False,live,STOCK,23,NEUTRAL,NASDAQ
2026-09-11T07:56:49.207012+09:00,2026-09-11,VICI,VICI Properties Inc.,US,리츠,2026-09-10,24.73,10319085,9201684.25,0.4034,27229646848,20,60,63,80,54,1,HOLD,-0.28,-3,False,live,STOCK,55,NEUTRAL,NYSE
2026-09-11T07:56:49.207012+09:00,2026-09-11,ATI,ATI Inc.,US,산업재,2026-09-10,199.0,1324878,1842423.9,7.1764,27097907200,43,60,45,42,44,0,AVOID,-0.2,-2,True,live,STOCK,48,NEUTRAL,NYSE
2026-09-11T07:56:49.207012+09:00,2026-09-11,DG,Dollar General Corporation,US,소매,2026-09-10,122.99,2109070,2578418.5,4.2696,27133657088,47,60,55,68,58,0,HOLD,0.26,3,False,live,STOCK,61,NEUTRAL,NYSE
2026-09-11T07:56:49.207012+09:00,2026-09-11,FE,FirstEnergy Corp.,US,유틸리티,2026-09-10,46.25,4309443,3995992.15,0.74,26762096640,50,60,55,50,48,0,HOLD,-0.07,-1,False,live,STOCK,33,NEUTRAL,NYSE
2026-09-11T07:56:49.207012+09:00,2026-09-11,CPAY,"Corpay, Inc.",US,IT,2026-09-10,408.47,452123,422666.15,8.5607,26819977216,47,60,50,74,58,1,HOLD,0.31,4,False,live,STOCK,60,NEUTRAL,NYSE
2026-09-11T07:56:49.207012+09:00,2026-09-11,QSR,Restaurant Brands International Inc.,US,소비재,2026-09-10,76.49,3358821,2585571.05,1.5643,35040907264,43,60,63,50,53,0,HOLD,0.17,2,False,live,STOCK,61,NEUTRAL,NYSE
2026-09-11T07:56:49.207012+09:00,2026-09-11,ZS,"Zscaler, Inc.",US,IT,2026-09-10,163.48,2867563,3014518.15,9.5761,26656182272,54,60,40,42,49,0,HOLD,0.2,2,False,live,STOCK,61,NEUTRAL,NASDAQ
2026-09-11T07:56:49.207012+09:00,2026-09-11,SYM,Symbotic Inc.,US,산업재,2026-09-10,41.1,1170831,1534841.55,1.5444,24880492544,50,60,45,38,47,0,HOLD,-0.09,-1,False,live,STOCK,59,NEUTRAL,NASDAQ
2026-09-11T07:56:49.207012+09:00,2026-09-11,CPNG,"Coupang, Inc.",US,소비재,2026-09-10,14.67,15140304,15556325.2,0.4584,26369497088,20,60,55,26,30,0,AVOID,-0.83,-10,True,live,STOCK,24,NEUTRAL,NYSE
2026-09-11T07:56:49.207012+09:00,2026-09-11,WSM,"Williams-Sonoma, Inc.",US,소비재,2026-09-10,223.74,961030,1164606.5,8.2211,26351912960,43,60,63,42,45,0,HOLD,-0.07,-1,False,live,STOCK,34,NEUTRAL,NYSE
2026-09-11T07:56:49.207012+09:00,2026-09-11,CTSH,Cognizant Technology Solutions Corporati,US,IT,2026-09-10,58.32,3865205,5900770.25,1.9679,26269906944,47,60,50,84,64,2,WATCH,0.43,5,False,live,STOCK,72,NEUTRAL,NASDAQ
2026-09-11T07:56:49.207012+09:00,2026-09-11,VRSN,"VeriSign, Inc.",US,IT,2026-09-10,288.85,579007,664300.35,7.4439,26112040960,65,60,50,50,58,0,HOLD,0.39,5,False,live,STOCK,69,NEUTRAL,NASDAQ
2026-09-11T07:56:49.207012+09:00,2026-09-11,FISV,"Fiserv, Inc.",US,IT,2026-09-10,48.93,5526064,6447038.2,1.6043,26019346432,43,60,67,88,64,1,HOLD,0.14,2,False,live,STOCK,54,NEUTRAL,NASDAQ
2026-09-11T07:56:49.207012+09:00,2026-09-11,WRB,W. R. Berkley Corporation,US,금융,2026-09-10,70.05,3596137,1901481.85,1.2482,26004488192,72,60,60,63,67,2,WATCH,0.69,8,False,live,STOCK,74,NEUTRAL,NYSE
2026-09-11T07:56:49.207012+09:00,2026-09-11,RPRX,Royalty Pharma plc,US,제약/바이오,2026-09-10,58.75,3324524,2936916.2,1.5729,33947832320,50,65,45,50,56,1,HOLD,0.27,3,False,live,STOCK,84,NEUTRAL,NASDAQ
2026-09-11T07:56:49.207012+09:00,2026-09-11,CINF,Cincinnati Financial Corporation,US,금융,2026-09-10,169.59,369386,427069.3,2.6857,26028341248,50,60,63,78,63,1,HOLD,0.32,4,False,live,STOCK,59,NEUTRAL,NASDAQ
2026-09-11T07:56:49.207012+09:00,2026-09-11,ES,Eversource Energy,US,유틸리티,2026-09-10,68.99,2028343,1878307.15,1.28,25986789376,28,60,63,68,50,0,HOLD,-0.16,-2,False,live,STOCK,41,NEUTRAL,NYSE
2026-09-11T07:56:49.207012+09:00,2026-09-11,MTD,Mettler-Toledo International Inc.,US,제약/바이오,2026-09-10,1280.58,173781,175824.05,31.9476,25658417152,39,65,50,42,44,0,AVOID,-0.03,0,True,live,STOCK,48,NEUTRAL,NYSE
2026-09-11T07:56:49.207012+09:00,2026-09-11,OTIS,Otis Worldwide Corporation,US,산업재,2026-09-10,67.89,3443858,3396542.9,1.1735,25843642368,20,60,60,68,44,0,AVOID,-0.45,-5,True,live,STOCK,26,NEUTRAL,NYSE
2026-09-11T07:56:49.207012+09:00,2026-09-11,Q,"Qnity Electronics, Inc.",US,반도체,2026-09-10,123.32,1643310,1705885.5,4.6163,25799598080,37,65,68,50,48,0,HOLD,-0.27,-3,False,live,STOCK,39,NEUTRAL,NYSE
2026-09-11T07:56:49.207012+09:00,2026-09-11,CNP,"CenterPoint Energy, Inc.",US,유틸리티,2026-09-10,39.12,8690447,5542977.35,0.7371,25769136128,50,60,68,42,48,0,HOLD,-0.06,-1,False,live,STOCK,33,NEUTRAL,NYSE
2026-09-11T07:56:49.207012+09:00,2026-09-11,PPL,PPL Corporation,US,유틸리티,2026-09-10,34.21,8078553,7727897.65,0.5514,25744558080,28,60,63,50,41,0,AVOID,-0.38,-5,True,live,STOCK,27,NEUTRAL,NYSE
2026-09-11T07:56:49.207012+09:00,2026-09-11,RF,Regions Financial Corporation,US,금융,2026-09-10,29.95,5970077,7050593.85,0.5278,25515290624,28,60,63,60,49,0,HOLD,-0.09,-1,False,live,STOCK,48,NEUTRAL,NYSE
2026-09-11T07:56:49.207012+09:00,2026-09-11,DGX,Quest Diagnostics Incorporated,US,제약/바이오,2026-09-10,231.14,1080010,866015.5,4.8975,25511698432,47,65,50,58,48,0,HOLD,0.06,1,False,live,STOCK,34,NEUTRAL,NYSE
2026-09-11T07:56:49.207012+09:00,2026-09-11,FOX,Fox Corporation,US,인터넷,2026-09-10,58.06,1395413,1048840.65,1.6686,24410599424,46,65,61,68,59,0,HOLD,0.13,2,False,live,STOCK,61,NEUTRAL,NASDAQ
2026-09-11T07:56:49.207012+09:00,2026-09-11,TPL,Texas Pacific Land Corporation,US,에너지,2026-09-10,366.1,305893,342774.65,13.1846,25251631104,50,60,70,29,46,1,HOLD,0.08,1,False,live,STOCK,43,NEUTRAL,NYSE
2026-09-11T07:56:49.207012+09:00,2026-09-11,DOV,Dover Corporation,US,산업재,2026-09-10,187.37,1161999,1128454.95,3.9784,25235032064,28,60,55,58,42,0,AVOID,-0.58,-7,True,live,STOCK,26,NEUTRAL,NYSE
2026-09-11T07:56:49.207012+09:00,2026-09-11,GFS,GLOBALFOUNDRIES Inc.,US,반도체,2026-09-10,45.96,3027557,3714622.85,1.5183,25218291712,40,65,45,66,46,0,HOLD,-0.52,-6,False,live,STOCK,24,NEUTRAL,NASDAQ
2026-09-11T07:56:49.207012+09:00,2026-09-11,LH,Labcorp Holdings Inc.,US,제약/바이오,2026-09-10,306.96,1257808,653065.4,7.4485,24894455808,39,65,48,58,50,0,HOLD,0.09,1,False,live,STOCK,55,NEUTRAL,NYSE
2026-09-11T07:56:49.207012+09:00,2026-09-11,JBHT,"J.B. Hunt Transport Services, Inc.",US,산업재,2026-09-10,267.83,629038,802871.9,8.1511,25153236992,50,60,60,58,54,0,HOLD,0.03,0,False,live,STOCK,49,NEUTRAL,NASDAQ
2026-09-11T07:56:49.207012+09:00,2026-09-11,TCOM,Trip.com Group Limited,US,소비재,2026-09-10,38.7,4726279,2766708.95,1.0011,24369592320,10,60,55,70,43,1,AVOID,-0.69,-8,True,live,STOCK,42,NEUTRAL,NASDAQ
2026-09-11T07:56:49.207012+09:00,2026-09-11,NVT,nVent Electric plc,US,산업재,2026-09-10,155.17,2081221,2501591.05,6.1379,25115496448,65,60,55,58,62,0,HOLD,0.34,4,False,live,STOCK,68,NEUTRAL,NYSE
2026-09-11T07:56:49.207012+09:00,2026-09-11,INCY,Incyte Corporation,US,제약/바이오,2026-09-10,123.28,1456362,1233438.1,3.3293,24988577792,47,65,48,55,56,1,HOLD,0.33,4,False,live,STOCK,77,NEUTRAL,NASDAQ
2026-09-11T07:56:49.207012+09:00,2026-09-11,XYL,Xylem Inc.,US,산업재,2026-09-10,106.55,3390678,2171673.9,2.5626,24878020608,28,60,63,58,44,0,AVOID,-0.34,-4,True,live,STOCK,26,NEUTRAL,NYSE
2026-09-11T07:56:49.207012+09:00,2026-09-11,STRD,Strategy Inc,US,IT,2026-09-10,75.13,48734,98486.7,1.4564,,52,60,58,60,62,1,HOLD,0.52,6,False,live,STOCK,85,NEUTRAL,NASDAQ
2026-09-11T07:56:49.207012+09:00,2026-09-11,EXPD,"Expeditors International of Washington, ",US,산업재,2026-09-10,189.32,920987,750004.35,3.2596,24609826816,69,60,50,42,56,0,HOLD,0.52,6,False,live,STOCK,64,NEUTRAL,NYSE
2026-09-11T07:56:49.207012+09:00,2026-09-11,FCNCA,"First Citizens BancShares, Inc.",US,금융,2026-09-10,2165.4299,75714,57960.7,46.5838,24454459392,43,60,60,70,56,1,HOLD,0.09,1,False,live,STOCK,48,NEUTRAL,NASDAQ
2026-09-11T07:56:49.207012+09:00,2026-09-11,PFG,"Principal Financial Group, Inc.",US,금융,2026-09-10,114.96,1453775,1154733.75,2.6386,24613470208,91,60,58,68,70,1,HOLD,0.82,10,False,live,STOCK,54,NEUTRAL,NASDAQ
2026-09-11T07:56:49.207012+09:00,2026-09-11,SYF,Synchrony Financial,US,금융,2026-09-10,75.44,2732911,3253330.55,1.9911,24545978368,46,60,50,78,57,1,HOLD,0.09,1,False,live,STOCK,48,NEUTRAL,NYSE
2026-09-11T07:56:49.207012+09:00,2026-09-11,CIB,Grupo Cibest S.A.,US,금융,2026-09-10,103.12,374201,343550.05,3.3695,24353386496,70,60,58,88,73,3,BUY,0.85,10,False,live,STOCK,72,NEUTRAL,NYSE
2026-09-11T07:56:49.207012+09:00,2026-09-11,ASTS,"AST SpaceMobile, Inc.",US,인터넷,2026-09-10,59.91,8296637,9558386.85,4.1171,23315023872,40,65,75,42,44,1,AVOID,-0.29,-3,True,live,STOCK,23,NEUTRAL,NASDAQ
2026-09-11T07:56:49.207012+09:00,2026-09-11,WST,"West Pharmaceutical Services, Inc.",US,제약/바이오,2026-09-10,344.25,643923,461401.15,7.0961,24226854912,25,65,73,42,45,1,HOLD,-0.07,-1,False,live,STOCK,52,NEUTRAL,NYSE
2026-09-11T07:56:49.207012+09:00,2026-09-11,BNTX,BioNTech SE,US,제약/바이오,2026-09-10,96.4,760375,1732513.75,4.2929,24216100864,36,65,48,58,53,1,HOLD,0.08,1,False,live,STOCK,74,NEUTRAL,NASDAQ
2026-09-11T07:56:49.207012+09:00,2026-09-11,SMCI,"Super Micro Computer, Inc.",US,IT,2026-09-10,37.38,26247165,43961598.25,2.0914,24557367296,47,60,50,78,60,1,HOLD,0.33,4,False,live,STOCK,61,NEUTRAL,NASDAQ
2026-09-11T07:56:49.207012+09:00,2026-09-11,CRCL,Circle Internet Group,US,금융,2026-09-10,90.32,8236021,15045521.05,7.2541,24620699648,62,60,50,45,58,1,HOLD,0.48,6,False,live,STOCK,80,NEUTRAL,NYSE
2026-09-11T07:56:49.207012+09:00,2026-09-11,PHG,Koninklijke Philips N.V.,US,제약/바이오,2026-09-10,24.6,817233,692156.65,0.4179,24044716032,20,65,58,74,44,1,AVOID,-0.54,-6,True,live,STOCK,20,NEUTRAL,NYSE
2026-09-11T07:56:49.207012+09:00,2026-09-11,BG,Bunge Global S.A.,US,소매,2026-09-10,124.59,1791983,1528659.15,5.0443,23936120832,84,60,63,50,62,1,HOLD,0.59,7,False,live,STOCK,46,NEUTRAL,NYSE
2026-09-11T07:56:49.207012+09:00,2026-09-11,FWONK,Liberty Media Corporation,US,인터넷,2026-09-10,95.44,2315929,1688956.45,2.2418,23927617536,39,65,58,38,43,0,AVOID,-0.09,-1,True,live,STOCK,42,NEUTRAL,NASDAQ
2026-09-11T07:56:49.207012+09:00,2026-09-11,HUBB,Hubbell Incorporated,US,산업재,2026-09-10,452.41,569880,458785.55,11.2549,23901984768,25,60,58,58,41,0,AVOID,-0.47,-6,True,live,STOCK,23,NEUTRAL,NYSE
2026-09-11T07:56:49.207012+09:00,2026-09-11,DRI,"Darden Restaurants, Inc.",US,소비재,2026-09-10,207.53,1012613,940375.65,5.0807,23563321344,43,60,50,42,46,0,HOLD,-0.11,-1,False,live,STOCK,54,NEUTRAL,NYSE
2026-09-11T07:56:49.207012+09:00,2026-09-11,NRG,"NRG Energy, Inc.",US,유틸리티,2026-09-10,111.65,3509489,2566439.45,4.0668,23470000128,50,60,58,66,50,0,HOLD,-0.2,-2,False,live,STOCK,20,NEUTRAL,NYSE
2026-09-11T07:56:49.207012+09:00,2026-09-11,TSEM,Tower Semiconductor Ltd.,US,반도체,2026-09-10,208.07,1126606,1297180.3,10.6486,23518410752,40,65,40,38,42,0,AVOID,-0.47,-6,True,live,STOCK,52,NEUTRAL,NASDAQ
2026-09-11T07:56:49.207012+09:00,2026-09-11,KEY,KeyCorp,US,금융,2026-09-10,21.73,16833656,10257007.8,0.3791,23188703232,50,60,63,60,51,0,HOLD,-0.02,0,False,live,STOCK,26,NEUTRAL,NYSE
2026-09-11T07:56:49.207012+09:00,2026-09-11,TPR,"Tapestry, Inc.",US,소비재,2026-09-10,115.87,3041960,3970358.0,3.5344,23103514624,10,60,45,60,42,0,AVOID,-0.72,-9,True,live,STOCK,58,NEUTRAL,NYSE
2026-09-11T07:56:49.207012+09:00,2026-09-11,PPG,"PPG Industries, Inc.",US,소재,2026-09-10,105.05,2284186,1350304.3,2.6514,23352614912,28,60,60,60,49,0,HOLD,-0.3,-4,False,live,STOCK,52,NEUTRAL,NYSE
2026-09-11T07:56:49.207012+09:00,2026-09-11,KOF,"Coca-Cola FEMSA, S.A.B. de C.V.",US,소매,2026-09-10,110.62,114632,126846.6,2.3975,,43,60,58,55,50,0,HOLD,0.03,0,False,live,STOCK,45,NEUTRAL,NYSE
2026-09-11T07:56:49.207012+09:00,2026-09-11,CASY,"Casey's General Stores, Inc.",US,소비재,2026-09-10,627.64,1118278,513108.9,34.4196,23197679616,10,60,53,45,32,0,AVOID,-0.91,-11,True,live,STOCK,27,NEUTRAL,NASDAQ
2026-09-11T07:56:49.207012+09:00,2026-09-11,TROW,"T. Rowe Price Group, Inc.",US,금융,2026-09-10,107.55,1083354,1237092.7,2.0326,22942121984,20,60,70,78,52,2,HOLD,-0.15,-2,False,live,STOCK,44,NEUTRAL,NASDAQ
2026-09-11T07:56:49.207012+09:00,2026-09-11,ULTA,"Ulta Beauty, Inc.",US,소비재,2026-09-10,535.63,620382,729689.1,18.8496,22902183936,62,60,63,42,58,0,HOLD,0.58,7,False,live,STOCK,69,NEUTRAL,NASDAQ
2026-09-11T07:56:49.207012+09:00,2026-09-11,SN,"SharkNinja, Inc.",US,소비재,2026-09-10,162.58,2090251,1519727.55,6.2017,23008385024,47,60,55,50,51,0,HOLD,0.25,3,False,live,STOCK,55,NEUTRAL,NYSE
2026-09-11T07:56:49.207012+09:00,2026-09-11,VRSK,"Verisk Analytics, Inc.",US,IT,2026-09-10,175.86,897203,1098505.15,6.0375,22889236480,28,60,48,58,46,0,HOLD,-0.33,-4,False,live,STOCK,52,NEUTRAL,NASDAQ
2026-09-11T07:56:49.207012+09:00,2026-09-11,ROKU,"Roku, Inc.",US,인터넷,2026-09-10,154.12,2591568,2280818.4,2.1338,22888458240,54,65,60,43,54,0,HOLD,0.45,5,False,live,STOCK,66,NEUTRAL,NASDAQ
2026-09-11T07:56:49.207012+09:00,2026-09-11,DLTR,"Dollar Tree, Inc.",US,소매,2026-09-10,118.66,2513706,2466395.3,5.4025,22264213504,43,60,43,60,50,0,HOLD,-0.06,-1,False,live,STOCK,54,NEUTRAL,NASDAQ
2026-09-11T07:56:49.207012+09:00,2026-09-11,VLTO,Veralto Corporation,US,산업재,2026-09-10,93.45,1099462,1480273.1,1.7223,22782486528,39,60,60,50,50,0,HOLD,0.16,2,False,live,STOCK,54,NEUTRAL,NYSE
2026-09-11T07:56:49.207012+09:00,2026-09-11,AFRM,"Affirm Holdings, Inc.",US,금융,2026-09-10,67.99,3718436,5575466.8,3.9377,22941270016,28,60,60,68,48,0,HOLD,-0.21,-3,False,live,STOCK,35,NEUTRAL,NASDAQ
2026-09-11T07:56:49.207012+09:00,2026-09-11,STRK,Strategy Inc,US,IT,2026-09-10,76.01,32477,88228.85,2.1003,,74,60,48,60,65,2,WATCH,0.74,9,False,live,STOCK,78,NEUTRAL,NASDAQ
2026-09-11T07:56:49.207012+09:00,2026-09-11,IHG,InterContinental Hotels Group PLC,US,소비재,2026-09-10,152.77,198854,201952.7,3.2336,22415835136,28,60,60,58,44,0,AVOID,-0.41,-5,True,live,STOCK,29,NEUTRAL,NYSE
2026-09-11T07:56:49.207012+09:00,2026-09-11,FFIV,"F5, Inc.",US,IT,2026-09-10,398.48,489136,456461.8,12.5011,22564800512,72,60,40,58,60,1,HOLD,0.35,4,False,live,STOCK,65,NEUTRAL,NASDAQ
2026-09-11T07:56:49.207012+09:00,2026-09-11,PHM,"PulteGroup, Inc.",US,소비재,2026-09-10,116.41,2181236,1288021.8,3.0229,22174517248,20,60,55,70,49,1,HOLD,-0.34,-4,False,live,STOCK,55,NEUTRAL,NYSE
2026-09-11T07:56:49.207012+09:00,2026-09-11,L,Loews Corporation,US,금융,2026-09-10,109.08,611766,695678.3,1.565,22298974208,28,60,60,68,47,0,HOLD,-0.24,-3,False,live,STOCK,32,NEUTRAL,NYSE
2026-09-11T07:56:49.207012+09:00,2026-09-11,EXE,Expand Energy Corporation,US,에너지,2026-09-10,96.87,2199478,2374318.9,2.2774,22425772032,55,60,63,86,67,1,HOLD,0.56,7,False,live,STOCK,60,NEUTRAL,NASDAQ
2026-09-11T07:56:49.207012+09:00,2026-09-11,AMRZ,Amrize Ltd,US,소재,2026-09-10,40.44,5900053,4177052.65,1.2011,22117670912,10,60,75,66,43,1,AVOID,-0.61,-7,True,live,STOCK,26,NEUTRAL,NYSE
2026-09-11T07:56:49.207012+09:00,2026-09-11,TCPA,TransCanada PipeLines Limited 6,US,에너지,2026-09-10,22.04,26109,35340.45,0.3309,,50,60,55,50,49,0,HOLD,-0.09,-1,False,live,STOCK,40,NEUTRAL,NYSE
2026-09-11T07:56:49.207012+09:00,2026-09-11,CRS,Carpenter Technology Corporation,US,소재,2026-09-10,448.25,331166,742858.3,15.3058,22214627328,18,60,58,42,38,0,AVOID,-0.64,-8,True,live,STOCK,43,NEUTRAL,NYSE
2026-09-11T07:56:49.207012+09:00,2026-09-11,FSLR,"First Solar, Inc.",US,에너지,2026-09-10,207.17,2188430,1929436.5,8.1293,22264516608,40,60,50,84,58,1,HOLD,-0.21,-3,False,live,STOCK,52,NEUTRAL,NASDAQ
2026-09-11T07:56:49.207012+09:00,2026-09-11,CHD,"Church & Dwight Co., Inc.",US,소매,2026-09-10,93.94,2017528,1743401.4,1.9614,22282936320,43,60,50,58,46,0,HOLD,-0.28,-3,False,live,STOCK,26,NEUTRAL,NYSE
2026-09-11T07:56:49.207012+09:00,2026-09-11,BRO,"Brown & Brown, Inc.",US,금융,2026-09-10,66.33,1704795,1663249.75,1.7989,22194706432,47,60,63,66,50,0,HOLD,0.06,1,False,live,STOCK,16,NEUTRAL,NYSE
2026-09-11T07:56:49.207012+09:00,2026-09-11,IOT,Samsara Inc.,US,IT,2026-09-10,38.44,6168426,7133536.3,2.4363,22510661632,47,60,50,35,46,0,HOLD,0.15,2,False,live,STOCK,57,NEUTRAL,NYSE
2026-09-11T07:56:49.207012+09:00,2026-09-11,AER,AerCap Holdings N.V.,US,산업재,2026-09-10,140.43,719080,1038769.0,2.655,22073356288,28,60,53,70,45,1,HOLD,-0.35,-4,False,live,STOCK,26,NEUTRAL,NYSE
2026-09-11T07:56:49.207012+09:00,2026-09-11,SW,Smurfit Westrock plc,US,소비재,2026-09-10,42.21,2675396,4253169.8,1.4729,22140110848,35,60,63,66,46,0,HOLD,-0.28,-3,False,live,STOCK,13,NEUTRAL,NYSE
2026-09-11T07:56:49.207012+09:00,2026-09-11,SOFI,"SoFi Technologies, Inc.",US,금융,2026-09-10,17.21,30682617,41804845.85,0.8071,22227922944,46,60,40,66,46,0,HOLD,-0.25,-3,False,live,STOCK,23,NEUTRAL,NASDAQ
2026-09-11T07:56:49.207012+09:00,2026-09-11,MKL,Markel Corporation,US,금융,2026-09-10,1781.71,58462,60888.1,26.6027,22075312128,53,60,55,62,51,0,HOLD,-0.07,-1,False,live,STOCK,26,NEUTRAL,NYSE
2026-09-11T07:56:49.207012+09:00,2026-09-11,GPN,Global Payments Inc.,US,금융,2026-09-10,88.55,1657583,2550844.15,2.6679,23431958528,51,60,55,66,58,0,HOLD,0.4,5,False,live,STOCK,61,NEUTRAL,NYSE
2026-09-11T07:56:49.207012+09:00,2026-09-11,YPF,YPF Sociedad Anónima,US,에너지,2026-09-10,56.06,3070525,1167536.25,1.8086,21979729920,74,60,67,74,74,3,BUY,0.82,10,False,live,STOCK,83,NEUTRAL,NYSE
2026-09-11T07:56:49.207012+09:00,2026-09-11,FCNCN,"First Citizens BancShares, Inc. Deposita",US,금융,2026-09-10,24.38,22651,17717.55,0.2814,,31,60,55,50,43,0,AVOID,-0.29,-3,True,live,STOCK,40,NEUTRAL,NASDAQ
2026-09-11T07:56:49.207012+09:00,2026-09-11,EIX,Edison International,US,유틸리티,2026-09-10,56.75,5175643,6654867.15,4.2246,21838192640,10,60,60,70,46,1,HOLD,-0.57,-7,False,live,STOCK,52,NEUTRAL,NYSE
2026-09-11T07:56:49.207012+09:00,2026-09-11,TW,Tradeweb Markets Inc.,US,금융,2026-09-10,102.47,1548907,1196485.35,2.427,22136416256,43,60,55,50,52,0,HOLD,0.12,1,False,live,STOCK,66,NEUTRAL,NASDAQ
2026-09-11T07:56:49.207012+09:00,2026-09-11,FWONA,Formula One Group,US,인터넷,2026-09-10,86.99,166837,135906.85,2.1654,21809129472,35,65,61,38,37,0,AVOID,-0.32,-4,True,live,STOCK,16,NEUTRAL,NASDAQ
2026-09-11T07:56:49.207012+09:00,2026-09-11,OMC,Omnicom Group Inc.,US,인터넷,2026-09-10,79.45,2336809,2326455.45,2.3993,21796784128,47,65,45,46,47,0,HOLD,-0.03,0,False,live,STOCK,52,NEUTRAL,NYSE
2026-09-11T07:56:49.207012+09:00,2026-09-11,BCE,BCE Inc.,US,인터넷,2026-09-10,23.25,3425697,2661354.85,0.3529,21681225728,43,65,63,86,62,1,HOLD,0.12,1,False,live,STOCK,52,NEUTRAL,NYSE
2026-09-11T07:56:49.207012+09:00,2026-09-11,RGLD,"Royal Gold, Inc.",US,소재,2026-09-10,253.98,472026,646141.3,7.52,21519179776,51,60,50,50,56,1,HOLD,0.41,5,False,live,STOCK,78,NEUTRAL,NASDAQ
2026-09-11T07:56:49.207012+09:00,2026-09-11,IFF,International Flavors & Fragrances Inc.,US,소재,2026-09-10,84.05,1835786,1383064.3,1.6988,21445355520,47,60,63,42,44,0,AVOID,0.02,0,True,live,STOCK,26,NEUTRAL,NYSE
2026-09-11T07:56:49.207012+09:00,2026-09-11,DOW,Dow Inc.,US,소재,2026-09-10,29.64,7351278,8223428.9,1.0112,21410179072,32,60,60,55,44,0,AVOID,-0.41,-5,True,live,STOCK,31,NEUTRAL,NYSE
2026-09-11T07:56:49.207012+09:00,2026-09-11,UTHR,United Therapeutics Corporation,US,제약/바이오,2026-09-10,503.86,439152,495342.6,14.815,21610903552,28,65,50,50,44,0,AVOID,-0.37,-4,True,live,STOCK,55,NEUTRAL,NASDAQ
2026-09-11T07:56:49.207012+09:00,2026-09-11,XPO,"XPO Logistics, Inc.",US,산업재,2026-09-10,182.34,752960,911663.0,6.9304,21349545984,18,60,58,42,34,0,AVOID,-0.78,-9,True,live,STOCK,23,NEUTRAL,NYSE
2026-09-11T07:56:49.207012+09:00,2026-09-11,PAAS,Pan American Silver Corp.,US,소재,2026-09-10,50.65,3170080,5370539.0,2.0704,21000400896,47,60,55,71,61,2,WATCH,0.36,4,False,live,STOCK,72,NEUTRAL,NYSE
2026-09-11T07:56:49.207012+09:00,2026-09-11,GH,"Guardant Health, Inc.",US,제약/바이오,2026-09-10,159.03,1055583,2043674.15,7.9866,21341216768,51,65,58,58,57,0,HOLD,0.42,5,False,live,STOCK,63,NEUTRAL,NASDAQ
2026-09-11T07:56:49.207012+09:00,2026-09-11,CMS,CMS Energy Corporation,US,유틸리티,2026-09-10,67.68,2823911,3122345.55,0.9893,21222901760,47,60,65,42,45,0,HOLD,-0.17,-2,False,live,STOCK,26,NEUTRAL,NYSE
2026-09-11T07:56:49.207012+09:00,2026-09-11,THC,Tenet Healthcare Corporation,US,제약/바이오,2026-09-10,263.46,626302,747975.1,8.7933,21213534208,51,65,50,78,61,1,HOLD,0.39,5,False,live,STOCK,61,NEUTRAL,NYSE
2026-09-11T07:56:49.207012+09:00,2026-09-11,USFD,US Foods Holding Corp.,US,소매,2026-09-10,96.06,2651338,1794576.9,2.7125,20780728320,39,60,63,66,52,0,HOLD,0.05,1,False,live,STOCK,42,NEUTRAL,NYSE
2026-09-11T07:56:49.207012+09:00,2026-09-11,STZ,"Constellation Brands, Inc.",US,소매,2026-09-10,123.81,2471839,2028891.95,3.1579,21147285504,20,60,60,78,52,1,HOLD,-0.35,-4,False,live,STOCK,55,NEUTRAL,NYSE
2026-09-11T07:56:49.207012+09:00,2026-09-11,BCH,Banco de Chile,US,금융,2026-09-10,41.86,245587,282694.35,0.9143,21142876160,69,60,55,70,69,2,WATCH,0.68,8,False,live,STOCK,81,NEUTRAL,NYSE
2026-09-11T07:56:49.207012+09:00,2026-09-11,CDE,"Coeur Mining, Inc.",US,소재,2026-09-10,20.34,22342037,35390106.85,1.0086,20908197888,51,60,40,63,55,0,HOLD,0.27,3,False,live,STOCK,66,NEUTRAL,NYSE
2026-09-11T07:56:49.207012+09:00,2026-09-11,ENTG,"Entegris, Inc.",US,반도체,2026-09-10,137.4,2232161,2008028.05,6.0178,20994719744,43,65,58,43,47,0,HOLD,-0.13,-2,False,live,STOCK,46,NEUTRAL,NASDAQ
2026-09-11T07:56:49.207012+09:00,2026-09-11,CMSA,CMS Energy Corporation 5.6% JRSUB NT 78,US,유틸리티,2026-09-10,19.34,22470,19753.5,0.2575,,20,60,60,70,47,1,HOLD,-0.41,-5,False,live,STOCK,40,NEUTRAL,NYSE
2026-09-11T07:56:49.207012+09:00,2026-09-11,MTSI,"MACOM Technology Solutions Holdings, Inc",US,반도체,2026-09-10,272.43,1530142,1224207.1,11.7686,20805732352,40,65,50,35,41,0,AVOID,-0.43,-5,True,live,STOCK,44,NEUTRAL,NASDAQ
2026-09-11T07:56:49.207012+09:00,2026-09-11,SQM,Sociedad Química y Minera de Chile S.A.,US,소재,2026-09-10,72.49,1438199,972994.95,2.9317,20705886208,46,60,50,84,63,1,HOLD,0.09,1,False,live,STOCK,69,NEUTRAL,NYSE
2026-09-11T07:56:49.207012+09:00,2026-09-11,STE,STERIS plc,US,제약/바이오,2026-09-10,212.45,664035,587331.75,5.1389,20713897984,35,65,63,58,44,0,AVOID,-0.22,-3,True,live,STOCK,19,NEUTRAL,NYSE
2026-09-11T07:56:49.207012+09:00,2026-09-11,CW,Curtiss-Wright Corporation,US,산업재,2026-09-10,559.74,314791,406199.55,17.2239,20673685504,7,60,63,50,34,0,AVOID,-0.88,-11,True,live,STOCK,20,NEUTRAL,NYSE
2026-09-11T07:56:49.207012+09:00,2026-09-11,RL,Ralph Lauren Corporation,US,소비재,2026-09-10,336.67,968320,635231.0,10.0282,20059553792,20,60,55,58,38,0,AVOID,-0.74,-9,True,live,STOCK,20,NEUTRAL,NYSE
2026-09-11T07:56:49.207012+09:00,2026-09-11,SNX,TD Synnex Corp,US,IT,2026-09-10,255.54,409033,540906.65,6.7004,,80,60,63,66,64,1,HOLD,0.41,5,False,live,STOCK,36,NEUTRAL,NYSE
2026-09-11T07:56:49.207012+09:00,2026-09-11,RS,Reliance Steel & Aluminum Co.,US,소재,2026-09-10,392.4,191219,337725.95,10.6289,20033808384,50,60,50,58,53,0,HOLD,0.0,0,False,live,STOCK,54,NEUTRAL,NYSE
2026-09-11T07:56:49.207012+09:00,2026-09-11,SOJD,Southern Company (The) Series 2,US,유틸리티,2026-09-10,17.81,111360,93388.0,0.235,,28,60,58,50,43,0,AVOID,-0.39,-5,True,live,STOCK,40,NEUTRAL,NYSE
2026-09-11T07:56:49.207012+09:00,2026-09-11,WES,"Western Midstream Partners, LP",US,에너지,2026-09-10,48.19,1162410,768325.5,0.9404,19910883328,47,60,68,60,58,0,HOLD,0.41,5,False,live,STOCK,60,NEUTRAL,NYSE
2026-09-11T07:56:49.207012+09:00,2026-09-11,FIS,"Fidelity National Information Services, ",US,IT,2026-09-10,38.52,5692016,5490945.8,1.2149,19864991744,28,60,65,86,52,1,HOLD,-0.19,-2,False,live,STOCK,26,NEUTRAL,NYSE
2026-09-11T07:56:49.207012+09:00,2026-09-11,AMCR,Amcor plc,US,소비재,2026-09-10,43.0,3174321,3482136.05,0.9256,19880865792,39,60,71,66,51,1,HOLD,0.08,1,False,live,STOCK,26,NEUTRAL,NYSE
2026-09-11T07:56:49.207012+09:00,2026-09-11,NI,NiSource Inc,US,유틸리티,2026-09-10,41.42,5295870,5170713.5,0.7078,19863377920,65,60,55,42,51,0,HOLD,0.03,0,False,live,STOCK,41,NEUTRAL,NYSE
2026-09-11T07:56:49.207012+09:00,2026-09-11,PR,Permian Resources Corporation,US,에너지,2026-09-10,23.7,8711856,9253537.8,0.6021,19850102784,66,60,55,68,65,0,HOLD,0.67,8,False,live,STOCK,69,NEUTRAL,NYSE
2026-09-11T07:56:49.207012+09:00,2026-09-11,ATHS,Athene Holding Ltd. 7.250% Fixe,US,금융,2026-09-10,24.75,60866,33608.3,0.2438,,65,60,58,50,54,0,HOLD,0.24,3,False,live,STOCK,40,NEUTRAL,NYSE
2026-09-11T07:56:49.207012+09:00,2026-09-11,WWD,"Woodward, Inc.",US,산업재,2026-09-10,332.76,556297,524044.85,8.0136,19648088064,50,60,60,50,47,0,HOLD,-0.27,-3,False,live,STOCK,24,NEUTRAL,NASDAQ
2026-09-11T07:56:49.207012+09:00,2026-09-11,GMAB,Genmab A/S,US,제약/바이오,2026-09-10,32.23,1015759,2473727.95,0.8082,19818307584,54,65,60,53,59,1,HOLD,0.54,6,False,live,STOCK,74,NEUTRAL,NASDAQ
2026-09-11T07:56:49.207012+09:00,2026-09-11,EFX,Equifax Inc.,US,산업재,2026-09-10,168.04,1182613,1140620.65,6.8908,19742160896,39,60,50,58,50,0,HOLD,-0.02,0,False,live,STOCK,55,NEUTRAL,NYSE
2026-09-11T07:56:49.207012+09:00,2026-09-11,RCI,Rogers Communications Inc.,US,인터넷,2026-09-10,36.09,740279,959423.95,0.7946,19496730624,43,65,55,86,61,1,HOLD,0.06,1,False,live,STOCK,58,NEUTRAL,NYSE
2026-09-11T07:56:49.207012+09:00,2026-09-11,RIVN,"Rivian Automotive, Inc.",US,소비재,2026-09-10,16.05,17991541,21025142.05,0.6586,23238162432,65,60,60,50,60,0,HOLD,0.48,6,False,live,STOCK,67,NEUTRAL,NASDAQ
2026-09-11T07:56:49.207012+09:00,2026-09-11,BR,"Broadridge Financial Solutions, Inc.",US,IT,2026-09-10,168.24,888059,1162222.95,4.51,19183028224,47,60,60,68,62,1,HOLD,0.5,6,False,live,STOCK,75,NEUTRAL,NYSE
2026-09-11T07:56:49.207012+09:00,2026-09-11,SNA,Snap-on Incorporated,US,산업재,2026-09-10,374.83,221393,254789.65,6.4187,19388876800,20,60,45,58,38,0,AVOID,-0.64,-8,True,live,STOCK,26,NEUTRAL,NYSE
2026-09-11T07:56:49.207012+09:00,2026-09-11,LEN,Lennar Corporation,US,소비재,2026-09-10,77.9,4912251,2705557.55,2.2264,18765731840,18,60,60,73,44,1,AVOID,-0.63,-8,True,live,STOCK,26,NEUTRAL,NYSE
2026-09-11T07:56:49.207012+09:00,2026-09-11,SBAC,SBA Communications Corporation,US,리츠,2026-09-10,181.42,1426944,800442.2,4.9475,19246505984,46,60,63,45,45,0,HOLD,-0.24,-3,False,live,STOCK,26,NEUTRAL,NASDAQ
2026-09-11T07:56:49.207012+09:00,2026-09-11,AQNB,Algonquin Power & Utilities Corp.,US,유틸리티,2026-09-10,26.21,13638,22691.9,0.2242,,65,60,55,50,54,0,HOLD,0.23,3,False,live,STOCK,40,NEUTRAL,NYSE
2026-09-11T07:56:49.207012+09:00,2026-09-11,GIS,"General Mills, Inc.",US,소매,2026-09-10,35.96,9662667,8569688.35,1.2607,19225274368,47,60,63,73,60,1,HOLD,0.32,4,False,live,STOCK,55,NEUTRAL,NYSE
2026-09-11T07:56:49.207012+09:00,2026-09-11,DINO,HF Sinclair Corporation,US,에너지,2026-09-10,107.72,2099696,2331874.8,3.9279,19150876672,80,60,63,78,78,3,BUY,1.13,14,False,live,STOCK,90,NEUTRAL,NYSE
2026-09-11T07:56:49.207012+09:00,2026-09-11,VIV,Telefônica Brasil S.A.,US,인터넷,2026-09-10,11.92,904335,1560866.75,0.2539,19045814272,59,65,55,84,61,1,HOLD,0.09,1,False,live,STOCK,36,NEUTRAL,NYSE
2026-09-11T07:56:49.207012+09:00,2026-09-11,VTRS,Viatris Inc.,US,제약/바이오,2026-09-10,16.38,9008443,7644262.15,0.4357,18813917184,35,65,55,78,53,1,HOLD,-0.11,-1,False,live,STOCK,40,NEUTRAL,NASDAQ
2026-09-11T07:56:49.207012+09:00,2026-09-11,SOJC,The Southern Company JR 2017B NT 77,US,유틸리티,2026-09-10,19.01,63892,35719.6,0.1924,,28,60,58,60,46,0,HOLD,-0.36,-4,False,live,STOCK,40,NEUTRAL,NYSE
2026-09-11T07:56:49.207012+09:00,2026-09-11,CHTR,"Charter Communications, Inc.",US,인터넷,2026-09-10,140.56,3499087,2910579.35,7.7021,18944323584,46,65,63,96,66,1,HOLD,0.29,3,False,live,STOCK,55,NEUTRAL,NASDAQ
2026-09-11T07:56:49.207012+09:00,2026-09-11,LUV,Southwest Airlines Co.,US,산업재,2026-09-10,38.69,4581987,4324494.35,1.0386,18927464448,50,60,63,58,51,0,HOLD,-0.15,-2,False,live,STOCK,29,NEUTRAL,NYSE
2026-09-11T07:56:49.207012+09:00,2026-09-11,EVRG,"Evergy, Inc.",US,유틸리티,2026-09-10,81.36,2966189,2029939.45,1.34,18758944768,50,60,60,42,49,0,HOLD,0.04,0,False,live,STOCK,47,NEUTRAL,NASDAQ
2026-09-11T07:56:49.207012+09:00,2026-09-11,MTZ,"MasTec, Inc.",US,산업재,2026-09-10,232.2,964304,1506200.2,11.1814,18646808576,29,60,66,58,43,0,AVOID,-0.51,-6,True,live,STOCK,20,NEUTRAL,NYSE
2026-09-11T07:56:49.207012+09:00,2026-09-11,PKX,POSCO Holdings Inc.,US,소재,2026-09-10,61.6,202723,211816.15,1.5029,18632957952,80,60,55,58,62,1,HOLD,0.5,6,False,live,STOCK,48,NEUTRAL,NYSE
2026-09-11T07:56:49.207012+09:00,2026-09-11,TSN,"Tyson Foods, Inc.",US,소매,2026-09-10,52.46,3584641,3346407.05,1.3903,18455506944,20,60,68,66,49,0,HOLD,-0.26,-3,False,live,STOCK,47,NEUTRAL,NYSE
2026-09-11T07:56:49.207012+09:00,2026-09-11,BBY,"Best Buy Co., Inc.",US,소비재,2026-09-10,88.09,2706831,4167906.55,3.7364,18474911744,84,60,50,68,71,2,WATCH,0.93,11,False,live,STOCK,77,NEUTRAL,NYSE
2026-09-11T07:56:49.207012+09:00,2026-09-11,FDXF,"FedEx Freight Holding Company, Inc.",US,산업재,2026-09-10,124.02,1006184,1313969.2,5.0096,18543237120,10,60,78,42,38,1,AVOID,-0.61,-7,True,live,STOCK,33,NEUTRAL,NYSE
2026-09-11T07:56:49.207012+09:00,2026-09-11,TOST,"Toast, Inc.",US,IT,2026-09-10,31.94,5853217,8315970.85,1.1681,18461321216,43,60,50,50,50,0,HOLD,0.18,2,False,live,STOCK,61,NEUTRAL,NYSE
2026-09-11T07:56:49.207012+09:00,2026-09-11,SSNC,"SS&C Technologies Holdings, Inc.",US,IT,2026-09-10,78.92,1280219,1497840.95,1.6474,18518972416,47,60,60,74,60,1,HOLD,0.42,5,False,live,STOCK,61,NEUTRAL,NASDAQ
2026-09-11T07:56:49.207012+09:00,2026-09-11,GPC,Genuine Parts Company,US,소비재,2026-09-10,134.16,943222,1034331.1,2.8921,18495266816,51,60,66,43,56,1,HOLD,0.53,6,False,live,STOCK,75,NEUTRAL,NYSE
2026-09-11T07:56:49.207012+09:00,2026-09-11,FTAI,FTAI Aviation Ltd.,US,산업재,2026-09-10,180.09,1990862,1217898.1,8.8889,18496518144,18,60,65,42,38,0,AVOID,-0.64,-8,True,live,STOCK,33,NEUTRAL,NASDAQ
2026-09-11T07:56:49.207012+09:00,2026-09-11,KSPI,Joint Stock Company Kaspi.kz,US,IT,2026-09-10,97.15,1582344,663157.2,3.5011,18461149184,51,60,45,80,61,1,HOLD,0.36,4,False,live,STOCK,64,NEUTRAL,NASDAQ
2026-09-11T07:56:49.207012+09:00,2026-09-11,BEKE,KE Holdings Inc.,US,리츠,2026-09-10,16.69,3964835,4708231.75,0.6357,18398593024,46,60,55,74,58,1,HOLD,0.13,2,False,live,STOCK,54,NEUTRAL,NYSE
2026-09-11T07:56:49.207012+09:00,2026-09-11,U,Unity Software Inc.,US,IT,2026-09-10,42.07,9158467,9596258.35,1.5866,18514540544,40,60,53,50,53,1,HOLD,0.29,3,False,live,STOCK,78,NEUTRAL,NYSE
2026-09-11T07:56:49.207012+09:00,2026-09-11,RBRK,"Rubrik, Inc.",US,IT,2026-09-10,88.91,2897225,3676476.25,6.2698,18300217344,54,60,60,35,46,0,HOLD,0.22,3,False,live,STOCK,37,NEUTRAL,NYSE
2026-09-11T07:56:49.207012+09:00,2026-09-11,CDW,CDW Corporation,US,IT,2026-09-10,142.6,1129055,1681892.75,6.806,17827485696,54,60,60,68,60,0,HOLD,0.41,5,False,live,STOCK,55,NEUTRAL,NASDAQ
2026-09-11T07:56:49.207012+09:00,2026-09-11,SBS,Companhia de Saneamento Básico do Estado,US,유틸리티,2026-09-10,5.32,7743177,12224443.85,0.1675,18708875264,54,60,55,70,57,1,HOLD,0.09,1,False,live,STOCK,42,NEUTRAL,NYSE
2026-09-11T07:56:49.207012+09:00,2026-09-11,IP,International Paper Company,US,소재,2026-09-10,34.29,5451961,3945673.05,1.3314,18158952448,20,60,55,78,50,1,HOLD,-0.29,-3,False,live,STOCK,48,NEUTRAL,NYSE
2026-09-11T07:56:49.207012+09:00,2026-09-11,PAA,"Plains All American Pipeline, L.P.",US,에너지,2026-09-10,25.715,2946266,2510788.3,0.4578,18143641600,91,60,58,66,74,2,WATCH,1.1,13,False,live,STOCK,77,NEUTRAL,NASDAQ
2026-09-11T07:56:49.207012+09:00,2026-09-11,WF,Woori Financial Group Inc.,US,금융,2026-09-10,74.56,72658,76727.9,1.8711,18094114816,85,60,60,88,72,2,WATCH,0.84,10,False,live,STOCK,38,NEUTRAL,NYSE
2026-09-11T07:56:49.207012+09:00,2026-09-11,TPG,TPG Inc.,US,금융,2026-09-10,46.93,3072615,2839820.75,1.6604,18329325568,47,60,63,43,54,1,HOLD,0.36,4,False,live,STOCK,70,NEUTRAL,NASDAQ
2026-09-11T07:56:49.207012+09:00,2026-09-11,CHRW,"C.H. Robinson Worldwide, Inc.",US,산업재,2026-09-10,152.42,1651937,1295846.85,3.8582,17810468864,59,60,55,50,51,0,HOLD,-0.12,-1,False,live,STOCK,36,NEUTRAL,NASDAQ
2026-09-11T07:56:49.207012+09:00,2026-09-11,NWS,News Corporation,US,인터넷,2026-09-10,32.78,781862,1124063.1,0.7359,17587716096,50,65,48,61,59,1,HOLD,0.35,4,False,live,STOCK,80,NEUTRAL,NASDAQ
2026-09-11T07:56:49.207012+09:00,2026-09-11,GEN,Gen Digital Inc.,US,IT,2026-09-10,29.965,5559042,5434702.1,0.8879,17936660480,73,60,53,76,73,3,BUY,0.92,11,False,live,STOCK,90,NEUTRAL,NASDAQ
2026-09-11T07:56:49.207012+09:00,2026-09-11,ZBH,"Zimmer Biomet Holdings, Inc.",US,제약/바이오,2026-09-10,92.44,1364731,1582346.55,2.7721,17631793152,47,65,63,74,62,1,HOLD,0.35,4,False,live,STOCK,63,NEUTRAL,NYSE
2026-09-11T07:56:49.207012+09:00,2026-09-11,MGA,Magna International Inc.,US,소비재,2026-09-10,65.14,1065346,1151167.3,2.1679,17426241536,40,60,55,74,58,1,HOLD,0.08,1,False,live,STOCK,63,NEUTRAL,NYSE
2026-09-11T07:56:49.207012+09:00,2026-09-11,EWBC,"East West Bancorp, Inc.",US,금융,2026-09-10,129.37,603666,663803.3,2.2525,17725222912,28,60,50,55,39,0,AVOID,-0.51,-6,True,live,STOCK,19,NEUTRAL,NASDAQ
2026-09-11T07:56:49.207012+09:00,2026-09-11,OVV,Ovintiv Inc.,US,에너지,2026-09-10,64.0,4042300,3314325.0,1.7793,17702400000,44,60,55,76,61,1,HOLD,0.38,5,False,live,STOCK,69,NEUTRAL,NYSE
2026-09-11T07:56:49.207012+09:00,2026-09-11,MKSI,MKS Inc.,US,IT,2026-09-10,261.84,961318,1284675.9,10.3251,17704982528,37,60,60,50,46,0,HOLD,-0.34,-4,False,live,STOCK,41,NEUTRAL,NASDAQ
2026-09-11T07:56:49.207012+09:00,2026-09-11,NTNX,"Nutanix, Inc.",US,IT,2026-09-10,65.42,1613365,2782098.25,2.4811,17684367360,54,60,60,52,55,0,HOLD,0.4,5,False,live,STOCK,54,NEUTRAL,NASDAQ
2026-09-11T07:56:49.207012+09:00,2026-09-11,TSCO,Tractor Supply Company,US,소비재,2026-09-10,33.52,8608478,8780048.9,0.9817,17465266176,47,60,75,60,58,1,HOLD,0.39,5,False,live,STOCK,54,NEUTRAL,NASDAQ
2026-09-11T07:56:49.207012+09:00,2026-09-11,ITT,ITT Inc.,US,산업재,2026-09-10,196.23,638982,613364.1,5.4656,,47,60,63,58,56,0,HOLD,0.26,3,False,live,STOCK,58,NEUTRAL,NYSE
2026-09-11T07:56:49.207012+09:00,2026-09-11,BEN,"Franklin Resources, Inc.",US,금융,2026-09-10,33.66,2531287,3069924.35,0.7386,17101868032,47,60,53,58,52,0,HOLD,0.1,1,False,live,STOCK,48,NEUTRAL,NYSE
2026-09-11T07:56:49.207012+09:00,2026-09-11,ESS,"Essex Property Trust, Inc.",US,리츠,2026-09-10,271.37,509920,494721.0,4.795,18706317312,20,60,55,45,43,0,AVOID,-0.34,-4,True,live,STOCK,61,NEUTRAL,NYSE
2026-09-11T07:56:49.207012+09:00,2026-09-11,LNT,Alliant Energy Corporation,US,유틸리티,2026-09-10,67.25,1808492,2021784.6,1.1314,17436897280,50,60,60,42,44,0,AVOID,-0.22,-3,True,live,STOCK,20,NEUTRAL,NASDAQ
2026-09-11T07:56:49.207012+09:00,2026-09-11,DD,"DuPont de Nemours, Inc.",US,소재,2026-09-10,127.32,1077267,1185428.35,2.8983,17193670656,20,60,37,58,36,0,AVOID,-0.82,-10,True,live,STOCK,26,NEUTRAL,NYSE
2026-09-11T07:56:49.207012+09:00,2026-09-11,NDSN,Nordson Corporation,US,산업재,2026-09-10,307.45,297445,431227.25,6.4307,17124771840,39,60,60,58,54,0,HOLD,0.18,2,False,live,STOCK,64,NEUTRAL,NASDAQ
2026-09-11T07:56:49.207012+09:00,2026-09-11,FLUT,Flutter Entertainment plc,US,소비재,2026-09-10,98.68,2083552,2424802.6,4.0629,17124838400,50,60,70,60,53,1,HOLD,-0.03,0,False,live,STOCK,32,NEUTRAL,NYSE
2026-09-11T07:56:49.207012+09:00,2026-09-11,CLH,"Clean Harbors, Inc.",US,산업재,2026-09-10,320.94,379102,420465.1,6.2061,16941539328,62,60,55,58,62,1,HOLD,0.6,7,False,live,STOCK,77,NEUTRAL,NYSE
2026-09-11T07:56:49.207012+09:00,2026-09-11,BIP,Brookfield Infrastructure Partners L.P.,US,유틸리티,2026-09-10,36.42,889452,679377.6,0.8049,28838262784,20,60,55,37,38,0,AVOID,-0.45,-5,True,live,STOCK,52,NEUTRAL,NYSE
2026-09-11T07:56:49.207012+09:00,2026-09-11,WCC,"WESCO International, Inc.",US,산업재,2026-09-10,344.0,700368,498863.4,11.2518,16764102656,65,60,50,58,58,0,HOLD,0.27,3,False,live,STOCK,55,NEUTRAL,NYSE
2026-09-11T07:56:49.207012+09:00,2026-09-11,CNH,CNH Industrial N.V.,US,산업재,2026-09-10,13.5,19273801,25146600.05,0.6261,21710143488,85,60,55,58,71,2,WATCH,1.02,12,False,live,STOCK,86,NEUTRAL,NYSE
2026-09-11T07:56:49.207012+09:00,2026-09-11,ROL,"Rollins, Inc.",US,산업재,2026-09-10,34.56,5216653,4386687.65,0.8425,16628385792,40,60,55,42,39,0,AVOID,-0.55,-7,True,live,STOCK,17,NEUTRAL,NYSE
2026-09-11T07:56:49.207012+09:00,2026-09-11,BSAC,Banco Santander-Chile,US,금융,2026-09-10,35.27,212166,290133.3,0.8304,16616238080,69,60,55,60,63,0,HOLD,0.58,7,False,live,STOCK,66,NEUTRAL,NYSE
2026-09-11T07:56:49.207012+09:00,2026-09-11,J,Jacobs Solutions Inc.,US,산업재,2026-09-10,140.53,570814,836320.7,2.9885,16447435776,47,60,60,58,56,0,HOLD,0.32,4,False,live,STOCK,61,NEUTRAL,NYSE
2026-09-11T07:56:49.207012+09:00,2026-09-11,NLY,"Annaly Capital Management, Inc.",US,리츠,2026-09-10,22.0,12747367,6133258.35,0.3221,16581718016,35,60,63,65,46,0,HOLD,-0.19,-2,False,live,STOCK,19,NEUTRAL,NYSE
2026-09-11T07:56:49.207012+09:00,2026-09-11,WIT,Wipro Limited,US,IT,2026-09-10,1.67,15761335,8412536.75,0.0575,16521359360,10,60,50,68,37,0,AVOID,-0.91,-11,True,live,STOCK,20,NEUTRAL,NYSE
2026-09-11T07:56:49.207012+09:00,2026-09-11,ZTO,ZTO Express (Cayman) Inc.,US,산업재,2026-09-10,20.85,2648393,1898789.65,0.3449,15774958592,25,60,55,78,48,1,HOLD,-0.44,-5,False,live,STOCK,30,NEUTRAL,NYSE
2026-09-11T07:56:49.207012+09:00,2026-09-11,DUKB,Duke Energy Corporation 5.625%,US,유틸리티,2026-09-10,21.21,54440,42702.0,0.2771,,20,60,58,50,41,0,AVOID,-0.53,-6,True,live,STOCK,40,NEUTRAL,NYSE
2026-09-11T07:56:49.207012+09:00,2026-09-11,NWSA,News Corporation,US,인터넷,2026-09-10,29.38,3287537,3592356.85,0.625,15763487744,47,65,58,66,60,1,HOLD,0.43,5,False,live,STOCK,75,NEUTRAL,NASDAQ
2026-09-11T07:56:49.207012+09:00,2026-09-11,FTV,Fortive Corporation,US,IT,2026-09-10,54.51,1466334,2166371.7,1.1242,16462949376,20,60,63,74,50,1,HOLD,-0.34,-4,False,live,STOCK,46,NEUTRAL,NYSE
2026-09-11T07:56:49.207012+09:00,2026-09-11,NVR,"NVR, Inc.",US,소비재,2026-09-10,6088.2798,49652,33842.6,137.5337,16305344512,28,60,65,63,46,0,HOLD,-0.35,-4,False,live,STOCK,26,NEUTRAL,NYSE
2026-09-11T07:56:49.207012+09:00,2026-09-11,ZBRA,Zebra Technologies Corporation,US,IT,2026-09-10,344.01,496098,569939.9,10.4825,16275340288,51,60,55,66,56,0,HOLD,0.31,4,False,live,STOCK,48,NEUTRAL,NASDAQ
2026-09-11T07:56:49.207012+09:00,2026-09-11,INVH,Invitation Homes Inc.,US,리츠,2026-09-10,27.56,7636742,3763457.1,0.4482,16277575680,20,60,60,53,38,0,AVOID,-0.59,-7,True,live,STOCK,20,NEUTRAL,NYSE
2026-09-11T07:56:49.207012+09:00,2026-09-11,JHX,James Hardie Industries plc,US,소재,2026-09-10,28.19,8707283,6482089.15,0.8779,16364929024,47,60,48,51,49,0,HOLD,0.13,2,False,live,STOCK,48,NEUTRAL,NYSE
2026-09-11T07:56:49.207012+09:00,2026-09-11,IEX,IDEX Corporation,US,산업재,2026-09-10,221.46,721037,544216.85,4.6568,16326008832,43,60,66,58,54,0,HOLD,0.16,2,False,live,STOCK,54,NEUTRAL,NYSE
2026-09-11T07:56:49.207012+09:00,2026-09-11,OWL,Blue Owl Capital Inc.,US,금융,2026-09-10,10.43,20080255,18845577.75,0.4111,16345442304,47,60,56,59,54,0,HOLD,0.21,3,False,live,STOCK,54,NEUTRAL,NYSE
2026-09-11T07:56:49.207012+09:00,2026-09-11,LDOS,"Leidos Holdings, Inc.",US,IT,2026-09-10,129.55,1110404,1168065.2,3.845,16257515520,39,60,50,68,53,0,HOLD,0.02,0,False,live,STOCK,54,NEUTRAL,NYSE
2026-09-11T07:56:49.207012+09:00,2026-09-11,MEDP,"Medpace Holdings, Inc.",US,제약/바이오,2026-09-10,583.16,189164,194323.2,14.5806,16276960256,48,65,45,42,44,0,AVOID,0.01,0,True,live,STOCK,39,NEUTRAL,NASDAQ
2026-09-11T07:56:49.207012+09:00,2026-09-11,ASND,Ascendis Pharma A/S,US,제약/바이오,2026-09-10,261.23,504930,553371.5,7.9246,17134816256,80,65,70,42,60,2,WATCH,0.79,9,False,live,STOCK,48,NEUTRAL,NASDAQ
2026-09-11T07:56:49.207012+09:00,2026-09-11,RGA,"Reinsurance Group of America, Incorporat",US,금융,2026-09-10,247.45,282723,317451.15,4.2175,16158896128,73,60,63,86,72,2,WATCH,0.86,10,False,live,STOCK,61,NEUTRAL,NYSE
2026-09-11T07:56:49.207012+09:00,2026-09-11,TIGO,Millicom International Cellular S.A.,US,인터넷,2026-09-10,96.47,933386,980464.3,2.7543,16178983936,76,65,60,74,69,2,WATCH,0.7,8,False,live,STOCK,60,NEUTRAL,NASDAQ
2026-09-11T07:56:49.207012+09:00,2026-09-11,APG,APi Group Corporation,US,산업재,2026-09-10,37.38,4067248,3114277.4,1.3591,16154151936,35,60,45,50,47,0,HOLD,-0.34,-4,False,live,STOCK,62,NEUTRAL,NYSE
2026-09-11T07:56:49.207012+09:00,2026-09-11,VNOM,"Viper Energy, Inc.",US,에너지,2026-09-10,44.84,1613176,1313278.8,0.8689,23495475200,80,60,55,50,60,1,HOLD,0.52,6,False,live,STOCK,48,NEUTRAL,NASDAQ
2026-09-11T07:56:49.207012+09:00,2026-09-11,CCZ,Comcast Holdings Corp.,US,인터넷,2026-09-09,64.67,0,35.0,0.1271,,17,65,55,50,39,0,AVOID,-0.45,-5,True,live,STOCK,40,NEUTRAL,NYSE
2026-09-11T07:56:49.207012+09:00,2026-09-11,BALL,Ball Corporation,US,소비재,2026-09-10,59.74,1497636,1641726.8,1.1111,15813379072,32,60,55,68,44,0,AVOID,-0.28,-3,True,live,STOCK,17,NEUTRAL,NYSE
2026-09-11T07:56:49.207012+09:00,2026-09-11,SITM,SiTime Corporation,US,반도체,2026-09-10,602.27,590168,349743.4,33.6441,18041311232,55,65,55,30,44,0,AVOID,-0.25,-3,True,live,STOCK,36,NEUTRAL,NASDAQ
2026-09-11T07:56:49.207012+09:00,2026-09-11,WY,Weyerhaeuser Company,US,리츠,2026-09-10,21.99,5389405,4784315.25,0.4617,15848984576,20,60,60,50,38,0,AVOID,-0.6,-7,True,live,STOCK,26,NEUTRAL,NYSE
2026-09-11T07:56:49.207012+09:00,2026-09-11,AS,"Amer Sports, Inc.",US,소비재,2026-09-10,27.41,5336273,8387068.65,1.0154,15947741184,10,60,50,66,39,0,AVOID,-0.85,-10,True,live,STOCK,29,NEUTRAL,NYSE
2026-09-11T07:56:49.207012+09:00,2026-09-11,WPC,W. P. Carey Inc.,US,리츠,2026-09-10,69.55,1244210,1075660.5,0.9654,15843994624,20,60,60,58,41,0,AVOID,-0.52,-6,True,live,STOCK,30,NEUTRAL,NYSE
2026-09-11T07:56:49.207012+09:00,2026-09-11,FUTU,Futu Holdings Limited,US,금융,2026-09-10,113.51,875500,1428955.0,5.071,15913477120,47,60,60,70,63,2,WATCH,0.54,6,False,live,STOCK,80,NEUTRAL,NASDAQ
2026-09-11T07:56:49.207012+09:00,2026-09-11,NBIX,"Neurocrine Biosciences, Inc.",US,제약/바이오,2026-09-10,156.57,895189,1092689.45,4.2018,15915213824,72,65,63,66,63,1,HOLD,0.43,5,False,live,STOCK,47,NEUTRAL,NASDAQ
2026-09-11T07:56:49.207012+09:00,2026-09-11,JLL,Jones Lang LaSalle Incorporated,US,리츠,2026-09-10,342.16,273532,306761.6,11.4414,15741996032,39,60,53,84,57,1,HOLD,0.18,2,False,live,STOCK,48,NEUTRAL,NYSE
2026-09-11T07:56:49.207012+09:00,2026-09-11,APA,APA Corporation,US,에너지,2026-09-10,44.53,6543316,5030880.8,1.4793,15601153024,66,60,60,78,70,2,WATCH,0.8,10,False,live,STOCK,75,NEUTRAL,NASDAQ
2026-09-11T07:56:49.207012+09:00,2026-09-11,KIM,Kimco Realty Corporation,US,리츠,2026-09-10,23.29,5384677,4424758.85,0.3339,15622684672,50,60,63,53,49,0,HOLD,-0.13,-2,False,live,STOCK,27,NEUTRAL,NYSE
2026-09-11T07:56:49.207012+09:00,2026-09-11,LSCC,Lattice Semiconductor Corporation,US,반도체,2026-09-10,114.14,905200,1264985.0,4.1693,16211335168,40,65,55,43,40,0,AVOID,-0.5,-6,True,live,STOCK,23,NEUTRAL,NASDAQ
2026-09-11T07:56:49.207012+09:00,2026-09-11,AKAM,"Akamai Technologies, Inc.",US,IT,2026-09-10,107.13,2914163,2926863.15,4.2586,15396360192,40,60,60,58,49,0,HOLD,-0.31,-4,False,live,STOCK,36,NEUTRAL,NASDAQ
2026-09-11T07:56:49.207012+09:00,2026-09-11,IREN,IREN Limited,US,IT,2026-09-10,43.64,35448002,45457940.1,3.1533,17196720128,63,60,73,45,52,1,HOLD,0.04,0,False,live,STOCK,26,NEUTRAL,NASDAQ
2026-09-11T07:56:49.207012+09:00,2026-09-11,RZC,"Reinsurance Group of America, Incorporat",US,금융,2026-09-10,25.55,245405,47475.25,0.1234,,43,60,55,50,47,0,HOLD,-0.09,-1,False,live,STOCK,40,NEUTRAL,NYSE
2026-09-11T07:56:49.207012+09:00,2026-09-11,CG,The Carlyle Group Inc.,US,금융,2026-09-10,43.07,2756922,3280686.1,1.3564,15347253248,35,60,55,58,50,0,HOLD,-0.13,-2,False,live,STOCK,55,NEUTRAL,NASDAQ
2026-09-11T07:56:49.207012+09:00,2026-09-11,CX,"CEMEX, S.A.B. de C.V.",US,소재,2026-09-10,10.66,9200366,5453228.3,0.2668,15381872640,40,60,63,74,52,1,HOLD,-0.29,-3,False,live,STOCK,26,NEUTRAL,NYSE
2026-09-11T07:56:49.207012+09:00,2026-09-11,DOCN,"DigitalOcean Holdings, Inc.",US,IT,2026-09-10,131.05,2219607,2317185.35,7.516,15408800768,62,60,53,26,47,0,HOLD,-0.07,-1,False,live,STOCK,52,NEUTRAL,NYSE
2026-09-11T07:56:49.207012+09:00,2026-09-11,H,Hyatt Hotels Corporation,US,소비재,2026-09-10,161.39,871054,683557.7,4.4307,15208866816,10,60,53,43,32,0,AVOID,-0.92,-11,True,live,STOCK,26,NEUTRAL,NYSE
2026-09-11T07:56:49.207012+09:00,2026-09-11,STLA,Stellantis N.V.,US,소비재,2026-09-10,5.28,15264078,19932693.9,0.1704,19891470336,40,60,53,80,54,1,HOLD,-0.28,-3,False,live,STOCK,39,NEUTRAL,NYSE
2026-09-11T07:56:49.207012+09:00,2026-09-11,KEP,Korea Electric Power Corporation,US,유틸리티,2026-09-10,11.89,961522,1027566.1,0.3389,15265906688,72,60,58,96,67,2,WATCH,0.33,4,False,live,STOCK,23,NEUTRAL,NYSE
2026-09-11T07:56:49.207012+09:00,2026-09-11,CRBG,"Corebridge Financial, Inc.",US,금융,2026-09-10,34.18,3166318,3180090.9,0.7254,15236371456,85,60,53,58,66,1,HOLD,0.83,10,False,live,STOCK,61,NEUTRAL,NYSE
2026-09-11T07:56:49.207012+09:00,2026-09-11,SOLV,Solventum Corporation,US,제약/바이오,2026-09-10,87.65,708471,971818.55,1.9965,14920110080,50,65,58,70,60,1,HOLD,0.37,4,False,live,STOCK,60,NEUTRAL,NYSE
2026-09-11T07:56:49.207012+09:00,2026-09-11,HST,"Host Hotels & Resorts, Inc.",US,리츠,2026-09-10,22.14,6403849,7763152.45,0.3782,15381243904,25,60,63,63,45,0,HOLD,-0.37,-4,False,live,STOCK,32,NEUTRAL,NASDAQ
2026-09-11T07:56:49.207012+09:00,2026-09-11,EMA,Emera Incorporated,US,유틸리티,2026-09-10,49.48,247048,355572.4,0.7596,15197783040,42,60,55,42,43,0,AVOID,-0.26,-3,True,live,STOCK,33,NEUTRAL,NYSE
2026-09-11T07:56:49.207012+09:00,2026-09-11,RBC,RBC Bearings Incorporated,US,산업재,2026-09-10,478.06,283062,242543.1,12.6786,15135017984,18,60,63,50,37,0,AVOID,-0.72,-9,True,live,STOCK,20,NEUTRAL,NYSE
2026-09-11T07:56:49.207012+09:00,2026-09-11,JAZZ,Jazz Pharmaceuticals plc,US,제약/바이오,2026-09-10,240.48,1029483,998369.15,7.5082,15610656768,31,65,43,84,56,1,HOLD,-0.11,-1,False,live,STOCK,63,NEUTRAL,NASDAQ
2026-09-11T07:56:49.207012+09:00,2026-09-11,RBA,"RB Global, Inc.",US,산업재,2026-09-10,80.54,1972380,1919824.0,2.2004,14916007936,32,60,60,58,44,0,AVOID,-0.51,-6,True,live,STOCK,23,NEUTRAL,NYSE
2026-09-11T07:56:49.207012+09:00,2026-09-11,LAMR,Lamar Advertising Company,US,리츠,2026-09-10,147.7,446434,470656.7,2.2361,14998887424,28,60,65,42,45,0,HOLD,-0.17,-2,False,live,STOCK,55,NEUTRAL,NASDAQ
2026-09-11T07:56:49.207012+09:00,2026-09-11,DT,"Dynatrace, Inc.",US,IT,2026-09-10,51.42,5561990,6859689.5,1.8232,14923568128,73,60,60,43,64,2,WATCH,0.85,10,False,live,STOCK,86,NEUTRAL,NYSE
2026-09-11T07:56:49.207012+09:00,2026-09-11,BURL,"Burlington Stores, Inc.",US,소비재,2026-09-10,238.04,1109271,1671728.55,12.7286,14952528896,10,60,48,58,35,0,AVOID,-0.94,-11,True,live,STOCK,23,NEUTRAL,NYSE
2026-09-11T07:56:49.207012+09:00,2026-09-11,AGI,Alamos Gold Inc.,US,소재,2026-09-10,35.67,2294513,3701975.65,1.4136,14931620864,43,60,55,60,56,0,HOLD,0.17,2,False,live,STOCK,69,NEUTRAL,NYSE
2026-09-11T07:56:49.207012+09:00,2026-09-11,PNFP,"Pinnacle Financial Partners, Inc.",US,금융,2026-09-10,99.14,810515,879490.75,2.2529,14981307392,29,60,55,68,50,0,HOLD,-0.11,-1,False,live,STOCK,48,NEUTRAL,NYSE
2026-09-11T07:56:49.207012+09:00,2026-09-11,UNM,Unum Group,US,금융,2026-09-10,94.31,1456491,1248434.55,2.0586,14929913856,77,60,63,50,64,1,HOLD,0.69,8,False,live,STOCK,69,NEUTRAL,NYSE
2026-09-11T07:56:49.207012+09:00,2026-09-11,ARMK,Aramark,US,산업재,2026-09-10,56.76,2261389,2210654.45,0.9611,14963356672,40,60,55,66,47,0,HOLD,-0.19,-2,False,live,STOCK,19,NEUTRAL,NYSE
2026-09-11T07:56:49.207012+09:00,2026-09-11,STRL,"Sterling Infrastructure, Inc.",US,산업재,2026-09-10,484.86,314001,541915.05,23.4982,14831148032,37,60,55,58,48,0,HOLD,-0.37,-4,False,live,STOCK,40,NEUTRAL,NASDAQ
2026-09-11T07:56:49.207012+09:00,2026-09-11,PTC,PTC Inc.,US,IT,2026-09-10,128.715,1670034,1289166.7,5.0257,13966383104,39,60,63,68,56,0,HOLD,0.19,2,False,live,STOCK,54,NEUTRAL,NASDAQ
2026-09-11T07:56:49.207012+09:00,2026-09-11,COKE,"Coca-Cola Consolidated, Inc.",US,소매,2026-09-10,188.8,372980,412294.0,6.0179,12567339008,43,60,45,53,52,1,HOLD,0.03,0,False,live,STOCK,71,NEUTRAL,NASDAQ
2026-09-11T07:56:49.207012+09:00,2026-09-11,SMTC,Semtech Corporation,US,반도체,2026-09-10,159.13,2128233,3457756.65,10.5243,14850907136,74,65,53,35,60,2,WATCH,0.52,6,False,live,STOCK,84,NEUTRAL,NASDAQ
2026-09-11T07:56:49.207012+09:00,2026-09-11,PFGC,Performance Food Group Co,US,소매,2026-09-10,94.35,2004188,1552824.4,2.0876,14819786752,20,60,43,58,37,0,AVOID,-0.76,-9,True,live,STOCK,26,NEUTRAL,NYSE
2026-09-11T07:56:49.207012+09:00,2026-09-11,TLK,Perusahaan Perseroan (Persero) PT Teleko,US,인터넷,2026-09-10,14.99,505754,530437.7,0.2386,14777282560,80,65,55,63,67,1,HOLD,0.67,8,False,live,STOCK,67,NEUTRAL,NYSE
2026-09-11T07:56:49.207012+09:00,2026-09-11,YUMC,"Yum China Holdings, Inc.",US,소비재,2026-09-10,42.29,1397138,1502626.9,1.102,14378075136,35,60,53,76,54,1,HOLD,-0.13,-2,False,live,STOCK,48,NEUTRAL,NYSE
2026-09-11T07:56:49.207012+09:00,2026-09-11,GIB,CGI Inc.,US,IT,2026-09-10,69.06,488416,362895.8,1.7936,14300626944,43,60,60,78,60,1,HOLD,0.21,3,False,live,STOCK,58,NEUTRAL,NYSE
2026-09-11T07:56:49.207012+09:00,2026-09-11,TRU,TransUnion,US,금융,2026-09-10,76.95,2305124,1973636.2,2.8033,14743619584,39,60,48,66,54,0,HOLD,0.19,2,False,live,STOCK,65,NEUTRAL,NYSE
2026-09-11T07:56:49.207012+09:00,2026-09-11,PS,Pershing Square Inc.,US,금융,2026-09-10,36.8,366734,258781.7,2.8236,14720000000,50,60,65,42,54,0,HOLD,0.4,5,False,live,STOCK,69,NEUTRAL,NYSE
2026-09-11T07:56:49.207012+09:00,2026-09-11,INIO,INNIO N.V. Ordinary Shares,US,산업재,2026-09-10,19.6,3302837,3630986.85,1.3621,14700000256,37,60,70,35,40,1,AVOID,-0.43,-5,True,live,STOCK,20,NEUTRAL,NASDAQ
2026-09-11T07:56:49.207012+09:00,2026-09-11,EG,"Everest Group, Ltd.",US,금융,2026-09-10,371.03,360011,300220.55,7.1001,14226305024,32,60,63,100,59,1,HOLD,0.09,1,False,live,STOCK,32,NEUTRAL,NYSE
2026-09-11T07:56:49.207012+09:00,2026-09-11,LTM,LATAM Airlines Group S.A.,US,산업재,2026-09-10,50.68,868949,837942.45,1.4968,,50,60,53,62,48,0,HOLD,-0.18,-2,False,live,STOCK,17,NEUTRAL,NYSE
2026-09-11T07:56:49.207012+09:00,2026-09-11,ECHO,EchoStar Corporation,US,인터넷,2026-09-10,91.85,2704384,2596494.2,2.6264,26681571328,62,65,48,62,54,0,HOLD,-0.09,-1,False,live,STOCK,38,NEUTRAL,NASDAQ
2026-09-11T07:56:49.207012+09:00,2026-09-11,GFL,GFL Environmental Inc.,US,산업재,2026-09-10,41.63,2053600,2247485.0,1.2001,15023864832,47,60,55,50,51,0,HOLD,0.25,3,False,live,STOCK,55,NEUTRAL,NYSE
2026-09-11T07:56:49.207012+09:00,2026-09-11,WMG,Warner Music Group Corp.,US,인터넷,2026-09-10,27.84,3038133,1750331.65,0.7519,14563376128,80,65,53,58,68,2,WATCH,0.67,8,False,live,STOCK,81,NEUTRAL,NASDAQ
2026-09-11T07:56:49.207012+09:00,2026-09-11,MAA,"Mid-America Apartment Communities, Inc.",US,리츠,2026-09-10,124.48,1244095,824744.75,1.9679,14808612864,20,60,66,53,40,0,AVOID,-0.53,-6,True,live,STOCK,26,NEUTRAL,NYSE
2026-09-11T07:56:49.207012+09:00,2026-09-11,FN,Fabrinet,US,IT,2026-09-10,403.95,624725,1044926.25,17.2771,14475493376,15,60,45,50,34,0,AVOID,-0.91,-11,True,live,STOCK,26,NEUTRAL,NYSE
2026-09-11T07:56:49.207012+09:00,2026-09-11,EXEL,"Exelixis, Inc.",US,제약/바이오,2026-09-10,57.43,1629042,2038452.1,1.4893,14230103040,91,65,63,66,76,2,WATCH,1.1,13,False,live,STOCK,84,NEUTRAL,NASDAQ
2026-09-11T07:56:49.207012+09:00,2026-09-11,UNMA,Unum Group 6.250% JR NT58,US,금융,2026-09-10,21.36,12735,23166.75,0.3223,,80,60,55,80,67,2,WATCH,0.47,6,False,live,STOCK,40,NEUTRAL,NYSE
2026-09-11T07:56:49.207012+09:00,2026-09-11,ALB,Albemarle Corporation,US,소재,2026-09-10,122.11,2003556,2214687.8,6.2014,14409597952,33,60,63,59,51,0,HOLD,-0.24,-3,False,live,STOCK,55,NEUTRAL,NYSE
2026-09-11T07:56:49.207012+09:00,2026-09-11,EQH,"Equitable Holdings, Inc.",US,금융,2026-09-10,52.6,2467480,2257524.0,1.1274,14347480064,85,60,56,62,70,2,WATCH,0.95,11,False,live,STOCK,72,NEUTRAL,NYSE
2026-09-11T07:56:49.207012+09:00,2026-09-11,LOGI,Logitech International S.A.,US,IT,2026-09-10,99.77,754047,720547.35,2.3332,14285899776,72,60,60,58,66,2,WATCH,0.48,6,False,live,STOCK,73,NEUTRAL,NASDAQ
2026-09-11T07:56:49.207012+09:00,2026-09-11,ULS,UL Solutions Inc.,US,산업재,2026-09-10,71.1,475224,495041.2,1.6791,14354960384,32,60,48,42,35,0,AVOID,-0.75,-9,True,live,STOCK,14,NEUTRAL,NYSE
2026-09-11T07:56:49.207012+09:00,2026-09-11,PAG,"Penske Automotive Group, Inc.",US,소비재,2026-09-10,216.61,325874,291768.7,2.6343,14223235072,51,60,61,60,58,0,HOLD,0.43,5,False,live,STOCK,60,NEUTRAL,NYSE
2026-09-11T07:56:49.207012+09:00,2026-09-11,SKM,"SK Telecom Co.,Ltd",US,인터넷,2026-09-10,37.05,877638,1871271.9,1.1284,14223125504,46,65,55,74,60,1,HOLD,0.14,2,False,live,STOCK,63,NEUTRAL,NYSE
2026-09-11T07:56:49.207012+09:00,2026-09-11,TKO,"TKO Group Holdings, Inc.",US,인터넷,2026-09-10,189.64,1041323,1034296.15,5.2686,35893108736,65,65,53,43,55,0,HOLD,0.16,2,False,live,STOCK,62,NEUTRAL,NYSE
2026-09-11T07:56:49.207012+09:00,2026-09-11,BBIO,"BridgeBio Pharma, Inc.",US,제약/바이오,2026-09-10,72.5,3042669,1970258.45,2.2656,14173242368,24,65,48,27,35,0,AVOID,-0.36,-4,True,live,STOCK,51,NEUTRAL,NASDAQ
2026-09-11T07:56:49.207012+09:00,2026-09-11,TU,Telus Corp,US,인터넷,2026-09-10,9.09,6123031,5504951.55,0.2036,14316750848,10,65,50,68,39,0,AVOID,-0.84,-10,True,live,STOCK,30,NEUTRAL,NYSE
2026-09-11T07:56:49.207012+09:00,2026-09-11,SUI,"Sun Communities, Inc.",US,리츠,2026-09-10,114.93,839421,2126031.05,2.2264,14521715712,35,60,63,46,48,0,HOLD,-0.14,-2,False,live,STOCK,57,NEUTRAL,NYSE
2026-09-11T07:56:49.207012+09:00,2026-09-11,IVZ,Invesco Ltd.,US,금융,2026-09-10,31.93,3380108,3460985.4,0.9007,14097087488,47,60,50,86,64,1,HOLD,0.4,5,False,live,STOCK,69,NEUTRAL,NYSE
2026-09-11T07:56:49.207012+09:00,2026-09-11,TLN,Talen Energy Corporation,US,유틸리티,2026-09-10,311.54,486935,830476.75,11.2593,14927209472,50,60,63,70,55,1,HOLD,-0.05,-1,False,live,STOCK,32,NEUTRAL,NASDAQ
2026-09-11T07:56:49.207012+09:00,2026-09-11,ARCC,Ares Capital Corporation,US,금융,2026-09-10,19.68,4301890,3816664.5,0.2271,14130690048,50,60,58,71,58,1,HOLD,0.22,3,False,live,STOCK,48,NEUTRAL,NASDAQ
2026-09-11T07:56:49.207012+09:00,2026-09-11,DOC,"Healthpeak Properties, Inc.",US,리츠,2026-09-10,20.37,3854429,4127111.45,0.3782,14441255936,28,60,55,45,46,0,HOLD,-0.14,-2,False,live,STOCK,67,NEUTRAL,NYSE
2026-09-11T07:56:49.207012+09:00,2026-09-11,OHI,"Omega Healthcare Investors, Inc.",US,리츠,2026-09-10,46.95,2609578,1719733.9,0.8639,14991007744,69,60,63,55,61,0,HOLD,0.52,6,False,live,STOCK,55,NEUTRAL,NYSE
2026-09-11T07:56:49.207012+09:00,2026-09-11,KKRS,KKR Group Finance Co. IX LLC 4.,US,금융,2026-09-10,15.77,22082,26199.1,0.1955,,28,60,58,50,43,0,AVOID,-0.32,-4,True,live,STOCK,40,NEUTRAL,NYSE
2026-09-11T07:56:49.207012+09:00,2026-09-11,AIZN,"Assurant, Inc. 5.25% Subordinat",US,금융,2026-09-10,17.95,16166,11483.3,0.339,,20,60,55,50,40,0,AVOID,-0.49,-6,True,live,STOCK,40,NEUTRAL,NYSE
2026-09-11T07:56:49.207012+09:00,2026-09-11,BWXT,"BWX Technologies, Inc.",US,산업재,2026-09-10,152.49,871935,1090221.75,5.6107,13971436544,40,60,45,50,41,0,AVOID,-0.56,-7,True,live,STOCK,26,NEUTRAL,NYSE
2026-09-11T07:56:49.207012+09:00,2026-09-11,AEFC,Aegon Funding Company LLC,US,금융,2026-09-10,17.92,94630,76411.5,0.2515,,65,60,55,50,54,0,HOLD,0.14,2,False,live,STOCK,40,NEUTRAL,NYSE
2026-09-11T07:56:49.207012+09:00,2026-09-11,AIZ,"Assurant, Inc.",US,금융,2026-09-10,280.97,241703,305155.15,4.4762,13858499584,47,60,63,68,52,0,HOLD,0.1,1,False,live,STOCK,25,NEUTRAL,NYSE
2026-09-11T07:56:49.207012+09:00,2026-09-11,SGI,Somnigroup International Inc,US,소비재,2026-09-10,66.11,4253340,3954692.0,2.4464,13907262464,72,60,68,66,60,1,HOLD,0.25,3,False,live,STOCK,23,NEUTRAL,NYSE
2026-09-11T07:56:49.207012+09:00,2026-09-11,CACI,CACI International Inc,US,IT,2026-09-10,624.01,295533,247581.65,17.97,13790368768,47,60,55,53,53,0,HOLD,0.3,4,False,live,STOCK,61,NEUTRAL,NYSE
2026-09-11T07:56:49.207012+09:00,2026-09-11,BMNR,"Bitmine Immersion Technologies, Inc.",US,금융,2026-09-10,24.2,25966151,44104072.55,1.7968,14598078464,66,60,63,42,62,1,HOLD,0.78,9,False,live,STOCK,86,NEUTRAL,NYSE
2026-09-11T07:56:49.207012+09:00,2026-09-11,REG,Regency Centers Corporation,US,리츠,2026-09-10,75.31,1728321,1115406.05,0.99,14079861760,53,60,63,58,52,0,HOLD,0.01,0,False,live,STOCK,33,NEUTRAL,NASDAQ
2026-09-11T07:56:49.207012+09:00,2026-09-11,IONQ,"IonQ, Inc.",US,IT,2026-09-10,36.84,17628610,18801670.5,2.54,14925197312,36,60,63,50,43,0,AVOID,-0.45,-5,True,live,STOCK,23,NEUTRAL,NYSE
2026-09-11T07:56:49.207012+09:00,2026-09-11,TYL,"Tyler Technologies, Inc.",US,IT,2026-09-10,335.48,771182,987809.1,13.7264,13738669056,47,60,60,50,53,0,HOLD,0.3,4,False,live,STOCK,58,NEUTRAL,NYSE
2026-09-11T07:56:49.207012+09:00,2026-09-11,MKC,"McCormick & Company, Incorporated",US,소매,2026-09-10,51.1,2931790,2478824.5,1.3175,13738313728,35,60,63,78,58,1,HOLD,0.14,2,False,live,STOCK,58,NEUTRAL,NYSE
2026-09-11T07:56:49.207012+09:00,2026-09-11,EMBJ,Embraer S.A.,US,산업재,2026-09-10,74.75,1423105,1183475.25,1.94,13302378496,66,60,55,61,61,0,HOLD,0.59,7,False,live,STOCK,60,NEUTRAL,NYSE
2026-09-11T07:56:49.207012+09:00,2026-09-11,LECO,"Lincoln Electric Holdings, Inc.",US,산업재,2026-09-10,251.06,886567,468333.35,9.2393,13684214784,43,60,53,50,50,0,HOLD,-0.04,0,False,live,STOCK,58,NEUTRAL,NASDAQ
2026-09-11T07:56:49.207012+09:00,2026-09-11,TXT,Textron Inc.,US,산업재,2026-09-10,79.2,1696455,1545427.75,1.7071,13621362688,7,60,63,76,43,1,AVOID,-0.74,-9,True,live,STOCK,26,NEUTRAL,NYSE
2026-09-11T07:56:49.207012+09:00,2026-09-11,AEG,Aegon Ltd.,US,금융,2026-09-10,9.05,2566505,4242375.25,0.1219,13393915904,69,60,50,57,58,0,HOLD,0.46,6,False,live,STOCK,51,NEUTRAL,NYSE
2026-09-11T07:56:49.207012+09:00,2026-09-11,RNR,RenaissanceRe Holdings Ltd.,US,금융,2026-09-10,326.53,281107,244830.35,5.8507,13567939584,62,60,53,73,58,1,HOLD,0.28,3,False,live,STOCK,32,NEUTRAL,NYSE
2026-09-11T07:56:49.207012+09:00,2026-09-11,SMMT,Summit Therapeutics Inc.,US,제약/바이오,2026-09-10,17.0,4220013,6655350.65,1.0422,13561743360,73,65,66,42,62,2,WATCH,0.82,10,False,live,STOCK,72,NEUTRAL,NASDAQ
2026-09-11T07:56:49.207012+09:00,2026-09-11,RVTY,"Revvity, Inc.",US,제약/바이오,2026-09-10,120.94,1343060,1589793.0,3.6889,13495259136,47,65,58,58,59,1,HOLD,0.49,6,False,live,STOCK,81,NEUTRAL,NYSE
2026-09-11T07:56:49.207012+09:00,2026-09-11,SWK,"Stanley Black & Decker, Inc.",US,산업재,2026-09-10,89.23,2369360,1505843.0,2.7757,13475215360,39,60,60,66,53,0,HOLD,0.1,1,False,live,STOCK,48,NEUTRAL,NYSE
2026-09-11T07:56:49.207012+09:00,2026-09-11,BWA,BorgWarner Inc.,US,소비재,2026-09-10,65.69,1575944,1765472.2,1.8568,13378843648,65,60,63,74,59,1,HOLD,0.08,1,False,live,STOCK,23,NEUTRAL,NYSE
2026-09-11T07:56:49.207012+09:00,2026-09-11,HL,Hecla Mining Company,US,소재,2026-09-10,20.02,20350056,33105222.8,1.0099,13448804352,51,60,45,53,55,1,HOLD,0.34,4,False,live,STOCK,74,NEUTRAL,NYSE
2026-09-11T07:56:49.207012+09:00,2026-09-11,ONTO,Onto Innovation Inc.,US,반도체,2026-09-10,268.92,732892,901524.6,14.0951,16437315584,25,65,63,51,41,0,AVOID,-0.5,-6,True,live,STOCK,30,NEUTRAL,NYSE
2026-09-11T07:56:49.207012+09:00,2026-09-11,XELLL,Xcel Energy Inc. 6.25% Junior Subordinat,US,유틸리티,2026-09-10,21.905,120679,73053.95,0.2861,,20,60,55,60,43,0,AVOID,-0.48,-6,True,live,STOCK,40,NEUTRAL,NASDAQ
2026-09-11T07:56:49.207012+09:00,2026-09-11,W,Wayfair Inc.,US,소비재,2026-09-10,97.45,2008694,2193564.7,4.0165,13347537920,48,60,40,45,48,0,HOLD,0.12,1,False,live,STOCK,60,NEUTRAL,NYSE
2026-09-11T07:56:49.207012+09:00,2026-09-11,CSL,Carlisle Companies Incorporated,US,소재,2026-09-10,329.74,428125,612086.25,10.4189,13095337984,43,60,55,66,50,0,HOLD,-0.18,-2,False,live,STOCK,29,NEUTRAL,NYSE
2026-09-11T07:56:49.207012+09:00,2026-09-11,FIVE,"Five Below, Inc.",US,소비재,2026-09-10,241.28,1082392,1232599.6,11.8625,13283437568,47,60,53,58,54,0,HOLD,0.29,3,False,live,STOCK,61,NEUTRAL,NASDAQ
2026-09-11T07:56:49.207012+09:00,2026-09-11,MAS,Masco Corporation,US,소재,2026-09-10,67.64,3016994,1812624.7,1.7181,13337757696,20,60,73,68,46,1,HOLD,-0.41,-5,False,live,STOCK,23,NEUTRAL,NYSE
2026-09-11T07:56:49.207012+09:00,2026-09-11,CHKP,Check Point Software Technologies Ltd.,US,IT,2026-09-10,130.51,1025256,895347.8,4.6321,13325153280,47,60,50,68,56,0,HOLD,0.17,2,False,live,STOCK,60,NEUTRAL,NASDAQ
2026-09-11T07:56:49.207012+09:00,2026-09-11,MLI,"Mueller Industries, Inc.",US,산업재,2026-09-10,60.16,1210499,1192824.95,1.9224,13306272768,46,60,50,55,51,0,HOLD,-0.16,-2,False,live,STOCK,54,NEUTRAL,NYSE
2026-09-11T07:56:49.207012+09:00,2026-09-11,GL,Globe Life Inc.,US,금융,2026-09-10,170.8,310634,436016.7,3.41,13125885952,28,60,50,78,52,1,HOLD,-0.15,-2,False,live,STOCK,52,NEUTRAL,NYSE
2026-09-11T07:56:49.207012+09:00,2026-09-11,TRMB,Trimble Inc.,US,IT,2026-09-10,56.84,1793322,3954796.1,1.5771,13253942272,47,60,63,68,59,0,HOLD,0.4,5,False,live,STOCK,58,NEUTRAL,NASDAQ
2026-09-11T07:56:49.207012+09:00,2026-09-11,DTM,"DT Midstream, Inc.",US,에너지,2026-09-10,129.51,923579,960313.95,3.555,13212000256,50,60,65,50,50,0,HOLD,-0.06,-1,False,live,STOCK,33,NEUTRAL,NYSE
2026-09-11T07:56:49.207012+09:00,2026-09-11,HTHT,H World Group Limited,US,소비재,2026-09-10,43.01,1470004,1783585.2,1.0277,13226598400,32,60,60,74,51,1,HOLD,-0.21,-3,False,live,STOCK,34,NEUTRAL,NASDAQ
2026-09-11T07:56:49.207012+09:00,2026-09-11,CRL,Charles River Laboratories International,US,제약/바이오,2026-09-10,273.0,750744,840722.2,8.055,13149790208,51,65,50,58,56,0,HOLD,0.35,4,False,live,STOCK,66,NEUTRAL,NYSE
2026-09-11T07:56:49.207012+09:00,2026-09-11,VIRT,"Virtu Financial, Inc.",US,금융,2026-09-10,61.57,705681,1507309.05,2.7208,5436673024,47,60,63,70,62,2,WATCH,0.47,6,False,live,STOCK,72,NEUTRAL,NYSE
2026-09-11T07:56:49.207012+09:00,2026-09-11,SJM,The J. M. Smucker Company,US,소매,2026-09-10,121.07,1353125,1372581.25,3.5471,12933083136,43,60,40,58,49,0,HOLD,-0.09,-1,False,live,STOCK,54,NEUTRAL,NYSE
2026-09-11T07:56:49.207012+09:00,2026-09-11,AVY,Avery Dennison Corporation,US,소비재,2026-09-10,168.77,861351,1073012.55,4.4884,12790765568,39,60,55,58,44,0,AVOID,-0.18,-2,True,live,STOCK,22,NEUTRAL,NYSE
2026-09-11T07:56:49.207012+09:00,2026-09-11,SREA,Sempra,US,유틸리티,2026-09-10,19.76,50467,64428.35,0.2031,,20,60,58,50,41,0,AVOID,-0.48,-6,True,live,STOCK,40,NEUTRAL,NYSE
2026-09-11T07:56:49.207012+09:00,2026-09-11,BIPI,BIP Bermuda Holdings I Limited,US,산업재,2026-09-10,16.205,23479,19803.95,0.2054,,35,60,55,50,44,0,AVOID,-0.22,-3,True,live,STOCK,40,NEUTRAL,NYSE
2026-09-11T07:56:49.207012+09:00,2026-09-11,LII,Lennox International Inc.,US,산업재,2026-09-10,372.62,462923,469466.15,10.575,12877999104,32,60,63,60,44,0,AVOID,-0.49,-6,True,live,STOCK,20,NEUTRAL,NYSE
2026-09-11T07:56:49.207012+09:00,2026-09-11,ALLE,Allegion plc,US,산업재,2026-09-10,151.27,811691,1367239.55,3.5657,12863514624,39,60,45,58,48,0,HOLD,0.01,0,False,live,STOCK,51,NEUTRAL,NYSE
2026-09-11T07:56:49.207012+09:00,2026-09-11,CNA,CNA Financial Corporation,US,금융,2026-09-10,47.48,347467,355073.35,0.923,12848132096,32,60,60,86,51,1,HOLD,-0.15,-2,False,live,STOCK,19,NEUTRAL,NYSE
2026-09-11T07:56:49.207012+09:00,2026-09-11,ALLY,Ally Financial Inc.,US,금융,2026-09-10,42.17,3624429,2851846.45,0.9021,12828099584,28,60,63,96,63,1,HOLD,0.08,1,False,live,STOCK,68,NEUTRAL,NYSE
2026-09-11T07:56:49.207012+09:00,2026-09-11,QNT,Quantinuum Inc. Class A Common Stock,US,IT,2026-09-10,48.67,1140031,1525271.55,2.795,12930531328,25,60,65,58,43,0,AVOID,-0.52,-6,True,live,STOCK,26,NEUTRAL,NASDAQ
2026-09-11T07:56:49.207012+09:00,2026-09-11,SEIC,SEI Investments Company,US,금융,2026-09-10,106.77,543998,640884.9,1.7564,12814447616,51,60,45,50,53,0,HOLD,0.28,3,False,live,STOCK,67,NEUTRAL,NASDAQ
2026-09-11T07:56:49.207012+09:00,2026-09-11,WSO,"Watsco, Inc.",US,산업재,2026-09-10,310.9,373475,462328.75,9.2375,12825306112,40,60,63,50,47,0,HOLD,-0.31,-4,False,live,STOCK,35,NEUTRAL,NYSE
2026-09-11T07:56:49.207012+09:00,2026-09-11,GDDY,GoDaddy Inc.,US,IT,2026-09-10,96.37,1813265,1812873.25,3.9039,12205039616,51,60,53,76,64,2,WATCH,0.51,6,False,live,STOCK,75,NEUTRAL,NYSE
2026-09-11T07:56:49.207012+09:00,2026-09-11,QXO,"QXO, Inc.",US,산업재,2026-09-10,12.29,17759576,14478943.8,0.505,12750760960,18,60,63,52,37,0,AVOID,-0.74,-9,True,live,STOCK,17,NEUTRAL,NYSE
2026-09-11T07:56:49.207012+09:00,2026-09-11,AA,Alcoa Corporation,US,소재,2026-09-10,48.3,3861393,4021544.65,2.2214,12746825728,36,60,53,73,50,1,HOLD,-0.38,-5,False,live,STOCK,36,NEUTRAL,NYSE
2026-09-11T07:56:49.207012+09:00,2026-09-11,ICLR,ICON Public Limited Company,US,제약/바이오,2026-09-10,165.69,1142386,593364.3,5.9711,12783680512,29,65,50,51,46,0,HOLD,-0.08,-1,False,live,STOCK,60,NEUTRAL,NASDAQ
2026-09-11T07:56:49.207012+09:00,2026-09-11,RPM,RPM International Inc.,US,소재,2026-09-10,99.31,1544148,1646962.4,2.9279,12676226048,20,60,60,58,40,0,AVOID,-0.57,-7,True,live,STOCK,23,NEUTRAL,NYSE
2026-09-11T07:56:49.207012+09:00,2026-09-11,BMRN,BioMarin Pharmaceutical Inc.,US,제약/바이오,2026-09-10,65.51,2202726,1829891.3,1.6947,12681017344,47,65,66,51,55,0,HOLD,0.41,5,False,live,STOCK,61,NEUTRAL,NASDAQ
2026-09-11T07:56:49.207012+09:00,2026-09-11,BNT,Brookfield Wealth Solutions Ltd.,US,금융,2026-09-10,38.02,8670,14913.5,0.7369,10431699968,10,60,53,60,40,0,AVOID,-0.76,-9,True,live,STOCK,40,NEUTRAL,NYSE
2026-09-11T07:56:49.207012+09:00,2026-09-11,SWKS,"Skyworks Solutions, Inc.",US,반도체,2026-09-10,84.03,11321612,5948925.6,3.5929,12644228096,73,65,66,45,61,1,HOLD,0.75,9,False,live,STOCK,61,NEUTRAL,NASDAQ
2026-09-11T07:56:49.207012+09:00,2026-09-11,HMY,Harmony Gold Mining Company Limited,US,소재,2026-09-10,20.19,2954507,3996135.35,0.9493,12618294272,51,60,50,86,63,1,HOLD,0.4,5,False,live,STOCK,58,NEUTRAL,NYSE
2026-09-11T07:56:49.207012+09:00,2026-09-11,DOCU,"DocuSign, Inc.",US,IT,2026-09-10,65.8,2728053,3535922.65,2.7369,12298181632,73,60,50,66,67,2,WATCH,0.77,9,False,live,STOCK,78,NEUTRAL,NASDAQ
2026-09-11T07:56:49.207012+09:00,2026-09-11,PEN,"Penumbra, Inc.",US,제약/바이오,2026-09-10,317.78,141323,260941.15,2.1657,12517171200,43,65,55,30,43,0,AVOID,-0.11,-1,True,live,STOCK,51,NEUTRAL,NYSE
2026-09-11T07:56:49.207012+09:00,2026-09-11,BAX,Baxter International Inc.,US,제약/바이오,2026-09-10,24.18,5622462,4869698.1,0.7232,12500963328,39,65,66,73,58,1,HOLD,0.32,4,False,live,STOCK,54,NEUTRAL,NYSE
2026-09-11T07:56:49.207012+09:00,2026-09-11,MAIR,Madison Air Solutions Corporation,US,산업재,2026-09-10,24.91,1568271,2951268.55,1.3893,12497910784,40,60,70,50,45,1,HOLD,-0.34,-4,False,live,STOCK,20,NEUTRAL,NYSE
2026-09-11T07:56:49.207012+09:00,2026-09-11,CHYM,"Chime Financial, Inc. Class A Common Sto",US,IT,2026-09-10,32.67,10411807,7454325.35,1.4174,12368374784,51,60,50,62,60,1,HOLD,0.45,5,False,live,STOCK,78,NEUTRAL,NASDAQ
2026-09-11T07:56:49.207012+09:00,2026-09-11,CORT,Corcept Therapeutics Incorporated,US,제약/바이오,2026-09-10,114.92,675995,793509.75,4.625,12422668288,48,65,63,43,54,0,HOLD,0.42,5,False,live,STOCK,69,NEUTRAL,NASDAQ
2026-09-11T07:56:49.207012+09:00,2026-09-11,AUR,"Aurora Innovation, Inc.",US,IT,2026-09-10,6.33,19795547,30554187.35,0.3189,12686302208,69,60,50,50,61,1,HOLD,0.54,6,False,live,STOCK,78,NEUTRAL,NASDAQ
2026-09-11T07:56:49.207012+09:00,2026-09-11,TOL,"Toll Brothers, Inc.",US,소비재,2026-09-10,132.48,1116921,918696.05,3.75,12207634432,20,60,60,78,47,1,HOLD,-0.52,-6,False,live,STOCK,26,NEUTRAL,NYSE
2026-09-11T07:56:49.207012+09:00,2026-09-11,UHAL,U-Haul Holding Company,US,산업재,2026-09-10,63.34,132151,141292.55,1.5264,12382603264,20,60,58,35,36,0,AVOID,-0.43,-5,True,live,STOCK,40,NEUTRAL,NYSE
2026-09-11T07:56:49.207012+09:00,2026-09-11,PAYP,PayPay Corporation,US,IT,2026-09-10,18.24,1502098,784224.9,0.8464,12351089664,70,60,50,68,66,2,WATCH,0.71,9,False,live,STOCK,74,NEUTRAL,NASDAQ
2026-09-11T07:56:49.207012+09:00,2026-09-11,NXT,Nextpower Inc.,US,에너지,2026-09-10,81.35,2471993,1964259.65,3.5922,12498480128,37,60,43,53,40,0,AVOID,-0.63,-8,True,live,STOCK,23,NEUTRAL,NASDAQ
2026-09-11T07:56:49.207012+09:00,2026-09-11,MDGL,"Madrigal Pharmaceuticals, Inc.",US,제약/바이오,2026-09-10,533.12,225764,227103.2,18.0347,12317271040,76,65,45,26,49,1,HOLD,0.36,4,False,live,STOCK,45,NEUTRAL,NASDAQ
2026-09-11T07:56:49.207012+09:00,2026-09-11,AMKR,"Amkor Technology, Inc.",US,반도체,2026-09-10,49.53,3160619,4360755.95,2.4087,12305851392,40,65,40,58,43,0,AVOID,-0.56,-7,True,live,STOCK,30,NEUTRAL,NASDAQ
2026-09-11T07:56:49.207012+09:00,2026-09-11,GGG,Graco Inc.,US,산업재,2026-09-10,75.97,1575454,2504432.7,1.645,12303632384,35,60,63,50,41,0,AVOID,-0.27,-3,True,live,STOCK,16,NEUTRAL,NYSE
2026-09-11T07:56:49.207012+09:00,2026-09-11,CCK,"Crown Holdings, Inc.",US,소비재,2026-09-10,112.84,796337,771411.85,2.1539,12272535552,47,60,55,84,60,1,HOLD,0.32,4,False,live,STOCK,48,NEUTRAL,NYSE
2026-09-11T07:56:49.207012+09:00,2026-09-11,TME,Tencent Music Entertainment Group,US,인터넷,2026-09-10,7.9,5710418,10574110.9,0.2196,12875144192,20,65,58,78,53,1,HOLD,-0.35,-4,False,live,STOCK,62,NEUTRAL,NYSE
2026-09-11T07:56:49.207012+09:00,2026-09-11,SF,Stifel Financial Corp,US,금융,2026-09-10,79.69,923801,1042575.05,1.7365,12033328128,47,60,52,76,58,1,HOLD,0.26,3,False,live,STOCK,54,NEUTRAL,NYSE
2026-09-11T07:56:49.207012+09:00,2026-09-11,AR,Antero Resources Corporation,US,에너지,2026-09-10,39.17,2611345,3176262.25,1.0043,12042385408,52,60,55,78,62,1,HOLD,0.45,5,False,live,STOCK,61,NEUTRAL,NYSE
2026-09-11T07:56:49.207012+09:00,2026-09-11,EHC,Encompass Health Corporation,US,제약/바이오,2026-09-10,121.04,670731,792456.55,2.3664,11941005312,47,65,40,58,50,0,HOLD,0.11,1,False,live,STOCK,54,NEUTRAL,NYSE
2026-09-11T07:56:49.207012+09:00,2026-09-11,GRAB,Grab Holdings Limited,US,IT,2026-09-10,3.01,77977023,40653206.15,0.1268,12314818560,20,60,50,66,47,0,HOLD,-0.46,-6,False,live,STOCK,55,NEUTRAL,NASDAQ
2026-09-11T07:56:49.207012+09:00,2026-09-11,MANH,"Manhattan Associates, Inc.",US,IT,2026-09-10,205.02,623374,746238.7,7.1225,11953685504,51,60,55,42,55,1,HOLD,0.45,5,False,live,STOCK,80,NEUTRAL,NASDAQ
2026-09-11T07:56:49.207012+09:00,2026-09-11,CSGP,"CoStar Group, Inc.",US,리츠,2026-09-10,29.49,7234679,6772188.95,1.1725,11949277184,35,60,63,51,42,0,AVOID,-0.41,-5,True,live,STOCK,20,NEUTRAL,NASDAQ
2026-09-11T07:56:49.207012+09:00,2026-09-11,PINS,"Pinterest, Inc.",US,인터넷,2026-09-10,18.78,14355041,11052827.05,0.8636,10635359232,20,65,48,66,44,0,AVOID,-0.59,-7,True,live,STOCK,45,NEUTRAL,NYSE
2026-09-11T07:56:49.207012+09:00,2026-09-11,FMS,Fresenius Medical Care AG & Co. KGaA,US,제약/바이오,2026-09-10,22.23,459882,619469.1,0.2974,11831236608,20,65,58,100,52,1,HOLD,-0.36,-4,False,live,STOCK,23,NEUTRAL,NYSE
2026-09-11T07:56:49.207012+09:00,2026-09-11,MICC,The Magnum Ice Cream Company N.V.,US,소매,2026-09-10,19.5,860134,794776.7,0.4271,11841017856,47,60,63,50,53,0,HOLD,0.26,3,False,live,STOCK,58,NEUTRAL,NYSE
2026-09-11T07:56:49.207012+09:00,2026-09-11,WSE,Wise Group plc Class A Ordinary Shares,US,IT,2026-09-10,11.93,1655775,1156528.75,0.3707,11735891968,47,60,75,45,52,1,HOLD,0.36,4,False,live,STOCK,45,NEUTRAL,NASDAQ
2026-09-11T07:56:49.207012+09:00,2026-09-11,TXRH,"Texas Roadhouse, Inc.",US,소비재,2026-09-10,181.05,1103277,694668.85,4.4817,11884290048,24,60,48,50,35,0,AVOID,-0.51,-6,True,live,STOCK,16,NEUTRAL,NASDAQ
2026-09-11T07:56:49.207012+09:00,2026-09-11,WTRG,"Essential Utilities, Inc.",US,유틸리티,2026-09-10,41.8,2142788,2124749.4,0.7689,11855858688,91,60,63,37,64,1,HOLD,0.94,11,False,live,STOCK,63,NEUTRAL,NYSE
2026-09-11T07:56:49.207012+09:00,2026-09-11,HBM,Hudbay Minerals Inc.,US,소재,2026-09-10,26.65,4254465,3942323.25,1.5031,11836457984,43,60,60,60,55,0,HOLD,0.12,1,False,live,STOCK,61,NEUTRAL,NYSE
2026-09-11T07:56:49.207012+09:00,2026-09-11,FNF,"Fidelity National Financial, Inc.",US,금융,2026-09-10,43.95,2628313,1926710.65,1.0221,11787075584,20,60,63,84,48,1,HOLD,-0.46,-6,False,live,STOCK,20,NEUTRAL,NYSE
2026-09-11T07:56:49.207012+09:00,2026-09-11,AIT,"Applied Industrial Technologies, Inc.",US,산업재,2026-09-10,318.58,222164,291783.2,7.9327,11691521024,28,60,60,50,46,0,HOLD,-0.17,-2,False,live,STOCK,55,NEUTRAL,NYSE
2026-09-11T07:56:49.207012+09:00,2026-09-11,AFG,"American Financial Group, Inc.",US,금융,2026-09-10,141.65,208542,288942.1,2.0184,11745824768,47,60,53,60,55,0,HOLD,0.22,3,False,live,STOCK,63,NEUTRAL,NYSE
2026-09-11T07:56:49.207012+09:00,2026-09-11,LI,Li Auto Inc.,US,소비재,2026-09-10,11.65,3103791,2851544.55,0.3479,11385247744,10,60,55,47,33,0,AVOID,-0.89,-11,True,live,STOCK,26,NEUTRAL,NASDAQ
2026-09-11T07:56:49.207012+09:00,2026-09-11,DKNG,DraftKings Inc.,US,소비재,2026-09-10,23.71,8222710,9023230.5,1.0433,11770925056,33,60,60,60,50,0,HOLD,-0.28,-3,False,live,STOCK,52,NEUTRAL,NASDAQ
2026-09-11T07:56:49.207012+09:00,2026-09-11,FHN,First Horizon Corporation,US,금융,2026-09-10,24.76,4183026,3774901.3,0.4032,11730722816,50,60,55,70,59,1,HOLD,0.2,2,False,live,STOCK,62,NEUTRAL,NYSE
2026-09-11T07:56:49.207012+09:00,2026-09-11,PNW,Pinnacle West Capital Corporation,US,유틸리티,2026-09-10,96.59,723017,935380.85,1.4754,11706440704,50,60,63,37,45,0,HOLD,-0.09,-1,False,live,STOCK,33,NEUTRAL,NYSE
2026-09-11T07:56:49.207012+09:00,2026-09-11,ELS,"Equity LifeStyle Properties, Inc.",US,리츠,2026-09-10,60.3,1918811,1292395.55,0.8914,12090808320,20,60,58,45,36,0,AVOID,-0.59,-7,True,live,STOCK,26,NEUTRAL,NYSE
2026-09-11T07:56:49.207012+09:00,2026-09-11,AGNC,AGNC Investment Corp.,US,리츠,2026-09-10,10.19,37447664,17590403.2,0.1729,12080055296,35,60,60,65,46,0,HOLD,-0.24,-3,False,live,STOCK,19,NEUTRAL,NASDAQ
2026-09-11T07:56:49.207012+09:00,2026-09-11,WTS,"Watts Water Technologies, Inc.",US,산업재,2026-09-10,350.26,164506,175150.3,8.9131,11692747776,47,60,63,45,46,0,HOLD,0.05,1,False,live,STOCK,29,NEUTRAL,NYSE
2026-09-11T07:56:49.207012+09:00,2026-09-11,GWRE,"Guidewire Software, Inc.",US,IT,2026-09-10,140.09,1330091,1515334.55,11.3741,11663384576,47,60,50,43,48,0,HOLD,0.17,2,False,live,STOCK,55,NEUTRAL,NYSE
2026-09-11T07:56:49.207012+09:00,2026-09-11,ARWR,"Arrowhead Pharmaceuticals, Inc.",US,제약/바이오,2026-09-10,82.76,1003192,1253994.6,3.158,11690219520,47,65,55,42,48,0,HOLD,0.15,2,False,live,STOCK,52,NEUTRAL,NASDAQ
2026-09-11T07:56:49.207012+09:00,2026-09-11,SUZ,Suzano S.A.,US,소재,2026-09-10,9.43,4284133,3772166.65,0.23,11613618176,69,60,50,70,67,2,WATCH,0.71,9,False,live,STOCK,75,NEUTRAL,NYSE
2026-09-11T07:56:49.207012+09:00,2026-09-11,DVA,DaVita Inc.,US,제약/바이오,2026-09-10,181.33,549840,580842.0,4.8143,11568854016,72,65,48,84,62,2,WATCH,0.12,1,False,live,STOCK,30,NEUTRAL,NYSE
2026-09-11T07:56:49.207012+09:00,2026-09-11,NVMI,Nova Ltd.,US,반도체,2026-09-10,366.03,565482,499089.1,15.4986,11642008576,40,65,40,50,40,0,AVOID,-0.61,-7,True,live,STOCK,26,NEUTRAL,NASDAQ
2026-09-11T07:56:49.207012+09:00,2026-09-11,IAG,Iamgold Corporation,US,소재,2026-09-10,20.09,3950032,4907036.6,0.8636,11471389696,51,60,60,73,65,2,WATCH,0.59,7,False,live,STOCK,77,NEUTRAL,NYSE
2026-09-11T07:56:49.207012+09:00,2026-09-11,GLPI,"Gaming and Leisure Properties, Inc.",US,리츠,2026-09-10,40.98,3872014,4208785.7,0.7101,12273559552,20,60,65,70,46,1,HOLD,-0.51,-6,False,live,STOCK,29,NEUTRAL,NASDAQ
2026-09-11T07:56:49.207012+09:00,2026-09-11,SNN,Smith & Nephew plc,US,제약/바이오,2026-09-10,27.62,1645383,1852809.15,0.5739,11559393280,28,65,60,58,43,0,AVOID,-0.48,-6,True,live,STOCK,26,NEUTRAL,NYSE
2026-09-11T07:56:49.207012+09:00,2026-09-11,HRL,Hormel Foods Corporation,US,소매,2026-09-10,20.84,4097939,5629136.95,0.5579,11469309952,20,60,53,66,42,0,AVOID,-0.68,-8,True,live,STOCK,26,NEUTRAL,NYSE
2026-09-11T07:56:49.207012+09:00,2026-09-11,JKHY,"Jack Henry & Associates, Inc.",US,IT,2026-09-10,161.42,786222,947486.1,4.1701,11317576704,51,60,53,50,56,1,HOLD,0.42,5,False,live,STOCK,75,NEUTRAL,NASDAQ
2026-09-11T07:56:49.207012+09:00,2026-09-11,HUBS,"HubSpot, Inc.",US,IT,2026-09-10,223.55,1358579,1403283.95,12.1303,11443683328,50,60,55,59,58,0,HOLD,0.42,5,False,live,STOCK,69,NEUTRAL,NYSE
2026-09-11T07:56:49.207012+09:00,2026-09-11,BJ,"BJ's Wholesale Club Holdings, Inc.",US,소매,2026-09-10,89.65,1630299,1950709.95,2.7239,11324111872,31,60,50,50,41,0,AVOID,-0.4,-5,True,live,STOCK,34,NEUTRAL,NYSE
2026-09-11T07:56:49.207012+09:00,2026-09-11,IT,"Gartner, Inc.",US,IT,2026-09-10,170.62,1011431,1219596.55,7.5457,10774477824,47,60,45,84,64,2,WATCH,0.41,5,False,live,STOCK,77,NEUTRAL,NYSE
2026-09-11T07:56:49.207012+09:00,2026-09-11,ELAN,Elanco Animal Health Incorporated,US,제약/바이오,2026-09-10,22.86,5633878,4937953.9,0.7193,11417417728,31,65,72,63,58,2,HOLD,0.14,2,False,live,STOCK,78,NEUTRAL,NYSE
2026-09-11T07:56:49.207012+09:00,2026-09-11,CR,Crane Company,US,산업재,2026-09-10,197.53,314355,384882.75,6.0026,11417304064,28,60,63,58,44,0,AVOID,-0.35,-4,True,live,STOCK,26,NEUTRAL,NYSE
2026-09-11T07:56:49.207012+09:00,2026-09-11,DKS,"DICK'S Sporting Goods, Inc.",US,소비재,2026-09-10,133.14,2201267,5415288.35,9.5321,11839682560,7,60,75,60,41,1,AVOID,-0.65,-8,True,live,STOCK,29,NEUTRAL,NYSE
2026-09-11T07:56:49.207012+09:00,2026-09-11,BTSG,"BrightSpring Health Services, Inc. Commo",US,제약/바이오,2026-09-10,57.88,3310983,2079334.15,2.4536,11452382208,53,65,50,58,49,0,HOLD,-0.18,-2,False,live,STOCK,30,NEUTRAL,NASDAQ
2026-09-11T07:56:49.207012+09:00,2026-09-11,AMH,American Homes 4 Rent,US,리츠,2026-09-10,31.56,2853806,1909045.3,0.4993,12938085376,20,60,75,58,42,1,AVOID,-0.39,-5,True,live,STOCK,19,NEUTRAL,NYSE
2026-09-11T07:56:49.207012+09:00,2026-09-11,TX,Ternium S.A.,US,소재,2026-09-10,57.61,395608,533305.4,1.6347,,59,60,60,86,70,2,WATCH,0.71,9,False,live,STOCK,72,NEUTRAL,NYSE
2026-09-11T07:56:49.207012+09:00,2026-09-11,PSKY,Paramount Skydance Corporation Class B C,US,인터넷,2026-09-10,10.38,12725543,10411117.15,0.4328,11645796352,43,65,58,69,62,1,HOLD,0.28,3,False,live,STOCK,83,NEUTRAL,NASDAQ
2026-09-11T07:56:49.207012+09:00,2026-09-11,UDR,"UDR, Inc.",US,리츠,2026-09-10,35.14,4623824,3098326.2,0.5886,12909178880,20,60,60,53,38,0,AVOID,-0.64,-8,True,live,STOCK,20,NEUTRAL,NYSE
2026-09-11T07:56:49.207012+09:00,2026-09-11,TECH,Bio-Techne Corporation,US,제약/바이오,2026-09-10,72.08,3767539,2353586.95,0.1589,11303458816,54,65,68,43,53,0,HOLD,0.43,5,False,live,STOCK,51,NEUTRAL,NASDAQ
2026-09-11T07:56:49.207012+09:00,2026-09-11,RTO,Rentokil Initial plc,US,산업재,2026-09-10,22.42,876183,1370519.15,0.4568,11282819072,40,60,55,74,52,1,HOLD,-0.33,-4,False,live,STOCK,32,NEUTRAL,NYSE
2026-09-11T07:56:49.207012+09:00,2026-09-11,APC,ARKO Petroleum Corp. Class A Common Stoc,US,에너지,2026-09-10,18.74,133164,162848.2,0.4764,1547366016,65,60,50,58,60,0,HOLD,0.28,3,False,live,STOCK,66,NEUTRAL,NASDAQ
2026-09-11T07:56:49.207012+09:00,2026-09-11,KNX,Knight-Swift Transportation Holdings Inc,US,산업재,2026-09-10,69.03,2393055,2798922.75,2.4231,11235046400,40,60,63,51,46,0,HOLD,-0.33,-4,False,live,STOCK,32,NEUTRAL,NYSE
2026-09-11T07:56:49.207012+09:00,2026-09-11,AHR,"American Healthcare REIT, Inc.",US,리츠,2026-09-10,54.06,2127402,2593185.1,1.1575,11785013248,32,60,58,43,48,1,HOLD,0.15,2,False,live,STOCK,71,NEUTRAL,NYSE
2026-09-11T07:56:49.207012+09:00,2026-09-11,EGO,Eldorado Gold Corporation,US,소재,2026-09-10,42.79,2151727,2746261.35,2.0259,11160074240,51,60,60,55,58,1,HOLD,0.49,6,False,live,STOCK,72,NEUTRAL,NYSE
2026-09-11T07:56:49.207012+09:00,2026-09-11,ERIE,Erie Indemnity Company,US,금융,2026-09-10,240.4,162605,308305.25,7.9818,12570483712,39,60,60,58,51,0,HOLD,0.08,1,False,live,STOCK,51,NEUTRAL,NASDAQ
2026-09-11T07:56:49.207012+09:00,2026-09-11,CART,Maplebear Inc.,US,IT,2026-09-10,47.24,3062697,3583039.85,1.5482,10936062976,47,60,50,66,52,0,HOLD,0.11,1,False,live,STOCK,40,NEUTRAL,NASDAQ
2026-09-11T07:56:49.207012+09:00,2026-09-11,HII,"Huntington Ingalls Industries, Inc.",US,산업재,2026-09-10,281.67,403903,389820.15,7.2986,11099094016,35,60,50,60,42,0,AVOID,-0.47,-6,True,live,STOCK,19,NEUTRAL,NYSE
2026-09-11T07:56:49.207012+09:00,2026-09-11,LULU,Lululemon Athletica Inc.,US,소비재,2026-09-10,96.88,7806429,7103431.45,6.0779,10725586944,18,60,65,86,52,1,HOLD,-0.46,-6,False,live,STOCK,37,NEUTRAL,NASDAQ
2026-09-11T07:56:49.207012+09:00,2026-09-11,EVR,Evercore Inc.,US,금융,2026-09-10,283.62,375611,465360.55,8.1052,10907394048,43,60,63,68,51,0,HOLD,-0.27,-3,False,live,STOCK,26,NEUTRAL,NYSE
2026-09-11T07:56:49.207012+09:00,2026-09-11,JEF,Jefferies Financial Group Inc.,US,금융,2026-09-10,53.93,1250795,1636344.75,1.4825,10968930304,72,60,50,68,61,1,HOLD,0.23,3,False,live,STOCK,47,NEUTRAL,NYSE
2026-09-11T07:56:49.207012+09:00,2026-09-11,AEIS,"Advanced Energy Industries, Inc.",US,IT,2026-09-10,273.74,318039,485866.95,12.6239,10963406848,40,60,40,50,41,0,AVOID,-0.59,-7,True,live,STOCK,29,NEUTRAL,NASDAQ
2026-09-11T07:56:49.207012+09:00,2026-09-11,ARW,"Arrow Electronics, Inc.",US,IT,2026-09-10,213.44,903581,534914.05,5.9332,10865253376,87,60,50,84,74,2,WATCH,0.66,8,False,live,STOCK,62,NEUTRAL,NYSE
2026-09-11T07:56:49.207012+09:00,2026-09-11,SANM,Sanmina Corporation,US,IT,2026-09-10,203.31,309722,577666.1,8.6625,10896878592,62,60,55,58,56,0,HOLD,0.01,0,False,live,STOCK,44,NEUTRAL,NASDAQ
2026-09-11T07:56:49.207012+09:00,2026-09-11,SCI,Service Corporation International,US,소비재,2026-09-10,79.73,815091,687154.55,1.5107,10866528256,47,60,48,50,48,0,HOLD,0.02,0,False,live,STOCK,45,NEUTRAL,NYSE
2026-09-11T07:56:49.207012+09:00,2026-09-11,DECK,Deckers Outdoor Corporation,US,소비재,2026-09-10,79.88,2801576,2739843.8,2.4236,10878205952,18,60,63,78,45,1,HOLD,-0.62,-7,False,live,STOCK,20,NEUTRAL,NYSE
2026-09-11T07:56:49.207012+09:00,2026-09-11,AXSM,"Axsome Therapeutics, Inc.",US,제약/바이오,2026-09-10,211.115,526334,533191.7,5.7574,11058376704,55,65,55,26,41,0,AVOID,-0.3,-4,True,live,STOCK,30,NEUTRAL,NASDAQ
2026-09-11T07:56:49.207012+09:00,2026-09-11,NYT,The New York Times Company,US,인터넷,2026-09-10,66.57,2483751,1823387.55,1.4664,10736648192,57,65,63,53,55,0,HOLD,0.09,1,False,live,STOCK,47,NEUTRAL,NYSE
2026-09-11T07:56:49.207012+09:00,2026-09-11,BMNP,"Bitmine Immersion Technologies, Inc.",US,금융,2026-09-10,97.75,12288,40129.4,1.5184,,65,60,55,50,61,1,HOLD,0.46,6,False,live,STOCK,78,NEUTRAL,NYSE
2026-09-11T07:56:49.207012+09:00,2026-09-11,ALGN,"Align Technology, Inc.",US,제약/바이오,2026-09-10,150.72,835480,848614.0,4.655,10707127296,28,65,63,74,56,1,HOLD,-0.2,-2,False,live,STOCK,62,NEUTRAL,NASDAQ
2026-09-11T07:56:49.207012+09:00,2026-09-11,FIG,"Figma, Inc.",US,IT,2026-09-10,22.14,16743148,15209012.4,1.6556,11800838144,47,60,50,38,46,0,HOLD,0.14,2,False,live,STOCK,54,NEUTRAL,NYSE
2026-09-11T07:56:49.207012+09:00,2026-09-11,TFII,TFI International Inc.,US,산업재,2026-09-10,131.13,75685,191064.25,4.0021,10777972736,15,60,63,66,42,0,AVOID,-0.67,-8,True,live,STOCK,26,NEUTRAL,NYSE
2026-09-11T07:56:49.207012+09:00,2026-09-11,FRO,Frontline Plc,US,산업재,2026-09-10,48.4,4072192,2483394.6,1.6054,10774948864,82,60,55,65,70,2,WATCH,0.93,11,False,live,STOCK,75,NEUTRAL,NYSE
2026-09-11T07:56:49.207012+09:00,2026-09-11,FROG,JFrog Ltd.,US,IT,2026-09-10,88.65,1026416,2048165.8,6.1149,10930661376,47,60,60,27,47,0,HOLD,0.26,3,False,live,STOCK,65,NEUTRAL,NASDAQ
2026-09-11T07:56:49.207012+09:00,2026-09-11,CLX,The Clorox Company,US,소매,2026-09-10,88.77,2689218,2886285.9,2.6464,10735045632,35,60,60,50,41,0,AVOID,-0.44,-5,True,live,STOCK,19,NEUTRAL,NYSE
2026-09-11T07:56:49.207012+09:00,2026-09-11,GNRC,Generac Holdings Inc.,US,산업재,2026-09-10,181.67,655980,938019.0,7.6821,10719685632,10,60,40,58,32,0,AVOID,-1.05,-13,True,live,STOCK,20,NEUTRAL,NYSE
2026-09-11T07:56:49.207012+09:00,2026-09-11,PAC,"Grupo Aeroportuario del Pacífico, S.A.B.",US,산업재,2026-09-10,204.56,71453,117642.65,5.9018,12171692032,50,60,50,50,46,0,HOLD,-0.29,-3,False,live,STOCK,30,NEUTRAL,NYSE
2026-09-11T07:56:49.207012+09:00,2026-09-11,UMBF,UMB Financial Corporation,US,금융,2026-09-10,139.37,425051,467512.55,2.7486,10585155584,32,60,50,70,50,1,HOLD,-0.13,-2,False,live,STOCK,48,NEUTRAL,NASDAQ
2026-09-11T07:56:49.207012+09:00,2026-09-11,ALSN,"Allison Transmission Holdings, Inc.",US,소비재,2026-09-10,127.54,665138,724466.9,4.1368,10532002816,47,60,50,66,52,0,HOLD,0.08,1,False,live,STOCK,39,NEUTRAL,NYSE
2026-09-11T07:56:49.207012+09:00,2026-09-11,EGP,"EastGroup Properties, Inc.",US,리츠,2026-09-10,196.7,294882,343159.1,2.7279,10577211392,28,60,63,45,41,0,AVOID,-0.34,-4,True,live,STOCK,33,NEUTRAL,NYSE
2026-09-11T07:56:49.207012+09:00,2026-09-11,AM,Antero Midstream Corporation,US,에너지,2026-09-10,22.27,1409358,2221597.9,0.4831,10570989568,69,60,60,58,56,0,HOLD,0.32,4,False,live,STOCK,29,NEUTRAL,NYSE
2026-09-11T07:56:49.207012+09:00,2026-09-11,COO,"The Cooper Companies, Inc.",US,제약/바이오,2026-09-10,54.17,18649062,2853588.1,2.5986,10564808704,10,65,63,66,38,0,AVOID,-0.83,-10,True,live,STOCK,13,NEUTRAL,NASDAQ
2026-09-11T07:56:49.207012+09:00,2026-09-11,GSAT,"Globalstar, Inc.",US,인터넷,2026-09-10,81.97,391714,635035.7,0.6511,10620311552,43,65,53,27,41,0,AVOID,-0.16,-2,True,live,STOCK,46,NEUTRAL,NASDAQ
2026-09-11T07:56:49.207012+09:00,2026-09-11,AES,The AES Corporation,US,유틸리티,2026-09-10,14.8,9445536,7223266.8,0.0429,10558892032,87,60,58,70,72,2,WATCH,0.83,10,False,live,STOCK,69,NEUTRAL,NYSE
2026-09-11T07:56:49.207012+09:00,2026-09-11,DAR,Darling Ingredients Inc.,US,소매,2026-09-10,66.37,1477976,2657048.8,3.2396,10473379840,84,60,50,63,72,2,WATCH,0.98,12,False,live,STOCK,87,NEUTRAL,NYSE
2026-09-11T07:56:49.207012+09:00,2026-09-11,LFUS,"Littelfuse, Inc.",US,IT,2026-09-10,413.42,182656,199402.8,13.0693,10500350976,50,60,55,50,47,0,HOLD,-0.23,-3,False,live,STOCK,30,NEUTRAL,NASDAQ
2026-09-11T07:56:49.207012+09:00,2026-09-11,DPZ,"Domino's Pizza, Inc.",US,소비재,2026-09-10,317.3,556184,811549.2,11.0471,10496834560,46,60,50,68,54,0,HOLD,0.02,0,False,live,STOCK,48,NEUTRAL,NASDAQ
2026-09-11T07:56:49.207012+09:00,2026-09-11,BPOP,"Popular, Inc.",US,금융,2026-09-10,163.96,500325,454456.25,2.8971,10457122816,28,60,53,70,50,1,HOLD,-0.18,-2,False,live,STOCK,48,NEUTRAL,NASDAQ
2026-09-11T07:56:49.207012+09:00,2026-09-11,UHS,"Universal Health Services, Inc.",US,제약/바이오,2026-09-10,172.72,654100,644850.0,4.8475,10179515392,55,65,63,70,61,1,HOLD,0.5,6,False,live,STOCK,54,NEUTRAL,NYSE
2026-09-11T07:56:49.207012+09:00,2026-09-11,MOH,"Molina Healthcare, Inc.",US,제약/바이오,2026-09-10,200.28,1003210,600665.5,6.6993,10454616064,50,65,63,59,49,0,HOLD,-0.01,0,False,live,STOCK,17,NEUTRAL,NYSE
2026-09-11T07:56:49.207012+09:00,2026-09-11,XP,XP Inc.,US,금융,2026-09-10,19.97,9725972,6901633.6,0.8714,10133636096,73,60,55,70,62,2,WATCH,0.6,7,False,live,STOCK,43,NEUTRAL,NASDAQ
2026-09-11T07:56:49.207012+09:00,2026-09-11,SUN,Sunoco LP,US,에너지,2026-09-10,76.34,614020,417206.0,1.7604,14383512576,66,60,58,63,65,1,HOLD,0.71,9,False,live,STOCK,72,NEUTRAL,NYSE
2026-09-11T07:56:49.207012+09:00,2026-09-11,RRX,Regal Rexnord Corporation,US,산업재,2026-09-10,156.52,1191612,1213650.6,5.2279,10419469312,40,60,63,58,46,0,HOLD,-0.39,-5,False,live,STOCK,20,NEUTRAL,NYSE
2026-09-11T07:56:49.207012+09:00,2026-09-11,ENLT,Enlight Renewable Energy Ltd,US,유틸리티,2026-09-10,73.97,126835,155821.75,2.5225,10344897536,18,60,50,35,30,0,AVOID,-0.91,-11,True,live,STOCK,20,NEUTRAL,NASDAQ
2026-09-11T07:56:49.207012+09:00,2026-09-11,CPT,Camden Property Trust,US,리츠,2026-09-10,102.5,781592,870694.6,1.5325,11862589440,20,60,66,45,38,0,AVOID,-0.57,-7,True,live,STOCK,26,NEUTRAL,NYSE
2026-09-11T07:56:49.207012+09:00,2026-09-11,TEM,"Tempus AI, Inc.",US,제약/바이오,2026-09-10,58.74,5467799,7884224.95,4.8571,10598737920,44,65,50,19,44,1,AVOID,0.18,2,True,live,STOCK,74,NEUTRAL,NASDAQ
2026-09-11T07:56:49.207012+09:00,2026-09-11,OC,Owens Corning,US,소재,2026-09-10,127.49,1095982,886074.1,4.4214,10077916160,24,60,60,78,45,1,HOLD,-0.35,-4,False,live,STOCK,13,NEUTRAL,NYSE
2026-09-11T07:56:49.207012+09:00,2026-09-11,CGNX,Cognex Corporation,US,IT,2026-09-10,61.69,1138060,1674848.0,1.7746,10377728000,72,60,45,50,54,1,HOLD,0.18,2,False,live,STOCK,40,NEUTRAL,NASDAQ
2026-09-11T07:56:49.207012+09:00,2026-09-11,SSB,SouthState Bank Corp.,US,금융,2026-09-10,105.84,467304,659030.2,1.7507,10263784448,47,60,50,70,50,1,HOLD,-0.02,0,False,live,STOCK,25,NEUTRAL,NYSE
2026-09-11T07:56:49.207012+09:00,2026-09-11,MGM,MGM Resorts International,US,소비재,2026-09-10,40.73,2190064,1920268.2,0.847,10420820992,20,60,63,74,44,1,AVOID,-0.61,-7,True,live,STOCK,17,NEUTRAL,NYSE
2026-09-11T07:56:49.207012+09:00,2026-09-11,DCI,"Donaldson Company, Inc.",US,산업재,2026-09-10,88.18,533908,633220.4,2.1943,,43,60,63,58,52,0,HOLD,0.11,1,False,live,STOCK,48,NEUTRAL,NYSE
2026-09-11T07:56:49.207012+09:00,2026-09-11,VSAT,"Viasat, Inc.",US,IT,2026-09-10,74.18,1802964,1639183.2,3.8836,10218725376,65,60,45,43,50,0,HOLD,0.12,1,False,live,STOCK,45,NEUTRAL,NASDAQ
2026-09-11T07:56:49.207012+09:00,2026-09-11,HUT,Hut 8 Corp.,US,금융,2026-09-10,90.6,3464845,4889977.25,7.2547,11167307776,55,60,70,50,55,1,HOLD,0.07,1,False,live,STOCK,49,NEUTRAL,NASDAQ
2026-09-11T07:56:49.207012+09:00,2026-09-11,KRYS,"Krystal Biotech, Inc.",US,제약/바이오,2026-09-10,345.55,175770,222533.5,11.6646,10227877888,47,65,45,42,45,0,HOLD,-0.04,0,False,live,STOCK,47,NEUTRAL,NASDAQ
2026-09-11T07:56:49.207012+09:00,2026-09-11,WTFC,Wintrust Financial Corporation,US,금융,2026-09-10,150.75,426349,426242.45,2.6314,10168903680,28,60,63,60,44,0,AVOID,-0.34,-4,True,live,STOCK,26,NEUTRAL,NASDAQ
2026-09-11T07:56:49.207012+09:00,2026-09-11,BXP,"BXP, Inc.",US,리츠,2026-09-10,63.72,1202759,1179492.95,1.6507,11525510144,28,60,63,58,48,0,HOLD,-0.19,-2,False,live,STOCK,48,NEUTRAL,NYSE
2026-09-11T07:56:49.207012+09:00,2026-09-11,CFR,"Cullen/Frost Bankers, Inc.",US,금융,2026-09-10,162.66,487687,468054.35,2.954,10109121536,47,60,60,55,53,0,HOLD,0.27,3,False,live,STOCK,54,NEUTRAL,NYSE
2026-09-11T07:56:49.207012+09:00,2026-09-11,GGB,Gerdau S.A.,US,소재,2026-09-10,5.1,11392890,10737184.5,0.1739,10006844416,73,60,60,71,68,2,WATCH,0.74,9,False,live,STOCK,64,NEUTRAL,NYSE
2026-09-11T07:56:49.207012+09:00,2026-09-11,ENSG,"The Ensign Group, Inc.",US,제약/바이오,2026-09-10,172.79,379264,304818.2,3.7667,10070621184,36,65,48,58,45,0,HOLD,-0.08,-1,False,live,STOCK,37,NEUTRAL,NASDAQ
2026-09-11T07:56:49.207012+09:00,2026-09-11,AVTR,"Avantor, Inc.",US,제약/바이오,2026-09-10,14.88,7537929,6658471.45,0.4302,10064220160,73,65,66,60,71,2,WATCH,1.0,12,False,live,STOCK,90,NEUTRAL,NYSE
2026-09-11T07:56:49.207012+09:00,2026-09-11,GKOS,Glaukos Corporation,US,제약/바이오,2026-09-10,170.38,1009474,651838.7,6.1775,10049683456,51,65,45,27,48,1,HOLD,0.27,3,False,live,STOCK,77,NEUTRAL,NYSE
2026-09-11T07:56:49.207012+09:00,2026-09-11,SAIL,"SailPoint, Inc.",US,IT,2026-09-10,17.64,5254406,3578330.3,1.2397,10005107712,54,60,60,42,50,0,HOLD,0.32,4,False,live,STOCK,48,NEUTRAL,NASDAQ
