scan_ts_kst,date,ticker,name,market,sector,bar_date,close,volume,avg_vol20,atr14,market_cap,tech,macro,filing,value,total,consensus,signal,ev,target,hitl,source
2026-08-04T12:55:01.092635+09:00,2026-08-04,NVDA,NVIDIA Corporation,US,반도체,2026-08-03,206.64,128406900,129189350.0,7.845,,43,60,38,58,47,0,HOLD,-0.07,-1,False,backfill
2026-08-04T12:55:01.092635+09:00,2026-08-04,GOOGL,Alphabet Inc.,US,인터넷,2026-08-03,373.51,38669700,30603335.0,14.0693,,72,60,43,58,59,1,HOLD,0.3,4,False,backfill
2026-08-04T12:55:01.092635+09:00,2026-08-04,GOOG,Alphabet Inc.,US,인터넷,2026-08-03,372.47,27165400,20381510.0,13.9799,,69,60,35,58,55,0,HOLD,0.18,2,False,backfill
2026-08-04T12:55:01.092635+09:00,2026-08-04,AAPL,Apple Inc.,US,IT,2026-08-03,303.1586,75052000,54740310.0,10.1677,,50,55,53,42,51,0,HOLD,0.17,2,False,backfill
2026-08-04T12:55:01.092635+09:00,2026-08-04,MSFT,Microsoft Corporation,US,IT,2026-08-03,487.65,66762100,37873045.0,17.4864,,66,55,27,50,50,0,HOLD,0.22,3,False,backfill
2026-08-04T12:55:01.092635+09:00,2026-08-04,AMZN,"Amazon.com, Inc.",US,소비재,2026-08-03,284.02,90830200,48090830.0,10.0321,,69,55,30,50,52,0,HOLD,0.15,2,False,backfill
2026-08-04T12:55:01.092635+09:00,2026-08-04,TSM,Taiwan Semiconductor Manufacturing Compa,US,반도체,2026-08-03,406.11,12676900,15078615.0,17.5821,,28,60,62,66,50,0,HOLD,-0.04,0,False,backfill
2026-08-04T12:55:01.092635+09:00,2026-08-04,AVGO,Broadcom Inc.,US,반도체,2026-08-03,392.23,17315100,20227705.0,16.1664,,65,60,30,43,50,0,HOLD,-0.03,0,False,backfill
2026-08-04T12:55:01.092635+09:00,2026-08-04,META,"Meta Platforms, Inc.",US,인터넷,2026-08-03,590.24,25938100,19423125.0,25.8043,,40,60,27,66,44,0,AVOID,-0.3,-4,True,backfill
2026-08-04T12:55:01.092635+09:00,2026-08-04,TSLA,"Tesla, Inc.",US,소비재,2026-08-03,322.08,38281400,40220700.0,16.3286,,7,55,42,30,31,0,AVOID,-0.92,-11,True,backfill
2026-08-04T12:55:01.092635+09:00,2026-08-04,LLY,Eli Lilly and Company,US,제약/바이오,2026-08-03,1119.7554,2934000,2381385.0,36.3329,,50,60,45,50,50,0,HOLD,0.22,3,False,backfill
2026-08-04T12:55:01.092635+09:00,2026-08-04,JPM,JPMorgan Chase & Co.,US,금융,2026-08-03,352.64,6436600,9256260.0,7.1793,,69,55,35,60,55,0,HOLD,0.38,5,False,backfill
2026-08-04T12:55:01.092635+09:00,2026-08-04,MU,"Micron Technology, Inc.",US,반도체,2026-08-03,829.5,42607100,46889995.0,88.9921,,33,60,35,58,43,0,AVOID,-0.1,-1,True,backfill
2026-08-04T12:55:01.092635+09:00,2026-08-04,WMT,Walmart Inc.,US,소매,2026-08-03,110.71,23942500,20836945.0,2.7914,,50,55,25,37,42,0,AVOID,-0.47,-6,True,backfill
2026-08-04T12:55:01.092635+09:00,2026-08-04,AMD,"Advanced Micro Devices, Inc.",US,반도체,2026-08-03,484.64,24422300,27587440.0,41.5736,,33,60,37,35,40,0,AVOID,-0.16,-2,True,backfill
2026-08-04T12:55:01.092635+09:00,2026-08-04,V,Visa Inc.,US,금융,2026-08-03,364.9919,5521300,7421690.0,8.1484,,69,55,38,50,54,0,HOLD,0.34,4,False,backfill
2026-08-04T12:55:01.092635+09:00,2026-08-04,XOM,Exxon Mobil Corporation,US,에너지,2026-08-03,154.0624,14532800,14614360.0,3.6961,,77,55,35,58,57,1,HOLD,0.3,4,False,backfill
2026-08-04T12:55:01.092635+09:00,2026-08-04,ASML,ASML Holding N.V.,US,반도체,2026-08-03,1642.52,1437400,1990805.0,83.381,,29,60,45,42,42,0,AVOID,-0.1,-1,True,backfill
2026-08-04T12:55:01.092635+09:00,2026-08-04,JNJ,Johnson & Johnson,US,제약/바이오,2026-08-03,254.41,8136300,8173890.0,6.7836,,47,60,46,53,50,0,HOLD,0.18,2,False,backfill
2026-08-04T12:55:01.092635+09:00,2026-08-04,MA,Mastercard Incorporated,US,금융,2026-08-03,570.97,3508300,3051015.0,12.6371,,84,55,38,50,59,1,HOLD,0.56,7,False,backfill
2026-08-04T12:55:01.092635+09:00,2026-08-04,INTC,Intel Corp.,US,반도체,2026-08-03,91.0,96633600,117244225.0,7.9579,,25,60,60,42,45,0,HOLD,-0.27,-3,False,backfill
2026-08-04T12:55:01.092635+09:00,2026-08-04,CSCO,"Cisco Systems, Inc.",US,IT,2026-08-03,115.86,17712400,20457100.0,3.5343,,73,55,35,50,55,1,HOLD,0.4,5,False,backfill
2026-08-04T12:55:01.092635+09:00,2026-08-04,BAC,Bank of America Corporation,US,금융,2026-08-03,62.48,24013700,33255940.0,1.0836,,73,55,45,60,59,1,HOLD,0.54,6,False,backfill
2026-08-04T12:55:01.092635+09:00,2026-08-04,ABBV,AbbVie Inc.,US,제약/바이오,2026-08-03,245.1,7435600,5919435.0,6.9021,,50,60,48,51,52,0,HOLD,0.25,3,False,backfill
2026-08-04T12:55:01.092635+09:00,2026-08-04,COST,Costco Wholesale Corporation,US,소매,2026-08-03,954.08,2014100,2201615.0,19.7528,,72,55,27,29,49,1,HOLD,-0.05,-1,False,backfill
2026-08-04T12:55:01.092635+09:00,2026-08-04,AMAT,"Applied Materials, Inc.",US,반도체,2026-08-03,518.21,5978900,8325745.0,41.27,,33,60,35,42,40,0,AVOID,-0.15,-2,True,backfill
2026-08-04T12:55:01.092635+09:00,2026-08-04,ORCL,Oracle Corporation,US,IT,2026-08-03,141.85,49696900,39276685.0,7.4336,,70,55,35,50,54,1,HOLD,-0.04,0,False,backfill
2026-08-04T12:55:01.092635+09:00,2026-08-04,CVX,Chevron Corporation,US,에너지,2026-08-03,193.18,9544100,7570815.0,4.3064,,87,55,17,58,55,1,HOLD,0.25,3,False,backfill
2026-08-04T12:55:01.092635+09:00,2026-08-04,GE,GE Aerospace,US,산업재,2026-08-03,368.93,3371900,3927965.0,11.2936,,92,55,38,29,59,1,HOLD,0.62,7,False,backfill
2026-08-04T12:55:01.092635+09:00,2026-08-04,CAT,Caterpillar Inc.,US,산업재,2026-08-03,830.03,3314300,3025655.0,40.7839,,25,55,35,42,37,0,AVOID,-0.57,-7,True,backfill
2026-08-04T12:55:01.092635+09:00,2026-08-04,UNH,UnitedHealth Group Incorporated,US,제약/바이오,2026-08-03,415.36,3209600,5493270.0,13.8307,,50,60,63,66,58,0,HOLD,0.43,5,False,backfill
2026-08-04T12:55:01.092635+09:00,2026-08-04,KO,The Coca-Cola Company,US,소매,2026-08-03,86.86,23197100,17551770.0,2.1557,,91,55,38,37,60,1,HOLD,0.59,7,False,backfill
2026-08-04T12:55:01.092635+09:00,2026-08-04,HSBC,HSBC Holdings plc,US,금융,2026-08-03,107.3417,1336400,1324165.0,2.0821,,82,55,50,60,64,1,HOLD,0.72,9,False,backfill
2026-08-04T12:55:01.092635+09:00,2026-08-04,LRCX,Lam Research Corporation,US,반도체,2026-08-03,294.61,10010900,11573085.0,25.9357,,29,60,40,42,40,0,AVOID,-0.17,-2,True,backfill
2026-08-04T12:55:01.092635+09:00,2026-08-04,PG,The Procter & Gamble Company,US,소매,2026-08-03,144.97,8843600,8663170.0,3.6654,,43,55,48,45,47,0,HOLD,-0.08,-1,False,backfill
2026-08-04T12:55:01.092635+09:00,2026-08-04,HD,"The Home Depot, Inc.",US,소비재,2026-08-03,340.02,2908100,3830825.0,9.2729,,55,55,45,42,50,0,HOLD,0.15,2,False,backfill
2026-08-04T12:55:01.092635+09:00,2026-08-04,MS,Morgan Stanley,US,금융,2026-08-03,211.23,4982600,5944640.0,7.5589,,44,55,35,60,46,0,HOLD,0.0,0,False,backfill
2026-08-04T12:55:01.092635+09:00,2026-08-04,MRK,"Merck & Co., Inc.",US,제약/바이오,2026-08-03,127.77,11153800,8657875.0,3.4479,,69,60,35,53,55,0,HOLD,0.37,4,False,backfill
2026-08-04T12:55:01.092635+09:00,2026-08-04,NFLX,"Netflix, Inc.",US,인터넷,2026-08-03,73.33,33922300,48513860.0,2.74,,55,60,20,50,45,0,HOLD,-0.38,-5,False,backfill
2026-08-04T12:55:01.092635+09:00,2026-08-04,BABA,Alibaba Group Holding Limited,US,소비재,2026-08-03,127.3,14603700,12462340.0,4.2272,,67,55,43,58,56,0,HOLD,0.18,2,False,backfill
2026-08-04T12:55:01.092635+09:00,2026-08-04,GS,"The Goldman Sachs Group, Inc.",US,금융,2026-08-03,1027.0601,1706500,2006850.0,40.2636,,44,55,35,60,46,0,HOLD,0.02,0,False,backfill
2026-08-04T12:55:01.092635+09:00,2026-08-04,RY,Royal Bank of Canada,US,금융,2026-08-03,210.47,941300,1423990.0,3.5375,,62,55,50,50,55,0,HOLD,0.4,5,False,backfill
2026-08-04T12:55:01.092635+09:00,2026-08-04,PM,Philip Morris International Inc.,US,소매,2026-08-03,187.41,3986100,5112140.0,6.2821,,54,55,48,58,53,0,HOLD,0.25,3,False,backfill
2026-08-04T12:55:01.092635+09:00,2026-08-04,NVS,Novartis AG,US,제약/바이오,2026-08-03,153.67,1666600,1777980.0,3.7043,,76,60,53,53,62,1,HOLD,0.56,7,False,backfill
2026-08-04T12:55:01.092635+09:00,2026-08-04,RTX,RTX Corporation,US,산업재,2026-08-03,215.9327,3814300,5024060.0,5.9517,,80,55,35,58,58,1,HOLD,0.53,6,False,backfill
2026-08-04T12:55:01.092635+09:00,2026-08-04,PLTR,Palantir Technologies Inc.,US,IT,2026-08-03,125.65,77282900,36059385.0,5.92,,25,55,32,35,35,0,AVOID,-0.74,-9,True,backfill
2026-08-04T12:55:01.092635+09:00,2026-08-04,DELL,Dell Technologies Inc.,US,IT,2026-08-03,429.02,4838300,6601710.0,37.0783,,66,55,38,66,55,0,HOLD,0.39,5,False,backfill
2026-08-04T12:55:01.092635+09:00,2026-08-04,PANW,"Palo Alto Networks, Inc.",US,IT,2026-08-03,347.13,7306700,6509585.0,14.895,,66,55,35,30,49,0,HOLD,0.23,3,False,backfill
2026-08-04T12:55:01.092635+09:00,2026-08-04,GEV,GE Vernova Inc.,US,유틸리티,2026-08-03,1006.76,2011400,2982135.0,67.6754,,43,55,35,50,44,0,AVOID,-0.3,-4,True,backfill
2026-08-04T12:55:01.092635+09:00,2026-08-04,WFC,Wells Fargo & Company,US,금융,2026-08-03,87.3883,11180000,16642310.0,1.9936,,62,55,45,60,55,0,HOLD,0.34,4,False,backfill
2026-08-04T12:55:01.092635+09:00,2026-08-04,ARM,Arm Holdings plc American Depositary Sha,US,반도체,2026-08-03,239.06,6049200,6339455.0,22.5389,,27,60,43,35,40,0,AVOID,-0.18,-2,True,backfill
2026-08-04T12:55:01.092635+09:00,2026-08-04,SHEL,Shell plc,US,에너지,2026-08-03,90.2887,6532897,6950349.3,1.6421,,74,55,53,78,64,2,WATCH,0.54,6,False,backfill
2026-08-04T12:55:01.092635+09:00,2026-08-04,MUFG,"Mitsubishi UFJ Financial Group, Inc.",US,금융,2026-08-03,22.49,3811700,3556875.0,0.5243,,66,55,53,60,59,0,HOLD,0.53,6,False,backfill
2026-08-04T12:55:01.092635+09:00,2026-08-04,TXN,Texas Instruments Incorporated,US,반도체,2026-08-03,269.04,8017300,8124835.0,12.1887,,20,60,40,42,37,0,AVOID,-0.53,-6,True,backfill
2026-08-04T12:55:01.092635+09:00,2026-08-04,AZN,AstraZeneca PLC,US,제약/바이오,2026-08-03,157.97,16313000,3613865.0,4.6143,,39,60,53,58,50,0,HOLD,-0.21,-3,False,backfill
2026-08-04T12:55:01.092635+09:00,2026-08-04,KLAC,KLA Corporation,US,반도체,2026-08-03,182.5437,10263000,12474435.0,13.7894,,24,60,43,42,40,0,AVOID,-0.3,-4,True,backfill
2026-08-04T12:55:01.092635+09:00,2026-08-04,ANET,"Arista Networks, Inc.",US,IT,2026-08-03,184.89,8335700,7442230.0,10.6524,,84,55,43,35,59,1,HOLD,0.48,6,False,backfill
2026-08-04T12:55:01.092635+09:00,2026-08-04,AXP,American Express Company,US,금융,2026-08-03,344.72,2864600,3162470.0,8.485,,47,55,48,50,49,0,HOLD,0.08,1,False,backfill
2026-08-04T12:55:01.092635+09:00,2026-08-04,C,Citigroup Inc.,US,금융,2026-08-03,133.57,8084100,12490515.0,3.5059,,32,55,53,76,49,1,HOLD,-0.01,0,False,backfill
2026-08-04T12:55:01.092635+09:00,2026-08-04,LIN,Linde plc,US,소재,2026-08-03,480.46,2806200,2106620.0,12.0879,,20,55,27,58,35,0,AVOID,-0.63,-8,True,backfill
2026-08-04T12:55:01.092635+09:00,2026-08-04,SAP,SAP SE,US,IT,2026-08-03,189.65,2975700,3519045.0,8.0493,,63,55,53,50,56,0,HOLD,0.42,5,False,backfill
2026-08-04T12:55:01.092635+09:00,2026-08-04,TM,Toyota Motor Corporation,US,소비재,2026-08-03,186.17,490500,458430.0,3.5357,,80,55,53,54,63,1,HOLD,0.49,6,False,backfill
2026-08-04T12:55:01.092635+09:00,2026-08-04,TMO,Thermo Fisher Scientific Inc.,US,제약/바이오,2026-08-03,574.03,1588900,2224075.0,18.5114,,88,60,53,58,67,1,HOLD,0.86,10,False,backfill
2026-08-04T12:55:01.092635+09:00,2026-08-04,IBM,International Business Machines Corporat,US,IT,2026-08-03,224.6981,7974700,14373140.0,8.6118,,65,55,48,58,57,0,HOLD,0.24,3,False,backfill
2026-08-04T12:55:01.092635+09:00,2026-08-04,BHP,BHP Group Limited,US,소재,2026-08-03,83.5,2199200,2424360.0,2.3486,,69,55,50,45,57,0,HOLD,0.38,5,False,backfill
2026-08-04T12:55:01.092635+09:00,2026-08-04,SAN,"Banco Santander, S.A.",US,금융,2026-08-03,14.45,12235200,9813415.0,0.3871,,92,55,45,55,65,1,HOLD,0.79,9,False,backfill
2026-08-04T12:55:01.092635+09:00,2026-08-04,NVO,Novo Nordisk A/S,US,제약/바이오,2026-08-03,46.4959,11859700,9573630.0,1.51,,50,60,53,57,54,0,HOLD,0.21,3,False,backfill
2026-08-04T12:55:01.092635+09:00,2026-08-04,CRWD,"CrowdStrike Holdings, Inc.",US,IT,2026-08-03,202.54,10302600,8445035.0,9.1849,,66,55,37,22,48,0,HOLD,0.22,3,False,backfill
2026-08-04T12:55:01.092635+09:00,2026-08-04,TD,The Toronto-Dominion Bank,US,금융,2026-08-03,121.15,2053700,3085525.0,2.2014,,70,55,53,58,60,1,HOLD,0.57,7,False,backfill
2026-08-04T12:55:01.092635+09:00,2026-08-04,AMGN,Amgen Inc.,US,제약/바이오,2026-08-03,378.87,3443100,2379260.0,10.8386,,91,60,45,50,65,1,HOLD,0.79,9,False,backfill
2026-08-04T12:55:01.092635+09:00,2026-08-04,APH,Amphenol Corporation,US,IT,2026-08-03,163.34,7161900,6919400.0,7.7143,,91,55,53,42,65,1,HOLD,0.81,10,False,backfill
2026-08-04T12:55:01.092635+09:00,2026-08-04,VZ,Verizon Communications Inc.,US,인터넷,2026-08-03,47.36,23007900,27160495.0,1.4514,,62,60,38,84,58,1,HOLD,0.25,3,False,backfill
2026-08-04T12:55:01.092635+09:00,2026-08-04,TTE,TotalEnergies SE,US,에너지,2026-08-03,87.2,1513500,1764525.0,1.8614,,72,55,55,86,66,2,WATCH,0.45,5,False,backfill
2026-08-04T12:55:01.092635+09:00,2026-08-04,SNDK,Sandisk Corporation,US,IT,2026-08-03,1288.03,14759300,16390495.0,193.7067,,25,55,35,42,37,0,AVOID,-0.47,-6,True,backfill
2026-08-04T12:55:01.092635+09:00,2026-08-04,PEP,"PepsiCo, Inc.",US,소매,2026-08-03,139.63,6645300,8766875.0,3.1421,,72,55,35,42,53,1,HOLD,0.04,0,False,backfill
2026-08-04T12:55:01.092635+09:00,2026-08-04,TMUS,"T-Mobile US, Inc.",US,인터넷,2026-08-03,177.09,4471300,4921980.0,7.9664,,43,60,56,74,55,1,HOLD,0.01,0,False,backfill
2026-08-04T12:55:01.092635+09:00,2026-08-04,MCD,McDonald's Corporation,US,소비재,2026-08-03,265.23,7440500,4422930.0,5.8521,,50,55,45,50,50,0,HOLD,-0.1,-1,False,backfill
2026-08-04T12:55:01.092635+09:00,2026-08-04,STX,Seagate Technology Holdings plc,US,IT,2026-08-03,831.06,5329400,5562340.0,84.8922,,32,55,43,50,43,0,AVOID,-0.12,-1,True,backfill
2026-08-04T12:55:01.092635+09:00,2026-08-04,ABT,Abbott Laboratories,US,제약/바이오,2026-08-03,107.12,7409600,12359645.0,3.6414,,73,60,50,58,61,1,HOLD,0.62,7,False,backfill
2026-08-04T12:55:01.092635+09:00,2026-08-04,BA,The Boeing Company,US,산업재,2026-08-03,233.49,10994600,5896880.0,8.0886,,73,55,50,30,56,1,HOLD,0.36,4,False,backfill
2026-08-04T12:55:01.092635+09:00,2026-08-04,SCHW,The Charles Schwab Corporation,US,금융,2026-08-03,105.5622,6443500,8329990.0,2.2912,,66,55,35,58,53,0,HOLD,0.33,4,False,backfill
2026-08-04T12:55:01.092635+09:00,2026-08-04,WDC,Western Digital Corporation,US,IT,2026-08-03,527.22,8279900,7387750.0,54.0686,,69,55,43,50,56,0,HOLD,0.43,5,False,backfill
2026-08-04T12:55:01.092635+09:00,2026-08-04,NEE,"NextEra Energy, Inc.",US,유틸리티,2026-08-03,86.55,11862300,10454775.0,1.8143,,43,55,38,42,44,0,AVOID,-0.33,-4,True,backfill
2026-08-04T12:55:01.092635+09:00,2026-08-04,ADI,"Analog Devices, Inc.",US,반도체,2026-08-03,361.88,3743100,3900760.0,13.7964,,28,60,43,58,43,0,AVOID,-0.4,-5,True,backfill
2026-08-04T12:55:01.092635+09:00,2026-08-04,BLK,"BlackRock, Inc.",US,금융,2026-08-03,1126.63,745900,799760.0,33.1757,,81,55,50,58,63,1,HOLD,0.6,7,False,backfill
2026-08-04T12:55:01.092635+09:00,2026-08-04,TJX,"The TJX Companies, Inc.",US,소비재,2026-08-03,157.0046,4549800,4850085.0,3.6122,,72,55,35,37,52,1,HOLD,0.17,2,False,backfill
2026-08-04T12:55:01.092635+09:00,2026-08-04,UNP,Union Pacific Corporation,US,산업재,2026-08-03,291.23,2342600,3201945.0,7.9764,,47,55,50,37,48,0,HOLD,0.1,1,False,backfill
2026-08-04T12:55:01.092635+09:00,2026-08-04,UBS,UBS Group AG,US,금융,2026-08-03,52.75,1600400,1944925.0,1.1439,,66,55,45,66,57,0,HOLD,0.46,6,False,backfill
2026-08-04T12:55:01.092635+09:00,2026-08-04,DIS,The Walt Disney Company,US,인터넷,2026-08-03,98.14,11480300,10860830.0,2.4007,,72,60,45,60,60,1,HOLD,0.33,4,False,backfill
2026-08-04T12:55:01.092635+09:00,2026-08-04,ETN,Eaton Corporation plc,US,산업재,2026-08-03,437.1544,3635400,2451395.0,20.7718,,69,55,53,37,57,0,HOLD,0.34,4,False,backfill
2026-08-04T12:55:01.092635+09:00,2026-08-04,MRVL,"Marvell Technology, Inc.",US,반도체,2026-08-03,193.78,21015800,24515710.0,17.1364,,24,60,53,35,42,0,AVOID,-0.12,-1,True,backfill
2026-08-04T12:55:01.092635+09:00,2026-08-04,WELL,Welltower Inc.,US,리츠,2026-08-03,232.2233,3786200,2919415.0,5.9027,,47,55,53,38,49,0,HOLD,0.09,1,False,backfill
2026-08-04T12:55:01.092635+09:00,2026-08-04,BUD,Anheuser-Busch InBev SA/NV,US,소매,2026-08-03,84.05,1566900,1735595.0,2.01,,91,55,53,60,68,1,HOLD,0.88,11,False,backfill
2026-08-04T12:55:01.092635+09:00,2026-08-04,DE,Deere & Company,US,산업재,2026-08-03,605.06,1053200,1079780.0,18.3007,,65,55,50,58,57,0,HOLD,0.34,4,False,backfill
2026-08-04T12:55:01.092635+09:00,2026-08-04,GILD,"Gilead Sciences, Inc.",US,제약/바이오,2026-08-03,131.15,7523500,6429770.0,3.6821,,43,60,35,68,48,0,HOLD,-0.13,-2,False,backfill
2026-08-04T12:55:01.092635+09:00,2026-08-04,BX,Blackstone Inc.,US,금융,2026-08-03,134.68,5503800,4951965.0,4.801,,81,55,57,50,64,1,HOLD,0.67,8,False,backfill
2026-08-04T12:55:01.092635+09:00,2026-08-04,T,AT&T Inc.,US,인터넷,2026-08-03,23.59,53816900,77973615.0,0.7986,,70,60,30,78,57,2,HOLD,0.13,2,False,backfill
2026-08-04T12:55:01.092635+09:00,2026-08-04,TBB,AT&T Inc. 5.35% GLB NTS 66,US,인터넷,2026-08-03,19.94,69300,129675.0,0.1543,,25,60,58,80,50,1,HOLD,-0.17,-2,False,backfill
2026-08-04T12:55:01.092635+09:00,2026-08-04,QCOM,QUALCOMM Incorporated,US,반도체,2026-08-03,151.57,13700700,13276040.0,7.4543,,15,60,38,76,40,1,AVOID,-0.58,-7,True,backfill
2026-08-04T12:55:01.092635+09:00,2026-08-04,BBVA,"Banco Bilbao Vizcaya Argentaria, S.A.",US,금융,2026-08-03,28.36,1901200,1326470.0,0.7107,,92,55,50,60,67,1,HOLD,0.86,10,False,backfill
2026-08-04T12:55:01.092635+09:00,2026-08-04,RIO,Rio Tinto Group,US,소재,2026-08-03,93.8394,1610700,2948885.0,2.0905,,69,55,53,55,59,0,HOLD,0.31,4,False,backfill
2026-08-04T12:55:01.092635+09:00,2026-08-04,SCCO,Southern Copper Corporation,US,소재,2026-08-03,185.91,897100,1145865.0,8.4271,,69,55,46,37,54,0,HOLD,0.39,5,False,backfill
2026-08-04T12:55:01.092635+09:00,2026-08-04,CRM,"Salesforce, Inc.",US,IT,2026-08-03,185.95,12908000,12885050.0,8.8514,,77,55,45,74,63,2,WATCH,0.45,5,False,backfill
2026-08-04T12:55:01.092635+09:00,2026-08-04,SHOP,Shopify Inc.,US,IT,2026-08-03,117.01,9187100,8209600.0,6.3735,,43,55,45,35,45,0,HOLD,-0.28,-3,False,backfill
2026-08-04T12:55:01.092635+09:00,2026-08-04,IBKR,"Interactive Brokers Group, Inc.",US,금융,2026-08-03,87.75,5184700,4305865.0,3.8429,,47,55,53,58,52,0,HOLD,0.15,2,False,backfill
2026-08-04T12:55:01.092635+09:00,2026-08-04,BKNG,Booking Holdings Inc.,US,소비재,2026-08-03,192.71,7057500,5692890.0,7.335,,84,55,48,66,65,1,HOLD,0.75,9,False,backfill
2026-08-04T12:55:01.092635+09:00,2026-08-04,UBER,"Uber Technologies, Inc.",US,IT,2026-08-03,71.61,12953300,16017975.0,2.2909,,50,55,45,55,50,0,HOLD,-0.04,0,False,backfill
2026-08-04T12:55:01.092635+09:00,2026-08-04,COP,ConocoPhillips,US,에너지,2026-08-03,118.3705,6555200,6315215.0,3.1142,,87,55,27,58,58,1,HOLD,0.29,3,False,backfill
2026-08-04T12:55:01.092635+09:00,2026-08-04,PFE,Pfizer Inc.,US,제약/바이오,2026-08-03,25.03,40645800,38537700.0,0.4823,,62,60,35,66,54,0,HOLD,0.12,1,False,backfill
2026-08-04T12:55:01.092635+09:00,2026-08-04,DHR,Danaher Corporation,US,제약/바이오,2026-08-03,197.5,2950600,6591675.0,8.5364,,63,60,45,58,56,0,HOLD,0.41,5,False,backfill
2026-08-04T12:55:01.092635+09:00,2026-08-04,UL,Unilever PLC,US,소매,2026-08-03,63.2678,7821700,5250450.0,1.6582,,84,55,53,53,64,1,HOLD,0.68,8,False,backfill
2026-08-04T12:55:01.092635+09:00,2026-08-04,APP,AppLovin Corporation,US,IT,2026-08-03,406.16,4591800,6119325.0,20.1928,,25,55,43,50,40,0,AVOID,-0.58,-7,True,backfill
2026-08-04T12:55:01.092635+09:00,2026-08-04,LMT,Lockheed Martin Corporation,US,산업재,2026-08-03,586.29,1236400,1214765.0,17.7936,,69,55,43,42,54,0,HOLD,0.38,5,False,backfill
2026-08-04T12:55:01.092635+09:00,2026-08-04,PLD,"Prologis, Inc.",US,리츠,2026-08-03,144.15,2739100,4394200.0,3.6757,,43,55,48,45,47,0,HOLD,-0.04,0,False,backfill
2026-08-04T12:55:01.092635+09:00,2026-08-04,CVS,CVS Health Corp.,US,제약/바이오,2026-08-03,105.37,5377300,7573335.0,2.5493,,51,60,35,58,49,0,HOLD,0.15,2,False,backfill
2026-08-04T12:55:01.092635+09:00,2026-08-04,CB,Chubb Limited,US,금융,2026-08-03,348.23,1636400,2044210.0,8.6657,,47,55,35,68,48,0,HOLD,-0.0,0,False,backfill
2026-08-04T12:55:01.092635+09:00,2026-08-04,BMY,Bristol-Myers Squibb Company,US,제약/바이오,2026-08-03,65.47,32970900,12200515.0,1.9021,,73,60,27,76,57,2,HOLD,0.44,5,False,backfill
2026-08-04T12:55:01.092635+09:00,2026-08-04,COF,Capital One Financial Corporation,US,금융,2026-08-03,216.914,4226200,4613225.0,5.7034,,81,55,43,76,64,2,WATCH,0.69,8,False,backfill
2026-08-04T12:55:01.092635+09:00,2026-08-04,SONY,Sony Group Corporation,US,IT,2026-08-03,22.63,5736700,5346675.0,0.5971,,84,55,40,58,61,1,HOLD,0.63,8,False,backfill
2026-08-04T12:55:01.092635+09:00,2026-08-04,ISRG,"Intuitive Surgical, Inc.",US,제약/바이오,2026-08-03,375.41,3502100,4064605.0,17.2679,,63,60,35,50,52,0,HOLD,-0.11,-1,False,backfill
2026-08-04T12:55:01.092635+09:00,2026-08-04,SYK,Stryker Corporation,US,제약/바이오,2026-08-03,341.2,2627600,2500620.0,12.3543,,84,60,43,58,63,1,HOLD,0.7,8,False,backfill
2026-08-04T12:55:01.092635+09:00,2026-08-04,BTI,British American Tobacco p.l.c.,US,소매,2026-08-03,59.56,3708200,4176710.0,1.7421,,43,55,53,60,51,0,HOLD,0.05,1,False,backfill
2026-08-04T12:55:01.092635+09:00,2026-08-04,PDD,PDD Holdings Inc.,US,소비재,2026-08-03,90.15,6429500,6471645.0,2.3857,,77,55,50,94,67,2,WATCH,0.46,6,False,backfill
2026-08-04T12:55:01.092635+09:00,2026-08-04,GLW,Corning Inc,US,IT,2026-08-03,146.64,12618600,13747095.0,13.4593,,25,55,30,35,34,0,AVOID,-0.69,-8,True,backfill
2026-08-04T12:55:01.092635+09:00,2026-08-04,BMO,Bank of Montreal,US,금융,2026-08-03,179.72,211000,843705.0,3.3566,,66,55,53,58,59,0,HOLD,0.52,6,False,backfill
2026-08-04T12:55:01.092635+09:00,2026-08-04,PH,Parker-Hannifin Corporation,US,산업재,2026-08-03,997.52,505600,552960.0,25.6043,,66,55,53,45,57,0,HOLD,0.47,6,False,backfill
2026-08-04T12:55:01.092635+09:00,2026-08-04,MFG,"Mizuho Financial Group, Inc.",US,금융,2026-08-03,10.26,3925700,4299580.0,0.315,,51,55,53,68,55,0,HOLD,0.34,4,False,backfill
2026-08-04T12:55:01.092635+09:00,2026-08-04,HDB,HDFC Bank Limited,US,금융,2026-08-03,24.1,4697900,9392240.0,0.6743,,40,55,53,52,49,0,HOLD,-0.11,-1,False,backfill
2026-08-04T12:55:01.092635+09:00,2026-08-04,PBR,Petróleo Brasileiro S.A. - Petrobras,US,에너지,2026-08-03,19.06,11126200,15417250.0,0.5121,,87,55,50,81,69,2,WATCH,0.49,6,False,backfill
2026-08-04T12:55:01.092635+09:00,2026-08-04,SPGI,S&P Global Inc.,US,금융,2026-08-03,416.25,1957600,2025445.0,13.5486,,43,55,48,50,48,0,HOLD,-0.03,0,False,backfill
2026-08-04T12:55:01.092635+09:00,2026-08-04,PGR,The Progressive Corporation,US,금융,2026-08-03,210.46,2007200,3010260.0,6.995,,44,55,35,65,47,0,HOLD,-0.08,-1,False,backfill
2026-08-04T12:55:01.092635+09:00,2026-08-04,FTNT,"Fortinet, Inc.",US,IT,2026-08-03,163.21,5916900,5496515.0,7.0036,,66,55,43,42,53,0,HOLD,0.36,4,False,backfill
2026-08-04T12:55:01.092635+09:00,2026-08-04,VRTX,Vertex Pharmaceuticals Incorporated,US,제약/바이오,2026-08-03,470.72,1510500,1452605.0,12.3471,,47,60,43,58,50,0,HOLD,0.11,1,False,backfill
2026-08-04T12:55:01.092635+09:00,2026-08-04,LOW,"Lowe's Companies, Inc.",US,소비재,2026-08-03,212.06,2270800,3138765.0,6.1027,,72,55,45,60,59,1,HOLD,0.26,3,False,backfill
2026-08-04T12:55:01.092635+09:00,2026-08-04,ENB,Enbridge Inc.,US,에너지,2026-08-03,53.3659,2653200,3293440.0,0.8885,,28,55,53,45,43,0,AVOID,-0.26,-3,True,backfill
2026-08-04T12:55:01.092635+09:00,2026-08-04,NOW,"ServiceNow, Inc.",US,IT,2026-08-03,114.19,24517500,24813545.0,6.9157,,88,55,32,43,58,1,HOLD,0.55,7,False,backfill
2026-08-04T12:55:01.092635+09:00,2026-08-04,SBUX,Starbucks Corporation,US,소비재,2026-08-03,102.7796,8830000,7766130.0,3.083,,43,55,45,50,47,0,HOLD,-0.13,-2,False,backfill
2026-08-04T12:55:01.092635+09:00,2026-08-04,BP,BP p.l.c.,US,에너지,2026-08-03,43.7226,10673900,7897635.0,1.0231,,87,55,45,66,65,1,HOLD,0.49,6,False,backfill
2026-08-04T12:55:01.092635+09:00,2026-08-04,HWM,Howmet Aerospace Inc.,US,산업재,2026-08-03,286.2016,1509400,1941780.0,8.9721,,69,55,53,43,58,0,HOLD,0.51,6,False,backfill
2026-08-04T12:55:01.092635+09:00,2026-08-04,MO,"Altria Group, Inc.",US,소매,2026-08-03,68.26,9750400,8065330.0,2.3129,,46,55,53,68,53,0,HOLD,-0.0,0,False,backfill
2026-08-04T12:55:01.092635+09:00,2026-08-04,MDT,Medtronic plc,US,제약/바이오,2026-08-03,86.68,6785300,7411675.0,2.3279,,74,60,45,58,60,1,HOLD,0.54,6,False,backfill
2026-08-04T12:55:01.092635+09:00,2026-08-04,CM,Canadian Imperial Bank of Commerce,US,금융,2026-08-03,119.27,336800,1104465.0,2.3164,,62,55,53,60,58,0,HOLD,0.39,5,False,backfill
2026-08-04T12:55:01.092635+09:00,2026-08-04,SOJE,Southern Company (The) Series 2,US,유틸리티,2026-08-03,16.67,58700,55735.0,0.1464,,43,55,58,50,51,0,HOLD,-0.0,0,False,backfill
2026-08-04T12:55:01.092635+09:00,2026-08-04,IBN,ICICI Bank Limited,US,금융,2026-08-03,30.26,4193100,7206655.0,0.5735,,62,55,53,58,57,0,HOLD,0.46,6,False,backfill
2026-08-04T12:55:01.092635+09:00,2026-08-04,ADP,"Automatic Data Processing, Inc.",US,IT,2026-08-03,269.78,3103700,2442235.0,9.4971,,92,55,53,42,65,1,HOLD,0.83,10,False,backfill
2026-08-04T12:55:01.092635+09:00,2026-08-04,SOMN,The Southern Company,US,유틸리티,2026-08-03,49.17,10300,173855.0,0.8261,,31,55,55,50,46,0,HOLD,-0.24,-3,False,backfill
2026-08-04T12:55:01.092635+09:00,2026-08-04,BNS,The Bank of Nova Scotia,US,금융,2026-08-03,88.3,2048300,2348800.0,1.5757,,62,55,53,68,59,0,HOLD,0.5,6,False,backfill
2026-08-04T12:55:01.092635+09:00,2026-08-04,BNY,Bank of New York Mellon Corp,US,금융,2026-08-03,156.2,2739000,3853145.0,3.6287,,62,55,48,50,55,0,HOLD,0.38,5,False,backfill
2026-08-04T12:55:01.092635+09:00,2026-08-04,SO,The Southern Company,US,유틸리티,2026-08-03,92.1789,8958400,4841680.0,2.08,,43,55,48,42,47,0,HOLD,-0.14,-2,False,backfill
2026-08-04T12:55:01.092635+09:00,2026-08-04,SNOW,Snowflake Inc.,US,IT,2026-08-03,307.53,7988000,4891420.0,14.6293,,77,55,35,22,52,1,HOLD,0.36,4,False,backfill
2026-08-04T12:55:01.092635+09:00,2026-08-04,GD,General Dynamics Corporation,US,산업재,2026-08-03,382.43,918800,1175580.0,9.0136,,69,55,43,50,56,0,HOLD,0.36,4,False,backfill
2026-08-04T12:55:01.092635+09:00,2026-08-04,GSK,GSK plc,US,제약/바이오,2026-08-03,51.0485,4530800,4641065.0,1.3867,,65,60,53,63,60,0,HOLD,0.39,5,False,backfill
2026-08-04T12:55:01.092635+09:00,2026-08-04,SNY,Sanofi,US,제약/바이오,2026-08-03,42.95,2602800,3349140.0,1.0893,,43,60,53,61,52,0,HOLD,0.03,0,False,backfill
2026-08-04T12:55:01.092635+09:00,2026-08-04,PWR,"Quanta Services, Inc.",US,산업재,2026-08-03,680.2,1105400,1158235.0,34.4314,,65,55,53,35,55,0,HOLD,0.09,1,False,backfill
2026-08-04T12:55:01.092635+09:00,2026-08-04,EQIX,"Equinix, Inc.",US,리츠,2026-08-03,1031.4399,574300,535865.0,35.0828,,65,55,46,30,52,0,HOLD,0.08,1,False,backfill
2026-08-04T12:55:01.092635+09:00,2026-08-04,TT,Trane Technologies plc,US,산업재,2026-08-03,461.21,1207900,1301320.0,16.4386,,40,55,56,50,49,0,HOLD,-0.11,-1,False,backfill
2026-08-04T12:55:01.092635+09:00,2026-08-04,ACN,Accenture plc,US,IT,2026-08-03,165.76,6741900,8067745.0,8.0914,,62,55,46,68,57,0,HOLD,0.13,2,False,backfill
2026-08-04T12:55:01.092635+09:00,2026-08-04,VRT,Vertiv Holdings Co,US,산업재,2026-08-03,263.05,9517100,6280485.0,21.4942,,15,55,43,42,35,0,AVOID,-0.76,-9,True,backfill
2026-08-04T12:55:01.092635+09:00,2026-08-04,ING,ING Groep N.V.,US,금융,2026-08-03,34.8962,2366300,2328945.0,0.7806,,92,55,53,60,68,1,HOLD,0.89,11,False,backfill
2026-08-04T12:55:01.092635+09:00,2026-08-04,NEM,Newmont Corporation,US,소재,2026-08-03,95.37,5050200,7161935.0,3.2714,,65,55,35,76,56,1,HOLD,0.02,0,False,backfill
2026-08-04T12:55:01.092635+09:00,2026-08-04,PNC,"The PNC Financial Services Group, Inc.",US,금융,2026-08-03,251.72,1999900,2000925.0,4.3558,,62,55,38,60,53,0,HOLD,0.31,4,False,backfill
2026-08-04T12:55:01.092635+09:00,2026-08-04,NET,"Cloudflare, Inc.",US,IT,2026-08-03,282.74,3095200,3098380.0,14.1421,,63,55,35,27,48,0,HOLD,0.18,2,False,backfill
2026-08-04T12:55:01.092635+09:00,2026-08-04,SPOT,Spotify Technology S.A.,US,인터넷,2026-08-03,486.33,3329000,1736095.0,18.6656,,69,60,35,42,53,0,HOLD,0.3,4,False,backfill
2026-08-04T12:55:01.092635+09:00,2026-08-04,ADBE,Adobe Inc.,US,IT,2026-08-03,251.34,4293800,5653090.0,13.2629,,80,55,53,76,66,2,WATCH,0.56,7,False,backfill
2026-08-04T12:55:01.092635+09:00,2026-08-04,USB,U.S. Bancorp,US,금융,2026-08-03,63.94,5525500,8177120.0,1.2293,,69,55,45,60,58,0,HOLD,0.48,6,False,backfill
2026-08-04T12:55:01.092635+09:00,2026-08-04,CEG,Constellation Energy Corporation,US,유틸리티,2026-08-03,273.71,2329800,2703650.0,9.5786,,72,55,50,37,57,1,HOLD,0.1,1,False,backfill
2026-08-04T12:55:01.092635+09:00,2026-08-04,SMFG,"Sumitomo Mitsui Financial Group, Inc.",US,금융,2026-08-03,25.25,2550800,1861830.0,0.665,,51,55,45,60,51,0,HOLD,0.23,3,False,backfill
2026-08-04T12:55:01.092635+09:00,2026-08-04,DDOG,"Datadog, Inc.",US,IT,2026-08-03,273.6,5082000,4190900.0,12.7138,,85,55,43,35,59,1,HOLD,0.6,7,False,backfill
2026-08-04T12:55:01.092635+09:00,2026-08-04,BN,Brookfield Corporation,US,금융,2026-08-03,43.53,9051500,3876375.0,0.9764,,65,55,53,35,55,0,HOLD,0.18,2,False,backfill
2026-08-04T12:55:01.092635+09:00,2026-08-04,DUK,Duke Energy Corporation,US,유틸리티,2026-08-03,123.1968,5075600,3590085.0,2.4959,,46,55,53,42,49,0,HOLD,-0.04,0,False,backfill
2026-08-04T12:55:01.092635+09:00,2026-08-04,CNQ,Canadian Natural Resources Limited,US,에너지,2026-08-03,46.36,6785300,7885110.0,1.1957,,87,55,53,73,68,2,WATCH,0.64,8,False,backfill
2026-08-04T12:55:01.092635+09:00,2026-08-04,MCK,McKesson Corporation,US,제약/바이오,2026-08-03,827.14,1439700,942825.0,25.02,,72,60,46,66,61,1,HOLD,0.43,5,False,backfill
2026-08-04T12:55:01.092635+09:00,2026-08-04,MELI,"MercadoLibre, Inc.",US,소비재,2026-08-03,1898.79,442900,352135.0,53.4964,,70,55,62,34,59,1,HOLD,0.45,5,False,backfill
2026-08-04T12:55:01.092635+09:00,2026-08-04,CME,CME Group Inc.,US,금융,2026-08-03,266.17,1622600,2704575.0,6.8179,,57,55,56,45,54,0,HOLD,0.07,1,False,backfill
2026-08-04T12:55:01.092635+09:00,2026-08-04,KKR,KKR & Co. Inc.,US,금융,2026-08-03,106.3579,5799500,3846115.0,3.7208,,77,55,45,66,61,1,HOLD,0.46,6,False,backfill
2026-08-04T12:55:01.092635+09:00,2026-08-04,EQNR,Equinor ASA,US,에너지,2026-08-03,39.5261,3288000,4175640.0,1.371,,87,55,50,78,68,2,WATCH,0.62,7,False,backfill
2026-08-04T12:55:01.092635+09:00,2026-08-04,BNH,Brookfield Finance Inc.,US,금융,2026-08-03,15.05,88100,33445.0,0.2444,,51,55,55,50,53,0,HOLD,0.07,1,False,backfill
2026-08-04T12:55:01.092635+09:00,2026-08-04,BNJ,Brookfield Finance Inc. 4.50% P,US,금융,2026-08-03,15.049,35100,24700.0,0.1942,,46,55,55,50,51,0,HOLD,0.07,1,False,backfill
2026-08-04T12:55:01.092635+09:00,2026-08-04,BCS,Barclays PLC,US,금융,2026-08-03,27.5209,3396700,5677030.0,0.878,,66,55,53,78,62,1,HOLD,0.59,7,False,backfill
2026-08-04T12:55:01.092635+09:00,2026-08-04,ITUB,Itaú Unibanco Holding S.A.,US,금융,2026-08-03,8.487,13177900,18825065.0,0.1542,,58,55,53,70,58,1,HOLD,0.27,3,False,backfill
2026-08-04T12:55:01.092635+09:00,2026-08-04,CDNS,"Cadence Design Systems, Inc.",US,IT,2026-08-03,336.15,1818500,2356900.0,16.285,,25,55,43,30,37,0,AVOID,-0.51,-6,True,backfill
2026-08-04T12:55:01.092635+09:00,2026-08-04,CSX,CSX Corporation,US,산업재,2026-08-03,49.83,12822800,13914700.0,1.3393,,47,55,43,58,49,0,HOLD,0.1,1,False,backfill
2026-08-04T12:55:01.092635+09:00,2026-08-04,MRSH,"Marsh & McLennan Companies, Inc.",US,금융,2026-08-03,192.84,2355800,2746495.0,5.5495,,81,55,35,66,60,1,HOLD,0.57,7,False,backfill
2026-08-04T12:55:01.092635+09:00,2026-08-04,MNST,Monster Beverage Corporation,US,소매,2026-08-03,93.55,7080600,5721365.0,2.435,,51,55,35,42,46,0,HOLD,0.06,1,False,backfill
2026-08-04T12:55:01.092635+09:00,2026-08-04,FCX,Freeport-McMoRan Inc.,US,소재,2026-08-03,63.64,8951400,14867890.0,2.9257,,69,55,35,53,54,0,HOLD,0.35,4,False,backfill
2026-08-04T12:55:01.092635+09:00,2026-08-04,MAR,"Marriott International, Inc.",US,소비재,2026-08-03,346.83,4419300,1519600.0,9.6829,,28,55,45,58,43,0,AVOID,-0.3,-4,True,backfill
2026-08-04T12:55:01.092635+09:00,2026-08-04,MMM,3M Company,US,산업재,2026-08-03,177.23,2749500,3840525.0,5.4014,,80,55,43,58,61,1,HOLD,0.61,7,False,backfill
2026-08-04T12:55:01.092635+09:00,2026-08-04,LYG,Lloyds Banking Group plc,US,금융,2026-08-03,6.1763,11580300,16292470.0,0.1586,,88,55,53,76,69,2,WATCH,0.89,11,False,backfill
2026-08-04T12:55:01.092635+09:00,2026-08-04,UPS,"United Parcel Service, Inc.",US,산업재,2026-08-03,105.1928,5712800,5391095.0,3.2939,,44,55,50,66,51,0,HOLD,0.18,2,False,backfill
2026-08-04T12:55:01.092635+09:00,2026-08-04,WM,"Waste Management, Inc.",US,산업재,2026-08-03,226.43,2213000,1838325.0,5.8864,,46,55,45,42,47,0,HOLD,-0.1,-1,False,backfill
2026-08-04T12:55:01.092635+09:00,2026-08-04,MPC,Marathon Petroleum Corporation,US,에너지,2026-08-03,307.03,2105300,2049705.0,9.0571,,66,55,35,58,53,0,HOLD,0.33,4,False,backfill
2026-08-04T12:55:01.092635+09:00,2026-08-04,CMI,Cummins Inc.,US,산업재,2026-08-03,648.85,1306800,923480.0,25.9993,,28,55,43,58,42,0,AVOID,-0.33,-4,True,backfill
2026-08-04T12:55:01.092635+09:00,2026-08-04,ABNB,"Airbnb, Inc.",US,소비재,2026-08-03,150.64,3597500,3389145.0,4.1629,,91,55,35,50,61,1,HOLD,0.56,7,False,backfill
2026-08-04T12:55:01.092635+09:00,2026-08-04,JCI,Johnson Controls International plc,US,소재,2026-08-03,146.39,3172500,3494020.0,4.9529,,77,55,35,50,56,1,HOLD,0.28,3,False,backfill
2026-08-04T12:55:01.092635+09:00,2026-08-04,VLO,Valero Energy Corporation,US,에너지,2026-08-03,307.54,3302200,2776330.0,11.2784,,73,55,27,63,54,1,HOLD,0.36,4,False,backfill
2026-08-04T12:55:01.092635+09:00,2026-08-04,HCA,"HCA Healthcare, Inc.",US,제약/바이오,2026-08-03,406.61,1176700,1817400.0,13.975,,80,60,56,60,66,1,HOLD,0.53,6,False,backfill
2026-08-04T12:55:01.092635+09:00,2026-08-04,DASH,"DoorDash, Inc.",US,인터넷,2026-08-03,200.5,3456300,3564545.0,8.5002,,84,60,35,30,56,1,HOLD,0.52,6,False,backfill
2026-08-04T12:55:01.092635+09:00,2026-08-04,CMCSA,Comcast Corporation,US,인터넷,2026-08-03,24.56,37773900,33891420.0,1.0036,,72,60,40,83,62,2,WATCH,0.28,3,False,backfill
2026-08-04T12:55:01.092635+09:00,2026-08-04,INTU,Intuit Inc.,US,IT,2026-08-03,318.39,4036200,4187560.0,15.9721,,70,55,53,74,62,2,WATCH,0.23,3,False,backfill
2026-08-04T12:55:01.092635+09:00,2026-08-04,RCL,Royal Caribbean Cruises Ltd.,US,소비재,2026-08-03,324.0,1987000,2492715.0,12.075,,77,55,45,42,58,1,HOLD,0.53,6,False,backfill
2026-08-04T12:55:01.092635+09:00,2026-08-04,EMR,Emerson Electric Co.,US,산업재,2026-08-03,154.3266,3431800,2665130.0,4.504,,58,55,45,58,54,0,HOLD,0.32,4,False,backfill
2026-08-04T12:55:01.092635+09:00,2026-08-04,WMB,"The Williams Companies, Inc.",US,에너지,2026-08-03,70.43,7524500,6527035.0,1.9629,,43,55,38,42,44,0,AVOID,-0.3,-4,True,backfill
2026-08-04T12:55:01.092635+09:00,2026-08-04,SHW,The Sherwin-Williams Company,US,소재,2026-08-03,354.22,2083100,2117265.0,11.71,,81,55,45,50,60,1,HOLD,0.61,7,False,backfill
2026-08-04T12:55:01.092635+09:00,2026-08-04,ICE,"Intercontinental Exchange, Inc.",US,금융,2026-08-03,151.8,5682400,4247705.0,4.2343,,70,55,43,50,56,1,HOLD,0.21,3,False,backfill
2026-08-04T12:55:01.092635+09:00,2026-08-04,NTES,"NetEase, Inc.",US,IT,2026-08-03,131.58,551300,917030.0,3.3964,,77,55,45,68,62,1,HOLD,0.61,7,False,backfill
2026-08-04T12:55:01.092635+09:00,2026-08-04,MCO,Moody's Corporation,US,금융,2026-08-03,482.3407,700000,872845.0,13.8992,,47,55,43,42,47,0,HOLD,-0.0,0,False,backfill
2026-08-04T12:55:01.092635+09:00,2026-08-04,ELV,Elevance Health Inc.,US,제약/바이오,2026-08-03,382.77,1140000,1494250.0,15.6207,,25,60,45,76,46,1,HOLD,-0.2,-2,False,backfill
2026-08-04T12:55:01.092635+09:00,2026-08-04,ITW,Illinois Tool Works Inc.,US,산업재,2026-08-03,288.49,1183500,1565400.0,7.9071,,91,55,50,42,64,1,HOLD,0.78,9,False,backfill
2026-08-04T12:55:01.092635+09:00,2026-08-04,PSX,Phillips 66,US,에너지,2026-08-03,206.19,1992200,2530490.0,6.2329,,69,55,25,50,50,0,HOLD,0.24,3,False,backfill
2026-08-04T12:55:01.092635+09:00,2026-08-04,EPD,Enterprise Products Partners L.P.,US,에너지,2026-08-03,37.87,2840400,3268915.0,0.7266,,65,55,50,60,58,0,HOLD,0.27,3,False,backfill
2026-08-04T12:55:01.092635+09:00,2026-08-04,CTAS,Cintas Corporation,US,산업재,2026-08-03,203.4814,2093600,2650110.0,6.9954,,66,55,56,29,55,0,HOLD,0.45,5,False,backfill
2026-08-04T12:55:01.092635+09:00,2026-08-04,HOOD,"Robinhood Markets, Inc.",US,금융,2026-08-03,90.34,19740500,21114235.0,6.4854,,39,55,43,50,45,0,HOLD,0.01,0,False,backfill
2026-08-04T12:55:01.092635+09:00,2026-08-04,ROST,"Ross Stores, Inc.",US,소비재,2026-08-03,252.91,2457300,2279690.0,5.8986,,76,55,50,42,59,1,HOLD,0.53,6,False,backfill
2026-08-04T12:55:01.092635+09:00,2026-08-04,BAM,Brookfield Asset Management Ltd.,US,금융,2026-08-03,50.69,2211000,2183410.0,1.3343,,81,55,56,50,64,1,HOLD,0.63,8,False,backfill
2026-08-04T12:55:01.092635+09:00,2026-08-04,ASX,"ASE Technology Holding Co., Ltd.",US,반도체,2026-08-03,36.68,9489600,9843720.0,2.66,,32,60,40,37,41,0,AVOID,-0.14,-2,True,backfill
2026-08-04T12:55:01.092635+09:00,2026-08-04,AMT,American Tower Corporation,US,리츠,2026-08-03,173.0,2505900,3118565.0,4.84,,72,55,45,42,56,1,HOLD,0.22,3,False,backfill
2026-08-04T12:55:01.092635+09:00,2026-08-04,NGG,National Grid plc,US,유틸리티,2026-08-03,79.86,918300,769385.0,1.4879,,38,55,50,42,46,0,HOLD,-0.25,-3,False,backfill
2026-08-04T12:55:01.092635+09:00,2026-08-04,CP,Canadian Pacific Kansas City Ltd.,US,산업재,2026-08-03,90.65,2716800,2522400.0,1.9757,,47,55,56,58,53,0,HOLD,0.21,3,False,backfill
2026-08-04T12:55:01.092635+09:00,2026-08-04,GM,General Motors Company,US,소비재,2026-08-03,87.68,4813400,7284015.0,3.0429,,81,55,35,74,61,2,WATCH,0.6,7,False,backfill
2026-08-04T12:55:01.092635+09:00,2026-08-04,E,Eni S.p.A.,US,에너지,2026-08-03,54.5,365600,411055.0,1.38,,72,55,53,58,61,1,HOLD,0.38,5,False,backfill
2026-08-04T12:55:01.092635+09:00,2026-08-04,MDLZ,"Mondelez International, Inc.",US,소매,2026-08-03,61.73,9585200,9704005.0,1.8857,,72,55,45,58,58,1,HOLD,0.34,4,False,backfill
2026-08-04T12:55:01.092635+09:00,2026-08-04,ECL,Ecolab Inc.,US,소재,2026-08-03,279.43,1595400,1223100.0,6.7257,,84,55,50,58,64,1,HOLD,0.67,8,False,backfill
2026-08-04T12:55:01.092635+09:00,2026-08-04,REGN,"Regeneron Pharmaceuticals, Inc.",US,제약/바이오,2026-08-03,759.24,842600,791835.0,21.9493,,66,60,56,58,61,0,HOLD,0.48,6,False,backfill
2026-08-04T12:55:01.092635+09:00,2026-08-04,HON,Honeywell International Inc.,US,산업재,2026-08-03,246.0318,3279000,3396805.0,7.2034,,61,55,35,65,53,0,HOLD,0.26,3,False,backfill
2026-08-04T12:55:01.092635+09:00,2026-08-04,TRV,"The Travelers Companies, Inc.",US,금융,2026-08-03,373.82,2313300,2170065.0,11.2207,,73,55,43,78,61,2,WATCH,0.58,7,False,backfill
2026-08-04T12:55:01.092635+09:00,2026-08-04,NOC,Northrop Grumman Corporation,US,산업재,2026-08-03,548.47,672800,927995.0,17.8543,,72,55,45,55,58,1,HOLD,0.27,3,False,backfill
2026-08-04T12:55:01.092635+09:00,2026-08-04,SU,Suncor Energy Inc.,US,에너지,2026-08-03,65.98,3966000,3854190.0,1.6486,,87,55,53,71,68,2,WATCH,0.62,7,False,backfill
2026-08-04T12:55:01.092635+09:00,2026-08-04,EOG,"EOG Resources, Inc.",US,에너지,2026-08-03,145.68,2775800,2933750.0,3.8784,,87,55,43,68,65,1,HOLD,0.59,7,False,backfill
2026-08-04T12:55:01.092635+09:00,2026-08-04,CNI,Canadian National Railway Company,US,산업재,2026-08-03,125.81,862700,1669115.0,2.5029,,47,55,53,50,51,0,HOLD,0.22,3,False,backfill
2026-08-04T12:55:01.092635+09:00,2026-08-04,AON,Aon plc,US,금융,2026-08-03,357.63,1950100,1411685.0,10.5932,,47,55,43,45,47,0,HOLD,0.08,1,False,backfill
2026-08-04T12:55:01.092635+09:00,2026-08-04,NSC,Norfolk Southern Corporation,US,산업재,2026-08-03,335.3229,776500,1147495.0,8.1833,,69,55,53,45,58,0,HOLD,0.43,5,False,backfill
2026-08-04T12:55:01.092635+09:00,2026-08-04,SNPS,"Synopsys, Inc.",US,IT,2026-08-03,392.07,1799200,1990310.0,16.36,,37,55,45,43,44,0,AVOID,-0.42,-5,True,backfill
2026-08-04T12:55:01.092635+09:00,2026-08-04,AMX,"América Móvil, S.A.B. de C.V.",US,인터넷,2026-08-03,24.96,2019100,1767905.0,0.63,,35,60,50,76,51,1,HOLD,-0.11,-1,False,backfill
2026-08-04T12:55:01.092635+09:00,2026-08-04,AEM,Agnico Eagle Mines Limited,US,소재,2026-08-03,147.42,1444400,2398825.0,5.17,,55,55,45,63,53,0,HOLD,-0.1,-1,False,backfill
2026-08-04T12:55:01.092635+09:00,2026-08-04,APO,"Apollo Global Management, Inc.",US,금융,2026-08-03,129.42,3853200,3993540.0,4.3393,,69,55,35,51,53,0,HOLD,0.16,2,False,backfill
2026-08-04T12:55:01.092635+09:00,2026-08-04,APOS,"Apollo Global Management, Inc.",US,금융,2026-08-03,25.68,19300,49535.0,0.155,,65,55,45,50,55,0,HOLD,0.21,3,False,backfill
2026-08-04T12:55:01.092635+09:00,2026-08-04,CI,Cigna Corporation,US,제약/바이오,2026-08-03,282.06,1789300,1619870.0,9.6236,,40,60,40,94,52,1,HOLD,-0.0,0,False,backfill
2026-08-04T12:55:01.092635+09:00,2026-08-04,ORLY,"O'Reilly Automotive, Inc.",US,소비재,2026-08-03,89.76,5104100,8322595.0,3.0729,,72,55,38,50,55,1,HOLD,0.16,2,False,backfill
2026-08-04T12:55:01.092635+09:00,2026-08-04,SPG,"Simon Property Group, Inc.",US,리츠,2026-08-03,229.16,1308300,1462660.0,4.1914,,69,55,65,47,62,0,HOLD,0.65,8,False,backfill
2026-08-04T12:55:01.092635+09:00,2026-08-04,MFC,Manulife Financial Corporation,US,금융,2026-08-03,44.51,977600,1542270.0,0.7093,,81,55,45,74,64,2,WATCH,0.7,8,False,backfill
2026-08-04T12:55:01.092635+09:00,2026-08-04,SLB,Slb N.V.,US,에너지,2026-08-03,49.31,13000000,13002540.0,1.7221,,72,55,35,58,55,1,HOLD,0.07,1,False,backfill
2026-08-04T12:55:01.092635+09:00,2026-08-04,FDX,FedEx Corporation,US,산업재,2026-08-03,309.24,944400,1560285.0,7.095,,32,55,38,68,44,0,AVOID,-0.18,-2,True,backfill
2026-08-04T12:55:01.092635+09:00,2026-08-04,MSI,"Motorola Solutions, Inc.",US,IT,2026-08-03,437.19,957400,875175.0,10.3429,,77,55,37,50,57,1,HOLD,0.28,3,False,backfill
2026-08-04T12:55:01.092635+09:00,2026-08-04,CVNA,Carvana Co.,US,소비재,2026-08-03,66.13,10042800,10835880.0,4.0925,,43,55,35,42,43,0,AVOID,-0.41,-5,True,backfill
2026-08-04T12:55:01.092635+09:00,2026-08-04,BSX,Boston Scientific Corporation,US,제약/바이오,2026-08-03,48.43,20380000,19142185.0,1.7679,,54,60,62,66,59,0,HOLD,0.11,1,False,backfill
2026-08-04T12:55:01.092635+09:00,2026-08-04,CL,Colgate-Palmolive Company,US,소매,2026-08-03,89.88,5731800,4559510.0,2.5644,,50,55,53,50,52,0,HOLD,0.14,2,False,backfill
2026-08-04T12:55:01.092635+09:00,2026-08-04,TDG,TransDigm Group Incorporated,US,산업재,2026-08-03,1285.5601,711600,348730.0,33.2843,,76,55,46,45,58,1,HOLD,0.5,6,False,backfill
2026-08-04T12:55:01.092635+09:00,2026-08-04,HLT,Hilton Worldwide Holdings Inc.,US,소비재,2026-08-03,314.34,2997300,2162395.0,7.9993,,28,55,53,50,44,0,AVOID,-0.23,-3,True,backfill
2026-08-04T12:55:01.092635+09:00,2026-08-04,DLR,"Digital Realty Trust, Inc.",US,리츠,2026-08-03,191.22,2407900,3088105.0,7.4136,,72,55,56,46,60,1,HOLD,0.35,4,False,backfill
2026-08-04T12:55:01.092635+09:00,2026-08-04,RACE,Ferrari N.V.,US,소비재,2026-08-03,401.28,693000,458950.0,10.4271,,88,55,45,37,61,1,HOLD,0.67,8,False,backfill
2026-08-04T12:55:01.092635+09:00,2026-08-04,NU,Nu Holdings Ltd.,US,금융,2026-08-03,14.44,30458500,104904805.0,0.4782,,66,55,45,66,57,0,HOLD,0.29,3,False,backfill
2026-08-04T12:55:01.092635+09:00,2026-08-04,KMI,"Kinder Morgan, Inc.",US,에너지,2026-08-03,31.4,9056000,9612665.0,0.7563,,43,55,35,45,43,0,AVOID,-0.28,-3,True,backfill
2026-08-04T12:55:01.092635+09:00,2026-08-04,AEP,"American Electric Power Company, Inc.",US,유틸리티,2026-08-03,127.3504,4882900,3950705.0,2.7944,,43,55,53,42,48,0,HOLD,-0.11,-1,False,backfill
2026-08-04T12:55:01.092635+09:00,2026-08-04,DB,Deutsche Bank AG,US,금융,2026-08-03,37.17,1812400,1964705.0,0.95,,92,55,53,88,72,2,WATCH,0.99,12,False,backfill
2026-08-04T12:55:01.092635+09:00,2026-08-04,ET,Energy Transfer LP,US,에너지,2026-08-03,19.9464,10887400,8651345.0,0.2951,,65,55,53,76,61,1,HOLD,0.4,5,False,backfill
2026-08-04T12:55:01.092635+09:00,2026-08-04,PCAR,PACCAR Inc,US,산업재,2026-08-03,131.7112,5879100,3669720.0,3.7793,,91,55,40,58,64,1,HOLD,0.73,9,False,backfill
2026-08-04T12:55:01.092635+09:00,2026-08-04,URI,"United Rentals, Inc.",US,산업재,2026-08-03,1113.9977,462000,506440.0,43.2276,,95,55,53,58,69,1,HOLD,0.92,11,False,backfill
2026-08-04T12:55:01.092635+09:00,2026-08-04,TRP,TC Energy Corporation,US,에너지,2026-08-03,65.86,2692600,2528815.0,1.7021,,43,55,53,45,49,0,HOLD,-0.04,0,False,backfill
2026-08-04T12:55:01.092635+09:00,2026-08-04,SATA,"Strive, Inc. Variable Rate Series A Perp",US,금융,2026-08-03,96.759,180000,142420.0,1.4514,,46,55,58,42,51,0,HOLD,0.05,1,False,backfill
2026-08-04T12:55:01.092635+09:00,2026-08-04,TGT,Target Corporation,US,소매,2026-08-03,148.2124,4856900,3726600.0,4.3381,,73,55,43,50,57,1,HOLD,0.48,6,False,backfill
2026-08-04T12:55:01.092635+09:00,2026-08-04,ALL,The Allstate Corporation,US,금융,2026-08-03,262.68,1302700,1604315.0,7.0814,,95,55,48,73,70,2,WATCH,0.92,11,False,backfill
2026-08-04T12:55:01.092635+09:00,2026-08-04,SE,Sea Limited,US,소비재,2026-08-03,111.15,4513000,4588545.0,4.4729,,59,55,43,50,52,0,HOLD,0.29,3,False,backfill
2026-08-04T12:55:01.092635+09:00,2026-08-04,HPE,Hewlett Packard Enterprise Company,US,IT,2026-08-03,50.24,17026300,17161880.0,3.0067,,85,55,45,66,64,1,HOLD,0.73,9,False,backfill
2026-08-04T12:55:01.092635+09:00,2026-08-04,MPWR,"Monolithic Power Systems, Inc.",US,반도체,2026-08-03,1344.37,1215200,956865.0,94.1272,,65,60,43,35,53,0,HOLD,-0.04,0,False,backfill
2026-08-04T12:55:01.092635+09:00,2026-08-04,CRH,CRH plc,US,소재,2026-08-03,98.1964,5064200,4042340.0,3.2961,,28,55,56,60,47,0,HOLD,-0.32,-4,False,backfill
2026-08-04T12:55:01.092635+09:00,2026-08-04,WBD,"Warner Bros. Discovery, Inc.",US,인터넷,2026-08-03,26.09,13639700,23711990.0,0.5586,,25,60,53,38,42,0,AVOID,-0.33,-4,True,backfill
2026-08-04T12:55:01.092635+09:00,2026-08-04,APD,"Air Products and Chemicals, Inc.",US,소재,2026-08-03,292.94,1605500,1159660.0,7.1893,,46,55,53,42,49,0,HOLD,-0.03,0,False,backfill
2026-08-04T12:55:01.092635+09:00,2026-08-04,GWW,"W.W. Grainger, Inc.",US,산업재,2026-08-03,1368.5774,343600,266425.0,34.2267,,51,55,40,50,48,0,HOLD,0.14,2,False,backfill
2026-08-04T12:55:01.092635+09:00,2026-08-04,TFC,Truist Financial Corporation,US,금융,2026-08-03,51.4105,8206300,8014155.0,1.0772,,62,55,48,70,58,1,HOLD,0.33,4,False,backfill
2026-08-04T12:55:01.092635+09:00,2026-08-04,AFL,Aflac Incorporated,US,금융,2026-08-03,126.71,1963300,1902420.0,2.0286,,91,55,35,68,64,1,HOLD,0.68,8,False,backfill
2026-08-04T12:55:01.092635+09:00,2026-08-04,RSG,"Republic Services, Inc.",US,산업재,2026-08-03,209.62,1130100,1353875.0,5.22,,43,55,62,45,51,0,HOLD,0.07,1,False,backfill
2026-08-04T12:55:01.092635+09:00,2026-08-04,BE,Bloom Energy Corporation,US,산업재,2026-08-03,218.32,18450900,17562335.0,29.1968,,63,55,46,43,53,0,HOLD,-0.05,-1,False,backfill
2026-08-04T12:55:01.092635+09:00,2026-08-04,AJG,Arthur J. Gallagher & Co.,US,금융,2026-08-03,247.79,1581800,1446580.0,9.1679,,51,55,56,58,54,0,HOLD,0.34,4,False,backfill
2026-08-04T12:55:01.092635+09:00,2026-08-04,RELX,RELX Plc,US,산업재,2026-08-03,35.8778,4420600,3052980.0,1.3062,,80,55,53,50,62,1,HOLD,0.51,6,False,backfill
2026-08-04T12:55:01.092635+09:00,2026-08-04,NKE,"NIKE, Inc.",US,소비재,2026-08-03,42.64,21329900,17921260.0,1.2986,,28,55,53,50,44,0,AVOID,-0.24,-3,True,backfill
2026-08-04T12:55:01.092635+09:00,2026-08-04,B,Barrick Mining Corporation,US,소재,2026-08-03,37.36,6792000,7834520.0,1.2807,,65,55,50,78,60,1,HOLD,0.31,4,False,backfill
2026-08-04T12:55:01.092635+09:00,2026-08-04,FIX,"Comfort Systems USA, Inc.",US,산업재,2026-08-03,1770.0433,391500,538455.0,123.6574,,65,55,46,50,55,0,HOLD,0.12,1,False,backfill
2026-08-04T12:55:01.092635+09:00,2026-08-04,VALE,Vale S.A.,US,소재,2026-08-03,14.1756,30705800,22647455.0,0.3431,,65,55,45,74,58,1,HOLD,0.17,2,False,backfill
2026-08-04T12:55:01.092635+09:00,2026-08-04,MET,"MetLife, Inc.",US,금융,2026-08-03,95.717,4466800,3860595.0,1.6789,,95,55,53,58,69,1,HOLD,0.92,11,False,backfill
2026-08-04T12:55:01.092635+09:00,2026-08-04,BDX,"Becton, Dickinson and Company",US,제약/바이오,2026-08-03,170.21,1727600,1744110.0,4.5814,,66,60,43,66,58,0,HOLD,0.48,6,False,backfill
2026-08-04T12:55:01.092635+09:00,2026-08-04,PSA,Public Storage,US,리츠,2026-08-03,325.9,840800,1304040.0,9.2671,,92,55,56,37,66,1,HOLD,0.79,9,False,backfill
2026-08-04T12:55:01.092635+09:00,2026-08-04,LITE,Lumentum Holdings Inc.,US,IT,2026-08-03,779.89,4198400,4340940.0,81.7056,,55,55,33,43,47,0,HOLD,-0.3,-4,False,backfill
2026-08-04T12:55:01.092635+09:00,2026-08-04,D,"Dominion Energy, Inc.",US,유틸리티,2026-08-03,68.75,2900500,4296320.0,1.35,,47,55,56,50,52,0,HOLD,0.19,2,False,backfill
2026-08-04T12:55:01.092635+09:00,2026-08-04,BKR,Baker Hughes Company,US,에너지,2026-08-03,60.5871,6714000,9691930.0,2.0396,,69,55,38,58,55,0,HOLD,0.05,1,False,backfill
2026-08-04T12:55:01.092635+09:00,2026-08-04,DAL,"Delta Air Lines, Inc.",US,산업재,2026-08-03,91.59,5485700,6874185.0,2.6657,,92,55,46,76,68,2,WATCH,0.87,10,False,backfill
2026-08-04T12:55:01.092635+09:00,2026-08-04,COR,"Cencora, Inc.",US,제약/바이오,2026-08-03,307.7732,1602900,1337395.0,7.4135,,58,60,65,50,59,0,HOLD,0.36,4,False,backfill
2026-08-04T12:55:01.092635+09:00,2026-08-04,MPLX,MPLX Lp,US,에너지,2026-08-03,57.8599,1603100,1576530.0,1.0194,,88,55,50,55,65,1,HOLD,0.65,8,False,backfill
2026-08-04T12:55:01.092635+09:00,2026-08-04,NUE,Nucor Corporation,US,소재,2026-08-03,261.28,1286400,1336505.0,8.4079,,63,55,35,53,52,0,HOLD,0.27,3,False,backfill
2026-08-04T12:55:01.092635+09:00,2026-08-04,TEL,TE Connectivity plc,US,반도체,2026-08-03,204.97,2599800,2805760.0,8.0821,,65,60,53,66,61,0,HOLD,0.37,4,False,backfill
2026-08-04T12:55:01.092635+09:00,2026-08-04,O,Realty Income Corporation,US,리츠,2026-08-03,63.48,6055500,5030915.0,1.2417,,43,55,56,45,50,0,HOLD,0.0,0,False,backfill
2026-08-04T12:55:01.092635+09:00,2026-08-04,GRMN,Garmin Ltd.,US,IT,2026-08-03,304.76,905900,1042200.0,11.3021,,77,55,43,45,58,1,HOLD,0.52,6,False,backfill
2026-08-04T12:55:01.092635+09:00,2026-08-04,F,Ford Motor Company,US,소비재,2026-08-03,14.2754,42705200,54530930.0,0.537,,80,55,58,57,65,1,HOLD,0.76,9,False,backfill
2026-08-04T12:55:01.092635+09:00,2026-08-04,SRE,Sempra,US,유틸리티,2026-08-03,87.73,3333000,2757740.0,1.9807,,35,55,46,58,46,0,HOLD,-0.27,-3,False,backfill
2026-08-04T12:55:01.092635+09:00,2026-08-04,TER,"Teradyne, Inc.",US,반도체,2026-08-03,365.8,2698700,3874090.0,31.9993,,69,60,35,50,54,0,HOLD,0.29,3,False,backfill
2026-08-04T12:55:01.092635+09:00,2026-08-04,TRGP,Targa Resources Corp.,US,에너지,2026-08-03,264.6,797600,1101410.0,7.3939,,43,55,53,34,47,0,HOLD,-0.05,-1,False,backfill
2026-08-04T12:55:01.092635+09:00,2026-08-04,NXPI,NXP Semiconductors N.V.,US,반도체,2026-08-03,224.17,5421300,4379255.0,12.75,,10,60,53,66,41,0,AVOID,-0.6,-7,True,backfill
2026-08-04T12:55:01.092635+09:00,2026-08-04,COHR,"Coherent, Inc.",US,IT,2026-08-03,288.14,5547900,4738905.0,29.5879,,28,55,40,43,39,0,AVOID,-0.57,-7,True,backfill
2026-08-04T12:55:01.092635+09:00,2026-08-04,FANG,"Diamondback Energy, Inc.",US,에너지,2026-08-03,197.6614,2204900,1891300.0,6.1447,,87,55,46,38,61,1,HOLD,0.38,5,False,backfill
2026-08-04T12:55:01.092635+09:00,2026-08-04,AME,"AMETEK, Inc.",US,산업재,2026-08-03,243.77,1676200,1062200.0,5.3379,,88,55,53,53,66,1,HOLD,0.69,8,False,backfill
2026-08-04T12:55:01.092635+09:00,2026-08-04,OKE,"ONEOK, Inc.",US,에너지,2026-08-03,88.24,4526500,3469485.0,2.224,,43,55,27,60,43,0,AVOID,-0.3,-4,True,backfill
2026-08-04T12:55:01.092635+09:00,2026-08-04,CIEN,Ciena Corporation,US,IT,2026-08-03,390.76,1243700,1994075.0,31.1021,,37,55,33,43,40,0,AVOID,-0.55,-7,True,backfill
2026-08-04T12:55:01.092635+09:00,2026-08-04,FAST,Fastenal Company,US,산업재,2026-08-03,48.11,7672200,9012790.0,1.2948,,88,55,56,29,63,1,HOLD,0.66,8,False,backfill
2026-08-04T12:55:01.092635+09:00,2026-08-04,CAH,"Cardinal Health, Inc.",US,제약/바이오,2026-08-03,235.6,2094400,2268745.0,5.0979,,69,60,45,66,60,0,HOLD,0.54,6,False,backfill
2026-08-04T12:55:01.092635+09:00,2026-08-04,OXY,Occidental Petroleum Corporation,US,에너지,2026-08-03,55.47,8665100,9126175.0,1.5936,,80,55,45,51,60,1,HOLD,0.31,4,False,backfill
2026-08-04T12:55:01.092635+09:00,2026-08-04,ALAB,"Astera Labs, Inc. Common Stock",US,반도체,2026-08-03,321.05,4136300,4428190.0,33.2654,,36,60,43,35,43,0,AVOID,-0.05,-1,True,backfill
2026-08-04T12:55:01.092635+09:00,2026-08-04,KEYS,"Keysight Technologies, Inc.",US,IT,2026-08-03,321.89,831300,1253640.0,13.775,,65,55,53,42,56,0,HOLD,0.14,2,False,backfill
2026-08-04T12:55:01.092635+09:00,2026-08-04,MT,ArcelorMittal S.A.,US,소재,2026-08-03,71.6829,1385000,1704810.0,2.0451,,92,55,53,58,68,1,HOLD,0.88,11,False,backfill
2026-08-04T12:55:01.092635+09:00,2026-08-04,CVE,Cenovus Energy Inc.,US,에너지,2026-08-03,29.57,7410500,7387065.0,1.0014,,87,55,53,78,69,2,WATCH,0.67,8,False,backfill
2026-08-04T12:55:01.092635+09:00,2026-08-04,LNG,"Cheniere Energy, Inc.",US,에너지,2026-08-03,257.5208,1299000,1795215.0,7.7738,,43,55,43,37,44,0,AVOID,-0.25,-3,True,backfill
2026-08-04T12:55:01.092635+09:00,2026-08-04,TAK,Takeda Pharmaceutical Company Limited,US,제약/바이오,2026-08-03,16.83,3154300,3932865.0,0.3629,,58,60,50,66,57,0,HOLD,0.26,3,False,backfill
2026-08-04T12:55:01.092635+09:00,2026-08-04,ROK,"Rockwell Automation, Inc.",US,산업재,2026-08-03,479.503,1676100,753505.0,15.0985,,92,55,43,42,62,1,HOLD,0.72,9,False,backfill
2026-08-04T12:55:01.092635+09:00,2026-08-04,EA,Electronic Arts Inc.,US,IT,2026-07-17,208.9,3883020,,,,58,55,35,50,49,0,HOLD,0.04,0,False,backfill
2026-08-04T12:55:01.092635+09:00,2026-08-04,NDAQ,"Nasdaq, Inc.",US,금융,2026-08-03,94.14,4015800,4093740.0,2.6293,,80,55,46,58,62,1,HOLD,0.49,6,False,backfill
2026-08-04T12:55:01.092635+09:00,2026-08-04,VST,Vistra Corp.,US,유틸리티,2026-08-03,155.94,4022300,4094810.0,8.1598,,43,55,43,50,46,0,HOLD,-0.18,-2,False,backfill
2026-08-04T12:55:01.092635+09:00,2026-08-04,CARR,Carrier Global Corporation,US,산업재,2026-08-03,63.17,5792200,7271480.0,2.4002,,25,55,45,50,41,0,AVOID,-0.42,-5,True,backfill
2026-08-04T12:55:01.092635+09:00,2026-08-04,LHX,"L3Harris Technologies, Inc.",US,산업재,2026-08-03,277.86,3416900,1515435.0,10.5193,,28,55,53,58,45,0,HOLD,-0.34,-4,False,backfill
2026-08-04T12:55:01.092635+09:00,2026-08-04,ARGX,argenx SE,US,제약/바이오,2026-08-03,830.79,257800,289820.0,27.5521,,46,60,53,50,52,0,HOLD,0.08,1,False,backfill
2026-08-04T12:55:01.092635+09:00,2026-08-04,FITB,Fifth Third Bancorp,US,금융,2026-08-03,56.9,4900500,6288255.0,1.3664,,47,55,45,58,50,0,HOLD,0.17,2,False,backfill
2026-08-04T12:55:01.092635+09:00,2026-08-04,EW,Edwards Lifesciences Corporation,US,제약/바이오,2026-08-03,88.82,3962300,5296930.0,2.6257,,69,60,43,50,57,0,HOLD,0.35,4,False,backfill
2026-08-04T12:55:01.092635+09:00,2026-08-04,PYPL,"PayPal Holdings, Inc.",US,금융,2026-08-03,57.87,9303200,18954220.0,2.06,,69,55,43,78,60,1,HOLD,0.53,6,False,backfill
2026-08-04T12:55:01.092635+09:00,2026-08-04,NBIS,Nebius Group N.V.,US,IT,2026-08-03,212.58,28630300,22192695.0,26.9296,,73,55,35,43,54,1,HOLD,0.38,5,False,backfill
2026-08-04T12:55:01.092635+09:00,2026-08-04,CTVA,"Corteva, Inc.",US,소재,2026-08-03,76.04,7955600,4051810.0,2.5016,,43,55,53,50,49,0,HOLD,-0.12,-1,False,backfill
2026-08-04T12:55:01.092635+09:00,2026-08-04,STT,State Street Corporation,US,금융,2026-08-03,183.67,1199600,2444620.0,5.0707,,66,55,43,76,58,1,HOLD,0.48,6,False,backfill
2026-08-04T12:55:01.092635+09:00,2026-08-04,WPM,Wheaton Precious Metals Corp.,US,소재,2026-08-03,111.86,1101300,1555235.0,4.09,,72,55,53,66,62,1,HOLD,0.3,4,False,backfill
2026-08-04T12:55:01.092635+09:00,2026-08-04,NOK,Nokia Oyj,US,IT,2026-08-03,9.36,61112500,99060190.0,0.6679,,7,55,53,51,37,0,AVOID,-0.73,-9,True,backfill
2026-08-04T12:55:01.092635+09:00,2026-08-04,ETR,Entergy Corporation,US,유틸리티,2026-08-03,107.4187,3018200,2803155.0,2.7266,,35,55,50,50,46,0,HOLD,-0.27,-3,False,backfill
2026-08-04T12:55:01.092635+09:00,2026-08-04,ELC,"Entergy Louisiana, LLC COLLATERAL TR MT",US,유틸리티,2026-08-03,20.0,6900,13710.0,0.0849,,65,55,55,50,58,0,HOLD,0.29,3,False,backfill
2026-08-04T12:55:01.092635+09:00,2026-08-04,HEI,HEICO Corporation,US,산업재,2026-08-03,360.44,397300,432460.0,10.6714,,95,55,53,27,64,1,HOLD,0.82,10,False,backfill
2026-08-04T12:55:01.092635+09:00,2026-08-04,WAB,Westinghouse Air Brake Technologies Corp,US,산업재,2026-08-03,296.47,697800,1041780.0,9.7807,,81,55,35,58,59,1,HOLD,0.52,6,False,backfill
2026-08-04T12:55:01.092635+09:00,2026-08-04,INFY,Infosys Limited,US,IT,2026-08-03,12.25,30556300,27253805.0,0.4693,,80,55,43,60,61,1,HOLD,0.45,5,False,backfill
2026-08-04T12:55:01.092635+09:00,2026-08-04,AMP,"Ameriprise Financial, Inc.",US,금융,2026-08-03,552.07,366700,598610.0,12.5295,,78,55,43,68,61,1,HOLD,0.62,7,False,backfill
2026-08-04T12:55:01.092635+09:00,2026-08-04,ADSK,"Autodesk, Inc.",US,IT,2026-08-03,234.71,1920200,2222405.0,10.0414,,80,55,68,66,69,1,HOLD,0.63,8,False,backfill
2026-08-04T12:55:01.092635+09:00,2026-08-04,DEO,Diageo plc,US,소매,2026-08-03,88.51,853900,961400.0,2.2893,,84,55,53,58,65,1,HOLD,0.74,9,False,backfill
2026-08-04T12:55:01.092635+09:00,2026-08-04,XYZ,"Block, Inc.",US,IT,2026-08-03,82.09,4284100,4623620.0,2.872,,91,55,40,43,61,1,HOLD,0.67,8,False,backfill
2026-08-04T12:55:01.092635+09:00,2026-08-04,AZO,"AutoZone, Inc.",US,소비재,2026-08-03,2990.27,181000,174275.0,99.5743,,45,55,61,50,53,0,HOLD,-0.11,-1,False,backfill
2026-08-04T12:55:01.092635+09:00,2026-08-04,XEL,Xcel Energy Inc.,US,유틸리티,2026-08-03,77.69,5178100,4966345.0,1.8293,,43,55,56,42,49,0,HOLD,-0.08,-1,False,backfill
2026-08-04T12:55:01.092635+09:00,2026-08-04,FERG,Ferguson plc,US,산업재,2026-08-03,250.08,10851500,1765465.0,7.9164,,69,55,53,42,57,0,HOLD,0.25,3,False,backfill
2026-08-04T12:55:01.092635+09:00,2026-08-04,CMG,"Chipotle Mexican Grill, Inc.",US,소비재,2026-08-03,37.46,15259300,17438650.0,1.5814,,77,55,56,50,62,1,HOLD,0.68,8,False,backfill
2026-08-04T12:55:01.092635+09:00,2026-08-04,CCEP,Coca-Cola Europacific Partners PLC,US,소매,2026-08-03,108.19,2366800,1935835.0,2.6871,,91,55,50,45,65,1,HOLD,0.79,9,False,backfill
2026-08-04T12:55:01.092635+09:00,2026-08-04,FER,Ferrovial SE,US,산업재,2026-08-03,66.08,1689500,1617365.0,1.1239,,69,55,53,38,57,0,HOLD,0.27,3,False,backfill
2026-08-04T12:55:01.092635+09:00,2026-08-04,EBAY,eBay Inc.,US,소비재,2026-08-03,107.13,6517800,3626670.0,3.3443,,46,55,35,50,45,0,HOLD,-0.2,-2,False,backfill
2026-08-04T12:55:01.092635+09:00,2026-08-04,VIK,Viking Holdings Ltd,US,소비재,2026-08-03,106.47,2272300,1890325.0,3.0054,,72,55,43,50,57,1,HOLD,0.47,6,False,backfill
2026-08-04T12:55:01.092635+09:00,2026-08-04,ABEV,Ambev S.A.,US,소매,2026-08-03,3.05,40802300,25418715.0,0.0729,,54,55,53,68,56,0,HOLD,0.26,3,False,backfill
2026-08-04T12:55:01.092635+09:00,2026-08-04,EXC,Exelon Corporation,US,유틸리티,2026-08-03,45.63,6520400,9011215.0,1.1036,,46,55,53,52,51,0,HOLD,0.0,0,False,backfill
2026-08-04T12:55:01.092635+09:00,2026-08-04,CRWV,"CoreWeave, Inc. Class A Common Stock",US,IT,2026-08-03,85.76,44558900,26473085.0,7.7444,,55,55,43,42,49,0,HOLD,-0.2,-2,False,backfill
2026-08-04T12:55:01.092635+09:00,2026-08-04,PCG,PG&E Corporation,US,유틸리티,2026-08-03,17.43,39509100,20559750.0,0.4664,,47,55,50,60,51,0,HOLD,0.13,2,False,backfill
2026-08-04T12:55:01.092635+09:00,2026-08-04,UMC,United Microelectronics Corporation,US,반도체,2026-08-03,18.69,12063300,16933350.0,1.6071,,33,60,53,58,48,0,HOLD,0.09,1,False,backfill
2026-08-04T12:55:01.092635+09:00,2026-08-04,STM,STMicroelectronics N.V.,US,반도체,2026-08-03,52.19,8782400,12723420.0,4.2,,17,60,53,51,41,0,AVOID,-0.43,-5,True,backfill
2026-08-04T12:55:01.092635+09:00,2026-08-04,AXON,"Axon Enterprise, Inc.",US,산업재,2026-08-03,575.88,1105700,817135.0,27.6914,,66,55,35,30,49,0,HOLD,0.23,3,False,backfill
2026-08-04T12:55:01.092635+09:00,2026-08-04,JD,"JD.com, Inc.",US,소비재,2026-08-03,33.02,7366500,7897300.0,0.7096,,73,55,53,74,64,2,WATCH,0.6,7,False,backfill
2026-08-04T12:55:01.092635+09:00,2026-08-04,TTWO,"Take-Two Interactive Software, Inc.",US,IT,2026-08-03,245.15,1630000,1773185.0,6.4629,,91,55,43,37,61,1,HOLD,0.61,7,False,backfill
2026-08-04T12:55:01.092635+09:00,2026-08-04,SLF,Sun Life Financial Inc.,US,금융,2026-08-03,82.46,496600,554480.0,1.2343,,69,55,53,50,59,0,HOLD,0.53,6,False,backfill
2026-08-04T12:55:01.092635+09:00,2026-08-04,ARES,Ares Management Corporation,US,금융,2026-08-03,138.57,3538200,2152040.0,5.4476,,71,55,53,35,57,1,HOLD,0.51,6,False,backfill
2026-08-04T12:55:01.092635+09:00,2026-08-04,HUM,Humana Inc.,US,제약/바이오,2026-08-03,374.5,1394300,1519255.0,17.3307,,51,60,53,58,54,0,HOLD,0.34,4,False,backfill
2026-08-04T12:55:01.092635+09:00,2026-08-04,IDXX,"IDEXX Laboratories, Inc.",US,제약/바이오,2026-08-03,567.84,1208600,609020.0,17.5678,,80,60,53,29,60,1,HOLD,0.46,6,False,backfill
2026-08-04T12:55:01.092635+09:00,2026-08-04,IX,ORIX Corporation,US,금융,2026-08-03,39.97,176600,205780.0,0.9314,,66,55,62,76,64,1,HOLD,0.68,8,False,backfill
2026-08-04T12:55:01.092635+09:00,2026-08-04,TRI,Thomson Reuters Corporation,US,산업재,2026-08-03,101.61,1529100,2218115.0,5.5407,,84,55,53,58,65,1,HOLD,0.66,8,False,backfill
2026-08-04T12:55:01.092635+09:00,2026-08-04,VTR,"Ventas, Inc.",US,리츠,2026-08-03,90.85,4408000,3419300.0,2.7093,,46,55,53,43,49,0,HOLD,0.04,0,False,backfill
2026-08-04T12:55:01.092635+09:00,2026-08-04,ODFL,"Old Dominion Freight Line, Inc.",US,산업재,2026-08-03,211.52,1867600,1713695.0,8.0143,,32,55,53,42,44,0,AVOID,-0.08,-1,True,backfill
2026-08-04T12:55:01.092635+09:00,2026-08-04,WDAY,"Workday, Inc.",US,IT,2026-08-03,165.05,3979500,4730325.0,10.1771,,85,55,43,66,64,1,HOLD,0.71,9,False,backfill
2026-08-04T12:55:01.092635+09:00,2026-08-04,HLN,Haleon plc,US,제약/바이오,2026-08-03,9.736,13100400,11022050.0,0.2423,,47,60,50,58,52,0,HOLD,0.14,2,False,backfill
2026-08-04T12:55:01.092635+09:00,2026-08-04,FLEX,Flex Ltd.,US,IT,2026-08-03,117.45,4319900,5018385.0,9.2164,,33,55,43,58,44,0,AVOID,-0.05,-1,True,backfill
2026-08-04T12:55:01.092635+09:00,2026-08-04,WDS,Woodside Energy Group Ltd,US,에너지,2026-08-03,22.69,760800,759940.0,0.6336,,87,55,53,52,65,1,HOLD,0.55,7,False,backfill
2026-08-04T12:55:01.092635+09:00,2026-08-04,CBRE,"CBRE Group, Inc.",US,리츠,2026-08-03,148.43,1497100,1807635.0,5.0464,,74,55,56,66,64,1,HOLD,0.57,7,False,backfill
2026-08-04T12:55:01.092635+09:00,2026-08-04,BSBR,Banco Santander (Brasil) S.A.,US,금융,2026-08-03,5.74,4652800,2534225.0,0.1791,,85,55,50,86,69,2,WATCH,0.67,8,False,backfill
2026-08-04T12:55:01.092635+09:00,2026-08-04,FMX,"Fomento Económico Mexicano, S.A.B. de C.",US,소매,2026-08-03,125.75,566900,534670.0,4.5293,,47,55,53,53,51,0,HOLD,0.13,2,False,backfill
2026-08-04T12:55:01.092635+09:00,2026-08-04,PFH,"Prudential Financial, Inc. 4.125% Junior",US,금융,2026-08-03,15.6499,30700,33680.0,0.1188,,17,55,55,50,41,0,AVOID,-0.43,-5,True,backfill
2026-08-04T12:55:01.092635+09:00,2026-08-04,PRU,"Prudential Financial, Inc.",US,금융,2026-08-03,122.98,2061100,1791435.0,2.265,,85,55,45,76,66,2,WATCH,0.76,9,False,backfill
2026-08-04T12:55:01.092635+09:00,2026-08-04,WCN,"Waste Connections, Inc.",US,산업재,2026-08-03,167.453,1392700,1366990.0,4.2566,,43,55,43,50,46,0,HOLD,-0.07,-1,False,backfill
2026-08-04T12:55:01.092635+09:00,2026-08-04,LYV,"Live Nation Entertainment, Inc.",US,인터넷,2026-08-03,181.69,3212500,2053075.0,5.1757,,62,60,35,30,49,0,HOLD,0.21,3,False,backfill
2026-08-04T12:55:01.092635+09:00,2026-08-04,KB,KB Financial Group Inc.,US,금융,2026-08-03,120.11,256600,314630.0,3.7729,,62,55,50,86,61,1,HOLD,0.51,6,False,backfill
2026-08-04T12:55:01.092635+09:00,2026-08-04,KDP,Keurig Dr Pepper Inc.,US,소매,2026-08-03,30.91,12417000,12191010.0,0.8014,,76,55,56,50,62,1,HOLD,0.57,7,False,backfill
2026-08-04T12:55:01.092635+09:00,2026-08-04,PAYX,"Paychex, Inc.",US,산업재,2026-08-03,117.67,2857200,3254985.0,4.1678,,95,55,35,50,62,1,HOLD,0.71,9,False,backfill
2026-08-04T12:55:01.092635+09:00,2026-08-04,AIG,"American International Group, Inc.",US,금융,2026-08-03,78.79,2630000,3286950.0,1.6879,,43,55,45,84,52,1,HOLD,0.03,0,False,backfill
2026-08-04T12:55:01.092635+09:00,2026-08-04,MSCI,MSCI Inc.,US,금융,2026-08-03,572.3829,418600,736540.0,20.9558,,25,55,65,50,47,0,HOLD,-0.17,-2,False,backfill
2026-08-04T12:55:01.092635+09:00,2026-08-04,UAL,"United Airlines Holdings, Inc.",US,산업재,2026-08-03,128.39,4251300,4475270.0,4.8479,,92,55,35,63,63,1,HOLD,0.71,9,False,backfill
2026-08-04T12:55:01.092635+09:00,2026-08-04,FNV,Franco-Nevada Corporation,US,소재,2026-08-03,214.62,354300,682990.0,6.655,,72,55,50,50,59,1,HOLD,0.29,3,False,backfill
2026-08-04T12:55:01.092635+09:00,2026-08-04,AU,AngloGold Ashanti plc,US,소재,2026-08-03,81.61,3715500,2527535.0,3.7071,,65,55,53,94,64,1,HOLD,0.31,4,False,backfill
2026-08-04T12:55:01.092635+09:00,2026-08-04,DHI,"D.R. Horton, Inc.",US,소비재,2026-08-03,146.2242,1944400,2697560.0,4.8776,,28,55,50,68,46,0,HOLD,-0.18,-2,False,backfill
2026-08-04T12:55:01.092635+09:00,2026-08-04,YUM,"Yum! Brands, Inc.",US,소비재,2026-08-03,148.8,2848400,2863210.0,5.2157,,48,55,43,50,48,0,HOLD,-0.11,-1,False,backfill
2026-08-04T12:55:01.092635+09:00,2026-08-04,MCHP,Microchip Technology Incorporated,US,반도체,2026-08-03,75.22,8143500,10596435.0,3.9943,,18,60,35,51,36,0,AVOID,-0.73,-9,True,backfill
2026-08-04T12:55:01.092635+09:00,2026-08-04,RKLB,"Rocket Lab USA, Inc.",US,산업재,2026-08-03,70.43,16768900,18786150.0,5.8908,,50,55,40,19,43,0,AVOID,-0.34,-4,True,backfill
2026-08-04T12:55:01.092635+09:00,2026-08-04,CRDO,Credo Technology Group Holding Ltd,US,반도체,2026-08-03,218.35,4667700,5923510.0,21.0707,,36,60,43,35,43,0,AVOID,-0.05,-1,True,backfill
2026-08-04T12:55:01.092635+09:00,2026-08-04,SYY,Sysco Corporation,US,소매,2026-08-03,84.98,10093600,3201645.0,2.12,,91,55,55,50,67,1,HOLD,0.86,10,False,backfill
2026-08-04T12:55:01.092635+09:00,2026-08-04,TEVA,Teva Pharmaceutical Industries Limited,US,제약/바이오,2026-08-03,34.46,6208500,5753315.0,1.2629,,72,60,43,66,60,1,HOLD,0.33,4,False,backfill
2026-08-04T12:55:01.092635+09:00,2026-08-04,ED,"Consolidated Edison, Inc.",US,유틸리티,2026-08-03,107.95,2042900,2159535.0,2.4371,,43,55,55,42,49,0,HOLD,-0.05,-1,False,backfill
2026-08-04T12:55:01.092635+09:00,2026-08-04,ROP,"Roper Technologies, Inc.",US,IT,2026-08-03,392.57,767600,893795.0,16.9521,,84,55,53,68,66,1,HOLD,0.75,9,False,backfill
2026-08-04T12:55:01.092635+09:00,2026-08-04,A,"Agilent Technologies, Inc.",US,제약/바이오,2026-08-03,139.8,1795400,2200625.0,4.1493,,95,60,53,58,70,1,HOLD,0.96,12,False,backfill
2026-08-04T12:55:01.092635+09:00,2026-08-04,HMC,"Honda Motor Co., Ltd.",US,소비재,2026-08-03,29.6,1230100,1100575.0,0.6257,,83,55,53,83,68,2,WATCH,0.84,10,False,backfill
2026-08-04T12:55:01.092635+09:00,2026-08-04,CCL,Carnival Corporation & plc,US,소비재,2026-08-03,28.5903,16774200,18971490.0,0.9813,,73,55,53,60,61,1,HOLD,0.59,7,False,backfill
2026-08-04T12:55:01.092635+09:00,2026-08-04,CLS,Celestica Inc.,US,IT,2026-08-03,341.91,2383600,2622275.0,29.0921,,55,55,43,50,51,0,HOLD,-0.17,-2,False,backfill
2026-08-04T12:55:01.092635+09:00,2026-08-04,HIG,"The Hartford Insurance Group, Inc.",US,금융,2026-08-03,142.9,2245000,1726220.0,3.6879,,91,55,50,86,71,2,WATCH,0.83,10,False,backfill
2026-08-04T12:55:01.092635+09:00,2026-08-04,CCJ,Cameco Corporation,US,에너지,2026-08-03,89.72,2908900,3918245.0,3.955,,55,55,53,43,53,0,HOLD,-0.09,-1,False,backfill
2026-08-04T12:55:01.092635+09:00,2026-08-04,ESLT,Elbit Systems Ltd.,US,산업재,2026-08-03,830.15,57100,73460.0,25.3321,,59,55,53,30,52,0,HOLD,0.08,1,False,backfill
2026-08-04T12:55:01.092635+09:00,2026-08-04,RVMD,"Revolution Medicines, Inc.",US,제약/바이오,2026-08-03,182.45,1827100,1865770.0,7.7227,,46,60,43,42,47,0,HOLD,0.11,1,False,backfill
2026-08-04T12:55:01.092635+09:00,2026-08-04,NTRA,"Natera, Inc.",US,제약/바이오,2026-08-03,270.36,1156100,1096590.0,11.1364,,66,60,38,50,54,0,HOLD,0.37,4,False,backfill
2026-08-04T12:55:01.092635+09:00,2026-08-04,NWG,NatWest Group plc,US,금융,2026-08-03,19.0963,7305800,4196570.0,0.5113,,82,55,50,70,65,2,WATCH,0.75,9,False,backfill
2026-08-04T12:55:01.092635+09:00,2026-08-04,COIN,"Coinbase Global, Inc.",US,금융,2026-08-03,146.5,9148500,7385330.0,10.7621,,21,55,38,50,37,0,AVOID,-0.7,-8,True,backfill
2026-08-04T12:55:01.092635+09:00,2026-08-04,RKT,"Rocket Companies, Inc.",US,금융,2026-08-03,13.68,18988700,28940515.0,0.7489,,28,55,56,60,47,0,HOLD,-0.21,-3,False,backfill
2026-08-04T12:55:01.092635+09:00,2026-08-04,BIDU,"Baidu, Inc.",US,인터넷,2026-08-03,113.06,2362400,2155210.0,3.5514,,72,60,53,86,66,2,WATCH,0.38,5,False,backfill
2026-08-04T12:55:01.092635+09:00,2026-08-04,IQV,IQVIA Holdings Inc.,US,제약/바이오,2026-08-03,233.36,1644700,1479335.0,9.4357,,88,60,43,74,67,2,WATCH,0.81,10,False,backfill
2026-08-04T12:55:01.092635+09:00,2026-08-04,BBD,Banco Bradesco S.A.,US,금융,2026-08-03,3.6159,20211800,29798635.0,0.0813,,51,55,53,78,56,1,HOLD,0.16,2,False,backfill
2026-08-04T12:55:01.092635+09:00,2026-08-04,PEG,Public Service Enterprise Group Incorpor,US,유틸리티,2026-08-03,76.62,3593600,2899395.0,1.605,,20,55,53,47,41,0,AVOID,-0.42,-5,True,backfill
2026-08-04T12:55:01.092635+09:00,2026-08-04,ADM,Archer-Daniels-Midland Company,US,소매,2026-08-03,78.06,4239600,3599215.0,2.1529,,43,55,50,58,50,0,HOLD,0.01,0,False,backfill
2026-08-04T12:55:01.092635+09:00,2026-08-04,PUK,Prudential plc,US,금융,2026-08-03,30.05,981400,917965.0,0.7393,,80,55,50,73,65,2,WATCH,0.57,7,False,backfill
2026-08-04T12:55:01.092635+09:00,2026-08-04,STLD,"Steel Dynamics, Inc.",US,소재,2026-08-03,258.38,1037700,1166050.0,8.4136,,63,55,35,53,52,0,HOLD,0.24,3,False,backfill
2026-08-04T12:55:01.092635+09:00,2026-08-04,IRM,Iron Mountain Incorporated,US,리츠,2026-08-03,124.08,1889800,2073635.0,4.9307,,65,55,43,35,52,0,HOLD,0.08,1,False,backfill
2026-08-04T12:55:01.092635+09:00,2026-08-04,VMC,Vulcan Materials Company,US,소재,2026-08-03,283.0641,1520400,1097755.0,9.6,,28,55,45,58,43,0,AVOID,-0.31,-4,True,backfill
2026-08-04T12:55:01.092635+09:00,2026-08-04,KVUE,Kenvue Inc.,US,소매,2026-08-03,18.8004,35167400,19434030.0,0.4405,,54,55,53,66,56,0,HOLD,0.34,4,False,backfill
2026-08-04T12:55:01.092635+09:00,2026-08-04,MTB,M&T Bank Corporation,US,금융,2026-08-03,249.48,1191500,1209465.0,4.7021,,69,55,46,60,58,0,HOLD,0.49,6,False,backfill
2026-08-04T12:55:01.092635+09:00,2026-08-04,EME,"EMCOR Group, Inc.",US,산업재,2026-08-03,817.42,565800,499575.0,39.2971,,69,55,53,50,59,0,HOLD,0.2,2,False,backfill
2026-08-04T12:55:01.092635+09:00,2026-08-04,HSY,The Hershey Company,US,소매,2026-08-03,176.2839,1555100,1829650.0,4.6428,,72,55,43,58,58,1,HOLD,0.28,3,False,backfill
2026-08-04T12:55:01.092635+09:00,2026-08-04,VOD,Vodafone Group Public Limited Company,US,인터넷,2026-08-03,15.61,10310900,5113985.0,0.4571,,88,60,50,86,71,2,WATCH,0.72,9,False,backfill
2026-08-04T12:55:01.092635+09:00,2026-08-04,NTAP,"NetApp, Inc.",US,IT,2026-08-03,182.92,1964500,2563975.0,7.2221,,92,55,43,50,64,1,HOLD,0.75,9,False,backfill
2026-08-04T12:55:01.092635+09:00,2026-08-04,KMB,Kimberly-Clark Corporation,US,소매,2026-08-03,107.56,7490000,3698300.0,2.9929,,47,55,50,50,50,0,HOLD,0.18,2,False,backfill
2026-08-04T12:55:01.092635+09:00,2026-08-04,KR,The Kroger Co.,US,소매,2026-08-03,57.8233,6789400,7498220.0,1.7955,,50,55,53,74,56,1,HOLD,-0.03,0,False,backfill
2026-08-04T12:55:01.092635+09:00,2026-08-04,WEC,"WEC Energy Group, Inc.",US,유틸리티,2026-08-03,108.3356,2032200,1956265.0,2.3757,,28,55,53,42,43,0,AVOID,-0.34,-4,True,backfill
2026-08-04T12:55:01.092635+09:00,2026-08-04,ACGL,Arch Capital Group Ltd.,US,금융,2026-08-03,101.12,1596200,1830760.0,2.9121,,47,55,56,78,56,1,HOLD,0.26,3,False,backfill
2026-08-04T12:55:01.092635+09:00,2026-08-04,HBAN,Huntington Bancshares Incorporated,US,금융,2026-08-03,17.36,20217500,25852165.0,0.4079,,47,55,49,68,52,0,HOLD,0.16,2,False,backfill
2026-08-04T12:55:01.092635+09:00,2026-08-04,PPLC,PPL Corporation,US,유틸리티,2026-08-03,46.88,29800,197400.0,0.6892,,28,55,55,50,45,0,HOLD,-0.27,-3,False,backfill
2026-08-04T12:55:01.092635+09:00,2026-08-04,BBDO,Banco Bradesco S.A.,US,금융,2026-08-03,3.277,147300,101185.0,0.0985,,88,55,55,80,70,2,WATCH,0.69,8,False,backfill
2026-08-04T12:55:01.092635+09:00,2026-08-04,IR,Ingersoll Rand Inc.,US,산업재,2026-08-03,87.7593,5741200,4431335.0,3.1227,,81,55,45,66,63,1,HOLD,0.67,8,False,backfill
2026-08-04T12:55:01.092635+09:00,2026-08-04,ALC,Alcon Inc.,US,제약/바이오,2026-08-03,70.21,1897700,2324425.0,1.5979,,80,60,45,50,61,1,HOLD,0.38,5,False,backfill
2026-08-04T12:55:01.092635+09:00,2026-08-04,MDLN,Medline Inc.,US,제약/바이오,2026-08-03,40.47,5246500,5204130.0,1.5975,,53,60,43,58,52,0,HOLD,-0.05,-1,False,backfill
2026-08-04T12:55:01.092635+09:00,2026-08-04,RJF,"Raymond James Financial, Inc.",US,금융,2026-08-03,177.68,957100,1260580.0,4.0607,,78,55,45,68,62,1,HOLD,0.62,7,False,backfill
2026-08-04T12:55:01.092635+09:00,2026-08-04,EC,Ecopetrol S.A.,US,에너지,2026-08-03,16.6,2372200,2343675.0,0.5379,,91,55,50,96,72,2,WATCH,0.97,12,False,backfill
2026-08-04T12:55:01.092635+09:00,2026-08-04,EXPE,"Expedia Group, Inc.",US,소비재,2026-08-03,298.03,2169000,1513130.0,11.8586,,92,55,45,66,67,1,HOLD,0.83,10,False,backfill
2026-08-04T12:55:01.092635+09:00,2026-08-04,SHG,"Shinhan Financial Group Co., Ltd.",US,금융,2026-08-03,71.18,199300,240705.0,2.0693,,62,55,50,83,60,1,HOLD,0.42,5,False,backfill
2026-08-04T12:55:01.092635+09:00,2026-08-04,CCI,Crown Castle Inc.,US,리츠,2026-08-03,76.74,3723300,4315945.0,2.5871,,50,55,53,58,53,0,HOLD,-0.09,-1,False,backfill
2026-08-04T12:55:01.092635+09:00,2026-08-04,ONC,BeOne Medicines AG,US,제약/바이오,2026-08-03,313.77,359500,372640.0,9.2688,,62,60,40,43,52,0,HOLD,0.18,2,False,backfill
2026-08-04T12:55:01.092635+09:00,2026-08-04,VEEV,Veeva Systems Inc.,US,IT,2026-08-03,206.25,2608900,1577325.0,8.235,,80,55,53,66,65,1,HOLD,0.74,9,False,backfill
2026-08-04T12:55:01.092635+09:00,2026-08-04,EQT,EQT Corporation,US,에너지,2026-08-03,53.3925,5073300,7681080.0,1.4469,,72,55,45,68,60,1,HOLD,0.23,3,False,backfill
2026-08-04T12:55:01.092635+09:00,2026-08-04,JBL,Jabil Inc.,US,IT,2026-08-03,318.3212,938100,1100935.0,15.923,,65,55,43,58,55,0,HOLD,0.11,1,False,backfill
2026-08-04T12:55:01.092635+09:00,2026-08-04,NTRS,Northern Trust Corporation,US,금융,2026-08-03,182.2,981800,1114800.0,4.6164,,47,55,53,60,52,0,HOLD,0.24,3,False,backfill
2026-08-04T12:55:01.092635+09:00,2026-08-04,UI,Ubiquiti Inc.,US,IT,2026-08-03,548.66,80000,83310.0,20.2129,,55,55,50,42,52,0,HOLD,-0.12,-1,False,backfill
2026-08-04T12:55:01.092635+09:00,2026-08-04,ERIC,Telefonaktiebolaget LM Ericsson (publ),US,IT,2026-08-03,10.08,11922500,17454330.0,0.2343,,58,55,53,78,59,1,HOLD,0.1,1,False,backfill
2026-08-04T12:55:01.092635+09:00,2026-08-04,DXCM,"DexCom, Inc.",US,제약/바이오,2026-08-03,87.31,9191500,5084925.0,3.4457,,82,60,35,42,58,1,HOLD,0.53,6,False,backfill
2026-08-04T12:55:01.092635+09:00,2026-08-04,CHT,"Chunghwa Telecom Co., Ltd.",US,인터넷,2026-08-03,42.43,199900,185610.0,0.5357,,80,60,50,50,62,1,HOLD,0.53,6,False,backfill
2026-08-04T12:55:01.092635+09:00,2026-08-04,MLM,"Martin Marietta Materials, Inc.",US,소재,2026-08-03,542.27,768100,606805.0,17.4436,,31,55,48,58,45,0,HOLD,-0.36,-4,False,backfill
2026-08-04T12:55:01.092635+09:00,2026-08-04,CQP,"Cheniere Energy Partners, L.P.",US,에너지,2026-08-03,66.1681,169700,100635.0,2.0965,,84,55,56,55,65,1,HOLD,0.61,7,False,backfill
2026-08-04T12:55:01.092635+09:00,2026-08-04,ZTS,Zoetis Inc.,US,제약/바이오,2026-08-03,77.1,5060800,5427730.0,2.302,,62,60,65,60,62,0,HOLD,0.23,3,False,backfill
2026-08-04T12:55:01.092635+09:00,2026-08-04,VG,"Venture Global, Inc.",US,에너지,2026-08-03,13.08,11549000,16573550.0,0.8393,,43,55,43,60,48,0,HOLD,-0.17,-2,False,backfill
2026-08-04T12:55:01.092635+09:00,2026-08-04,STRC,Strategy Inc,US,IT,2026-08-03,91.838,1839600,1203645.0,2.2532,,64,55,48,60,57,0,HOLD,0.19,2,False,backfill
2026-08-04T12:55:01.092635+09:00,2026-08-04,CASY,"Casey's General Stores, Inc.",US,소비재,2026-08-03,860.37,269900,345435.0,26.4545,,80,55,46,29,57,1,HOLD,0.35,4,False,backfill
2026-08-04T12:55:01.092635+09:00,2026-08-04,WTW,Willis Towers Watson Public Limited Comp,US,금융,2026-08-03,341.63,782600,586425.0,9.9586,,70,55,50,58,59,1,HOLD,0.54,6,False,backfill
2026-08-04T12:55:01.092635+09:00,2026-08-04,NTR,Nutrien Ltd.,US,소재,2026-08-03,65.96,2374700,2202620.0,1.8121,,65,55,53,68,60,0,HOLD,0.18,2,False,backfill
2026-08-04T12:55:01.092635+09:00,2026-08-04,EXR,Extra Space Storage Inc.,US,리츠,2026-08-03,149.73,1689100,1305860.0,3.9386,,91,55,56,45,66,1,HOLD,0.77,9,False,backfill
2026-08-04T12:55:01.092635+09:00,2026-08-04,CNC,Centene Corp.,US,제약/바이오,2026-08-03,63.76,6866300,4987050.0,3.1486,,44,60,48,68,52,0,HOLD,0.23,3,False,backfill
2026-08-04T12:55:01.092635+09:00,2026-08-04,GEHC,GE HealthCare Technologies Inc.,US,제약/바이오,2026-08-03,69.73,4369000,6048800.0,2.6949,,81,60,68,60,70,1,HOLD,0.92,11,False,backfill
2026-08-04T12:55:01.092635+09:00,2026-08-04,BAP,Credicorp Ltd.,US,금융,2026-08-03,395.79,269800,279160.0,11.195,,61,55,53,63,58,0,HOLD,0.47,6,False,backfill
2026-08-04T12:55:01.092635+09:00,2026-08-04,TPR,"Tapestry, Inc.",US,소비재,2026-08-03,155.63,1659600,2185395.0,4.525,,73,55,50,50,59,1,HOLD,0.51,6,False,backfill
2026-08-04T12:55:01.092635+09:00,2026-08-04,MSTR,Strategy Inc,US,IT,2026-08-03,94.86,13894600,15443840.0,5.8671,,40,55,43,60,47,0,HOLD,-0.34,-4,False,backfill
2026-08-04T12:55:01.092635+09:00,2026-08-04,KHC,The Kraft Heinz Company,US,소매,2026-08-03,26.42,13616400,12851050.0,0.8486,,69,55,48,86,62,1,HOLD,0.61,7,False,backfill
2026-08-04T12:55:01.092635+09:00,2026-08-04,ON,ON Semiconductor Corporation,US,반도체,2026-08-03,80.4,14934900,9574540.0,5.1336,,18,60,53,58,43,0,AVOID,-0.52,-6,True,backfill
2026-08-04T12:55:01.092635+09:00,2026-08-04,RMD,ResMed Inc.,US,제약/바이오,2026-08-03,215.19,1466100,1300460.0,6.19,,70,60,53,50,60,1,HOLD,0.42,5,False,backfill
2026-08-04T12:55:01.092635+09:00,2026-08-04,RYAAY,Ryanair Holdings plc,US,산업재,2026-08-03,59.96,940300,1908585.0,2.3271,,55,55,40,47,49,0,HOLD,0.16,2,False,backfill
2026-08-04T12:55:01.092635+09:00,2026-08-04,TDY,Teledyne Technologies Incorporated,US,IT,2026-08-03,670.56,319500,441710.0,23.1629,,86,55,53,58,66,1,HOLD,0.67,8,False,backfill
2026-08-04T12:55:01.092635+09:00,2026-08-04,SUNB,Sunbelt Rentals Holdings Inc,US,산업재,2026-08-03,75.07,1520700,2190720.0,2.6379,,67,55,35,66,55,0,HOLD,0.19,2,False,backfill
2026-08-04T12:55:01.092635+09:00,2026-08-04,CFG,"Citizens Financial Group, Inc.",US,금융,2026-08-03,72.7,2734500,4923815.0,1.7821,,69,55,56,68,62,0,HOLD,0.63,8,False,backfill
2026-08-04T12:55:01.092635+09:00,2026-08-04,TS,Tenaris S.A.,US,에너지,2026-08-03,57.15,1289500,1043805.0,1.355,,65,55,53,55,58,0,HOLD,0.21,3,False,backfill
2026-08-04T12:55:01.092635+09:00,2026-08-04,EL,The Estée Lauder Companies Inc.,US,소매,2026-08-03,84.68,1893000,2122330.0,2.4779,,67,55,45,58,57,0,HOLD,0.31,4,False,backfill
2026-08-04T12:55:01.092635+09:00,2026-08-04,LVS,Las Vegas Sands Corp.,US,소비재,2026-08-03,46.98,6282100,5378490.0,1.3216,,72,55,45,58,58,1,HOLD,0.21,3,False,backfill
2026-08-04T12:55:01.092635+09:00,2026-08-04,JBS,Jbs N.V.,US,소매,2026-08-03,13.76,5714400,4740135.0,0.4621,,65,55,50,70,59,1,HOLD,0.23,3,False,backfill
2026-08-04T12:55:01.092635+09:00,2026-08-04,GFI,Gold Fields Limited,US,소재,2026-08-03,33.96,2356800,3490870.0,1.2479,,55,55,58,81,60,1,HOLD,0.1,1,False,backfill
2026-08-04T12:55:01.092635+09:00,2026-08-04,AEE,Ameren Corporation,US,유틸리티,2026-08-03,109.5,2292200,1490085.0,2.4086,,43,55,53,42,48,0,HOLD,-0.08,-1,False,backfill
2026-08-04T12:55:01.092635+09:00,2026-08-04,ILMN,"Illumina, Inc.",US,제약/바이오,2026-08-03,198.16,2611700,1867890.0,8.1414,,95,60,40,37,63,1,HOLD,0.75,9,False,backfill
2026-08-04T12:55:01.092635+09:00,2026-08-04,TWLO,Twilio Inc.,US,IT,2026-08-03,196.59,1764400,1678735.0,9.2682,,40,55,35,51,43,0,AVOID,-0.21,-3,True,backfill
2026-08-04T12:55:01.092635+09:00,2026-08-04,BIIB,Biogen Inc.,US,제약/바이오,2026-08-03,201.82,940900,1456190.0,7.9307,,54,60,56,53,56,0,HOLD,0.3,4,False,backfill
2026-08-04T12:55:01.092635+09:00,2026-08-04,TCOM,Trip.com Group Limited,US,소비재,2026-08-03,47.3,4581700,3215100.0,1.3571,,59,55,50,70,57,1,HOLD,0.09,1,False,backfill
2026-08-04T12:55:01.092635+09:00,2026-08-04,RDDT,"Reddit, Inc.",US,인터넷,2026-08-03,154.71,10648300,5888450.0,14.6274,,35,60,35,50,42,0,AVOID,-0.41,-5,True,backfill
2026-08-04T12:55:01.092635+09:00,2026-08-04,DTW,DTE Energy Company JR SUB DB 2017 E,US,유틸리티,2026-08-03,19.9169,18900,23700.0,0.1409,,50,55,58,80,58,1,HOLD,0.15,2,False,backfill
2026-08-04T12:55:01.092635+09:00,2026-08-04,DTE,DTE Energy Company,US,유틸리티,2026-08-03,141.72,1381300,1301045.0,3.2079,,43,55,53,50,49,0,HOLD,-0.07,-1,False,backfill
2026-08-04T12:55:01.092635+09:00,2026-08-04,ALNY,"Alnylam Pharmaceuticals, Inc.",US,제약/바이오,2026-08-03,220.33,3399800,2287350.0,16.1807,,18,60,35,58,38,0,AVOID,-0.71,-9,True,backfill
2026-08-04T12:55:01.092635+09:00,2026-08-04,CPNG,"Coupang, Inc.",US,소비재,2026-08-03,16.42,16746900,18727770.0,0.5961,,15,55,53,50,40,0,AVOID,-0.62,-7,True,backfill
2026-08-04T12:55:01.092635+09:00,2026-08-04,SYM,Symbotic Inc.,US,산업재,2026-08-03,45.85,1700700,1433850.0,2.2301,,59,55,43,27,49,0,HOLD,-0.19,-2,False,backfill
2026-08-04T12:55:01.092635+09:00,2026-08-04,VICI,VICI Properties Inc.,US,리츠,2026-08-03,26.54,19730100,9067800.0,0.5696,,50,55,53,70,55,1,HOLD,0.08,1,False,backfill
2026-08-04T12:55:01.092635+09:00,2026-08-04,NRG,"NRG Energy, Inc.",US,유틸리티,2026-08-03,138.47,2647400,2259115.0,6.6708,,51,55,53,51,52,0,HOLD,-0.06,-1,False,backfill
2026-08-04T12:55:01.092635+09:00,2026-08-04,MTD,Mettler-Toledo International Inc.,US,제약/바이오,2026-08-03,1445.0,216300,169330.0,43.8929,,71,60,50,42,58,1,HOLD,0.53,6,False,backfill
2026-08-04T12:55:01.092635+09:00,2026-08-04,TECK,Teck Resources Limited,US,소재,2026-08-03,60.2,2277700,3695180.0,2.4086,,69,55,45,63,58,0,HOLD,0.38,5,False,backfill
2026-08-04T12:55:01.092635+09:00,2026-08-04,FISV,"Fiserv, Inc.",US,IT,2026-08-03,54.35,14291500,6819430.0,1.75,,72,55,93,78,76,3,BUY,0.71,9,False,backfill
2026-08-04T12:55:01.092635+09:00,2026-08-04,ATO,Atmos Energy Corporation,US,유틸리티,2026-08-03,172.89,812400,1012750.0,3.3414,,43,55,50,42,47,0,HOLD,-0.19,-2,False,backfill
2026-08-04T12:55:01.092635+09:00,2026-08-04,LPLA,LPL Financial Holdings Inc.,US,금융,2026-08-03,360.0617,892000,724915.0,9.5317,,66,55,53,66,60,0,HOLD,0.51,6,False,backfill
2026-08-04T12:55:01.092635+09:00,2026-08-04,ZM,"Zoom Communications, Inc.",US,IT,2026-08-03,98.25,3355000,3169500.0,3.2725,,69,55,43,63,58,0,HOLD,0.17,2,False,backfill
2026-08-04T12:55:01.092635+09:00,2026-08-04,MDB,"MongoDB, Inc.",US,IT,2026-08-03,357.97,1810200,1325445.0,17.5454,,80,55,43,34,57,1,HOLD,0.53,6,False,backfill
2026-08-04T12:55:01.092635+09:00,2026-08-04,FTS,Fortis Inc.,US,유틸리티,2026-08-03,56.53,422900,754820.0,0.9057,,46,55,53,42,49,0,HOLD,-0.01,0,False,backfill
2026-08-04T12:55:01.092635+09:00,2026-08-04,STRF,MicroStrategy Incorporated 10.00% Series,US,IT,2026-08-03,95.91,60300,78660.0,1.6104,,38,55,48,60,48,0,HOLD,-0.15,-2,False,backfill
2026-08-04T12:55:01.092635+09:00,2026-08-04,AMRZ,Amrize Ltd,US,소재,2026-08-03,51.08,2798400,2766345.0,1.3925,,72,55,65,58,64,1,HOLD,0.54,6,False,backfill
2026-08-04T12:55:01.092635+09:00,2026-08-04,WSM,"Williams-Sonoma, Inc.",US,소비재,2026-08-03,239.8,845400,873985.0,7.3414,,92,55,43,37,62,1,HOLD,0.7,8,False,backfill
2026-08-04T12:55:01.092635+09:00,2026-08-04,DG,Dollar General Corporation,US,소매,2026-08-03,127.72,1953600,2377005.0,4.4671,,84,55,50,58,64,1,HOLD,0.7,8,False,backfill
2026-08-04T12:55:01.092635+09:00,2026-08-04,NMR,"Nomura Holdings, Inc.",US,금융,2026-08-03,9.59,1038800,1095185.0,0.2657,,51,55,50,78,56,1,HOLD,0.35,4,False,backfill
2026-08-04T12:55:01.092635+09:00,2026-08-04,FE,FirstEnergy Corp.,US,유틸리티,2026-08-03,47.9546,6103600,4678980.0,0.9336,,43,55,53,50,49,0,HOLD,0.03,0,False,backfill
2026-08-04T12:55:01.092635+09:00,2026-08-04,TPL,Texas Pacific Land Corporation,US,에너지,2026-08-03,406.15,365800,279020.0,16.23,,38,55,57,29,46,0,HOLD,-0.21,-3,False,backfill
2026-08-04T12:55:01.092635+09:00,2026-08-04,Q,"Qnity Electronics, Inc.",US,반도체,2026-08-03,133.3,2641600,1926205.0,7.4688,,25,60,53,50,44,0,AVOID,-0.32,-4,True,backfill
2026-08-04T12:55:01.092635+09:00,2026-08-04,PBA,Pembina Pipeline Corporation,US,에너지,2026-08-03,48.08,372500,909695.0,0.8214,,43,55,53,58,51,0,HOLD,0.05,1,False,backfill
2026-08-04T12:55:01.092635+09:00,2026-08-04,XYL,Xylem Inc.,US,산업재,2026-08-03,119.08,1623500,2071535.0,3.6314,,43,55,53,58,51,0,HOLD,0.05,1,False,backfill
2026-08-04T12:55:01.092635+09:00,2026-08-04,KGC,Kinross Gold Corporation,US,소재,2026-08-03,23.43,5120300,7334535.0,0.9164,,40,55,45,78,50,1,HOLD,-0.26,-3,False,backfill
2026-08-04T12:55:01.092635+09:00,2026-08-04,DOV,Dover Corporation,US,산업재,2026-08-03,205.72,1113100,1278740.0,6.4693,,28,55,45,58,43,0,AVOID,-0.39,-5,True,backfill
2026-08-04T12:55:01.092635+09:00,2026-08-04,DVN,Devon Energy Corporation,US,에너지,2026-08-03,44.57,8660000,10313205.0,1.2257,,72,55,56,68,63,1,HOLD,0.3,4,False,backfill
2026-08-04T12:55:01.092635+09:00,2026-08-04,CW,Curtiss-Wright Corporation,US,산업재,2026-08-03,747.67,201600,211950.0,31.4129,,43,55,43,42,45,0,HOLD,-0.11,-1,False,backfill
2026-08-04T12:55:01.092635+09:00,2026-08-04,CNP,"CenterPoint Energy, Inc.",US,유틸리티,2026-08-03,41.92,5552400,6340705.0,1.0293,,43,55,53,42,48,0,HOLD,-0.1,-1,False,backfill
2026-08-04T12:55:01.092635+09:00,2026-08-04,EIX,Edison International,US,유틸리티,2026-08-03,71.46,3824000,2548785.0,2.3557,,43,55,50,65,51,0,HOLD,0.05,1,False,backfill
2026-08-04T12:55:01.092635+09:00,2026-08-04,OTIS,Otis Worldwide Corporation,US,산업재,2026-08-03,71.7551,3200500,3945195.0,1.9138,,43,55,53,58,51,0,HOLD,-0.06,-1,False,backfill
2026-08-04T12:55:01.092635+09:00,2026-08-04,GFS,GLOBALFOUNDRIES Inc.,US,반도체,2026-08-03,50.01,4079500,3717700.0,3.4987,,7,60,40,66,36,0,AVOID,-0.78,-9,True,backfill
2026-08-04T12:55:01.092635+09:00,2026-08-04,CINF,Cincinnati Financial Corporation,US,금융,2026-08-03,178.03,744600,974655.0,4.8629,,47,55,48,78,54,1,HOLD,0.23,3,False,backfill
2026-08-04T12:55:01.092635+09:00,2026-08-04,TEAM,Atlassian Corporation,US,IT,2026-08-03,103.71,3452000,3821165.0,7.26,,76,55,43,68,61,1,HOLD,0.54,6,False,backfill
2026-08-04T12:55:01.092635+09:00,2026-08-04,CPRT,"Copart, Inc.",US,산업재,2026-08-03,29.35,10743100,12038320.0,1.0657,,72,55,45,45,56,1,HOLD,0.12,1,False,backfill
2026-08-04T12:55:01.092635+09:00,2026-08-04,FTI,TechnipFMC plc,US,에너지,2026-08-03,69.19,4047500,3454420.0,2.6893,,43,55,53,58,51,0,HOLD,-0.1,-1,False,backfill
2026-08-04T12:55:01.092635+09:00,2026-08-04,ES,Eversource Energy,US,유틸리티,2026-08-03,71.95,2812800,2253220.0,1.6336,,43,55,53,60,51,0,HOLD,0.07,1,False,backfill
2026-08-04T12:55:01.092635+09:00,2026-08-04,VRSN,"VeriSign, Inc.",US,IT,2026-08-03,298.89,861500,838725.0,11.0721,,73,55,38,50,55,1,HOLD,0.36,4,False,backfill
2026-08-04T12:55:01.092635+09:00,2026-08-04,CRS,Carpenter Technology Corporation,US,소재,2026-08-03,543.49,648800,701225.0,29.5014,,51,55,56,42,52,0,HOLD,0.28,3,False,backfill
2026-08-04T12:55:01.092635+09:00,2026-08-04,RF,Regions Financial Corporation,US,금융,2026-08-03,31.48,8493200,10231200.0,0.6321,,69,55,53,60,60,0,HOLD,0.57,7,False,backfill
2026-08-04T12:55:01.092635+09:00,2026-08-04,WRB,W. R. Berkley Corporation,US,금융,2026-08-03,72.09,2201300,2044195.0,1.875,,47,55,56,63,54,0,HOLD,0.23,3,False,backfill
2026-08-04T12:55:01.092635+09:00,2026-08-04,AVB,"AvalonBay Communities, Inc.",US,리츠,2026-08-03,188.78,606300,777335.0,3.6871,,43,55,56,53,51,0,HOLD,0.07,1,False,backfill
2026-08-04T12:55:01.092635+09:00,2026-08-04,HAL,Halliburton Company,US,에너지,2026-08-03,31.89,10271300,12247475.0,1.1029,,7,55,35,84,37,1,AVOID,-0.81,-10,True,backfill
2026-08-04T12:55:01.092635+09:00,2026-08-04,P,"Everpure, Inc.",US,산업재,2026-08-03,80.14,1905900,2307460.0,4.4882,,69,55,45,35,54,0,HOLD,0.33,4,False,backfill
2026-08-04T12:55:01.092635+09:00,2026-08-04,PPL,PPL Corporation,US,유틸리티,2026-08-03,35.2,6078500,7240425.0,0.74,,46,55,53,50,50,0,HOLD,-0.07,-1,False,backfill
2026-08-04T12:55:01.092635+09:00,2026-08-04,ATI,ATI Inc.,US,산업재,2026-08-03,193.12,975200,1397790.0,9.4186,,66,55,43,35,52,0,HOLD,0.33,4,False,backfill
2026-08-04T12:55:01.092635+09:00,2026-08-04,RBLX,Roblox Corporation,US,IT,2026-08-03,36.67,25077900,11387200.0,3.7307,,25,55,43,53,41,0,AVOID,-0.58,-7,True,backfill
2026-08-04T12:55:01.092635+09:00,2026-08-04,TSEM,Tower Semiconductor Ltd.,US,반도체,2026-08-03,234.32,3562700,1911425.0,23.6893,,47,60,40,30,45,0,HOLD,-0.03,0,False,backfill
2026-08-04T12:55:01.092635+09:00,2026-08-04,AWK,"American Water Works Company, Inc.",US,유틸리티,2026-08-03,130.4324,2497600,2166455.0,3.7664,,43,55,56,42,49,0,HOLD,0.03,0,False,backfill
2026-08-04T12:55:01.092635+09:00,2026-08-04,ASTS,"AST SpaceMobile, Inc.",US,인터넷,2026-08-03,63.52,12578200,15158815.0,5.9174,,65,60,38,42,52,0,HOLD,0.03,0,False,backfill
2026-08-04T12:55:01.092635+09:00,2026-08-04,NVT,nVent Electric plc,US,산업재,2026-08-03,159.41,3015600,2264870.0,10.0622,,65,55,40,50,53,0,HOLD,0.11,1,False,backfill
2026-08-04T12:55:01.092635+09:00,2026-08-04,FOXA,Fox Corporation,US,인터넷,2026-08-03,58.7,3766800,4619890.0,1.5243,,72,60,48,71,62,2,WATCH,0.35,4,False,backfill
2026-08-04T12:55:01.092635+09:00,2026-08-04,PHG,Koninklijke Philips N.V.,US,제약/바이오,2026-08-03,26.23,1078300,1370745.0,0.7957,,43,60,53,74,54,1,HOLD,0.14,2,False,backfill
2026-08-04T12:55:01.092635+09:00,2026-08-04,DGX,Quest Diagnostics Incorporated,US,제약/바이오,2026-08-03,231.95,839200,1129710.0,7.5471,,80,60,53,58,65,1,HOLD,0.75,9,False,backfill
2026-08-04T12:55:01.092635+09:00,2026-08-04,PPG,"PPG Industries, Inc.",US,소재,2026-08-03,113.3053,2056400,2138325.0,3.8397,,32,55,55,60,48,0,HOLD,0.01,0,False,backfill
2026-08-04T12:55:01.092635+09:00,2026-08-04,EQR,Equity Residential,US,리츠,2026-08-03,67.57,2640100,2997890.0,1.3457,,43,55,56,53,51,0,HOLD,0.07,1,False,backfill
2026-08-04T12:55:01.092635+09:00,2026-08-04,AFRM,"Affirm Holdings, Inc.",US,금융,2026-08-03,75.63,3063600,3604450.0,3.5916,,44,55,53,51,50,0,HOLD,0.16,2,False,backfill
2026-08-04T12:55:01.092635+09:00,2026-08-04,SYF,Synchrony Financial,US,금융,2026-08-03,77.5053,2523900,4218710.0,2.2469,,81,55,48,78,65,2,WATCH,0.62,7,False,backfill
2026-08-04T12:55:01.092635+09:00,2026-08-04,QSR,Restaurant Brands International Inc.,US,소비재,2026-08-03,72.94,2365000,2502915.0,1.7582,,46,55,53,58,52,0,HOLD,-0.07,-1,False,backfill
2026-08-04T12:55:01.092635+09:00,2026-08-04,FCNCA,"First Citizens BancShares, Inc.",US,금융,2026-08-03,2218.4399,53600,85105.0,60.7414,,88,55,62,70,71,2,WATCH,0.94,11,False,backfill
2026-08-04T12:55:01.092635+09:00,2026-08-04,CPAY,"Corpay, Inc.",US,IT,2026-08-03,385.78,397600,501070.0,11.0736,,95,55,40,74,67,2,WATCH,0.84,10,False,backfill
2026-08-04T12:55:01.092635+09:00,2026-08-04,LH,Labcorp Holdings Inc.,US,제약/바이오,2026-08-03,307.42,727000,807115.0,9.9407,,85,60,46,58,64,1,HOLD,0.75,9,False,backfill
2026-08-04T12:55:01.092635+09:00,2026-08-04,HUBB,Hubbell Incorporated,US,산업재,2026-08-03,476.04,791168,595526.3,17.8087,,28,55,56,58,46,0,HOLD,-0.28,-3,False,backfill
2026-08-04T12:55:01.092635+09:00,2026-08-04,VRSK,"Verisk Analytics, Inc.",US,IT,2026-08-03,193.11,1290300,1818245.0,8.5286,,47,55,43,58,49,0,HOLD,0.06,1,False,backfill
2026-08-04T12:55:01.092635+09:00,2026-08-04,JBHT,"J.B. Hunt Transport Services, Inc.",US,산업재,2026-08-03,266.4606,847700,1119940.0,9.1959,,47,55,43,58,49,0,HOLD,0.11,1,False,backfill
2026-08-04T12:55:01.092635+09:00,2026-08-04,FSLR,"First Solar, Inc.",US,IT,2026-08-03,232.73,5069600,2029155.0,10.6043,,73,55,43,74,61,2,WATCH,0.5,6,False,backfill
2026-08-04T12:55:01.092635+09:00,2026-08-04,ZS,"Zscaler, Inc.",US,IT,2026-08-03,154.46,2657200,2397635.0,7.228,,69,55,35,42,52,0,HOLD,0.23,3,False,backfill
2026-08-04T12:55:01.092635+09:00,2026-08-04,PHM,"PulteGroup, Inc.",US,소비재,2026-08-03,129.29,1449800,1894965.0,4.3657,,91,55,45,60,65,1,HOLD,0.76,9,False,backfill
2026-08-04T12:55:01.092635+09:00,2026-08-04,DLTR,"Dollar Tree, Inc.",US,소매,2026-08-03,129.35,2181100,2558540.0,4.225,,73,55,43,58,58,1,HOLD,0.51,6,False,backfill
2026-08-04T12:55:01.092635+09:00,2026-08-04,CTSH,Cognizant Technology Solutions Corporati,US,IT,2026-08-03,55.17,7987500,9507870.0,2.5907,,58,55,45,94,59,1,HOLD,0.34,4,False,backfill
2026-08-04T12:55:01.092635+09:00,2026-08-04,HPQ,HP Inc.,US,IT,2026-08-03,27.12,11622700,15031370.0,1.2271,,95,55,45,73,69,2,WATCH,0.89,11,False,backfill
2026-08-04T12:55:01.092635+09:00,2026-08-04,PFG,"Principal Financial Group, Inc.",US,금융,2026-08-03,115.13,1161500,1660690.0,2.6793,,91,55,45,68,67,1,HOLD,0.82,10,False,backfill
2026-08-04T12:55:01.092635+09:00,2026-08-04,KEY,KeyCorp,US,금융,2026-08-03,22.81,8006900,10764820.0,0.4529,,47,55,53,68,54,0,HOLD,0.17,2,False,backfill
2026-08-04T12:55:01.092635+09:00,2026-08-04,RPRX,Royalty Pharma plc,US,제약/바이오,2026-08-03,56.9406,2747800,2696560.0,1.3092,,54,60,43,50,51,0,HOLD,0.24,3,False,backfill
2026-08-04T12:55:01.092635+09:00,2026-08-04,SW,Smurfit Westrock plc,US,소비재,2026-08-03,46.4564,4543200,5497835.0,2.1691,,95,55,53,58,69,1,HOLD,0.92,11,False,backfill
2026-08-04T12:55:01.092635+09:00,2026-08-04,WST,"West Pharmaceutical Services, Inc.",US,제약/바이오,2026-08-03,347.94,643100,850120.0,11.8979,,47,60,53,42,51,0,HOLD,0.23,3,False,backfill
2026-08-04T12:55:01.092635+09:00,2026-08-04,FWONK,Liberty Media Corporation,US,인터넷,2026-08-03,97.74,2188100,1894280.0,2.9836,,47,60,53,37,50,0,HOLD,0.16,2,False,backfill
2026-08-04T12:55:01.092635+09:00,2026-08-04,WAT,Waters Corporation,US,제약/바이오,2026-08-03,374.74,1162300,806785.0,13.2,,66,60,35,42,52,0,HOLD,0.31,4,False,backfill
2026-08-04T12:55:01.092635+09:00,2026-08-04,TROW,"T. Rowe Price Group, Inc.",US,금융,2026-08-03,113.51,2494700,2129000.0,2.945,,50,55,53,73,55,1,HOLD,0.3,4,False,backfill
2026-08-04T12:55:01.092635+09:00,2026-08-04,AER,AerCap Holdings N.V.,US,산업재,2026-08-03,153.2384,1739900,1045950.0,4.2016,,88,55,43,70,65,2,WATCH,0.72,9,False,backfill
2026-08-04T12:55:01.092635+09:00,2026-08-04,ROIV,Roivant Sciences Ltd.,US,제약/바이오,2026-08-03,33.32,5986700,4652140.0,1.1698,,50,60,43,50,50,0,HOLD,0.2,2,False,backfill
2026-08-04T12:55:01.092635+09:00,2026-08-04,AXIA,AXIA Energia S.A.,US,유틸리티,2026-07-17,9.79,2159983,,,,59,55,55,52,56,0,HOLD,0.02,0,False,backfill
2026-08-04T12:55:01.092635+09:00,2026-08-04,BRO,"Brown & Brown, Inc.",US,금융,2026-08-03,71.6142,2551900,2899180.0,2.8962,,88,55,58,66,69,1,HOLD,0.91,11,False,backfill
2026-08-04T12:55:01.092635+09:00,2026-08-04,INCY,Incyte Corporation,US,제약/바이오,2026-08-03,118.43,1418900,1912425.0,4.475,,58,60,46,55,54,0,HOLD,0.36,4,False,backfill
2026-08-04T12:55:01.092635+09:00,2026-08-04,L,Loews Corporation,US,금융,2026-08-03,116.25,794600,812625.0,2.2514,,69,55,55,68,62,0,HOLD,0.56,7,False,backfill
2026-08-04T12:55:01.092635+09:00,2026-08-04,CHD,"Church & Dwight Co., Inc.",US,소매,2026-08-03,99.706,1932300,1832850.0,2.5244,,88,55,35,53,60,1,HOLD,0.53,6,False,backfill
2026-08-04T12:55:01.092635+09:00,2026-08-04,DRI,"Darden Restaurants, Inc.",US,소비재,2026-08-03,206.24,1211500,1426925.0,5.8879,,76,55,43,42,57,1,HOLD,0.41,5,False,backfill
2026-08-04T12:55:01.092635+09:00,2026-08-04,OKTA,"Okta, Inc.",US,IT,2026-08-03,141.57,2339800,2843865.0,6.8375,,40,55,35,43,42,0,AVOID,-0.09,-1,True,backfill
2026-08-04T12:55:01.092635+09:00,2026-08-04,TCPA,TransCanada PipeLines Limited 6,US,에너지,2026-08-03,23.08,15000,33290.0,0.2494,,65,55,55,50,58,0,HOLD,0.27,3,False,backfill
2026-08-04T12:55:01.092635+09:00,2026-08-04,IHG,InterContinental Hotels Group PLC,US,소비재,2026-08-03,158.0,384900,274385.0,2.7686,,54,55,50,58,54,0,HOLD,0.29,3,False,backfill
2026-08-04T12:55:01.092635+09:00,2026-08-04,BNTX,BioNTech SE,US,제약/바이오,2026-08-03,92.25,1119500,787210.0,2.3776,,80,60,53,58,65,1,HOLD,0.45,5,False,backfill
2026-08-04T12:55:01.092635+09:00,2026-08-04,MKL,Markel Corporation,US,금융,2026-08-03,1879.09,98600,66995.0,44.745,,50,55,50,62,53,0,HOLD,0.17,2,False,backfill
2026-08-04T12:55:01.092635+09:00,2026-08-04,RL,Ralph Lauren Corporation,US,소비재,2026-08-03,380.17,602700,543545.0,12.4679,,39,55,53,50,48,0,HOLD,0.01,0,False,backfill
2026-08-04T12:55:01.092635+09:00,2026-08-04,BURL,"Burlington Stores, Inc.",US,소비재,2026-08-03,368.23,575100,623695.0,12.2886,,91,55,43,58,64,1,HOLD,0.76,9,False,backfill
2026-08-04T12:55:01.092635+09:00,2026-08-04,FIS,"Fidelity National Information Services, ",US,IT,2026-08-03,44.78,10977400,6137220.0,1.6286,,80,55,58,94,70,2,WATCH,0.64,8,False,backfill
2026-08-04T12:55:01.092635+09:00,2026-08-04,SOFI,"SoFi Technologies, Inc.",US,금융,2026-08-03,18.03,83847200,87150130.0,0.9434,,55,55,50,66,55,0,HOLD,0.31,4,False,backfill
2026-08-04T12:55:01.092635+09:00,2026-08-04,VLTO,Veralto Corporation,US,산업재,2026-08-03,94.82,1430100,1791850.0,2.9993,,84,55,50,50,63,1,HOLD,0.61,7,False,backfill
2026-08-04T12:55:01.092635+09:00,2026-08-04,FTAI,FTAI Aviation Ltd.,US,산업재,2026-08-03,224.651,2196100,1788195.0,15.7851,,80,55,45,34,58,1,HOLD,0.27,3,False,backfill
2026-08-04T12:55:01.092635+09:00,2026-08-04,FOX,Fox Corporation,US,인터넷,2026-08-03,52.62,918800,1212675.0,1.3953,,72,60,56,76,65,2,WATCH,0.45,5,False,backfill
2026-08-04T12:55:01.092635+09:00,2026-08-04,XPO,"XPO Logistics, Inc.",US,산업재,2026-08-03,197.01,905900,1011895.0,7.8114,,28,55,56,42,44,0,AVOID,-0.26,-3,True,backfill
2026-08-04T12:55:01.092635+09:00,2026-08-04,LUV,Southwest Airlines Co.,US,산업재,2026-08-03,47.07,7846600,5637350.0,1.7907,,51,55,50,58,53,0,HOLD,0.28,3,False,backfill
2026-08-04T12:55:01.092635+09:00,2026-08-04,ULTA,"Ulta Beauty, Inc.",US,소비재,2026-08-03,534.41,977500,560565.0,14.4271,,62,55,53,42,55,0,HOLD,0.25,3,False,backfill
2026-08-04T12:55:01.092635+09:00,2026-08-04,FFIV,"F5, Inc.",US,IT,2026-08-03,406.35,1040700,677940.0,17.8836,,48,55,43,58,49,0,HOLD,0.16,2,False,backfill
2026-08-04T12:55:01.092635+09:00,2026-08-04,SN,"SharkNinja, Inc.",US,소비재,2026-08-03,160.57,2156900,1512340.0,5.3129,,95,55,43,50,65,1,HOLD,0.79,9,False,backfill
2026-08-04T12:55:01.092635+09:00,2026-08-04,CMSA,CMS Energy Corporation 5.6% JRSUB NT 78,US,유틸리티,2026-08-03,20.86,7600,14220.0,0.1252,,17,55,55,70,44,1,AVOID,-0.35,-4,True,backfill
2026-08-04T12:55:01.092635+09:00,2026-08-04,STE,STERIS plc,US,제약/바이오,2026-08-03,232.64,776800,722270.0,6.0386,,71,60,43,58,58,1,HOLD,0.45,5,False,backfill
2026-08-04T12:55:01.092635+09:00,2026-08-04,FICO,Fair Isaac Corporation,US,IT,2026-08-03,1045.46,636500,339300.0,76.8236,,43,55,50,66,51,0,HOLD,-0.03,0,False,backfill
2026-08-04T12:55:01.092635+09:00,2026-08-04,CMS,CMS Energy Corporation,US,유틸리티,2026-08-03,71.1657,4371000,3702970.0,1.556,,43,55,50,42,47,0,HOLD,-0.15,-2,False,backfill
2026-08-04T12:55:01.092635+09:00,2026-08-04,KOF,"Coca-Cola FEMSA, S.A.B. de C.V.",US,소매,2026-08-03,107.01,136400,152125.0,2.9121,,76,55,53,63,63,1,HOLD,0.57,7,False,backfill
2026-08-04T12:55:01.092635+09:00,2026-08-04,STZ,"Constellation Brands, Inc.",US,소매,2026-08-03,131.36,2027800,2048220.0,3.2136,,65,55,45,68,57,0,HOLD,0.11,1,False,backfill
2026-08-04T12:55:01.092635+09:00,2026-08-04,PKG,Packaging Corporation of America,US,소비재,2026-08-03,251.09,640500,757295.0,8.1114,,81,55,53,58,64,1,HOLD,0.73,9,False,backfill
2026-08-04T12:55:01.092635+09:00,2026-08-04,FCNCN,"First Citizens BancShares, Inc. Deposita",US,금융,2026-08-03,24.84,13300,26590.0,0.1414,,30,55,55,50,46,0,HOLD,-0.18,-2,False,backfill
2026-08-04T12:55:01.092635+09:00,2026-08-04,FWONA,Formula One Group,US,인터넷,2026-08-03,89.21,288800,171050.0,2.4521,,47,60,53,45,51,0,HOLD,0.17,2,False,backfill
2026-08-04T12:55:01.092635+09:00,2026-08-04,EXPD,"Expeditors International of Washington, ",US,산업재,2026-08-03,170.59,2221300,1301540.0,3.8471,,48,55,50,37,48,0,HOLD,0.16,2,False,backfill
2026-08-04T12:55:01.092635+09:00,2026-08-04,USFD,US Foods Holding Corp.,US,소매,2026-08-03,99.67,2772900,2371165.0,2.8836,,62,55,45,66,56,0,HOLD,0.33,4,False,backfill
2026-08-04T12:55:01.092635+09:00,2026-08-04,IP,International Paper Company,US,소재,2026-08-03,40.9833,4307300,5940080.0,1.8539,,88,55,53,68,68,1,HOLD,0.86,10,False,backfill
2026-08-04T12:55:01.092635+09:00,2026-08-04,UTHR,United Therapeutics Corporation,US,제약/바이오,2026-08-03,516.31,427600,404330.0,11.29,,31,60,43,50,43,0,AVOID,-0.42,-5,True,backfill
2026-08-04T12:55:01.092635+09:00,2026-08-04,EXE,Expand Energy Corporation,US,에너지,2026-08-03,94.0947,3758200,4162200.0,2.6122,,69,55,68,78,67,1,HOLD,0.51,6,False,backfill
2026-08-04T12:55:01.092635+09:00,2026-08-04,MRNA,"Moderna, Inc.",US,제약/바이오,2026-08-03,55.14,5176700,5566890.0,3.1982,,36,60,40,58,45,0,HOLD,-0.0,0,False,backfill
2026-08-04T12:55:01.092635+09:00,2026-08-04,OMC,Omnicom Group Inc.,US,인터넷,2026-08-03,79.27,2638800,3283115.0,3.2529,,47,60,53,46,51,0,HOLD,0.11,1,False,backfill
2026-08-04T12:55:01.092635+09:00,2026-08-04,WWD,"Woodward, Inc.",US,산업재,2026-08-03,363.57,809400,678995.0,16.2971,,43,55,43,34,44,0,AVOID,-0.17,-2,True,backfill
2026-08-04T12:55:01.092635+09:00,2026-08-04,ROKU,"Roku, Inc.",US,인터넷,2026-08-03,145.84,3244100,2597730.0,1.5686,,64,60,46,35,53,0,HOLD,0.37,4,False,backfill
2026-08-04T12:55:01.092635+09:00,2026-08-04,CIB,Grupo Cibest S.A.,US,금융,2026-08-03,91.11,331700,270540.0,2.6829,,85,55,50,96,70,2,WATCH,0.89,11,False,backfill
2026-08-04T12:55:01.092635+09:00,2026-08-04,DOW,Dow Inc.,US,소재,2026-08-03,29.89,9264400,10662740.0,1.1818,,55,55,30,55,48,0,HOLD,-0.29,-3,False,backfill
2026-08-04T12:55:01.092635+09:00,2026-08-04,TW,Tradeweb Markets Inc.,US,금융,2026-08-03,101.0,2420600,1810950.0,4.1004,,73,55,53,50,60,1,HOLD,0.25,3,False,backfill
2026-08-04T12:55:01.092635+09:00,2026-08-04,IOT,Samsara Inc.,US,IT,2026-08-03,37.13,4468900,5539485.0,2.4475,,88,55,40,35,59,1,HOLD,0.61,7,False,backfill
2026-08-04T12:55:01.092635+09:00,2026-08-04,GPN,Global Payments Inc.,US,금융,2026-08-03,86.19,3280200,3087385.0,3.3057,,88,55,45,84,68,2,WATCH,0.83,10,False,backfill
2026-08-04T12:55:01.092635+09:00,2026-08-04,NI,NiSource Inc,US,유틸리티,2026-08-03,44.53,4953700,4487810.0,0.9407,,28,55,35,42,38,0,AVOID,-0.55,-7,True,backfill
2026-08-04T12:55:01.092635+09:00,2026-08-04,INSM,Insmed Incorporated,US,제약/바이오,2026-08-03,98.45,3546600,2395210.0,3.6171,,25,60,43,19,36,0,AVOID,-0.66,-8,True,backfill
2026-08-04T12:55:01.092635+09:00,2026-08-04,GH,"Guardant Health, Inc.",US,제약/바이오,2026-08-03,158.83,2016200,2209725.0,8.765,,66,60,35,58,54,0,HOLD,0.36,4,False,backfill
2026-08-04T12:55:01.092635+09:00,2026-08-04,AMCR,Amcor plc,US,소비재,2026-08-03,46.02,3596500,3677040.0,1.3257,,95,55,61,66,72,1,HOLD,1.04,12,False,backfill
2026-08-04T12:55:01.092635+09:00,2026-08-04,TSN,"Tyson Foods, Inc.",US,소매,2026-08-03,59.61,5809000,3145285.0,1.7936,,72,55,53,50,60,1,HOLD,0.21,3,False,backfill
2026-08-04T12:55:01.092635+09:00,2026-08-04,SNA,Snap-on Incorporated,US,산업재,2026-08-03,409.41,346100,379515.0,9.695,,62,55,40,58,53,0,HOLD,0.27,3,False,backfill
2026-08-04T12:55:01.092635+09:00,2026-08-04,LEN,Lennar Corporation,US,소비재,2026-08-03,85.2,2137100,2469310.0,2.8021,,65,55,48,73,59,1,HOLD,0.33,4,False,backfill
2026-08-04T12:55:01.092635+09:00,2026-08-04,SOJD,Southern Company (The) Series 2,US,유틸리티,2026-08-03,18.81,49700,79760.0,0.1312,,65,55,58,50,59,0,HOLD,0.27,3,False,backfill
2026-08-04T12:55:01.092635+09:00,2026-08-04,BCH,Banco de Chile,US,금융,2026-08-03,41.55,454900,271465.0,1.2021,,84,55,50,70,66,2,WATCH,0.77,9,False,backfill
2026-08-04T12:55:01.092635+09:00,2026-08-04,MTZ,"MasTec, Inc.",US,산업재,2026-08-03,261.22,2361300,1473945.0,25.04,,18,55,56,42,40,0,AVOID,-0.58,-7,True,backfill
2026-08-04T12:55:01.092635+09:00,2026-08-04,MKSI,MKS Inc.,US,IT,2026-08-03,309.98,1404400,1355225.0,26.7671,,29,55,40,43,40,0,AVOID,-0.3,-4,True,backfill
2026-08-04T12:55:01.092635+09:00,2026-08-04,AS,"Amer Sports, Inc.",US,소비재,2026-08-03,36.2,3164300,3652530.0,1.3668,,76,55,40,58,58,1,HOLD,0.41,5,False,backfill
2026-08-04T12:55:01.092635+09:00,2026-08-04,RBA,"RB Global, Inc.",US,산업재,2026-08-03,112.22,850400,913890.0,2.9086,,69,55,53,50,59,0,HOLD,0.43,5,False,backfill
2026-08-04T12:55:01.092635+09:00,2026-08-04,RS,Reliance Steel & Aluminum Co.,US,소재,2026-08-03,408.1864,265200,331870.0,12.9525,,91,55,50,58,67,1,HOLD,0.81,10,False,backfill
2026-08-04T12:55:01.092635+09:00,2026-08-04,IFF,International Flavors & Fragrances Inc.,US,소재,2026-08-03,80.58,1659800,1794570.0,2.2886,,91,55,58,74,71,2,WATCH,0.98,12,False,backfill
2026-08-04T12:55:01.092635+09:00,2026-08-04,VTRS,Viatris Inc.,US,제약/바이오,2026-08-03,17.63,8797100,9180695.0,0.5,,91,60,53,78,71,2,WATCH,0.97,12,False,backfill
2026-08-04T12:55:01.092635+09:00,2026-08-04,EFX,Equifax Inc.,US,산업재,2026-08-03,174.11,1176000,1840015.0,9.4743,,58,55,46,58,54,0,HOLD,0.15,2,False,backfill
2026-08-04T12:55:01.092635+09:00,2026-08-04,VIV,Telefônica Brasil S.A.,US,인터넷,2026-08-03,12.72,705800,1277555.0,0.347,,25,60,50,76,47,1,HOLD,-0.39,-5,False,backfill
2026-08-04T12:55:01.092635+09:00,2026-08-04,SOJC,The Southern Company JR 2017B NT 77,US,유틸리티,2026-08-03,20.35,27400,31150.0,0.1352,,65,55,58,60,60,0,HOLD,0.3,4,False,backfill
2026-08-04T12:55:01.092635+09:00,2026-08-04,BCE,BCE Inc.,US,인터넷,2026-08-03,21.79,1900300,3778040.0,0.4629,,72,60,53,86,66,2,WATCH,0.43,5,False,backfill
2026-08-04T12:55:01.092635+09:00,2026-08-04,SNX,TD Synnex Corp,US,IT,2026-08-03,253.82,583400,792420.0,8.8116,,69,55,46,58,58,0,HOLD,0.44,5,False,backfill
2026-08-04T12:55:01.092635+09:00,2026-08-04,WIT,Wipro Limited,US,IT,2026-08-03,2.05,9668300,9714890.0,0.0754,,54,55,50,68,55,0,HOLD,0.21,3,False,backfill
2026-08-04T12:55:01.092635+09:00,2026-08-04,BG,Bunge Global S.A.,US,소매,2026-08-03,105.4,1171300,1370055.0,3.7814,,18,55,45,50,38,0,AVOID,-0.67,-8,True,backfill
2026-08-04T12:55:01.092635+09:00,2026-08-04,THC,Tenet Healthcare Corporation,US,제약/바이오,2026-08-03,249.99,1160000,1460915.0,12.1979,,73,60,43,78,62,2,WATCH,0.62,7,False,backfill
2026-08-04T12:55:01.092635+09:00,2026-08-04,YPF,YPF Sociedad Anónima,US,에너지,2026-08-03,51.06,896700,1254525.0,1.5886,,69,55,75,70,68,2,WATCH,0.83,10,False,backfill
2026-08-04T12:55:01.092635+09:00,2026-08-04,ATHS,Athene Holding Ltd. 7.250% Fixe,US,금융,2026-08-03,24.77,16900,25605.0,0.1904,,53,55,58,50,54,0,HOLD,0.17,2,False,backfill
2026-08-04T12:55:01.092635+09:00,2026-08-04,STRD,Strategy Inc,US,IT,2026-08-03,59.59,164500,101280.0,1.5689,,40,55,58,60,51,0,HOLD,-0.19,-2,False,backfill
2026-08-04T12:55:01.092635+09:00,2026-08-04,LYB,LyondellBasell Industries N.V.,US,소재,2026-08-03,60.62,6072700,5046060.0,2.2543,,62,55,35,78,55,1,HOLD,-0.06,-1,False,backfill
2026-08-04T12:55:01.092635+09:00,2026-08-04,MTSI,"MACOM Technology Solutions Holdings, Inc",US,반도체,2026-08-03,256.1,1104500,1480200.0,19.0657,,25,60,40,35,38,0,AVOID,-0.6,-7,True,backfill
2026-08-04T12:55:01.092635+09:00,2026-08-04,ZTO,ZTO Express (Cayman) Inc.,US,산업재,2026-08-03,24.62,1668900,1605750.0,0.4736,,62,55,53,76,60,1,HOLD,0.31,4,False,backfill
2026-08-04T12:55:01.092635+09:00,2026-08-04,CHTR,"Charter Communications, Inc.",US,인터넷,2026-08-03,144.1,2701900,3098130.0,7.3693,,69,60,56,86,66,1,HOLD,0.35,4,False,backfill
2026-08-04T12:55:01.092635+09:00,2026-08-04,WES,"Western Midstream Partners, LP",US,에너지,2026-08-03,46.74,749000,770520.0,0.9527,,86,55,53,60,66,1,HOLD,0.77,9,False,backfill
2026-08-04T12:55:01.092635+09:00,2026-08-04,GIS,"General Mills, Inc.",US,소매,2026-08-03,36.0,8553700,9592515.0,1.3171,,47,55,53,73,54,1,HOLD,0.19,2,False,backfill
2026-08-04T12:55:01.092635+09:00,2026-08-04,EVRG,"Evergy, Inc.",US,유틸리티,2026-08-03,83.23,1891400,2064670.0,1.6164,,43,55,43,42,45,0,HOLD,-0.13,-2,False,backfill
2026-08-04T12:55:01.092635+09:00,2026-08-04,SQM,Sociedad Química y Minera de Chile S.A.,US,소재,2026-08-03,67.03,648500,992855.0,2.7757,,37,55,53,74,51,1,HOLD,-0.23,-3,False,backfill
2026-08-04T12:55:01.092635+09:00,2026-08-04,BEKE,KE Holdings Inc.,US,리츠,2026-08-03,17.29,2191600,3543010.0,0.4646,,80,55,45,58,61,1,HOLD,0.42,5,False,backfill
2026-08-04T12:55:01.092635+09:00,2026-08-04,DD,"DuPont de Nemours, Inc.",US,소재,2026-08-03,141.28,2019100,1580075.0,3.3221,,69,55,37,35,52,0,HOLD,0.17,2,False,backfill
2026-08-04T12:55:01.092635+09:00,2026-08-04,ENTG,"Entegris, Inc.",US,반도체,2026-08-03,125.2,3023700,3000210.0,9.6118,,25,60,43,43,40,0,AVOID,-0.51,-6,True,backfill
2026-08-04T12:55:01.092635+09:00,2026-08-04,SBAC,SBA Communications Corporation,US,리츠,2026-08-03,179.54,1818300,1041260.0,6.0229,,40,55,53,45,48,0,HOLD,-0.29,-3,False,backfill
2026-08-04T12:55:01.092635+09:00,2026-08-04,TOST,"Toast, Inc.",US,IT,2026-08-03,32.79,8464100,9708960.0,1.3221,,81,55,43,50,60,1,HOLD,0.55,7,False,backfill
2026-08-04T12:55:01.092635+09:00,2026-08-04,CDW,CDW Corporation,US,IT,2026-08-03,147.7,1803800,1843680.0,5.5921,,91,55,58,58,69,1,HOLD,0.85,10,False,backfill
2026-08-04T12:55:01.092635+09:00,2026-08-04,AQNB,Algonquin Power & Utilities Corp.,US,유틸리티,2026-08-03,25.67,4400,15320.0,0.0996,,79,55,55,50,63,1,HOLD,0.5,6,False,backfill
2026-08-04T12:55:01.092635+09:00,2026-08-04,STRL,"Sterling Infrastructure, Inc.",US,산업재,2026-08-03,611.47,1238700,807810.0,56.9343,,32,55,56,42,45,0,HOLD,0.02,0,False,backfill
2026-08-04T12:55:01.092635+09:00,2026-08-04,ZBH,"Zimmer Biomet Holdings, Inc.",US,제약/바이오,2026-08-03,96.98,2247000,2242545.0,3.0093,,81,60,53,74,67,2,WATCH,0.82,10,False,backfill
2026-08-04T12:55:01.092635+09:00,2026-08-04,RIVN,"Rivian Automotive, Inc.",US,소비재,2026-08-03,15.355,22327700,38728125.0,0.9857,,47,55,46,50,49,0,HOLD,0.03,0,False,backfill
2026-08-04T12:55:01.092635+09:00,2026-08-04,SSNC,"SS&C Technologies Holdings, Inc.",US,IT,2026-08-03,79.38,2370800,1955315.0,2.6364,,66,55,53,74,61,1,HOLD,0.57,7,False,backfill
2026-08-04T12:55:01.092635+09:00,2026-08-04,SBS,Companhia de Saneamento Básico do Estado,US,유틸리티,2026-08-03,5.43,6226700,5739070.0,0.1607,,33,55,40,70,45,1,HOLD,-0.44,-5,False,backfill
2026-08-04T12:55:01.092635+09:00,2026-08-04,SMCI,"Super Micro Computer, Inc.",US,IT,2026-08-03,28.64,24010900,43014235.0,2.4193,,65,55,53,68,60,0,HOLD,0.37,4,False,backfill
2026-08-04T12:55:01.092635+09:00,2026-08-04,MGA,Magna International Inc.,US,소비재,2026-08-03,67.3899,955400,1336370.0,2.0575,,91,55,45,74,67,2,WATCH,0.84,10,False,backfill
2026-08-04T12:55:01.092635+09:00,2026-08-04,BIP,Brookfield Infrastructure Partners L.P.,US,유틸리티,2026-08-03,40.08,701500,1101525.0,1.2243,,99,55,53,30,66,1,HOLD,0.86,10,False,backfill
2026-08-04T12:55:01.092635+09:00,2026-08-04,PAAS,Pan American Silver Corp.,US,소재,2026-08-03,43.73,2092500,3674460.0,1.7621,,65,55,50,71,59,1,HOLD,0.13,2,False,backfill
2026-08-04T12:55:01.092635+09:00,2026-08-04,LNT,Alliant Energy Corporation,US,유틸리티,2026-08-03,71.27,3303500,2464410.0,1.6107,,43,55,50,42,47,0,HOLD,-0.12,-1,False,backfill
2026-08-04T12:55:01.092635+09:00,2026-08-04,RCI,Rogers Communications Inc.,US,인터넷,2026-08-03,34.05,724500,1557550.0,0.9364,,72,60,53,86,66,2,WATCH,0.48,6,False,backfill
2026-08-04T12:55:01.092635+09:00,2026-08-04,FLUT,Flutter Entertainment plc,US,소비재,2026-08-03,105.96,2950700,2152970.0,4.3836,,43,55,60,70,55,1,HOLD,0.13,2,False,backfill
2026-08-04T12:55:01.092635+09:00,2026-08-04,ROL,"Rollins, Inc.",US,산업재,2026-08-03,38.0048,6048800,6312185.0,1.6335,,18,55,53,42,40,0,AVOID,-0.61,-7,True,backfill
2026-08-04T12:55:01.092635+09:00,2026-08-04,STRK,Strategy Inc,US,IT,2026-08-03,61.8,123500,74875.0,1.917,,50,55,48,60,52,0,HOLD,-0.15,-2,False,backfill
2026-08-04T12:55:01.092635+09:00,2026-08-04,ULS,UL Solutions Inc.,US,산업재,2026-08-03,91.05,1083500,792030.0,2.6225,,72,55,43,42,55,1,HOLD,0.26,3,False,backfill
2026-08-04T12:55:01.092635+09:00,2026-08-04,BEN,"Franklin Resources, Inc.",US,금융,2026-08-03,35.24,7392300,5007935.0,0.9821,,88,55,56,58,67,1,HOLD,0.86,10,False,backfill
2026-08-04T12:55:01.092635+09:00,2026-08-04,BR,"Broadridge Financial Solutions, Inc.",US,IT,2026-08-03,157.34,1310400,941235.0,5.3014,,80,55,53,68,65,1,HOLD,0.59,7,False,backfill
2026-08-04T12:55:01.092635+09:00,2026-08-04,WY,Weyerhaeuser Company,US,리츠,2026-08-03,25.23,6142800,5119600.0,0.7186,,73,55,53,50,60,1,HOLD,0.5,6,False,backfill
2026-08-04T12:55:01.092635+09:00,2026-08-04,CF,"CF Industries Holdings, Inc.",US,소재,2026-08-03,117.6936,2173200,2292925.0,4.5061,,43,55,53,73,53,1,HOLD,-0.03,0,False,backfill
2026-08-04T12:55:01.092635+09:00,2026-08-04,INVH,Invitation Homes Inc.,US,리츠,2026-08-03,30.49,5331700,4061090.0,0.6096,,59,55,48,53,54,0,HOLD,0.26,3,False,backfill
2026-08-04T12:55:01.092635+09:00,2026-08-04,EWBC,"East West Bancorp, Inc.",US,금융,2026-08-03,132.15,575600,858545.0,2.4064,,62,55,43,55,54,0,HOLD,0.24,3,False,backfill
2026-08-04T12:55:01.092635+09:00,2026-08-04,RBC,RBC Bearings Incorporated,US,산업재,2026-08-03,570.27,299000,232805.0,20.1021,,28,55,43,50,41,0,AVOID,-0.4,-5,True,backfill
2026-08-04T12:55:01.092635+09:00,2026-08-04,BBY,"Best Buy Co., Inc.",US,소비재,2026-08-03,85.25,3956000,3416275.0,2.5993,,66,55,46,76,59,1,HOLD,0.51,6,False,backfill
2026-08-04T12:55:01.092635+09:00,2026-08-04,PFGC,Performance Food Group Co,US,소매,2026-08-03,114.36,1169300,1609090.0,2.9956,,66,55,43,58,56,0,HOLD,0.41,5,False,backfill
2026-08-04T12:55:01.092635+09:00,2026-08-04,FTV,Fortive Corporation,US,IT,2026-08-03,59.46,2937400,2894155.0,1.8644,,46,55,45,74,52,1,HOLD,-0.0,0,False,backfill
2026-08-04T12:55:01.092635+09:00,2026-08-04,TPG,TPG Inc.,US,금융,2026-08-03,45.825,4745500,1915020.0,1.5967,,77,55,53,43,60,1,HOLD,0.48,6,False,backfill
2026-08-04T12:55:01.092635+09:00,2026-08-04,ITT,ITT Inc.,US,산업재,2026-08-03,198.44,728900,920525.0,5.6457,,87,55,35,58,61,1,HOLD,0.36,4,False,backfill
2026-08-04T12:55:01.092635+09:00,2026-08-04,GPC,Genuine Parts Company,US,소비재,2026-08-03,128.52,1126800,1828810.0,4.8364,,66,55,53,51,58,0,HOLD,0.49,6,False,backfill
2026-08-04T12:55:01.092635+09:00,2026-08-04,DUKB,Duke Energy Corporation 5.625%,US,유틸리티,2026-08-03,22.76,19900,43015.0,0.1414,,25,55,55,50,44,0,AVOID,-0.31,-4,True,backfill
2026-08-04T12:55:01.092635+09:00,2026-08-04,WCC,"WESCO International, Inc.",US,산업재,2026-08-03,361.33,604400,790660.0,15.4393,,77,55,53,58,63,1,HOLD,0.53,6,False,backfill
2026-08-04T12:55:01.092635+09:00,2026-08-04,GMAB,Genmab A/S,US,제약/바이오,2026-08-03,28.68,1739500,2066110.0,0.6896,,47,60,50,58,52,0,HOLD,0.14,2,False,backfill
2026-08-04T12:55:01.092635+09:00,2026-08-04,CG,The Carlyle Group Inc.,US,금융,2026-08-03,48.5626,6969700,2877650.0,1.6149,,77,55,45,58,60,1,HOLD,0.37,4,False,backfill
2026-08-04T12:55:01.092635+09:00,2026-08-04,PR,Permian Resources Corporation,US,에너지,2026-08-03,20.9,8328900,8341675.0,0.6575,,87,55,53,50,65,1,HOLD,0.5,6,False,backfill
2026-08-04T12:55:01.092635+09:00,2026-08-04,KSPI,Joint Stock Company Kaspi.kz,US,IT,2026-08-03,92.0,850500,319825.0,2.5557,,88,55,45,80,67,2,WATCH,0.75,9,False,backfill
2026-08-04T12:55:01.092635+09:00,2026-08-04,OWL,Blue Owl Capital Inc.,US,금융,2026-08-03,10.95,40039400,17683155.0,0.4039,,71,55,45,59,58,1,HOLD,0.48,6,False,backfill
2026-08-04T12:55:01.092635+09:00,2026-08-04,LSCC,Lattice Semiconductor Corporation,US,반도체,2026-08-03,127.18,1599300,1737985.0,9.075,,28,60,40,43,40,0,AVOID,-0.35,-4,True,backfill
2026-08-04T12:55:01.092635+09:00,2026-08-04,NWS,News Corporation,US,인터넷,2026-08-03,31.79,1099700,1099455.0,0.9743,,84,60,53,53,65,1,HOLD,0.68,8,False,backfill
2026-08-04T12:55:01.092635+09:00,2026-08-04,BALL,Ball Corporation,US,소비재,2026-08-03,65.15,2195900,1842420.0,1.6171,,81,55,53,58,64,1,HOLD,0.63,8,False,backfill
2026-08-04T12:55:01.092635+09:00,2026-08-04,CHRW,"C.H. Robinson Worldwide, Inc.",US,산업재,2026-08-03,147.0,2932800,2457225.0,9.2336,,43,55,53,50,49,0,HOLD,-0.15,-2,False,backfill
2026-08-04T12:55:01.092635+09:00,2026-08-04,APG,APi Group Corporation,US,산업재,2026-08-03,39.84,2979700,2874205.0,1.3326,,47,55,53,50,51,0,HOLD,-0.12,-1,False,backfill
2026-08-04T12:55:01.092635+09:00,2026-08-04,HST,"Host Hotels & Resorts, Inc.",US,리츠,2026-08-03,25.09,9784900,9050875.0,0.5871,,85,55,53,63,66,1,HOLD,0.8,10,False,backfill
2026-08-04T12:55:01.092635+09:00,2026-08-04,CX,"CEMEX, S.A.B. de C.V.",US,소재,2026-08-03,11.84,3741200,6239975.0,0.37,,28,55,53,76,48,1,HOLD,-0.15,-2,False,backfill
2026-08-04T12:55:01.092635+09:00,2026-08-04,NLY,"Annaly Capital Management, Inc.",US,리츠,2026-08-03,22.78,7774700,7179720.0,0.4507,,47,55,56,65,54,0,HOLD,0.18,2,False,backfill
2026-08-04T12:55:01.092635+09:00,2026-08-04,DKS,"DICK'S Sporting Goods, Inc.",US,소비재,2026-08-03,200.82,1895500,1154595.0,6.9157,,31,55,53,50,45,0,HOLD,-0.29,-3,False,backfill
2026-08-04T12:55:01.092635+09:00,2026-08-04,IEX,IDEX Corporation,US,산업재,2026-08-03,232.7,472600,775850.0,6.1471,,88,55,53,58,66,1,HOLD,0.75,9,False,backfill
2026-08-04T12:55:01.092635+09:00,2026-08-04,RGLD,"Royal Gold, Inc.",US,소재,2026-08-03,202.04,607800,677960.0,5.9757,,72,55,53,50,60,1,HOLD,0.22,3,False,backfill
2026-08-04T12:55:01.092635+09:00,2026-08-04,KIM,Kimco Realty Corporation,US,리츠,2026-08-03,25.41,6128900,4160250.0,0.465,,47,55,53,45,50,0,HOLD,0.14,2,False,backfill
2026-08-04T12:55:01.092635+09:00,2026-08-04,AKAM,"Akamai Technologies, Inc.",US,IT,2026-08-03,117.88,3194400,3483425.0,5.6886,,32,55,45,58,44,0,AVOID,-0.09,-1,True,backfill
2026-08-04T12:55:01.092635+09:00,2026-08-04,OVV,Ovintiv Inc.,US,에너지,2026-08-03,61.88,2675600,3375890.0,2.0143,,87,55,53,76,69,2,WATCH,0.66,8,False,backfill
2026-08-04T12:55:01.092635+09:00,2026-08-04,PAA,"Plains All American Pipeline, L.P.",US,에너지,2026-08-03,24.2,2709300,2170975.0,0.4331,,91,55,50,66,68,1,HOLD,0.78,9,False,backfill
2026-08-04T12:55:01.092635+09:00,2026-08-04,YUMC,"Yum China Holdings, Inc.",US,소비재,2026-08-03,48.35,1763100,1762720.0,1.2529,,62,55,56,68,60,0,HOLD,0.35,4,False,backfill
2026-08-04T12:55:01.092635+09:00,2026-08-04,GEN,Gen Digital Inc.,US,IT,2026-08-03,28.0464,3835900,3873710.0,0.8555,,87,55,53,76,69,2,WATCH,0.88,11,False,backfill
2026-08-04T12:55:01.092635+09:00,2026-08-04,NDSN,Nordson Corporation,US,산업재,2026-08-03,302.62,326500,328105.0,6.2664,,88,55,53,58,66,1,HOLD,0.74,9,False,backfill
2026-08-04T12:55:01.092635+09:00,2026-08-04,JLL,Jones Lang LaSalle Incorporated,US,리츠,2026-08-03,366.06,417400,402270.0,11.7793,,71,55,53,76,63,2,WATCH,0.65,8,False,backfill
2026-08-04T12:55:01.092635+09:00,2026-08-04,TSCO,Tractor Supply Company,US,소비재,2026-08-03,32.11,10648600,10170620.0,1.1614,,69,55,53,60,60,0,HOLD,0.37,4,False,backfill
2026-08-04T12:55:01.092635+09:00,2026-08-04,WF,Woori Financial Group Inc.,US,금융,2026-08-03,69.14,120300,166700.0,2.025,,77,55,50,88,66,2,WATCH,0.58,7,False,backfill
2026-08-04T12:55:01.092635+09:00,2026-08-04,NVR,"NVR, Inc.",US,소비재,2026-08-03,6204.1001,34800,31980.0,238.0737,,46,55,50,55,50,0,HOLD,0.06,1,False,backfill
2026-08-04T12:55:01.092635+09:00,2026-08-04,NBIX,"Neurocrine Biosciences, Inc.",US,제약/바이오,2026-08-03,166.23,1515900,1359135.0,6.3807,,54,60,43,66,54,0,HOLD,0.31,4,False,backfill
2026-08-04T12:55:01.092635+09:00,2026-08-04,WPC,W. P. Carey Inc.,US,리츠,2026-08-03,72.91,1551900,1436255.0,1.5664,,43,55,56,58,52,0,HOLD,0.05,1,False,backfill
2026-08-04T12:55:01.092635+09:00,2026-08-04,NTNX,"Nutanix, Inc.",US,IT,2026-08-03,61.06,1991600,2933130.0,2.0494,,92,55,53,43,66,1,HOLD,0.83,10,False,backfill
2026-08-04T12:55:01.092635+09:00,2026-08-04,CCZ,Comcast Holdings Corp.,US,인터넷,2026-08-03,65.99,0,10.0,0.0364,,27,60,58,42,45,0,HOLD,-0.16,-2,False,backfill
2026-08-04T12:55:01.092635+09:00,2026-08-04,CLH,"Clean Harbors, Inc.",US,산업재,2026-08-03,310.98,417200,492885.0,9.0843,,80,55,50,58,63,1,HOLD,0.49,6,False,backfill
2026-08-04T12:55:01.092635+09:00,2026-08-04,J,Jacobs Solutions Inc.,US,산업재,2026-08-03,138.72,864200,860870.0,3.6829,,81,55,65,58,68,1,HOLD,0.74,9,False,backfill
2026-08-04T12:55:01.092635+09:00,2026-08-04,STLA,Stellantis N.V.,US,소비재,2026-08-03,5.65,23772100,21738050.0,0.2143,,40,55,53,72,52,1,HOLD,-0.2,-2,False,backfill
2026-08-04T12:55:01.092635+09:00,2026-08-04,BSAC,Banco Santander-Chile,US,금융,2026-08-03,34.71,220200,310150.0,0.8521,,91,55,50,60,67,1,HOLD,0.82,10,False,backfill
2026-08-04T12:55:01.092635+09:00,2026-08-04,FN,Fabrinet,US,IT,2026-08-03,455.94,760500,792560.0,34.2443,,18,55,53,50,41,0,AVOID,-0.58,-7,True,backfill
2026-08-04T12:55:01.092635+09:00,2026-08-04,H,Hyatt Hotels Corporation,US,소비재,2026-08-03,171.58,1371600,841580.0,6.6521,,24,55,35,43,36,0,AVOID,-0.41,-5,True,backfill
2026-08-04T12:55:01.092635+09:00,2026-08-04,PNFP,"Pinnacle Financial Partners, Inc.",US,금융,2026-08-03,107.0348,1112700,1309740.0,2.9582,,88,55,35,68,62,1,HOLD,0.61,7,False,backfill
2026-08-04T12:55:01.092635+09:00,2026-08-04,PTC,PTC Inc.,US,IT,2026-08-03,139.86,1258500,1607405.0,5.7136,,69,55,53,68,61,0,HOLD,0.41,5,False,backfill
2026-08-04T12:55:01.092635+09:00,2026-08-04,CRCL,Circle Internet Group,US,금융,2026-08-03,60.35,15928800,12364800.0,4.7586,,43,55,43,37,44,0,AVOID,-0.38,-5,True,backfill
2026-08-04T12:55:01.092635+09:00,2026-08-04,EMA,Emera Incorporated,US,유틸리티,2026-08-03,52.67,937200,485435.0,0.9239,,46,55,55,37,49,0,HOLD,0.0,0,False,backfill
2026-08-04T12:55:01.092635+09:00,2026-08-04,PINS,"Pinterest, Inc.",US,인터넷,2026-08-03,24.16,13106900,10558860.0,0.8832,,79,60,43,66,62,1,HOLD,0.66,8,False,backfill
2026-08-04T12:55:01.092635+09:00,2026-08-04,JHX,James Hardie Industries plc,US,소재,2026-08-03,27.67,7384000,7158195.0,0.99,,92,55,53,43,66,1,HOLD,0.83,10,False,backfill
2026-08-04T12:55:01.092635+09:00,2026-08-04,CDE,"Coeur Mining, Inc.",US,소재,2026-08-03,15.56,36679400,28033935.0,0.9093,,65,55,37,63,54,0,HOLD,0.0,0,False,backfill
2026-08-04T12:55:01.092635+09:00,2026-08-04,PKX,POSCO Holdings Inc.,US,소재,2026-08-03,52.94,217400,363655.0,1.8193,,55,55,50,66,55,0,HOLD,-0.04,0,False,backfill
2026-08-04T12:55:01.092635+09:00,2026-08-04,MEDP,"Medpace Holdings, Inc.",US,제약/바이오,2026-08-03,573.29,249500,397190.0,27.2243,,66,60,43,37,54,0,HOLD,0.38,5,False,backfill
2026-08-04T12:55:01.092635+09:00,2026-08-04,LAMR,Lamar Advertising Company,US,리츠,2026-08-03,157.61,1316400,622200.0,3.4071,,47,55,45,42,47,0,HOLD,0.1,1,False,backfill
2026-08-04T12:55:01.092635+09:00,2026-08-04,DINO,HF Sinclair Corporation,US,에너지,2026-08-03,88.1039,3710000,3067655.0,3.6169,,81,55,48,78,65,2,WATCH,0.75,9,False,backfill
2026-08-04T12:55:01.092635+09:00,2026-08-04,BWXT,"BWX Technologies, Inc.",US,산업재,2026-08-03,173.79,1161600,917135.0,7.5764,,40,55,35,42,42,0,AVOID,-0.49,-6,True,backfill
2026-08-04T12:55:01.092635+09:00,2026-08-04,JAZZ,Jazz Pharmaceuticals plc,US,제약/바이오,2026-08-03,251.58,1493300,729720.0,7.2279,,73,60,43,59,59,1,HOLD,0.55,7,False,backfill
2026-08-04T12:55:01.092635+09:00,2026-08-04,TIGO,Millicom International Cellular S.A.,US,인터넷,2026-08-03,94.3,1858800,1371850.0,3.243,,44,60,40,76,51,1,HOLD,0.16,2,False,backfill
2026-08-04T12:55:01.092635+09:00,2026-08-04,VNOM,"Viper Energy, Inc.",US,에너지,2026-08-03,42.9968,1599600,1483235.0,1.0702,,65,55,50,42,55,0,HOLD,0.04,0,False,backfill
2026-08-04T12:55:01.092635+09:00,2026-08-04,LTM,LATAM Airlines Group S.A.,US,산업재,2026-08-03,54.51,576800,723350.0,1.8297,,73,55,53,70,63,2,WATCH,0.66,8,False,backfill
2026-08-04T12:55:01.092635+09:00,2026-08-04,NWSA,News Corporation,US,인터넷,2026-08-03,27.94,3358800,3223475.0,0.7979,,62,60,53,61,59,0,HOLD,0.42,5,False,backfill
2026-08-04T12:55:01.092635+09:00,2026-08-04,BBIO,"BridgeBio Pharma, Inc.",US,제약/바이오,2026-08-03,79.96,1366900,3279320.0,2.5473,,44,60,38,27,43,0,AVOID,-0.02,0,True,backfill
2026-08-04T12:55:01.092635+09:00,2026-08-04,TLN,Talen Energy Corporation,US,유틸리티,2026-08-03,344.49,760900,659895.0,21.6916,,25,55,56,60,46,0,HOLD,-0.36,-4,False,backfill
2026-08-04T12:55:01.092635+09:00,2026-08-04,GIB,CGI Inc.,US,IT,2026-08-03,72.8909,420500,520730.0,2.4353,,84,55,53,68,66,1,HOLD,0.74,9,False,backfill
2026-08-04T12:55:01.092635+09:00,2026-08-04,KEP,Korea Electric Power Corporation,US,유틸리티,2026-08-03,12.11,978900,1212560.0,0.3307,,62,55,53,96,63,1,HOLD,0.2,2,False,backfill
2026-08-04T12:55:01.092635+09:00,2026-08-04,RZC,"Reinsurance Group of America, Incorporat",US,금융,2026-08-03,25.59,13400,37570.0,0.1343,,84,55,58,50,65,1,HOLD,0.63,8,False,backfill
2026-08-04T12:55:01.092635+09:00,2026-08-04,MAA,"Mid-America Apartment Communities, Inc.",US,리츠,2026-08-03,133.47,1061000,1172135.0,2.52,,43,55,61,53,52,0,HOLD,0.12,1,False,backfill
2026-08-04T12:55:01.092635+09:00,2026-08-04,RGA,"Reinsurance Group of America, Incorporat",US,금융,2026-08-03,236.37,272600,355405.0,5.2079,,62,55,56,76,61,1,HOLD,0.52,6,False,backfill
2026-08-04T12:55:01.092635+09:00,2026-08-04,RBRK,"Rubrik, Inc.",US,IT,2026-08-03,74.74,2360400,2430510.0,3.8753,,40,55,43,35,43,0,AVOID,-0.03,0,True,backfill
2026-08-04T12:55:01.092635+09:00,2026-08-04,TRU,TransUnion,US,금융,2026-08-03,79.98,1434200,2357485.0,3.8871,,84,55,43,66,63,1,HOLD,0.69,8,False,backfill
2026-08-04T12:55:01.092635+09:00,2026-08-04,SOLV,Solventum Corporation,US,제약/바이오,2026-08-03,88.07,1285100,1056345.0,2.7157,,82,60,53,70,67,2,WATCH,0.82,10,False,backfill
2026-08-04T12:55:01.092635+09:00,2026-08-04,ASND,Ascendis Pharma A/S,US,제약/바이오,2026-08-03,243.45,622900,517850.0,7.7421,,39,60,62,42,51,0,HOLD,0.1,1,False,backfill
2026-08-04T12:55:01.092635+09:00,2026-08-04,SUI,"Sun Communities, Inc.",US,리츠,2026-08-03,122.46,1194300,1911220.0,3.0921,,80,55,53,46,62,1,HOLD,0.46,6,False,backfill
2026-08-04T12:55:01.092635+09:00,2026-08-04,LOGI,Logitech International S.A.,US,IT,2026-08-03,105.11,1316300,1313475.0,3.5929,,72,55,53,50,60,1,HOLD,0.42,5,False,backfill
2026-08-04T12:55:01.092635+09:00,2026-08-04,CSL,Carlisle Companies Incorporated,US,소재,2026-08-03,371.86,419400,568975.0,15.7029,,81,55,53,50,63,1,HOLD,0.6,7,False,backfill
2026-08-04T12:55:01.092635+09:00,2026-08-04,LII,Lennox International Inc.,US,산업재,2026-08-03,435.0,799300,557910.0,24.0743,,10,55,53,42,37,0,AVOID,-0.72,-9,True,backfill
2026-08-04T12:55:01.092635+09:00,2026-08-04,DVA,DaVita Inc.,US,제약/바이오,2026-08-03,233.68,1346600,677795.0,6.1307,,51,60,43,74,54,1,HOLD,0.29,3,False,backfill
2026-08-04T12:55:01.092635+09:00,2026-08-04,TU,Telus Corp,US,인터넷,2026-08-03,9.59,8452300,7950775.0,0.3864,,26,60,53,76,48,1,HOLD,-0.34,-4,False,backfill
2026-08-04T12:55:01.092635+09:00,2026-08-04,TLK,Perusahaan Perseroan (Persero) PT Teleko,US,인터넷,2026-08-03,15.18,928700,800730.0,0.345,,59,60,50,81,60,1,HOLD,0.27,3,False,backfill
2026-08-04T12:55:01.092635+09:00,2026-08-04,FUTU,Futu Holdings Limited,US,금융,2026-08-03,107.04,1176900,1389320.0,4.4599,,62,55,53,78,60,1,HOLD,0.13,2,False,backfill
2026-08-04T12:55:01.092635+09:00,2026-08-04,LDOS,"Leidos Holdings, Inc.",US,IT,2026-08-03,118.72,1838100,1373015.0,3.8364,,59,55,45,78,57,1,HOLD,0.01,0,False,backfill
2026-08-04T12:55:01.092635+09:00,2026-08-04,ARMK,Aramark,US,산업재,2026-08-03,56.74,2143800,2458990.0,1.14,,48,55,53,58,52,0,HOLD,0.27,3,False,backfill
2026-08-04T12:55:01.092635+09:00,2026-08-04,DOC,"Healthpeak Properties, Inc.",US,리츠,2026-08-03,21.5338,5963600,6040645.0,0.4602,,51,55,50,46,51,0,HOLD,0.24,3,False,backfill
2026-08-04T12:55:01.092635+09:00,2026-08-04,DOCN,"DigitalOcean Holdings, Inc.",US,IT,2026-08-03,127.17,4901400,3671540.0,12.1264,,69,55,38,34,52,0,HOLD,0.32,4,False,backfill
2026-08-04T12:55:01.092635+09:00,2026-08-04,TXT,Textron Inc.,US,산업재,2026-08-03,86.39,1735200,1775005.0,3.0314,,31,55,53,68,48,0,HOLD,-0.2,-2,False,backfill
2026-08-04T12:55:01.092635+09:00,2026-08-04,SWK,"Stanley Black & Decker, Inc.",US,산업재,2026-08-03,98.11,2071400,1833770.0,3.4214,,82,55,53,66,66,1,HOLD,0.77,9,False,backfill
2026-08-04T12:55:01.092635+09:00,2026-08-04,MAS,Masco Corporation,US,소재,2026-08-03,74.73,2381200,2823010.0,2.765,,47,55,53,68,54,0,HOLD,0.22,3,False,backfill
2026-08-04T12:55:01.092635+09:00,2026-08-04,EG,"Everest Group, Ltd.",US,금융,2026-08-03,372.05,357800,371695.0,9.6343,,47,55,53,100,58,1,HOLD,0.3,4,False,backfill
2026-08-04T12:55:01.092635+09:00,2026-08-04,MLI,"Mueller Industries, Inc.",US,산업재,2026-08-03,66.55,1086500,1588280.0,1.9957,,57,55,50,55,54,0,HOLD,0.18,2,False,backfill
2026-08-04T12:55:01.092635+09:00,2026-08-04,REG,Regency Centers Corporation,US,리츠,2026-08-03,80.3,1627400,1314610.0,1.4121,,43,55,50,50,49,0,HOLD,-0.02,0,False,backfill
2026-08-04T12:55:01.092635+09:00,2026-08-04,GFL,GFL Environmental Inc.,US,산업재,2026-08-03,42.0,1830400,2820140.0,1.1582,,71,55,45,42,56,1,HOLD,0.4,5,False,backfill
2026-08-04T12:55:01.092635+09:00,2026-08-04,OHI,"Omega Healthcare Investors, Inc.",US,리츠,2026-08-03,49.01,1907300,1871075.0,1.1197,,47,55,45,55,49,0,HOLD,0.04,0,False,backfill
2026-08-04T12:55:01.092635+09:00,2026-08-04,BNT,Brookfield Wealth Solutions Ltd.,US,금융,2026-08-03,44.05,8700,22380.0,0.8792,,65,55,55,78,62,1,HOLD,0.37,4,False,backfill
2026-08-04T12:55:01.092635+09:00,2026-08-04,TME,Tencent Music Entertainment Group,US,인터넷,2026-08-03,9.53,6191900,5897040.0,0.3352,,75,60,53,86,67,2,WATCH,0.63,8,False,backfill
2026-08-04T12:55:01.092635+09:00,2026-08-04,MAIR,Madison Air Solutions Corporation,US,산업재,2026-08-03,29.18,1609400,2820355.0,2.02,,10,55,60,43,39,0,AVOID,-0.64,-8,True,backfill
2026-08-04T12:55:01.092635+09:00,2026-08-04,LECO,"Lincoln Electric Holdings, Inc.",US,산업재,2026-08-03,267.79,409900,389980.0,9.3279,,69,55,53,42,57,0,HOLD,0.34,4,False,backfill
2026-08-04T12:55:01.092635+09:00,2026-08-04,U,Unity Software Inc.,US,IT,2026-08-03,33.38,12846700,7613655.0,1.8032,,85,55,43,50,61,1,HOLD,0.65,8,False,backfill
2026-08-04T12:55:01.092635+09:00,2026-08-04,GRAB,Grab Holdings Limited,US,IT,2026-08-03,3.67,65946700,43887890.0,0.1393,,51,55,43,51,49,0,HOLD,-0.0,0,False,backfill
2026-08-04T12:55:01.092635+09:00,2026-08-04,BAX,Baxter International Inc.,US,제약/바이오,2026-08-03,28.1,10447100,6967940.0,1.2743,,77,60,53,63,64,1,HOLD,0.73,9,False,backfill
2026-08-04T12:55:01.092635+09:00,2026-08-04,SITM,SiTime Corporation,US,반도체,2026-08-03,550.32,355600,441980.0,44.7993,,25,60,43,29,38,0,AVOID,-0.46,-6,True,backfill
2026-08-04T12:55:01.092635+09:00,2026-08-04,IONQ,"IonQ, Inc.",US,IT,2026-08-03,38.85,23340700,19590635.0,2.8026,,55,55,53,35,51,0,HOLD,-0.12,-1,False,backfill
2026-08-04T12:55:01.092635+09:00,2026-08-04,CNA,CNA Financial Corporation,US,금융,2026-08-03,53.0856,647700,494390.0,1.4172,,73,55,50,86,64,2,WATCH,0.68,8,False,backfill
2026-08-04T12:55:01.092635+09:00,2026-08-04,COO,"The Cooper Companies, Inc.",US,제약/바이오,2026-08-03,74.23,2811200,2055890.0,1.7993,,75,60,50,51,61,1,HOLD,0.62,7,False,backfill
2026-08-04T12:55:01.092635+09:00,2026-08-04,IESC,"IES Holdings, Inc.",US,산업재,2026-08-03,724.99,227700,229175.0,60.0157,,73,55,35,42,53,1,HOLD,0.37,4,False,backfill
2026-08-04T12:55:01.092635+09:00,2026-08-04,KKRS,KKR Group Finance Co. IX LLC 4.,US,금융,2026-08-03,16.15,75700,33810.0,0.1149,,46,55,55,50,51,0,HOLD,0.01,0,False,backfill
2026-08-04T12:55:01.092635+09:00,2026-08-04,PAG,"Penske Automotive Group, Inc.",US,소비재,2026-08-03,216.0677,495400,545540.0,7.1526,,93,55,56,60,69,1,HOLD,0.93,11,False,backfill
2026-08-04T12:55:01.092635+09:00,2026-08-04,GL,Globe Life Inc.,US,금융,2026-08-03,184.09,655000,692170.0,4.8479,,73,55,40,60,58,1,HOLD,0.49,6,False,backfill
2026-08-04T12:55:01.092635+09:00,2026-08-04,UNM,Unum Group,US,금융,2026-08-03,90.11,2112600,1552745.0,2.357,,51,55,48,50,51,0,HOLD,0.2,2,False,backfill
2026-08-04T12:55:01.092635+09:00,2026-08-04,RPM,RPM International Inc.,US,소재,2026-08-03,111.49,868900,1086850.0,4.2243,,73,55,50,58,60,1,HOLD,0.57,7,False,backfill
2026-08-04T12:55:01.092635+09:00,2026-08-04,AEG,Aegon Ltd.,US,금융,2026-08-03,9.46,3386700,5099640.0,0.1571,,82,55,53,55,64,1,HOLD,0.73,9,False,backfill
2026-08-04T12:55:01.092635+09:00,2026-08-04,AEFC,Aegon Funding Company LLC,US,금융,2026-08-03,18.24,47300,40560.0,0.1417,,17,55,55,50,41,0,AVOID,-0.44,-5,True,backfill
2026-08-04T12:55:01.092635+09:00,2026-08-04,COKE,"Coca-Cola Consolidated, Inc.",US,소매,2026-08-03,180.76,487900,528345.0,6.5532,,65,55,53,53,58,0,HOLD,0.1,1,False,backfill
2026-08-04T12:55:01.092635+09:00,2026-08-04,IREN,IREN Limited,US,IT,2026-08-03,39.75,43898300,47039745.0,4.3717,,55,55,45,37,49,0,HOLD,-0.19,-2,False,backfill
2026-08-04T12:55:01.092635+09:00,2026-08-04,XELLL,Xcel Energy Inc. 6.25% Junior Subordinat,US,유틸리티,2026-08-03,23.22,78700,56895.0,0.1861,,65,55,55,60,59,0,HOLD,0.29,3,False,backfill
2026-08-04T12:55:01.092635+09:00,2026-08-04,CRBG,"Corebridge Financial, Inc.",US,금융,2026-08-03,31.31,4785700,3962215.0,0.8689,,62,55,48,51,55,0,HOLD,0.39,5,False,backfill
2026-08-04T12:55:01.092635+09:00,2026-08-04,TOL,"Toll Brothers, Inc.",US,소비재,2026-08-03,150.46,614100,911905.0,4.7464,,62,55,53,78,60,1,HOLD,0.49,6,False,backfill
2026-08-04T12:55:01.092635+09:00,2026-08-04,RRX,Regal Rexnord Corporation,US,산업재,2026-08-03,211.21,1018800,974590.0,10.2307,,43,55,43,58,48,0,HOLD,-0.11,-1,False,backfill
2026-08-04T12:55:01.092635+09:00,2026-08-04,LULU,Lululemon Athletica Inc.,US,소비재,2026-08-03,123.67,2359800,2474510.0,4.0679,,69,55,50,86,63,1,HOLD,0.37,4,False,backfill
2026-08-04T12:55:01.092635+09:00,2026-08-04,PS,Pershing Square Inc.,US,금융,2026-08-03,35.06,101300,130845.0,2.0507,,65,55,58,42,57,0,HOLD,0.34,4,False,backfill
2026-08-04T12:55:01.092635+09:00,2026-08-04,SGI,Somnigroup International Inc,US,소비재,2026-08-03,66.64,2237300,2182370.0,2.8871,,28,55,45,66,44,0,AVOID,-0.38,-5,True,backfill
2026-08-04T12:55:01.092635+09:00,2026-08-04,UHAL,U-Haul Holding Company,US,산업재,2026-08-03,71.65,160200,168635.0,1.8171,,73,55,53,35,58,1,HOLD,0.54,6,False,backfill
2026-08-04T12:55:01.092635+09:00,2026-08-04,ALB,Albemarle Corporation,US,소재,2026-08-03,118.71,2150200,2135420.0,4.96,,37,55,50,86,52,1,HOLD,-0.22,-3,False,backfill
2026-08-04T12:55:01.092635+09:00,2026-08-04,AIZ,"Assurant, Inc.",US,금융,2026-08-03,282.39,433200,350040.0,4.97,,73,55,43,68,60,1,HOLD,0.55,7,False,backfill
2026-08-04T12:55:01.092635+09:00,2026-08-04,AIZN,"Assurant, Inc. 5.25% Subordinat",US,금융,2026-08-03,19.2,6900,16670.0,0.4036,,43,55,45,50,47,0,HOLD,-0.11,-1,False,backfill
2026-08-04T12:55:01.092635+09:00,2026-08-04,ZBRA,Zebra Technologies Corporation,US,IT,2026-08-03,291.64,1301100,714020.0,11.0493,,82,55,50,66,65,1,HOLD,0.74,9,False,backfill
2026-08-04T12:55:01.092635+09:00,2026-08-04,FNF,"Fidelity National Financial, Inc.",US,금융,2026-08-03,51.59,1429700,1480995.0,1.5657,,80,55,53,74,66,2,WATCH,0.6,7,False,backfill
2026-08-04T12:55:01.092635+09:00,2026-08-04,HRL,Hormel Foods Corporation,US,소매,2026-08-03,25.23,3089100,3643100.0,0.6379,,66,55,53,58,59,0,HOLD,0.52,6,False,backfill
2026-08-04T12:55:01.092635+09:00,2026-08-04,MKC,"McCormick & Company, Incorporated",US,소매,2026-08-03,51.52,3564800,3545390.0,1.8243,,47,55,58,78,57,1,HOLD,0.29,3,False,backfill
2026-08-04T12:55:01.092635+09:00,2026-08-04,TXRH,"Texas Roadhouse, Inc.",US,소비재,2026-08-03,210.67,838700,808540.0,5.4621,,77,55,43,42,57,1,HOLD,0.51,6,False,backfill
2026-08-04T12:55:01.092635+09:00,2026-08-04,EXEL,"Exelixis, Inc.",US,제약/바이오,2026-08-03,55.06,4301600,2391665.0,1.6379,,51,60,43,58,51,0,HOLD,0.24,3,False,backfill
2026-08-04T12:55:01.092635+09:00,2026-08-04,DTM,"DT Midstream, Inc.",US,에너지,2026-08-03,135.33,1200400,802075.0,3.7896,,20,55,55,50,42,0,AVOID,-0.43,-5,True,backfill
2026-08-04T12:55:01.092635+09:00,2026-08-04,TKO,"TKO Group Holdings, Inc.",US,인터넷,2026-08-03,183.91,1809200,1075225.0,4.3957,,50,60,43,43,49,0,HOLD,-0.04,0,False,backfill
2026-08-04T12:55:01.092635+09:00,2026-08-04,ARCC,Ares Capital Corporation,US,금융,2026-08-03,19.17,4655200,4532350.0,0.315,,58,55,56,81,60,1,HOLD,0.35,4,False,backfill
2026-08-04T12:55:01.092635+09:00,2026-08-04,NXT,Nextpower Inc.,US,IT,2026-08-03,90.67,4860000,3221700.0,7.0152,,18,55,43,53,38,0,AVOID,-0.68,-8,True,backfill
2026-08-04T12:55:01.092635+09:00,2026-08-04,SREA,Sempra,US,유틸리티,2026-08-03,21.0,79100,62380.0,0.1814,,43,55,58,50,51,0,HOLD,0.01,0,False,backfill
2026-08-04T12:55:01.092635+09:00,2026-08-04,ALLE,Allegion plc,US,산업재,2026-08-03,161.28,1345400,1462650.0,5.405,,81,55,43,58,61,1,HOLD,0.62,7,False,backfill
2026-08-04T12:55:01.092635+09:00,2026-08-04,IVZ,Invesco Ltd.,US,금융,2026-08-03,30.7046,4767300,5135550.0,1.0324,,69,55,53,78,63,1,HOLD,0.63,8,False,backfill
2026-08-04T12:55:01.092635+09:00,2026-08-04,UNMA,Unum Group 6.250% JR NT58,US,금융,2026-08-03,21.46,25500,25185.0,0.1929,,47,55,58,80,57,1,HOLD,0.09,1,False,backfill
2026-08-04T12:55:01.092635+09:00,2026-08-04,ECHO,EchoStar Corporation,US,인터넷,2026-08-03,85.63,8086100,5354000.0,4.2521,,40,60,58,50,51,0,HOLD,-0.19,-2,False,backfill
2026-08-04T12:55:01.092635+09:00,2026-08-04,FMS,Fresenius Medical Care AG & Co. KGaA,US,제약/바이오,2026-08-03,25.26,1430800,602100.0,0.5257,,91,60,53,94,74,2,WATCH,1.03,12,False,backfill
2026-08-04T12:55:01.092635+09:00,2026-08-04,DECK,Deckers Outdoor Corporation,US,소비재,2026-08-03,99.5,2186200,2320365.0,4.2079,,25,55,53,68,46,0,HOLD,-0.2,-2,False,backfill
2026-08-04T12:55:01.092635+09:00,2026-08-04,SNN,Smith & Nephew plc,US,제약/바이오,2026-08-03,32.15,1692200,1820555.0,0.8371,,88,60,50,58,66,1,HOLD,0.68,8,False,backfill
2026-08-04T12:55:01.092635+09:00,2026-08-04,TRMB,Trimble Inc.,US,IT,2026-08-03,57.79,2427400,2566675.0,2.1543,,70,55,53,58,60,1,HOLD,0.17,2,False,backfill
2026-08-04T12:55:01.092635+09:00,2026-08-04,ALLY,Ally Financial Inc.,US,금융,2026-08-03,44.07,2353200,3219685.0,1.2569,,43,55,53,96,56,1,HOLD,0.17,2,False,backfill
2026-08-04T12:55:01.092635+09:00,2026-08-04,CNH,CNH Industrial N.V.,US,산업재,2026-08-03,10.8,38092500,12524780.0,0.4936,,69,55,55,66,62,0,HOLD,0.5,6,False,backfill
2026-08-04T12:55:01.092635+09:00,2026-08-04,ONTO,Onto Innovation Inc.,US,반도체,2026-08-03,268.49,887500,1176730.0,25.1394,,25,60,53,43,43,0,AVOID,-0.41,-5,True,backfill
2026-08-04T12:55:01.092635+09:00,2026-08-04,RNR,RenaissanceRe Holdings Ltd.,US,금융,2026-08-03,321.37,230800,368435.0,9.9107,,62,55,43,73,57,1,HOLD,0.3,4,False,backfill
2026-08-04T12:55:01.092635+09:00,2026-08-04,AUR,"Aurora Innovation, Inc.",US,IT,2026-08-03,6.79,28160500,23734980.0,0.4329,,73,55,40,50,56,1,HOLD,0.32,4,False,backfill
2026-08-04T12:55:01.092635+09:00,2026-08-04,LI,Li Auto Inc.,US,소비재,2026-08-03,13.12,2650200,3851070.0,0.487,,62,55,50,70,58,1,HOLD,0.07,1,False,backfill
2026-08-04T12:55:01.092635+09:00,2026-08-04,AVY,Avery Dennison Corporation,US,소비재,2026-08-03,172.27,888100,852705.0,5.9379,,81,55,50,58,63,1,HOLD,0.6,7,False,backfill
2026-08-04T12:55:01.092635+09:00,2026-08-04,BIPI,BIP Bermuda Holdings I Limited,US,산업재,2026-08-03,16.55,101400,21815.0,0.1514,,50,55,55,50,52,0,HOLD,0.11,1,False,backfill
2026-08-04T12:55:01.092635+09:00,2026-08-04,EQH,"Equitable Holdings, Inc.",US,금융,2026-08-03,48.0,3431500,2667405.0,1.4192,,47,55,46,62,51,0,HOLD,0.19,2,False,backfill
2026-08-04T12:55:01.092635+09:00,2026-08-04,GWRE,"Guidewire Software, Inc.",US,IT,2026-08-03,157.33,1157900,1284335.0,9.1229,,84,55,40,43,59,1,HOLD,0.51,6,False,backfill
2026-08-04T12:55:01.092635+09:00,2026-08-04,WMG,Warner Music Group Corp.,US,인터넷,2026-08-03,25.1,3580100,2177650.0,1.2234,,28,60,50,58,46,0,HOLD,-0.35,-4,False,backfill
2026-08-04T12:55:01.092635+09:00,2026-08-04,WSO,"Watsco, Inc.",US,산업재,2026-08-03,318.01,597600,510760.0,15.9302,,10,55,53,50,38,0,AVOID,-0.69,-8,True,backfill
2026-08-04T12:55:01.092635+09:00,2026-08-04,HTHT,H World Group Limited,US,소비재,2026-08-03,42.63,1343000,1480145.0,1.1279,,72,55,53,66,62,1,HOLD,0.28,3,False,backfill
2026-08-04T12:55:01.092635+09:00,2026-08-04,CCK,"Crown Holdings, Inc.",US,소비재,2026-08-03,119.5265,999200,1171460.0,3.668,,73,55,53,84,65,2,WATCH,0.71,9,False,backfill
2026-08-04T12:55:01.092635+09:00,2026-08-04,APA,APA Corporation,US,에너지,2026-08-03,36.87,4977600,5327970.0,1.2183,,72,55,53,86,65,2,WATCH,0.35,4,False,backfill
2026-08-04T12:55:01.092635+09:00,2026-08-04,EMBJ,Embraer S.A.,US,산업재,2026-08-03,70.94,1255600,1008835.0,2.0193,,71,55,55,37,58,1,HOLD,0.49,6,False,backfill
2026-08-04T12:55:01.092635+09:00,2026-08-04,AIT,"Applied Industrial Technologies, Inc.",US,산업재,2026-08-03,351.3982,164900,280250.0,8.2775,,81,55,53,50,63,1,HOLD,0.7,8,False,backfill
2026-08-04T12:55:01.092635+09:00,2026-08-04,GGG,Graco Inc.,US,산업재,2026-08-03,80.3,1189300,1474780.0,1.979,,80,55,53,50,62,1,HOLD,0.53,6,False,backfill
2026-08-04T12:55:01.092635+09:00,2026-08-04,BWA,BorgWarner Inc.,US,소비재,2026-08-03,63.31,1869000,2127865.0,2.0657,,54,55,35,74,52,1,HOLD,0.19,2,False,backfill
2026-08-04T12:55:01.092635+09:00,2026-08-04,DT,"Dynatrace, Inc.",US,IT,2026-08-03,44.54,3740300,3994960.0,1.5721,,84,55,40,51,60,1,HOLD,0.61,7,False,backfill
2026-08-04T12:55:01.092635+09:00,2026-08-04,HAS,"Hasbro, Inc.",US,소비재,2026-08-03,91.47,1884300,2491130.0,3.0943,,70,55,38,60,56,1,HOLD,0.2,2,False,backfill
2026-08-04T12:55:01.092635+09:00,2026-08-04,RVTY,"Revvity, Inc.",US,제약/바이오,2026-08-03,115.22,2589100,1420885.0,3.8706,,92,60,53,58,69,1,HOLD,0.92,11,False,backfill
2026-08-04T12:55:01.092635+09:00,2026-08-04,HII,"Huntington Ingalls Industries, Inc.",US,산업재,2026-08-03,325.95,606000,541790.0,13.0279,,59,55,50,42,53,0,HOLD,0.0,0,False,backfill
2026-08-04T12:55:01.092635+09:00,2026-08-04,ELAN,Elanco Animal Health Incorporated,US,제약/바이오,2026-08-03,25.72,5391500,4619310.0,0.8657,,84,60,55,53,66,1,HOLD,0.8,10,False,backfill
2026-08-04T12:55:01.092635+09:00,2026-08-04,ELS,"Equity LifeStyle Properties, Inc.",US,리츠,2026-08-03,65.67,1981400,1761580.0,1.6179,,69,55,53,45,58,0,HOLD,0.39,5,False,backfill
2026-08-04T12:55:01.092635+09:00,2026-08-04,PEN,"Penumbra, Inc.",US,제약/바이오,2026-08-03,323.02,328500,392485.0,2.1893,,59,60,53,30,53,0,HOLD,0.15,2,False,backfill
2026-08-04T12:55:01.092635+09:00,2026-08-04,GLPI,"Gaming and Leisure Properties, Inc.",US,리츠,2026-08-03,44.81,2429000,2567275.0,0.9424,,72,55,50,60,60,1,HOLD,0.33,4,False,backfill
2026-08-04T12:55:01.092635+09:00,2026-08-04,SF,Stifel Financial Corp,US,금융,2026-08-03,83.57,1112000,1253900.0,2.095,,74,55,45,76,62,2,WATCH,0.54,6,False,backfill
2026-08-04T12:55:01.092635+09:00,2026-08-04,CR,Crane Company,US,산업재,2026-08-03,219.32,467800,512645.0,8.2352,,66,55,53,58,59,0,HOLD,0.52,6,False,backfill
2026-08-04T12:55:01.092635+09:00,2026-08-04,ONON,On Holding AG,US,소비재,2026-08-03,37.95,5049700,3960375.0,1.4793,,69,55,57,58,61,0,HOLD,0.54,6,False,backfill
2026-08-04T12:55:01.092635+09:00,2026-08-04,AMKR,"Amkor Technology, Inc.",US,반도체,2026-08-03,50.84,5832300,6312210.0,6.0743,,10,60,43,58,37,0,AVOID,-0.74,-9,True,backfill
2026-08-04T12:55:01.092635+09:00,2026-08-04,WBS,Webster Financial Corporation,US,금융,2026-08-03,77.5256,4047400,4035350.0,0.8748,,88,55,45,60,64,1,HOLD,0.68,8,False,backfill
2026-08-04T12:55:01.092635+09:00,2026-08-04,HUT,Hut 8 Corp.,US,금융,2026-08-03,112.08,3503300,4268015.0,12.4193,,80,55,43,42,58,1,HOLD,0.55,7,False,backfill
2026-08-04T12:55:01.092635+09:00,2026-08-04,TTMI,"TTM Technologies, Inc.",US,IT,2026-08-03,121.21,2253700,2537845.0,12.7779,,15,55,43,43,36,0,AVOID,-0.75,-9,True,backfill
2026-08-04T12:55:01.092635+09:00,2026-08-04,SJM,The J. M. Smucker Company,US,소매,2026-08-03,116.4091,1327000,1535310.0,3.7838,,95,55,43,78,69,2,WATCH,0.89,11,False,backfill
2026-08-04T12:55:01.092635+09:00,2026-08-04,CHKP,Check Point Software Technologies Ltd.,US,IT,2026-08-03,122.97,1953400,1433785.0,6.0293,,47,55,45,68,51,0,HOLD,0.07,1,False,backfill
2026-08-04T12:55:01.092635+09:00,2026-08-04,VIRT,"Virtu Financial, Inc.",US,금융,2026-08-03,58.87,1337000,1183665.0,2.3553,,47,55,53,70,54,1,HOLD,0.29,3,False,backfill
2026-08-04T12:55:01.092635+09:00,2026-08-04,NVMI,Nova Ltd.,US,반도체,2026-08-03,393.69,489300,577255.0,28.7871,,18,60,43,42,38,0,AVOID,-0.68,-8,True,backfill
2026-08-04T12:55:01.092635+09:00,2026-08-04,TYL,"Tyler Technologies, Inc.",US,IT,2026-08-03,305.54,730700,807735.0,16.3629,,65,55,53,50,57,0,HOLD,0.19,2,False,backfill
2026-08-04T12:55:01.092635+09:00,2026-08-04,SEIC,SEI Investments Company,US,금융,2026-08-03,104.19,602900,821220.0,2.735,,78,55,43,50,59,1,HOLD,0.55,7,False,backfill
2026-08-04T12:55:01.092635+09:00,2026-08-04,DY,"Dycom Industries, Inc.",US,산업재,2026-08-03,414.98,461900,464890.0,24.9943,,28,55,53,53,45,0,HOLD,-0.28,-3,False,backfill
2026-08-04T12:55:01.092635+09:00,2026-08-04,UDR,"UDR, Inc.",US,리츠,2026-08-03,38.5421,4591700,3404440.0,0.8384,,50,55,53,53,52,0,HOLD,0.17,2,False,backfill
2026-08-04T12:55:01.092635+09:00,2026-08-04,BJ,"BJ's Wholesale Club Holdings, Inc.",US,소매,2026-08-03,97.1,1842300,1604130.0,2.9265,,70,55,43,50,56,1,HOLD,0.28,3,False,backfill
2026-08-04T12:55:01.092635+09:00,2026-08-04,AMH,American Homes 4 Rent,US,리츠,2026-08-03,34.51,2959300,2007275.0,0.655,,66,55,65,58,62,0,HOLD,0.56,7,False,backfill
2026-08-04T12:55:01.092635+09:00,2026-08-04,ALGN,"Align Technology, Inc.",US,제약/바이오,2026-08-03,172.89,998800,951635.0,7.4286,,43,60,56,74,55,1,HOLD,0.13,2,False,backfill
2026-08-04T12:55:01.092635+09:00,2026-08-04,SKM,"SK Telecom Co.,Ltd",US,인터넷,2026-08-03,32.24,1320500,2689300.0,1.8593,,50,60,50,66,54,0,HOLD,-0.03,0,False,backfill
2026-08-04T12:55:01.092635+09:00,2026-08-04,EVR,Evercore Inc.,US,금융,2026-08-03,318.34,580900,518765.0,14.0786,,28,55,53,68,47,0,HOLD,-0.18,-2,False,backfill
2026-08-04T12:55:01.092635+09:00,2026-08-04,HUBS,"HubSpot, Inc.",US,IT,2026-08-03,239.92,1446900,1541730.0,17.5768,,80,55,53,59,64,1,HOLD,0.48,6,False,backfill
2026-08-04T12:55:01.092635+09:00,2026-08-04,FHN,First Horizon Corporation,US,금융,2026-08-03,25.8,3379700,6113595.0,0.5714,,70,55,50,60,60,1,HOLD,0.42,5,False,backfill
2026-08-04T12:55:01.092635+09:00,2026-08-04,DRS,"Leonardo DRS, Inc.",US,산업재,2026-08-03,45.7187,967700,869980.0,2.0031,,76,55,43,50,58,1,HOLD,0.52,6,False,backfill
2026-08-04T12:55:01.092635+09:00,2026-08-04,PNW,Pinnacle West Capital Corporation,US,유틸리티,2026-08-03,100.81,1571300,1239110.0,2.2517,,35,55,53,37,45,0,HOLD,-0.2,-2,False,backfill
2026-08-04T12:55:01.092635+09:00,2026-08-04,AGNC,AGNC Investment Corp.,US,리츠,2026-08-03,10.64,23616100,19795095.0,0.2454,,48,55,53,65,53,0,HOLD,0.14,2,False,backfill
2026-08-04T12:55:01.092635+09:00,2026-08-04,NYT,The New York Times Company,US,인터넷,2026-08-03,75.44,1815400,1504770.0,2.4129,,87,60,53,53,66,1,HOLD,0.59,7,False,backfill
2026-08-04T12:55:01.092635+09:00,2026-08-04,CORT,Corcept Therapeutics Incorporated,US,제약/바이오,2026-08-03,112.8,1688500,1420350.0,6.4779,,100,60,43,43,66,1,HOLD,0.87,10,False,backfill
2026-08-04T12:55:01.092635+09:00,2026-08-04,CSGP,"CoStar Group, Inc.",US,리츠,2026-08-03,30.03,6026900,7993055.0,1.74,,62,55,48,51,55,0,HOLD,-0.01,0,False,backfill
2026-08-04T12:55:01.092635+09:00,2026-08-04,FIG,"Figma, Inc.",US,IT,2026-08-03,24.92,34426000,22974770.0,1.7389,,81,55,43,30,57,1,HOLD,0.53,6,False,backfill
2026-08-04T12:55:01.092635+09:00,2026-08-04,ICLR,ICON Public Limited Company,US,제약/바이오,2026-08-03,158.41,1212100,832160.0,8.8793,,54,60,53,59,56,0,HOLD,0.39,5,False,backfill
2026-08-04T12:55:01.092635+09:00,2026-08-04,ARWR,"Arrowhead Pharmaceuticals, Inc.",US,제약/바이오,2026-08-03,86.01,1268600,2292970.0,4.5957,,81,60,53,42,63,1,HOLD,0.68,8,False,backfill
2026-08-04T12:55:01.092635+09:00,2026-08-04,APTV,Aptiv PLC,US,소비재,2026-08-03,57.23,4690800,2445470.0,1.7357,,50,55,53,74,56,1,HOLD,0.1,1,False,backfill
2026-08-04T12:55:01.092635+09:00,2026-08-04,DPZ,"Domino's Pizza, Inc.",US,소비재,2026-08-03,364.41,912700,1030760.0,15.915,,71,55,46,50,57,1,HOLD,0.43,5,False,backfill
2026-08-04T12:55:01.092635+09:00,2026-08-04,AGI,Alamos Gold Inc.,US,소재,2026-08-03,28.7,2648300,4324560.0,1.1629,,40,55,45,70,49,1,HOLD,-0.29,-3,False,backfill
2026-08-04T12:55:01.092635+09:00,2026-08-04,APC,ARKO Petroleum Corp. Class A Common Stoc,US,에너지,2026-08-03,20.08,76800,94235.0,0.7657,,42,55,70,58,55,1,HOLD,0.25,3,False,backfill
2026-08-04T12:55:01.092635+09:00,2026-08-04,RTO,Rentokil Initial plc,US,산업재,2026-08-03,23.6283,2712000,1358770.0,1.065,,18,55,55,66,44,0,AVOID,-0.5,-6,True,backfill
2026-08-04T12:55:01.092635+09:00,2026-08-04,FIVE,"Five Below, Inc.",US,소비재,2026-08-03,216.7,862900,1111680.0,7.5029,,72,55,58,58,62,1,HOLD,0.37,4,False,backfill
2026-08-04T12:55:01.092635+09:00,2026-08-04,NIO,NIO Inc.,US,소비재,2026-08-03,4.81,23767500,22500650.0,0.16,,55,55,45,42,50,0,HOLD,-0.18,-2,False,backfill
2026-08-04T12:55:01.092635+09:00,2026-08-04,CLX,The Clorox Company,US,소매,2026-08-03,97.1254,3982600,2483890.0,3.096,,84,55,53,60,65,1,HOLD,0.76,9,False,backfill
2026-08-04T12:55:01.092635+09:00,2026-08-04,BTSG,"BrightSpring Health Services, Inc. Commo",US,제약/바이오,2026-08-03,60.465,4525000,4703970.0,4.0379,,55,60,43,58,53,0,HOLD,0.27,3,False,backfill
2026-08-04T12:55:01.092635+09:00,2026-08-04,GNRC,Generac Holdings Inc.,US,산업재,2026-08-03,201.21,1536200,1178380.0,11.3486,,15,55,40,58,37,0,AVOID,-0.73,-9,True,backfill
2026-08-04T12:55:01.092635+09:00,2026-08-04,AA,Alcoa Corporation,US,소재,2026-08-03,44.7532,3603800,5385430.0,1.8756,,37,55,56,73,52,1,HOLD,-0.2,-2,False,backfill
2026-08-04T12:55:01.092635+09:00,2026-08-04,AFG,"American Financial Group, Inc.",US,금융,2026-08-03,141.92,340100,403210.0,2.58,,69,55,53,60,60,0,HOLD,0.48,6,False,backfill
2026-08-04T12:55:01.092635+09:00,2026-08-04,W,Wayfair Inc.,US,소비재,2026-08-03,89.31,7104800,3208710.0,5.0089,,59,55,53,45,54,0,HOLD,0.38,5,False,backfill
2026-08-04T12:55:01.092635+09:00,2026-08-04,PODD,Insulet Corp.,US,제약/바이오,2026-08-03,169.7,1408000,1271450.0,6.7043,,77,60,50,50,61,1,HOLD,0.43,5,False,backfill
2026-08-04T12:55:01.092635+09:00,2026-08-04,XPEV,XPeng Inc.,US,소비재,2026-08-03,12.37,9947100,6365750.0,0.5439,,40,55,53,50,48,0,HOLD,-0.27,-3,False,backfill
2026-08-04T12:55:01.092635+09:00,2026-08-04,SCI,Service Corporation International,US,소비재,2026-08-03,85.93,1197200,1264450.0,2.4286,,71,55,48,50,58,1,HOLD,0.44,5,False,backfill
2026-08-04T12:55:01.092635+09:00,2026-08-04,GDDY,GoDaddy Inc.,US,IT,2026-08-03,88.45,4575100,2005105.0,6.4611,,43,55,43,76,50,1,HOLD,-0.04,0,False,backfill
2026-08-04T12:55:01.092635+09:00,2026-08-04,WTS,"Watts Water Technologies, Inc.",US,산업재,2026-08-03,350.52,184500,205290.0,9.3493,,61,55,53,45,55,0,HOLD,0.4,5,False,backfill
2026-08-04T12:55:01.092635+09:00,2026-08-04,DKNG,DraftKings Inc.,US,소비재,2026-08-03,23.5,12326800,10922605.0,0.9339,,25,55,43,51,40,0,AVOID,-0.39,-5,True,backfill
2026-08-04T12:55:01.092635+09:00,2026-08-04,BMRN,BioMarin Pharmaceutical Inc.,US,제약/바이오,2026-08-03,60.0,1847000,1596835.0,1.4607,,69,60,53,58,61,0,HOLD,0.5,6,False,backfill
2026-08-04T12:55:01.092635+09:00,2026-08-04,ENLT,Enlight Renewable Energy Ltd,US,유틸리티,2026-08-03,82.7,260800,183415.0,4.3873,,25,55,40,35,37,0,AVOID,-0.56,-7,True,backfill
2026-08-04T12:55:01.092635+09:00,2026-08-04,OC,Owens Corning,US,소재,2026-08-03,143.21,875000,871650.0,4.5113,,66,55,50,68,59,0,HOLD,0.52,6,False,backfill
2026-08-04T12:55:01.092635+09:00,2026-08-04,AHR,"American Healthcare REIT, Inc.",US,리츠,2026-08-03,55.12,1620300,2364625.0,1.4411,,47,55,53,43,50,0,HOLD,0.14,2,False,backfill
2026-08-04T12:55:01.092635+09:00,2026-08-04,JEF,Jefferies Financial Group Inc.,US,금융,2026-08-03,55.69,1665800,1792525.0,2.1821,,76,55,50,68,63,1,HOLD,0.66,8,False,backfill
2026-08-04T12:55:01.092635+09:00,2026-08-04,PAC,"Grupo Aeroportuario del Pacífico, S.A.B.",US,산업재,2026-08-03,218.14,226900,161505.0,5.7721,,55,55,50,50,53,0,HOLD,-0.05,-1,False,backfill
2026-08-04T12:55:01.092635+09:00,2026-08-04,CACI,CACI International Inc,US,IT,2026-08-03,512.66,249000,267525.0,18.4179,,69,55,53,53,59,0,HOLD,0.34,4,False,backfill
2026-08-04T12:55:01.092635+09:00,2026-08-04,LFUS,"Littelfuse, Inc.",US,IT,2026-08-03,445.2,234300,439200.0,22.7321,,81,55,43,50,60,1,HOLD,0.46,6,False,backfill
2026-08-04T12:55:01.092635+09:00,2026-08-04,TECH,Bio-Techne Corporation,US,제약/바이오,2026-08-03,72.14,3285600,3949305.0,0.3579,,73,60,53,51,61,1,HOLD,0.63,8,False,backfill
2026-08-04T12:55:01.092635+09:00,2026-08-04,AEIS,"Advanced Energy Industries, Inc.",US,IT,2026-08-03,296.38,1124500,714105.0,22.1443,,55,55,53,35,51,0,HOLD,-0.12,-1,False,backfill
2026-08-04T12:55:01.092635+09:00,2026-08-04,MICC,The Magnum Ice Cream Company N.V.,US,소매,2026-08-03,18.37,533200,1138955.0,0.4587,,51,55,53,50,52,0,HOLD,0.28,3,False,backfill
2026-08-04T12:55:01.092635+09:00,2026-08-04,BXP,"BXP, Inc.",US,리츠,2026-08-03,70.41,1813500,1530980.0,2.1914,,95,55,43,45,64,1,HOLD,0.77,9,False,backfill
2026-08-04T12:55:01.092635+09:00,2026-08-04,BROS,Dutch Bros Inc.,US,소비재,2026-08-03,64.98,3119200,2574415.0,2.6524,,47,55,43,35,46,0,HOLD,0.06,1,False,backfill
2026-08-04T12:55:01.092635+09:00,2026-08-04,CGNX,Cognex Corporation,US,IT,2026-08-03,67.44,1415900,1857475.0,3.0857,,73,55,40,43,55,1,HOLD,0.43,5,False,backfill
2026-08-04T12:55:01.092635+09:00,2026-08-04,AR,Antero Resources Corporation,US,에너지,2026-08-03,36.48,4212000,4728075.0,1.0479,,69,55,56,78,64,1,HOLD,0.36,4,False,backfill
2026-08-04T12:55:01.092635+09:00,2026-08-04,EGP,"EastGroup Properties, Inc.",US,리츠,2026-08-03,208.48,608500,520385.0,5.1529,,55,55,53,45,53,0,HOLD,0.2,2,False,backfill
2026-08-04T12:55:01.092635+09:00,2026-08-04,VSAT,"Viasat, Inc.",US,IT,2026-08-03,81.29,3537100,2131660.0,5.2629,,92,55,40,43,62,1,HOLD,0.69,8,False,backfill
2026-08-04T12:55:01.092635+09:00,2026-08-04,MGM,MGM Resorts International,US,소비재,2026-08-03,44.5,3210600,2439985.0,0.9893,,27,55,53,58,45,0,HOLD,-0.03,0,False,backfill
2026-08-04T12:55:01.092635+09:00,2026-08-04,UMBF,UMB Financial Corporation,US,금융,2026-08-03,147.04,414400,661740.0,3.5793,,69,55,40,60,56,0,HOLD,0.42,5,False,backfill
2026-08-04T12:55:01.092635+09:00,2026-08-04,EHC,Encompass Health Corporation,US,제약/바이오,2026-08-03,112.47,1136500,866455.0,2.9571,,62,60,53,58,58,0,HOLD,0.37,4,False,backfill
2026-08-04T12:55:01.092635+09:00,2026-08-04,MDGL,"Madrigal Pharmaceuticals, Inc.",US,제약/바이오,2026-08-03,482.0,463900,383800.0,27.0793,,43,60,43,26,44,0,AVOID,-0.28,-3,True,backfill
2026-08-04T12:55:01.092635+09:00,2026-08-04,DCI,"Donaldson Company, Inc.",US,산업재,2026-08-03,95.6998,721900,709995.0,2.3258,,81,55,53,50,63,1,HOLD,0.68,8,False,backfill
2026-08-04T12:55:01.092635+09:00,2026-08-04,CPT,Camden Property Trust,US,리츠,2026-08-03,110.72,1213100,1051745.0,2.2507,,50,55,56,45,52,0,HOLD,0.17,2,False,backfill
2026-08-04T12:55:01.092635+09:00,2026-08-04,WMS,"Advanced Drainage Systems, Inc.",US,산업재,2026-08-03,145.15,808200,613170.0,4.7257,,51,55,53,58,53,0,HOLD,0.15,2,False,backfill
2026-08-04T12:55:01.092635+09:00,2026-08-04,JKHY,"Jack Henry & Associates, Inc.",US,IT,2026-08-03,156.53,617400,1133620.0,5.2314,,80,55,58,50,64,1,HOLD,0.58,7,False,backfill
2026-08-04T12:55:01.092635+09:00,2026-08-04,CRL,Charles River Laboratories International,US,제약/바이오,2026-08-03,230.87,608100,825905.0,8.985,,66,60,50,58,59,0,HOLD,0.52,6,False,backfill
2026-08-04T12:55:01.092635+09:00,2026-08-04,KNX,Knight-Swift Transportation Holdings Inc,US,산업재,2026-08-03,68.42,3691500,4392745.0,2.8921,,32,55,53,51,46,0,HOLD,-0.04,0,False,backfill
2026-08-04T12:55:01.092635+09:00,2026-08-04,SMTC,Semtech Corporation,US,반도체,2026-08-03,119.08,2365600,2396300.0,10.6079,,29,60,43,42,41,0,AVOID,-0.18,-2,True,backfill
2026-08-04T12:55:01.092635+09:00,2026-08-04,BPOP,"Popular, Inc.",US,금융,2026-08-03,173.65,394900,517725.0,4.1093,,69,55,56,70,62,1,HOLD,0.63,8,False,backfill
2026-08-04T12:55:01.092635+09:00,2026-08-04,ARW,"Arrow Electronics, Inc.",US,IT,2026-08-03,216.81,568200,515940.0,7.9129,,76,55,40,76,61,2,WATCH,0.59,7,False,backfill
2026-08-04T12:55:01.092635+09:00,2026-08-04,TFII,TFI International Inc.,US,산업재,2026-08-03,134.8,195300,401780.0,6.05,,28,55,53,66,47,0,HOLD,-0.18,-2,False,backfill
2026-08-04T12:55:01.092635+09:00,2026-08-04,MANH,"Manhattan Associates, Inc.",US,IT,2026-08-03,187.24,1294300,925900.0,11.6257,,96,55,45,42,64,1,HOLD,0.8,10,False,backfill
2026-08-04T12:55:01.092635+09:00,2026-08-04,PAYP,PayPay Corporation,US,IT,2026-08-03,16.27,1355200,960405.0,0.8886,,59,55,60,68,60,0,HOLD,0.13,2,False,backfill
2026-08-04T12:55:01.092635+09:00,2026-08-04,WTRG,"Essential Utilities, Inc.",US,유틸리티,2026-08-03,38.4281,2803000,1976985.0,1.073,,43,55,53,37,47,0,HOLD,-0.04,0,False,backfill
2026-08-04T12:55:01.092635+09:00,2026-08-04,GMED,"Globus Medical, Inc.",US,제약/바이오,2026-08-03,81.46,914200,1608015.0,2.57,,69,60,53,50,60,0,HOLD,0.23,3,False,backfill
2026-08-04T12:55:01.092635+09:00,2026-08-04,MUSA,Murphy USA Inc.,US,소비재,2026-08-03,592.77,335400,265445.0,20.8643,,43,55,53,42,48,0,HOLD,-0.06,-1,False,backfill
2026-08-04T12:55:01.092635+09:00,2026-08-04,ERIE,Erie Indemnity Company,US,금융,2026-08-03,236.86,331800,313480.0,13.6586,,85,55,62,58,68,1,HOLD,0.85,10,False,backfill
2026-08-04T12:55:01.092635+09:00,2026-08-04,WTFC,Wintrust Financial Corporation,US,금융,2026-08-03,161.2089,485700,704555.0,3.2283,,70,55,53,60,60,1,HOLD,0.5,6,False,backfill
2026-08-04T12:55:01.092635+09:00,2026-08-04,AXSM,"Axsome Therapeutics, Inc.",US,제약/바이오,2026-08-03,211.04,962800,723705.0,9.9994,,28,60,43,34,40,0,AVOID,-0.44,-5,True,backfill
2026-08-04T12:55:01.092635+09:00,2026-08-04,GSAT,"Globalstar, Inc.",US,인터넷,2026-08-03,84.18,1854700,1086695.0,1.1743,,59,60,53,27,53,0,HOLD,0.19,2,False,backfill
2026-08-04T12:55:01.092635+09:00,2026-08-04,PNR,Pentair plc,US,산업재,2026-08-03,67.07,2964300,3861060.0,3.3729,,55,55,53,76,58,1,HOLD,0.06,1,False,backfill
2026-08-04T12:55:01.092635+09:00,2026-08-04,SPXC,"SPX Technologies, Inc.",US,소재,2026-08-03,214.13,762000,643440.0,11.3743,,47,55,48,58,51,0,HOLD,0.09,1,False,backfill
2026-08-04T12:55:01.092635+09:00,2026-08-04,CART,Maplebear Inc.,US,IT,2026-08-03,45.39,2710500,3675050.0,1.6066,,43,55,40,66,48,0,HOLD,-0.05,-1,False,backfill
2026-08-04T12:55:01.092635+09:00,2026-08-04,AAL,American Airlines Group Inc.,US,산업재,2026-08-03,16.04,53623500,116251255.0,0.7129,,88,55,46,78,67,2,WATCH,0.82,10,False,backfill
2026-08-04T12:55:01.092635+09:00,2026-08-04,SUN,Sunoco LP,US,에너지,2026-08-03,76.3559,705900,499020.0,1.8917,,91,55,53,45,66,1,HOLD,0.82,10,False,backfill
2026-08-04T12:55:01.092635+09:00,2026-08-04,ORI,Old Republic International Corporation,US,금융,2026-08-03,43.33,1492600,1273375.0,1.1257,,84,55,53,78,68,2,WATCH,0.82,10,False,backfill
2026-08-04T12:55:01.092635+09:00,2026-08-04,SUZ,Suzano S.A.,US,소재,2026-08-03,8.53,3361400,2482235.0,0.1871,,77,55,58,62,65,1,HOLD,0.54,6,False,backfill
2026-08-04T12:55:01.092635+09:00,2026-08-04,DOCU,"DocuSign, Inc.",US,IT,2026-08-03,55.13,3015200,3189730.0,2.9586,,84,55,40,74,64,2,WATCH,0.67,8,False,backfill
2026-08-04T12:55:01.092635+09:00,2026-08-04,CFR,"Cullen/Frost Bankers, Inc.",US,금융,2026-08-03,168.94,762800,646565.0,3.6779,,82,55,53,55,64,1,HOLD,0.73,9,False,backfill
2026-08-04T12:55:01.092635+09:00,2026-08-04,AES,The AES Corporation,US,유틸리티,2026-08-03,14.71,7474500,7918820.0,0.0474,,87,55,56,70,69,2,WATCH,0.74,9,False,backfill
2026-08-04T12:55:01.092635+09:00,2026-08-04,BSY,"Bentley Systems, Incorporated",US,IT,2026-08-03,35.89,2807800,2635075.0,1.7066,,84,55,50,42,62,1,HOLD,0.58,7,False,backfill
2026-08-04T12:55:01.092635+09:00,2026-08-04,SSB,SouthState Bank Corp.,US,금융,2026-08-03,107.1943,1022000,861150.0,2.2228,,78,55,56,70,66,2,WATCH,0.73,9,False,backfill
2026-08-04T12:55:01.092635+09:00,2026-08-04,AM,Antero Midstream Corporation,US,에너지,2026-08-03,21.98,2739400,2091315.0,0.5417,,43,55,45,58,48,0,HOLD,-0.07,-1,False,backfill
2026-08-04T12:55:01.092635+09:00,2026-08-04,SMMT,Summit Therapeutics Inc.,US,제약/바이오,2026-08-03,13.045,3451600,3630280.0,0.9523,,15,60,68,42,44,0,AVOID,-0.46,-6,True,backfill
2026-08-04T12:55:01.092635+09:00,2026-08-04,MOD,Modine Manufacturing Company,US,산업재,2026-08-03,195.92,1959700,1675660.0,17.2357,,18,55,35,27,32,0,AVOID,-0.85,-10,True,backfill
2026-08-04T12:55:01.092635+09:00,2026-08-04,HBM,Hudbay Minerals Inc.,US,소재,2026-08-03,23.4,1972500,4929560.0,1.32,,76,55,53,60,62,1,HOLD,0.57,7,False,backfill
2026-08-04T12:55:01.092635+09:00,2026-08-04,ONB,Old National Bancorp,US,금융,2026-08-03,26.85,3811200,4987005.0,0.5464,,77,55,50,78,65,2,WATCH,0.69,8,False,backfill
2026-08-04T12:55:01.092635+09:00,2026-08-04,SANM,Sanmina Corporation,US,IT,2026-08-03,193.23,777000,854675.0,16.7436,,28,55,40,58,42,0,AVOID,-0.49,-6,True,backfill
2026-08-04T12:55:01.092635+09:00,2026-08-04,ZION,"Zions Bancorporation, National Associati",US,금융,2026-08-03,70.3672,2231200,1802110.0,1.617,,62,55,45,65,56,0,HOLD,0.4,5,False,backfill
2026-08-04T12:55:01.092635+09:00,2026-08-04,ENSG,"The Ensign Group, Inc.",US,제약/바이오,2026-08-03,177.23,314800,492230.0,5.3364,,80,60,46,58,62,1,HOLD,0.44,5,False,backfill
2026-08-04T12:55:01.092635+09:00,2026-08-04,BEP,Brookfield Renewable Partners L.P.,US,유틸리티,2026-08-03,33.68,477300,1035130.0,1.1286,,69,55,53,45,58,0,HOLD,0.37,4,False,backfill
2026-08-04T12:55:01.092635+09:00,2026-08-04,HMY,Harmony Gold Mining Company Limited,US,소재,2026-08-03,16.47,2535800,2866910.0,0.6393,,73,55,53,94,67,2,WATCH,0.63,8,False,backfill
2026-08-04T12:55:01.092635+09:00,2026-08-04,SIRI,Sirius XM Holdings Inc.,US,인터넷,2026-08-03,30.0958,6613300,3993805.0,1.0342,,47,60,53,86,57,1,HOLD,0.38,5,False,backfill
2026-08-04T12:55:01.092635+09:00,2026-08-04,UHS,"Universal Health Services, Inc.",US,제약/바이오,2026-08-03,169.04,986200,1035265.0,6.7436,,62,60,53,70,60,1,HOLD,0.37,4,False,backfill
2026-08-04T12:55:01.092635+09:00,2026-08-04,SFD,"Smithfield Foods, Inc.",US,소매,2026-08-03,25.6224,1776900,1220755.0,0.6495,,87,55,53,78,69,2,WATCH,0.67,8,False,backfill
2026-08-04T12:55:01.092635+09:00,2026-08-04,QXO,"QXO, Inc.",US,산업재,2026-08-03,14.09,17410400,25994495.0,0.8121,,48,55,56,42,51,0,HOLD,-0.16,-2,False,backfill
2026-08-04T12:55:01.092635+09:00,2026-08-04,WYNN,"Wynn Resorts, Limited",US,소비재,2026-08-03,98.1198,1455100,1378385.0,2.4476,,72,55,40,58,57,1,HOLD,0.2,2,False,backfill
2026-08-04T12:55:01.092635+09:00,2026-08-04,MOH,"Molina Healthcare, Inc.",US,제약/바이오,2026-08-03,194.77,664200,1616305.0,10.7893,,43,60,53,51,51,0,HOLD,0.0,0,False,backfill
2026-08-04T12:55:01.092635+09:00,2026-08-04,YMM,Full Truck Alliance Co. Ltd.,US,IT,2026-08-03,9.72,4781400,6507875.0,0.3129,,71,55,53,76,63,2,WATCH,0.64,8,False,backfill
2026-08-04T12:55:01.092635+09:00,2026-08-04,IT,"Gartner, Inc.",US,산업재,2026-08-03,151.53,1441700,1334745.0,8.3157,,72,55,53,76,64,2,WATCH,0.5,6,False,backfill
2026-08-04T12:55:01.092635+09:00,2026-08-04,GKOS,Glaukos Corporation,US,제약/바이오,2026-08-03,170.87,1108700,893055.0,7.9317,,82,60,43,27,58,1,HOLD,0.56,7,False,backfill
2026-08-04T12:55:01.092635+09:00,2026-08-04,GGB,Gerdau S.A.,US,소재,2026-08-03,5.06,14012600,15433545.0,0.1414,,78,55,43,71,62,2,WATCH,0.6,7,False,backfill
2026-08-04T12:55:01.092635+09:00,2026-08-04,PSO,Pearson plc,US,인터넷,2026-08-03,16.6465,872700,844040.0,0.3895,,47,60,50,66,53,0,HOLD,0.25,3,False,backfill
2026-08-04T12:55:01.092635+09:00,2026-08-04,R,"Ryder System, Inc.",US,산업재,2026-08-03,262.36,383900,365700.0,8.2129,,47,55,45,74,52,1,HOLD,0.2,2,False,backfill
2026-08-04T12:55:01.092635+09:00,2026-08-04,AMG,"Affiliated Managers Group, Inc.",US,금융,2026-08-03,380.8797,347100,267600.0,15.616,,92,55,53,76,70,2,WATCH,0.95,11,False,backfill
2026-08-04T12:55:01.092635+09:00,2026-08-04,RDY,Dr. Reddy's Laboratories Limited,US,제약/바이오,2026-08-03,12.07,3493600,3107700.0,0.31,,25,60,50,42,42,0,AVOID,-0.43,-5,True,backfill
2026-08-04T12:55:01.092635+09:00,2026-08-04,BEPH,Brookfield BRP Holdings (Canada) Inc 4.6,US,리츠,2026-08-03,15.082,30900,31385.0,0.1168,,73,55,55,50,61,1,HOLD,0.44,5,False,backfill
2026-08-04T12:55:01.092635+09:00,2026-08-04,AYI,"Acuity Brands, Inc.",US,산업재,2026-08-03,334.49,341900,318150.0,11.0884,,62,55,45,58,55,0,HOLD,0.38,5,False,backfill
2026-08-04T12:55:01.092635+09:00,2026-08-04,RMBS,Rambus Inc.,US,반도체,2026-08-03,92.21,1876700,2967545.0,7.5393,,15,60,43,45,37,0,AVOID,-0.71,-9,True,backfill
2026-08-04T12:55:01.092635+09:00,2026-08-04,005930.KS,삼성전자,KR,미분류,2026-08-03,239500.0,27825493,31930810.9,25950.0,,28,55,55,78,49,1,HOLD,-0.12,-1,False,backfill
2026-08-04T12:55:01.092635+09:00,2026-08-04,000660.KS,SK하이닉스,KR,미분류,2026-08-03,1567000.0,5432833,6661159.0,216357.1429,,32,55,47,78,48,1,HOLD,-0.07,-1,False,backfill
2026-08-04T12:55:01.092635+09:00,2026-08-04,373220.KS,LG에너지솔루션,KR,미분류,2026-08-03,316000.0,279360,339108.7,20535.7143,,40,55,55,29,46,0,HOLD,-0.33,-4,False,backfill
2026-08-04T12:55:01.092635+09:00,2026-08-04,207940.KS,삼성바이오로직스,KR,미분류,2026-08-03,1423000.0,47113,67520.35,80785.7143,,80,55,55,50,63,1,HOLD,0.49,6,False,backfill
2026-08-04T12:55:01.092635+09:00,2026-08-04,005380.KS,현대차,KR,미분류,2026-08-03,393000.0,826843,938505.75,30053.5714,,35,55,55,65,50,0,HOLD,-0.27,-3,False,backfill
2026-08-04T12:55:01.092635+09:00,2026-08-04,000270.KS,기아,KR,미분류,2026-08-03,129600.0,686065,1155667.55,8850.0,,18,55,63,78,48,1,HOLD,-0.38,-5,False,backfill
2026-08-04T12:55:01.092635+09:00,2026-08-04,035420.KS,NAVER,KR,미분류,2026-08-03,207500.0,662318,1216873.4,14364.2857,,73,55,47,55,59,1,HOLD,0.44,5,False,backfill
2026-08-04T12:55:01.092635+09:00,2026-08-04,068270.KS,셀트리온,KR,미분류,2026-08-03,182200.0,451402,738782.75,7500.0,,80,55,60,58,66,1,HOLD,0.55,7,False,backfill
2026-08-04T12:55:01.092635+09:00,2026-08-04,105560.KS,KB금융,KR,미분류,2026-08-03,168353.125,921537,1540499.3,9237.0736,,44,55,55,78,55,1,HOLD,0.19,2,False,backfill
2026-08-04T12:55:01.092635+09:00,2026-08-04,005490.KS,POSCO홀딩스,KR,미분류,2026-08-03,303500.0,294993,322315.05,16464.2857,,55,55,50,78,57,1,HOLD,0.0,0,False,backfill
2026-08-04T12:55:01.092635+09:00,2026-08-04,055550.KS,신한지주,KR,미분류,2026-08-03,102700.0,991006,1341623.2,5628.4881,,43,55,68,65,56,0,HOLD,0.23,3,False,backfill
2026-08-04T12:55:01.092635+09:00,2026-08-04,012330.KS,현대모비스,KR,미분류,2026-08-03,492042.8125,328332,369288.85,36570.2687,,49,55,63,78,59,1,HOLD,0.38,5,False,backfill
2026-08-04T12:55:01.092635+09:00,2026-08-04,035720.KS,카카오,KR,미분류,2026-08-03,37200.0,1702786,2128990.15,1887.5,,62,55,55,58,58,0,HOLD,0.08,1,False,backfill
2026-08-04T12:55:01.092635+09:00,2026-08-04,006400.KS,삼성SDI,KR,미분류,2026-08-03,389500.0,318802,503994.45,37750.0,,40,55,58,45,49,0,HOLD,-0.24,-3,False,backfill
2026-08-04T12:55:01.092635+09:00,2026-08-04,028260.KS,삼성물산,KR,미분류,2026-08-03,329000.0,299582,630091.75,33714.2857,,50,55,63,60,56,0,HOLD,0.2,2,False,backfill
2026-08-04T12:55:01.092635+09:00,2026-08-04,015760.KS,한국전력,KR,미분류,2026-08-03,34500.0,1146002,1695826.45,1739.2857,,62,55,63,78,63,1,HOLD,0.24,3,False,backfill
2026-08-04T12:55:01.092635+09:00,2026-08-04,010130.KS,고려아연,KR,미분류,2026-08-03,1020000.0,18726,16847.3,68785.7143,,50,55,55,42,51,0,HOLD,-0.14,-2,False,backfill
2026-08-04T12:55:01.092635+09:00,2026-08-04,034730.KS,SK,KR,미분류,2026-08-03,521581.375,221163,260350.0,60050.9565,,35,55,55,78,51,1,HOLD,0.06,1,False,backfill
2026-08-04T12:55:01.092635+09:00,2026-08-04,003670.KS,포스코퓨처엠,KR,미분류,2026-08-03,136800.0,295681,298717.85,11900.0,,40,55,50,22,43,0,AVOID,-0.4,-5,True,backfill
2026-08-04T12:55:01.092635+09:00,2026-08-04,018260.KS,삼성에스디에스,KR,미분류,2026-08-03,203000.0,249490,323588.7,14403.5714,,72,55,55,50,60,1,HOLD,0.6,7,False,backfill
2026-08-04T12:55:01.092635+09:00,2026-08-04,032830.KS,삼성생명,KR,미분류,2026-08-03,287500.0,355395,477085.05,28553.5714,,31,55,55,62,48,0,HOLD,-0.09,-1,False,backfill
2026-08-04T12:55:01.092635+09:00,2026-08-04,138040.KS,메리츠금융지주,KR,미분류,2026-08-03,120300.0,207835,289432.35,6078.5714,,80,55,55,70,66,2,WATCH,0.63,8,False,backfill
2026-08-04T12:55:01.092635+09:00,2026-08-04,011200.KS,HMM,KR,미분류,2026-08-03,20750.0,1029639,1502065.0,939.2857,,80,55,68,52,67,1,HOLD,0.65,8,False,backfill
2026-08-04T12:55:01.092635+09:00,2026-08-04,086790.KS,하나금융지주,KR,미분류,2026-08-03,125800.4531,591005,1010128.95,7300.4766,,40,55,66,65,55,0,HOLD,0.13,2,False,backfill
2026-08-04T12:55:01.092635+09:00,2026-08-04,017670.KS,SK텔레콤,KR,미분류,2026-08-03,82000.0,1440486,1495847.05,7914.2857,,72,55,50,68,61,1,HOLD,0.34,4,False,backfill
2026-08-04T12:55:01.092635+09:00,2026-08-04,011170.KS,롯데케미칼,KR,미분류,2026-08-03,55200.0,96921,106971.9,3228.5714,,35,55,50,50,46,0,HOLD,-0.38,-5,False,backfill
2026-08-04T12:55:01.092635+09:00,2026-08-04,267260.KS,HD현대일렉트릭,KR,미분류,2026-08-03,671854.8125,130244,187447.45,71948.7876,,18,55,63,50,44,0,AVOID,-0.48,-6,True,backfill
2026-08-04T12:55:01.092635+09:00,2026-08-04,090430.KS,아모레퍼시픽,KR,미분류,2026-08-03,129800.0,326423,378804.85,7050.0,,80,55,60,50,64,1,HOLD,0.52,6,False,backfill
2026-08-04T12:55:01.092635+09:00,2026-08-04,267250.KS,HD현대중공업,KR,미분류,2026-08-03,197449.9844,134752,167868.3,17221.1252,,62,55,55,78,61,1,HOLD,0.15,2,False,backfill
2026-08-04T12:55:01.092635+09:00,2026-08-04,323410.KS,카카오뱅크,KR,미분류,2026-08-03,21850.0,716642,965074.95,978.5714,,25,55,60,60,47,0,HOLD,-0.32,-4,False,backfill
2026-08-04T12:55:01.092635+09:00,2026-08-04,000810.KS,삼성화재,KR,미분류,2026-08-03,616000.0,64081,121190.05,41000.0,,36,55,61,62,51,0,HOLD,0.2,2,False,backfill
2026-08-04T12:55:01.092635+09:00,2026-08-04,010950.KS,S-Oil,KR,미분류,2026-08-03,121700.0,457356,526263.35,10332.1429,,46,55,55,62,53,0,HOLD,0.04,0,False,backfill
2026-08-04T12:55:01.092635+09:00,2026-08-04,011070.KS,LG이노텍,KR,미분류,2026-08-03,513000.0,282339,302233.8,66142.8571,,15,55,55,65,42,0,AVOID,-0.55,-7,True,backfill
2026-08-04T12:55:01.092635+09:00,2026-08-04,010140.KS,삼성중공업,KR,미분류,2026-08-03,20900.0,2460280,4007809.0,1556.4286,,40,55,58,76,54,1,HOLD,-0.13,-2,False,backfill
2026-08-04T12:55:01.092635+09:00,2026-08-04,329180.KS,HD현대미포,KR,미분류,2026-08-03,464803.4688,134192,309927.0,31083.3339,,40,55,55,60,50,0,HOLD,-0.22,-3,False,backfill
2026-08-04T12:55:01.092635+09:00,2026-08-04,024110.KS,기업은행,KR,미분류,2026-08-03,20250.0,1111640,1216555.2,782.9293,,46,55,60,70,56,1,HOLD,0.05,1,False,backfill
2026-08-04T12:55:01.092635+09:00,2026-08-04,009150.KS,삼성전기,KR,미분류,2026-08-03,1181000.0,1107138,969206.05,170714.2857,,36,55,63,50,50,0,HOLD,0.18,2,False,backfill
2026-08-04T12:55:01.092635+09:00,2026-08-04,042660.KS,한화오션,KR,미분류,2026-08-03,83000.0,839335,2402476.4,6750.0,,62,55,58,60,59,0,HOLD,0.12,1,False,backfill
2026-08-04T12:55:01.092635+09:00,2026-08-04,128940.KS,한미약품,KR,미분류,2026-08-03,345500.0,101994,97693.65,27571.4286,,33,55,55,50,47,0,HOLD,-0.35,-4,False,backfill
2026-08-04T12:55:01.092635+09:00,2026-08-04,247540.KS,에코프로비엠,KR,미분류,2026-08-03,96800.0,649492,447591.1,10314.2857,,40,55,50,50,48,0,HOLD,-0.31,-4,False,backfill
2026-08-04T12:55:01.092635+09:00,2026-08-04,251270.KS,넷마블,KR,미분류,2026-08-03,38300.0,147239,168852.6,1617.8571,,62,55,55,78,61,1,HOLD,0.15,2,False,backfill
2026-08-04T12:55:01.092635+09:00,2026-08-04,036570.KS,엔씨소프트,KR,미분류,2026-08-03,232000.0,54463,81803.25,11892.8571,,67,55,63,78,65,1,HOLD,0.35,4,False,backfill
2026-08-04T12:55:01.092635+09:00,2026-08-04,018880.KS,한온시스템,KR,미분류,2026-08-03,3250.0,5724412,5318204.3,241.7857,,35,55,50,60,47,0,HOLD,-0.34,-4,False,backfill
2026-08-04T12:55:01.092635+09:00,2026-08-04,000720.KS,현대건설,KR,미분류,2026-08-03,95600.0,477597,572886.75,9160.7143,,50,55,63,52,55,0,HOLD,-0.02,0,False,backfill
2026-08-04T12:55:01.092635+09:00,2026-08-04,139480.KS,이마트,KR,미분류,2026-08-03,78200.0,93485,114744.55,3642.8571,,35,55,55,70,50,1,HOLD,-0.25,-3,False,backfill
2026-08-04T12:55:01.092635+09:00,2026-08-04,000100.KS,유한양행,KR,미분류,2026-08-03,73600.0,225373,285176.45,3300.0,,59,55,55,42,54,0,HOLD,-0.01,0,False,backfill
2026-08-04T12:55:01.092635+09:00,2026-08-04,032640.KS,LG유플러스,KR,미분류,2026-08-03,14582.9893,725723,1045113.0,489.9368,,72,55,68,86,70,2,WATCH,0.56,7,False,backfill
2026-08-04T12:55:01.092635+09:00,2026-08-04,375500.KS,DL이앤씨,KR,미분류,2026-08-03,61200.0,360013,343350.25,4760.7143,,57,55,63,78,62,1,HOLD,0.17,2,False,backfill
2026-08-04T12:55:01.092635+09:00,2026-08-04,096770.KS,SK이노베이션,KR,미분류,2026-08-03,108000.0,573157,913986.3,9928.5714,,41,55,50,68,51,0,HOLD,-0.23,-3,False,backfill
2026-08-04T12:55:01.092635+09:00,2026-08-04,079550.KS,LIG넥스원,KR,미분류,2026-08-03,699000.0,79006,156352.05,71142.8571,,57,55,63,42,56,0,HOLD,0.04,0,False,backfill
2026-08-04T12:55:01.092635+09:00,2026-08-04,006360.KS,GS건설,KR,미분류,2026-08-03,24250.0,2514253,2922146.9,3260.7143,,33,55,50,78,49,1,HOLD,-0.31,-4,False,backfill
2026-08-04T12:55:01.092635+09:00,2026-08-04,078930.KS,GS,KR,미분류,2026-08-03,84600.0,383507,528176.65,7271.4286,,96,55,68,70,76,2,WATCH,1.14,14,False,backfill
2026-08-04T12:55:01.092635+09:00,2026-08-04,036460.KS,한국가스공사,KR,미분류,2026-08-03,34300.0,142922,155673.15,1239.2857,,72,55,60,78,66,2,WATCH,0.4,5,False,backfill
2026-08-04T12:55:01.092635+09:00,2026-08-04,016360.KS,삼성증권,KR,미분류,2026-08-03,97000.0,336831,488691.5,7164.2857,,18,55,61,70,46,1,HOLD,-0.43,-5,False,backfill
2026-08-04T12:55:01.092635+09:00,2026-08-04,005940.KS,NH투자증권,KR,미분류,2026-08-03,27600.0,376285,772809.7,1832.1429,,18,55,55,70,44,1,AVOID,-0.49,-6,True,backfill
2026-08-04T12:55:01.092635+09:00,2026-08-04,026960.KS,동서,KR,미분류,2026-08-03,25400.0,62468,84347.0,960.7143,,43,55,55,50,50,0,HOLD,-0.06,-1,False,backfill
2026-08-04T12:55:01.092635+09:00,2026-08-04,010060.KS,OCI홀딩스,KR,미분류,2026-08-03,196900.0,236881,297947.3,31828.5714,,62,55,50,62,57,0,HOLD,0.04,0,False,backfill
2026-08-04T12:55:01.092635+09:00,2026-08-04,000210.KS,DL,KR,미분류,2026-08-03,45950.0,248841,107303.2,3503.5714,,62,55,50,78,59,1,HOLD,0.1,1,False,backfill
2026-08-04T12:55:01.092635+09:00,2026-08-04,006800.KS,미래에셋증권,KR,미분류,2026-08-03,33250.0,1460334,2105422.8,3003.5714,,32,55,63,70,52,1,HOLD,-0.21,-3,False,backfill
2026-08-04T12:55:01.092635+09:00,2026-08-04,064350.KS,현대로템,KR,미분류,2026-08-03,129700.0,353812,663962.8,13542.8571,,15,55,63,70,46,1,HOLD,-0.45,-5,False,backfill
2026-08-04T12:55:01.092635+09:00,2026-08-04,005830.KS,DB손해보험,KR,미분류,2026-08-03,156600.0,155483,242663.75,8864.2857,,43,55,68,62,56,0,HOLD,0.06,1,False,backfill
2026-08-04T12:55:01.092635+09:00,2026-08-04,002380.KS,KCC,KR,미분류,2026-08-03,370500.0,21433,24880.4,29541.6932,,18,55,55,78,46,1,HOLD,-0.46,-6,False,backfill
2026-08-04T12:55:01.092635+09:00,2026-08-04,011790.KS,SKC,KR,미분류,2026-08-03,72800.0,189055,260269.6,6864.2857,,35,55,50,50,46,0,HOLD,-0.38,-5,False,backfill
2026-08-04T12:55:01.092635+09:00,2026-08-04,006650.KS,대한유화,KR,미분류,2026-08-03,86600.0,37191,27956.4,6535.7143,,13,55,55,78,44,1,AVOID,-0.53,-6,True,backfill
2026-08-04T12:55:01.092635+09:00,2026-08-04,000670.KS,영풍,KR,미분류,2026-08-03,34200.0,31303,31820.2,2178.5714,,40,55,55,58,50,0,HOLD,-0.22,-3,False,backfill
2026-08-04T12:55:01.092635+09:00,2026-08-04,138930.KS,BNK금융지주,KR,미분류,2026-08-03,14938.5957,1497895,1124812.5,903.6981,,10,55,63,70,44,1,AVOID,-0.52,-6,True,backfill
2026-08-04T12:55:01.092635+09:00,2026-08-04,006260.KS,LS,KR,미분류,2026-08-03,273000.0,119332,152325.5,30321.4286,,55,55,63,52,57,0,HOLD,0.05,1,False,backfill
2026-08-04T12:55:01.092635+09:00,2026-08-04,008770.KS,호텔신라,KR,미분류,2026-08-03,41250.0,795790,285173.4,2789.2857,,10,55,50,78,41,1,AVOID,-0.63,-8,True,backfill
2026-08-04T12:55:01.092635+09:00,2026-08-04,009830.KS,한화솔루션,KR,미분류,2026-08-03,24800.0,2042834,3227168.55,2817.8571,,40,55,50,70,50,1,HOLD,-0.24,-3,False,backfill
2026-08-04T12:55:01.092635+09:00,2026-08-04,139130.KS,DGB금융지주,KR,미분류,2026-08-03,16960.0,594820,595697.3,946.7857,,43,55,68,70,57,1,HOLD,0.06,1,False,backfill
2026-08-04T12:55:01.092635+09:00,2026-08-04,011780.KS,금호석유,KR,미분류,2026-08-03,113000.0,69498,76926.4,6285.7143,,18,55,63,86,49,1,HOLD,-0.35,-4,False,backfill
2026-08-04T12:55:01.092635+09:00,2026-08-04,079160.KS,CJ CGV,KR,미분류,2026-08-03,4980.0,679618,594831.6,297.5,,88,55,55,66,68,1,HOLD,0.73,9,False,backfill
2026-08-04T12:55:01.092635+09:00,2026-08-04,033780.KS,KT&G,KR,미분류,2026-08-03,175600.0,311905,295532.5,7042.8571,,35,55,66,55,51,0,HOLD,-0.01,0,False,backfill
2026-08-04T12:55:01.092635+09:00,2026-08-04,005810.KS,풍산,KR,미분류,2026-08-03,34600.0,34495,32490.0,1803.5714,,57,55,55,78,59,1,HOLD,0.08,1,False,backfill
2026-08-04T12:55:01.092635+09:00,2026-08-04,002960.KS,한국쉘석유,KR,미분류,2026-08-03,493500.0,1578,2117.25,17535.7143,,38,55,55,58,50,0,HOLD,-0.04,0,False,backfill
2026-08-04T12:55:01.092635+09:00,2026-08-04,000120.KS,CJ대한통운,KR,미분류,2026-08-03,73900.0,29880,50143.6,3121.4286,,62,55,55,78,61,1,HOLD,0.15,2,False,backfill
2026-08-04T12:55:01.092635+09:00,2026-08-04,120110.KS,코오롱인더,KR,미분류,2026-08-03,48650.0,147598,196410.95,4125.0,,35,55,50,78,50,1,HOLD,-0.28,-3,False,backfill
2026-08-04T12:55:01.092635+09:00,2026-08-04,069620.KS,대웅제약,KR,미분류,2026-08-03,114000.0,45007,44840.15,7728.5714,,33,55,55,62,48,0,HOLD,-0.31,-4,False,backfill
2026-08-04T12:55:01.092635+09:00,2026-08-04,185750.KS,종근당,KR,미분류,2026-08-03,66300.0,24212,23216.95,2625.0,,40,55,55,78,53,1,HOLD,-0.15,-2,False,backfill
2026-08-04T12:55:01.092635+09:00,2026-08-04,006840.KS,AK홀딩스,KR,미분류,2026-08-03,6880.0,11548,18036.3,332.8571,,44,55,50,42,48,0,HOLD,-0.28,-3,False,backfill
2026-08-04T12:55:01.092635+09:00,2026-08-04,008930.KS,한미사이언스,KR,미분류,2026-08-03,36050.0,178690,222966.95,2112.5,,70,55,68,50,63,1,HOLD,0.5,6,False,backfill
2026-08-04T12:55:01.092635+09:00,2026-08-04,002790.KS,아모레G,KR,미분류,2026-08-03,25300.0,114286,126138.85,1171.4286,,77,55,60,78,68,2,WATCH,0.49,6,False,backfill
2026-08-04T12:55:01.092635+09:00,2026-08-04,069260.KS,휴켐스,KR,미분류,2026-08-03,14710.0,68700,74051.1,437.1429,,13,55,50,78,42,1,AVOID,-0.58,-7,True,backfill
2026-08-04T12:55:01.092635+09:00,2026-08-04,000080.KS,하이트진로,KR,미분류,2026-08-03,15220.0,115795,121992.45,479.2857,,57,55,55,78,59,1,HOLD,0.13,2,False,backfill
2026-08-04T12:55:01.092635+09:00,2026-08-04,030200.KS,KT,KR,미분류,2026-08-03,52200.0,312474,477201.9,1603.3349,,35,55,68,73,55,1,HOLD,-0.06,-1,False,backfill
2026-08-04T12:55:01.092635+09:00,2026-08-04,012450.KS,한화에어로스페이스,KR,미분류,2026-08-03,919000.0,177064,223992.3,74000.0,,62,55,63,52,59,0,HOLD,0.15,2,False,backfill
2026-08-04T12:55:01.092635+09:00,2026-08-04,047810.KS,한국항공우주,KR,미분류,2026-08-03,123700.0,453632,493722.75,11607.1429,,18,55,63,50,44,0,AVOID,-0.48,-6,True,backfill
2026-08-04T12:55:01.092635+09:00,2026-08-04,051910.KS,LG화학,KR,미분류,2026-08-03,247000.0,263827,223334.2,17535.7143,,40,55,50,62,49,0,HOLD,-0.26,-3,False,backfill
2026-08-04T12:55:01.092635+09:00,2026-08-04,051900.KS,LG생활건강,KR,미분류,2026-08-03,282145.6875,98338,85075.7,14608.4513,,70,55,71,55,65,2,WATCH,0.59,7,False,backfill
2026-08-04T12:55:01.092635+09:00,2026-08-04,066570.KS,LG전자,KR,미분류,2026-08-03,158363.0156,754750,1530241.8,13726.4098,,27,55,55,78,49,1,HOLD,0.04,0,False,backfill
2026-08-04T12:55:01.092635+09:00,2026-08-04,003550.KS,LG,KR,미분류,2026-08-03,99700.0,287431,360819.0,5657.1429,,60,55,58,70,60,1,HOLD,0.3,4,False,backfill
2026-08-04T12:55:01.092635+09:00,2026-08-04,000150.KS,두산,KR,미분류,2026-08-03,1237017.5,114333,90376.95,142315.5433,,55,55,50,50,53,0,HOLD,-0.09,-1,False,backfill
2026-08-04T12:55:01.092635+09:00,2026-08-04,034020.KS,두산에너빌리티,KR,미분류,2026-08-03,67700.0,1762521,2811136.15,5114.2857,,55,55,50,35,50,0,HOLD,-0.15,-2,False,backfill
2026-08-04T12:55:01.092635+09:00,2026-08-04,241560.KS,두산밥캣,KR,미분류,2026-08-03,60024.2617,137817,200179.65,3797.6568,,18,55,55,70,44,1,AVOID,-0.49,-6,True,backfill
2026-08-04T12:55:01.092635+09:00,2026-08-04,035250.KS,강원랜드,KR,미분류,2026-08-03,14540.0,300522,429738.45,420.3571,,65,55,55,70,61,1,HOLD,0.18,2,False,backfill
2026-08-04T12:55:01.092635+09:00,2026-08-04,114090.KS,GKL,KR,미분류,2026-08-03,9200.0,97605,220772.9,428.5714,,32,55,55,86,52,1,HOLD,-0.24,-3,False,backfill
2026-08-04T12:55:01.092635+09:00,2026-08-04,020150.KS,롯데에너지머티리얼즈,KR,미분류,2026-08-03,27600.0,114708,193452.85,2896.4286,,35,55,50,27,42,0,AVOID,-0.46,-6,True,backfill
2026-08-04T12:55:01.092635+09:00,2026-08-04,004020.KS,현대제철,KR,미분류,2026-08-03,24800.0,732726,560426.75,1642.8571,,35,55,50,78,50,1,HOLD,-0.28,-3,False,backfill
2026-08-04T12:55:01.092635+09:00,2026-08-04,069960.KS,현대백화점,KR,미분류,2026-08-03,116000.0,158436,149689.2,11307.1429,,20,55,63,78,49,1,HOLD,-0.11,-1,False,backfill
2026-08-04T12:55:01.092635+09:00,2026-08-04,023530.KS,롯데쇼핑,KR,미분류,2026-08-03,116300.0,98157,142992.75,10114.2857,,10,55,50,78,41,1,AVOID,-0.63,-8,True,backfill
2026-08-04T12:55:01.092635+09:00,2026-08-04,012750.KS,에스원,KR,미분류,2026-08-03,71900.0,83266,73141.05,2821.4286,,65,55,58,68,61,0,HOLD,0.29,3,False,backfill
2026-08-04T12:55:01.092635+09:00,2026-08-04,035150.KS,백광산업,KR,미분류,2026-08-03,9930.0,13510,23563.5,375.0,,50,55,55,58,54,0,HOLD,-0.08,-1,False,backfill
2026-08-04T12:55:01.092635+09:00,2026-08-04,018670.KS,삼성E&A,KR,미분류,2026-08-03,198000.0,47871,17316.75,15563.9634,,33,55,55,62,48,0,HOLD,-0.31,-4,False,backfill
2026-08-04T12:55:01.092635+09:00,2026-08-04,003490.KS,대한항공,KR,미분류,2026-08-03,26200.0,3168112,2963120.35,1260.7143,,54,55,60,62,57,0,HOLD,0.32,4,False,backfill
2026-08-04T12:55:01.092635+09:00,2026-08-04,020560.KS,아시아나항공,KR,미분류,2026-08-03,7050.0,61444,130060.6,309.2857,,50,55,55,50,52,0,HOLD,0.08,1,False,backfill
2026-08-04T12:55:01.092635+09:00,2026-08-04,047040.KS,대우건설,KR,미분류,2026-08-03,13300.0,5985961,4719079.35,1428.5714,,35,55,50,52,46,0,HOLD,-0.37,-4,False,backfill
2026-08-04T12:55:01.092635+09:00,2026-08-04,088980.KS,맥쿼리인프라,KR,미분류,2026-08-03,9970.0,1263840,1353050.6,165.7143,,53,55,55,50,54,0,HOLD,0.0,0,False,backfill
2026-08-04T12:55:01.092635+09:00,2026-08-04,161390.KS,한국타이어앤테크놀로지,KR,미분류,2026-08-03,66800.0,221274,408851.9,4728.5714,,47,55,68,62,57,0,HOLD,0.35,4,False,backfill
2026-08-04T12:55:01.092635+09:00,2026-08-04,161890.KS,한국콜마,KR,미분류,2026-08-03,96800.0,164882,351245.45,7764.2857,,44,55,55,60,52,0,HOLD,0.19,2,False,backfill
