scan_ts_kst,date,ticker,name,market,sector,bar_date,close,volume,avg_vol20,atr14,market_cap,tech,macro,filing,value,total,consensus,signal,ev,target,hitl,source,asset_type,flow,regime,exchange
2026-09-10T07:57:19.063393+09:00,2026-09-10,NVDA,NVIDIA Corporation,US,반도체,2026-09-09,223.67,79204871,128172638.55,7.5586,5400959123456,84,65,63,58,65,1,HOLD,0.78,9,False,live,STOCK,48,NEUTRAL,NASDAQ
2026-09-10T07:57:19.063393+09:00,2026-09-10,AAPL,Apple Inc.,US,IT,2026-09-09,315.34,64902991,40560384.55,7.3936,4602128760832,69,60,58,42,59,0,HOLD,0.56,7,False,live,STOCK,69,NEUTRAL,NASDAQ
2026-09-10T07:57:19.063393+09:00,2026-09-10,GOOG,Alphabet Inc.,US,인터넷,2026-09-09,328.38,18920503,15245140.15,6.7185,4016066265088,28,65,70,60,50,1,HOLD,-0.18,-2,False,live,STOCK,46,NEUTRAL,NASDAQ
2026-09-10T07:57:19.063393+09:00,2026-09-10,MSFT,Microsoft Corporation,US,IT,2026-09-09,491.65,12778304,21868000.2,9.875,3650769387520,51,60,50,50,55,1,HOLD,0.37,4,False,live,STOCK,72,NEUTRAL,NASDAQ
2026-09-10T07:57:19.063393+09:00,2026-09-10,AMZN,"Amazon.com, Inc.",US,소비재,2026-09-09,252.4,32177880,32396734.0,5.7079,2722465316864,47,60,60,50,50,0,HOLD,0.12,1,False,live,STOCK,46,NEUTRAL,NASDAQ
2026-09-10T07:57:19.063393+09:00,2026-09-10,TSM,Taiwan Semiconductor Manufacturing Compa,US,반도체,2026-09-09,435.36,7443121,9188526.05,9.9743,2257983111168,88,65,77,66,69,2,WATCH,0.88,11,False,live,STOCK,38,NEUTRAL,NYSE
2026-09-10T07:57:19.063393+09:00,2026-09-10,SPCX,Space Exploration Technologies Corp.,US,산업재,2026-09-09,147.55,120147894,84433594.7,6.1036,1943851368448,80,60,78,27,60,2,WATCH,0.72,9,False,live,STOCK,62,NEUTRAL,NASDAQ
2026-09-10T07:57:19.063393+09:00,2026-09-10,AVGO,Broadcom Inc.,US,반도체,2026-09-09,364.38,24562370,24871578.5,10.5671,1733567184896,28,65,60,50,45,0,HOLD,-0.25,-3,False,live,STOCK,47,NEUTRAL,NASDAQ
2026-09-10T07:57:19.063393+09:00,2026-09-10,META,"Meta Platforms, Inc.",US,인터넷,2026-09-09,653.69,35359694,17313369.7,19.9036,1665279328256,58,65,50,66,62,1,HOLD,0.54,6,False,live,STOCK,76,NEUTRAL,NASDAQ
2026-09-10T07:57:19.063393+09:00,2026-09-10,TSLA,"Tesla, Inc.",US,소비재,2026-09-09,367.81,32340063,39710323.15,15.25,1452683034624,72,60,70,30,56,2,HOLD,0.43,5,False,live,STOCK,55,NEUTRAL,NASDAQ
2026-09-10T07:57:19.063393+09:00,2026-09-10,MU,"Micron Technology, Inc.",US,반도체,2026-09-09,1027.77,23573851,27353357.55,44.0795,1160756461568,88,65,65,58,66,1,HOLD,0.89,11,False,live,STOCK,46,NEUTRAL,NASDAQ
2026-09-10T07:57:19.063393+09:00,2026-09-10,LLY,Eli Lilly and Company,US,제약/바이오,2026-09-09,1124.21,2016282,2465739.1,31.1207,1002072506368,35,65,81,50,52,1,HOLD,0.1,1,False,live,STOCK,49,NEUTRAL,NYSE
2026-09-10T07:57:19.063393+09:00,2026-09-10,JPM,JPMorgan Chase & Co.,US,금융,2026-09-09,354.71,6262650,5556107.5,5.8064,942885240832,47,60,71,60,58,1,HOLD,0.46,6,False,live,STOCK,57,NEUTRAL,NYSE
2026-09-10T07:57:19.063393+09:00,2026-09-10,AMD,"Advanced Micro Devices, Inc.",US,반도체,2026-09-09,521.095,22033121,18130111.05,18.5043,850674515968,73,65,65,43,58,1,HOLD,0.67,8,False,live,STOCK,52,NEUTRAL,NASDAQ
2026-09-10T07:57:19.063393+09:00,2026-09-10,WMT,Walmart Inc.,US,소매,2026-09-09,105.83,15347532,28020581.6,2.6477,839628357632,47,60,50,37,45,0,HOLD,-0.27,-3,False,live,STOCK,47,NEUTRAL,NASDAQ
2026-09-10T07:57:19.063393+09:00,2026-09-10,V,Visa Inc.,US,금융,2026-09-09,367.39,4469432,6491111.6,5.9736,685934510080,47,60,60,50,54,0,HOLD,0.34,4,False,live,STOCK,63,NEUTRAL,NYSE
2026-09-10T07:57:19.063393+09:00,2026-09-10,XOM,Exxon Mobil Corporation,US,에너지,2026-09-09,164.23,12905422,13646236.1,3.4086,675299262464,62,60,40,58,56,0,HOLD,0.3,4,False,live,STOCK,61,NEUTRAL,NYSE
2026-09-10T07:57:19.063393+09:00,2026-09-10,ASML,ASML Holding N.V.,US,반도체,2026-09-09,1729.52,1037030,1149341.5,44.3265,664308613120,43,65,70,42,47,1,HOLD,-0.02,0,False,live,STOCK,36,NEUTRAL,NASDAQ
2026-09-10T07:57:19.063393+09:00,2026-09-10,JNJ,Johnson & Johnson,US,제약/바이오,2026-09-09,267.08,5967693,6239554.65,5.3183,643635675136,47,65,56,53,55,0,HOLD,0.33,4,False,live,STOCK,69,NEUTRAL,NYSE
2026-09-10T07:57:19.063393+09:00,2026-09-10,INTC,Intel Corp.,US,반도체,2026-09-09,106.24,96066104,96435660.2,4.1775,561595809792,59,65,88,42,56,1,HOLD,0.4,5,False,live,STOCK,38,NEUTRAL,NASDAQ
2026-09-10T07:57:19.063393+09:00,2026-09-10,MA,Mastercard Incorporated,US,금융,2026-09-09,567.5,1816002,2715675.1,9.035,497135616000,47,60,53,50,52,0,HOLD,0.28,3,False,live,STOCK,63,NEUTRAL,NYSE
2026-09-10T07:57:19.063393+09:00,2026-09-10,ORCL,Oracle Corporation,US,IT,2026-09-09,161.63,26502308,23280500.4,6.4832,465570562048,67,60,50,50,54,0,HOLD,-0.0,0,False,live,STOCK,44,NEUTRAL,NYSE
2026-09-10T07:57:19.063393+09:00,2026-09-10,BAC,Bank of America Corporation,US,금융,2026-09-09,62.67,35254412,29930545.6,1.096,438235529216,62,60,81,68,66,1,HOLD,0.78,9,False,live,STOCK,54,NEUTRAL,NYSE
2026-09-10T07:57:19.063393+09:00,2026-09-10,ABBV,AbbVie Inc.,US,제약/바이오,2026-09-09,250.91,3643141,4299987.05,5.4493,443387412480,44,65,81,51,57,1,HOLD,0.49,6,False,live,STOCK,62,NEUTRAL,NYSE
2026-09-10T07:57:19.063393+09:00,2026-09-10,CSCO,"Cisco Systems, Inc.",US,IT,2026-09-09,109.43,10821955,18946997.75,1.905,431437283328,28,60,65,50,44,0,AVOID,-0.33,-4,True,live,STOCK,39,NEUTRAL,NASDAQ
2026-09-10T07:57:19.063393+09:00,2026-09-10,CVX,Chevron Corporation,US,에너지,2026-09-09,213.81,8370900,7610865.0,3.8843,419410411520,88,60,32,74,70,3,BUY,0.78,9,False,live,STOCK,75,NEUTRAL,NYSE
2026-09-10T07:57:19.063393+09:00,2026-09-10,COST,Costco Wholesale Corporation,US,소매,2026-09-09,902.6,2031382,1820374.1,16.605,400283959296,43,60,52,29,37,0,AVOID,-0.42,-5,True,live,STOCK,27,NEUTRAL,NASDAQ
2026-09-10T07:57:19.063393+09:00,2026-09-10,LRCX,Lam Research Corporation,US,반도체,2026-09-09,315.84,5453423,7453316.15,12.2321,395217207296,65,65,73,42,57,1,HOLD,0.42,5,False,live,STOCK,53,NEUTRAL,NASDAQ
2026-09-10T07:57:19.063393+09:00,2026-09-10,PLTR,Palantir Technologies Inc.,US,IT,2026-09-09,169.53,20123908,30362740.4,8.0729,407390486528,54,60,42,35,49,0,HOLD,0.25,3,False,live,STOCK,69,NEUTRAL,NASDAQ
2026-09-10T07:57:19.063393+09:00,2026-09-10,KO,The Coca-Cola Company,US,소매,2026-09-09,87.55,12266677,14504398.85,1.2868,376688181248,44,60,50,37,45,0,HOLD,-0.02,0,False,live,STOCK,55,NEUTRAL,NYSE
2026-09-10T07:57:19.063393+09:00,2026-09-10,CAT,Caterpillar Inc.,US,산업재,2026-09-09,815.56,1739323,2440621.15,20.3857,374892429312,50,60,55,50,47,0,HOLD,-0.15,-2,False,live,STOCK,30,NEUTRAL,NYSE
2026-09-10T07:57:19.063393+09:00,2026-09-10,AMAT,"Applied Materials, Inc.",US,반도체,2026-09-09,468.85,3806722,7246861.1,15.6071,372078149632,47,65,65,50,48,0,HOLD,-0.08,-1,False,live,STOCK,32,NEUTRAL,NASDAQ
2026-09-10T07:57:19.063393+09:00,2026-09-10,MRK,"Merck & Co., Inc.",US,제약/바이오,2026-09-09,147.53,7893508,11205900.4,3.7993,363981832192,66,65,50,35,56,1,HOLD,0.59,7,False,live,STOCK,81,NEUTRAL,NYSE
2026-09-10T07:57:19.063393+09:00,2026-09-10,HSBC,HSBC Holdings plc,US,금융,2026-09-09,105.11,1270598,1047074.9,1.3607,359977156608,95,60,55,68,72,1,HOLD,1.02,12,False,live,STOCK,61,NEUTRAL,NYSE
2026-09-10T07:57:19.063393+09:00,2026-09-10,UNH,UnitedHealth Group Incorporated,US,제약/바이오,2026-09-09,393.06,7730118,4504610.9,9.4807,352808632320,50,65,83,66,59,1,HOLD,0.29,3,False,live,STOCK,39,NEUTRAL,NYSE
2026-09-10T07:57:19.063393+09:00,2026-09-10,DELL,Dell Technologies Inc.,US,IT,2026-09-09,535.25,7258767,8526328.35,28.3934,345847726080,82,60,55,66,71,2,WATCH,0.95,11,False,live,STOCK,77,NEUTRAL,NYSE
2026-09-10T07:57:19.063393+09:00,2026-09-10,MS,Morgan Stanley,US,금융,2026-09-09,215.35,3963557,3777867.85,4.7136,338221465600,65,60,60,60,61,0,HOLD,0.48,6,False,live,STOCK,59,NEUTRAL,NYSE
2026-09-10T07:57:19.063393+09:00,2026-09-10,PG,The Procter & Gamble Company,US,소매,2026-09-09,142.64,9260540,8975622.0,2.2857,331557142528,53,60,50,45,52,0,HOLD,0.06,1,False,live,STOCK,62,NEUTRAL,NYSE
2026-09-10T07:57:19.063393+09:00,2026-09-10,GE,GE Aerospace,US,산업재,2026-09-09,325.42,5002849,3637077.45,8.3343,337643601920,28,60,60,37,44,0,AVOID,-0.14,-2,True,live,STOCK,61,NEUTRAL,NYSE
2026-09-10T07:57:19.063393+09:00,2026-09-10,NFLX,"Netflix, Inc.",US,인터넷,2026-09-09,76.03,22701520,28133576.0,2.0979,316584329216,43,65,42,50,44,0,AVOID,-0.37,-4,True,live,STOCK,37,NEUTRAL,NASDAQ
2026-09-10T07:57:19.063393+09:00,2026-09-10,HD,"The Home Depot, Inc.",US,소비재,2026-09-09,310.45,3357754,3811187.7,6.261,309732737024,20,60,63,42,36,0,AVOID,-0.51,-6,True,live,STOCK,26,NEUTRAL,NYSE
2026-09-10T07:57:19.063393+09:00,2026-09-10,GS,"The Goldman Sachs Group, Inc.",US,금융,2026-09-09,1028.78,1661117,1776105.85,23.8737,299551326208,50,60,60,60,53,0,HOLD,0.12,1,False,live,STOCK,41,NEUTRAL,NYSE
2026-09-10T07:57:19.063393+09:00,2026-09-10,PM,Philip Morris International Inc.,US,소매,2026-09-09,185.71,3870041,4206287.05,4.4293,289450098688,43,60,58,58,53,0,HOLD,0.08,1,False,live,STOCK,55,NEUTRAL,NYSE
2026-09-10T07:57:19.063393+09:00,2026-09-10,RY,Royal Bank of Canada,US,금융,2026-09-09,206.81,496428,1304071.4,3.4757,286313938944,54,60,60,50,56,0,HOLD,0.32,4,False,live,STOCK,63,NEUTRAL,NYSE
2026-09-10T07:57:19.063393+09:00,2026-09-10,ARM,Arm Holdings plc American Depositary Sha,US,반도체,2026-09-09,264.23,3302953,3743722.65,12.6445,282197295104,72,65,70,35,55,2,HOLD,0.24,3,False,live,STOCK,44,NEUTRAL,NASDAQ
2026-09-10T07:57:19.063393+09:00,2026-09-10,PANW,"Palo Alto Networks, Inc.",US,IT,2026-09-09,335.1,4267638,6089371.9,19.4843,273106501632,51,60,57,35,51,1,HOLD,0.38,5,False,live,STOCK,71,NEUTRAL,NASDAQ
2026-09-10T07:57:19.063393+09:00,2026-09-10,WFC,Wells Fargo & Company,US,금융,2026-09-09,89.67,14396645,12416407.25,1.84,271161999360,91,60,60,60,71,1,HOLD,0.98,12,False,live,STOCK,69,NEUTRAL,NYSE
2026-09-10T07:57:19.063393+09:00,2026-09-10,SHEL,Shell plc,US,에너지,2026-09-09,95.6,8384003,6120237.45,1.408,273524899840,88,60,55,78,74,2,WATCH,0.96,12,False,live,STOCK,67,NEUTRAL,NYSE
2026-09-10T07:57:19.063393+09:00,2026-09-10,RTX,RTX Corporation,US,산업재,2026-09-09,197.55,3182846,4044342.3,4.1014,266249617408,39,60,45,58,49,0,HOLD,0.01,0,False,live,STOCK,54,NEUTRAL,NYSE
2026-09-10T07:57:19.063393+09:00,2026-09-10,BABA,Alibaba Group Holding Limited,US,소비재,2026-09-09,109.4,8924808,12870025.4,3.8733,271927214080,35,60,55,58,53,0,HOLD,-0.05,-1,False,live,STOCK,69,NEUTRAL,NYSE
2026-09-10T07:57:19.063393+09:00,2026-09-10,NVS,Novartis AG,US,제약/바이오,2026-09-09,137.48,2936408,2294045.4,4.865,261310267392,20,65,55,53,37,0,AVOID,-0.65,-8,True,live,STOCK,22,NEUTRAL,NYSE
2026-09-10T07:57:19.063393+09:00,2026-09-10,SNDK,Sandisk Corporation,US,IT,2026-09-09,1764.17,9527177,13310198.85,96.1786,258308030464,88,60,55,50,63,1,HOLD,0.72,9,False,live,STOCK,55,NEUTRAL,NASDAQ
2026-09-10T07:57:19.063393+09:00,2026-09-10,MUFG,"Mitsubishi UFJ Financial Group, Inc.",US,금융,2026-09-09,23.14,2620699,2705374.95,0.425,260458397696,91,60,58,60,68,1,HOLD,0.92,11,False,live,STOCK,54,NEUTRAL,NYSE
2026-09-10T07:57:19.063393+09:00,2026-09-10,GEV,GE Vernova Inc.,US,산업재,2026-09-09,951.04,1471717,2020920.85,35.3054,253293887488,54,60,60,50,52,0,HOLD,0.26,3,False,live,STOCK,46,NEUTRAL,NYSE
2026-09-10T07:57:19.063393+09:00,2026-09-10,SAP,SAP SE,US,IT,2026-09-09,209.14,2486149,2378267.45,5.8214,241390288896,51,60,58,42,53,0,HOLD,0.4,5,False,live,STOCK,69,NEUTRAL,NYSE
2026-09-10T07:57:19.063393+09:00,2026-09-10,AZN,AstraZeneca PLC,US,제약/바이오,2026-09-09,156.94,3873334,3383101.7,3.44,243396034560,28,65,68,58,48,0,HOLD,-0.3,-4,False,live,STOCK,43,NEUTRAL,NYSE
2026-09-10T07:57:19.063393+09:00,2026-09-10,ANET,"Arista Networks, Inc.",US,IT,2026-09-09,192.93,3673079,5542988.95,6.6704,243328073728,58,60,60,35,52,0,HOLD,0.44,5,False,live,STOCK,61,NEUTRAL,NYSE
2026-09-10T07:57:19.063393+09:00,2026-09-10,KLAC,KLA Corporation,US,반도체,2026-09-09,182.91,9040347,9181042.35,6.8643,238980481024,50,65,73,42,50,1,HOLD,-0.06,-1,False,live,STOCK,38,NEUTRAL,NASDAQ
2026-09-10T07:57:19.063393+09:00,2026-09-10,TXN,Texas Instruments Incorporated,US,반도체,2026-09-09,261.59,4169438,5429221.9,6.9443,238896463872,50,65,75,58,55,1,HOLD,0.1,1,False,live,STOCK,36,NEUTRAL,NASDAQ
2026-09-10T07:57:19.063393+09:00,2026-09-10,C,Citigroup Inc.,US,금융,2026-09-09,137.8,6652368,8289403.4,2.7436,231150796800,87,60,70,76,78,4,BUY,1.05,13,False,live,STOCK,75,NEUTRAL,NYSE
2026-09-10T07:57:19.063393+09:00,2026-09-10,BHP,BHP Group Limited,US,소재,2026-09-09,92.25,1916553,2687127.65,2.2885,234451238912,69,60,55,45,57,0,HOLD,0.56,7,False,live,STOCK,61,NEUTRAL,NYSE
2026-09-10T07:57:19.063393+09:00,2026-09-10,TM,Toyota Motor Corporation,US,소비재,2026-09-09,190.97,331045,335207.25,3.5279,226143502336,47,60,50,54,51,0,HOLD,0.15,2,False,live,STOCK,54,NEUTRAL,NYSE
2026-09-10T07:57:19.063393+09:00,2026-09-10,IBM,International Business Machines Corporat,US,IT,2026-09-09,239.94,6325191,4820764.55,5.6307,226055733248,62,60,81,58,61,1,HOLD,0.33,4,False,live,STOCK,44,NEUTRAL,NYSE
2026-09-10T07:57:19.063393+09:00,2026-09-10,TMO,Thermo Fisher Scientific Inc.,US,제약/바이오,2026-09-09,605.69,1919360,1656408.0,16.5221,223952240640,51,65,53,58,60,1,HOLD,0.51,6,False,live,STOCK,84,NEUTRAL,NYSE
2026-09-10T07:57:19.063393+09:00,2026-09-10,AXP,American Express Company,US,금융,2026-09-09,321.8,2622741,2330417.05,5.607,217314689024,20,60,81,50,44,1,AVOID,-0.18,-2,True,live,STOCK,32,NEUTRAL,NYSE
2026-09-10T07:57:19.063393+09:00,2026-09-10,LIN,Linde plc,US,소재,2026-09-09,466.65,2081745,1968847.25,7.6751,215116382208,28,60,60,58,44,0,AVOID,-0.4,-5,True,live,STOCK,33,NEUTRAL,NASDAQ
2026-09-10T07:57:19.063393+09:00,2026-09-10,SAN,"Banco Santander, S.A.",US,금융,2026-09-09,14.68,5905847,18061232.35,0.2529,213185970176,73,60,55,76,66,2,WATCH,0.67,8,False,live,STOCK,51,NEUTRAL,NYSE
2026-09-10T07:57:19.063393+09:00,2026-09-10,CRWD,"CrowdStrike Holdings, Inc.",US,IT,2026-09-09,207.8,5522313,10301100.65,13.2528,212773666816,51,60,65,30,44,0,AVOID,0.19,2,True,live,STOCK,34,NEUTRAL,NASDAQ
2026-09-10T07:57:19.063393+09:00,2026-09-10,AMGN,Amgen Inc.,US,제약/바이오,2026-09-09,391.27,2869790,2522414.5,11.1696,211533070336,39,65,45,50,50,1,HOLD,0.14,2,False,live,STOCK,71,NEUTRAL,NASDAQ
2026-09-10T07:57:19.063393+09:00,2026-09-10,VZ,Verizon Communications Inc.,US,인터넷,2026-09-09,49.74,22573922,17170621.1,0.795,206658535424,62,65,50,84,66,1,HOLD,0.46,6,False,live,STOCK,60,NEUTRAL,NYSE
2026-09-10T07:57:19.063393+09:00,2026-09-10,MRVL,"Marvell Technology, Inc.",US,반도체,2026-09-09,235.01,20034900,24682830.0,14.265,211204571136,58,65,66,35,53,0,HOLD,0.2,2,False,live,STOCK,59,NEUTRAL,NASDAQ
2026-09-10T07:57:19.063393+09:00,2026-09-10,TTE,TotalEnergies SE,US,에너지,2026-09-09,91.64,1097329,1600636.45,1.6982,202768859136,84,60,55,94,77,2,WATCH,0.82,10,False,live,STOCK,63,NEUTRAL,NYSE
2026-09-10T07:57:19.063393+09:00,2026-09-10,TD,The Toronto-Dominion Bank,US,금융,2026-09-09,119.14,1101242,1865612.1,2.1279,195212197888,43,60,60,60,55,0,HOLD,0.18,2,False,live,STOCK,61,NEUTRAL,NYSE
2026-09-10T07:57:19.063393+09:00,2026-09-10,APH,Amphenol Corporation,US,IT,2026-09-09,81.34,9267680,11171099.0,2.3192,200581726208,91,60,66,50,63,1,HOLD,0.77,9,False,live,STOCK,37,NEUTRAL,NYSE
2026-09-10T07:57:19.063393+09:00,2026-09-10,CRM,"Salesforce, Inc.",US,IT,2026-09-09,244.16,11820579,16853518.95,11.6414,200943681536,78,60,55,66,70,2,WATCH,0.91,11,False,live,STOCK,80,NEUTRAL,NYSE
2026-09-10T07:57:19.063393+09:00,2026-09-10,STX,Seagate Technology Holdings plc,US,IT,2026-09-09,885.92,3394197,3689264.85,44.1457,201103835136,91,60,63,43,68,2,WATCH,0.98,12,False,live,STOCK,76,NEUTRAL,NASDAQ
2026-09-10T07:57:19.063393+09:00,2026-09-10,NVO,Novo Nordisk A/S,US,제약/바이오,2026-09-09,44.56,8788337,10884521.85,1.2346,196907302912,35,65,68,73,60,2,WATCH,0.27,3,False,live,STOCK,70,NEUTRAL,NYSE
2026-09-10T07:57:19.063393+09:00,2026-09-10,TMUS,"T-Mobile US, Inc.",US,인터넷,2026-09-09,177.34,3348663,3860673.15,4.054,190227578880,46,65,60,74,56,1,HOLD,0.0,0,False,live,STOCK,39,NEUTRAL,NASDAQ
2026-09-10T07:57:19.063393+09:00,2026-09-10,PEP,"PepsiCo, Inc.",US,소매,2026-09-09,136.69,7259004,6850870.2,2.0725,186718535680,43,60,60,52,49,0,HOLD,-0.11,-1,False,live,STOCK,41,NEUTRAL,NASDAQ
2026-09-10T07:57:19.063393+09:00,2026-09-10,SCHW,The Charles Schwab Corporation,US,금융,2026-09-09,106.54,7815087,7434044.35,2.3686,184243421184,47,60,50,66,58,0,HOLD,0.35,4,False,live,STOCK,69,NEUTRAL,NYSE
2026-09-10T07:57:19.063393+09:00,2026-09-10,QCOM,QUALCOMM Incorporated,US,반도체,2026-09-09,176.4,14774717,10362050.85,5.8549,188405858304,59,65,68,66,60,0,HOLD,0.23,3,False,live,STOCK,44,NEUTRAL,NASDAQ
2026-09-10T07:57:19.063393+09:00,2026-09-10,DE,Deere & Company,US,산업재,2026-09-09,677.21,1033035,1366221.75,23.0714,182593028096,85,60,50,58,66,1,HOLD,0.81,10,False,live,STOCK,63,NEUTRAL,NYSE
2026-09-10T07:57:19.063393+09:00,2026-09-10,ABT,Abbott Laboratories,US,제약/바이오,2026-09-09,105.23,6409450,7743097.5,2.7164,183291002880,39,65,53,58,53,0,HOLD,0.22,3,False,live,STOCK,67,NEUTRAL,NYSE
2026-09-10T07:57:19.063393+09:00,2026-09-10,DIS,The Walt Disney Company,US,인터넷,2026-09-09,104.18,7036870,7541408.5,2.1893,179886243840,47,65,60,58,56,0,HOLD,0.27,3,False,live,STOCK,63,NEUTRAL,NYSE
2026-09-10T07:57:19.063393+09:00,2026-09-10,GILD,"Gilead Sciences, Inc.",US,제약/바이오,2026-09-09,145.65,4559600,5285785.0,3.5336,180599472128,66,65,50,60,63,1,HOLD,0.66,8,False,live,STOCK,78,NEUTRAL,NASDAQ
2026-09-10T07:57:19.063393+09:00,2026-09-10,UBS,UBS Group AG,US,금융,2026-09-09,54.84,1524161,1605413.05,0.8289,167905935360,91,60,73,66,74,2,WATCH,1.15,14,False,live,STOCK,61,NEUTRAL,NYSE
2026-09-10T07:57:19.063393+09:00,2026-09-10,ADI,"Analog Devices, Inc.",US,반도체,2026-09-09,365.07,2286800,3612745.0,9.4547,176900325376,28,65,53,58,44,0,AVOID,-0.44,-5,True,live,STOCK,36,NEUTRAL,NASDAQ
2026-09-10T07:57:19.063393+09:00,2026-09-10,SCCO,Southern Copper Corporation,US,소재,2026-09-09,209.26,1743691,1150134.55,9.2296,176687349760,73,60,48,37,52,1,HOLD,0.44,5,False,live,STOCK,48,NEUTRAL,NYSE
2026-09-10T07:57:19.063393+09:00,2026-09-10,NEE,"NextEra Energy, Inc.",US,유틸리티,2026-09-09,82.65,8850943,10324372.15,1.261,172375293952,47,60,63,42,49,0,HOLD,0.02,0,False,live,STOCK,47,NEUTRAL,NYSE
2026-09-10T07:57:19.063393+09:00,2026-09-10,T,AT&T Inc.,US,인터넷,2026-09-09,25.15,51071650,31787792.5,0.4782,172337496064,47,65,45,78,58,1,HOLD,0.18,2,False,live,STOCK,57,NEUTRAL,NYSE
2026-09-10T07:57:19.063393+09:00,2026-09-10,WELL,Welltower Inc.,US,리츠,2026-09-09,235.9,1800552,2635427.6,4.6571,169982935040,47,60,78,38,55,2,HOLD,0.52,6,False,live,STOCK,71,NEUTRAL,NYSE
2026-09-10T07:57:19.063393+09:00,2026-09-10,UNP,Union Pacific Corporation,US,산업재,2026-09-09,284.74,1809235,2330386.75,5.6568,169157050368,39,60,60,42,46,0,HOLD,0.0,0,False,live,STOCK,48,NEUTRAL,NYSE
2026-09-10T07:57:19.063393+09:00,2026-09-10,RIO,Rio Tinto Group,US,소재,2026-09-09,103.74,1512565,2125888.25,2.1371,168718516224,69,60,55,55,56,0,HOLD,0.36,4,False,live,STOCK,40,NEUTRAL,NYSE
2026-09-10T07:57:19.063393+09:00,2026-09-10,COP,ConocoPhillips,US,에너지,2026-09-09,136.53,5535498,6447159.9,2.9382,164018601984,69,60,42,58,63,1,HOLD,0.64,8,False,live,STOCK,83,NEUTRAL,NYSE
2026-09-10T07:57:19.063393+09:00,2026-09-10,WDC,Western Digital Corporation,US,IT,2026-09-09,482.28,4021031,6328831.55,24.6303,173881671680,72,60,48,60,58,1,HOLD,0.27,3,False,live,STOCK,46,NEUTRAL,NASDAQ
2026-09-10T07:57:19.063393+09:00,2026-09-10,BLK,"BlackRock, Inc.",US,금융,2026-09-09,1072.03,463460,550778.0,21.9658,174179352576,39,60,60,66,48,0,HOLD,-0.08,-1,False,live,STOCK,25,NEUTRAL,NYSE
2026-09-10T07:57:19.063393+09:00,2026-09-10,SHOP,Shopify Inc.,US,IT,2026-09-09,126.79,13950819,7176385.95,6.1142,163133587456,47,60,60,35,47,0,HOLD,0.24,3,False,live,STOCK,54,NEUTRAL,NASDAQ
2026-09-10T07:57:19.063393+09:00,2026-09-10,BA,The Boeing Company,US,산업재,2026-09-09,206.42,4290596,5010364.8,4.2436,163028975616,17,60,63,35,35,0,AVOID,-0.52,-6,True,live,STOCK,32,NEUTRAL,NYSE
2026-09-10T07:57:19.063393+09:00,2026-09-10,ETN,Eaton Corporation plc,US,산업재,2026-09-09,415.22,1774951,1743287.55,12.2239,161229930496,47,60,60,50,52,0,HOLD,0.24,3,False,live,STOCK,54,NEUTRAL,NYSE
2026-09-10T07:57:19.063393+09:00,2026-09-10,BBVA,"Banco Bilbao Vizcaya Argentaria, S.A.",US,금융,2026-09-09,29.08,1077689,1371569.45,0.3871,160472317952,73,60,55,60,62,1,HOLD,0.66,8,False,live,STOCK,57,NEUTRAL,NYSE
2026-09-10T07:57:19.063393+09:00,2026-09-10,TBB,AT&T Inc. 5.35% GLB NTS 66,US,인터넷,2026-09-09,19.55,150440,108467.0,0.1816,,65,65,58,80,61,1,HOLD,0.22,3,False,live,STOCK,30,NEUTRAL,NYSE
2026-09-10T07:57:19.063393+09:00,2026-09-10,PFE,Pfizer Inc.,US,제약/바이오,2026-09-09,27.78,28631707,33452420.35,0.5825,158336942080,47,65,64,66,62,1,HOLD,0.49,6,False,live,STOCK,77,NEUTRAL,NYSE
2026-09-10T07:57:19.063393+09:00,2026-09-10,IBKR,"Interactive Brokers Group, Inc.",US,금융,2026-09-09,90.28,2638720,3658871.0,3.2349,153820463104,47,60,85,58,57,1,HOLD,0.37,4,False,live,STOCK,41,NEUTRAL,NASDAQ
2026-09-10T07:57:19.063393+09:00,2026-09-10,BX,Blackstone Inc.,US,금융,2026-09-09,129.07,3917370,3289868.5,3.7993,154277101568,39,60,72,50,52,1,HOLD,0.24,3,False,live,STOCK,54,NEUTRAL,NYSE
2026-09-10T07:57:19.063393+09:00,2026-09-10,BUD,Anheuser-Busch InBev SA/NV,US,소매,2026-09-09,77.98,4009685,2451589.25,1.2026,153552486400,50,60,58,60,59,1,HOLD,0.21,3,False,live,STOCK,70,NEUTRAL,NYSE
2026-09-10T07:57:19.063393+09:00,2026-09-10,GLW,Corning Inc,US,IT,2026-09-09,168.46,8308512,9115580.6,6.6804,144814587904,72,60,70,43,56,2,HOLD,0.43,5,False,live,STOCK,40,NEUTRAL,NYSE
2026-09-10T07:57:19.063393+09:00,2026-09-10,UBER,"Uber Technologies, Inc.",US,IT,2026-09-09,71.08,21152788,15527599.4,2.3853,145185177600,43,60,71,55,53,1,HOLD,0.17,2,False,live,STOCK,48,NEUTRAL,NYSE
2026-09-10T07:57:19.063393+09:00,2026-09-10,DHR,Danaher Corporation,US,제약/바이오,2026-09-09,204.85,2768855,3108822.75,6.0057,144006692864,44,65,60,58,58,1,HOLD,0.38,5,False,live,STOCK,75,NEUTRAL,NYSE
2026-09-10T07:57:19.063393+09:00,2026-09-10,TJX,"The TJX Companies, Inc.",US,소비재,2026-09-09,126.12,8172905,8016135.25,2.6286,139325325312,10,60,60,42,32,0,AVOID,-0.89,-11,True,live,STOCK,20,NEUTRAL,NYSE
2026-09-10T07:57:19.063393+09:00,2026-09-10,SONY,Sony Group Corporation,US,IT,2026-09-09,23.44,3947131,4236761.55,0.5046,136941002752,50,60,45,58,54,0,HOLD,0.22,3,False,live,STOCK,61,NEUTRAL,NYSE
2026-09-10T07:57:19.063393+09:00,2026-09-10,NEM,Newmont Corporation,US,소재,2026-09-09,128.71,7211503,8108165.15,4.4148,135620739072,66,60,53,76,66,1,HOLD,0.64,8,False,live,STOCK,64,NEUTRAL,NYSE
2026-09-10T07:57:19.063393+09:00,2026-09-10,NOW,"ServiceNow, Inc.",US,IT,2026-09-09,131.11,10269432,17246861.6,6.5284,135549648896,51,60,40,35,49,1,HOLD,0.25,3,False,live,STOCK,77,NEUTRAL,NYSE
2026-09-10T07:57:19.063393+09:00,2026-09-10,PBR,Petróleo Brasileiro S.A. - Petrobras,US,에너지,2026-09-09,20.93,27106574,21666293.7,0.6608,134880591872,78,60,50,73,71,3,BUY,0.87,10,False,live,STOCK,78,NEUTRAL,NYSE
2026-09-10T07:57:19.063393+09:00,2026-09-10,UL,Unilever PLC,US,소매,2026-09-09,62.49,3555062,3789683.1,0.86,134557491200,47,60,58,61,51,0,HOLD,0.07,1,False,live,STOCK,34,NEUTRAL,NYSE
2026-09-10T07:57:19.063393+09:00,2026-09-10,BKNG,Booking Holdings Inc.,US,소비재,2026-09-09,173.43,11991504,5551115.2,6.66,134387163136,39,60,48,74,53,1,HOLD,0.0,0,False,live,STOCK,48,NEUTRAL,NASDAQ
2026-09-10T07:57:19.063393+09:00,2026-09-10,MFG,"Mizuho Financial Group, Inc.",US,금융,2026-09-09,10.94,2517043,2895747.15,0.195,132903985152,81,60,58,68,66,1,HOLD,0.79,9,False,live,STOCK,51,NEUTRAL,NYSE
2026-09-10T07:57:19.063393+09:00,2026-09-10,VRTX,Vertex Pharmaceuticals Incorporated,US,제약/바이오,2026-09-09,521.12,931510,1032765.5,11.8229,131999694848,44,65,50,50,52,1,HOLD,0.26,3,False,live,STOCK,71,NEUTRAL,NASDAQ
2026-09-10T07:57:19.063393+09:00,2026-09-10,BMY,Bristol-Myers Squibb Company,US,제약/바이오,2026-09-09,64.41,6406531,7967526.55,1.4264,131571253248,47,65,52,76,64,2,WATCH,0.5,6,False,live,STOCK,83,NEUTRAL,NYSE
2026-09-10T07:57:19.063393+09:00,2026-09-10,CB,Chubb Limited,US,금융,2026-09-09,337.62,1233468,1699703.4,5.2114,130253750272,31,60,55,78,53,1,HOLD,-0.1,-1,False,live,STOCK,48,NEUTRAL,NYSE
2026-09-10T07:57:19.063393+09:00,2026-09-10,PLD,"Prologis, Inc.",US,리츠,2026-09-09,135.66,3830234,2973091.7,2.0093,131873923072,28,60,58,45,44,0,AVOID,-0.31,-4,True,live,STOCK,52,NEUTRAL,NYSE
2026-09-10T07:57:19.063393+09:00,2026-09-10,PGR,The Progressive Corporation,US,금융,2026-09-09,215.5,1655604,2265850.2,4.0471,125227057152,32,60,53,73,58,2,HOLD,0.12,1,False,live,STOCK,77,NEUTRAL,NYSE
2026-09-10T07:57:19.063393+09:00,2026-09-10,ISRG,"Intuitive Surgical, Inc.",US,제약/바이오,2026-09-09,353.24,2361333,2194051.65,11.7746,126558134272,20,65,50,50,41,0,AVOID,-0.6,-7,True,live,STOCK,52,NEUTRAL,NASDAQ
2026-09-10T07:57:19.063393+09:00,2026-09-10,SPGI,S&P Global Inc.,US,금융,2026-09-09,418.36,1781621,1865836.05,11.8567,123332526080,43,60,60,50,47,0,HOLD,-0.05,-1,False,live,STOCK,34,NEUTRAL,NYSE
2026-09-10T07:57:19.063393+09:00,2026-09-10,CVS,CVS Health Corp.,US,제약/바이오,2026-09-09,95.38,6078497,6439214.85,1.9922,121988186112,72,65,70,74,69,3,WATCH,0.61,7,False,live,STOCK,55,NEUTRAL,NYSE
2026-09-10T07:57:19.063393+09:00,2026-09-10,LMT,Lockheed Martin Corporation,US,산업재,2026-09-09,524.46,1367549,1046072.45,13.0706,121040519168,35,60,40,42,41,0,AVOID,-0.35,-4,True,live,STOCK,48,NEUTRAL,NYSE
2026-09-10T07:57:19.063393+09:00,2026-09-10,BMO,Bank of Montreal,US,금융,2026-09-09,172.63,1030199,916709.95,3.3579,119993769984,32,60,63,58,50,0,HOLD,-0.0,0,False,live,STOCK,51,NEUTRAL,NYSE
2026-09-10T07:57:19.063393+09:00,2026-09-10,BP,BP p.l.c.,US,에너지,2026-09-09,45.68,11895420,9255501.0,1.0589,117641641984,88,60,55,66,73,2,WATCH,0.93,11,False,live,STOCK,77,NEUTRAL,NYSE
2026-09-10T07:57:19.063393+09:00,2026-09-10,PH,Parker-Hannifin Corporation,US,산업재,2026-09-09,949.47,455849,612822.45,22.4789,119678287872,47,60,50,53,50,0,HOLD,0.07,1,False,live,STOCK,48,NEUTRAL,NYSE
2026-09-10T07:57:19.063393+09:00,2026-09-10,MDT,Medtronic plc,US,제약/바이오,2026-09-09,91.89,7726033,8055981.65,2.2443,117539979264,47,65,50,58,54,0,HOLD,0.26,3,False,live,STOCK,61,NEUTRAL,NYSE
2026-09-10T07:57:19.063393+09:00,2026-09-10,BTI,British American Tobacco p.l.c.,US,소매,2026-09-09,54.33,7589360,4664798.0,0.8936,116991598592,28,60,55,60,41,0,AVOID,-0.56,-7,True,live,STOCK,20,NEUTRAL,NYSE
2026-09-10T07:57:19.063393+09:00,2026-09-10,MPC,Marathon Petroleum Corporation,US,에너지,2026-09-09,399.44,1970802,2381580.1,10.5725,116611170304,77,60,50,68,72,2,WATCH,0.94,11,False,live,STOCK,93,NEUTRAL,NYSE
2026-09-10T07:57:19.063393+09:00,2026-09-10,FTNT,"Fortinet, Inc.",US,IT,2026-09-09,157.22,2786573,4178328.65,6.9075,115354460160,32,60,65,42,48,0,HOLD,0.14,2,False,live,STOCK,63,NEUTRAL,NASDAQ
2026-09-10T07:57:19.063393+09:00,2026-09-10,SNOW,Snowflake Inc.,US,IT,2026-09-09,331.48,4316120,5290591.0,17.7399,116946149376,66,60,60,22,48,0,HOLD,0.42,5,False,live,STOCK,48,NEUTRAL,NYSE
2026-09-10T07:57:19.063393+09:00,2026-09-10,SBUX,Starbucks Corporation,US,소비재,2026-09-09,100.04,5852327,5584316.35,2.3686,114045599744,43,60,60,50,50,0,HOLD,0.02,0,False,live,STOCK,48,NEUTRAL,NASDAQ
2026-09-10T07:57:19.063393+09:00,2026-09-10,MO,"Altria Group, Inc.",US,소매,2026-09-09,67.89,6719063,8736943.15,1.3932,113358913536,72,60,60,68,65,1,HOLD,0.44,5,False,live,STOCK,56,NEUTRAL,NYSE
2026-09-10T07:57:19.063393+09:00,2026-09-10,HDB,HDFC Bank Limited,US,금융,2026-09-09,22.08,7195623,10116086.15,0.5146,113424957440,28,60,55,52,45,0,HOLD,-0.32,-4,False,live,STOCK,49,NEUTRAL,NYSE
2026-09-10T07:57:19.063393+09:00,2026-09-10,BNS,The Bank of Nova Scotia,US,금융,2026-09-09,92.11,2310788,2029569.4,2.1029,112080052224,91,60,60,60,70,1,HOLD,0.99,12,False,live,STOCK,63,NEUTRAL,NYSE
2026-09-10T07:57:19.063393+09:00,2026-09-10,VLO,Valero Energy Corporation,US,에너지,2026-09-09,388.95,3051993,2360984.65,10.5732,111989391360,77,60,55,71,73,3,BUY,0.98,12,False,live,STOCK,90,NEUTRAL,NYSE
2026-09-10T07:57:19.063393+09:00,2026-09-10,PDD,PDD Holdings Inc.,US,소비재,2026-09-09,78.61,6072656,7092387.8,2.2639,111893200896,20,60,60,94,50,1,HOLD,-0.43,-5,False,live,STOCK,19,NEUTRAL,NASDAQ
2026-09-10T07:57:19.063393+09:00,2026-09-10,BNY,Bank of New York Mellon Corp,US,금융,2026-09-09,162.51,2965389,2526919.45,2.7864,110263705600,69,60,48,50,56,0,HOLD,0.48,6,False,live,STOCK,55,NEUTRAL,NYSE
2026-09-10T07:57:19.063393+09:00,2026-09-10,NET,"Cloudflare, Inc.",US,IT,2026-09-09,314.18,4759162,3099683.1,16.9328,111873122304,73,60,50,27,54,1,HOLD,0.57,7,False,live,STOCK,69,NEUTRAL,NYSE
2026-09-10T07:57:19.063393+09:00,2026-09-10,LOW,"Lowe's Companies, Inc.",US,소비재,2026-09-09,198.6,2444148,3123137.4,4.4021,111425331200,20,60,60,60,41,0,AVOID,-0.55,-7,True,live,STOCK,26,NEUTRAL,NYSE
2026-09-10T07:57:19.063393+09:00,2026-09-10,FCX,Freeport-McMoRan Inc.,US,소재,2026-09-09,76.23,9999915,14085320.75,3.2218,109467623424,73,60,50,53,56,1,HOLD,0.46,6,False,live,STOCK,40,NEUTRAL,NYSE
2026-09-10T07:57:19.063393+09:00,2026-09-10,ENB,Enbridge Inc.,US,에너지,2026-09-09,50.15,7282005,5608405.25,0.8846,109531889664,50,60,63,37,45,0,HOLD,-0.19,-2,False,live,STOCK,29,NEUTRAL,NYSE
2026-09-10T07:57:19.063393+09:00,2026-09-10,EQNR,Equinor ASA,US,에너지,2026-09-09,45.23,4615154,2604197.7,1.1146,107283103744,92,60,55,68,74,2,WATCH,1.09,13,False,live,STOCK,77,NEUTRAL,NYSE
2026-09-10T07:57:19.063393+09:00,2026-09-10,ACN,Accenture plc,US,IT,2026-09-09,175.8,3935195,5188799.75,6.1749,107579416576,46,60,50,68,56,0,HOLD,0.14,2,False,live,STOCK,61,NEUTRAL,NYSE
2026-09-10T07:57:19.063393+09:00,2026-09-10,SPOT,Spotify Technology S.A.,US,인터넷,2026-09-09,523.0,1448553,1591332.65,17.9528,107539292160,43,65,45,42,47,0,HOLD,-0.05,-1,False,live,STOCK,61,NEUTRAL,NYSE
2026-09-10T07:57:19.063393+09:00,2026-09-10,CNQ,Canadian Natural Resources Limited,US,에너지,2026-09-09,51.35,5149467,6139433.35,1.2614,105858023424,69,60,53,63,64,0,HOLD,0.65,8,False,live,STOCK,67,NEUTRAL,NYSE
2026-09-10T07:57:19.063393+09:00,2026-09-10,CM,Canadian Imperial Bank of Commerce,US,금융,2026-09-09,114.96,1615838,1180491.9,2.6529,104376254464,32,60,60,60,49,0,HOLD,-0.06,-1,False,live,STOCK,48,NEUTRAL,NYSE
2026-09-10T07:57:19.063393+09:00,2026-09-10,ADP,"Automatic Data Processing, Inc.",US,IT,2026-09-09,265.22,1757282,2028334.1,5.1561,105362030592,47,60,50,42,48,0,HOLD,0.16,2,False,live,STOCK,55,NEUTRAL,NASDAQ
2026-09-10T07:57:19.063393+09:00,2026-09-10,SYK,Stryker Corporation,US,제약/바이오,2026-09-09,275.39,5481127,2661301.35,10.8018,105632186368,20,65,53,58,38,0,AVOID,-0.72,-9,True,live,STOCK,19,NEUTRAL,NYSE
2026-09-10T07:57:19.063393+09:00,2026-09-10,CEG,Constellation Energy Corporation,US,유틸리티,2026-09-09,293.905,2197755,2520452.75,9.0743,104132714496,88,60,63,45,59,1,HOLD,0.73,9,False,live,STOCK,32,NEUTRAL,NASDAQ
2026-09-10T07:57:19.063393+09:00,2026-09-10,SOJE,Southern Company (The) Series 2,US,유틸리티,2026-09-09,15.95,151932,61846.6,0.2204,,50,60,48,50,48,0,HOLD,-0.13,-2,False,live,STOCK,40,NEUTRAL,NYSE
2026-09-10T07:57:19.063393+09:00,2026-09-10,ING,ING Groep N.V.,US,금융,2026-09-09,36.65,1609462,1597583.1,0.48,104467308544,85,60,50,60,65,1,HOLD,0.78,9,False,live,STOCK,58,NEUTRAL,NYSE
2026-09-10T07:57:19.063393+09:00,2026-09-10,SOMN,The Southern Company,US,유틸리티,2026-09-09,47.78,62270,198753.5,0.5986,,47,60,45,50,47,0,HOLD,-0.21,-3,False,live,STOCK,45,NEUTRAL,NYSE
2026-09-10T07:57:19.063393+09:00,2026-09-10,PSX,Phillips 66,US,에너지,2026-09-09,260.78,2159738,2713436.9,6.8813,104056676352,82,60,50,60,71,2,WATCH,0.98,12,False,live,STOCK,93,NEUTRAL,NYSE
2026-09-10T07:57:19.063393+09:00,2026-09-10,MCK,McKesson Corporation,US,제약/바이오,2026-09-09,891.68,935711,909885.55,21.4309,103961288704,69,65,66,66,60,0,HOLD,0.54,6,False,live,STOCK,32,NEUTRAL,NYSE
2026-09-10T07:57:19.063393+09:00,2026-09-10,IBN,ICICI Bank Limited,US,금융,2026-09-09,29.02,4202108,5056540.4,0.5111,104148434944,50,60,53,68,57,0,HOLD,0.25,3,False,live,STOCK,55,NEUTRAL,NYSE
2026-09-10T07:57:19.063393+09:00,2026-09-10,HOOD,"Robinhood Markets, Inc.",US,금융,2026-09-09,115.28,18242415,21812870.75,7.5082,103646208000,95,60,60,42,61,1,HOLD,0.84,10,False,live,STOCK,40,NEUTRAL,NASDAQ
2026-09-10T07:57:19.063393+09:00,2026-09-10,EQIX,"Equinix, Inc.",US,리츠,2026-09-09,1043.0601,471729,516801.45,30.9993,102920495104,40,60,48,35,42,0,AVOID,-0.21,-3,True,live,STOCK,49,NEUTRAL,NASDAQ
2026-09-10T07:57:19.063393+09:00,2026-09-10,SNY,Sanofi,US,제약/바이오,2026-09-09,42.85,1946713,2178800.65,0.7043,102674489344,35,65,55,61,46,0,HOLD,-0.29,-3,False,live,STOCK,29,NEUTRAL,NASDAQ
2026-09-10T07:57:19.063393+09:00,2026-09-10,AEM,Agnico Eagle Mines Limited,US,소재,2026-09-09,202.57,1339976,3289903.8,8.2691,102574333952,59,60,55,55,61,1,HOLD,0.59,7,False,live,STOCK,78,NEUTRAL,NYSE
2026-09-10T07:57:19.063393+09:00,2026-09-10,APP,AppLovin Corporation,US,IT,2026-09-09,305.06,3872288,4966639.4,13.1106,102088491008,40,60,60,58,45,0,HOLD,-0.44,-5,False,live,STOCK,17,NEUTRAL,NASDAQ
2026-09-10T07:57:19.063393+09:00,2026-09-10,SMFG,"Sumitomo Mitsui Financial Group, Inc.",US,금융,2026-09-09,26.31,1671560,1338818.0,0.46,166608519168,91,60,55,60,66,1,HOLD,0.86,10,False,live,STOCK,51,NEUTRAL,NYSE
2026-09-10T07:57:19.063393+09:00,2026-09-10,SO,The Southern Company,US,유틸리티,2026-09-09,88.34,4544400,5486245.0,1.3343,101623062528,39,60,53,42,42,0,AVOID,-0.34,-4,True,live,STOCK,33,NEUTRAL,NYSE
2026-09-10T07:57:19.063393+09:00,2026-09-10,ADBE,Adobe Inc.,US,IT,2026-09-09,254.86,4081438,4360861.9,9.7521,101306851328,47,60,60,76,64,2,WATCH,0.45,5,False,live,STOCK,75,NEUTRAL,NASDAQ
2026-09-10T07:57:19.063393+09:00,2026-09-10,VRT,Vertiv Holdings Co,US,산업재,2026-09-09,262.89,9735461,4390048.05,13.1894,101209546752,50,60,48,50,47,0,HOLD,-0.2,-2,False,live,STOCK,36,NEUTRAL,NYSE
2026-09-10T07:57:19.063393+09:00,2026-09-10,ABNB,"Airbnb, Inc.",US,소비재,2026-09-09,169.63,4893682,4831009.1,5.0462,101572018176,51,60,50,50,50,0,HOLD,0.22,3,False,live,STOCK,51,NEUTRAL,NASDAQ
2026-09-10T07:57:19.063393+09:00,2026-09-10,CME,CME Group Inc.,US,금융,2026-09-09,274.7,1599604,1911560.2,5.5605,98776424448,50,60,63,45,59,1,HOLD,0.43,5,False,live,STOCK,87,NEUTRAL,NASDAQ
2026-09-10T07:57:19.063393+09:00,2026-09-10,TT,Trane Technologies plc,US,산업재,2026-09-09,444.17,879549,908192.45,8.3706,97727700992,28,60,63,50,41,0,AVOID,-0.37,-4,True,live,STOCK,23,NEUTRAL,NYSE
2026-09-10T07:57:19.063393+09:00,2026-09-10,GSK,GSK plc,US,제약/바이오,2026-09-09,48.63,2405211,2902995.55,0.9971,97396441088,20,65,45,63,44,0,AVOID,-0.49,-6,True,live,STOCK,49,NEUTRAL,NYSE
2026-09-10T07:57:19.063393+09:00,2026-09-10,USB,U.S. Bancorp,US,금융,2026-09-09,62.11,5582638,6028581.9,1.0246,96770580480,32,60,73,60,54,1,HOLD,0.24,3,False,live,STOCK,61,NEUTRAL,NYSE
2026-09-10T07:57:19.063393+09:00,2026-09-10,PNC,"The PNC Financial Services Group, Inc.",US,금융,2026-09-09,240.69,1250307,1388520.35,4.3186,96021757952,25,60,73,60,50,1,HOLD,-0.01,0,False,live,STOCK,51,NEUTRAL,NYSE
2026-09-10T07:57:19.063393+09:00,2026-09-10,GD,General Dynamics Corporation,US,산업재,2026-09-09,352.67,873946,910862.3,7.2471,95417409536,35,60,48,50,45,0,HOLD,-0.19,-2,False,live,STOCK,48,NEUTRAL,NYSE
2026-09-10T07:57:19.063393+09:00,2026-09-10,MELI,"MercadoLibre, Inc.",US,소비재,2026-09-09,1876.33,520565,414073.25,60.4678,95123922944,47,60,60,50,53,0,HOLD,0.34,4,False,live,STOCK,61,NEUTRAL,NASDAQ
2026-09-10T07:57:19.063393+09:00,2026-09-10,PWR,"Quanta Services, Inc.",US,산업재,2026-09-09,626.98,530084,1049649.2,21.0893,94262296576,47,60,48,35,42,0,AVOID,-0.24,-3,True,live,STOCK,39,NEUTRAL,NYSE
2026-09-10T07:57:19.063393+09:00,2026-09-10,DUK,Duke Energy Corporation,US,유틸리티,2026-09-09,120.43,4079709,3553675.45,1.7236,93899538432,47,60,63,42,46,0,HOLD,-0.09,-1,False,live,STOCK,33,NEUTRAL,NYSE
2026-09-10T07:57:19.063393+09:00,2026-09-10,KKR,KKR & Co. Inc.,US,금융,2026-09-09,104.09,4351873,4118393.65,3.0221,96136536064,47,60,58,66,56,0,HOLD,0.26,3,False,live,STOCK,54,NEUTRAL,NYSE
2026-09-10T07:57:19.063393+09:00,2026-09-10,BNH,Brookfield Finance Inc.,US,금융,2026-09-09,14.83,35273,18008.65,0.1721,,28,60,55,50,42,0,AVOID,-0.35,-4,True,live,STOCK,40,NEUTRAL,NYSE
2026-09-10T07:57:19.063393+09:00,2026-09-10,HWM,Howmet Aerospace Inc.,US,산업재,2026-09-09,232.62,5745935,3461901.75,11.0461,92769181696,20,60,63,50,42,0,AVOID,-0.43,-5,True,live,STOCK,42,NEUTRAL,NYSE
2026-09-10T07:57:19.063393+09:00,2026-09-10,WMB,"The Williams Companies, Inc.",US,에너지,2026-09-09,75.15,6506150,7187407.5,2.1796,91921039360,87,60,53,42,63,2,WATCH,0.73,9,False,live,STOCK,70,NEUTRAL,NYSE
2026-09-10T07:57:19.063393+09:00,2026-09-10,HCA,"HCA Healthcare, Inc.",US,제약/바이오,2026-09-09,421.83,2140447,1297377.35,13.2007,93578682368,62,65,66,60,59,0,HOLD,0.53,6,False,live,STOCK,48,NEUTRAL,NYSE
2026-09-10T07:57:19.063393+09:00,2026-09-10,ASX,"ASE Technology Holding Co., Ltd.",US,반도체,2026-09-09,41.2,5247317,6307920.85,1.3693,107271020544,62,65,55,37,51,0,HOLD,0.39,5,False,live,STOCK,52,NEUTRAL,NYSE
2026-09-10T07:57:19.063393+09:00,2026-09-10,BNJ,Brookfield Finance Inc. 4.50% P,US,금융,2026-09-09,14.55,64536,16666.8,0.1921,,20,60,55,50,40,0,AVOID,-0.46,-6,True,live,STOCK,40,NEUTRAL,NYSE
2026-09-10T07:57:19.063393+09:00,2026-09-10,CSX,CSX Corporation,US,산업재,2026-09-09,48.37,8966082,9175214.1,0.9817,89604210688,43,60,55,58,51,0,HOLD,0.03,0,False,live,STOCK,48,NEUTRAL,NASDAQ
2026-09-10T07:57:19.063393+09:00,2026-09-10,BCS,Barclays PLC,US,금융,2026-09-09,26.44,2269310,2957355.5,0.3993,88629248000,32,60,50,78,55,1,HOLD,0.09,1,False,live,STOCK,60,NEUTRAL,NYSE
2026-09-10T07:57:19.063393+09:00,2026-09-10,ITUB,Itaú Unibanco Holding S.A.,US,금융,2026-09-09,8.08,35701632,21945536.6,0.2423,89056722944,76,60,55,70,60,2,WATCH,0.41,5,False,live,STOCK,26,NEUTRAL,NYSE
2026-09-10T07:57:19.063393+09:00,2026-09-10,ICE,"Intercontinental Exchange, Inc.",US,금융,2026-09-09,156.5,2758727,3223881.35,3.3707,87858241536,47,60,53,50,55,1,HOLD,0.32,4,False,live,STOCK,75,NEUTRAL,NYSE
2026-09-10T07:57:19.063393+09:00,2026-09-10,JCI,Johnson Controls International plc,US,소재,2026-09-09,144.92,2599958,2743602.9,2.9525,87784046592,65,60,55,50,51,0,HOLD,0.17,2,False,live,STOCK,29,NEUTRAL,NYSE
2026-09-10T07:57:19.063393+09:00,2026-09-10,CMCSA,Comcast Corporation,US,인터넷,2026-09-09,24.59,46823603,21952875.15,0.6707,87260979200,43,65,52,83,60,1,HOLD,0.15,2,False,live,STOCK,58,NEUTRAL,NASDAQ
2026-09-10T07:57:19.063393+09:00,2026-09-10,WM,"Waste Management, Inc.",US,산업재,2026-09-09,216.44,1798799,2063749.95,3.2179,86514360320,28,60,60,50,39,0,AVOID,-0.46,-6,True,live,STOCK,20,NEUTRAL,NYSE
2026-09-10T07:57:19.063393+09:00,2026-09-10,MAR,"Marriott International, Inc.",US,소비재,2026-09-09,331.52,2227552,1419217.6,6.9536,86449233920,20,60,60,58,41,0,AVOID,-0.64,-8,True,live,STOCK,26,NEUTRAL,NASDAQ
2026-09-10T07:57:19.063393+09:00,2026-09-10,ELV,Elevance Health Inc.,US,제약/바이오,2026-09-09,396.9,1206035,909726.75,9.0811,86075424768,65,65,85,76,70,2,WATCH,0.66,8,False,live,STOCK,52,NEUTRAL,NYSE
2026-09-10T07:57:19.063393+09:00,2026-09-10,BN,Brookfield Corporation,US,금융,2026-09-09,38.52,8105259,4063412.95,0.7814,85990178816,20,60,50,35,33,0,AVOID,-0.78,-9,True,live,STOCK,32,NEUTRAL,NYSE
2026-09-10T07:57:19.063393+09:00,2026-09-10,DASH,"DoorDash, Inc.",US,인터넷,2026-09-09,197.245,4501818,4010845.9,8.1258,85465849856,51,65,50,43,52,0,HOLD,0.32,4,False,live,STOCK,69,NEUTRAL,NASDAQ
2026-09-10T07:57:19.063393+09:00,2026-09-10,LYG,Lloyds Banking Group plc,US,금융,2026-09-09,5.92,12548866,11913758.3,0.0921,85703057408,47,60,58,76,53,1,HOLD,0.14,2,False,live,STOCK,22,NEUTRAL,NYSE
2026-09-10T07:57:19.063393+09:00,2026-09-10,INTU,Intuit Inc.,US,IT,2026-09-09,313.94,2392149,4110112.45,15.2354,85874204672,39,60,60,66,57,0,HOLD,0.29,3,False,live,STOCK,69,NEUTRAL,NASDAQ
2026-09-10T07:57:19.063393+09:00,2026-09-10,EPD,Enterprise Products Partners L.P.,US,에너지,2026-09-09,39.32,2048260,2655013.0,0.5135,84910645248,91,60,55,60,69,1,HOLD,0.82,10,False,live,STOCK,63,NEUTRAL,NYSE
2026-09-10T07:57:19.063393+09:00,2026-09-10,MMM,3M Company,US,산업재,2026-09-09,164.4,3081947,2665992.35,3.1428,84784766976,39,60,53,58,49,0,HOLD,-0.04,0,False,live,STOCK,48,NEUTRAL,NYSE
2026-09-10T07:57:19.063393+09:00,2026-09-10,SLB,Slb N.V.,US,에너지,2026-09-09,57.05,14919051,12047402.55,2.0148,84670373888,87,60,50,58,69,2,WATCH,0.78,9,False,live,STOCK,77,NEUTRAL,NYSE
2026-09-10T07:57:19.063393+09:00,2026-09-10,MRSH,"Marsh & McLennan Companies, Inc.",US,금융,2026-09-09,176.84,2031044,1995542.2,3.7786,84390035456,39,60,27,66,46,0,HOLD,-0.27,-3,False,live,STOCK,48,NEUTRAL,NYSE
2026-09-10T07:57:19.063393+09:00,2026-09-10,UPS,"United Parcel Service, Inc.",US,산업재,2026-09-09,99.22,3441445,4085382.25,1.8543,84414545920,28,60,63,66,47,0,HOLD,-0.27,-3,False,live,STOCK,32,NEUTRAL,NYSE
2026-09-10T07:57:19.063393+09:00,2026-09-10,EMR,Emerson Electric Co.,US,산업재,2026-09-09,150.34,2033190,2127069.5,3.4907,84205428736,44,60,60,58,55,0,HOLD,0.25,3,False,live,STOCK,60,NEUTRAL,NYSE
2026-09-10T07:57:19.063393+09:00,2026-09-10,MNST,Monster Beverage Corporation,US,소매,2026-09-09,42.84,11770107,9767705.35,0.9954,83925778432,20,60,70,42,45,1,HOLD,-0.22,-3,False,live,STOCK,64,NEUTRAL,NASDAQ
2026-09-10T07:57:19.063393+09:00,2026-09-10,REGN,"Regeneron Pharmaceuticals, Inc.",US,제약/바이오,2026-09-09,807.65,565689,634354.45,19.7596,83151601664,51,65,50,58,59,1,HOLD,0.47,6,False,live,STOCK,83,NEUTRAL,NASDAQ
2026-09-10T07:57:19.063393+09:00,2026-09-10,MCO,Moody's Corporation,US,금융,2026-09-09,474.57,700684,670429.2,11.4764,82186502144,47,60,45,42,47,0,HOLD,-0.01,0,False,live,STOCK,55,NEUTRAL,NYSE
2026-09-10T07:57:19.063393+09:00,2026-09-10,AMT,American Tower Corporation,US,리츠,2026-09-09,175.43,1818412,1955960.6,3.7254,81743372288,51,60,60,42,50,0,HOLD,-0.0,0,False,live,STOCK,52,NEUTRAL,NYSE
2026-09-10T07:57:19.063393+09:00,2026-09-10,SU,Suncor Energy Inc.,US,에너지,2026-09-09,69.02,2894200,4313270.0,1.5962,80727826432,88,60,53,63,64,1,HOLD,0.7,8,False,live,STOCK,40,NEUTRAL,NYSE
2026-09-10T07:57:19.063393+09:00,2026-09-10,E,Eni S.p.A.,US,에너지,2026-09-09,56.06,272011,362525.55,1.1836,80673914880,58,60,50,68,63,1,HOLD,0.39,5,False,live,STOCK,74,NEUTRAL,NYSE
2026-09-10T07:57:19.063393+09:00,2026-09-10,CVNA,Carvana Co.,US,소비재,2026-09-09,73.41,6085283,7596459.15,3.072,81372323840,62,60,48,42,55,0,HOLD,0.37,4,False,live,STOCK,69,NEUTRAL,NYSE
2026-09-10T07:57:19.063393+09:00,2026-09-10,DDOG,"Datadog, Inc.",US,IT,2026-09-09,225.27,4971176,4030563.8,11.9078,80888832000,28,60,63,35,44,0,AVOID,-0.15,-2,True,live,STOCK,62,NEUTRAL,NASDAQ
2026-09-10T07:57:19.063393+09:00,2026-09-10,CTAS,Cintas Corporation,US,산업재,2026-09-09,200.04,2288490,1695619.5,3.0363,80049913856,47,60,58,29,48,0,HOLD,0.25,3,False,live,STOCK,69,NEUTRAL,NASDAQ
2026-09-10T07:57:19.063393+09:00,2026-09-10,MDLZ,"Mondelez International, Inc.",US,소매,2026-09-09,62.42,8291626,7096206.3,1.2325,80125419520,40,60,63,58,55,0,HOLD,0.09,1,False,live,STOCK,63,NEUTRAL,NASDAQ
2026-09-10T07:57:19.063393+09:00,2026-09-10,BE,Bloom Energy Corporation,US,산업재,2026-09-09,269.28,12069960,13084503.0,16.1234,79310323712,58,60,45,43,48,0,HOLD,0.17,2,False,live,STOCK,41,NEUTRAL,NYSE
2026-09-10T07:57:19.063393+09:00,2026-09-10,CP,Canadian Pacific Kansas City Ltd.,US,산업재,2026-09-09,90.07,1456213,1958965.65,1.9714,79178670080,43,60,63,58,57,0,HOLD,0.21,3,False,live,STOCK,69,NEUTRAL,NYSE
2026-09-10T07:57:19.063393+09:00,2026-09-10,CDNS,"Cadence Design Systems, Inc.",US,IT,2026-09-09,284.6,2267409,2386460.45,12.0814,78497234944,18,60,60,42,35,0,AVOID,-0.74,-9,True,live,STOCK,26,NEUTRAL,NASDAQ
2026-09-10T07:57:19.063393+09:00,2026-09-10,EOG,"EOG Resources, Inc.",US,에너지,2026-09-09,147.01,2496560,2692903.0,3.2786,78301716480,62,60,60,78,68,1,HOLD,0.58,7,False,live,STOCK,69,NEUTRAL,NYSE
2026-09-10T07:57:19.063393+09:00,2026-09-10,HPE,Hewlett Packard Enterprise Company,US,IT,2026-09-09,58.9,30001414,22932660.7,2.9618,78187683840,95,60,76,74,81,4,STRONG_BUY,1.38,17,True,live,STOCK,77,NEUTRAL,NYSE
2026-09-10T07:57:19.063393+09:00,2026-09-10,SHW,The Sherwin-Williams Company,US,소재,2026-09-09,320.64,1259171,1529213.55,6.9643,77837975552,39,60,60,50,48,0,HOLD,-0.01,0,False,live,STOCK,45,NEUTRAL,NYSE
2026-09-10T07:57:19.063393+09:00,2026-09-10,NGG,National Grid plc,US,유틸리티,2026-09-09,77.28,889051,807497.55,1.0618,77694222336,20,60,55,60,45,0,HOLD,-0.39,-5,False,live,STOCK,49,NEUTRAL,NYSE
2026-09-10T07:57:19.063393+09:00,2026-09-10,LITE,Lumentum Holdings Inc.,US,IT,2026-09-09,988.98,4519016,4611915.8,61.401,88711503872,88,60,50,50,68,2,WATCH,0.96,12,False,live,STOCK,83,NEUTRAL,NASDAQ
2026-09-10T07:57:19.063393+09:00,2026-09-10,ECL,Ecolab Inc.,US,소재,2026-09-09,272.21,1051409,1447290.45,5.5843,76308250624,47,60,55,58,55,0,HOLD,0.21,3,False,live,STOCK,63,NEUTRAL,NYSE
2026-09-10T07:57:19.063393+09:00,2026-09-10,CMI,Cummins Inc.,US,산업재,2026-09-09,554.76,1087330,941606.5,14.2192,76550815744,17,60,70,58,40,1,AVOID,-0.59,-7,True,live,STOCK,20,NEUTRAL,NYSE
2026-09-10T07:57:19.063393+09:00,2026-09-10,TRV,"The Travelers Companies, Inc.",US,금융,2026-09-09,366.85,1515429,1558731.45,6.1379,76515745792,58,60,53,78,61,1,HOLD,0.43,5,False,live,STOCK,48,NEUTRAL,NYSE
2026-09-10T07:57:19.063393+09:00,2026-09-10,DB,Deutsche Bank AG,US,금융,2026-09-09,40.66,1554698,1778244.9,0.6964,76400140288,95,60,53,88,78,2,WATCH,1.07,13,False,live,STOCK,61,NEUTRAL,NYSE
2026-09-10T07:57:19.063393+09:00,2026-09-10,MSI,"Motorola Solutions, Inc.",US,IT,2026-09-09,459.89,832442,969832.1,9.0305,76108939264,47,60,53,50,51,0,HOLD,0.19,2,False,live,STOCK,55,NEUTRAL,NYSE
2026-09-10T07:57:19.063393+09:00,2026-09-10,BAM,Brookfield Asset Management Ltd.,US,금융,2026-09-09,47.72,4299949,2319802.45,1.182,76220850176,39,60,61,42,48,0,HOLD,0.08,1,False,live,STOCK,60,NEUTRAL,NYSE
2026-09-10T07:57:19.063393+09:00,2026-09-10,ITW,Illinois Tool Works Inc.,US,산업재,2026-09-09,263.99,1282070,1015173.5,4.94,75184349184,24,60,50,42,39,0,AVOID,-0.32,-4,True,live,STOCK,48,NEUTRAL,NYSE
2026-09-10T07:57:19.063393+09:00,2026-09-10,GM,General Motors Company,US,소비재,2026-09-09,83.76,7618785,5459964.25,2.1594,75756863488,50,60,50,74,58,1,HOLD,0.19,2,False,live,STOCK,54,NEUTRAL,NYSE
2026-09-10T07:57:19.063393+09:00,2026-09-10,APO,"Apollo Global Management, Inc.",US,금융,2026-09-09,130.98,2436524,2763626.2,3.6032,77349339136,43,60,58,58,54,0,HOLD,0.09,1,False,live,STOCK,60,NEUTRAL,NYSE
2026-09-10T07:57:19.063393+09:00,2026-09-10,SNPS,"Synopsys, Inc.",US,IT,2026-09-09,393.22,1304528,1811266.4,17.8904,75355357184,43,60,53,43,42,0,AVOID,-0.45,-5,True,live,STOCK,27,NEUTRAL,NASDAQ
2026-09-10T07:57:19.063393+09:00,2026-09-10,B,Barrick Mining Corporation,US,소재,2026-09-09,44.59,7202785,10637584.25,1.5327,73389989888,51,60,50,78,63,2,WATCH,0.46,6,False,live,STOCK,71,NEUTRAL,NYSE
2026-09-10T07:57:19.063393+09:00,2026-09-10,ET,Energy Transfer LP,US,에너지,2026-09-09,21.68,8044213,7763660.65,0.2975,74650738688,66,60,67,68,67,0,HOLD,0.8,10,False,live,STOCK,69,NEUTRAL,NYSE
2026-09-10T07:57:19.063393+09:00,2026-09-10,NTES,"NetEase, Inc.",US,IT,2026-09-09,115.88,702084,880579.2,3.9312,74192191488,28,60,58,68,54,1,HOLD,-0.12,-1,False,live,STOCK,70,NEUTRAL,NASDAQ
2026-09-10T07:57:19.063393+09:00,2026-09-10,APOS,"Apollo Global Management, Inc.",US,금융,2026-09-09,25.28,16855,42117.75,0.1961,,69,60,58,50,55,0,HOLD,0.3,4,False,live,STOCK,40,NEUTRAL,NYSE
2026-09-10T07:57:19.063393+09:00,2026-09-10,CNI,Canadian National Railway Company,US,산업재,2026-09-09,121.84,963099,1361309.95,2.2455,73701007360,28,60,63,50,49,0,HOLD,-0.02,0,False,live,STOCK,67,NEUTRAL,NYSE
2026-09-10T07:57:19.063393+09:00,2026-09-10,CI,Cigna Corporation,US,제약/바이오,2026-09-09,278.17,1543328,1390676.4,5.4723,73503776768,65,65,50,94,67,1,HOLD,0.27,3,False,live,STOCK,47,NEUTRAL,NYSE
2026-09-10T07:57:19.063393+09:00,2026-09-10,NOC,Northrop Grumman Corporation,US,산업재,2026-09-09,515.57,690523,718206.15,11.8351,73243435008,35,60,45,55,46,0,HOLD,-0.32,-4,False,live,STOCK,48,NEUTRAL,NYSE
2026-09-10T07:57:19.063393+09:00,2026-09-10,FDX,FedEx Corporation,US,산업재,2026-09-09,309.19,1324235,1528236.75,7.6129,73176129536,43,60,53,68,48,0,HOLD,-0.25,-3,False,live,STOCK,20,NEUTRAL,NYSE
2026-09-10T07:57:19.063393+09:00,2026-09-10,NU,Nu Holdings Ltd.,US,금융,2026-09-09,15.0,68293397,74425134.85,0.5755,72460328960,81,60,45,66,63,1,HOLD,0.62,7,False,live,STOCK,48,NEUTRAL,NYSE
2026-09-10T07:57:19.063393+09:00,2026-09-10,NSC,Norfolk Southern Corporation,US,산업재,2026-09-09,323.3,1049346,1149507.3,5.9764,72615878656,39,60,60,45,47,0,HOLD,-0.01,0,False,live,STOCK,48,NEUTRAL,NYSE
2026-09-10T07:57:19.063393+09:00,2026-09-10,ROST,"Ross Stores, Inc.",US,소비재,2026-09-09,225.27,1625055,2795562.75,5.8676,71963205632,28,60,55,42,43,0,AVOID,-0.29,-3,True,live,STOCK,54,NEUTRAL,NASDAQ
2026-09-10T07:57:19.063393+09:00,2026-09-10,MFC,Manulife Financial Corporation,US,금융,2026-09-09,42.94,3411123,2912991.15,0.8031,71143677952,47,60,58,76,53,1,HOLD,0.07,1,False,live,STOCK,22,NEUTRAL,NYSE
2026-09-10T07:57:19.063393+09:00,2026-09-10,TGT,Target Corporation,US,소매,2026-09-09,157.52,3383178,4709503.9,4.6171,71559995392,51,60,53,60,59,1,HOLD,0.45,5,False,live,STOCK,74,NEUTRAL,NYSE
2026-09-10T07:57:19.063393+09:00,2026-09-10,ORLY,"O'Reilly Automotive, Inc.",US,소비재,2026-09-09,86.08,6113875,4952153.75,1.8482,69635342336,35,60,58,50,46,0,HOLD,-0.23,-3,False,live,STOCK,45,NEUTRAL,NASDAQ
2026-09-10T07:57:19.063393+09:00,2026-09-10,WPM,Wheaton Precious Metals Corp.,US,소재,2026-09-09,156.76,1608826,2408256.3,6.2379,71194116096,66,60,60,50,65,1,HOLD,0.83,10,False,live,STOCK,93,NEUTRAL,NYSE
2026-09-10T07:57:19.063393+09:00,2026-09-10,RACE,Ferrari N.V.,US,소비재,2026-09-09,402.33,298254,362912.7,8.1479,70670245888,47,60,60,37,51,0,HOLD,0.34,4,False,live,STOCK,67,NEUTRAL,NYSE
2026-09-10T07:57:19.063393+09:00,2026-09-10,CL,Colgate-Palmolive Company,US,소매,2026-09-09,88.03,4798380,4073789.0,1.4582,70175121408,28,60,48,50,38,0,AVOID,-0.52,-6,True,live,STOCK,26,NEUTRAL,NYSE
2026-09-10T07:57:19.063393+09:00,2026-09-10,WBD,"Warner Bros. Discovery, Inc.",US,인터넷,2026-09-09,27.91,9909024,17509056.2,0.2961,69974188032,47,65,53,38,46,0,HOLD,0.02,0,False,live,STOCK,48,NEUTRAL,NASDAQ
2026-09-10T07:57:19.063393+09:00,2026-09-10,DLR,"Digital Realty Trust, Inc.",US,리츠,2026-09-09,189.08,1497763,2007543.15,5.0129,71408656384,47,60,63,46,52,0,HOLD,0.22,3,False,live,STOCK,60,NEUTRAL,NYSE
2026-09-10T07:57:19.063393+09:00,2026-09-10,KMI,"Kinder Morgan, Inc.",US,에너지,2026-09-09,31.41,11616909,11205425.45,0.8221,69881782272,43,60,53,45,53,1,HOLD,0.11,1,False,live,STOCK,78,NEUTRAL,NYSE
2026-09-10T07:57:19.063393+09:00,2026-09-10,SATA,Strive Inc. Perp. Pfd. Series A,US,금융,2026-09-09,100.01,339894,343234.7,0.1831,,54,60,58,42,58,1,HOLD,0.45,5,False,live,STOCK,87,NEUTRAL,NASDAQ
2026-09-10T07:57:19.063393+09:00,2026-09-10,RCL,Royal Caribbean Cruises Ltd.,US,소비재,2026-09-09,259.76,2409231,1708581.55,7.7081,69473353728,20,60,63,60,40,0,AVOID,-0.52,-6,True,live,STOCK,17,NEUTRAL,NYSE
2026-09-10T07:57:19.063393+09:00,2026-09-10,AMX,"América Móvil, S.A.B. de C.V.",US,인터넷,2026-09-09,23.1,3232354,3154452.7,0.4054,69154127872,47,65,55,76,58,1,HOLD,-0.01,0,False,live,STOCK,50,NEUTRAL,NYSE
2026-09-10T07:57:19.063393+09:00,2026-09-10,HLT,Hilton Worldwide Holdings Inc.,US,소비재,2026-09-09,306.99,1709569,1792218.45,6.6387,69092671488,20,60,55,50,37,0,AVOID,-0.66,-8,True,live,STOCK,26,NEUTRAL,NYSE
2026-09-10T07:57:19.063393+09:00,2026-09-10,RSG,"Republic Services, Inc.",US,산업재,2026-09-09,222.47,1741117,1476635.85,3.3257,68123205632,80,60,67,50,60,1,HOLD,0.59,7,False,live,STOCK,40,NEUTRAL,NYSE
2026-09-10T07:57:19.063393+09:00,2026-09-10,AEP,"American Electric Power Company, Inc.",US,유틸리티,2026-09-09,124.67,3455706,3157730.3,2.0707,67870019584,65,60,60,42,54,0,HOLD,0.27,3,False,live,STOCK,52,NEUTRAL,NASDAQ
2026-09-10T07:57:19.063393+09:00,2026-09-10,BSX,Boston Scientific Corporation,US,제약/바이오,2026-09-09,44.96,17668067,19749838.35,1.9568,65157361664,35,65,70,66,54,1,HOLD,-0.05,-1,False,live,STOCK,48,NEUTRAL,NYSE
2026-09-10T07:57:19.063393+09:00,2026-09-10,SPG,"Simon Property Group, Inc.",US,리츠,2026-09-09,204.53,1834232,1168501.6,3.4279,77644390400,20,60,72,47,38,1,AVOID,-0.48,-6,True,live,STOCK,17,NEUTRAL,NYSE
2026-09-10T07:57:19.063393+09:00,2026-09-10,TRP,TC Energy Corporation,US,에너지,2026-09-09,63.44,937534,1699716.7,1.2411,66089693184,72,60,50,45,52,1,HOLD,0.1,1,False,live,STOCK,36,NEUTRAL,NYSE
2026-09-10T07:57:19.063393+09:00,2026-09-10,VALE,Vale S.A.,US,소재,2026-09-09,15.44,56560598,28837264.9,0.4943,65708974080,74,60,62,74,64,2,WATCH,0.53,6,False,live,STOCK,35,NEUTRAL,NYSE
2026-09-10T07:57:19.063393+09:00,2026-09-10,APD,"Air Products and Chemicals, Inc.",US,소재,2026-09-09,295.24,986538,936796.9,6.1764,65745674240,50,60,60,42,52,0,HOLD,0.25,3,False,live,STOCK,61,NEUTRAL,NYSE
2026-09-10T07:57:19.063393+09:00,2026-09-10,ALL,The Allstate Corporation,US,금융,2026-09-09,253.58,1634348,1510197.4,4.874,64119717888,50,60,53,78,59,1,HOLD,0.3,4,False,live,STOCK,48,NEUTRAL,NYSE
2026-09-10T07:57:19.063393+09:00,2026-09-10,SE,Sea Limited,US,소비재,2026-09-09,108.71,5026967,4012968.35,4.1346,66583195648,51,60,45,50,52,0,HOLD,0.24,3,False,live,STOCK,61,NEUTRAL,NYSE
2026-09-10T07:57:19.063393+09:00,2026-09-10,HON,Honeywell International Inc.,US,산업재,2026-09-09,204.93,2094214,2702565.7,4.3007,64950513664,20,60,42,65,46,0,HOLD,-0.45,-5,False,live,STOCK,59,NEUTRAL,NASDAQ
2026-09-10T07:57:19.063393+09:00,2026-09-10,AON,Aon plc,US,금융,2026-09-09,304.69,2251533,1160956.65,10.2357,64632500224,20,60,63,60,40,0,AVOID,-0.59,-7,True,live,STOCK,19,NEUTRAL,NYSE
2026-09-10T07:57:19.063393+09:00,2026-09-10,PCAR,PACCAR Inc,US,산업재,2026-09-09,121.88,2169694,2401854.7,2.6279,64153358336,32,60,45,58,40,0,AVOID,-0.4,-5,True,live,STOCK,19,NEUTRAL,NASDAQ
2026-09-10T07:57:19.063393+09:00,2026-09-10,URI,"United Rentals, Inc.",US,산업재,2026-09-09,1028.77,502159,427287.95,29.61,64033206272,17,60,65,58,48,0,HOLD,-0.23,-3,False,live,STOCK,61,NEUTRAL,NYSE
2026-09-10T07:57:19.063393+09:00,2026-09-10,BKR,Baker Hughes Company,US,에너지,2026-09-09,63.64,6864226,6311611.3,1.6579,63173775360,58,60,53,58,58,0,HOLD,0.27,3,False,live,STOCK,61,NEUTRAL,NASDAQ
2026-09-10T07:57:19.063393+09:00,2026-09-10,TDG,TransDigm Group Incorporated,US,산업재,2026-09-09,1125.6801,299117,335585.85,24.46,62963318784,20,60,51,53,36,0,AVOID,-0.7,-8,True,live,STOCK,20,NEUTRAL,NYSE
2026-09-10T07:57:19.063393+09:00,2026-09-10,COR,"Cencora, Inc.",US,제약/바이오,2026-09-09,323.32,1040979,1251913.95,6.3396,61698240512,62,65,63,58,61,0,HOLD,0.61,7,False,live,STOCK,61,NEUTRAL,NYSE
2026-09-10T07:57:19.063393+09:00,2026-09-10,AJG,Arthur J. Gallagher & Co.,US,금융,2026-09-09,244.28,1205563,1330938.15,7.2681,62618976256,50,60,63,58,57,0,HOLD,0.39,5,False,live,STOCK,61,NEUTRAL,NYSE
2026-09-10T07:57:19.063393+09:00,2026-09-10,TRGP,Targa Resources Corp.,US,에너지,2026-09-09,291.38,899095,1202284.75,7.5572,62480912384,62,60,53,42,50,0,HOLD,0.2,2,False,live,STOCK,40,NEUTRAL,NYSE
2026-09-10T07:57:19.063393+09:00,2026-09-10,TFC,Truist Financial Corporation,US,금융,2026-09-09,50.15,5555872,5629703.6,0.9171,61264556032,28,60,66,70,53,1,HOLD,-0.04,0,False,live,STOCK,51,NEUTRAL,NYSE
2026-09-10T07:57:19.063393+09:00,2026-09-10,ARGX,argenx SE,US,제약/바이오,2026-09-09,1002.31,209928,274236.4,28.3272,62705508352,47,65,50,50,50,0,HOLD,0.19,2,False,live,STOCK,55,NEUTRAL,NASDAQ
2026-09-10T07:57:19.063393+09:00,2026-09-10,CVE,Cenovus Energy Inc.,US,에너지,2026-09-09,33.46,5903091,6139469.55,0.9668,61708435456,91,60,53,68,72,1,HOLD,1.0,12,False,live,STOCK,69,NEUTRAL,NYSE
2026-09-10T07:57:19.063393+09:00,2026-09-10,MET,"MetLife, Inc.",US,금융,2026-09-09,95.69,3220230,2816461.5,1.8864,60808790016,47,60,68,58,56,0,HOLD,0.36,4,False,live,STOCK,54,NEUTRAL,NYSE
2026-09-10T07:57:19.063393+09:00,2026-09-10,MPLX,MPLX Lp,US,에너지,2026-09-09,60.23,1124492,1132894.6,0.8507,61117411328,78,60,55,55,57,1,HOLD,0.45,5,False,live,STOCK,32,NEUTRAL,NYSE
2026-09-10T07:57:19.063393+09:00,2026-09-10,OXY,Occidental Petroleum Corporation,US,에너지,2026-09-09,61.3,8958798,7038739.9,1.4043,61277769728,69,60,65,58,65,0,HOLD,0.68,8,False,live,STOCK,69,NEUTRAL,NYSE
2026-09-10T07:57:19.063393+09:00,2026-09-10,OKE,"ONEOK, Inc.",US,에너지,2026-09-09,95.82,3805091,3396789.55,2.5968,60369743872,84,60,55,60,62,1,HOLD,0.59,7,False,live,STOCK,40,NEUTRAL,NYSE
2026-09-10T07:57:19.063393+09:00,2026-09-10,GWW,"W.W. Grainger, Inc.",US,산업재,2026-09-09,1278.83,223953,212682.65,27.2407,60377550848,31,60,60,50,44,0,AVOID,-0.28,-3,True,live,STOCK,38,NEUTRAL,NYSE
2026-09-10T07:57:19.063393+09:00,2026-09-10,TER,"Teradyne, Inc.",US,반도체,2026-09-09,383.69,2254666,2372183.3,17.4519,59986382848,84,65,45,50,60,1,HOLD,0.58,7,False,live,STOCK,53,NEUTRAL,NASDAQ
2026-09-10T07:57:19.063393+09:00,2026-09-10,RELX,RELX Plc,US,산업재,2026-09-09,34.25,2092708,1953200.4,0.8321,59798556672,46,60,55,50,53,0,HOLD,0.14,2,False,live,STOCK,67,NEUTRAL,NYSE
2026-09-10T07:57:19.063393+09:00,2026-09-10,CRH,CRH plc,US,소재,2026-09-09,89.35,3180950,4358952.5,2.5371,59443167232,28,60,55,60,43,0,AVOID,-0.53,-6,True,live,STOCK,26,NEUTRAL,NYSE
2026-09-10T07:57:19.063393+09:00,2026-09-10,COHR,"Coherent, Inc.",US,IT,2026-09-09,303.48,5002165,6795698.25,16.4778,59431170048,72,60,45,43,56,1,HOLD,0.12,1,False,live,STOCK,62,NEUTRAL,NYSE
2026-09-10T07:57:19.063393+09:00,2026-09-10,TEL,TE Connectivity plc,US,반도체,2026-09-09,204.68,1722291,1988334.55,5.2456,59345055744,65,65,63,66,60,0,HOLD,0.36,4,False,live,STOCK,40,NEUTRAL,NYSE
2026-09-10T07:57:19.063393+09:00,2026-09-10,MPWR,"Monolithic Power Systems, Inc.",US,반도체,2026-09-09,1203.75,493112,587955.6,38.6957,59155886080,10,65,50,43,32,0,AVOID,-0.93,-11,True,live,STOCK,29,NEUTRAL,NASDAQ
2026-09-10T07:57:19.063393+09:00,2026-09-10,NUE,Nucor Corporation,US,소재,2026-09-09,257.91,1033923,1391746.15,7.9836,58513506304,87,60,60,53,65,1,HOLD,0.7,8,False,live,STOCK,54,NEUTRAL,NYSE
2026-09-10T07:57:19.063393+09:00,2026-09-10,MT,ArcelorMittal S.A.,US,소재,2026-09-09,77.05,901106,1378130.3,2.0957,57975623680,95,60,60,58,74,2,WATCH,1.19,14,False,live,STOCK,83,NEUTRAL,NYSE
2026-09-10T07:57:19.063393+09:00,2026-09-10,AFL,Aflac Incorporated,US,금융,2026-09-09,114.74,1751271,2077588.55,1.6468,57524129792,31,60,50,68,45,0,HOLD,-0.39,-5,False,live,STOCK,26,NEUTRAL,NYSE
2026-09-10T07:57:19.063393+09:00,2026-09-10,NOK,Nokia Oyj,US,IT,2026-09-09,10.76,85194184,72672404.2,0.3932,60241420288,62,60,55,51,54,0,HOLD,-0.02,0,False,live,STOCK,44,NEUTRAL,NYSE
2026-09-10T07:57:19.063393+09:00,2026-09-10,TAK,Takeda Pharmaceutical Company Limited,US,제약/바이오,2026-09-09,18.21,1437329,2202951.45,0.2409,58153684992,62,65,45,66,59,0,HOLD,0.43,5,False,live,STOCK,58,NEUTRAL,NYSE
2026-09-10T07:57:19.063393+09:00,2026-09-10,LNG,"Cheniere Energy, Inc.",US,에너지,2026-09-09,275.93,2959729,1923616.45,8.06,56988971008,47,60,66,45,56,1,HOLD,0.49,6,False,live,STOCK,77,NEUTRAL,NYSE
2026-09-10T07:57:19.063393+09:00,2026-09-10,NBIS,Nebius Group N.V.,US,IT,2026-09-09,240.35,11185498,21822549.9,13.6019,61024432128,91,60,65,58,69,1,HOLD,1.0,12,False,live,STOCK,58,NEUTRAL,NASDAQ
2026-09-10T07:57:19.063393+09:00,2026-09-10,D,"Dominion Energy, Inc.",US,유틸리티,2026-09-09,65.1,5027116,3797550.8,1.0755,57257136128,50,60,63,50,50,0,HOLD,0.02,0,False,live,STOCK,36,NEUTRAL,NYSE
2026-09-10T07:57:19.063393+09:00,2026-09-10,FANG,"Diamondback Energy, Inc.",US,에너지,2026-09-09,202.63,1526277,1793938.85,5.5557,57002516480,43,60,50,61,48,0,HOLD,-0.14,-2,False,live,STOCK,32,NEUTRAL,NASDAQ
2026-09-10T07:57:19.063393+09:00,2026-09-10,FIX,"Comfort Systems USA, Inc.",US,산업재,2026-09-09,1615.14,255767,368033.35,64.46,56843767808,50,60,50,58,50,0,HOLD,-0.14,-2,False,live,STOCK,38,NEUTRAL,NYSE
2026-09-10T07:57:19.063393+09:00,2026-09-10,CTVA,"Corteva, Inc.",US,소재,2026-09-09,84.75,4212206,4647890.3,2.6042,56544862208,76,60,58,50,65,2,WATCH,0.82,10,False,live,STOCK,77,NEUTRAL,NYSE
2026-09-10T07:57:19.063393+09:00,2026-09-10,UMC,United Microelectronics Corporation,US,반도체,2026-09-09,22.69,9800843,10740882.15,0.8896,56904445952,62,65,55,58,54,0,HOLD,0.35,4,False,live,STOCK,36,NEUTRAL,NYSE
2026-09-10T07:57:19.063393+09:00,2026-09-10,KEYS,"Keysight Technologies, Inc.",US,IT,2026-09-09,331.01,748812,1422425.6,8.6299,56352718848,87,60,53,50,58,1,HOLD,0.46,6,False,live,STOCK,33,NEUTRAL,NYSE
2026-09-10T07:57:19.063393+09:00,2026-09-10,NXPI,NXP Semiconductors N.V.,US,반도체,2026-09-09,223.32,3704736,3072596.8,5.495,56313307136,40,65,76,74,54,2,HOLD,-0.17,-2,False,live,STOCK,24,NEUTRAL,NASDAQ
2026-09-10T07:57:19.063393+09:00,2026-09-10,CAH,"Cardinal Health, Inc.",US,제약/바이오,2026-09-09,240.0,1026265,1567133.25,4.7104,55818174464,91,65,53,66,69,1,HOLD,0.85,10,False,live,STOCK,55,NEUTRAL,NYSE
2026-09-10T07:57:19.063393+09:00,2026-09-10,O,Realty Income Corporation,US,리츠,2026-09-09,60.11,6342465,5403338.25,0.7299,56877166592,20,60,63,37,34,0,AVOID,-0.57,-7,True,live,STOCK,20,NEUTRAL,NYSE
2026-09-10T07:57:19.063393+09:00,2026-09-10,FAST,Fastenal Company,US,산업재,2026-09-09,48.79,5829138,5932706.9,1.0439,55986409472,47,60,53,29,43,0,AVOID,-0.01,0,True,live,STOCK,48,NEUTRAL,NASDAQ
2026-09-10T07:57:19.063393+09:00,2026-09-10,SRE,Sempra,US,유틸리티,2026-09-09,85.01,3058005,4143390.25,2.3407,55588069376,65,60,58,58,57,0,HOLD,0.19,2,False,live,STOCK,43,NEUTRAL,NYSE
2026-09-10T07:57:19.063393+09:00,2026-09-10,NKE,"NIKE, Inc.",US,소비재,2026-09-09,37.35,39443087,28974914.35,0.9701,55408676864,20,60,50,60,38,0,AVOID,-0.78,-9,True,live,STOCK,20,NEUTRAL,NYSE
2026-09-10T07:57:19.063393+09:00,2026-09-10,PSA,Public Storage,US,리츠,2026-09-09,294.6,733080,742739.0,6.1279,55015297024,20,60,63,37,34,0,AVOID,-0.63,-8,True,live,STOCK,23,NEUTRAL,NYSE
2026-09-10T07:57:19.063393+09:00,2026-09-10,AU,AngloGold Ashanti plc,US,소재,2026-09-09,108.53,2064049,2784347.45,4.5699,54891134976,51,60,63,84,67,2,WATCH,0.62,7,False,live,STOCK,71,NEUTRAL,NYSE
2026-09-10T07:57:19.063393+09:00,2026-09-10,AME,"AMETEK, Inc.",US,산업재,2026-09-09,236.27,1105161,1382643.05,4.5214,54153797632,44,60,63,58,53,0,HOLD,0.18,2,False,live,STOCK,51,NEUTRAL,NYSE
2026-09-10T07:57:19.063393+09:00,2026-09-10,DVN,Devon Energy Corporation,US,에너지,2026-09-09,48.98,9276075,10061033.75,1.1611,53877997568,69,60,84,70,66,2,WATCH,0.7,8,False,live,STOCK,40,NEUTRAL,NYSE
2026-09-10T07:57:19.063393+09:00,2026-09-10,MRNA,"Moderna, Inc.",US,제약/바이오,2026-09-09,135.61,8608986,33778589.3,15.6657,54140383232,63,65,50,50,61,1,HOLD,0.64,8,False,live,STOCK,87,NEUTRAL,NASDAQ
2026-09-10T07:57:19.063393+09:00,2026-09-10,F,Ford Motor Company,US,소비재,2026-09-09,13.45,67521161,42373558.05,0.4389,53633163264,43,60,68,57,56,0,HOLD,0.12,1,False,live,STOCK,60,NEUTRAL,NYSE
2026-09-10T07:57:19.063393+09:00,2026-09-10,STT,State Street Corporation,US,금융,2026-09-09,191.89,1389767,1297718.35,4.0079,52712521728,69,60,58,76,68,1,HOLD,0.75,9,False,live,STOCK,66,NEUTRAL,NYSE
2026-09-10T07:57:19.063393+09:00,2026-09-10,NDAQ,"Nasdaq, Inc.",US,금융,2026-09-09,94.22,2337358,2596747.9,2.0057,52666847232,50,60,45,58,54,0,HOLD,0.17,2,False,live,STOCK,61,NEUTRAL,NASDAQ
2026-09-10T07:57:19.063393+09:00,2026-09-10,GRMN,Garmin Ltd.,US,IT,2026-09-09,272.18,603466,830128.3,5.8379,52491599872,39,60,53,50,47,0,HOLD,0.06,1,False,live,STOCK,48,NEUTRAL,NYSE
2026-09-10T07:57:19.063393+09:00,2026-09-10,CRWV,"CoreWeave, Inc. Class A Common Stock",US,IT,2026-09-09,94.94,21157798,27498199.9,5.2359,52362883072,80,60,60,42,54,1,HOLD,0.32,4,False,live,STOCK,26,NEUTRAL,NASDAQ
2026-09-10T07:57:19.063393+09:00,2026-09-10,DAL,"Delta Air Lines, Inc.",US,산업재,2026-09-09,78.75,4524852,4871742.6,2.1036,51787812864,25,60,55,84,48,1,HOLD,-0.32,-4,False,live,STOCK,23,NEUTRAL,NYSE
2026-09-10T07:57:19.063393+09:00,2026-09-10,ALAB,"Astera Labs, Inc. Common Stock",US,반도체,2026-09-09,300.54,3041977,3525023.85,18.5019,52139212800,65,65,65,35,49,0,HOLD,0.05,1,False,live,STOCK,30,NEUTRAL,NASDAQ
2026-09-10T07:57:19.063393+09:00,2026-09-10,FNV,Franco-Nevada Corporation,US,소재,2026-09-09,265.43,2095832,860246.6,8.145,51189645312,66,60,55,50,63,1,HOLD,0.73,9,False,live,STOCK,86,NEUTRAL,NYSE
2026-09-10T07:57:19.063393+09:00,2026-09-10,VST,Vistra Corp.,US,유틸리티,2026-09-09,151.1,3867234,4088456.7,4.6231,50714480640,73,60,66,58,60,1,HOLD,0.56,7,False,live,STOCK,39,NEUTRAL,NYSE
2026-09-10T07:57:19.063393+09:00,2026-09-10,ETR,Entergy Corporation,US,유틸리티,2026-09-09,107.17,2603892,2168019.6,1.8768,51203411968,65,60,63,50,59,0,HOLD,0.39,5,False,live,STOCK,61,NEUTRAL,NYSE
2026-09-10T07:57:19.063393+09:00,2026-09-10,EW,Edwards Lifesciences Corporation,US,제약/바이오,2026-09-09,86.18,2736664,2742688.2,1.9571,49622446080,35,65,53,50,39,0,AVOID,-0.41,-5,True,live,STOCK,16,NEUTRAL,NYSE
2026-09-10T07:57:19.063393+09:00,2026-09-10,AMP,"Ameriprise Financial, Inc.",US,금융,2026-09-09,551.88,741319,404770.95,12.0564,48786194432,51,60,53,68,60,0,HOLD,0.43,5,False,live,STOCK,67,NEUTRAL,NYSE
2026-09-10T07:57:19.063393+09:00,2026-09-10,BDX,"Becton, Dickinson and Company",US,제약/바이오,2026-09-09,179.8,1528993,1631784.65,4.1407,48975151104,51,65,50,66,59,0,HOLD,0.4,5,False,live,STOCK,69,NEUTRAL,NYSE
2026-09-10T07:57:19.063393+09:00,2026-09-10,FITB,Fifth Third Bancorp,US,금융,2026-09-09,54.19,4369168,4942253.4,0.9064,49127190528,28,60,45,58,46,0,HOLD,-0.25,-3,False,live,STOCK,55,NEUTRAL,NYSE
2026-09-10T07:57:19.063393+09:00,2026-09-10,ELC,"Entergy Louisiana, LLC COLLATERAL TR MT",US,유틸리티,2026-09-09,19.45,19359,23662.95,0.2314,,28,60,55,50,42,0,AVOID,-0.34,-4,True,live,STOCK,40,NEUTRAL,NYSE
2026-09-10T07:57:19.063393+09:00,2026-09-10,WDAY,"Workday, Inc.",US,IT,2026-09-09,186.05,2308014,4874285.7,8.6054,44838051840,54,60,45,74,60,1,HOLD,0.39,5,False,live,STOCK,64,NEUTRAL,NASDAQ
2026-09-10T07:57:19.063393+09:00,2026-09-10,HONA,Honeywell Aerospace Inc,US,산업재,2026-09-09,151.58,3085490,3600804.5,5.5557,48043696128,42,60,88,50,50,1,HOLD,0.12,1,False,live,STOCK,26,NEUTRAL,NASDAQ
2026-09-10T07:57:19.063393+09:00,2026-09-10,HUM,Humana Inc.,US,제약/바이오,2026-09-09,400.02,972582,966759.1,13.6968,48034521088,91,65,73,58,73,2,WATCH,1.11,13,False,live,STOCK,69,NEUTRAL,NYSE
2026-09-10T07:57:19.063393+09:00,2026-09-10,DEO,Diageo plc,US,소매,2026-09-09,86.1,1589995,919029.75,1.6989,47862984704,47,60,58,66,56,0,HOLD,0.23,3,False,live,STOCK,54,NEUTRAL,NYSE
2026-09-10T07:57:19.063393+09:00,2026-09-10,CIEN,Ciena Corporation,US,IT,2026-09-09,338.0,1795012,2448050.6,21.6086,47931281408,18,60,45,43,32,0,AVOID,-0.89,-11,True,live,STOCK,26,NEUTRAL,NYSE
2026-09-10T07:57:19.063393+09:00,2026-09-10,CARR,Carrier Global Corporation,US,산업재,2026-09-09,57.95,4604840,5036947.0,1.4416,48132136960,47,60,73,50,48,1,HOLD,-0.18,-2,False,live,STOCK,23,NEUTRAL,NYSE
2026-09-10T07:57:19.063393+09:00,2026-09-10,XEL,Xcel Energy Inc.,US,유틸리티,2026-09-09,76.19,5115972,4892533.6,1.3571,47590887424,25,60,58,42,42,0,AVOID,-0.32,-4,True,live,STOCK,49,NEUTRAL,NASDAQ
2026-09-10T07:57:19.063393+09:00,2026-09-10,AZO,"AutoZone, Inc.",US,소비재,2026-09-09,2910.97,310744,289137.2,67.2493,47522619392,28,60,60,50,49,1,HOLD,-0.15,-2,False,live,STOCK,70,NEUTRAL,NYSE
2026-09-10T07:57:19.063393+09:00,2026-09-10,ROK,"Rockwell Automation, Inc.",US,산업재,2026-09-09,426.08,597032,645816.6,8.4261,47315615744,50,60,60,50,47,0,HOLD,-0.1,-1,False,live,STOCK,26,NEUTRAL,NYSE
2026-09-10T07:57:19.063393+09:00,2026-09-10,WAB,Westinghouse Air Brake Technologies Corp,US,산업재,2026-09-09,280.47,718719,821210.95,6.3721,47374426112,47,60,45,58,53,0,HOLD,0.14,2,False,live,STOCK,61,NEUTRAL,NYSE
2026-09-10T07:57:19.063393+09:00,2026-09-10,NTRA,"Natera, Inc.",US,제약/바이오,2026-09-09,330.31,707191,1205829.55,10.4336,47612264448,66,65,63,50,62,1,HOLD,0.71,9,False,live,STOCK,71,NEUTRAL,NASDAQ
2026-09-10T07:57:19.063393+09:00,2026-09-10,XYZ,"Block, Inc.",US,IT,2026-09-09,79.4,4049494,4172749.7,2.9713,47703126016,47,60,63,43,46,0,HOLD,0.16,2,False,live,STOCK,34,NEUTRAL,NYSE
2026-09-10T07:57:19.063393+09:00,2026-09-10,TEAM,Atlassian Corporation,US,IT,2026-09-09,177.74,3516897,4158594.85,9.373,44992892928,66,60,60,42,62,1,HOLD,0.75,9,False,live,STOCK,86,NEUTRAL,NASDAQ
2026-09-10T07:57:19.063393+09:00,2026-09-10,LHX,"L3Harris Technologies, Inc.",US,산업재,2026-09-09,250.41,1251081,1611889.05,5.4839,46630002688,10,60,58,58,43,0,AVOID,-0.61,-7,True,live,STOCK,55,NEUTRAL,NYSE
2026-09-10T07:57:19.063393+09:00,2026-09-10,ABEV,Ambev S.A.,US,소매,2026-09-09,3.01,26513889,31506219.45,0.0757,46414192640,62,60,58,68,60,0,HOLD,0.27,3,False,live,STOCK,49,NEUTRAL,NYSE
2026-09-10T07:57:19.063393+09:00,2026-09-10,CMG,"Chipotle Mexican Grill, Inc.",US,소비재,2026-09-09,36.03,9028294,13995789.7,1.1157,45593010176,54,60,60,50,57,1,HOLD,0.51,6,False,live,STOCK,71,NEUTRAL,NYSE
2026-09-10T07:57:19.063393+09:00,2026-09-10,COIN,"Coinbase Global, Inc.",US,금융,2026-09-09,174.72,5928989,9901174.45,12.7007,46097588224,62,60,53,51,59,1,HOLD,0.54,6,False,live,STOCK,72,NEUTRAL,NASDAQ
2026-09-10T07:57:19.063393+09:00,2026-09-10,CCEP,Coca-Cola Europacific Partners PLC,US,소매,2026-09-09,103.82,1290021,1519756.05,1.9107,45772750848,50,60,60,50,53,0,HOLD,0.23,3,False,live,STOCK,55,NEUTRAL,NASDAQ
2026-09-10T07:57:19.063393+09:00,2026-09-10,STM,STMicroelectronics N.V.,US,반도체,2026-09-09,51.55,7168924,7609101.2,1.3689,45985538048,62,65,70,58,53,1,HOLD,-0.02,0,False,live,STOCK,17,NEUTRAL,NYSE
2026-09-10T07:57:19.063393+09:00,2026-09-10,EBAY,eBay Inc.,US,소비재,2026-09-09,103.51,7968087,4490449.35,3.3053,46061948928,50,60,48,50,47,0,HOLD,-0.13,-2,False,live,STOCK,39,NEUTRAL,NASDAQ
2026-09-10T07:57:19.063393+09:00,2026-09-10,WDS,Woodside Energy Group Ltd,US,에너지,2026-09-09,24.19,697338,491321.9,0.5142,45987614720,88,60,55,60,69,1,HOLD,0.92,11,False,live,STOCK,69,NEUTRAL,NYSE
2026-09-10T07:57:19.063393+09:00,2026-09-10,EXC,Exelon Corporation,US,유틸리티,2026-09-09,43.7,6799280,6562659.0,0.7659,45022097408,47,60,60,52,52,0,HOLD,0.02,0,False,live,STOCK,49,NEUTRAL,NASDAQ
2026-09-10T07:57:19.063393+09:00,2026-09-10,PYPL,"PayPal Holdings, Inc.",US,금융,2026-09-09,52.17,9448992,12595494.6,2.0854,44970536960,43,60,50,86,62,1,HOLD,0.36,4,False,live,STOCK,69,NEUTRAL,NASDAQ
2026-09-10T07:57:19.063393+09:00,2026-09-10,KB,KB Financial Group Inc.,US,금융,2026-09-09,126.68,145855,175177.75,3.2579,44478124032,95,60,55,78,76,2,WATCH,1.07,13,False,live,STOCK,63,NEUTRAL,NYSE
2026-09-10T07:57:19.063393+09:00,2026-09-10,CBRS,Cerebras Systems Inc.,US,반도체,2026-09-09,196.2,4265364,8815953.2,12.975,46610067456,55,65,68,35,52,0,HOLD,0.06,1,False,live,STOCK,58,NEUTRAL,NASDAQ
2026-09-10T07:57:19.063393+09:00,2026-09-10,INFY,Infosys Limited,US,IT,2026-09-09,10.93,17044481,15046344.05,0.3429,44269772800,35,60,60,60,50,0,HOLD,-0.2,-2,False,live,STOCK,45,NEUTRAL,NYSE
2026-09-10T07:57:19.063393+09:00,2026-09-10,RVMD,"Revolution Medicines, Inc.",US,제약/바이오,2026-09-09,207.68,1226947,1747352.35,8.2872,44513386496,51,65,66,42,57,1,HOLD,0.55,7,False,live,STOCK,78,NEUTRAL,NASDAQ
2026-09-10T07:57:19.063393+09:00,2026-09-10,ARES,Ares Management Corporation,US,금융,2026-09-09,134.37,2261439,1935756.95,4.1539,44321488896,47,60,60,35,49,0,HOLD,0.16,2,False,live,STOCK,61,NEUTRAL,NYSE
2026-09-10T07:57:19.063393+09:00,2026-09-10,BSBR,Banco Santander (Brasil) S.A.,US,금융,2026-09-09,5.89,3026447,4753577.35,0.1168,44101533696,84,60,48,86,70,2,WATCH,0.75,9,False,live,STOCK,48,NEUTRAL,NYSE
2026-09-10T07:57:19.063393+09:00,2026-09-10,MSTR,Strategy Inc,US,IT,2026-09-09,132.7,17104947,28351957.35,9.8756,52719276032,84,60,53,62,72,2,WATCH,1.01,12,False,live,STOCK,87,NEUTRAL,NASDAQ
2026-09-10T07:57:19.063393+09:00,2026-09-10,CCJ,Cameco Corporation,US,에너지,2026-09-09,100.41,1642788,2651989.4,4.1957,43731869696,55,60,60,35,46,0,HOLD,0.08,1,False,live,STOCK,33,NEUTRAL,NYSE
2026-09-10T07:57:19.063393+09:00,2026-09-10,KDP,Keurig Dr Pepper Inc.,US,소매,2026-09-09,32.08,8738074,9579333.7,0.6621,43655299072,87,60,63,66,69,1,HOLD,0.76,9,False,live,STOCK,54,NEUTRAL,NASDAQ
2026-09-10T07:57:19.063393+09:00,2026-09-10,ADSK,"Autodesk, Inc.",US,IT,2026-09-09,206.62,2165151,2103692.55,10.4586,43183579136,35,60,75,66,56,1,HOLD,0.05,1,False,live,STOCK,54,NEUTRAL,NASDAQ
2026-09-10T07:57:19.063393+09:00,2026-09-10,HEI,HEICO Corporation,US,산업재,2026-09-09,312.32,431009,517765.45,10.07,43649036288,20,60,60,34,32,0,AVOID,-0.62,-7,True,live,STOCK,20,NEUTRAL,NYSE
2026-09-10T07:57:19.063393+09:00,2026-09-10,SLF,Sun Life Financial Inc.,US,금융,2026-09-09,78.48,1193230,1146476.5,1.2187,43690958848,54,60,60,50,58,1,HOLD,0.4,5,False,live,STOCK,74,NEUTRAL,NYSE
2026-09-10T07:57:19.063393+09:00,2026-09-10,VTR,"Ventas, Inc.",US,리츠,2026-09-09,89.38,3519601,2941265.05,1.8243,45847146496,32,60,60,38,47,1,HOLD,0.05,1,False,live,STOCK,71,NEUTRAL,NYSE
2026-09-10T07:57:19.063393+09:00,2026-09-10,IX,ORIX Corporation,US,금융,2026-09-09,39.02,435333,355866.65,0.7639,40580263936,57,60,55,78,55,1,HOLD,0.06,1,False,live,STOCK,19,NEUTRAL,NYSE
2026-09-10T07:57:19.063393+09:00,2026-09-10,FERG,Ferguson plc,US,산업재,2026-09-09,223.22,1006019,1387640.95,5.881,43182518272,28,60,63,50,47,0,HOLD,-0.13,-2,False,live,STOCK,57,NEUTRAL,NYSE
2026-09-10T07:57:19.063393+09:00,2026-09-10,TEVA,Teva Pharmaceutical Industries Limited,US,제약/바이오,2026-09-09,36.85,3999706,5020995.3,1.0718,42941161472,47,65,53,59,56,0,HOLD,0.28,3,False,live,STOCK,69,NEUTRAL,NYSE
2026-09-10T07:57:19.063393+09:00,2026-09-10,VEEV,Veeva Systems Inc.,US,IT,2026-09-09,260.8,1076661,1898818.05,11.6875,42225823744,73,60,60,50,63,2,WATCH,0.77,9,False,live,STOCK,70,NEUTRAL,NYSE
2026-09-10T07:57:19.063393+09:00,2026-09-10,TRI,Thomson Reuters Corporation,US,산업재,2026-09-09,96.98,1307708,1655600.4,4.0621,42014121984,47,60,50,66,55,0,HOLD,0.24,3,False,live,STOCK,54,NEUTRAL,NASDAQ
2026-09-10T07:57:19.063393+09:00,2026-09-10,IQV,IQVIA Holdings Inc.,US,제약/바이오,2026-09-09,256.98,1090232,1257341.6,7.245,42298908672,73,65,50,74,71,3,BUY,0.84,10,False,live,STOCK,84,NEUTRAL,NYSE
2026-09-10T07:57:19.063393+09:00,2026-09-10,GFI,Gold Fields Limited,US,소재,2026-09-09,47.03,3299297,3870704.85,1.8665,41898860544,66,60,60,65,64,0,HOLD,0.68,8,False,live,STOCK,64,NEUTRAL,NYSE
2026-09-10T07:57:19.063393+09:00,2026-09-10,ADM,Archer-Daniels-Midland Company,US,소매,2026-09-09,86.55,5172048,3611272.4,2.9529,41713336320,88,60,63,58,66,1,HOLD,0.78,9,False,live,STOCK,48,NEUTRAL,NYSE
2026-09-10T07:57:19.063393+09:00,2026-09-10,FLEX,Flex Ltd.,US,IT,2026-09-09,112.68,2250104,2851100.2,4.1907,41624326144,40,60,66,58,50,0,HOLD,-0.24,-3,False,live,STOCK,36,NEUTRAL,NASDAQ
2026-09-10T07:57:19.063393+09:00,2026-09-10,FER,Ferrovial SE,US,산업재,2026-09-09,56.56,1476088,1213384.4,1.0642,40760086528,20,60,55,45,35,0,AVOID,-0.73,-9,True,live,STOCK,23,NEUTRAL,NASDAQ
2026-09-10T07:57:19.063393+09:00,2026-09-10,A,"Agilent Technologies, Inc.",US,제약/바이오,2026-09-09,144.75,1843878,2329468.9,5.0421,40809201664,47,65,60,58,58,1,HOLD,0.37,4,False,live,STOCK,71,NEUTRAL,NYSE
2026-09-10T07:57:19.063393+09:00,2026-09-10,PAYX,"Paychex, Inc.",US,산업재,2026-09-09,114.75,2750879,2261178.95,2.7579,40848760832,47,60,50,50,51,0,HOLD,0.23,3,False,live,STOCK,61,NEUTRAL,NASDAQ
2026-09-10T07:57:19.063393+09:00,2026-09-10,PRU,"Prudential Financial, Inc.",US,금융,2026-09-09,117.59,2359128,1548601.4,2.5489,40568549376,50,60,63,94,67,1,HOLD,0.49,6,False,live,STOCK,54,NEUTRAL,NYSE
2026-09-10T07:57:19.063393+09:00,2026-09-10,HLN,Haleon plc,US,제약/바이오,2026-09-09,9.23,18985438,9929856.9,0.182,40590004224,35,65,55,58,52,0,HOLD,-0.01,0,False,live,STOCK,63,NEUTRAL,NYSE
2026-09-10T07:57:19.063393+09:00,2026-09-10,WCN,"Waste Connections, Inc.",US,산업재,2026-09-09,161.25,814682,952829.1,2.6157,40565542912,20,60,53,58,37,0,AVOID,-0.58,-7,True,live,STOCK,16,NEUTRAL,NYSE
2026-09-10T07:57:19.063393+09:00,2026-09-10,IDXX,"IDEXX Laboratories, Inc.",US,제약/바이오,2026-09-09,515.15,543093,509354.65,14.3507,40636579840,20,65,60,42,43,0,AVOID,-0.37,-4,True,live,STOCK,61,NEUTRAL,NASDAQ
2026-09-10T07:57:19.063393+09:00,2026-09-10,HMC,"Honda Motor Co., Ltd.",US,소비재,2026-09-09,31.3,776840,829527.0,0.7193,40612585472,47,60,58,83,63,1,HOLD,0.43,5,False,live,STOCK,61,NEUTRAL,NYSE
2026-09-10T07:57:19.063393+09:00,2026-09-10,CBRE,"CBRE Group, Inc.",US,리츠,2026-09-09,139.68,1716468,1422778.4,4.3821,40447877120,35,60,63,66,52,0,HOLD,0.02,0,False,live,STOCK,48,NEUTRAL,NYSE
2026-09-10T07:57:19.063393+09:00,2026-09-10,MSCI,MSCI Inc.,US,금융,2026-09-09,554.54,495882,513369.1,11.6986,40315056128,31,60,68,50,47,0,HOLD,-0.22,-3,False,live,STOCK,46,NEUTRAL,NYSE
2026-09-10T07:57:19.063393+09:00,2026-09-10,FMX,"Fomento Económico Mexicano, S.A.B. de C.",US,소매,2026-09-09,117.98,220553,367707.65,2.3543,40193601536,50,60,60,53,54,0,HOLD,0.11,1,False,live,STOCK,56,NEUTRAL,NYSE
2026-09-10T07:57:19.063393+09:00,2026-09-10,YUM,"Yum! Brands, Inc.",US,소비재,2026-09-09,145.16,2926991,2309884.55,3.7079,39614324736,31,60,53,50,42,0,AVOID,-0.41,-5,True,live,STOCK,33,NEUTRAL,NYSE
2026-09-10T07:57:19.063393+09:00,2026-09-10,AIG,"American International Group, Inc.",US,금융,2026-09-09,75.03,6347051,3262002.55,1.2329,39232675840,31,60,55,94,60,1,HOLD,-0.01,0,False,live,STOCK,55,NEUTRAL,NYSE
2026-09-10T07:57:19.063393+09:00,2026-09-10,MCHP,Microchip Technology Incorporated,US,반도체,2026-09-09,73.01,5103963,7979588.15,2.1231,39645065216,37,65,70,51,45,1,HOLD,-0.35,-4,False,live,STOCK,24,NEUTRAL,NASDAQ
2026-09-10T07:57:19.063393+09:00,2026-09-10,PFH,"Prudential Financial, Inc. 4.125% Junior",US,금융,2026-09-09,15.18,31032,33781.6,0.2465,,50,60,58,50,50,0,HOLD,-0.05,-1,False,live,STOCK,40,NEUTRAL,NYSE
2026-09-10T07:57:19.063393+09:00,2026-09-10,ED,"Consolidated Edison, Inc.",US,유틸리티,2026-09-09,107.49,1619002,2141000.1,1.5871,39752880128,50,60,65,52,60,1,HOLD,0.41,5,False,live,STOCK,84,NEUTRAL,NYSE
2026-09-10T07:57:19.063393+09:00,2026-09-10,LYV,"Live Nation Entertainment, Inc.",US,인터넷,2026-09-09,169.99,2688858,1778357.9,3.9343,39600787456,20,65,60,22,34,0,AVOID,-0.41,-5,True,live,STOCK,48,NEUTRAL,NYSE
2026-09-10T07:57:19.063393+09:00,2026-09-10,AXON,"Axon Enterprise, Inc.",US,산업재,2026-09-09,490.0,736888,755354.4,28.155,39806332928,39,60,60,35,45,0,HOLD,0.05,1,False,live,STOCK,54,NEUTRAL,NASDAQ
2026-09-10T07:57:19.063393+09:00,2026-09-10,TTWO,"Take-Two Interactive Software, Inc.",US,IT,2026-09-09,211.14,2164094,2548964.7,8.1794,39479050240,20,60,53,42,33,0,AVOID,-0.62,-7,True,live,STOCK,20,NEUTRAL,NASDAQ
2026-09-10T07:57:19.063393+09:00,2026-09-10,VOD,Vodafone Group Public Limited Company,US,인터넷,2026-09-09,17.13,3194446,2954852.3,0.2882,39587999744,78,65,55,86,75,3,BUY,0.91,11,False,live,STOCK,72,NEUTRAL,NASDAQ
2026-09-10T07:57:19.063393+09:00,2026-09-10,ROP,"Roper Technologies, Inc.",US,IT,2026-09-09,390.35,605817,657055.85,9.7382,38605955072,47,60,60,68,62,1,HOLD,0.5,6,False,live,STOCK,75,NEUTRAL,NASDAQ
2026-09-10T07:57:19.063393+09:00,2026-09-10,SYY,Sysco Corporation,US,소매,2026-09-09,81.57,6111140,2511552.0,1.5304,39079862272,28,60,63,50,40,0,AVOID,-0.33,-4,True,live,STOCK,19,NEUTRAL,NYSE
2026-09-10T07:57:19.063393+09:00,2026-09-10,DHI,"D.R. Horton, Inc.",US,소비재,2026-09-09,138.93,2236171,1859713.55,3.3829,38858895360,20,60,68,68,45,0,HOLD,-0.4,-5,False,live,STOCK,26,NEUTRAL,NYSE
2026-09-10T07:57:19.063393+09:00,2026-09-10,NTR,Nutrien Ltd.,US,소재,2026-09-09,80.72,3315756,2698252.8,2.4379,38520397824,80,60,50,60,70,2,WATCH,0.93,11,False,live,STOCK,90,NEUTRAL,NYSE
2026-09-10T07:57:19.063393+09:00,2026-09-10,SHG,"Shinhan Financial Group Co., Ltd.",US,금융,2026-09-09,81.71,142055,155132.75,2.1363,38474326016,85,60,50,65,68,1,HOLD,0.83,10,False,live,STOCK,63,NEUTRAL,NYSE
2026-09-10T07:57:19.063393+09:00,2026-09-10,CLS,Celestica Inc.,US,IT,2026-09-09,333.6,2740354,2359907.7,15.8007,42070671360,72,60,60,50,56,1,HOLD,0.23,3,False,live,STOCK,39,NEUTRAL,NYSE
2026-09-10T07:57:19.063393+09:00,2026-09-10,PCG,PG&E Corporation,US,유틸리티,2026-09-09,14.19,55296316,52808270.8,1.1123,31251587072,28,60,56,88,62,2,WATCH,-0.09,-1,False,live,STOCK,81,NEUTRAL,NYSE
2026-09-10T07:57:19.063393+09:00,2026-09-10,RKT,"Rocket Companies, Inc.",US,금융,2026-09-09,13.43,22531980,23464479.0,0.56,38028959744,32,60,63,60,51,0,HOLD,0.06,1,False,live,STOCK,56,NEUTRAL,NYSE
2026-09-10T07:57:19.063393+09:00,2026-09-10,JD,"JD.com, Inc.",US,소비재,2026-09-09,27.0,8978311,8485415.55,0.5228,36463497216,20,60,63,74,55,2,HOLD,-0.12,-1,False,live,STOCK,71,NEUTRAL,NASDAQ
2026-09-10T07:57:19.063393+09:00,2026-09-10,ODFL,"Old Dominion Freight Line, Inc.",US,산업재,2026-09-09,181.96,1706743,1638692.15,6.3676,37730611200,10,60,63,50,37,0,AVOID,-0.74,-9,True,live,STOCK,33,NEUTRAL,NASDAQ
2026-09-10T07:57:19.063393+09:00,2026-09-10,VIK,Viking Holdings Ltd,US,소비재,2026-09-09,85.07,5229543,4197677.15,2.8257,37995503616,25,60,55,50,38,0,AVOID,-0.54,-6,True,live,STOCK,23,NEUTRAL,NYSE
2026-09-10T07:57:19.063393+09:00,2026-09-10,ONC,BeOne Medicines AG,US,제약/바이오,2026-09-09,351.0,674703,345420.15,8.7236,39705878528,43,65,48,51,55,1,HOLD,0.34,4,False,live,STOCK,87,NEUTRAL,NASDAQ
2026-09-10T07:57:19.063393+09:00,2026-09-10,HIG,"The Hartford Insurance Group, Inc.",US,금융,2026-09-09,136.56,1167981,1284514.05,2.2949,36990279680,32,60,58,86,52,1,HOLD,-0.14,-2,False,live,STOCK,25,NEUTRAL,NYSE
2026-09-10T07:57:19.063393+09:00,2026-09-10,VG,"Venture Global, Inc.",US,에너지,2026-09-09,15.29,18356669,13294388.45,0.6164,38226419712,88,60,45,62,69,2,WATCH,0.91,11,False,live,STOCK,77,NEUTRAL,NYSE
2026-09-10T07:57:19.063393+09:00,2026-09-10,NWG,NatWest Group plc,US,금융,2026-09-09,18.56,2300053,2564247.65,0.2532,73677676544,51,60,55,70,56,1,HOLD,0.28,3,False,live,STOCK,42,NEUTRAL,NYSE
2026-09-10T07:57:19.063393+09:00,2026-09-10,EC,Ecopetrol S.A.,US,에너지,2026-09-09,17.83,1418296,1611164.8,0.5286,36655534080,84,60,55,96,76,2,WATCH,0.86,10,False,live,STOCK,55,NEUTRAL,NYSE
2026-09-10T07:57:19.063393+09:00,2026-09-10,RKLB,"Rocket Lab USA, Inc.",US,산업재,2026-09-09,63.07,26298292,16449659.6,2.9732,40327651328,7,60,63,19,26,0,AVOID,-0.91,-11,True,live,STOCK,30,NEUTRAL,NASDAQ
2026-09-10T07:57:19.063393+09:00,2026-09-10,BBD,Banco Bradesco S.A.,US,금융,2026-09-09,3.43,33815869,29230833.45,0.1078,36320878592,66,60,40,78,58,1,HOLD,0.18,2,False,live,STOCK,32,NEUTRAL,NYSE
2026-09-10T07:57:19.063393+09:00,2026-09-10,NTAP,"NetApp, Inc.",US,IT,2026-09-09,184.74,2033668,2508388.4,8.1842,36286447616,44,60,50,50,50,0,HOLD,0.19,2,False,live,STOCK,61,NEUTRAL,NASDAQ
2026-09-10T07:57:19.063393+09:00,2026-09-10,PEG,Public Service Enterprise Group Incorpor,US,유틸리티,2026-09-09,72.6,2780870,2602053.5,1.1479,36178132992,50,60,50,45,44,0,AVOID,-0.28,-3,True,live,STOCK,27,NEUTRAL,NYSE
2026-09-10T07:57:19.063393+09:00,2026-09-10,KGC,Kinross Gold Corporation,US,소재,2026-09-09,30.23,5090530,8141246.5,1.3021,35860058112,51,60,60,78,64,1,HOLD,0.55,7,False,live,STOCK,69,NEUTRAL,NYSE
2026-09-10T07:57:19.063393+09:00,2026-09-10,EL,The Estée Lauder Companies Inc.,US,소매,2026-09-09,98.77,3200359,3997337.95,3.5393,35734482944,55,60,61,43,59,1,HOLD,0.62,7,False,live,STOCK,87,NEUTRAL,NYSE
2026-09-10T07:57:19.063393+09:00,2026-09-10,HSY,The Hershey Company,US,소매,2026-09-09,172.19,1459235,1134351.75,3.9043,34597392384,35,60,50,74,53,1,HOLD,-0.14,-2,False,live,STOCK,52,NEUTRAL,NYSE
2026-09-10T07:57:19.063393+09:00,2026-09-10,UAL,"United Airlines Holdings, Inc.",US,산업재,2026-09-09,107.12,2701704,3096205.2,3.5693,34767908864,25,60,60,73,46,1,HOLD,-0.3,-4,False,live,STOCK,23,NEUTRAL,NASDAQ
2026-09-10T07:57:19.063393+09:00,2026-09-10,KR,The Kroger Co.,US,소매,2026-09-09,56.44,7174108,5762865.4,1.3357,34577813504,28,60,55,74,50,1,HOLD,-0.37,-4,False,live,STOCK,44,NEUTRAL,NYSE
2026-09-10T07:57:19.063393+09:00,2026-09-10,WEC,"WEC Energy Group, Inc.",US,유틸리티,2026-09-09,106.15,2450331,2427631.55,1.6304,34588913664,47,60,63,42,45,0,HOLD,-0.18,-2,False,live,STOCK,27,NEUTRAL,NYSE
2026-09-10T07:57:19.063393+09:00,2026-09-10,ALNY,"Alnylam Pharmaceuticals, Inc.",US,제약/바이오,2026-09-09,258.0,1408803,1730360.15,11.3061,34522750976,72,65,60,50,66,2,WATCH,0.51,6,False,live,STOCK,85,NEUTRAL,NASDAQ
2026-09-10T07:57:19.063393+09:00,2026-09-10,STLD,"Steel Dynamics, Inc.",US,소재,2026-09-09,240.69,808012,1180625.6,8.4665,34497638400,57,60,63,53,57,0,HOLD,0.15,2,False,live,STOCK,55,NEUTRAL,NASDAQ
2026-09-10T07:57:19.063393+09:00,2026-09-10,MTB,M&T Bank Corporation,US,금융,2026-09-09,238.0,775957,917047.85,4.1764,34494050304,32,60,45,60,46,0,HOLD,-0.19,-2,False,live,STOCK,48,NEUTRAL,NYSE
2026-09-10T07:57:19.063393+09:00,2026-09-10,TWLO,Twilio Inc.,US,IT,2026-09-09,227.19,1453909,1931835.45,9.1742,34890752000,47,60,60,58,53,0,HOLD,0.21,3,False,live,STOCK,48,NEUTRAL,NYSE
2026-09-10T07:57:19.063393+09:00,2026-09-10,CHT,"Chunghwa Telecom Co., Ltd.",US,인터넷,2026-09-09,44.42,241533,191526.65,0.4701,34458574848,69,65,55,50,64,1,HOLD,0.6,7,False,live,STOCK,88,NEUTRAL,NYSE
2026-09-10T07:57:19.063393+09:00,2026-09-10,PPLC,PPL Corporation,US,유틸리티,2026-09-09,46.23,4903,255355.15,0.6529,,50,60,58,50,46,0,HOLD,-0.12,-1,False,live,STOCK,24,NEUTRAL,NYSE
2026-09-10T07:57:19.063393+09:00,2026-09-10,IRM,Iron Mountain Incorporated,US,리츠,2026-09-09,115.22,1334565,1457713.25,3.6182,34301319168,25,60,50,35,40,0,AVOID,-0.4,-5,True,live,STOCK,62,NEUTRAL,NYSE
2026-09-10T07:57:19.063393+09:00,2026-09-10,BBDO,Banco Bradesco S.A.,US,금융,2026-09-09,3.14,84154,80607.7,0.1199,33250017280,76,60,55,80,66,2,WATCH,0.62,7,False,live,STOCK,40,NEUTRAL,NYSE
2026-09-10T07:57:19.063393+09:00,2026-09-10,EQT,EQT Corporation,US,에너지,2026-09-09,54.63,6277060,6143308.0,1.445,34171940864,58,60,55,68,61,0,HOLD,0.36,4,False,live,STOCK,61,NEUTRAL,NYSE
2026-09-10T07:57:19.063393+09:00,2026-09-10,KVUE,Kenvue Inc.,US,소매,2026-09-09,17.75,22520410,20031015.5,0.3493,34093729792,20,60,60,66,42,0,AVOID,-0.48,-6,True,live,STOCK,19,NEUTRAL,NYSE
2026-09-10T07:57:19.063393+09:00,2026-09-10,TECK,Teck Resources Limited,US,소재,2026-09-09,70.34,3010914,2929125.7,2.1875,34508804096,69,60,55,53,61,0,HOLD,0.66,8,False,live,STOCK,69,NEUTRAL,NYSE
2026-09-10T07:57:19.063393+09:00,2026-09-10,CQP,"Cheniere Energy Partners, L.P.",US,에너지,2026-09-09,69.91,136618,107490.9,1.7957,33840476160,69,60,53,55,62,1,HOLD,0.56,7,False,live,STOCK,72,NEUTRAL,NYSE
2026-09-10T07:57:19.063393+09:00,2026-09-10,NTRS,Northern Trust Corporation,US,금융,2026-09-09,184.69,885547,937752.35,3.4533,33790078976,47,60,60,60,55,0,HOLD,0.29,3,False,live,STOCK,55,NEUTRAL,NASDAQ
2026-09-10T07:57:19.063393+09:00,2026-09-10,STRC,Strategy Inc,US,IT,2026-09-09,97.85,1381809,1470575.45,0.7613,,47,60,48,60,54,0,HOLD,0.15,2,False,live,STOCK,64,NEUTRAL,NASDAQ
2026-09-10T07:57:19.063393+09:00,2026-09-10,PUK,Prudential plc,US,금융,2026-09-09,27.11,646271,1015148.55,0.5093,33556600832,35,60,55,78,48,1,HOLD,-0.19,-2,False,live,STOCK,16,NEUTRAL,NYSE
2026-09-10T07:57:19.063393+09:00,2026-09-10,RJF,"Raymond James Financial, Inc.",US,금융,2026-09-09,175.47,1113543,1120212.15,4.0586,33753710592,47,60,63,68,59,0,HOLD,0.43,5,False,live,STOCK,61,NEUTRAL,NYSE
2026-09-10T07:57:19.063393+09:00,2026-09-10,HBAN,Huntington Bancshares Incorporated,US,금융,2026-09-09,16.63,20338283,19583099.15,0.3054,33599498240,25,60,32,68,45,0,HOLD,-0.45,-5,False,live,STOCK,55,NEUTRAL,NASDAQ
2026-09-10T07:57:19.063393+09:00,2026-09-10,ACGL,Arch Capital Group Ltd.,US,금융,2026-09-09,96.115,2886837,2467701.85,1.7279,32775215104,35,60,55,78,54,1,HOLD,-0.0,0,False,live,STOCK,48,NEUTRAL,NASDAQ
2026-09-10T07:57:19.063393+09:00,2026-09-10,ESLT,Elbit Systems Ltd.,US,산업재,2026-09-09,714.4,85383,77764.15,14.8914,33477636096,17,60,50,37,38,0,AVOID,-0.6,-7,True,live,STOCK,61,NEUTRAL,NASDAQ
2026-09-10T07:57:19.063393+09:00,2026-09-10,ALC,Alcon Inc.,US,제약/바이오,2026-09-09,68.43,1964814,1361105.7,1.2475,33079062528,35,65,60,50,41,0,AVOID,-0.3,-4,True,live,STOCK,16,NEUTRAL,NYSE
2026-09-10T07:57:19.063393+09:00,2026-09-10,EME,"EMCOR Group, Inc.",US,산업재,2026-09-09,754.29,269007,345615.35,22.7921,33271656448,40,60,55,50,45,0,HOLD,-0.24,-3,False,live,STOCK,33,NEUTRAL,NYSE
2026-09-10T07:57:19.063393+09:00,2026-09-10,ERIC,Telefonaktiebolaget LM Ericsson (publ),US,IT,2026-09-09,10.06,5164317,7757630.85,0.1643,32852770816,50,60,50,78,54,1,HOLD,-0.22,-3,False,live,STOCK,30,NEUTRAL,NASDAQ
2026-09-10T07:57:19.063393+09:00,2026-09-10,CCI,Crown Castle Inc.,US,리츠,2026-09-09,75.18,2210284,2436384.2,1.7296,31985739776,40,60,60,58,49,0,HOLD,-0.31,-4,False,live,STOCK,36,NEUTRAL,NYSE
2026-09-10T07:57:19.063393+09:00,2026-09-10,KMB,Kimberly-Clark Corporation,US,소매,2026-09-09,98.7,6957597,3215209.85,2.2686,32762511360,20,60,60,50,36,0,AVOID,-0.6,-7,True,live,STOCK,13,NEUTRAL,NASDAQ
2026-09-10T07:57:19.063393+09:00,2026-09-10,JBL,Jabil Inc.,US,IT,2026-09-09,311.37,789902,926195.1,9.5011,32627554304,28,60,60,58,44,0,AVOID,-0.48,-6,True,live,STOCK,29,NEUTRAL,NYSE
2026-09-10T07:57:19.063393+09:00,2026-09-10,VMC,Vulcan Materials Company,US,소재,2026-09-09,249.89,1028582,901834.1,7.0857,32380430336,20,60,53,58,39,0,AVOID,-0.64,-8,True,live,STOCK,26,NEUTRAL,NYSE
2026-09-10T07:57:19.063393+09:00,2026-09-10,P,"Everpure, Inc.",US,IT,2026-09-09,97.06,2569744,3442122.2,6.2041,32343037952,48,60,45,27,44,0,AVOID,0.14,2,True,live,STOCK,64,NEUTRAL,NYSE
2026-09-10T07:57:19.063393+09:00,2026-09-10,RMD,ResMed Inc.,US,제약/바이오,2026-09-09,219.95,1137848,1370797.4,6.0364,31728293888,47,65,56,58,55,0,HOLD,0.33,4,False,live,STOCK,63,NEUTRAL,NYSE
2026-09-10T07:57:19.063393+09:00,2026-09-10,RBLX,Roblox Corporation,US,IT,2026-09-09,44.52,8626694,10414249.7,1.9514,31804016640,58,60,50,45,52,0,HOLD,0.23,3,False,live,STOCK,55,NEUTRAL,NYSE
2026-09-10T07:57:19.063393+09:00,2026-09-10,CNC,Centene Corp.,US,제약/바이오,2026-09-09,64.06,4478912,3822060.6,1.9236,31645319168,46,65,76,76,58,2,HOLD,0.16,2,False,live,STOCK,32,NEUTRAL,NYSE
2026-09-10T07:57:19.063393+09:00,2026-09-10,DXCM,"DexCom, Inc.",US,제약/바이오,2026-09-09,83.88,3948887,3995349.35,2.3854,31653019648,47,65,50,42,50,0,HOLD,0.21,3,False,live,STOCK,67,NEUTRAL,NASDAQ
2026-09-10T07:57:19.063393+09:00,2026-09-10,UI,Ubiquiti Inc.,US,IT,2026-09-09,520.58,391085,194409.25,33.1577,31509864448,43,60,55,42,44,0,AVOID,-0.25,-3,True,live,STOCK,37,NEUTRAL,NYSE
2026-09-10T07:57:19.063393+09:00,2026-09-10,CRDO,Credo Technology Group Holding Ltd,US,반도체,2026-09-09,167.92,6929038,7001091.9,14.7806,31560886272,10,65,58,42,31,0,AVOID,-0.91,-11,True,live,STOCK,20,NEUTRAL,NASDAQ
2026-09-10T07:57:19.063393+09:00,2026-09-10,BIDU,"Baidu, Inc.",US,인터넷,2026-09-09,92.03,2714111,3560270.55,2.8671,31433564160,40,65,60,88,59,1,HOLD,-0.14,-2,False,live,STOCK,44,NEUTRAL,NASDAQ
2026-09-10T07:57:19.063393+09:00,2026-09-10,EXPE,"Expedia Group, Inc.",US,소비재,2026-09-09,272.6,2674159,1586602.95,12.697,32717273088,43,60,45,76,54,1,HOLD,0.13,2,False,live,STOCK,48,NEUTRAL,NASDAQ
2026-09-10T07:57:19.063393+09:00,2026-09-10,BIIB,Biogen Inc.,US,제약/바이오,2026-09-09,210.73,694488,697599.4,5.6614,31136200704,44,65,63,58,57,0,HOLD,0.32,4,False,live,STOCK,68,NEUTRAL,NASDAQ
2026-09-10T07:57:19.063393+09:00,2026-09-10,CCL,Carnival Corporation & plc,US,소비재,2026-09-09,22.7,19001099,18423229.95,0.7407,31091036160,20,60,55,86,47,1,HOLD,-0.61,-7,False,live,STOCK,20,NEUTRAL,NYSE
2026-09-10T07:57:19.063393+09:00,2026-09-10,HAL,Halliburton Company,US,에너지,2026-09-09,37.13,9360478,10678213.9,1.1037,31018319872,80,60,50,74,61,2,WATCH,0.25,3,False,live,STOCK,26,NEUTRAL,NYSE
2026-09-10T07:57:19.063393+09:00,2026-09-10,ILMN,"Illumina, Inc.",US,제약/바이오,2026-09-09,205.0,1689265,1733263.25,9.8675,30954999808,51,65,63,42,56,1,HOLD,0.52,6,False,live,STOCK,78,NEUTRAL,NASDAQ
2026-09-10T07:57:19.063393+09:00,2026-09-10,TS,Tenaris S.A.,US,에너지,2026-09-09,57.59,1005617,1373470.85,1.2902,29072576512,54,60,50,55,50,0,HOLD,-0.09,-1,False,live,STOCK,39,NEUTRAL,NYSE
2026-09-10T07:57:19.063393+09:00,2026-09-10,STRF,MicroStrategy Incorporated 10.00% Series,US,IT,2026-09-09,103.85,19349,68877.45,1.4049,,76,60,48,60,67,2,WATCH,0.79,9,False,live,STOCK,82,NEUTRAL,NASDAQ
2026-09-10T07:57:19.063393+09:00,2026-09-10,ZTS,Zoetis Inc.,US,제약/바이오,2026-09-09,73.31,5444694,4882239.7,2.1571,30293422080,43,65,55,65,58,1,HOLD,0.06,1,False,live,STOCK,75,NEUTRAL,NYSE
2026-09-10T07:57:19.063393+09:00,2026-09-10,NMR,"Nomura Holdings, Inc.",US,금융,2026-09-09,10.45,873980,653779.0,0.1807,30541096960,80,60,55,68,65,1,HOLD,0.71,9,False,live,STOCK,46,NEUTRAL,NYSE
2026-09-10T07:57:19.063393+09:00,2026-09-10,FTI,TechnipFMC plc,US,에너지,2026-09-09,77.81,2733387,2612994.35,2.1475,30514309120,62,60,60,50,57,0,HOLD,0.48,6,False,live,STOCK,58,NEUTRAL,NYSE
2026-09-10T07:57:19.063393+09:00,2026-09-10,WAT,Waters Corporation,US,제약/바이오,2026-09-09,404.81,755228,646121.4,12.3454,39746617344,50,65,32,35,47,1,HOLD,0.1,1,False,live,STOCK,77,NEUTRAL,NYSE
2026-09-10T07:57:19.063393+09:00,2026-09-10,MLM,"Martin Marietta Materials, Inc.",US,소재,2026-09-09,502.99,912716,657405.8,12.2618,35722039296,28,60,63,58,44,0,AVOID,-0.43,-5,True,live,STOCK,26,NEUTRAL,NYSE
2026-09-10T07:57:19.063393+09:00,2026-09-10,ROIV,Roivant Sciences Ltd.,US,제약/바이오,2026-09-09,41.81,10807236,8674886.8,1.6354,30200326144,92,65,48,50,67,2,WATCH,0.93,11,False,live,STOCK,74,NEUTRAL,NASDAQ
2026-09-10T07:57:19.063393+09:00,2026-09-10,SUNB,Sunbelt Rentals Holdings Inc,US,산업재,2026-09-09,73.42,15479463,7320908.15,3.1971,30098348032,40,60,45,66,52,0,HOLD,-0.18,-2,False,live,STOCK,58,NEUTRAL,NYSE
2026-09-10T07:57:19.063393+09:00,2026-09-10,BAP,Credicorp Ltd.,US,금융,2026-09-09,375.51,483475,325863.75,8.5029,29822748672,61,60,58,63,60,0,HOLD,0.41,5,False,live,STOCK,55,NEUTRAL,NYSE
2026-09-10T07:57:19.063393+09:00,2026-09-10,CPRT,"Copart, Inc.",US,산업재,2026-09-09,32.03,7688399,9843879.95,0.9621,30854766592,40,60,55,45,50,0,HOLD,0.06,1,False,live,STOCK,69,NEUTRAL,NASDAQ
2026-09-10T07:57:19.063393+09:00,2026-09-10,HPQ,HP Inc.,US,IT,2026-09-09,32.39,15424237,15361316.85,1.5375,29209010176,92,60,50,63,73,2,WATCH,1.07,13,False,live,STOCK,84,NEUTRAL,NYSE
2026-09-10T07:57:19.063393+09:00,2026-09-10,GEHC,GE HealthCare Technologies Inc.,US,제약/바이오,2026-09-09,65.17,3525075,2624268.75,1.5659,29645295616,35,65,66,68,53,0,HOLD,0.02,0,False,live,STOCK,45,NEUTRAL,NASDAQ
2026-09-10T07:57:19.063393+09:00,2026-09-10,AEE,Ameren Corporation,US,유틸리티,2026-09-09,106.25,1605933,1378121.65,1.6477,29414596608,47,60,53,42,46,0,HOLD,-0.12,-1,False,live,STOCK,41,NEUTRAL,NYSE
2026-09-10T07:57:19.063393+09:00,2026-09-10,CFG,"Citizens Financial Group, Inc.",US,금융,2026-09-09,69.37,2554440,2898787.0,1.3583,29217036288,32,60,63,68,52,0,HOLD,0.01,0,False,live,STOCK,45,NEUTRAL,NYSE
2026-09-10T07:57:19.063393+09:00,2026-09-10,KHC,The Kraft Heinz Company,US,소매,2026-09-09,24.61,18098755,15662852.75,0.593,29183123456,28,60,66,96,63,1,HOLD,0.16,2,False,live,STOCK,63,NEUTRAL,NASDAQ
2026-09-10T07:57:19.063393+09:00,2026-09-10,WTW,Willis Towers Watson Public Limited Comp,US,금융,2026-09-09,313.72,518109,481770.45,7.6293,29135783936,47,60,60,58,47,0,HOLD,0.07,1,False,live,STOCK,19,NEUTRAL,NASDAQ
2026-09-10T07:57:19.063393+09:00,2026-09-10,MDB,"MongoDB, Inc.",US,IT,2026-09-09,358.38,2374118,2011155.9,23.1861,28869783552,43,60,50,35,43,0,AVOID,-0.13,-2,True,live,STOCK,48,NEUTRAL,NASDAQ
2026-09-10T07:57:19.063393+09:00,2026-09-10,IR,Ingersoll Rand Inc.,US,산업재,2026-09-09,73.58,3059062,3139623.1,1.9776,28548999168,20,60,60,66,44,0,AVOID,-0.33,-4,True,live,STOCK,32,NEUTRAL,NYSE
2026-09-10T07:57:19.063393+09:00,2026-09-10,MDLN,Medline Inc.,US,제약/바이오,2026-09-09,34.05,5240154,6522352.7,1.293,45811998720,50,65,55,50,53,0,HOLD,0.02,0,False,live,STOCK,59,NEUTRAL,NASDAQ
2026-09-10T07:57:19.063393+09:00,2026-09-10,OKTA,"Okta, Inc.",US,IT,2026-09-09,172.74,3418587,3973749.35,9.6975,30198568960,95,60,60,43,69,2,WATCH,1.12,13,False,live,STOCK,80,NEUTRAL,NASDAQ
2026-09-10T07:57:19.063393+09:00,2026-09-10,EXR,Extra Space Storage Inc.,US,리츠,2026-09-09,135.63,858053,896602.65,2.4914,29933887488,20,60,60,53,44,0,AVOID,-0.42,-5,True,live,STOCK,49,NEUTRAL,NYSE
2026-09-10T07:57:19.063393+09:00,2026-09-10,PBA,Pembina Pipeline Corporation,US,에너지,2026-09-09,49.21,840895,907574.75,0.8211,28618321920,72,60,60,58,65,2,WATCH,0.62,7,False,live,STOCK,72,NEUTRAL,NYSE
2026-09-10T07:57:19.063393+09:00,2026-09-10,DTE,DTE Energy Company,US,유틸리티,2026-09-09,136.06,1110467,1184648.35,1.9736,28312461312,47,60,58,50,50,0,HOLD,-0.05,-1,False,live,STOCK,49,NEUTRAL,NYSE
2026-09-10T07:57:19.063393+09:00,2026-09-10,ZM,"Zoom Communications, Inc.",US,IT,2026-09-09,96.18,2384758,3300007.9,4.2093,28063758336,40,60,53,73,54,1,HOLD,-0.01,0,False,live,STOCK,48,NEUTRAL,NASDAQ
2026-09-10T07:57:19.063393+09:00,2026-09-10,RDDT,"Reddit, Inc.",US,인터넷,2026-09-09,146.44,4752987,7134829.35,7.1847,28174544896,53,65,60,58,50,0,HOLD,-0.21,-3,False,live,STOCK,23,NEUTRAL,NYSE
2026-09-10T07:57:19.063393+09:00,2026-09-10,ATI,ATI Inc.,US,산업재,2026-09-09,206.54,1111889,1842734.45,7.0521,28124631040,47,60,45,35,43,0,AVOID,0.01,0,True,live,STOCK,48,NEUTRAL,NYSE
2026-09-10T07:57:19.063393+09:00,2026-09-10,RYAAY,Ryanair Holdings plc,US,산업재,2026-09-09,54.25,2087656,1199732.8,1.1961,28116914176,28,60,55,47,38,0,AVOID,-0.51,-6,True,live,STOCK,20,NEUTRAL,NASDAQ
2026-09-10T07:57:19.063393+09:00,2026-09-10,LVS,Las Vegas Sands Corp.,US,소비재,2026-09-09,43.33,7092334,4692831.7,1.2175,28064892928,28,60,55,76,55,1,HOLD,-0.27,-3,False,live,STOCK,62,NEUTRAL,NYSE
2026-09-10T07:57:19.063393+09:00,2026-09-10,FTS,Fortis Inc.,US,유틸리티,2026-09-09,55.12,450036,714826.8,0.8168,28160806912,47,60,63,42,54,1,HOLD,0.21,3,False,live,STOCK,73,NEUTRAL,NYSE
2026-09-10T07:57:19.063393+09:00,2026-09-10,FOXA,Fox Corporation,US,인터넷,2026-09-09,63.86,7403699,5202629.95,1.7345,26849136640,43,65,66,68,59,0,HOLD,0.13,2,False,live,STOCK,61,NEUTRAL,NASDAQ
2026-09-10T07:57:19.063393+09:00,2026-09-10,LPLA,LPL Financial Holdings Inc.,US,금융,2026-09-09,349.6,491013,572950.65,10.7186,27528304640,54,60,53,66,60,0,HOLD,0.46,6,False,live,STOCK,67,NEUTRAL,NASDAQ
2026-09-10T07:57:19.063393+09:00,2026-09-10,INSM,Insmed Incorporated,US,제약/바이오,2026-09-09,128.8,2841691,1811089.55,4.5825,28127539200,59,65,50,19,42,0,AVOID,0.18,2,True,live,STOCK,45,NEUTRAL,NASDAQ
2026-09-10T07:57:19.063393+09:00,2026-09-10,JBS,Jbs N.V.,US,소매,2026-09-09,12.58,4253524,5425001.2,0.4339,41380196352,35,60,60,78,56,1,HOLD,0.04,0,False,live,STOCK,48,NEUTRAL,NYSE
2026-09-10T07:57:19.063393+09:00,2026-09-10,AWK,"American Water Works Company, Inc.",US,유틸리티,2026-09-09,140.33,2122894,2160554.7,2.69,27887640576,84,60,63,42,63,1,HOLD,0.83,10,False,live,STOCK,63,NEUTRAL,NYSE
2026-09-10T07:57:19.063393+09:00,2026-09-10,DTW,DTE Energy Company 5.25 % Debentures 201,US,유틸리티,2026-09-09,19.14,29622,29616.1,0.3497,,31,60,58,80,53,1,HOLD,-0.24,-3,False,live,STOCK,40,NEUTRAL,NYSE
2026-09-10T07:57:19.063393+09:00,2026-09-10,ATO,Atmos Energy Corporation,US,유틸리티,2026-09-09,166.59,667006,942080.3,2.4516,28151803904,53,60,65,42,46,0,HOLD,-0.02,0,False,live,STOCK,24,NEUTRAL,NYSE
2026-09-10T07:57:19.063393+09:00,2026-09-10,VICI,VICI Properties Inc.,US,리츠,2026-09-09,25.21,9093467,9119213.35,0.3945,27758161920,20,60,63,80,54,1,HOLD,-0.27,-3,False,live,STOCK,55,NEUTRAL,NYSE
2026-09-10T07:57:19.063393+09:00,2026-09-10,ON,ON Semiconductor Corporation,US,반도체,2026-09-09,70.98,6467798,7471429.9,2.3921,27633838080,37,65,68,66,50,0,HOLD,-0.28,-3,False,live,STOCK,29,NEUTRAL,NASDAQ
2026-09-10T07:57:19.063393+09:00,2026-09-10,TDY,Teledyne Technologies Incorporated,US,IT,2026-09-09,595.23,284895,233414.75,11.0836,27576489984,20,60,45,58,43,0,AVOID,-0.45,-5,True,live,STOCK,51,NEUTRAL,NYSE
2026-09-10T07:57:19.063393+09:00,2026-09-10,DG,Dollar General Corporation,US,소매,2026-09-09,124.57,2562577,2576648.85,4.4036,27482232832,69,60,55,68,64,0,HOLD,0.64,8,False,live,STOCK,61,NEUTRAL,NYSE
2026-09-10T07:57:19.063393+09:00,2026-09-10,SYM,Symbotic Inc.,US,산업재,2026-09-09,42.62,1496045,1543432.25,1.5365,25800646656,65,60,45,38,52,0,HOLD,0.22,3,False,live,STOCK,59,NEUTRAL,NASDAQ
2026-09-10T07:57:19.063393+09:00,2026-09-10,ZS,"Zscaler, Inc.",US,IT,2026-09-09,166.1,3249494,2962419.7,9.8136,27083386880,54,60,40,42,51,0,HOLD,0.26,3,False,live,STOCK,69,NEUTRAL,NASDAQ
2026-09-10T07:57:19.063393+09:00,2026-09-10,RPRX,Royalty Pharma plc,US,제약/바이오,2026-09-09,60.59,4344424,2966901.2,1.5515,35011051520,47,65,45,50,55,1,HOLD,0.3,4,False,live,STOCK,84,NEUTRAL,NASDAQ
2026-09-10T07:57:19.063393+09:00,2026-09-10,WSM,"Williams-Sonoma, Inc.",US,소비재,2026-09-09,227.52,1230760,1153433.0,8.3714,26794575872,44,60,63,42,45,0,HOLD,0.05,1,False,live,STOCK,34,NEUTRAL,NYSE
2026-09-10T07:57:19.063393+09:00,2026-09-10,FE,FirstEnergy Corp.,US,유틸리티,2026-09-09,46.21,5474863,3960808.15,0.7407,26729304064,47,60,55,50,47,0,HOLD,-0.1,-1,False,live,STOCK,33,NEUTRAL,NYSE
2026-09-10T07:57:19.063393+09:00,2026-09-10,QSR,Restaurant Brands International Inc.,US,소비재,2026-09-09,77.01,2708094,2509409.7,1.7389,35279126528,47,60,63,50,54,0,HOLD,0.25,3,False,live,STOCK,61,NEUTRAL,NYSE
2026-09-10T07:57:19.063393+09:00,2026-09-10,CPAY,"Corpay, Inc.",US,IT,2026-09-09,406.09,423646,425987.3,8.9821,26663706624,47,60,50,74,58,1,HOLD,0.32,4,False,live,STOCK,61,NEUTRAL,NYSE
2026-09-10T07:57:19.063393+09:00,2026-09-10,CPNG,"Coupang, Inc.",US,소비재,2026-09-09,14.76,30333644,15023852.2,0.4734,26495148032,20,60,55,26,28,0,AVOID,-0.71,-9,True,live,STOCK,17,NEUTRAL,NYSE
2026-09-10T07:57:19.063393+09:00,2026-09-10,ES,Eversource Energy,US,유틸리티,2026-09-09,70.44,2587753,1866402.65,1.2321,26532970496,53,60,63,58,54,0,HOLD,0.17,2,False,live,STOCK,41,NEUTRAL,NYSE
2026-09-10T07:57:19.063393+09:00,2026-09-10,OTIS,Otis Worldwide Corporation,US,산업재,2026-09-09,69.3,4197155,3400182.75,1.1164,26380386304,28,60,60,68,47,0,HOLD,-0.26,-3,False,live,STOCK,33,NEUTRAL,NYSE
2026-09-10T07:57:19.063393+09:00,2026-09-10,LH,Labcorp Holdings Inc.,US,제약/바이오,2026-09-09,321.1,960234,608476.7,7.1382,26041210880,47,65,48,58,54,0,HOLD,0.26,3,False,live,STOCK,63,NEUTRAL,NYSE
2026-09-10T07:57:19.063393+09:00,2026-09-10,Q,"Qnity Electronics, Inc.",US,반도체,2026-09-09,125.47,1245919,1698150.95,4.9603,26265790464,50,65,65,50,51,0,HOLD,-0.05,-1,False,live,STOCK,39,NEUTRAL,NYSE
2026-09-10T07:57:19.063393+09:00,2026-09-10,CTSH,Cognizant Technology Solutions Corporati,US,IT,2026-09-09,58.2,6227342,6201422.1,2.0,27528599552,50,60,50,84,66,2,WATCH,0.5,6,False,live,STOCK,80,NEUTRAL,NASDAQ
2026-09-10T07:57:19.063393+09:00,2026-09-10,CNP,"CenterPoint Energy, Inc.",US,유틸리티,2026-09-09,39.77,5309937,5330326.85,0.7332,26197305344,65,60,68,42,54,0,HOLD,0.22,3,False,live,STOCK,41,NEUTRAL,NYSE
2026-09-10T07:57:19.063393+09:00,2026-09-10,MTD,Mettler-Toledo International Inc.,US,제약/바이오,2026-09-09,1290.36,193676,174163.8,34.0822,25854375936,39,65,50,42,44,0,AVOID,-0.01,0,True,live,STOCK,48,NEUTRAL,NYSE
2026-09-10T07:57:19.063393+09:00,2026-09-10,WRB,W. R. Berkley Corporation,US,금융,2026-09-09,69.91,3255919,1780165.95,1.1886,25952518144,65,60,60,63,64,0,HOLD,0.53,6,False,live,STOCK,68,NEUTRAL,NYSE
2026-09-10T07:57:19.063393+09:00,2026-09-10,PPL,PPL Corporation,US,유틸리티,2026-09-09,34.55,7067640,7825572.0,0.5614,26000422912,47,60,63,50,49,0,HOLD,-0.05,-1,False,live,STOCK,35,NEUTRAL,NYSE
2026-09-10T07:57:19.063393+09:00,2026-09-10,DGX,Quest Diagnostics Incorporated,US,제약/바이오,2026-09-09,235.46,782154,845907.7,4.9121,25988511744,44,65,50,58,47,0,HOLD,0.03,0,False,live,STOCK,34,NEUTRAL,NYSE
2026-09-10T07:57:19.063393+09:00,2026-09-10,CINF,Cincinnati Financial Corporation,US,금융,2026-09-09,169.21,434008,432775.4,2.6386,25970022400,50,60,63,78,58,1,HOLD,0.17,2,False,live,STOCK,36,NEUTRAL,NASDAQ
2026-09-10T07:57:19.063393+09:00,2026-09-10,FISV,"Fiserv, Inc.",US,IT,2026-09-09,48.65,9456258,6618722.9,1.5929,25870452736,43,60,67,88,64,1,HOLD,0.13,2,False,live,STOCK,54,NEUTRAL,NASDAQ
2026-09-10T07:57:19.063393+09:00,2026-09-10,VRSN,"VeriSign, Inc.",US,IT,2026-09-09,286.94,743914,679330.7,7.6564,25939376128,65,60,50,50,57,0,HOLD,0.29,3,False,live,STOCK,61,NEUTRAL,NASDAQ
2026-09-10T07:57:19.063393+09:00,2026-09-10,TPL,Texas Pacific Land Corporation,US,에너지,2026-09-09,374.06,305793,352504.65,15.0641,25800669184,65,60,70,29,50,1,HOLD,0.28,3,False,live,STOCK,41,NEUTRAL,NYSE
2026-09-10T07:57:19.063393+09:00,2026-09-10,DOV,Dover Corporation,US,산업재,2026-09-09,191.42,1347548,1115087.4,3.9098,25780488192,28,60,55,58,42,0,AVOID,-0.53,-6,True,live,STOCK,26,NEUTRAL,NYSE
2026-09-10T07:57:19.063393+09:00,2026-09-10,NVT,nVent Electric plc,US,산업재,2026-09-09,158.54,2137498,2501294.9,6.0796,25660956672,80,60,55,58,66,1,HOLD,0.64,8,False,live,STOCK,68,NEUTRAL,NYSE
2026-09-10T07:57:19.063393+09:00,2026-09-10,INCY,Incyte Corporation,US,제약/바이오,2026-09-09,126.01,1272257,1211937.85,3.2836,25541943296,62,65,48,55,62,1,HOLD,0.6,7,False,live,STOCK,84,NEUTRAL,NASDAQ
2026-09-10T07:57:19.063393+09:00,2026-09-10,RF,Regions Financial Corporation,US,금융,2026-09-09,29.89,6042577,7086583.85,0.5253,25464172544,32,60,63,60,50,0,HOLD,-0.02,0,False,live,STOCK,48,NEUTRAL,NYSE
2026-09-10T07:57:19.063393+09:00,2026-09-10,TCOM,Trip.com Group Limited,US,소비재,2026-09-09,39.19,5206112,2671375.6,1.0157,24678146048,25,60,55,70,48,1,HOLD,-0.48,-6,False,live,STOCK,42,NEUTRAL,NASDAQ
2026-09-10T07:57:19.063393+09:00,2026-09-10,ASTS,"AST SpaceMobile, Inc.",US,인터넷,2026-09-09,62.42,8241917,9714395.85,4.0369,24291833856,40,65,75,42,46,1,HOLD,-0.25,-3,False,live,STOCK,30,NEUTRAL,NASDAQ
2026-09-10T07:57:19.063393+09:00,2026-09-10,GFS,GLOBALFOUNDRIES Inc.,US,반도체,2026-09-09,45.95,3279493,3774394.65,1.5129,25215113216,37,65,45,66,45,0,HOLD,-0.56,-7,False,live,STOCK,24,NEUTRAL,NASDAQ
2026-09-10T07:57:19.063393+09:00,2026-09-10,SMCI,"Super Micro Computer, Inc.",US,IT,2026-09-09,38.93,30520204,50902220.2,2.1825,25182767104,73,60,50,78,72,3,BUY,0.85,10,False,live,STOCK,83,NEUTRAL,NASDAQ
2026-09-10T07:57:19.063393+09:00,2026-09-10,SYF,Synchrony Financial,US,금융,2026-09-09,77.35,2745999,3226094.95,2.1136,25167433728,50,60,50,78,58,1,HOLD,0.24,3,False,live,STOCK,48,NEUTRAL,NYSE
2026-09-10T07:57:19.063393+09:00,2026-09-10,JBHT,"J.B. Hunt Transport Services, Inc.",US,산업재,2026-09-09,267.8,967955,824307.75,8.4064,25146419200,50,60,60,58,55,0,HOLD,0.11,1,False,live,STOCK,55,NEUTRAL,NASDAQ
2026-09-10T07:57:19.063393+09:00,2026-09-10,XYL,Xylem Inc.,US,산업재,2026-09-09,107.64,6860756,2081622.8,2.6524,25132521472,17,60,63,58,40,0,AVOID,-0.45,-5,True,live,STOCK,26,NEUTRAL,NYSE
2026-09-10T07:57:19.063393+09:00,2026-09-10,FOX,Fox Corporation,US,인터넷,2026-09-09,57.1,1139917,1006280.85,1.5718,24006979584,43,65,61,68,57,0,HOLD,0.06,1,False,live,STOCK,58,NEUTRAL,NASDAQ
2026-09-10T07:57:19.063393+09:00,2026-09-10,CRCL,Circle Internet Group,US,금융,2026-09-09,92.99,9176542,15058067.1,7.4794,25348526080,84,60,50,45,65,2,WATCH,0.87,10,False,live,STOCK,80,NEUTRAL,NYSE
2026-09-10T07:57:19.063393+09:00,2026-09-10,STRD,Strategy Inc,US,IT,2026-09-09,75.01,39542,97927.1,1.5568,,69,60,58,60,67,1,HOLD,0.82,10,False,live,STOCK,85,NEUTRAL,NASDAQ
2026-09-10T07:57:19.063393+09:00,2026-09-10,BNTX,BioNTech SE,US,제약/바이오,2026-09-09,98.13,706599,1718304.95,4.6115,24650684416,36,65,48,58,53,1,HOLD,0.16,2,False,live,STOCK,74,NEUTRAL,NASDAQ
2026-09-10T07:57:19.063393+09:00,2026-09-10,EXPD,"Expeditors International of Washington, ",US,산업재,2026-09-09,188.31,669882,744964.1,3.2836,24478533632,69,60,50,42,58,1,HOLD,0.58,7,False,live,STOCK,72,NEUTRAL,NYSE
2026-09-10T07:57:19.063393+09:00,2026-09-10,PHG,Koninklijke Philips N.V.,US,제약/바이오,2026-09-09,25.02,874199,686329.95,0.405,24455235584,20,65,58,74,44,1,AVOID,-0.5,-6,True,live,STOCK,20,NEUTRAL,NYSE
2026-09-10T07:57:19.063393+09:00,2026-09-10,TSEM,Tower Semiconductor Ltd.,US,반도체,2026-09-09,216.57,987136,1342041.8,10.4932,24479176704,50,65,40,38,45,0,HOLD,-0.23,-3,False,live,STOCK,52,NEUTRAL,NASDAQ
2026-09-10T07:57:19.063393+09:00,2026-09-10,PFG,"Principal Financial Group, Inc.",US,금융,2026-09-09,114.02,1236235,1134601.75,2.679,24412211200,91,60,55,68,68,1,HOLD,0.74,9,False,live,STOCK,48,NEUTRAL,NASDAQ
2026-09-10T07:57:19.063393+09:00,2026-09-10,NRG,"NRG Energy, Inc.",US,유틸리티,2026-09-09,115.37,2814177,2500738.85,4.2329,24251983872,50,60,58,66,50,0,HOLD,-0.12,-1,False,live,STOCK,20,NEUTRAL,NYSE
2026-09-10T07:57:19.063393+09:00,2026-09-10,FWONK,Liberty Media Corporation,US,인터넷,2026-09-09,96.8,2191605,1685910.25,2.2429,24268580864,39,65,58,38,44,0,AVOID,-0.0,0,True,live,STOCK,48,NEUTRAL,NASDAQ
2026-09-10T07:57:19.063393+09:00,2026-09-10,FCNCA,"First Citizens BancShares, Inc.",US,금융,2026-09-09,2128.9399,65245,56407.25,44.6987,24042375168,46,60,60,70,56,1,HOLD,0.12,1,False,live,STOCK,48,NEUTRAL,NASDAQ
2026-09-10T07:57:19.063393+09:00,2026-09-10,HUBB,Hubbell Incorporated,US,산업재,2026-09-09,454.97,442933,450090.4,11.1758,24041422848,25,60,58,58,41,0,AVOID,-0.46,-6,True,live,STOCK,23,NEUTRAL,NYSE
2026-09-10T07:57:19.063393+09:00,2026-09-10,DRI,"Darden Restaurants, Inc.",US,소비재,2026-09-09,209.42,1202264,961313.2,5.1775,23777914880,43,60,50,42,46,0,HOLD,-0.05,-1,False,live,STOCK,54,NEUTRAL,NYSE
2026-09-10T07:57:19.063393+09:00,2026-09-10,SN,"SharkNinja, Inc.",US,소비재,2026-09-09,169.3,1722226,1528611.3,5.8621,23849553920,51,60,55,50,52,0,HOLD,0.3,4,False,live,STOCK,55,NEUTRAL,NYSE
2026-09-10T07:57:19.063393+09:00,2026-09-10,PPG,"PPG Industries, Inc.",US,소재,2026-09-09,107.16,1636441,1295662.05,2.6343,23821668352,28,60,65,60,50,0,HOLD,-0.16,-2,False,live,STOCK,52,NEUTRAL,NYSE
2026-09-10T07:57:19.063393+09:00,2026-09-10,CIB,Grupo Cibest S.A.,US,금융,2026-09-09,100.04,508572,346803.6,3.1155,23625996288,66,60,58,88,71,1,HOLD,0.74,9,False,live,STOCK,64,NEUTRAL,NYSE
2026-09-10T07:57:19.063393+09:00,2026-09-10,BG,Bunge Global S.A.,US,소매,2026-09-09,123.5,2166218,1474735.9,5.0679,23726710784,84,60,63,50,62,1,HOLD,0.56,7,False,live,STOCK,48,NEUTRAL,NYSE
2026-09-10T07:57:19.063393+09:00,2026-09-10,WST,"West Pharmaceutical Services, Inc.",US,제약/바이오,2026-09-09,336.94,470311,450220.55,7.0461,23712409600,20,65,73,50,46,1,HOLD,-0.14,-2,False,live,STOCK,52,NEUTRAL,NYSE
2026-09-10T07:57:19.063393+09:00,2026-09-10,KEY,KeyCorp,US,금융,2026-09-09,21.73,12744985,9812339.25,0.3771,23188703232,50,60,63,60,51,0,HOLD,0.0,0,False,live,STOCK,26,NEUTRAL,NYSE
2026-09-10T07:57:19.063393+09:00,2026-09-10,ULTA,"Ulta Beauty, Inc.",US,소비재,2026-09-09,541.86,475857,723527.85,19.0071,23168563200,84,60,63,42,64,1,HOLD,0.92,11,False,live,STOCK,69,NEUTRAL,NASDAQ
2026-09-10T07:57:19.063393+09:00,2026-09-10,CASY,"Casey's General Stores, Inc.",US,소비재,2026-09-09,629.03,2579584,468334.2,33.8636,23277201408,10,60,53,45,37,0,AVOID,-0.75,-9,True,live,STOCK,49,NEUTRAL,NASDAQ
2026-09-10T07:57:19.063393+09:00,2026-09-10,VRSK,"Verisk Analytics, Inc.",US,IT,2026-09-09,177.99,1191015,1123365.75,6.0,23320578048,28,60,48,58,47,0,HOLD,-0.28,-3,False,live,STOCK,58,NEUTRAL,NASDAQ
2026-09-10T07:57:19.063393+09:00,2026-09-10,VLTO,Veralto Corporation,US,산업재,2026-09-09,94.72,1579113,1479180.65,1.7266,23092105216,39,60,60,50,50,0,HOLD,0.18,2,False,live,STOCK,54,NEUTRAL,NYSE
2026-09-10T07:57:19.063393+09:00,2026-09-10,TROW,"T. Rowe Price Group, Inc.",US,금융,2026-09-09,107.74,1218788,1262269.4,2.0364,22982649856,20,60,70,78,49,2,HOLD,-0.22,-3,False,live,STOCK,30,NEUTRAL,NASDAQ
2026-09-10T07:57:19.063393+09:00,2026-09-10,TPR,"Tapestry, Inc.",US,소비재,2026-09-09,113.71,5248285,3996549.25,3.4338,22672828416,10,60,55,60,44,0,AVOID,-0.62,-7,True,live,STOCK,58,NEUTRAL,NYSE
2026-09-10T07:57:19.063393+09:00,2026-09-10,PHM,"PulteGroup, Inc.",US,소비재,2026-09-09,118.93,1960610,1258840.5,3.0529,22654541824,20,60,55,60,46,0,HOLD,-0.29,-3,False,live,STOCK,55,NEUTRAL,NYSE
2026-09-10T07:57:19.063393+09:00,2026-09-10,KOF,"Coca-Cola FEMSA, S.A.B. de C.V.",US,소매,2026-09-09,109.16,154654,128727.7,2.3654,22932686848,44,60,58,63,53,0,HOLD,0.09,1,False,live,STOCK,45,NEUTRAL,NYSE
2026-09-10T07:57:19.063393+09:00,2026-09-10,IHG,InterContinental Hotels Group PLC,US,소비재,2026-09-09,154.72,115568,206143.4,3.1973,22708322304,28,60,60,58,44,0,AVOID,-0.37,-4,True,live,STOCK,29,NEUTRAL,NYSE
2026-09-10T07:57:19.063393+09:00,2026-09-10,FFIV,"F5, Inc.",US,IT,2026-09-09,404.63,661383,461554.15,12.0886,22913056768,72,60,40,58,62,2,WATCH,0.44,5,False,live,STOCK,73,NEUTRAL,NASDAQ
2026-09-10T07:57:19.063393+09:00,2026-09-10,AFRM,"Affirm Holdings, Inc.",US,금융,2026-09-09,68.15,5433091,5578429.55,3.9634,22995259392,32,60,60,68,49,0,HOLD,-0.08,-1,False,live,STOCK,35,NEUTRAL,NASDAQ
2026-09-10T07:57:19.063393+09:00,2026-09-10,CRS,Carpenter Technology Corporation,US,소재,2026-09-09,458.45,404850,754837.5,16.3568,22720126976,20,60,58,42,37,0,AVOID,-0.63,-8,True,live,STOCK,35,NEUTRAL,NYSE
2026-09-10T07:57:19.063393+09:00,2026-09-10,DLTR,"Dollar Tree, Inc.",US,소매,2026-09-09,118.39,3758303,2425400.15,5.6068,22213552128,47,60,43,60,53,0,HOLD,0.09,1,False,live,STOCK,61,NEUTRAL,NASDAQ
2026-09-10T07:57:19.063393+09:00,2026-09-10,ROKU,"Roku, Inc.",US,인터넷,2026-09-09,152.9,5518390,2254234.5,2.0389,22693261312,51,65,60,43,53,0,HOLD,0.41,5,False,live,STOCK,66,NEUTRAL,NASDAQ
2026-09-10T07:57:19.063393+09:00,2026-09-10,AMRZ,Amrize Ltd,US,소재,2026-09-09,40.97,5401497,4065279.85,1.1911,22407544832,10,60,75,66,43,1,AVOID,-0.61,-7,True,live,STOCK,26,NEUTRAL,NYSE
2026-09-10T07:57:19.063393+09:00,2026-09-10,STRK,Strategy Inc,US,IT,2026-09-09,76.3,53649,89017.45,2.1653,,74,60,48,60,65,2,WATCH,0.75,9,False,live,STOCK,78,NEUTRAL,NASDAQ
2026-09-10T07:57:19.063393+09:00,2026-09-10,CHD,"Church & Dwight Co., Inc.",US,소매,2026-09-09,95.19,2409175,1709738.75,2.0014,22579439616,43,60,50,58,46,0,HOLD,-0.27,-3,False,live,STOCK,26,NEUTRAL,NYSE
2026-09-10T07:57:19.063393+09:00,2026-09-10,EXE,Expand Energy Corporation,US,에너지,2026-09-09,96.62,2042622,2376561.1,2.3216,23114291200,47,60,68,86,64,1,HOLD,0.42,5,False,live,STOCK,52,NEUTRAL,NASDAQ
2026-09-10T07:57:19.063393+09:00,2026-09-10,TCPA,TransCanada PipeLines Limited 6,US,에너지,2026-09-09,22.1,21303,34635.15,0.358,,47,60,55,50,48,0,HOLD,-0.11,-1,False,live,STOCK,40,NEUTRAL,NYSE
2026-09-10T07:57:19.063393+09:00,2026-09-10,L,Loews Corporation,US,금융,2026-09-09,108.68,716347,689357.35,1.5765,22217203712,25,60,60,68,46,0,HOLD,-0.3,-4,False,live,STOCK,32,NEUTRAL,NYSE
2026-09-10T07:57:19.063393+09:00,2026-09-10,IOT,Samsara Inc.,US,IT,2026-09-09,38.65,10757060,6981493.0,2.3945,22521745408,47,60,50,35,46,0,HOLD,0.15,2,False,live,STOCK,57,NEUTRAL,NYSE
2026-09-10T07:57:19.063393+09:00,2026-09-10,PAAS,Pan American Silver Corp.,US,소재,2026-09-09,52.9,5052015,5428970.75,2.0854,21933291520,66,60,55,71,66,2,WATCH,0.7,8,False,live,STOCK,72,NEUTRAL,NYSE
2026-09-10T07:57:19.063393+09:00,2026-09-10,RGLD,"Royal Gold, Inc.",US,소재,2026-09-09,262.54,432011,659420.55,7.4614,22244452352,66,60,50,50,54,0,HOLD,0.41,5,False,live,STOCK,48,NEUTRAL,NASDAQ
2026-09-10T07:57:19.063393+09:00,2026-09-10,BRO,"Brown & Brown, Inc.",US,금융,2026-09-09,66.53,1741555,1669822.75,1.8289,22261626880,47,60,60,66,55,0,HOLD,0.23,3,False,live,STOCK,45,NEUTRAL,NYSE
2026-09-10T07:57:19.063393+09:00,2026-09-10,AER,AerCap Holdings N.V.,US,산업재,2026-09-09,141.0,1061231,1037246.55,2.6968,22162952192,28,60,53,70,44,1,AVOID,-0.36,-4,True,live,STOCK,19,NEUTRAL,NYSE
2026-09-10T07:57:19.063393+09:00,2026-09-10,SOFI,"SoFi Technologies, Inc.",US,금융,2026-09-09,17.33,35740258,41923947.9,0.8657,22382913536,50,60,40,66,46,0,HOLD,-0.16,-2,False,live,STOCK,17,NEUTRAL,NASDAQ
2026-09-10T07:57:19.063393+09:00,2026-09-10,FWONA,Formula One Group,US,인터넷,2026-09-09,88.65,233976,135313.8,2.0546,22225307648,39,65,61,38,43,0,AVOID,-0.04,0,True,live,STOCK,39,NEUTRAL,NASDAQ
2026-09-10T07:57:19.063393+09:00,2026-09-10,SW,Smurfit Westrock plc,US,소비재,2026-09-09,42.2,3150451,4285847.55,1.5146,22134867968,39,60,63,66,47,0,HOLD,-0.1,-1,False,live,STOCK,13,NEUTRAL,NYSE
2026-09-10T07:57:19.063393+09:00,2026-09-10,MKL,Markel Corporation,US,금융,2026-09-09,1785.74,59867,60613.35,25.4882,22125244416,53,60,55,62,51,0,HOLD,-0.06,-1,False,live,STOCK,26,NEUTRAL,NYSE
2026-09-10T07:57:19.063393+09:00,2026-09-10,EIX,Edison International,US,유틸리티,2026-09-09,57.44,4777039,6509191.95,4.2971,22103713792,18,60,60,70,49,1,HOLD,-0.46,-6,False,live,STOCK,52,NEUTRAL,NYSE
2026-09-10T07:57:19.063393+09:00,2026-09-10,TW,Tradeweb Markets Inc.,US,금융,2026-09-09,102.94,1182806,1177405.3,2.5402,22443597824,46,60,55,50,53,0,HOLD,0.14,2,False,live,STOCK,66,NEUTRAL,NASDAQ
2026-09-10T07:57:19.063393+09:00,2026-09-10,GH,"Guardant Health, Inc.",US,제약/바이오,2026-09-09,162.78,1115688,2052124.4,8.1539,21844451328,51,65,58,58,57,0,HOLD,0.42,5,False,live,STOCK,63,NEUTRAL,NASDAQ
2026-09-10T07:57:19.063393+09:00,2026-09-10,MTSI,"MACOM Technology Solutions Holdings, Inc",US,반도체,2026-09-09,286.12,1921103,1219580.15,11.3654,21851248640,62,65,50,35,48,0,HOLD,-0.13,-2,False,live,STOCK,44,NEUTRAL,NASDAQ
2026-09-10T07:57:19.063393+09:00,2026-09-10,FSLR,"First Solar, Inc.",US,에너지,2026-09-09,203.1,3461854,1973567.7,8.1521,21827115008,37,60,50,84,57,1,HOLD,-0.25,-3,False,live,STOCK,52,NEUTRAL,NASDAQ
2026-09-10T07:57:19.063393+09:00,2026-09-10,ENTG,"Entegris, Inc.",US,반도체,2026-09-09,143.03,1449136,2043031.8,5.82,21783468032,47,65,58,43,49,0,HOLD,0.18,2,False,live,STOCK,52,NEUTRAL,NASDAQ
2026-09-10T07:57:19.063393+09:00,2026-09-10,BCE,BCE Inc.,US,인터넷,2026-09-09,23.33,3156440,2613727.0,0.3432,21755828224,43,65,63,86,62,1,HOLD,0.12,1,False,live,STOCK,52,NEUTRAL,NYSE
2026-09-10T07:57:19.063393+09:00,2026-09-10,FCNCN,"First Citizens BancShares, Inc. Deposita",US,금융,2026-09-09,24.14,29958,17117.9,0.2833,,28,60,55,50,42,0,AVOID,-0.35,-4,True,live,STOCK,40,NEUTRAL,NASDAQ
2026-09-10T07:57:19.063393+09:00,2026-09-10,THC,Tenet Healthcare Corporation,US,제약/바이오,2026-09-09,269.08,721102,748660.1,8.9429,21666052096,66,65,50,78,65,1,HOLD,0.6,7,False,live,STOCK,61,NEUTRAL,NYSE
2026-09-10T07:57:19.063393+09:00,2026-09-10,CDE,"Coeur Mining, Inc.",US,소재,2026-09-09,21.0,25199864,36532098.2,1.0079,21586634752,59,60,50,63,60,0,HOLD,0.48,6,False,live,STOCK,66,NEUTRAL,NYSE
2026-09-10T07:57:19.063393+09:00,2026-09-10,GPN,Global Payments Inc.,US,금융,2026-09-09,87.02,2566702,2614550.1,2.6164,23027091456,51,60,55,66,58,0,HOLD,0.4,5,False,live,STOCK,61,NEUTRAL,NYSE
2026-09-10T07:57:19.063393+09:00,2026-09-10,XPO,"XPO Logistics, Inc.",US,산업재,2026-09-09,184.25,1252919,922885.95,6.7339,21573181440,28,60,58,42,37,0,AVOID,-0.64,-8,True,live,STOCK,23,NEUTRAL,NYSE
2026-09-10T07:57:19.063393+09:00,2026-09-10,SQM,Sociedad Química y Minera de Chile S.A.,US,소재,2026-09-09,75.46,771747,929087.35,2.9526,21554229248,43,60,50,84,62,1,HOLD,0.2,2,False,live,STOCK,69,NEUTRAL,NYSE
2026-09-10T07:57:19.063393+09:00,2026-09-10,IFF,International Flavors & Fragrances Inc.,US,소재,2026-09-09,84.31,1612507,1373295.35,1.8111,21524635648,47,60,63,42,44,0,AVOID,0.09,1,True,live,STOCK,26,NEUTRAL,NYSE
2026-09-10T07:57:19.063393+09:00,2026-09-10,UTHR,United Therapeutics Corporation,US,제약/바이오,2026-09-09,506.82,453081,487339.05,14.7789,21737861120,25,65,50,50,44,0,AVOID,-0.41,-5,True,live,STOCK,55,NEUTRAL,NASDAQ
2026-09-10T07:57:19.063393+09:00,2026-09-10,OMC,Omnicom Group Inc.,US,인터넷,2026-09-09,78.3,3269774,2319848.7,2.3957,22315986944,39,65,45,46,40,0,AVOID,-0.29,-3,True,live,STOCK,29,NEUTRAL,NYSE
2026-09-10T07:57:19.063393+09:00,2026-09-10,USFD,US Foods Holding Corp.,US,소매,2026-09-09,97.45,3072386,1821879.3,2.7029,21081427968,39,60,63,66,54,0,HOLD,0.14,2,False,live,STOCK,49,NEUTRAL,NYSE
2026-09-10T07:57:19.063393+09:00,2026-09-10,YPF,YPF Sociedad Anónima,US,에너지,2026-09-09,54.61,2739719,1060910.95,1.7536,21411219456,74,60,67,74,74,3,BUY,0.82,10,False,live,STOCK,80,NEUTRAL,NYSE
2026-09-10T07:57:19.063393+09:00,2026-09-10,CMS,CMS Energy Corporation,US,유틸리티,2026-09-09,68.17,2308850,3241347.5,1.0039,21059049472,47,60,65,50,49,0,HOLD,-0.09,-1,False,live,STOCK,33,NEUTRAL,NYSE
2026-09-10T07:57:19.063393+09:00,2026-09-10,BCH,Banco de Chile,US,금융,2026-09-09,42.1,224139,283041.95,0.9414,21264095232,84,60,55,70,75,3,BUY,0.98,12,False,live,STOCK,87,NEUTRAL,NYSE
2026-09-10T07:57:19.063393+09:00,2026-09-10,DOW,Dow Inc.,US,소재,2026-09-09,29.4,9121243,8185467.15,1.067,21236817920,43,60,60,55,46,0,HOLD,-0.35,-4,False,live,STOCK,22,NEUTRAL,NYSE
2026-09-10T07:57:19.063393+09:00,2026-09-10,FICO,Fair Isaac Corporation,US,IT,2026-09-09,983.19,793689,354659.45,55.2586,21234579456,10,60,60,66,47,0,HOLD,-0.52,-6,False,live,STOCK,62,NEUTRAL,NYSE
2026-09-10T07:57:19.063393+09:00,2026-09-10,CF,"CF Industries Holdings, Inc.",US,소재,2026-09-09,138.11,3075102,2616070.1,5.7157,20901308416,85,60,66,86,80,3,STRONG_BUY,1.17,14,False,live,STOCK,77,NEUTRAL,NYSE
2026-09-10T07:57:19.063393+09:00,2026-09-10,CMSA,CMS Energy Corporation 5.6% JRSUB NT 78,US,유틸리티,2026-09-09,19.53,18691,19244.55,0.2068,,28,60,60,70,49,1,HOLD,-0.28,-3,False,live,STOCK,40,NEUTRAL,NYSE
2026-09-10T07:57:19.063393+09:00,2026-09-10,STE,STERIS plc,US,제약/바이오,2026-09-09,215.09,490259,586102.95,5.1331,20971298816,35,65,63,58,46,0,HOLD,-0.16,-2,False,live,STOCK,26,NEUTRAL,NYSE
2026-09-10T07:57:19.063393+09:00,2026-09-10,CW,Curtiss-Wright Corporation,US,산업재,2026-09-09,565.34,354315,404895.75,18.7347,20880519168,7,60,63,50,34,0,AVOID,-0.88,-11,True,live,STOCK,20,NEUTRAL,NYSE
2026-09-10T07:57:19.063393+09:00,2026-09-10,LYB,LyondellBasell Industries N.V.,US,소재,2026-09-09,64.51,2556193,3402554.65,2.1761,20839178240,58,60,50,78,63,1,HOLD,0.29,3,False,live,STOCK,61,NEUTRAL,NYSE
2026-09-10T07:57:19.063393+09:00,2026-09-10,STZ,"Constellation Brands, Inc.",US,소매,2026-09-09,121.55,2369131,1968331.55,3.1096,20761270272,20,60,60,78,52,1,HOLD,-0.37,-4,False,live,STOCK,55,NEUTRAL,NYSE
2026-09-10T07:57:19.063393+09:00,2026-09-10,SNX,TD Synnex Corp,US,IT,2026-09-09,258.23,483864,542758.2,6.7629,20647749632,87,60,63,66,64,1,HOLD,0.53,6,False,live,STOCK,30,NEUTRAL,NYSE
2026-09-10T07:57:19.063393+09:00,2026-09-10,RL,Ralph Lauren Corporation,US,소비재,2026-09-09,335.61,621466,616478.3,10.2714,19996395520,20,60,55,58,38,0,AVOID,-0.69,-8,True,live,STOCK,20,NEUTRAL,NYSE
2026-09-10T07:57:19.063393+09:00,2026-09-10,WES,"Western Midstream Partners, LP",US,에너지,2026-09-09,49.29,551471,742433.55,0.9216,20365375488,62,60,68,60,65,1,HOLD,0.74,9,False,live,STOCK,74,NEUTRAL,NYSE
2026-09-10T07:57:19.063393+09:00,2026-09-10,GMAB,Genmab A/S,US,제약/바이오,2026-09-09,33.04,2124959,2598782.95,0.8139,20601516032,51,65,60,53,61,1,HOLD,0.59,7,False,live,STOCK,87,NEUTRAL,NASDAQ
2026-09-10T07:57:19.063393+09:00,2026-09-10,PKG,Packaging Corporation of America,US,소비재,2026-09-09,227.28,532091,506409.55,6.2396,20250261504,39,60,53,58,44,0,AVOID,-0.24,-3,True,live,STOCK,19,NEUTRAL,NYSE
2026-09-10T07:57:19.063393+09:00,2026-09-10,RS,Reliance Steel & Aluminum Co.,US,소재,2026-09-09,394.99,168129,337731.45,11.3111,20165423104,65,60,50,58,59,0,HOLD,0.32,4,False,live,STOCK,61,NEUTRAL,NYSE
2026-09-10T07:57:19.063393+09:00,2026-09-10,WWD,"Woodward, Inc.",US,산업재,2026-09-09,337.66,360375,521363.75,8.92,19937411072,47,60,60,50,49,0,HOLD,-0.13,-2,False,live,STOCK,38,NEUTRAL,NASDAQ
2026-09-10T07:57:19.063393+09:00,2026-09-10,SOJD,Southern Company (The) Series 2,US,유틸리티,2026-09-09,17.96,142816,91220.8,0.2236,,28,60,58,50,43,0,AVOID,-0.37,-4,True,live,STOCK,40,NEUTRAL,NYSE
2026-09-10T07:57:19.063393+09:00,2026-09-10,LEN,Lennar Corporation,US,소비재,2026-09-09,80.76,3380207,2549605.35,2.1119,19454691328,43,60,60,73,52,1,HOLD,-0.21,-3,False,live,STOCK,26,NEUTRAL,NYSE
2026-09-10T07:57:19.063393+09:00,2026-09-10,NI,NiSource Inc,US,유틸리티,2026-09-09,41.67,4083608,5218310.4,0.7189,19983267840,65,60,55,42,51,0,HOLD,0.04,0,False,live,STOCK,41,NEUTRAL,NYSE
2026-09-10T07:57:19.063393+09:00,2026-09-10,AMCR,Amcor plc,US,소비재,2026-09-09,43.13,3658764,3613353.2,0.996,19940970496,39,60,71,66,50,1,HOLD,0.1,1,False,live,STOCK,19,NEUTRAL,NYSE
2026-09-10T07:57:19.063393+09:00,2026-09-10,ATHS,Athene Holding Ltd. 7.250% Fixe,US,금융,2026-09-09,24.87,51462,31968.1,0.2259,,80,60,58,50,59,1,HOLD,0.46,6,False,live,STOCK,40,NEUTRAL,NYSE
2026-09-10T07:57:19.063393+09:00,2026-09-10,SBAC,SBA Communications Corporation,US,리츠,2026-09-09,186.74,1137307,757775.35,4.5743,19810893824,80,60,63,45,57,1,HOLD,0.3,4,False,live,STOCK,34,NEUTRAL,NASDAQ
2026-09-10T07:57:19.063393+09:00,2026-09-10,GIS,"General Mills, Inc.",US,소매,2026-09-09,37.09,7785668,8509893.4,1.1943,19829407744,47,60,63,73,61,1,HOLD,0.42,5,False,live,STOCK,63,NEUTRAL,NYSE
2026-09-10T07:57:19.063393+09:00,2026-09-10,PR,Permian Resources Corporation,US,에너지,2026-09-09,23.62,7135831,9232571.55,0.6207,19783098368,73,60,55,68,68,2,WATCH,0.78,9,False,live,STOCK,71,NEUTRAL,NYSE
2026-09-10T07:57:19.063393+09:00,2026-09-10,EFX,Equifax Inc.,US,산업재,2026-09-09,168.09,1668863,1133503.15,7.0469,19748036608,35,60,50,58,49,0,HOLD,-0.13,-2,False,live,STOCK,55,NEUTRAL,NYSE
2026-09-10T07:57:19.063393+09:00,2026-09-10,RCI,Rogers Communications Inc.,US,인터넷,2026-09-09,36.44,840808,967050.4,0.7675,19685808128,51,65,55,86,64,1,HOLD,0.19,2,False,live,STOCK,58,NEUTRAL,NYSE
2026-09-10T07:57:19.063393+09:00,2026-09-10,FIS,"Fidelity National Information Services, ",US,IT,2026-09-09,38.07,5724520,5403176.0,1.2293,19677589504,28,60,65,86,51,1,HOLD,-0.26,-3,False,live,STOCK,19,NEUTRAL,NYSE
2026-09-10T07:57:19.063393+09:00,2026-09-10,SNA,Snap-on Incorporated,US,산업재,2026-09-09,377.42,301495,257209.75,5.6293,19522850816,20,60,45,58,38,0,AVOID,-0.61,-7,True,live,STOCK,26,NEUTRAL,NYSE
2026-09-10T07:57:19.063393+09:00,2026-09-10,BR,"Broadridge Financial Solutions, Inc.",US,IT,2026-09-09,168.1,1186976,1178703.8,4.6488,19442159616,47,60,60,68,62,1,HOLD,0.5,6,False,live,STOCK,75,NEUTRAL,NYSE
2026-09-10T07:57:19.063393+09:00,2026-09-10,RIVN,"Rivian Automotive, Inc.",US,소비재,2026-09-09,16.005,18417294,20861014.7,0.644,23173007360,69,60,60,50,61,0,HOLD,0.6,7,False,live,STOCK,67,NEUTRAL,NASDAQ
2026-09-10T07:57:19.063393+09:00,2026-09-10,MTZ,"MasTec, Inc.",US,산업재,2026-09-09,240.68,846487,1547464.35,10.965,19327793152,29,60,66,58,43,0,AVOID,-0.51,-6,True,live,STOCK,20,NEUTRAL,NYSE
2026-09-10T07:57:19.063393+09:00,2026-09-10,AQNB,Algonquin Power & Utilities Corp.,US,유틸리티,2026-09-09,26.22,13581,22264.05,0.2266,,58,60,55,50,51,0,HOLD,0.13,2,False,live,STOCK,40,NEUTRAL,NYSE
2026-09-10T07:57:19.063393+09:00,2026-09-10,DINO,HF Sinclair Corporation,US,에너지,2026-09-09,108.14,1719402,2348630.1,3.9782,19225546752,82,60,63,78,79,3,BUY,1.16,14,False,live,STOCK,90,NEUTRAL,NYSE
2026-09-10T07:57:19.063393+09:00,2026-09-10,VTRS,Viatris Inc.,US,제약/바이오,2026-09-09,16.5,6503499,7873769.95,0.4256,18951749632,76,65,55,78,65,2,WATCH,0.52,6,False,live,STOCK,40,NEUTRAL,NASDAQ
2026-09-10T07:57:19.063393+09:00,2026-09-10,SOJC,The Southern Company JR 2017B NT 77,US,유틸리티,2026-09-09,19.2,31576,33923.8,0.1871,,28,60,58,60,46,0,HOLD,-0.34,-4,False,live,STOCK,40,NEUTRAL,NYSE
2026-09-10T07:57:19.063393+09:00,2026-09-10,FTAI,FTAI Aviation Ltd.,US,산업재,2026-09-09,185.25,1027839,1203196.95,9.5075,19026487296,18,60,65,34,34,0,AVOID,-0.71,-9,True,live,STOCK,26,NEUTRAL,NASDAQ
2026-09-10T07:57:19.063393+09:00,2026-09-10,KSPI,Joint Stock Company Kaspi.kz,US,IT,2026-09-09,100.0,1394007,625585.35,3.6397,19002726400,51,60,45,80,64,2,WATCH,0.48,6,False,live,STOCK,80,NEUTRAL,NASDAQ
2026-09-10T07:57:19.063393+09:00,2026-09-10,LUV,Southwest Airlines Co.,US,산업재,2026-09-09,38.68,4368346,4244877.3,1.0848,18922573824,47,60,63,58,50,0,HOLD,-0.1,-1,False,live,STOCK,29,NEUTRAL,NYSE
2026-09-10T07:57:19.063393+09:00,2026-09-10,PKX,POSCO Holdings Inc.,US,소재,2026-09-09,62.47,250152,216067.6,1.4914,18896119808,84,60,55,58,63,1,HOLD,0.63,8,False,live,STOCK,48,NEUTRAL,NYSE
2026-09-10T07:57:19.063393+09:00,2026-09-10,VIV,Telefônica Brasil S.A.,US,인터넷,2026-09-09,11.79,927983,1699644.15,0.2492,18838097920,72,65,55,84,66,2,WATCH,0.31,4,False,live,STOCK,39,NEUTRAL,NYSE
2026-09-10T07:57:19.063393+09:00,2026-09-10,TOST,"Toast, Inc.",US,IT,2026-09-09,32.45,9221655,8667917.75,1.1567,18756100096,51,60,50,50,53,0,HOLD,0.31,4,False,live,STOCK,63,NEUTRAL,NYSE
2026-09-10T07:57:19.063393+09:00,2026-09-10,TPG,TPG Inc.,US,금융,2026-09-09,48.91,3925197,2912314.85,1.6618,19102650368,47,60,63,43,55,1,HOLD,0.47,6,False,live,STOCK,78,NEUTRAL,NASDAQ
2026-09-10T07:57:19.063393+09:00,2026-09-10,EVRG,"Evergy, Inc.",US,유틸리티,2026-09-09,81.22,1698963,1976723.15,1.3629,18726666240,47,60,60,42,47,0,HOLD,-0.04,0,False,live,STOCK,41,NEUTRAL,NASDAQ
2026-09-10T07:57:19.063393+09:00,2026-09-10,FDXF,"FedEx Freight Holding Company, Inc.",US,산업재,2026-09-09,124.79,1312357,1305312.85,5.1328,18658367488,10,60,78,42,39,1,AVOID,-0.57,-7,True,live,STOCK,39,NEUTRAL,NYSE
2026-09-10T07:57:19.063393+09:00,2026-09-10,GPC,Genuine Parts Company,US,소비재,2026-09-09,135.24,1063978,1040893.9,3.0882,18644154368,66,60,66,43,61,1,HOLD,0.74,9,False,live,STOCK,75,NEUTRAL,NYSE
2026-09-10T07:57:19.063393+09:00,2026-09-10,BEKE,KE Holdings Inc.,US,리츠,2026-09-09,16.87,4262278,4700008.9,0.66,18598963200,50,60,55,74,59,1,HOLD,0.24,3,False,live,STOCK,54,NEUTRAL,NYSE
2026-09-10T07:57:19.063393+09:00,2026-09-10,SSNC,"SS&C Technologies Holdings, Inc.",US,IT,2026-09-09,79.34,1528628,1497636.4,1.6614,18617526272,47,60,60,74,60,1,HOLD,0.42,5,False,live,STOCK,61,NEUTRAL,NASDAQ
2026-09-10T07:57:19.063393+09:00,2026-09-10,U,Unity Software Inc.,US,IT,2026-09-09,42.54,7202754,9714687.7,1.6449,18721382400,40,60,53,50,53,1,HOLD,0.29,3,False,live,STOCK,78,NEUTRAL,NYSE
2026-09-10T07:57:19.063393+09:00,2026-09-10,BBY,"Best Buy Co., Inc.",US,소비재,2026-09-09,88.03,3404749,4123782.45,3.8071,18462328832,84,60,50,68,71,2,WATCH,0.93,11,False,live,STOCK,77,NEUTRAL,NYSE
2026-09-10T07:57:19.063393+09:00,2026-09-10,TSN,"Tyson Foods, Inc.",US,소매,2026-09-09,51.74,3936554,3274762.7,1.3737,18202210304,20,60,68,66,46,0,HOLD,-0.39,-5,False,live,STOCK,33,NEUTRAL,NYSE
2026-09-10T07:57:19.063393+09:00,2026-09-10,IP,International Paper Company,US,소재,2026-09-09,34.64,4036484,3922659.2,1.3514,18344300544,39,60,55,78,56,1,HOLD,0.12,1,False,live,STOCK,48,NEUTRAL,NYSE
2026-09-10T07:57:19.063393+09:00,2026-09-10,ZBH,"Zimmer Biomet Holdings, Inc.",US,제약/바이오,2026-09-09,94.61,1994494,1647169.7,2.7364,18045693952,47,65,63,74,63,2,WATCH,0.43,5,False,live,STOCK,71,NEUTRAL,NYSE
2026-09-10T07:57:19.063393+09:00,2026-09-10,RBRK,"Rubrik, Inc.",US,IT,2026-09-09,88.82,2755602,3704510.1,6.0938,18281693184,54,60,60,35,46,0,HOLD,0.22,3,False,live,STOCK,37,NEUTRAL,NYSE
2026-09-10T07:57:19.063393+09:00,2026-09-10,PAA,"Plains All American Pipeline, L.P.",US,에너지,2026-09-09,25.85,3133468,2439623.4,0.4789,18238894080,76,60,55,66,70,2,WATCH,0.91,11,False,live,STOCK,84,NEUTRAL,NASDAQ
2026-09-10T07:57:19.063393+09:00,2026-09-10,CDW,CDW Corporation,US,IT,2026-09-09,142.37,1801840,1683182.0,6.9164,17798729728,91,60,60,68,72,1,HOLD,0.97,12,False,live,STOCK,63,NEUTRAL,NASDAQ
2026-09-10T07:57:19.063393+09:00,2026-09-10,NWS,News Corporation,US,인터넷,2026-09-09,33.08,905000,1129120.0,0.7557,17751455744,47,65,48,61,57,1,HOLD,0.24,3,False,live,STOCK,74,NEUTRAL,NASDAQ
2026-09-10T07:57:19.063393+09:00,2026-09-10,MKSI,MKS Inc.,US,IT,2026-09-09,268.05,1201831,1297141.55,10.4012,18124886016,40,60,50,50,45,0,HOLD,-0.4,-5,False,live,STOCK,41,NEUTRAL,NASDAQ
2026-09-10T07:57:19.063393+09:00,2026-09-10,NTNX,"Nutanix, Inc.",US,IT,2026-09-09,66.94,2383790,2772594.5,2.4196,18095255552,58,60,60,52,57,0,HOLD,0.5,6,False,live,STOCK,61,NEUTRAL,NASDAQ
2026-09-10T07:57:19.063393+09:00,2026-09-10,CHTR,"Charter Communications, Inc.",US,인터넷,2026-09-09,133.89,4056672,2816338.6,7.8136,18045358080,43,65,63,96,64,1,HOLD,0.15,2,False,live,STOCK,48,NEUTRAL,NASDAQ
2026-09-10T07:57:19.063393+09:00,2026-09-10,WF,Woori Financial Group Inc.,US,금융,2026-09-09,74.3,66179,76773.95,2.0796,18031017984,95,60,60,88,73,2,WATCH,0.94,11,False,live,STOCK,32,NEUTRAL,NYSE
2026-09-10T07:57:19.063393+09:00,2026-09-10,TSCO,Tractor Supply Company,US,소비재,2026-09-09,34.0,15349880,9221754.0,0.9885,17715363840,47,60,75,60,58,1,HOLD,0.43,5,False,live,STOCK,54,NEUTRAL,NASDAQ
2026-09-10T07:57:19.063393+09:00,2026-09-10,MGA,Magna International Inc.,US,소비재,2026-09-09,65.47,855381,1137424.05,2.2196,17514524672,40,60,55,74,56,1,HOLD,0.07,1,False,live,STOCK,55,NEUTRAL,NYSE
2026-09-10T07:57:19.063393+09:00,2026-09-10,GEN,Gen Digital Inc.,US,IT,2026-09-09,29.76,4377394,5375169.7,0.9404,17813950464,73,60,53,76,73,3,BUY,0.92,11,False,live,STOCK,90,NEUTRAL,NASDAQ
2026-09-10T07:57:19.063393+09:00,2026-09-10,OVV,Ovintiv Inc.,US,에너지,2026-09-09,64.37,2659594,3332779.7,1.7336,17804742656,47,60,55,76,63,2,WATCH,0.43,5,False,live,STOCK,75,NEUTRAL,NYSE
2026-09-10T07:57:19.063393+09:00,2026-09-10,CHRW,"C.H. Robinson Worldwide, Inc.",US,산업재,2026-09-09,150.45,2127821,1269416.05,3.8378,17580271616,62,60,55,50,49,0,HOLD,-0.17,-2,False,live,STOCK,23,NEUTRAL,NASDAQ
2026-09-10T07:57:19.063393+09:00,2026-09-10,BEN,"Franklin Resources, Inc.",US,금융,2026-09-09,34.12,2485230,3070591.5,0.7529,17335582720,47,60,53,58,53,0,HOLD,0.19,2,False,live,STOCK,55,NEUTRAL,NYSE
2026-09-10T07:57:19.063393+09:00,2026-09-10,ITT,ITT Inc.,US,산업재,2026-09-09,198.26,582644,610417.2,5.5362,17811642368,47,60,63,58,56,0,HOLD,0.28,3,False,live,STOCK,58,NEUTRAL,NYSE
2026-09-10T07:57:19.063393+09:00,2026-09-10,SBS,Companhia de Saneamento Básico do Estado,US,유틸리티,2026-09-09,5.18,4508604,12220430.2,0.1643,18216536064,57,60,55,70,56,1,HOLD,0.08,1,False,live,STOCK,36,NEUTRAL,NYSE
2026-09-10T07:57:19.063393+09:00,2026-09-10,ESS,"Essex Property Trust, Inc.",US,리츠,2026-09-09,274.37,371498,481754.9,4.7104,18911279104,28,60,55,45,46,0,HOLD,-0.18,-2,False,live,STOCK,68,NEUTRAL,NYSE
2026-09-10T07:57:19.063393+09:00,2026-09-10,EWBC,"East West Bancorp, Inc.",US,금융,2026-09-09,128.28,536645,665402.25,2.2457,17575880704,28,60,50,55,39,0,AVOID,-0.5,-6,True,live,STOCK,19,NEUTRAL,NASDAQ
2026-09-10T07:57:19.063393+09:00,2026-09-10,LNT,Alliant Energy Corporation,US,유틸리티,2026-09-09,67.86,1817727,2213746.35,1.1246,17595060224,47,60,60,42,46,0,HOLD,-0.15,-2,False,live,STOCK,35,NEUTRAL,NASDAQ
2026-09-10T07:57:19.063393+09:00,2026-09-10,NDSN,Nordson Corporation,US,산업재,2026-09-09,313.94,306513,432995.65,7.9443,17492092928,47,60,60,58,54,0,HOLD,0.3,4,False,live,STOCK,55,NEUTRAL,NASDAQ
2026-09-10T07:57:19.063393+09:00,2026-09-10,WCC,"WESCO International, Inc.",US,산업재,2026-09-09,355.51,522898,490569.9,10.9293,17325019136,91,60,50,58,67,1,HOLD,0.77,9,False,live,STOCK,61,NEUTRAL,NYSE
2026-09-10T07:57:19.063393+09:00,2026-09-10,DD,"DuPont de Nemours, Inc.",US,소재,2026-09-09,127.92,1221216,1202605.8,2.9132,17271683072,20,60,37,58,36,0,AVOID,-0.76,-9,True,live,STOCK,26,NEUTRAL,NYSE
2026-09-10T07:57:19.063393+09:00,2026-09-10,CNH,CNH Industrial N.V.,US,산업재,2026-09-09,13.9,22637688,24898639.4,0.6421,22353405952,80,60,55,58,71,2,WATCH,1.0,12,False,live,STOCK,93,NEUTRAL,NYSE
2026-09-10T07:57:19.063393+09:00,2026-09-10,FLUT,Flutter Entertainment plc,US,소비재,2026-09-09,99.33,2532077,2481868.85,4.1807,17237639168,50,60,70,60,55,1,HOLD,0.01,0,False,live,STOCK,39,NEUTRAL,NYSE
2026-09-10T07:57:19.063393+09:00,2026-09-10,NLY,"Annaly Capital Management, Inc.",US,리츠,2026-09-09,22.61,6782173,5888653.65,0.3107,17041483776,39,60,63,65,48,0,HOLD,-0.06,-1,False,live,STOCK,19,NEUTRAL,NYSE
2026-09-10T07:57:19.063393+09:00,2026-09-10,OWL,Blue Owl Capital Inc.,US,금융,2026-09-09,10.86,21903810,18697960.5,0.4118,17019319296,47,60,56,59,54,0,HOLD,0.28,3,False,live,STOCK,54,NEUTRAL,NYSE
2026-09-10T07:57:19.063393+09:00,2026-09-10,BIP,Brookfield Infrastructure Partners L.P.,US,유틸리티,2026-09-09,36.64,539919,662035.95,0.8405,29012465664,20,60,55,37,38,0,AVOID,-0.46,-6,True,live,STOCK,52,NEUTRAL,NYSE
2026-09-10T07:57:19.063393+09:00,2026-09-10,FTV,Fortive Corporation,US,IT,2026-09-09,55.81,2183324,2162491.2,1.0778,17014294528,28,60,63,74,54,1,HOLD,-0.17,-2,False,live,STOCK,52,NEUTRAL,NYSE
2026-09-10T07:57:19.063393+09:00,2026-09-10,DUKB,Duke Energy Corporation 5.625%,US,유틸리티,2026-09-09,21.67,57087,42224.35,0.2411,,20,60,58,50,41,0,AVOID,-0.51,-6,True,live,STOCK,40,NEUTRAL,NYSE
2026-09-10T07:57:19.063393+09:00,2026-09-10,JHX,James Hardie Industries plc,US,소재,2026-09-09,28.91,7335560,6317103.0,0.8736,16782905344,54,60,48,51,51,0,HOLD,0.22,3,False,live,STOCK,48,NEUTRAL,NYSE
2026-09-10T07:57:19.063393+09:00,2026-09-10,INVH,Invitation Homes Inc.,US,리츠,2026-09-09,28.18,4600095,3511749.75,0.4107,16740103168,20,60,60,53,37,0,AVOID,-0.59,-7,True,live,STOCK,17,NEUTRAL,NYSE
2026-09-10T07:57:19.063393+09:00,2026-09-10,J,Jacobs Solutions Inc.,US,산업재,2026-09-09,141.75,769364,833933.2,3.0373,16737965056,47,60,60,58,56,0,HOLD,0.37,4,False,live,STOCK,61,NEUTRAL,NYSE
2026-09-10T07:57:19.063393+09:00,2026-09-10,NVR,"NVR, Inc.",US,소비재,2026-09-09,6187.2998,37420,32991.0,132.9693,16488288256,28,60,65,63,46,0,HOLD,-0.3,-4,False,live,STOCK,26,NEUTRAL,NYSE
2026-09-10T07:57:19.063393+09:00,2026-09-10,CLH,"Clean Harbors, Inc.",US,산업재,2026-09-09,315.7,337633,427081.65,6.0486,16664934400,44,60,55,58,57,1,HOLD,0.31,4,False,live,STOCK,77,NEUTRAL,NYSE
2026-09-10T07:57:19.063393+09:00,2026-09-10,BSAC,Banco Santander-Chile,US,금융,2026-09-09,35.29,179360,293448.0,0.8389,16625659904,62,60,55,60,60,0,HOLD,0.52,6,False,live,STOCK,64,NEUTRAL,NYSE
2026-09-10T07:57:19.063393+09:00,2026-09-10,NWSA,News Corporation,US,인터넷,2026-09-09,29.61,3972916,3586735.8,0.6286,15889377280,47,65,58,66,59,0,HOLD,0.36,4,False,live,STOCK,69,NEUTRAL,NASDAQ
2026-09-10T07:57:19.063393+09:00,2026-09-10,WIT,Wipro Limited,US,IT,2026-09-09,1.68,11731645,7861127.25,0.0593,16619845632,10,60,50,68,39,0,AVOID,-0.86,-10,True,live,STOCK,26,NEUTRAL,NYSE
2026-09-10T07:57:19.063393+09:00,2026-09-10,ROL,"Rollins, Inc.",US,산업재,2026-09-09,34.54,4306892,4433129.6,0.8261,16618763264,40,60,55,42,39,0,AVOID,-0.55,-7,True,live,STOCK,17,NEUTRAL,NYSE
2026-09-10T07:57:19.063393+09:00,2026-09-10,IEX,IDEX Corporation,US,산업재,2026-09-09,225.1,577310,542840.5,4.6286,16594349056,44,60,66,58,56,0,HOLD,0.26,3,False,live,STOCK,61,NEUTRAL,NYSE
2026-09-10T07:57:19.063393+09:00,2026-09-10,APG,APi Group Corporation,US,산업재,2026-09-09,38.01,9152314,3023905.7,1.3216,16426412032,35,60,45,50,50,1,HOLD,-0.19,-2,False,live,STOCK,76,NEUTRAL,NYSE
2026-09-10T07:57:19.063393+09:00,2026-09-10,ZBRA,Zebra Technologies Corporation,US,IT,2026-09-09,344.83,417771,582458.55,10.715,16425421824,54,60,55,66,57,0,HOLD,0.35,4,False,live,STOCK,48,NEUTRAL,NASDAQ
2026-09-10T07:57:19.063393+09:00,2026-09-10,ZTO,ZTO Express (Cayman) Inc.,US,산업재,2026-09-09,20.72,1456397,1845609.85,0.3564,15686031360,17,60,55,78,47,1,HOLD,-0.5,-6,False,live,STOCK,38,NEUTRAL,NYSE
2026-09-10T07:57:19.063393+09:00,2026-09-10,MEDP,"Medpace Holdings, Inc.",US,제약/바이오,2026-09-09,586.3,181154,199097.7,16.0195,16364603392,48,65,45,42,43,0,AVOID,-0.02,0,True,live,STOCK,34,NEUTRAL,NASDAQ
2026-09-10T07:57:19.063393+09:00,2026-09-10,VNOM,"Viper Energy, Inc.",US,에너지,2026-09-09,45.27,798500,1329545.0,0.8611,23720790016,87,60,55,50,62,1,HOLD,0.59,7,False,live,STOCK,48,NEUTRAL,NASDAQ
2026-09-10T07:57:19.063393+09:00,2026-09-10,FUTU,Futu Holdings Limited,US,금융,2026-09-09,116.74,643451,1409167.55,5.5355,16366305280,66,60,60,70,69,2,WATCH,0.81,10,False,live,STOCK,80,NEUTRAL,NASDAQ
2026-09-10T07:57:19.063393+09:00,2026-09-10,WY,Weyerhaeuser Company,US,리츠,2026-09-09,22.59,5140333,4725721.65,0.4498,16281425920,20,60,60,50,38,0,AVOID,-0.56,-7,True,live,STOCK,26,NEUTRAL,NYSE
2026-09-10T07:57:19.063393+09:00,2026-09-10,ASND,Ascendis Pharma A/S,US,제약/바이오,2026-09-09,260.81,476157,549052.85,8.1875,17107266560,73,65,70,42,58,2,HOLD,0.69,8,False,live,STOCK,48,NEUTRAL,NASDAQ
2026-09-10T07:57:19.063393+09:00,2026-09-10,IREN,IREN Limited,US,IT,2026-09-09,45.37,29209576,46084483.8,3.1582,17878439936,73,60,73,45,57,2,HOLD,0.27,3,False,live,STOCK,33,NEUTRAL,NASDAQ
2026-09-10T07:57:19.063393+09:00,2026-09-10,LDOS,"Leidos Holdings, Inc.",US,IT,2026-09-09,128.14,1183883,1197944.15,4.0943,16118149120,39,60,50,78,57,1,HOLD,0.1,1,False,live,STOCK,61,NEUTRAL,NYSE
2026-09-10T07:57:19.063393+09:00,2026-09-10,AKAM,"Akamai Technologies, Inc.",US,IT,2026-09-09,110.75,4563596,2955984.8,4.1736,15916614656,50,60,60,50,49,0,HOLD,-0.19,-2,False,live,STOCK,36,NEUTRAL,NASDAQ
2026-09-10T07:57:19.063393+09:00,2026-09-10,CCZ,Comcast Holdings Corp.,US,인터넷,2026-09-08,64.67,100,40.0,0.3307,,35,65,55,42,42,0,AVOID,-0.23,-3,True,live,STOCK,40,NEUTRAL,NYSE
2026-09-10T07:57:19.063393+09:00,2026-09-10,AS,"Amer Sports, Inc.",US,소비재,2026-09-09,27.77,7533727,8369006.35,1.0911,16157197312,10,60,50,66,39,0,AVOID,-0.85,-10,True,live,STOCK,29,NEUTRAL,NYSE
2026-09-10T07:57:19.063393+09:00,2026-09-10,RGA,"Reinsurance Group of America, Incorporat",US,금융,2026-09-09,245.03,269027,323591.35,4.3575,16000866304,54,60,63,86,67,1,HOLD,0.6,7,False,live,STOCK,61,NEUTRAL,NYSE
2026-09-10T07:57:19.063393+09:00,2026-09-10,BALL,Ball Corporation,US,소비재,2026-09-09,60.29,2016602,1637990.1,1.123,16052002816,32,60,55,68,44,0,AVOID,-0.23,-3,True,live,STOCK,17,NEUTRAL,NYSE
2026-09-10T07:57:19.063393+09:00,2026-09-10,WPC,W. P. Carey Inc.,US,리츠,2026-09-09,69.95,990647,1085282.35,0.9414,15935116288,28,60,60,58,44,0,AVOID,-0.4,-5,True,live,STOCK,30,NEUTRAL,NYSE
2026-09-10T07:57:19.063393+09:00,2026-09-10,JLL,Jones Lang LaSalle Incorporated,US,리츠,2026-09-09,346.2,288901,307235.05,10.8616,15927867392,39,60,53,84,57,1,HOLD,0.18,2,False,live,STOCK,48,NEUTRAL,NYSE
2026-09-10T07:57:19.063393+09:00,2026-09-10,KIM,Kimco Realty Corporation,US,리츠,2026-09-09,23.57,4931959,4338092.95,0.313,15810505728,47,60,63,53,48,0,HOLD,-0.14,-2,False,live,STOCK,27,NEUTRAL,NYSE
2026-09-10T07:57:19.063393+09:00,2026-09-10,CG,The Carlyle Group Inc.,US,금융,2026-09-09,44.11,3233504,3417850.2,1.3879,15717839872,35,60,55,58,53,0,HOLD,0.01,0,False,live,STOCK,69,NEUTRAL,NASDAQ
2026-09-10T07:57:19.063393+09:00,2026-09-10,APA,APA Corporation,US,에너지,2026-09-09,44.84,4917151,5036422.55,1.4393,15709762560,69,60,60,78,71,2,WATCH,0.84,10,False,live,STOCK,75,NEUTRAL,NASDAQ
2026-09-10T07:57:19.063393+09:00,2026-09-10,LSCC,Lattice Semiconductor Corporation,US,반도체,2026-09-09,115.45,1367752,1291847.6,4.0921,16364946432,50,65,55,43,45,0,HOLD,-0.29,-3,False,live,STOCK,29,NEUTRAL,NASDAQ
2026-09-10T07:57:19.063393+09:00,2026-09-10,CX,"CEMEX, S.A.B. de C.V.",US,소재,2026-09-09,10.85,4880264,5387843.2,0.2629,15656034304,50,60,63,74,55,1,HOLD,-0.05,-1,False,live,STOCK,26,NEUTRAL,NYSE
2026-09-10T07:57:19.063393+09:00,2026-09-10,TIGO,Millicom International Cellular S.A.,US,인터넷,2026-09-09,93.57,844993,963059.65,2.6982,15692624896,61,65,60,74,63,1,HOLD,0.43,5,False,live,STOCK,52,NEUTRAL,NASDAQ
2026-09-10T07:57:19.063393+09:00,2026-09-10,KEP,Korea Electric Power Corporation,US,유틸리티,2026-09-09,12.21,1142565,1094818.25,0.3286,15676763136,72,60,58,96,67,2,WATCH,0.4,5,False,live,STOCK,23,NEUTRAL,NYSE
2026-09-10T07:57:19.063393+09:00,2026-09-10,NBIX,"Neurocrine Biosciences, Inc.",US,제약/바이오,2026-09-09,155.14,1041082,1152154.1,3.875,15769853952,65,65,63,66,58,0,HOLD,0.24,3,False,live,STOCK,33,NEUTRAL,NASDAQ
2026-09-10T07:57:19.063393+09:00,2026-09-10,SOLV,Solventum Corporation,US,제약/바이오,2026-09-09,90.03,803479,978093.95,1.9933,15325242368,69,65,58,70,65,1,HOLD,0.64,8,False,live,STOCK,60,NEUTRAL,NYSE
2026-09-10T07:57:19.063393+09:00,2026-09-10,INIO,INNIO N.V. Ordinary Shares,US,산업재,2026-09-09,20.78,3519171,3622713.55,1.4579,15585000448,37,60,70,35,40,1,AVOID,-0.43,-5,True,live,STOCK,20,NEUTRAL,NASDAQ
2026-09-10T07:57:19.063393+09:00,2026-09-10,SITM,SiTime Corporation,US,반도체,2026-09-09,589.87,387086,341724.3,31.9448,17738002432,43,65,55,30,39,0,AVOID,-0.41,-5,True,live,STOCK,29,NEUTRAL,NASDAQ
2026-09-10T07:57:19.063393+09:00,2026-09-10,RZC,"Reinsurance Group of America, Incorporat",US,금융,2026-09-09,25.59,14210,37140.5,0.1266,,43,60,55,50,47,0,HOLD,-0.09,-1,False,live,STOCK,40,NEUTRAL,NYSE
2026-09-10T07:57:19.063393+09:00,2026-09-10,DOCN,"DigitalOcean Holdings, Inc.",US,IT,2026-09-09,132.67,3971013,2300455.65,7.5031,15510197248,62,60,53,19,45,0,HOLD,-0.09,-1,False,live,STOCK,52,NEUTRAL,NYSE
2026-09-10T07:57:19.063393+09:00,2026-09-10,AGI,Alamos Gold Inc.,US,소재,2026-09-09,36.93,2141123,3773021.15,1.4107,15459063808,55,60,55,60,58,0,HOLD,0.39,5,False,live,STOCK,61,NEUTRAL,NYSE
2026-09-10T07:57:19.063393+09:00,2026-09-10,EMA,Emera Incorporated,US,유틸리티,2026-09-09,50.38,234665,345223.25,0.7357,15474217984,47,60,55,42,46,0,HOLD,-0.11,-1,False,live,STOCK,41,NEUTRAL,NYSE
2026-09-10T07:57:19.063393+09:00,2026-09-10,RBC,RBC Bearings Incorporated,US,산업재,2026-09-09,486.04,194767,239583.35,12.8393,15387659264,29,60,63,50,40,0,AVOID,-0.57,-7,True,live,STOCK,20,NEUTRAL,NYSE
2026-09-10T07:57:19.063393+09:00,2026-09-10,STLA,Stellantis N.V.,US,소비재,2026-09-09,5.29,20028992,19986959.6,0.1879,15345979392,40,60,53,80,54,1,HOLD,-0.28,-3,False,live,STOCK,39,NEUTRAL,NYSE
2026-09-10T07:57:19.063393+09:00,2026-09-10,SMTC,Semtech Corporation,US,반도체,2026-09-09,163.94,3370920,3467446.0,10.1621,15299803136,73,65,53,35,60,2,WATCH,0.62,7,False,live,STOCK,84,NEUTRAL,NASDAQ
2026-09-10T07:57:19.063393+09:00,2026-09-10,STRL,"Sterling Infrastructure, Inc.",US,산업재,2026-09-09,495.15,483523,554371.15,23.5204,15145904128,37,60,55,58,47,0,HOLD,-0.39,-5,False,live,STOCK,38,NEUTRAL,NASDAQ
2026-09-10T07:57:19.063393+09:00,2026-09-10,JAZZ,Jazz Pharmaceuticals plc,US,제약/바이오,2026-09-09,241.31,424466,974568.3,7.7936,15664536576,35,65,43,84,58,1,HOLD,0.04,0,False,live,STOCK,69,NEUTRAL,NASDAQ
2026-09-10T07:57:19.063393+09:00,2026-09-10,RBA,"RB Global, Inc.",US,산업재,2026-09-09,81.33,1017530,1943471.5,2.1976,15151779840,40,60,60,58,46,0,HOLD,-0.4,-5,False,live,STOCK,23,NEUTRAL,NYSE
2026-09-10T07:57:19.063393+09:00,2026-09-10,LAMR,Lamar Advertising Company,US,리츠,2026-09-09,148.83,345219,483470.95,2.3386,15113638912,28,60,65,42,45,0,HOLD,-0.15,-2,False,live,STOCK,55,NEUTRAL,NASDAQ
2026-09-10T07:57:19.063393+09:00,2026-09-10,HST,"Host Hotels & Resorts, Inc.",US,리츠,2026-09-09,22.04,6352585,7924084.25,0.3786,15311771648,17,60,63,63,43,0,AVOID,-0.46,-6,True,live,STOCK,33,NEUTRAL,NASDAQ
2026-09-10T07:57:19.063393+09:00,2026-09-10,CRBG,"Corebridge Financial, Inc.",US,금융,2026-09-09,33.82,3965648,3330007.4,0.7407,15076026368,95,60,53,58,70,1,HOLD,1.02,12,False,live,STOCK,69,NEUTRAL,NYSE
2026-09-10T07:57:19.063393+09:00,2026-09-10,BURL,"Burlington Stores, Inc.",US,소비재,2026-09-09,239.18,1865103,1666035.15,13.1332,15024138240,10,60,48,58,36,0,AVOID,-0.9,-11,True,live,STOCK,29,NEUTRAL,NYSE
2026-09-10T07:57:19.063393+09:00,2026-09-10,PFGC,Performance Food Group Co,US,소매,2026-09-09,95.63,1464584,1673494.2,2.0998,15020838912,20,60,43,58,37,0,AVOID,-0.7,-8,True,live,STOCK,26,NEUTRAL,NYSE
2026-09-10T07:57:19.063393+09:00,2026-09-10,H,Hyatt Hotels Corporation,US,소비재,2026-09-09,158.24,907495,686359.75,4.3972,14912021504,10,60,53,43,32,0,AVOID,-0.92,-11,True,live,STOCK,26,NEUTRAL,NYSE
2026-09-10T07:57:19.063393+09:00,2026-09-10,FN,Fabrinet,US,IT,2026-09-09,418.27,537723,1052771.15,17.5634,14988648448,15,60,45,50,34,0,AVOID,-0.91,-11,True,live,STOCK,26,NEUTRAL,NYSE
2026-09-10T07:57:19.063393+09:00,2026-09-10,PNFP,"Pinnacle Financial Partners, Inc.",US,금융,2026-09-09,99.13,844570,881358.5,2.2382,14979795968,47,60,55,68,55,0,HOLD,0.15,2,False,live,STOCK,48,NEUTRAL,NYSE
2026-09-10T07:57:19.063393+09:00,2026-09-10,ARMK,Aramark,US,산업재,2026-09-09,56.91,2075334,2268086.7,1.0064,15002900480,44,60,55,66,48,0,HOLD,-0.1,-1,False,live,STOCK,19,NEUTRAL,NYSE
2026-09-10T07:57:19.063393+09:00,2026-09-10,LTM,LATAM Airlines Group S.A.,US,산업재,2026-09-09,52.03,1140617,823340.85,1.4661,15231466496,69,60,53,70,56,1,HOLD,0.27,3,False,live,STOCK,17,NEUTRAL,NYSE
2026-09-10T07:57:19.063393+09:00,2026-09-10,BBIO,"BridgeBio Pharma, Inc.",US,제약/바이오,2026-09-09,76.08,2288726,1956891.3,2.1013,14873107456,21,65,48,27,34,0,AVOID,-0.33,-4,True,live,STOCK,51,NEUTRAL,NASDAQ
2026-09-10T07:57:19.063393+09:00,2026-09-10,PTC,PTC Inc.,US,IT,2026-09-09,128.89,2369339,1249991.95,4.9786,13985372160,35,60,63,68,54,0,HOLD,-0.04,0,False,live,STOCK,54,NEUTRAL,NASDAQ
2026-09-10T07:57:19.063393+09:00,2026-09-10,YUMC,"Yum China Holdings, Inc.",US,소비재,2026-09-09,42.58,1544795,1504609.75,1.1606,14480872448,35,60,53,76,54,1,HOLD,-0.13,-2,False,live,STOCK,48,NEUTRAL,NYSE
2026-09-10T07:57:19.063393+09:00,2026-09-10,ALB,Albemarle Corporation,US,소재,2026-09-09,125.91,2531136,2207711.8,6.1589,14858016768,46,60,63,59,55,0,HOLD,-0.04,0,False,live,STOCK,55,NEUTRAL,NYSE
2026-09-10T07:57:19.063393+09:00,2026-09-10,COKE,"Coca-Cola Consolidated, Inc.",US,소매,2026-09-09,189.02,482994,424529.7,6.1221,12581983232,43,60,45,53,52,1,HOLD,-0.01,0,False,live,STOCK,71,NEUTRAL,NASDAQ
2026-09-10T07:57:19.063393+09:00,2026-09-10,MAA,"Mid-America Apartment Communities, Inc.",US,리츠,2026-09-09,127.48,1247746,796357.3,1.8561,15211760640,28,60,66,53,43,0,AVOID,-0.4,-5,True,live,STOCK,26,NEUTRAL,NYSE
2026-09-10T07:57:19.063393+09:00,2026-09-10,LECO,"Lincoln Electric Holdings, Inc.",US,산업재,2026-09-09,271.52,302233,453986.65,7.9764,14799401984,50,60,53,50,57,1,HOLD,0.34,4,False,live,STOCK,80,NEUTRAL,NASDAQ
2026-09-10T07:57:19.063393+09:00,2026-09-10,TLK,Perusahaan Perseroan (Persero) PT Teleko,US,인터넷,2026-09-09,15.0,580870,536603.5,0.2418,14787141632,84,65,55,73,72,2,WATCH,0.81,10,False,live,STOCK,67,NEUTRAL,NYSE
2026-09-10T07:57:19.063393+09:00,2026-09-10,TU,Telus Corp,US,인터넷,2026-09-09,9.46,5868275,5444448.75,0.1925,14899501056,32,65,50,68,46,0,HOLD,-0.53,-6,False,live,STOCK,30,NEUTRAL,NYSE
2026-09-10T07:57:19.063393+09:00,2026-09-10,TRU,TransUnion,US,금융,2026-09-09,77.05,2598251,1950672.55,2.9136,14762780672,47,60,48,66,58,1,HOLD,0.32,4,False,live,STOCK,71,NEUTRAL,NYSE
2026-09-10T07:57:19.063393+09:00,2026-09-10,DT,"Dynatrace, Inc.",US,IT,2026-09-09,50.6,6882635,6836596.75,1.7771,14623506432,51,60,63,43,56,1,HOLD,0.52,6,False,live,STOCK,78,NEUTRAL,NYSE
2026-09-10T07:57:19.063393+09:00,2026-09-10,UNM,Unum Group,US,금융,2026-09-09,93.07,1059788,1243749.4,2.0446,14733614080,87,60,63,50,66,1,HOLD,0.79,9,False,live,STOCK,63,NEUTRAL,NYSE
2026-09-10T07:57:19.063393+09:00,2026-09-10,GIB,CGI Inc.,US,IT,2026-09-09,68.85,525890,349599.5,1.8186,14257141760,43,60,60,78,60,1,HOLD,0.2,2,False,live,STOCK,58,NEUTRAL,NYSE
2026-09-10T07:57:19.063393+09:00,2026-09-10,WMG,Warner Music Group Corp.,US,인터넷,2026-09-09,28.16,1596930,1752871.5,0.7669,14730770432,80,65,53,58,68,2,WATCH,0.68,8,False,live,STOCK,81,NEUTRAL,NASDAQ
2026-09-10T07:57:19.063393+09:00,2026-09-10,EXEL,"Exelixis, Inc.",US,제약/바이오,2026-09-09,58.33,1746306,2102740.3,1.4864,14453106688,76,65,63,66,72,2,WATCH,0.94,11,False,live,STOCK,84,NEUTRAL,NASDAQ
2026-09-10T07:57:19.063393+09:00,2026-09-10,GFL,GFL Environmental Inc.,US,산업재,2026-09-09,42.0,2399441,2212427.05,1.216,15157394432,77,60,55,42,58,1,HOLD,0.64,8,False,live,STOCK,55,NEUTRAL,NYSE
2026-09-10T07:57:19.063393+09:00,2026-09-10,ULS,UL Solutions Inc.,US,산업재,2026-09-09,72.89,459808,518985.4,1.6621,14691935232,40,60,48,42,40,0,AVOID,-0.55,-7,True,live,STOCK,27,NEUTRAL,NYSE
2026-09-10T07:57:19.063393+09:00,2026-09-10,PS,Pershing Square Inc.,US,금융,2026-09-09,36.48,678169,244003.45,2.85,14592000000,50,60,65,42,52,0,HOLD,0.36,4,False,live,STOCK,59,NEUTRAL,NYSE
2026-09-10T07:57:19.063393+09:00,2026-09-10,EG,"Everest Group, Ltd.",US,금융,2026-09-09,367.87,376973,295683.65,7.343,14105142272,32,60,63,100,56,1,HOLD,-0.02,0,False,live,STOCK,19,NEUTRAL,NYSE
2026-09-10T07:57:19.063393+09:00,2026-09-10,TLN,Talen Energy Corporation,US,유틸리티,2026-09-09,319.67,883350,851087.5,11.6528,15316752384,50,60,63,70,55,1,HOLD,0.01,0,False,live,STOCK,32,NEUTRAL,NASDAQ
2026-09-10T07:57:19.063393+09:00,2026-09-10,ECHO,EchoStar Corporation,US,인터넷,2026-09-09,91.32,2527312,2715585.6,2.5586,26527612928,62,65,48,62,56,0,HOLD,-0.04,0,False,live,STOCK,46,NEUTRAL,NASDAQ
2026-09-10T07:57:19.063393+09:00,2026-09-10,UNMA,Unum Group 6.250% JR NT58,US,금융,2026-09-09,21.41,19945,22917.25,0.2945,,72,60,55,80,65,2,WATCH,0.37,4,False,live,STOCK,40,NEUTRAL,NYSE
2026-09-10T07:57:19.063393+09:00,2026-09-10,BWXT,"BWX Technologies, Inc.",US,산업재,2026-09-09,156.71,629043,1094147.15,5.7425,14358081536,50,60,45,42,43,0,AVOID,-0.39,-5,True,live,STOCK,33,NEUTRAL,NYSE
2026-09-10T07:57:19.063393+09:00,2026-09-10,SGI,Somnigroup International Inc,US,소비재,2026-09-09,68.23,3740099,3832599.95,2.3936,14353238016,72,60,68,66,61,1,HOLD,0.41,5,False,live,STOCK,29,NEUTRAL,NYSE
2026-09-10T07:57:19.063393+09:00,2026-09-10,PAG,"Penske Automotive Group, Inc.",US,소비재,2026-09-09,218.31,316313,293475.65,2.6975,14334861312,66,60,61,60,62,0,HOLD,0.64,8,False,live,STOCK,60,NEUTRAL,NYSE
2026-09-10T07:57:19.063393+09:00,2026-09-10,SKM,"SK Telecom Co.,Ltd",US,인터넷,2026-09-09,37.32,1007647,1890337.35,1.12,14326776832,43,65,55,74,59,1,HOLD,0.11,1,False,live,STOCK,63,NEUTRAL,NYSE
2026-09-10T07:57:19.063393+09:00,2026-09-10,TKO,"TKO Group Holdings, Inc.",US,인터넷,2026-09-09,191.08,1168340,1030232.0,5.6329,36165656576,62,65,53,43,54,0,HOLD,0.16,2,False,live,STOCK,62,NEUTRAL,NYSE
2026-09-10T07:57:19.063393+09:00,2026-09-10,SUI,"Sun Communities, Inc.",US,리츠,2026-09-09,116.04,786190,2119749.5,2.1971,14836968448,43,60,63,46,51,0,HOLD,-0.03,0,False,live,STOCK,57,NEUTRAL,NYSE
2026-09-10T07:57:19.063393+09:00,2026-09-10,IONQ,"IonQ, Inc.",US,IT,2026-09-09,38.14,25192915,19020705.75,2.6621,15451873280,33,60,63,50,42,0,AVOID,-0.49,-6,True,live,STOCK,23,NEUTRAL,NYSE
2026-09-10T07:57:19.063393+09:00,2026-09-10,IVZ,Invesco Ltd.,US,금융,2026-09-09,32.09,2862100,3604230.0,0.9271,14167728128,47,60,60,86,67,2,WATCH,0.56,7,False,live,STOCK,75,NEUTRAL,NYSE
2026-09-10T07:57:19.063393+09:00,2026-09-10,EQH,"Equitable Holdings, Inc.",US,금융,2026-09-09,52.09,5215253,2290377.65,1.1731,14208369664,95,60,56,62,74,2,WATCH,1.14,14,False,live,STOCK,80,NEUTRAL,NYSE
2026-09-10T07:57:19.063393+09:00,2026-09-10,LOGI,Logitech International S.A.,US,IT,2026-09-09,98.69,512121,728236.05,2.5845,14131257344,50,60,60,58,59,1,HOLD,0.17,2,False,live,STOCK,73,NEUTRAL,NASDAQ
2026-09-10T07:57:19.063393+09:00,2026-09-10,ARCC,Ares Capital Corporation,US,금융,2026-09-09,19.66,3770338,3785406.9,0.2246,14116329472,50,60,58,71,58,1,HOLD,0.22,3,False,live,STOCK,48,NEUTRAL,NASDAQ
2026-09-10T07:57:19.063393+09:00,2026-09-10,OHI,"Omega Healthcare Investors, Inc.",US,리츠,2026-09-09,47.19,2328754,1683647.7,0.8146,14883502080,65,60,63,55,58,0,HOLD,0.41,5,False,live,STOCK,48,NEUTRAL,NYSE
2026-09-10T07:57:19.063393+09:00,2026-09-10,MLI,"Mueller Industries, Inc.",US,산업재,2026-09-09,63.71,1011531,1168271.55,1.7783,14091466752,80,60,50,55,63,1,HOLD,0.47,6,False,live,STOCK,61,NEUTRAL,NYSE
2026-09-10T07:57:19.063393+09:00,2026-09-10,AEFC,Aegon Funding Company LLC,US,금융,2026-09-09,18.12,71448,73607.4,0.2522,,65,60,55,50,54,0,HOLD,0.16,2,False,live,STOCK,40,NEUTRAL,NYSE
2026-09-10T07:57:19.063393+09:00,2026-09-10,DOC,"Healthpeak Properties, Inc.",US,리츠,2026-09-09,20.39,3837707,4138615.35,0.4021,14455434240,31,60,55,45,46,0,HOLD,-0.15,-2,False,live,STOCK,60,NEUTRAL,NYSE
2026-09-10T07:57:19.063393+09:00,2026-09-10,TYL,"Tyler Technologies, Inc.",US,IT,2026-09-09,342.68,697439,981841.95,13.5114,14033524736,47,60,60,50,53,0,HOLD,0.29,3,False,live,STOCK,58,NEUTRAL,NYSE
2026-09-10T07:57:19.063393+09:00,2026-09-10,KKRS,KKR Group Finance Co. IX LLC 4.,US,금융,2026-09-09,15.8,56724,26161.2,0.1966,,28,60,58,50,43,0,AVOID,-0.31,-4,True,live,STOCK,40,NEUTRAL,NYSE
2026-09-10T07:57:19.063393+09:00,2026-09-10,SMMT,Summit Therapeutics Inc.,US,제약/바이오,2026-09-09,17.54,4749460,6625528.0,1.0425,13992528896,70,65,71,42,62,3,WATCH,0.83,10,False,live,STOCK,72,NEUTRAL,NASDAQ
2026-09-10T07:57:19.063393+09:00,2026-09-10,HL,Hecla Mining Company,US,소재,2026-09-09,20.85,27053493,34526014.65,0.9978,13984353280,59,60,45,53,59,1,HOLD,0.49,6,False,live,STOCK,80,NEUTRAL,NYSE
2026-09-10T07:57:19.063393+09:00,2026-09-10,AIZN,"Assurant, Inc. 5.25% Subordinat",US,금융,2026-09-09,17.96,17192,11424.6,0.3183,,20,60,55,50,40,0,AVOID,-0.49,-6,True,live,STOCK,40,NEUTRAL,NYSE
2026-09-10T07:57:19.063393+09:00,2026-09-10,AIZ,"Assurant, Inc.",US,금융,2026-09-09,280.44,253349,306772.45,4.776,13832357888,47,60,63,68,52,0,HOLD,0.11,1,False,live,STOCK,25,NEUTRAL,NYSE
2026-09-10T07:57:19.063393+09:00,2026-09-10,ONTO,Onto Innovation Inc.,US,반도체,2026-09-09,278.4,692500,932710.0,14.2716,17016764416,40,65,63,51,46,0,HOLD,-0.1,-1,False,live,STOCK,30,NEUTRAL,NYSE
2026-09-10T07:57:19.063393+09:00,2026-09-10,SWK,"Stanley Black & Decker, Inc.",US,산업재,2026-09-09,91.68,1541749,1477852.45,2.7022,13845206016,47,60,60,66,56,0,HOLD,0.31,4,False,live,STOCK,48,NEUTRAL,NYSE
2026-09-10T07:57:19.063393+09:00,2026-09-10,MKC,"McCormick & Company, Incorporated",US,소매,2026-09-09,51.48,2192678,2422658.9,1.3886,13840478208,35,60,63,78,58,1,HOLD,0.16,2,False,live,STOCK,60,NEUTRAL,NYSE
2026-09-10T07:57:19.063393+09:00,2026-09-10,RVTY,"Revvity, Inc.",US,제약/바이오,2026-09-09,123.85,1881734,1583306.7,4.0157,13819975680,58,65,58,58,64,1,HOLD,0.68,8,False,live,STOCK,87,NEUTRAL,NYSE
2026-09-10T07:57:19.063393+09:00,2026-09-10,CHKP,Check Point Software Technologies Ltd.,US,IT,2026-09-09,135.06,783991,888094.55,4.3859,13789711360,77,60,50,68,67,1,HOLD,0.65,8,False,live,STOCK,66,NEUTRAL,NASDAQ
2026-09-10T07:57:19.063393+09:00,2026-09-10,BMNR,"Bitmine Immersion Technologies, Inc.",US,금융,2026-09-09,24.21,27965157,43873737.85,1.8139,14604109824,66,60,63,42,62,1,HOLD,0.78,9,False,live,STOCK,86,NEUTRAL,NYSE
2026-09-10T07:57:19.063393+09:00,2026-09-10,REG,Regency Centers Corporation,US,리츠,2026-09-09,75.34,1323222,1073126.1,0.9861,14085470208,53,60,63,58,52,0,HOLD,-0.0,0,False,live,STOCK,30,NEUTRAL,NASDAQ
2026-09-10T07:57:19.063393+09:00,2026-09-10,TXT,Textron Inc.,US,산업재,2026-09-09,79.89,3126351,1518497.55,1.7239,13891990528,17,60,63,76,46,1,HOLD,-0.57,-7,False,live,STOCK,26,NEUTRAL,NYSE
2026-09-10T07:57:19.063393+09:00,2026-09-10,W,Wayfair Inc.,US,소비재,2026-09-09,100.12,2426799,2267144.95,4.1857,13215490048,48,60,40,45,48,0,HOLD,0.14,2,False,live,STOCK,63,NEUTRAL,NYSE
2026-09-10T07:57:19.063393+09:00,2026-09-10,MAS,Masco Corporation,US,소재,2026-09-09,69.38,1863779,1760238.95,1.7118,13680863232,20,60,73,68,47,1,HOLD,-0.28,-3,False,live,STOCK,29,NEUTRAL,NYSE
2026-09-10T07:57:19.063393+09:00,2026-09-10,FIVE,"Five Below, Inc.",US,소비재,2026-09-09,247.12,1031319,1213330.95,11.6861,13604953088,66,60,53,58,62,0,HOLD,0.62,7,False,live,STOCK,69,NEUTRAL,NASDAQ
2026-09-10T07:57:19.063393+09:00,2026-09-10,CSL,Carlisle Companies Incorporated,US,소재,2026-09-09,337.53,567826,610186.3,10.62,13404710912,43,60,55,58,46,0,HOLD,-0.17,-2,False,live,STOCK,22,NEUTRAL,NYSE
2026-09-10T07:57:19.063393+09:00,2026-09-10,EMBJ,Embraer S.A.,US,산업재,2026-09-09,74.33,916497,1221109.85,1.9643,13227636736,48,60,55,61,56,0,HOLD,0.33,4,False,live,STOCK,60,NEUTRAL,NYSE
2026-09-10T07:57:19.063393+09:00,2026-09-10,AEG,Aegon Ltd.,US,금융,2026-09-09,9.06,3355305,4240810.25,0.1369,13453146112,84,60,50,57,62,1,HOLD,0.71,9,False,live,STOCK,51,NEUTRAL,NYSE
2026-09-10T07:57:19.063393+09:00,2026-09-10,XELLL,Xcel Energy Inc. 6.25% Junior Subordinat,US,유틸리티,2026-09-09,22.17,91819,69970.95,0.2854,,20,60,55,60,43,0,AVOID,-0.46,-6,True,live,STOCK,40,NEUTRAL,NASDAQ
2026-09-10T07:57:19.063393+09:00,2026-09-10,HTHT,H World Group Limited,US,소비재,2026-09-09,43.98,1760660,1753658.0,1.0629,13524896768,32,60,60,74,51,1,HOLD,-0.17,-2,False,live,STOCK,34,NEUTRAL,NASDAQ
2026-09-10T07:57:19.063393+09:00,2026-09-10,CRL,Charles River Laboratories International,US,제약/바이오,2026-09-09,278.35,781229,861106.45,8.8621,13288115200,51,65,50,58,56,0,HOLD,0.35,4,False,live,STOCK,66,NEUTRAL,NYSE
2026-09-10T07:57:19.063393+09:00,2026-09-10,CACI,CACI International Inc,US,IT,2026-09-09,606.85,272107,251625.35,17.3628,13411139584,47,60,55,53,53,0,HOLD,0.3,4,False,live,STOCK,61,NEUTRAL,NYSE
2026-09-10T07:57:19.063393+09:00,2026-09-10,RNR,RenaissanceRe Holdings Ltd.,US,금융,2026-09-09,322.53,230715,243705.75,5.9779,13401732096,54,60,53,73,54,1,HOLD,0.12,1,False,live,STOCK,26,NEUTRAL,NYSE
2026-09-10T07:57:19.063393+09:00,2026-09-10,VIRT,"Virtu Financial, Inc.",US,금융,2026-09-09,62.89,615580,1512934.0,3.1124,5553229824,54,60,63,70,64,2,WATCH,0.6,7,False,live,STOCK,72,NEUTRAL,NYSE
2026-09-10T07:57:19.063393+09:00,2026-09-10,AA,Alcoa Corporation,US,소재,2026-09-09,50.73,2740421,4257896.05,2.2321,13388126208,63,60,50,73,57,1,HOLD,-0.08,-1,False,live,STOCK,29,NEUTRAL,NYSE
2026-09-10T07:57:19.063393+09:00,2026-09-10,BWA,BorgWarner Inc.,US,소비재,2026-09-09,65.26,1637234,1770956.7,1.8538,13291267072,65,60,63,74,60,1,HOLD,0.17,2,False,live,STOCK,29,NEUTRAL,NYSE
2026-09-10T07:57:19.063393+09:00,2026-09-10,TRMB,Trimble Inc.,US,IT,2026-09-09,57.4,2189117,4098085.85,1.5936,13384522752,47,60,63,68,59,0,HOLD,0.39,5,False,live,STOCK,58,NEUTRAL,NASDAQ
2026-09-10T07:57:19.063393+09:00,2026-09-10,DTM,"DT Midstream, Inc.",US,에너지,2026-09-09,130.1,790921,961976.05,3.6621,13272190976,50,60,65,50,50,0,HOLD,-0.06,-1,False,live,STOCK,33,NEUTRAL,NYSE
2026-09-10T07:57:19.063393+09:00,2026-09-10,QXO,"QXO, Inc.",US,산업재,2026-09-09,12.71,16835924,14820706.2,0.54,13186506752,18,60,63,52,37,0,AVOID,-0.74,-9,True,live,STOCK,17,NEUTRAL,NYSE
2026-09-10T07:57:19.063393+09:00,2026-09-10,GL,Globe Life Inc.,US,금융,2026-09-09,169.82,320048,442637.4,3.4871,13050573824,31,60,50,78,53,1,HOLD,-0.09,-1,False,live,STOCK,52,NEUTRAL,NYSE
2026-09-10T07:57:19.063393+09:00,2026-09-10,SJM,The J. M. Smucker Company,US,소매,2026-09-09,123.31,1494369,1369853.45,3.5061,13172366336,47,60,40,58,52,0,HOLD,0.04,0,False,live,STOCK,61,NEUTRAL,NYSE
2026-09-10T07:57:19.063393+09:00,2026-09-10,CHYM,"Chime Financial, Inc. Class A Common Sto",US,IT,2026-09-09,34.55,13447150,7268507.5,1.4006,13080115200,70,60,50,62,65,2,WATCH,0.72,9,False,live,STOCK,78,NEUTRAL,NASDAQ
2026-09-10T07:57:19.063393+09:00,2026-09-10,SREA,Sempra,US,유틸리티,2026-09-09,19.92,110994,64564.7,0.2017,,20,60,58,50,41,0,AVOID,-0.46,-6,True,live,STOCK,40,NEUTRAL,NYSE
2026-09-10T07:57:19.063393+09:00,2026-09-10,HMY,Harmony Gold Mining Company Limited,US,소재,2026-09-09,20.8,3998491,3962054.55,0.9721,12999529472,59,60,50,86,67,1,HOLD,0.56,7,False,live,STOCK,66,NEUTRAL,NYSE
2026-09-10T07:57:19.063393+09:00,2026-09-10,AVY,Avery Dennison Corporation,US,소비재,2026-09-09,169.79,747583,1067699.15,4.6517,12987301888,39,60,55,58,44,0,AVOID,-0.14,-2,True,live,STOCK,22,NEUTRAL,NYSE
2026-09-10T07:57:19.063393+09:00,2026-09-10,LII,Lennox International Inc.,US,산업재,2026-09-09,375.78,374892,463989.6,10.9364,12987210752,32,60,63,60,44,0,AVOID,-0.49,-6,True,live,STOCK,20,NEUTRAL,NYSE
2026-09-10T07:57:19.063393+09:00,2026-09-10,IESC,"IES Holdings, Inc.",US,산업재,2026-09-09,324.66,205411,283035.55,18.3214,12937282560,43,60,40,42,46,0,HOLD,-0.18,-2,False,live,STOCK,65,NEUTRAL,NASDAQ
2026-09-10T07:57:19.063393+09:00,2026-09-10,BIPI,BIP Bermuda Holdings I Limited,US,산업재,2026-09-09,16.25,24319,19485.95,0.1968,,35,60,55,50,44,0,AVOID,-0.21,-3,True,live,STOCK,40,NEUTRAL,NYSE
2026-09-10T07:57:19.063393+09:00,2026-09-10,TTMI,"TTM Technologies, Inc.",US,IT,2026-09-09,124.25,1564180,2316784.0,7.0279,13089596416,62,60,51,50,51,0,HOLD,-0.12,-1,False,live,STOCK,36,NEUTRAL,NASDAQ
2026-09-10T07:57:19.063393+09:00,2026-09-10,ALLE,Allegion plc,US,산업재,2026-09-09,151.73,838298,1367744.9,3.6789,12902630400,39,60,45,58,48,0,HOLD,0.03,0,False,live,STOCK,51,NEUTRAL,NYSE
2026-09-10T07:57:19.063393+09:00,2026-09-10,QNT,Quantinuum Inc. Class A Common Stock,US,IT,2026-09-09,48.89,1401681,1697404.05,2.8121,12873135104,25,60,65,58,44,0,AVOID,-0.35,-4,True,live,STOCK,33,NEUTRAL,NASDAQ
2026-09-10T07:57:19.063393+09:00,2026-09-10,SEIC,SEI Investments Company,US,금융,2026-09-09,107.17,667682,639174.1,1.7707,12862455808,51,60,45,50,54,1,HOLD,0.34,4,False,live,STOCK,75,NEUTRAL,NASDAQ
2026-09-10T07:57:19.063393+09:00,2026-09-10,BNT,Brookfield Wealth Solutions Ltd.,US,금융,2026-09-09,38.64,3566,14458.3,0.7382,10601811968,20,60,53,60,43,0,AVOID,-0.6,-7,True,live,STOCK,40,NEUTRAL,NYSE
2026-09-10T07:57:19.063393+09:00,2026-09-10,CNA,CNA Financial Corporation,US,금융,2026-09-09,47.39,434461,350208.05,0.9082,12823778304,32,60,60,86,51,1,HOLD,-0.15,-2,False,live,STOCK,19,NEUTRAL,NYSE
2026-09-10T07:57:19.063393+09:00,2026-09-10,HBM,Hudbay Minerals Inc.,US,소재,2026-09-09,28.82,2782275,4057593.75,1.4095,12800251904,69,60,60,60,62,0,HOLD,0.63,8,False,live,STOCK,54,NEUTRAL,NYSE
2026-09-10T07:57:19.063393+09:00,2026-09-10,WSO,"Watsco, Inc.",US,산업재,2026-09-09,309.75,328450,484857.5,9.13,12777866240,40,60,63,50,47,0,HOLD,-0.31,-4,False,live,STOCK,35,NEUTRAL,NYSE
2026-09-10T07:57:19.063393+09:00,2026-09-10,AMKR,"Amkor Technology, Inc.",US,반도체,2026-09-09,51.35,3648368,4414168.4,2.3806,12728253440,55,65,40,58,46,0,HOLD,-0.4,-5,False,live,STOCK,23,NEUTRAL,NASDAQ
2026-09-10T07:57:19.063393+09:00,2026-09-10,AUR,"Aurora Innovation, Inc.",US,IT,2026-09-09,6.5,24630051,30901952.55,0.3186,13027009536,76,60,50,50,65,2,WATCH,0.7,8,False,live,STOCK,84,NEUTRAL,NASDAQ
2026-09-10T07:57:19.063393+09:00,2026-09-10,HALO,"Halozyme Therapeutics, Inc.",US,제약/바이오,2026-09-09,107.39,1685016,1766195.8,2.5893,12188550144,66,65,50,50,62,1,HOLD,0.68,8,False,live,STOCK,87,NEUTRAL,NASDAQ
2026-09-10T07:57:19.063393+09:00,2026-09-10,RPM,RPM International Inc.,US,소재,2026-09-09,99.71,1158757,1606537.85,3.0271,12727283712,20,60,60,58,40,0,AVOID,-0.53,-6,True,live,STOCK,23,NEUTRAL,NYSE
2026-09-10T07:57:19.063393+09:00,2026-09-10,ALLY,Ally Financial Inc.,US,금융,2026-09-09,41.83,3452518,2817195.9,0.9253,12724673536,53,60,63,96,70,1,HOLD,0.43,5,False,live,STOCK,62,NEUTRAL,NYSE
2026-09-10T07:57:19.063393+09:00,2026-09-10,MDGL,"Madrigal Pharmaceuticals, Inc.",US,제약/바이오,2026-09-09,546.66,281253,230087.65,17.5214,12630100992,69,65,45,26,46,0,HOLD,0.29,3,False,live,STOCK,45,NEUTRAL,NASDAQ
2026-09-10T07:57:19.063393+09:00,2026-09-10,TOL,"Toll Brothers, Inc.",US,소비재,2026-09-09,135.05,1171360,910593.0,3.7711,12444452864,20,60,60,78,51,1,HOLD,-0.26,-3,False,live,STOCK,49,NEUTRAL,NYSE
2026-09-10T07:57:19.063393+09:00,2026-09-10,BAX,Baxter International Inc.,US,제약/바이오,2026-09-09,24.39,5299151,4932647.55,0.752,12609531904,43,65,66,73,59,1,HOLD,0.38,5,False,live,STOCK,54,NEUTRAL,NYSE
2026-09-10T07:57:19.063393+09:00,2026-09-10,PEN,"Penumbra, Inc.",US,제약/바이오,2026-09-09,319.57,208703,265175.15,2.2639,12587678720,43,65,55,30,44,0,AVOID,-0.07,-1,True,live,STOCK,57,NEUTRAL,NYSE
2026-09-10T07:57:19.063393+09:00,2026-09-10,MAIR,Madison Air Solutions Corporation,US,산업재,2026-09-09,25.07,1471491,2958564.55,1.5086,12578186240,37,60,70,50,44,1,AVOID,-0.38,-5,True,live,STOCK,20,NEUTRAL,NYSE
2026-09-10T07:57:19.063393+09:00,2026-09-10,HAS,"Hasbro, Inc.",US,소비재,2026-09-09,88.97,1093979,1394658.95,2.0379,12548725760,47,60,45,60,50,0,HOLD,0.02,0,False,live,STOCK,45,NEUTRAL,NASDAQ
2026-09-10T07:57:19.063393+09:00,2026-09-10,CORT,Corcept Therapeutics Incorporated,US,제약/바이오,2026-09-09,115.7,571762,792848.1,4.7421,12506984448,51,65,63,43,55,0,HOLD,0.46,6,False,live,STOCK,69,NEUTRAL,NASDAQ
2026-09-10T07:57:19.063393+09:00,2026-09-10,NXT,Nextpower Inc.,US,에너지,2026-09-09,82.37,1509356,1943272.8,3.6936,12655191040,37,60,43,53,40,0,AVOID,-0.63,-8,True,live,STOCK,23,NEUTRAL,NASDAQ
2026-09-10T07:57:19.063393+09:00,2026-09-10,BMRN,BioMarin Pharmaceutical Inc.,US,제약/바이오,2026-09-09,64.41,1882606,1858450.3,1.6761,12468086784,47,65,66,51,53,0,HOLD,0.35,4,False,live,STOCK,54,NEUTRAL,NASDAQ
2026-09-10T07:57:19.063393+09:00,2026-09-10,UHAL,U-Haul Holding Company,US,산업재,2026-09-09,63.59,120684,141509.2,1.5528,12361482240,20,60,58,35,36,0,AVOID,-0.41,-5,True,live,STOCK,40,NEUTRAL,NYSE
2026-09-10T07:57:19.063393+09:00,2026-09-10,GDDY,GoDaddy Inc.,US,IT,2026-09-09,93.6,1600448,1817622.4,3.7961,11854225408,47,60,53,76,64,2,WATCH,0.51,6,False,live,STOCK,83,NEUTRAL,NYSE
2026-09-10T07:57:19.063393+09:00,2026-09-10,COO,"The Cooper Companies, Inc.",US,제약/바이오,2026-09-09,63.48,9064610,2043760.5,1.7764,12380544000,35,65,63,58,49,0,HOLD,-0.18,-2,False,live,STOCK,42,NEUTRAL,NASDAQ
2026-09-10T07:57:19.063393+09:00,2026-09-10,GGG,Graco Inc.,US,산업재,2026-09-09,76.41,1093806,2488030.3,1.6493,12374892544,35,60,63,50,41,0,AVOID,-0.25,-3,True,live,STOCK,16,NEUTRAL,NYSE
2026-09-10T07:57:19.063393+09:00,2026-09-10,WSE,Wise Group plc Class A Ordinary Shares,US,IT,2026-09-09,12.36,1568059,1132092.95,0.3507,12158895104,50,60,75,45,51,1,HOLD,0.37,4,False,live,STOCK,39,NEUTRAL,NASDAQ
2026-09-10T07:57:19.063393+09:00,2026-09-10,DOCU,"DocuSign, Inc.",US,IT,2026-09-09,64.45,3083892,3492499.6,2.7048,12045861888,73,60,50,74,68,2,WATCH,0.74,9,False,live,STOCK,69,NEUTRAL,NASDAQ
2026-09-10T07:57:19.063393+09:00,2026-09-10,SF,Stifel Financial Corp,US,금융,2026-09-09,80.65,1106927,1014141.35,1.8503,12178289664,47,60,52,76,59,1,HOLD,0.34,4,False,live,STOCK,60,NEUTRAL,NYSE
2026-09-10T07:57:19.063393+09:00,2026-09-10,ICLR,ICON Public Limited Company,US,제약/바이오,2026-09-09,159.51,801034,577361.7,6.0354,12306867200,32,65,50,59,49,0,HOLD,-0.01,0,False,live,STOCK,60,NEUTRAL,NASDAQ
2026-09-10T07:57:19.063393+09:00,2026-09-10,BTSG,"BrightSpring Health Services, Inc. Commo",US,제약/바이오,2026-09-09,61.99,1297885,2070394.25,2.2132,12265604096,72,65,50,58,57,1,HOLD,0.28,3,False,live,STOCK,38,NEUTRAL,NASDAQ
2026-09-10T07:57:19.063393+09:00,2026-09-10,CCK,"Crown Holdings, Inc.",US,소비재,2026-09-09,111.79,1170792,778419.6,2.2307,12158338048,47,60,55,84,60,1,HOLD,0.32,4,False,live,STOCK,48,NEUTRAL,NYSE
2026-09-10T07:57:19.063393+09:00,2026-09-10,TME,Tencent Music Entertainment Group,US,인터넷,2026-09-09,7.89,5515163,10871393.15,0.2375,12858846208,20,65,58,78,53,1,HOLD,-0.35,-4,False,live,STOCK,62,NEUTRAL,NYSE
2026-09-10T07:57:19.063393+09:00,2026-09-10,GRAB,Grab Holdings Limited,US,IT,2026-09-09,3.04,148170904,38471810.2,0.125,12437557248,20,60,50,66,47,0,HOLD,-0.42,-5,False,live,STOCK,55,NEUTRAL,NASDAQ
2026-09-10T07:57:19.063393+09:00,2026-09-10,AGNC,AGNC Investment Corp.,US,리츠,2026-09-09,10.51,30172308,16547260.4,0.161,12459410432,39,60,60,65,48,0,HOLD,-0.08,-1,False,live,STOCK,25,NEUTRAL,NASDAQ
2026-09-10T07:57:19.063393+09:00,2026-09-10,EHC,Encompass Health Corporation,US,제약/바이오,2026-09-09,121.52,582736,814336.8,2.283,11988359168,47,65,40,58,52,0,HOLD,0.16,2,False,live,STOCK,61,NEUTRAL,NYSE
2026-09-10T07:57:19.063393+09:00,2026-09-10,LI,Li Auto Inc.,US,소비재,2026-09-09,11.91,3825669,2828043.45,0.3511,11639339008,28,60,55,47,39,0,AVOID,-0.61,-7,True,live,STOCK,26,NEUTRAL,NASDAQ
2026-09-10T07:57:19.063393+09:00,2026-09-10,AR,Antero Resources Corporation,US,에너지,2026-09-09,39.12,3582234,3276381.7,0.9943,12027014144,69,60,55,78,67,1,HOLD,0.62,7,False,live,STOCK,61,NEUTRAL,NYSE
2026-09-10T07:57:19.063393+09:00,2026-09-10,MANH,"Manhattan Associates, Inc.",US,IT,2026-09-09,206.1,680316,753690.8,7.3279,12016655360,51,60,55,42,56,1,HOLD,0.5,6,False,live,STOCK,87,NEUTRAL,NASDAQ
2026-09-10T07:57:19.063393+09:00,2026-09-10,AIT,"Applied Industrial Technologies, Inc.",US,산업재,2026-09-09,324.85,231873,296203.65,7.8743,11921624064,25,60,60,50,47,0,HOLD,-0.12,-1,False,live,STOCK,61,NEUTRAL,NYSE
2026-09-10T07:57:19.063393+09:00,2026-09-10,FMS,Fresenius Medical Care AG & Co. KGaA,US,제약/바이오,2026-09-09,22.33,366459,631292.95,0.3275,11884457984,20,65,58,100,52,1,HOLD,-0.35,-4,False,live,STOCK,23,NEUTRAL,NYSE
2026-09-10T07:57:19.063393+09:00,2026-09-10,CSGP,"CoStar Group, Inc.",US,리츠,2026-09-09,29.58,4448733,6624236.65,1.2204,11985744896,35,60,63,51,42,0,AVOID,-0.46,-6,True,live,STOCK,20,NEUTRAL,NASDAQ
2026-09-10T07:57:19.063393+09:00,2026-09-10,FNF,"Fidelity National Financial, Inc.",US,금융,2026-09-09,44.48,3200087,1830114.35,1.0189,11929217024,20,60,63,84,48,1,HOLD,-0.45,-5,False,live,STOCK,20,NEUTRAL,NYSE
2026-09-10T07:57:19.063393+09:00,2026-09-10,WTRG,"Essential Utilities, Inc.",US,유틸리티,2026-09-09,42.0,1377265,2090488.25,0.7736,11918700544,88,60,63,37,64,2,WATCH,0.94,11,False,live,STOCK,71,NEUTRAL,NYSE
2026-09-10T07:57:19.063393+09:00,2026-09-10,PAYP,PayPay Corporation,US,IT,2026-09-09,17.58,1297859,770572.95,0.7671,11904176128,75,60,50,68,63,1,HOLD,0.62,7,False,live,STOCK,51,NEUTRAL,NASDAQ
2026-09-10T07:57:19.063393+09:00,2026-09-10,WTS,"Watts Water Technologies, Inc.",US,산업재,2026-09-09,356.29,138034,174526.7,8.7805,11894046720,47,60,63,45,46,0,HOLD,0.12,1,False,live,STOCK,29,NEUTRAL,NYSE
2026-09-10T07:57:19.063393+09:00,2026-09-10,NVMI,Nova Ltd.,US,반도체,2026-09-09,373.85,414240,489302.0,15.5543,11890733056,40,65,40,42,38,0,AVOID,-0.64,-8,True,live,STOCK,26,NEUTRAL,NASDAQ
2026-09-10T07:57:19.063393+09:00,2026-09-10,IAG,Iamgold Corporation,US,소재,2026-09-09,20.54,2752182,5013304.1,0.8821,11728340992,59,60,60,73,65,1,HOLD,0.64,8,False,live,STOCK,69,NEUTRAL,NYSE
2026-09-10T07:57:19.063393+09:00,2026-09-10,ELS,"Equity LifeStyle Properties, Inc.",US,리츠,2026-09-09,61.07,1174370,1268383.5,0.8675,12237442048,20,60,55,45,34,0,AVOID,-0.66,-8,True,live,STOCK,19,NEUTRAL,NYSE
2026-09-10T07:57:19.063393+09:00,2026-09-10,GWRE,"Guidewire Software, Inc.",US,IT,2026-09-09,142.24,2049581,1487089.05,11.1643,11842385920,51,60,50,43,52,0,HOLD,0.32,4,False,live,STOCK,69,NEUTRAL,NYSE
2026-09-10T07:57:19.063393+09:00,2026-09-10,HUBS,"HubSpot, Inc.",US,IT,2026-09-09,230.19,1530283,1411384.15,11.7531,11478701056,47,60,55,59,57,0,HOLD,0.37,4,False,live,STOCK,69,NEUTRAL,NYSE
2026-09-10T07:57:19.063393+09:00,2026-09-10,TXRH,"Texas Roadhouse, Inc.",US,소비재,2026-09-09,179.27,895080,672739.0,4.4423,11767449600,39,60,48,50,38,0,AVOID,-0.33,-4,True,live,STOCK,10,NEUTRAL,NASDAQ
2026-09-10T07:57:19.063393+09:00,2026-09-10,PNW,Pinnacle West Capital Corporation,US,유틸리티,2026-09-09,97.18,818024,939621.2,1.475,11777946624,47,60,63,37,44,0,AVOID,-0.14,-2,True,live,STOCK,33,NEUTRAL,NYSE
2026-09-10T07:57:19.063393+09:00,2026-09-10,ELAN,Elanco Animal Health Incorporated,US,제약/바이오,2026-09-09,23.55,3881157,5142442.85,0.7461,11766093824,28,65,72,53,54,2,HOLD,0.17,2,False,live,STOCK,78,NEUTRAL,NYSE
2026-09-10T07:57:19.063393+09:00,2026-09-10,GLPI,"Gaming and Leisure Properties, Inc.",US,리츠,2026-09-09,41.5,2172082,4130539.1,0.7366,12429270016,28,60,65,60,47,0,HOLD,-0.38,-5,False,live,STOCK,36,NEUTRAL,NASDAQ
2026-09-10T07:57:19.063393+09:00,2026-09-10,DVA,DaVita Inc.,US,제약/바이오,2026-09-09,183.01,688637,613721.85,4.705,11746496512,69,65,48,84,63,1,HOLD,0.16,2,False,live,STOCK,36,NEUTRAL,NYSE
2026-09-10T07:57:19.063393+09:00,2026-09-10,DKNG,DraftKings Inc.,US,소비재,2026-09-09,23.66,9443033,9023351.65,1.11,11746102272,33,60,60,60,52,0,HOLD,-0.24,-3,False,live,STOCK,59,NEUTRAL,NASDAQ
2026-09-10T07:57:19.063393+09:00,2026-09-10,MICC,The Magnum Ice Cream Company N.V.,US,소매,2026-09-09,19.13,1372739,795661.95,0.4189,11638901760,50,60,63,50,54,0,HOLD,0.27,3,False,live,STOCK,55,NEUTRAL,NYSE
2026-09-10T07:57:19.063393+09:00,2026-09-10,SNN,Smith & Nephew plc,US,제약/바이오,2026-09-09,27.8,1918770,1812313.5,0.5836,11634477056,20,65,60,58,41,0,AVOID,-0.59,-7,True,live,STOCK,26,NEUTRAL,NYSE
2026-09-10T07:57:19.063393+09:00,2026-09-10,AFG,"American Financial Group, Inc.",US,금융,2026-09-09,140.48,223096,294964.8,2.0757,11648806912,47,60,53,60,55,0,HOLD,0.21,3,False,live,STOCK,63,NEUTRAL,NYSE
2026-09-10T07:57:19.063393+09:00,2026-09-10,FHN,First Horizon Corporation,US,금융,2026-09-09,24.58,3032024,3791781.2,0.4,11645442048,50,60,55,70,59,1,HOLD,0.21,3,False,live,STOCK,62,NEUTRAL,NYSE
2026-09-10T07:57:19.063393+09:00,2026-09-10,ARWR,"Arrowhead Pharmaceuticals, Inc.",US,제약/바이오,2026-09-09,82.63,3203527,1236581.35,3.1909,11639015424,47,65,55,42,47,0,HOLD,0.15,2,False,live,STOCK,45,NEUTRAL,NASDAQ
2026-09-10T07:57:19.063393+09:00,2026-09-10,CR,Crane Company,US,산업재,2026-09-09,201.52,281478,383568.9,5.9393,11647928320,25,60,63,58,43,0,AVOID,-0.31,-4,True,live,STOCK,26,NEUTRAL,NYSE
2026-09-10T07:57:19.063393+09:00,2026-09-10,PINS,"Pinterest, Inc.",US,인터넷,2026-09-09,18.28,28030616,10869320.8,0.8518,10239676416,10,65,48,66,41,0,AVOID,-0.76,-9,True,live,STOCK,45,NEUTRAL,NYSE
2026-09-10T07:57:19.063393+09:00,2026-09-10,EGO,Eldorado Gold Corporation,US,소재,2026-09-09,44.58,1841427,2737801.35,1.9912,11626925056,73,60,60,55,65,2,WATCH,0.8,10,False,live,STOCK,72,NEUTRAL,NYSE
2026-09-10T07:57:19.063393+09:00,2026-09-10,AMH,American Homes 4 Rent,US,리츠,2026-09-09,32.24,2257468,1862653.4,0.4611,13216852992,20,60,75,58,42,1,AVOID,-0.37,-4,True,live,STOCK,19,NEUTRAL,NYSE
2026-09-10T07:57:19.063393+09:00,2026-09-10,HRL,Hormel Foods Corporation,US,소매,2026-09-09,20.97,4165352,5589272.6,0.5702,11540855808,20,60,53,66,42,0,AVOID,-0.67,-8,True,live,STOCK,26,NEUTRAL,NYSE
2026-09-10T07:57:19.063393+09:00,2026-09-10,SWKS,"Skyworks Solutions, Inc.",US,반도체,2026-09-09,76.54,4638427,5602801.35,2.9879,11512073216,78,65,66,53,64,1,HOLD,0.72,9,False,live,STOCK,55,NEUTRAL,NASDAQ
2026-09-10T07:57:19.063393+09:00,2026-09-10,RTO,Rentokil Initial plc,US,산업재,2026-09-09,22.78,1207147,1407077.35,0.4425,11463989248,40,60,55,74,52,1,HOLD,-0.33,-4,False,live,STOCK,32,NEUTRAL,NYSE
2026-09-10T07:57:19.063393+09:00,2026-09-10,SUZ,Suzano S.A.,US,소재,2026-09-09,9.27,3759720,3835146.0,0.2386,11416567808,69,60,50,70,67,2,WATCH,0.71,9,False,live,STOCK,75,NEUTRAL,NYSE
2026-09-10T07:57:19.063393+09:00,2026-09-10,APC,ARKO Petroleum Corp. Class A Common Stoc,US,에너지,2026-09-09,19.09,126572,174088.6,0.465,1576265600,69,60,50,58,63,1,HOLD,0.43,5,False,live,STOCK,73,NEUTRAL,NASDAQ
2026-09-10T07:57:19.063393+09:00,2026-09-10,TX,Ternium S.A.,US,소재,2026-09-09,58.11,283920,532346.0,1.6389,11407439872,77,60,60,78,73,3,BUY,0.93,11,False,live,STOCK,72,NEUTRAL,NYSE
2026-09-10T07:57:19.063393+09:00,2026-09-10,DKS,"DICK'S Sporting Goods, Inc.",US,소비재,2026-09-09,133.36,3081034,5366616.7,10.2146,11859246080,7,60,75,60,41,1,AVOID,-0.65,-8,True,live,STOCK,29,NEUTRAL,NYSE
2026-09-10T07:57:19.063393+09:00,2026-09-10,UDR,"UDR, Inc.",US,리츠,2026-09-09,35.4,7810068,2968788.4,0.5718,13116254208,20,60,60,53,37,0,AVOID,-0.66,-8,True,live,STOCK,17,NEUTRAL,NYSE
2026-09-10T07:57:19.063393+09:00,2026-09-10,IT,"Gartner, Inc.",US,IT,2026-09-09,169.69,1295745,1219612.25,7.7229,10715750400,47,60,45,84,62,1,HOLD,0.28,3,False,live,STOCK,69,NEUTRAL,NYSE
2026-09-10T07:57:19.063393+09:00,2026-09-10,LULU,Lululemon Athletica Inc.,US,소비재,2026-09-09,99.72,9485940,6851652.0,6.1286,11040004096,18,60,65,86,52,1,HOLD,-0.46,-6,False,live,STOCK,37,NEUTRAL,NASDAQ
2026-09-10T07:57:19.063393+09:00,2026-09-10,TECH,Bio-Techne Corporation,US,제약/바이오,2026-09-09,72.25,1975286,2282564.3,0.161,11330117632,51,65,68,43,51,0,HOLD,0.34,4,False,live,STOCK,45,NEUTRAL,NASDAQ
2026-09-10T07:57:19.063393+09:00,2026-09-10,BJ,"BJ's Wholesale Club Holdings, Inc.",US,소매,2026-09-09,88.51,1517121,1978401.05,2.8348,11180112896,46,60,50,50,44,0,AVOID,-0.28,-3,True,live,STOCK,26,NEUTRAL,NYSE
2026-09-10T07:57:19.063393+09:00,2026-09-10,ERIE,Erie Indemnity Company,US,금융,2026-09-09,243.83,200851,311572.55,8.0414,12749838336,39,60,60,58,51,0,HOLD,0.06,1,False,live,STOCK,51,NEUTRAL,NASDAQ
2026-09-10T07:57:19.063393+09:00,2026-09-10,JKHY,"Jack Henry & Associates, Inc.",US,IT,2026-09-09,158.48,787462,947448.1,4.2517,11111445504,51,60,53,50,56,1,HOLD,0.42,5,False,live,STOCK,75,NEUTRAL,NASDAQ
2026-09-10T07:57:19.063393+09:00,2026-09-10,JEF,Jefferies Financial Group Inc.,US,금융,2026-09-09,55.25,1364485,1642199.25,1.4979,11237407744,72,60,50,68,61,1,HOLD,0.3,4,False,live,STOCK,47,NEUTRAL,NYSE
2026-09-10T07:57:19.063393+09:00,2026-09-10,KNX,Knight-Swift Transportation Holdings Inc,US,산업재,2026-09-09,68.79,2987277,2871113.85,2.4146,11195984896,50,60,63,51,49,0,HOLD,-0.16,-2,False,live,STOCK,32,NEUTRAL,NYSE
2026-09-10T07:57:19.063393+09:00,2026-09-10,EVR,Evercore Inc.,US,금융,2026-09-09,287.92,296722,477451.1,8.5661,11072762880,37,60,63,68,49,0,HOLD,-0.35,-4,False,live,STOCK,26,NEUTRAL,NYSE
2026-09-10T07:57:19.063393+09:00,2026-09-10,PSKY,Paramount Skydance Corporation Class B C,US,인터넷,2026-09-09,10.22,12958148,10556352.4,0.4396,11437949952,43,65,58,69,62,1,HOLD,0.28,3,False,live,STOCK,83,NEUTRAL,NASDAQ
2026-09-10T07:57:19.063393+09:00,2026-09-10,AHR,"American Healthcare REIT, Inc.",US,리츠,2026-09-09,53.77,2573741,2783742.05,1.1611,11721793536,35,60,58,43,49,1,HOLD,0.2,2,False,live,STOCK,71,NEUTRAL,NYSE
2026-09-10T07:57:19.063393+09:00,2026-09-10,HII,"Huntington Ingalls Industries, Inc.",US,산업재,2026-09-09,280.85,356332,385281.6,7.6813,11066781696,35,60,50,60,42,0,AVOID,-0.42,-5,True,live,STOCK,19,NEUTRAL,NYSE
2026-09-10T07:57:19.063393+09:00,2026-09-10,SANM,Sanmina Corporation,US,IT,2026-09-09,206.15,377883,588199.15,8.2964,11049094144,72,60,55,58,59,1,HOLD,0.2,2,False,live,STOCK,44,NEUTRAL,NASDAQ
2026-09-10T07:57:19.063393+09:00,2026-09-10,ARW,"Arrow Electronics, Inc.",US,IT,2026-09-09,214.73,398545,513297.25,5.9979,10930921472,87,60,50,84,74,2,WATCH,0.72,9,False,live,STOCK,62,NEUTRAL,NYSE
2026-09-10T07:57:19.063393+09:00,2026-09-10,GNRC,Generac Holdings Inc.,US,산업재,2026-09-09,186.48,570251,954212.55,7.75,11003371520,7,60,40,58,33,0,AVOID,-1.04,-12,True,live,STOCK,27,NEUTRAL,NYSE
2026-09-10T07:57:19.063393+09:00,2026-09-10,CART,Maplebear Inc.,US,IT,2026-09-09,46.64,6441108,3684130.4,1.6063,10797162496,47,60,50,66,56,0,HOLD,0.28,3,False,live,STOCK,63,NEUTRAL,NASDAQ
2026-09-10T07:57:19.063393+09:00,2026-09-10,ALGN,"Align Technology, Inc.",US,제약/바이오,2026-09-09,152.92,981039,833446.95,4.8657,10863414272,28,65,63,74,56,1,HOLD,-0.14,-2,False,live,STOCK,62,NEUTRAL,NASDAQ
2026-09-10T07:57:19.063393+09:00,2026-09-10,DECK,Deckers Outdoor Corporation,US,소비재,2026-09-09,80.23,4030015,2776015.75,2.5893,10925871104,10,60,63,78,43,1,AVOID,-0.74,-9,True,live,STOCK,20,NEUTRAL,NYSE
2026-09-10T07:57:19.063393+09:00,2026-09-10,SCI,Service Corporation International,US,소비재,2026-09-09,79.69,619212,682345.6,1.4993,10861076480,47,60,48,50,48,0,HOLD,0.01,0,False,live,STOCK,45,NEUTRAL,NYSE
2026-09-10T07:57:19.063393+09:00,2026-09-10,TFII,TFI International Inc.,US,산업재,2026-09-09,132.0,187880,200784.0,4.0611,10849480704,28,60,63,66,47,0,HOLD,-0.42,-5,False,live,STOCK,33,NEUTRAL,NYSE
2026-09-10T07:57:19.063393+09:00,2026-09-10,AM,Antero Midstream Corporation,US,에너지,2026-09-09,22.84,2481379,2257688.95,0.4849,10841553920,88,60,60,58,63,1,HOLD,0.65,8,False,live,STOCK,34,NEUTRAL,NYSE
2026-09-10T07:57:19.063393+09:00,2026-09-10,AXSM,"Axsome Therapeutics, Inc.",US,제약/바이오,2026-09-09,210.63,414727,568221.35,6.3435,11032971264,65,65,55,26,44,0,AVOID,-0.15,-2,True,live,STOCK,30,NEUTRAL,NASDAQ
2026-09-10T07:57:19.063393+09:00,2026-09-10,CLX,The Clorox Company,US,소매,2026-09-09,89.62,2778912,2852415.6,2.7836,10837836800,35,60,60,50,41,0,AVOID,-0.44,-5,True,live,STOCK,19,NEUTRAL,NYSE
2026-09-10T07:57:19.063393+09:00,2026-09-10,NYT,The New York Times Company,US,인터넷,2026-09-09,66.6,3693506,1810755.3,1.5164,10741486592,50,65,63,53,53,0,HOLD,0.01,0,False,live,STOCK,47,NEUTRAL,NYSE
2026-09-10T07:57:19.063393+09:00,2026-09-10,HUT,Hut 8 Corp.,US,금융,2026-09-09,95.92,2853040,4942397.0,7.2647,11823048704,69,60,60,42,55,0,HOLD,0.21,3,False,live,STOCK,49,NEUTRAL,NASDAQ
2026-09-10T07:57:19.063393+09:00,2026-09-10,PAC,"Grupo Aeroportuario del Pacífico, S.A.B.",US,산업재,2026-09-09,207.95,95864,117908.2,5.9414,12373403648,50,60,50,50,48,0,HOLD,-0.17,-2,False,live,STOCK,38,NEUTRAL,NYSE
2026-09-10T07:57:19.063393+09:00,2026-09-10,TEM,"Tempus AI, Inc.",US,제약/바이오,2026-09-09,61.28,6600706,7829225.3,5.175,11057041408,51,65,50,19,46,1,HOLD,0.27,3,False,live,STOCK,74,NEUTRAL,NASDAQ
2026-09-10T07:57:19.063393+09:00,2026-09-10,DAR,Darling Ingredients Inc.,US,소매,2026-09-09,67.51,1714755,2662312.75,3.3021,10653275136,84,60,50,53,68,2,WATCH,0.95,11,False,live,STOCK,87,NEUTRAL,NYSE
2026-09-10T07:57:19.063393+09:00,2026-09-10,FIG,"Figma, Inc.",US,IT,2026-09-09,22.01,17806255,15068207.75,1.676,11731547136,47,60,50,38,45,0,HOLD,0.05,1,False,live,STOCK,48,NEUTRAL,NYSE
2026-09-10T07:57:19.063393+09:00,2026-09-10,UMBF,UMB Financial Corporation,US,금융,2026-09-09,141.22,522818,468990.9,2.7454,10725663744,44,60,50,70,54,1,HOLD,0.07,1,False,live,STOCK,48,NEUTRAL,NASDAQ
2026-09-10T07:57:19.063393+09:00,2026-09-10,LFUS,"Littelfuse, Inc.",US,IT,2026-09-09,421.98,136332,198631.6,12.6968,10717763584,57,60,55,50,49,0,HOLD,-0.05,-1,False,live,STOCK,29,NEUTRAL,NASDAQ
2026-09-10T07:57:19.063393+09:00,2026-09-10,ENLT,Enlight Renewable Energy Ltd,US,유틸리티,2026-09-09,76.17,234465,162153.25,2.5132,10652572672,18,60,50,35,31,0,AVOID,-0.87,-10,True,live,STOCK,26,NEUTRAL,NASDAQ
2026-09-10T07:57:19.063393+09:00,2026-09-10,EGP,"EastGroup Properties, Inc.",US,리츠,2026-09-09,197.91,459901,348065.05,2.6679,10642277376,50,60,63,45,48,0,HOLD,0.0,0,False,live,STOCK,35,NEUTRAL,NYSE
2026-09-10T07:57:19.063393+09:00,2026-09-10,UHS,"Universal Health Services, Inc.",US,제약/바이오,2026-09-09,175.78,890383,639654.15,4.7478,10359860224,66,65,63,70,65,1,HOLD,0.69,8,False,live,STOCK,58,NEUTRAL,NYSE
2026-09-10T07:57:19.063393+09:00,2026-09-10,SUN,Sunoco LP,US,에너지,2026-09-09,77.79,449579,405163.95,1.7993,14656713728,59,60,55,63,64,1,HOLD,0.63,8,False,live,STOCK,80,NEUTRAL,NYSE
2026-09-10T07:57:19.063393+09:00,2026-09-10,DPZ,"Domino's Pizza, Inc.",US,소비재,2026-09-09,321.46,789816,804240.8,11.6161,10634455040,46,60,50,50,48,0,HOLD,-0.03,0,False,live,STOCK,48,NEUTRAL,NASDAQ
2026-09-10T07:57:19.063393+09:00,2026-09-10,ALSN,"Allison Transmission Holdings, Inc.",US,소비재,2026-09-09,128.14,627894,722779.7,4.3076,10581550080,69,60,50,66,57,0,HOLD,0.36,4,False,live,STOCK,31,NEUTRAL,NYSE
2026-09-10T07:57:19.063393+09:00,2026-09-10,RRX,Regal Rexnord Corporation,US,산업재,2026-09-09,159.61,975412,1217480.6,5.2486,10628727808,37,60,63,58,45,0,HOLD,-0.43,-5,False,live,STOCK,20,NEUTRAL,NYSE
2026-09-10T07:57:19.063393+09:00,2026-09-10,GKOS,Glaukos Corporation,US,제약/바이오,2026-09-09,179.79,587926,639076.3,6.0114,10604721152,48,65,45,27,48,1,HOLD,0.28,3,False,live,STOCK,84,NEUTRAL,NYSE
2026-09-10T07:57:19.063393+09:00,2026-09-10,FROG,JFrog Ltd.,US,IT,2026-09-09,87.32,2260846,2101037.3,6.0896,10766670848,47,60,60,27,46,0,HOLD,0.15,2,False,live,STOCK,57,NEUTRAL,NASDAQ
2026-09-10T07:57:19.063393+09:00,2026-09-10,AES,The AES Corporation,US,유틸리티,2026-09-09,14.82,6645094,6970954.7,0.045,10568996864,84,60,58,70,72,2,WATCH,0.8,10,False,live,STOCK,69,NEUTRAL,NYSE
2026-09-10T07:57:19.063393+09:00,2026-09-10,BPOP,"Popular, Inc.",US,금융,2026-09-09,164.85,492844,444752.2,2.925,10513886208,32,60,53,70,51,1,HOLD,-0.09,-1,False,live,STOCK,48,NEUTRAL,NASDAQ
2026-09-10T07:57:19.063393+09:00,2026-09-10,GSAT,"Globalstar, Inc.",US,인터넷,2026-09-09,81.68,652079,652413.95,0.6371,10582737920,40,65,53,27,40,0,AVOID,-0.19,-2,True,live,STOCK,46,NEUTRAL,NASDAQ
2026-09-10T07:57:19.063393+09:00,2026-09-10,FRO,Frontline Plc,US,산업재,2026-09-09,47.21,2016241,2382647.05,1.5621,10510026752,92,60,55,65,73,2,WATCH,1.07,13,False,live,STOCK,75,NEUTRAL,NYSE
2026-09-10T07:57:19.063393+09:00,2026-09-10,CPT,Camden Property Trust,US,리츠,2026-09-09,104.11,1097632,870006.6,1.458,10467151872,20,60,66,45,38,0,AVOID,-0.56,-7,True,live,STOCK,26,NEUTRAL,NYSE
2026-09-10T07:57:19.063393+09:00,2026-09-10,AG,First Majestic Silver Corp.,US,소재,2026-09-09,21.18,9328692,9719544.6,0.9957,10439756800,59,60,45,66,59,0,HOLD,0.42,5,False,live,STOCK,63,NEUTRAL,NYSE
2026-09-10T07:57:19.063393+09:00,2026-09-10,DCI,"Donaldson Company, Inc.",US,산업재,2026-09-09,89.81,693594,624869.7,2.1889,10409971712,47,60,63,58,55,0,HOLD,0.26,3,False,live,STOCK,54,NEUTRAL,NYSE
2026-09-10T07:57:19.063393+09:00,2026-09-10,OC,Owens Corning,US,소재,2026-09-09,128.67,840517,870690.85,4.5589,10171193344,24,60,60,78,46,1,HOLD,-0.21,-3,False,live,STOCK,19,NEUTRAL,NYSE
2026-09-10T07:57:19.063393+09:00,2026-09-10,CGNX,Cognex Corporation,US,IT,2026-09-09,61.87,1175364,1892718.2,1.7843,10408008704,69,60,45,50,51,0,HOLD,0.17,2,False,live,STOCK,33,NEUTRAL,NASDAQ
2026-09-10T07:57:19.063393+09:00,2026-09-10,KRYS,"Krystal Biotech, Inc.",US,제약/바이오,2026-09-09,348.09,222283,221839.15,11.8696,10303058944,69,65,45,42,52,0,HOLD,0.32,4,False,live,STOCK,47,NEUTRAL,NASDAQ
2026-09-10T07:57:19.063393+09:00,2026-09-10,BXP,"BXP, Inc.",US,리츠,2026-09-09,64.29,1436899,1163419.95,1.6554,11628609536,31,60,63,58,49,0,HOLD,-0.13,-2,False,live,STOCK,48,NEUTRAL,NYSE
2026-09-10T07:57:19.063393+09:00,2026-09-10,MGM,MGM Resorts International,US,소비재,2026-09-09,40.66,2795779,1887648.95,0.8471,10229761024,20,60,63,74,44,1,AVOID,-0.61,-7,True,live,STOCK,17,NEUTRAL,NYSE
2026-09-10T07:57:19.063393+09:00,2026-09-10,SSB,SouthState Bank Corp.,US,금융,2026-09-09,105.35,471926,692511.3,1.7454,10216266752,47,60,50,70,55,1,HOLD,0.14,2,False,live,STOCK,48,NEUTRAL,NYSE
2026-09-10T07:57:19.063393+09:00,2026-09-10,WTFC,Wintrust Financial Corporation,US,금융,2026-09-09,150.55,402469,448668.45,2.6607,10157001728,28,60,63,60,44,0,AVOID,-0.34,-4,True,live,STOCK,26,NEUTRAL,NASDAQ
2026-09-10T07:57:19.063393+09:00,2026-09-10,BIO,"Bio-Rad Laboratories, Inc.",US,제약/바이오,2026-09-09,376.97,176998,233304.9,11.1436,10088320000,73,65,55,37,58,2,HOLD,0.68,8,False,live,STOCK,71,NEUTRAL,NYSE
2026-09-10T07:57:19.063393+09:00,2026-09-10,MOH,"Molina Healthcare, Inc.",US,제약/바이오,2026-09-09,194.13,736106,592140.3,6.1495,10133585920,28,65,63,59,42,0,AVOID,-0.4,-5,True,live,STOCK,17,NEUTRAL,NYSE
2026-09-10T07:57:19.063393+09:00,2026-09-10,WMS,"Advanced Drainage Systems, Inc.",US,소재,2026-09-09,131.78,849071,647348.55,3.897,9936916480,20,60,55,58,41,0,AVOID,-0.43,-5,True,live,STOCK,33,NEUTRAL,NYSE
2026-09-10T07:57:19.063393+09:00,2026-09-10,AVTR,"Avantor, Inc.",US,제약/바이오,2026-09-09,14.88,7845299,6591394.95,0.4574,10064220160,73,65,66,60,71,2,WATCH,1.0,12,False,live,STOCK,90,NEUTRAL,NYSE
2026-09-10T07:57:19.063393+09:00,2026-09-10,CFR,"Cullen/Frost Bankers, Inc.",US,금융,2026-09-09,161.88,448391,468274.55,2.971,10060645376,47,60,60,55,52,0,HOLD,0.24,3,False,live,STOCK,48,NEUTRAL,NYSE
2026-09-10T07:57:19.063393+09:00,2026-09-10,GMED,"Globus Medical, Inc.",US,제약/바이오,2026-09-09,74.52,1518501,1115035.05,2.3943,10005197824,35,65,60,66,53,0,HOLD,-0.14,-2,False,live,STOCK,52,NEUTRAL,NYSE
2026-09-10T07:57:19.063393+09:00,2026-09-10,SOLS,Solstice Advanced Materials Inc.,US,소재,2026-09-09,63.26,1838035,3054051.75,2.8239,10048685056,62,60,58,50,50,0,HOLD,-0.12,-1,False,live,STOCK,26,NEUTRAL,NASDAQ
2026-09-10T07:57:19.063393+09:00,2026-09-10,XPEV,XPeng Inc.,US,소비재,2026-09-09,10.57,11173209,7997950.45,0.4144,10111194112,10,60,60,42,33,0,AVOID,-0.85,-10,True,live,STOCK,26,NEUTRAL,NYSE
2026-09-10T07:57:19.063393+09:00,2026-09-10,HSIC,"Henry Schein, Inc.",US,제약/바이오,2026-09-09,87.97,754314,889615.7,1.6129,10021257216,50,65,60,58,56,0,HOLD,0.34,4,False,live,STOCK,58,NEUTRAL,NASDAQ
2026-09-10T07:57:19.063393+09:00,2026-09-10,ENSG,"The Ensign Group, Inc.",US,제약/바이오,2026-09-09,171.76,660997,299949.85,4.1186,10010590208,36,65,48,58,45,0,HOLD,-0.1,-1,False,live,STOCK,37,NEUTRAL,NASDAQ
