scan_ts_kst,date,ticker,name,market,sector,bar_date,close,volume,avg_vol20,atr14,market_cap,tech,macro,filing,value,total,consensus,signal,ev,target,hitl,source
2026-08-20T07:32:42.354494+09:00,2026-08-20,NVDA,NVIDIA Corporation,US,반도체,2026-08-19,217.56,96854269,118284918.45,6.5007,5269520646144,77,65,71,58,70,2,WATCH,0.7,8,False,live
2026-08-20T07:32:42.354494+09:00,2026-08-20,AAPL,Apple Inc.,US,IT,2026-08-19,316.83,50009121,53019436.05,8.36,4623874129920,55,60,68,42,58,0,HOLD,0.37,4,False,live
2026-08-20T07:32:42.354494+09:00,2026-08-20,GOOGL,Alphabet Inc.,US,인터넷,2026-08-19,344.72,19596813,29783585.65,10.6871,4215903354880,35,65,68,68,56,0,HOLD,-0.0,0,False,live
2026-08-20T07:32:42.354494+09:00,2026-08-20,GOOG,Alphabet Inc.,US,인터넷,2026-08-19,341.7,13290636,19967766.8,10.1706,4178969100288,28,65,60,68,51,0,HOLD,-0.18,-2,False,live
2026-08-20T07:32:42.354494+09:00,2026-08-20,MSFT,Microsoft Corporation,US,IT,2026-08-19,484.31,19853191,37421769.55,12.8007,3596265979904,62,60,50,50,56,0,HOLD,0.44,5,False,live
2026-08-20T07:32:42.354494+09:00,2026-08-20,AMZN,"Amazon.com, Inc.",US,소비재,2026-08-19,265.84,32458494,48730259.7,9.4571,2867433570304,65,60,60,50,60,0,HOLD,0.39,5,False,live
2026-08-20T07:32:42.354494+09:00,2026-08-20,TSM,Taiwan Semiconductor Manufacturing Compa,US,반도체,2026-08-19,412.09,8395843,12326792.15,12.0443,2137293979648,57,65,77,58,65,1,HOLD,0.55,7,False,live
2026-08-20T07:32:42.354494+09:00,2026-08-20,AVGO,Broadcom Inc.,US,반도체,2026-08-19,362.48,34787245,19554872.25,16.5986,1724527804416,43,65,60,43,52,0,HOLD,-0.09,-1,False,live
2026-08-20T07:32:42.354494+09:00,2026-08-20,META,"Meta Platforms, Inc.",US,인터넷,2026-08-19,546.03,16348636,17292786.8,19.79,1391014838272,31,65,50,66,49,0,HOLD,-0.23,-3,False,live
2026-08-20T07:32:42.354494+09:00,2026-08-20,TSLA,"Tesla, Inc.",US,소비재,2026-08-19,351.12,35316918,39434530.9,11.0957,1386765090816,44,60,70,30,53,1,HOLD,-0.07,-1,False,live
2026-08-20T07:32:42.354494+09:00,2026-08-20,LLY,Eli Lilly and Company,US,제약/바이오,2026-08-19,1280.34,3753160,2754008.0,45.8209,1141732147200,92,65,71,42,73,2,WATCH,1.09,13,False,live
2026-08-20T07:32:42.354494+09:00,2026-08-20,MU,"Micron Technology, Inc.",US,반도체,2026-08-19,937.105,25693662,40866308.1,63.3236,,80,65,65,58,69,1,HOLD,0.91,11,False,live
2026-08-20T07:32:42.354494+09:00,2026-08-20,JPM,JPMorgan Chase & Co.,US,금융,2026-08-19,357.26,4951748,6304442.4,5.4904,949663629312,69,60,71,60,66,1,HOLD,0.79,9,False,live
2026-08-20T07:32:42.354494+09:00,2026-08-20,WMT,Walmart Inc.,US,소매,2026-08-19,114.3,34149913,21917965.65,2.2693,909608419328,72,60,50,29,57,1,HOLD,0.14,2,False,live
2026-08-20T07:32:42.354494+09:00,2026-08-20,AMD,"Advanced Micro Devices, Inc.",US,반도체,2026-08-19,466.42,18411867,27749408.35,26.6218,761419005952,50,65,68,35,56,0,HOLD,0.3,4,False,live
2026-08-20T07:32:42.354494+09:00,2026-08-20,XOM,Exxon Mobil Corporation,US,에너지,2026-08-19,164.77,13626165,14270643.25,3.7722,677519753216,88,60,40,58,64,1,HOLD,0.61,7,False,live
2026-08-20T07:32:42.354494+09:00,2026-08-20,V,Visa Inc.,US,금융,2026-08-19,365.54,3648912,7056855.6,6.6239,682480500736,62,60,71,50,62,1,HOLD,0.6,7,False,live
2026-08-20T07:32:42.354494+09:00,2026-08-20,ASML,ASML Holding N.V.,US,반도체,2026-08-19,1751.73,1254566,1579108.3,64.1679,672839499776,76,65,70,42,67,2,WATCH,0.83,10,False,live
2026-08-20T07:32:42.354494+09:00,2026-08-20,JNJ,Johnson & Johnson,US,제약/바이오,2026-08-19,273.41,6264427,7006131.35,5.435,658890358784,73,65,56,53,63,1,HOLD,0.7,8,False,live
2026-08-20T07:32:42.354494+09:00,2026-08-20,MA,Mastercard Incorporated,US,금융,2026-08-19,573.72,2458227,3037321.35,10.4569,502584377344,62,60,53,50,57,0,HOLD,0.47,6,False,live
2026-08-20T07:32:42.354494+09:00,2026-08-20,ABBV,AbbVie Inc.,US,제약/바이오,2026-08-19,265.97,5492517,5342765.85,6.2657,470000205824,92,65,81,51,77,2,WATCH,1.22,15,False,live
2026-08-20T07:32:42.354494+09:00,2026-08-20,INTC,Intel Corp.,US,반도체,2026-08-19,92.8,108826782,121590909.1,6.2679,490550558720,40,65,83,42,58,1,HOLD,0.08,1,False,live
2026-08-20T07:32:42.354494+09:00,2026-08-20,BAC,Bank of America Corporation,US,금융,2026-08-19,63.17,19592398,27108309.9,0.9892,441731907584,73,60,81,60,71,2,WATCH,0.95,11,False,live
2026-08-20T07:32:42.354494+09:00,2026-08-20,CSCO,"Cisco Systems, Inc.",US,IT,2026-08-19,110.55,17957530,23187541.5,4.3389,435725598720,31,60,65,50,50,0,HOLD,-0.08,-1,False,live
2026-08-20T07:32:42.354494+09:00,2026-08-20,COST,Costco Wholesale Corporation,US,소매,2026-08-19,956.99,1514743,1785057.15,16.5543,424404779008,73,60,60,29,60,1,HOLD,0.28,3,False,live
2026-08-20T07:32:42.354494+09:00,2026-08-20,ORCL,Oracle Corporation,US,IT,2026-08-19,143.81,23788822,31073991.1,7.1143,414240538624,62,60,60,50,59,0,HOLD,0.14,2,False,live
2026-08-20T07:32:42.354494+09:00,2026-08-20,CVX,Chevron Corporation,US,에너지,2026-08-19,205.76,8209068,8052168.4,4.5193,403619479552,88,60,32,74,64,2,WATCH,0.6,7,False,live
2026-08-20T07:32:42.354494+09:00,2026-08-20,PLTR,Palantir Technologies Inc.,US,IT,2026-08-19,175.19,35885885,46771059.25,9.1385,420991827968,73,60,42,35,55,1,HOLD,0.46,6,False,live
2026-08-20T07:32:42.354494+09:00,2026-08-20,AMAT,"Applied Materials, Inc.",US,반도체,2026-08-19,496.17,6538091,8000539.55,29.2593,393938862080,32,65,65,42,50,0,HOLD,0.18,2,False,live
2026-08-20T07:32:42.354494+09:00,2026-08-20,KO,The Coca-Cola Company,US,소매,2026-08-19,90.35,15973076,15894673.8,1.3918,388735303680,88,60,53,37,64,1,HOLD,0.74,9,False,live
2026-08-20T07:32:42.354494+09:00,2026-08-20,LRCX,Lam Research Corporation,US,반도체,2026-08-19,307.17,9942329,10767716.45,18.7611,384368279552,54,65,73,42,60,1,HOLD,0.44,5,False,live
2026-08-20T07:32:42.354494+09:00,2026-08-20,MRK,"Merck & Co., Inc.",US,제약/바이오,2026-08-19,152.2,32545675,9635258.75,4.3343,375503519744,77,65,50,30,59,1,HOLD,0.61,7,False,live
2026-08-20T07:32:42.354494+09:00,2026-08-20,CAT,Caterpillar Inc.,US,산업재,2026-08-19,816.15,4107391,3116809.55,35.3753,375163650048,50,60,65,50,56,0,HOLD,0.14,2,False,live
2026-08-20T07:32:42.354494+09:00,2026-08-20,GE,GE Aerospace,US,산업재,2026-08-19,356.23,4735542,3477367.1,9.4829,369610883072,47,60,60,29,51,0,HOLD,0.26,3,False,live
2026-08-20T07:32:42.354494+09:00,2026-08-20,UNH,UnitedHealth Group Incorporated,US,제약/바이오,2026-08-19,388.61,5250261,4317953.05,9.3471,348814311424,20,65,83,66,55,1,HOLD,0.11,1,False,live
2026-08-20T07:32:42.354494+09:00,2026-08-20,HSBC,HSBC Holdings plc,US,금융,2026-08-19,102.3,1192958,1254882.9,1.7205,350665375744,47,60,55,60,54,0,HOLD,0.32,4,False,live
2026-08-20T07:32:42.354494+09:00,2026-08-20,HD,"The Home Depot, Inc.",US,소비재,2026-08-19,344.3,3977137,3971916.85,8.7807,,62,60,60,42,58,0,HOLD,0.51,6,False,live
2026-08-20T07:32:42.354494+09:00,2026-08-20,PG,The Procter & Gamble Company,US,소매,2026-08-19,144.38,11867831,9032146.55,2.5854,335601664000,28,60,63,45,47,0,HOLD,-0.09,-1,False,live
2026-08-20T07:32:42.354494+09:00,2026-08-20,MS,Morgan Stanley,US,금융,2026-08-19,214.23,4907517,4742455.85,4.3936,336769548288,76,60,60,60,66,1,HOLD,0.76,9,False,live
2026-08-20T07:32:42.354494+09:00,2026-08-20,NFLX,"Netflix, Inc.",US,인터넷,2026-08-19,80.22,31106343,35199452.15,2.3214,334031224832,69,65,45,50,58,0,HOLD,0.2,2,False,live
2026-08-20T07:32:42.354494+09:00,2026-08-20,BABA,Alibaba Group Holding Limited,US,소비재,2026-08-19,128.9,11511746,9474122.3,3.8721,308957020160,58,60,45,58,54,0,HOLD,0.11,1,False,live
2026-08-20T07:32:42.354494+09:00,2026-08-20,NVS,Novartis AG,US,제약/바이오,2026-08-19,160.31,2280431,1612306.55,2.795,304703602688,81,65,55,53,66,1,HOLD,0.71,9,False,live
2026-08-20T07:32:42.354494+09:00,2026-08-20,GS,"The Goldman Sachs Group, Inc.",US,금융,2026-08-19,1021.65,2648970,1930118.5,24.0429,297475244032,28,60,55,60,47,0,HOLD,-0.09,-1,False,live
2026-08-20T07:32:42.354494+09:00,2026-08-20,RTX,RTX Corporation,US,산업재,2026-08-19,220.35,6008861,5378903.05,4.1858,296978513920,73,60,45,58,60,1,HOLD,0.57,7,False,live
2026-08-20T07:32:42.354494+09:00,2026-08-20,PM,Philip Morris International Inc.,US,소매,2026-08-19,189.93,4135015,4961065.75,4.2396,296027422720,43,60,58,58,53,0,HOLD,0.1,1,False,live
2026-08-20T07:32:42.354494+09:00,2026-08-20,PANW,"Palo Alto Networks, Inc.",US,IT,2026-08-19,359.76,5267634,5711641.7,15.4214,293204393984,73,60,52,30,58,1,HOLD,0.54,6,False,live
2026-08-20T07:32:42.354494+09:00,2026-08-20,DELL,Dell Technologies Inc.,US,IT,2026-08-19,437.55,7053049,5908867.45,33.0957,282719584256,58,60,55,66,59,0,HOLD,0.49,6,False,live
2026-08-20T07:32:42.354494+09:00,2026-08-20,RY,Royal Bank of Canada,US,금융,2026-08-19,207.62,1996054,1345562.7,3.2379,288521682944,47,60,60,50,54,0,HOLD,0.32,4,False,live
2026-08-20T07:32:42.354494+09:00,2026-08-20,ARM,Arm Holdings plc American Depositary Sha,US,반도체,2026-08-19,249.34,4304415,5422295.75,20.6958,266294771712,45,65,65,35,54,0,HOLD,0.1,1,False,live
2026-08-20T07:32:42.354494+09:00,2026-08-20,GEV,GE Vernova Inc.,US,유틸리티,2026-08-19,987.46,2038537,2386471.85,45.2272,262993772544,50,60,60,50,55,0,HOLD,0.13,2,False,live
2026-08-20T07:32:42.354494+09:00,2026-08-20,WFC,Wells Fargo & Company,US,금융,2026-08-19,85.94,10639880,12344434.0,1.631,259882500096,47,60,60,60,55,0,HOLD,0.37,4,False,live
2026-08-20T07:32:42.354494+09:00,2026-08-20,SHEL,Shell plc,US,에너지,2026-08-19,92.77,4675148,6337909.85,1.5358,255948177408,88,60,55,78,71,2,WATCH,0.87,10,False,live
2026-08-20T07:32:42.354494+09:00,2026-08-20,AZN,AstraZeneca PLC,US,제약/바이오,2026-08-19,164.95,2466124,4216121.2,4.4364,255818629120,70,65,68,58,67,1,HOLD,0.48,6,False,live
2026-08-20T07:32:42.354494+09:00,2026-08-20,SAP,SAP SE,US,IT,2026-08-19,215.6,2388604,3413200.2,6.6079,248846450688,73,60,58,42,61,1,HOLD,0.65,8,False,live
2026-08-20T07:32:42.354494+09:00,2026-08-20,KLAC,KLA Corporation,US,반도체,2026-08-19,187.27,9173853,11855682.65,10.3714,244677033984,50,65,73,42,59,1,HOLD,0.35,4,False,live
2026-08-20T07:32:42.354494+09:00,2026-08-20,TXN,Texas Instruments Incorporated,US,반도체,2026-08-19,267.45,6269827,7416126.35,10.1164,244248100864,31,65,75,42,53,1,HOLD,-0.08,-1,False,live
2026-08-20T07:32:42.354494+09:00,2026-08-20,MUFG,"Mitsubishi UFJ Financial Group, Inc.",US,금융,2026-08-19,21.56,6311662,3134038.1,0.5179,243129368576,50,60,58,60,56,0,HOLD,0.35,4,False,live
2026-08-20T07:32:42.354494+09:00,2026-08-20,AMGN,Amgen Inc.,US,제약/바이오,2026-08-19,442.36,2543010,2791780.5,12.0629,239316746240,77,65,45,50,61,1,HOLD,0.63,8,False,live
2026-08-20T07:32:42.354494+09:00,2026-08-20,ANET,"Arista Networks, Inc.",US,IT,2026-08-19,186.45,5724473,7993253.65,10.6834,235155341312,58,60,60,42,57,0,HOLD,0.46,6,False,live
2026-08-20T07:32:42.354494+09:00,2026-08-20,BHP,BHP Group Limited,US,소재,2026-08-19,92.29,4020411,2658380.55,2.3793,234424139776,88,60,50,45,65,1,HOLD,0.72,9,False,live
2026-08-20T07:32:42.354494+09:00,2026-08-20,SNDK,Sandisk Corporation,US,IT,2026-08-19,1568.87,15923446,17589092.3,153.7029,229712396288,84,60,50,50,64,1,HOLD,0.71,9,False,live
2026-08-20T07:32:42.354494+09:00,2026-08-20,AXP,American Express Company,US,금융,2026-08-19,339.9,2538503,2820320.15,5.9214,229537808384,47,60,76,50,59,1,HOLD,0.44,5,False,live
2026-08-20T07:32:42.354494+09:00,2026-08-20,TMO,Thermo Fisher Scientific Inc.,US,제약/바이오,2026-08-19,613.54,1684050,2076247.5,13.9004,226854748160,70,65,53,58,62,1,HOLD,0.64,8,False,live
2026-08-20T07:32:42.354494+09:00,2026-08-20,C,Citigroup Inc.,US,금융,2026-08-19,132.89,8173305,9324340.25,3.0066,222914576384,54,60,70,76,63,2,WATCH,0.52,6,False,live
2026-08-20T07:32:42.354494+09:00,2026-08-20,TM,Toyota Motor Corporation,US,소비재,2026-08-19,188.78,311050,401822.5,2.9875,223535382528,51,60,50,54,53,0,HOLD,0.08,1,False,live
2026-08-20T07:32:42.354494+09:00,2026-08-20,IBM,International Business Machines Corporat,US,IT,2026-08-19,237.16,5314950,7515032.5,6.7294,223436603392,76,60,81,58,72,2,WATCH,0.87,10,False,live
2026-08-20T07:32:42.354494+09:00,2026-08-20,LIN,Linde plc,US,소재,2026-08-19,481.13,2686607,2223545.35,10.445,221791387648,25,60,60,58,47,0,HOLD,-0.22,-3,False,live
2026-08-20T07:32:42.354494+09:00,2026-08-20,MRVL,"Marvell Technology, Inc.",US,반도체,2026-08-19,237.27,43562582,23175639.1,17.4264,212960378880,62,65,69,35,61,0,HOLD,0.62,7,False,live
2026-08-20T07:32:42.354494+09:00,2026-08-20,SAN,"Banco Santander, S.A.",US,금융,2026-08-19,14.17,67925389,17472749.45,0.2557,201874096128,55,60,55,63,57,0,HOLD,0.43,5,False,live
2026-08-20T07:32:42.354494+09:00,2026-08-20,NVO,Novo Nordisk A/S,US,제약/바이오,2026-08-19,46.48,14820738,13919191.9,1.8002,205538033664,40,65,68,73,58,1,HOLD,0.29,3,False,live
2026-08-20T07:32:42.354494+09:00,2026-08-20,VZ,Verizon Communications Inc.,US,인터넷,2026-08-19,49.36,17789784,23560239.2,1.0168,205079707648,74,65,60,84,70,2,WATCH,0.73,9,False,live
2026-08-20T07:32:42.354494+09:00,2026-08-20,CRWD,"CrowdStrike Holdings, Inc.",US,IT,2026-08-19,201.63,10270757,7389257.85,9.2982,205311623168,58,60,65,22,55,0,HOLD,0.44,5,False,live
2026-08-20T07:32:42.354494+09:00,2026-08-20,TTE,TotalEnergies SE,US,에너지,2026-08-19,90.07,1353942,1332837.1,1.5761,199700168704,84,60,55,86,71,2,WATCH,0.68,8,False,live
2026-08-20T07:32:42.354494+09:00,2026-08-20,TD,The Toronto-Dominion Bank,US,금융,2026-08-19,118.35,3236651,2172222.55,2.1157,195520233472,50,60,55,58,55,0,HOLD,0.28,3,False,live
2026-08-20T07:32:42.354494+09:00,2026-08-20,ABT,Abbott Laboratories,US,제약/바이오,2026-08-19,114.43,5619515,8636950.75,2.5393,198007767040,70,65,63,58,65,1,HOLD,0.75,9,False,live
2026-08-20T07:32:42.354494+09:00,2026-08-20,TMUS,"T-Mobile US, Inc.",US,인터넷,2026-08-19,182.36,3808258,4999542.9,4.6821,195612393472,72,65,55,74,66,2,WATCH,0.5,6,False,live
2026-08-20T07:32:42.354494+09:00,2026-08-20,PEP,"PepsiCo, Inc.",US,소매,2026-08-19,142.58,6306313,7065385.65,2.3693,194764275712,72,60,60,42,62,1,HOLD,0.41,5,False,live
2026-08-20T07:32:42.354494+09:00,2026-08-20,SCHW,The Charles Schwab Corporation,US,금융,2026-08-19,110.88,6464279,6874643.95,1.7562,191748734976,80,60,50,58,64,1,HOLD,0.72,9,False,live
2026-08-20T07:32:42.354494+09:00,2026-08-20,APH,Amphenol Corporation,US,IT,2026-08-19,156.04,6037437,6802371.85,6.5571,192394723328,51,60,63,50,56,0,HOLD,0.42,5,False,live
2026-08-20T07:32:42.354494+09:00,2026-08-20,SHOP,Shopify Inc.,US,IT,2026-08-19,146.58,6049319,11632135.95,7.5922,190210228224,88,60,60,35,66,1,HOLD,0.85,10,False,live
2026-08-20T07:32:42.354494+09:00,2026-08-20,MCD,McDonald's Corporation,US,소비재,2026-08-19,267.45,4161005,4573635.25,5.9743,189258743808,28,60,60,50,47,0,HOLD,-0.19,-2,False,live
2026-08-20T07:32:42.354494+09:00,2026-08-20,STX,Seagate Technology Holdings plc,US,IT,2026-08-19,832.56,5923710,5447965.5,70.0248,188695150592,54,60,63,50,57,0,HOLD,0.41,5,False,live
2026-08-20T07:32:42.354494+09:00,2026-08-20,DIS,The Walt Disney Company,US,인터넷,2026-08-19,106.93,7825738,11207791.9,2.2779,184634621952,70,65,60,58,64,1,HOLD,0.57,7,False,live
2026-08-20T07:32:42.354494+09:00,2026-08-20,GILD,"Gilead Sciences, Inc.",US,제약/바이오,2026-08-19,147.6,6717506,6695750.3,4.1321,183017390080,66,65,50,60,60,0,HOLD,0.55,7,False,live
2026-08-20T07:32:42.354494+09:00,2026-08-20,ADI,"Analog Devices, Inc.",US,반도체,2026-08-19,373.26,5867027,3967596.35,12.6743,,50,65,53,58,55,0,HOLD,0.08,1,False,live
2026-08-20T07:32:42.354494+09:00,2026-08-20,BLK,"BlackRock, Inc.",US,금융,2026-08-19,1158.92,349494,611704.7,22.445,188296921088,81,60,60,58,67,1,HOLD,0.74,9,False,live
2026-08-20T07:32:42.354494+09:00,2026-08-20,UNP,Union Pacific Corporation,US,산업재,2026-08-19,301.8,3224002,2924655.1,5.6946,179291979776,69,60,60,37,60,0,HOLD,0.55,7,False,live
2026-08-20T07:32:42.354494+09:00,2026-08-20,NEE,"NextEra Energy, Inc.",US,유틸리티,2026-08-19,85.91,5929486,10501774.3,1.4332,179206406144,25,60,63,42,46,0,HOLD,-0.2,-2,False,live
2026-08-20T07:32:42.354494+09:00,2026-08-20,BA,The Boeing Company,US,산업재,2026-08-19,222.2,5792066,5774968.3,6.3114,175620227072,43,60,50,30,47,0,HOLD,-0.1,-1,False,live
2026-08-20T07:32:42.354494+09:00,2026-08-20,BX,Blackstone Inc.,US,금융,2026-08-19,145.09,3119203,5130100.15,4.8972,173425754112,78,60,60,50,65,1,HOLD,0.77,9,False,live
2026-08-20T07:32:42.354494+09:00,2026-08-20,UBS,UBS Group AG,US,금융,2026-08-19,53.13,2879814,1768180.7,0.7649,174149779456,62,60,73,66,66,1,HOLD,0.7,8,False,live
2026-08-20T07:32:42.354494+09:00,2026-08-20,T,AT&T Inc.,US,인터넷,2026-08-19,25.12,22269944,51321127.2,0.5439,172131942400,67,65,45,78,62,1,HOLD,0.42,5,False,live
2026-08-20T07:32:42.354494+09:00,2026-08-20,QCOM,QUALCOMM Incorporated,US,반도체,2026-08-19,161.91,8077233,11426996.65,6.3928,170043375616,57,65,68,66,63,0,HOLD,0.25,3,False,live
2026-08-20T07:32:42.354494+09:00,2026-08-20,WELL,Welltower Inc.,US,리츠,2026-08-19,235.73,1109932,3124921.6,4.8389,169860448256,47,60,66,38,54,0,HOLD,0.27,3,False,live
2026-08-20T07:32:42.354494+09:00,2026-08-20,CRM,"Salesforce, Inc.",US,IT,2026-08-19,206.09,16576464,12861633.2,8.195,,84,60,42,66,64,1,HOLD,0.71,9,False,live
2026-08-20T07:32:42.354494+09:00,2026-08-20,BKNG,Booking Holdings Inc.,US,소비재,2026-08-19,213.0,4443647,6030182.35,7.1514,160044040192,63,60,48,66,58,0,HOLD,0.49,6,False,live
2026-08-20T07:32:42.354494+09:00,2026-08-20,ETN,Eaton Corporation plc,US,산업재,2026-08-19,424.67,1718293,2354104.65,16.7809,164941840384,54,60,70,37,57,1,HOLD,0.44,5,False,live
2026-08-20T07:32:42.354494+09:00,2026-08-20,RIO,Rio Tinto Group,US,소재,2026-08-19,100.44,2913965,2500683.25,2.2078,163406200832,87,60,55,55,67,1,HOLD,0.65,8,False,live
2026-08-20T07:32:42.354494+09:00,2026-08-20,SCCO,Southern Copper Corporation,US,소재,2026-08-19,194.68,1307901,1122415.05,8.14,164376821760,87,60,51,37,63,1,HOLD,0.57,7,False,live
2026-08-20T07:32:42.354494+09:00,2026-08-20,PFE,Pfizer Inc.,US,제약/바이오,2026-08-19,28.24,59635013,40731515.65,0.6246,160958775296,66,65,64,66,65,0,HOLD,0.68,8,False,live
2026-08-20T07:32:42.354494+09:00,2026-08-20,TJX,"The TJX Companies, Inc.",US,소비재,2026-08-19,144.5,12374163,5437653.15,3.4299,159629787136,20,60,50,37,40,0,AVOID,-0.44,-5,True,live
2026-08-20T07:32:42.354494+09:00,2026-08-20,WDC,Western Digital Corporation,US,IT,2026-08-19,462.09,6716910,8563920.5,42.8499,166602358784,47,60,45,68,52,0,HOLD,0.05,1,False,live
2026-08-20T07:32:42.354494+09:00,2026-08-20,COP,ConocoPhillips,US,에너지,2026-08-19,130.58,7377101,6729830.05,3.4195,156870656000,78,60,63,68,68,1,HOLD,0.76,9,False,live
2026-08-20T07:32:42.354494+09:00,2026-08-20,UBER,"Uber Technologies, Inc.",US,IT,2026-08-19,78.04,17072821,21195201.05,2.8481,159401394176,80,60,66,55,68,1,HOLD,0.74,9,False,live
2026-08-20T07:32:42.354494+09:00,2026-08-20,TBB,AT&T Inc. 5.35% GLB NTS 66,US,인터넷,2026-08-19,19.47,140732,121356.6,0.1405,,17,65,58,80,48,1,HOLD,-0.26,-3,False,live
2026-08-20T07:32:42.354494+09:00,2026-08-20,BBVA,"Banco Bilbao Vizcaya Argentaria, S.A.",US,금융,2026-08-19,28.53,1731386,1813734.3,0.3857,157437247488,63,60,55,60,60,0,HOLD,0.54,6,False,live
2026-08-20T07:32:42.354494+09:00,2026-08-20,DE,Deere & Company,US,산업재,2026-08-19,580.63,1203808,1042580.4,15.0507,156733784064,43,60,60,58,54,0,HOLD,0.15,2,False,live
2026-08-20T07:32:42.354494+09:00,2026-08-20,IBKR,"Interactive Brokers Group, Inc.",US,금융,2026-08-19,90.54,3222199,4597604.95,2.8007,154263453696,69,60,85,58,70,1,HOLD,0.84,10,False,live
2026-08-20T07:32:42.354494+09:00,2026-08-20,BUD,Anheuser-Busch InBev SA/NV,US,소매,2026-08-19,78.13,1677804,1929190.2,1.5914,153847152640,35,60,58,60,51,0,HOLD,-0.09,-1,False,live
2026-08-20T07:32:42.354494+09:00,2026-08-20,DHR,Danaher Corporation,US,제약/바이오,2026-08-19,211.5,5252761,4716333.05,5.9786,148681555968,85,65,60,58,69,1,HOLD,0.93,11,False,live
2026-08-20T07:32:42.354494+09:00,2026-08-20,ISRG,"Intuitive Surgical, Inc.",US,제약/바이오,2026-08-19,397.72,2123014,3139530.7,10.1943,142494351360,57,65,50,50,55,0,HOLD,0.05,1,False,live
2026-08-20T07:32:42.354494+09:00,2026-08-20,VRTX,Vertex Pharmaceuticals Incorporated,US,제약/바이오,2026-08-19,552.06,1437126,1365481.3,17.6836,139925635072,82,65,50,58,65,1,HOLD,0.78,9,False,live
2026-08-20T07:32:42.354494+09:00,2026-08-20,BMY,Bristol-Myers Squibb Company,US,제약/바이오,2026-08-19,67.61,13696134,12530101.7,1.8421,138107944960,88,65,60,76,73,2,WATCH,1.03,12,False,live
2026-08-20T07:32:42.354494+09:00,2026-08-20,SONY,Sony Group Corporation,US,IT,2026-08-19,23.49,3493941,5623842.05,0.5789,137505898496,58,60,45,58,54,0,HOLD,0.2,2,False,live
2026-08-20T07:32:42.354494+09:00,2026-08-20,UL,Unilever PLC,US,소매,2026-08-19,63.18,4194678,4761853.9,0.9967,136043241472,55,60,58,53,57,0,HOLD,0.37,4,False,live
2026-08-20T07:32:42.354494+09:00,2026-08-20,LMT,Lockheed Martin Corporation,US,산업재,2026-08-19,589.15,1004827,1224516.35,14.6093,135970373632,62,60,40,42,52,0,HOLD,0.28,3,False,live
2026-08-20T07:32:42.354494+09:00,2026-08-20,COF,Capital One Financial Corporation,US,금융,2026-08-19,220.73,2458594,3471509.7,4.7041,135414513664,66,60,53,76,62,1,HOLD,0.62,7,False,live
2026-08-20T07:32:42.354494+09:00,2026-08-20,PLD,"Prologis, Inc.",US,리츠,2026-08-19,141.3,2026059,5055577.95,2.4086,137356517376,33,60,58,45,48,0,HOLD,-0.1,-1,False,live
2026-08-20T07:32:42.354494+09:00,2026-08-20,NEM,Newmont Corporation,US,소재,2026-08-19,125.08,9030357,7298097.85,4.8121,131795836928,66,60,50,76,61,1,HOLD,0.59,7,False,live
2026-08-20T07:32:42.354494+09:00,2026-08-20,CB,Chubb Limited,US,금융,2026-08-19,340.92,1252397,1664239.85,5.8057,131526893568,43,60,45,68,51,0,HOLD,0.04,0,False,live
2026-08-20T07:32:42.354494+09:00,2026-08-20,NOW,"ServiceNow, Inc.",US,IT,2026-08-19,127.2,22396381,23974979.05,6.437,131507249152,88,60,50,35,63,1,HOLD,0.75,9,False,live
2026-08-20T07:32:42.354494+09:00,2026-08-20,GLW,Corning Inc,US,IT,2026-08-19,152.46,10573108,13750025.4,11.2607,131327270912,47,60,70,35,55,1,HOLD,-0.01,0,False,live
2026-08-20T07:32:42.354494+09:00,2026-08-20,SYK,Stryker Corporation,US,제약/바이오,2026-08-19,339.98,1778535,2389631.75,10.7843,130407170048,55,65,53,58,57,0,HOLD,0.35,4,False,live
2026-08-20T07:32:42.354494+09:00,2026-08-20,PH,Parker-Hannifin Corporation,US,산업재,2026-08-19,1023.25,332298,649769.9,28.0457,129017896960,69,60,50,45,58,0,HOLD,0.52,6,False,live
2026-08-20T07:32:42.354494+09:00,2026-08-20,PDD,PDD Holdings Inc.,US,소비재,2026-08-19,90.2,6254393,5771359.65,2.2489,128390356992,58,60,60,94,64,1,HOLD,0.33,4,False,live
2026-08-20T07:32:42.354494+09:00,2026-08-20,PGR,The Progressive Corporation,US,금융,2026-08-19,217.27,4888792,2501599.6,4.6075,126314651648,54,60,48,73,56,1,HOLD,0.27,3,False,live
2026-08-20T07:32:42.354494+09:00,2026-08-20,SPGI,S&P Global Inc.,US,금융,2026-08-19,426.66,1518351,2126707.55,9.7721,125779369984,84,60,63,50,68,1,HOLD,0.79,9,False,live
2026-08-20T07:32:42.354494+09:00,2026-08-20,LOW,"Lowe's Companies, Inc.",US,소비재,2026-08-19,220.0,4956178,2878433.9,5.7036,,80,60,60,50,66,1,HOLD,0.6,7,False,live
2026-08-20T07:32:42.354494+09:00,2026-08-20,MFG,"Mizuho Financial Group, Inc.",US,금융,2026-08-19,10.14,4767541,3527347.05,0.2804,123527446528,54,60,58,68,58,0,HOLD,0.47,6,False,live
2026-08-20T07:32:42.354494+09:00,2026-08-20,BMO,Bank of Montreal,US,금융,2026-08-19,175.73,1784353,790217.65,3.0175,123084210176,50,60,63,58,57,0,HOLD,0.4,5,False,live
2026-08-20T07:32:42.354494+09:00,2026-08-20,BTI,British American Tobacco p.l.c.,US,소매,2026-08-19,55.98,3375848,3967812.4,1.3768,120635768832,20,60,55,60,44,0,AVOID,-0.43,-5,True,live
2026-08-20T07:32:42.354494+09:00,2026-08-20,MDT,Medtronic plc,US,제약/바이오,2026-08-19,94.13,4653336,6909236.8,2.0724,120484585472,70,65,50,58,61,1,HOLD,0.61,7,False,live
2026-08-20T07:32:42.354494+09:00,2026-08-20,SBUX,Starbucks Corporation,US,소비재,2026-08-19,104.98,6356191,7657544.55,2.8287,119677206528,80,60,50,43,61,1,HOLD,0.45,5,False,live
2026-08-20T07:32:42.354494+09:00,2026-08-20,CVS,CVS Health Corp.,US,제약/바이오,2026-08-19,93.65,6350358,8111012.9,2.9779,119775576064,17,65,70,74,51,2,HOLD,-0.05,-1,False,live
2026-08-20T07:32:42.354494+09:00,2026-08-20,PBR,Petróleo Brasileiro S.A. - Petrobras,US,에너지,2026-08-19,18.54,16371142,15191182.1,0.5096,119478558720,58,60,50,73,58,1,HOLD,0.19,2,False,live
2026-08-20T07:32:42.354494+09:00,2026-08-20,HDB,HDFC Bank Limited,US,금융,2026-08-19,23.16,5981083,8151479.15,0.3414,118972915712,17,60,60,52,44,0,AVOID,-0.34,-4,True,live
2026-08-20T07:32:42.354494+09:00,2026-08-20,BP,BP p.l.c.,US,에너지,2026-08-19,43.73,8608298,8110524.9,1.0227,112619716608,80,60,55,74,68,2,WATCH,0.6,7,False,live
2026-08-20T07:32:42.354494+09:00,2026-08-20,HWM,Howmet Aerospace Inc.,US,산업재,2026-08-19,283.48,2645519,2225835.95,8.439,113052229632,54,60,63,43,56,0,HOLD,0.4,5,False,live
2026-08-20T07:32:42.354494+09:00,2026-08-20,SNOW,Snowflake Inc.,US,IT,2026-08-19,325.01,3409806,4934250.3,13.0195,112648470528,73,60,60,22,59,1,HOLD,0.6,7,False,live
2026-08-20T07:32:42.354494+09:00,2026-08-20,FTNT,"Fortinet, Inc.",US,IT,2026-08-19,152.85,3810785,5350919.25,6.1264,112148135936,47,60,65,42,54,0,HOLD,0.36,4,False,live
2026-08-20T07:32:42.354494+09:00,2026-08-20,ACN,Accenture plc,US,IT,2026-08-19,183.17,4755125,6800246.25,7.9314,112089432064,70,60,50,68,62,1,HOLD,0.46,6,False,live
2026-08-20T07:32:42.354494+09:00,2026-08-20,ADP,"Automatic Data Processing, Inc.",US,IT,2026-08-19,277.22,2139987,2439854.35,6.9264,110129176576,73,60,60,42,62,1,HOLD,0.67,8,False,live
2026-08-20T07:32:42.354494+09:00,2026-08-20,ABNB,"Airbnb, Inc.",US,소비재,2026-08-19,186.39,4767722,5209396.1,6.955,111607660544,88,60,50,42,64,1,HOLD,0.77,9,False,live
2026-08-20T07:32:42.354494+09:00,2026-08-20,MO,"Altria Group, Inc.",US,소매,2026-08-19,66.03,11089503,10167035.15,1.5641,110253187072,28,60,60,68,50,0,HOLD,-0.18,-2,False,live
2026-08-20T07:32:42.354494+09:00,2026-08-20,SNY,Sanofi,US,제약/바이오,2026-08-19,45.83,2740813,3388060.65,0.8582,109814988800,81,65,55,61,67,1,HOLD,0.73,9,False,live
2026-08-20T07:32:42.354494+09:00,2026-08-20,ENB,Enbridge Inc.,US,에너지,2026-08-19,50.25,3909293,5276504.65,0.9746,109750296576,17,60,60,37,42,0,AVOID,-0.47,-6,True,live
2026-08-20T07:32:42.354494+09:00,2026-08-20,BNY,Bank of New York Mellon Corp,US,금융,2026-08-19,159.76,2329517,2545020.85,2.5118,108397813760,69,60,48,50,58,0,HOLD,0.51,6,False,live
2026-08-20T07:32:42.354494+09:00,2026-08-20,SPOT,Spotify Technology S.A.,US,인터넷,2026-08-19,533.37,2160321,2077311.05,25.7354,109652451328,78,65,45,42,60,1,HOLD,0.62,7,False,live
2026-08-20T07:32:42.354494+09:00,2026-08-20,CM,Canadian Imperial Bank of Commerce,US,금융,2026-08-19,117.84,1256059,893772.95,2.1375,107564433408,43,60,55,60,53,0,HOLD,0.11,1,False,live
2026-08-20T07:32:42.354494+09:00,2026-08-20,ADBE,Adobe Inc.,US,IT,2026-08-19,272.47,5194057,5106772.85,11.2436,108306825216,62,60,60,76,63,1,HOLD,0.53,6,False,live
2026-08-20T07:32:42.354494+09:00,2026-08-20,SOMN,The Southern Company,US,유틸리티,2026-08-19,49.09,28942,38007.1,0.5236,,42,60,45,50,48,0,HOLD,-0.14,-2,False,live
2026-08-20T07:32:42.354494+09:00,2026-08-20,BNS,The Bank of Nova Scotia,US,금융,2026-08-19,87.69,1605497,2009854.85,1.2825,106902315008,47,60,60,68,57,0,HOLD,0.36,4,False,live
2026-08-20T07:32:42.354494+09:00,2026-08-20,EQIX,"Equinix, Inc.",US,리츠,2026-08-19,1077.08,485465,626783.25,28.9146,106277298176,87,60,48,30,61,1,HOLD,0.51,6,False,live
2026-08-20T07:32:42.354494+09:00,2026-08-20,SOJE,Southern Company (The) Series 2,US,유틸리티,2026-08-19,16.17,64236,54491.8,0.1601,,25,60,48,50,43,0,AVOID,-0.34,-4,True,live
2026-08-20T07:32:42.354494+09:00,2026-08-20,GD,General Dynamics Corporation,US,산업재,2026-08-19,392.34,645885,1044474.25,6.4493,106150404096,69,60,53,50,60,0,HOLD,0.57,7,False,live
2026-08-20T07:32:42.354494+09:00,2026-08-20,SO,The Southern Company,US,유틸리티,2026-08-19,92.19,4203117,5378640.85,1.6097,106051969024,25,60,53,42,43,0,AVOID,-0.29,-3,True,live
2026-08-20T07:32:42.354494+09:00,2026-08-20,GSK,GSK plc,US,제약/바이오,2026-08-19,52.88,3722391,4135829.55,1.0489,105908363264,73,65,45,63,62,1,HOLD,0.49,6,False,live
2026-08-20T07:32:42.354494+09:00,2026-08-20,MPC,Marathon Petroleum Corporation,US,에너지,2026-08-19,360.75,2378147,2376122.35,12.4379,101307531264,85,60,45,68,65,1,HOLD,0.77,9,False,live
2026-08-20T07:32:42.354494+09:00,2026-08-20,IBN,ICICI Bank Limited,US,금융,2026-08-19,29.44,3465161,5398628.05,0.3779,,50,60,53,58,54,0,HOLD,0.3,4,False,live
2026-08-20T07:32:42.354494+09:00,2026-08-20,AEM,Agnico Eagle Mines Limited,US,소재,2026-08-19,207.72,5009343,3049642.15,8.4026,105182109696,66,60,55,55,60,0,HOLD,0.56,7,False,live
2026-08-20T07:32:42.354494+09:00,2026-08-20,APP,AppLovin Corporation,US,IT,2026-08-19,310.79,4387283,7349404.15,21.4627,104406646784,15,60,60,58,44,0,AVOID,-0.49,-6,True,live
2026-08-20T07:32:42.354494+09:00,2026-08-20,NET,"Cloudflare, Inc.",US,IT,2026-08-19,291.88,3088564,4024128.2,18.2227,103932551168,66,60,50,27,54,0,HOLD,0.41,5,False,live
2026-08-20T07:32:42.354494+09:00,2026-08-20,CNQ,Canadian Natural Resources Limited,US,에너지,2026-08-19,49.5,3536346,6505367.3,1.1718,102044254208,84,60,53,63,67,1,HOLD,0.66,8,False,live
2026-08-20T07:32:42.354494+09:00,2026-08-20,PWR,"Quanta Services, Inc.",US,산업재,2026-08-19,677.41,939571,1203583.55,27.3736,101844115456,72,60,63,35,61,1,HOLD,0.4,5,False,live
2026-08-20T07:32:42.354494+09:00,2026-08-20,EQNR,Equinor ASA,US,에너지,2026-08-19,42.03,2387638,3263921.9,1.0761,99791249408,88,60,55,78,71,2,WATCH,0.87,10,False,live
2026-08-20T07:32:42.354494+09:00,2026-08-20,VRT,Vertiv Holdings Co,US,산업재,2026-08-19,261.0,5535841,6404962.05,15.9137,100481908736,47,60,55,42,51,0,HOLD,-0.15,-2,False,live
2026-08-20T07:32:42.354494+09:00,2026-08-20,TT,Trane Technologies plc,US,산업재,2026-08-19,455.48,912756,1161387.8,12.4443,100216160256,38,60,63,50,52,0,HOLD,0.03,0,False,live
2026-08-20T07:32:42.354494+09:00,2026-08-20,MCK,McKesson Corporation,US,제약/바이오,2026-08-19,853.71,550245,998637.25,30.5507,99534356480,47,65,51,66,55,0,HOLD,0.29,3,False,live
2026-08-20T07:32:42.354494+09:00,2026-08-20,VLO,Valero Energy Corporation,US,에너지,2026-08-19,346.26,1935622,2570041.1,11.0689,99697762304,85,60,55,71,69,2,WATCH,0.89,11,False,live
2026-08-20T07:32:42.354494+09:00,2026-08-20,FCX,Freeport-McMoRan Inc.,US,소재,2026-08-19,69.09,16589709,12749605.45,2.5764,96725991424,91,60,60,53,70,1,HOLD,0.94,11,False,live
2026-08-20T07:32:42.354494+09:00,2026-08-20,KKR,KKR & Co. Inc.,US,금융,2026-08-19,110.46,4065159,5205002.95,4.6045,102019809280,84,60,55,66,68,1,HOLD,0.85,10,False,live
2026-08-20T07:32:42.354494+09:00,2026-08-20,INTU,Intuit Inc.,US,IT,2026-08-19,362.47,3832483,3683379.15,14.1571,99148955648,67,60,60,74,65,1,HOLD,0.43,5,False,live
2026-08-20T07:32:42.354494+09:00,2026-08-20,ING,ING Groep N.V.,US,금융,2026-08-19,34.69,2551490,2324674.5,0.4471,99025870848,62,60,50,60,58,0,HOLD,0.47,6,False,live
2026-08-20T07:32:42.354494+09:00,2026-08-20,CEG,Constellation Energy Corporation,US,유틸리티,2026-08-19,274.17,2160834,2800451.7,10.7003,97140465664,80,60,53,45,63,1,HOLD,0.47,6,False,live
2026-08-20T07:32:42.354494+09:00,2026-08-20,PNC,"The PNC Financial Services Group, Inc.",US,금융,2026-08-19,246.46,1278034,1347676.7,4.0493,98337546240,50,60,63,60,57,0,HOLD,0.44,5,False,live
2026-08-20T07:32:42.354494+09:00,2026-08-20,USB,U.S. Bancorp,US,금융,2026-08-19,62.82,7785371,6543863.55,1.0239,97876795392,50,60,73,60,60,1,HOLD,0.55,7,False,live
2026-08-20T07:32:42.354494+09:00,2026-08-20,PSX,Phillips 66,US,에너지,2026-08-19,242.29,2270901,2712865.05,7.4835,97142538240,77,60,50,60,63,1,HOLD,0.68,8,False,live
2026-08-20T07:32:42.354494+09:00,2026-08-20,MELI,"MercadoLibre, Inc.",US,소비재,2026-08-19,1908.65,706927,475531.35,75.7871,96762445824,59,60,72,42,61,1,HOLD,0.6,7,False,live
2026-08-20T07:32:42.354494+09:00,2026-08-20,DUK,Duke Energy Corporation,US,유틸리티,2026-08-19,123.6,3524967,4707263.35,2.1773,96371187712,58,60,63,42,57,0,HOLD,0.31,4,False,live
2026-08-20T07:32:42.354494+09:00,2026-08-20,CME,CME Group Inc.,US,금융,2026-08-19,266.94,2428121,2023916.05,5.9493,95986089984,73,60,60,45,62,1,HOLD,0.38,5,False,live
2026-08-20T07:32:42.354494+09:00,2026-08-20,DASH,"DoorDash, Inc.",US,인터넷,2026-08-19,220.22,4136709,4432635.45,7.8118,95953977344,78,65,50,38,61,1,HOLD,0.66,8,False,live
2026-08-20T07:32:42.354494+09:00,2026-08-20,BNH,Brookfield Finance Inc.,US,금융,2026-08-19,15.14,12357,29082.85,0.1271,,36,60,55,50,49,0,HOLD,-0.08,-1,False,live
2026-08-20T07:32:42.354494+09:00,2026-08-20,SMFG,"Sumitomo Mitsui Financial Group, Inc.",US,금융,2026-08-19,24.57,1292792,1604429.6,0.5846,156101427200,47,60,50,60,52,0,HOLD,0.16,2,False,live
2026-08-20T07:32:42.354494+09:00,2026-08-20,CMCSA,Comcast Corporation,US,인터넷,2026-08-19,26.59,23058811,29616385.55,0.6636,94358249472,69,65,52,73,64,1,HOLD,0.58,7,False,live
2026-08-20T07:32:42.354494+09:00,2026-08-20,BN,Brookfield Corporation,US,금융,2026-08-19,42.15,2674878,4606613.9,1.0711,94093615104,28,60,50,35,42,0,AVOID,-0.38,-5,True,live
2026-08-20T07:32:42.354494+09:00,2026-08-20,CSX,CSX Corporation,US,산업재,2026-08-19,50.68,8792751,12413737.55,0.8793,93883424768,54,60,45,58,53,0,HOLD,0.24,3,False,live
2026-08-20T07:32:42.354494+09:00,2026-08-20,MAR,"Marriott International, Inc.",US,소비재,2026-08-19,359.95,1163052,1771677.6,9.1075,93862830080,47,60,60,58,55,0,HOLD,0.13,2,False,live
2026-08-20T07:32:42.354494+09:00,2026-08-20,BNJ,Brookfield Finance Inc. 4.50% P,US,금융,2026-08-19,15.14,8983,18894.15,0.1056,,55,60,55,50,55,0,HOLD,0.24,3,False,live
2026-08-20T07:32:42.354494+09:00,2026-08-20,MMM,3M Company,US,산업재,2026-08-19,180.66,1997083,3176219.15,3.3036,93170417664,73,60,53,58,62,1,HOLD,0.65,8,False,live
2026-08-20T07:32:42.354494+09:00,2026-08-20,MNST,Monster Beverage Corporation,US,소매,2026-08-19,47.43,9996747,7273027.35,5.0371,92917825536,10,60,70,34,42,1,AVOID,-0.54,-6,True,live
2026-08-20T07:32:42.354494+09:00,2026-08-20,BCS,Barclays PLC,US,금융,2026-08-19,26.87,2901930,4306246.5,0.4931,90367295488,58,60,50,78,59,1,HOLD,0.48,6,False,live
2026-08-20T07:32:42.354494+09:00,2026-08-20,MRSH,"Marsh & McLennan Companies, Inc.",US,금융,2026-08-19,189.2,1890056,2265677.8,3.5884,90288373760,62,60,32,66,53,0,HOLD,0.29,3,False,live
2026-08-20T07:32:42.354494+09:00,2026-08-20,WM,"Waste Management, Inc.",US,산업재,2026-08-19,225.08,1917680,1998789.0,4.1961,89967894528,43,60,60,42,51,0,HOLD,0.07,1,False,live
2026-08-20T07:32:42.354494+09:00,2026-08-20,WMB,"The Williams Companies, Inc.",US,에너지,2026-08-19,73.24,5424791,6324144.55,1.9129,89584787456,72,60,53,42,59,1,HOLD,0.29,3,False,live
2026-08-20T07:32:42.354494+09:00,2026-08-20,EMR,Emerson Electric Co.,US,산업재,2026-08-19,157.6,1099161,3158873.05,4.5888,87909285888,69,60,60,58,63,0,HOLD,0.67,8,False,live
2026-08-20T07:32:42.354494+09:00,2026-08-20,ICE,"Intercontinental Exchange, Inc.",US,금융,2026-08-19,157.24,2900440,4082382.0,3.4193,88273674240,73,60,50,50,60,1,HOLD,0.41,5,False,live
2026-08-20T07:32:42.354494+09:00,2026-08-20,HCA,"HCA Healthcare, Inc.",US,제약/바이오,2026-08-19,407.05,1164621,1416436.05,11.64,88126930944,51,65,66,60,60,0,HOLD,0.27,3,False,live
2026-08-20T07:32:42.354494+09:00,2026-08-20,JCI,Johnson Controls International plc,US,소재,2026-08-19,144.94,4358357,3670812.85,4.3286,87796162560,47,60,45,50,49,0,HOLD,0.05,1,False,live
2026-08-20T07:32:42.354494+09:00,2026-08-20,UPS,"United Parcel Service, Inc.",US,산업재,2026-08-19,102.86,4252664,5520933.2,2.2476,87511392256,32,60,63,66,52,0,HOLD,0.12,1,False,live
2026-08-20T07:32:42.354494+09:00,2026-08-20,CDNS,"Cadence Design Systems, Inc.",US,IT,2026-08-19,314.98,1792626,2362531.3,10.1229,86743285760,28,60,60,35,45,0,HOLD,-0.32,-4,False,live
2026-08-20T07:32:42.354494+09:00,2026-08-20,REGN,"Regeneron Pharmaceuticals, Inc.",US,제약/바이오,2026-08-19,840.84,732428,811306.4,23.2114,86568681472,73,65,60,58,65,1,HOLD,0.76,9,False,live
2026-08-20T07:32:42.354494+09:00,2026-08-20,ELV,Elevance Health Inc.,US,제약/바이오,2026-08-19,398.45,793997,1040184.85,10.1164,86411575296,67,65,85,68,72,1,HOLD,0.8,10,False,live
2026-08-20T07:32:42.354494+09:00,2026-08-20,LYG,Lloyds Banking Group plc,US,금융,2026-08-19,5.94,14867592,14070494.6,0.1139,86119981056,54,60,58,76,60,1,HOLD,0.5,6,False,live
2026-08-20T07:32:42.354494+09:00,2026-08-20,HOOD,"Robinhood Markets, Inc.",US,금융,2026-08-19,95.77,24063480,17857579.0,4.5827,86105112576,80,60,60,42,64,1,HOLD,0.77,9,False,live
2026-08-20T07:32:42.354494+09:00,2026-08-20,MCO,Moody's Corporation,US,금융,2026-08-19,497.03,940516,778790.8,10.9912,86076145664,88,60,45,42,63,1,HOLD,0.72,9,False,live
2026-08-20T07:32:42.354494+09:00,2026-08-20,SHW,The Sherwin-Williams Company,US,소재,2026-08-19,353.59,1115614,2010600.7,8.5963,85836849152,69,60,60,50,62,0,HOLD,0.64,8,False,live
2026-08-20T07:32:42.354494+09:00,2026-08-20,BAM,Brookfield Asset Management Ltd.,US,금융,2026-08-19,52.65,1780792,2712909.6,1.7559,84095295488,62,60,61,42,58,0,HOLD,0.45,5,False,live
2026-08-20T07:32:42.354494+09:00,2026-08-20,CMI,Cummins Inc.,US,산업재,2026-08-19,608.37,721728,968681.4,22.5979,83750936576,31,60,70,58,53,1,HOLD,-0.12,-1,False,live
2026-08-20T07:32:42.354494+09:00,2026-08-20,DDOG,"Datadog, Inc.",US,IT,2026-08-19,233.52,4239671,5341638.55,18.0852,83851198464,47,60,63,35,53,0,HOLD,0.25,3,False,live
2026-08-20T07:32:42.354494+09:00,2026-08-20,CP,Canadian Pacific Kansas City Ltd.,US,산업재,2026-08-19,94.44,1578462,2829773.1,2.0906,83020242944,88,60,63,58,70,1,HOLD,0.92,11,False,live
2026-08-20T07:32:42.354494+09:00,2026-08-20,NOC,Northrop Grumman Corporation,US,산업재,2026-08-19,582.84,518207,675075.35,12.6625,82800017408,74,60,45,45,58,1,HOLD,0.42,5,False,live
2026-08-20T07:32:42.354494+09:00,2026-08-20,EPD,Enterprise Products Partners L.P.,US,에너지,2026-08-19,38.12,3222981,3390854.05,0.6241,82319269888,87,60,55,60,68,1,HOLD,0.65,8,False,live
2026-08-20T07:32:42.354494+09:00,2026-08-20,MDLZ,"Mondelez International, Inc.",US,소매,2026-08-19,64.16,6815679,8848648.95,1.3643,81887928320,87,60,63,58,70,1,HOLD,0.81,10,False,live
2026-08-20T07:32:42.354494+09:00,2026-08-20,ITW,Illinois Tool Works Inc.,US,산업재,2026-08-19,284.25,855602,1322665.1,5.4761,80954400768,47,60,60,42,53,0,HOLD,0.29,3,False,live
2026-08-20T07:32:42.354494+09:00,2026-08-20,AMT,American Tower Corporation,US,리츠,2026-08-19,174.49,1435229,2893491.45,4.5814,81305370624,65,60,60,42,59,0,HOLD,0.3,4,False,live
2026-08-20T07:32:42.354494+09:00,2026-08-20,CTAS,Cintas Corporation,US,산업재,2026-08-19,203.08,1490435,2125156.75,4.2422,81266434048,47,60,55,29,49,0,HOLD,0.21,3,False,live
2026-08-20T07:32:42.354494+09:00,2026-08-20,NTES,"NetEase, Inc.",US,IT,2026-08-19,127.25,1204933,760801.65,2.965,81471832064,47,60,58,68,56,0,HOLD,0.3,4,False,live
2026-08-20T07:32:42.354494+09:00,2026-08-20,ITUB,Itaú Unibanco Holding S.A.,US,금융,2026-08-19,7.37,17915990,20797329.5,0.2129,81231200256,20,60,55,78,47,1,HOLD,-0.28,-3,False,live
2026-08-20T07:32:42.354494+09:00,2026-08-20,NGG,National Grid plc,US,유틸리티,2026-08-19,80.66,811464,792213.2,1.2039,81092345856,57,60,55,42,55,0,HOLD,0.23,3,False,live
2026-08-20T07:32:42.354494+09:00,2026-08-20,E,Eni S.p.A.,US,에너지,2026-08-19,55.97,520158,420002.9,1.0964,80810344448,87,60,50,60,66,1,HOLD,0.65,8,False,live
2026-08-20T07:32:42.354494+09:00,2026-08-20,RCL,Royal Caribbean Cruises Ltd.,US,소비재,2026-08-19,300.56,1317788,2108739.4,7.5857,80385392640,40,60,63,50,52,0,HOLD,0.27,3,False,live
2026-08-20T07:32:42.354494+09:00,2026-08-20,ECL,Ecolab Inc.,US,소재,2026-08-19,285.62,1169715,1336745.75,5.5621,80067452928,69,60,55,58,61,0,HOLD,0.62,7,False,live
2026-08-20T07:32:42.354494+09:00,2026-08-20,MSI,"Motorola Solutions, Inc.",US,IT,2026-08-19,480.84,1174875,954418.75,14.7429,79576031232,85,60,50,50,64,1,HOLD,0.76,9,False,live
2026-08-20T07:32:42.354494+09:00,2026-08-20,SU,Suncor Energy Inc.,US,에너지,2026-08-19,67.47,2408442,4603182.1,1.8661,79664881664,80,60,53,63,65,1,HOLD,0.57,7,False,live
2026-08-20T07:32:42.354494+09:00,2026-08-20,EOG,"EOG Resources, Inc.",US,에너지,2026-08-19,149.48,2515220,2850431.0,4.0129,78406623232,84,60,60,78,71,2,WATCH,0.83,10,False,live
2026-08-20T07:32:42.354494+09:00,2026-08-20,SLB,Slb N.V.,US,에너지,2026-08-19,53.55,6985105,11456725.25,1.5463,79475867648,87,60,60,58,69,1,HOLD,0.64,8,False,live
2026-08-20T07:32:42.354494+09:00,2026-08-20,ASX,"ASE Technology Holding Co., Ltd.",US,반도체,2026-08-19,35.66,7194295,8785784.75,1.9986,92846710784,54,65,55,37,54,0,HOLD,0.35,4,False,live
2026-08-20T07:32:42.354494+09:00,2026-08-20,FDX,FedEx Corporation,US,산업재,2026-08-19,328.38,1097186,1498889.3,7.4307,77717839872,76,60,56,68,66,1,HOLD,0.68,8,False,live
2026-08-20T07:32:42.354494+09:00,2026-08-20,NSC,Norfolk Southern Corporation,US,산업재,2026-08-19,345.71,1027424,1310661.2,6.442,77649354752,69,60,60,45,61,0,HOLD,0.57,7,False,live
2026-08-20T07:32:42.354494+09:00,2026-08-20,BSX,Boston Scientific Corporation,US,제약/바이오,2026-08-19,52.01,14643289,20048934.45,1.6914,75374428160,65,65,67,66,66,0,HOLD,0.44,5,False,live
2026-08-20T07:32:42.354494+09:00,2026-08-20,CVNA,Carvana Co.,US,소비재,2026-08-19,70.44,10250700,10857595.0,3.8732,104819818496,84,60,48,42,62,1,HOLD,0.61,7,False,live
2026-08-20T07:32:42.354494+09:00,2026-08-20,CNI,Canadian National Railway Company,US,산업재,2026-08-19,127.64,1126107,1545485.35,2.1279,77209427968,62,60,63,50,60,0,HOLD,0.57,7,False,live
2026-08-20T07:32:42.354494+09:00,2026-08-20,APO,"Apollo Global Management, Inc.",US,금융,2026-08-19,133.63,2690436,3852426.8,5.2629,78914289664,87,60,48,58,66,1,HOLD,0.6,7,False,live
2026-08-20T07:32:42.354494+09:00,2026-08-20,GM,General Motors Company,US,소비재,2026-08-19,84.96,4720482,5950254.1,2.0618,76842196992,44,60,45,74,52,1,HOLD,0.18,2,False,live
2026-08-20T07:32:42.354494+09:00,2026-08-20,SNPS,"Synopsys, Inc.",US,IT,2026-08-19,401.24,1346689,1647354.45,11.72,76829163520,62,60,60,43,58,0,HOLD,0.12,1,False,live
2026-08-20T07:32:42.354494+09:00,2026-08-20,B,Barrick Mining Corporation,US,소재,2026-08-19,45.13,16120714,10706540.7,1.8289,74278764544,71,60,50,78,64,2,WATCH,0.6,7,False,live
2026-08-20T07:32:42.354494+09:00,2026-08-20,ORLY,"O'Reilly Automotive, Inc.",US,소비재,2026-08-19,91.2,3733032,6179011.6,2.0971,73777217536,58,60,58,50,57,0,HOLD,0.26,3,False,live
2026-08-20T07:32:42.354494+09:00,2026-08-20,TRV,"The Travelers Companies, Inc.",US,금융,2026-08-19,362.22,2024353,1929082.65,7.1907,75550048256,47,60,53,78,56,1,HOLD,0.36,4,False,live
2026-08-20T07:32:42.354494+09:00,2026-08-20,HLT,Hilton Worldwide Holdings Inc.,US,소비재,2026-08-19,334.73,2344475,2143033.75,7.4521,75335983104,73,60,55,50,62,1,HOLD,0.52,6,False,live
2026-08-20T07:32:42.354494+09:00,2026-08-20,ROST,"Ross Stores, Inc.",US,소비재,2026-08-19,234.69,2837083,2286099.15,5.0079,75284111360,39,60,55,42,48,0,HOLD,0.09,1,False,live
2026-08-20T07:32:42.354494+09:00,2026-08-20,RACE,Ferrari N.V.,US,소비재,2026-08-19,425.18,354941,501522.05,8.2439,74731692032,80,60,60,37,64,1,HOLD,0.75,9,False,live
2026-08-20T07:32:42.354494+09:00,2026-08-20,APOS,"Apollo Global Management, Inc.",US,금융,2026-08-19,25.56,25922,57471.1,0.1364,,40,60,48,50,48,0,HOLD,-0.09,-1,False,live
2026-08-20T07:32:42.354494+09:00,2026-08-20,AON,Aon plc,US,금융,2026-08-19,348.43,400581,1203059.05,8.2307,73910861824,39,60,53,45,48,0,HOLD,0.02,0,False,live
2026-08-20T07:32:42.354494+09:00,2026-08-20,CI,Cigna Corporation,US,제약/바이오,2026-08-19,277.45,1094153,1797857.65,7.7046,73313525760,28,65,60,94,55,1,HOLD,0.04,0,False,live
2026-08-20T07:32:42.354494+09:00,2026-08-20,ET,Energy Transfer LP,US,에너지,2026-08-19,21.18,12230792,9912799.6,0.3628,72929083392,81,60,68,68,71,1,HOLD,0.85,10,False,live
2026-08-20T07:32:42.354494+09:00,2026-08-20,CL,Colgate-Palmolive Company,US,소매,2026-08-19,90.87,3305994,4517999.7,2.1436,72439095296,43,60,58,50,52,0,HOLD,0.08,1,False,live
2026-08-20T07:32:42.354494+09:00,2026-08-20,MFC,Manulife Financial Corporation,US,금융,2026-08-19,43.42,2270069,2447263.45,0.8189,72159772672,47,60,58,76,57,1,HOLD,0.38,5,False,live
2026-08-20T07:32:42.354494+09:00,2026-08-20,SPG,"Simon Property Group, Inc.",US,리츠,2026-08-19,223.18,652193,1321539.65,3.8289,84724367360,44,60,72,47,56,1,HOLD,0.37,4,False,live
2026-08-20T07:32:42.354494+09:00,2026-08-20,TGT,Target Corporation,US,소매,2026-08-19,159.0,8497725,4090631.25,4.528,,77,60,53,50,62,1,HOLD,0.68,8,False,live
2026-08-20T07:32:42.354494+09:00,2026-08-20,WBD,"Warner Bros. Discovery, Inc.",US,인터넷,2026-08-19,28.53,16025331,22106596.55,0.5489,71528611840,62,65,53,38,56,0,HOLD,0.32,4,False,live
2026-08-20T07:32:42.354494+09:00,2026-08-20,SE,Sea Limited,US,소비재,2026-08-19,119.1,2456497,5054674.85,4.9064,,66,60,45,50,56,0,HOLD,0.44,5,False,live
2026-08-20T07:32:42.354494+09:00,2026-08-20,DB,Deutsche Bank AG,US,금융,2026-08-19,38.03,3001822,1821071.1,0.5268,71458373632,69,60,63,88,68,1,HOLD,0.81,10,False,live
2026-08-20T07:32:42.354494+09:00,2026-08-20,KMI,"Kinder Morgan, Inc.",US,에너지,2026-08-19,32.08,10997297,10667099.85,0.6843,71435821056,72,60,53,45,60,1,HOLD,0.34,4,False,live
2026-08-20T07:32:42.354494+09:00,2026-08-20,DLR,"Digital Realty Trust, Inc.",US,리츠,2026-08-19,192.35,2353217,2685320.85,4.8818,72458477568,43,60,66,46,54,0,HOLD,0.15,2,False,live
2026-08-20T07:32:42.354494+09:00,2026-08-20,NU,Nu Holdings Ltd.,US,금융,2026-08-19,14.61,102697082,72167364.1,0.6219,70576357376,77,60,55,66,65,1,HOLD,0.75,9,False,live
2026-08-20T07:32:42.354494+09:00,2026-08-20,AMX,"América Móvil, S.A.B. de C.V.",US,인터넷,2026-08-19,23.55,1077764,2493608.2,0.5343,70632333312,33,65,55,76,52,1,HOLD,-0.13,-2,False,live
2026-08-20T07:32:42.354494+09:00,2026-08-20,HPE,Hewlett Packard Enterprise Company,US,IT,2026-08-19,53.13,17696569,16712223.45,3.3402,70354935808,95,60,73,66,77,2,WATCH,1.2,14,False,live
2026-08-20T07:32:42.354494+09:00,2026-08-20,HON,Honeywell International Inc.,US,산업재,2026-08-19,221.73,2303422,3349336.1,6.3773,70275104768,43,60,42,65,49,0,HOLD,-0.09,-1,False,live
2026-08-20T07:32:42.354494+09:00,2026-08-20,SATA,"Strive, Inc. Variable Rate Series A Perp",US,금융,2026-08-19,99.94,227196,131219.8,0.7566,,60,60,58,42,57,0,HOLD,0.31,4,False,live
2026-08-20T07:32:42.354494+09:00,2026-08-20,URI,"United Rentals, Inc.",US,산업재,2026-08-19,1117.04,329168,498473.4,31.7421,69527347200,54,60,70,58,61,1,HOLD,0.56,7,False,live
2026-08-20T07:32:42.354494+09:00,2026-08-20,MRNA,"Moderna, Inc.",US,제약/바이오,2026-08-19,174.38,185077360,14433633.0,11.6266,69618761728,85,65,50,50,65,1,HOLD,0.8,10,False,live
2026-08-20T07:32:42.354494+09:00,2026-08-20,AEP,"American Electric Power Company, Inc.",US,유틸리티,2026-08-19,126.27,2690629,3760696.45,2.3646,68741054464,50,60,60,42,54,0,HOLD,0.13,2,False,live
2026-08-20T07:32:42.354494+09:00,2026-08-20,TDG,TransDigm Group Incorporated,US,산업재,2026-08-19,1222.91,206842,421732.1,36.3361,67598217216,29,60,51,53,45,0,HOLD,-0.12,-1,False,live
2026-08-20T07:32:42.354494+09:00,2026-08-20,RSG,"Republic Services, Inc.",US,산업재,2026-08-19,221.04,1131650,1411392.5,4.6679,67685318656,81,60,67,45,67,1,HOLD,0.75,9,False,live
2026-08-20T07:32:42.354494+09:00,2026-08-20,APD,"Air Products and Chemicals, Inc.",US,소재,2026-08-19,303.22,717810,960085.5,6.8943,67522707456,65,60,60,42,59,0,HOLD,0.4,5,False,live
2026-08-20T07:32:42.354494+09:00,2026-08-20,PCAR,PACCAR Inc,US,산업재,2026-08-19,127.47,2277076,3726483.8,3.213,67095740416,47,60,45,58,51,0,HOLD,0.2,2,False,live
2026-08-20T07:32:42.354494+09:00,2026-08-20,WPM,Wheaton Precious Metals Corp.,US,소재,2026-08-19,147.43,6568982,2129254.1,5.7507,66956800000,66,60,60,50,61,0,HOLD,0.6,7,False,live
2026-08-20T07:32:42.354494+09:00,2026-08-20,ALL,The Allstate Corporation,US,금융,2026-08-19,259.74,866623,1680946.15,6.8686,65677320192,47,60,48,73,54,1,HOLD,0.29,3,False,live
2026-08-20T07:32:42.354494+09:00,2026-08-20,AJG,Arthur J. Gallagher & Co.,US,금융,2026-08-19,257.45,1170719,1324060.95,7.93,65994989568,66,60,60,58,62,0,HOLD,0.63,8,False,live
2026-08-20T07:32:42.354494+09:00,2026-08-20,TRP,TC Energy Corporation,US,에너지,2026-08-19,62.37,2127645,2290062.25,1.5254,,20,60,50,45,41,0,AVOID,-0.5,-6,True,live
2026-08-20T07:32:42.354494+09:00,2026-08-20,LITE,Lumentum Holdings Inc.,US,IT,2026-08-19,827.6,4252209,5341695.45,88.0647,74235715584,72,60,50,50,60,1,HOLD,0.32,4,False,live
2026-08-20T07:32:42.354494+09:00,2026-08-20,ARGX,argenx SE,US,제약/바이오,2026-08-19,1032.86,372229,324131.45,35.4805,64231260160,77,65,55,50,64,1,HOLD,0.74,9,False,live
2026-08-20T07:32:42.354494+09:00,2026-08-20,BKR,Baker Hughes Company,US,에너지,2026-08-19,64.48,4740534,8216816.7,1.479,64007626752,77,60,53,58,64,1,HOLD,0.47,6,False,live
2026-08-20T07:32:42.354494+09:00,2026-08-20,MPWR,"Monolithic Power Systems, Inc.",US,반도체,2026-08-19,1300.14,710601,815455.05,74.1386,63892779008,47,65,50,35,50,0,HOLD,-0.19,-2,False,live
2026-08-20T07:32:42.354494+09:00,2026-08-20,TRGP,Targa Resources Corp.,US,에너지,2026-08-19,297.09,1183107,1208775.35,8.9433,63705313280,78,60,63,42,64,1,HOLD,0.7,8,False,live
2026-08-20T07:32:42.354494+09:00,2026-08-20,TFC,Truist Financial Corporation,US,금융,2026-08-19,50.97,5306352,6424237.6,0.8666,62266290176,50,60,66,70,60,1,HOLD,0.43,5,False,live
2026-08-20T07:32:42.354494+09:00,2026-08-20,CRH,CRH plc,US,소재,2026-08-19,94.74,3560703,4677330.15,2.6387,63029051392,31,60,58,60,49,0,HOLD,-0.18,-2,False,live
2026-08-20T07:32:42.354494+09:00,2026-08-20,GWW,"W.W. Grainger, Inc.",US,산업재,2026-08-19,1306.95,174018,279865.9,30.6345,61558575104,25,60,60,50,46,0,HOLD,-0.14,-2,False,live
2026-08-20T07:32:42.354494+09:00,2026-08-20,COR,"Cencora, Inc.",US,제약/바이오,2026-08-19,317.1,1043249,1495797.45,10.3257,60511297536,59,65,70,58,63,1,HOLD,0.67,8,False,live
2026-08-20T07:32:42.354494+09:00,2026-08-20,RELX,RELX Plc,US,산업재,2026-08-19,35.1,2307723,2642371.15,1.0564,61165752320,44,60,55,50,51,0,HOLD,0.16,2,False,live
2026-08-20T07:32:42.354494+09:00,2026-08-20,MET,"MetLife, Inc.",US,금융,2026-08-19,95.11,2592699,3827084.95,1.7724,60440211456,47,60,76,58,60,1,HOLD,0.53,6,False,live
2026-08-20T07:32:42.354494+09:00,2026-08-20,BE,Bloom Energy Corporation,US,산업재,2026-08-19,206.63,10231183,17156429.15,22.3061,60858191872,48,60,48,43,50,0,HOLD,-0.2,-2,False,live
2026-08-20T07:32:42.354494+09:00,2026-08-20,NKE,"NIKE, Inc.",US,소비재,2026-08-19,41.05,17413960,24473213.0,1.1582,60897624064,28,60,53,50,45,0,HOLD,-0.29,-3,False,live
2026-08-20T07:32:42.354494+09:00,2026-08-20,PSA,Public Storage,US,리츠,2026-08-19,325.13,506774,997708.7,7.435,60716646400,62,60,63,37,58,0,HOLD,0.49,6,False,live
2026-08-20T07:32:42.354494+09:00,2026-08-20,OKE,"ONEOK, Inc.",US,에너지,2026-08-19,96.01,3224558,3931262.9,2.446,60521791488,74,60,55,60,63,1,HOLD,0.54,6,False,live
2026-08-20T07:32:42.354494+09:00,2026-08-20,D,"Dominion Energy, Inc.",US,유틸리티,2026-08-19,68.29,2677572,3425943.6,1.1734,60062826496,35,60,60,50,50,0,HOLD,-0.01,0,False,live
2026-08-20T07:32:42.354494+09:00,2026-08-20,CVE,Cenovus Energy Inc.,US,에너지,2026-08-19,32.48,4743628,7501771.4,0.9532,59901075456,88,60,53,68,69,1,HOLD,0.79,9,False,live
2026-08-20T07:32:42.354494+09:00,2026-08-20,OXY,Occidental Petroleum Corporation,US,에너지,2026-08-19,60.09,6942893,8400969.65,1.6378,60068208640,84,60,65,76,72,2,WATCH,0.83,10,False,live
2026-08-20T07:32:42.354494+09:00,2026-08-20,FIX,"Comfort Systems USA, Inc.",US,산업재,2026-08-19,1696.0601,433249,489107.45,98.9477,59691692032,57,60,48,50,54,0,HOLD,0.03,0,False,live
2026-08-20T07:32:42.354494+09:00,2026-08-20,MPLX,MPLX Lp,US,에너지,2026-08-19,58.69,1139580,1600619.0,1.088,59503337472,69,60,55,55,61,0,HOLD,0.51,6,False,live
2026-08-20T07:32:42.354494+09:00,2026-08-20,TER,"Teradyne, Inc.",US,반도체,2026-08-19,379.65,2759426,3635156.3,28.3104,59354767360,69,65,45,42,57,0,HOLD,0.43,5,False,live
2026-08-20T07:32:42.354494+09:00,2026-08-20,AFL,Aflac Incorporated,US,금융,2026-08-19,116.51,2774931,1992511.55,2.2611,58411507712,35,60,45,68,48,0,HOLD,-0.15,-2,False,live
2026-08-20T07:32:42.354494+09:00,2026-08-20,VALE,Vale S.A.,US,소재,2026-08-19,13.9,24398617,23095345.85,0.3672,59155099648,25,60,62,74,50,1,HOLD,-0.24,-3,False,live
2026-08-20T07:32:42.354494+09:00,2026-08-20,TEL,TE Connectivity plc,US,반도체,2026-08-19,203.57,1260833,2228816.65,6.3364,58936209408,46,65,63,66,58,0,HOLD,0.3,4,False,live
2026-08-20T07:32:42.354494+09:00,2026-08-20,FAST,Fastenal Company,US,산업재,2026-08-19,51.44,6187014,7918500.7,1.1436,59027275776,76,60,56,29,60,1,HOLD,0.62,7,False,live
2026-08-20T07:32:42.354494+09:00,2026-08-20,O,Realty Income Corporation,US,리츠,2026-08-19,62.95,9568988,5536244.4,1.0117,59564425216,40,60,63,42,51,0,HOLD,0.07,1,False,live
2026-08-20T07:32:42.354494+09:00,2026-08-20,FANG,"Diamondback Energy, Inc.",US,에너지,2026-08-19,208.55,1859548,1837342.4,5.9328,58398126080,87,60,50,61,67,1,HOLD,0.66,8,False,live
2026-08-20T07:32:42.354494+09:00,2026-08-20,TAK,Takeda Pharmaceutical Company Limited,US,제약/바이오,2026-08-19,18.34,3082570,3775308.5,0.4004,58568843264,88,65,45,66,67,1,HOLD,0.78,9,False,live
2026-08-20T07:32:42.354494+09:00,2026-08-20,F,Ford Motor Company,US,소비재,2026-08-19,14.5,45359350,50776812.5,0.4026,57820139520,84,60,68,57,70,1,HOLD,0.9,11,False,live
2026-08-20T07:32:42.354494+09:00,2026-08-20,LNG,"Cheniere Energy, Inc.",US,에너지,2026-08-19,274.3,1114933,1602646.65,7.9063,56652316672,91,60,66,45,70,1,HOLD,0.95,11,False,live
2026-08-20T07:32:42.354494+09:00,2026-08-20,GRMN,Garmin Ltd.,US,IT,2026-08-19,295.67,1237326,1032221.3,7.85,57020715008,66,60,48,45,56,0,HOLD,0.46,6,False,live
2026-08-20T07:32:42.354494+09:00,2026-08-20,NXPI,NXP Semiconductors N.V.,US,반도체,2026-08-19,226.02,3259869,4571638.45,9.2657,56994148352,37,65,73,66,58,1,HOLD,0.02,0,False,live
2026-08-20T07:32:42.354494+09:00,2026-08-20,MT,ArcelorMittal S.A.,US,소재,2026-08-19,74.59,2729083,1463179.15,2.1416,56243970048,63,60,60,58,61,0,HOLD,0.58,7,False,live
2026-08-20T07:32:42.354494+09:00,2026-08-20,NUE,Nucor Corporation,US,소재,2026-08-19,248.74,3964686,1548599.3,8.8943,56433057792,50,60,60,53,55,0,HOLD,0.35,4,False,live
2026-08-20T07:32:42.354494+09:00,2026-08-20,CIEN,Ciena Corporation,US,IT,2026-08-19,399.47,1769437,2232396.85,32.0057,56546148352,62,60,45,43,54,0,HOLD,-0.04,0,False,live
2026-08-20T07:32:42.354494+09:00,2026-08-20,COHR,"Coherent, Inc.",US,IT,2026-08-19,287.47,6887838,7586176.9,38.7957,56295895040,47,60,45,43,48,0,HOLD,-0.25,-3,False,live
2026-08-20T07:32:42.354494+09:00,2026-08-20,SRE,Sempra,US,유틸리티,2026-08-19,85.59,2025229,3716046.45,1.6136,55967330304,47,60,58,58,55,0,HOLD,0.08,1,False,live
2026-08-20T07:32:42.354494+09:00,2026-08-20,AME,"AMETEK, Inc.",US,산업재,2026-08-19,243.22,1184206,1298315.3,5.7871,55760920576,54,60,60,53,57,0,HOLD,0.33,4,False,live
2026-08-20T07:32:42.354494+09:00,2026-08-20,CAH,"Cardinal Health, Inc.",US,제약/바이오,2026-08-19,234.85,1060961,2005483.05,6.9854,54620409856,69,65,63,66,66,0,HOLD,0.76,9,False,live
2026-08-20T07:32:42.354494+09:00,2026-08-20,AU,AngloGold Ashanti plc,US,소재,2026-08-19,108.54,3531823,2620446.15,5.1171,54896193536,70,60,63,84,68,2,WATCH,0.81,10,False,live
2026-08-20T07:32:42.354494+09:00,2026-08-20,DAL,"Delta Air Lines, Inc.",US,산업재,2026-08-19,83.29,5480400,5024095.0,2.3271,,47,60,55,76,56,1,HOLD,0.34,4,False,live
2026-08-20T07:32:42.354494+09:00,2026-08-20,NOK,Nokia Oyj,US,IT,2026-08-19,10.13,79492316,90621055.8,0.5386,,62,60,55,43,57,0,HOLD,0.07,1,False,live
2026-08-20T07:32:42.354494+09:00,2026-08-20,KEYS,"Keysight Technologies, Inc.",US,IT,2026-08-19,319.45,3566140,1336422.0,14.92,54592524288,57,60,63,42,57,0,HOLD,0.16,2,False,live
2026-08-20T07:32:42.354494+09:00,2026-08-20,NDAQ,"Nasdaq, Inc.",US,금융,2026-08-19,96.35,2594906,3101515.3,1.8118,53857464320,65,60,45,58,57,0,HOLD,0.31,4,False,live
2026-08-20T07:32:42.354494+09:00,2026-08-20,NBIS,Nebius Group N.V.,US,IT,2026-08-19,223.9,49444471,28452393.55,26.3496,60868386816,84,60,65,58,70,1,HOLD,0.93,11,False,live
2026-08-20T07:32:42.354494+09:00,2026-08-20,EW,Edwards Lifesciences Corporation,US,제약/바이오,2026-08-19,92.28,2316034,4157511.7,1.965,53190193152,76,65,53,50,63,1,HOLD,0.66,8,False,live
2026-08-20T07:32:42.354494+09:00,2026-08-20,ADSK,"Autodesk, Inc.",US,IT,2026-08-19,251.29,1459013,2013765.65,9.91,53058686976,55,60,72,66,63,1,HOLD,0.51,6,False,live
2026-08-20T07:32:42.354494+09:00,2026-08-20,DVN,Devon Energy Corporation,US,에너지,2026-08-19,48.19,11354445,10982417.25,1.3511,53008998400,84,60,84,70,77,3,BUY,0.98,12,False,live
2026-08-20T07:32:42.354494+09:00,2026-08-20,CTVA,"Corteva, Inc.",US,소재,2026-08-19,78.57,3709161,4813598.05,2.5368,52421591040,17,60,58,50,43,0,AVOID,-0.35,-4,True,live
2026-08-20T07:32:42.354494+09:00,2026-08-20,PYPL,"PayPal Holdings, Inc.",US,금융,2026-08-19,61.25,8856318,11359245.9,1.4541,52396978176,66,60,50,78,62,1,HOLD,0.59,7,False,live
2026-08-20T07:32:42.354494+09:00,2026-08-20,AXON,"Axon Enterprise, Inc.",US,산업재,2026-08-19,645.72,775887,974634.35,41.645,52456620032,95,60,60,35,68,1,HOLD,0.95,11,False,live
2026-08-20T07:32:42.354494+09:00,2026-08-20,WDAY,"Workday, Inc.",US,IT,2026-08-19,198.42,4166677,5291268.85,12.0964,49004474368,78,60,45,59,62,1,HOLD,0.64,8,False,live
2026-08-20T07:32:42.354494+09:00,2026-08-20,BDX,"Becton, Dickinson and Company",US,제약/바이오,2026-08-19,187.6,2164438,1863236.9,4.5996,51099766784,80,65,50,66,66,1,HOLD,0.78,9,False,live
2026-08-20T07:32:42.354494+09:00,2026-08-20,DEO,Diageo plc,US,소매,2026-08-19,92.9,820940,1376872.0,2.2439,51643109376,62,60,58,58,60,0,HOLD,0.53,6,False,live
2026-08-20T07:32:42.354494+09:00,2026-08-20,LHX,"L3Harris Technologies, Inc.",US,산업재,2026-08-19,277.11,702624,1686456.2,7.02,51601932288,28,60,58,58,48,0,HOLD,-0.27,-3,False,live
2026-08-20T07:32:42.354494+09:00,2026-08-20,STT,State Street Corporation,US,금융,2026-08-19,185.81,1249473,1552968.65,3.765,51042332672,58,60,58,76,61,1,HOLD,0.56,7,False,live
2026-08-20T07:32:42.354494+09:00,2026-08-20,HEI,HEICO Corporation,US,산업재,2026-08-19,363.42,378942,412832.1,8.7086,,73,60,60,27,60,1,HOLD,0.62,7,False,live
2026-08-20T07:32:42.354494+09:00,2026-08-20,CARR,Carrier Global Corporation,US,산업재,2026-08-19,61.2,4085187,6868824.35,1.5733,50448695296,28,60,73,50,51,1,HOLD,0.0,0,False,live
2026-08-20T07:32:42.354494+09:00,2026-08-20,ETR,Entergy Corporation,US,유틸리티,2026-08-19,107.96,1216566,2440358.3,2.1611,50377535488,50,60,63,50,56,0,HOLD,0.19,2,False,live
2026-08-20T07:32:42.354494+09:00,2026-08-20,AMP,"Ameriprise Financial, Inc.",US,금융,2026-08-19,559.78,271848,458567.4,9.77,49447170048,69,60,48,68,61,0,HOLD,0.58,7,False,live
2026-08-20T07:32:42.354494+09:00,2026-08-20,AZO,"AutoZone, Inc.",US,소비재,2026-08-19,3076.8899,248111,173625.55,79.9729,,60,60,60,50,58,0,HOLD,0.22,3,False,live
2026-08-20T07:32:42.354494+09:00,2026-08-20,ELC,"Entergy Louisiana, LLC COLLATERAL TR MT",US,유틸리티,2026-08-19,19.8,29237,15776.85,0.089,,17,60,58,50,43,0,AVOID,-0.32,-4,True,live
2026-08-20T07:32:42.354494+09:00,2026-08-20,FITB,Fifth Third Bancorp,US,금융,2026-08-19,54.96,6323113,5416335.65,1.0618,49842814976,47,60,42,58,50,0,HOLD,0.17,2,False,live
2026-08-20T07:32:42.354494+09:00,2026-08-20,XEL,Xcel Energy Inc.,US,유틸리티,2026-08-19,79.41,4872348,4720432.4,1.3557,49602211840,72,60,58,42,61,1,HOLD,0.44,5,False,live
2026-08-20T07:32:42.354494+09:00,2026-08-20,CRWV,"CoreWeave, Inc. Class A Common Stock",US,IT,2026-08-19,90.87,25916756,33419122.8,9.1654,50118131712,72,60,60,42,62,1,HOLD,0.32,4,False,live
2026-08-20T07:32:42.354494+09:00,2026-08-20,ALAB,"Astera Labs, Inc. Common Stock",US,반도체,2026-08-19,289.02,4214040,4819572.0,31.2857,50140663808,28,65,65,35,48,0,HOLD,-0.09,-1,False,live
2026-08-20T07:32:42.354494+09:00,2026-08-20,WAB,Westinghouse Air Brake Technologies Corp,US,산업재,2026-08-19,292.23,689302,1033465.1,5.4602,49360818176,47,60,40,58,49,0,HOLD,0.1,1,False,live
2026-08-20T07:32:42.354494+09:00,2026-08-20,CBRS,Cerebras Systems Inc.,US,반도체,2026-08-19,215.69,10851766,7534233.3,24.395,51240189952,55,65,68,35,58,0,HOLD,0.11,1,False,live
2026-08-20T07:32:42.354494+09:00,2026-08-20,INFY,Infosys Limited,US,IT,2026-08-19,12.03,20170711,24183105.55,0.4118,48722984960,43,60,60,60,54,0,HOLD,0.08,1,False,live
2026-08-20T07:32:42.354494+09:00,2026-08-20,FNV,Franco-Nevada Corporation,US,소재,2026-08-19,251.07,941633,770396.65,8.7293,48424828928,81,60,55,50,64,1,HOLD,0.71,9,False,live
2026-08-20T07:32:42.354494+09:00,2026-08-20,ROK,"Rockwell Automation, Inc.",US,산업재,2026-08-19,433.27,507282,866799.1,14.3261,48211664896,28,60,70,42,49,1,HOLD,-0.09,-1,False,live
2026-08-20T07:32:42.354494+09:00,2026-08-20,XYZ,"Block, Inc.",US,IT,2026-08-19,80.93,3383410,4915595.5,2.6588,48622342144,62,60,63,43,59,0,HOLD,0.54,6,False,live
2026-08-20T07:32:42.354494+09:00,2026-08-20,VST,Vistra Corp.,US,유틸리티,2026-08-19,142.7,3705011,4641140.55,5.993,47895142400,28,60,66,58,50,0,HOLD,-0.05,-1,False,live
2026-08-20T07:32:42.354494+09:00,2026-08-20,PCG,PG&E Corporation,US,유틸리티,2026-08-19,17.65,17204672,26178663.6,0.5061,38871777280,92,60,66,68,74,1,HOLD,0.99,12,False,live
2026-08-20T07:32:42.354494+09:00,2026-08-20,CCEP,Coca-Cola Europacific Partners PLC,US,소매,2026-08-19,106.68,2006872,2037763.6,2.44,47117991936,44,60,60,45,52,0,HOLD,0.27,3,False,live
2026-08-20T07:32:42.354494+09:00,2026-08-20,FERG,Ferguson plc,US,산업재,2026-08-19,243.19,1206596,4441749.8,8.6679,47045767168,62,60,63,50,60,0,HOLD,0.52,6,False,live
2026-08-20T07:32:42.354494+09:00,2026-08-20,ARES,Ares Management Corporation,US,금융,2026-08-19,143.1,2307216,2477085.8,5.8525,47201054720,84,60,60,35,65,1,HOLD,0.8,10,False,live
2026-08-20T07:32:42.354494+09:00,2026-08-20,FER,Ferrovial SE,US,산업재,2026-08-19,64.64,1387382,1552794.1,1.1232,46592651264,50,60,55,38,52,0,HOLD,0.05,1,False,live
2026-08-20T07:32:42.354494+09:00,2026-08-20,EXC,Exelon Corporation,US,유틸리티,2026-08-19,45.3,3739787,7267229.35,0.8554,46670503936,28,60,60,52,48,0,HOLD,-0.1,-1,False,live
2026-08-20T07:32:42.354494+09:00,2026-08-20,NTRA,"Natera, Inc.",US,제약/바이오,2026-08-19,325.07,1555242,1342202.1,14.6414,46856949760,80,65,58,50,66,1,HOLD,0.81,10,False,live
2026-08-20T07:32:42.354494+09:00,2026-08-20,TRI,Thomson Reuters Corporation,US,산업재,2026-08-19,104.95,1326232,2399661.6,6.1621,45466918912,55,60,50,58,55,0,HOLD,0.37,4,False,live
2026-08-20T07:32:42.354494+09:00,2026-08-20,TEAM,Atlassian Corporation,US,IT,2026-08-19,174.23,6063778,5702303.9,10.3464,44104376320,73,60,60,42,62,1,HOLD,0.67,8,False,live
2026-08-20T07:32:42.354494+09:00,2026-08-20,RVMD,"Revolution Medicines, Inc.",US,제약/바이오,2026-08-19,214.66,1307565,1748893.25,8.2217,46009454592,75,65,63,42,64,1,HOLD,0.76,9,False,live
2026-08-20T07:32:42.354494+09:00,2026-08-20,EBAY,eBay Inc.,US,소비재,2026-08-19,102.64,4391906,4604785.3,3.9314,45674799104,28,60,48,50,44,0,AVOID,-0.44,-5,True,live
2026-08-20T07:32:42.354494+09:00,2026-08-20,HUM,Humana Inc.,US,제약/바이오,2026-08-19,378.02,955986,1369844.3,14.2271,45392756736,43,65,70,58,58,1,HOLD,0.44,5,False,live
2026-08-20T07:32:42.354494+09:00,2026-08-20,WDS,Woodside Energy Group Ltd,US,에너지,2026-08-19,23.89,365563,627233.15,0.5029,,81,60,55,60,66,1,HOLD,0.66,8,False,live
2026-08-20T07:32:42.354494+09:00,2026-08-20,UMC,United Microelectronics Corporation,US,반도체,2026-08-19,18.12,11826797,14311989.85,1.0289,45443305472,54,65,55,76,60,1,HOLD,0.37,4,False,live
2026-08-20T07:32:42.354494+09:00,2026-08-20,STM,STMicroelectronics N.V.,US,반도체,2026-08-19,50.41,13127512,11198285.6,2.3068,44988579840,43,65,70,51,57,1,HOLD,0.02,0,False,live
2026-08-20T07:32:42.354494+09:00,2026-08-20,CBRE,"CBRE Group, Inc.",US,리츠,2026-08-19,155.07,1133883,1685359.15,4.6286,44904443904,81,60,63,58,68,1,HOLD,0.87,10,False,live
2026-08-20T07:32:42.354494+09:00,2026-08-20,VTR,"Ventas, Inc.",US,리츠,2026-08-19,91.85,1448591,3410349.55,2.3043,47114121216,43,60,65,43,53,0,HOLD,0.16,2,False,live
2026-08-20T07:32:42.354494+09:00,2026-08-20,CMG,"Chipotle Mexican Grill, Inc.",US,소비재,2026-08-19,34.66,21852866,19388378.3,1.3332,43859386368,52,60,58,50,55,0,HOLD,0.25,3,False,live
2026-08-20T07:32:42.354494+09:00,2026-08-20,IDXX,"IDEXX Laboratories, Inc.",US,제약/바이오,2026-08-19,562.2,453642,636242.1,21.4021,44290748416,43,65,60,37,52,0,HOLD,0.09,1,False,live
2026-08-20T07:32:42.354494+09:00,2026-08-20,TTWO,"Take-Two Interactive Software, Inc.",US,IT,2026-08-19,237.04,2424155,2208472.75,9.0214,44321845248,43,60,53,37,48,0,HOLD,-0.05,-1,False,live
2026-08-20T07:32:42.354494+09:00,2026-08-20,SLF,Sun Life Financial Inc.,US,금융,2026-08-19,79.49,403197,675454.85,1.3193,44253237248,47,60,55,50,52,0,HOLD,0.24,3,False,live
2026-08-20T07:32:42.354494+09:00,2026-08-20,RKLB,"Rocket Lab USA, Inc.",US,산업재,2026-08-19,75.84,15829018,18841120.9,5.8586,48492929024,62,60,63,19,55,0,HOLD,0.07,1,False,live
2026-08-20T07:32:42.354494+09:00,2026-08-20,A,"Agilent Technologies, Inc.",US,제약/바이오,2026-08-19,155.41,2421738,1649236.9,3.3686,43892748288,77,65,60,58,67,1,HOLD,0.82,10,False,live
2026-08-20T07:32:42.354494+09:00,2026-08-20,CRDO,Credo Technology Group Holding Ltd,US,반도체,2026-08-19,234.82,4874274,5223818.7,23.4497,43788742656,80,65,58,35,64,1,HOLD,0.76,9,False,live
2026-08-20T07:32:42.354494+09:00,2026-08-20,TEVA,Teva Pharmaceutical Industries Limited,US,제약/바이오,2026-08-19,37.47,6660119,5977730.95,0.9864,43663646720,81,65,50,51,64,1,HOLD,0.68,8,False,live
2026-08-20T07:32:42.354494+09:00,2026-08-20,PAYX,"Paychex, Inc.",US,산업재,2026-08-19,122.5,2652138,2896011.9,3.3536,43571150848,73,60,50,50,60,1,HOLD,0.59,7,False,live
2026-08-20T07:32:42.354494+09:00,2026-08-20,HLN,Haleon plc,US,제약/바이오,2026-08-19,9.87,11337180,10430424.0,0.1876,43412226048,52,65,55,58,56,0,HOLD,0.36,4,False,live
2026-08-20T07:32:42.354494+09:00,2026-08-20,ABEV,Ambev S.A.,US,소매,2026-08-19,2.81,41604157,31686857.85,0.0643,43330195456,20,60,58,68,47,0,HOLD,-0.37,-4,False,live
2026-08-20T07:32:42.354494+09:00,2026-08-20,LYV,"Live Nation Entertainment, Inc.",US,인터넷,2026-08-19,184.19,1313529,1946786.45,4.3957,42908811264,62,65,60,22,56,0,HOLD,0.4,5,False,live
2026-08-20T07:32:42.354494+09:00,2026-08-20,CCJ,Cameco Corporation,US,에너지,2026-08-19,97.98,1430565,3002873.25,3.6486,42673524736,62,60,60,35,57,0,HOLD,0.21,3,False,live
2026-08-20T07:32:42.354494+09:00,2026-08-20,ODFL,"Old Dominion Freight Line, Inc.",US,산업재,2026-08-19,205.08,1314862,1747163.1,6.3239,42650136576,31,60,60,50,48,0,HOLD,-0.12,-1,False,live
2026-08-20T07:32:42.354494+09:00,2026-08-20,WCN,"Waste Connections, Inc.",US,산업재,2026-08-19,168.75,1016366,1273723.3,3.5818,42452312064,55,60,53,50,55,0,HOLD,0.28,3,False,live
2026-08-20T07:32:42.354494+09:00,2026-08-20,DHI,"D.R. Horton, Inc.",US,소비재,2026-08-19,151.86,1450297,2422059.85,4.6343,42475438080,76,60,68,68,69,1,HOLD,0.85,10,False,live
2026-08-20T07:32:42.354494+09:00,2026-08-20,PRU,"Prudential Financial, Inc.",US,금융,2026-08-19,122.22,1283878,1897673.9,2.6605,42165899264,51,60,63,94,63,1,HOLD,0.57,7,False,live
2026-08-20T07:32:42.354494+09:00,2026-08-20,COIN,"Coinbase Global, Inc.",US,금융,2026-08-19,160.2,15079066,7857988.3,8.8643,42266673152,55,60,53,45,54,0,HOLD,-0.05,-1,False,live
2026-08-20T07:32:42.354494+09:00,2026-08-20,KDP,Keurig Dr Pepper Inc.,US,소매,2026-08-19,31.06,7384801,13152345.05,1.0875,42267254784,69,60,63,66,65,0,HOLD,0.64,8,False,live
2026-08-20T07:32:42.354494+09:00,2026-08-20,MCHP,Microchip Technology Incorporated,US,반도체,2026-08-19,77.08,8697670,11325478.5,4.2371,41855111168,40,65,63,51,54,0,HOLD,-0.09,-1,False,live
2026-08-20T07:32:42.354494+09:00,2026-08-20,FLEX,Flex Ltd.,US,IT,2026-08-19,113.03,2741970,4635453.5,7.3643,41753616384,50,60,66,58,58,0,HOLD,0.08,1,False,live
2026-08-20T07:32:42.354494+09:00,2026-08-20,BSBR,Banco Santander (Brasil) S.A.,US,금융,2026-08-19,5.57,5045005,4108995.25,0.1686,41705529344,60,60,45,86,59,1,HOLD,0.37,4,False,live
2026-08-20T07:32:42.354494+09:00,2026-08-20,IX,ORIX Corporation,US,금융,2026-08-19,37.51,684252,254647.6,0.8182,40743206912,43,60,55,70,54,1,HOLD,0.06,1,False,live
2026-08-20T07:32:42.354494+09:00,2026-08-20,HMC,"Honda Motor Co., Ltd.",US,소비재,2026-08-19,31.91,741337,1160311.85,0.6029,41408720896,95,60,58,63,72,1,HOLD,1.03,12,False,live
2026-08-20T07:32:42.354494+09:00,2026-08-20,RKT,"Rocket Companies, Inc.",US,금융,2026-08-19,14.63,16532222,28193761.1,0.7646,41426927616,76,60,63,60,66,1,HOLD,0.7,8,False,live
2026-08-20T07:32:42.354494+09:00,2026-08-20,JD,"JD.com, Inc.",US,소비재,2026-08-19,29.35,8635950,9674057.5,0.8247,,43,60,63,66,56,0,HOLD,0.04,0,False,live
2026-08-20T07:32:42.354494+09:00,2026-08-20,ROP,"Roper Technologies, Inc.",US,IT,2026-08-19,407.32,626814,844300.7,11.6372,40284303360,59,60,60,68,61,0,HOLD,0.56,7,False,live
2026-08-20T07:32:42.354494+09:00,2026-08-20,MSCI,MSCI Inc.,US,금융,2026-08-19,565.27,404563,804373.15,13.3136,41095131136,62,60,63,50,60,0,HOLD,0.34,4,False,live
2026-08-20T07:32:42.354494+09:00,2026-08-20,IQV,IQVIA Holdings Inc.,US,제약/바이오,2026-08-19,249.28,913646,1512312.3,7.5061,41031487488,73,65,45,74,63,2,WATCH,0.66,8,False,live
2026-08-20T07:32:42.354494+09:00,2026-08-20,VEEV,Veeva Systems Inc.,US,IT,2026-08-19,251.0,1799905,1743010.25,8.9271,40773267456,68,60,60,50,61,0,HOLD,0.63,8,False,live
2026-08-20T07:32:42.354494+09:00,2026-08-20,KB,KB Financial Group Inc.,US,금융,2026-08-19,116.04,391693,233009.65,3.0079,40742354944,54,60,55,78,59,1,HOLD,0.43,5,False,live
2026-08-20T07:32:42.354494+09:00,2026-08-20,FMX,"Fomento Económico Mexicano, S.A.B. de C.",US,소매,2026-08-19,118.72,617708,521620.4,2.9264,40445706240,28,60,60,53,48,0,HOLD,-0.13,-2,False,live
2026-08-20T07:32:42.354494+09:00,2026-08-20,VIK,Viking Holdings Ltd,US,소비재,2026-08-19,90.77,5404918,2575010.9,3.9519,40497680384,47,60,45,50,49,0,HOLD,0.05,1,False,live
2026-08-20T07:32:42.354494+09:00,2026-08-20,PFH,"Prudential Financial, Inc. 4.125% Junior",US,금융,2026-08-19,15.43,34615,32835.75,0.1589,,25,60,58,50,46,0,HOLD,-0.25,-3,False,live
2026-08-20T07:32:42.354494+09:00,2026-08-20,ONC,BeOne Medicines AG,US,제약/바이오,2026-08-19,376.86,301593,412144.65,10.926,42631217152,83,65,48,35,62,1,HOLD,0.69,8,False,live
2026-08-20T07:32:42.354494+09:00,2026-08-20,YUM,"Yum! Brands, Inc.",US,소비재,2026-08-19,145.93,2259358,2376222.9,4.3357,39824453632,25,60,53,50,44,0,AVOID,-0.3,-4,True,live
2026-08-20T07:32:42.354494+09:00,2026-08-20,AIG,"American International Group, Inc.",US,금융,2026-08-19,75.7,2207108,3001075.4,1.4295,39583010816,43,60,55,94,58,1,HOLD,0.14,2,False,live
2026-08-20T07:32:42.354494+09:00,2026-08-20,ED,"Consolidated Edison, Inc.",US,유틸리티,2026-08-19,108.0,1922727,2410861.35,1.8754,39941492736,28,60,65,52,49,0,HOLD,-0.05,-1,False,live
2026-08-20T07:32:42.354494+09:00,2026-08-20,SYY,Sysco Corporation,US,소매,2026-08-19,82.46,1427747,3552927.35,1.945,39460704256,44,60,73,50,57,1,HOLD,0.4,5,False,live
2026-08-20T07:32:42.354494+09:00,2026-08-20,GFI,Gold Fields Limited,US,소재,2026-08-19,43.85,3974975,3576313.75,1.8864,,66,60,60,65,63,0,HOLD,0.56,7,False,live
2026-08-20T07:32:42.354494+09:00,2026-08-20,ADM,Archer-Daniels-Midland Company,US,소매,2026-08-19,80.76,3003332,4010006.6,2.2777,38923055104,80,60,63,58,68,1,HOLD,0.71,9,False,live
2026-08-20T07:32:42.354494+09:00,2026-08-20,HSY,The Hershey Company,US,소매,2026-08-19,188.79,1252193,1532279.65,3.8834,37932752896,77,60,50,50,61,1,HOLD,0.47,6,False,live
2026-08-20T07:32:42.354494+09:00,2026-08-20,NTAP,"NetApp, Inc.",US,IT,2026-08-19,194.48,2682290,2460134.5,8.18,38163640320,95,60,45,50,66,1,HOLD,0.85,10,False,live
2026-08-20T07:32:42.354494+09:00,2026-08-20,HIG,"The Hartford Insurance Group, Inc.",US,금융,2026-08-19,137.53,953810,1542425.5,2.3832,37701210112,43,60,58,86,57,1,HOLD,0.2,2,False,live
2026-08-20T07:32:42.354494+09:00,2026-08-20,UAL,"United Airlines Holdings, Inc.",US,산업재,2026-08-19,115.78,2857689,3345614.45,4.0293,37578682368,49,60,60,73,58,1,HOLD,0.44,5,False,live
2026-08-20T07:32:42.354494+09:00,2026-08-20,PEG,Public Service Enterprise Group Incorpor,US,유틸리티,2026-08-19,75.33,2091927,2868961.35,1.2964,37545979904,47,60,50,45,50,0,HOLD,-0.0,0,False,live
2026-08-20T07:32:42.354494+09:00,2026-08-20,EXPE,"Expedia Group, Inc.",US,소비재,2026-08-19,326.27,960621,1633431.05,13.1271,39159603200,95,60,45,58,67,1,HOLD,0.88,11,False,live
2026-08-20T07:32:42.354494+09:00,2026-08-20,P,"Everpure, Inc.",US,IT,2026-08-19,112.0,2924765,2967043.25,6.0728,,80,60,45,35,59,1,HOLD,0.58,7,False,live
2026-08-20T07:32:42.354494+09:00,2026-08-20,VOD,Vodafone Group Public Limited Company,US,인터넷,2026-08-19,16.17,2660086,4358654.3,0.325,37368913920,62,65,55,86,64,1,HOLD,0.61,7,False,live
2026-08-20T07:32:42.354494+09:00,2026-08-20,EC,Ecopetrol S.A.,US,에너지,2026-08-19,17.89,1881532,2050881.6,0.6179,36778881024,92,60,55,96,75,2,WATCH,1.07,13,False,live
2026-08-20T07:32:42.354494+09:00,2026-08-20,KVUE,Kenvue Inc.,US,소매,2026-08-19,19.13,24867720,21448006.0,0.4647,36744396800,62,60,60,66,62,0,HOLD,0.55,7,False,live
2026-08-20T07:32:42.354494+09:00,2026-08-20,NWG,NatWest Group plc,US,금융,2026-08-19,18.41,3084180,3776089.0,0.3562,73172353024,58,60,55,70,59,1,HOLD,0.5,6,False,live
2026-08-20T07:32:42.354494+09:00,2026-08-20,CCL,Carnival Corporation & plc,US,소비재,2026-08-19,26.69,11283707,17739330.35,0.8643,36555935744,43,60,55,76,55,1,HOLD,0.16,2,False,live
2026-08-20T07:32:42.354494+09:00,2026-08-20,KMB,Kimberly-Clark Corporation,US,소매,2026-08-19,109.88,3636308,3488855.4,3.095,36543782912,62,60,60,50,59,0,HOLD,0.53,6,False,live
2026-08-20T07:32:42.354494+09:00,2026-08-20,IRM,Iron Mountain Incorporated,US,리츠,2026-08-19,122.08,1170170,1769283.5,4.52,36343562240,65,60,50,35,55,0,HOLD,0.2,2,False,live
2026-08-20T07:32:42.354494+09:00,2026-08-20,ALC,Alcon Inc.,US,제약/바이오,2026-08-19,74.26,1652434,2176766.7,1.7393,35897286656,84,65,60,50,68,1,HOLD,0.89,11,False,live
2026-08-20T07:32:42.354494+09:00,2026-08-20,VMC,Vulcan Materials Company,US,소재,2026-08-19,276.3,721163,996873.15,7.4326,35802603520,28,60,63,58,49,0,HOLD,-0.03,0,False,live
2026-08-20T07:32:42.354494+09:00,2026-08-20,UI,Ubiquiti Inc.,US,IT,2026-08-19,590.68,127340,93487.0,22.5193,35749183488,65,60,55,42,58,0,HOLD,0.24,3,False,live
2026-08-20T07:32:42.354494+09:00,2026-08-20,WEC,"WEC Energy Group, Inc.",US,유틸리티,2026-08-19,109.34,2193684,2471659.2,1.8954,35628367872,50,60,63,42,55,0,HOLD,0.19,2,False,live
2026-08-20T07:32:42.354494+09:00,2026-08-20,EME,"EMCOR Group, Inc.",US,산업재,2026-08-19,805.78,306064,419883.2,29.2557,35542876160,65,60,55,50,59,0,HOLD,0.26,3,False,live
2026-08-20T07:32:42.354494+09:00,2026-08-20,KGC,Kinross Gold Corporation,US,소재,2026-08-19,29.9,11617050,7900352.5,1.1818,35468599296,66,60,55,78,63,1,HOLD,0.57,7,False,live
2026-08-20T07:32:42.354494+09:00,2026-08-20,EL,The Estée Lauder Companies Inc.,US,소매,2026-08-19,98.01,12611290,2907599.5,3.3218,,75,60,61,42,63,1,HOLD,0.71,9,False,live
2026-08-20T07:32:42.354494+09:00,2026-08-20,MTB,M&T Bank Corporation,US,금융,2026-08-19,244.55,1017449,952987.45,3.8871,35316994048,50,60,45,60,52,0,HOLD,0.25,3,False,live
2026-08-20T07:32:42.354494+09:00,2026-08-20,MDB,"MongoDB, Inc.",US,IT,2026-08-19,440.53,1178781,1461489.05,22.4274,35432677376,80,60,50,27,59,1,HOLD,0.61,7,False,live
2026-08-20T07:32:42.354494+09:00,2026-08-20,ESLT,Elbit Systems Ltd.,US,산업재,2026-08-19,752.3,164636,89421.8,25.82,35249315840,46,60,55,29,49,0,HOLD,-0.03,0,False,live
2026-08-20T07:32:42.354494+09:00,2026-08-20,PPLC,PPL Corporation,US,유틸리티,2026-08-19,47.08,3290,248889.5,0.6245,,50,60,55,50,54,0,HOLD,0.13,2,False,live
2026-08-20T07:32:42.354494+09:00,2026-08-20,SHG,"Shinhan Financial Group Co., Ltd.",US,금융,2026-08-19,73.56,180153,207327.65,1.9045,34636779520,69,60,50,75,62,1,HOLD,0.62,7,False,live
2026-08-20T07:32:42.354494+09:00,2026-08-20,HBAN,Huntington Bancshares Incorporated,US,금융,2026-08-19,17.17,24159854,26438517.7,0.3364,34690523136,32,60,42,68,46,0,HOLD,-0.04,0,False,live
2026-08-20T07:32:42.354494+09:00,2026-08-20,PUK,Prudential plc,US,금융,2026-08-19,27.86,2180565,1202718.25,0.7171,34579480576,43,60,55,78,55,1,HOLD,0.0,0,False,live
2026-08-20T07:32:42.354494+09:00,2026-08-20,CLS,Celestica Inc.,US,IT,2026-08-19,301.36,2138256,3484437.8,26.13,38004846592,36,60,63,50,51,0,HOLD,-0.16,-2,False,live
2026-08-20T07:32:42.354494+09:00,2026-08-20,MSTR,Strategy Inc,US,IT,2026-08-19,104.25,47292344,17617902.2,5.7236,41416613888,59,60,53,62,58,0,HOLD,0.07,1,False,live
2026-08-20T07:32:42.354494+09:00,2026-08-20,KR,The Kroger Co.,US,소매,2026-08-19,56.27,6238578,6296698.9,1.2466,,40,60,60,66,54,0,HOLD,-0.11,-1,False,live
2026-08-20T07:32:42.354494+09:00,2026-08-20,ACGL,Arch Capital Group Ltd.,US,금융,2026-08-19,98.53,1411973,1766073.65,1.8139,33621305344,40,60,45,78,51,1,HOLD,0.01,0,False,live
2026-08-20T07:32:42.354494+09:00,2026-08-20,RJF,"Raymond James Financial, Inc.",US,금융,2026-08-19,177.93,755190,1006734.5,3.3336,34180352000,69,60,58,68,64,0,HOLD,0.68,8,False,live
2026-08-20T07:32:42.354494+09:00,2026-08-20,NTRS,Northern Trust Corporation,US,금융,2026-08-19,185.4,892753,1067252.65,3.8364,33919975424,69,60,55,60,62,0,HOLD,0.61,7,False,live
2026-08-20T07:32:42.354494+09:00,2026-08-20,DXCM,"DexCom, Inc.",US,제약/바이오,2026-08-19,89.88,8630932,5637331.6,3.2079,33917184000,80,65,50,42,62,1,HOLD,0.7,8,False,live
2026-08-20T07:32:42.354494+09:00,2026-08-20,NTR,Nutrien Ltd.,US,소재,2026-08-19,70.5,3412620,2618621.0,1.9698,33643311104,70,60,50,60,60,1,HOLD,0.38,5,False,live
2026-08-20T07:32:42.354494+09:00,2026-08-20,JBL,Jabil Inc.,US,IT,2026-08-19,322.77,692197,1039289.85,17.6231,33822128128,57,60,60,50,57,0,HOLD,0.21,3,False,live
2026-08-20T07:32:42.354494+09:00,2026-08-20,GEHC,GE HealthCare Technologies Inc.,US,제약/바이오,2026-08-19,74.62,2903635,4713946.75,1.7421,33704828928,84,65,71,60,73,2,WATCH,1.04,12,False,live
2026-08-20T07:32:42.354494+09:00,2026-08-20,TWLO,Twilio Inc.,US,IT,2026-08-19,221.87,1800225,2603591.25,14.9673,34073733120,91,60,60,58,71,1,HOLD,0.98,12,False,live
2026-08-20T07:32:42.354494+09:00,2026-08-20,VG,"Venture Global, Inc.",US,에너지,2026-08-19,13.79,11267028,14604091.4,0.7414,34476281856,80,60,48,70,65,2,WATCH,0.52,6,False,live
2026-08-20T07:32:42.354494+09:00,2026-08-20,EQT,EQT Corporation,US,에너지,2026-08-19,53.64,5555545,6327952.25,1.277,33552678912,80,60,45,68,64,1,HOLD,0.41,5,False,live
2026-08-20T07:32:42.354494+09:00,2026-08-20,RMD,ResMed Inc.,US,제약/바이오,2026-08-19,230.65,936591,1435419.55,8.2936,33271793664,84,65,56,58,68,1,HOLD,0.86,10,False,live
2026-08-20T07:32:42.354494+09:00,2026-08-20,CHT,"Chunghwa Telecom Co., Ltd.",US,인터넷,2026-08-19,43.0,144943,171587.15,0.41,33357019136,65,65,55,50,60,0,HOLD,0.41,5,False,live
2026-08-20T07:32:42.354494+09:00,2026-08-20,ERIC,Telefonaktiebolaget LM Ericsson (publ),US,IT,2026-08-19,10.15,5254364,11574278.2,0.1929,33227876352,62,60,50,78,60,1,HOLD,0.14,2,False,live
2026-08-20T07:32:42.354494+09:00,2026-08-20,STLD,"Steel Dynamics, Inc.",US,소재,2026-08-19,231.01,2403769,1159043.45,9.7721,33110222848,43,60,53,53,51,0,HOLD,0.03,0,False,live
2026-08-20T07:32:42.354494+09:00,2026-08-20,STRC,Strategy Inc,US,IT,2026-08-19,95.31,1549113,1343190.65,1.4531,,60,60,48,60,56,0,HOLD,0.21,3,False,live
2026-08-20T07:32:42.354494+09:00,2026-08-20,CQP,"Cheniere Energy Partners, L.P.",US,에너지,2026-08-19,67.72,110958,134932.9,2.1638,32780388352,91,60,53,55,68,1,HOLD,0.78,9,False,live
2026-08-20T07:32:42.354494+09:00,2026-08-20,BIIB,Biogen Inc.,US,제약/바이오,2026-08-19,221.56,886758,963812.9,6.1114,32736376832,88,65,63,53,71,1,HOLD,0.98,12,False,live
2026-08-20T07:32:42.354494+09:00,2026-08-20,SUNB,Sunbelt Rentals Holdings Inc,US,산업재,2026-08-19,79.83,1968527,1973116.35,2.9829,32726114304,79,60,48,66,64,1,HOLD,0.59,7,False,live
2026-08-20T07:32:42.354494+09:00,2026-08-20,CCI,Crown Castle Inc.,US,리츠,2026-08-19,74.65,1263676,4083508.8,2.395,32622051328,40,60,60,58,53,0,HOLD,-0.14,-2,False,live
2026-08-20T07:32:42.354494+09:00,2026-08-20,ALNY,"Alnylam Pharmaceuticals, Inc.",US,제약/바이오,2026-08-19,242.61,1833475,2320453.75,9.7207,32463431680,60,65,50,50,56,0,HOLD,0.04,0,False,live
2026-08-20T07:32:42.354494+09:00,2026-08-20,BBD,Banco Bradesco S.A.,US,금융,2026-08-19,3.05,24007197,28933474.85,0.0914,33219606528,20,60,50,88,47,1,HOLD,-0.38,-5,False,live
2026-08-20T07:32:42.354494+09:00,2026-08-20,BBDO,Banco Bradesco S.A.,US,금융,2026-08-19,2.96,49271,104843.55,0.1271,32239357952,51,60,55,80,58,1,HOLD,0.2,2,False,live
2026-08-20T07:32:42.354494+09:00,2026-08-20,MLM,"Martin Marietta Materials, Inc.",US,소재,2026-08-19,535.53,611477,623618.85,13.98,32167061504,28,60,63,58,49,0,HOLD,-0.12,-1,False,live
2026-08-20T07:32:42.354494+09:00,2026-08-20,ZTS,Zoetis Inc.,US,제약/바이오,2026-08-19,76.68,5213546,6917567.3,3.34,31685986304,65,65,50,63,60,0,HOLD,0.33,4,False,live
2026-08-20T07:32:42.354494+09:00,2026-08-20,CNC,Centene Corp.,US,제약/바이오,2026-08-19,64.7,2879829,5013606.45,2.5354,31961475072,54,65,76,76,66,2,WATCH,0.65,8,False,live
2026-08-20T07:32:42.354494+09:00,2026-08-20,TECK,Teck Resources Limited,US,소재,2026-08-19,65.95,2177322,2994661.1,2.1314,32355067904,91,60,55,63,70,1,HOLD,0.85,10,False,live
2026-08-20T07:32:42.354494+09:00,2026-08-20,IR,Ingersoll Rand Inc.,US,산업재,2026-08-19,81.14,2555987,4137604.35,2.5243,31482273792,50,60,60,66,57,0,HOLD,0.43,5,False,live
2026-08-20T07:32:42.354494+09:00,2026-08-20,BIDU,"Baidu, Inc.",US,인터넷,2026-08-19,92.87,4573011,2911805.55,3.5971,31500253184,10,65,60,88,48,1,HOLD,-0.42,-5,False,live
2026-08-20T07:32:42.354494+09:00,2026-08-20,ZM,"Zoom Communications, Inc.",US,IT,2026-08-19,107.47,2739764,3023683.2,3.8986,31513667584,81,60,50,63,65,1,HOLD,0.66,8,False,live
2026-08-20T07:32:42.354494+09:00,2026-08-20,CPRT,"Copart, Inc.",US,산업재,2026-08-19,33.85,11774726,12187561.3,1.1621,31338717184,62,60,58,45,58,0,HOLD,0.34,4,False,live
2026-08-20T07:32:42.354494+09:00,2026-08-20,EXR,Extra Space Storage Inc.,US,리츠,2026-08-19,147.91,510862,1149803.1,2.8229,32644114432,44,60,63,45,53,0,HOLD,0.23,3,False,live
2026-08-20T07:32:42.354494+09:00,2026-08-20,WTW,Willis Towers Watson Public Limited Comp,US,금융,2026-08-19,335.46,406382,579484.1,9.0757,31154819072,66,60,60,58,62,0,HOLD,0.63,8,False,live
2026-08-20T07:32:42.354494+09:00,2026-08-20,WAT,Waters Corporation,US,제약/바이오,2026-08-19,415.84,934667,893128.35,12.0743,40829607936,85,65,32,35,58,1,HOLD,0.55,7,False,live
2026-08-20T07:32:42.354494+09:00,2026-08-20,ILMN,"Illumina, Inc.",US,제약/바이오,2026-08-19,205.0,2088784,1827769.2,7.9564,30954999808,70,65,58,42,61,1,HOLD,0.64,8,False,live
2026-08-20T07:32:42.354494+09:00,2026-08-20,CASY,"Casey's General Stores, Inc.",US,소비재,2026-08-19,836.15,258205,292990.25,25.7928,30941657088,41,60,53,37,48,0,HOLD,-0.09,-1,False,live
2026-08-20T07:32:42.354494+09:00,2026-08-20,JBS,Jbs N.V.,US,소매,2026-08-19,13.75,7258337,6420206.85,0.4868,14725023744,55,60,60,76,61,1,HOLD,0.47,6,False,live
2026-08-20T07:32:42.354494+09:00,2026-08-20,KHC,The Kraft Heinz Company,US,소매,2026-08-19,25.68,10738443,15119537.15,0.7753,30451953664,47,60,63,86,60,1,HOLD,0.44,5,False,live
2026-08-20T07:32:42.354494+09:00,2026-08-20,AEE,Ameren Corporation,US,유틸리티,2026-08-19,109.28,1384065,1465913.25,1.8875,30253430784,50,60,63,42,55,0,HOLD,0.22,3,False,live
2026-08-20T07:32:42.354494+09:00,2026-08-20,TCOM,Trip.com Group Limited,US,소비재,2026-08-19,46.51,2594647,2867477.35,0.9489,29287587840,51,60,55,70,57,1,HOLD,0.15,2,False,live
2026-08-20T07:32:42.354494+09:00,2026-08-20,FTI,TechnipFMC plc,US,에너지,2026-08-19,77.02,2251097,3422324.85,2.6171,30204499968,81,60,60,50,66,1,HOLD,0.7,8,False,live
2026-08-20T07:32:42.354494+09:00,2026-08-20,LVS,Las Vegas Sands Corp.,US,소비재,2026-08-19,46.58,4038418,5369375.9,1.1929,30169921536,54,60,55,58,56,0,HOLD,0.13,2,False,live
2026-08-20T07:32:42.354494+09:00,2026-08-20,TDY,Teledyne Technologies Incorporated,US,IT,2026-08-19,648.63,156485,356239.25,15.2628,30067679232,54,60,45,58,53,0,HOLD,0.17,2,False,live
2026-08-20T07:32:42.354494+09:00,2026-08-20,CPNG,"Coupang, Inc.",US,소비재,2026-08-19,16.66,19943203,18551915.15,0.5744,29946544128,76,60,50,27,58,1,HOLD,0.44,5,False,live
2026-08-20T07:32:42.354494+09:00,2026-08-20,CFG,"Citizens Financial Group, Inc.",US,금융,2026-08-19,70.76,2395126,3323461.3,1.4411,29802471424,50,60,63,68,59,0,HOLD,0.47,6,False,live
2026-08-20T07:32:42.354494+09:00,2026-08-20,ZS,"Zscaler, Inc.",US,IT,2026-08-19,184.6,1473407,2222530.35,7.6244,29851578368,64,60,40,34,52,0,HOLD,0.18,2,False,live
2026-08-20T07:32:42.354494+09:00,2026-08-20,ON,ON Semiconductor Corporation,US,반도체,2026-08-19,76.58,8780687,10100074.35,3.9926,29813491712,40,65,71,66,58,1,HOLD,0.04,0,False,live
2026-08-20T07:32:42.354494+09:00,2026-08-20,FOXA,Fox Corporation,US,인터넷,2026-08-19,67.96,4970726,4906046.3,2.1643,28519424000,69,65,66,68,67,0,HOLD,0.68,8,False,live
2026-08-20T07:32:42.354494+09:00,2026-08-20,ATI,ATI Inc.,US,산업재,2026-08-19,215.99,1018066,1579268.3,10.5921,29411442688,80,60,45,35,59,1,HOLD,0.58,7,False,live
2026-08-20T07:32:42.354494+09:00,2026-08-20,BAP,Credicorp Ltd.,US,금융,2026-08-19,368.98,220861,266418.05,13.2236,29304141824,49,60,58,63,56,0,HOLD,0.39,5,False,live
2026-08-20T07:32:42.354494+09:00,2026-08-20,HAL,Halliburton Company,US,에너지,2026-08-19,35.02,7494652,10320897.6,0.9154,29176225792,59,60,60,74,62,1,HOLD,0.18,2,False,live
2026-08-20T07:32:42.354494+09:00,2026-08-20,RDDT,"Reddit, Inc.",US,인터넷,2026-08-19,151.71,8058554,8908317.7,12.7475,29188476928,58,65,60,50,59,0,HOLD,0.37,4,False,live
2026-08-20T07:32:42.354494+09:00,2026-08-20,VICI,VICI Properties Inc.,US,리츠,2026-08-19,26.37,6468322,9985736.1,0.4357,29035415552,28,60,63,70,51,1,HOLD,-0.11,-1,False,live
2026-08-20T07:32:42.354494+09:00,2026-08-20,DTE,DTE Energy Company,US,유틸리티,2026-08-19,139.18,655152,1332047.6,2.5001,28961695744,47,60,58,50,53,0,HOLD,0.12,1,False,live
2026-08-20T07:32:42.354494+09:00,2026-08-20,MTD,Mettler-Toledo International Inc.,US,제약/바이오,2026-08-19,1425.09,116176,162193.8,36.0993,28553900032,66,65,50,42,57,0,HOLD,0.5,6,False,live
2026-08-20T07:32:42.354494+09:00,2026-08-20,STRF,MicroStrategy Incorporated 10.00% Series,US,IT,2026-08-19,96.9,126347,62222.35,0.9861,,46,60,48,60,52,0,HOLD,0.02,0,False,live
2026-08-20T07:32:42.354494+09:00,2026-08-20,LPLA,LPL Financial Holdings Inc.,US,금융,2026-08-19,359.23,505649,688942.45,10.1417,28286593024,66,60,53,66,61,0,HOLD,0.58,7,False,live
2026-08-20T07:32:42.354494+09:00,2026-08-20,MDLN,Medline Inc.,US,제약/바이오,2026-08-19,33.91,7792262,7484938.1,1.9539,45623640064,28,65,45,50,44,0,AVOID,-0.34,-4,True,live
2026-08-20T07:32:42.354494+09:00,2026-08-20,FTS,Fortis Inc.,US,유틸리티,2026-08-19,56.23,750041,753872.05,0.8143,28727906304,25,60,63,42,46,0,HOLD,-0.13,-2,False,live
2026-08-20T07:32:42.354494+09:00,2026-08-20,ATO,Atmos Energy Corporation,US,유틸리티,2026-08-19,171.31,649860,1026213.0,2.7671,28949430272,32,60,65,42,49,0,HOLD,-0.08,-1,False,live
2026-08-20T07:32:42.354494+09:00,2026-08-20,DTW,DTE Energy Company JR SUB DB 2017 E,US,유틸리티,2026-08-19,19.61,71408,23880.4,0.1846,,28,60,58,80,51,1,HOLD,-0.13,-2,False,live
2026-08-20T07:32:42.354494+09:00,2026-08-20,WSM,"Williams-Sonoma, Inc.",US,소비재,2026-08-19,242.31,536982,855329.1,6.4807,28531179520,73,60,63,37,62,1,HOLD,0.68,8,False,live
2026-08-20T07:32:42.354494+09:00,2026-08-20,TS,Tenaris S.A.,US,에너지,2026-08-19,53.09,1974101,1572590.05,1.3246,,25,60,50,55,44,0,AVOID,-0.43,-5,True,live
2026-08-20T07:32:42.354494+09:00,2026-08-20,RYAAY,Ryanair Holdings plc,US,산업재,2026-08-19,54.79,2139546,1204942.3,1.2514,28425926656,28,60,55,47,45,0,HOLD,-0.16,-2,False,live
2026-08-20T07:32:42.354494+09:00,2026-08-20,BNTX,BioNTech SE,US,제약/바이오,2026-08-19,113.12,8611799,1336389.95,4.0625,28416239616,78,65,53,58,65,1,HOLD,0.76,9,False,live
2026-08-20T07:32:42.354494+09:00,2026-08-20,INSM,Insmed Incorporated,US,제약/바이오,2026-08-19,130.66,1489568,3133373.4,6.9064,28533727232,78,65,50,19,58,1,HOLD,0.59,7,False,live
2026-08-20T07:32:42.354494+09:00,2026-08-20,EIX,Edison International,US,유틸리티,2026-08-19,73.44,1282940,3422522.0,2.4679,28260739072,74,60,60,65,66,1,HOLD,0.63,8,False,live
2026-08-20T07:32:42.354494+09:00,2026-08-20,PBA,Pembina Pipeline Corporation,US,에너지,2026-08-19,48.52,701670,800883.5,1.0029,28217049088,40,60,60,58,53,0,HOLD,0.06,1,False,live
2026-08-20T07:32:42.354494+09:00,2026-08-20,NMR,"Nomura Holdings, Inc.",US,금융,2026-08-19,9.51,1029616,804815.8,0.1939,27793860608,45,60,55,78,56,1,HOLD,0.35,4,False,live
2026-08-20T07:32:42.354494+09:00,2026-08-20,FISV,"Fiserv, Inc.",US,IT,2026-08-19,52.08,4370358,8416497.9,2.3564,27694411776,43,60,70,78,60,2,WATCH,0.18,2,False,live
2026-08-20T07:32:42.354494+09:00,2026-08-20,RBLX,Roblox Corporation,US,IT,2026-08-19,38.69,7888089,15681809.45,2.8339,27639203840,37,60,50,53,48,0,HOLD,-0.3,-4,False,live
2026-08-20T07:32:42.354494+09:00,2026-08-20,AWK,"American Water Works Company, Inc.",US,유틸리티,2026-08-19,138.71,1891744,2389932.2,3.3886,27565699072,81,60,63,42,66,1,HOLD,0.78,9,False,live
2026-08-20T07:32:42.354494+09:00,2026-08-20,CTSH,Cognizant Technology Solutions Corporati,US,IT,2026-08-19,60.93,6809878,9679598.9,2.5321,27445567488,69,60,60,84,67,1,HOLD,0.76,9,False,live
2026-08-20T07:32:42.354494+09:00,2026-08-20,OTIS,Otis Worldwide Corporation,US,산업재,2026-08-19,71.95,3067541,3328162.05,1.521,27389157376,43,60,60,58,54,0,HOLD,0.13,2,False,live
2026-08-20T07:32:42.354494+09:00,2026-08-20,HPQ,HP Inc.,US,IT,2026-08-19,29.94,9522625,14489856.25,1.3721,,95,60,45,65,68,1,HOLD,0.9,11,False,live
2026-08-20T07:32:42.354494+09:00,2026-08-20,RPRX,Royalty Pharma plc,US,제약/바이오,2026-08-19,61.73,3243841,2852137.05,1.5468,35669782528,88,65,50,50,66,1,HOLD,0.84,10,False,live
2026-08-20T07:32:42.354494+09:00,2026-08-20,FE,FirstEnergy Corp.,US,유틸리티,2026-08-19,47.25,2372151,4497777.55,0.8517,27340736512,44,60,55,50,51,0,HOLD,0.11,1,False,live
2026-08-20T07:32:42.354494+09:00,2026-08-20,DOV,Dover Corporation,US,산업재,2026-08-19,202.38,663560,1226238.0,3.6607,27256584192,28,60,55,58,47,0,HOLD,-0.21,-3,False,live
2026-08-20T07:32:42.354494+09:00,2026-08-20,XYL,Xylem Inc.,US,산업재,2026-08-19,116.21,1231573,1831523.65,2.9539,27133503488,50,60,58,58,56,0,HOLD,0.29,3,False,live
2026-08-20T07:32:42.354494+09:00,2026-08-20,LH,Labcorp Holdings Inc.,US,제약/바이오,2026-08-19,330.44,518205,742190.25,7.1179,26798684160,70,65,48,58,61,1,HOLD,0.59,7,False,live
2026-08-20T07:32:42.354494+09:00,2026-08-20,ES,Eversource Energy,US,유틸리티,2026-08-19,71.99,815688,2294519.4,1.3646,27074000896,40,60,63,60,54,0,HOLD,0.16,2,False,live
2026-08-20T07:32:42.354494+09:00,2026-08-20,ASTS,"AST SpaceMobile, Inc.",US,인터넷,2026-08-19,66.43,7169218,11795200.9,5.1996,25852395520,57,65,53,42,55,0,HOLD,0.01,0,False,live
2026-08-20T07:32:42.354494+09:00,2026-08-20,ROIV,Roivant Sciences Ltd.,US,제약/바이오,2026-08-19,37.4,5366191,5695499.55,1.3993,27014881280,82,65,45,50,63,1,HOLD,0.7,8,False,live
2026-08-20T07:32:42.354494+09:00,2026-08-20,PHG,Koninklijke Philips N.V.,US,제약/바이오,2026-08-19,27.62,643018,1342765.9,0.4744,26996547584,69,65,58,74,66,1,HOLD,0.58,7,False,live
2026-08-20T07:32:42.354494+09:00,2026-08-20,DG,Dollar General Corporation,US,소매,2026-08-19,122.31,1778306,1946510.3,3.425,26979950592,39,60,55,68,52,0,HOLD,0.23,3,False,live
2026-08-20T07:32:42.354494+09:00,2026-08-20,SYM,Symbotic Inc.,US,산업재,2026-08-19,42.02,2180232,1800996.6,2.3792,25437429760,33,60,50,38,44,0,AVOID,-0.41,-5,True,live
2026-08-20T07:32:42.354494+09:00,2026-08-20,QSR,Restaurant Brands International Inc.,US,소비재,2026-08-19,77.1,2163888,2257389.4,1.8359,35320356864,87,60,63,50,69,1,HOLD,0.76,9,False,live
2026-08-20T07:32:42.354494+09:00,2026-08-20,PPL,PPL Corporation,US,유틸리티,2026-08-19,35.49,7441125,8739216.25,0.6632,26707816448,50,60,63,50,56,0,HOLD,0.24,3,False,live
2026-08-20T07:32:42.354494+09:00,2026-08-20,DGX,Quest Diagnostics Incorporated,US,제약/바이오,2026-08-19,241.76,923921,1009321.05,4.1664,26683863040,70,65,60,58,64,1,HOLD,0.72,9,False,live
2026-08-20T07:32:42.354494+09:00,2026-08-20,GFS,GLOBALFOUNDRIES Inc.,US,반도체,2026-08-19,48.58,3346910,4542370.5,3.2122,26655889408,43,65,45,58,50,0,HOLD,-0.22,-3,False,live
2026-08-20T07:32:42.354494+09:00,2026-08-20,TPR,"Tapestry, Inc.",US,소비재,2026-08-19,131.72,2783032,2926226.6,6.3545,26263871488,43,60,55,58,52,0,HOLD,0.02,0,False,live
2026-08-20T07:32:42.354494+09:00,2026-08-20,CNP,"CenterPoint Energy, Inc.",US,유틸리티,2026-08-19,40.4,3731686,6102399.3,0.8321,26612299776,17,60,65,42,44,0,AVOID,-0.3,-4,True,live
2026-08-20T07:32:42.354494+09:00,2026-08-20,CPAY,"Corpay, Inc.",US,IT,2026-08-19,407.08,334985,578559.25,11.5479,26728708096,73,60,50,74,64,2,WATCH,0.68,8,False,live
2026-08-20T07:32:42.354494+09:00,2026-08-20,FOX,Fox Corporation,US,인터넷,2026-08-19,60.39,992939,1110076.95,1.7744,25342672896,65,65,61,68,64,0,HOLD,0.55,7,False,live
2026-08-20T07:32:42.354494+09:00,2026-08-20,Q,"Qnity Electronics, Inc.",US,반도체,2026-08-19,126.04,1533994,1850579.7,7.0043,26368645120,43,65,60,50,54,0,HOLD,-0.09,-1,False,live
2026-08-20T07:32:42.354494+09:00,2026-08-20,FWONK,Liberty Media Corporation,US,인터넷,2026-08-19,104.84,1470938,2045846.9,2.7131,26284275712,91,65,58,38,68,1,HOLD,0.92,11,False,live
2026-08-20T07:32:42.354494+09:00,2026-08-20,RF,Regions Financial Corporation,US,금융,2026-08-19,30.59,7389756,7777277.8,0.5336,26060525568,50,60,63,60,57,0,HOLD,0.43,5,False,live
2026-08-20T07:32:42.354494+09:00,2026-08-20,INCY,Incyte Corporation,US,제약/바이오,2026-08-19,128.47,1498029,1833181.45,3.7171,26040580096,85,65,48,55,65,1,HOLD,0.79,9,False,live
2026-08-20T07:32:42.354494+09:00,2026-08-20,WRB,W. R. Berkley Corporation,US,금융,2026-08-19,69.61,928245,1619707.25,1.3068,25841147904,32,60,55,63,49,0,HOLD,-0.04,0,False,live
2026-08-20T07:32:42.354494+09:00,2026-08-20,SYF,Synchrony Financial,US,금융,2026-08-19,79.62,2230371,3094093.55,1.6192,25906028544,91,60,50,70,69,2,WATCH,0.88,11,False,live
2026-08-20T07:32:42.354494+09:00,2026-08-20,AFRM,"Affirm Holdings, Inc.",US,금융,2026-08-19,77.33,2827305,3008230.25,3.76,25897705472,76,60,70,51,67,2,WATCH,0.85,10,False,live
2026-08-20T07:32:42.354494+09:00,2026-08-20,CINF,Cincinnati Financial Corporation,US,금융,2026-08-19,168.49,376902,645770.1,3.7846,25859516416,35,60,60,78,54,1,HOLD,0.09,1,False,live
2026-08-20T07:32:42.354494+09:00,2026-08-20,TPL,Texas Pacific Land Corporation,US,에너지,2026-08-19,373.18,259459,358352.95,18.7718,25739970560,28,60,70,29,47,1,HOLD,-0.14,-2,False,live
2026-08-20T07:32:42.354494+09:00,2026-08-20,SN,"SharkNinja, Inc.",US,소비재,2026-08-19,181.24,963084,1824579.2,7.3443,25649156096,63,60,55,50,58,0,HOLD,0.5,6,False,live
2026-08-20T07:32:42.354494+09:00,2026-08-20,JBHT,"J.B. Hunt Transport Services, Inc.",US,산업재,2026-08-19,272.42,684657,878892.85,7.6796,25584308224,50,60,60,58,56,0,HOLD,0.25,3,False,live
2026-08-20T07:32:42.354494+09:00,2026-08-20,TSEM,Tower Semiconductor Ltd.,US,반도체,2026-08-19,226.46,1449528,2078741.4,23.5675,25597054976,50,65,40,30,47,0,HOLD,-0.26,-3,False,live
2026-08-20T07:32:42.354494+09:00,2026-08-20,SW,Smurfit Westrock plc,US,소비재,2026-08-19,48.71,4084656,5116287.8,1.5402,25549510656,73,60,63,58,65,1,HOLD,0.76,9,False,live
2026-08-20T07:32:42.354494+09:00,2026-08-20,NRG,"NRG Energy, Inc.",US,유틸리티,2026-08-19,120.58,1807510,3180050.5,7.175,25347180544,25,60,63,66,50,0,HOLD,-0.14,-2,False,live
2026-08-20T07:32:42.354494+09:00,2026-08-20,DRI,"Darden Restaurants, Inc.",US,소비재,2026-08-19,221.89,911659,1168497.95,5.8193,25193781248,91,60,50,42,65,1,HOLD,0.79,9,False,live
2026-08-20T07:32:42.354494+09:00,2026-08-20,NVT,nVent Electric plc,US,산업재,2026-08-19,156.88,2314452,2265287.6,9.1227,25392273408,57,60,55,50,56,0,HOLD,0.19,2,False,live
2026-08-20T07:32:42.354494+09:00,2026-08-20,CRS,Carpenter Technology Corporation,US,소재,2026-08-19,509.96,421452,681062.6,27.985,25272887296,39,60,68,42,52,0,HOLD,0.28,3,False,live
2026-08-20T07:32:42.354494+09:00,2026-08-20,DLTR,"Dollar Tree, Inc.",US,소매,2026-08-19,131.84,1411220,2047471.0,3.2057,25336297472,68,60,51,58,60,0,HOLD,0.56,7,False,live
2026-08-20T07:32:42.354494+09:00,2026-08-20,PPG,"PPG Industries, Inc.",US,소재,2026-08-19,113.92,720822,1825351.1,2.6089,25324414976,39,60,65,60,54,0,HOLD,0.26,3,False,live
2026-08-20T07:32:42.354494+09:00,2026-08-20,PHM,"PulteGroup, Inc.",US,소비재,2026-08-19,130.68,1213754,1557657.7,3.8936,,62,60,55,60,59,0,HOLD,0.53,6,False,live
2026-08-20T07:32:42.354494+09:00,2026-08-20,HUBB,Hubbell Incorporated,US,산업재,2026-08-19,475.64,559223,628226.45,14.9105,25129285632,28,60,58,58,48,0,HOLD,-0.09,-1,False,live
2026-08-20T07:32:42.354494+09:00,2026-08-20,FICO,Fair Isaac Corporation,US,IT,2026-08-19,1161.59,358069,397358.45,53.6311,25087596544,65,60,60,66,63,0,HOLD,0.37,4,False,live
2026-08-20T07:32:42.354494+09:00,2026-08-20,AMRZ,Amrize Ltd,US,소재,2026-08-19,45.26,3281777,3656073.85,1.5956,24753852416,28,60,72,58,52,1,HOLD,-0.08,-1,False,live
2026-08-20T07:32:42.354494+09:00,2026-08-20,CW,Curtiss-Wright Corporation,US,산업재,2026-08-19,673.34,439243,285912.15,28.9464,24869439488,31,60,53,34,44,0,AVOID,-0.29,-3,True,live
2026-08-20T07:32:42.354494+09:00,2026-08-20,WST,"West Pharmaceutical Services, Inc.",US,제약/바이오,2026-08-19,352.79,358014,720010.7,6.9739,24827865088,54,65,68,42,59,0,HOLD,0.52,6,False,live
2026-08-20T07:32:42.354494+09:00,2026-08-20,FCNCA,"First Citizens BancShares, Inc.",US,금융,2026-08-19,2170.72,48141,64707.05,48.5079,24514201600,47,60,67,70,59,1,HOLD,0.45,5,False,live
2026-08-20T07:32:42.354494+09:00,2026-08-20,VRSN,"VeriSign, Inc.",US,IT,2026-08-19,273.03,475423,845001.15,8.615,24681912320,40,60,53,50,49,0,HOLD,-0.15,-2,False,live
2026-08-20T07:32:42.354494+09:00,2026-08-20,VLTO,Veralto Corporation,US,산업재,2026-08-19,100.1,992714,1533325.7,2.3231,24403714048,52,60,60,50,56,0,HOLD,0.4,5,False,live
2026-08-20T07:32:42.354494+09:00,2026-08-20,EXPD,"Expeditors International of Washington, ",US,산업재,2026-08-19,186.44,444793,1067794.65,5.18,24235452416,76,60,50,37,59,1,HOLD,0.59,7,False,live
2026-08-20T07:32:42.354494+09:00,2026-08-20,VRSK,"Verisk Analytics, Inc.",US,IT,2026-08-19,186.45,1025623,1632111.15,7.9407,24267589632,36,60,48,58,48,0,HOLD,0.08,1,False,live
2026-08-20T07:32:42.354494+09:00,2026-08-20,FWONA,Formula One Group,US,인터넷,2026-08-19,96.0,105375,147733.75,2.6,24068014080,88,65,61,38,68,1,HOLD,0.91,11,False,live
2026-08-20T07:32:42.354494+09:00,2026-08-20,TROW,"T. Rowe Price Group, Inc.",US,금융,2026-08-19,112.23,1150569,1712243.45,2.6768,23940440064,44,60,60,78,57,1,HOLD,0.34,4,False,live
2026-08-20T07:32:42.354494+09:00,2026-08-20,OMC,Omnicom Group Inc.,US,인터넷,2026-08-19,87.43,1503887,2871394.35,2.8464,23986067456,95,65,45,46,67,1,HOLD,0.87,10,False,live
2026-08-20T07:32:42.354494+09:00,2026-08-20,BRO,"Brown & Brown, Inc.",US,금융,2026-08-19,71.49,1188425,2394316.25,1.8569,23921295360,59,60,65,66,62,0,HOLD,0.61,7,False,live
2026-08-20T07:32:42.354494+09:00,2026-08-20,PFG,"Principal Financial Group, Inc.",US,금융,2026-08-19,111.64,723272,1411998.6,2.1271,23902642176,44,60,55,68,54,0,HOLD,0.23,3,False,live
2026-08-20T07:32:42.354494+09:00,2026-08-20,FSLR,"First Solar, Inc.",US,에너지,2026-08-19,222.4,1627511,2661685.55,14.9421,23901280256,35,60,50,74,50,1,HOLD,-0.05,-1,False,live
2026-08-20T07:32:42.354494+09:00,2026-08-20,IHG,InterContinental Hotels Group PLC,US,소비재,2026-08-19,161.56,132743,260017.15,3.3436,23833444352,69,60,55,58,61,0,HOLD,0.53,6,False,live
2026-08-20T07:32:42.354494+09:00,2026-08-20,KEY,KeyCorp,US,금융,2026-08-19,22.1,11847500,9173130.0,0.4307,23691974656,31,60,63,60,51,0,HOLD,0.03,0,False,live
2026-08-20T07:32:42.354494+09:00,2026-08-20,KOF,"Coca-Cola FEMSA, S.A.B. de C.V.",US,소매,2026-08-19,113.23,135168,135473.4,2.2764,,88,60,53,55,67,1,HOLD,0.78,9,False,live
2026-08-20T07:32:42.354494+09:00,2026-08-20,USFD,US Foods Holding Corp.,US,소매,2026-08-19,107.52,1431556,2294952.8,3.2861,23259877376,95,60,63,66,74,1,HOLD,1.09,13,False,live
2026-08-20T07:32:42.354494+09:00,2026-08-20,SMCI,"Super Micro Computer, Inc.",US,IT,2026-08-19,36.58,35196111,57180605.55,2.4889,23662616576,74,60,63,78,68,2,WATCH,0.76,9,False,live
2026-08-20T07:32:42.354494+09:00,2026-08-20,CIB,Grupo Cibest S.A.,US,금융,2026-08-19,99.67,225915,324600.75,3.63,23538614272,82,60,58,88,71,2,WATCH,0.93,11,False,live
2026-08-20T07:32:42.354494+09:00,2026-08-20,SOFI,"SoFi Technologies, Inc.",US,금융,2026-08-19,18.42,40523348,65126722.4,0.7303,23790725120,76,60,50,66,63,1,HOLD,0.69,8,False,live
2026-08-20T07:32:42.354494+09:00,2026-08-20,CHD,"Church & Dwight Co., Inc.",US,소매,2026-08-19,99.01,971112,1807835.6,2.4289,23485558784,47,60,50,53,51,0,HOLD,0.11,1,False,live
2026-08-20T07:32:42.354494+09:00,2026-08-20,OKTA,"Okta, Inc.",US,IT,2026-08-19,141.21,2867339,2517751.95,6.7675,24543338496,51,60,60,43,54,0,HOLD,0.36,4,False,live
2026-08-20T07:32:42.354494+09:00,2026-08-20,AER,AerCap Holdings N.V.,US,산업재,2026-08-19,148.2,896754,1061037.7,3.3943,23294676992,50,60,53,70,56,1,HOLD,0.26,3,False,live
2026-08-20T07:32:42.354494+09:00,2026-08-20,ROKU,"Roku, Inc.",US,인터넷,2026-08-19,156.8,1162696,2675119.8,2.2041,23272095744,80,65,60,43,65,1,HOLD,0.81,10,False,live
2026-08-20T07:32:42.354494+09:00,2026-08-20,XPO,"XPO Logistics, Inc.",US,산업재,2026-08-19,197.43,1095945,986717.25,6.9214,23116380160,53,60,48,50,52,0,HOLD,0.05,1,False,live
2026-08-20T07:32:42.354494+09:00,2026-08-20,STE,STERIS plc,US,제약/바이오,2026-08-19,236.91,585150,748477.5,6.4093,23098750976,55,65,53,58,57,0,HOLD,0.39,5,False,live
2026-08-20T07:32:42.354494+09:00,2026-08-20,RL,Ralph Lauren Corporation,US,소비재,2026-08-19,377.96,262006,594570.3,13.7468,22519703552,32,60,50,50,46,0,HOLD,0.02,0,False,live
2026-08-20T07:32:42.354494+09:00,2026-08-20,DOW,Dow Inc.,US,소재,2026-08-19,31.75,6136961,9345763.05,1.0077,22934319104,77,60,63,55,66,1,HOLD,0.45,5,False,live
2026-08-20T07:32:42.354494+09:00,2026-08-20,TCPA,TransCanada PipeLines Limited 6,US,에너지,2026-08-19,22.65,62891,23349.55,0.2667,,25,60,55,50,45,0,HOLD,-0.28,-3,False,live
2026-08-20T07:32:42.354494+09:00,2026-08-20,STRD,Strategy Inc,US,IT,2026-08-19,69.25,89026,111376.3,1.613,,65,60,58,60,61,0,HOLD,0.33,4,False,live
2026-08-20T07:32:42.354494+09:00,2026-08-20,L,Loews Corporation,US,금융,2026-08-19,111.19,316877,684193.85,2.0571,22730317824,39,60,65,68,55,0,HOLD,0.21,3,False,live
2026-08-20T07:32:42.354494+09:00,2026-08-20,STZ,"Constellation Brands, Inc.",US,소매,2026-08-19,133.52,1050277,1780138.85,3.3168,22805796864,72,60,60,68,65,1,HOLD,0.43,5,False,live
2026-08-20T07:32:42.354494+09:00,2026-08-20,GPN,Global Payments Inc.,US,금융,2026-08-19,91.74,1337169,3268323.45,3.3679,24276090880,73,60,60,66,65,1,HOLD,0.75,9,False,live
2026-08-20T07:32:42.354494+09:00,2026-08-20,ULTA,"Ulta Beauty, Inc.",US,소비재,2026-08-19,527.85,609866,579323.3,18.0579,22691907584,62,60,60,42,58,0,HOLD,0.41,5,False,live
2026-08-20T07:32:42.354494+09:00,2026-08-20,IOT,Samsara Inc.,US,IT,2026-08-19,39.2,3664300,5181750.0,2.1707,,66,60,50,35,55,0,HOLD,0.44,5,False,live
2026-08-20T07:32:42.354494+09:00,2026-08-20,EFX,Equifax Inc.,US,산업재,2026-08-19,192.1,1293823,1429221.15,6.7321,22568849408,78,60,50,58,63,1,HOLD,0.69,8,False,live
2026-08-20T07:32:42.354494+09:00,2026-08-20,FCNCN,"First Citizens BancShares, Inc. Deposita",US,금융,2026-08-19,25.04,15309,16085.45,0.2129,,45,60,63,50,54,0,HOLD,0.16,2,False,live
2026-08-20T07:32:42.354494+09:00,2026-08-20,PKG,Packaging Corporation of America,US,소비재,2026-08-19,252.91,372727,648966.35,5.3343,22533851136,73,60,53,58,62,1,HOLD,0.65,8,False,live
2026-08-20T07:32:42.354494+09:00,2026-08-20,UTHR,United Therapeutics Corporation,US,제약/바이오,2026-08-19,529.14,413767,520128.35,15.3807,22695182336,65,65,45,50,57,0,HOLD,0.17,2,False,live
2026-08-20T07:32:42.354494+09:00,2026-08-20,MKL,Markel Corporation,US,금융,2026-08-19,1795.04,54691,60064.55,43.585,22240471040,20,60,60,62,46,0,HOLD,-0.24,-3,False,live
2026-08-20T07:32:42.354494+09:00,2026-08-20,EXE,Expand Energy Corporation,US,에너지,2026-08-19,96.03,1861406,3086870.3,2.267,22231308288,80,60,70,78,73,3,BUY,0.77,9,False,live
2026-08-20T07:32:42.354494+09:00,2026-08-20,CMS,CMS Energy Corporation,US,유틸리티,2026-08-19,70.61,2213518,3950950.9,1.2602,22141683712,50,60,60,42,54,0,HOLD,0.13,2,False,live
2026-08-20T07:32:42.354494+09:00,2026-08-20,BCE,BCE Inc.,US,인터넷,2026-08-19,23.7,2128048,3870237.4,0.4575,22100862976,65,65,63,86,68,1,HOLD,0.57,7,False,live
2026-08-20T07:32:42.354494+09:00,2026-08-20,ENTG,"Entegris, Inc.",US,반도체,2026-08-19,144.28,2539218,2786545.9,10.4136,22045984768,76,65,48,43,60,1,HOLD,0.62,7,False,live
2026-08-20T07:32:42.354494+09:00,2026-08-20,TW,Tradeweb Markets Inc.,US,금융,2026-08-19,103.3,1752432,1510401.6,3.0857,22315718656,73,60,45,50,59,1,HOLD,0.25,3,False,live
2026-08-20T07:32:42.354494+09:00,2026-08-20,CMSA,CMS Energy Corporation 5.6% JRSUB NT 78,US,유틸리티,2026-08-19,20.345,13889,12764.45,0.1244,,20,60,55,70,46,1,HOLD,-0.3,-4,False,live
2026-08-20T07:32:42.354494+09:00,2026-08-20,AMCR,Amcor plc,US,소비재,2026-08-19,47.45,2370816,3972740.8,1.1882,21938302976,73,60,71,66,69,2,WATCH,0.87,10,False,live
2026-08-20T07:32:42.354494+09:00,2026-08-20,GH,"Guardant Health, Inc.",US,제약/바이오,2026-08-19,163.34,2384644,2204692.2,8.1407,21919600640,73,65,53,58,63,1,HOLD,0.69,8,False,live
2026-08-20T07:32:42.354494+09:00,2026-08-20,BG,Bunge Global S.A.,US,소매,2026-08-19,114.0,600868,1318608.4,2.9524,21901580288,62,60,65,50,61,0,HOLD,0.32,4,False,live
2026-08-20T07:32:42.354494+09:00,2026-08-20,MTZ,"MasTec, Inc.",US,산업재,2026-08-19,272.07,1295452,1620842.6,19.0763,21848565760,45,60,66,42,54,0,HOLD,-0.06,-1,False,live
2026-08-20T07:32:42.354494+09:00,2026-08-20,IP,International Paper Company,US,소재,2026-08-19,41.06,2185111,4932870.55,1.2918,21744140288,51,60,55,68,57,0,HOLD,0.4,5,False,live
2026-08-20T07:32:42.354494+09:00,2026-08-20,LEN,Lennar Corporation,US,소비재,2026-08-19,87.3,2962384,2351689.2,2.8429,21030146048,72,60,60,73,66,2,WATCH,0.57,7,False,live
2026-08-20T07:32:42.354494+09:00,2026-08-20,FTAI,FTAI Aviation Ltd.,US,산업재,2026-08-19,210.91,952895,1668459.75,13.9769,21661952000,65,60,60,34,58,0,HOLD,0.22,3,False,live
2026-08-20T07:32:42.354494+09:00,2026-08-20,THC,Tenet Healthcare Corporation,US,제약/바이오,2026-08-19,268.52,469123,1182451.15,8.2068,21620961280,73,65,50,78,65,2,WATCH,0.73,9,False,live
2026-08-20T07:32:42.354494+09:00,2026-08-20,FFIV,"F5, Inc.",US,IT,2026-08-19,382.63,425563,721693.15,12.9125,21667260416,35,60,40,58,45,0,HOLD,-0.14,-2,False,live
2026-08-20T07:32:42.354494+09:00,2026-08-20,CDE,"Coeur Mining, Inc.",US,소재,2026-08-19,20.93,52593598,38883899.9,1.1882,21514680320,71,60,60,63,64,1,HOLD,0.71,9,False,live
2026-08-20T07:32:42.354494+09:00,2026-08-20,SQM,Sociedad Química y Minera de Chile S.A.,US,소재,2026-08-19,75.38,1083036,900941.8,2.2279,21531377664,59,60,50,74,59,1,HOLD,0.14,2,False,live
2026-08-20T07:32:42.354494+09:00,2026-08-20,WWD,"Woodward, Inc.",US,산업재,2026-08-19,359.95,576083,646469.15,13.735,21253543936,25,60,50,34,41,0,AVOID,-0.29,-3,True,live
2026-08-20T07:32:42.354494+09:00,2026-08-20,GIS,"General Mills, Inc.",US,소매,2026-08-19,39.99,8053204,8819610.2,1.0479,21379833856,75,60,63,63,67,1,HOLD,0.8,10,False,live
2026-08-20T07:32:42.354494+09:00,2026-08-20,LYB,LyondellBasell Industries N.V.,US,소재,2026-08-19,66.06,3070433,4607721.65,2.2371,21339885568,84,60,50,78,68,2,WATCH,0.53,6,False,live
2026-08-20T07:32:42.354494+09:00,2026-08-20,IFF,International Flavors & Fragrances Inc.,US,소재,2026-08-19,83.33,886414,1713105.7,2.535,21261647872,69,60,66,42,62,0,HOLD,0.67,8,False,live
2026-08-20T07:32:42.354494+09:00,2026-08-20,BURL,"Burlington Stores, Inc.",US,소비재,2026-08-19,337.5,742874,746793.7,10.0254,21242994688,39,60,48,58,49,0,HOLD,0.12,1,False,live
2026-08-20T07:32:42.354494+09:00,2026-08-20,PAAS,Pan American Silver Corp.,US,소재,2026-08-19,50.3,5542218,4200080.9,2.3657,20855283712,80,60,55,71,67,2,WATCH,0.51,6,False,live
2026-08-20T07:32:42.354494+09:00,2026-08-20,BCH,Banco de Chile,US,금융,2026-08-19,41.76,398256,284497.8,1.0143,21092366336,69,60,55,70,63,1,HOLD,0.66,8,False,live
2026-08-20T07:32:42.354494+09:00,2026-08-20,RGLD,"Royal Gold, Inc.",US,소재,2026-08-19,248.14,658916,730920.8,8.1307,21024370688,66,60,50,50,58,0,HOLD,0.41,5,False,live
2026-08-20T07:32:42.354494+09:00,2026-08-20,FIS,"Fidelity National Information Services, ",US,IT,2026-08-19,40.66,5183533,6544706.65,1.8254,20968603648,35,60,65,86,57,1,HOLD,0.09,1,False,live
2026-08-20T07:32:42.354494+09:00,2026-08-20,CRCL,Circle Internet Group,US,금융,2026-08-19,78.59,22708838,11507306.9,5.0902,21423169536,49,60,50,55,52,0,HOLD,-0.13,-2,False,live
2026-08-20T07:32:42.354494+09:00,2026-08-20,GMAB,Genmab A/S,US,제약/바이오,2026-08-19,34.11,3228451,2431122.55,0.8693,20964769792,70,65,60,53,63,1,HOLD,0.7,8,False,live
2026-08-20T07:32:42.354494+09:00,2026-08-20,TSN,"Tyson Foods, Inc.",US,소매,2026-08-19,58.55,1799501,3265185.05,1.78,20597977088,73,60,63,66,66,1,HOLD,0.43,5,False,live
2026-08-20T07:32:42.354494+09:00,2026-08-20,MTSI,"MACOM Technology Solutions Holdings, Inc",US,반도체,2026-08-19,269.98,1797093,1562134.65,21.5143,20618622976,47,65,55,35,51,0,HOLD,-0.14,-2,False,live
2026-08-20T07:32:42.354494+09:00,2026-08-20,U,Unity Software Inc.,US,IT,2026-08-19,47.11,10199320,12614036.0,2.3409,20732590080,88,60,53,50,66,1,HOLD,0.83,10,False,live
2026-08-20T07:32:42.354494+09:00,2026-08-20,SOJD,Southern Company (The) Series 2,US,유틸리티,2026-08-19,18.37,93264,77913.2,0.1526,,28,60,58,50,47,0,HOLD,-0.22,-3,False,live
2026-08-20T07:32:42.354494+09:00,2026-08-20,CHTR,"Charter Communications, Inc.",US,인터넷,2026-08-19,152.47,8303078,3271863.9,7.5007,20549523456,62,65,63,86,66,1,HOLD,0.65,8,False,live
2026-08-20T07:32:42.354494+09:00,2026-08-20,RBRK,"Rubrik, Inc.",US,IT,2026-08-19,99.78,2554473,2969713.65,5.1881,20537573376,80,60,60,35,63,1,HOLD,0.74,9,False,live
2026-08-20T07:32:42.354494+09:00,2026-08-20,TOST,"Toast, Inc.",US,IT,2026-08-19,35.16,7519225,10236846.25,1.3278,20322480128,66,60,50,50,58,0,HOLD,0.49,6,False,live
2026-08-20T07:32:42.354494+09:00,2026-08-20,RS,Reliance Steel & Aluminum Co.,US,소재,2026-08-19,399.31,469243,324782.15,12.3316,20386594816,50,60,60,58,56,0,HOLD,0.35,4,False,live
2026-08-20T07:32:42.354494+09:00,2026-08-20,TPG,TPG Inc.,US,금융,2026-08-19,53.18,2776521,3305901.05,2.4001,32353492992,81,60,53,43,63,1,HOLD,0.71,9,False,live
2026-08-20T07:32:42.354494+09:00,2026-08-20,SNA,Snap-on Incorporated,US,산업재,2026-08-19,393.93,234404,353815.2,7.6014,20376864768,39,60,45,58,48,0,HOLD,0.03,0,False,live
2026-08-20T07:32:42.354494+09:00,2026-08-20,BR,"Broadridge Financial Solutions, Inc.",US,IT,2026-08-19,176.03,1480273,1320293.65,6.9298,20071258112,88,60,60,58,70,1,HOLD,0.93,11,False,live
2026-08-20T07:32:42.354494+09:00,2026-08-20,STRK,Strategy Inc,US,IT,2026-08-19,68.23,93611,79385.55,1.8655,,75,60,48,60,62,1,HOLD,0.35,4,False,live
2026-08-20T07:32:42.354494+09:00,2026-08-20,NI,NiSource Inc,US,유틸리티,2026-08-19,41.63,6805391,5907094.55,0.8782,19964088320,20,60,55,42,42,0,AVOID,-0.46,-6,True,live
2026-08-20T07:32:42.354494+09:00,2026-08-20,SOJC,The Southern Company JR 2017B NT 77,US,유틸리티,2026-08-19,19.91,64824,31031.2,0.1532,,25,60,58,60,47,0,HOLD,-0.24,-3,False,live
2026-08-20T07:32:42.354494+09:00,2026-08-20,RCI,Rogers Communications Inc.,US,인터넷,2026-08-19,36.53,659889,1271154.45,0.6786,19734429696,72,65,55,86,68,2,WATCH,0.65,8,False,live
2026-08-20T07:32:42.354494+09:00,2026-08-20,AS,"Amer Sports, Inc.",US,소비재,2026-08-19,34.02,7925563,5317073.15,1.2536,,40,60,45,66,49,0,HOLD,-0.02,0,False,live
2026-08-20T07:32:42.354494+09:00,2026-08-20,YPF,YPF Sociedad Anónima,US,에너지,2026-08-19,50.06,979888,1141434.4,2.0305,19627278336,65,60,67,74,66,1,HOLD,0.6,7,False,live
2026-08-20T07:32:42.354494+09:00,2026-08-20,ZBH,"Zimmer Biomet Holdings, Inc.",US,제약/바이오,2026-08-19,100.74,1119204,2507875.2,2.9886,19214915584,95,65,63,74,76,2,WATCH,1.16,14,False,live
2026-08-20T07:32:42.354494+09:00,2026-08-20,SBAC,SBA Communications Corporation,US,리츠,2026-08-19,182.43,454251,1137137.55,5.9382,19353653248,65,60,63,45,60,0,HOLD,0.24,3,False,live
2026-08-20T07:32:42.354494+09:00,2026-08-20,MGA,Magna International Inc.,US,소비재,2026-08-19,71.01,593539,1217616.95,1.8765,18996584448,91,60,55,74,71,2,WATCH,0.98,12,False,live
2026-08-20T07:32:42.354494+09:00,2026-08-20,SSNC,"SS&C Technologies Holdings, Inc.",US,IT,2026-08-19,82.28,1422814,1921505.7,2.0657,19307411456,66,60,55,74,63,1,HOLD,0.63,8,False,live
2026-08-20T07:32:42.354494+09:00,2026-08-20,WIT,Wipro Limited,US,IT,2026-08-19,1.95,7589944,6906462.2,0.0599,19290632192,23,60,55,68,47,0,HOLD,-0.19,-2,False,live
2026-08-20T07:32:42.354494+09:00,2026-08-20,KSPI,Joint Stock Company Kaspi.kz,US,IT,2026-08-19,101.48,763741,568387.05,3.2999,19283968000,73,60,45,80,63,2,WATCH,0.62,7,False,live
2026-08-20T07:32:42.354494+09:00,2026-08-20,PR,Permian Resources Corporation,US,에너지,2026-08-19,23.02,13132331,8822766.55,0.7039,19280564224,88,60,60,68,71,1,HOLD,0.92,11,False,live
2026-08-20T07:32:42.354494+09:00,2026-08-20,EVRG,"Evergy, Inc.",US,유틸리티,2026-08-19,83.58,1612358,1798707.9,1.3967,19270803456,69,60,53,42,58,0,HOLD,0.41,5,False,live
2026-08-20T07:32:42.354494+09:00,2026-08-20,BEKE,KE Holdings Inc.,US,리츠,2026-08-19,17.38,3544605,2832960.25,0.4064,19176794112,53,60,55,58,56,0,HOLD,0.14,2,False,live
2026-08-20T07:32:42.354494+09:00,2026-08-20,AQNB,Algonquin Power & Utilities Corp.,US,유틸리티,2026-08-19,26.15,26566,17803.3,0.1487,,69,60,55,50,60,0,HOLD,0.41,5,False,live
2026-08-20T07:32:42.354494+09:00,2026-08-20,RIVN,"Rivian Automotive, Inc.",US,소비재,2026-08-19,15.73,21869577,23485703.85,0.715,22774847488,32,60,53,50,47,0,HOLD,0.04,0,False,live
2026-08-20T07:32:42.354494+09:00,2026-08-20,ITT,ITT Inc.,US,산업재,2026-08-19,213.55,493461,947948.05,7.1636,,76,60,53,50,62,1,HOLD,0.6,7,False,live
2026-08-20T07:32:42.354494+09:00,2026-08-20,MKSI,MKS Inc.,US,IT,2026-08-19,281.6,1491944,1581082.2,19.1257,19041105920,53,60,60,50,56,0,HOLD,0.09,1,False,live
2026-08-20T07:32:42.354494+09:00,2026-08-20,VTRS,Viatris Inc.,US,제약/바이오,2026-08-19,16.245,5628306,10781645.3,0.5293,18658859008,32,65,55,78,52,1,HOLD,0.02,0,False,live
2026-08-20T07:32:42.354494+09:00,2026-08-20,DD,"DuPont de Nemours, Inc.",US,소재,2026-08-19,139.68,744124,1429951.2,4.4736,18862800896,43,60,37,58,47,0,HOLD,-0.21,-3,False,live
2026-08-20T07:32:42.354494+09:00,2026-08-20,BBY,"Best Buy Co., Inc.",US,소비재,2026-08-19,89.21,2211850,3120132.5,2.9496,,66,60,50,68,60,0,HOLD,0.56,7,False,live
2026-08-20T07:32:42.354494+09:00,2026-08-20,TSCO,Tractor Supply Company,US,소비재,2026-08-19,35.44,6545429,12741791.45,1.2239,18465660928,69,60,75,50,66,1,HOLD,0.77,9,False,live
2026-08-20T07:32:42.354494+09:00,2026-08-20,GPC,Genuine Parts Company,US,소비재,2026-08-19,134.54,643761,1213143.05,3.4564,18547650560,73,60,63,43,63,1,HOLD,0.7,8,False,live
2026-08-20T07:32:42.354494+09:00,2026-08-20,ESS,"Essex Property Trust, Inc.",US,리츠,2026-08-19,287.36,224411,412685.55,6.008,19808552960,47,60,55,45,52,0,HOLD,0.18,2,False,live
2026-08-20T07:32:42.354494+09:00,2026-08-20,LDOS,"Leidos Holdings, Inc.",US,IT,2026-08-19,146.31,975447,1600332.35,5.05,18360764416,69,60,55,68,63,0,HOLD,0.65,8,False,live
2026-08-20T07:32:42.354494+09:00,2026-08-20,OWL,Blue Owl Capital Inc.,US,금융,2026-08-19,11.77,17447268,21710018.4,0.4917,28746344448,88,60,56,59,68,1,HOLD,0.9,11,False,live
2026-08-20T07:32:42.354494+09:00,2026-08-20,VIV,Telefônica Brasil S.A.,US,인터넷,2026-08-19,11.49,1933651,1819622.55,0.2771,,25,65,55,76,50,1,HOLD,-0.29,-3,False,live
2026-08-20T07:32:42.354494+09:00,2026-08-20,APG,APi Group Corporation,US,산업재,2026-08-19,42.51,1970164,2834588.2,1.3464,18371133440,62,60,45,50,55,0,HOLD,0.16,2,False,live
2026-08-20T07:32:42.354494+09:00,2026-08-20,NWS,News Corporation,US,인터넷,2026-08-19,33.53,828226,1123951.3,0.9912,18111698944,91,65,48,66,69,1,HOLD,0.88,11,False,live
2026-08-20T07:32:42.354494+09:00,2026-08-20,CF,"CF Industries Holdings, Inc.",US,소재,2026-08-19,119.02,2326615,2243770.75,4.7287,18012264448,40,60,63,78,57,1,HOLD,0.11,1,False,live
2026-08-20T07:32:42.354494+09:00,2026-08-20,BIP,Brookfield Infrastructure Partners L.P.,US,유틸리티,2026-08-19,39.42,558262,1005988.1,1.2871,31213500416,44,60,55,30,48,0,HOLD,0.04,0,False,live
2026-08-20T07:32:42.354494+09:00,2026-08-20,OVV,Ovintiv Inc.,US,에너지,2026-08-19,65.56,3034280,3725779.0,1.89,18133895168,88,60,60,66,71,1,HOLD,0.91,11,False,live
2026-08-20T07:32:42.354494+09:00,2026-08-20,LNT,Alliant Energy Corporation,US,유틸리티,2026-08-19,70.15,1884349,2666497.45,1.2321,18188822528,50,60,60,42,54,0,HOLD,0.12,1,False,live
2026-08-20T07:32:42.354494+09:00,2026-08-20,JLL,Jones Lang LaSalle Incorporated,US,리츠,2026-08-19,390.21,355805,354290.25,11.4855,17952665600,77,60,53,66,65,1,HOLD,0.74,9,False,live
2026-08-20T07:32:42.354494+09:00,2026-08-20,INVH,Invitation Homes Inc.,US,리츠,2026-08-19,30.2,1796751,3952102.55,0.5286,17940068352,69,60,63,53,63,0,HOLD,0.56,7,False,live
2026-08-20T07:32:42.354494+09:00,2026-08-20,NLY,"Annaly Capital Management, Inc.",US,리츠,2026-08-19,23.74,5472038,7363846.9,0.3614,17893181440,88,60,53,65,68,1,HOLD,0.87,10,False,live
2026-08-20T07:32:42.354494+09:00,2026-08-20,EWBC,"East West Bancorp, Inc.",US,금융,2026-08-19,130.4,932929,644506.45,2.3238,17866344448,47,60,50,55,52,0,HOLD,0.15,2,False,live
2026-08-20T07:32:42.354494+09:00,2026-08-20,FTV,Fortive Corporation,US,IT,2026-08-19,58.9,1329425,2755501.25,1.2307,17788805120,31,60,63,74,53,1,HOLD,0.02,0,False,live
2026-08-20T07:32:42.354494+09:00,2026-08-20,CG,The Carlyle Group Inc.,US,금융,2026-08-19,49.4,3226439,4242086.95,1.9626,17602840576,84,60,55,50,65,1,HOLD,0.73,9,False,live
2026-08-20T07:32:42.354494+09:00,2026-08-20,WY,Weyerhaeuser Company,US,리츠,2026-08-19,24.62,4588417,5484430.85,0.7011,17744521216,54,60,60,50,56,0,HOLD,0.32,4,False,live
2026-08-20T07:32:42.354494+09:00,2026-08-20,NTNX,"Nutanix, Inc.",US,IT,2026-08-19,65.42,1919063,2429513.15,2.1378,17684367360,95,60,60,43,70,1,HOLD,0.98,12,False,live
2026-08-20T07:32:42.354494+09:00,2026-08-20,BEN,"Franklin Resources, Inc.",US,금융,2026-08-19,33.98,2983263,4354993.15,0.8675,17264453632,69,60,53,58,61,0,HOLD,0.49,6,False,live
2026-08-20T07:32:42.354494+09:00,2026-08-20,PTC,PTC Inc.,US,IT,2026-08-19,152.44,884271,1500653.55,5.8414,16540695552,80,60,58,68,68,1,HOLD,0.68,8,False,live
2026-08-20T07:32:42.354494+09:00,2026-08-20,PKX,POSCO Holdings Inc.,US,소재,2026-08-19,58.07,238927,319181.35,1.9393,17565194240,52,60,50,66,55,0,HOLD,-0.05,-1,False,live
2026-08-20T07:32:42.354494+09:00,2026-08-20,CDW,CDW Corporation,US,IT,2026-08-19,137.2,2238158,1902897.9,7.785,17152390144,48,60,60,68,57,0,HOLD,0.41,5,False,live
2026-08-20T07:32:42.354494+09:00,2026-08-20,JHX,James Hardie Industries plc,US,소재,2026-08-19,30.2,5254711,7572850.55,1.0271,17531779072,85,60,63,51,68,1,HOLD,0.9,11,False,live
2026-08-20T07:32:42.354494+09:00,2026-08-20,ROL,"Rollins, Inc.",US,산업재,2026-08-19,36.26,2977893,6299154.65,0.7861,17446332416,37,60,55,37,47,0,HOLD,-0.31,-4,False,live
2026-08-20T07:32:42.354494+09:00,2026-08-20,J,Jacobs Solutions Inc.,US,산업재,2026-08-19,147.37,739395,908544.75,4.2339,17247979520,66,60,60,58,62,0,HOLD,0.63,8,False,live
2026-08-20T07:32:42.354494+09:00,2026-08-20,H,Hyatt Hotels Corporation,US,소비재,2026-08-19,183.01,461512,862450.6,6.1679,17246265344,69,60,53,43,58,0,HOLD,0.46,6,False,live
2026-08-20T07:32:42.354494+09:00,2026-08-20,NVR,"NVR, Inc.",US,소비재,2026-08-19,6418.8599,27347,33297.35,160.3015,17190688768,76,60,65,63,68,1,HOLD,0.73,9,False,live
2026-08-20T07:32:42.354494+09:00,2026-08-20,DUKB,Duke Energy Corporation 5.625%,US,유틸리티,2026-08-19,22.26,48826,40381.3,0.1464,,25,60,58,50,46,0,HOLD,-0.27,-3,False,live
2026-08-20T07:32:42.354494+09:00,2026-08-20,IEX,IDEX Corporation,US,산업재,2026-08-19,234.45,547084,658964.2,5.3436,17283629056,69,60,63,58,64,0,HOLD,0.68,8,False,live
2026-08-20T07:32:42.354494+09:00,2026-08-20,NDSN,Nordson Corporation,US,산업재,2026-08-19,309.92,581574,331198.7,5.7382,17268107264,69,60,60,58,63,0,HOLD,0.64,8,False,live
2026-08-20T07:32:42.354494+09:00,2026-08-20,FLUT,Flutter Entertainment plc,US,소비재,2026-08-19,99.16,1895025,3686906.25,5.8255,17208137728,32,60,70,60,53,1,HOLD,0.16,2,False,live
2026-08-20T07:32:42.354494+09:00,2026-08-20,CLH,"Clean Harbors, Inc.",US,산업재,2026-08-19,325.22,631525,526121.25,6.6296,17167468544,91,60,55,58,69,1,HOLD,0.88,11,False,live
2026-08-20T07:32:42.354494+09:00,2026-08-20,WF,Woori Financial Group Inc.,US,금융,2026-08-19,70.57,89967,113343.35,1.617,17125826560,62,60,55,88,63,1,HOLD,0.6,7,False,live
2026-08-20T07:32:42.354494+09:00,2026-08-20,ZTO,ZTO Express (Cayman) Inc.,US,산업재,2026-08-19,21.51,3631549,1992162.45,0.6435,16347755520,35,60,55,76,52,1,HOLD,-0.09,-1,False,live
2026-08-20T07:32:42.354494+09:00,2026-08-20,CHRW,"C.H. Robinson Worldwide, Inc.",US,산업재,2026-08-19,144.52,698969,2221893.45,6.7764,16887344128,17,60,50,50,40,0,AVOID,-0.54,-6,True,live
2026-08-20T07:32:42.354494+09:00,2026-08-20,MEDP,"Medpace Holdings, Inc.",US,제약/바이오,2026-08-19,608.27,158359,339467.95,16.11,16977823744,73,65,45,37,58,1,HOLD,0.53,6,False,live
2026-08-20T07:32:42.354494+09:00,2026-08-20,PAA,"Plains All American Pipeline, L.P.",US,에너지,2026-08-19,23.99,2706355,2631427.75,0.4749,16926539776,62,60,55,66,60,0,HOLD,0.42,5,False,live
2026-08-20T07:32:42.354494+09:00,2026-08-20,ZBRA,Zebra Technologies Corporation,US,IT,2026-08-19,354.65,681645,863147.25,16.8957,16778725376,58,60,55,66,59,0,HOLD,0.49,6,False,live
2026-08-20T07:32:42.354494+09:00,2026-08-20,DINO,HF Sinclair Corporation,US,에너지,2026-08-19,94.62,2213386,2976059.3,3.5572,16821908480,95,60,58,78,74,2,WATCH,1.08,13,False,live
2026-08-20T07:32:42.354494+09:00,2026-08-20,WCC,"WESCO International, Inc.",US,산업재,2026-08-19,343.85,491663,652018.15,15.4043,16756793344,50,60,50,58,53,0,HOLD,0.04,0,False,live
2026-08-20T07:32:42.354494+09:00,2026-08-20,BALL,Ball Corporation,US,소비재,2026-08-19,62.62,1119012,1906680.6,1.4268,16575724544,44,60,55,68,54,0,HOLD,0.27,3,False,live
2026-08-20T07:32:42.354494+09:00,2026-08-20,YUMC,"Yum China Holdings, Inc.",US,소비재,2026-08-19,47.58,1051616,1528665.8,0.9114,16254484480,62,60,53,68,60,0,HOLD,0.4,5,False,live
2026-08-20T07:32:42.354494+09:00,2026-08-20,CCZ,Comcast Holdings Corp.,US,인터넷,2026-08-19,66.4499,321,126.05,0.5743,,60,65,55,50,58,0,HOLD,0.36,4,False,live
2026-08-20T07:32:42.354494+09:00,2026-08-20,NWSA,News Corporation,US,인터넷,2026-08-19,29.45,3048769,3942648.45,0.8086,15907830784,91,65,53,66,71,1,HOLD,0.93,11,False,live
2026-08-20T07:32:42.354494+09:00,2026-08-20,GEN,Gen Digital Inc.,US,IT,2026-08-19,27.54,4239924,4844341.2,0.9653,16485087232,47,60,63,76,59,1,HOLD,0.44,5,False,live
2026-08-20T07:32:42.354494+09:00,2026-08-20,RBC,RBC Bearings Incorporated,US,산업재,2026-08-19,520.54,383352,222382.6,16.1125,16479901696,28,60,53,50,45,0,HOLD,-0.32,-4,False,live
2026-08-20T07:32:42.354494+09:00,2026-08-20,BBIO,"BridgeBio Pharma, Inc.",US,제약/바이오,2026-08-19,83.95,2788919,2248930.95,3.1543,16411635712,66,65,48,27,55,0,HOLD,0.43,5,False,live
2026-08-20T07:32:42.354494+09:00,2026-08-20,BSAC,Banco Santander-Chile,US,금융,2026-08-19,34.88,359525,267421.25,0.8343,16432502784,69,60,55,60,62,0,HOLD,0.62,7,False,live
2026-08-20T07:32:42.354494+09:00,2026-08-20,KIM,Kimco Realty Corporation,US,리츠,2026-08-19,24.32,1699528,4463741.4,0.4325,16313596928,17,60,63,53,45,0,HOLD,-0.2,-2,False,live
2026-08-20T07:32:42.354494+09:00,2026-08-20,AKAM,"Akamai Technologies, Inc.",US,IT,2026-08-19,112.84,3869748,3632602.4,6.3907,16216981504,40,60,60,50,52,0,HOLD,-0.16,-2,False,live
2026-08-20T07:32:42.354494+09:00,2026-08-20,STRL,"Sterling Infrastructure, Inc.",US,산업재,2026-08-19,534.4,710800,851695.0,41.1376,16346505216,40,60,58,50,51,0,HOLD,-0.19,-2,False,live
2026-08-20T07:32:42.354494+09:00,2026-08-20,WPC,W. P. Carey Inc.,US,리츠,2026-08-19,71.95,550657,1266317.85,1.1971,16390730752,40,60,63,58,54,0,HOLD,0.09,1,False,live
2026-08-20T07:32:42.354494+09:00,2026-08-20,DKS,"DICK'S Sporting Goods, Inc.",US,소비재,2026-08-19,191.29,1254551,1371837.55,6.3457,17120939008,31,60,58,50,48,0,HOLD,-0.27,-3,False,live
2026-08-20T07:32:42.354494+09:00,2026-08-20,SITM,SiTime Corporation,US,반도체,2026-08-19,618.71,512131,510071.55,57.9583,18533779456,72,65,55,30,59,1,HOLD,0.25,3,False,live
2026-08-20T07:32:42.354494+09:00,2026-08-20,FN,Fabrinet,US,IT,2026-08-19,454.55,1641551,975287.55,48.9185,16288737280,40,60,45,50,47,0,HOLD,-0.32,-4,False,live
2026-08-20T07:32:42.354494+09:00,2026-08-20,PFGC,Performance Food Group Co,US,소매,2026-08-19,103.34,1166615,1756640.75,3.2931,16231867392,39,60,40,50,45,0,HOLD,-0.07,-1,False,live
2026-08-20T07:32:42.354494+09:00,2026-08-20,IONQ,"IonQ, Inc.",US,IT,2026-08-19,43.36,14896322,20914706.1,2.8457,17566681088,62,60,68,50,62,0,HOLD,0.23,3,False,live
2026-08-20T07:32:42.354494+09:00,2026-08-20,ASND,Ascendis Pharma A/S,US,제약/바이오,2026-08-19,259.62,537188,535184.4,8.5673,17029211136,88,65,82,42,75,2,WATCH,1.05,13,False,live
2026-08-20T07:32:42.354494+09:00,2026-08-20,LSCC,Lattice Semiconductor Corporation,US,반도체,2026-08-19,117.68,1616948,2014457.4,8.0964,16714122240,21,65,58,43,44,0,AVOID,-0.44,-5,True,live
2026-08-20T07:32:42.354494+09:00,2026-08-20,RBA,"RB Global, Inc.",US,산업재,2026-08-19,86.18,2081959,2021017.95,4.5214,15960536064,15,60,60,58,44,0,AVOID,-0.49,-6,True,live
2026-08-20T07:32:42.354494+09:00,2026-08-20,GIB,CGI Inc.,US,IT,2026-08-19,74.93,341120,496936.0,2.0379,15516160000,55,60,60,68,59,0,HOLD,0.51,6,False,live
2026-08-20T07:32:42.354494+09:00,2026-08-20,TRU,TransUnion,US,금융,2026-08-19,83.54,1518368,2166743.4,2.8975,16006263808,59,60,53,66,58,0,HOLD,0.48,6,False,live
2026-08-20T07:32:42.354494+09:00,2026-08-20,PS,Pershing Square Inc.,US,금융,2026-08-19,39.81,162836,152856.8,2.5806,15924000768,65,60,65,34,59,0,HOLD,0.34,4,False,live
2026-08-20T07:32:42.354494+09:00,2026-08-20,HST,"Host Hotels & Resorts, Inc.",US,리츠,2026-08-19,23.15,11530299,10290159.95,0.5868,16082917376,36,60,63,63,53,0,HOLD,0.19,2,False,live
2026-08-20T07:32:42.354494+09:00,2026-08-20,JAZZ,Jazz Pharmaceuticals plc,US,제약/바이오,2026-08-19,252.16,476494,793914.7,7.5982,16368860160,47,65,48,84,56,1,HOLD,0.3,4,False,live
2026-08-20T07:32:42.354494+09:00,2026-08-20,ALB,Albemarle Corporation,US,소재,2026-08-19,134.28,1544169,2266153.45,5.2175,15845719040,52,60,60,59,57,0,HOLD,0.03,0,False,live
2026-08-20T07:32:42.354494+09:00,2026-08-20,VNOM,"Viper Energy, Inc.",US,에너지,2026-08-19,43.88,1707820,1660106.0,1.1136,22992451584,72,60,60,60,64,1,HOLD,0.43,5,False,live
2026-08-20T07:32:42.354494+09:00,2026-08-20,EMA,Emera Incorporated,US,유틸리티,2026-08-19,51.63,295883,631619.15,0.8134,15858155520,33,60,55,42,46,0,HOLD,-0.13,-2,False,live
2026-08-20T07:32:42.354494+09:00,2026-08-20,RGA,"Reinsurance Group of America, Incorporat",US,금융,2026-08-19,240.7,318326,371701.3,5.2409,15718110208,69,60,66,86,69,1,HOLD,0.83,10,False,live
2026-08-20T07:32:42.354494+09:00,2026-08-20,ARMK,Aramark,US,산업재,2026-08-19,59.78,1955753,2780547.65,1.5104,15759504384,91,60,55,58,69,1,HOLD,0.9,11,False,live
2026-08-20T07:32:42.354494+09:00,2026-08-20,STLA,Stellantis N.V.,US,소비재,2026-08-19,5.43,32519652,22747017.6,0.2071,20456568832,15,60,58,72,45,1,HOLD,-0.46,-6,False,live
2026-08-20T07:32:42.354494+09:00,2026-08-20,TU,Telus Corp,US,인터넷,2026-08-19,10.03,4836626,9437671.3,0.3571,15797250048,60,65,55,58,59,0,HOLD,0.13,2,False,live
2026-08-20T07:32:42.354494+09:00,2026-08-20,NBIX,"Neurocrine Biosciences, Inc.",US,제약/바이오,2026-08-19,155.54,1105560,1464663.0,5.8625,15810512896,17,65,63,66,48,0,HOLD,-0.16,-2,False,live
2026-08-20T07:32:42.354494+09:00,2026-08-20,LAMR,Lamar Advertising Company,US,리츠,2026-08-19,153.98,643240,726567.0,3.98,15636619264,44,60,65,42,53,0,HOLD,0.21,3,False,live
2026-08-20T07:32:42.354494+09:00,2026-08-20,SBS,Companhia de Saneamento Básico do Estado,US,유틸리티,2026-08-19,4.57,6937120,8526836.0,0.1743,16071346176,18,60,45,70,42,1,AVOID,-0.56,-7,True,live
2026-08-20T07:32:42.354494+09:00,2026-08-20,RZC,"Reinsurance Group of America, Incorporat",US,금융,2026-08-19,25.68,12502,37605.1,0.1325,,87,60,58,50,67,1,HOLD,0.71,9,False,live
2026-08-20T07:32:42.354494+09:00,2026-08-20,CX,"CEMEX, S.A.B. de C.V.",US,소재,2026-08-19,10.66,6631597,7978229.85,0.2857,,28,60,63,66,51,0,HOLD,-0.24,-3,False,live
2026-08-20T07:32:42.354494+09:00,2026-08-20,APA,APA Corporation,US,에너지,2026-08-19,43.45,8548299,5949754.95,1.5971,15222773760,78,60,60,86,70,2,WATCH,0.84,10,False,live
2026-08-20T07:32:42.354494+09:00,2026-08-20,PNFP,"Pinnacle Financial Partners, Inc.",US,금융,2026-08-19,101.67,699454,1184407.7,2.2854,15363621888,47,60,60,68,57,0,HOLD,0.31,4,False,live
2026-08-20T07:32:42.354494+09:00,2026-08-20,MAA,"Mid-America Apartment Communities, Inc.",US,리츠,2026-08-19,131.47,395552,1031307.6,2.5157,15640169472,28,60,66,53,50,0,HOLD,-0.03,0,False,live
2026-08-20T07:32:42.354494+09:00,2026-08-20,IREN,IREN Limited,US,IT,2026-08-19,42.84,43477523,46638221.15,3.6822,15310103552,62,60,73,37,61,1,HOLD,0.23,3,False,live
2026-08-20T07:32:42.354494+09:00,2026-08-20,ULS,UL Solutions Inc.,US,산업재,2026-08-19,76.04,381772,1035133.6,3.3271,15352337408,7,60,48,42,35,0,AVOID,-0.78,-9,True,live
2026-08-20T07:32:42.354494+09:00,2026-08-20,FUTU,Futu Holdings Limited,US,금융,2026-08-19,109.42,1680622,1121641.1,3.7719,15340081152,75,60,60,68,66,1,HOLD,0.42,5,False,live
2026-08-20T07:32:42.354494+09:00,2026-08-20,LECO,"Lincoln Electric Holdings, Inc.",US,산업재,2026-08-19,279.56,426884,462604.2,9.3307,15237628928,91,60,53,50,67,1,HOLD,0.78,9,False,live
2026-08-20T07:32:42.354494+09:00,2026-08-20,SOLV,Solventum Corporation,US,제약/바이오,2026-08-19,87.81,917713,1306140.65,2.8639,14947345408,84,65,58,70,70,2,WATCH,0.93,11,False,live
2026-08-20T07:32:42.354494+09:00,2026-08-20,MKC,"McCormick & Company, Incorporated",US,소매,2026-08-19,56.48,1953521,2869491.05,1.3957,15184735232,70,60,63,70,66,2,WATCH,0.76,9,False,live
2026-08-20T07:32:42.354494+09:00,2026-08-20,TKO,"TKO Group Holdings, Inc.",US,인터넷,2026-08-19,201.69,567072,1100108.6,6.2236,38173810688,59,65,43,43,53,0,HOLD,0.19,2,False,live
2026-08-20T07:32:42.354494+09:00,2026-08-20,GWRE,"Guidewire Software, Inc.",US,IT,2026-08-19,181.18,701923,1068601.15,8.0196,15084388352,78,60,45,43,59,1,HOLD,0.58,7,False,live
2026-08-20T07:32:42.354494+09:00,2026-08-20,SWK,"Stanley Black & Decker, Inc.",US,산업재,2026-08-19,99.8,1021941,2183577.05,2.8557,15071461376,81,60,60,66,68,1,HOLD,0.86,10,False,live
2026-08-20T07:32:42.354494+09:00,2026-08-20,SUI,"Sun Communities, Inc.",US,리츠,2026-08-19,122.06,3236072,1874233.6,2.8586,15422609408,78,60,60,46,64,1,HOLD,0.58,7,False,live
2026-08-20T07:32:42.354494+09:00,2026-08-20,AGI,Alamos Gold Inc.,US,소재,2026-08-19,35.74,6175534,4985761.7,1.4729,14960924672,54,60,55,60,56,0,HOLD,0.09,1,False,live
2026-08-20T07:32:42.354494+09:00,2026-08-20,COO,"The Cooper Companies, Inc.",US,제약/바이오,2026-08-19,76.73,1290506,1867035.3,1.6189,,66,65,63,51,63,0,HOLD,0.67,8,False,live
2026-08-20T07:32:42.354494+09:00,2026-08-20,HTHT,H World Group Limited,US,소비재,2026-08-19,48.59,2379278,1592763.9,1.4993,14942581760,73,60,60,66,65,1,HOLD,0.63,8,False,live
2026-08-20T07:32:42.354494+09:00,2026-08-20,ONTO,Onto Innovation Inc.,US,반도체,2026-08-19,299.5,1154476,1232418.8,26.6511,18306469888,80,65,58,43,65,1,HOLD,0.78,9,False,live
2026-08-20T07:32:42.354494+09:00,2026-08-20,PINS,"Pinterest, Inc.",US,인터넷,2026-08-19,23.39,6296229,11516261.45,0.9889,13246061568,47,65,45,59,52,0,HOLD,0.24,3,False,live
2026-08-20T07:32:42.354494+09:00,2026-08-20,SKM,"SK Telecom Co.,Ltd",US,인터넷,2026-08-19,38.74,1450863,2535188.15,1.5168,14871826432,77,65,55,66,66,1,HOLD,0.62,7,False,live
2026-08-20T07:32:42.354494+09:00,2026-08-20,TIGO,Millicom International Cellular S.A.,US,인터넷,2026-08-19,88.75,1117866,1393393.3,4.7586,14884262912,50,65,60,74,60,1,HOLD,0.47,6,False,live
2026-08-20T07:32:42.354494+09:00,2026-08-20,BWXT,"BWX Technologies, Inc.",US,산업재,2026-08-19,162.26,864536,884376.8,5.7899,14866582528,43,60,45,42,47,0,HOLD,-0.31,-4,False,live
2026-08-20T07:32:42.354494+09:00,2026-08-20,TXT,Textron Inc.,US,산업재,2026-08-19,86.29,1061635,1768546.75,2.0914,14840751104,28,60,63,68,51,0,HOLD,-0.1,-1,False,live
2026-08-20T07:32:42.354494+09:00,2026-08-20,MAS,Masco Corporation,US,소재,2026-08-19,75.25,1305344,2852722.2,2.1679,14838353920,39,60,73,68,58,1,HOLD,0.42,5,False,live
2026-08-20T07:32:42.354494+09:00,2026-08-20,CSL,Carlisle Companies Incorporated,US,소재,2026-08-19,365.63,272455,464562.75,13.0779,14520678400,69,60,60,50,62,0,HOLD,0.59,7,False,live
2026-08-20T07:32:42.354494+09:00,2026-08-20,W,Wayfair Inc.,US,소비재,2026-08-19,107.8,2104486,3997394.3,6.8584,14765157376,95,60,45,45,66,1,HOLD,0.83,10,False,live
2026-08-20T07:32:42.354494+09:00,2026-08-20,LTM,LATAM Airlines Group S.A.,US,산업재,2026-08-19,51.39,489012,723030.6,1.8206,,28,60,53,62,47,0,HOLD,-0.14,-2,False,live
2026-08-20T07:32:42.354494+09:00,2026-08-20,COKE,"Coca-Cola Consolidated, Inc.",US,소매,2026-08-19,186.84,334106,489330.3,7.7529,12436873216,62,60,55,53,58,0,HOLD,0.42,5,False,live
2026-08-20T07:32:42.354494+09:00,2026-08-20,CACI,CACI International Inc,US,IT,2026-08-19,662.68,116050,311017.5,28.3939,14644923392,73,60,55,53,62,1,HOLD,0.66,8,False,live
2026-08-20T07:32:42.354494+09:00,2026-08-20,QXO,"QXO, Inc.",US,산업재,2026-08-19,14.11,14296513,18850655.65,0.8586,14638993408,18,60,63,42,44,0,AVOID,-0.47,-6,True,live
2026-08-20T07:32:42.354494+09:00,2026-08-20,TLN,Talen Energy Corporation,US,유틸리티,2026-08-19,322.35,1613830,869611.5,18.4787,15445161984,31,60,63,70,52,1,HOLD,-0.08,-1,False,live
2026-08-20T07:32:42.354494+09:00,2026-08-20,TLK,Perusahaan Perseroan (Persero) PT Teleko,US,인터넷,2026-08-19,14.74,423247,713037.35,0.3046,14530830336,58,65,55,63,59,0,HOLD,0.27,3,False,live
2026-08-20T07:32:42.354494+09:00,2026-08-20,CRBG,"Corebridge Financial, Inc.",US,금융,2026-08-19,32.57,2854779,4820748.95,1.0773,14518683648,47,60,53,58,53,0,HOLD,0.29,3,False,live
2026-08-20T07:32:42.354494+09:00,2026-08-20,UNMA,Unum Group 6.250% JR NT58,US,금융,2026-08-19,21.49,20715,24260.75,0.2016,,72,60,58,80,67,2,WATCH,0.49,6,False,live
2026-08-20T07:32:42.354494+09:00,2026-08-20,GFL,GFL Environmental Inc.,US,산업재,2026-08-19,41.52,1453840,2089302.0,1.2582,14984167424,62,60,55,42,56,0,HOLD,0.42,5,False,live
2026-08-20T07:32:42.354494+09:00,2026-08-20,LII,Lennox International Inc.,US,산업재,2026-08-19,419.34,294300,607685.0,13.7414,14492674048,26,60,63,42,46,0,HOLD,-0.36,-4,False,live
2026-08-20T07:32:42.354494+09:00,2026-08-20,AIZN,"Assurant, Inc. 5.25% Subordinat",US,금융,2026-08-19,18.61,9593,12174.65,0.2259,,35,60,55,50,48,0,HOLD,-0.14,-2,False,live
2026-08-20T07:32:42.354494+09:00,2026-08-20,DT,"Dynatrace, Inc.",US,IT,2026-08-19,49.6,4908588,6757989.4,2.4268,14395351040,95,60,53,43,68,1,HOLD,0.91,11,False,live
2026-08-20T07:32:42.354494+09:00,2026-08-20,LOGI,Logitech International S.A.,US,IT,2026-08-19,100.47,848763,1142528.15,3.3271,14386131968,46,60,60,58,55,0,HOLD,0.11,1,False,live
2026-08-20T07:32:42.354494+09:00,2026-08-20,EG,"Everest Group, Ltd.",US,금융,2026-08-19,363.93,174151,330837.55,8.6911,13954071552,32,60,63,100,57,1,HOLD,0.18,2,False,live
2026-08-20T07:32:42.354494+09:00,2026-08-20,KKRS,KKR Group Finance Co. IX LLC 4.,US,금융,2026-08-19,16.2,45308,33120.4,0.1373,,65,60,55,50,59,0,HOLD,0.34,4,False,live
2026-08-20T07:32:42.354494+09:00,2026-08-20,KEP,Korea Electric Power Corporation,US,유틸리티,2026-08-19,11.18,1150705,1057140.25,0.3139,14354317312,28,60,58,88,52,1,HOLD,-0.22,-3,False,live
2026-08-20T07:32:42.354494+09:00,2026-08-20,DOC,"Healthpeak Properties, Inc.",US,리츠,2026-08-19,20.76,3333167,5718173.35,0.4665,14717745152,44,60,50,53,50,0,HOLD,0.1,1,False,live
2026-08-20T07:32:42.354494+09:00,2026-08-20,PAG,"Penske Automotive Group, Inc.",US,소비재,2026-08-19,217.86,201173,443358.65,3.2136,14305313792,66,60,61,60,62,0,HOLD,0.64,8,False,live
2026-08-20T07:32:42.354494+09:00,2026-08-20,AEFC,Aegon Funding Company LLC,US,금융,2026-08-19,18.4,47169,40418.45,0.1746,,72,60,55,50,61,1,HOLD,0.38,5,False,live
2026-08-20T07:32:42.354494+09:00,2026-08-20,IVZ,Invesco Ltd.,US,금융,2026-08-19,32.21,2365794,4916334.7,0.8049,14220715008,76,60,60,86,70,2,WATCH,0.86,10,False,live
2026-08-20T07:32:42.354494+09:00,2026-08-20,EMBJ,Embraer S.A.,US,산업재,2026-08-19,77.75,1377974,1356928.7,2.5486,13836253184,77,60,55,61,65,1,HOLD,0.74,9,False,live
2026-08-20T07:32:42.354494+09:00,2026-08-20,RPM,RPM International Inc.,US,소재,2026-08-19,111.66,705692,966389.6,3.0543,14252617728,54,60,60,58,58,0,HOLD,0.46,6,False,live
2026-08-20T07:32:42.354494+09:00,2026-08-20,ARCC,Ares Capital Corporation,US,금융,2026-08-19,19.8,2877061,4405918.05,0.3393,14216851456,69,60,53,71,63,1,HOLD,0.56,7,False,live
2026-08-20T07:32:42.354494+09:00,2026-08-20,UHAL,U-Haul Holding Company,US,산업재,2026-08-19,72.67,121556,164342.8,2.0425,14206563328,51,60,58,35,52,0,HOLD,0.32,4,False,live
2026-08-20T07:32:42.354494+09:00,2026-08-20,TYL,"Tyler Technologies, Inc.",US,IT,2026-08-19,346.88,868537,838736.85,14.3618,14205523968,81,60,60,50,66,1,HOLD,0.76,9,False,live
2026-08-20T07:32:42.354494+09:00,2026-08-20,WMG,Warner Music Group Corp.,US,인터넷,2026-08-19,27.21,2301177,2424798.85,1.1632,14233816064,52,65,58,58,57,0,HOLD,0.04,0,False,live
2026-08-20T07:32:42.354494+09:00,2026-08-20,GRAB,Grab Holdings Limited,US,IT,2026-08-19,3.54,28661895,47339429.75,0.1421,14483208192,35,60,45,66,48,0,HOLD,-0.13,-2,False,live
2026-08-20T07:32:42.354494+09:00,2026-08-20,MAIR,Madison Air Solutions Corporation,US,산업재,2026-08-19,28.06,3641642,2768722.1,1.9796,14078337024,26,60,70,43,49,1,HOLD,-0.28,-3,False,live
2026-08-20T07:32:42.354494+09:00,2026-08-20,OHI,"Omega Healthcare Investors, Inc.",US,리츠,2026-08-19,46.92,787349,1846077.45,1.0893,14981428224,32,60,63,55,50,0,HOLD,-0.04,0,False,live
2026-08-20T07:32:42.354494+09:00,2026-08-20,BNT,Brookfield Wealth Solutions Ltd.,US,금융,2026-08-19,42.19,7255,17277.75,1.0029,11575839744,31,60,55,60,48,0,HOLD,-0.2,-2,False,live
2026-08-20T07:32:42.354494+09:00,2026-08-20,ECHO,EchoStar Corporation,US,인터넷,2026-08-19,88.435,2177784,4753524.2,4.0225,25689546752,35,65,48,62,49,0,HOLD,-0.28,-3,False,live
2026-08-20T07:32:42.354494+09:00,2026-08-20,AVY,Avery Dennison Corporation,US,소비재,2026-08-19,183.16,425441,876922.05,5.1282,13881356288,84,60,55,58,67,1,HOLD,0.83,10,False,live
2026-08-20T07:32:42.354494+09:00,2026-08-20,NXT,Nextpower Inc.,US,에너지,2026-08-19,92.12,2492782,2814084.1,5.8671,14153165824,43,60,51,53,50,0,HOLD,-0.21,-3,False,live
2026-08-20T07:32:42.354494+09:00,2026-08-20,CRL,Charles River Laboratories International,US,제약/바이오,2026-08-19,290.0,904009,959550.45,11.3411,13968641024,80,65,45,58,63,1,HOLD,0.7,8,False,live
2026-08-20T07:32:42.354494+09:00,2026-08-20,AEG,Aegon Ltd.,US,금융,2026-08-19,9.28,4969371,4862493.55,0.1385,13721555968,54,60,50,55,54,0,HOLD,0.33,4,False,live
2026-08-20T07:32:42.354494+09:00,2026-08-20,REG,Regency Centers Corporation,US,리츠,2026-08-19,76.4,1222490,1407714.5,1.3057,14283648000,17,60,63,58,46,0,HOLD,-0.21,-3,False,live
2026-08-20T07:32:42.354494+09:00,2026-08-20,XELLL,Xcel Energy Inc. 6.25% Junior Subordinat,US,유틸리티,2026-08-19,22.84,88799,58514.95,0.1968,,28,60,55,60,47,0,HOLD,-0.2,-2,False,live
2026-08-20T07:32:42.354494+09:00,2026-08-20,IESC,"IES Holdings, Inc.",US,산업재,2026-08-19,697.38,123059,172642.95,57.2014,13894847488,72,60,40,42,56,1,HOLD,0.27,3,False,live
2026-08-20T07:32:42.354494+09:00,2026-08-20,SGI,Somnigroup International Inc,US,소비재,2026-08-19,66.02,2120655,2915317.75,2.4714,13888328704,32,60,63,66,52,0,HOLD,0.09,1,False,live
2026-08-20T07:32:42.354494+09:00,2026-08-20,TOL,"Toll Brothers, Inc.",US,소비재,2026-08-19,148.58,1631463,876633.15,4.8158,,32,60,60,78,53,1,HOLD,0.14,2,False,live
2026-08-20T07:32:42.354494+09:00,2026-08-20,MLI,"Mueller Industries, Inc.",US,산업재,2026-08-19,62.73,754312,1113010.6,1.7079,13874708480,43,60,53,55,51,0,HOLD,-0.08,-1,False,live
2026-08-20T07:32:42.354494+09:00,2026-08-20,UNM,Unum Group,US,금융,2026-08-19,87.64,978143,1526497.15,2.6271,13873412096,54,60,66,50,58,0,HOLD,0.4,5,False,live
2026-08-20T07:32:42.354494+09:00,2026-08-20,TME,Tencent Music Entertainment Group,US,인터넷,2026-08-19,9.02,10354458,9939432.9,0.4,14768210944,43,65,63,78,59,1,HOLD,0.22,3,False,live
2026-08-20T07:32:42.354494+09:00,2026-08-20,ALLE,Allegion plc,US,산업재,2026-08-19,162.76,785551,1362817.55,4.2104,13840586752,66,60,45,58,57,0,HOLD,0.47,6,False,live
2026-08-20T07:32:42.354494+09:00,2026-08-20,TRMB,Trimble Inc.,US,IT,2026-08-19,59.25,2523538,2880596.9,2.4107,13815905280,55,60,63,60,59,0,HOLD,0.41,5,False,live
2026-08-20T07:32:42.354494+09:00,2026-08-20,AIZ,"Assurant, Inc.",US,금융,2026-08-19,278.31,199625,394951.25,7.5707,13727297536,47,60,63,68,58,0,HOLD,0.35,4,False,live
2026-08-20T07:32:42.354494+09:00,2026-08-20,HL,Hecla Mining Company,US,소재,2026-08-19,20.54,65429689,39957014.45,1.0725,13798124544,74,60,45,53,59,1,HOLD,0.56,7,False,live
2026-08-20T07:32:42.354494+09:00,2026-08-20,BAX,Baxter International Inc.,US,제약/바이오,2026-08-19,26.64,4001464,7973773.2,1.0079,13772773376,66,65,66,63,65,0,HOLD,0.74,9,False,live
2026-08-20T07:32:42.354494+09:00,2026-08-20,EXEL,"Exelixis, Inc.",US,제약/바이오,2026-08-19,54.39,2239457,2688462.85,1.9914,13476846592,47,65,48,76,55,1,HOLD,0.25,3,False,live
2026-08-20T07:32:42.354494+09:00,2026-08-20,CSGP,"CoStar Group, Inc.",US,리츠,2026-08-19,33.73,5807609,7354460.45,1.4114,13667314688,69,60,63,51,63,0,HOLD,0.5,6,False,live
2026-08-20T07:32:42.354494+09:00,2026-08-20,DOCN,"DigitalOcean Holdings, Inc.",US,IT,2026-08-19,116.66,2386372,3163178.6,11.5612,13716831232,40,60,53,26,46,0,HOLD,-0.32,-4,False,live
2026-08-20T07:32:42.354494+09:00,2026-08-20,EQH,"Equitable Holdings, Inc.",US,금융,2026-08-19,49.96,1286213,2876770.65,1.6611,13627378688,54,60,56,62,57,0,HOLD,0.43,5,False,live
2026-08-20T07:32:42.354494+09:00,2026-08-20,AA,Alcoa Corporation,US,소재,2026-08-19,51.54,6451791,5045644.55,2.1372,13601892352,62,60,63,73,64,1,HOLD,0.26,3,False,live
2026-08-20T07:32:42.354494+09:00,2026-08-20,BWA,BorgWarner Inc.,US,소비재,2026-08-19,66.23,2462166,2285743.3,2.4629,13488823296,76,60,63,74,69,2,WATCH,0.72,9,False,live
2026-08-20T07:32:42.354494+09:00,2026-08-20,LULU,Lululemon Athletica Inc.,US,소비재,2026-08-19,119.45,1878813,2556815.65,4.0021,13564015616,43,60,60,86,58,1,HOLD,0.14,2,False,live
2026-08-20T07:32:42.354494+09:00,2026-08-20,DTM,"DT Midstream, Inc.",US,에너지,2026-08-19,132.52,770787,911394.35,3.4625,13519067136,50,60,65,50,56,0,HOLD,0.09,1,False,live
2026-08-20T07:32:42.354494+09:00,2026-08-20,CHKP,Check Point Software Technologies Ltd.,US,IT,2026-08-19,132.35,856972,1211603.6,5.1325,13513019392,69,60,50,68,61,0,HOLD,0.49,6,False,live
2026-08-20T07:32:42.354494+09:00,2026-08-20,CNA,CNA Financial Corporation,US,금융,2026-08-19,49.84,232113,434320.65,1.0705,13486750720,47,60,60,86,59,1,HOLD,0.44,5,False,live
2026-08-20T07:32:42.354494+09:00,2026-08-20,HRL,Hormel Foods Corporation,US,소매,2026-08-19,24.41,2612084,3280159.2,0.4914,,40,60,50,58,50,0,HOLD,0.16,2,False,live
2026-08-20T07:32:42.354494+09:00,2026-08-20,SREA,Sempra,US,유틸리티,2026-08-19,20.55,71547,50072.35,0.1802,,17,60,58,50,43,0,AVOID,-0.33,-4,True,live
2026-08-20T07:32:42.354494+09:00,2026-08-20,BMRN,BioMarin Pharmaceutical Inc.,US,제약/바이오,2026-08-19,69.33,1923191,2336739.55,2.2579,13420469248,85,65,66,51,70,1,HOLD,0.97,12,False,live
2026-08-20T07:32:42.354494+09:00,2026-08-20,GGG,Graco Inc.,US,산업재,2026-08-19,82.69,1082961,1411303.05,1.5471,13391962112,62,60,63,50,60,0,HOLD,0.5,6,False,live
2026-08-20T07:32:42.354494+09:00,2026-08-20,FIVE,"Five Below, Inc.",US,소비재,2026-08-19,242.08,825673,875408.65,8.37,13385899008,91,60,63,66,73,1,HOLD,0.97,12,False,live
2026-08-20T07:32:42.354494+09:00,2026-08-20,TXRH,"Texas Roadhouse, Inc.",US,소비재,2026-08-19,202.93,543591,877554.55,5.175,13320513536,44,60,58,42,51,0,HOLD,0.24,3,False,live
2026-08-20T07:32:42.354494+09:00,2026-08-20,RVTY,"Revvity, Inc.",US,제약/바이오,2026-08-19,119.45,1441064,1495098.2,3.7329,13328995328,92,65,58,58,71,1,HOLD,1.0,12,False,live
2026-08-20T07:32:42.354494+09:00,2026-08-20,GL,Globe Life Inc.,US,금융,2026-08-19,171.46,595030,654141.5,4.0409,13312970752,47,60,53,78,56,1,HOLD,0.3,4,False,live
2026-08-20T07:32:42.354494+09:00,2026-08-20,BIPI,BIP Bermuda Holdings I Limited,US,산업재,2026-08-19,16.715,23125,18766.25,0.1731,,58,60,55,50,56,0,HOLD,0.29,3,False,live
2026-08-20T07:32:42.354494+09:00,2026-08-20,ICLR,ICON Public Limited Company,US,제약/바이오,2026-08-19,172.49,683592,844379.6,7.4536,13308329984,66,65,50,51,59,0,HOLD,0.53,6,False,live
2026-08-20T07:32:42.354494+09:00,2026-08-20,RNR,RenaissanceRe Holdings Ltd.,US,금융,2026-08-19,317.24,191116,296130.8,7.2771,13181922304,44,60,53,73,54,1,HOLD,0.2,2,False,live
2026-08-20T07:32:42.354494+09:00,2026-08-20,HMY,Harmony Gold Mining Company Limited,US,소재,2026-08-19,21.09,3847114,2809760.7,0.9132,,70,60,50,76,63,2,WATCH,0.64,8,False,live
2026-08-20T07:32:42.354494+09:00,2026-08-20,WSO,"Watsco, Inc.",US,산업재,2026-08-19,319.64,330535,541071.75,10.5064,13185851392,48,60,63,50,55,0,HOLD,-0.02,0,False,live
2026-08-20T07:32:42.354494+09:00,2026-08-20,HAS,"Hasbro, Inc.",US,소비재,2026-08-19,93.33,1087875,1952078.75,2.4043,13163679744,51,60,45,60,52,0,HOLD,0.05,1,False,live
2026-08-20T07:32:42.354494+09:00,2026-08-20,SJM,The J. M. Smucker Company,US,소매,2026-08-19,122.84,904642,1152247.1,3.2978,13129223168,66,60,40,78,59,1,HOLD,0.49,6,False,live
2026-08-20T07:32:42.354494+09:00,2026-08-20,ALLY,Ally Financial Inc.,US,금융,2026-08-19,43.11,2733412,2938595.6,0.8635,13114048512,28,60,63,96,55,1,HOLD,0.1,1,False,live
2026-08-20T07:32:42.354494+09:00,2026-08-20,FIG,"Figma, Inc.",US,IT,2026-08-19,26.79,13540524,22414091.2,2.1311,14279334912,84,60,50,30,61,1,HOLD,0.68,8,False,live
2026-08-20T07:32:42.354494+09:00,2026-08-20,CLX,The Clorox Company,US,소매,2026-08-19,107.9,1900598,2685884.9,3.0363,13048456192,69,60,60,50,62,0,HOLD,0.64,8,False,live
2026-08-20T07:32:42.354494+09:00,2026-08-20,FNF,"Fidelity National Financial, Inc.",US,금융,2026-08-19,48.42,899907,1627870.35,1.3521,12985895936,32,60,63,84,55,1,HOLD,0.1,1,False,live
2026-08-20T07:32:42.354494+09:00,2026-08-20,IT,"Gartner, Inc.",US,IT,2026-08-19,192.82,1278983,1622949.15,12.2079,12176386048,88,60,50,84,70,2,WATCH,0.92,11,False,live
2026-08-20T07:32:42.354494+09:00,2026-08-20,SEIC,SEI Investments Company,US,금융,2026-08-19,107.36,645702,645435.1,1.7239,12885259264,54,60,45,50,52,0,HOLD,0.27,3,False,live
2026-08-20T07:32:42.354494+09:00,2026-08-20,PEN,"Penumbra, Inc.",US,제약/바이오,2026-08-19,326.84,263442,312387.1,2.2301,12874039296,77,65,50,30,59,1,HOLD,0.43,5,False,live
2026-08-20T07:32:42.354494+09:00,2026-08-20,CORT,Corcept Therapeutics Incorporated,US,제약/바이오,2026-08-19,119.02,846632,1174936.6,5.7393,12865870848,85,65,63,43,68,1,HOLD,0.91,11,False,live
2026-08-20T07:32:42.354494+09:00,2026-08-20,LI,Li Auto Inc.,US,소비재,2026-08-19,12.71,3527493,2976324.65,0.3341,12459561984,30,60,55,70,50,1,HOLD,-0.29,-3,False,live
2026-08-20T07:32:42.354494+09:00,2026-08-20,HALO,"Halozyme Therapeutics, Inc.",US,제약/바이오,2026-08-19,107.62,2539014,2444130.7,3.865,12214654976,88,65,53,50,67,1,HOLD,0.87,10,False,live
2026-08-20T07:32:42.354494+09:00,2026-08-20,CNH,CNH Industrial N.V.,US,산업재,2026-08-19,10.29,15168400,15615385.0,0.4857,16547953664,43,60,55,58,52,0,HOLD,0.05,1,False,live
2026-08-20T07:32:42.354494+09:00,2026-08-20,ELS,"Equity LifeStyle Properties, Inc.",US,리츠,2026-08-19,65.73,776006,1506975.3,1.2275,13179582464,59,60,55,45,56,0,HOLD,0.34,4,False,live
2026-08-20T07:32:42.354494+09:00,2026-08-20,AGNC,AGNC Investment Corp.,US,리츠,2026-08-19,11.08,17259329,18794716.45,0.1721,13135134720,88,60,60,65,71,1,HOLD,0.92,11,False,live
2026-08-20T07:32:42.354494+09:00,2026-08-20,CCK,"Crown Holdings, Inc.",US,소비재,2026-08-19,116.92,621099,968864.95,2.843,12716278784,51,60,50,84,57,1,HOLD,0.4,5,False,live
2026-08-20T07:32:42.354494+09:00,2026-08-20,AMKR,"Amkor Technology, Inc.",US,반도체,2026-08-19,50.89,7089892,6298574.6,3.8557,12643746816,40,65,40,58,48,0,HOLD,-0.31,-4,False,live
2026-08-20T07:32:42.354494+09:00,2026-08-20,CHYM,"Chime Financial, Inc. Class A Common Sto",US,IT,2026-08-19,33.07,16356017,9590815.85,1.8764,12519810048,88,60,40,62,64,1,HOLD,0.74,9,False,live
2026-08-20T07:32:42.354494+09:00,2026-08-20,ARWR,"Arrowhead Pharmaceuticals, Inc.",US,제약/바이오,2026-08-19,89.41,1236667,1684473.35,3.2582,12629562368,70,65,50,42,59,1,HOLD,0.56,7,False,live
2026-08-20T07:32:42.354494+09:00,2026-08-20,WBS,Webster Financial Corporation,US,금융,2026-08-19,77.57,91306424,10566056.2,0.7248,12568934400,77,60,55,60,64,1,HOLD,0.66,8,False,live
2026-08-20T07:32:42.354494+09:00,2026-08-20,DKNG,DraftKings Inc.,US,소비재,2026-08-19,25.31,6843461,13192693.05,1.2623,12565252096,72,60,60,60,64,1,HOLD,0.53,6,False,live
2026-08-20T07:32:42.354494+09:00,2026-08-20,SF,Stifel Financial Corp,US,금융,2026-08-19,82.72,649208,1017540.4,1.6425,12490863616,47,60,52,68,54,0,HOLD,0.27,3,False,live
2026-08-20T07:32:42.354494+09:00,2026-08-20,WSE,Wise Group plc Class A Ordinary Shares,US,IT,2026-08-19,12.51,1492446,1174202.3,0.3486,12306455552,80,60,75,45,69,2,WATCH,0.71,9,False,live
2026-08-20T07:32:42.354494+09:00,2026-08-20,WTS,"Watts Water Technologies, Inc.",US,산업재,2026-08-19,374.72,102150,195632.5,9.9136,12509296640,80,60,73,45,69,2,WATCH,0.91,11,False,live
2026-08-20T07:32:42.354494+09:00,2026-08-20,MDGL,"Madrigal Pharmaceuticals, Inc.",US,제약/바이오,2026-08-19,540.16,218332,357126.6,26.4018,12479924224,80,65,40,26,57,1,HOLD,0.38,5,False,live
2026-08-20T07:32:42.354494+09:00,2026-08-20,DECK,Deckers Outdoor Corporation,US,소비재,2026-08-19,91.57,1616335,2505436.75,2.7893,12470172672,28,60,63,68,51,0,HOLD,-0.13,-2,False,live
2026-08-20T07:32:42.354494+09:00,2026-08-20,GNRC,Generac Holdings Inc.,US,산업재,2026-08-19,210.81,803147,1215347.35,10.0591,12439130112,80,60,40,58,61,1,HOLD,0.23,3,False,live
2026-08-20T07:32:42.354494+09:00,2026-08-20,HUBS,"HubSpot, Inc.",US,IT,2026-08-19,241.65,2175930,2313406.5,20.9491,12370234368,55,60,50,59,55,0,HOLD,0.37,4,False,live
2026-08-20T07:32:42.354494+09:00,2026-08-20,ERIE,Erie Indemnity Company,US,금융,2026-08-19,267.38,183347,246117.35,10.8464,13981264896,85,60,72,58,72,2,WATCH,1.02,12,False,live
2026-08-20T07:32:42.354494+09:00,2026-08-20,AMH,American Homes 4 Rent,US,리츠,2026-08-19,34.33,1384825,2178691.25,0.6479,,69,60,75,50,66,1,HOLD,0.78,9,False,live
2026-08-20T07:32:42.354494+09:00,2026-08-20,SNN,Smith & Nephew plc,US,제약/바이오,2026-08-19,29.31,1771793,1584859.65,0.6861,12266421248,35,65,60,58,52,0,HOLD,0.02,0,False,live
2026-08-20T07:32:42.354494+09:00,2026-08-20,HII,"Huntington Ingalls Industries, Inc.",US,산업재,2026-08-19,311.76,381764,539993.2,11.1721,12284778496,58,60,50,42,54,0,HOLD,0.1,1,False,live
2026-08-20T07:32:42.354494+09:00,2026-08-20,NVMI,Nova Ltd.,US,반도체,2026-08-19,385.33,468575,579278.75,21.3114,12255866880,47,65,40,42,48,0,HOLD,-0.27,-3,False,live
2026-08-20T07:32:42.354494+09:00,2026-08-20,ELAN,Elanco Animal Health Incorporated,US,제약/바이오,2026-08-19,24.5,3032005,8559970.25,1.2414,12236514304,56,65,72,53,62,1,HOLD,0.63,8,False,live
2026-08-20T07:32:42.354494+09:00,2026-08-20,HBM,Hudbay Minerals Inc.,US,소재,2026-08-19,27.47,3623709,5024285.45,1.2271,12200656896,81,60,60,60,67,1,HOLD,0.81,10,False,live
2026-08-20T07:32:42.354494+09:00,2026-08-20,OC,Owens Corning,US,소재,2026-08-19,151.23,579393,845429.65,5.4121,11954531328,73,60,60,68,66,1,HOLD,0.76,9,False,live
2026-08-20T07:32:42.354494+09:00,2026-08-20,GLPI,"Gaming and Leisure Properties, Inc.",US,리츠,2026-08-19,42.9,3019084,2372539.2,0.91,12848602112,17,60,60,60,45,0,HOLD,-0.33,-4,False,live
2026-08-20T07:32:42.354494+09:00,2026-08-20,AUR,"Aurora Innovation, Inc.",US,IT,2026-08-19,6.195,36206556,28828972.8,0.4193,12415741952,43,60,40,50,47,0,HOLD,-0.31,-4,False,live
2026-08-20T07:32:42.354494+09:00,2026-08-20,DY,"Dycom Industries, Inc.",US,산업재,2026-08-19,402.76,335082,384619.1,18.81,,57,60,55,53,56,0,HOLD,0.13,2,False,live
2026-08-20T07:32:42.354494+09:00,2026-08-20,TTMI,"TTM Technologies, Inc.",US,IT,2026-08-19,116.38,3551559,3338502.95,11.8814,12260500480,40,60,51,50,49,0,HOLD,-0.26,-3,False,live
2026-08-20T07:32:42.354494+09:00,2026-08-20,EHC,Encompass Health Corporation,US,제약/바이오,2026-08-19,121.74,825631,946976.55,3.6799,12010062848,69,65,40,58,58,0,HOLD,0.49,6,False,live
2026-08-20T07:32:42.354494+09:00,2026-08-20,CR,Crane Company,US,산업재,2026-08-19,208.96,478479,473913.95,6.1665,12077963264,54,60,63,58,58,0,HOLD,0.49,6,False,live
2026-08-20T07:32:42.354494+09:00,2026-08-20,UDR,"UDR, Inc.",US,리츠,2026-08-19,37.51,3108543,3479807.15,0.6484,13779831808,28,60,60,53,48,0,HOLD,-0.11,-1,False,live
2026-08-20T07:32:42.354494+09:00,2026-08-20,PNW,Pinnacle West Capital Corporation,US,유틸리티,2026-08-19,99.43,695319,1207710.95,1.87,12050640896,25,60,63,37,45,0,HOLD,-0.18,-2,False,live
2026-08-20T07:32:42.354494+09:00,2026-08-20,MANH,"Manhattan Associates, Inc.",US,IT,2026-08-19,205.99,808577,1025603.85,8.0536,12010241024,96,60,50,42,67,1,HOLD,0.89,11,False,live
2026-08-20T07:32:42.354494+09:00,2026-08-20,GMED,"Globus Medical, Inc.",US,제약/바이오,2026-08-19,88.34,862914,1477025.7,2.6564,11860697088,71,65,60,58,65,1,HOLD,0.73,9,False,live
2026-08-20T07:32:42.354494+09:00,2026-08-20,CART,Maplebear Inc.,US,IT,2026-08-19,50.67,5630812,4472570.6,2.0935,11730107392,95,60,50,66,70,1,HOLD,0.96,12,False,live
2026-08-20T07:32:42.354494+09:00,2026-08-20,AFG,"American Financial Group, Inc.",US,금융,2026-08-19,143.29,254424,366391.2,2.9679,11881816064,47,60,63,60,56,0,HOLD,0.3,4,False,live
2026-08-20T07:32:42.354494+09:00,2026-08-20,MICC,The Magnum Ice Cream Company N.V.,US,소매,2026-08-19,19.41,987589,854944.45,0.4352,11885280256,57,60,63,50,58,0,HOLD,0.5,6,False,live
2026-08-20T07:32:42.354494+09:00,2026-08-20,DOCU,"DocuSign, Inc.",US,IT,2026-08-19,62.11,2225881,3041454.05,2.7822,11859569664,88,60,50,66,68,1,HOLD,0.86,10,False,live
2026-08-20T07:32:42.354494+09:00,2026-08-20,RTO,Rentokil Initial plc,US,산업재,2026-08-19,23.54,1403361,1674708.05,0.9033,11846457344,15,60,55,74,45,1,HOLD,-0.48,-6,False,live
2026-08-20T07:32:42.354494+09:00,2026-08-20,FHN,First Horizon Corporation,US,금융,2026-08-19,24.87,3565943,4972857.15,0.4911,11782838272,46,60,55,70,55,1,HOLD,0.18,2,False,live
2026-08-20T07:32:42.354494+09:00,2026-08-20,AEIS,"Advanced Energy Industries, Inc.",US,IT,2026-08-19,294.31,495272,688523.6,22.3743,11787244544,57,60,55,42,55,0,HOLD,0.07,1,False,live
2026-08-20T07:32:42.354494+09:00,2026-08-20,BJ,"BJ's Wholesale Club Holdings, Inc.",US,소매,2026-08-19,91.79,1852481,1439579.05,2.2076,11721030656,35,60,50,50,47,0,HOLD,-0.19,-2,False,live
2026-08-20T07:32:42.354494+09:00,2026-08-20,SMTC,Semtech Corporation,US,반도체,2026-08-19,125.36,3168176,2301168.8,11.8614,11677430784,50,65,53,42,53,0,HOLD,-0.05,-1,False,live
2026-08-20T07:32:42.354494+09:00,2026-08-20,ALGN,"Align Technology, Inc.",US,제약/바이오,2026-08-19,163.04,887479,921438.95,6.8614,11582338048,28,65,63,74,53,1,HOLD,0.07,1,False,live
2026-08-20T07:32:42.354494+09:00,2026-08-20,BTSG,"BrightSpring Health Services, Inc. Commo",US,제약/바이오,2026-08-19,59.33,2791796,3006544.8,3.5049,11739285504,17,65,40,58,40,0,AVOID,-0.42,-5,True,live
2026-08-20T07:32:42.354494+09:00,2026-08-20,WTRG,"Essential Utilities, Inc.",US,유틸리티,2026-08-19,41.05,1482490,1946689.5,0.8985,11643133952,88,60,60,37,66,1,HOLD,0.84,10,False,live
2026-08-20T07:32:42.354494+09:00,2026-08-20,JKHY,"Jack Henry & Associates, Inc.",US,IT,2026-08-19,163.06,1915092,951314.6,5.5073,11585541120,52,60,50,50,53,0,HOLD,0.3,4,False,live
2026-08-20T07:32:42.354494+09:00,2026-08-20,EVR,Evercore Inc.,US,금융,2026-08-19,298.38,358008,564835.4,10.8814,11475031040,28,60,63,68,51,0,HOLD,-0.18,-2,False,live
2026-08-20T07:32:42.354494+09:00,2026-08-20,PSKY,Paramount Skydance Corporation Class B C,US,인터넷,2026-08-19,10.6,10689699,12626679.95,0.4179,11892625408,66,65,63,59,64,0,HOLD,0.57,7,False,live
2026-08-20T07:32:42.354494+09:00,2026-08-20,BMNR,"Bitmine Immersion Technologies, Inc.",US,금융,2026-08-19,20.24,70708418,32583940.9,1.0386,12209301504,77,60,63,42,64,1,HOLD,0.61,7,False,live
2026-08-20T07:32:42.354494+09:00,2026-08-20,AHR,"American Healthcare REIT, Inc.",US,리츠,2026-08-19,55.2,1393664,2910883.2,1.5434,12033531904,47,60,58,43,52,0,HOLD,0.25,3,False,live
2026-08-20T07:32:42.354494+09:00,2026-08-20,IAG,Iamgold Corporation,US,소재,2026-08-19,19.72,9075673,6165108.65,0.9689,11260120064,70,60,55,73,64,2,WATCH,0.68,8,False,live
2026-08-20T07:32:42.354494+09:00,2026-08-20,AR,Antero Resources Corporation,US,에너지,2026-08-19,37.07,3434623,4369871.15,1.1407,11396763648,80,60,55,78,68,2,WATCH,0.58,7,False,live
2026-08-20T07:32:42.354494+09:00,2026-08-20,XPEV,XPeng Inc.,US,소비재,2026-08-19,11.99,4367757,6353712.85,0.3807,11469556736,37,60,60,50,50,0,HOLD,-0.21,-3,False,live
2026-08-20T07:32:42.354494+09:00,2026-08-20,TFII,TFI International Inc.,US,산업재,2026-08-19,138.51,170846,326622.3,4.5502,11384556544,50,60,63,66,58,0,HOLD,0.24,3,False,live
2026-08-20T07:32:42.354494+09:00,2026-08-20,DVA,DaVita Inc.,US,제약/바이오,2026-08-19,177.27,274435,1012346.75,9.2032,11309826048,17,65,43,84,44,1,AVOID,-0.46,-6,True,live
2026-08-20T07:32:42.354494+09:00,2026-08-20,SCI,Service Corporation International,US,소비재,2026-08-19,83.21,481694,1127179.7,1.9579,11340822528,44,60,48,50,49,0,HOLD,0.07,1,False,live
2026-08-20T07:32:42.354494+09:00,2026-08-20,DRS,"Leonardo DRS, Inc.",US,산업재,2026-08-19,42.56,655614,805000.7,1.6944,11358903296,35,60,53,50,48,0,HOLD,-0.07,-1,False,live
2026-08-20T07:32:42.354494+09:00,2026-08-20,KTOS,"Kratos Defense & Security Solutions, Inc",US,산업재,2026-08-19,60.56,2838933,3975346.65,3.8729,11368403968,69,60,40,30,53,0,HOLD,0.27,3,False,live
2026-08-20T07:32:42.354494+09:00,2026-08-20,NIO,NIO Inc.,US,소비재,2026-08-19,4.58,18886623,24743221.15,0.1271,,37,60,50,42,46,0,HOLD,-0.34,-4,False,live
2026-08-20T07:32:42.354494+09:00,2026-08-20,KNX,Knight-Swift Transportation Holdings Inc,US,산업재,2026-08-19,69.74,2997306,3900305.3,2.1436,11350602752,50,60,63,51,56,0,HOLD,0.19,2,False,live
2026-08-20T07:32:42.354494+09:00,2026-08-20,TECH,Bio-Techne Corporation,US,제약/바이오,2026-08-19,72.48,2452468,3459598.4,0.2825,11293157376,70,65,71,51,66,2,WATCH,0.81,10,False,live
2026-08-20T07:32:42.354494+09:00,2026-08-20,RRX,Regal Rexnord Corporation,US,산업재,2026-08-19,169.49,1667580,1407964.0,9.7421,11282877440,17,60,63,58,46,0,HOLD,-0.4,-5,False,live
2026-08-20T07:32:42.354494+09:00,2026-08-20,ENLT,Enlight Renewable Energy Ltd,US,유틸리티,2026-08-19,80.58,164901,201075.05,3.7711,11265695744,31,60,40,35,40,0,AVOID,-0.39,-5,True,live
2026-08-20T07:32:42.354494+09:00,2026-08-20,AXSM,"Axsome Therapeutics, Inc.",US,제약/바이오,2026-08-19,218.2,426279,688783.95,9.0039,11429493760,50,65,50,26,49,0,HOLD,-0.03,0,False,live
2026-08-20T07:32:42.354494+09:00,2026-08-20,APC,ARKO Petroleum Corp. Class A Common Stoc,US,에너지,2026-08-19,18.71,230080,161264.0,0.7629,1544888832,43,60,55,58,52,0,HOLD,-0.08,-1,False,live
2026-08-20T07:32:42.354494+09:00,2026-08-20,WMS,"Advanced Drainage Systems, Inc.",US,소재,2026-08-19,146.41,480530,715971.5,5.596,11040096256,76,60,55,58,64,1,HOLD,0.61,7,False,live
2026-08-20T07:32:42.354494+09:00,2026-08-20,GKOS,Glaukos Corporation,US,제약/바이오,2026-08-19,189.55,403936,906151.8,7.2211,11180405760,80,65,45,27,59,1,HOLD,0.59,7,False,live
2026-08-20T07:32:42.354494+09:00,2026-08-20,DPZ,"Domino's Pizza, Inc.",US,소비재,2026-08-19,336.52,673728,774081.4,10.4339,11132665856,44,60,53,50,51,0,HOLD,0.11,1,False,live
2026-08-20T07:32:42.354494+09:00,2026-08-20,UMBF,UMB Financial Corporation,US,금융,2026-08-19,146.1,507418,602885.9,3.1264,11096300544,47,60,50,60,52,0,HOLD,0.26,3,False,live
2026-08-20T07:32:42.354494+09:00,2026-08-20,FROG,JFrog Ltd.,US,IT,2026-08-19,91.21,1909858,2292407.9,5.5574,11246312448,70,60,60,27,59,1,HOLD,0.57,7,False,live
2026-08-20T07:32:42.354494+09:00,2026-08-20,CPT,Camden Property Trust,US,리츠,2026-08-19,108.4,541141,855422.05,2.2636,10898465792,21,60,63,45,45,0,HOLD,-0.13,-2,False,live
2026-08-20T07:32:42.354494+09:00,2026-08-20,BPOP,"Popular, Inc.",US,금융,2026-08-19,170.57,547657,433937.85,3.5164,10878699520,50,60,53,70,56,1,HOLD,0.37,4,False,live
2026-08-20T07:32:42.354494+09:00,2026-08-20,JEF,Jefferies Financial Group Inc.,US,금융,2026-08-19,53.55,2317506,1951445.3,1.5896,10891641856,31,60,50,68,48,0,HOLD,-0.08,-1,False,live
2026-08-20T07:32:42.354494+09:00,2026-08-20,EGO,Eldorado Gold Corporation,US,소재,2026-08-19,41.76,3463406,2674230.3,2.2429,10891439104,75,60,55,55,63,1,HOLD,0.69,8,False,live
2026-08-20T07:32:42.354494+09:00,2026-08-20,SAIL,"SailPoint, Inc.",US,IT,2026-08-19,19.19,1662257,3070132.85,0.9115,10884241408,78,60,60,42,64,1,HOLD,0.74,9,False,live
2026-08-20T07:32:42.354494+09:00,2026-08-20,EGP,"EastGroup Properties, Inc.",US,리츠,2026-08-19,202.3,261309,513735.45,4.0679,10878342144,48,60,63,45,54,0,HOLD,0.18,2,False,live
2026-08-20T07:32:42.354494+09:00,2026-08-20,MGM,MGM Resorts International,US,소비재,2026-08-19,43.22,1710840,2394352.0,0.9175,11057890304,27,60,63,74,51,1,HOLD,0.17,2,False,live
2026-08-20T07:32:42.354494+09:00,2026-08-20,PRAX,"Praxis Precision Medicines, Inc.",US,제약/바이오,2026-08-19,386.19,421793,426594.65,20.9997,10782419968,76,65,48,50,61,1,HOLD,0.62,7,False,live
2026-08-20T07:32:42.354494+09:00,2026-08-20,DCI,"Donaldson Company, Inc.",US,산업재,2026-08-19,92.8,712529,655541.45,2.264,,47,60,63,50,55,0,HOLD,0.35,4,False,live
2026-08-20T07:32:42.354494+09:00,2026-08-20,TEM,"Tempus AI, Inc.",US,제약/바이오,2026-08-19,61.25,21786052,5561962.6,3.9101,11051628544,62,65,53,42,57,0,HOLD,0.48,6,False,live
2026-08-20T07:32:42.354494+09:00,2026-08-20,BXP,"BXP, Inc.",US,리츠,2026-08-19,67.22,773120,1440586.0,1.83,12158580736,36,60,63,53,51,0,HOLD,0.22,3,False,live
2026-08-20T07:32:42.354494+09:00,2026-08-20,PAC,"Grupo Aeroportuario del Pacífico, S.A.B.",US,산업재,2026-08-19,206.35,107963,131713.15,5.3521,12278201344,28,60,60,50,47,0,HOLD,-0.31,-4,False,live
2026-08-20T07:32:42.354494+09:00,2026-08-20,NYT,The New York Times Company,US,인터넷,2026-08-19,65.96,1463613,2335720.65,2.6868,10638265344,17,65,63,53,46,0,HOLD,-0.36,-4,False,live
2026-08-20T07:32:42.354494+09:00,2026-08-20,AM,Antero Midstream Corporation,US,에너지,2026-08-19,22.42,2160661,2517133.05,0.5314,10642190336,72,60,60,58,64,1,HOLD,0.55,7,False,live
2026-08-20T07:32:42.354494+09:00,2026-08-20,DAR,Darling Ingredients Inc.,US,소매,2026-08-19,66.94,1690507,2202425.35,2.2007,10563326976,91,60,50,63,68,1,HOLD,0.87,10,False,live
2026-08-20T07:32:42.354494+09:00,2026-08-20,ENSG,"The Ensign Group, Inc.",US,제약/바이오,2026-08-19,182.49,189591,383339.55,3.6364,10635961344,46,65,45,58,51,0,HOLD,0.06,1,False,live
2026-08-20T07:32:42.354494+09:00,2026-08-20,GSAT,"Globalstar, Inc.",US,인터넷,2026-08-19,82.46,1063299,1022649.95,1.0664,10683797504,65,65,53,27,56,0,HOLD,0.27,3,False,live
2026-08-20T07:32:42.354494+09:00,2026-08-20,FDS,FactSet Research Systems Inc.,US,금융,2026-08-19,298.1,447337,844186.85,10.5686,10602088448,82,60,55,66,67,1,HOLD,0.83,10,False,live
2026-08-20T07:32:42.354494+09:00,2026-08-20,TX,Ternium S.A.,US,소재,2026-08-19,54.0,932303,710925.15,1.7257,,93,60,60,76,74,2,WATCH,1.07,13,False,live
2026-08-20T07:32:42.354494+09:00,2026-08-20,VSAT,"Viasat, Inc.",US,IT,2026-08-19,76.67,1944894,2089584.7,5.92,10561737728,54,60,45,43,51,0,HOLD,0.15,2,False,live
2026-08-20T07:32:42.354494+09:00,2026-08-20,LFUS,"Littelfuse, Inc.",US,IT,2026-08-19,414.87,316390,346389.5,19.645,10537178112,40,60,45,50,47,0,HOLD,-0.2,-2,False,live
2026-08-20T07:32:42.354494+09:00,2026-08-20,SUN,Sunoco LP,US,에너지,2026-08-19,76.89,482440,481447.0,2.1689,14487141376,84,60,58,63,68,1,HOLD,0.8,10,False,live
2026-08-20T07:32:42.354494+09:00,2026-08-20,ARW,"Arrow Electronics, Inc.",US,IT,2026-08-19,205.56,385914,619095.7,9.7243,10464118784,28,60,50,84,49,1,HOLD,-0.14,-2,False,live
2026-08-20T07:32:42.354494+09:00,2026-08-20,MOH,"Molina Healthcare, Inc.",US,제약/바이오,2026-08-19,201.17,371403,928820.15,7.0396,10501073920,69,65,63,51,64,0,HOLD,0.63,8,False,live
2026-08-20T07:32:42.354494+09:00,2026-08-20,BSY,"Bentley Systems, Incorporated",US,IT,2026-08-19,35.92,2482316,2872650.8,1.607,10851176448,55,60,60,50,57,0,HOLD,0.41,5,False,live
2026-08-20T07:32:42.354494+09:00,2026-08-20,MUSA,Murphy USA Inc.,US,소비재,2026-08-19,568.24,180579,295223.95,22.7314,10444448768,40,60,58,52,51,0,HOLD,0.05,1,False,live
2026-08-20T07:32:42.354494+09:00,2026-08-20,PODD,Insulet Corp.,US,제약/바이오,2026-08-19,151.51,1310782,1761754.1,8.7336,10507854848,25,65,55,58,47,0,HOLD,-0.13,-2,False,live
2026-08-20T07:32:42.354494+09:00,2026-08-20,AES,The AES Corporation,US,유틸리티,2026-08-19,14.7,6499823,6429126.15,0.0511,10487547904,58,60,58,70,60,1,HOLD,0.35,4,False,live
2026-08-20T07:32:42.354494+09:00,2026-08-20,KYMR,"Kymera Therapeutics, Inc.",US,제약/바이오,2026-08-19,127.31,825398,668009.9,4.6832,10472212480,77,65,43,50,60,1,HOLD,0.61,7,False,live
2026-08-20T07:32:42.354494+09:00,2026-08-20,PNR,Pentair plc,US,산업재,2026-08-19,65.59,1568521,2856486.05,1.9321,10468163584,50,60,58,76,58,1,HOLD,0.12,1,False,live
2026-08-20T07:32:42.354494+09:00,2026-08-20,SMMT,Summit Therapeutics Inc.,US,제약/바이오,2026-08-19,13.11,5419261,4794593.05,0.7735,10458497024,18,65,78,42,49,1,HOLD,-0.28,-3,False,live
2026-08-20T07:32:42.354494+09:00,2026-08-20,AYI,"Acuity Brands, Inc.",US,산업재,2026-08-19,348.83,159301,255535.05,10.3251,10442417152,73,60,60,58,64,1,HOLD,0.73,9,False,live
2026-08-20T07:32:42.354494+09:00,2026-08-20,UHS,"Universal Health Services, Inc.",US,제약/바이오,2026-08-19,172.33,477295,920534.75,5.9711,10156529664,58,65,63,70,63,1,HOLD,0.45,5,False,live
2026-08-20T07:32:42.354494+09:00,2026-08-20,SANM,Sanmina Corporation,US,IT,2026-08-19,194.53,720284,806494.2,12.8264,10426293248,57,60,55,58,57,0,HOLD,0.07,1,False,live
2026-08-20T07:32:42.354494+09:00,2026-08-20,ONON,On Holding AG,US,소비재,2026-08-19,31.26,6826478,8598168.9,1.7583,10447551488,26,60,65,66,50,0,HOLD,-0.25,-3,False,live
2026-08-20T07:32:42.354494+09:00,2026-08-20,SPXC,"SPX Technologies, Inc.",US,소재,2026-08-19,207.86,301813,466030.65,8.7721,10410847232,57,60,53,58,57,0,HOLD,0.27,3,False,live
2026-08-20T07:32:42.354494+09:00,2026-08-20,WYNN,"Wynn Resorts, Limited",US,소비재,2026-08-19,100.1,1717239,1630941.95,3.1681,10307686400,65,60,50,58,58,0,HOLD,0.34,4,False,live
2026-08-20T07:32:42.354494+09:00,2026-08-20,SSB,SouthState Bank Corp.,US,금융,2026-08-19,107.09,366223,915966.15,2.0894,10385002496,54,60,53,70,57,1,HOLD,0.41,5,False,live
2026-08-20T07:32:42.354494+09:00,2026-08-20,MOD,Modine Manufacturing Company,US,산업재,2026-08-19,195.14,1316299,1552154.95,13.0979,10364413952,47,60,40,35,46,0,HOLD,-0.33,-4,False,live
2026-08-20T07:32:42.354494+09:00,2026-08-20,APTV,Aptiv PLC,US,소비재,2026-08-19,48.92,1676654,4287972.7,2.3664,10157421568,39,60,72,74,58,2,HOLD,0.1,1,False,live
2026-08-20T07:32:42.354494+09:00,2026-08-20,ALSN,"Allison Transmission Holdings, Inc.",US,소비재,2026-08-19,124.82,535911,844710.55,4.2396,10307390464,91,60,60,66,72,1,HOLD,0.9,11,False,live
2026-08-20T07:32:42.354494+09:00,2026-08-20,WTFC,Wintrust Financial Corporation,US,금융,2026-08-19,153.41,654512,598205.6,3.2445,10348335104,43,60,63,60,55,0,HOLD,0.18,2,False,live
2026-08-20T07:32:42.354494+09:00,2026-08-20,SUZ,Suzano S.A.,US,소재,2026-08-19,8.34,4822640,3046567.0,0.2296,10271216640,51,60,55,70,57,1,HOLD,0.23,3,False,live
2026-08-20T07:32:42.354494+09:00,2026-08-20,SWKS,"Skyworks Solutions, Inc.",US,반도체,2026-08-19,68.48,5530237,5818486.85,2.8229,10304376832,72,65,66,53,66,1,HOLD,0.5,6,False,live
2026-08-20T07:32:42.354494+09:00,2026-08-20,AG,First Majestic Silver Corp.,US,소재,2026-08-19,20.85,15718692,10881469.6,1.0277,10277097472,62,60,45,66,57,0,HOLD,0.3,4,False,live
2026-08-20T07:32:42.354494+09:00,2026-08-20,BEP,Brookfield Renewable Partners L.P.,US,유틸리티,2026-08-19,33.52,767576,1011543.8,1.1214,16306490368,72,60,50,45,59,1,HOLD,0.34,4,False,live
2026-08-20T07:32:42.354494+09:00,2026-08-20,CFR,"Cullen/Frost Bankers, Inc.",US,금융,2026-08-19,164.7,418402,610970.1,3.4496,10235905024,51,60,60,55,56,0,HOLD,0.41,5,False,live
2026-08-20T07:32:42.354494+09:00,2026-08-20,ORI,Old Republic International Corporation,US,금융,2026-08-19,41.88,731452,1183022.6,0.7239,10111211520,39,60,60,78,55,1,HOLD,0.2,2,False,live
2026-08-20T07:32:42.354494+09:00,2026-08-20,WLK,Westlake Corporation,US,소재,2026-08-19,79.45,575670,1163098.5,3.3039,10153435136,72,60,50,50,60,1,HOLD,0.25,3,False,live
2026-08-20T07:32:42.354494+09:00,2026-08-20,HSIC,"Henry Schein, Inc.",US,제약/바이오,2026-08-19,89.29,932583,1360604.15,2.335,9951062016,73,65,60,58,65,1,HOLD,0.76,9,False,live
2026-08-20T07:32:42.354494+09:00,2026-08-20,FRT,Federal Realty Investment Trust,US,리츠,2026-08-19,117.56,427021,889991.05,2.0321,10276899840,17,60,63,45,44,0,AVOID,-0.21,-3,True,live
2026-08-20T07:32:42.354494+09:00,2026-08-20,KRYS,"Krystal Biotech, Inc.",US,제약/바이오,2026-08-19,343.34,150734,543001.7,14.5746,10162463744,77,65,45,42,60,1,HOLD,0.56,7,False,live
2026-08-20T07:32:42.354494+09:00,2026-08-20,BEPH,Brookfield BRP Holdings (Canada) Inc 4.6,US,유틸리티,2026-08-19,15.2,19109,25315.45,0.0914,,62,60,55,50,58,0,HOLD,0.35,4,False,live
2026-08-20T07:32:42.354494+09:00,2026-08-20,IONS,"Ionis Pharmaceuticals, Inc.",US,제약/바이오,2026-08-19,60.8,2842846,2546682.3,1.9025,10104006656,49,65,56,37,52,0,HOLD,-0.09,-1,False,live
2026-08-20T07:32:42.354494+09:00,2026-08-20,CGNX,Cognex Corporation,US,IT,2026-08-19,60.64,2561441,2480542.05,3.415,10201093120,28,60,45,50,43,0,AVOID,-0.29,-3,True,live
2026-08-20T07:32:42.354494+09:00,2026-08-20,MP,MP Materials Corp.,US,소재,2026-08-19,56.68,4302338,7326446.9,3.2769,10094797824,57,60,50,27,51,0,HOLD,0.09,1,False,live
2026-08-20T07:32:42.354494+09:00,2026-08-20,BEPI,Brookfield Renewable Partners L.P.,US,유틸리티,2026-08-19,16.155,8778,32058.9,0.1336,,77,60,55,50,63,1,HOLD,0.58,7,False,live
2026-08-20T07:32:42.354494+09:00,2026-08-20,RDY,Dr. Reddy's Laboratories Limited,US,제약/바이오,2026-08-19,12.11,2915515,3032510.75,0.2311,10087630848,72,65,55,42,61,1,HOLD,0.3,4,False,live
2026-08-20T07:32:42.354494+09:00,2026-08-20,PAYC,"Paycom Software, Inc.",US,IT,2026-08-19,222.16,469405,992780.25,11.4299,10013111296,80,60,48,50,62,1,HOLD,0.67,8,False,live
2026-08-20T07:32:42.354494+09:00,2026-08-20,EAT,"Brinker International, Inc.",US,소비재,2026-08-19,233.46,655596,1164199.8,11.3254,10012583936,73,60,53,58,62,1,HOLD,0.65,8,False,live
2026-08-20T07:32:42.354494+09:00,2026-08-20,005930.KS,삼성전자,KR,미분류,2026-08-19,247500.0,22788552,29891134.95,20321.4286,1625224483176448,72,60,55,78,65,2,WATCH,0.39,5,False,live
2026-08-20T07:32:42.354494+09:00,2026-08-20,000660.KS,SK하이닉스,KR,미분류,2026-08-19,1500000.0,4223067,5699725.7,155214.2857,1064782388002816,50,60,55,78,58,1,HOLD,0.03,0,False,live
2026-08-20T07:32:42.354494+09:00,2026-08-20,373220.KS,LG에너지솔루션,KR,미분류,2026-08-19,357500.0,270199,302010.55,17964.2857,83654999015424,72,60,55,29,58,1,HOLD,0.22,3,False,live
2026-08-20T07:32:42.354494+09:00,2026-08-20,207940.KS,삼성바이오로직스,KR,미분류,2026-08-19,1544000.0,28670,69191.2,58000.0,71473230249984,62,60,55,50,58,0,HOLD,0.49,6,False,live
2026-08-20T07:32:42.354494+09:00,2026-08-20,005380.KS,현대차,KR,미분류,2026-08-19,414000.0,552901,748637.4,24000.0,108399312240640,57,60,55,65,58,0,HOLD,0.07,1,False,live
2026-08-20T07:32:42.354494+09:00,2026-08-20,000270.KS,기아,KR,미분류,2026-08-19,133000.0,634199,927274.1,5542.8571,51691252613120,57,60,55,78,60,1,HOLD,0.13,2,False,live
2026-08-20T07:32:42.354494+09:00,2026-08-20,035420.KS,NAVER,KR,미분류,2026-08-19,208000.0,733375,1368611.05,11764.2857,31112594194432,65,60,47,55,57,0,HOLD,0.33,4,False,live
2026-08-20T07:32:42.354494+09:00,2026-08-20,068270.KS,셀트리온,KR,미분류,2026-08-19,194100.0,375772,778538.6,7375.0,44512407715840,84,60,63,58,69,1,HOLD,0.87,10,False,live
2026-08-20T07:32:42.354494+09:00,2026-08-20,105560.KS,KB금융,KR,미분류,2026-08-19,166400.0,912179,1030253.4,6206.8947,58424058445824,54,60,55,78,59,1,HOLD,0.41,5,False,live
2026-08-20T07:32:42.354494+09:00,2026-08-20,005490.KS,POSCO홀딩스,KR,미분류,2026-08-19,320000.0,178183,302216.5,12678.5714,24198648954880,62,60,55,78,62,1,HOLD,0.19,2,False,live
2026-08-20T07:32:42.354494+09:00,2026-08-20,055550.KS,신한지주,KR,미분류,2026-08-19,105000.0,1122893,1102131.3,4264.2857,49440756858880,91,60,63,65,72,1,HOLD,1.0,12,False,live
2026-08-20T07:32:42.354494+09:00,2026-08-20,012330.KS,현대모비스,KR,미분류,2026-08-19,509000.0,197443,314930.55,31563.5886,45392917954560,67,60,55,78,64,1,HOLD,0.42,5,False,live
2026-08-20T07:32:42.354494+09:00,2026-08-20,035720.KS,카카오,KR,미분류,2026-08-19,37400.0,1405409,2422583.85,1814.2857,16481577336832,72,60,55,58,62,1,HOLD,0.32,4,False,live
2026-08-20T07:32:42.354494+09:00,2026-08-20,006400.KS,삼성SDI,KR,미분류,2026-08-19,487000.0,394552,442317.1,30821.4286,38323800244224,52,60,55,45,53,0,HOLD,-0.07,-1,False,live
2026-08-20T07:32:42.354494+09:00,2026-08-20,028260.KS,삼성물산,KR,미분류,2026-08-19,347000.0,276885,468049.45,27071.4286,56781401227264,72,60,55,50,61,1,HOLD,0.31,4,False,live
2026-08-20T07:32:42.354494+09:00,2026-08-20,015760.KS,한국전력,KR,미분류,2026-08-19,30850.0,2264480,1658306.35,1328.5714,,18,60,55,70,45,1,HOLD,-0.46,-6,False,live
2026-08-20T07:32:42.354494+09:00,2026-08-20,010130.KS,고려아연,KR,미분류,2026-08-19,1145000.0,18300,26403.7,92786.8925,23350250307584,62,60,55,42,56,0,HOLD,0.06,1,False,live
2026-08-20T07:32:42.354494+09:00,2026-08-20,034730.KS,SK,KR,미분류,2026-08-19,551000.0,106571,203057.15,43336.2448,30052580327424,61,60,50,78,60,1,HOLD,0.41,5,False,live
2026-08-20T07:32:42.354494+09:00,2026-08-20,003670.KS,포스코퓨처엠,KR,미분류,2026-08-19,160300.0,189626,309149.3,10807.1429,14258072977408,52,60,55,22,50,0,HOLD,-0.15,-2,False,live
2026-08-20T07:32:42.354494+09:00,2026-08-20,018260.KS,삼성에스디에스,KR,미분류,2026-08-19,226000.0,195973,339423.15,13771.4286,17481141846016,90,60,55,50,68,1,HOLD,0.88,11,False,live
2026-08-20T07:32:42.354494+09:00,2026-08-20,032830.KS,삼성생명,KR,미분류,2026-08-19,276000.0,490065,433905.65,23857.1429,49562639138816,50,60,55,62,55,0,HOLD,0.01,0,False,live
2026-08-20T07:32:42.354494+09:00,2026-08-20,138040.KS,메리츠금융지주,KR,미분류,2026-08-19,115200.0,167580,275693.7,5400.0,18981985452032,50,60,55,70,56,1,HOLD,0.27,3,False,live
2026-08-20T07:32:42.354494+09:00,2026-08-20,011200.KS,HMM,KR,미분류,2026-08-19,21700.0,1767571,1558681.25,928.5714,20468264337408,91,60,55,60,69,1,HOLD,0.86,10,False,live
2026-08-20T07:32:42.354494+09:00,2026-08-20,086790.KS,하나금융지주,KR,미분류,2026-08-19,127500.0,681003,791308.15,5442.3145,34205348134912,54,60,63,65,60,0,HOLD,0.47,6,False,live
2026-08-20T07:32:42.354494+09:00,2026-08-20,017670.KS,SK텔레콤,KR,미분류,2026-08-19,98000.0,1590159,1996829.45,6621.4286,20879675228160,70,60,55,68,63,1,HOLD,0.48,6,False,live
2026-08-20T07:32:42.354494+09:00,2026-08-20,011170.KS,롯데케미칼,KR,미분류,2026-08-19,53700.0,119675,122312.35,2557.1429,2264375754752,38,60,55,50,49,0,HOLD,-0.25,-3,False,live
2026-08-20T07:32:42.354494+09:00,2026-08-20,267260.KS,HD현대일렉트릭,KR,미분류,2026-08-19,752000.0,99051,162828.2,51709.2245,27066512703488,52,60,55,50,54,0,HOLD,-0.05,-1,False,live
2026-08-20T07:32:42.354494+09:00,2026-08-20,090430.KS,아모레퍼시픽,KR,미분류,2026-08-19,133100.0,161771,391811.15,6882.1429,9174152904704,62,60,55,50,58,0,HOLD,0.44,5,False,live
2026-08-20T07:32:42.354494+09:00,2026-08-20,267250.KS,HD현대중공업,KR,미분류,2026-08-19,228000.0,86472,155991.7,12964.1542,16112402038784,65,60,55,78,63,1,HOLD,0.26,3,False,live
2026-08-20T07:32:42.354494+09:00,2026-08-20,323410.KS,카카오뱅크,KR,미분류,2026-08-19,21500.0,648095,829912.65,750.0,10244301258752,50,60,55,60,55,0,HOLD,0.12,1,False,live
2026-08-20T07:32:42.354494+09:00,2026-08-20,000810.KS,삼성화재,KR,미분류,2026-08-19,613000.0,84507,113418.6,28285.7143,27075914235904,39,60,55,62,51,0,HOLD,0.16,2,False,live
2026-08-20T07:32:42.354494+09:00,2026-08-20,010950.KS,S-Oil,KR,미분류,2026-08-19,151600.0,345770,398710.8,8971.4286,17649369088000,85,60,55,70,69,2,WATCH,0.88,11,False,live
2026-08-20T07:32:42.354494+09:00,2026-08-20,011070.KS,LG이노텍,KR,미분류,2026-08-19,603000.0,138740,273801.55,56285.7143,14269698539520,62,60,55,55,58,0,HOLD,0.11,1,False,live
2026-08-20T07:32:42.354494+09:00,2026-08-20,010140.KS,삼성중공업,KR,미분류,2026-08-19,20600.0,2366210,3454427.95,1007.8571,17595497447424,42,60,55,76,55,1,HOLD,-0.1,-1,False,live
2026-08-20T07:32:42.354494+09:00,2026-08-20,329180.KS,HD현대미포,KR,미분류,2026-08-19,474000.0,186254,255629.95,27478.6239,49738137206784,42,60,55,60,52,0,HOLD,-0.15,-2,False,live
2026-08-20T07:32:42.354494+09:00,2026-08-20,024110.KS,기업은행,KR,미분류,2026-08-19,20300.0,734442,1051278.9,501.4286,16187745370112,50,60,55,70,56,1,HOLD,0.19,2,False,live
2026-08-20T07:32:42.354494+09:00,2026-08-20,009150.KS,삼성전기,KR,미분류,2026-08-19,1387000.0,739938,913074.65,146142.8571,104784031907840,80,60,55,50,64,1,HOLD,0.74,9,False,live
2026-08-20T07:32:42.354494+09:00,2026-08-20,042660.KS,한화오션,KR,미분류,2026-08-19,88100.0,787112,1431327.5,5514.2857,26990121844736,62,60,55,60,59,0,HOLD,0.13,2,False,live
2026-08-20T07:32:42.354494+09:00,2026-08-20,128940.KS,한미약품,KR,미분류,2026-08-19,388500.0,49525,82380.9,20053.5714,4926263001088,57,60,55,50,56,0,HOLD,0.07,1,False,live
2026-08-20T07:32:42.354494+09:00,2026-08-20,247540.KS,에코프로비엠,KR,미분류,2026-08-19,109800.0,276389,420808.65,8435.7143,,62,60,47,50,55,0,HOLD,0.01,0,False,live
2026-08-20T07:32:42.354494+09:00,2026-08-20,251270.KS,넷마블,KR,미분류,2026-08-19,37350.0,105418,157150.15,1735.7143,3060256210944,35,60,55,78,52,1,HOLD,-0.16,-2,False,live
2026-08-20T07:32:42.354494+09:00,2026-08-20,036570.KS,엔씨소프트,KR,미분류,2026-08-19,219500.0,84561,82464.75,14000.0,4274298028032,16,60,55,70,45,1,HOLD,-0.48,-6,False,live
2026-08-20T07:32:42.354494+09:00,2026-08-20,018880.KS,한온시스템,KR,미분류,2026-08-19,3490.0,2596622,5284666.3,210.3571,3581617111040,42,60,55,60,52,0,HOLD,-0.15,-2,False,live
2026-08-20T07:32:42.354494+09:00,2026-08-20,000720.KS,현대건설,KR,미분류,2026-08-19,116500.0,848390,570683.3,8314.2857,13095817707520,47,60,50,42,50,0,HOLD,-0.2,-2,False,live
2026-08-20T07:32:42.354494+09:00,2026-08-20,139480.KS,이마트,KR,미분류,2026-08-19,72500.0,213578,123539.75,2835.7143,1942155558912,18,60,55,70,45,1,HOLD,-0.46,-6,False,live
2026-08-20T07:32:42.354494+09:00,2026-08-20,000100.KS,유한양행,KR,미분류,2026-08-19,79600.0,199112,295486.65,3350.0,5951224020992,80,60,55,42,63,1,HOLD,0.49,6,False,live
2026-08-20T07:32:42.354494+09:00,2026-08-20,032640.KS,LG유플러스,KR,미분류,2026-08-19,14730.0,776162,1045641.4,534.7484,,80,60,55,78,68,2,WATCH,0.59,7,False,live
2026-08-20T07:32:42.354494+09:00,2026-08-20,375500.KS,DL이앤씨,KR,미분류,2026-08-19,71800.0,335839,330889.45,4417.8571,2987108073472,52,60,55,78,58,1,HOLD,0.14,2,False,live
2026-08-20T07:32:42.354494+09:00,2026-08-20,096770.KS,SK이노베이션,KR,미분류,2026-08-19,128900.0,451215,865564.85,7521.4286,21828300963840,84,60,55,68,68,1,HOLD,0.77,9,False,live
2026-08-20T07:32:42.354494+09:00,2026-08-20,079550.KS,LIG넥스원,KR,미분류,2026-08-19,796000.0,113975,146962.8,73785.7143,17388818923520,67,60,47,42,56,0,HOLD,0.15,2,False,live
2026-08-20T07:32:42.354494+09:00,2026-08-20,006360.KS,GS건설,KR,미분류,2026-08-19,34950.0,2860256,3724373.75,2928.5714,2966866886656,84,60,55,78,70,2,WATCH,0.9,11,False,live
2026-08-20T07:32:42.354494+09:00,2026-08-20,078930.KS,GS,KR,미분류,2026-08-19,119700.0,443707,610425.35,8825.0,11332617240576,85,60,55,70,69,2,WATCH,0.88,11,False,live
2026-08-20T07:32:42.354494+09:00,2026-08-20,036460.KS,한국가스공사,KR,미분류,2026-08-19,36250.0,139811,163864.85,1171.4286,3163734409216,70,60,55,78,65,2,WATCH,0.44,5,False,live
2026-08-20T07:32:42.354494+09:00,2026-08-20,016360.KS,삼성증권,KR,미분류,2026-08-19,85000.0,868233,504415.0,4735.7143,7590500106240,21,60,55,70,46,1,HOLD,-0.41,-5,False,live
2026-08-20T07:32:42.354494+09:00,2026-08-20,005940.KS,NH투자증권,KR,미분류,2026-08-19,26050.0,700933,598487.95,1182.1429,9756549840896,21,60,47,70,44,1,AVOID,-0.5,-6,True,live
2026-08-20T07:32:42.354494+09:00,2026-08-20,026960.KS,동서,KR,미분류,2026-08-19,25700.0,57152,80332.05,778.5714,2535971094528,43,60,55,50,51,0,HOLD,0.03,0,False,live
2026-08-20T07:32:42.354494+09:00,2026-08-20,010060.KS,OCI홀딩스,KR,미분류,2026-08-19,277500.0,325349,452315.3,28935.7143,2484317454336,80,60,55,52,64,1,HOLD,0.47,6,False,live
2026-08-20T07:32:42.354494+09:00,2026-08-20,000210.KS,DL,KR,미분류,2026-08-19,50100.0,39350,99182.9,2932.1429,1133001703424,70,60,55,78,65,2,WATCH,0.38,5,False,live
2026-08-20T07:32:42.354494+09:00,2026-08-20,006800.KS,미래에셋증권,KR,미분류,2026-08-19,34700.0,921986,1837793.6,2296.4286,20188246310912,42,60,63,70,56,1,HOLD,-0.04,0,False,live
2026-08-20T07:32:42.354494+09:00,2026-08-20,064350.KS,현대로템,KR,미분류,2026-08-19,136300.0,533282,536404.1,8928.5714,14876095283200,47,60,55,70,55,1,HOLD,-0.05,-1,False,live
2026-08-20T07:32:42.354494+09:00,2026-08-20,005830.KS,DB손해보험,KR,미분류,2026-08-19,187500.0,335169,209111.85,9771.4286,11370650140672,78,60,55,62,65,1,HOLD,0.75,9,False,live
2026-08-20T07:32:42.354494+09:00,2026-08-20,002380.KS,KCC,KR,미분류,2026-08-19,437500.0,19963,22033.05,23000.0,3217449811968,57,60,55,78,60,1,HOLD,0.16,2,False,live
2026-08-20T07:32:42.354494+09:00,2026-08-20,011790.KS,SKC,KR,미분류,2026-08-19,83400.0,123806,207194.25,4992.8571,4119297523712,47,60,55,50,52,0,HOLD,-0.12,-1,False,live
2026-08-20T07:32:42.354494+09:00,2026-08-20,006650.KS,대한유화,KR,미분류,2026-08-19,82000.0,21794,32965.65,4500.0,506440187904,43,60,55,78,55,1,HOLD,-0.08,-1,False,live
2026-08-20T07:32:42.354494+09:00,2026-08-20,000670.KS,영풍,KR,미분류,2026-08-19,37400.0,14923,30937.65,1989.2857,688457580544,52,60,55,58,55,0,HOLD,-0.02,0,False,live
2026-08-20T07:32:42.354494+09:00,2026-08-20,138930.KS,BNK금융지주,KR,미분류,2026-08-19,14660.0,1185957,1177939.15,473.5189,4549394300928,28,60,55,70,49,1,HOLD,-0.3,-4,False,live
2026-08-20T07:32:42.354494+09:00,2026-08-20,006260.KS,LS,KR,미분류,2026-08-19,333000.0,161876,173853.4,30071.4286,9235723190272,52,60,55,52,54,0,HOLD,-0.04,0,False,live
2026-08-20T07:32:42.354494+09:00,2026-08-20,008770.KS,호텔신라,KR,미분류,2026-08-19,42350.0,179262,300702.35,2028.5714,1603099557888,40,60,55,78,54,1,HOLD,-0.12,-1,False,live
2026-08-20T07:32:42.354494+09:00,2026-08-20,009830.KS,한화솔루션,KR,미분류,2026-08-19,34650.0,2664056,5315100.3,3310.7143,7796238581760,55,60,55,70,58,1,HOLD,0.06,1,False,live
2026-08-20T07:32:42.354494+09:00,2026-08-20,139130.KS,DGB금융지주,KR,미분류,2026-08-19,17360.0,536169,490984.65,691.0714,2749188800512,62,60,55,70,61,1,HOLD,0.29,3,False,live
2026-08-20T07:32:42.354494+09:00,2026-08-20,011780.KS,금호석유,KR,미분류,2026-08-19,123600.0,64775,115705.85,6400.0,3211651973120,80,60,55,86,69,2,WATCH,0.53,6,False,live
2026-08-20T07:32:42.354494+09:00,2026-08-20,079160.KS,CJ CGV,KR,미분류,2026-08-19,5080.0,510175,707911.05,328.5714,841158426624,58,60,55,66,59,0,HOLD,0.35,4,False,live
2026-08-20T07:32:42.354494+09:00,2026-08-20,033780.KS,KT&G,KR,미분류,2026-08-19,173500.0,171926,314966.15,6849.6138,18218735370240,43,60,55,55,52,0,HOLD,0.03,0,False,live
2026-08-20T07:32:42.354494+09:00,2026-08-20,005810.KS,풍산,KR,미분류,2026-08-19,36650.0,14908,32107.25,1657.1429,503162830848,75,60,63,78,69,2,WATCH,0.54,6,False,live
2026-08-20T07:32:42.354494+09:00,2026-08-20,002960.KS,한국쉘석유,KR,미분류,2026-08-19,507000.0,1235,1778.6,13857.1429,659100008448,75,60,55,58,63,1,HOLD,0.42,5,False,live
2026-08-20T07:32:42.354494+09:00,2026-08-20,000120.KS,CJ대한통운,KR,미분류,2026-08-19,73000.0,48637,54093.5,3092.8571,1455994306560,25,60,55,78,49,1,HOLD,-0.33,-4,False,live
2026-08-20T07:32:42.354494+09:00,2026-08-20,120110.KS,코오롱인더,KR,미분류,2026-08-19,53600.0,158301,177545.2,3754.8097,1855210127360,47,60,55,78,57,1,HOLD,-0.02,0,False,live
2026-08-20T07:32:42.354494+09:00,2026-08-20,069620.KS,대웅제약,KR,미분류,2026-08-19,118300.0,15346,34579.1,6085.7143,1361191763968,43,60,55,62,53,0,HOLD,-0.09,-1,False,live
2026-08-20T07:32:42.354494+09:00,2026-08-20,185750.KS,종근당,KR,미분류,2026-08-19,67200.0,22243,22403.3,2446.4286,885431795712,47,60,55,78,57,1,HOLD,-0.02,0,False,live
2026-08-20T07:32:42.354494+09:00,2026-08-20,006840.KS,AK홀딩스,KR,미분류,2026-08-19,7340.0,15435,12188.25,355.0,95753936896,70,60,55,42,59,1,HOLD,0.27,3,False,live
2026-08-20T07:32:42.354494+09:00,2026-08-20,008930.KS,한미사이언스,KR,미분류,2026-08-19,45150.0,168270,217396.45,2939.2857,3057273798656,81,60,55,50,64,1,HOLD,0.76,9,False,live
2026-08-20T07:32:42.354494+09:00,2026-08-20,002790.KS,아모레G,KR,미분류,2026-08-19,25150.0,68920,106071.25,1103.5714,2257328799744,50,60,55,78,58,1,HOLD,0.26,3,False,live
2026-08-20T07:32:42.354494+09:00,2026-08-20,069260.KS,휴켐스,KR,미분류,2026-08-19,15910.0,40042,66730.15,487.8571,610480619520,57,60,55,78,60,1,HOLD,0.18,2,False,live
2026-08-20T07:32:42.354494+09:00,2026-08-20,000080.KS,하이트진로,KR,미분류,2026-08-19,15110.0,102447,127391.7,453.5714,1054415716352,43,60,55,70,54,1,HOLD,-0.04,0,False,live
2026-08-20T07:32:42.354494+09:00,2026-08-20,030200.KS,KT,KR,미분류,2026-08-19,52600.0,465732,471522.15,1371.4286,12525733150720,50,60,63,65,58,0,HOLD,0.2,2,False,live
2026-08-20T07:32:42.354494+09:00,2026-08-20,012450.KS,한화에어로스페이스,KR,미분류,2026-08-19,1177000.0,407773,227217.75,73928.5714,60555222056960,57,60,55,42,55,0,HOLD,0.08,1,False,live
2026-08-20T07:32:42.354494+09:00,2026-08-20,047810.KS,한국항공우주,KR,미분류,2026-08-19,135700.0,366811,504438.35,10278.5714,13227372052480,47,60,55,50,52,0,HOLD,-0.12,-1,False,live
2026-08-20T07:32:42.354494+09:00,2026-08-20,051910.KS,LG화학,KR,미분류,2026-08-19,266000.0,118663,183863.2,13732.1429,20821177270272,57,60,55,52,56,0,HOLD,0.03,0,False,live
2026-08-20T07:32:42.354494+09:00,2026-08-20,051900.KS,LG생활건강,KR,미분류,2026-08-19,302000.0,51493,123181.7,19529.0022,5060325015552,70,60,55,45,60,1,HOLD,0.58,7,False,live
2026-08-20T07:32:42.354494+09:00,2026-08-20,066570.KS,LG전자,KR,미분류,2026-08-19,201500.0,858018,1315875.85,14023.4786,36189243441152,61,60,55,68,60,0,HOLD,0.41,5,False,live
2026-08-20T07:32:42.354494+09:00,2026-08-20,003550.KS,LG,KR,미분류,2026-08-19,110200.0,285777,306327.95,5735.7143,16993192247296,82,60,55,70,68,2,WATCH,0.7,8,False,live
2026-08-20T07:32:42.354494+09:00,2026-08-20,000150.KS,두산,KR,미분류,2026-08-19,1193000.0,30071,69860.3,110600.1165,21333593292800,62,60,55,50,58,0,HOLD,0.09,1,False,live
2026-08-20T07:32:42.354494+09:00,2026-08-20,034020.KS,두산에너빌리티,KR,미분류,2026-08-19,76200.0,1818090,2282452.45,4464.2857,48701917626368,52,60,55,35,52,0,HOLD,-0.1,-1,False,live
2026-08-20T07:32:42.354494+09:00,2026-08-20,241560.KS,두산밥캣,KR,미분류,2026-08-19,61800.0,124195,158702.2,2465.4745,5915112636416,52,60,55,70,57,1,HOLD,0.12,1,False,live
2026-08-20T07:32:42.354494+09:00,2026-08-20,035250.KS,강원랜드,KR,미분류,2026-08-19,14290.0,307030,396425.85,338.5714,2832189620224,48,60,55,70,56,1,HOLD,0.04,0,False,live
2026-08-20T07:32:42.354494+09:00,2026-08-20,114090.KS,GKL,KR,미분류,2026-08-19,9200.0,114888,135113.3,291.4286,569072156672,38,60,55,86,55,1,HOLD,-0.12,-1,False,live
2026-08-20T07:32:42.354494+09:00,2026-08-20,020150.KS,롯데에너지머티리얼즈,KR,미분류,2026-08-19,31600.0,78151,185562.25,2517.8571,1654748610560,47,60,55,27,49,0,HOLD,-0.2,-2,False,live
2026-08-20T07:32:42.354494+09:00,2026-08-20,004020.KS,현대제철,KR,미분류,2026-08-19,28050.0,252062,551468.0,1439.2857,3689857941504,57,60,55,78,60,1,HOLD,0.12,1,False,live
2026-08-20T07:32:42.354494+09:00,2026-08-20,069960.KS,현대백화점,KR,미분류,2026-08-19,94800.0,103859,191039.5,8000.0,2022316441600,20,60,55,78,47,1,HOLD,-0.36,-4,False,live
2026-08-20T07:32:42.354494+09:00,2026-08-20,023530.KS,롯데쇼핑,KR,미분류,2026-08-19,97100.0,130953,190296.95,7164.2857,2745079169024,40,60,55,70,53,1,HOLD,-0.15,-2,False,live
2026-08-20T07:32:42.354494+09:00,2026-08-20,012750.KS,에스원,KR,미분류,2026-08-19,77000.0,41778,57421.55,2550.0,2603388502016,69,60,55,68,63,0,HOLD,0.56,7,False,live
2026-08-20T07:32:42.354494+09:00,2026-08-20,035150.KS,백광산업,KR,미분류,2026-08-19,10510.0,22463,22641.3,345.7143,210503106560,60,60,55,58,58,0,HOLD,0.21,3,False,live
2026-08-20T07:32:42.354494+09:00,2026-08-20,018670.KS,삼성E&A,KR,미분류,2026-08-19,239500.0,11179,17183.0,12157.1429,2159343042560,80,60,55,62,66,1,HOLD,0.59,7,False,live
2026-08-20T07:32:42.354494+09:00,2026-08-20,003490.KS,대한항공,KR,미분류,2026-08-19,25050.0,1944530,2375638.65,953.5714,9251751723008,28,60,55,62,48,0,HOLD,-0.18,-2,False,live
2026-08-20T07:32:42.354494+09:00,2026-08-20,020560.KS,아시아나항공,KR,미분류,2026-08-19,6870.0,86367,101664.7,260.7143,1414539771904,30,60,55,50,46,0,HOLD,-0.2,-2,False,live
2026-08-20T07:32:42.354494+09:00,2026-08-20,047040.KS,대우건설,KR,미분류,2026-08-19,17200.0,3881377,5795828.0,1530.0,7067234467840,42,60,55,60,52,0,HOLD,-0.15,-2,False,live
2026-08-20T07:32:42.354494+09:00,2026-08-20,088980.KS,맥쿼리인프라,KR,미분류,2026-08-19,9430.0,1868399,1659770.55,162.8571,,28,60,55,50,46,0,HOLD,-0.35,-4,False,live
2026-08-20T07:32:42.354494+09:00,2026-08-20,161390.KS,한국타이어앤테크놀로지,KR,미분류,2026-08-19,68100.0,161262,324751.15,3592.8571,8307434061824,47,60,55,62,54,0,HOLD,0.29,3,False,live
2026-08-20T07:32:42.354494+09:00,2026-08-20,161890.KS,한국콜마,KR,미분류,2026-08-19,127800.0,295464,450357.35,9321.4286,3016728772608,88,60,55,60,68,1,HOLD,0.89,11,False,live
